tripmode,tourmode,purpose,value,grp_var
1,Drivealone,work,1507626.0,worktourmode1
2,Drivealone,work,0.0,worktourmode1
3,Drivealone,work,35.0,worktourmode1
4,Drivealone,work,41233.0,worktourmode1
5,Drivealone,work,962.0,worktourmode1
22,Drivealone,work,0.0,worktourmode1
23,Drivealone,work,60.0,worktourmode1
6,Drivealone,work,0.0,worktourmode1
7,Drivealone,work,0.0,worktourmode1
8,Drivealone,work,0.0,worktourmode1
9,Drivealone,work,0.0,worktourmode1
10,Drivealone,work,0.0,worktourmode1
11,Drivealone,work,0.0,worktourmode1
12,Drivealone,work,0.0,worktourmode1
13,Drivealone,work,0.0,worktourmode1
14,Drivealone,work,0.0,worktourmode1
15,Drivealone,work,0.0,worktourmode1
16,Drivealone,work,0.0,worktourmode1
17,Drivealone,work,0.0,worktourmode1
21,Drivealone,work,0.0,worktourmode1
19,Drivealone,work,0.0,worktourmode1
20,Drivealone,work,0.0,worktourmode1
18,Drivealone,work,0.0,worktourmode1
1,Shared2,work,118107.0,worktourmode2
2,Shared2,work,110913.0,worktourmode2
3,Shared2,work,0.0,worktourmode2
4,Shared2,work,11002.0,worktourmode2
5,Shared2,work,25.0,worktourmode2
22,Shared2,work,0.0,worktourmode2
23,Shared2,work,0.0,worktourmode2
6,Shared2,work,0.0,worktourmode2
7,Shared2,work,0.0,worktourmode2
8,Shared2,work,0.0,worktourmode2
9,Shared2,work,0.0,worktourmode2
10,Shared2,work,0.0,worktourmode2
11,Shared2,work,0.0,worktourmode2
12,Shared2,work,0.0,worktourmode2
13,Shared2,work,0.0,worktourmode2
14,Shared2,work,0.0,worktourmode2
15,Shared2,work,0.0,worktourmode2
16,Shared2,work,0.0,worktourmode2
17,Shared2,work,0.0,worktourmode2
21,Shared2,work,0.0,worktourmode2
19,Shared2,work,1483.0,worktourmode2
20,Shared2,work,0.0,worktourmode2
18,Shared2,work,0.0,worktourmode2
1,Shared3,work,95140.0,worktourmode3
2,Shared3,work,31687.0,worktourmode3
3,Shared3,work,102102.0,worktourmode3
4,Shared3,work,2846.0,worktourmode3
5,Shared3,work,0.0,worktourmode3
22,Shared3,work,0.0,worktourmode3
23,Shared3,work,0.0,worktourmode3
6,Shared3,work,0.0,worktourmode3
7,Shared3,work,0.0,worktourmode3
8,Shared3,work,0.0,worktourmode3
9,Shared3,work,0.0,worktourmode3
10,Shared3,work,0.0,worktourmode3
11,Shared3,work,0.0,worktourmode3
12,Shared3,work,0.0,worktourmode3
13,Shared3,work,0.0,worktourmode3
14,Shared3,work,0.0,worktourmode3
15,Shared3,work,0.0,worktourmode3
16,Shared3,work,0.0,worktourmode3
17,Shared3,work,0.0,worktourmode3
21,Shared3,work,0.0,worktourmode3
19,Shared3,work,0.0,worktourmode3
20,Shared3,work,0.0,worktourmode3
18,Shared3,work,0.0,worktourmode3
1,Walk,work,0.0,worktourmode4
2,Walk,work,0.0,worktourmode4
3,Walk,work,0.0,worktourmode4
4,Walk,work,43310.0,worktourmode4
5,Walk,work,0.0,worktourmode4
22,Walk,work,0.0,worktourmode4
23,Walk,work,0.0,worktourmode4
6,Walk,work,0.0,worktourmode4
7,Walk,work,0.0,worktourmode4
8,Walk,work,0.0,worktourmode4
9,Walk,work,0.0,worktourmode4
10,Walk,work,0.0,worktourmode4
11,Walk,work,0.0,worktourmode4
12,Walk,work,0.0,worktourmode4
13,Walk,work,0.0,worktourmode4
14,Walk,work,0.0,worktourmode4
15,Walk,work,0.0,worktourmode4
16,Walk,work,0.0,worktourmode4
17,Walk,work,0.0,worktourmode4
21,Walk,work,0.0,worktourmode4
19,Walk,work,0.0,worktourmode4
20,Walk,work,0.0,worktourmode4
18,Walk,work,0.0,worktourmode4
1,Bike,work,0.0,worktourmode5
2,Bike,work,0.0,worktourmode5
3,Bike,work,0.0,worktourmode5
4,Bike,work,0.0,worktourmode5
5,Bike,work,26433.0,worktourmode5
22,Bike,work,0.0,worktourmode5
23,Bike,work,0.0,worktourmode5
6,Bike,work,0.0,worktourmode5
7,Bike,work,0.0,worktourmode5
8,Bike,work,0.0,worktourmode5
9,Bike,work,0.0,worktourmode5
10,Bike,work,0.0,worktourmode5
11,Bike,work,0.0,worktourmode5
12,Bike,work,0.0,worktourmode5
13,Bike,work,0.0,worktourmode5
14,Bike,work,0.0,worktourmode5
15,Bike,work,0.0,worktourmode5
16,Bike,work,0.0,worktourmode5
17,Bike,work,0.0,worktourmode5
21,Bike,work,0.0,worktourmode5
19,Bike,work,0.0,worktourmode5
20,Bike,work,0.0,worktourmode5
18,Bike,work,0.0,worktourmode5
1,Escooter,work,0.0,worktourmode14
2,Escooter,work,0.0,worktourmode14
3,Escooter,work,0.0,worktourmode14
4,Escooter,work,0.0,worktourmode14
5,Escooter,work,0.0,worktourmode14
22,Escooter,work,0.0,worktourmode14
23,Escooter,work,0.0,worktourmode14
6,Escooter,work,0.0,worktourmode14
7,Escooter,work,0.0,worktourmode14
8,Escooter,work,0.0,worktourmode14
9,Escooter,work,0.0,worktourmode14
10,Escooter,work,0.0,worktourmode14
11,Escooter,work,0.0,worktourmode14
12,Escooter,work,0.0,worktourmode14
13,Escooter,work,0.0,worktourmode14
14,Escooter,work,0.0,worktourmode14
15,Escooter,work,0.0,worktourmode14
16,Escooter,work,0.0,worktourmode14
17,Escooter,work,0.0,worktourmode14
21,Escooter,work,0.0,worktourmode14
19,Escooter,work,0.0,worktourmode14
20,Escooter,work,0.0,worktourmode14
18,Escooter,work,0.0,worktourmode14
1,Ebike,work,0.0,worktourmode15
2,Ebike,work,0.0,worktourmode15
3,Ebike,work,0.0,worktourmode15
4,Ebike,work,0.0,worktourmode15
5,Ebike,work,0.0,worktourmode15
22,Ebike,work,0.0,worktourmode15
23,Ebike,work,807.0,worktourmode15
6,Ebike,work,0.0,worktourmode15
7,Ebike,work,0.0,worktourmode15
8,Ebike,work,0.0,worktourmode15
9,Ebike,work,0.0,worktourmode15
10,Ebike,work,0.0,worktourmode15
11,Ebike,work,0.0,worktourmode15
12,Ebike,work,0.0,worktourmode15
13,Ebike,work,0.0,worktourmode15
14,Ebike,work,0.0,worktourmode15
15,Ebike,work,0.0,worktourmode15
16,Ebike,work,0.0,worktourmode15
17,Ebike,work,0.0,worktourmode15
21,Ebike,work,0.0,worktourmode15
19,Ebike,work,0.0,worktourmode15
20,Ebike,work,0.0,worktourmode15
18,Ebike,work,0.0,worktourmode15
1,Walk-Transit,work,1542.0,worktourmode6
2,Walk-Transit,work,3469.0,worktourmode6
3,Walk-Transit,work,0.0,worktourmode6
4,Walk-Transit,work,6552.0,worktourmode6
5,Walk-Transit,work,385.0,worktourmode6
22,Walk-Transit,work,0.0,worktourmode6
23,Walk-Transit,work,0.0,worktourmode6
6,Walk-Transit,work,19800.0,worktourmode6
7,Walk-Transit,work,25021.0,worktourmode6
8,Walk-Transit,work,10170.0,worktourmode6
9,Walk-Transit,work,0.0,worktourmode6
10,Walk-Transit,work,0.0,worktourmode6
11,Walk-Transit,work,0.0,worktourmode6
12,Walk-Transit,work,0.0,worktourmode6
13,Walk-Transit,work,0.0,worktourmode6
14,Walk-Transit,work,0.0,worktourmode6
15,Walk-Transit,work,0.0,worktourmode6
16,Walk-Transit,work,0.0,worktourmode6
17,Walk-Transit,work,0.0,worktourmode6
21,Walk-Transit,work,0.0,worktourmode6
19,Walk-Transit,work,1734.0,worktourmode6
20,Walk-Transit,work,0.0,worktourmode6
18,Walk-Transit,work,0.0,worktourmode6
1,PNR-Transit,work,0.0,worktourmode7
2,PNR-Transit,work,0.0,worktourmode7
3,PNR-Transit,work,0.0,worktourmode7
4,PNR-Transit,work,0.0,worktourmode7
5,PNR-Transit,work,0.0,worktourmode7
22,PNR-Transit,work,0.0,worktourmode7
23,PNR-Transit,work,0.0,worktourmode7
6,PNR-Transit,work,0.0,worktourmode7
7,PNR-Transit,work,0.0,worktourmode7
8,PNR-Transit,work,0.0,worktourmode7
9,PNR-Transit,work,471.0,worktourmode7
10,PNR-Transit,work,4490.0,worktourmode7
11,PNR-Transit,work,126.0,worktourmode7
12,PNR-Transit,work,0.0,worktourmode7
13,PNR-Transit,work,0.0,worktourmode7
14,PNR-Transit,work,0.0,worktourmode7
15,PNR-Transit,work,0.0,worktourmode7
16,PNR-Transit,work,0.0,worktourmode7
17,PNR-Transit,work,0.0,worktourmode7
21,PNR-Transit,work,0.0,worktourmode7
19,PNR-Transit,work,0.0,worktourmode7
20,PNR-Transit,work,0.0,worktourmode7
18,PNR-Transit,work,0.0,worktourmode7
1,KNR-Transit,work,0.0,worktourmode8
2,KNR-Transit,work,0.0,worktourmode8
3,KNR-Transit,work,0.0,worktourmode8
4,KNR-Transit,work,0.0,worktourmode8
5,KNR-Transit,work,0.0,worktourmode8
22,KNR-Transit,work,0.0,worktourmode8
23,KNR-Transit,work,0.0,worktourmode8
6,KNR-Transit,work,0.0,worktourmode8
7,KNR-Transit,work,0.0,worktourmode8
8,KNR-Transit,work,0.0,worktourmode8
9,KNR-Transit,work,0.0,worktourmode8
10,KNR-Transit,work,0.0,worktourmode8
11,KNR-Transit,work,0.0,worktourmode8
12,KNR-Transit,work,2412.0,worktourmode8
13,KNR-Transit,work,6108.0,worktourmode8
14,KNR-Transit,work,552.0,worktourmode8
15,KNR-Transit,work,0.0,worktourmode8
16,KNR-Transit,work,0.0,worktourmode8
17,KNR-Transit,work,0.0,worktourmode8
21,KNR-Transit,work,0.0,worktourmode8
19,KNR-Transit,work,0.0,worktourmode8
20,KNR-Transit,work,0.0,worktourmode8
18,KNR-Transit,work,0.0,worktourmode8
1,TNC-Transit,work,0.0,worktourmode9
2,TNC-Transit,work,0.0,worktourmode9
3,TNC-Transit,work,0.0,worktourmode9
4,TNC-Transit,work,0.0,worktourmode9
5,TNC-Transit,work,0.0,worktourmode9
22,TNC-Transit,work,0.0,worktourmode9
23,TNC-Transit,work,0.0,worktourmode9
6,TNC-Transit,work,0.0,worktourmode9
7,TNC-Transit,work,0.0,worktourmode9
8,TNC-Transit,work,0.0,worktourmode9
9,TNC-Transit,work,0.0,worktourmode9
10,TNC-Transit,work,0.0,worktourmode9
11,TNC-Transit,work,0.0,worktourmode9
12,TNC-Transit,work,0.0,worktourmode9
13,TNC-Transit,work,0.0,worktourmode9
14,TNC-Transit,work,0.0,worktourmode9
15,TNC-Transit,work,213.0,worktourmode9
16,TNC-Transit,work,701.0,worktourmode9
17,TNC-Transit,work,73.0,worktourmode9
21,TNC-Transit,work,0.0,worktourmode9
19,TNC-Transit,work,0.0,worktourmode9
20,TNC-Transit,work,0.0,worktourmode9
18,TNC-Transit,work,0.0,worktourmode9
1,SchoolBus,work,0.0,worktourmode13
2,SchoolBus,work,0.0,worktourmode13
3,SchoolBus,work,0.0,worktourmode13
4,SchoolBus,work,0.0,worktourmode13
5,SchoolBus,work,0.0,worktourmode13
22,SchoolBus,work,0.0,worktourmode13
23,SchoolBus,work,0.0,worktourmode13
6,SchoolBus,work,0.0,worktourmode13
7,SchoolBus,work,0.0,worktourmode13
8,SchoolBus,work,0.0,worktourmode13
9,SchoolBus,work,0.0,worktourmode13
10,SchoolBus,work,0.0,worktourmode13
11,SchoolBus,work,0.0,worktourmode13
12,SchoolBus,work,0.0,worktourmode13
13,SchoolBus,work,0.0,worktourmode13
14,SchoolBus,work,0.0,worktourmode13
15,SchoolBus,work,0.0,worktourmode13
16,SchoolBus,work,0.0,worktourmode13
17,SchoolBus,work,0.0,worktourmode13
21,SchoolBus,work,0.0,worktourmode13
19,SchoolBus,work,0.0,worktourmode13
20,SchoolBus,work,0.0,worktourmode13
18,SchoolBus,work,0.0,worktourmode13
1,Taxi,work,0.0,worktourmode10
2,Taxi,work,0.0,worktourmode10
3,Taxi,work,0.0,worktourmode10
4,Taxi,work,0.0,worktourmode10
5,Taxi,work,0.0,worktourmode10
22,Taxi,work,0.0,worktourmode10
23,Taxi,work,0.0,worktourmode10
6,Taxi,work,0.0,worktourmode10
7,Taxi,work,0.0,worktourmode10
8,Taxi,work,0.0,worktourmode10
9,Taxi,work,0.0,worktourmode10
10,Taxi,work,0.0,worktourmode10
11,Taxi,work,0.0,worktourmode10
12,Taxi,work,0.0,worktourmode10
13,Taxi,work,0.0,worktourmode10
14,Taxi,work,0.0,worktourmode10
15,Taxi,work,0.0,worktourmode10
16,Taxi,work,0.0,worktourmode10
17,Taxi,work,0.0,worktourmode10
21,Taxi,work,0.0,worktourmode10
19,Taxi,work,0.0,worktourmode10
20,Taxi,work,0.0,worktourmode10
18,Taxi,work,0.0,worktourmode10
1,TNC-Single,work,0.0,worktourmode11
2,TNC-Single,work,0.0,worktourmode11
3,TNC-Single,work,0.0,worktourmode11
4,TNC-Single,work,0.0,worktourmode11
5,TNC-Single,work,0.0,worktourmode11
22,TNC-Single,work,0.0,worktourmode11
23,TNC-Single,work,0.0,worktourmode11
6,TNC-Single,work,0.0,worktourmode11
7,TNC-Single,work,0.0,worktourmode11
8,TNC-Single,work,0.0,worktourmode11
9,TNC-Single,work,0.0,worktourmode11
10,TNC-Single,work,0.0,worktourmode11
11,TNC-Single,work,0.0,worktourmode11
12,TNC-Single,work,0.0,worktourmode11
13,TNC-Single,work,0.0,worktourmode11
14,TNC-Single,work,0.0,worktourmode11
15,TNC-Single,work,0.0,worktourmode11
16,TNC-Single,work,0.0,worktourmode11
17,TNC-Single,work,0.0,worktourmode11
21,TNC-Single,work,0.0,worktourmode11
19,TNC-Single,work,16945.0,worktourmode11
20,TNC-Single,work,0.0,worktourmode11
18,TNC-Single,work,0.0,worktourmode11
1,TNC-Shared,work,0.0,worktourmode12
2,TNC-Shared,work,0.0,worktourmode12
3,TNC-Shared,work,0.0,worktourmode12
4,TNC-Shared,work,0.0,worktourmode12
5,TNC-Shared,work,0.0,worktourmode12
22,TNC-Shared,work,0.0,worktourmode12
23,TNC-Shared,work,0.0,worktourmode12
6,TNC-Shared,work,0.0,worktourmode12
7,TNC-Shared,work,0.0,worktourmode12
8,TNC-Shared,work,0.0,worktourmode12
9,TNC-Shared,work,0.0,worktourmode12
10,TNC-Shared,work,0.0,worktourmode12
11,TNC-Shared,work,0.0,worktourmode12
12,TNC-Shared,work,0.0,worktourmode12
13,TNC-Shared,work,0.0,worktourmode12
14,TNC-Shared,work,0.0,worktourmode12
15,TNC-Shared,work,0.0,worktourmode12
16,TNC-Shared,work,0.0,worktourmode12
17,TNC-Shared,work,0.0,worktourmode12
21,TNC-Shared,work,0.0,worktourmode12
19,TNC-Shared,work,0.0,worktourmode12
20,TNC-Shared,work,0.0,worktourmode12
18,TNC-Shared,work,0.0,worktourmode12
1,Total,work,1722415.0,workTotal
2,Total,work,146069.0,workTotal
3,Total,work,102137.0,workTotal
4,Total,work,104943.0,workTotal
5,Total,work,27805.0,workTotal
22,Total,work,0.0,workTotal
23,Total,work,867.0,workTotal
6,Total,work,19800.0,workTotal
7,Total,work,25021.0,workTotal
8,Total,work,10170.0,workTotal
9,Total,work,471.0,workTotal
10,Total,work,4490.0,workTotal
11,Total,work,126.0,workTotal
12,Total,work,2412.0,workTotal
13,Total,work,6108.0,workTotal
14,Total,work,552.0,workTotal
15,Total,work,213.0,workTotal
16,Total,work,701.0,workTotal
17,Total,work,73.0,workTotal
21,Total,work,0.0,workTotal
19,Total,work,20162.0,workTotal
20,Total,work,0.0,workTotal
18,Total,work,0.0,workTotal
1,Drivealone,univ,51587.0,univtourmode1
2,Drivealone,univ,0.0,univtourmode1
3,Drivealone,univ,0.0,univtourmode1
4,Drivealone,univ,1855.0,univtourmode1
5,Drivealone,univ,0.0,univtourmode1
22,Drivealone,univ,0.0,univtourmode1
23,Drivealone,univ,0.0,univtourmode1
6,Drivealone,univ,0.0,univtourmode1
7,Drivealone,univ,0.0,univtourmode1
8,Drivealone,univ,0.0,univtourmode1
9,Drivealone,univ,0.0,univtourmode1
10,Drivealone,univ,0.0,univtourmode1
11,Drivealone,univ,0.0,univtourmode1
12,Drivealone,univ,0.0,univtourmode1
13,Drivealone,univ,0.0,univtourmode1
14,Drivealone,univ,0.0,univtourmode1
15,Drivealone,univ,0.0,univtourmode1
16,Drivealone,univ,0.0,univtourmode1
17,Drivealone,univ,0.0,univtourmode1
21,Drivealone,univ,0.0,univtourmode1
19,Drivealone,univ,163.0,univtourmode1
20,Drivealone,univ,0.0,univtourmode1
18,Drivealone,univ,0.0,univtourmode1
1,Shared2,univ,9523.0,univtourmode2
2,Shared2,univ,14593.0,univtourmode2
3,Shared2,univ,0.0,univtourmode2
4,Shared2,univ,65.0,univtourmode2
5,Shared2,univ,0.0,univtourmode2
22,Shared2,univ,2828.0,univtourmode2
23,Shared2,univ,0.0,univtourmode2
6,Shared2,univ,0.0,univtourmode2
7,Shared2,univ,0.0,univtourmode2
8,Shared2,univ,0.0,univtourmode2
9,Shared2,univ,0.0,univtourmode2
10,Shared2,univ,0.0,univtourmode2
11,Shared2,univ,0.0,univtourmode2
12,Shared2,univ,0.0,univtourmode2
13,Shared2,univ,0.0,univtourmode2
14,Shared2,univ,0.0,univtourmode2
15,Shared2,univ,0.0,univtourmode2
16,Shared2,univ,0.0,univtourmode2
17,Shared2,univ,0.0,univtourmode2
21,Shared2,univ,0.0,univtourmode2
19,Shared2,univ,0.0,univtourmode2
20,Shared2,univ,0.0,univtourmode2
18,Shared2,univ,0.0,univtourmode2
1,Shared3,univ,23168.0,univtourmode3
2,Shared3,univ,8733.0,univtourmode3
3,Shared3,univ,16284.0,univtourmode3
4,Shared3,univ,0.0,univtourmode3
5,Shared3,univ,0.0,univtourmode3
22,Shared3,univ,2083.0,univtourmode3
23,Shared3,univ,0.0,univtourmode3
6,Shared3,univ,0.0,univtourmode3
7,Shared3,univ,0.0,univtourmode3
8,Shared3,univ,0.0,univtourmode3
9,Shared3,univ,0.0,univtourmode3
10,Shared3,univ,0.0,univtourmode3
11,Shared3,univ,0.0,univtourmode3
12,Shared3,univ,0.0,univtourmode3
13,Shared3,univ,0.0,univtourmode3
14,Shared3,univ,0.0,univtourmode3
15,Shared3,univ,0.0,univtourmode3
16,Shared3,univ,0.0,univtourmode3
17,Shared3,univ,0.0,univtourmode3
21,Shared3,univ,0.0,univtourmode3
19,Shared3,univ,0.0,univtourmode3
20,Shared3,univ,0.0,univtourmode3
18,Shared3,univ,0.0,univtourmode3
1,Walk,univ,916.0,univtourmode4
2,Walk,univ,0.0,univtourmode4
3,Walk,univ,0.0,univtourmode4
4,Walk,univ,14698.0,univtourmode4
5,Walk,univ,0.0,univtourmode4
22,Walk,univ,0.0,univtourmode4
23,Walk,univ,0.0,univtourmode4
6,Walk,univ,0.0,univtourmode4
7,Walk,univ,0.0,univtourmode4
8,Walk,univ,0.0,univtourmode4
9,Walk,univ,0.0,univtourmode4
10,Walk,univ,0.0,univtourmode4
11,Walk,univ,0.0,univtourmode4
12,Walk,univ,0.0,univtourmode4
13,Walk,univ,0.0,univtourmode4
14,Walk,univ,0.0,univtourmode4
15,Walk,univ,0.0,univtourmode4
16,Walk,univ,0.0,univtourmode4
17,Walk,univ,0.0,univtourmode4
21,Walk,univ,0.0,univtourmode4
19,Walk,univ,0.0,univtourmode4
20,Walk,univ,0.0,univtourmode4
18,Walk,univ,0.0,univtourmode4
1,Bike,univ,0.0,univtourmode5
2,Bike,univ,0.0,univtourmode5
3,Bike,univ,0.0,univtourmode5
4,Bike,univ,921.0,univtourmode5
5,Bike,univ,9307.0,univtourmode5
22,Bike,univ,0.0,univtourmode5
23,Bike,univ,0.0,univtourmode5
6,Bike,univ,0.0,univtourmode5
7,Bike,univ,0.0,univtourmode5
8,Bike,univ,0.0,univtourmode5
9,Bike,univ,0.0,univtourmode5
10,Bike,univ,0.0,univtourmode5
11,Bike,univ,0.0,univtourmode5
12,Bike,univ,0.0,univtourmode5
13,Bike,univ,0.0,univtourmode5
14,Bike,univ,0.0,univtourmode5
15,Bike,univ,0.0,univtourmode5
16,Bike,univ,0.0,univtourmode5
17,Bike,univ,0.0,univtourmode5
21,Bike,univ,0.0,univtourmode5
19,Bike,univ,0.0,univtourmode5
20,Bike,univ,0.0,univtourmode5
18,Bike,univ,0.0,univtourmode5
1,Escooter,univ,0.0,univtourmode14
2,Escooter,univ,0.0,univtourmode14
3,Escooter,univ,0.0,univtourmode14
4,Escooter,univ,0.0,univtourmode14
5,Escooter,univ,0.0,univtourmode14
22,Escooter,univ,0.0,univtourmode14
23,Escooter,univ,0.0,univtourmode14
6,Escooter,univ,0.0,univtourmode14
7,Escooter,univ,0.0,univtourmode14
8,Escooter,univ,0.0,univtourmode14
9,Escooter,univ,0.0,univtourmode14
10,Escooter,univ,0.0,univtourmode14
11,Escooter,univ,0.0,univtourmode14
12,Escooter,univ,0.0,univtourmode14
13,Escooter,univ,0.0,univtourmode14
14,Escooter,univ,0.0,univtourmode14
15,Escooter,univ,0.0,univtourmode14
16,Escooter,univ,0.0,univtourmode14
17,Escooter,univ,0.0,univtourmode14
21,Escooter,univ,0.0,univtourmode14
19,Escooter,univ,0.0,univtourmode14
20,Escooter,univ,0.0,univtourmode14
18,Escooter,univ,0.0,univtourmode14
1,Ebike,univ,0.0,univtourmode15
2,Ebike,univ,0.0,univtourmode15
3,Ebike,univ,0.0,univtourmode15
4,Ebike,univ,0.0,univtourmode15
5,Ebike,univ,0.0,univtourmode15
22,Ebike,univ,0.0,univtourmode15
23,Ebike,univ,0.0,univtourmode15
6,Ebike,univ,0.0,univtourmode15
7,Ebike,univ,0.0,univtourmode15
8,Ebike,univ,0.0,univtourmode15
9,Ebike,univ,0.0,univtourmode15
10,Ebike,univ,0.0,univtourmode15
11,Ebike,univ,0.0,univtourmode15
12,Ebike,univ,0.0,univtourmode15
13,Ebike,univ,0.0,univtourmode15
14,Ebike,univ,0.0,univtourmode15
15,Ebike,univ,0.0,univtourmode15
16,Ebike,univ,0.0,univtourmode15
17,Ebike,univ,0.0,univtourmode15
21,Ebike,univ,0.0,univtourmode15
19,Ebike,univ,0.0,univtourmode15
20,Ebike,univ,0.0,univtourmode15
18,Ebike,univ,0.0,univtourmode15
1,Walk-Transit,univ,202.0,univtourmode6
2,Walk-Transit,univ,1414.0,univtourmode6
3,Walk-Transit,univ,0.0,univtourmode6
4,Walk-Transit,univ,3030.0,univtourmode6
5,Walk-Transit,univ,404.0,univtourmode6
22,Walk-Transit,univ,0.0,univtourmode6
23,Walk-Transit,univ,0.0,univtourmode6
6,Walk-Transit,univ,5344.0,univtourmode6
7,Walk-Transit,univ,15828.0,univtourmode6
8,Walk-Transit,univ,2362.0,univtourmode6
9,Walk-Transit,univ,0.0,univtourmode6
10,Walk-Transit,univ,0.0,univtourmode6
11,Walk-Transit,univ,0.0,univtourmode6
12,Walk-Transit,univ,0.0,univtourmode6
13,Walk-Transit,univ,0.0,univtourmode6
14,Walk-Transit,univ,0.0,univtourmode6
15,Walk-Transit,univ,0.0,univtourmode6
16,Walk-Transit,univ,0.0,univtourmode6
17,Walk-Transit,univ,0.0,univtourmode6
21,Walk-Transit,univ,0.0,univtourmode6
19,Walk-Transit,univ,404.0,univtourmode6
20,Walk-Transit,univ,0.0,univtourmode6
18,Walk-Transit,univ,0.0,univtourmode6
1,PNR-Transit,univ,0.0,univtourmode7
2,PNR-Transit,univ,0.0,univtourmode7
3,PNR-Transit,univ,0.0,univtourmode7
4,PNR-Transit,univ,0.0,univtourmode7
5,PNR-Transit,univ,0.0,univtourmode7
22,PNR-Transit,univ,0.0,univtourmode7
23,PNR-Transit,univ,0.0,univtourmode7
6,PNR-Transit,univ,0.0,univtourmode7
7,PNR-Transit,univ,0.0,univtourmode7
8,PNR-Transit,univ,0.0,univtourmode7
9,PNR-Transit,univ,104.0,univtourmode7
10,PNR-Transit,univ,1908.0,univtourmode7
11,PNR-Transit,univ,26.0,univtourmode7
12,PNR-Transit,univ,0.0,univtourmode7
13,PNR-Transit,univ,0.0,univtourmode7
14,PNR-Transit,univ,0.0,univtourmode7
15,PNR-Transit,univ,0.0,univtourmode7
16,PNR-Transit,univ,0.0,univtourmode7
17,PNR-Transit,univ,0.0,univtourmode7
21,PNR-Transit,univ,0.0,univtourmode7
19,PNR-Transit,univ,0.0,univtourmode7
20,PNR-Transit,univ,0.0,univtourmode7
18,PNR-Transit,univ,0.0,univtourmode7
1,KNR-Transit,univ,0.0,univtourmode8
2,KNR-Transit,univ,0.0,univtourmode8
3,KNR-Transit,univ,0.0,univtourmode8
4,KNR-Transit,univ,0.0,univtourmode8
5,KNR-Transit,univ,0.0,univtourmode8
22,KNR-Transit,univ,0.0,univtourmode8
23,KNR-Transit,univ,0.0,univtourmode8
6,KNR-Transit,univ,0.0,univtourmode8
7,KNR-Transit,univ,0.0,univtourmode8
8,KNR-Transit,univ,0.0,univtourmode8
9,KNR-Transit,univ,0.0,univtourmode8
10,KNR-Transit,univ,0.0,univtourmode8
11,KNR-Transit,univ,0.0,univtourmode8
12,KNR-Transit,univ,415.0,univtourmode8
13,KNR-Transit,univ,1957.0,univtourmode8
14,KNR-Transit,univ,117.0,univtourmode8
15,KNR-Transit,univ,0.0,univtourmode8
16,KNR-Transit,univ,0.0,univtourmode8
17,KNR-Transit,univ,0.0,univtourmode8
21,KNR-Transit,univ,0.0,univtourmode8
19,KNR-Transit,univ,0.0,univtourmode8
20,KNR-Transit,univ,0.0,univtourmode8
18,KNR-Transit,univ,0.0,univtourmode8
1,TNC-Transit,univ,0.0,univtourmode9
2,TNC-Transit,univ,0.0,univtourmode9
3,TNC-Transit,univ,0.0,univtourmode9
4,TNC-Transit,univ,0.0,univtourmode9
5,TNC-Transit,univ,0.0,univtourmode9
22,TNC-Transit,univ,0.0,univtourmode9
23,TNC-Transit,univ,0.0,univtourmode9
6,TNC-Transit,univ,0.0,univtourmode9
7,TNC-Transit,univ,0.0,univtourmode9
8,TNC-Transit,univ,0.0,univtourmode9
9,TNC-Transit,univ,0.0,univtourmode9
10,TNC-Transit,univ,0.0,univtourmode9
11,TNC-Transit,univ,0.0,univtourmode9
12,TNC-Transit,univ,0.0,univtourmode9
13,TNC-Transit,univ,0.0,univtourmode9
14,TNC-Transit,univ,0.0,univtourmode9
15,TNC-Transit,univ,18.0,univtourmode9
16,TNC-Transit,univ,144.0,univtourmode9
17,TNC-Transit,univ,3.0,univtourmode9
21,TNC-Transit,univ,0.0,univtourmode9
19,TNC-Transit,univ,0.0,univtourmode9
20,TNC-Transit,univ,0.0,univtourmode9
18,TNC-Transit,univ,0.0,univtourmode9
1,SchoolBus,univ,0.0,univtourmode13
2,SchoolBus,univ,0.0,univtourmode13
3,SchoolBus,univ,0.0,univtourmode13
4,SchoolBus,univ,0.0,univtourmode13
5,SchoolBus,univ,0.0,univtourmode13
22,SchoolBus,univ,0.0,univtourmode13
23,SchoolBus,univ,0.0,univtourmode13
6,SchoolBus,univ,0.0,univtourmode13
7,SchoolBus,univ,0.0,univtourmode13
8,SchoolBus,univ,0.0,univtourmode13
9,SchoolBus,univ,0.0,univtourmode13
10,SchoolBus,univ,0.0,univtourmode13
11,SchoolBus,univ,0.0,univtourmode13
12,SchoolBus,univ,0.0,univtourmode13
13,SchoolBus,univ,0.0,univtourmode13
14,SchoolBus,univ,0.0,univtourmode13
15,SchoolBus,univ,0.0,univtourmode13
16,SchoolBus,univ,0.0,univtourmode13
17,SchoolBus,univ,0.0,univtourmode13
21,SchoolBus,univ,0.0,univtourmode13
19,SchoolBus,univ,0.0,univtourmode13
20,SchoolBus,univ,0.0,univtourmode13
18,SchoolBus,univ,0.0,univtourmode13
1,Taxi,univ,0.0,univtourmode10
2,Taxi,univ,0.0,univtourmode10
3,Taxi,univ,0.0,univtourmode10
4,Taxi,univ,0.0,univtourmode10
5,Taxi,univ,0.0,univtourmode10
22,Taxi,univ,0.0,univtourmode10
23,Taxi,univ,0.0,univtourmode10
6,Taxi,univ,0.0,univtourmode10
7,Taxi,univ,0.0,univtourmode10
8,Taxi,univ,0.0,univtourmode10
9,Taxi,univ,0.0,univtourmode10
10,Taxi,univ,0.0,univtourmode10
11,Taxi,univ,0.0,univtourmode10
12,Taxi,univ,0.0,univtourmode10
13,Taxi,univ,0.0,univtourmode10
14,Taxi,univ,0.0,univtourmode10
15,Taxi,univ,0.0,univtourmode10
16,Taxi,univ,0.0,univtourmode10
17,Taxi,univ,0.0,univtourmode10
21,Taxi,univ,0.0,univtourmode10
19,Taxi,univ,0.0,univtourmode10
20,Taxi,univ,0.0,univtourmode10
18,Taxi,univ,0.0,univtourmode10
1,TNC-Single,univ,0.0,univtourmode11
2,TNC-Single,univ,0.0,univtourmode11
3,TNC-Single,univ,0.0,univtourmode11
4,TNC-Single,univ,0.0,univtourmode11
5,TNC-Single,univ,0.0,univtourmode11
22,TNC-Single,univ,0.0,univtourmode11
23,TNC-Single,univ,0.0,univtourmode11
6,TNC-Single,univ,0.0,univtourmode11
7,TNC-Single,univ,0.0,univtourmode11
8,TNC-Single,univ,0.0,univtourmode11
9,TNC-Single,univ,0.0,univtourmode11
10,TNC-Single,univ,0.0,univtourmode11
11,TNC-Single,univ,0.0,univtourmode11
12,TNC-Single,univ,0.0,univtourmode11
13,TNC-Single,univ,0.0,univtourmode11
14,TNC-Single,univ,0.0,univtourmode11
15,TNC-Single,univ,0.0,univtourmode11
16,TNC-Single,univ,0.0,univtourmode11
17,TNC-Single,univ,0.0,univtourmode11
21,TNC-Single,univ,0.0,univtourmode11
19,TNC-Single,univ,2266.0,univtourmode11
20,TNC-Single,univ,0.0,univtourmode11
18,TNC-Single,univ,0.0,univtourmode11
1,TNC-Shared,univ,0.0,univtourmode12
2,TNC-Shared,univ,0.0,univtourmode12
3,TNC-Shared,univ,0.0,univtourmode12
4,TNC-Shared,univ,0.0,univtourmode12
5,TNC-Shared,univ,0.0,univtourmode12
22,TNC-Shared,univ,0.0,univtourmode12
23,TNC-Shared,univ,0.0,univtourmode12
6,TNC-Shared,univ,0.0,univtourmode12
7,TNC-Shared,univ,0.0,univtourmode12
8,TNC-Shared,univ,0.0,univtourmode12
9,TNC-Shared,univ,0.0,univtourmode12
10,TNC-Shared,univ,0.0,univtourmode12
11,TNC-Shared,univ,0.0,univtourmode12
12,TNC-Shared,univ,0.0,univtourmode12
13,TNC-Shared,univ,0.0,univtourmode12
14,TNC-Shared,univ,0.0,univtourmode12
15,TNC-Shared,univ,0.0,univtourmode12
16,TNC-Shared,univ,0.0,univtourmode12
17,TNC-Shared,univ,0.0,univtourmode12
21,TNC-Shared,univ,0.0,univtourmode12
19,TNC-Shared,univ,0.0,univtourmode12
20,TNC-Shared,univ,0.0,univtourmode12
18,TNC-Shared,univ,0.0,univtourmode12
1,Total,univ,85396.0,univTotal
2,Total,univ,24740.0,univTotal
3,Total,univ,16284.0,univTotal
4,Total,univ,20569.0,univTotal
5,Total,univ,9711.0,univTotal
22,Total,univ,4911.0,univTotal
23,Total,univ,0.0,univTotal
6,Total,univ,5344.0,univTotal
7,Total,univ,15828.0,univTotal
8,Total,univ,2362.0,univTotal
9,Total,univ,104.0,univTotal
10,Total,univ,1908.0,univTotal
11,Total,univ,26.0,univTotal
12,Total,univ,415.0,univTotal
13,Total,univ,1957.0,univTotal
14,Total,univ,117.0,univTotal
15,Total,univ,18.0,univTotal
16,Total,univ,144.0,univTotal
17,Total,univ,3.0,univTotal
21,Total,univ,0.0,univTotal
19,Total,univ,2833.0,univTotal
20,Total,univ,0.0,univTotal
18,Total,univ,0.0,univTotal
1,Drivealone,sch,124659.0,schtourmode1
2,Drivealone,sch,0.0,schtourmode1
3,Drivealone,sch,1939.0,schtourmode1
4,Drivealone,sch,10516.0,schtourmode1
5,Drivealone,sch,106.0,schtourmode1
22,Drivealone,sch,0.0,schtourmode1
23,Drivealone,sch,0.0,schtourmode1
6,Drivealone,sch,0.0,schtourmode1
7,Drivealone,sch,0.0,schtourmode1
8,Drivealone,sch,0.0,schtourmode1
9,Drivealone,sch,0.0,schtourmode1
10,Drivealone,sch,0.0,schtourmode1
11,Drivealone,sch,0.0,schtourmode1
12,Drivealone,sch,0.0,schtourmode1
13,Drivealone,sch,0.0,schtourmode1
14,Drivealone,sch,0.0,schtourmode1
15,Drivealone,sch,0.0,schtourmode1
16,Drivealone,sch,0.0,schtourmode1
17,Drivealone,sch,0.0,schtourmode1
21,Drivealone,sch,0.0,schtourmode1
19,Drivealone,sch,0.0,schtourmode1
20,Drivealone,sch,0.0,schtourmode1
18,Drivealone,sch,0.0,schtourmode1
1,Shared2,sch,136250.0,schtourmode2
2,Shared2,sch,196208.0,schtourmode2
3,Shared2,sch,3353.0,schtourmode2
4,Shared2,sch,894.0,schtourmode2
5,Shared2,sch,0.0,schtourmode2
22,Shared2,sch,0.0,schtourmode2
23,Shared2,sch,0.0,schtourmode2
6,Shared2,sch,0.0,schtourmode2
7,Shared2,sch,0.0,schtourmode2
8,Shared2,sch,0.0,schtourmode2
9,Shared2,sch,0.0,schtourmode2
10,Shared2,sch,0.0,schtourmode2
11,Shared2,sch,0.0,schtourmode2
12,Shared2,sch,0.0,schtourmode2
13,Shared2,sch,0.0,schtourmode2
14,Shared2,sch,0.0,schtourmode2
15,Shared2,sch,0.0,schtourmode2
16,Shared2,sch,0.0,schtourmode2
17,Shared2,sch,0.0,schtourmode2
21,Shared2,sch,0.0,schtourmode2
19,Shared2,sch,0.0,schtourmode2
20,Shared2,sch,0.0,schtourmode2
18,Shared2,sch,0.0,schtourmode2
1,Shared3,sch,221954.0,schtourmode3
2,Shared3,sch,51566.0,schtourmode3
3,Shared3,sch,369609.0,schtourmode3
4,Shared3,sch,36928.0,schtourmode3
5,Shared3,sch,64.0,schtourmode3
22,Shared3,sch,0.0,schtourmode3
23,Shared3,sch,0.0,schtourmode3
6,Shared3,sch,0.0,schtourmode3
7,Shared3,sch,0.0,schtourmode3
8,Shared3,sch,0.0,schtourmode3
9,Shared3,sch,0.0,schtourmode3
10,Shared3,sch,0.0,schtourmode3
11,Shared3,sch,0.0,schtourmode3
12,Shared3,sch,0.0,schtourmode3
13,Shared3,sch,0.0,schtourmode3
14,Shared3,sch,0.0,schtourmode3
15,Shared3,sch,0.0,schtourmode3
16,Shared3,sch,0.0,schtourmode3
17,Shared3,sch,0.0,schtourmode3
21,Shared3,sch,0.0,schtourmode3
19,Shared3,sch,0.0,schtourmode3
20,Shared3,sch,0.0,schtourmode3
18,Shared3,sch,0.0,schtourmode3
1,Walk,sch,0.0,schtourmode4
2,Walk,sch,284.0,schtourmode4
3,Walk,sch,0.0,schtourmode4
4,Walk,sch,241659.0,schtourmode4
5,Walk,sch,0.0,schtourmode4
22,Walk,sch,0.0,schtourmode4
23,Walk,sch,0.0,schtourmode4
6,Walk,sch,0.0,schtourmode4
7,Walk,sch,0.0,schtourmode4
8,Walk,sch,0.0,schtourmode4
9,Walk,sch,0.0,schtourmode4
10,Walk,sch,0.0,schtourmode4
11,Walk,sch,0.0,schtourmode4
12,Walk,sch,0.0,schtourmode4
13,Walk,sch,0.0,schtourmode4
14,Walk,sch,0.0,schtourmode4
15,Walk,sch,0.0,schtourmode4
16,Walk,sch,0.0,schtourmode4
17,Walk,sch,0.0,schtourmode4
21,Walk,sch,0.0,schtourmode4
19,Walk,sch,0.0,schtourmode4
20,Walk,sch,0.0,schtourmode4
18,Walk,sch,0.0,schtourmode4
1,Bike,sch,0.0,schtourmode5
2,Bike,sch,0.0,schtourmode5
3,Bike,sch,50503.0,schtourmode5
4,Bike,sch,730.0,schtourmode5
5,Bike,sch,44248.0,schtourmode5
22,Bike,sch,0.0,schtourmode5
23,Bike,sch,0.0,schtourmode5
6,Bike,sch,0.0,schtourmode5
7,Bike,sch,0.0,schtourmode5
8,Bike,sch,0.0,schtourmode5
9,Bike,sch,0.0,schtourmode5
10,Bike,sch,0.0,schtourmode5
11,Bike,sch,0.0,schtourmode5
12,Bike,sch,0.0,schtourmode5
13,Bike,sch,0.0,schtourmode5
14,Bike,sch,0.0,schtourmode5
15,Bike,sch,0.0,schtourmode5
16,Bike,sch,0.0,schtourmode5
17,Bike,sch,0.0,schtourmode5
21,Bike,sch,0.0,schtourmode5
19,Bike,sch,0.0,schtourmode5
20,Bike,sch,0.0,schtourmode5
18,Bike,sch,0.0,schtourmode5
1,Escooter,sch,0.0,schtourmode14
2,Escooter,sch,0.0,schtourmode14
3,Escooter,sch,0.0,schtourmode14
4,Escooter,sch,0.0,schtourmode14
5,Escooter,sch,0.0,schtourmode14
22,Escooter,sch,0.0,schtourmode14
23,Escooter,sch,0.0,schtourmode14
6,Escooter,sch,0.0,schtourmode14
7,Escooter,sch,0.0,schtourmode14
8,Escooter,sch,0.0,schtourmode14
9,Escooter,sch,0.0,schtourmode14
10,Escooter,sch,0.0,schtourmode14
11,Escooter,sch,0.0,schtourmode14
12,Escooter,sch,0.0,schtourmode14
13,Escooter,sch,0.0,schtourmode14
14,Escooter,sch,0.0,schtourmode14
15,Escooter,sch,0.0,schtourmode14
16,Escooter,sch,0.0,schtourmode14
17,Escooter,sch,0.0,schtourmode14
21,Escooter,sch,0.0,schtourmode14
19,Escooter,sch,0.0,schtourmode14
20,Escooter,sch,0.0,schtourmode14
18,Escooter,sch,0.0,schtourmode14
1,Ebike,sch,0.0,schtourmode15
2,Ebike,sch,0.0,schtourmode15
3,Ebike,sch,0.0,schtourmode15
4,Ebike,sch,0.0,schtourmode15
5,Ebike,sch,0.0,schtourmode15
22,Ebike,sch,0.0,schtourmode15
23,Ebike,sch,1452.0,schtourmode15
6,Ebike,sch,0.0,schtourmode15
7,Ebike,sch,0.0,schtourmode15
8,Ebike,sch,0.0,schtourmode15
9,Ebike,sch,0.0,schtourmode15
10,Ebike,sch,0.0,schtourmode15
11,Ebike,sch,0.0,schtourmode15
12,Ebike,sch,0.0,schtourmode15
13,Ebike,sch,0.0,schtourmode15
14,Ebike,sch,0.0,schtourmode15
15,Ebike,sch,0.0,schtourmode15
16,Ebike,sch,0.0,schtourmode15
17,Ebike,sch,0.0,schtourmode15
21,Ebike,sch,0.0,schtourmode15
19,Ebike,sch,0.0,schtourmode15
20,Ebike,sch,0.0,schtourmode15
18,Ebike,sch,0.0,schtourmode15
1,Walk-Transit,sch,0.0,schtourmode6
2,Walk-Transit,sch,569.0,schtourmode6
3,Walk-Transit,sch,0.0,schtourmode6
4,Walk-Transit,sch,2847.0,schtourmode6
5,Walk-Transit,sch,0.0,schtourmode6
22,Walk-Transit,sch,0.0,schtourmode6
23,Walk-Transit,sch,0.0,schtourmode6
6,Walk-Transit,sch,5446.0,schtourmode6
7,Walk-Transit,sch,1438.0,schtourmode6
8,Walk-Transit,sch,1089.0,schtourmode6
9,Walk-Transit,sch,0.0,schtourmode6
10,Walk-Transit,sch,0.0,schtourmode6
11,Walk-Transit,sch,0.0,schtourmode6
12,Walk-Transit,sch,0.0,schtourmode6
13,Walk-Transit,sch,0.0,schtourmode6
14,Walk-Transit,sch,0.0,schtourmode6
15,Walk-Transit,sch,0.0,schtourmode6
16,Walk-Transit,sch,0.0,schtourmode6
17,Walk-Transit,sch,0.0,schtourmode6
21,Walk-Transit,sch,0.0,schtourmode6
19,Walk-Transit,sch,0.0,schtourmode6
20,Walk-Transit,sch,0.0,schtourmode6
18,Walk-Transit,sch,0.0,schtourmode6
1,PNR-Transit,sch,0.0,schtourmode7
2,PNR-Transit,sch,0.0,schtourmode7
3,PNR-Transit,sch,0.0,schtourmode7
4,PNR-Transit,sch,0.0,schtourmode7
5,PNR-Transit,sch,0.0,schtourmode7
22,PNR-Transit,sch,0.0,schtourmode7
23,PNR-Transit,sch,0.0,schtourmode7
6,PNR-Transit,sch,0.0,schtourmode7
7,PNR-Transit,sch,0.0,schtourmode7
8,PNR-Transit,sch,0.0,schtourmode7
9,PNR-Transit,sch,6.0,schtourmode7
10,PNR-Transit,sch,25.0,schtourmode7
11,PNR-Transit,sch,5.0,schtourmode7
12,PNR-Transit,sch,0.0,schtourmode7
13,PNR-Transit,sch,0.0,schtourmode7
14,PNR-Transit,sch,0.0,schtourmode7
15,PNR-Transit,sch,0.0,schtourmode7
16,PNR-Transit,sch,0.0,schtourmode7
17,PNR-Transit,sch,0.0,schtourmode7
21,PNR-Transit,sch,0.0,schtourmode7
19,PNR-Transit,sch,0.0,schtourmode7
20,PNR-Transit,sch,0.0,schtourmode7
18,PNR-Transit,sch,0.0,schtourmode7
1,KNR-Transit,sch,0.0,schtourmode8
2,KNR-Transit,sch,0.0,schtourmode8
3,KNR-Transit,sch,0.0,schtourmode8
4,KNR-Transit,sch,0.0,schtourmode8
5,KNR-Transit,sch,0.0,schtourmode8
22,KNR-Transit,sch,0.0,schtourmode8
23,KNR-Transit,sch,0.0,schtourmode8
6,KNR-Transit,sch,0.0,schtourmode8
7,KNR-Transit,sch,0.0,schtourmode8
8,KNR-Transit,sch,0.0,schtourmode8
9,KNR-Transit,sch,0.0,schtourmode8
10,KNR-Transit,sch,0.0,schtourmode8
11,KNR-Transit,sch,0.0,schtourmode8
12,KNR-Transit,sch,327.0,schtourmode8
13,KNR-Transit,sch,444.0,schtourmode8
14,KNR-Transit,sch,68.0,schtourmode8
15,KNR-Transit,sch,0.0,schtourmode8
16,KNR-Transit,sch,0.0,schtourmode8
17,KNR-Transit,sch,0.0,schtourmode8
21,KNR-Transit,sch,0.0,schtourmode8
19,KNR-Transit,sch,0.0,schtourmode8
20,KNR-Transit,sch,0.0,schtourmode8
18,KNR-Transit,sch,0.0,schtourmode8
1,TNC-Transit,sch,0.0,schtourmode9
2,TNC-Transit,sch,0.0,schtourmode9
3,TNC-Transit,sch,0.0,schtourmode9
4,TNC-Transit,sch,0.0,schtourmode9
5,TNC-Transit,sch,0.0,schtourmode9
22,TNC-Transit,sch,0.0,schtourmode9
23,TNC-Transit,sch,0.0,schtourmode9
6,TNC-Transit,sch,0.0,schtourmode9
7,TNC-Transit,sch,0.0,schtourmode9
8,TNC-Transit,sch,0.0,schtourmode9
9,TNC-Transit,sch,0.0,schtourmode9
10,TNC-Transit,sch,0.0,schtourmode9
11,TNC-Transit,sch,0.0,schtourmode9
12,TNC-Transit,sch,0.0,schtourmode9
13,TNC-Transit,sch,0.0,schtourmode9
14,TNC-Transit,sch,0.0,schtourmode9
15,TNC-Transit,sch,18.0,schtourmode9
16,TNC-Transit,sch,13.0,schtourmode9
17,TNC-Transit,sch,2.0,schtourmode9
21,TNC-Transit,sch,0.0,schtourmode9
19,TNC-Transit,sch,0.0,schtourmode9
20,TNC-Transit,sch,0.0,schtourmode9
18,TNC-Transit,sch,0.0,schtourmode9
1,SchoolBus,sch,0.0,schtourmode13
2,SchoolBus,sch,0.0,schtourmode13
3,SchoolBus,sch,0.0,schtourmode13
4,SchoolBus,sch,0.0,schtourmode13
5,SchoolBus,sch,0.0,schtourmode13
22,SchoolBus,sch,0.0,schtourmode13
23,SchoolBus,sch,0.0,schtourmode13
6,SchoolBus,sch,0.0,schtourmode13
7,SchoolBus,sch,0.0,schtourmode13
8,SchoolBus,sch,0.0,schtourmode13
9,SchoolBus,sch,0.0,schtourmode13
10,SchoolBus,sch,0.0,schtourmode13
11,SchoolBus,sch,0.0,schtourmode13
12,SchoolBus,sch,0.0,schtourmode13
13,SchoolBus,sch,0.0,schtourmode13
14,SchoolBus,sch,0.0,schtourmode13
15,SchoolBus,sch,0.0,schtourmode13
16,SchoolBus,sch,0.0,schtourmode13
17,SchoolBus,sch,0.0,schtourmode13
21,SchoolBus,sch,20197.0,schtourmode13
19,SchoolBus,sch,0.0,schtourmode13
20,SchoolBus,sch,0.0,schtourmode13
18,SchoolBus,sch,0.0,schtourmode13
1,Taxi,sch,0.0,schtourmode10
2,Taxi,sch,0.0,schtourmode10
3,Taxi,sch,0.0,schtourmode10
4,Taxi,sch,0.0,schtourmode10
5,Taxi,sch,0.0,schtourmode10
22,Taxi,sch,0.0,schtourmode10
23,Taxi,sch,0.0,schtourmode10
6,Taxi,sch,0.0,schtourmode10
7,Taxi,sch,0.0,schtourmode10
8,Taxi,sch,0.0,schtourmode10
9,Taxi,sch,0.0,schtourmode10
10,Taxi,sch,0.0,schtourmode10
11,Taxi,sch,0.0,schtourmode10
12,Taxi,sch,0.0,schtourmode10
13,Taxi,sch,0.0,schtourmode10
14,Taxi,sch,0.0,schtourmode10
15,Taxi,sch,0.0,schtourmode10
16,Taxi,sch,0.0,schtourmode10
17,Taxi,sch,0.0,schtourmode10
21,Taxi,sch,0.0,schtourmode10
19,Taxi,sch,0.0,schtourmode10
20,Taxi,sch,0.0,schtourmode10
18,Taxi,sch,0.0,schtourmode10
1,TNC-Single,sch,0.0,schtourmode11
2,TNC-Single,sch,0.0,schtourmode11
3,TNC-Single,sch,0.0,schtourmode11
4,TNC-Single,sch,0.0,schtourmode11
5,TNC-Single,sch,0.0,schtourmode11
22,TNC-Single,sch,0.0,schtourmode11
23,TNC-Single,sch,0.0,schtourmode11
6,TNC-Single,sch,0.0,schtourmode11
7,TNC-Single,sch,0.0,schtourmode11
8,TNC-Single,sch,0.0,schtourmode11
9,TNC-Single,sch,0.0,schtourmode11
10,TNC-Single,sch,0.0,schtourmode11
11,TNC-Single,sch,0.0,schtourmode11
12,TNC-Single,sch,0.0,schtourmode11
13,TNC-Single,sch,0.0,schtourmode11
14,TNC-Single,sch,0.0,schtourmode11
15,TNC-Single,sch,0.0,schtourmode11
16,TNC-Single,sch,0.0,schtourmode11
17,TNC-Single,sch,0.0,schtourmode11
21,TNC-Single,sch,0.0,schtourmode11
19,TNC-Single,sch,0.0,schtourmode11
20,TNC-Single,sch,0.0,schtourmode11
18,TNC-Single,sch,0.0,schtourmode11
1,TNC-Shared,sch,0.0,schtourmode12
2,TNC-Shared,sch,0.0,schtourmode12
3,TNC-Shared,sch,0.0,schtourmode12
4,TNC-Shared,sch,0.0,schtourmode12
5,TNC-Shared,sch,0.0,schtourmode12
22,TNC-Shared,sch,0.0,schtourmode12
23,TNC-Shared,sch,0.0,schtourmode12
6,TNC-Shared,sch,0.0,schtourmode12
7,TNC-Shared,sch,0.0,schtourmode12
8,TNC-Shared,sch,0.0,schtourmode12
9,TNC-Shared,sch,0.0,schtourmode12
10,TNC-Shared,sch,0.0,schtourmode12
11,TNC-Shared,sch,0.0,schtourmode12
12,TNC-Shared,sch,0.0,schtourmode12
13,TNC-Shared,sch,0.0,schtourmode12
14,TNC-Shared,sch,0.0,schtourmode12
15,TNC-Shared,sch,0.0,schtourmode12
16,TNC-Shared,sch,0.0,schtourmode12
17,TNC-Shared,sch,0.0,schtourmode12
21,TNC-Shared,sch,0.0,schtourmode12
19,TNC-Shared,sch,0.0,schtourmode12
20,TNC-Shared,sch,0.0,schtourmode12
18,TNC-Shared,sch,0.0,schtourmode12
1,Total,sch,482863.0,schTotal
2,Total,sch,248627.0,schTotal
3,Total,sch,425404.0,schTotal
4,Total,sch,293574.0,schTotal
5,Total,sch,44418.0,schTotal
22,Total,sch,0.0,schTotal
23,Total,sch,1452.0,schTotal
6,Total,sch,5446.0,schTotal
7,Total,sch,1438.0,schTotal
8,Total,sch,1089.0,schTotal
9,Total,sch,6.0,schTotal
10,Total,sch,25.0,schTotal
11,Total,sch,5.0,schTotal
12,Total,sch,327.0,schTotal
13,Total,sch,444.0,schTotal
14,Total,sch,68.0,schTotal
15,Total,sch,18.0,schTotal
16,Total,sch,13.0,schTotal
17,Total,sch,2.0,schTotal
21,Total,sch,20197.0,schTotal
19,Total,sch,0.0,schTotal
20,Total,sch,0.0,schTotal
18,Total,sch,0.0,schTotal
1,Drivealone,atwork,373102.0,atworktourmode1
2,Drivealone,atwork,0.0,atworktourmode1
3,Drivealone,atwork,0.0,atworktourmode1
4,Drivealone,atwork,2867.0,atworktourmode1
5,Drivealone,atwork,0.0,atworktourmode1
22,Drivealone,atwork,0.0,atworktourmode1
23,Drivealone,atwork,0.0,atworktourmode1
6,Drivealone,atwork,0.0,atworktourmode1
7,Drivealone,atwork,0.0,atworktourmode1
8,Drivealone,atwork,0.0,atworktourmode1
9,Drivealone,atwork,0.0,atworktourmode1
10,Drivealone,atwork,0.0,atworktourmode1
11,Drivealone,atwork,0.0,atworktourmode1
12,Drivealone,atwork,0.0,atworktourmode1
13,Drivealone,atwork,0.0,atworktourmode1
14,Drivealone,atwork,0.0,atworktourmode1
15,Drivealone,atwork,0.0,atworktourmode1
16,Drivealone,atwork,0.0,atworktourmode1
17,Drivealone,atwork,0.0,atworktourmode1
21,Drivealone,atwork,0.0,atworktourmode1
19,Drivealone,atwork,39.0,atworktourmode1
20,Drivealone,atwork,0.0,atworktourmode1
18,Drivealone,atwork,0.0,atworktourmode1
1,Shared2,atwork,23457.0,atworktourmode2
2,Shared2,atwork,34161.0,atworktourmode2
3,Shared2,atwork,0.0,atworktourmode2
4,Shared2,atwork,607.0,atworktourmode2
5,Shared2,atwork,0.0,atworktourmode2
22,Shared2,atwork,0.0,atworktourmode2
23,Shared2,atwork,0.0,atworktourmode2
6,Shared2,atwork,0.0,atworktourmode2
7,Shared2,atwork,0.0,atworktourmode2
8,Shared2,atwork,0.0,atworktourmode2
9,Shared2,atwork,0.0,atworktourmode2
10,Shared2,atwork,0.0,atworktourmode2
11,Shared2,atwork,0.0,atworktourmode2
12,Shared2,atwork,0.0,atworktourmode2
13,Shared2,atwork,0.0,atworktourmode2
14,Shared2,atwork,0.0,atworktourmode2
15,Shared2,atwork,0.0,atworktourmode2
16,Shared2,atwork,0.0,atworktourmode2
17,Shared2,atwork,0.0,atworktourmode2
21,Shared2,atwork,0.0,atworktourmode2
19,Shared2,atwork,0.0,atworktourmode2
20,Shared2,atwork,0.0,atworktourmode2
18,Shared2,atwork,0.0,atworktourmode2
1,Shared3,atwork,12582.0,atworktourmode3
2,Shared3,atwork,47.0,atworktourmode3
3,Shared3,atwork,51392.0,atworktourmode3
4,Shared3,atwork,47.0,atworktourmode3
5,Shared3,atwork,0.0,atworktourmode3
22,Shared3,atwork,0.0,atworktourmode3
23,Shared3,atwork,0.0,atworktourmode3
6,Shared3,atwork,0.0,atworktourmode3
7,Shared3,atwork,0.0,atworktourmode3
8,Shared3,atwork,0.0,atworktourmode3
9,Shared3,atwork,0.0,atworktourmode3
10,Shared3,atwork,0.0,atworktourmode3
11,Shared3,atwork,0.0,atworktourmode3
12,Shared3,atwork,0.0,atworktourmode3
13,Shared3,atwork,0.0,atworktourmode3
14,Shared3,atwork,0.0,atworktourmode3
15,Shared3,atwork,0.0,atworktourmode3
16,Shared3,atwork,0.0,atworktourmode3
17,Shared3,atwork,0.0,atworktourmode3
21,Shared3,atwork,0.0,atworktourmode3
19,Shared3,atwork,0.0,atworktourmode3
20,Shared3,atwork,0.0,atworktourmode3
18,Shared3,atwork,0.0,atworktourmode3
1,Walk,atwork,0.0,atworktourmode4
2,Walk,atwork,0.0,atworktourmode4
3,Walk,atwork,0.0,atworktourmode4
4,Walk,atwork,212626.0,atworktourmode4
5,Walk,atwork,0.0,atworktourmode4
22,Walk,atwork,0.0,atworktourmode4
23,Walk,atwork,0.0,atworktourmode4
6,Walk,atwork,0.0,atworktourmode4
7,Walk,atwork,0.0,atworktourmode4
8,Walk,atwork,0.0,atworktourmode4
9,Walk,atwork,0.0,atworktourmode4
10,Walk,atwork,0.0,atworktourmode4
11,Walk,atwork,0.0,atworktourmode4
12,Walk,atwork,0.0,atworktourmode4
13,Walk,atwork,0.0,atworktourmode4
14,Walk,atwork,0.0,atworktourmode4
15,Walk,atwork,0.0,atworktourmode4
16,Walk,atwork,0.0,atworktourmode4
17,Walk,atwork,0.0,atworktourmode4
21,Walk,atwork,0.0,atworktourmode4
19,Walk,atwork,0.0,atworktourmode4
20,Walk,atwork,0.0,atworktourmode4
18,Walk,atwork,0.0,atworktourmode4
1,Bike,atwork,0.0,atworktourmode5
2,Bike,atwork,0.0,atworktourmode5
3,Bike,atwork,0.0,atworktourmode5
4,Bike,atwork,54.0,atworktourmode5
5,Bike,atwork,8626.0,atworktourmode5
22,Bike,atwork,0.0,atworktourmode5
23,Bike,atwork,0.0,atworktourmode5
6,Bike,atwork,0.0,atworktourmode5
7,Bike,atwork,0.0,atworktourmode5
8,Bike,atwork,0.0,atworktourmode5
9,Bike,atwork,0.0,atworktourmode5
10,Bike,atwork,0.0,atworktourmode5
11,Bike,atwork,0.0,atworktourmode5
12,Bike,atwork,0.0,atworktourmode5
13,Bike,atwork,0.0,atworktourmode5
14,Bike,atwork,0.0,atworktourmode5
15,Bike,atwork,0.0,atworktourmode5
16,Bike,atwork,0.0,atworktourmode5
17,Bike,atwork,0.0,atworktourmode5
21,Bike,atwork,0.0,atworktourmode5
19,Bike,atwork,0.0,atworktourmode5
20,Bike,atwork,0.0,atworktourmode5
18,Bike,atwork,0.0,atworktourmode5
1,Escooter,atwork,0.0,atworktourmode14
2,Escooter,atwork,0.0,atworktourmode14
3,Escooter,atwork,0.0,atworktourmode14
4,Escooter,atwork,0.0,atworktourmode14
5,Escooter,atwork,0.0,atworktourmode14
22,Escooter,atwork,0.0,atworktourmode14
23,Escooter,atwork,0.0,atworktourmode14
6,Escooter,atwork,0.0,atworktourmode14
7,Escooter,atwork,0.0,atworktourmode14
8,Escooter,atwork,0.0,atworktourmode14
9,Escooter,atwork,0.0,atworktourmode14
10,Escooter,atwork,0.0,atworktourmode14
11,Escooter,atwork,0.0,atworktourmode14
12,Escooter,atwork,0.0,atworktourmode14
13,Escooter,atwork,0.0,atworktourmode14
14,Escooter,atwork,0.0,atworktourmode14
15,Escooter,atwork,0.0,atworktourmode14
16,Escooter,atwork,0.0,atworktourmode14
17,Escooter,atwork,0.0,atworktourmode14
21,Escooter,atwork,0.0,atworktourmode14
19,Escooter,atwork,0.0,atworktourmode14
20,Escooter,atwork,0.0,atworktourmode14
18,Escooter,atwork,0.0,atworktourmode14
1,Ebike,atwork,0.0,atworktourmode15
2,Ebike,atwork,0.0,atworktourmode15
3,Ebike,atwork,0.0,atworktourmode15
4,Ebike,atwork,0.0,atworktourmode15
5,Ebike,atwork,0.0,atworktourmode15
22,Ebike,atwork,0.0,atworktourmode15
23,Ebike,atwork,1697.0,atworktourmode15
6,Ebike,atwork,0.0,atworktourmode15
7,Ebike,atwork,0.0,atworktourmode15
8,Ebike,atwork,0.0,atworktourmode15
9,Ebike,atwork,0.0,atworktourmode15
10,Ebike,atwork,0.0,atworktourmode15
11,Ebike,atwork,0.0,atworktourmode15
12,Ebike,atwork,0.0,atworktourmode15
13,Ebike,atwork,0.0,atworktourmode15
14,Ebike,atwork,0.0,atworktourmode15
15,Ebike,atwork,0.0,atworktourmode15
16,Ebike,atwork,0.0,atworktourmode15
17,Ebike,atwork,0.0,atworktourmode15
21,Ebike,atwork,0.0,atworktourmode15
19,Ebike,atwork,0.0,atworktourmode15
20,Ebike,atwork,0.0,atworktourmode15
18,Ebike,atwork,0.0,atworktourmode15
1,Walk-Transit,atwork,0.0,atworktourmode6
2,Walk-Transit,atwork,0.0,atworktourmode6
3,Walk-Transit,atwork,0.0,atworktourmode6
4,Walk-Transit,atwork,0.0,atworktourmode6
5,Walk-Transit,atwork,0.0,atworktourmode6
22,Walk-Transit,atwork,0.0,atworktourmode6
23,Walk-Transit,atwork,0.0,atworktourmode6
6,Walk-Transit,atwork,0.0,atworktourmode6
7,Walk-Transit,atwork,0.0,atworktourmode6
8,Walk-Transit,atwork,0.0,atworktourmode6
9,Walk-Transit,atwork,0.0,atworktourmode6
10,Walk-Transit,atwork,0.0,atworktourmode6
11,Walk-Transit,atwork,0.0,atworktourmode6
12,Walk-Transit,atwork,0.0,atworktourmode6
13,Walk-Transit,atwork,0.0,atworktourmode6
14,Walk-Transit,atwork,0.0,atworktourmode6
15,Walk-Transit,atwork,0.0,atworktourmode6
16,Walk-Transit,atwork,0.0,atworktourmode6
17,Walk-Transit,atwork,0.0,atworktourmode6
21,Walk-Transit,atwork,0.0,atworktourmode6
19,Walk-Transit,atwork,0.0,atworktourmode6
20,Walk-Transit,atwork,0.0,atworktourmode6
18,Walk-Transit,atwork,0.0,atworktourmode6
1,PNR-Transit,atwork,0.0,atworktourmode7
2,PNR-Transit,atwork,0.0,atworktourmode7
3,PNR-Transit,atwork,0.0,atworktourmode7
4,PNR-Transit,atwork,0.0,atworktourmode7
5,PNR-Transit,atwork,0.0,atworktourmode7
22,PNR-Transit,atwork,0.0,atworktourmode7
23,PNR-Transit,atwork,0.0,atworktourmode7
6,PNR-Transit,atwork,0.0,atworktourmode7
7,PNR-Transit,atwork,0.0,atworktourmode7
8,PNR-Transit,atwork,0.0,atworktourmode7
9,PNR-Transit,atwork,0.0,atworktourmode7
10,PNR-Transit,atwork,0.0,atworktourmode7
11,PNR-Transit,atwork,0.0,atworktourmode7
12,PNR-Transit,atwork,0.0,atworktourmode7
13,PNR-Transit,atwork,0.0,atworktourmode7
14,PNR-Transit,atwork,0.0,atworktourmode7
15,PNR-Transit,atwork,0.0,atworktourmode7
16,PNR-Transit,atwork,0.0,atworktourmode7
17,PNR-Transit,atwork,0.0,atworktourmode7
21,PNR-Transit,atwork,0.0,atworktourmode7
19,PNR-Transit,atwork,0.0,atworktourmode7
20,PNR-Transit,atwork,0.0,atworktourmode7
18,PNR-Transit,atwork,0.0,atworktourmode7
1,KNR-Transit,atwork,0.0,atworktourmode8
2,KNR-Transit,atwork,0.0,atworktourmode8
3,KNR-Transit,atwork,0.0,atworktourmode8
4,KNR-Transit,atwork,0.0,atworktourmode8
5,KNR-Transit,atwork,0.0,atworktourmode8
22,KNR-Transit,atwork,0.0,atworktourmode8
23,KNR-Transit,atwork,0.0,atworktourmode8
6,KNR-Transit,atwork,0.0,atworktourmode8
7,KNR-Transit,atwork,0.0,atworktourmode8
8,KNR-Transit,atwork,0.0,atworktourmode8
9,KNR-Transit,atwork,0.0,atworktourmode8
10,KNR-Transit,atwork,0.0,atworktourmode8
11,KNR-Transit,atwork,0.0,atworktourmode8
12,KNR-Transit,atwork,0.0,atworktourmode8
13,KNR-Transit,atwork,0.0,atworktourmode8
14,KNR-Transit,atwork,0.0,atworktourmode8
15,KNR-Transit,atwork,0.0,atworktourmode8
16,KNR-Transit,atwork,0.0,atworktourmode8
17,KNR-Transit,atwork,0.0,atworktourmode8
21,KNR-Transit,atwork,0.0,atworktourmode8
19,KNR-Transit,atwork,0.0,atworktourmode8
20,KNR-Transit,atwork,0.0,atworktourmode8
18,KNR-Transit,atwork,0.0,atworktourmode8
1,TNC-Transit,atwork,0.0,atworktourmode9
2,TNC-Transit,atwork,0.0,atworktourmode9
3,TNC-Transit,atwork,0.0,atworktourmode9
4,TNC-Transit,atwork,0.0,atworktourmode9
5,TNC-Transit,atwork,0.0,atworktourmode9
22,TNC-Transit,atwork,0.0,atworktourmode9
23,TNC-Transit,atwork,0.0,atworktourmode9
6,TNC-Transit,atwork,0.0,atworktourmode9
7,TNC-Transit,atwork,0.0,atworktourmode9
8,TNC-Transit,atwork,0.0,atworktourmode9
9,TNC-Transit,atwork,0.0,atworktourmode9
10,TNC-Transit,atwork,0.0,atworktourmode9
11,TNC-Transit,atwork,0.0,atworktourmode9
12,TNC-Transit,atwork,0.0,atworktourmode9
13,TNC-Transit,atwork,0.0,atworktourmode9
14,TNC-Transit,atwork,0.0,atworktourmode9
15,TNC-Transit,atwork,0.0,atworktourmode9
16,TNC-Transit,atwork,0.0,atworktourmode9
17,TNC-Transit,atwork,0.0,atworktourmode9
21,TNC-Transit,atwork,0.0,atworktourmode9
19,TNC-Transit,atwork,0.0,atworktourmode9
20,TNC-Transit,atwork,0.0,atworktourmode9
18,TNC-Transit,atwork,0.0,atworktourmode9
1,SchoolBus,atwork,0.0,atworktourmode13
2,SchoolBus,atwork,0.0,atworktourmode13
3,SchoolBus,atwork,0.0,atworktourmode13
4,SchoolBus,atwork,0.0,atworktourmode13
5,SchoolBus,atwork,0.0,atworktourmode13
22,SchoolBus,atwork,0.0,atworktourmode13
23,SchoolBus,atwork,0.0,atworktourmode13
6,SchoolBus,atwork,0.0,atworktourmode13
7,SchoolBus,atwork,0.0,atworktourmode13
8,SchoolBus,atwork,0.0,atworktourmode13
9,SchoolBus,atwork,0.0,atworktourmode13
10,SchoolBus,atwork,0.0,atworktourmode13
11,SchoolBus,atwork,0.0,atworktourmode13
12,SchoolBus,atwork,0.0,atworktourmode13
13,SchoolBus,atwork,0.0,atworktourmode13
14,SchoolBus,atwork,0.0,atworktourmode13
15,SchoolBus,atwork,0.0,atworktourmode13
16,SchoolBus,atwork,0.0,atworktourmode13
17,SchoolBus,atwork,0.0,atworktourmode13
21,SchoolBus,atwork,0.0,atworktourmode13
19,SchoolBus,atwork,0.0,atworktourmode13
20,SchoolBus,atwork,0.0,atworktourmode13
18,SchoolBus,atwork,0.0,atworktourmode13
1,Taxi,atwork,0.0,atworktourmode10
2,Taxi,atwork,0.0,atworktourmode10
3,Taxi,atwork,0.0,atworktourmode10
4,Taxi,atwork,0.0,atworktourmode10
5,Taxi,atwork,0.0,atworktourmode10
22,Taxi,atwork,0.0,atworktourmode10
23,Taxi,atwork,0.0,atworktourmode10
6,Taxi,atwork,0.0,atworktourmode10
7,Taxi,atwork,0.0,atworktourmode10
8,Taxi,atwork,0.0,atworktourmode10
9,Taxi,atwork,0.0,atworktourmode10
10,Taxi,atwork,0.0,atworktourmode10
11,Taxi,atwork,0.0,atworktourmode10
12,Taxi,atwork,0.0,atworktourmode10
13,Taxi,atwork,0.0,atworktourmode10
14,Taxi,atwork,0.0,atworktourmode10
15,Taxi,atwork,0.0,atworktourmode10
16,Taxi,atwork,0.0,atworktourmode10
17,Taxi,atwork,0.0,atworktourmode10
21,Taxi,atwork,0.0,atworktourmode10
19,Taxi,atwork,0.0,atworktourmode10
20,Taxi,atwork,0.0,atworktourmode10
18,Taxi,atwork,0.0,atworktourmode10
1,TNC-Single,atwork,0.0,atworktourmode11
2,TNC-Single,atwork,0.0,atworktourmode11
3,TNC-Single,atwork,0.0,atworktourmode11
4,TNC-Single,atwork,0.0,atworktourmode11
5,TNC-Single,atwork,0.0,atworktourmode11
22,TNC-Single,atwork,0.0,atworktourmode11
23,TNC-Single,atwork,0.0,atworktourmode11
6,TNC-Single,atwork,0.0,atworktourmode11
7,TNC-Single,atwork,0.0,atworktourmode11
8,TNC-Single,atwork,0.0,atworktourmode11
9,TNC-Single,atwork,0.0,atworktourmode11
10,TNC-Single,atwork,0.0,atworktourmode11
11,TNC-Single,atwork,0.0,atworktourmode11
12,TNC-Single,atwork,0.0,atworktourmode11
13,TNC-Single,atwork,0.0,atworktourmode11
14,TNC-Single,atwork,0.0,atworktourmode11
15,TNC-Single,atwork,0.0,atworktourmode11
16,TNC-Single,atwork,0.0,atworktourmode11
17,TNC-Single,atwork,0.0,atworktourmode11
21,TNC-Single,atwork,0.0,atworktourmode11
19,TNC-Single,atwork,0.0,atworktourmode11
20,TNC-Single,atwork,0.0,atworktourmode11
18,TNC-Single,atwork,0.0,atworktourmode11
1,TNC-Shared,atwork,0.0,atworktourmode12
2,TNC-Shared,atwork,0.0,atworktourmode12
3,TNC-Shared,atwork,0.0,atworktourmode12
4,TNC-Shared,atwork,0.0,atworktourmode12
5,TNC-Shared,atwork,0.0,atworktourmode12
22,TNC-Shared,atwork,0.0,atworktourmode12
23,TNC-Shared,atwork,0.0,atworktourmode12
6,TNC-Shared,atwork,0.0,atworktourmode12
7,TNC-Shared,atwork,0.0,atworktourmode12
8,TNC-Shared,atwork,0.0,atworktourmode12
9,TNC-Shared,atwork,0.0,atworktourmode12
10,TNC-Shared,atwork,0.0,atworktourmode12
11,TNC-Shared,atwork,0.0,atworktourmode12
12,TNC-Shared,atwork,0.0,atworktourmode12
13,TNC-Shared,atwork,0.0,atworktourmode12
14,TNC-Shared,atwork,0.0,atworktourmode12
15,TNC-Shared,atwork,0.0,atworktourmode12
16,TNC-Shared,atwork,0.0,atworktourmode12
17,TNC-Shared,atwork,0.0,atworktourmode12
21,TNC-Shared,atwork,0.0,atworktourmode12
19,TNC-Shared,atwork,0.0,atworktourmode12
20,TNC-Shared,atwork,0.0,atworktourmode12
18,TNC-Shared,atwork,0.0,atworktourmode12
1,Total,atwork,409141.0,atworkTotal
2,Total,atwork,34208.0,atworkTotal
3,Total,atwork,51392.0,atworkTotal
4,Total,atwork,216201.0,atworkTotal
5,Total,atwork,8626.0,atworkTotal
22,Total,atwork,0.0,atworkTotal
23,Total,atwork,1697.0,atworkTotal
6,Total,atwork,0.0,atworkTotal
7,Total,atwork,0.0,atworkTotal
8,Total,atwork,0.0,atworkTotal
9,Total,atwork,0.0,atworkTotal
10,Total,atwork,0.0,atworkTotal
11,Total,atwork,0.0,atworkTotal
12,Total,atwork,0.0,atworkTotal
13,Total,atwork,0.0,atworkTotal
14,Total,atwork,0.0,atworkTotal
15,Total,atwork,0.0,atworkTotal
16,Total,atwork,0.0,atworkTotal
17,Total,atwork,0.0,atworkTotal
21,Total,atwork,0.0,atworkTotal
19,Total,atwork,39.0,atworkTotal
20,Total,atwork,0.0,atworkTotal
18,Total,atwork,0.0,atworkTotal
1,Drivealone,imain,2214972.0,imaintourmode1
2,Drivealone,imain,1790.0,imaintourmode1
3,Drivealone,imain,1553.0,imaintourmode1
4,Drivealone,imain,70104.0,imaintourmode1
5,Drivealone,imain,751.0,imaintourmode1
22,Drivealone,imain,337.0,imaintourmode1
23,Drivealone,imain,1245.0,imaintourmode1
6,Drivealone,imain,0.0,imaintourmode1
7,Drivealone,imain,0.0,imaintourmode1
8,Drivealone,imain,0.0,imaintourmode1
9,Drivealone,imain,0.0,imaintourmode1
10,Drivealone,imain,0.0,imaintourmode1
11,Drivealone,imain,0.0,imaintourmode1
12,Drivealone,imain,0.0,imaintourmode1
13,Drivealone,imain,0.0,imaintourmode1
14,Drivealone,imain,0.0,imaintourmode1
15,Drivealone,imain,0.0,imaintourmode1
16,Drivealone,imain,0.0,imaintourmode1
17,Drivealone,imain,0.0,imaintourmode1
21,Drivealone,imain,0.0,imaintourmode1
19,Drivealone,imain,217.0,imaintourmode1
20,Drivealone,imain,0.0,imaintourmode1
18,Drivealone,imain,0.0,imaintourmode1
1,Shared2,imain,411933.0,imaintourmode2
2,Shared2,imain,756095.0,imaintourmode2
3,Shared2,imain,550.0,imaintourmode2
4,Shared2,imain,47682.0,imaintourmode2
5,Shared2,imain,23.0,imaintourmode2
22,Shared2,imain,0.0,imaintourmode2
23,Shared2,imain,0.0,imaintourmode2
6,Shared2,imain,0.0,imaintourmode2
7,Shared2,imain,0.0,imaintourmode2
8,Shared2,imain,0.0,imaintourmode2
9,Shared2,imain,0.0,imaintourmode2
10,Shared2,imain,0.0,imaintourmode2
11,Shared2,imain,0.0,imaintourmode2
12,Shared2,imain,0.0,imaintourmode2
13,Shared2,imain,0.0,imaintourmode2
14,Shared2,imain,0.0,imaintourmode2
15,Shared2,imain,0.0,imaintourmode2
16,Shared2,imain,0.0,imaintourmode2
17,Shared2,imain,0.0,imaintourmode2
21,Shared2,imain,0.0,imaintourmode2
19,Shared2,imain,148.0,imaintourmode2
20,Shared2,imain,0.0,imaintourmode2
18,Shared2,imain,10.0,imaintourmode2
1,Shared3,imain,213918.0,imaintourmode3
2,Shared3,imain,190400.0,imaintourmode3
3,Shared3,imain,808550.0,imaintourmode3
4,Shared3,imain,55621.0,imaintourmode3
5,Shared3,imain,91.0,imaintourmode3
22,Shared3,imain,0.0,imaintourmode3
23,Shared3,imain,967.0,imaintourmode3
6,Shared3,imain,0.0,imaintourmode3
7,Shared3,imain,0.0,imaintourmode3
8,Shared3,imain,0.0,imaintourmode3
9,Shared3,imain,0.0,imaintourmode3
10,Shared3,imain,0.0,imaintourmode3
11,Shared3,imain,0.0,imaintourmode3
12,Shared3,imain,0.0,imaintourmode3
13,Shared3,imain,0.0,imaintourmode3
14,Shared3,imain,0.0,imaintourmode3
15,Shared3,imain,0.0,imaintourmode3
16,Shared3,imain,0.0,imaintourmode3
17,Shared3,imain,0.0,imaintourmode3
21,Shared3,imain,0.0,imaintourmode3
19,Shared3,imain,226.0,imaintourmode3
20,Shared3,imain,0.0,imaintourmode3
18,Shared3,imain,0.0,imaintourmode3
1,Walk,imain,5479.0,imaintourmode4
2,Walk,imain,248.0,imaintourmode4
3,Walk,imain,49.0,imaintourmode4
4,Walk,imain,485697.0,imaintourmode4
5,Walk,imain,0.0,imaintourmode4
22,Walk,imain,0.0,imaintourmode4
23,Walk,imain,0.0,imaintourmode4
6,Walk,imain,0.0,imaintourmode4
7,Walk,imain,0.0,imaintourmode4
8,Walk,imain,0.0,imaintourmode4
9,Walk,imain,0.0,imaintourmode4
10,Walk,imain,0.0,imaintourmode4
11,Walk,imain,0.0,imaintourmode4
12,Walk,imain,0.0,imaintourmode4
13,Walk,imain,0.0,imaintourmode4
14,Walk,imain,0.0,imaintourmode4
15,Walk,imain,0.0,imaintourmode4
16,Walk,imain,0.0,imaintourmode4
17,Walk,imain,0.0,imaintourmode4
21,Walk,imain,0.0,imaintourmode4
19,Walk,imain,0.0,imaintourmode4
20,Walk,imain,0.0,imaintourmode4
18,Walk,imain,0.0,imaintourmode4
1,Bike,imain,0.0,imaintourmode5
2,Bike,imain,0.0,imaintourmode5
3,Bike,imain,3006.0,imaintourmode5
4,Bike,imain,6921.0,imaintourmode5
5,Bike,imain,50866.0,imaintourmode5
22,Bike,imain,0.0,imaintourmode5
23,Bike,imain,0.0,imaintourmode5
6,Bike,imain,0.0,imaintourmode5
7,Bike,imain,0.0,imaintourmode5
8,Bike,imain,0.0,imaintourmode5
9,Bike,imain,0.0,imaintourmode5
10,Bike,imain,0.0,imaintourmode5
11,Bike,imain,0.0,imaintourmode5
12,Bike,imain,0.0,imaintourmode5
13,Bike,imain,0.0,imaintourmode5
14,Bike,imain,0.0,imaintourmode5
15,Bike,imain,0.0,imaintourmode5
16,Bike,imain,0.0,imaintourmode5
17,Bike,imain,0.0,imaintourmode5
21,Bike,imain,0.0,imaintourmode5
19,Bike,imain,0.0,imaintourmode5
20,Bike,imain,0.0,imaintourmode5
18,Bike,imain,0.0,imaintourmode5
1,Escooter,imain,0.0,imaintourmode14
2,Escooter,imain,0.0,imaintourmode14
3,Escooter,imain,0.0,imaintourmode14
4,Escooter,imain,0.0,imaintourmode14
5,Escooter,imain,0.0,imaintourmode14
22,Escooter,imain,3040.0,imaintourmode14
23,Escooter,imain,0.0,imaintourmode14
6,Escooter,imain,0.0,imaintourmode14
7,Escooter,imain,0.0,imaintourmode14
8,Escooter,imain,0.0,imaintourmode14
9,Escooter,imain,0.0,imaintourmode14
10,Escooter,imain,0.0,imaintourmode14
11,Escooter,imain,0.0,imaintourmode14
12,Escooter,imain,0.0,imaintourmode14
13,Escooter,imain,0.0,imaintourmode14
14,Escooter,imain,0.0,imaintourmode14
15,Escooter,imain,0.0,imaintourmode14
16,Escooter,imain,0.0,imaintourmode14
17,Escooter,imain,0.0,imaintourmode14
21,Escooter,imain,0.0,imaintourmode14
19,Escooter,imain,0.0,imaintourmode14
20,Escooter,imain,0.0,imaintourmode14
18,Escooter,imain,0.0,imaintourmode14
1,Ebike,imain,0.0,imaintourmode15
2,Ebike,imain,0.0,imaintourmode15
3,Ebike,imain,0.0,imaintourmode15
4,Ebike,imain,0.0,imaintourmode15
5,Ebike,imain,0.0,imaintourmode15
22,Ebike,imain,0.0,imaintourmode15
23,Ebike,imain,10168.0,imaintourmode15
6,Ebike,imain,0.0,imaintourmode15
7,Ebike,imain,0.0,imaintourmode15
8,Ebike,imain,0.0,imaintourmode15
9,Ebike,imain,0.0,imaintourmode15
10,Ebike,imain,0.0,imaintourmode15
11,Ebike,imain,0.0,imaintourmode15
12,Ebike,imain,0.0,imaintourmode15
13,Ebike,imain,0.0,imaintourmode15
14,Ebike,imain,0.0,imaintourmode15
15,Ebike,imain,0.0,imaintourmode15
16,Ebike,imain,0.0,imaintourmode15
17,Ebike,imain,0.0,imaintourmode15
21,Ebike,imain,0.0,imaintourmode15
19,Ebike,imain,0.0,imaintourmode15
20,Ebike,imain,0.0,imaintourmode15
18,Ebike,imain,0.0,imaintourmode15
1,Walk-Transit,imain,807.0,imaintourmode6
2,Walk-Transit,imain,807.0,imaintourmode6
3,Walk-Transit,imain,0.0,imaintourmode6
4,Walk-Transit,imain,8396.0,imaintourmode6
5,Walk-Transit,imain,323.0,imaintourmode6
22,Walk-Transit,imain,0.0,imaintourmode6
23,Walk-Transit,imain,0.0,imaintourmode6
6,Walk-Transit,imain,7936.0,imaintourmode6
7,Walk-Transit,imain,9903.0,imaintourmode6
8,Walk-Transit,imain,3236.0,imaintourmode6
9,Walk-Transit,imain,0.0,imaintourmode6
10,Walk-Transit,imain,0.0,imaintourmode6
11,Walk-Transit,imain,0.0,imaintourmode6
12,Walk-Transit,imain,0.0,imaintourmode6
13,Walk-Transit,imain,0.0,imaintourmode6
14,Walk-Transit,imain,0.0,imaintourmode6
15,Walk-Transit,imain,0.0,imaintourmode6
16,Walk-Transit,imain,0.0,imaintourmode6
17,Walk-Transit,imain,0.0,imaintourmode6
21,Walk-Transit,imain,0.0,imaintourmode6
19,Walk-Transit,imain,484.0,imaintourmode6
20,Walk-Transit,imain,0.0,imaintourmode6
18,Walk-Transit,imain,0.0,imaintourmode6
1,PNR-Transit,imain,0.0,imaintourmode7
2,PNR-Transit,imain,0.0,imaintourmode7
3,PNR-Transit,imain,0.0,imaintourmode7
4,PNR-Transit,imain,0.0,imaintourmode7
5,PNR-Transit,imain,0.0,imaintourmode7
22,PNR-Transit,imain,0.0,imaintourmode7
23,PNR-Transit,imain,0.0,imaintourmode7
6,PNR-Transit,imain,0.0,imaintourmode7
7,PNR-Transit,imain,0.0,imaintourmode7
8,PNR-Transit,imain,0.0,imaintourmode7
9,PNR-Transit,imain,69.0,imaintourmode7
10,PNR-Transit,imain,1024.0,imaintourmode7
11,PNR-Transit,imain,13.0,imaintourmode7
12,PNR-Transit,imain,0.0,imaintourmode7
13,PNR-Transit,imain,0.0,imaintourmode7
14,PNR-Transit,imain,0.0,imaintourmode7
15,PNR-Transit,imain,0.0,imaintourmode7
16,PNR-Transit,imain,0.0,imaintourmode7
17,PNR-Transit,imain,0.0,imaintourmode7
21,PNR-Transit,imain,0.0,imaintourmode7
19,PNR-Transit,imain,0.0,imaintourmode7
20,PNR-Transit,imain,0.0,imaintourmode7
18,PNR-Transit,imain,0.0,imaintourmode7
1,KNR-Transit,imain,0.0,imaintourmode8
2,KNR-Transit,imain,0.0,imaintourmode8
3,KNR-Transit,imain,0.0,imaintourmode8
4,KNR-Transit,imain,0.0,imaintourmode8
5,KNR-Transit,imain,0.0,imaintourmode8
22,KNR-Transit,imain,0.0,imaintourmode8
23,KNR-Transit,imain,0.0,imaintourmode8
6,KNR-Transit,imain,0.0,imaintourmode8
7,KNR-Transit,imain,0.0,imaintourmode8
8,KNR-Transit,imain,0.0,imaintourmode8
9,KNR-Transit,imain,0.0,imaintourmode8
10,KNR-Transit,imain,0.0,imaintourmode8
11,KNR-Transit,imain,0.0,imaintourmode8
12,KNR-Transit,imain,546.0,imaintourmode8
13,KNR-Transit,imain,2243.0,imaintourmode8
14,KNR-Transit,imain,140.0,imaintourmode8
15,KNR-Transit,imain,0.0,imaintourmode8
16,KNR-Transit,imain,0.0,imaintourmode8
17,KNR-Transit,imain,0.0,imaintourmode8
21,KNR-Transit,imain,0.0,imaintourmode8
19,KNR-Transit,imain,0.0,imaintourmode8
20,KNR-Transit,imain,0.0,imaintourmode8
18,KNR-Transit,imain,0.0,imaintourmode8
1,TNC-Transit,imain,0.0,imaintourmode9
2,TNC-Transit,imain,0.0,imaintourmode9
3,TNC-Transit,imain,0.0,imaintourmode9
4,TNC-Transit,imain,0.0,imaintourmode9
5,TNC-Transit,imain,0.0,imaintourmode9
22,TNC-Transit,imain,0.0,imaintourmode9
23,TNC-Transit,imain,0.0,imaintourmode9
6,TNC-Transit,imain,0.0,imaintourmode9
7,TNC-Transit,imain,0.0,imaintourmode9
8,TNC-Transit,imain,0.0,imaintourmode9
9,TNC-Transit,imain,0.0,imaintourmode9
10,TNC-Transit,imain,0.0,imaintourmode9
11,TNC-Transit,imain,0.0,imaintourmode9
12,TNC-Transit,imain,0.0,imaintourmode9
13,TNC-Transit,imain,0.0,imaintourmode9
14,TNC-Transit,imain,0.0,imaintourmode9
15,TNC-Transit,imain,126.0,imaintourmode9
16,TNC-Transit,imain,254.0,imaintourmode9
17,TNC-Transit,imain,31.0,imaintourmode9
21,TNC-Transit,imain,0.0,imaintourmode9
19,TNC-Transit,imain,0.0,imaintourmode9
20,TNC-Transit,imain,0.0,imaintourmode9
18,TNC-Transit,imain,0.0,imaintourmode9
1,SchoolBus,imain,0.0,imaintourmode13
2,SchoolBus,imain,0.0,imaintourmode13
3,SchoolBus,imain,0.0,imaintourmode13
4,SchoolBus,imain,0.0,imaintourmode13
5,SchoolBus,imain,0.0,imaintourmode13
22,SchoolBus,imain,0.0,imaintourmode13
23,SchoolBus,imain,0.0,imaintourmode13
6,SchoolBus,imain,0.0,imaintourmode13
7,SchoolBus,imain,0.0,imaintourmode13
8,SchoolBus,imain,0.0,imaintourmode13
9,SchoolBus,imain,0.0,imaintourmode13
10,SchoolBus,imain,0.0,imaintourmode13
11,SchoolBus,imain,0.0,imaintourmode13
12,SchoolBus,imain,0.0,imaintourmode13
13,SchoolBus,imain,0.0,imaintourmode13
14,SchoolBus,imain,0.0,imaintourmode13
15,SchoolBus,imain,0.0,imaintourmode13
16,SchoolBus,imain,0.0,imaintourmode13
17,SchoolBus,imain,0.0,imaintourmode13
21,SchoolBus,imain,0.0,imaintourmode13
19,SchoolBus,imain,0.0,imaintourmode13
20,SchoolBus,imain,0.0,imaintourmode13
18,SchoolBus,imain,0.0,imaintourmode13
1,Taxi,imain,0.0,imaintourmode10
2,Taxi,imain,0.0,imaintourmode10
3,Taxi,imain,0.0,imaintourmode10
4,Taxi,imain,0.0,imaintourmode10
5,Taxi,imain,0.0,imaintourmode10
22,Taxi,imain,0.0,imaintourmode10
23,Taxi,imain,0.0,imaintourmode10
6,Taxi,imain,0.0,imaintourmode10
7,Taxi,imain,0.0,imaintourmode10
8,Taxi,imain,0.0,imaintourmode10
9,Taxi,imain,0.0,imaintourmode10
10,Taxi,imain,0.0,imaintourmode10
11,Taxi,imain,0.0,imaintourmode10
12,Taxi,imain,0.0,imaintourmode10
13,Taxi,imain,0.0,imaintourmode10
14,Taxi,imain,0.0,imaintourmode10
15,Taxi,imain,0.0,imaintourmode10
16,Taxi,imain,0.0,imaintourmode10
17,Taxi,imain,0.0,imaintourmode10
21,Taxi,imain,0.0,imaintourmode10
19,Taxi,imain,0.0,imaintourmode10
20,Taxi,imain,0.0,imaintourmode10
18,Taxi,imain,8479.0,imaintourmode10
1,TNC-Single,imain,0.0,imaintourmode11
2,TNC-Single,imain,0.0,imaintourmode11
3,TNC-Single,imain,0.0,imaintourmode11
4,TNC-Single,imain,0.0,imaintourmode11
5,TNC-Single,imain,0.0,imaintourmode11
22,TNC-Single,imain,0.0,imaintourmode11
23,TNC-Single,imain,0.0,imaintourmode11
6,TNC-Single,imain,0.0,imaintourmode11
7,TNC-Single,imain,0.0,imaintourmode11
8,TNC-Single,imain,0.0,imaintourmode11
9,TNC-Single,imain,0.0,imaintourmode11
10,TNC-Single,imain,0.0,imaintourmode11
11,TNC-Single,imain,0.0,imaintourmode11
12,TNC-Single,imain,0.0,imaintourmode11
13,TNC-Single,imain,0.0,imaintourmode11
14,TNC-Single,imain,0.0,imaintourmode11
15,TNC-Single,imain,0.0,imaintourmode11
16,TNC-Single,imain,0.0,imaintourmode11
17,TNC-Single,imain,0.0,imaintourmode11
21,TNC-Single,imain,0.0,imaintourmode11
19,TNC-Single,imain,53845.0,imaintourmode11
20,TNC-Single,imain,0.0,imaintourmode11
18,TNC-Single,imain,0.0,imaintourmode11
1,TNC-Shared,imain,0.0,imaintourmode12
2,TNC-Shared,imain,0.0,imaintourmode12
3,TNC-Shared,imain,0.0,imaintourmode12
4,TNC-Shared,imain,0.0,imaintourmode12
5,TNC-Shared,imain,0.0,imaintourmode12
22,TNC-Shared,imain,0.0,imaintourmode12
23,TNC-Shared,imain,0.0,imaintourmode12
6,TNC-Shared,imain,0.0,imaintourmode12
7,TNC-Shared,imain,0.0,imaintourmode12
8,TNC-Shared,imain,0.0,imaintourmode12
9,TNC-Shared,imain,0.0,imaintourmode12
10,TNC-Shared,imain,0.0,imaintourmode12
11,TNC-Shared,imain,0.0,imaintourmode12
12,TNC-Shared,imain,0.0,imaintourmode12
13,TNC-Shared,imain,0.0,imaintourmode12
14,TNC-Shared,imain,0.0,imaintourmode12
15,TNC-Shared,imain,0.0,imaintourmode12
16,TNC-Shared,imain,0.0,imaintourmode12
17,TNC-Shared,imain,0.0,imaintourmode12
21,TNC-Shared,imain,0.0,imaintourmode12
19,TNC-Shared,imain,0.0,imaintourmode12
20,TNC-Shared,imain,0.0,imaintourmode12
18,TNC-Shared,imain,0.0,imaintourmode12
1,Total,imain,2847109.0,imainTotal
2,Total,imain,949340.0,imainTotal
3,Total,imain,813708.0,imainTotal
4,Total,imain,674421.0,imainTotal
5,Total,imain,52054.0,imainTotal
22,Total,imain,3377.0,imainTotal
23,Total,imain,12380.0,imainTotal
6,Total,imain,7936.0,imainTotal
7,Total,imain,9903.0,imainTotal
8,Total,imain,3236.0,imainTotal
9,Total,imain,69.0,imainTotal
10,Total,imain,1024.0,imainTotal
11,Total,imain,13.0,imainTotal
12,Total,imain,546.0,imainTotal
13,Total,imain,2243.0,imainTotal
14,Total,imain,140.0,imainTotal
15,Total,imain,126.0,imainTotal
16,Total,imain,254.0,imainTotal
17,Total,imain,31.0,imainTotal
21,Total,imain,0.0,imainTotal
19,Total,imain,54920.0,imainTotal
20,Total,imain,0.0,imainTotal
18,Total,imain,8489.0,imainTotal
1,Drivealone,idisc,926081.0,idisctourmode1
2,Drivealone,idisc,2543.0,idisctourmode1
3,Drivealone,idisc,2281.0,idisctourmode1
4,Drivealone,idisc,29257.0,idisctourmode1
5,Drivealone,idisc,23325.0,idisctourmode1
22,Drivealone,idisc,0.0,idisctourmode1
23,Drivealone,idisc,91.0,idisctourmode1
6,Drivealone,idisc,0.0,idisctourmode1
7,Drivealone,idisc,0.0,idisctourmode1
8,Drivealone,idisc,0.0,idisctourmode1
9,Drivealone,idisc,0.0,idisctourmode1
10,Drivealone,idisc,0.0,idisctourmode1
11,Drivealone,idisc,0.0,idisctourmode1
12,Drivealone,idisc,0.0,idisctourmode1
13,Drivealone,idisc,0.0,idisctourmode1
14,Drivealone,idisc,0.0,idisctourmode1
15,Drivealone,idisc,0.0,idisctourmode1
16,Drivealone,idisc,0.0,idisctourmode1
17,Drivealone,idisc,0.0,idisctourmode1
21,Drivealone,idisc,0.0,idisctourmode1
19,Drivealone,idisc,181.0,idisctourmode1
20,Drivealone,idisc,0.0,idisctourmode1
18,Drivealone,idisc,0.0,idisctourmode1
1,Shared2,idisc,81844.0,idisctourmode2
2,Shared2,idisc,226451.0,idisctourmode2
3,Shared2,idisc,441.0,idisctourmode2
4,Shared2,idisc,14759.0,idisctourmode2
5,Shared2,idisc,420.0,idisctourmode2
22,Shared2,idisc,7.0,idisctourmode2
23,Shared2,idisc,0.0,idisctourmode2
6,Shared2,idisc,0.0,idisctourmode2
7,Shared2,idisc,0.0,idisctourmode2
8,Shared2,idisc,0.0,idisctourmode2
9,Shared2,idisc,0.0,idisctourmode2
10,Shared2,idisc,0.0,idisctourmode2
11,Shared2,idisc,0.0,idisctourmode2
12,Shared2,idisc,0.0,idisctourmode2
13,Shared2,idisc,0.0,idisctourmode2
14,Shared2,idisc,0.0,idisctourmode2
15,Shared2,idisc,0.0,idisctourmode2
16,Shared2,idisc,0.0,idisctourmode2
17,Shared2,idisc,0.0,idisctourmode2
21,Shared2,idisc,0.0,idisctourmode2
19,Shared2,idisc,88.0,idisctourmode2
20,Shared2,idisc,0.0,idisctourmode2
18,Shared2,idisc,0.0,idisctourmode2
1,Shared3,idisc,15997.0,idisctourmode3
2,Shared3,idisc,12667.0,idisctourmode3
3,Shared3,idisc,285683.0,idisctourmode3
4,Shared3,idisc,75761.0,idisctourmode3
5,Shared3,idisc,65.0,idisctourmode3
22,Shared3,idisc,0.0,idisctourmode3
23,Shared3,idisc,0.0,idisctourmode3
6,Shared3,idisc,0.0,idisctourmode3
7,Shared3,idisc,0.0,idisctourmode3
8,Shared3,idisc,0.0,idisctourmode3
9,Shared3,idisc,0.0,idisctourmode3
10,Shared3,idisc,0.0,idisctourmode3
11,Shared3,idisc,0.0,idisctourmode3
12,Shared3,idisc,0.0,idisctourmode3
13,Shared3,idisc,0.0,idisctourmode3
14,Shared3,idisc,0.0,idisctourmode3
15,Shared3,idisc,0.0,idisctourmode3
16,Shared3,idisc,0.0,idisctourmode3
17,Shared3,idisc,0.0,idisctourmode3
21,Shared3,idisc,0.0,idisctourmode3
19,Shared3,idisc,778.0,idisctourmode3
20,Shared3,idisc,0.0,idisctourmode3
18,Shared3,idisc,0.0,idisctourmode3
1,Walk,idisc,447.0,idisctourmode4
2,Walk,idisc,0.0,idisctourmode4
3,Walk,idisc,0.0,idisctourmode4
4,Walk,idisc,455797.0,idisctourmode4
5,Walk,idisc,0.0,idisctourmode4
22,Walk,idisc,0.0,idisctourmode4
23,Walk,idisc,0.0,idisctourmode4
6,Walk,idisc,0.0,idisctourmode4
7,Walk,idisc,0.0,idisctourmode4
8,Walk,idisc,0.0,idisctourmode4
9,Walk,idisc,0.0,idisctourmode4
10,Walk,idisc,0.0,idisctourmode4
11,Walk,idisc,0.0,idisctourmode4
12,Walk,idisc,0.0,idisctourmode4
13,Walk,idisc,0.0,idisctourmode4
14,Walk,idisc,0.0,idisctourmode4
15,Walk,idisc,0.0,idisctourmode4
16,Walk,idisc,0.0,idisctourmode4
17,Walk,idisc,0.0,idisctourmode4
21,Walk,idisc,0.0,idisctourmode4
19,Walk,idisc,0.0,idisctourmode4
20,Walk,idisc,0.0,idisctourmode4
18,Walk,idisc,0.0,idisctourmode4
1,Bike,idisc,0.0,idisctourmode5
2,Bike,idisc,40.0,idisctourmode5
3,Bike,idisc,38.0,idisctourmode5
4,Bike,idisc,4614.0,idisctourmode5
5,Bike,idisc,22033.0,idisctourmode5
22,Bike,idisc,0.0,idisctourmode5
23,Bike,idisc,0.0,idisctourmode5
6,Bike,idisc,0.0,idisctourmode5
7,Bike,idisc,0.0,idisctourmode5
8,Bike,idisc,0.0,idisctourmode5
9,Bike,idisc,0.0,idisctourmode5
10,Bike,idisc,0.0,idisctourmode5
11,Bike,idisc,0.0,idisctourmode5
12,Bike,idisc,0.0,idisctourmode5
13,Bike,idisc,0.0,idisctourmode5
14,Bike,idisc,0.0,idisctourmode5
15,Bike,idisc,0.0,idisctourmode5
16,Bike,idisc,0.0,idisctourmode5
17,Bike,idisc,0.0,idisctourmode5
21,Bike,idisc,0.0,idisctourmode5
19,Bike,idisc,0.0,idisctourmode5
20,Bike,idisc,0.0,idisctourmode5
18,Bike,idisc,0.0,idisctourmode5
1,Escooter,idisc,0.0,idisctourmode14
2,Escooter,idisc,0.0,idisctourmode14
3,Escooter,idisc,0.0,idisctourmode14
4,Escooter,idisc,0.0,idisctourmode14
5,Escooter,idisc,0.0,idisctourmode14
22,Escooter,idisc,2623.0,idisctourmode14
23,Escooter,idisc,0.0,idisctourmode14
6,Escooter,idisc,0.0,idisctourmode14
7,Escooter,idisc,0.0,idisctourmode14
8,Escooter,idisc,0.0,idisctourmode14
9,Escooter,idisc,0.0,idisctourmode14
10,Escooter,idisc,0.0,idisctourmode14
11,Escooter,idisc,0.0,idisctourmode14
12,Escooter,idisc,0.0,idisctourmode14
13,Escooter,idisc,0.0,idisctourmode14
14,Escooter,idisc,0.0,idisctourmode14
15,Escooter,idisc,0.0,idisctourmode14
16,Escooter,idisc,0.0,idisctourmode14
17,Escooter,idisc,0.0,idisctourmode14
21,Escooter,idisc,0.0,idisctourmode14
19,Escooter,idisc,0.0,idisctourmode14
20,Escooter,idisc,0.0,idisctourmode14
18,Escooter,idisc,0.0,idisctourmode14
1,Ebike,idisc,0.0,idisctourmode15
2,Ebike,idisc,0.0,idisctourmode15
3,Ebike,idisc,0.0,idisctourmode15
4,Ebike,idisc,0.0,idisctourmode15
5,Ebike,idisc,0.0,idisctourmode15
22,Ebike,idisc,0.0,idisctourmode15
23,Ebike,idisc,2400.0,idisctourmode15
6,Ebike,idisc,0.0,idisctourmode15
7,Ebike,idisc,0.0,idisctourmode15
8,Ebike,idisc,0.0,idisctourmode15
9,Ebike,idisc,0.0,idisctourmode15
10,Ebike,idisc,0.0,idisctourmode15
11,Ebike,idisc,0.0,idisctourmode15
12,Ebike,idisc,0.0,idisctourmode15
13,Ebike,idisc,0.0,idisctourmode15
14,Ebike,idisc,0.0,idisctourmode15
15,Ebike,idisc,0.0,idisctourmode15
16,Ebike,idisc,0.0,idisctourmode15
17,Ebike,idisc,0.0,idisctourmode15
21,Ebike,idisc,0.0,idisctourmode15
19,Ebike,idisc,0.0,idisctourmode15
20,Ebike,idisc,0.0,idisctourmode15
18,Ebike,idisc,0.0,idisctourmode15
1,Walk-Transit,idisc,3198.0,idisctourmode6
2,Walk-Transit,idisc,1199.0,idisctourmode6
3,Walk-Transit,idisc,0.0,idisctourmode6
4,Walk-Transit,idisc,5597.0,idisctourmode6
5,Walk-Transit,idisc,0.0,idisctourmode6
22,Walk-Transit,idisc,0.0,idisctourmode6
23,Walk-Transit,idisc,0.0,idisctourmode6
6,Walk-Transit,idisc,14203.0,idisctourmode6
7,Walk-Transit,idisc,17757.0,idisctourmode6
8,Walk-Transit,idisc,4653.0,idisctourmode6
9,Walk-Transit,idisc,0.0,idisctourmode6
10,Walk-Transit,idisc,0.0,idisctourmode6
11,Walk-Transit,idisc,0.0,idisctourmode6
12,Walk-Transit,idisc,0.0,idisctourmode6
13,Walk-Transit,idisc,0.0,idisctourmode6
14,Walk-Transit,idisc,0.0,idisctourmode6
15,Walk-Transit,idisc,0.0,idisctourmode6
16,Walk-Transit,idisc,0.0,idisctourmode6
17,Walk-Transit,idisc,0.0,idisctourmode6
21,Walk-Transit,idisc,0.0,idisctourmode6
19,Walk-Transit,idisc,1599.0,idisctourmode6
20,Walk-Transit,idisc,0.0,idisctourmode6
18,Walk-Transit,idisc,0.0,idisctourmode6
1,PNR-Transit,idisc,0.0,idisctourmode7
2,PNR-Transit,idisc,0.0,idisctourmode7
3,PNR-Transit,idisc,0.0,idisctourmode7
4,PNR-Transit,idisc,0.0,idisctourmode7
5,PNR-Transit,idisc,0.0,idisctourmode7
22,PNR-Transit,idisc,0.0,idisctourmode7
23,PNR-Transit,idisc,0.0,idisctourmode7
6,PNR-Transit,idisc,0.0,idisctourmode7
7,PNR-Transit,idisc,0.0,idisctourmode7
8,PNR-Transit,idisc,0.0,idisctourmode7
9,PNR-Transit,idisc,92.0,idisctourmode7
10,PNR-Transit,idisc,1762.0,idisctourmode7
11,PNR-Transit,idisc,33.0,idisctourmode7
12,PNR-Transit,idisc,0.0,idisctourmode7
13,PNR-Transit,idisc,0.0,idisctourmode7
14,PNR-Transit,idisc,0.0,idisctourmode7
15,PNR-Transit,idisc,0.0,idisctourmode7
16,PNR-Transit,idisc,0.0,idisctourmode7
17,PNR-Transit,idisc,0.0,idisctourmode7
21,PNR-Transit,idisc,0.0,idisctourmode7
19,PNR-Transit,idisc,0.0,idisctourmode7
20,PNR-Transit,idisc,0.0,idisctourmode7
18,PNR-Transit,idisc,0.0,idisctourmode7
1,KNR-Transit,idisc,0.0,idisctourmode8
2,KNR-Transit,idisc,0.0,idisctourmode8
3,KNR-Transit,idisc,0.0,idisctourmode8
4,KNR-Transit,idisc,0.0,idisctourmode8
5,KNR-Transit,idisc,0.0,idisctourmode8
22,KNR-Transit,idisc,0.0,idisctourmode8
23,KNR-Transit,idisc,0.0,idisctourmode8
6,KNR-Transit,idisc,0.0,idisctourmode8
7,KNR-Transit,idisc,0.0,idisctourmode8
8,KNR-Transit,idisc,0.0,idisctourmode8
9,KNR-Transit,idisc,0.0,idisctourmode8
10,KNR-Transit,idisc,0.0,idisctourmode8
11,KNR-Transit,idisc,0.0,idisctourmode8
12,KNR-Transit,idisc,1386.0,idisctourmode8
13,KNR-Transit,idisc,3639.0,idisctourmode8
14,KNR-Transit,idisc,265.0,idisctourmode8
15,KNR-Transit,idisc,0.0,idisctourmode8
16,KNR-Transit,idisc,0.0,idisctourmode8
17,KNR-Transit,idisc,0.0,idisctourmode8
21,KNR-Transit,idisc,0.0,idisctourmode8
19,KNR-Transit,idisc,0.0,idisctourmode8
20,KNR-Transit,idisc,0.0,idisctourmode8
18,KNR-Transit,idisc,0.0,idisctourmode8
1,TNC-Transit,idisc,0.0,idisctourmode9
2,TNC-Transit,idisc,0.0,idisctourmode9
3,TNC-Transit,idisc,0.0,idisctourmode9
4,TNC-Transit,idisc,0.0,idisctourmode9
5,TNC-Transit,idisc,0.0,idisctourmode9
22,TNC-Transit,idisc,0.0,idisctourmode9
23,TNC-Transit,idisc,0.0,idisctourmode9
6,TNC-Transit,idisc,0.0,idisctourmode9
7,TNC-Transit,idisc,0.0,idisctourmode9
8,TNC-Transit,idisc,0.0,idisctourmode9
9,TNC-Transit,idisc,0.0,idisctourmode9
10,TNC-Transit,idisc,0.0,idisctourmode9
11,TNC-Transit,idisc,0.0,idisctourmode9
12,TNC-Transit,idisc,0.0,idisctourmode9
13,TNC-Transit,idisc,0.0,idisctourmode9
14,TNC-Transit,idisc,0.0,idisctourmode9
15,TNC-Transit,idisc,253.0,idisctourmode9
16,TNC-Transit,idisc,644.0,idisctourmode9
17,TNC-Transit,idisc,57.0,idisctourmode9
21,TNC-Transit,idisc,0.0,idisctourmode9
19,TNC-Transit,idisc,0.0,idisctourmode9
20,TNC-Transit,idisc,0.0,idisctourmode9
18,TNC-Transit,idisc,0.0,idisctourmode9
1,SchoolBus,idisc,0.0,idisctourmode13
2,SchoolBus,idisc,0.0,idisctourmode13
3,SchoolBus,idisc,0.0,idisctourmode13
4,SchoolBus,idisc,0.0,idisctourmode13
5,SchoolBus,idisc,0.0,idisctourmode13
22,SchoolBus,idisc,0.0,idisctourmode13
23,SchoolBus,idisc,0.0,idisctourmode13
6,SchoolBus,idisc,0.0,idisctourmode13
7,SchoolBus,idisc,0.0,idisctourmode13
8,SchoolBus,idisc,0.0,idisctourmode13
9,SchoolBus,idisc,0.0,idisctourmode13
10,SchoolBus,idisc,0.0,idisctourmode13
11,SchoolBus,idisc,0.0,idisctourmode13
12,SchoolBus,idisc,0.0,idisctourmode13
13,SchoolBus,idisc,0.0,idisctourmode13
14,SchoolBus,idisc,0.0,idisctourmode13
15,SchoolBus,idisc,0.0,idisctourmode13
16,SchoolBus,idisc,0.0,idisctourmode13
17,SchoolBus,idisc,0.0,idisctourmode13
21,SchoolBus,idisc,0.0,idisctourmode13
19,SchoolBus,idisc,0.0,idisctourmode13
20,SchoolBus,idisc,0.0,idisctourmode13
18,SchoolBus,idisc,0.0,idisctourmode13
1,Taxi,idisc,0.0,idisctourmode10
2,Taxi,idisc,0.0,idisctourmode10
3,Taxi,idisc,0.0,idisctourmode10
4,Taxi,idisc,0.0,idisctourmode10
5,Taxi,idisc,0.0,idisctourmode10
22,Taxi,idisc,0.0,idisctourmode10
23,Taxi,idisc,0.0,idisctourmode10
6,Taxi,idisc,0.0,idisctourmode10
7,Taxi,idisc,0.0,idisctourmode10
8,Taxi,idisc,0.0,idisctourmode10
9,Taxi,idisc,0.0,idisctourmode10
10,Taxi,idisc,0.0,idisctourmode10
11,Taxi,idisc,0.0,idisctourmode10
12,Taxi,idisc,0.0,idisctourmode10
13,Taxi,idisc,0.0,idisctourmode10
14,Taxi,idisc,0.0,idisctourmode10
15,Taxi,idisc,0.0,idisctourmode10
16,Taxi,idisc,0.0,idisctourmode10
17,Taxi,idisc,0.0,idisctourmode10
21,Taxi,idisc,0.0,idisctourmode10
19,Taxi,idisc,0.0,idisctourmode10
20,Taxi,idisc,0.0,idisctourmode10
18,Taxi,idisc,2112.0,idisctourmode10
1,TNC-Single,idisc,0.0,idisctourmode11
2,TNC-Single,idisc,0.0,idisctourmode11
3,TNC-Single,idisc,0.0,idisctourmode11
4,TNC-Single,idisc,0.0,idisctourmode11
5,TNC-Single,idisc,0.0,idisctourmode11
22,TNC-Single,idisc,0.0,idisctourmode11
23,TNC-Single,idisc,0.0,idisctourmode11
6,TNC-Single,idisc,0.0,idisctourmode11
7,TNC-Single,idisc,0.0,idisctourmode11
8,TNC-Single,idisc,0.0,idisctourmode11
9,TNC-Single,idisc,0.0,idisctourmode11
10,TNC-Single,idisc,0.0,idisctourmode11
11,TNC-Single,idisc,0.0,idisctourmode11
12,TNC-Single,idisc,0.0,idisctourmode11
13,TNC-Single,idisc,0.0,idisctourmode11
14,TNC-Single,idisc,0.0,idisctourmode11
15,TNC-Single,idisc,0.0,idisctourmode11
16,TNC-Single,idisc,0.0,idisctourmode11
17,TNC-Single,idisc,0.0,idisctourmode11
21,TNC-Single,idisc,0.0,idisctourmode11
19,TNC-Single,idisc,3971.0,idisctourmode11
20,TNC-Single,idisc,0.0,idisctourmode11
18,TNC-Single,idisc,0.0,idisctourmode11
1,TNC-Shared,idisc,0.0,idisctourmode12
2,TNC-Shared,idisc,0.0,idisctourmode12
3,TNC-Shared,idisc,0.0,idisctourmode12
4,TNC-Shared,idisc,0.0,idisctourmode12
5,TNC-Shared,idisc,0.0,idisctourmode12
22,TNC-Shared,idisc,0.0,idisctourmode12
23,TNC-Shared,idisc,0.0,idisctourmode12
6,TNC-Shared,idisc,0.0,idisctourmode12
7,TNC-Shared,idisc,0.0,idisctourmode12
8,TNC-Shared,idisc,0.0,idisctourmode12
9,TNC-Shared,idisc,0.0,idisctourmode12
10,TNC-Shared,idisc,0.0,idisctourmode12
11,TNC-Shared,idisc,0.0,idisctourmode12
12,TNC-Shared,idisc,0.0,idisctourmode12
13,TNC-Shared,idisc,0.0,idisctourmode12
14,TNC-Shared,idisc,0.0,idisctourmode12
15,TNC-Shared,idisc,0.0,idisctourmode12
16,TNC-Shared,idisc,0.0,idisctourmode12
17,TNC-Shared,idisc,0.0,idisctourmode12
21,TNC-Shared,idisc,0.0,idisctourmode12
19,TNC-Shared,idisc,0.0,idisctourmode12
20,TNC-Shared,idisc,0.0,idisctourmode12
18,TNC-Shared,idisc,0.0,idisctourmode12
1,Total,idisc,1027567.0,idiscTotal
2,Total,idisc,242900.0,idiscTotal
3,Total,idisc,288443.0,idiscTotal
4,Total,idisc,585785.0,idiscTotal
5,Total,idisc,45843.0,idiscTotal
22,Total,idisc,2630.0,idiscTotal
23,Total,idisc,2491.0,idiscTotal
6,Total,idisc,14203.0,idiscTotal
7,Total,idisc,17757.0,idiscTotal
8,Total,idisc,4653.0,idiscTotal
9,Total,idisc,92.0,idiscTotal
10,Total,idisc,1762.0,idiscTotal
11,Total,idisc,33.0,idiscTotal
12,Total,idisc,1386.0,idiscTotal
13,Total,idisc,3639.0,idiscTotal
14,Total,idisc,265.0,idiscTotal
15,Total,idisc,253.0,idiscTotal
16,Total,idisc,644.0,idiscTotal
17,Total,idisc,57.0,idiscTotal
21,Total,idisc,0.0,idiscTotal
19,Total,idisc,6617.0,idiscTotal
20,Total,idisc,0.0,idiscTotal
18,Total,idisc,2112.0,idiscTotal
1,Drivealone,jdisc,0.0,jdisctourmode1
2,Drivealone,jdisc,0.0,jdisctourmode1
3,Drivealone,jdisc,0.0,jdisctourmode1
4,Drivealone,jdisc,0.0,jdisctourmode1
5,Drivealone,jdisc,0.0,jdisctourmode1
22,Drivealone,jdisc,0.0,jdisctourmode1
23,Drivealone,jdisc,0.0,jdisctourmode1
6,Drivealone,jdisc,0.0,jdisctourmode1
7,Drivealone,jdisc,0.0,jdisctourmode1
8,Drivealone,jdisc,0.0,jdisctourmode1
9,Drivealone,jdisc,0.0,jdisctourmode1
10,Drivealone,jdisc,0.0,jdisctourmode1
11,Drivealone,jdisc,0.0,jdisctourmode1
12,Drivealone,jdisc,0.0,jdisctourmode1
13,Drivealone,jdisc,0.0,jdisctourmode1
14,Drivealone,jdisc,0.0,jdisctourmode1
15,Drivealone,jdisc,0.0,jdisctourmode1
16,Drivealone,jdisc,0.0,jdisctourmode1
17,Drivealone,jdisc,0.0,jdisctourmode1
21,Drivealone,jdisc,0.0,jdisctourmode1
19,Drivealone,jdisc,0.0,jdisctourmode1
20,Drivealone,jdisc,0.0,jdisctourmode1
18,Drivealone,jdisc,0.0,jdisctourmode1
1,Shared2,jdisc,0.0,jdisctourmode2
2,Shared2,jdisc,560472.0,jdisctourmode2
3,Shared2,jdisc,0.0,jdisctourmode2
4,Shared2,jdisc,19900.0,jdisctourmode2
5,Shared2,jdisc,0.0,jdisctourmode2
22,Shared2,jdisc,0.0,jdisctourmode2
23,Shared2,jdisc,0.0,jdisctourmode2
6,Shared2,jdisc,0.0,jdisctourmode2
7,Shared2,jdisc,0.0,jdisctourmode2
8,Shared2,jdisc,0.0,jdisctourmode2
9,Shared2,jdisc,0.0,jdisctourmode2
10,Shared2,jdisc,0.0,jdisctourmode2
11,Shared2,jdisc,0.0,jdisctourmode2
12,Shared2,jdisc,0.0,jdisctourmode2
13,Shared2,jdisc,0.0,jdisctourmode2
14,Shared2,jdisc,0.0,jdisctourmode2
15,Shared2,jdisc,0.0,jdisctourmode2
16,Shared2,jdisc,0.0,jdisctourmode2
17,Shared2,jdisc,0.0,jdisctourmode2
21,Shared2,jdisc,0.0,jdisctourmode2
19,Shared2,jdisc,0.0,jdisctourmode2
20,Shared2,jdisc,0.0,jdisctourmode2
18,Shared2,jdisc,0.0,jdisctourmode2
1,Shared3,jdisc,0.0,jdisctourmode3
2,Shared3,jdisc,6024.0,jdisctourmode3
3,Shared3,jdisc,506129.0604227923,jdisctourmode3
4,Shared3,jdisc,14758.594785059902,jdisctourmode3
5,Shared3,jdisc,0.0,jdisctourmode3
22,Shared3,jdisc,0.0,jdisctourmode3
23,Shared3,jdisc,0.0,jdisctourmode3
6,Shared3,jdisc,0.0,jdisctourmode3
7,Shared3,jdisc,0.0,jdisctourmode3
8,Shared3,jdisc,0.0,jdisctourmode3
9,Shared3,jdisc,0.0,jdisctourmode3
10,Shared3,jdisc,0.0,jdisctourmode3
11,Shared3,jdisc,0.0,jdisctourmode3
12,Shared3,jdisc,0.0,jdisctourmode3
13,Shared3,jdisc,0.0,jdisctourmode3
14,Shared3,jdisc,0.0,jdisctourmode3
15,Shared3,jdisc,0.0,jdisctourmode3
16,Shared3,jdisc,0.0,jdisctourmode3
17,Shared3,jdisc,0.0,jdisctourmode3
21,Shared3,jdisc,0.0,jdisctourmode3
19,Shared3,jdisc,0.0,jdisctourmode3
20,Shared3,jdisc,0.0,jdisctourmode3
18,Shared3,jdisc,0.0,jdisctourmode3
1,Walk,jdisc,0.0,jdisctourmode4
2,Walk,jdisc,0.0,jdisctourmode4
3,Walk,jdisc,0.0,jdisctourmode4
4,Walk,jdisc,180020.0,jdisctourmode4
5,Walk,jdisc,0.0,jdisctourmode4
22,Walk,jdisc,0.0,jdisctourmode4
23,Walk,jdisc,0.0,jdisctourmode4
6,Walk,jdisc,0.0,jdisctourmode4
7,Walk,jdisc,0.0,jdisctourmode4
8,Walk,jdisc,0.0,jdisctourmode4
9,Walk,jdisc,0.0,jdisctourmode4
10,Walk,jdisc,0.0,jdisctourmode4
11,Walk,jdisc,0.0,jdisctourmode4
12,Walk,jdisc,0.0,jdisctourmode4
13,Walk,jdisc,0.0,jdisctourmode4
14,Walk,jdisc,0.0,jdisctourmode4
15,Walk,jdisc,0.0,jdisctourmode4
16,Walk,jdisc,0.0,jdisctourmode4
17,Walk,jdisc,0.0,jdisctourmode4
21,Walk,jdisc,0.0,jdisctourmode4
19,Walk,jdisc,0.0,jdisctourmode4
20,Walk,jdisc,0.0,jdisctourmode4
18,Walk,jdisc,0.0,jdisctourmode4
1,Bike,jdisc,0.0,jdisctourmode5
2,Bike,jdisc,0.0,jdisctourmode5
3,Bike,jdisc,0.0,jdisctourmode5
4,Bike,jdisc,0.0,jdisctourmode5
5,Bike,jdisc,0.0,jdisctourmode5
22,Bike,jdisc,0.0,jdisctourmode5
23,Bike,jdisc,0.0,jdisctourmode5
6,Bike,jdisc,0.0,jdisctourmode5
7,Bike,jdisc,0.0,jdisctourmode5
8,Bike,jdisc,0.0,jdisctourmode5
9,Bike,jdisc,0.0,jdisctourmode5
10,Bike,jdisc,0.0,jdisctourmode5
11,Bike,jdisc,0.0,jdisctourmode5
12,Bike,jdisc,0.0,jdisctourmode5
13,Bike,jdisc,0.0,jdisctourmode5
14,Bike,jdisc,0.0,jdisctourmode5
15,Bike,jdisc,0.0,jdisctourmode5
16,Bike,jdisc,0.0,jdisctourmode5
17,Bike,jdisc,0.0,jdisctourmode5
21,Bike,jdisc,0.0,jdisctourmode5
19,Bike,jdisc,0.0,jdisctourmode5
20,Bike,jdisc,0.0,jdisctourmode5
18,Bike,jdisc,0.0,jdisctourmode5
1,Escooter,jdisc,0.0,jdisctourmode14
2,Escooter,jdisc,0.0,jdisctourmode14
3,Escooter,jdisc,0.0,jdisctourmode14
4,Escooter,jdisc,0.0,jdisctourmode14
5,Escooter,jdisc,0.0,jdisctourmode14
22,Escooter,jdisc,0.0,jdisctourmode14
23,Escooter,jdisc,0.0,jdisctourmode14
6,Escooter,jdisc,0.0,jdisctourmode14
7,Escooter,jdisc,0.0,jdisctourmode14
8,Escooter,jdisc,0.0,jdisctourmode14
9,Escooter,jdisc,0.0,jdisctourmode14
10,Escooter,jdisc,0.0,jdisctourmode14
11,Escooter,jdisc,0.0,jdisctourmode14
12,Escooter,jdisc,0.0,jdisctourmode14
13,Escooter,jdisc,0.0,jdisctourmode14
14,Escooter,jdisc,0.0,jdisctourmode14
15,Escooter,jdisc,0.0,jdisctourmode14
16,Escooter,jdisc,0.0,jdisctourmode14
17,Escooter,jdisc,0.0,jdisctourmode14
21,Escooter,jdisc,0.0,jdisctourmode14
19,Escooter,jdisc,0.0,jdisctourmode14
20,Escooter,jdisc,0.0,jdisctourmode14
18,Escooter,jdisc,0.0,jdisctourmode14
1,Ebike,jdisc,0.0,jdisctourmode15
2,Ebike,jdisc,0.0,jdisctourmode15
3,Ebike,jdisc,0.0,jdisctourmode15
4,Ebike,jdisc,0.0,jdisctourmode15
5,Ebike,jdisc,0.0,jdisctourmode15
22,Ebike,jdisc,0.0,jdisctourmode15
23,Ebike,jdisc,2362.0,jdisctourmode15
6,Ebike,jdisc,0.0,jdisctourmode15
7,Ebike,jdisc,0.0,jdisctourmode15
8,Ebike,jdisc,0.0,jdisctourmode15
9,Ebike,jdisc,0.0,jdisctourmode15
10,Ebike,jdisc,0.0,jdisctourmode15
11,Ebike,jdisc,0.0,jdisctourmode15
12,Ebike,jdisc,0.0,jdisctourmode15
13,Ebike,jdisc,0.0,jdisctourmode15
14,Ebike,jdisc,0.0,jdisctourmode15
15,Ebike,jdisc,0.0,jdisctourmode15
16,Ebike,jdisc,0.0,jdisctourmode15
17,Ebike,jdisc,0.0,jdisctourmode15
21,Ebike,jdisc,0.0,jdisctourmode15
19,Ebike,jdisc,0.0,jdisctourmode15
20,Ebike,jdisc,0.0,jdisctourmode15
18,Ebike,jdisc,0.0,jdisctourmode15
1,Walk-Transit,jdisc,1157.0,jdisctourmode6
2,Walk-Transit,jdisc,1148.0,jdisctourmode6
3,Walk-Transit,jdisc,0.0,jdisctourmode6
4,Walk-Transit,jdisc,13405.47619047619,jdisctourmode6
5,Walk-Transit,jdisc,90.0,jdisctourmode6
22,Walk-Transit,jdisc,0.0,jdisctourmode6
23,Walk-Transit,jdisc,0.0,jdisctourmode6
6,Walk-Transit,jdisc,15619.282511210762,jdisctourmode6
7,Walk-Transit,jdisc,19599.402698863636,jdisctourmode6
8,Walk-Transit,jdisc,5396.081967213115,jdisctourmode6
9,Walk-Transit,jdisc,0.0,jdisctourmode6
10,Walk-Transit,jdisc,0.0,jdisctourmode6
11,Walk-Transit,jdisc,0.0,jdisctourmode6
12,Walk-Transit,jdisc,0.0,jdisctourmode6
13,Walk-Transit,jdisc,0.0,jdisctourmode6
14,Walk-Transit,jdisc,0.0,jdisctourmode6
15,Walk-Transit,jdisc,0.0,jdisctourmode6
16,Walk-Transit,jdisc,0.0,jdisctourmode6
17,Walk-Transit,jdisc,0.0,jdisctourmode6
21,Walk-Transit,jdisc,0.0,jdisctourmode6
19,Walk-Transit,jdisc,601.0,jdisctourmode6
20,Walk-Transit,jdisc,0.0,jdisctourmode6
18,Walk-Transit,jdisc,0.0,jdisctourmode6
1,PNR-Transit,jdisc,0.0,jdisctourmode7
2,PNR-Transit,jdisc,0.0,jdisctourmode7
3,PNR-Transit,jdisc,0.0,jdisctourmode7
4,PNR-Transit,jdisc,0.0,jdisctourmode7
5,PNR-Transit,jdisc,0.0,jdisctourmode7
22,PNR-Transit,jdisc,0.0,jdisctourmode7
23,PNR-Transit,jdisc,0.0,jdisctourmode7
6,PNR-Transit,jdisc,0.0,jdisctourmode7
7,PNR-Transit,jdisc,0.0,jdisctourmode7
8,PNR-Transit,jdisc,0.0,jdisctourmode7
9,PNR-Transit,jdisc,108.66666666666667,jdisctourmode7
10,PNR-Transit,jdisc,1991.8290598290598,jdisctourmode7
11,PNR-Transit,jdisc,32.30769230769231,jdisctourmode7
12,PNR-Transit,jdisc,0.0,jdisctourmode7
13,PNR-Transit,jdisc,0.0,jdisctourmode7
14,PNR-Transit,jdisc,0.0,jdisctourmode7
15,PNR-Transit,jdisc,0.0,jdisctourmode7
16,PNR-Transit,jdisc,0.0,jdisctourmode7
17,PNR-Transit,jdisc,0.0,jdisctourmode7
21,PNR-Transit,jdisc,0.0,jdisctourmode7
19,PNR-Transit,jdisc,0.0,jdisctourmode7
20,PNR-Transit,jdisc,0.0,jdisctourmode7
18,PNR-Transit,jdisc,0.0,jdisctourmode7
1,KNR-Transit,jdisc,0.0,jdisctourmode8
2,KNR-Transit,jdisc,0.0,jdisctourmode8
3,KNR-Transit,jdisc,0.0,jdisctourmode8
4,KNR-Transit,jdisc,0.0,jdisctourmode8
5,KNR-Transit,jdisc,0.0,jdisctourmode8
22,KNR-Transit,jdisc,0.0,jdisctourmode8
23,KNR-Transit,jdisc,0.0,jdisctourmode8
6,KNR-Transit,jdisc,0.0,jdisctourmode8
7,KNR-Transit,jdisc,0.0,jdisctourmode8
8,KNR-Transit,jdisc,0.0,jdisctourmode8
9,KNR-Transit,jdisc,0.0,jdisctourmode8
10,KNR-Transit,jdisc,0.0,jdisctourmode8
11,KNR-Transit,jdisc,0.0,jdisctourmode8
12,KNR-Transit,jdisc,1429.6153846153848,jdisctourmode8
13,KNR-Transit,jdisc,4207.594202898551,jdisctourmode8
14,KNR-Transit,jdisc,291.3076923076923,jdisctourmode8
15,KNR-Transit,jdisc,0.0,jdisctourmode8
16,KNR-Transit,jdisc,0.0,jdisctourmode8
17,KNR-Transit,jdisc,0.0,jdisctourmode8
21,KNR-Transit,jdisc,0.0,jdisctourmode8
19,KNR-Transit,jdisc,0.0,jdisctourmode8
20,KNR-Transit,jdisc,0.0,jdisctourmode8
18,KNR-Transit,jdisc,0.0,jdisctourmode8
1,TNC-Transit,jdisc,0.0,jdisctourmode9
2,TNC-Transit,jdisc,0.0,jdisctourmode9
3,TNC-Transit,jdisc,0.0,jdisctourmode9
4,TNC-Transit,jdisc,0.0,jdisctourmode9
5,TNC-Transit,jdisc,0.0,jdisctourmode9
22,TNC-Transit,jdisc,0.0,jdisctourmode9
23,TNC-Transit,jdisc,0.0,jdisctourmode9
6,TNC-Transit,jdisc,0.0,jdisctourmode9
7,TNC-Transit,jdisc,0.0,jdisctourmode9
8,TNC-Transit,jdisc,0.0,jdisctourmode9
9,TNC-Transit,jdisc,0.0,jdisctourmode9
10,TNC-Transit,jdisc,0.0,jdisctourmode9
11,TNC-Transit,jdisc,0.0,jdisctourmode9
12,TNC-Transit,jdisc,0.0,jdisctourmode9
13,TNC-Transit,jdisc,0.0,jdisctourmode9
14,TNC-Transit,jdisc,0.0,jdisctourmode9
15,TNC-Transit,jdisc,79.0,jdisctourmode9
16,TNC-Transit,jdisc,192.0,jdisctourmode9
17,TNC-Transit,jdisc,18.0,jdisctourmode9
21,TNC-Transit,jdisc,0.0,jdisctourmode9
19,TNC-Transit,jdisc,0.0,jdisctourmode9
20,TNC-Transit,jdisc,0.0,jdisctourmode9
18,TNC-Transit,jdisc,0.0,jdisctourmode9
1,SchoolBus,jdisc,0.0,jdisctourmode13
2,SchoolBus,jdisc,0.0,jdisctourmode13
3,SchoolBus,jdisc,0.0,jdisctourmode13
4,SchoolBus,jdisc,0.0,jdisctourmode13
5,SchoolBus,jdisc,0.0,jdisctourmode13
22,SchoolBus,jdisc,0.0,jdisctourmode13
23,SchoolBus,jdisc,0.0,jdisctourmode13
6,SchoolBus,jdisc,0.0,jdisctourmode13
7,SchoolBus,jdisc,0.0,jdisctourmode13
8,SchoolBus,jdisc,0.0,jdisctourmode13
9,SchoolBus,jdisc,0.0,jdisctourmode13
10,SchoolBus,jdisc,0.0,jdisctourmode13
11,SchoolBus,jdisc,0.0,jdisctourmode13
12,SchoolBus,jdisc,0.0,jdisctourmode13
13,SchoolBus,jdisc,0.0,jdisctourmode13
14,SchoolBus,jdisc,0.0,jdisctourmode13
15,SchoolBus,jdisc,0.0,jdisctourmode13
16,SchoolBus,jdisc,0.0,jdisctourmode13
17,SchoolBus,jdisc,0.0,jdisctourmode13
21,SchoolBus,jdisc,0.0,jdisctourmode13
19,SchoolBus,jdisc,0.0,jdisctourmode13
20,SchoolBus,jdisc,0.0,jdisctourmode13
18,SchoolBus,jdisc,0.0,jdisctourmode13
1,Taxi,jdisc,0.0,jdisctourmode10
2,Taxi,jdisc,0.0,jdisctourmode10
3,Taxi,jdisc,0.0,jdisctourmode10
4,Taxi,jdisc,0.0,jdisctourmode10
5,Taxi,jdisc,0.0,jdisctourmode10
22,Taxi,jdisc,0.0,jdisctourmode10
23,Taxi,jdisc,0.0,jdisctourmode10
6,Taxi,jdisc,0.0,jdisctourmode10
7,Taxi,jdisc,0.0,jdisctourmode10
8,Taxi,jdisc,0.0,jdisctourmode10
9,Taxi,jdisc,0.0,jdisctourmode10
10,Taxi,jdisc,0.0,jdisctourmode10
11,Taxi,jdisc,0.0,jdisctourmode10
12,Taxi,jdisc,0.0,jdisctourmode10
13,Taxi,jdisc,0.0,jdisctourmode10
14,Taxi,jdisc,0.0,jdisctourmode10
15,Taxi,jdisc,0.0,jdisctourmode10
16,Taxi,jdisc,0.0,jdisctourmode10
17,Taxi,jdisc,0.0,jdisctourmode10
21,Taxi,jdisc,0.0,jdisctourmode10
19,Taxi,jdisc,0.0,jdisctourmode10
20,Taxi,jdisc,0.0,jdisctourmode10
18,Taxi,jdisc,0.0,jdisctourmode10
1,TNC-Single,jdisc,0.0,jdisctourmode11
2,TNC-Single,jdisc,0.0,jdisctourmode11
3,TNC-Single,jdisc,0.0,jdisctourmode11
4,TNC-Single,jdisc,0.0,jdisctourmode11
5,TNC-Single,jdisc,0.0,jdisctourmode11
22,TNC-Single,jdisc,0.0,jdisctourmode11
23,TNC-Single,jdisc,0.0,jdisctourmode11
6,TNC-Single,jdisc,0.0,jdisctourmode11
7,TNC-Single,jdisc,0.0,jdisctourmode11
8,TNC-Single,jdisc,0.0,jdisctourmode11
9,TNC-Single,jdisc,0.0,jdisctourmode11
10,TNC-Single,jdisc,0.0,jdisctourmode11
11,TNC-Single,jdisc,0.0,jdisctourmode11
12,TNC-Single,jdisc,0.0,jdisctourmode11
13,TNC-Single,jdisc,0.0,jdisctourmode11
14,TNC-Single,jdisc,0.0,jdisctourmode11
15,TNC-Single,jdisc,0.0,jdisctourmode11
16,TNC-Single,jdisc,0.0,jdisctourmode11
17,TNC-Single,jdisc,0.0,jdisctourmode11
21,TNC-Single,jdisc,0.0,jdisctourmode11
19,TNC-Single,jdisc,0.0,jdisctourmode11
20,TNC-Single,jdisc,0.0,jdisctourmode11
18,TNC-Single,jdisc,0.0,jdisctourmode11
1,TNC-Shared,jdisc,0.0,jdisctourmode12
2,TNC-Shared,jdisc,0.0,jdisctourmode12
3,TNC-Shared,jdisc,0.0,jdisctourmode12
4,TNC-Shared,jdisc,0.0,jdisctourmode12
5,TNC-Shared,jdisc,0.0,jdisctourmode12
22,TNC-Shared,jdisc,0.0,jdisctourmode12
23,TNC-Shared,jdisc,0.0,jdisctourmode12
6,TNC-Shared,jdisc,0.0,jdisctourmode12
7,TNC-Shared,jdisc,0.0,jdisctourmode12
8,TNC-Shared,jdisc,0.0,jdisctourmode12
9,TNC-Shared,jdisc,0.0,jdisctourmode12
10,TNC-Shared,jdisc,0.0,jdisctourmode12
11,TNC-Shared,jdisc,0.0,jdisctourmode12
12,TNC-Shared,jdisc,0.0,jdisctourmode12
13,TNC-Shared,jdisc,0.0,jdisctourmode12
14,TNC-Shared,jdisc,0.0,jdisctourmode12
15,TNC-Shared,jdisc,0.0,jdisctourmode12
16,TNC-Shared,jdisc,0.0,jdisctourmode12
17,TNC-Shared,jdisc,0.0,jdisctourmode12
21,TNC-Shared,jdisc,0.0,jdisctourmode12
19,TNC-Shared,jdisc,0.0,jdisctourmode12
20,TNC-Shared,jdisc,0.0,jdisctourmode12
18,TNC-Shared,jdisc,0.0,jdisctourmode12
1,Total,jdisc,1157.0,jdiscTotal
2,Total,jdisc,567644.0,jdiscTotal
3,Total,jdisc,506129.0604227923,jdiscTotal
4,Total,jdisc,228084.0709755361,jdiscTotal
5,Total,jdisc,90.0,jdiscTotal
22,Total,jdisc,0.0,jdiscTotal
23,Total,jdisc,2362.0,jdiscTotal
6,Total,jdisc,15619.282511210762,jdiscTotal
7,Total,jdisc,19599.402698863636,jdiscTotal
8,Total,jdisc,5396.081967213115,jdiscTotal
9,Total,jdisc,108.66666666666667,jdiscTotal
10,Total,jdisc,1991.8290598290598,jdiscTotal
11,Total,jdisc,32.30769230769231,jdiscTotal
12,Total,jdisc,1429.6153846153848,jdiscTotal
13,Total,jdisc,4207.594202898551,jdiscTotal
14,Total,jdisc,291.3076923076923,jdiscTotal
15,Total,jdisc,79.0,jdiscTotal
16,Total,jdisc,192.0,jdiscTotal
17,Total,jdisc,18.0,jdiscTotal
21,Total,jdisc,0.0,jdiscTotal
19,Total,jdisc,601.0,jdiscTotal
20,Total,jdisc,0.0,jdiscTotal
18,Total,jdisc,0.0,jdiscTotal
1,Drivealone,jmain,0.0,jmaintourmode1
2,Drivealone,jmain,0.0,jmaintourmode1
3,Drivealone,jmain,0.0,jmaintourmode1
4,Drivealone,jmain,0.0,jmaintourmode1
5,Drivealone,jmain,0.0,jmaintourmode1
22,Drivealone,jmain,0.0,jmaintourmode1
23,Drivealone,jmain,0.0,jmaintourmode1
6,Drivealone,jmain,0.0,jmaintourmode1
7,Drivealone,jmain,0.0,jmaintourmode1
8,Drivealone,jmain,0.0,jmaintourmode1
9,Drivealone,jmain,0.0,jmaintourmode1
10,Drivealone,jmain,0.0,jmaintourmode1
11,Drivealone,jmain,0.0,jmaintourmode1
12,Drivealone,jmain,0.0,jmaintourmode1
13,Drivealone,jmain,0.0,jmaintourmode1
14,Drivealone,jmain,0.0,jmaintourmode1
15,Drivealone,jmain,0.0,jmaintourmode1
16,Drivealone,jmain,0.0,jmaintourmode1
17,Drivealone,jmain,0.0,jmaintourmode1
21,Drivealone,jmain,0.0,jmaintourmode1
19,Drivealone,jmain,0.0,jmaintourmode1
20,Drivealone,jmain,0.0,jmaintourmode1
18,Drivealone,jmain,0.0,jmaintourmode1
1,Shared2,jmain,0.0,jmaintourmode2
2,Shared2,jmain,560472.0,jmaintourmode2
3,Shared2,jmain,0.0,jmaintourmode2
4,Shared2,jmain,19900.0,jmaintourmode2
5,Shared2,jmain,0.0,jmaintourmode2
22,Shared2,jmain,0.0,jmaintourmode2
23,Shared2,jmain,0.0,jmaintourmode2
6,Shared2,jmain,0.0,jmaintourmode2
7,Shared2,jmain,0.0,jmaintourmode2
8,Shared2,jmain,0.0,jmaintourmode2
9,Shared2,jmain,0.0,jmaintourmode2
10,Shared2,jmain,0.0,jmaintourmode2
11,Shared2,jmain,0.0,jmaintourmode2
12,Shared2,jmain,0.0,jmaintourmode2
13,Shared2,jmain,0.0,jmaintourmode2
14,Shared2,jmain,0.0,jmaintourmode2
15,Shared2,jmain,0.0,jmaintourmode2
16,Shared2,jmain,0.0,jmaintourmode2
17,Shared2,jmain,0.0,jmaintourmode2
21,Shared2,jmain,0.0,jmaintourmode2
19,Shared2,jmain,0.0,jmaintourmode2
20,Shared2,jmain,0.0,jmaintourmode2
18,Shared2,jmain,0.0,jmaintourmode2
1,Shared3,jmain,0.0,jmaintourmode3
2,Shared3,jmain,6024.0,jmaintourmode3
3,Shared3,jmain,506129.0604227923,jmaintourmode3
4,Shared3,jmain,14758.594785059902,jmaintourmode3
5,Shared3,jmain,0.0,jmaintourmode3
22,Shared3,jmain,0.0,jmaintourmode3
23,Shared3,jmain,0.0,jmaintourmode3
6,Shared3,jmain,0.0,jmaintourmode3
7,Shared3,jmain,0.0,jmaintourmode3
8,Shared3,jmain,0.0,jmaintourmode3
9,Shared3,jmain,0.0,jmaintourmode3
10,Shared3,jmain,0.0,jmaintourmode3
11,Shared3,jmain,0.0,jmaintourmode3
12,Shared3,jmain,0.0,jmaintourmode3
13,Shared3,jmain,0.0,jmaintourmode3
14,Shared3,jmain,0.0,jmaintourmode3
15,Shared3,jmain,0.0,jmaintourmode3
16,Shared3,jmain,0.0,jmaintourmode3
17,Shared3,jmain,0.0,jmaintourmode3
21,Shared3,jmain,0.0,jmaintourmode3
19,Shared3,jmain,0.0,jmaintourmode3
20,Shared3,jmain,0.0,jmaintourmode3
18,Shared3,jmain,0.0,jmaintourmode3
1,Walk,jmain,0.0,jmaintourmode4
2,Walk,jmain,0.0,jmaintourmode4
3,Walk,jmain,0.0,jmaintourmode4
4,Walk,jmain,180020.0,jmaintourmode4
5,Walk,jmain,0.0,jmaintourmode4
22,Walk,jmain,0.0,jmaintourmode4
23,Walk,jmain,0.0,jmaintourmode4
6,Walk,jmain,0.0,jmaintourmode4
7,Walk,jmain,0.0,jmaintourmode4
8,Walk,jmain,0.0,jmaintourmode4
9,Walk,jmain,0.0,jmaintourmode4
10,Walk,jmain,0.0,jmaintourmode4
11,Walk,jmain,0.0,jmaintourmode4
12,Walk,jmain,0.0,jmaintourmode4
13,Walk,jmain,0.0,jmaintourmode4
14,Walk,jmain,0.0,jmaintourmode4
15,Walk,jmain,0.0,jmaintourmode4
16,Walk,jmain,0.0,jmaintourmode4
17,Walk,jmain,0.0,jmaintourmode4
21,Walk,jmain,0.0,jmaintourmode4
19,Walk,jmain,0.0,jmaintourmode4
20,Walk,jmain,0.0,jmaintourmode4
18,Walk,jmain,0.0,jmaintourmode4
1,Bike,jmain,0.0,jmaintourmode5
2,Bike,jmain,0.0,jmaintourmode5
3,Bike,jmain,0.0,jmaintourmode5
4,Bike,jmain,0.0,jmaintourmode5
5,Bike,jmain,0.0,jmaintourmode5
22,Bike,jmain,0.0,jmaintourmode5
23,Bike,jmain,0.0,jmaintourmode5
6,Bike,jmain,0.0,jmaintourmode5
7,Bike,jmain,0.0,jmaintourmode5
8,Bike,jmain,0.0,jmaintourmode5
9,Bike,jmain,0.0,jmaintourmode5
10,Bike,jmain,0.0,jmaintourmode5
11,Bike,jmain,0.0,jmaintourmode5
12,Bike,jmain,0.0,jmaintourmode5
13,Bike,jmain,0.0,jmaintourmode5
14,Bike,jmain,0.0,jmaintourmode5
15,Bike,jmain,0.0,jmaintourmode5
16,Bike,jmain,0.0,jmaintourmode5
17,Bike,jmain,0.0,jmaintourmode5
21,Bike,jmain,0.0,jmaintourmode5
19,Bike,jmain,0.0,jmaintourmode5
20,Bike,jmain,0.0,jmaintourmode5
18,Bike,jmain,0.0,jmaintourmode5
1,Escooter,jmain,0.0,jmaintourmode14
2,Escooter,jmain,0.0,jmaintourmode14
3,Escooter,jmain,0.0,jmaintourmode14
4,Escooter,jmain,0.0,jmaintourmode14
5,Escooter,jmain,0.0,jmaintourmode14
22,Escooter,jmain,0.0,jmaintourmode14
23,Escooter,jmain,0.0,jmaintourmode14
6,Escooter,jmain,0.0,jmaintourmode14
7,Escooter,jmain,0.0,jmaintourmode14
8,Escooter,jmain,0.0,jmaintourmode14
9,Escooter,jmain,0.0,jmaintourmode14
10,Escooter,jmain,0.0,jmaintourmode14
11,Escooter,jmain,0.0,jmaintourmode14
12,Escooter,jmain,0.0,jmaintourmode14
13,Escooter,jmain,0.0,jmaintourmode14
14,Escooter,jmain,0.0,jmaintourmode14
15,Escooter,jmain,0.0,jmaintourmode14
16,Escooter,jmain,0.0,jmaintourmode14
17,Escooter,jmain,0.0,jmaintourmode14
21,Escooter,jmain,0.0,jmaintourmode14
19,Escooter,jmain,0.0,jmaintourmode14
20,Escooter,jmain,0.0,jmaintourmode14
18,Escooter,jmain,0.0,jmaintourmode14
1,Ebike,jmain,0.0,jmaintourmode15
2,Ebike,jmain,0.0,jmaintourmode15
3,Ebike,jmain,0.0,jmaintourmode15
4,Ebike,jmain,0.0,jmaintourmode15
5,Ebike,jmain,0.0,jmaintourmode15
22,Ebike,jmain,0.0,jmaintourmode15
23,Ebike,jmain,2362.0,jmaintourmode15
6,Ebike,jmain,0.0,jmaintourmode15
7,Ebike,jmain,0.0,jmaintourmode15
8,Ebike,jmain,0.0,jmaintourmode15
9,Ebike,jmain,0.0,jmaintourmode15
10,Ebike,jmain,0.0,jmaintourmode15
11,Ebike,jmain,0.0,jmaintourmode15
12,Ebike,jmain,0.0,jmaintourmode15
13,Ebike,jmain,0.0,jmaintourmode15
14,Ebike,jmain,0.0,jmaintourmode15
15,Ebike,jmain,0.0,jmaintourmode15
16,Ebike,jmain,0.0,jmaintourmode15
17,Ebike,jmain,0.0,jmaintourmode15
21,Ebike,jmain,0.0,jmaintourmode15
19,Ebike,jmain,0.0,jmaintourmode15
20,Ebike,jmain,0.0,jmaintourmode15
18,Ebike,jmain,0.0,jmaintourmode15
1,Walk-Transit,jmain,1157.0,jmaintourmode6
2,Walk-Transit,jmain,1148.0,jmaintourmode6
3,Walk-Transit,jmain,0.0,jmaintourmode6
4,Walk-Transit,jmain,13405.47619047619,jmaintourmode6
5,Walk-Transit,jmain,90.0,jmaintourmode6
22,Walk-Transit,jmain,0.0,jmaintourmode6
23,Walk-Transit,jmain,0.0,jmaintourmode6
6,Walk-Transit,jmain,15619.282511210762,jmaintourmode6
7,Walk-Transit,jmain,19599.402698863636,jmaintourmode6
8,Walk-Transit,jmain,5396.081967213115,jmaintourmode6
9,Walk-Transit,jmain,0.0,jmaintourmode6
10,Walk-Transit,jmain,0.0,jmaintourmode6
11,Walk-Transit,jmain,0.0,jmaintourmode6
12,Walk-Transit,jmain,0.0,jmaintourmode6
13,Walk-Transit,jmain,0.0,jmaintourmode6
14,Walk-Transit,jmain,0.0,jmaintourmode6
15,Walk-Transit,jmain,0.0,jmaintourmode6
16,Walk-Transit,jmain,0.0,jmaintourmode6
17,Walk-Transit,jmain,0.0,jmaintourmode6
21,Walk-Transit,jmain,0.0,jmaintourmode6
19,Walk-Transit,jmain,601.0,jmaintourmode6
20,Walk-Transit,jmain,0.0,jmaintourmode6
18,Walk-Transit,jmain,0.0,jmaintourmode6
1,PNR-Transit,jmain,0.0,jmaintourmode7
2,PNR-Transit,jmain,0.0,jmaintourmode7
3,PNR-Transit,jmain,0.0,jmaintourmode7
4,PNR-Transit,jmain,0.0,jmaintourmode7
5,PNR-Transit,jmain,0.0,jmaintourmode7
22,PNR-Transit,jmain,0.0,jmaintourmode7
23,PNR-Transit,jmain,0.0,jmaintourmode7
6,PNR-Transit,jmain,0.0,jmaintourmode7
7,PNR-Transit,jmain,0.0,jmaintourmode7
8,PNR-Transit,jmain,0.0,jmaintourmode7
9,PNR-Transit,jmain,108.66666666666667,jmaintourmode7
10,PNR-Transit,jmain,1991.8290598290598,jmaintourmode7
11,PNR-Transit,jmain,32.30769230769231,jmaintourmode7
12,PNR-Transit,jmain,0.0,jmaintourmode7
13,PNR-Transit,jmain,0.0,jmaintourmode7
14,PNR-Transit,jmain,0.0,jmaintourmode7
15,PNR-Transit,jmain,0.0,jmaintourmode7
16,PNR-Transit,jmain,0.0,jmaintourmode7
17,PNR-Transit,jmain,0.0,jmaintourmode7
21,PNR-Transit,jmain,0.0,jmaintourmode7
19,PNR-Transit,jmain,0.0,jmaintourmode7
20,PNR-Transit,jmain,0.0,jmaintourmode7
18,PNR-Transit,jmain,0.0,jmaintourmode7
1,KNR-Transit,jmain,0.0,jmaintourmode8
2,KNR-Transit,jmain,0.0,jmaintourmode8
3,KNR-Transit,jmain,0.0,jmaintourmode8
4,KNR-Transit,jmain,0.0,jmaintourmode8
5,KNR-Transit,jmain,0.0,jmaintourmode8
22,KNR-Transit,jmain,0.0,jmaintourmode8
23,KNR-Transit,jmain,0.0,jmaintourmode8
6,KNR-Transit,jmain,0.0,jmaintourmode8
7,KNR-Transit,jmain,0.0,jmaintourmode8
8,KNR-Transit,jmain,0.0,jmaintourmode8
9,KNR-Transit,jmain,0.0,jmaintourmode8
10,KNR-Transit,jmain,0.0,jmaintourmode8
11,KNR-Transit,jmain,0.0,jmaintourmode8
12,KNR-Transit,jmain,1429.6153846153848,jmaintourmode8
13,KNR-Transit,jmain,4207.594202898551,jmaintourmode8
14,KNR-Transit,jmain,291.3076923076923,jmaintourmode8
15,KNR-Transit,jmain,0.0,jmaintourmode8
16,KNR-Transit,jmain,0.0,jmaintourmode8
17,KNR-Transit,jmain,0.0,jmaintourmode8
21,KNR-Transit,jmain,0.0,jmaintourmode8
19,KNR-Transit,jmain,0.0,jmaintourmode8
20,KNR-Transit,jmain,0.0,jmaintourmode8
18,KNR-Transit,jmain,0.0,jmaintourmode8
1,TNC-Transit,jmain,0.0,jmaintourmode9
2,TNC-Transit,jmain,0.0,jmaintourmode9
3,TNC-Transit,jmain,0.0,jmaintourmode9
4,TNC-Transit,jmain,0.0,jmaintourmode9
5,TNC-Transit,jmain,0.0,jmaintourmode9
22,TNC-Transit,jmain,0.0,jmaintourmode9
23,TNC-Transit,jmain,0.0,jmaintourmode9
6,TNC-Transit,jmain,0.0,jmaintourmode9
7,TNC-Transit,jmain,0.0,jmaintourmode9
8,TNC-Transit,jmain,0.0,jmaintourmode9
9,TNC-Transit,jmain,0.0,jmaintourmode9
10,TNC-Transit,jmain,0.0,jmaintourmode9
11,TNC-Transit,jmain,0.0,jmaintourmode9
12,TNC-Transit,jmain,0.0,jmaintourmode9
13,TNC-Transit,jmain,0.0,jmaintourmode9
14,TNC-Transit,jmain,0.0,jmaintourmode9
15,TNC-Transit,jmain,79.0,jmaintourmode9
16,TNC-Transit,jmain,192.0,jmaintourmode9
17,TNC-Transit,jmain,18.0,jmaintourmode9
21,TNC-Transit,jmain,0.0,jmaintourmode9
19,TNC-Transit,jmain,0.0,jmaintourmode9
20,TNC-Transit,jmain,0.0,jmaintourmode9
18,TNC-Transit,jmain,0.0,jmaintourmode9
1,SchoolBus,jmain,0.0,jmaintourmode13
2,SchoolBus,jmain,0.0,jmaintourmode13
3,SchoolBus,jmain,0.0,jmaintourmode13
4,SchoolBus,jmain,0.0,jmaintourmode13
5,SchoolBus,jmain,0.0,jmaintourmode13
22,SchoolBus,jmain,0.0,jmaintourmode13
23,SchoolBus,jmain,0.0,jmaintourmode13
6,SchoolBus,jmain,0.0,jmaintourmode13
7,SchoolBus,jmain,0.0,jmaintourmode13
8,SchoolBus,jmain,0.0,jmaintourmode13
9,SchoolBus,jmain,0.0,jmaintourmode13
10,SchoolBus,jmain,0.0,jmaintourmode13
11,SchoolBus,jmain,0.0,jmaintourmode13
12,SchoolBus,jmain,0.0,jmaintourmode13
13,SchoolBus,jmain,0.0,jmaintourmode13
14,SchoolBus,jmain,0.0,jmaintourmode13
15,SchoolBus,jmain,0.0,jmaintourmode13
16,SchoolBus,jmain,0.0,jmaintourmode13
17,SchoolBus,jmain,0.0,jmaintourmode13
21,SchoolBus,jmain,0.0,jmaintourmode13
19,SchoolBus,jmain,0.0,jmaintourmode13
20,SchoolBus,jmain,0.0,jmaintourmode13
18,SchoolBus,jmain,0.0,jmaintourmode13
1,Taxi,jmain,0.0,jmaintourmode10
2,Taxi,jmain,0.0,jmaintourmode10
3,Taxi,jmain,0.0,jmaintourmode10
4,Taxi,jmain,0.0,jmaintourmode10
5,Taxi,jmain,0.0,jmaintourmode10
22,Taxi,jmain,0.0,jmaintourmode10
23,Taxi,jmain,0.0,jmaintourmode10
6,Taxi,jmain,0.0,jmaintourmode10
7,Taxi,jmain,0.0,jmaintourmode10
8,Taxi,jmain,0.0,jmaintourmode10
9,Taxi,jmain,0.0,jmaintourmode10
10,Taxi,jmain,0.0,jmaintourmode10
11,Taxi,jmain,0.0,jmaintourmode10
12,Taxi,jmain,0.0,jmaintourmode10
13,Taxi,jmain,0.0,jmaintourmode10
14,Taxi,jmain,0.0,jmaintourmode10
15,Taxi,jmain,0.0,jmaintourmode10
16,Taxi,jmain,0.0,jmaintourmode10
17,Taxi,jmain,0.0,jmaintourmode10
21,Taxi,jmain,0.0,jmaintourmode10
19,Taxi,jmain,0.0,jmaintourmode10
20,Taxi,jmain,0.0,jmaintourmode10
18,Taxi,jmain,0.0,jmaintourmode10
1,TNC-Single,jmain,0.0,jmaintourmode11
2,TNC-Single,jmain,0.0,jmaintourmode11
3,TNC-Single,jmain,0.0,jmaintourmode11
4,TNC-Single,jmain,0.0,jmaintourmode11
5,TNC-Single,jmain,0.0,jmaintourmode11
22,TNC-Single,jmain,0.0,jmaintourmode11
23,TNC-Single,jmain,0.0,jmaintourmode11
6,TNC-Single,jmain,0.0,jmaintourmode11
7,TNC-Single,jmain,0.0,jmaintourmode11
8,TNC-Single,jmain,0.0,jmaintourmode11
9,TNC-Single,jmain,0.0,jmaintourmode11
10,TNC-Single,jmain,0.0,jmaintourmode11
11,TNC-Single,jmain,0.0,jmaintourmode11
12,TNC-Single,jmain,0.0,jmaintourmode11
13,TNC-Single,jmain,0.0,jmaintourmode11
14,TNC-Single,jmain,0.0,jmaintourmode11
15,TNC-Single,jmain,0.0,jmaintourmode11
16,TNC-Single,jmain,0.0,jmaintourmode11
17,TNC-Single,jmain,0.0,jmaintourmode11
21,TNC-Single,jmain,0.0,jmaintourmode11
19,TNC-Single,jmain,0.0,jmaintourmode11
20,TNC-Single,jmain,0.0,jmaintourmode11
18,TNC-Single,jmain,0.0,jmaintourmode11
1,TNC-Shared,jmain,0.0,jmaintourmode12
2,TNC-Shared,jmain,0.0,jmaintourmode12
3,TNC-Shared,jmain,0.0,jmaintourmode12
4,TNC-Shared,jmain,0.0,jmaintourmode12
5,TNC-Shared,jmain,0.0,jmaintourmode12
22,TNC-Shared,jmain,0.0,jmaintourmode12
23,TNC-Shared,jmain,0.0,jmaintourmode12
6,TNC-Shared,jmain,0.0,jmaintourmode12
7,TNC-Shared,jmain,0.0,jmaintourmode12
8,TNC-Shared,jmain,0.0,jmaintourmode12
9,TNC-Shared,jmain,0.0,jmaintourmode12
10,TNC-Shared,jmain,0.0,jmaintourmode12
11,TNC-Shared,jmain,0.0,jmaintourmode12
12,TNC-Shared,jmain,0.0,jmaintourmode12
13,TNC-Shared,jmain,0.0,jmaintourmode12
14,TNC-Shared,jmain,0.0,jmaintourmode12
15,TNC-Shared,jmain,0.0,jmaintourmode12
16,TNC-Shared,jmain,0.0,jmaintourmode12
17,TNC-Shared,jmain,0.0,jmaintourmode12
21,TNC-Shared,jmain,0.0,jmaintourmode12
19,TNC-Shared,jmain,0.0,jmaintourmode12
20,TNC-Shared,jmain,0.0,jmaintourmode12
18,TNC-Shared,jmain,0.0,jmaintourmode12
1,Total,jmain,1157.0,jmainTotal
2,Total,jmain,567644.0,jmainTotal
3,Total,jmain,506129.0604227923,jmainTotal
4,Total,jmain,228084.0709755361,jmainTotal
5,Total,jmain,90.0,jmainTotal
22,Total,jmain,0.0,jmainTotal
23,Total,jmain,2362.0,jmainTotal
6,Total,jmain,15619.282511210762,jmainTotal
7,Total,jmain,19599.402698863636,jmainTotal
8,Total,jmain,5396.081967213115,jmainTotal
9,Total,jmain,108.66666666666667,jmainTotal
10,Total,jmain,1991.8290598290598,jmainTotal
11,Total,jmain,32.30769230769231,jmainTotal
12,Total,jmain,1429.6153846153848,jmainTotal
13,Total,jmain,4207.594202898551,jmainTotal
14,Total,jmain,291.3076923076923,jmainTotal
15,Total,jmain,79.0,jmainTotal
16,Total,jmain,192.0,jmainTotal
17,Total,jmain,18.0,jmainTotal
21,Total,jmain,0.0,jmainTotal
19,Total,jmain,601.0,jmainTotal
20,Total,jmain,0.0,jmainTotal
18,Total,jmain,0.0,jmainTotal
1,Drivealone,total,5198027.0,totaltourmode1
2,Drivealone,total,4333.0,totaltourmode1
3,Drivealone,total,5808.0,totaltourmode1
4,Drivealone,total,155832.0,totaltourmode1
5,Drivealone,total,25144.0,totaltourmode1
22,Drivealone,total,337.0,totaltourmode1
23,Drivealone,total,1396.0,totaltourmode1
6,Drivealone,total,0.0,totaltourmode1
7,Drivealone,total,0.0,totaltourmode1
8,Drivealone,total,0.0,totaltourmode1
9,Drivealone,total,0.0,totaltourmode1
10,Drivealone,total,0.0,totaltourmode1
11,Drivealone,total,0.0,totaltourmode1
12,Drivealone,total,0.0,totaltourmode1
13,Drivealone,total,0.0,totaltourmode1
14,Drivealone,total,0.0,totaltourmode1
15,Drivealone,total,0.0,totaltourmode1
16,Drivealone,total,0.0,totaltourmode1
17,Drivealone,total,0.0,totaltourmode1
21,Drivealone,total,0.0,totaltourmode1
19,Drivealone,total,600.0,totaltourmode1
20,Drivealone,total,0.0,totaltourmode1
18,Drivealone,total,0.0,totaltourmode1
1,Shared2,total,781114.0,totaltourmode2
2,Shared2,total,1898893.0,totaltourmode2
3,Shared2,total,4344.0,totaltourmode2
4,Shared2,total,94909.0,totaltourmode2
5,Shared2,total,468.0,totaltourmode2
22,Shared2,total,2835.0,totaltourmode2
23,Shared2,total,0.0,totaltourmode2
6,Shared2,total,0.0,totaltourmode2
7,Shared2,total,0.0,totaltourmode2
8,Shared2,total,0.0,totaltourmode2
9,Shared2,total,0.0,totaltourmode2
10,Shared2,total,0.0,totaltourmode2
11,Shared2,total,0.0,totaltourmode2
12,Shared2,total,0.0,totaltourmode2
13,Shared2,total,0.0,totaltourmode2
14,Shared2,total,0.0,totaltourmode2
15,Shared2,total,0.0,totaltourmode2
16,Shared2,total,0.0,totaltourmode2
17,Shared2,total,0.0,totaltourmode2
21,Shared2,total,0.0,totaltourmode2
19,Shared2,total,1719.0,totaltourmode2
20,Shared2,total,0.0,totaltourmode2
18,Shared2,total,10.0,totaltourmode2
1,Shared3,total,582759.0,totaltourmode3
2,Shared3,total,301124.0,totaltourmode3
3,Shared3,total,2139749.060422792,totaltourmode3
4,Shared3,total,185961.5947850599,totaltourmode3
5,Shared3,total,220.0,totaltourmode3
22,Shared3,total,2083.0,totaltourmode3
23,Shared3,total,967.0,totaltourmode3
6,Shared3,total,0.0,totaltourmode3
7,Shared3,total,0.0,totaltourmode3
8,Shared3,total,0.0,totaltourmode3
9,Shared3,total,0.0,totaltourmode3
10,Shared3,total,0.0,totaltourmode3
11,Shared3,total,0.0,totaltourmode3
12,Shared3,total,0.0,totaltourmode3
13,Shared3,total,0.0,totaltourmode3
14,Shared3,total,0.0,totaltourmode3
15,Shared3,total,0.0,totaltourmode3
16,Shared3,total,0.0,totaltourmode3
17,Shared3,total,0.0,totaltourmode3
21,Shared3,total,0.0,totaltourmode3
19,Shared3,total,1004.0,totaltourmode3
20,Shared3,total,0.0,totaltourmode3
18,Shared3,total,0.0,totaltourmode3
1,Walk,total,6842.0,totaltourmode4
2,Walk,total,532.0,totaltourmode4
3,Walk,total,49.0,totaltourmode4
4,Walk,total,1633807.0,totaltourmode4
5,Walk,total,0.0,totaltourmode4
22,Walk,total,0.0,totaltourmode4
23,Walk,total,0.0,totaltourmode4
6,Walk,total,0.0,totaltourmode4
7,Walk,total,0.0,totaltourmode4
8,Walk,total,0.0,totaltourmode4
9,Walk,total,0.0,totaltourmode4
10,Walk,total,0.0,totaltourmode4
11,Walk,total,0.0,totaltourmode4
12,Walk,total,0.0,totaltourmode4
13,Walk,total,0.0,totaltourmode4
14,Walk,total,0.0,totaltourmode4
15,Walk,total,0.0,totaltourmode4
16,Walk,total,0.0,totaltourmode4
17,Walk,total,0.0,totaltourmode4
21,Walk,total,0.0,totaltourmode4
19,Walk,total,0.0,totaltourmode4
20,Walk,total,0.0,totaltourmode4
18,Walk,total,0.0,totaltourmode4
1,Bike,total,0.0,totaltourmode5
2,Bike,total,40.0,totaltourmode5
3,Bike,total,53547.0,totaltourmode5
4,Bike,total,13240.0,totaltourmode5
5,Bike,total,161513.0,totaltourmode5
22,Bike,total,0.0,totaltourmode5
23,Bike,total,0.0,totaltourmode5
6,Bike,total,0.0,totaltourmode5
7,Bike,total,0.0,totaltourmode5
8,Bike,total,0.0,totaltourmode5
9,Bike,total,0.0,totaltourmode5
10,Bike,total,0.0,totaltourmode5
11,Bike,total,0.0,totaltourmode5
12,Bike,total,0.0,totaltourmode5
13,Bike,total,0.0,totaltourmode5
14,Bike,total,0.0,totaltourmode5
15,Bike,total,0.0,totaltourmode5
16,Bike,total,0.0,totaltourmode5
17,Bike,total,0.0,totaltourmode5
21,Bike,total,0.0,totaltourmode5
19,Bike,total,0.0,totaltourmode5
20,Bike,total,0.0,totaltourmode5
18,Bike,total,0.0,totaltourmode5
1,Escooter,total,0.0,totaltourmode14
2,Escooter,total,0.0,totaltourmode14
3,Escooter,total,0.0,totaltourmode14
4,Escooter,total,0.0,totaltourmode14
5,Escooter,total,0.0,totaltourmode14
22,Escooter,total,5663.0,totaltourmode14
23,Escooter,total,0.0,totaltourmode14
6,Escooter,total,0.0,totaltourmode14
7,Escooter,total,0.0,totaltourmode14
8,Escooter,total,0.0,totaltourmode14
9,Escooter,total,0.0,totaltourmode14
10,Escooter,total,0.0,totaltourmode14
11,Escooter,total,0.0,totaltourmode14
12,Escooter,total,0.0,totaltourmode14
13,Escooter,total,0.0,totaltourmode14
14,Escooter,total,0.0,totaltourmode14
15,Escooter,total,0.0,totaltourmode14
16,Escooter,total,0.0,totaltourmode14
17,Escooter,total,0.0,totaltourmode14
21,Escooter,total,0.0,totaltourmode14
19,Escooter,total,0.0,totaltourmode14
20,Escooter,total,0.0,totaltourmode14
18,Escooter,total,0.0,totaltourmode14
1,Ebike,total,0.0,totaltourmode15
2,Ebike,total,0.0,totaltourmode15
3,Ebike,total,0.0,totaltourmode15
4,Ebike,total,0.0,totaltourmode15
5,Ebike,total,0.0,totaltourmode15
22,Ebike,total,0.0,totaltourmode15
23,Ebike,total,18886.0,totaltourmode15
6,Ebike,total,0.0,totaltourmode15
7,Ebike,total,0.0,totaltourmode15
8,Ebike,total,0.0,totaltourmode15
9,Ebike,total,0.0,totaltourmode15
10,Ebike,total,0.0,totaltourmode15
11,Ebike,total,0.0,totaltourmode15
12,Ebike,total,0.0,totaltourmode15
13,Ebike,total,0.0,totaltourmode15
14,Ebike,total,0.0,totaltourmode15
15,Ebike,total,0.0,totaltourmode15
16,Ebike,total,0.0,totaltourmode15
17,Ebike,total,0.0,totaltourmode15
21,Ebike,total,0.0,totaltourmode15
19,Ebike,total,0.0,totaltourmode15
20,Ebike,total,0.0,totaltourmode15
18,Ebike,total,0.0,totaltourmode15
1,Walk-Transit,total,6906.0,totaltourmode6
2,Walk-Transit,total,8606.0,totaltourmode6
3,Walk-Transit,total,0.0,totaltourmode6
4,Walk-Transit,total,39827.47619047619,totaltourmode6
5,Walk-Transit,total,1202.0,totaltourmode6
22,Walk-Transit,total,0.0,totaltourmode6
23,Walk-Transit,total,0.0,totaltourmode6
6,Walk-Transit,total,68348.28251121077,totaltourmode6
7,Walk-Transit,total,89546.40269886363,totaltourmode6
8,Walk-Transit,total,26906.081967213115,totaltourmode6
9,Walk-Transit,total,0.0,totaltourmode6
10,Walk-Transit,total,0.0,totaltourmode6
11,Walk-Transit,total,0.0,totaltourmode6
12,Walk-Transit,total,0.0,totaltourmode6
13,Walk-Transit,total,0.0,totaltourmode6
14,Walk-Transit,total,0.0,totaltourmode6
15,Walk-Transit,total,0.0,totaltourmode6
16,Walk-Transit,total,0.0,totaltourmode6
17,Walk-Transit,total,0.0,totaltourmode6
21,Walk-Transit,total,0.0,totaltourmode6
19,Walk-Transit,total,4822.0,totaltourmode6
20,Walk-Transit,total,0.0,totaltourmode6
18,Walk-Transit,total,0.0,totaltourmode6
1,PNR-Transit,total,0.0,totaltourmode7
2,PNR-Transit,total,0.0,totaltourmode7
3,PNR-Transit,total,0.0,totaltourmode7
4,PNR-Transit,total,0.0,totaltourmode7
5,PNR-Transit,total,0.0,totaltourmode7
22,PNR-Transit,total,0.0,totaltourmode7
23,PNR-Transit,total,0.0,totaltourmode7
6,PNR-Transit,total,0.0,totaltourmode7
7,PNR-Transit,total,0.0,totaltourmode7
8,PNR-Transit,total,0.0,totaltourmode7
9,PNR-Transit,total,850.6666666666666,totaltourmode7
10,PNR-Transit,total,11200.82905982906,totaltourmode7
11,PNR-Transit,total,235.30769230769232,totaltourmode7
12,PNR-Transit,total,0.0,totaltourmode7
13,PNR-Transit,total,0.0,totaltourmode7
14,PNR-Transit,total,0.0,totaltourmode7
15,PNR-Transit,total,0.0,totaltourmode7
16,PNR-Transit,total,0.0,totaltourmode7
17,PNR-Transit,total,0.0,totaltourmode7
21,PNR-Transit,total,0.0,totaltourmode7
19,PNR-Transit,total,0.0,totaltourmode7
20,PNR-Transit,total,0.0,totaltourmode7
18,PNR-Transit,total,0.0,totaltourmode7
1,KNR-Transit,total,0.0,totaltourmode8
2,KNR-Transit,total,0.0,totaltourmode8
3,KNR-Transit,total,0.0,totaltourmode8
4,KNR-Transit,total,0.0,totaltourmode8
5,KNR-Transit,total,0.0,totaltourmode8
22,KNR-Transit,total,0.0,totaltourmode8
23,KNR-Transit,total,0.0,totaltourmode8
6,KNR-Transit,total,0.0,totaltourmode8
7,KNR-Transit,total,0.0,totaltourmode8
8,KNR-Transit,total,0.0,totaltourmode8
9,KNR-Transit,total,0.0,totaltourmode8
10,KNR-Transit,total,0.0,totaltourmode8
11,KNR-Transit,total,0.0,totaltourmode8
12,KNR-Transit,total,6515.615384615385,totaltourmode8
13,KNR-Transit,total,18598.594202898552,totaltourmode8
14,KNR-Transit,total,1433.3076923076924,totaltourmode8
15,KNR-Transit,total,0.0,totaltourmode8
16,KNR-Transit,total,0.0,totaltourmode8
17,KNR-Transit,total,0.0,totaltourmode8
21,KNR-Transit,total,0.0,totaltourmode8
19,KNR-Transit,total,0.0,totaltourmode8
20,KNR-Transit,total,0.0,totaltourmode8
18,KNR-Transit,total,0.0,totaltourmode8
1,TNC-Transit,total,0.0,totaltourmode9
2,TNC-Transit,total,0.0,totaltourmode9
3,TNC-Transit,total,0.0,totaltourmode9
4,TNC-Transit,total,0.0,totaltourmode9
5,TNC-Transit,total,0.0,totaltourmode9
22,TNC-Transit,total,0.0,totaltourmode9
23,TNC-Transit,total,0.0,totaltourmode9
6,TNC-Transit,total,0.0,totaltourmode9
7,TNC-Transit,total,0.0,totaltourmode9
8,TNC-Transit,total,0.0,totaltourmode9
9,TNC-Transit,total,0.0,totaltourmode9
10,TNC-Transit,total,0.0,totaltourmode9
11,TNC-Transit,total,0.0,totaltourmode9
12,TNC-Transit,total,0.0,totaltourmode9
13,TNC-Transit,total,0.0,totaltourmode9
14,TNC-Transit,total,0.0,totaltourmode9
15,TNC-Transit,total,707.0,totaltourmode9
16,TNC-Transit,total,1948.0,totaltourmode9
17,TNC-Transit,total,184.0,totaltourmode9
21,TNC-Transit,total,0.0,totaltourmode9
19,TNC-Transit,total,0.0,totaltourmode9
20,TNC-Transit,total,0.0,totaltourmode9
18,TNC-Transit,total,0.0,totaltourmode9
1,SchoolBus,total,0.0,totaltourmode13
2,SchoolBus,total,0.0,totaltourmode13
3,SchoolBus,total,0.0,totaltourmode13
4,SchoolBus,total,0.0,totaltourmode13
5,SchoolBus,total,0.0,totaltourmode13
22,SchoolBus,total,0.0,totaltourmode13
23,SchoolBus,total,0.0,totaltourmode13
6,SchoolBus,total,0.0,totaltourmode13
7,SchoolBus,total,0.0,totaltourmode13
8,SchoolBus,total,0.0,totaltourmode13
9,SchoolBus,total,0.0,totaltourmode13
10,SchoolBus,total,0.0,totaltourmode13
11,SchoolBus,total,0.0,totaltourmode13
12,SchoolBus,total,0.0,totaltourmode13
13,SchoolBus,total,0.0,totaltourmode13
14,SchoolBus,total,0.0,totaltourmode13
15,SchoolBus,total,0.0,totaltourmode13
16,SchoolBus,total,0.0,totaltourmode13
17,SchoolBus,total,0.0,totaltourmode13
21,SchoolBus,total,20197.0,totaltourmode13
19,SchoolBus,total,0.0,totaltourmode13
20,SchoolBus,total,0.0,totaltourmode13
18,SchoolBus,total,0.0,totaltourmode13
1,Taxi,total,0.0,totaltourmode10
2,Taxi,total,0.0,totaltourmode10
3,Taxi,total,0.0,totaltourmode10
4,Taxi,total,0.0,totaltourmode10
5,Taxi,total,0.0,totaltourmode10
22,Taxi,total,0.0,totaltourmode10
23,Taxi,total,0.0,totaltourmode10
6,Taxi,total,0.0,totaltourmode10
7,Taxi,total,0.0,totaltourmode10
8,Taxi,total,0.0,totaltourmode10
9,Taxi,total,0.0,totaltourmode10
10,Taxi,total,0.0,totaltourmode10
11,Taxi,total,0.0,totaltourmode10
12,Taxi,total,0.0,totaltourmode10
13,Taxi,total,0.0,totaltourmode10
14,Taxi,total,0.0,totaltourmode10
15,Taxi,total,0.0,totaltourmode10
16,Taxi,total,0.0,totaltourmode10
17,Taxi,total,0.0,totaltourmode10
21,Taxi,total,0.0,totaltourmode10
19,Taxi,total,0.0,totaltourmode10
20,Taxi,total,0.0,totaltourmode10
18,Taxi,total,10591.0,totaltourmode10
1,TNC-Single,total,0.0,totaltourmode11
2,TNC-Single,total,0.0,totaltourmode11
3,TNC-Single,total,0.0,totaltourmode11
4,TNC-Single,total,0.0,totaltourmode11
5,TNC-Single,total,0.0,totaltourmode11
22,TNC-Single,total,0.0,totaltourmode11
23,TNC-Single,total,0.0,totaltourmode11
6,TNC-Single,total,0.0,totaltourmode11
7,TNC-Single,total,0.0,totaltourmode11
8,TNC-Single,total,0.0,totaltourmode11
9,TNC-Single,total,0.0,totaltourmode11
10,TNC-Single,total,0.0,totaltourmode11
11,TNC-Single,total,0.0,totaltourmode11
12,TNC-Single,total,0.0,totaltourmode11
13,TNC-Single,total,0.0,totaltourmode11
14,TNC-Single,total,0.0,totaltourmode11
15,TNC-Single,total,0.0,totaltourmode11
16,TNC-Single,total,0.0,totaltourmode11
17,TNC-Single,total,0.0,totaltourmode11
21,TNC-Single,total,0.0,totaltourmode11
19,TNC-Single,total,77027.0,totaltourmode11
20,TNC-Single,total,0.0,totaltourmode11
18,TNC-Single,total,0.0,totaltourmode11
1,TNC-Shared,total,0.0,totaltourmode12
2,TNC-Shared,total,0.0,totaltourmode12
3,TNC-Shared,total,0.0,totaltourmode12
4,TNC-Shared,total,0.0,totaltourmode12
5,TNC-Shared,total,0.0,totaltourmode12
22,TNC-Shared,total,0.0,totaltourmode12
23,TNC-Shared,total,0.0,totaltourmode12
6,TNC-Shared,total,0.0,totaltourmode12
7,TNC-Shared,total,0.0,totaltourmode12
8,TNC-Shared,total,0.0,totaltourmode12
9,TNC-Shared,total,0.0,totaltourmode12
10,TNC-Shared,total,0.0,totaltourmode12
11,TNC-Shared,total,0.0,totaltourmode12
12,TNC-Shared,total,0.0,totaltourmode12
13,TNC-Shared,total,0.0,totaltourmode12
14,TNC-Shared,total,0.0,totaltourmode12
15,TNC-Shared,total,0.0,totaltourmode12
16,TNC-Shared,total,0.0,totaltourmode12
17,TNC-Shared,total,0.0,totaltourmode12
21,TNC-Shared,total,0.0,totaltourmode12
19,TNC-Shared,total,0.0,totaltourmode12
20,TNC-Shared,total,0.0,totaltourmode12
18,TNC-Shared,total,0.0,totaltourmode12
1,Total,total,6575648.0,totalTotal
2,Total,total,2213528.0,totalTotal
3,Total,total,2203497.060422792,totalTotal
4,Total,total,2123577.070975536,totalTotal
5,Total,total,188547.0,totalTotal
22,Total,total,10918.0,totalTotal
23,Total,total,21249.0,totalTotal
6,Total,total,68348.28251121077,totalTotal
7,Total,total,89546.40269886363,totalTotal
8,Total,total,26906.081967213115,totalTotal
9,Total,total,850.6666666666666,totalTotal
10,Total,total,11200.82905982906,totalTotal
11,Total,total,235.30769230769232,totalTotal
12,Total,total,6515.615384615385,totalTotal
13,Total,total,18598.594202898552,totalTotal
14,Total,total,1433.3076923076924,totalTotal
15,Total,total,707.0,totalTotal
16,Total,total,1948.0,totalTotal
17,Total,total,184.0,totalTotal
21,Total,total,20197.0,totalTotal
19,Total,total,85172.0,totalTotal
20,Total,total,0.0,totalTotal
18,Total,total,10601.0,totalTotal
