tour_id,person_id,tour_type,tour_type_count,tour_type_num,tour_num,tour_count,tour_category,number_of_participants,destination,origin,household_id,start,end,duration,school_esc_outbound,school_esc_inbound,num_escortees,tdd,composition,is_external_tour,is_internal_tour,destination_logsum,vehicle_occup_1,vehicle_occup_2,vehicle_occup_3_5,tour_mode,mode_choice_logsum,selected_vehicle,atwork_subtour_frequency,parent_tour_id,stop_frequency,primary_purpose
56,1,eatout,1,1,2,2,non_mandatory,1,20386.0,57.0,1,18.0,26.0,8.0,,,-9.0,688.0,,False,True,14.313158415575224,Van_7_Gas,Pickup_20_Gas,Van_7_Gas,SHARED2,-3.3924991615555284,Pickup_20_Gas,,-9.0,0out_0in,eatout
98,1,work,1,1,1,2,mandatory,1,8690.0,57.0,1,8.0,11.0,3.0,,,-9.0,318.0,,,,-9.0,Pickup_20_Gas,Van_7_Gas,Van_7_Gas,DRIVEALONE,-1.602626427408195,Pickup_20_Gas,no_subtours,-9.0,0out_0in,work
125,2,othdiscr,1,1,1,1,non_mandatory,1,5111.0,57.0,1,14.0,42.0,28.0,,,-9.0,574.0,,False,True,13.944099466450528,Pickup_20_Gas,Pickup_20_Gas,Van_7_Gas,DRIVEALONE,-0.543920858347695,Pickup_20_Gas,,-9.0,0out_1in,othdiscr
204,4,eat,1,1,1,1,atwork,1,8271.0,14287.0,2,19.0,21.0,2.0,,,-9.0,713.0,,,,6.653920370142398,,,,DRIVEALONE,0.5151147557672927,Car_9_Gas,,248.0,0out_1in,atwork
248,4,work,1,1,1,1,mandatory,1,14287.0,57.0,2,4.0,27.0,23.0,,,-9.0,164.0,,,,-9.0,Car_9_Gas,Car_9_Gas,Car_9_Gas,DRIVEALONE,-5.023011721763779,Car_9_Gas,eat,-9.0,1out_0in,work
345,6,social,1,1,1,1,non_mandatory,1,251.0,57.0,3,37.0,40.0,3.0,,,-9.0,1101.0,,False,True,15.60989734075414,Car_1_Gas,Car_1_Gas,Car_1_Gas,BIKE,1.218732468466,,,-9.0,0out_0in,social
359,7,escort,1,1,1,1,non_mandatory,1,229.0,57.0,3,9.0,9.0,0.0,,,-9.0,356.0,,False,True,13.998721231539845,Car_1_Gas,Car_1_Gas,Car_1_Gas,SHARED2,-1.7034111251896646,Car_1_Gas,,-9.0,0out_0in,escort
406,8,eatout,1,1,2,2,non_mandatory,1,2574.0,57.0,4,30.0,34.0,4.0,,,-9.0,990.0,,False,True,15.339370430591094,SUV_7_Gas,SUV_7_Gas,SUV_7_Gas,WALK,1.9741845183031617,,,-9.0,0out_0in,eatout
429,8,othmaint,1,1,1,2,non_mandatory,1,2723.0,57.0,4,25.0,26.0,1.0,,,-9.0,877.0,,False,True,10.483103604034078,SUV_7_Gas,SUV_7_Gas,SUV_7_Gas,WALK,0.3144552650399414,,,-9.0,0out_0in,othmaint
475,9,othdiscr,1,1,3,3,non_mandatory,1,3145.0,57.0,5,29.0,36.0,7.0,,,-9.0,973.0,,False,True,14.01026741056931,Car_14_Gas,SUV_4_Gas,SUV_4_Gas,SHARED2,1.9753151688710189,SUV_4_Gas,,-9.0,0out_0in,othdiscr
485,9,escort,1,1,1,3,non_mandatory,1,18563.0,57.0,5,23.0,25.0,2.0,,pure_escort,1.0,827.0,,False,True,-9.0,SUV_4_Gas,Car_14_Gas,SUV_4_Gas,SHARED2,-4.25559881504294,Car_14_Gas,,-9.0,0out_0in,escort
491,9,shopping,1,1,2,3,non_mandatory,1,9901.0,57.0,5,21.0,22.0,1.0,,,-9.0,771.0,,False,True,9.62515800257076,Car_14_Gas,SUV_4_Gas,SUV_4_Gas,BIKE,-0.6855613237653297,,,-9.0,0out_1in,shopping
525,10,othdiscr,3,1,5,7,non_mandatory,1,16270.0,57.0,5,21.0,25.0,4.0,,,-9.0,774.0,,False,True,14.327613195394951,SUV_4_Gas,SUV_4_Gas,SUV_4_Gas,SHARED3,0.1260144159427607,SUV_4_Gas,,-9.0,0out_0in,othdiscr
526,10,othdiscr,3,2,6,7,non_mandatory,1,23866.0,57.0,5,19.0,21.0,2.0,,,-9.0,713.0,,False,True,14.267352306220069,Motorcycle_2_BEV,SUV_4_Gas,SUV_4_Gas,WALK,1.3609895473703577,,,-9.0,0out_0in,othdiscr
527,10,othdiscr,3,3,7,7,non_mandatory,1,7004.0,57.0,5,33.0,34.0,1.0,,,-9.0,1041.0,,False,True,14.858045566470883,SUV_4_Gas,SUV_4_Gas,SUV_4_Gas,WALK,2.409106727641248,,,-9.0,0out_0in,othdiscr
535,10,escort,4,1,1,7,non_mandatory,1,4962.0,57.0,5,8.0,9.0,1.0,pure_escort,,1.0,316.0,,False,True,-9.0,Motorcycle_2_BEV,SUV_4_Gas,SUV_4_Gas,WALK,0.967212529584767,,,-9.0,0out_0in,escort
536,10,escort,4,2,2,7,non_mandatory,1,18563.0,57.0,5,11.0,13.0,2.0,pure_escort,,2.0,437.0,,False,True,-9.0,Motorcycle_2_BEV,Car_14_Gas,SUV_4_Gas,SHARED3,-0.9826089574833669,SUV_4_Gas,,-9.0,1out_0in,escort
537,10,escort,4,3,3,7,non_mandatory,1,3538.0,57.0,5,17.0,17.0,0.0,,pure_escort,1.0,648.0,,False,True,-9.0,SUV_4_Gas,SUV_4_Gas,SUV_4_Gas,SHARED3,1.043073692612685,SUV_4_Gas,,-9.0,0out_0in,escort
538,10,escort,4,4,4,7,non_mandatory,1,4962.0,57.0,5,30.0,32.0,2.0,,pure_escort,1.0,988.0,,False,True,-9.0,Motorcycle_2_BEV,SUV_4_Gas,SUV_4_Gas,SHARED3,0.9548696321145552,SUV_4_Gas,,-9.0,0out_0in,escort
583,11,school,1,1,1,1,mandatory,1,4962.0,57.0,5,8.0,32.0,24.0,pure_escort,pure_escort,-9.0,339.0,,,,-9.0,SUV_4_Gas,SUV_4_Gas,SUV_4_Gas,SHARED3,7.675284361346821,SUV_4_Gas,,-9.0,0out_0in,school
633,12,school,1,1,1,1,mandatory,1,3538.0,57.0,5,11.0,17.0,6.0,pure_escort,pure_escort,-9.0,441.0,,,,-9.0,Car_14_Gas,SUV_4_Gas,Car_14_Gas,SHARED3,7.143869468786487,Car_14_Gas,,-9.0,0out_0in,school
683,13,school,2,1,1,2,mandatory,1,18563.0,57.0,5,11.0,25.0,14.0,pure_escort,pure_escort,-9.0,449.0,,,,-9.0,Car_14_Gas,SUV_4_Gas,SUV_4_Gas,SHARED2,-0.9350725891213284,SUV_4_Gas,,-9.0,1out_0in,school
684,13,school,2,2,2,2,mandatory,1,18563.0,57.0,5,9.0,9.0,0.0,,,-9.0,356.0,,,,-9.0,SUV_4_Gas,SUV_4_Gas,SUV_4_Gas,BIKE,-0.9407090688649056,,,-9.0,0out_1in,school
798,15,work,1,1,1,1,mandatory,1,17406.0,57.0,5,11.0,30.0,19.0,,,-9.0,454.0,,,,-9.0,Car_14_Gas,SUV_4_Gas,SUV_4_Gas,DRIVEALONE,-2.402546959958025,Car_14_Gas,no_subtours,-9.0,0out_1in,work
825,16,othdiscr,1,1,2,2,non_mandatory,1,8471.0,57.0,6,15.0,17.0,2.0,,,-9.0,583.0,,False,True,13.270166786182989,Car_3_BEV,Car_2_Gas,Car_3_BEV,WALK,1.7656146914030824,,,-9.0,1out_0in,othdiscr
841,16,shopping,1,1,1,2,non_mandatory,1,23883.0,57.0,6,27.0,32.0,5.0,,,-9.0,928.0,,False,True,9.64592943487416,Car_3_BEV,Car_3_BEV,Car_3_BEV,DRIVEALONE,-1.192823031037242,Car_3_BEV,,-9.0,0out_0in,shopping
856,17,eatout,1,1,1,1,non_mandatory,1,5244.0,57.0,6,4.0,7.0,3.0,,,-9.0,144.0,,False,True,14.58381029075596,Car_2_Gas,Car_3_BEV,Car_3_BEV,DRIVEALONE,1.300958930919258,Car_2_Gas,,-9.0,0out_0in,eatout
941,18,shopping,1,1,1,1,non_mandatory,1,12522.0,57.0,7,17.0,18.0,1.0,,,-9.0,649.0,,False,True,10.806194575414052,Pickup_6_Gas,SUV_11_Gas,SUV_11_Gas,WALK,-0.334734186525683,,,-9.0,0out_0in,shopping
959,19,escort,1,1,1,1,non_mandatory,1,8841.0,57.0,7,24.0,27.0,3.0,,,-9.0,854.0,,False,True,13.353541819526493,SUV_11_Gas,SUV_11_Gas,Car_20_Gas,SHARED2,-0.3302862929131316,SUV_11_Gas,,-9.0,0out_0in,escort
1054,21,eat,1,1,1,1,atwork,1,6958.0,8539.0,8,11.0,12.0,1.0,,,-9.0,436.0,,,,4.11261985485015,,,,DRIVEALONE,-0.3504464623653398,Car_10_Gas,,1098.0,0out_0in,atwork
1059,21,escort,1,1,2,2,non_mandatory,1,822.0,57.0,8,32.0,32.0,0.0,,,-9.0,1023.0,,False,True,13.566133367042964,Van_7_Gas,Car_10_Gas,Car_10_Gas,SHARED3,1.0264172236645084,Car_10_Gas,,-9.0,3out_3in,escort
1098,21,work,1,1,1,2,mandatory,1,8539.0,57.0,8,8.0,29.0,21.0,,,-9.0,336.0,,,,-9.0,Car_10_Gas,Car_10_Gas,Van_7_Gas,DRIVEALONE,-5.992759979868894,Car_10_Gas,eat,-9.0,0out_0in,work
1135,22,escort,2,1,2,3,non_mandatory,1,4962.0,57.0,8,25.0,26.0,1.0,,pure_escort,1.0,877.0,,False,True,-9.0,Van_7_Gas,Van_7_Gas,Car_10_Gas,WALK,1.005346108633212,,,-9.0,0out_0in,escort
1136,22,escort,2,2,3,3,non_mandatory,1,16377.0,57.0,8,26.0,27.0,1.0,,pure_escort,2.0,901.0,,False,True,-9.0,Car_10_Gas,Car_10_Gas,Car_10_Gas,SHARED3,-3.2057583573056307,Car_10_Gas,,-9.0,0out_1in,escort
1148,22,work,1,1,1,3,mandatory,1,13460.0,57.0,8,8.0,23.0,15.0,,,-9.0,330.0,,,,-9.0,Van_7_Gas,Van_7_Gas,Van_7_Gas,SHARED2,-0.2528436582109784,Van_7_Gas,no_subtours,-9.0,0out_0in,work
1183,23,school,1,1,1,1,mandatory,1,16377.0,57.0,8,10.0,27.0,17.0,,pure_escort,-9.0,413.0,,,,-9.0,Van_7_Gas,Van_7_Gas,Van_7_Gas,SHARED3,-0.7863093206499696,Van_7_Gas,,-9.0,1out_0in,school
1233,24,school,1,1,1,1,mandatory,1,4962.0,57.0,8,12.0,26.0,14.0,,pure_escort,-9.0,487.0,,,,-9.0,Car_10_Gas,Van_7_Gas,Van_7_Gas,WALK,6.600118848690298,,,-9.0,1out_0in,school
1283,25,school,1,1,1,1,mandatory,1,16377.0,57.0,8,12.0,27.0,15.0,,pure_escort,-9.0,488.0,,,,-9.0,Van_7_Gas,Van_7_Gas,Van_7_Gas,SHARED3,-0.4978058138863468,Van_7_Gas,,-9.0,1out_1in,school
1479,29,othmaint,1,1,2,2,non_mandatory,1,18844.0,57.0,9,18.0,28.0,10.0,,,-9.0,690.0,,False,True,12.562677685693728,Car_9_Gas,Van_11_Gas,Van_11_Gas,SHARED2,-3.5884053199627286,Van_11_Gas,,-9.0,0out_0in,othmaint
1491,29,shopping,1,1,1,2,non_mandatory,1,2465.0,57.0,9,17.0,18.0,1.0,,,-9.0,649.0,,False,True,10.507270414132044,Car_9_Gas,Van_11_Gas,Van_11_Gas,DRIVEALONE,-0.120509425579488,Car_9_Gas,,-9.0,0out_0in,shopping
1509,30,escort,1,1,1,2,non_mandatory,1,7369.0,57.0,9,10.0,11.0,1.0,,,-9.0,397.0,,False,True,13.866204671976666,Van_11_Gas,Car_9_Gas,Van_11_Gas,DRIVEALONE,-1.2143262768154557,Van_11_Gas,,-9.0,0out_0in,escort
1529,30,othmaint,1,1,2,2,non_mandatory,1,19747.0,57.0,9,18.0,31.0,13.0,,,-9.0,693.0,,False,True,12.741712388701218,Car_9_Gas,Van_11_Gas,Car_9_Gas,DRIVEALONE,-2.600790856079348,Car_9_Gas,,-9.0,3out_2in,othmaint
1625,32,othdiscr,1,1,2,2,non_mandatory,1,16114.0,57.0,10,27.0,30.0,3.0,,,-9.0,926.0,,False,True,13.311854479237214,Pickup_19_Gas,Pickup_19_Gas,Pickup_19_Gas,BIKE,-1.94728913321518,,,-9.0,0out_0in,othdiscr
1641,32,shopping,1,1,1,2,non_mandatory,1,23876.0,57.0,10,23.0,24.0,1.0,,,-9.0,826.0,,False,True,10.20904383677337,SUV_20_Gas,Pickup_19_Gas,Pickup_19_Gas,WALK_PRM,-1.273314175775708,,,-9.0,1out_0in,shopping
1675,33,othdiscr,1,1,1,1,non_mandatory,1,822.0,57.0,10,27.0,37.0,10.0,,,-9.0,933.0,,False,True,15.605576603114528,SUV_20_Gas,Pickup_19_Gas,Pickup_19_Gas,DRIVEALONE,0.1370661642305259,SUV_20_Gas,,-9.0,0out_0in,othdiscr
1713,34,eatout,1,1,1,1,joint,3,8790.0,57.0,11,28.0,30.0,2.0,,,-9.0,947.0,adults,False,True,15.51025731899406,SUV_5_Gas,SUV_5_Gas,SUV_5_Gas,WALK,0.1418492437061879,,,-9.0,0out_0in,eatout
1867,37,othmaint,1,1,1,1,joint,2,13127.0,57.0,12,27.0,32.0,5.0,,,-9.0,928.0,adults,False,True,11.248973053781503,Pickup_12_Gas,SUV_15_Gas,Pickup_12_Gas,SHARED2,-1.8767074846201817,SUV_15_Gas,,-9.0,1out_0in,othmaint
1991,39,shopping,1,1,1,1,non_mandatory,1,13235.0,57.0,13,16.0,28.0,12.0,,,-9.0,627.0,,False,True,10.808929869456962,Pickup_5_Gas,Pickup_5_Gas,Pickup_5_Gas,DRIVEALONE,-16.606910830277656,Pickup_5_Gas,,-9.0,2out_1in,shopping
2113,42,eatout,1,1,1,1,joint,3,12998.0,100.0,16,32.0,34.0,2.0,,,-9.0,1025.0,adults,False,True,14.19429317681172,Car_10_Gas,Car_10_Gas,Car_10_Gas,SHARED3,-49.64853154312075,Car_10_Gas,,-9.0,1out_0in,eatout
2159,43,escort,1,1,1,2,non_mandatory,1,3132.0,100.0,16,26.0,27.0,1.0,,,-9.0,901.0,,False,True,11.549186421353475,Car_10_Gas,Car_10_Gas,Car_10_Gas,DRIVEALONE,0.092419835604667,Car_10_Gas,,-9.0,0out_0in,escort
2175,43,othdiscr,1,1,2,2,non_mandatory,1,7004.0,100.0,16,9.0,9.0,0.0,,,-9.0,356.0,,False,True,14.723849389565869,Pickup_13_Gas,Pickup_13_Gas,Pickup_13_Gas,SHARED3,0.7217236166396034,Pickup_13_Gas,,-9.0,0out_0in,othdiscr
2225,44,othdiscr,1,1,1,1,non_mandatory,1,8847.0,100.0,16,11.0,32.0,21.0,,,-9.0,456.0,,False,True,14.97114729141592,Car_10_Gas,Car_10_Gas,Car_10_Gas,SHARED3,0.5494186200621679,Car_10_Gas,,-9.0,0out_1in,othdiscr
2304,46,eat,1,1,1,1,atwork,1,23866.0,7369.0,17,18.0,19.0,1.0,,,-9.0,681.0,,,,2.2424904078324697,,,,DRIVEALONE,-3.856152011655222,Pickup_13_Gas,,2348.0,0out_0in,atwork
2348,46,work,2,1,1,2,mandatory,1,7369.0,100.0,17,18.0,40.0,22.0,,,-9.0,702.0,,,,-9.0,Pickup_13_Gas,Car_8_Gas,Car_8_Gas,DRIVEALONE,-1.7504694014424365,Pickup_13_Gas,eat,-9.0,0out_0in,work
2349,46,work,2,2,2,2,mandatory,1,7369.0,100.0,17,16.0,17.0,1.0,,,-9.0,616.0,,,,-9.0,Car_8_Gas,Car_8_Gas,Pickup_13_Gas,DRIVEALONE,-1.753859132776015,Car_8_Gas,no_subtours,-9.0,0out_0in,work
2379,47,othmaint,1,1,1,1,non_mandatory,1,24333.0,100.0,17,15.0,18.0,3.0,,,-9.0,584.0,,True,False,8.13489124245558,Car_8_Gas,Pickup_13_Gas,Car_8_Gas,DRIVEALONE,-4.785610023113819,Car_8_Gas,,-9.0,1out_0in,othmaint
2433,48,school,1,1,1,1,mandatory,1,23114.0,100.0,17,9.0,29.0,20.0,,,-9.0,376.0,,,,-9.0,SUV_4_Gas,SUV_4_Gas,SUV_4_Gas,DRIVEALONE,-1.4896295212897737,SUV_4_Gas,,-9.0,0out_2in,univ
2498,49,work,1,1,1,1,mandatory,1,12798.0,100.0,17,5.0,31.0,26.0,,,-9.0,212.0,,,,-9.0,Pickup_13_Gas,Car_8_Gas,SUV_4_Gas,WALK_PRM,-5.403777163127285,,no_subtours,-9.0,0out_0in,work
2633,52,school,1,1,2,2,mandatory,1,23114.0,100.0,18,21.0,27.0,6.0,,,-9.0,776.0,,,,-9.0,SUV_14_Gas,non_hh_veh,SUV_14_Gas,BIKE,-5.268547427426747,,,-9.0,0out_0in,univ
2648,52,work,1,1,1,2,mandatory,1,7616.0,100.0,18,31.0,37.0,6.0,,,-9.0,1011.0,,,,-9.0,SUV_14_Gas,SUV_14_Gas,SUV_14_Gas,DRIVEALONE,-5.916708007388382,SUV_14_Gas,no_subtours,-9.0,0out_0in,work
2651,53,business,1,1,1,1,atwork,1,23062.0,23062.0,19,30.0,32.0,2.0,,,-9.0,988.0,,,,7.682882666406706,,,,SHARED3,0.1389347799327194,SUV_18_Gas,,2699.0,0out_1in,atwork
2654,53,eat,1,1,1,1,atwork,1,23062.0,23062.0,19,19.0,21.0,2.0,,,-9.0,713.0,,,,7.69685069969689,,,,DRIVEALONE,0.1776650532859747,Car_14_Gas,,2698.0,0out_0in,atwork
2698,53,work,2,1,1,2,mandatory,1,23062.0,100.0,19,9.0,29.0,20.0,,,-9.0,376.0,,,,-9.0,Car_14_Gas,Car_14_Gas,Car_14_Gas,DRIVEALONE,-0.9332903173412604,Car_14_Gas,eat,-9.0,0out_1in,work
2699,53,work,2,2,2,2,mandatory,1,23062.0,100.0,19,30.0,36.0,6.0,,,-9.0,992.0,,,,-9.0,SUV_18_Gas,SUV_18_Gas,Car_14_Gas,DRIVEALONE,-0.9134919487023018,SUV_18_Gas,business1,-9.0,0out_0in,work
2704,54,eat,1,1,1,1,atwork,1,15673.0,15801.0,19,24.0,26.0,2.0,,,-9.0,853.0,,,,4.841883426067276,,,,DRIVEALONE,-1.198682572277307,Car_14_Gas,,2748.0,0out_0in,atwork
2748,54,work,1,1,1,1,mandatory,1,15801.0,100.0,19,7.0,27.0,20.0,,,-9.0,293.0,,,,-9.0,Car_14_Gas,Car_14_Gas,SUV_18_Gas,DRIVEALONE,-3.032513387232986,Car_14_Gas,eat,-9.0,2out_3in,work
2798,55,work,1,1,1,1,mandatory,1,19574.0,100.0,19,10.0,30.0,20.0,,,-9.0,416.0,,,,-9.0,Car_17_Gas,SUV_18_Gas,Car_17_Gas,DRIVEALONE,-5.144266741275804,Car_17_Gas,no_subtours,-9.0,0out_1in,work
2825,56,othdiscr,1,1,1,1,non_mandatory,1,16270.0,100.0,19,27.0,28.0,1.0,,,-9.0,924.0,,False,True,14.299499535442056,SUV_18_Gas,Car_14_Gas,Car_14_Gas,DRIVEALONE,-1.5896135899915251,SUV_18_Gas,,-9.0,0out_1in,othdiscr
2879,57,othmaint,1,1,1,1,non_mandatory,1,23062.0,100.0,20,19.0,27.0,8.0,,,-9.0,719.0,,False,True,12.10155292868895,SUV_6_Gas,SUV_6_Gas,SUV_6_Gas,DRIVEALONE,-2.721768902241146,SUV_6_Gas,,-9.0,0out_1in,othmaint
2941,58,shopping,1,1,1,1,non_mandatory,1,7616.0,100.0,21,29.0,36.0,7.0,,,-9.0,973.0,,False,True,10.313521921818332,Car_6_Gas,Car_6_Gas,SUV_6_Gas,DRIVEALONE,-2.8086477667016454,Car_6_Gas,,-9.0,0out_0in,shopping
2956,59,eatout,1,1,1,1,non_mandatory,1,1450.0,100.0,21,16.0,22.0,6.0,,,-9.0,621.0,,False,True,14.94456417470786,SUV_6_Gas,Car_6_Gas,SUV_6_Gas,BIKE,1.3613794866652056,,,-9.0,1out_1in,eatout
3033,60,school,1,1,1,1,mandatory,1,19370.0,100.0,21,11.0,30.0,19.0,,,-9.0,454.0,,,,-9.0,Pickup_12_Gas,SUV_6_Gas,Car_6_Gas,DRIVEALONE,-1.6597311228890277,Pickup_12_Gas,,-9.0,1out_0in,univ
3054,61,eat,1,1,1,1,atwork,1,23062.0,23050.0,22,18.0,19.0,1.0,,,-9.0,681.0,,,,7.428055700787908,,,,WALK,-2.6377399897401874,SUV_12_Gas,,3098.0,0out_0in,atwork
3085,61,escort,1,1,2,2,non_mandatory,1,4962.0,100.0,22,8.0,9.0,1.0,pure_escort,,2.0,316.0,,False,True,-9.0,SUV_12_Gas,Car_9_Gas,Car_9_Gas,SHARED3,-0.3019961963528385,Car_9_Gas,,-9.0,1out_0in,escort
3098,61,work,1,1,1,2,mandatory,1,23050.0,100.0,22,11.0,31.0,20.0,,,-9.0,455.0,,,,-9.0,Car_9_Gas,SUV_12_Gas,SUV_12_Gas,SHARED3,-0.7331903330416475,SUV_12_Gas,eat,-9.0,0out_0in,work
3133,62,school,1,1,1,1,mandatory,1,16496.0,100.0,22,9.0,25.0,16.0,,,-9.0,372.0,,,,-9.0,SUV_12_Gas,Car_9_Gas,SUV_12_Gas,DRIVEALONE,-1.6308021617067514,SUV_12_Gas,,-9.0,1out_0in,school
3183,63,school,1,1,1,1,mandatory,1,7004.0,100.0,22,8.0,30.0,22.0,pure_escort,,-9.0,337.0,,,,-9.0,Car_9_Gas,SUV_12_Gas,Car_9_Gas,SHARED3,5.252423879651915,Car_9_Gas,,-9.0,0out_0in,school
3233,64,school,1,1,1,1,mandatory,1,7296.0,100.0,22,10.0,25.0,15.0,,,-9.0,411.0,,,,-9.0,Car_9_Gas,SUV_12_Gas,SUV_12_Gas,WALK,1.5765947803217368,,,-9.0,1out_0in,school
3333,66,school,1,1,1,1,mandatory,1,4962.0,100.0,22,8.0,24.0,15.0,pure_escort,,-9.0,331.0,,,,-9.0,non_hh_veh,SUV_12_Gas,SUV_12_Gas,SHARED3,3.841757540412266,SUV_12_Gas,,-9.0,1out_1in,school
3354,67,eat,1,1,1,1,atwork,1,23066.0,23073.0,23,22.0,23.0,1.0,,,-9.0,799.0,,,,4.065933028190953,,,,WALK,-1.2325090649243262,SUV_7_Gas,,3398.0,0out_0in,atwork
3398,67,work,1,1,1,1,mandatory,1,23073.0,100.0,23,9.0,31.0,20.0,ride_share,ride_share,1.0,378.0,,,,-9.0,Van_16_Gas,SUV_7_Gas,SUV_7_Gas,SHARED2,-4.3483848978522746,SUV_7_Gas,eat,-9.0,1out_1in,work
3433,68,school,1,1,1,1,mandatory,1,7004.0,100.0,23,11.0,24.0,13.0,,,-9.0,448.0,,,,-9.0,Van_16_Gas,Car_13_Gas,SUV_7_Gas,BIKE,4.936792013666282,,,-9.0,1out_0in,school
3459,69,escort,1,1,2,2,non_mandatory,1,1877.0,100.0,23,28.0,28.0,0.0,,,-9.0,945.0,,False,True,13.755260940764217,SUV_7_Gas,SUV_7_Gas,Van_16_Gas,WALK,0.8989896778622462,,,-9.0,0out_0in,escort
3483,69,school,1,1,1,2,mandatory,1,7004.0,100.0,23,9.0,24.0,15.0,,,-9.0,371.0,,,,-9.0,Van_16_Gas,Van_16_Gas,SUV_7_Gas,WALK,5.395386146884491,,,-9.0,1out_0in,school
3533,70,school,1,1,1,1,mandatory,1,11793.0,100.0,23,9.0,28.0,19.0,ride_share,,-9.0,375.0,,,,-9.0,Van_16_Gas,SUV_7_Gas,Van_16_Gas,SHARED2,3.02798872216735,SUV_7_Gas,,-9.0,0out_0in,school
3583,71,school,1,1,1,1,mandatory,1,16375.0,100.0,23,9.0,25.0,16.0,,,-9.0,372.0,,,,-9.0,Car_13_Gas,SUV_7_Gas,Van_16_Gas,SHARED3,-0.1583875418667511,Van_16_Gas,,-9.0,0out_1in,school
3633,72,school,1,1,1,1,mandatory,1,23265.0,100.0,23,12.0,31.0,19.0,,ride_share,-9.0,492.0,,,,-9.0,Van_16_Gas,Van_16_Gas,SUV_7_Gas,SHARED2,1.240546123455005,Van_16_Gas,,-9.0,1out_0in,school
3675,73,othdiscr,1,1,4,4,non_mandatory,1,100.0,100.0,24,13.0,23.0,10.0,,,-9.0,520.0,,False,True,14.918135399220947,SUV_2_Gas,SUV_2_Gas,SUV_2_Gas,SHARED3,2.0513439140378944,SUV_2_Gas,,-9.0,0out_1in,othdiscr
3685,73,escort,3,1,1,4,non_mandatory,1,16377.0,100.0,24,10.0,12.0,2.0,pure_escort,,3.0,398.0,,False,True,-9.0,SUV_2_Gas,Car_20_Gas,SUV_2_Gas,SHARED3,-1.029962294900575,SUV_2_Gas,,-9.0,2out_1in,escort
3686,73,escort,3,2,2,4,non_mandatory,1,11793.0,100.0,24,27.0,27.0,0.0,,pure_escort,2.0,923.0,,False,True,-9.0,SUV_2_Gas,SUV_2_Gas,SUV_2_Gas,SHARED3,-0.0140755286772815,SUV_2_Gas,,-9.0,0out_1in,escort
3687,73,escort,3,3,3,4,non_mandatory,1,7204.0,100.0,24,30.0,32.0,2.0,,pure_escort,1.0,988.0,,False,True,-9.0,SUV_2_Gas,SUV_2_Gas,SUV_2_Gas,SHARED2,-0.4746577412143692,SUV_2_Gas,,-9.0,0out_0in,escort
3733,74,school,1,1,1,1,mandatory,1,7004.0,100.0,24,9.0,25.0,16.0,,,-9.0,372.0,,,,-9.0,SUV_2_Gas,SUV_2_Gas,SUV_2_Gas,WALK,4.963209201347683,,,-9.0,0out_1in,school
3783,75,school,1,1,1,1,mandatory,1,7004.0,100.0,24,10.0,26.0,16.0,,,-9.0,412.0,,,,-9.0,SUV_2_Gas,Car_20_Gas,SUV_2_Gas,WALK,5.52196081321677,,,-9.0,1out_0in,school
3825,76,othdiscr,1,1,2,2,non_mandatory,1,7004.0,100.0,24,31.0,35.0,4.0,,,-9.0,1009.0,,False,True,15.736301385853938,Car_20_Gas,Car_20_Gas,SUV_2_Gas,WALK,3.651653040112708,,,-9.0,0out_0in,othdiscr
3833,76,school,1,1,1,2,mandatory,1,11793.0,100.0,24,10.0,27.0,17.0,pure_escort,pure_escort,-9.0,413.0,,,,-9.0,SUV_2_Gas,SUV_2_Gas,SUV_2_Gas,SHARED3,4.78590746344947,SUV_2_Gas,,-9.0,0out_0in,school
3883,77,school,1,1,1,1,mandatory,1,16377.0,100.0,24,10.0,27.0,15.0,pure_escort,pure_escort,-9.0,413.0,,,,-9.0,SUV_2_Gas,SUV_2_Gas,SUV_2_Gas,SHARED3,-0.1890546695146955,SUV_2_Gas,,-9.0,2out_1in,school
3933,78,school,1,1,1,1,mandatory,1,7204.0,100.0,24,10.0,32.0,22.0,pure_escort,pure_escort,-9.0,418.0,,,,-9.0,Car_20_Gas,Car_20_Gas,SUV_2_Gas,SHARED2,1.346055004691657,Car_20_Gas,,-9.0,1out_0in,school
4025,80,othdiscr,1,1,1,1,non_mandatory,1,7004.0,100.0,26,10.0,13.0,3.0,,,-9.0,399.0,,False,True,14.746781293787896,Car_17_Gas,Car_17_Gas,Car_17_Gas,WALK,1.315323021128774,,,-9.0,0out_0in,othdiscr
4059,81,escort,1,1,2,2,non_mandatory,1,6073.0,100.0,27,34.0,34.0,0.0,,,-9.0,1056.0,,False,True,13.047726025978106,Car_7_Gas,Car_7_Gas,SUV_4_Gas,SHARED3,0.3265410957716144,SUV_4_Gas,,-9.0,0out_2in,escort
4098,81,work,1,1,1,2,mandatory,1,24331.0,100.0,27,6.0,32.0,26.0,,,-9.0,256.0,,,,-9.0,SUV_4_Gas,SUV_4_Gas,SUV_4_Gas,SHARED3,-5.485098447788804,SUV_4_Gas,no_subtours,-9.0,3out_3in,work
4125,82,othdiscr,1,1,5,5,non_mandatory,1,7004.0,100.0,27,13.0,18.0,5.0,,,-9.0,515.0,,False,True,15.278327029718003,SUV_4_Gas,Pickup_13_Gas,SUV_4_Gas,SHARED3,1.754229389760923,SUV_4_Gas,,-9.0,0out_0in,othdiscr
4135,82,escort,4,1,1,5,non_mandatory,1,9906.0,100.0,27,9.0,10.0,1.0,pure_escort,,1.0,357.0,,False,True,-9.0,SUV_14_Gas,Pickup_13_Gas,SUV_4_Gas,WALK,-0.0458704924078789,,,-9.0,0out_0in,escort
4136,82,escort,4,2,2,5,non_mandatory,1,16230.0,100.0,27,12.0,12.0,0.0,pure_escort,,1.0,473.0,,False,True,-9.0,Car_7_Gas,Car_7_Gas,SUV_14_Gas,SHARED3,-2.3030617526710206,SUV_14_Gas,,-9.0,0out_0in,escort
4137,82,escort,4,3,3,5,non_mandatory,1,16230.0,100.0,27,23.0,28.0,5.0,,pure_escort,1.0,830.0,,False,True,-9.0,Car_7_Gas,SUV_4_Gas,SUV_4_Gas,SHARED3,-2.1659063430393863,SUV_4_Gas,,-9.0,0out_0in,escort
4138,82,escort,4,4,4,5,non_mandatory,1,9906.0,100.0,27,30.0,31.0,1.0,,pure_escort,1.0,987.0,,False,True,-9.0,SUV_4_Gas,SUV_4_Gas,SUV_4_Gas,SHARED2,-0.0448702734129019,SUV_4_Gas,,-9.0,0out_0in,escort
4183,83,school,2,1,1,2,mandatory,1,16230.0,100.0,27,12.0,28.0,16.0,pure_escort,pure_escort,-9.0,489.0,,,,-9.0,SUV_4_Gas,Pickup_13_Gas,SUV_4_Gas,SHARED3,1.0210963999247034,SUV_4_Gas,,-9.0,0out_0in,school
4184,83,school,2,2,2,2,mandatory,1,16230.0,100.0,27,10.0,10.0,0.0,,,-9.0,396.0,,,,-9.0,Car_7_Gas,SUV_14_Gas,SUV_14_Gas,BIKE,1.0166574853471066,,,-9.0,1out_0in,school
4233,84,school,1,1,1,1,mandatory,1,9906.0,100.0,27,9.0,31.0,22.0,pure_escort,pure_escort,-9.0,378.0,,,,-9.0,SUV_4_Gas,SUV_4_Gas,SUV_4_Gas,SHARED2,5.60679085403181,SUV_4_Gas,,-9.0,0out_0in,school
4379,87,othmaint,1,1,1,1,non_mandatory,1,23017.0,100.0,28,12.0,22.0,10.0,,,-9.0,483.0,,False,True,9.970166233189753,Pickup_9_Gas,SUV_20_Gas,SUV_20_Gas,DRIVEALONE,-4.0704780452200735,Pickup_9_Gas,,-9.0,0out_0in,othmaint
4525,90,othdiscr,1,1,1,1,non_mandatory,1,1450.0,100.0,29,11.0,17.0,6.0,,,-9.0,441.0,,False,True,14.73301625941915,SUV_11_Gas,Pickup_1_Gas,Pickup_1_Gas,WALK,1.2914108335459846,,,-9.0,0out_1in,othdiscr
4575,91,othdiscr,1,1,1,1,non_mandatory,1,7004.0,100.0,30,13.0,13.0,0.0,,,-9.0,510.0,,False,True,15.39473189052339,Car_13_Gas,Car_13_Gas,Pickup_9_Gas,BIKE,1.7686433812961184,,,-9.0,0out_0in,othdiscr
4633,92,school,1,1,1,1,mandatory,1,5313.0,100.0,30,10.0,28.0,18.0,,,-9.0,414.0,,,,-9.0,Pickup_9_Gas,Pickup_9_Gas,Pickup_9_Gas,WALK,2.586070705193309,,,-9.0,0out_0in,univ
4713,94,eatout,1,1,1,3,joint,2,359.0,100.0,32,32.0,33.0,1.0,,,-9.0,1024.0,adults,False,True,11.994127511708554,Van_9_Gas,Van_9_Gas,Car_11_Gas,SHARED2,-1.0142090416016172,Van_9_Gas,,-9.0,0out_0in,eatout
4725,94,othdiscr,1,1,3,3,non_mandatory,1,4962.0,100.0,32,14.0,16.0,2.0,,,-9.0,548.0,,False,True,15.00502033446575,Car_11_Gas,Car_11_Gas,Van_9_Gas,DRIVEALONE,0.2857776597744793,Car_11_Gas,,-9.0,0out_1in,othdiscr
4729,94,othmaint,1,1,2,3,non_mandatory,1,2465.0,100.0,32,22.0,23.0,1.0,,,-9.0,799.0,,False,True,11.20405376723803,Van_9_Gas,Van_9_Gas,Car_11_Gas,DRIVEALONE,0.0132175179136506,Van_9_Gas,,-9.0,0out_0in,othmaint
4756,95,eatout,1,1,1,1,non_mandatory,1,5846.0,100.0,32,18.0,21.0,3.0,,,-9.0,683.0,,False,True,14.551202367450664,Car_11_Gas,Van_9_Gas,Van_9_Gas,DRIVEALONE,1.282475528970326,Car_11_Gas,,-9.0,0out_0in,eatout
4898,97,work,1,1,1,1,mandatory,1,10906.0,100.0,34,9.0,32.0,23.0,,,-9.0,379.0,,,,-9.0,Car_13_Gas,Car_13_Gas,SUV_8_Gas,SHARED2,-3.82346259997112,Car_13_Gas,no_subtours,-9.0,0out_3in,work
4941,98,shopping,1,1,1,1,non_mandatory,1,18443.0,100.0,34,24.0,26.0,2.0,,,-9.0,853.0,,False,True,10.133790828779553,Car_13_Gas,Car_13_Gas,SUV_8_Gas,DRIVEALONE,-2.805627631342408,Car_13_Gas,,-9.0,0out_0in,shopping
5033,100,school,1,1,1,1,mandatory,1,17414.0,100.0,35,9.0,21.0,12.0,,,-9.0,368.0,,,,-9.0,non_hh_veh,non_hh_veh,non_hh_veh,SCH_BUS,28.3412266242552,,,-9.0,0out_0in,school
5083,101,school,1,1,1,1,mandatory,1,16377.0,100.0,35,9.0,25.0,16.0,,,-9.0,372.0,,,,-9.0,non_hh_veh,non_hh_veh,non_hh_veh,SHARED3,31.054014994216544,non_hh_veh,,-9.0,1out_0in,school
5133,102,school,1,1,1,1,mandatory,1,5573.0,100.0,35,11.0,30.0,19.0,,,-9.0,454.0,,,,-9.0,non_hh_veh,non_hh_veh,non_hh_veh,SCH_BUS,35.81986806993136,,,-9.0,0out_0in,school
5156,103,eatout,1,1,5,5,non_mandatory,1,1450.0,100.0,36,34.0,35.0,1.0,,,-9.0,1057.0,,False,True,15.785611816118603,non_hh_veh,non_hh_veh,non_hh_veh,WALK,2.323589889378567,,,-9.0,0out_0in,eatout
5185,103,escort,4,1,1,5,non_mandatory,1,23872.0,100.0,36,10.0,11.0,1.0,pure_escort,,2.0,397.0,,False,True,-9.0,non_hh_veh,non_hh_veh,non_hh_veh,WALK,0.2274955377781682,,,-9.0,1out_0in,escort
5186,103,escort,4,2,2,5,non_mandatory,1,2234.0,100.0,36,23.0,26.0,3.0,,pure_escort,1.0,828.0,,False,True,-9.0,non_hh_veh,non_hh_veh,non_hh_veh,SHARED3,-1.8885421118661612,non_hh_veh,,-9.0,0out_0in,escort
5187,103,escort,4,3,3,5,non_mandatory,1,11793.0,100.0,36,26.0,26.0,0.0,,pure_escort,1.0,900.0,,False,True,-9.0,non_hh_veh,non_hh_veh,non_hh_veh,WALK,0.588468843309009,,,-9.0,0out_0in,escort
5188,103,escort,4,4,4,5,non_mandatory,1,23872.0,100.0,36,29.0,30.0,1.0,,pure_escort,1.0,967.0,,False,True,-9.0,non_hh_veh,non_hh_veh,non_hh_veh,SHARED2,0.2860667680811169,non_hh_veh,,-9.0,0out_0in,escort
5233,104,school,1,1,1,1,mandatory,1,11793.0,100.0,36,10.0,26.0,16.0,pure_escort,pure_escort,-9.0,412.0,,,,-9.0,non_hh_veh,non_hh_veh,non_hh_veh,WALK,35.26246738590479,,,-9.0,0out_0in,school
5283,105,school,1,1,1,1,mandatory,1,23872.0,100.0,36,10.0,30.0,21.0,pure_escort,pure_escort,-9.0,416.0,,,,-9.0,non_hh_veh,non_hh_veh,non_hh_veh,SHARED2,32.946676781076754,non_hh_veh,,-9.0,1out_0in,school
5333,106,school,1,1,1,1,mandatory,1,2234.0,100.0,36,11.0,26.0,15.0,,pure_escort,-9.0,450.0,,,,-9.0,non_hh_veh,non_hh_veh,non_hh_veh,SHARED3,35.45819094841397,non_hh_veh,,-9.0,1out_0in,school
5359,107,escort,2,1,2,3,non_mandatory,1,1411.0,100.0,37,28.0,28.0,0.0,,,-9.0,945.0,,False,True,12.747626912986538,Pickup_10_Gas,Car_10_Gas,Car_10_Gas,DRIVEALONE,-0.2645793147915281,Pickup_10_Gas,,-9.0,1out_0in,escort
5360,107,escort,2,2,3,3,non_mandatory,1,12515.0,100.0,37,29.0,30.0,1.0,,,-9.0,967.0,,False,True,13.206541487964,Car_10_Gas,Pickup_10_Gas,Pickup_10_Gas,DRIVEALONE,-0.597861378141808,Car_10_Gas,,-9.0,0out_1in,escort
5371,107,social,1,1,1,3,joint,2,1553.0,100.0,37,16.0,21.0,5.0,,,-9.0,620.0,adults,False,True,13.104277929700734,Car_10_Gas,Pickup_10_Gas,Car_10_Gas,SHARED2,-1.5998282935301946,Pickup_10_Gas,,-9.0,0out_0in,social
5406,108,eatout,1,1,1,1,non_mandatory,1,23875.0,100.0,37,35.0,35.0,0.0,,,-9.0,1071.0,,False,True,15.014584017968817,Pickup_10_Gas,Car_10_Gas,Pickup_10_Gas,DRIVEALONE,0.2828863902212554,Pickup_10_Gas,,-9.0,3out_3in,eatout
5469,109,shopping,1,1,1,1,joint,3,23947.0,100.0,38,27.0,30.0,3.0,,,-9.0,926.0,adults,False,True,10.149222756767362,Pickup_17_Gas,SUV_10_Gas,SUV_10_Gas,SHARED3,-56.53798199091671,SUV_10_Gas,,-9.0,0out_2in,shopping
5619,112,shopping,1,1,1,3,joint,2,23845.0,100.0,39,14.0,21.0,7.0,,,-9.0,553.0,adults,False,True,9.484755425761104,Van_7_Gas,Van_7_Gas,Van_7_Gas,SHARED2,-1.4810046908665937,Van_7_Gas,,-9.0,0out_1in,shopping
5625,112,othdiscr,2,1,2,3,non_mandatory,1,7004.0,100.0,39,22.0,28.0,6.0,,,-9.0,804.0,,False,True,14.20633462471133,Van_7_Gas,Van_7_Gas,Van_7_Gas,SHARED2,1.3687008428673524,Van_7_Gas,,-9.0,0out_0in,othdiscr
5626,112,othdiscr,2,2,3,3,non_mandatory,1,1276.0,100.0,39,30.0,31.0,1.0,,,-9.0,987.0,,False,True,14.727908981350074,Van_7_Gas,Van_7_Gas,Van_7_Gas,DRIVEALONE,1.3769035886487344,Van_7_Gas,,-9.0,0out_1in,othdiscr
5713,114,eatout,1,1,1,1,joint,2,100.0,100.0,40,17.0,20.0,3.0,,,-9.0,651.0,adults,False,True,13.693213819234597,SUV_1_Gas,SUV_1_Gas,SUV_1_Gas,SHARED2,-0.4575244301246734,SUV_1_Gas,,-9.0,1out_0in,eatout
5859,117,escort,1,1,2,2,non_mandatory,1,12515.0,100.0,41,8.0,11.0,3.0,,,-9.0,318.0,,False,True,12.816202372326618,Pickup_19_Gas,Pickup_19_Gas,Pickup_19_Gas,WALK,-0.0708198817666149,,,-9.0,0out_0in,escort
5873,117,maint,1,1,1,1,atwork,1,1261.0,12534.0,41,27.0,29.0,2.0,,,-9.0,925.0,,,,3.080220932221702,,,,SHARED3,-1.1540173366193474,Pickup_19_Gas,,5898.0,0out_1in,atwork
5898,117,work,1,1,1,2,mandatory,1,12534.0,100.0,41,12.0,32.0,20.0,,,-9.0,493.0,,,,-9.0,Pickup_19_Gas,Pickup_19_Gas,Pickup_19_Gas,DRIVEALONE,-1.540378066955423,Pickup_19_Gas,maint,-9.0,0out_0in,work
5975,119,othdiscr,1,1,1,1,non_mandatory,1,7004.0,100.0,41,27.0,29.0,2.0,,,-9.0,925.0,,False,True,14.739812081262697,Pickup_19_Gas,Pickup_19_Gas,Pickup_19_Gas,SHARED2,1.0364538786409974,Pickup_19_Gas,,-9.0,0out_2in,othdiscr
6000,120,business,1,1,1,1,atwork,1,23062.0,16089.0,42,15.0,18.0,3.0,,,-9.0,584.0,,,,5.946782332969231,,,,SHARED3,-1.4069810209596834,Car_3_Gas,,6048.0,1out_0in,atwork
6048,120,work,1,1,1,1,mandatory,1,16089.0,100.0,42,5.0,26.0,21.0,,,-9.0,207.0,,,,-9.0,Car_3_Gas,Car_3_Gas,Car_3_Gas,DRIVEALONE,-1.7665669089052405,Car_3_Gas,business1,-9.0,0out_0in,work
6179,123,othmaint,1,1,1,1,non_mandatory,1,19148.0,100.0,43,11.0,15.0,4.0,,,-9.0,439.0,,False,True,12.403776162331,non_hh_veh,non_hh_veh,Pickup_12_Gas,DRIVEALONE,-3.777048989754659,non_hh_veh,,-9.0,0out_3in,othmaint
6225,124,othdiscr,1,1,1,1,non_mandatory,1,2549.0,100.0,43,15.0,15.0,0.0,,,-9.0,581.0,,False,True,14.538874735960718,Pickup_12_Gas,Pickup_12_Gas,Pickup_12_Gas,WALK,-0.0361394185185055,,,-9.0,0out_3in,othdiscr
6506,130,eatout,1,1,2,2,non_mandatory,1,2574.0,100.0,46,7.0,8.0,1.0,,,-9.0,274.0,,False,True,14.937256223579404,Car_11_Gas,Car_11_Gas,Car_11_Gas,SHARED3,1.555972234195904,Car_11_Gas,,-9.0,0out_0in,eatout
6529,130,othmaint,1,1,1,2,non_mandatory,1,6227.0,100.0,46,9.0,37.0,28.0,,,-9.0,384.0,,False,True,12.34170199511073,Car_13_Gas,Car_11_Gas,Car_13_Gas,DRIVEALONE,0.4221807886772276,Car_13_Gas,,-9.0,0out_1in,othmaint
6579,131,othmaint,1,1,1,1,non_mandatory,1,23849.0,100.0,46,26.0,28.0,2.0,,,-9.0,902.0,,False,True,11.37131575847791,Car_11_Gas,Car_11_Gas,Car_13_Gas,DRIVEALONE,0.1750933866274036,Car_11_Gas,,-9.0,2out_1in,othmaint
6604,132,eat,1,1,1,1,atwork,1,8926.0,1380.0,47,18.0,20.0,2.0,,,-9.0,682.0,,,,2.671279714280804,,,,DRIVEALONE,-2.313469353499482,Van_6_PEV,,6648.0,0out_0in,atwork
6648,132,work,1,1,1,1,mandatory,1,1380.0,100.0,47,10.0,35.0,25.0,,,-9.0,421.0,,,,-9.0,Van_6_PEV,Van_6_PEV,Van_6_PEV,DRIVEALONE,-1.182876398924694,Van_6_PEV,eat,-9.0,0out_1in,work
6656,133,eatout,1,1,2,3,non_mandatory,1,1450.0,100.0,48,18.0,27.0,9.0,,,-9.0,689.0,,False,True,15.204046337823067,Car_20_Gas,Pickup_13_Gas,Pickup_13_Gas,BIKE,1.7697314641660884,,,-9.0,0out_0in,eatout
6675,133,othdiscr,1,1,3,3,non_mandatory,1,7004.0,100.0,48,13.0,15.0,2.0,,,-9.0,512.0,,False,True,14.765752095275117,Pickup_13_Gas,Pickup_13_Gas,Pickup_13_Gas,WALK,1.759231401853888,,,-9.0,0out_0in,othdiscr
6691,133,shopping,1,1,1,3,non_mandatory,1,23883.0,100.0,48,13.0,13.0,0.0,,,-9.0,510.0,,False,True,9.39836907834904,Car_20_Gas,Pickup_13_Gas,Car_20_Gas,DRIVEALONE,-0.5479270561986123,Car_20_Gas,,-9.0,0out_2in,shopping
6733,134,school,1,1,1,1,mandatory,1,23114.0,100.0,48,19.0,25.0,6.0,,,-9.0,717.0,,,,-9.0,Pickup_13_Gas,Car_20_Gas,Pickup_13_Gas,DRIVEALONE,-2.651911282539316,Pickup_13_Gas,,-9.0,0out_0in,univ
6779,135,othmaint,2,1,5,6,non_mandatory,1,18418.0,100.0,49,16.0,22.0,6.0,,,-9.0,621.0,,False,True,11.285552817581062,Car_12_Gas,Car_12_Gas,Car_12_Gas,DRIVEALONE,-1.818148838315305,Car_12_Gas,,-9.0,1out_0in,othmaint
6780,135,othmaint,2,2,6,6,non_mandatory,1,18529.0,100.0,49,28.0,29.0,1.0,,,-9.0,946.0,,False,True,11.16611620974646,Car_12_Gas,Car_12_Gas,Car_12_Gas,SHARED3,-1.2579687131634925,Car_12_Gas,,-9.0,0out_0in,othmaint
6785,135,escort,3,1,1,6,non_mandatory,1,5878.0,100.0,49,12.0,13.0,1.0,pure_escort,,2.0,474.0,,False,True,-9.0,Car_12_Gas,Car_12_Gas,Car_12_Gas,SHARED3,-1.5360572961639811,Car_12_Gas,,-9.0,1out_0in,escort
6786,135,escort,3,2,2,6,non_mandatory,1,5878.0,100.0,49,27.0,28.0,1.0,,pure_escort,1.0,924.0,,False,True,-9.0,Car_12_Gas,Car_12_Gas,Car_12_Gas,SHARED3,-1.640669774691088,Car_12_Gas,,-9.0,0out_0in,escort
6787,135,escort,3,3,3,6,non_mandatory,1,4962.0,100.0,49,29.0,31.0,2.0,,pure_escort,1.0,968.0,,False,True,-9.0,Car_12_Gas,Car_12_Gas,Car_12_Gas,WALK,0.4940994497244349,,,-9.0,0out_0in,escort
6791,135,shopping,1,1,4,6,non_mandatory,1,7616.0,100.0,49,22.0,23.0,1.0,,,-9.0,799.0,,False,True,9.937303447715342,Car_12_Gas,Car_12_Gas,Car_12_Gas,SHARED3,-0.669910974530435,Car_12_Gas,,-9.0,0out_0in,shopping
6809,136,escort,1,1,2,2,non_mandatory,1,7369.0,100.0,49,37.0,39.0,2.0,,,-9.0,1100.0,,False,True,13.844566690277306,Car_12_Gas,Car_12_Gas,Car_12_Gas,SHARED3,0.1012268878109698,Car_12_Gas,,-9.0,0out_0in,escort
6848,136,work,1,1,1,2,mandatory,1,17997.0,100.0,49,10.0,32.0,22.0,,,-9.0,418.0,,,,-9.0,Car_12_Gas,Car_12_Gas,Car_12_Gas,SHARED3,-0.498476993635636,Car_12_Gas,no_subtours,-9.0,0out_2in,work
6883,137,school,1,1,1,1,mandatory,1,4962.0,100.0,49,12.0,31.0,19.0,pure_escort,pure_escort,-9.0,492.0,,,,-9.0,Car_12_Gas,Car_12_Gas,Car_12_Gas,WALK,3.823047058268109,,,-9.0,0out_0in,school
6933,138,school,1,1,1,1,mandatory,1,5878.0,100.0,49,12.0,28.0,17.0,pure_escort,pure_escort,-9.0,489.0,,,,-9.0,Car_12_Gas,Car_12_Gas,Car_12_Gas,SHARED3,-2.337361526731088,Car_12_Gas,,-9.0,1out_0in,school
6959,139,escort,2,1,1,2,non_mandatory,1,3132.0,100.0,49,28.0,30.0,2.0,,,-9.0,947.0,,False,True,14.137055846261433,Car_12_Gas,Car_12_Gas,Car_12_Gas,SHARED2,0.6908131637693952,Car_12_Gas,,-9.0,0out_0in,escort
6960,139,escort,2,2,2,2,non_mandatory,1,1774.0,100.0,49,10.0,10.0,0.0,,,-9.0,396.0,,False,True,14.275012205145154,Car_12_Gas,Car_12_Gas,Car_12_Gas,WALK,0.0303709287448268,,,-9.0,0out_0in,escort
7079,141,othmaint,1,1,3,3,non_mandatory,1,5313.0,100.0,50,15.0,20.0,5.0,,,-9.0,586.0,,False,True,12.465993897163935,Car_16_Gas,Car_5_Gas,Car_5_Gas,DRIVEALONE,0.5441020452513025,Car_16_Gas,,-9.0,0out_1in,othmaint
7085,141,escort,2,1,1,3,non_mandatory,1,20697.0,100.0,50,9.0,10.0,1.0,pure_escort,,1.0,357.0,,False,True,-9.0,Car_5_Gas,Car_5_Gas,Car_5_Gas,SHARED3,-4.114172130012856,Car_5_Gas,,-9.0,0out_1in,escort
7086,141,escort,2,2,2,3,non_mandatory,1,20697.0,100.0,50,23.0,24.0,1.0,,pure_escort,1.0,826.0,,False,True,-9.0,Car_5_Gas,Car_5_Gas,Car_5_Gas,SHARED3,-3.882739336365258,Car_5_Gas,,-9.0,0out_0in,escort
7104,142,eat,1,1,1,1,atwork,1,9901.0,7226.0,50,19.0,19.0,0.0,,,-9.0,711.0,,,,4.628035054561557,,,,SHARED3,-0.4117357485127876,Car_16_Gas,,7148.0,1out_1in,atwork
7129,142,othmaint,1,1,4,4,non_mandatory,1,16132.0,100.0,50,20.0,24.0,4.0,,,-9.0,745.0,,False,True,12.409990032070503,Car_5_Gas,Car_16_Gas,Car_16_Gas,SHARED3,-0.1993112992377513,Car_16_Gas,,-9.0,3out_3in,othmaint
7135,142,escort,2,1,2,4,non_mandatory,1,23268.0,100.0,50,10.0,11.0,1.0,pure_escort,,1.0,397.0,,False,True,-9.0,Car_16_Gas,Car_16_Gas,Car_5_Gas,SHARED2,-0.4794942657656237,Car_16_Gas,,-9.0,0out_0in,escort
7136,142,escort,2,2,3,4,non_mandatory,1,23268.0,100.0,50,29.0,30.0,1.0,,pure_escort,1.0,967.0,,False,True,-9.0,Car_16_Gas,Car_5_Gas,Car_5_Gas,SHARED3,-0.4743183574047483,Car_5_Gas,,-9.0,0out_0in,escort
7148,142,work,1,1,1,4,mandatory,1,7226.0,100.0,50,16.0,19.0,3.0,,,-9.0,618.0,,,,-9.0,Car_5_Gas,Car_5_Gas,Car_16_Gas,SHARED3,-0.4025996609733638,Car_16_Gas,eat,-9.0,0out_0in,work
7183,143,school,1,1,1,1,mandatory,1,23268.0,100.0,50,10.0,30.0,20.0,pure_escort,pure_escort,-9.0,416.0,,,,-9.0,Car_16_Gas,Car_16_Gas,Car_5_Gas,SHARED3,0.6939000757661146,Car_5_Gas,,-9.0,0out_0in,school
7233,144,school,1,1,1,1,mandatory,1,20697.0,100.0,50,9.0,24.0,15.0,pure_escort,pure_escort,-9.0,371.0,,,,-9.0,Car_5_Gas,Car_16_Gas,Car_5_Gas,SHARED3,-6.99208806887505,Car_5_Gas,,-9.0,0out_0in,school
7291,145,shopping,1,1,1,1,non_mandatory,1,3579.0,100.0,50,29.0,29.0,0.0,,,-9.0,966.0,,False,True,11.026412017674224,Car_5_Gas,Car_5_Gas,Car_5_Gas,SHARED3,1.093294841648894,Car_5_Gas,,-9.0,0out_0in,shopping
7345,146,social,1,1,1,1,non_mandatory,1,6080.0,100.0,50,9.0,23.0,14.0,,,-9.0,370.0,,False,True,14.14726381923703,Car_16_Gas,Car_16_Gas,Car_5_Gas,WALK,1.929649281540448,,,-9.0,3out_3in,social
7483,149,school,1,1,1,1,mandatory,1,7296.0,100.0,51,10.0,25.0,15.0,,,-9.0,411.0,,,,-9.0,SUV_15_Gas,SUV_15_Gas,Van_18_Gas,WALK,3.7545174980791383,,,-9.0,0out_1in,school
7533,150,school,1,1,1,1,mandatory,1,16784.0,100.0,51,9.0,25.0,16.0,,,-9.0,372.0,,,,-9.0,Van_18_Gas,SUV_15_Gas,SUV_15_Gas,SHARED3,-3.0936055748461126,SUV_15_Gas,,-9.0,2out_0in,school
7583,151,school,1,1,1,1,mandatory,1,6643.0,100.0,51,9.0,11.0,2.0,,,-9.0,358.0,,,,-9.0,Van_18_Gas,Van_18_Gas,Van_18_Gas,WALK,1.776787519642104,,,-9.0,1out_0in,school
7609,152,escort,1,1,1,1,non_mandatory,1,2965.0,100.0,51,25.0,29.0,4.0,,,-9.0,880.0,,False,True,13.487705040458293,SUV_15_Gas,SUV_15_Gas,Van_18_Gas,WALK,1.2503647078301936,,,-9.0,0out_0in,escort
7698,153,work,2,1,1,2,mandatory,1,8977.0,100.0,52,10.0,39.0,29.0,,,-9.0,425.0,,,,-9.0,Car_16_Gas,Pickup_7_Gas,Car_16_Gas,DRIVEALONE,-8.051055253129999,Car_16_Gas,no_subtours,-9.0,1out_1in,work
7699,153,work,2,2,2,2,mandatory,1,8977.0,100.0,52,40.0,42.0,2.0,,,-9.0,1133.0,,,,-9.0,Car_16_Gas,Pickup_7_Gas,Pickup_7_Gas,DRIVEALONE,-7.6020607295564,Car_16_Gas,no_subtours,-9.0,0out_0in,work
7725,154,othdiscr,1,1,5,5,non_mandatory,1,1261.0,100.0,52,17.0,20.0,3.0,,,-9.0,651.0,,False,True,14.806961638746635,Pickup_7_Gas,Car_16_Gas,Pickup_7_Gas,WALK,1.6905185716847733,,,-9.0,0out_2in,othdiscr
7735,154,escort,3,1,2,5,non_mandatory,1,20924.0,100.0,52,9.0,10.0,1.0,pure_escort,,2.0,357.0,,False,True,-9.0,Car_16_Gas,Pickup_7_Gas,Pickup_7_Gas,SHARED3,-5.193846453147814,Pickup_7_Gas,,-9.0,1out_3in,escort
7736,154,escort,3,2,3,5,non_mandatory,1,7204.0,100.0,52,24.0,26.0,2.0,,pure_escort,1.0,853.0,,False,True,-9.0,Pickup_7_Gas,Car_16_Gas,Pickup_7_Gas,SHARED3,-0.7765227325774867,Pickup_7_Gas,,-9.0,0out_0in,escort
7737,154,escort,3,3,4,5,non_mandatory,1,20924.0,100.0,52,26.0,28.0,2.0,,pure_escort,1.0,902.0,,False,True,-9.0,Car_16_Gas,Pickup_7_Gas,Car_16_Gas,SHARED3,-4.908699711442362,Car_16_Gas,,-9.0,0out_0in,escort
7748,154,work,1,1,1,5,mandatory,1,15801.0,100.0,52,14.0,17.0,3.0,,,-9.0,549.0,,,,-9.0,Pickup_7_Gas,Pickup_7_Gas,Pickup_7_Gas,SHARED3,-6.042273365752586,Pickup_7_Gas,no_subtours,-9.0,0out_0in,work
7783,155,school,1,1,1,1,mandatory,1,7204.0,100.0,52,9.0,26.0,17.0,pure_escort,pure_escort,-9.0,373.0,,,,-9.0,Car_16_Gas,Pickup_7_Gas,Car_16_Gas,SHARED3,1.3697363803931917,Car_16_Gas,,-9.0,0out_0in,school
7833,156,school,1,1,1,1,mandatory,1,20924.0,100.0,52,9.0,28.0,19.0,pure_escort,pure_escort,-9.0,375.0,,,,-9.0,Car_16_Gas,Pickup_7_Gas,Pickup_7_Gas,SHARED3,-5.852525613311411,Pickup_7_Gas,,-9.0,1out_0in,school
7959,159,escort,1,1,1,1,non_mandatory,1,1217.0,100.0,53,23.0,25.0,2.0,,,-9.0,827.0,,False,True,13.399845345861843,Car_1_Hybrid,SUV_5_Gas,SUV_5_Gas,SHARED2,1.2430521720536594,SUV_5_Gas,,-9.0,0out_0in,escort
8048,160,work,1,1,1,1,mandatory,1,13919.0,100.0,53,8.0,27.0,19.0,,,-9.0,334.0,,,,-9.0,SUV_5_Gas,Car_1_Hybrid,Car_1_Hybrid,DRIVEALONE,-3.915645948793397,SUV_5_Gas,no_subtours,-9.0,0out_0in,work
8079,161,othmaint,1,1,1,1,non_mandatory,1,2465.0,100.0,53,23.0,25.0,2.0,,,-9.0,827.0,,False,True,10.397834460924273,Car_1_Hybrid,SUV_5_Gas,Car_1_Hybrid,WALK,1.978494857737008,,,-9.0,0out_0in,othmaint
8106,162,eatout,1,1,1,1,non_mandatory,1,24333.0,100.0,54,12.0,14.0,2.0,,,-9.0,475.0,,True,False,5.3258076297685575,Car_15_Gas,Car_4_Gas,Car_4_Gas,DRIVEALONE,-1.4797532535574118,Car_15_Gas,,-9.0,1out_2in,eatout
8198,163,work,2,1,1,2,mandatory,1,20390.0,100.0,54,9.0,31.0,22.0,,,-9.0,378.0,,,,-9.0,Pickup_14_Gas,Car_15_Gas,Car_4_Gas,SHARED2,-2.136394949452737,Car_15_Gas,no_subtours,-9.0,0out_0in,work
8199,163,work,2,2,2,2,mandatory,1,20390.0,100.0,54,34.0,39.0,5.0,,,-9.0,1061.0,,,,-9.0,Car_4_Gas,Car_4_Gas,Car_4_Gas,DRIVEALONE,-1.815642173232004,Car_4_Gas,no_subtours,-9.0,0out_0in,work
8206,164,eatout,1,1,1,1,non_mandatory,1,5846.0,100.0,54,10.0,11.0,1.0,,,-9.0,397.0,,False,True,15.004411435569269,Pickup_16_Gas,Car_4_Gas,Car_4_Gas,SHARED2,3.032644306503027,Car_4_Gas,,-9.0,0out_1in,eatout
8273,165,maint,1,1,1,1,atwork,1,23050.0,23050.0,55,18.0,19.0,1.0,,,-9.0,681.0,,,,7.244582289398767,,,,SHARED3,0.2939448966932233,Car_6_Gas,,8298.0,0out_0in,atwork
8275,165,othdiscr,1,1,2,2,non_mandatory,1,15087.0,100.0,55,30.0,34.0,4.0,,,-9.0,990.0,,False,True,14.61198605060199,Car_6_Gas,Car_6_Gas,Car_6_Gas,DRIVEALONE,-1.8947913589685843,Car_6_Gas,,-9.0,0out_1in,othdiscr
8298,165,work,1,1,1,2,mandatory,1,23050.0,100.0,55,7.0,28.0,21.0,,,-9.0,294.0,,,,-9.0,Car_6_Gas,Car_3_Gas,Car_6_Gas,DRIVEALONE,-1.06518438716163,Car_6_Gas,maint,-9.0,0out_2in,work
8354,167,eat,1,1,1,1,atwork,1,5313.0,7004.0,55,19.0,20.0,1.0,,,-9.0,712.0,,,,4.010536516839024,,,,SHARED3,-0.4625456005699199,,,8398.0,0out_0in,atwork
8398,167,work,1,1,1,1,mandatory,1,7004.0,100.0,55,9.0,30.0,21.0,,,-9.0,377.0,,,,-9.0,Car_3_Gas,Car_6_Gas,Car_3_Gas,WALK,0.7505345447499449,,eat,-9.0,0out_1in,work
8433,168,school,1,1,2,2,mandatory,1,2594.0,100.0,56,31.0,38.0,7.0,,,-9.0,1012.0,,,,-9.0,Pickup_8_Gas,Pickup_8_Gas,Pickup_8_Gas,SHARED2,-4.6270702009971,Pickup_8_Gas,,-9.0,0out_0in,univ
8448,168,work,1,1,1,2,mandatory,1,23845.0,100.0,56,17.0,29.0,12.0,,,-9.0,660.0,,,,-9.0,Car_5_Gas,Pickup_8_Gas,Car_5_Gas,DRIVEALONE,-0.5755184435757028,Car_5_Gas,no_subtours,-9.0,0out_0in,work
8459,169,escort,1,1,1,1,non_mandatory,1,2143.0,100.0,56,36.0,36.0,0.0,,,-9.0,1085.0,,False,True,12.949302579920708,Pickup_8_Gas,Pickup_8_Gas,Car_5_Gas,WALK,-0.5023952663308088,,,-9.0,0out_0in,escort
8559,171,escort,1,1,2,2,non_mandatory,1,5919.0,100.0,57,12.0,14.0,2.0,,,-9.0,475.0,,False,True,13.130833978254858,SUV_17_Gas,SUV_17_Gas,SUV_17_Gas,SHARED2,0.5115148620119523,SUV_17_Gas,,-9.0,0out_0in,escort
8569,171,shopping,1,1,1,2,joint,4,2465.0,100.0,57,29.0,33.0,4.0,,,-9.0,970.0,adults,False,True,10.193432278560406,Car_4_Gas,SUV_11_Gas,Car_4_Gas,SHARED3,-46.90485846501079,Car_4_Gas,,-9.0,1out_1in,shopping
8609,172,escort,2,1,1,2,non_mandatory,1,23848.0,100.0,57,13.0,13.0,0.0,,,-9.0,510.0,,False,True,13.267494584306837,Car_4_Gas,SUV_11_Gas,SUV_17_Gas,SHARED3,0.2844312452759795,SUV_17_Gas,,-9.0,2out_1in,escort
8610,172,escort,2,2,2,2,non_mandatory,1,3834.0,100.0,57,23.0,24.0,1.0,,,-9.0,826.0,,False,True,13.393521654562177,SUV_11_Gas,Car_4_Gas,SUV_11_Gas,SHARED3,0.2720420869131068,SUV_11_Gas,,-9.0,0out_0in,escort
8673,173,maint,1,1,1,1,atwork,1,7616.0,24331.0,57,19.0,21.0,2.0,,,-9.0,713.0,,,,-0.0465014430628998,,,,SHARED3,-5.63130318225676,Car_4_Gas,,8698.0,1out_0in,atwork
8698,173,work,1,1,1,1,mandatory,1,24331.0,100.0,57,6.0,27.0,21.0,,,-9.0,251.0,,,,-9.0,Car_4_Gas,SUV_11_Gas,Car_4_Gas,SHARED3,-3.9146587209226857,Car_4_Gas,maint,-9.0,0out_1in,work
8709,174,escort,1,1,1,2,non_mandatory,1,7004.0,100.0,57,10.0,10.0,0.0,,,-9.0,396.0,,False,True,13.123703137016465,Car_4_Gas,SUV_11_Gas,SUV_11_Gas,WALK,0.3166905458060708,,,-9.0,0out_0in,escort
8729,174,othmaint,1,1,2,2,non_mandatory,1,15049.0,100.0,57,14.0,25.0,11.0,,,-9.0,557.0,,False,True,12.221997421213333,SUV_17_Gas,SUV_11_Gas,SUV_17_Gas,DRIVEALONE,-3.2339438373347766,SUV_17_Gas,,-9.0,0out_0in,othmaint
8754,175,eat,1,1,1,1,atwork,1,14002.0,14359.0,58,20.0,24.0,4.0,,,-9.0,745.0,,,,3.005722396631657,,,,DRIVEALONE,-3.199226659276864,Pickup_14_Gas,,8798.0,0out_0in,atwork
8798,175,work,1,1,1,1,mandatory,1,14359.0,100.0,58,13.0,38.0,25.0,,,-9.0,535.0,,,,-9.0,Pickup_14_Gas,SUV_19_Gas,Van_2_BEV,DRIVEALONE,-7.519519195564751,Pickup_14_Gas,eat,-9.0,0out_0in,work
8825,176,othdiscr,1,1,2,2,non_mandatory,1,7004.0,100.0,58,30.0,32.0,2.0,,,-9.0,988.0,,False,True,15.198266258430037,Van_2_BEV,Van_2_BEV,Van_2_BEV,WALK,1.2833868431455844,,,-9.0,0out_0in,othdiscr
8841,176,shopping,1,1,1,2,non_mandatory,1,9901.0,100.0,58,14.0,19.0,5.0,,,-9.0,551.0,,False,True,10.31657239977864,Pickup_14_Gas,Car_20_Gas,Van_2_BEV,DRIVEALONE,-0.4060317217509405,Pickup_14_Gas,,-9.0,3out_2in,shopping
8891,177,shopping,1,1,1,1,non_mandatory,1,8220.0,100.0,58,12.0,23.0,11.0,,,-9.0,484.0,,False,True,10.540264695919651,SUV_19_Gas,Van_2_BEV,Van_2_BEV,SHARED2,0.1771387085542043,Van_2_BEV,,-9.0,3out_2in,shopping
8904,178,eat,1,1,1,1,atwork,1,10754.0,24331.0,58,18.0,19.0,1.0,,,-9.0,681.0,,,,1.227357831164906,,,,DRIVEALONE,-16.14085302433153,SUV_19_Gas,,8948.0,0out_0in,atwork
8948,178,work,1,1,1,1,mandatory,1,24331.0,100.0,58,11.0,28.0,17.0,,,-9.0,452.0,,,,-9.0,SUV_19_Gas,Pickup_14_Gas,Van_2_BEV,DRIVEALONE,-2.324902273631189,SUV_19_Gas,eat,-9.0,0out_0in,work
8956,179,eatout,1,1,1,1,non_mandatory,1,15861.0,100.0,59,17.0,33.0,16.0,,,-9.0,664.0,,False,True,13.63310238940618,SUV_6_Gas,SUV_6_Gas,SUV_6_Gas,SHARED3,-2.8266915185609736,SUV_6_Gas,,-9.0,0out_0in,eatout
9025,180,othdiscr,1,1,1,1,non_mandatory,1,7004.0,100.0,59,24.0,26.0,2.0,,,-9.0,853.0,,False,True,14.786147713282464,SUV_6_Gas,Pickup_18_Gas,SUV_6_Gas,WALK,1.2226114406543565,,,-9.0,1out_2in,othdiscr
9054,181,eat,1,1,1,1,atwork,1,2104.0,6726.0,60,17.0,18.0,1.0,,,-9.0,649.0,,,,6.565247783682381,,,,WALK,0.7954281860535446,SUV_5_Gas,,9098.0,0out_0in,atwork
9098,181,work,1,1,1,1,mandatory,1,6726.0,100.0,60,6.0,33.0,27.0,,,-9.0,257.0,,,,-9.0,SUV_5_Gas,Pickup_9_Gas,SUV_9_Gas,DRIVEALONE,-5.832723391884117,SUV_5_Gas,eat,-9.0,0out_0in,work
9104,182,eat,1,1,1,1,atwork,1,4737.0,13643.0,60,19.0,20.0,1.0,,,-9.0,712.0,,,,7.252369864242621,,,,WALK,0.7798429601633617,SUV_9_Gas,,9148.0,0out_1in,atwork
9148,182,work,1,1,1,1,mandatory,1,13643.0,100.0,60,6.0,27.0,21.0,,,-9.0,251.0,,,,-9.0,SUV_9_Gas,SUV_5_Gas,SUV_9_Gas,DRIVEALONE,-3.694008040649164,SUV_9_Gas,eat,-9.0,0out_0in,work
9229,184,othmaint,2,1,2,3,non_mandatory,1,2420.0,100.0,62,24.0,24.0,0.0,,,-9.0,851.0,,False,True,11.89099981402488,SUV_6_Diesel,SUV_6_Diesel,Pickup_2_Hybrid,SHARED2,-1.477938732797493,SUV_6_Diesel,,-9.0,0out_0in,othmaint
9230,184,othmaint,2,2,3,3,non_mandatory,1,18525.0,100.0,62,11.0,15.0,4.0,,,-9.0,439.0,,False,True,11.64249469456625,Pickup_2_Hybrid,Pickup_2_Hybrid,SUV_6_Diesel,DRIVEALONE,-2.294207718944353,Pickup_2_Hybrid,,-9.0,2out_1in,othmaint
9241,184,shopping,1,1,1,3,non_mandatory,1,1652.0,100.0,62,20.0,23.0,3.0,,,-9.0,744.0,,False,True,9.776336868556225,SUV_6_Diesel,Pickup_2_Hybrid,Pickup_2_Hybrid,DRIVEALONE,-0.0208041633965675,SUV_6_Diesel,,-9.0,0out_0in,shopping
9283,185,school,1,1,1,1,mandatory,1,23114.0,100.0,63,12.0,41.0,29.0,,,-9.0,502.0,,,,-9.0,Car_11_Gas,Car_11_Gas,Car_11_Gas,DRIVEALONE,-2.797853760097645,Car_11_Gas,,-9.0,1out_0in,univ
9363,187,eatout,1,1,4,4,joint,4,5111.0,100.0,64,28.0,30.0,2.0,,,-9.0,947.0,mixed,False,True,13.641968141030754,SUV_17_Gas,SUV_17_Gas,Pickup_19_Gas,SHARED3,-4.166718832574377,Pickup_19_Gas,,-9.0,0out_0in,eatout
9385,187,escort,3,1,1,4,non_mandatory,1,7004.0,100.0,64,8.0,9.0,1.0,pure_escort,,1.0,316.0,,False,True,-9.0,Pickup_19_Gas,Pickup_19_Gas,SUV_17_Gas,WALK,0.7565357703987713,,,-9.0,0out_0in,escort
9386,187,escort,3,2,2,4,non_mandatory,1,7211.0,100.0,64,11.0,13.0,2.0,pure_escort,,1.0,437.0,,False,True,-9.0,SUV_17_Gas,Pickup_19_Gas,SUV_17_Gas,SHARED3,-0.0390458797875958,SUV_17_Gas,,-9.0,0out_0in,escort
9387,187,escort,3,3,3,4,non_mandatory,1,7004.0,100.0,64,26.0,27.0,1.0,,pure_escort,2.0,901.0,,False,True,-9.0,SUV_17_Gas,SUV_17_Gas,SUV_17_Gas,SHARED3,0.6491847758639379,SUV_17_Gas,,-9.0,0out_1in,escort
9433,188,school,1,1,1,1,mandatory,1,7004.0,100.0,64,8.0,27.0,19.0,pure_escort,pure_escort,-9.0,334.0,,,,-9.0,Pickup_19_Gas,SUV_17_Gas,SUV_17_Gas,SHARED3,6.611109153398602,SUV_17_Gas,,-9.0,0out_0in,school
9483,189,school,1,1,1,1,mandatory,1,7211.0,100.0,64,11.0,27.0,16.0,pure_escort,pure_escort,-9.0,451.0,,,,-9.0,SUV_17_Gas,SUV_17_Gas,SUV_17_Gas,SHARED3,4.978857998555093,SUV_17_Gas,,-9.0,0out_1in,school
9575,191,othdiscr,2,1,1,2,non_mandatory,1,7004.0,100.0,65,11.0,11.0,0.0,,,-9.0,435.0,,False,True,13.774558782244378,Car_12_Gas,Car_12_Gas,Car_12_Gas,DRIVEALONE,0.796941186685025,Car_12_Gas,,-9.0,0out_2in,othdiscr
9576,191,othdiscr,2,2,2,2,non_mandatory,1,7004.0,100.0,65,31.0,37.0,6.0,,,-9.0,1011.0,,False,True,14.173488373591296,Car_12_Gas,Car_12_Gas,Car_12_Gas,WALK,0.79694743711943,,,-9.0,0out_0in,othdiscr
9609,192,escort,1,1,1,1,non_mandatory,1,1347.0,100.0,66,30.0,31.0,1.0,,,-9.0,987.0,,False,True,12.86403268365292,Car_5_Gas,Car_13_Gas,Car_5_Gas,DRIVEALONE,-0.2753116964242524,Car_5_Gas,,-9.0,1out_1in,escort
9654,193,eat,1,1,1,1,atwork,1,19723.0,19339.0,66,20.0,22.0,2.0,,,-9.0,743.0,,,,4.234665769450086,,,,DRIVEALONE,-2.116772714402475,Car_5_Gas,,9698.0,0out_0in,atwork
9698,193,work,1,1,1,1,mandatory,1,19339.0,100.0,66,9.0,32.0,23.0,,,-9.0,379.0,,,,-9.0,Car_5_Gas,Car_5_Gas,Car_5_Gas,DRIVEALONE,-2.286625629900453,Car_5_Gas,eat,-9.0,0out_2in,work
9706,194,eatout,1,1,4,5,non_mandatory,1,1572.0,100.0,67,27.0,27.0,0.0,,,-9.0,923.0,,False,True,13.407251932813606,Car_19_Gas,SUV_4_Gas,SUV_4_Gas,WALK,1.7774669294770915,,,-9.0,0out_0in,eatout
9709,194,escort,1,1,1,5,non_mandatory,1,13555.0,100.0,67,25.0,27.0,2.0,,,-9.0,878.0,,False,True,12.34483457112998,Car_19_Gas,Car_19_Gas,SUV_4_Gas,SHARED3,-0.27450438846045,SUV_4_Gas,,-9.0,0out_0in,escort
9725,194,othdiscr,1,1,5,5,non_mandatory,1,7004.0,100.0,67,7.0,21.0,14.0,,,-9.0,287.0,,False,True,14.73573766115964,Car_19_Gas,Car_19_Gas,Car_19_Gas,WALK,1.8541536936402097,,,-9.0,0out_1in,othdiscr
9741,194,shopping,2,1,2,5,non_mandatory,1,23883.0,100.0,67,29.0,30.0,1.0,,,-9.0,967.0,,False,True,9.34971794158369,Car_19_Gas,SUV_4_Gas,SUV_4_Gas,DRIVEALONE,-0.1103533389145846,Car_19_Gas,,-9.0,0out_0in,shopping
9742,194,shopping,2,2,3,5,non_mandatory,1,6453.0,100.0,67,27.0,29.0,2.0,,,-9.0,925.0,,False,True,9.03269301619354,SUV_4_Gas,SUV_4_Gas,Car_19_Gas,DRIVEALONE,0.4949711223912483,SUV_4_Gas,,-9.0,1out_0in,shopping
9775,195,othdiscr,1,1,1,1,non_mandatory,1,7004.0,100.0,67,8.0,23.0,15.0,,,-9.0,330.0,,False,True,15.292902870946488,Car_19_Gas,Car_19_Gas,SUV_4_Gas,SHARED2,1.5264505058147588,Car_19_Gas,,-9.0,0out_1in,othdiscr
9841,196,shopping,1,1,1,1,non_mandatory,1,3579.0,100.0,68,16.0,19.0,3.0,,,-9.0,618.0,,False,True,9.822510481069106,Car_12_Gas,Car_12_Gas,Car_12_Gas,WALK,0.3409629670304789,,,-9.0,3out_2in,shopping
9859,197,escort,1,1,1,1,non_mandatory,1,12534.0,100.0,68,24.0,24.0,0.0,,,-9.0,851.0,,False,True,12.97030319084906,SUV_4_Gas,Car_12_Gas,SUV_4_Gas,DRIVEALONE,-0.5713124061115007,SUV_4_Gas,,-9.0,0out_0in,escort
9954,199,eat,1,1,1,1,atwork,1,23062.0,23062.0,69,21.0,21.0,0.0,,,-9.0,770.0,,,,7.875388449752482,,,,WALK,0.6844036942097125,Car_16_Gas,,9998.0,0out_0in,atwork
9998,199,work,1,1,1,1,mandatory,1,23062.0,100.0,69,21.0,37.0,16.0,,,-9.0,786.0,,,,-9.0,Car_16_Gas,SUV_8_Gas,SUV_8_Gas,DRIVEALONE,-1.6128679196695612,Car_16_Gas,eat,-9.0,0out_1in,work
10045,200,social,1,1,1,1,non_mandatory,1,11181.0,100.0,70,13.0,13.0,0.0,,,-9.0,510.0,,False,True,13.669704218813116,Car_16_Gas,Car_16_Gas,Car_16_Gas,SHARED2,-0.0760054522337604,Car_16_Gas,,-9.0,0out_0in,social
10098,201,work,2,1,1,2,mandatory,1,7873.0,100.0,70,8.0,35.0,27.0,,,-9.0,342.0,,,,-9.0,Car_16_Gas,Car_16_Gas,Car_16_Gas,DRIVEALONE,-5.300624708539793,Car_16_Gas,no_subtours,-9.0,0out_0in,work
10099,201,work,2,2,2,2,mandatory,1,7873.0,100.0,70,44.0,46.0,2.0,,,-9.0,1163.0,,,,-9.0,Car_16_Gas,Car_16_Gas,Car_16_Gas,DRIVEALONE,-4.981019603445267,Car_16_Gas,no_subtours,-9.0,0out_0in,work
10141,202,shopping,1,1,1,1,non_mandatory,1,18860.0,100.0,71,12.0,16.0,4.0,,,-9.0,477.0,,False,True,9.12956166251366,Pickup_15_Gas,Pickup_15_Gas,Pickup_15_Gas,DRIVEALONE,-2.808870805515411,Pickup_15_Gas,,-9.0,0out_1in,shopping
10154,203,eat,1,1,1,1,atwork,1,18973.0,19244.0,72,29.0,41.0,12.0,,,-9.0,978.0,,,,3.94012799875244,,,,DRIVEALONE,-1.2826628489684238,Pickup_14_Gas,,10198.0,0out_1in,atwork
10198,203,work,1,1,1,1,mandatory,1,19244.0,100.0,72,26.0,45.0,19.0,,,-9.0,919.0,,,,-9.0,Pickup_14_Gas,Car_20_Gas,Car_20_Gas,DRIVEALONE,-2.21552507707869,Pickup_14_Gas,eat,-9.0,0out_0in,work
10298,205,work,1,1,1,1,mandatory,1,16355.0,100.0,73,23.0,31.0,8.0,,,-9.0,833.0,,,,-9.0,Car_19_Gas,Car_19_Gas,Pickup_20_Gas,DRIVEALONE,-1.5904477777452188,Car_19_Gas,no_subtours,-9.0,0out_0in,work
10306,206,eatout,1,1,1,1,non_mandatory,1,1393.0,100.0,74,17.0,22.0,5.0,,,-9.0,653.0,,False,True,15.245552122193246,SUV_9_Gas,Car_5_Gas,SUV_9_Gas,DRIVEALONE,0.2642128340551604,SUV_9_Gas,,-9.0,0out_2in,eatout
10475,209,othdiscr,1,1,1,1,non_mandatory,1,7004.0,100.0,75,34.0,34.0,0.0,,,-9.0,1056.0,,False,True,14.436517542618018,Car_20_Gas,Pickup_15_Gas,Pickup_15_Gas,WALK,1.011433984148109,,,-9.0,0out_1in,othdiscr
10506,210,eatout,1,1,1,2,non_mandatory,1,8841.0,100.0,75,10.0,17.0,7.0,,,-9.0,403.0,,False,True,15.258919577040572,Car_20_Gas,Car_20_Gas,Car_20_Gas,SHARED3,-1.1143299305806582,Car_20_Gas,,-9.0,0out_2in,eatout
10525,210,othdiscr,1,1,2,2,non_mandatory,1,7004.0,100.0,75,26.0,31.0,5.0,,,-9.0,905.0,,False,True,15.31618014736656,Pickup_15_Gas,Pickup_15_Gas,Car_20_Gas,WALK,1.0409237415738757,,,-9.0,0out_0in,othdiscr
10598,211,work,1,1,1,1,mandatory,1,11197.0,100.0,76,13.0,29.0,16.0,,,-9.0,526.0,,,,-9.0,Car_4_Gas,Car_4_Gas,Car_4_Gas,SHARED2,-0.3017813865420909,Car_4_Gas,no_subtours,-9.0,0out_0in,work
10629,212,othmaint,1,1,1,1,non_mandatory,1,1411.0,100.0,76,24.0,36.0,12.0,,,-9.0,863.0,,False,True,12.401629540553802,Car_4_Gas,Car_4_Gas,Car_4_Gas,BIKE,0.6618757869291332,,,-9.0,2out_1in,othmaint
10675,213,othdiscr,2,1,2,3,non_mandatory,1,7004.0,100.0,77,10.0,12.0,2.0,,,-9.0,398.0,,False,True,14.59226086457564,Car_20_Gas,Car_8_Gas,Car_8_Gas,WALK,0.7572399721987797,,,-9.0,0out_0in,othdiscr
10676,213,othdiscr,2,2,3,3,non_mandatory,1,7004.0,100.0,77,29.0,37.0,8.0,,,-9.0,974.0,,False,True,14.833486973367991,Car_8_Gas,Car_8_Gas,Car_8_Gas,DRIVEALONE,0.7586368464877647,Car_8_Gas,,-9.0,0out_1in,othdiscr
10691,213,shopping,1,1,1,3,non_mandatory,1,3366.0,100.0,77,28.0,28.0,0.0,,,-9.0,945.0,,False,True,10.602770192346927,Car_8_Gas,Car_8_Gas,Car_8_Gas,WALK,-1.2068972630821515,,,-9.0,0out_0in,shopping
10725,214,othdiscr,1,1,1,1,non_mandatory,1,7004.0,100.0,77,13.0,22.0,9.0,,,-9.0,519.0,,False,True,15.016944337643045,Car_8_Gas,Car_8_Gas,Car_8_Gas,WALK,1.109897818055615,,,-9.0,0out_2in,othdiscr
10898,217,work,1,1,1,1,mandatory,1,20555.0,100.0,78,10.0,30.0,20.0,,,-9.0,416.0,,,,-9.0,Car_17_Gas,Pickup_12_Gas,Van_16_Gas,DRIVEALONE,-3.096744100599764,Car_17_Gas,no_subtours,-9.0,0out_0in,work
10906,218,eatout,1,1,2,2,non_mandatory,1,1450.0,100.0,78,33.0,34.0,1.0,,,-9.0,1041.0,,False,True,14.920038715179468,Van_16_Gas,Van_16_Gas,Pickup_12_Gas,SHARED3,2.109269506983577,Pickup_12_Gas,,-9.0,0out_0in,eatout
10941,218,shopping,1,1,1,2,non_mandatory,1,2465.0,100.0,78,22.0,23.0,1.0,,,-9.0,799.0,,False,True,10.21895759749033,Van_16_Gas,Car_17_Gas,Pickup_12_Gas,SHARED3,1.0263955043376145,Pickup_12_Gas,,-9.0,0out_0in,shopping
10991,219,shopping,1,1,1,1,non_mandatory,1,19060.0,100.0,78,26.0,27.0,1.0,,,-9.0,901.0,,False,True,9.972509190043514,Pickup_12_Gas,Car_19_Gas,Van_16_Gas,SHARED2,-1.802348189313201,Car_19_Gas,,-9.0,0out_0in,shopping
11079,221,othmaint,2,1,5,6,non_mandatory,1,1350.0,100.0,80,34.0,34.0,0.0,,,-9.0,1056.0,,False,True,11.881872224700867,Pickup_9_Gas,Van_13_Gas,Pickup_9_Gas,DRIVEALONE,0.4533331768972036,Pickup_9_Gas,,-9.0,2out_0in,othmaint
11080,221,othmaint,2,2,6,6,non_mandatory,1,7616.0,100.0,80,20.0,21.0,1.0,,,-9.0,742.0,,False,True,11.961099034419412,Van_13_Gas,Pickup_9_Gas,Pickup_9_Gas,DRIVEALONE,-1.111803109009652,Van_13_Gas,,-9.0,0out_0in,othmaint
11085,221,escort,4,1,1,6,non_mandatory,1,16674.0,100.0,80,9.0,10.0,1.0,pure_escort,,1.0,357.0,,False,True,-9.0,Pickup_9_Gas,Van_13_Gas,Van_13_Gas,SHARED3,-2.1411336658029825,Van_13_Gas,,-9.0,0out_0in,escort
11086,221,escort,4,2,2,6,non_mandatory,1,12534.0,100.0,80,11.0,11.0,0.0,pure_escort,,1.0,435.0,,False,True,-9.0,Van_13_Gas,Pickup_9_Gas,Van_13_Gas,SHARED3,-0.2394279465461654,Van_13_Gas,,-9.0,0out_3in,escort
11087,221,escort,4,3,3,6,non_mandatory,1,16364.0,100.0,80,25.0,27.0,2.0,,pure_escort,2.0,878.0,,False,True,-9.0,Pickup_9_Gas,Pickup_9_Gas,Van_13_Gas,SHARED3,-1.6327499692959029,Van_13_Gas,,-9.0,0out_1in,escort
11088,221,escort,4,4,4,6,non_mandatory,1,12534.0,100.0,80,28.0,31.0,3.0,,pure_escort,1.0,948.0,,False,True,-9.0,Pickup_9_Gas,Pickup_9_Gas,Pickup_9_Gas,SHARED3,-0.2409128684404687,Pickup_9_Gas,,-9.0,0out_0in,escort
11129,222,othmaint,1,1,2,2,non_mandatory,1,8323.0,100.0,80,16.0,18.0,2.0,,,-9.0,617.0,,False,True,11.35567617982304,Pickup_9_Gas,Pickup_9_Gas,Van_13_Gas,DRIVEALONE,0.6075378443099019,Pickup_9_Gas,,-9.0,1out_1in,othmaint
11135,222,escort,1,1,1,2,non_mandatory,1,16364.0,100.0,80,11.0,12.0,1.0,pure_escort,,1.0,436.0,,False,True,-9.0,Pickup_9_Gas,Pickup_9_Gas,Van_13_Gas,SHARED3,-0.8887866000571873,Van_13_Gas,,-9.0,0out_0in,escort
11159,223,escort,1,1,2,2,non_mandatory,1,5515.0,100.0,80,26.0,27.0,1.0,,,-9.0,901.0,,False,True,12.936955550587191,Pickup_9_Gas,Pickup_9_Gas,Van_13_Gas,SHARED3,0.8097606746640675,Van_13_Gas,,-9.0,0out_0in,escort
11183,223,school,1,1,1,2,mandatory,1,5878.0,100.0,80,12.0,21.0,9.0,,,-9.0,482.0,,,,-9.0,Pickup_9_Gas,Pickup_9_Gas,Van_13_Gas,BIKE,0.4209503483385192,,,-9.0,1out_0in,school
11233,224,school,1,1,1,1,mandatory,1,16364.0,100.0,80,11.0,27.0,16.0,pure_escort,pure_escort,-9.0,451.0,,,,-9.0,Pickup_9_Gas,Van_13_Gas,Van_13_Gas,SHARED3,0.499466931220226,Van_13_Gas,,-9.0,0out_0in,school
11283,225,school,1,1,1,1,mandatory,1,12534.0,100.0,80,11.0,31.0,20.0,pure_escort,pure_escort,-9.0,455.0,,,,-9.0,Van_13_Gas,Van_13_Gas,Van_13_Gas,SHARED3,4.425548816992794,Van_13_Gas,,-9.0,0out_0in,school
11333,226,school,2,1,1,2,mandatory,1,16674.0,100.0,80,9.0,27.0,19.0,pure_escort,pure_escort,-9.0,374.0,,,,-9.0,Pickup_9_Gas,Van_13_Gas,Van_13_Gas,SHARED3,-1.8020506251460315,Van_13_Gas,,-9.0,0out_1in,school
11334,226,school,2,2,2,2,mandatory,1,16674.0,100.0,80,9.0,9.0,0.0,,,-9.0,356.0,,,,-9.0,Pickup_9_Gas,Van_13_Gas,Van_13_Gas,BIKE,-1.816734844227533,,,-9.0,0out_1in,school
11385,227,escort,3,1,1,4,non_mandatory,1,15852.0,100.0,81,10.0,11.0,1.0,pure_escort,,1.0,397.0,,False,True,-9.0,SUV_11_Gas,SUV_11_Gas,SUV_11_Gas,SHARED2,-3.6417241253915615,SUV_11_Gas,,-9.0,0out_0in,escort
11386,227,escort,3,2,2,4,non_mandatory,1,15712.0,100.0,81,11.0,12.0,1.0,pure_escort,,2.0,436.0,,False,True,-9.0,SUV_11_Gas,SUV_11_Gas,SUV_11_Gas,SHARED3,-4.06413523606817,SUV_11_Gas,,-9.0,1out_1in,escort
11387,227,escort,3,3,3,4,non_mandatory,1,15852.0,100.0,81,34.0,37.0,3.0,,pure_escort,1.0,1059.0,,False,True,-9.0,SUV_11_Gas,SUV_11_Gas,SUV_11_Gas,SHARED3,-3.4046147241221068,SUV_11_Gas,,-9.0,1out_0in,escort
11391,227,shopping,1,1,4,4,non_mandatory,1,23883.0,100.0,81,17.0,20.0,3.0,,,-9.0,651.0,,False,True,10.817573730346036,SUV_11_Gas,SUV_11_Gas,SUV_11_Gas,SHARED3,-0.8918997185541085,SUV_11_Gas,,-9.0,1out_0in,shopping
11435,228,escort,2,1,1,3,non_mandatory,1,18578.0,100.0,81,10.0,12.0,2.0,,pure_escort,1.0,398.0,,False,True,-9.0,SUV_11_Gas,SUV_11_Gas,SUV_11_Gas,SHARED3,-2.735371053311209,SUV_11_Gas,,-9.0,0out_0in,escort
11436,228,escort,2,2,2,3,non_mandatory,1,15712.0,100.0,81,24.0,26.0,2.0,,pure_escort,1.0,853.0,,False,True,-9.0,SUV_11_Gas,SUV_11_Gas,SUV_11_Gas,SHARED3,-3.4663336846750576,SUV_11_Gas,,-9.0,0out_0in,escort
11441,228,shopping,1,1,3,3,non_mandatory,1,23916.0,100.0,81,16.0,19.0,3.0,,,-9.0,618.0,,False,True,10.953094573919492,SUV_11_Gas,SUV_11_Gas,SUV_11_Gas,SHARED2,-0.9059338022388058,SUV_11_Gas,,-9.0,0out_0in,shopping
11459,229,escort,1,1,2,2,non_mandatory,1,23860.0,100.0,81,24.0,26.0,2.0,,,-9.0,853.0,,False,True,13.93145074488478,SUV_11_Gas,SUV_11_Gas,SUV_11_Gas,SHARED3,1.1395960301014216,SUV_11_Gas,,-9.0,0out_0in,escort
11483,229,school,1,1,1,2,mandatory,1,18578.0,100.0,81,11.0,12.0,1.0,pure_escort,pure_escort,-9.0,436.0,,,,-9.0,SUV_11_Gas,SUV_11_Gas,SUV_11_Gas,SHARED3,-1.2880310455364736,SUV_11_Gas,,-9.0,0out_0in,school
11533,230,school,1,1,1,1,mandatory,1,15852.0,100.0,81,10.0,37.0,27.0,pure_escort,pure_escort,-9.0,423.0,,,,-9.0,SUV_11_Gas,SUV_11_Gas,SUV_11_Gas,SHARED3,-2.5139793235976398,SUV_11_Gas,,-9.0,0out_0in,school
11583,231,school,1,1,1,1,mandatory,1,15712.0,100.0,81,11.0,26.0,14.0,pure_escort,pure_escort,-9.0,450.0,,,,-9.0,SUV_11_Gas,SUV_11_Gas,SUV_11_Gas,SHARED3,-1.8724042727364083,SUV_11_Gas,,-9.0,1out_0in,school
11679,233,othmaint,1,1,1,1,non_mandatory,1,2465.0,100.0,82,17.0,21.0,4.0,,,-9.0,652.0,,False,True,11.464173472294588,SUV_8_Gas,SUV_8_Gas,SUV_8_Gas,WALK,0.1382521550323519,,,-9.0,0out_0in,othmaint
11725,234,othdiscr,1,1,1,1,non_mandatory,1,15085.0,100.0,83,18.0,34.0,16.0,,,-9.0,696.0,,False,True,14.968574018324256,Pickup_3_Diesel,Pickup_3_Diesel,Pickup_3_Diesel,SHARED3,-3.270270128727138,Pickup_3_Diesel,,-9.0,0out_1in,othdiscr
11795,235,social,1,1,1,1,non_mandatory,1,1276.0,100.0,84,20.0,31.0,11.0,,,-9.0,752.0,,False,True,15.85422348433786,Pickup_20_Gas,Pickup_20_Gas,Pickup_20_Gas,WALK,0.9861423956733398,,,-9.0,0out_0in,social
11848,236,work,1,1,1,1,mandatory,1,7369.0,100.0,85,13.0,27.0,14.0,,,-9.0,524.0,,,,-9.0,Car_3_BEV,Car_3_BEV,Car_3_BEV,DRIVEALONE,-2.3755087618104627,Car_3_BEV,no_subtours,-9.0,0out_0in,work
11883,237,school,1,1,1,1,mandatory,1,23114.0,100.0,85,13.0,16.0,3.0,,,-9.0,513.0,,,,-9.0,Car_7_Gas,Car_3_BEV,Car_3_BEV,DRIVEALONE,-3.935766431249702,Car_7_Gas,,-9.0,1out_0in,univ
11975,239,othdiscr,2,1,2,3,non_mandatory,1,7004.0,100.0,86,32.0,35.0,3.0,,,-9.0,1026.0,,False,True,15.200958846205175,Pickup_20_Gas,Car_5_Gas,Car_5_Gas,BIKE,1.4132711701643266,,,-9.0,0out_0in,othdiscr
11976,239,othdiscr,2,2,3,3,non_mandatory,1,7004.0,100.0,86,32.0,32.0,0.0,,,-9.0,1023.0,,False,True,14.479521540350726,Car_5_Gas,Car_5_Gas,Pickup_20_Gas,BIKE,1.413744239309474,,,-9.0,0out_1in,othdiscr
11983,239,school,1,1,1,3,mandatory,1,20261.0,100.0,86,23.0,28.0,5.0,,,-9.0,830.0,,,,-9.0,Car_5_Gas,Pickup_20_Gas,Car_5_Gas,DRIVEALONE,-1.336742971060979,Car_5_Gas,,-9.0,0out_0in,univ
12091,241,shopping,1,1,1,1,non_mandatory,1,23062.0,100.0,87,23.0,28.0,5.0,,,-9.0,830.0,,False,True,9.673893344883457,SUV_5_Gas,SUV_5_Gas,Car_7_Hybrid,DRIVEALONE,-2.8675904931877265,SUV_5_Gas,,-9.0,1out_0in,shopping
12191,243,shopping,2,1,1,2,non_mandatory,1,1562.0,100.0,88,27.0,27.0,0.0,,,-9.0,923.0,,False,True,9.671609972923113,SUV_13_Gas,SUV_13_Gas,SUV_13_Gas,WALK,-0.0397287118806603,,,-9.0,0out_1in,shopping
12192,243,shopping,2,2,2,2,non_mandatory,1,1562.0,100.0,88,30.0,31.0,1.0,,,-9.0,987.0,,False,True,9.528434739227746,SUV_13_Gas,SUV_13_Gas,SUV_13_Gas,WALK,-0.0832244281647214,,,-9.0,0out_0in,shopping
12241,244,shopping,1,1,1,1,non_mandatory,1,2465.0,100.0,89,28.0,32.0,4.0,,,-9.0,949.0,,False,True,9.988993658507978,Pickup_19_Gas,Pickup_19_Gas,SUV_10_Gas,DRIVEALONE,0.7769886283395353,Pickup_19_Gas,,-9.0,0out_1in,shopping
12256,245,eatout,1,1,1,1,non_mandatory,1,100.0,100.0,89,11.0,23.0,12.0,,,-9.0,447.0,,False,True,15.291159300138366,Pickup_19_Gas,SUV_10_Gas,SUV_10_Gas,DRIVEALONE,1.9443751805988403,Pickup_19_Gas,,-9.0,0out_2in,eatout
12325,246,othdiscr,1,1,1,1,non_mandatory,1,7004.0,100.0,90,19.0,36.0,17.0,,,-9.0,728.0,,False,True,14.495894391699222,Car_16_Gas,Car_16_Gas,Car_16_Gas,BIKE,0.8666505537892731,,,-9.0,0out_0in,othdiscr
12383,247,school,1,1,1,2,mandatory,1,12534.0,100.0,90,27.0,34.0,7.0,,,-9.0,930.0,,,,-9.0,Car_12_Gas,Car_12_Gas,Car_12_Gas,WALK,0.7790689114300327,,,-9.0,0out_0in,univ
12391,247,shopping,1,1,2,2,non_mandatory,1,2465.0,100.0,90,25.0,26.0,1.0,,,-9.0,877.0,,False,True,10.498451171229709,Car_16_Gas,Car_16_Gas,Car_16_Gas,WALK,0.915901813405211,,,-9.0,0out_0in,shopping
12433,248,school,1,1,1,1,mandatory,1,20261.0,100.0,90,31.0,44.0,13.0,,,-9.0,1018.0,,,,-9.0,Car_16_Gas,Car_12_Gas,Car_16_Gas,WALK_PRM,-5.683629413142118,,,-9.0,1out_0in,univ
12454,249,eat,1,1,1,1,atwork,1,6181.0,6181.0,91,17.0,18.0,1.0,,,-9.0,649.0,,,,6.093604093062301,,,,DRIVEALONE,0.8044799914919204,SUV_2_Gas,,12498.0,0out_1in,atwork
12498,249,work,1,1,1,1,mandatory,1,6181.0,100.0,91,9.0,31.0,22.0,,,-9.0,378.0,,,,-9.0,SUV_2_Gas,SUV_2_Gas,SUV_2_Gas,DRIVEALONE,-6.703882454937093,SUV_2_Gas,eat,-9.0,0out_1in,work
12541,250,shopping,1,1,1,1,non_mandatory,1,13535.0,100.0,91,17.0,18.0,1.0,,,-9.0,649.0,,False,True,10.274330305646728,Pickup_6_Gas,Pickup_6_Gas,Pickup_6_Gas,DRIVEALONE,-2.2617825151252013,Pickup_6_Gas,,-9.0,0out_0in,shopping
12604,252,eat,1,1,1,1,atwork,1,20560.0,20563.0,92,20.0,20.0,0.0,,,-9.0,741.0,,,,5.979803009497905,,,,WALK,0.5017566893104298,SUV_14_Gas,,12648.0,0out_0in,atwork
12648,252,work,1,1,1,1,mandatory,1,20563.0,100.0,92,9.0,32.0,23.0,,,-9.0,379.0,,,,-9.0,SUV_14_Gas,SUV_14_Gas,SUV_14_Gas,DRIVEALONE,-3.777716757789535,SUV_14_Gas,eat,-9.0,0out_2in,work
12729,254,othmaint,1,1,1,1,non_mandatory,1,17047.0,100.0,93,15.0,19.0,4.0,,,-9.0,585.0,,False,True,11.9307990591407,Car_9_Gas,Van_9_Gas,Car_9_Gas,SHARED3,-3.762132808012759,Car_9_Gas,,-9.0,0out_1in,othmaint
12779,255,othmaint,1,1,1,1,non_mandatory,1,229.0,100.0,93,15.0,19.0,4.0,,,-9.0,585.0,,False,True,11.460785518329592,Pickup_3_Gas,Pickup_7_Gas,Van_9_Gas,WALK,0.4628047954040063,,,-9.0,0out_0in,othmaint
12848,256,work,1,1,1,1,mandatory,1,20695.0,100.0,93,10.0,27.0,17.0,,,-9.0,413.0,,,,-9.0,Van_9_Gas,Pickup_3_Gas,Van_9_Gas,SHARED3,-2.21937337915202,Van_9_Gas,no_subtours,-9.0,1out_0in,work
12854,257,eat,1,1,1,1,atwork,1,6839.0,9109.0,93,21.0,23.0,2.0,,,-9.0,772.0,,,,3.872985575521053,,,,BIKE,-10.162327974747782,Pickup_7_Gas,,12898.0,0out_0in,atwork
12898,257,work,1,1,1,1,mandatory,1,9109.0,100.0,93,10.0,31.0,21.0,,,-9.0,417.0,,,,-9.0,Pickup_7_Gas,Pickup_7_Gas,Van_9_Gas,DRIVEALONE,-4.012135372730792,Pickup_7_Gas,eat,-9.0,1out_0in,work
12941,258,shopping,1,1,1,1,non_mandatory,1,2465.0,100.0,94,20.0,21.0,1.0,,,-9.0,742.0,,False,True,10.130667827382096,Pickup_11_Gas,Van_9_Gas,Pickup_11_Gas,SHARED2,0.6110721523477146,Van_9_Gas,,-9.0,0out_0in,shopping
13025,260,othdiscr,1,1,2,2,non_mandatory,1,8847.0,100.0,95,10.0,13.0,3.0,,,-9.0,399.0,,False,True,14.177354374422588,Car_6_Gas,Car_6_Gas,Car_4_Gas,SHARED2,-0.898341742613805,Car_6_Gas,,-9.0,0out_0in,othdiscr
13029,260,othmaint,1,1,1,2,non_mandatory,1,16337.0,100.0,95,25.0,27.0,2.0,,,-9.0,878.0,,False,True,11.879203360690374,Car_6_Gas,Car_6_Gas,Car_6_Gas,DRIVEALONE,-4.9969717019232,Car_6_Gas,,-9.0,0out_0in,othmaint
13148,262,work,1,1,1,1,mandatory,1,24333.0,100.0,96,12.0,33.0,21.0,,,-9.0,494.0,,,,-9.0,SUV_15_Gas,SUV_1_Gas,SUV_15_Gas,SHARED2,-1.822447629536232,SUV_1_Gas,no_subtours,-9.0,0out_1in,work
13156,263,eatout,1,1,3,3,non_mandatory,1,5846.0,100.0,96,29.0,30.0,1.0,,,-9.0,967.0,,False,True,15.246349101574095,SUV_15_Gas,SUV_15_Gas,SUV_1_Gas,WALK,1.6481553957093351,,,-9.0,0out_0in,eatout
13179,263,othmaint,2,1,1,3,non_mandatory,1,18149.0,100.0,96,10.0,27.0,17.0,,,-9.0,413.0,,False,True,11.611388040356918,SUV_1_Gas,Pickup_10_Gas,SUV_15_Gas,DRIVEALONE,-4.139523917708339,SUV_1_Gas,,-9.0,0out_1in,othmaint
13180,263,othmaint,2,2,2,3,non_mandatory,1,23860.0,100.0,96,30.0,34.0,4.0,,,-9.0,990.0,,False,True,11.974160737906573,Pickup_10_Gas,Pickup_10_Gas,SUV_1_Gas,WALK,-0.0195512117723808,,,-9.0,0out_0in,othmaint
13241,264,shopping,1,1,1,1,non_mandatory,1,7616.0,100.0,96,17.0,23.0,6.0,,,-9.0,654.0,,False,True,8.73449054371284,SUV_15_Gas,SUV_1_Gas,SUV_1_Gas,DRIVEALONE,-1.600908222411403,SUV_15_Gas,,-9.0,1out_0in,shopping
13275,265,othdiscr,1,1,1,1,non_mandatory,1,165.0,100.0,97,14.0,29.0,15.0,,,-9.0,561.0,,False,True,15.461370893542457,Pickup_20_Gas,Pickup_20_Gas,non_hh_veh,DRIVEALONE,-0.0950884455550402,Pickup_20_Gas,,-9.0,1out_1in,othdiscr
13317,266,othmaint,1,1,1,1,joint,4,9901.0,100.0,98,32.0,32.0,0.0,,,-9.0,1023.0,mixed,False,True,14.112839767247529,non_hh_veh,non_hh_veh,non_hh_veh,WALK,-41.78491123328903,,,-9.0,0out_0in,othmaint
13383,267,school,1,1,1,1,mandatory,1,23917.0,100.0,98,11.0,32.0,21.0,,,-9.0,456.0,,,,-9.0,non_hh_veh,non_hh_veh,non_hh_veh,SHARED3,35.539721559146045,non_hh_veh,,-9.0,1out_0in,school
13495,269,social,1,1,1,1,non_mandatory,1,23859.0,100.0,98,13.0,26.0,13.0,,,-9.0,523.0,,False,True,15.045906687140558,non_hh_veh,non_hh_veh,non_hh_veh,SHARED2,-3.562033665177305,non_hh_veh,,-9.0,0out_0in,social
13525,270,othdiscr,1,1,1,1,non_mandatory,1,7004.0,100.0,99,23.0,36.0,13.0,,,-9.0,838.0,,False,True,14.693378207793067,Car_8_Gas,Pickup_11_Gas,Car_8_Gas,WALK,1.410692476117979,,,-9.0,0out_0in,othdiscr
13579,271,othmaint,1,1,1,1,non_mandatory,1,23050.0,100.0,99,8.0,31.0,23.0,,,-9.0,338.0,,False,True,12.762786615866888,Pickup_11_Gas,Pickup_11_Gas,Pickup_11_Gas,DRIVEALONE,-2.55147352411062,Pickup_11_Gas,,-9.0,0out_3in,othmaint
13685,273,escort,2,1,1,2,non_mandatory,1,15512.0,100.0,100,9.0,10.0,1.0,pure_escort,,1.0,357.0,,False,True,-9.0,Car_7_Gas,Car_7_Gas,Car_7_Gas,SHARED3,-1.5594889145767472,Car_7_Gas,,-9.0,0out_1in,escort
13686,273,escort,2,2,2,2,non_mandatory,1,15512.0,100.0,100,13.0,23.0,10.0,,pure_escort,1.0,520.0,,False,True,-9.0,Car_7_Gas,Car_7_Gas,Car_7_Gas,SHARED3,-1.4765903711412491,Car_7_Gas,,-9.0,0out_0in,escort
13733,274,school,1,1,1,1,mandatory,1,15512.0,100.0,100,9.0,23.0,14.0,pure_escort,pure_escort,-9.0,370.0,,,,-9.0,Car_7_Gas,Car_7_Gas,Car_7_Gas,SHARED3,-7.678084295855121,Car_7_Gas,,-9.0,0out_0in,school
13935,278,escort,1,1,3,3,non_mandatory,1,11793.0,100.0,101,7.0,10.0,3.0,pure_escort,,1.0,276.0,,False,True,-9.0,Car_10_Gas,SUV_10_Gas,SUV_10_Gas,SHARED2,-1.0119174999416092,SUV_10_Gas,,-9.0,0out_0in,escort
13948,278,work,2,1,1,3,mandatory,1,5878.0,100.0,101,10.0,28.0,18.0,,,-9.0,414.0,,,,-9.0,Car_10_Gas,Car_10_Gas,SUV_10_Gas,DRIVEALONE,-2.5085670811520586,Car_10_Gas,no_subtours,-9.0,0out_1in,work
13949,278,work,2,2,2,3,mandatory,1,5878.0,100.0,101,29.0,31.0,2.0,,,-9.0,968.0,,,,-9.0,SUV_10_Gas,SUV_10_Gas,Car_10_Gas,SHARED2,-2.7301641018249008,SUV_10_Gas,no_subtours,-9.0,0out_0in,work
13954,279,eat,1,1,1,1,atwork,1,19278.0,19278.0,101,19.0,21.0,2.0,,,-9.0,713.0,,,,6.116590449383833,,,,WALK,-0.7903997928196184,SUV_10_Gas,,13998.0,0out_0in,atwork
13998,279,work,1,1,1,1,mandatory,1,19278.0,100.0,101,9.0,27.0,18.0,ride_share,ride_share,2.0,374.0,,,,-9.0,SUV_10_Gas,SUV_10_Gas,SUV_10_Gas,SHARED3,-3.2801088685203488,SUV_10_Gas,eat,-9.0,2out_2in,work
14033,280,school,1,1,1,1,mandatory,1,11793.0,100.0,101,7.0,27.0,20.0,pure_escort,ride_share,-9.0,293.0,,,,-9.0,Car_10_Gas,SUV_10_Gas,SUV_10_Gas,SHARED3,4.780441233963232,SUV_10_Gas,,-9.0,0out_0in,school
14083,281,school,1,1,1,1,mandatory,1,821.0,100.0,101,9.0,13.0,4.0,ride_share,,-9.0,360.0,,,,-9.0,Car_10_Gas,Car_10_Gas,SUV_10_Gas,SHARED3,5.686576666529276,SUV_10_Gas,,-9.0,0out_0in,school
14133,282,school,1,1,1,1,mandatory,1,16195.0,100.0,101,9.0,27.0,18.0,ride_share,ride_share,-9.0,374.0,,,,-9.0,Car_10_Gas,SUV_10_Gas,SUV_10_Gas,SHARED3,-1.4510518224582367,SUV_10_Gas,,-9.0,1out_1in,school
14229,284,othmaint,2,1,1,2,non_mandatory,1,23560.0,100.0,102,11.0,25.0,14.0,,,-9.0,449.0,,False,True,10.42729991886478,Car_17_Gas,SUV_4_Gas,SUV_4_Gas,SHARED2,-2.157041511328567,SUV_4_Gas,,-9.0,0out_1in,othmaint
14230,284,othmaint,2,2,2,2,non_mandatory,1,15865.0,100.0,102,31.0,34.0,3.0,,,-9.0,1008.0,,False,True,10.297916854895938,Pickup_5_Gas,SUV_4_Gas,Car_17_Gas,SHARED2,-4.155359287698908,SUV_4_Gas,,-9.0,0out_1in,othmaint
14275,285,othdiscr,2,1,2,3,non_mandatory,1,7004.0,100.0,102,27.0,32.0,5.0,,,-9.0,928.0,,False,True,15.054405714333663,SUV_4_Gas,Car_17_Gas,SUV_4_Gas,SHARED2,1.756162843683664,Car_17_Gas,,-9.0,0out_1in,othdiscr
14276,285,othdiscr,2,2,3,3,non_mandatory,1,7004.0,100.0,102,4.0,4.0,0.0,,,-9.0,141.0,,False,True,14.884356049496986,Car_17_Gas,SUV_4_Gas,SUV_4_Gas,WALK,1.756161473514106,,,-9.0,0out_0in,othdiscr
14279,285,othmaint,1,1,1,3,non_mandatory,1,2465.0,100.0,102,9.0,18.0,9.0,,,-9.0,365.0,,False,True,12.95440663387715,Pickup_5_Gas,SUV_4_Gas,SUV_4_Gas,WALK,0.7254041718396544,,,-9.0,1out_1in,othmaint
14365,287,othdiscr,2,1,1,2,joint,3,24333.0,100.0,103,16.0,24.0,8.0,,,-9.0,623.0,adults,True,False,4.561408184530357,Car_10_Gas,Car_10_Gas,Car_20_Gas,SHARED3,-5.74748770488822,Car_20_Gas,,-9.0,0out_0in,othdiscr
14375,287,othdiscr,2,2,2,2,non_mandatory,1,7004.0,100.0,103,29.0,33.0,4.0,,,-9.0,970.0,,False,True,14.73217929077532,Pickup_5_Gas,Car_10_Gas,Pickup_5_Gas,SHARED2,1.5132591150458017,Car_10_Gas,,-9.0,0out_2in,othdiscr
14441,288,shopping,1,1,1,1,non_mandatory,1,23860.0,100.0,103,29.0,35.0,6.0,,,-9.0,972.0,,False,True,10.64965112515795,Car_20_Gas,Car_20_Gas,Car_10_Gas,BIKE,-0.0884968029844538,,,-9.0,0out_1in,shopping
14504,290,eat,1,1,1,1,atwork,1,20694.0,20325.0,104,19.0,21.0,2.0,,,-9.0,713.0,,,,4.147113156493729,,,,DRIVEALONE,-1.1735058872838358,SUV_17_Gas,,14548.0,0out_0in,atwork
14548,290,work,1,1,1,1,mandatory,1,20325.0,100.0,104,10.0,31.0,21.0,,,-9.0,417.0,,,,-9.0,SUV_17_Gas,Car_8_Gas,Car_8_Gas,DRIVEALONE,-6.509796431486324,SUV_17_Gas,eat,-9.0,0out_0in,work
14579,291,othmaint,1,1,1,1,non_mandatory,1,1562.0,100.0,104,14.0,15.0,1.0,,,-9.0,547.0,,False,True,11.947919797856413,Car_8_Gas,SUV_17_Gas,SUV_17_Gas,DRIVEALONE,0.4001455345043064,Car_8_Gas,,-9.0,1out_0in,othmaint
14619,292,shopping,1,1,1,2,joint,2,2465.0,100.0,105,23.0,27.0,4.0,,,-9.0,829.0,adults,False,True,10.09845894148355,Pickup_20_Gas,SUV_7_Gas,SUV_7_Gas,SHARED2,-0.9708142495678852,SUV_7_Gas,,-9.0,0out_0in,shopping
14629,292,othmaint,1,1,2,2,non_mandatory,1,7616.0,100.0,105,14.0,16.0,2.0,,,-9.0,548.0,,False,True,11.204642347232747,Pickup_20_Gas,SUV_7_Gas,SUV_7_Gas,SHARED2,-2.245798257798357,SUV_7_Gas,,-9.0,0out_1in,othmaint
14679,293,othmaint,2,1,2,3,non_mandatory,1,23262.0,100.0,105,23.0,27.0,4.0,,,-9.0,829.0,,False,True,12.716629832675766,SUV_7_Gas,SUV_7_Gas,SUV_7_Gas,WALK,-0.5103666273713913,,,-9.0,0out_0in,othmaint
14680,293,othmaint,2,2,3,3,non_mandatory,1,16236.0,100.0,105,15.0,18.0,3.0,,,-9.0,584.0,,False,True,12.821583786216726,Pickup_20_Gas,Pickup_20_Gas,SUV_7_Gas,DRIVEALONE,-1.3237481243682083,Pickup_20_Gas,,-9.0,0out_0in,othmaint
14691,293,shopping,1,1,1,3,non_mandatory,1,1676.0,100.0,105,13.0,15.0,2.0,,,-9.0,512.0,,False,True,10.550473115713276,SUV_7_Gas,SUV_7_Gas,SUV_7_Gas,SHARED2,0.4870845062420193,SUV_7_Gas,,-9.0,3out_3in,shopping
14775,295,othdiscr,1,1,1,1,non_mandatory,1,1450.0,100.0,106,33.0,33.0,0.0,,,-9.0,1040.0,,False,True,14.836190328940338,SUV_6_Gas,SUV_6_Gas,SUV_6_Gas,WALK,1.366315225382973,,,-9.0,3out_3in,othdiscr
14829,296,othmaint,1,1,1,1,non_mandatory,1,16412.0,100.0,107,4.0,24.0,20.0,,,-9.0,161.0,,False,True,11.267589393233544,SUV_12_Gas,SUV_12_Gas,SUV_12_Gas,DRIVEALONE,-2.123649072509006,SUV_12_Gas,,-9.0,0out_1in,othmaint
14929,298,othmaint,2,1,1,2,non_mandatory,1,16254.0,100.0,108,9.0,11.0,2.0,,,-9.0,358.0,,False,True,11.974485594961672,Van_16_Gas,Van_16_Gas,Van_16_Gas,DRIVEALONE,-1.9508867729239605,Van_16_Gas,,-9.0,0out_0in,othmaint
14930,298,othmaint,2,2,2,2,non_mandatory,1,15937.0,100.0,108,19.0,25.0,6.0,,,-9.0,717.0,,False,True,11.95664150624432,Van_16_Gas,Van_16_Gas,Van_16_Gas,DRIVEALONE,-3.3603040955339627,Van_16_Gas,,-9.0,1out_2in,othmaint
14959,299,escort,1,1,1,1,non_mandatory,1,469.0,100.0,109,27.0,27.0,0.0,,,-9.0,923.0,,False,True,13.44646165392322,Pickup_14_Gas,Car_11_BEV,Car_11_BEV,DRIVEALONE,-0.3517051375115237,Pickup_14_Gas,,-9.0,3out_3in,escort
15079,301,othmaint,2,1,1,2,non_mandatory,1,2465.0,100.0,111,15.0,20.0,5.0,,,-9.0,586.0,,False,True,10.970253404502314,SUV_14_Gas,SUV_14_Gas,SUV_14_Gas,WALK,1.9045240004524675,,,-9.0,0out_1in,othmaint
15080,301,othmaint,2,2,2,2,non_mandatory,1,16366.0,100.0,111,21.0,21.0,0.0,,,-9.0,770.0,,False,True,10.815756615034717,SUV_14_Gas,SUV_14_Gas,SUV_14_Gas,SHARED2,-1.4673620949597663,SUV_14_Gas,,-9.0,0out_0in,othmaint
15229,304,othmaint,1,1,1,1,non_mandatory,1,17874.0,165.0,112,9.0,32.0,23.0,,,-9.0,379.0,,False,True,12.162766369814316,SUV_2_Gas,SUV_2_Gas,SUV_2_Gas,DRIVEALONE,-3.6616318655995306,SUV_2_Gas,,-9.0,0out_0in,othmaint
15298,305,work,1,1,1,1,mandatory,1,19750.0,165.0,112,7.0,29.0,22.0,,,-9.0,295.0,,,,-9.0,Pickup_20_Gas,Pickup_20_Gas,SUV_2_Gas,DRIVEALONE,-1.864666388990836,Pickup_20_Gas,no_subtours,-9.0,0out_1in,work
15309,306,escort,1,1,1,1,non_mandatory,1,3482.0,165.0,112,10.0,10.0,0.0,,,-9.0,396.0,,False,True,12.991324835967902,SUV_2_Gas,SUV_2_Gas,SUV_2_Gas,SHARED2,0.4374736957258753,SUV_2_Gas,,-9.0,0out_0in,escort
15375,307,othdiscr,3,1,1,3,non_mandatory,1,7004.0,165.0,113,7.0,12.0,5.0,,,-9.0,278.0,,False,True,14.34242427656761,SUV_17_Gas,SUV_17_Gas,SUV_17_Gas,SHARED2,0.5549044862617496,SUV_17_Gas,,-9.0,3out_1in,othdiscr
15376,307,othdiscr,3,2,2,3,non_mandatory,1,8471.0,165.0,113,16.0,18.0,2.0,,,-9.0,617.0,,False,True,14.619531553057271,SUV_17_Gas,SUV_17_Gas,SUV_17_Gas,DRIVEALONE,-0.1558593187718293,SUV_17_Gas,,-9.0,0out_2in,othdiscr
15377,307,othdiscr,3,3,3,3,non_mandatory,1,7004.0,165.0,113,33.0,35.0,2.0,,,-9.0,1042.0,,False,True,14.986397865164944,SUV_17_Gas,SUV_17_Gas,SUV_17_Gas,SHARED2,0.558547816560418,SUV_17_Gas,,-9.0,3out_3in,othdiscr
15425,308,othdiscr,1,1,1,1,non_mandatory,1,7004.0,165.0,113,22.0,23.0,1.0,,,-9.0,799.0,,False,True,14.301976887838933,SUV_17_Gas,SUV_17_Gas,SUV_17_Gas,DRIVEALONE,1.0814750617460516,SUV_17_Gas,,-9.0,3out_3in,othdiscr
15475,309,othdiscr,1,1,2,2,non_mandatory,1,1450.0,165.0,113,16.0,17.0,1.0,,,-9.0,616.0,,False,True,14.415903181908858,SUV_17_Gas,SUV_17_Gas,SUV_17_Gas,SHARED2,1.6588983874187655,SUV_17_Gas,,-9.0,0out_1in,othdiscr
15491,309,shopping,1,1,1,2,non_mandatory,1,1159.0,165.0,113,17.0,39.0,22.0,,,-9.0,670.0,,False,True,10.382544655714678,SUV_17_Gas,SUV_17_Gas,SUV_17_Gas,SHARED2,-4.8356530534213,SUV_17_Gas,,-9.0,1out_1in,shopping
15504,310,eat,1,1,1,1,atwork,1,6527.0,6647.0,114,17.0,17.0,0.0,,,-9.0,648.0,,,,7.026259173133258,,,,SHARED2,-0.4448659713072674,Pickup_17_Gas,,15548.0,3out_3in,atwork
15535,310,escort,1,1,2,2,non_mandatory,1,23700.0,165.0,114,9.0,10.0,1.0,pure_escort,,2.0,357.0,,False,True,-9.0,Van_12_Gas,Van_12_Gas,Van_12_Gas,SHARED3,-9.921745065832487,Van_12_Gas,,-9.0,1out_0in,escort
15548,310,work,1,1,1,2,mandatory,1,6647.0,165.0,114,12.0,33.0,20.0,ride_share,,1.0,494.0,,,,-9.0,Pickup_17_Gas,Pickup_17_Gas,Van_12_Gas,SHARED2,-1.91723305737466,Pickup_17_Gas,eat,-9.0,1out_0in,work
15583,311,school,1,1,1,1,mandatory,1,7004.0,165.0,114,9.0,25.0,16.0,,,-9.0,372.0,,,,-9.0,Van_12_Gas,Van_12_Gas,Van_12_Gas,WALK,5.597336679015381,,,-9.0,1out_1in,school
15633,312,school,1,1,1,1,mandatory,1,7004.0,165.0,114,10.0,29.0,19.0,,,-9.0,415.0,,,,-9.0,Van_12_Gas,Van_12_Gas,Van_12_Gas,WALK,6.515460485070292,,,-9.0,1out_0in,school
15683,313,school,1,1,1,1,mandatory,1,23700.0,165.0,114,9.0,27.0,17.0,pure_escort,,-9.0,374.0,,,,-9.0,Pickup_17_Gas,Van_12_Gas,Van_12_Gas,SHARED3,-3.048511038068888,Van_12_Gas,,-9.0,1out_0in,school
15733,314,school,1,1,1,1,mandatory,1,16045.0,165.0,114,9.0,26.0,17.0,pure_escort,,-9.0,373.0,,,,-9.0,Van_12_Gas,Van_12_Gas,Van_12_Gas,SHARED3,0.4669327503385657,Van_12_Gas,,-9.0,0out_0in,school
15783,315,school,2,1,1,2,mandatory,1,7211.0,165.0,114,12.0,29.0,17.0,ride_share,,-9.0,490.0,,,,-9.0,Pickup_17_Gas,Van_12_Gas,Van_12_Gas,SHARED2,6.081454919131788,Van_12_Gas,,-9.0,0out_1in,school
15784,315,school,2,2,2,2,mandatory,1,7211.0,165.0,114,10.0,10.0,0.0,,,-9.0,396.0,,,,-9.0,Pickup_17_Gas,Van_12_Gas,Van_12_Gas,BIKE,6.081505977974463,,,-9.0,0out_1in,school
15809,316,escort,4,1,1,4,non_mandatory,1,2333.0,165.0,115,10.0,10.0,0.0,,,-9.0,396.0,,False,True,12.990239154574937,SUV_4_Gas,SUV_4_Gas,SUV_4_Gas,SHARED3,-0.4020819776742492,SUV_4_Gas,,-9.0,0out_0in,escort
15810,316,escort,4,2,2,4,non_mandatory,1,1324.0,165.0,115,21.0,25.0,4.0,,,-9.0,774.0,,False,True,12.753620265371223,SUV_4_Gas,SUV_4_Gas,SUV_4_Gas,WALK,0.5067063915172288,,,-9.0,0out_0in,escort
15811,316,escort,4,3,3,4,non_mandatory,1,2792.0,165.0,115,28.0,30.0,2.0,,,-9.0,947.0,,False,True,13.008136077689764,SUV_4_Gas,SUV_4_Gas,SUV_4_Gas,WALK,0.3695648434989789,,,-9.0,0out_1in,escort
15812,316,escort,4,4,4,4,non_mandatory,1,9898.0,165.0,115,8.0,9.0,1.0,,,-9.0,316.0,,False,True,12.70370119489393,SUV_4_Gas,SUV_4_Gas,Pickup_6_Gas,WALK,0.5087642693067042,,,-9.0,0out_0in,escort
15813,317,eatout,1,1,1,1,joint,4,1450.0,165.0,115,33.0,37.0,4.0,,,-9.0,1044.0,mixed,False,True,15.300538159822343,SUV_4_Gas,Pickup_6_Gas,SUV_4_Gas,WALK,0.4805176675301192,,,-9.0,0out_0in,eatout
15959,319,escort,1,1,1,2,non_mandatory,1,7925.0,165.0,115,8.0,9.0,1.0,,,-9.0,316.0,,False,True,14.190551617982262,Pickup_6_Gas,Pickup_6_Gas,SUV_4_Gas,WALK,1.4271814970985433,,,-9.0,0out_3in,escort
15995,319,social,1,1,2,2,non_mandatory,1,2634.0,165.0,115,15.0,21.0,6.0,,,-9.0,587.0,,False,True,16.14094414751837,SUV_4_Gas,SUV_4_Gas,Pickup_6_Gas,WALK,3.172333349268091,,,-9.0,0out_1in,social
16235,324,escort,3,1,1,4,non_mandatory,1,23872.0,165.0,118,8.0,8.0,0.0,pure_escort,,1.0,315.0,,False,True,-9.0,non_hh_veh,non_hh_veh,non_hh_veh,SHARED2,1.3312868418712327,non_hh_veh,,-9.0,0out_0in,escort
16236,324,escort,3,2,2,4,non_mandatory,1,16315.0,165.0,118,9.0,10.0,1.0,pure_escort,,1.0,357.0,,False,True,-9.0,non_hh_veh,non_hh_veh,non_hh_veh,SHARED2,-4.113827900868787,non_hh_veh,,-9.0,0out_0in,escort
16237,324,escort,3,3,3,4,non_mandatory,1,23872.0,165.0,118,25.0,25.0,0.0,,pure_escort,1.0,876.0,,False,True,-9.0,non_hh_veh,non_hh_veh,non_hh_veh,WALK,1.3337275654380554,,,-9.0,0out_0in,escort
16241,324,shopping,1,1,4,4,non_mandatory,1,23845.0,165.0,118,41.0,42.0,1.0,,,-9.0,1141.0,,False,True,11.30674051681639,non_hh_veh,non_hh_veh,non_hh_veh,WALK,0.5120228213398377,,,-9.0,0out_0in,shopping
16283,325,school,1,1,1,1,mandatory,1,7004.0,165.0,118,9.0,34.0,25.0,,,-9.0,381.0,,,,-9.0,non_hh_veh,non_hh_veh,non_hh_veh,SHARED3,36.86782261293072,non_hh_veh,,-9.0,1out_1in,school
16333,326,school,1,1,1,1,mandatory,1,23872.0,165.0,118,8.0,25.0,17.0,pure_escort,pure_escort,-9.0,332.0,,,,-9.0,non_hh_veh,non_hh_veh,non_hh_veh,WALK,35.60896790861066,,,-9.0,0out_0in,school
16383,327,school,1,1,1,1,mandatory,1,16315.0,165.0,118,9.0,31.0,22.0,pure_escort,,-9.0,378.0,,,,-9.0,non_hh_veh,non_hh_veh,non_hh_veh,SHARED2,32.78279971920947,non_hh_veh,,-9.0,0out_1in,school
16425,328,othdiscr,1,1,2,2,non_mandatory,1,165.0,165.0,118,9.0,11.0,2.0,,,-9.0,358.0,,False,True,16.484282401402613,non_hh_veh,non_hh_veh,non_hh_veh,WALK,5.704350426093698,,,-9.0,0out_0in,othdiscr
16433,328,school,1,1,1,2,mandatory,1,1217.0,165.0,118,19.0,21.0,2.0,,,-9.0,713.0,,,,-9.0,non_hh_veh,non_hh_veh,non_hh_veh,SCH_BUS,36.49024765665769,,,-9.0,0out_0in,school
16525,330,othdiscr,1,1,1,1,non_mandatory,1,7004.0,165.0,119,10.0,15.0,5.0,,,-9.0,401.0,,False,True,14.6563958674446,SUV_11_Gas,SUV_11_Gas,SUV_11_Gas,DRIVEALONE,0.6868740006049805,SUV_11_Gas,,-9.0,0out_1in,othdiscr
16575,331,othdiscr,1,1,1,1,non_mandatory,1,7004.0,165.0,119,31.0,38.0,7.0,,,-9.0,1012.0,,False,True,14.220342270729857,SUV_11_Gas,Car_19_Gas,Car_19_Gas,BIKE,0.8583901658632387,,,-9.0,0out_1in,othdiscr
16629,332,othmaint,1,1,1,1,non_mandatory,1,16287.0,165.0,119,13.0,23.0,10.0,,,-9.0,520.0,,False,True,12.418670143300874,SUV_11_Gas,Car_19_Gas,SUV_11_Gas,DRIVEALONE,-0.9822389273470982,SUV_11_Gas,,-9.0,0out_0in,othmaint
16656,333,eatout,2,2,2,2,non_mandatory,1,2872.0,165.0,120,28.0,28.0,0.0,,,-9.0,945.0,,False,True,13.213693068013294,SUV_3_Gas,SUV_3_Gas,SUV_3_Gas,DRIVEALONE,0.4578115560469883,SUV_3_Gas,,-9.0,0out_2in,eatout
16663,333,eatout,2,1,1,2,joint,2,1572.0,165.0,120,21.0,23.0,2.0,,,-9.0,772.0,adults,False,True,13.96161025832299,Car_6_Gas,SUV_3_Gas,SUV_3_Gas,SHARED2,-0.6797643251250032,SUV_3_Gas,,-9.0,0out_0in,eatout
16709,334,escort,1,1,1,1,non_mandatory,1,24331.0,165.0,120,24.0,26.0,2.0,,,-9.0,853.0,,True,False,4.590453931445287,Car_6_Gas,SUV_3_Gas,SUV_3_Gas,DRIVEALONE,-3.866015330748376,Car_6_Gas,,-9.0,0out_0in,escort
16815,336,othdiscr,1,1,1,3,joint,2,1399.0,165.0,121,22.0,22.0,0.0,,,-9.0,798.0,adults,False,True,13.730415756831292,Pickup_11_Gas,Pickup_11_Gas,Pickup_11_Gas,SHARED2,-0.8744012237992362,Pickup_11_Gas,,-9.0,0out_0in,othdiscr
16829,336,othmaint,2,1,2,3,non_mandatory,1,24333.0,165.0,121,30.0,32.0,2.0,,,-9.0,988.0,,True,False,5.80044674481764,Pickup_11_Gas,Pickup_11_Gas,Pickup_11_Gas,DRIVEALONE,-3.550721614108242,Pickup_11_Gas,,-9.0,0out_1in,othmaint
16830,336,othmaint,2,2,3,3,non_mandatory,1,23097.0,165.0,121,10.0,15.0,5.0,,,-9.0,401.0,,False,True,9.914860677882222,Pickup_11_Gas,Pickup_11_Gas,Pickup_11_Gas,DRIVEALONE,-3.334336635767597,Pickup_11_Gas,,-9.0,1out_3in,othmaint
16891,337,shopping,1,1,1,1,non_mandatory,1,9901.0,165.0,121,17.0,19.0,2.0,,,-9.0,650.0,,False,True,10.285586373288398,Pickup_11_Gas,Pickup_11_Gas,Pickup_11_Gas,WALK,0.2527332658862315,,,-9.0,1out_0in,shopping
16941,338,shopping,1,1,1,1,non_mandatory,1,24333.0,165.0,122,33.0,42.0,9.0,,,-9.0,1049.0,,True,False,2.3597414260975307,SUV_9_Gas,SUV_9_Gas,SUV_9_Gas,DRIVEALONE,-2.7294275608809966,SUV_9_Gas,,-9.0,1out_1in,shopping
16975,339,othdiscr,1,1,1,1,non_mandatory,1,7004.0,165.0,122,35.0,35.0,0.0,,,-9.0,1071.0,,False,True,15.04756216021824,Car_20_Gas,Car_20_Gas,SUV_9_Gas,WALK,1.157816400664994,,,-9.0,0out_0in,othdiscr
17004,340,eat,1,1,1,1,atwork,1,23627.0,19964.0,123,18.0,18.0,0.0,,,-9.0,680.0,,,,5.683164821755079,,,,WALK,0.1285631833261947,Pickup_15_Gas,,17048.0,0out_0in,atwork
17048,340,work,1,1,1,1,mandatory,1,19964.0,165.0,123,14.0,29.0,15.0,,,-9.0,561.0,,,,-9.0,Pickup_15_Gas,Pickup_15_Gas,Pickup_15_Gas,DRIVEALONE,-6.378141911270412,Pickup_15_Gas,eat,-9.0,0out_1in,work
17079,341,othmaint,1,1,1,1,non_mandatory,1,18820.0,165.0,123,17.0,20.0,3.0,,,-9.0,651.0,,False,True,12.09074879143486,Pickup_15_Gas,Pickup_15_Gas,Pickup_15_Gas,BIKE,-7.328842422548768,,,-9.0,0out_1in,othmaint
17104,342,eat,1,1,1,1,atwork,1,19960.0,20529.0,124,24.0,26.0,2.0,,,-9.0,853.0,,,,5.853821466817316,,,,DRIVEALONE,-4.393285599133436,SUV_2_Gas,,17148.0,0out_0in,atwork
17148,342,work,1,1,1,1,mandatory,1,20529.0,165.0,124,9.0,30.0,21.0,,,-9.0,377.0,,,,-9.0,SUV_2_Gas,Car_9_Gas,SUV_2_Gas,DRIVEALONE,-3.6267773096805302,SUV_2_Gas,eat,-9.0,0out_0in,work
17175,343,othdiscr,1,1,4,4,non_mandatory,1,1276.0,165.0,124,8.0,8.0,0.0,,,-9.0,315.0,,False,True,14.861403768515018,Pickup_11_Gas,Car_9_Gas,Car_9_Gas,WALK,1.7495188687278058,,,-9.0,0out_0in,othdiscr
17179,343,othmaint,2,1,2,4,non_mandatory,1,23235.0,165.0,124,10.0,15.0,5.0,,,-9.0,401.0,,False,True,12.319764692786302,Pickup_11_Gas,SUV_2_Gas,SUV_2_Gas,SHARED2,-1.1621800274516307,SUV_2_Gas,,-9.0,1out_0in,othmaint
17180,343,othmaint,2,2,3,4,non_mandatory,1,13130.0,165.0,124,27.0,32.0,5.0,,,-9.0,928.0,,False,True,12.526415790712196,SUV_2_Gas,Pickup_11_Gas,SUV_2_Gas,DRIVEALONE,0.1372243661939601,SUV_2_Gas,,-9.0,0out_0in,othmaint
17191,343,shopping,1,1,1,4,non_mandatory,1,6453.0,165.0,124,16.0,17.0,1.0,,,-9.0,616.0,,False,True,10.339021833853208,SUV_2_Gas,Car_9_Gas,Car_9_Gas,WALK,0.3413882060353496,,,-9.0,0out_0in,shopping
17291,345,shopping,1,1,2,2,non_mandatory,1,16198.0,165.0,125,14.0,23.0,9.0,,,-9.0,555.0,,False,True,10.046694645863129,Pickup_3_Gas,SUV_15_Gas,SUV_15_Gas,DRIVEALONE,-2.866316838975767,Pickup_3_Gas,,-9.0,1out_1in,shopping
17298,345,work,1,1,1,2,mandatory,1,2959.0,165.0,125,30.0,48.0,18.0,,,-9.0,1004.0,,,,-9.0,SUV_15_Gas,Pickup_3_Gas,Pickup_3_Gas,DRIVEALONE,-4.183227059603737,SUV_15_Gas,no_subtours,-9.0,0out_0in,work
17369,347,shopping,1,1,1,2,joint,2,23860.0,218.0,126,25.0,28.0,3.0,,,-9.0,879.0,adults,False,True,10.432474517539694,Car_20_Gas,Car_20_Gas,Car_20_Gas,SHARED2,-1.4787881543524062,Car_20_Gas,,-9.0,0out_0in,shopping
17375,347,othdiscr,1,1,2,2,non_mandatory,1,19089.0,218.0,126,11.0,13.0,2.0,,,-9.0,437.0,,False,True,13.02257705966852,Car_20_Gas,Car_20_Gas,Car_20_Gas,DRIVEALONE,-2.726111595691392,Car_20_Gas,,-9.0,0out_1in,othdiscr
17459,349,escort,2,2,4,4,non_mandatory,1,5795.0,218.0,127,32.0,32.0,0.0,,,-9.0,1023.0,,False,True,12.913139150420628,Car_4_Gas,Car_4_Gas,Car_4_Gas,SHARED3,0.4164642088424105,Car_4_Gas,,-9.0,0out_0in,escort
17485,349,escort,2,1,3,4,non_mandatory,1,20049.0,218.0,127,29.0,30.0,1.0,,pure_escort,1.0,967.0,,False,True,-9.0,SUV_10_Hybrid,SUV_9_Gas,Car_4_Gas,SHARED3,-4.020716493816595,Car_4_Gas,,-9.0,0out_0in,escort
17498,349,work,2,1,1,4,mandatory,1,16289.0,218.0,127,9.0,28.0,20.0,ride_share,,1.0,375.0,,,,-9.0,SUV_9_Gas,Car_4_Gas,SUV_9_Gas,SHARED3,-1.8918568562403424,SUV_9_Gas,no_subtours,-9.0,1out_1in,work
17499,349,work,2,2,2,4,mandatory,1,16289.0,218.0,127,28.0,28.0,0.0,,,-9.0,945.0,,,,-9.0,SUV_10_Hybrid,Car_4_Gas,Van_17_Gas,SHARED2,-1.6988439156573285,Car_4_Gas,no_subtours,-9.0,0out_0in,work
17533,350,school,1,1,1,1,mandatory,1,16374.0,218.0,127,9.0,28.0,19.0,,,-9.0,375.0,,,,-9.0,Car_4_Gas,SUV_9_Gas,SUV_9_Gas,BIKE,-0.9833812998281698,,,-9.0,0out_1in,school
17583,351,school,1,1,1,1,mandatory,1,7004.0,218.0,127,9.0,26.0,17.0,,,-9.0,373.0,,,,-9.0,SUV_10_Hybrid,Car_4_Gas,Car_4_Gas,WALK,2.7795654262485865,,,-9.0,0out_1in,school
17633,352,school,1,1,1,1,mandatory,1,16364.0,218.0,127,9.0,25.0,16.0,ride_share,,-9.0,372.0,,,,-9.0,SUV_10_Hybrid,SUV_10_Hybrid,SUV_10_Hybrid,SHARED3,-0.9550036874572612,SUV_10_Hybrid,,-9.0,0out_0in,school
17683,353,school,1,1,1,1,mandatory,1,11793.0,218.0,127,10.0,26.0,16.0,,,-9.0,412.0,,,,-9.0,SUV_9_Gas,Car_4_Gas,SUV_9_Gas,WALK,3.933656996241494,,,-9.0,0out_1in,school
17733,354,school,1,1,1,1,mandatory,1,20049.0,218.0,127,15.0,30.0,15.0,,pure_escort,-9.0,596.0,,,,-9.0,SUV_9_Gas,Car_4_Gas,SUV_10_Hybrid,SHARED3,-6.2457716851928815,SUV_10_Hybrid,,-9.0,1out_0in,school
17754,355,eat,1,1,1,1,atwork,1,23054.0,23052.0,128,21.0,21.0,0.0,,,-9.0,770.0,,,,4.200467431286165,,,,WALK,-0.2403528922681769,SUV_18_Gas,,17798.0,0out_0in,atwork
17759,355,escort,2,2,3,3,non_mandatory,1,11584.0,218.0,128,31.0,32.0,1.0,,,-9.0,1006.0,,False,True,13.374402565844555,SUV_14_Gas,SUV_18_Gas,SUV_14_Gas,DRIVEALONE,-0.6338777138161253,SUV_14_Gas,,-9.0,2out_2in,escort
17785,355,escort,2,1,2,3,non_mandatory,1,8972.0,218.0,128,32.0,33.0,1.0,,pure_escort,1.0,1024.0,,False,True,-9.0,SUV_18_Gas,SUV_18_Gas,SUV_14_Gas,SHARED3,-5.441168344808771,SUV_14_Gas,,-9.0,0out_0in,escort
17798,355,work,1,1,1,3,mandatory,1,23052.0,218.0,128,10.0,29.0,20.0,ride_share,,1.0,415.0,,,,-9.0,SUV_18_Gas,SUV_14_Gas,SUV_18_Gas,SHARED3,-3.1443637923017,SUV_18_Gas,eat,-9.0,1out_0in,work
17835,356,escort,1,1,2,2,non_mandatory,1,8322.0,218.0,128,23.0,26.0,3.0,,pure_escort,1.0,828.0,,False,True,-9.0,SUV_14_Gas,SUV_14_Gas,SUV_18_Gas,SHARED2,-2.0405747556660385,SUV_14_Gas,,-9.0,0out_0in,escort
17848,356,work,1,1,1,2,mandatory,1,569.0,218.0,128,6.0,23.0,17.0,,,-9.0,247.0,,,,-9.0,SUV_14_Gas,SUV_14_Gas,SUV_14_Gas,DRIVEALONE,-0.3958757712543497,SUV_14_Gas,no_subtours,-9.0,0out_0in,work
17883,357,school,1,1,1,1,mandatory,1,8972.0,218.0,128,11.0,33.0,22.0,,pure_escort,-9.0,457.0,,,,-9.0,SUV_14_Gas,SUV_14_Gas,SUV_18_Gas,SHARED3,-6.399037163655881,SUV_18_Gas,,-9.0,1out_0in,school
17933,358,school,1,1,1,1,mandatory,1,8322.0,218.0,128,10.0,26.0,16.0,ride_share,pure_escort,-9.0,412.0,,,,-9.0,SUV_18_Gas,SUV_14_Gas,SUV_14_Gas,SHARED2,2.336546554617556,SUV_14_Gas,,-9.0,0out_0in,school
18033,360,school,1,1,1,1,mandatory,1,7004.0,218.0,128,10.0,26.0,16.0,,,-9.0,412.0,,,,-9.0,SUV_18_Gas,SUV_14_Gas,SUV_18_Gas,BIKE,3.961079491276992,,,-9.0,0out_1in,school
18079,361,othmaint,1,1,1,1,non_mandatory,1,1676.0,218.0,129,15.0,28.0,13.0,,,-9.0,594.0,,False,True,12.523138253816686,Van_11_Gas,Van_11_Gas,Van_11_Gas,WALK,-0.3833225898128888,,,-9.0,0out_0in,othmaint
18125,362,othdiscr,1,1,5,5,non_mandatory,1,1350.0,218.0,129,28.0,36.0,8.0,,,-9.0,953.0,,False,True,13.706428097441892,Pickup_20_Gas,Van_11_Gas,Van_11_Gas,WALK,0.967880264334826,,,-9.0,0out_1in,othdiscr
18129,362,othmaint,1,1,4,5,non_mandatory,1,16313.0,218.0,129,11.0,15.0,4.0,,,-9.0,439.0,,False,True,11.645280399799558,Pickup_20_Gas,Van_11_Gas,Pickup_20_Gas,SHARED2,-2.352745504878988,Van_11_Gas,,-9.0,0out_1in,othmaint
18135,362,escort,2,1,1,5,non_mandatory,1,16126.0,218.0,129,9.0,10.0,1.0,pure_escort,,1.0,357.0,,False,True,-9.0,Van_11_Gas,Pickup_20_Gas,Van_11_Gas,SHARED2,-3.5291095713463525,Pickup_20_Gas,,-9.0,0out_0in,escort
18136,362,escort,2,2,2,5,non_mandatory,1,16126.0,218.0,129,25.0,26.0,1.0,,pure_escort,1.0,877.0,,False,True,-9.0,Pickup_20_Gas,Van_11_Gas,Van_11_Gas,SHARED2,-3.526901913969813,Van_11_Gas,,-9.0,0out_0in,escort
18141,362,shopping,1,1,3,5,non_mandatory,1,1350.0,218.0,129,20.0,23.0,3.0,,,-9.0,744.0,,False,True,10.17345853270396,Van_11_Gas,Van_11_Gas,Van_11_Gas,BIKE,0.6811977539218246,,,-9.0,1out_0in,shopping
18183,363,school,1,1,1,2,mandatory,1,16126.0,218.0,129,9.0,26.0,17.0,pure_escort,pure_escort,-9.0,373.0,,,,-9.0,Van_11_Gas,Van_11_Gas,Van_11_Gas,SHARED2,0.3604428404733997,Van_11_Gas,,-9.0,0out_0in,school
18191,363,shopping,1,1,2,2,non_mandatory,1,2465.0,218.0,129,33.0,34.0,1.0,,,-9.0,1041.0,,False,True,11.231694189368904,Pickup_20_Gas,Van_11_Gas,Van_11_Gas,WALK,1.967884874023772,,,-9.0,0out_0in,shopping
18241,364,shopping,1,1,1,1,non_mandatory,1,23883.0,218.0,129,18.0,19.0,1.0,,,-9.0,681.0,,False,True,10.043148749048928,Van_11_Gas,Pickup_20_Gas,Van_11_Gas,SHARED3,-1.2915355118772025,Van_11_Gas,,-9.0,1out_0in,shopping
18313,366,eatout,1,1,3,4,joint,4,23859.0,218.0,130,30.0,31.0,1.0,,,-9.0,987.0,mixed,False,True,13.412690029398338,Car_10_Gas,Car_10_Gas,Car_10_Gas,SHARED3,-48.43694216447197,Car_10_Gas,,-9.0,0out_0in,eatout
18335,366,escort,2,1,1,4,non_mandatory,1,23872.0,218.0,130,9.0,9.0,0.0,pure_escort,,1.0,356.0,,False,True,-9.0,Car_10_Gas,Car_10_Gas,Car_10_Gas,SHARED3,0.5706562124947903,Car_10_Gas,,-9.0,0out_2in,escort
18336,366,escort,2,2,2,4,non_mandatory,1,23872.0,218.0,130,25.0,26.0,1.0,,pure_escort,1.0,877.0,,False,True,-9.0,Car_10_Gas,non_hh_veh,Car_10_Gas,SHARED3,0.5704191481485296,Car_10_Gas,,-9.0,0out_0in,escort
18341,366,shopping,1,1,4,4,non_mandatory,1,23860.0,218.0,130,23.0,24.0,1.0,,,-9.0,826.0,,False,True,10.198733544254228,Car_10_Gas,Car_10_Gas,Car_10_Gas,SHARED3,1.0510101224824242,Car_10_Gas,,-9.0,0out_0in,shopping
18433,368,school,1,1,1,1,mandatory,1,23872.0,218.0,130,9.0,26.0,17.0,pure_escort,pure_escort,-9.0,373.0,,,,-9.0,Car_10_Gas,Car_10_Gas,Car_10_Gas,SHARED3,2.0878290624007305,Car_10_Gas,,-9.0,0out_0in,school
18506,370,eatout,1,1,2,3,non_mandatory,1,23875.0,218.0,130,30.0,30.0,0.0,,,-9.0,986.0,,False,True,13.28110797055776,Car_10_Gas,Car_10_Gas,Car_10_Gas,SHARED3,1.0527361821693413,Car_10_Gas,,-9.0,0out_0in,eatout
18525,370,othdiscr,1,1,3,3,non_mandatory,1,6073.0,218.0,130,20.0,23.0,3.0,,,-9.0,744.0,,False,True,13.682909755298311,Car_10_Gas,Car_10_Gas,Car_10_Gas,WALK,1.6970888987581778,,,-9.0,0out_0in,othdiscr
18529,370,othmaint,1,1,1,3,non_mandatory,1,229.0,218.0,130,14.0,18.0,4.0,,,-9.0,550.0,,False,True,12.04642700593688,Car_10_Gas,Car_10_Gas,Car_10_Gas,SHARED3,1.681483064473492,Car_10_Gas,,-9.0,0out_1in,othmaint
18575,371,othdiscr,1,1,1,1,non_mandatory,1,3122.0,218.0,131,17.0,33.0,16.0,,,-9.0,664.0,,False,True,13.410562066078391,Car_12_Gas,Car_12_Gas,Car_12_Gas,WALK,-0.5556246677279476,,,-9.0,0out_0in,othdiscr
18641,372,shopping,1,1,1,1,non_mandatory,1,1350.0,218.0,131,18.0,27.0,9.0,,,-9.0,689.0,,False,True,10.372919634304674,Car_4_Gas,Car_4_Gas,Car_12_Gas,DRIVEALONE,0.4896963279242657,Car_4_Gas,,-9.0,1out_0in,shopping
18709,374,escort,1,1,1,1,non_mandatory,1,13551.0,218.0,132,26.0,27.0,1.0,,,-9.0,901.0,,False,True,12.972366908394632,Car_19_Gas,Car_19_Gas,Car_19_Gas,DRIVEALONE,-4.594640447117047,Car_19_Gas,,-9.0,0out_0in,escort
18791,375,shopping,1,1,1,1,non_mandatory,1,2465.0,218.0,132,11.0,17.0,6.0,,,-9.0,441.0,,False,True,10.53770241782724,Car_19_Gas,Car_19_Gas,Car_19_Gas,WALK,1.229589806148846,,,-9.0,0out_0in,shopping
18809,376,escort,1,1,1,1,non_mandatory,1,8968.0,218.0,132,38.0,38.0,0.0,,,-9.0,1110.0,,False,True,11.934018820994146,non_hh_veh,Car_19_Gas,non_hh_veh,WALK,-0.1638813023571399,,,-9.0,0out_1in,escort
18859,377,escort,1,1,1,2,non_mandatory,1,1217.0,218.0,133,31.0,32.0,1.0,,,-9.0,1006.0,,False,True,12.626329372004882,Van_19_Gas,Van_19_Gas,Pickup_18_Gas,DRIVEALONE,-0.6882012804186356,Van_19_Gas,,-9.0,3out_3in,escort
18875,377,othdiscr,1,1,2,2,non_mandatory,1,16406.0,218.0,133,29.0,29.0,0.0,,,-9.0,966.0,,False,True,12.975735288382934,Pickup_18_Gas,Van_19_Gas,Van_19_Gas,DRIVEALONE,-2.627359257329582,Pickup_18_Gas,,-9.0,0out_1in,othdiscr
19009,380,escort,5,5,5,6,non_mandatory,1,1676.0,218.0,134,27.0,27.0,0.0,,,-9.0,923.0,,False,True,13.124623541113648,Pickup_15_Gas,Car_13_Gas,Car_13_Gas,SHARED3,-0.378094865172029,Car_13_Gas,,-9.0,0out_0in,escort
19029,380,othmaint,1,1,6,6,non_mandatory,1,23860.0,218.0,134,19.0,20.0,1.0,,,-9.0,712.0,,False,True,12.499259026533036,Pickup_15_Gas,Car_13_Gas,Car_13_Gas,DRIVEALONE,0.1596775091692081,Pickup_15_Gas,,-9.0,0out_0in,othmaint
19035,380,escort,5,1,1,6,non_mandatory,1,18496.0,218.0,134,8.0,10.0,2.0,pure_escort,,1.0,317.0,,False,True,-9.0,Pickup_15_Gas,Pickup_15_Gas,Pickup_15_Gas,SHARED3,-4.779979478042151,Pickup_15_Gas,,-9.0,0out_1in,escort
19036,380,escort,5,2,2,6,non_mandatory,1,19476.0,218.0,134,10.0,11.0,1.0,pure_escort,,1.0,397.0,,False,True,-9.0,Pickup_15_Gas,Car_13_Gas,Car_13_Gas,SHARED3,-7.76219433239991,Car_13_Gas,,-9.0,0out_0in,escort
19037,380,escort,5,3,3,6,non_mandatory,1,7369.0,218.0,134,11.0,11.0,0.0,pure_escort,,1.0,435.0,,False,True,-9.0,Car_13_Gas,Car_13_Gas,Car_13_Gas,SHARED3,-2.311552592176821,Car_13_Gas,,-9.0,0out_0in,escort
19038,380,escort,5,4,4,6,non_mandatory,1,19476.0,218.0,134,25.0,26.0,1.0,,pure_escort,1.0,877.0,,False,True,-9.0,Pickup_15_Gas,Pickup_15_Gas,Pickup_15_Gas,SHARED3,-7.890557625665498,Pickup_15_Gas,,-9.0,0out_0in,escort
19059,381,escort,2,2,2,5,non_mandatory,1,1676.0,218.0,134,10.0,10.0,0.0,,,-9.0,396.0,,False,True,12.81200832427465,Car_13_Gas,Pickup_15_Gas,Car_13_Gas,SHARED3,0.6739367523452754,Car_13_Gas,,-9.0,3out_3in,escort
19075,381,othdiscr,1,1,5,5,non_mandatory,1,4113.0,218.0,134,27.0,32.0,5.0,,,-9.0,928.0,,False,True,14.153685781922537,Pickup_15_Gas,Car_13_Gas,Pickup_15_Gas,SHARED2,-1.266663107947039,Car_13_Gas,,-9.0,0out_0in,othdiscr
19079,381,othmaint,1,1,3,5,non_mandatory,1,16538.0,218.0,134,13.0,26.0,13.0,,,-9.0,523.0,,False,True,12.07869938989112,Pickup_15_Gas,Car_13_Gas,Car_13_Gas,SHARED3,-1.0808338130468471,Car_13_Gas,,-9.0,1out_0in,othmaint
19085,381,escort,2,1,1,5,non_mandatory,1,7369.0,218.0,134,27.0,27.0,0.0,,pure_escort,2.0,923.0,,False,True,-9.0,Car_13_Gas,Car_13_Gas,Car_13_Gas,SHARED3,-0.0686513449428915,Car_13_Gas,,-9.0,0out_1in,escort
19095,381,social,1,1,4,5,non_mandatory,1,17406.0,218.0,134,32.0,37.0,5.0,,,-9.0,1028.0,,False,True,14.689809770643947,Car_13_Gas,Car_13_Gas,Pickup_15_Gas,SHARED2,-0.7697444188135159,Car_13_Gas,,-9.0,3out_3in,social
19133,382,school,1,1,1,1,mandatory,1,18496.0,218.0,134,8.0,27.0,19.0,pure_escort,pure_escort,-9.0,334.0,,,,-9.0,Car_13_Gas,Pickup_15_Gas,Car_13_Gas,SHARED3,-2.9366642782858468,Car_13_Gas,,-9.0,0out_1in,school
19159,383,escort,1,1,2,3,non_mandatory,1,23848.0,218.0,134,10.0,10.0,0.0,,,-9.0,396.0,,False,True,13.381029487608828,Pickup_15_Gas,Car_13_Gas,Pickup_15_Gas,SHARED3,-0.8312719733488038,Pickup_15_Gas,,-9.0,0out_0in,escort
19179,383,othmaint,1,1,3,3,non_mandatory,1,229.0,218.0,134,32.0,34.0,2.0,,,-9.0,1025.0,,False,True,11.903497851478797,Pickup_15_Gas,Pickup_15_Gas,Car_13_Gas,WALK,0.9434513032527656,,,-9.0,1out_1in,othmaint
19183,383,school,1,1,1,3,mandatory,1,19476.0,218.0,134,10.0,26.0,16.0,pure_escort,pure_escort,-9.0,412.0,,,,-9.0,Car_13_Gas,Pickup_15_Gas,Pickup_15_Gas,SHARED3,-5.834630239090782,Pickup_15_Gas,,-9.0,0out_0in,school
19233,384,school,1,1,1,1,mandatory,1,7369.0,218.0,134,11.0,27.0,16.0,pure_escort,pure_escort,-9.0,451.0,,,,-9.0,Car_13_Gas,Car_13_Gas,Car_13_Gas,SHARED3,0.5751874521881187,Car_13_Gas,,-9.0,0out_0in,school
19256,385,eatout,1,1,3,3,non_mandatory,1,1676.0,218.0,134,11.0,11.0,0.0,,,-9.0,435.0,,False,True,14.365646116687778,Pickup_15_Gas,Car_13_Gas,Car_13_Gas,SHARED3,1.070228560287921,Car_13_Gas,,-9.0,0out_0in,eatout
19259,385,escort,1,1,1,3,non_mandatory,1,1350.0,218.0,134,12.0,17.0,5.0,,,-9.0,478.0,,False,True,13.228059819272858,Pickup_15_Gas,Car_13_Gas,Car_13_Gas,SHARED3,0.9425464818492127,Car_13_Gas,,-9.0,0out_0in,escort
19291,385,shopping,1,1,2,3,non_mandatory,1,1350.0,218.0,134,24.0,26.0,2.0,,,-9.0,853.0,,False,True,10.805662267565198,Car_13_Gas,Car_13_Gas,Pickup_15_Gas,WALK,1.518026579355949,,,-9.0,0out_0in,shopping
19309,386,escort,1,1,1,2,non_mandatory,1,23848.0,218.0,135,28.0,31.0,3.0,,,-9.0,948.0,,False,True,13.275271542580128,Car_4_Gas,Car_4_Gas,Car_4_Gas,DRIVEALONE,-0.6521195821013922,Car_4_Gas,,-9.0,0out_1in,escort
19325,386,othdiscr,1,1,2,2,non_mandatory,1,23286.0,218.0,135,14.0,27.0,13.0,,,-9.0,559.0,,False,True,13.673239702470878,Car_4_Gas,Car_4_Gas,Car_4_Gas,DRIVEALONE,-1.950440485210772,Car_4_Gas,,-9.0,0out_1in,othdiscr
19359,387,escort,1,1,2,2,non_mandatory,1,5573.0,218.0,136,37.0,37.0,0.0,,,-9.0,1098.0,,False,True,13.03118790435924,SUV_12_Gas,SUV_12_Gas,SUV_12_Gas,SHARED3,-0.2621718490175382,SUV_12_Gas,,-9.0,2out_0in,escort
19398,387,work,1,1,1,2,mandatory,1,23860.0,218.0,136,9.0,34.0,25.0,,,-9.0,381.0,,,,-9.0,SUV_12_Gas,SUV_12_Gas,SUV_12_Gas,DRIVEALONE,0.0158551729946802,SUV_12_Gas,no_subtours,-9.0,1out_0in,work
19409,388,escort,4,4,4,5,non_mandatory,1,5879.0,218.0,136,8.0,9.0,1.0,,,-9.0,316.0,,False,True,13.181872797535448,Car_19_Gas,SUV_12_Gas,SUV_12_Gas,SHARED3,-0.9560575272301748,SUV_12_Gas,,-9.0,0out_0in,escort
19425,388,othdiscr,1,1,5,5,non_mandatory,1,15943.0,218.0,136,30.0,32.0,2.0,,,-9.0,988.0,,False,True,14.15433880552308,SUV_12_Gas,Car_19_Gas,Car_19_Gas,SHARED3,-4.00687037216539,Car_19_Gas,,-9.0,0out_0in,othdiscr
19435,388,escort,4,1,1,5,non_mandatory,1,19476.0,218.0,136,10.0,16.0,6.0,pure_escort,,1.0,402.0,,False,True,-9.0,SUV_12_Gas,SUV_12_Gas,SUV_12_Gas,SHARED3,-6.5748953953781,SUV_12_Gas,,-9.0,0out_0in,escort
19436,388,escort,4,2,2,5,non_mandatory,1,23268.0,218.0,136,25.0,25.0,0.0,,pure_escort,1.0,876.0,,False,True,-9.0,Car_19_Gas,Car_19_Gas,SUV_12_Gas,SHARED2,-2.128756214972238,Car_19_Gas,,-9.0,0out_0in,escort
19437,388,escort,4,3,3,5,non_mandatory,1,11793.0,218.0,136,24.0,25.0,1.0,,pure_escort,1.0,852.0,,False,True,-9.0,SUV_12_Gas,Car_19_Gas,SUV_12_Gas,SHARED3,0.1609264484374246,SUV_12_Gas,,-9.0,0out_0in,escort
19483,389,school,1,1,1,1,mandatory,1,16364.0,218.0,136,7.0,30.0,23.0,,,-9.0,296.0,,,,-9.0,SUV_12_Gas,Car_19_Gas,SUV_12_Gas,SHARED3,-0.2641476446044096,SUV_12_Gas,,-9.0,1out_0in,school
19533,390,school,1,1,1,1,mandatory,1,19476.0,218.0,136,10.0,22.0,12.0,pure_escort,pure_escort,-9.0,408.0,,,,-9.0,Car_19_Gas,SUV_12_Gas,SUV_12_Gas,SHARED3,-2.0663272956229486,SUV_12_Gas,,-9.0,0out_0in,school
19583,391,school,1,1,1,1,mandatory,1,11793.0,218.0,136,9.0,25.0,16.0,pure_escort,pure_escort,-9.0,372.0,,,,-9.0,SUV_12_Gas,Car_19_Gas,SUV_12_Gas,SHARED3,2.7132246986690776,SUV_12_Gas,,-9.0,0out_0in,school
19633,392,school,1,1,1,1,mandatory,1,23268.0,218.0,136,10.0,25.0,15.0,pure_escort,pure_escort,-9.0,411.0,,,,-9.0,Car_19_Gas,Car_19_Gas,SUV_12_Gas,SHARED2,-0.5735625020253684,Car_19_Gas,,-9.0,0out_0in,school
19725,394,othdiscr,1,1,4,4,non_mandatory,1,10320.0,218.0,136,23.0,37.0,14.0,,,-9.0,839.0,,False,True,13.003705034198347,Car_19_Gas,SUV_12_Gas,Car_19_Gas,SHARED2,-6.07042224286003,SUV_12_Gas,,-9.0,1out_0in,othdiscr
19735,394,escort,3,1,1,4,non_mandatory,1,11793.0,218.0,136,9.0,10.0,1.0,pure_escort,,1.0,357.0,,False,True,-9.0,SUV_12_Gas,SUV_12_Gas,SUV_12_Gas,SHARED2,-0.7731577214530202,SUV_12_Gas,,-9.0,0out_0in,escort
19736,394,escort,3,2,2,4,non_mandatory,1,23268.0,218.0,136,10.0,12.0,2.0,pure_escort,,1.0,398.0,,False,True,-9.0,SUV_12_Gas,Car_19_Gas,SUV_12_Gas,SHARED2,-2.3404206758803934,Car_19_Gas,,-9.0,0out_0in,escort
19737,394,escort,3,3,3,4,non_mandatory,1,19476.0,218.0,136,21.0,22.0,1.0,,pure_escort,1.0,771.0,,False,True,-9.0,SUV_12_Gas,Car_19_Gas,SUV_12_Gas,SHARED3,-4.962546115058793,SUV_12_Gas,,-9.0,0out_0in,escort
19754,395,eat,1,1,1,1,atwork,1,23066.0,23066.0,137,17.0,18.0,1.0,,,-9.0,649.0,,,,9.476384601767045,,,,WALK,2.362929147933296,,,19798.0,0out_0in,atwork
19798,395,work,1,1,1,1,mandatory,1,23066.0,218.0,137,8.0,32.0,24.0,,,-9.0,339.0,,,,-9.0,non_hh_veh,non_hh_veh,non_hh_veh,WALK_LOC,-1.5641792991402386,,eat,-9.0,0out_0in,work
19835,396,escort,1,1,2,2,non_mandatory,1,20837.0,218.0,137,9.0,12.0,3.0,pure_escort,,2.0,359.0,,False,True,-9.0,non_hh_veh,non_hh_veh,non_hh_veh,SHARED3,-3.9705941754819567,non_hh_veh,,-9.0,1out_0in,escort
19848,396,work,1,1,1,2,mandatory,1,1411.0,218.0,137,17.0,27.0,9.0,,ride_share,1.0,658.0,,,,-9.0,non_hh_veh,non_hh_veh,non_hh_veh,WALK,2.5830379947639788,,no_subtours,-9.0,0out_1in,work
19859,397,escort,1,1,2,2,non_mandatory,1,1676.0,218.0,137,27.0,27.0,0.0,,,-9.0,923.0,,False,True,15.336220932791235,non_hh_veh,non_hh_veh,non_hh_veh,WALK,3.920597358783517,,,-9.0,3out_3in,escort
19883,397,school,1,1,1,2,mandatory,1,20600.0,218.0,137,10.0,26.0,16.0,,,-9.0,412.0,,,,-9.0,non_hh_veh,non_hh_veh,non_hh_veh,SHARED3,33.83957939175922,non_hh_veh,,-9.0,1out_0in,school
19933,398,school,1,1,1,1,mandatory,1,15238.0,218.0,137,9.0,26.0,17.0,pure_escort,,-9.0,373.0,,,,-9.0,non_hh_veh,non_hh_veh,non_hh_veh,SHARED3,30.51902466925396,non_hh_veh,,-9.0,0out_0in,school
19959,399,escort,1,1,2,2,non_mandatory,1,7930.0,218.0,137,24.0,25.0,1.0,,,-9.0,852.0,,False,True,15.125828471334811,non_hh_veh,non_hh_veh,non_hh_veh,WALK,2.481180889726549,,,-9.0,0out_0in,escort
19983,399,school,1,1,1,2,mandatory,1,20837.0,218.0,137,9.0,24.0,15.0,pure_escort,,-9.0,371.0,,,,-9.0,non_hh_veh,non_hh_veh,non_hh_veh,SHARED3,29.682498491125568,non_hh_veh,,-9.0,1out_0in,school
20041,400,shopping,1,1,1,1,non_mandatory,1,6331.0,218.0,137,30.0,32.0,2.0,,,-9.0,988.0,,False,True,12.156390462703548,non_hh_veh,non_hh_veh,non_hh_veh,WALK,2.4523060141696504,,,-9.0,1out_0in,shopping
20083,401,school,1,1,1,1,mandatory,1,16292.0,218.0,137,10.0,27.0,17.0,,ride_share,-9.0,413.0,,,,-9.0,non_hh_veh,non_hh_veh,non_hh_veh,WALK,35.96077948930638,,,-9.0,1out_0in,school
20167,403,othmaint,1,1,3,3,joint,4,2465.0,218.0,138,25.0,26.0,1.0,,,-9.0,877.0,mixed,False,True,12.000109053931924,non_hh_veh,Van_12_Gas,Van_12_Gas,WALK,-3.749085593781586,,,-9.0,0out_0in,othmaint
20185,403,escort,2,1,1,3,non_mandatory,1,16377.0,218.0,138,8.0,9.0,1.0,pure_escort,,2.0,316.0,,False,True,-9.0,Van_12_Gas,Van_12_Gas,Van_12_Gas,SHARED3,-5.70017375358074,Van_12_Gas,,-9.0,1out_0in,escort
20186,403,escort,2,2,2,3,non_mandatory,1,16377.0,218.0,138,11.0,24.0,13.0,,pure_escort,2.0,448.0,,False,True,-9.0,Van_12_Gas,Van_12_Gas,Van_12_Gas,SHARED3,-5.651374574852584,Van_12_Gas,,-9.0,0out_1in,escort
20233,404,school,1,1,1,1,mandatory,1,16377.0,218.0,138,8.0,24.0,15.0,pure_escort,pure_escort,-9.0,331.0,,,,-9.0,Van_12_Gas,Van_12_Gas,Van_12_Gas,SHARED3,-0.8180371592728246,Van_12_Gas,,-9.0,1out_0in,school
20283,405,school,1,1,1,1,mandatory,1,16375.0,218.0,138,8.0,24.0,17.0,pure_escort,pure_escort,-9.0,331.0,,,,-9.0,Van_12_Gas,Van_12_Gas,Van_12_Gas,SHARED3,-0.8173978534141896,Van_12_Gas,,-9.0,0out_1in,school
20375,407,othdiscr,1,1,1,1,non_mandatory,1,16649.0,218.0,139,12.0,32.0,20.0,,,-9.0,493.0,,False,True,13.759376939528533,Pickup_20_Gas,Pickup_20_Gas,non_hh_veh,DRIVEALONE,-3.058568659247707,Pickup_20_Gas,,-9.0,0out_2in,othdiscr
20429,408,othmaint,2,1,3,4,non_mandatory,1,1794.0,218.0,140,10.0,19.0,9.0,,,-9.0,405.0,,False,True,11.925052551807468,Pickup_3_Gas,Pickup_3_Gas,Pickup_3_Gas,WALK,0.4049412670122097,,,-9.0,1out_0in,othmaint
20430,408,othmaint,2,2,4,4,non_mandatory,1,1676.0,218.0,140,29.0,30.0,1.0,,,-9.0,967.0,,False,True,12.00784327336792,Pickup_3_Gas,Pickup_3_Gas,Pickup_3_Gas,DRIVEALONE,0.6787639050991703,Pickup_3_Gas,,-9.0,1out_2in,othmaint
20435,408,escort,2,1,1,4,non_mandatory,1,7004.0,218.0,140,8.0,8.0,0.0,pure_escort,,1.0,315.0,,False,True,-9.0,Pickup_3_Gas,Pickup_3_Gas,Pickup_3_Gas,SHARED2,-0.0110418855450523,Pickup_3_Gas,,-9.0,0out_0in,escort
20436,408,escort,2,2,2,4,non_mandatory,1,7004.0,218.0,140,23.0,23.0,0.0,,pure_escort,1.0,825.0,,False,True,-9.0,Pickup_3_Gas,Pickup_3_Gas,Pickup_3_Gas,WALK,-0.0091497418277809,,,-9.0,0out_0in,escort
20483,409,school,1,1,1,1,mandatory,1,7004.0,218.0,140,8.0,23.0,15.0,pure_escort,pure_escort,-9.0,330.0,,,,-9.0,Pickup_3_Gas,Pickup_3_Gas,Pickup_3_Gas,WALK,3.910338379493088,,,-9.0,0out_0in,school
20533,410,school,1,1,1,1,mandatory,1,6170.0,218.0,140,1.0,31.0,30.0,,,-9.0,30.0,,,,-9.0,Pickup_3_Gas,Pickup_3_Gas,Pickup_3_Gas,WALK_MIX,-8.029635241377138,,,-9.0,1out_0in,school
20556,411,eatout,1,1,1,1,non_mandatory,1,5515.0,218.0,141,12.0,15.0,3.0,,,-9.0,476.0,,False,True,14.238747604982295,Car_11_Gas,Car_11_Gas,Car_11_Gas,DRIVEALONE,0.2732307475638478,Car_11_Gas,,-9.0,0out_0in,eatout
20667,413,othmaint,1,1,1,2,joint,2,2465.0,218.0,142,20.0,30.0,10.0,,,-9.0,751.0,adults,False,True,12.61924715231805,Car_1_Gas,Car_1_Gas,Car_1_Gas,SHARED2,-1.845290955944392,Car_1_Gas,,-9.0,0out_2in,othmaint
20675,413,othdiscr,1,1,2,2,non_mandatory,1,9906.0,218.0,142,30.0,33.0,3.0,,,-9.0,989.0,,False,True,13.286065326150585,Pickup_1_Gas,Pickup_1_Gas,Car_1_Gas,WALK,0.0221160624107962,,,-9.0,0out_0in,othdiscr
20725,414,othdiscr,1,1,1,1,non_mandatory,1,2465.0,218.0,142,32.0,37.0,5.0,,,-9.0,1028.0,,False,True,13.125299861363931,Pickup_1_Gas,Car_1_Gas,Car_1_Gas,WALK,0.2538212080288056,,,-9.0,0out_0in,othdiscr
20785,415,escort,1,1,2,2,non_mandatory,1,20600.0,218.0,143,10.0,12.0,2.0,pure_escort,,1.0,398.0,,False,True,-9.0,Van_16_Gas,Van_16_Gas,Van_16_Gas,SHARED3,-8.904995145221534,Van_16_Gas,,-9.0,0out_0in,escort
20798,415,work,1,1,1,2,mandatory,1,16274.0,218.0,143,12.0,29.0,17.0,,,-9.0,490.0,,,,-9.0,Van_16_Gas,Van_16_Gas,Van_16_Gas,DRIVEALONE,-1.3619590109675612,Van_16_Gas,no_subtours,-9.0,0out_0in,work
20883,417,school,1,1,1,1,mandatory,1,23872.0,218.0,143,12.0,27.0,15.0,,,-9.0,488.0,,,,-9.0,Van_16_Gas,Van_16_Gas,Van_16_Gas,SHARED3,0.5974476043232312,Van_16_Gas,,-9.0,0out_1in,school
20933,418,school,1,1,1,1,mandatory,1,20600.0,218.0,143,10.0,25.0,15.0,pure_escort,,-9.0,411.0,,,,-9.0,Van_16_Gas,Van_16_Gas,Van_16_Gas,SHARED3,-3.104034849774161,Van_16_Gas,,-9.0,0out_0in,school
21048,420,work,1,1,1,1,mandatory,1,5878.0,218.0,144,10.0,21.0,11.0,,,-9.0,407.0,,,,-9.0,Car_2_Gas,Car_2_Gas,Car_2_Gas,DRIVEALONE,-2.401209843327222,Car_2_Gas,no_subtours,-9.0,0out_0in,work
21056,421,eatout,1,1,1,1,non_mandatory,1,3835.0,218.0,144,38.0,40.0,2.0,,,-9.0,1112.0,,False,True,13.380527186168758,Car_2_Gas,Car_2_Gas,Car_2_Gas,WALK,0.2106784388634203,,,-9.0,0out_0in,eatout
21129,422,othmaint,1,1,1,1,non_mandatory,1,2465.0,218.0,145,14.0,22.0,8.0,,,-9.0,554.0,,False,True,12.622472235589486,Car_6_Gas,Pickup_8_Diesel,Pickup_9_Gas,DRIVEALONE,-0.114457750959662,Car_6_Gas,,-9.0,0out_1in,othmaint
21175,423,othdiscr,1,1,1,1,non_mandatory,1,6073.0,218.0,145,9.0,13.0,4.0,,,-9.0,360.0,,False,True,13.256951434062415,Car_6_Gas,Pickup_8_Diesel,Pickup_9_Gas,DRIVEALONE,0.44784600969499,Car_6_Gas,,-9.0,0out_0in,othdiscr
21233,424,school,1,1,1,3,mandatory,1,12534.0,218.0,145,29.0,31.0,2.0,,,-9.0,968.0,,,,-9.0,Pickup_9_Gas,Car_11_Gas,Pickup_8_Diesel,WALK,0.7831673781501837,,,-9.0,0out_0in,univ
21241,424,shopping,2,1,2,3,non_mandatory,1,1350.0,218.0,145,18.0,21.0,3.0,,,-9.0,683.0,,False,True,10.737084359070083,Car_6_Gas,Car_6_Gas,Car_11_Gas,BIKE,1.2370394959864273,,,-9.0,0out_0in,shopping
21242,424,shopping,2,2,3,3,non_mandatory,1,23860.0,218.0,145,13.0,14.0,1.0,,,-9.0,511.0,,False,True,10.31441961780519,Pickup_8_Diesel,Pickup_9_Gas,Pickup_8_Diesel,SHARED2,0.2080587334007873,Pickup_9_Gas,,-9.0,0out_0in,shopping
21269,425,shopping,1,1,1,1,joint,2,8968.0,218.0,146,20.0,24.0,4.0,,,-9.0,745.0,adults,False,True,9.931503491981193,Car_11_Gas,Car_11_Gas,Car_11_Gas,SHARED2,-2.4602764652741125,Car_11_Gas,,-9.0,0out_0in,shopping
21354,427,eat,1,1,1,1,atwork,1,17099.0,16858.0,147,19.0,20.0,1.0,,,-9.0,712.0,,,,7.192388396969382,,,,WALK,-0.1787979328967608,SUV_8_Gas,,21398.0,0out_0in,atwork
21359,427,escort,2,1,2,3,non_mandatory,1,12534.0,218.0,147,10.0,10.0,0.0,,,-9.0,396.0,,False,True,12.787460730653756,SUV_8_Gas,SUV_8_Gas,SUV_8_Gas,SHARED3,0.3051682254980527,SUV_8_Gas,,-9.0,0out_0in,escort
21360,427,escort,2,2,3,3,non_mandatory,1,5313.0,218.0,147,38.0,38.0,0.0,,,-9.0,1110.0,,False,True,12.81556523248446,SUV_8_Gas,SUV_8_Gas,SUV_8_Gas,DRIVEALONE,0.4274600058198912,SUV_8_Gas,,-9.0,0out_0in,escort
21367,428,othmaint,1,1,4,4,joint,3,16287.0,218.0,147,30.0,35.0,5.0,,,-9.0,991.0,mixed,False,True,10.485551653655673,Pickup_16_Gas,SUV_8_Gas,SUV_8_Gas,SHARED3,-5.833840209616191,SUV_8_Gas,,-9.0,3out_3in,othmaint
21398,427,work,1,1,1,3,mandatory,1,16858.0,218.0,147,11.0,31.0,20.0,,,-9.0,455.0,,,,-9.0,SUV_8_Gas,Pickup_16_Gas,SUV_8_Gas,SHARED3,-2.9842266297914115,SUV_8_Gas,eat,-9.0,0out_0in,work
21435,428,escort,3,1,1,4,non_mandatory,1,16375.0,218.0,147,9.0,10.0,1.0,pure_escort,,2.0,357.0,,False,True,-9.0,SUV_8_Gas,SUV_8_Gas,SUV_8_Gas,SHARED3,-2.540987064901272,SUV_8_Gas,,-9.0,1out_0in,escort
21436,428,escort,3,2,2,4,non_mandatory,1,16375.0,218.0,147,25.0,26.0,1.0,,pure_escort,1.0,877.0,,False,True,-9.0,SUV_8_Gas,Pickup_16_Gas,SUV_8_Gas,SHARED3,-2.3804109680347465,SUV_8_Gas,,-9.0,0out_0in,escort
21437,428,escort,3,3,3,4,non_mandatory,1,16315.0,218.0,147,26.0,27.0,1.0,,pure_escort,1.0,901.0,,False,True,-9.0,SUV_8_Gas,Pickup_16_Gas,SUV_8_Gas,SHARED3,-2.6800693759580847,SUV_8_Gas,,-9.0,0out_0in,escort
21483,429,school,1,1,1,1,mandatory,1,16315.0,218.0,147,9.0,27.0,18.0,pure_escort,pure_escort,-9.0,374.0,,,,-9.0,Pickup_16_Gas,SUV_8_Gas,SUV_8_Gas,SHARED3,1.1937177130471277,SUV_8_Gas,,-9.0,0out_0in,school
21533,430,school,1,1,1,1,mandatory,1,16375.0,218.0,147,9.0,26.0,16.0,pure_escort,pure_escort,-9.0,373.0,,,,-9.0,SUV_8_Gas,non_hh_veh,SUV_8_Gas,SHARED3,0.2176424939217143,SUV_8_Gas,,-9.0,1out_0in,school
21575,431,othdiscr,1,1,1,1,non_mandatory,1,5313.0,218.0,147,20.0,23.0,3.0,,,-9.0,744.0,,False,True,13.74927141353423,SUV_8_Gas,SUV_8_Gas,SUV_8_Gas,WALK,2.412225865105132,,,-9.0,0out_1in,othdiscr
21675,433,othdiscr,1,1,1,1,non_mandatory,1,3833.0,218.0,148,29.0,36.0,7.0,,,-9.0,973.0,,False,True,13.480039800087631,Van_5_PEV,Car_20_Gas,Van_5_PEV,WALK,0.8906802609895766,,,-9.0,0out_0in,othdiscr
21741,434,shopping,1,1,1,1,non_mandatory,1,19314.0,218.0,148,14.0,20.0,6.0,,,-9.0,552.0,,False,True,10.106335716886782,SUV_11_Hybrid,SUV_11_Hybrid,Van_5_PEV,TNC_SINGLE,-3.166079327616735,,,-9.0,0out_1in,shopping
21798,435,work,1,1,1,1,mandatory,1,12982.0,218.0,148,8.0,30.0,22.0,,,-9.0,337.0,,,,-9.0,Car_20_Gas,Van_5_PEV,Van_5_PEV,DRIVEALONE,-4.723996807511257,Car_20_Gas,no_subtours,-9.0,0out_0in,work
21804,436,eat,1,1,1,1,atwork,1,18973.0,18973.0,149,22.0,23.0,1.0,,,-9.0,799.0,,,,6.512622864838831,,,,DRIVEALONE,0.2942896060538,Car_11_Gas,,21848.0,1out_0in,atwork
21848,436,work,1,1,1,1,mandatory,1,18973.0,218.0,149,9.0,34.0,25.0,,,-9.0,381.0,,,,-9.0,Car_11_Gas,Car_11_Gas,Car_11_Gas,DRIVEALONE,-2.4891620619443127,Car_11_Gas,eat,-9.0,1out_0in,work
21875,437,othdiscr,1,1,6,6,non_mandatory,1,6073.0,218.0,149,23.0,24.0,1.0,,,-9.0,826.0,,False,True,13.407025426283242,Car_11_Gas,Car_11_Gas,Car_11_Gas,SHARED3,0.4449393299001167,Car_11_Gas,,-9.0,0out_0in,othdiscr
21879,437,othmaint,1,1,4,6,non_mandatory,1,15865.0,218.0,149,21.0,23.0,2.0,,,-9.0,772.0,,False,True,12.571114509958702,Car_11_Gas,Car_11_Gas,Car_11_Gas,DRIVEALONE,-5.355039467865901,Car_11_Gas,,-9.0,0out_0in,othmaint
21885,437,escort,3,1,1,6,non_mandatory,1,19486.0,218.0,149,9.0,10.0,1.0,pure_escort,,2.0,357.0,,False,True,-9.0,Car_11_Gas,Car_11_Gas,Car_11_Gas,SHARED3,-8.443878923774944,Car_11_Gas,,-9.0,1out_0in,escort
21886,437,escort,3,2,2,6,non_mandatory,1,23872.0,218.0,149,12.0,12.0,0.0,pure_escort,,1.0,473.0,,False,True,-9.0,Car_11_Gas,Car_11_Gas,Car_11_Gas,SHARED3,-0.2655883892291069,Car_11_Gas,,-9.0,0out_0in,escort
21887,437,escort,3,3,3,6,non_mandatory,1,23872.0,218.0,149,25.0,27.0,2.0,,pure_escort,2.0,878.0,,False,True,-9.0,Car_11_Gas,Car_11_Gas,Car_11_Gas,SHARED3,-0.3920690265526755,Car_11_Gas,,-9.0,0out_1in,escort
21895,437,social,1,1,5,6,non_mandatory,1,1548.0,218.0,149,28.0,34.0,6.0,,,-9.0,951.0,,False,True,14.56111328365354,Car_11_Gas,Car_11_Gas,Car_11_Gas,SHARED2,-0.4047845711607486,Car_11_Gas,,-9.0,0out_0in,social
21933,438,school,1,1,1,1,mandatory,1,23872.0,218.0,149,12.0,27.0,15.0,pure_escort,pure_escort,-9.0,488.0,,,,-9.0,Car_11_Gas,Car_11_Gas,Car_11_Gas,SHARED3,1.1329349328961502,Car_11_Gas,,-9.0,0out_0in,school
21983,439,school,1,1,1,1,mandatory,1,19486.0,218.0,149,9.0,27.0,17.0,pure_escort,pure_escort,-9.0,374.0,,,,-9.0,Car_11_Gas,Car_11_Gas,Car_11_Gas,SHARED3,-6.005705219296208,Car_11_Gas,,-9.0,1out_1in,school
22033,440,school,1,1,1,1,mandatory,1,14325.0,218.0,149,9.0,27.0,18.0,pure_escort,,-9.0,374.0,,,,-9.0,Car_11_Gas,Car_11_Gas,Car_11_Gas,SHARED3,-0.7542733057541673,Car_11_Gas,,-9.0,0out_1in,school
22083,441,school,1,1,1,1,mandatory,1,23872.0,218.0,149,7.0,31.0,24.0,,,-9.0,297.0,,,,-9.0,Car_11_Gas,Car_11_Gas,Car_11_Gas,WALK,2.689029238956908,,,-9.0,0out_1in,school
22248,444,work,1,1,1,1,mandatory,1,5878.0,218.0,151,8.0,33.0,25.0,,,-9.0,340.0,,,,-9.0,Pickup_4_Hybrid,Van_5_Gas,Van_5_Gas,DRIVEALONE,-1.5888209519256071,Pickup_4_Hybrid,no_subtours,-9.0,0out_0in,work
22291,445,shopping,1,1,2,2,non_mandatory,1,8323.0,218.0,151,30.0,32.0,2.0,,,-9.0,988.0,,False,True,10.681595982282952,Van_5_Gas,Pickup_4_Hybrid,Van_5_Gas,DRIVEALONE,-1.9665794123646057,Van_5_Gas,,-9.0,0out_0in,shopping
22298,445,work,1,1,1,2,mandatory,1,15668.0,218.0,151,8.0,29.0,21.0,,,-9.0,336.0,,,,-9.0,Van_5_Gas,Pickup_4_Hybrid,Van_5_Gas,DRIVEALONE,-3.278332977322313,Van_5_Gas,no_subtours,-9.0,1out_0in,work
22304,446,eat,1,1,1,1,atwork,1,23217.0,1380.0,152,19.0,20.0,1.0,,,-9.0,712.0,,,,-0.7788713907431222,,,,DRIVEALONE,-7.342598128432199,SUV_12_Gas,,22348.0,0out_0in,atwork
22348,446,work,1,1,1,1,mandatory,1,1380.0,218.0,152,13.0,32.0,19.0,,,-9.0,529.0,,,,-9.0,SUV_12_Gas,Van_6_Gas,Van_6_Gas,DRIVEALONE,-4.337978248817424,SUV_12_Gas,eat,-9.0,0out_1in,work
22385,447,escort,2,1,2,3,non_mandatory,1,4962.0,218.0,152,8.0,10.0,2.0,pure_escort,,1.0,317.0,,False,True,-9.0,Van_6_Gas,Van_6_Gas,Van_6_Gas,SHARED2,-0.4518235218667565,Van_6_Gas,,-9.0,0out_0in,escort
22386,447,escort,2,2,3,3,non_mandatory,1,4962.0,218.0,152,29.0,30.0,1.0,,pure_escort,1.0,967.0,,False,True,-9.0,SUV_12_Gas,Van_6_Gas,SUV_12_Gas,SHARED3,-0.4199350710880362,SUV_12_Gas,,-9.0,0out_0in,escort
22398,447,work,1,1,1,3,mandatory,1,23560.0,218.0,152,10.0,28.0,17.0,ride_share,ride_share,2.0,414.0,,,,-9.0,Van_6_Gas,Van_6_Gas,SUV_12_Gas,SHARED3,-0.8291173005306373,SUV_12_Gas,no_subtours,-9.0,2out_1in,work
22433,448,school,1,1,1,1,mandatory,1,4962.0,218.0,152,8.0,30.0,22.0,pure_escort,pure_escort,-9.0,337.0,,,,-9.0,Van_6_Gas,Van_6_Gas,Van_6_Gas,SHARED3,0.9108987901569428,Van_6_Gas,,-9.0,0out_0in,school
22483,449,school,1,1,1,1,mandatory,1,7574.0,218.0,152,10.0,28.0,18.0,ride_share,ride_share,-9.0,414.0,,,,-9.0,SUV_12_Gas,SUV_12_Gas,Van_6_Gas,SHARED3,3.083869254736525,Van_6_Gas,,-9.0,0out_0in,school
22533,450,school,1,1,1,1,mandatory,1,9906.0,218.0,152,10.0,26.0,16.0,ride_share,,-9.0,412.0,,,,-9.0,Van_6_Gas,SUV_12_Gas,Van_6_Gas,SHARED3,2.6170412893373243,Van_6_Gas,,-9.0,1out_0in,school
22641,452,shopping,1,1,1,1,non_mandatory,1,1794.0,218.0,153,22.0,24.0,2.0,,,-9.0,800.0,,False,True,10.117800319249229,Pickup_11_Gas,Pickup_11_Gas,Car_8_Gas,WALK,-0.9195576951967068,,,-9.0,0out_0in,shopping
22695,453,social,1,1,1,1,non_mandatory,1,24147.0,218.0,153,27.0,34.0,7.0,,,-9.0,930.0,,False,True,14.268396690071212,Car_8_Gas,Car_8_Gas,Car_8_Gas,DRIVEALONE,-4.991434384585914,Car_8_Gas,,-9.0,0out_0in,social
22713,454,eatout,1,1,1,1,joint,2,1350.0,218.0,154,27.0,30.0,3.0,,,-9.0,926.0,adults,False,True,14.198882802481249,SUV_2_Gas,Car_8_Hybrid,SUV_2_Gas,SHARED2,-0.6552336213614414,Car_8_Hybrid,,-9.0,0out_0in,eatout
22856,457,eatout,1,1,1,1,non_mandatory,1,1261.0,218.0,155,10.0,12.0,2.0,,,-9.0,398.0,,False,True,11.926010738656013,Car_18_Gas,Car_8_PEV,Car_18_Gas,DRIVEALONE,-0.0475923839423986,Car_18_Gas,,-9.0,0out_0in,eatout
22929,458,othmaint,1,1,1,1,non_mandatory,1,18015.0,218.0,156,11.0,35.0,24.0,,,-9.0,459.0,,False,True,11.2680696928387,Car_12_Gas,Car_12_Gas,Car_12_Gas,DRIVEALONE,-1.600898152935562,Car_12_Gas,,-9.0,1out_1in,othmaint
22991,459,shopping,1,1,1,1,non_mandatory,1,23860.0,218.0,156,23.0,26.0,3.0,,,-9.0,828.0,,False,True,9.184915603458096,Pickup_20_Gas,Car_12_Gas,Car_14_Gas,DRIVEALONE,-0.1753560366707689,Pickup_20_Gas,,-9.0,0out_0in,shopping
23004,460,eat,1,1,1,1,atwork,1,19640.0,19410.0,157,18.0,21.0,3.0,,,-9.0,683.0,,,,7.294248258401874,,,,WALK,0.5154486410653382,Car_10_Gas,,23048.0,0out_0in,atwork
23035,460,escort,2,1,2,3,non_mandatory,1,9910.0,218.0,157,2.0,6.0,4.0,pure_escort,,1.0,52.0,,False,True,-9.0,Car_10_Gas,Car_10_Gas,Van_14_Gas,SHARED2,-1.2658797904669947,Car_10_Gas,,-9.0,0out_0in,escort
23036,460,escort,2,2,3,3,non_mandatory,1,11592.0,218.0,157,32.0,32.0,0.0,,pure_escort,1.0,1023.0,,False,True,-9.0,Van_14_Gas,Van_14_Gas,Car_10_Gas,SHARED3,0.4734295648401065,Car_10_Gas,,-9.0,0out_0in,escort
23048,460,work,1,1,1,3,mandatory,1,19410.0,218.0,157,6.0,25.0,19.0,,,-9.0,249.0,,,,-9.0,Car_10_Gas,Van_14_Gas,Car_10_Gas,SHARED3,-3.557608313834244,Car_10_Gas,eat,-9.0,0out_0in,work
23133,462,school,1,1,1,1,mandatory,1,7004.0,218.0,157,9.0,24.0,15.0,,,-9.0,371.0,,,,-9.0,Car_10_Gas,Van_14_Gas,Car_10_Gas,BIKE,2.222042881594044,,,-9.0,0out_1in,school
23183,463,school,1,1,1,1,mandatory,1,18835.0,218.0,157,8.0,31.0,23.0,,,-9.0,338.0,,,,-9.0,Car_10_Gas,Van_14_Gas,Van_14_Gas,BIKE,-5.290383529364253,,,-9.0,1out_0in,school
23233,464,school,1,1,1,1,mandatory,1,9910.0,218.0,157,2.0,31.0,29.0,pure_escort,,-9.0,77.0,,,,-9.0,Car_10_Gas,Car_10_Gas,Car_10_Gas,SHARED2,-3.888501888273345,Car_10_Gas,,-9.0,0out_0in,school
23283,465,school,2,1,1,2,mandatory,1,11592.0,218.0,157,9.0,32.0,23.0,,pure_escort,-9.0,379.0,,,,-9.0,Car_10_Gas,Van_14_Gas,Car_10_Gas,SHARED3,3.8777944798473225,Car_10_Gas,,-9.0,1out_0in,school
23284,465,school,2,2,2,2,mandatory,1,11592.0,218.0,157,9.0,9.0,0.0,,,-9.0,356.0,,,,-9.0,Car_10_Gas,Car_10_Gas,Van_14_Gas,WALK,3.877733399630383,,,-9.0,1out_0in,school
23304,466,eat,1,1,1,1,atwork,1,3447.0,6449.0,158,16.0,20.0,4.0,,,-9.0,619.0,,,,5.120621487320003,,,,WALK,-3.9147252048179904,Van_10_Gas,,23348.0,0out_0in,atwork
23348,466,work,1,1,1,1,mandatory,1,6449.0,218.0,158,10.0,39.0,29.0,ride_share,,1.0,425.0,,,,-9.0,Car_6_Gas,Van_10_Gas,Van_10_Gas,SHARED3,-6.786620930918993,Van_10_Gas,eat,-9.0,1out_3in,work
23383,467,school,1,1,1,2,mandatory,1,19370.0,218.0,158,12.0,35.0,23.0,,,-9.0,496.0,,,,-9.0,Van_10_Gas,Van_10_Gas,Car_6_Gas,SHARED3,-1.6104914025019428,Car_6_Gas,,-9.0,0out_0in,univ
23385,467,escort,1,1,2,2,non_mandatory,1,23872.0,218.0,158,10.0,10.0,0.0,pure_escort,,1.0,396.0,,False,True,-9.0,Van_10_Gas,Car_6_Gas,Car_6_Gas,SHARED3,0.7303079301385024,Car_6_Gas,,-9.0,0out_0in,escort
23429,468,othmaint,1,1,2,2,non_mandatory,1,13127.0,218.0,158,24.0,25.0,1.0,,,-9.0,852.0,,False,True,10.40083200745498,Van_10_Gas,Van_10_Gas,Van_10_Gas,WALK,0.2763714933188239,,,-9.0,0out_3in,othmaint
23433,468,school,1,1,1,2,mandatory,1,7004.0,218.0,158,8.0,23.0,15.0,,,-9.0,330.0,,,,-9.0,Car_6_Gas,Van_10_Gas,Van_10_Gas,WALK,2.98966844073138,,,-9.0,2out_0in,school
23483,469,school,1,1,1,1,mandatory,1,7004.0,218.0,158,10.0,26.0,16.0,,,-9.0,412.0,,,,-9.0,Car_6_Gas,Car_6_Gas,Van_10_Gas,BIKE,2.0711239728120656,,,-9.0,1out_0in,school
23533,470,school,1,1,1,1,mandatory,1,23872.0,218.0,158,10.0,25.0,15.0,pure_escort,,-9.0,411.0,,,,-9.0,Van_10_Gas,Car_6_Gas,Van_10_Gas,SHARED3,3.0407354762619696,Van_10_Gas,,-9.0,0out_1in,school
23583,471,school,1,1,1,1,mandatory,1,13131.0,218.0,158,10.0,29.0,19.0,ride_share,,-9.0,415.0,,,,-9.0,Car_6_Gas,Car_6_Gas,Car_6_Gas,SHARED3,0.7156243400430709,Car_6_Gas,,-9.0,0out_0in,school
23648,472,work,1,1,1,1,mandatory,1,19730.0,218.0,159,8.0,27.0,19.0,,ride_share,1.0,334.0,,,,-9.0,SUV_14_Gas,Van_5_Gas,Van_5_Gas,SHARED3,-3.1330019574242,Van_5_Gas,no_subtours,-9.0,0out_1in,work
23679,473,othmaint,2,1,3,4,non_mandatory,1,1399.0,218.0,159,28.0,29.0,1.0,,,-9.0,946.0,,False,True,10.794726082282118,Van_5_Gas,SUV_14_Gas,Van_5_Gas,WALK,1.035374749544796,,,-9.0,0out_0in,othmaint
23680,473,othmaint,2,2,4,4,non_mandatory,1,1676.0,218.0,159,21.0,21.0,0.0,,,-9.0,770.0,,False,True,10.429871967679878,SUV_14_Gas,Van_5_Gas,SUV_14_Gas,WALK,1.2699148706930536,,,-9.0,0out_3in,othmaint
23683,473,school,1,1,1,4,mandatory,1,19370.0,218.0,159,21.0,26.0,4.0,,ride_share,1.0,775.0,,,,-9.0,SUV_14_Gas,Van_5_Gas,Van_5_Gas,SHARED3,-2.867971679026508,Van_5_Gas,,-9.0,2out_1in,univ
23685,473,escort,1,1,2,4,non_mandatory,1,23265.0,218.0,159,9.0,10.0,1.0,pure_escort,,1.0,357.0,,False,True,-9.0,Van_5_Gas,SUV_14_Gas,Van_5_Gas,SHARED3,-0.8516326083731064,Van_5_Gas,,-9.0,0out_1in,escort
23783,475,school,1,1,1,1,mandatory,1,19446.0,218.0,159,11.0,27.0,16.0,,,-9.0,451.0,,,,-9.0,SUV_14_Gas,Van_5_Gas,SUV_14_Gas,DRIVEALONE,-6.013095186465591,SUV_14_Gas,,-9.0,0out_1in,school
23833,476,school,1,1,1,1,mandatory,1,23265.0,218.0,159,9.0,26.0,17.0,pure_escort,ride_share,-9.0,373.0,,,,-9.0,SUV_14_Gas,Van_5_Gas,Van_5_Gas,SHARED3,-0.3306309514569532,Van_5_Gas,,-9.0,0out_0in,school
23883,477,school,1,1,1,1,mandatory,1,3402.0,218.0,159,22.0,27.0,5.0,,ride_share,-9.0,803.0,,,,-9.0,SUV_14_Gas,Van_5_Gas,Van_5_Gas,SHARED3,3.1671440930050294,Van_5_Gas,,-9.0,1out_0in,school
23925,478,othdiscr,2,1,4,5,non_mandatory,1,7004.0,218.0,160,15.0,16.0,1.0,,,-9.0,582.0,,False,True,13.02342777189962,non_hh_veh,non_hh_veh,non_hh_veh,DRIVEALONE,0.5790394392256354,non_hh_veh,,-9.0,1out_1in,othdiscr
23926,478,othdiscr,2,2,5,5,non_mandatory,1,16256.0,218.0,160,29.0,33.0,4.0,,,-9.0,970.0,,False,True,13.032533555265816,non_hh_veh,non_hh_veh,non_hh_veh,DRIVEALONE,-1.7358066725752743,non_hh_veh,,-9.0,0out_1in,othdiscr
23935,478,escort,2,1,2,5,non_mandatory,1,11793.0,218.0,160,8.0,10.0,2.0,pure_escort,,1.0,317.0,,False,True,-9.0,non_hh_veh,non_hh_veh,non_hh_veh,WALK,1.149004733638345,,,-9.0,0out_0in,escort
23936,478,escort,2,2,3,5,non_mandatory,1,11793.0,218.0,160,26.0,28.0,2.0,,pure_escort,1.0,902.0,,False,True,-9.0,non_hh_veh,non_hh_veh,non_hh_veh,TAXI,1.192572182295281,,,-9.0,3out_0in,escort
23948,478,work,1,1,1,5,mandatory,1,8220.0,218.0,160,18.0,26.0,8.0,,,-9.0,688.0,,,,-9.0,non_hh_veh,non_hh_veh,non_hh_veh,SHARED2,0.194989266002395,non_hh_veh,no_subtours,-9.0,0out_0in,work
23959,479,escort,1,1,2,2,non_mandatory,1,2465.0,218.0,160,28.0,34.0,6.0,,,-9.0,951.0,,False,True,14.74350321908924,non_hh_veh,non_hh_veh,non_hh_veh,WALK,2.14125425069988,,,-9.0,0out_1in,escort
23983,479,school,1,1,1,2,mandatory,1,7004.0,218.0,160,19.0,20.0,1.0,,,-9.0,712.0,,,,-9.0,non_hh_veh,non_hh_veh,non_hh_veh,SHARED3,33.97275169588729,non_hh_veh,,-9.0,1out_0in,school
24033,480,school,1,1,1,1,mandatory,1,11793.0,218.0,160,8.0,28.0,20.0,pure_escort,pure_escort,-9.0,335.0,,,,-9.0,non_hh_veh,non_hh_veh,non_hh_veh,TAXI,34.72174792584757,,,-9.0,0out_0in,school
24219,485,shopping,1,1,1,1,joint,3,23257.0,245.0,162,19.0,29.0,10.0,,,-9.0,721.0,adults,False,True,11.83766037607002,Car_11_Gas,Car_12_Gas,Car_12_Gas,SHARED3,-51.10631096679972,Car_12_Gas,,-9.0,0out_0in,shopping
24406,488,eatout,1,1,2,2,non_mandatory,1,14987.0,245.0,162,34.0,36.0,2.0,,,-9.0,1058.0,,False,True,15.407423238908072,Car_12_Gas,Car_12_Gas,Car_11_Gas,DRIVEALONE,-1.9246359570805915,Car_12_Gas,,-9.0,0out_0in,eatout
24429,488,othmaint,1,1,1,2,non_mandatory,1,1423.0,245.0,162,12.0,15.0,3.0,,,-9.0,476.0,,False,True,13.142469079469066,Car_11_Gas,Car_11_Gas,Car_12_Gas,WALK,0.6642590835027601,,,-9.0,2out_2in,othmaint
24479,489,othmaint,1,1,1,1,non_mandatory,1,15712.0,245.0,163,9.0,22.0,13.0,,,-9.0,369.0,,False,True,12.662906434240874,Pickup_8_Gas,Pickup_8_Gas,Pickup_8_Gas,SHARED2,-6.475270915403091,Pickup_8_Gas,,-9.0,0out_0in,othmaint
24509,490,escort,1,1,1,1,non_mandatory,1,1896.0,245.0,163,14.0,27.0,13.0,,,-9.0,559.0,,False,True,13.048011469019064,Car_19_Gas,Pickup_8_Gas,Car_19_Gas,DRIVEALONE,0.0118425193815607,Car_19_Gas,,-9.0,0out_0in,escort
24575,491,othdiscr,2,1,1,2,non_mandatory,1,5282.0,245.0,164,17.0,22.0,5.0,,,-9.0,653.0,,False,True,14.68650186697571,Pickup_3_Gas,Pickup_3_Gas,Car_13_Gas,BIKE,1.732084936927002,,,-9.0,0out_0in,othdiscr
24576,491,othdiscr,2,2,2,2,non_mandatory,1,1423.0,245.0,164,6.0,10.0,4.0,,,-9.0,234.0,,False,True,15.02980658716462,Pickup_3_Gas,Car_13_Gas,Pickup_3_Gas,DRIVEALONE,1.695043555796422,Pickup_3_Gas,,-9.0,0out_1in,othdiscr
24625,492,othdiscr,1,1,3,3,non_mandatory,1,1896.0,245.0,164,10.0,11.0,1.0,,,-9.0,397.0,,False,True,14.958615886897045,Car_13_Gas,Car_13_Gas,Pickup_3_Gas,DRIVEALONE,0.8904841583199582,Car_13_Gas,,-9.0,0out_0in,othdiscr
24629,492,othmaint,2,1,1,3,non_mandatory,1,16130.0,245.0,164,23.0,27.0,4.0,,,-9.0,829.0,,False,True,10.894193312820606,Car_13_Gas,Pickup_3_Gas,Car_13_Gas,DRIVEALONE,-0.4577309664278817,Car_13_Gas,,-9.0,1out_1in,othmaint
24630,492,othmaint,2,2,2,3,non_mandatory,1,23075.0,245.0,164,11.0,19.0,8.0,,,-9.0,443.0,,False,True,10.725947439328914,Car_13_Gas,Pickup_3_Gas,Pickup_20_Gas,DRIVEALONE,-2.5962760548311308,Car_13_Gas,,-9.0,0out_0in,othmaint
24691,493,shopping,1,1,1,1,non_mandatory,1,2465.0,245.0,165,15.0,16.0,1.0,,,-9.0,582.0,,False,True,10.550519874243893,Pickup_2_Gas,Pickup_2_Gas,Pickup_2_Gas,WALK,-1.5546469269005905,,,-9.0,0out_0in,shopping
24723,494,maint,1,1,1,1,atwork,1,14294.0,14295.0,165,23.0,24.0,1.0,,,-9.0,826.0,,,,5.167490738755099,,,,DRIVEALONE,-0.9479804539169008,Car_9_Gas,,24748.0,1out_1in,atwork
24748,494,work,1,1,1,1,mandatory,1,14295.0,245.0,165,8.0,30.0,22.0,,,-9.0,337.0,,,,-9.0,Car_9_Gas,Pickup_2_Gas,Car_9_Gas,DRIVEALONE,-3.37695274284853,Car_9_Gas,maint,-9.0,0out_0in,work
24775,495,othdiscr,2,1,2,3,non_mandatory,1,13003.0,245.0,165,6.0,13.0,7.0,,,-9.0,237.0,,False,True,13.96945292839632,Pickup_2_Gas,Pickup_2_Gas,Pickup_2_Gas,DRIVEALONE,0.2152578835370804,Pickup_2_Gas,,-9.0,0out_1in,othdiscr
24776,495,othdiscr,2,2,3,3,non_mandatory,1,9900.0,245.0,165,13.0,13.0,0.0,,,-9.0,510.0,,False,True,14.37405323063774,Car_9_Gas,Car_9_Gas,Car_9_Gas,WALK,0.0129057059862872,,,-9.0,0out_0in,othdiscr
24779,495,othmaint,1,1,1,3,non_mandatory,1,7616.0,245.0,165,26.0,27.0,1.0,,,-9.0,901.0,,False,True,12.921938694724032,Pickup_2_Gas,Pickup_2_Gas,Car_9_Gas,WALK,-0.2734940649789297,,,-9.0,0out_0in,othmaint
24829,496,othmaint,1,1,2,2,non_mandatory,1,24011.0,245.0,166,32.0,36.0,4.0,,,-9.0,1027.0,,False,True,12.97019806212776,Car_10_Hybrid,Car_10_Hybrid,Car_10_Hybrid,SHARED3,-3.9564075703879946,Car_10_Hybrid,,-9.0,0out_0in,othmaint
24848,496,work,1,1,1,2,mandatory,1,17790.0,245.0,166,7.0,31.0,24.0,,,-9.0,297.0,,,,-9.0,Car_10_Hybrid,Car_10_Hybrid,non_hh_veh,DRIVEALONE,-3.305703021463254,Car_10_Hybrid,no_subtours,-9.0,0out_0in,work
24879,497,othmaint,1,1,1,1,non_mandatory,1,7616.0,245.0,167,13.0,24.0,11.0,,,-9.0,521.0,,False,True,10.65705415534887,SUV_10_Gas,SUV_10_Gas,SUV_10_Gas,DRIVEALONE,-1.698296222567397,SUV_10_Gas,,-9.0,0out_1in,othmaint
24909,498,escort,1,1,1,1,non_mandatory,1,1450.0,245.0,167,25.0,26.0,1.0,,,-9.0,877.0,,False,True,13.019390333196696,SUV_10_Gas,SUV_10_Gas,SUV_10_Gas,DRIVEALONE,-0.0704588766489702,SUV_10_Gas,,-9.0,1out_2in,escort
24975,499,othdiscr,1,1,2,2,non_mandatory,1,245.0,245.0,168,18.0,22.0,4.0,,,-9.0,684.0,,False,True,14.177403701955784,Car_3_Gas,Car_3_Gas,Car_3_Gas,SHARED3,0.8850854765858058,Car_3_Gas,,-9.0,3out_3in,othdiscr
24991,499,shopping,1,1,1,2,non_mandatory,1,18443.0,245.0,168,14.0,16.0,2.0,,,-9.0,548.0,,False,True,10.080064445495069,Car_3_Gas,Car_3_Gas,Car_3_Gas,DRIVEALONE,-3.9951682941887503,Car_3_Gas,,-9.0,0out_3in,shopping
25045,500,social,1,1,1,1,non_mandatory,1,18363.0,245.0,169,19.0,24.0,5.0,,,-9.0,716.0,,False,True,14.562200895229878,Car_9_Gas,Car_9_Gas,Car_9_Gas,DRIVEALONE,-2.8121673158478546,Car_9_Gas,,-9.0,0out_0in,social
25056,501,eatout,1,1,3,5,non_mandatory,1,14401.0,245.0,170,30.0,32.0,2.0,,,-9.0,988.0,,False,True,14.51806584939882,Car_1_Gas,Car_1_Gas,Car_1_Gas,WALK_LOC,-0.8286803111520603,,,-9.0,3out_3in,eatout
25075,501,othdiscr,2,1,4,5,non_mandatory,1,15486.0,245.0,170,33.0,36.0,3.0,,,-9.0,1043.0,,False,True,14.209557260696664,Pickup_4_Gas,Car_1_Gas,Car_1_Gas,WALK_LOC,-1.9077696481620603,,,-9.0,0out_1in,othdiscr
25076,501,othdiscr,2,2,5,5,non_mandatory,1,3085.0,245.0,170,38.0,38.0,0.0,,,-9.0,1110.0,,False,True,14.80814060652067,Pickup_4_Gas,Car_1_Gas,Car_1_Gas,DRIVEALONE,1.350409316189065,Pickup_4_Gas,,-9.0,0out_2in,othdiscr
25091,501,shopping,2,1,1,5,non_mandatory,1,7616.0,245.0,170,16.0,19.0,3.0,,,-9.0,618.0,,False,True,11.134875393765329,Pickup_4_Gas,Car_1_Gas,Car_1_Gas,WALK,-0.3764375479090061,,,-9.0,0out_0in,shopping
25092,501,shopping,2,2,2,5,non_mandatory,1,7616.0,245.0,170,22.0,24.0,2.0,,,-9.0,800.0,,False,True,11.098543513245302,Pickup_4_Gas,Pickup_4_Gas,Pickup_4_Gas,SHARED2,-0.3873689049215749,Pickup_4_Gas,,-9.0,1out_0in,shopping
25175,503,othdiscr,1,1,2,2,non_mandatory,1,23949.0,245.0,170,15.0,22.0,7.0,,,-9.0,588.0,,False,True,14.489267955244737,Pickup_4_Gas,Car_1_Gas,Car_1_Gas,EBIKE,-2.394138353187949,,,-9.0,1out_0in,othdiscr
25191,503,shopping,1,1,1,2,non_mandatory,1,18803.0,245.0,170,25.0,26.0,1.0,,,-9.0,877.0,,False,True,11.592886770565547,Pickup_4_Gas,Car_1_Gas,Pickup_4_Gas,SHARED2,-2.2915081539259674,Car_1_Gas,,-9.0,0out_0in,shopping
25206,504,eatout,1,1,1,1,non_mandatory,1,15742.0,245.0,171,29.0,30.0,1.0,,,-9.0,967.0,,False,True,14.205239702885333,SUV_10_Gas,SUV_10_Gas,SUV_10_Gas,SHARED2,-0.6893476456496352,SUV_10_Gas,,-9.0,0out_0in,eatout
25341,506,shopping,1,1,1,1,non_mandatory,1,5111.0,245.0,172,27.0,28.0,1.0,,,-9.0,924.0,,False,True,10.572528894891292,SUV_14_Gas,SUV_14_Gas,SUV_14_Gas,DRIVEALONE,-2.694452852203856,SUV_14_Gas,,-9.0,0out_0in,shopping
25379,507,othmaint,1,1,1,1,non_mandatory,1,19444.0,245.0,173,12.0,16.0,4.0,,,-9.0,477.0,,False,True,12.609363495712689,Pickup_20_Gas,Pickup_20_Gas,Pickup_20_Gas,DRIVEALONE,-3.463650573800128,Pickup_20_Gas,,-9.0,0out_0in,othmaint
25404,508,eat,1,1,1,1,atwork,1,16856.0,5878.0,174,16.0,18.0,2.0,,,-9.0,617.0,,,,1.1504383570287031,,,,DRIVEALONE,-2.223024752357198,SUV_13_Gas,,25448.0,1out_1in,atwork
25406,508,eatout,1,1,2,2,non_mandatory,1,7616.0,245.0,174,29.0,33.0,4.0,,,-9.0,970.0,,False,True,14.105931880260028,SUV_13_Gas,SUV_13_Gas,SUV_13_Gas,WALK_LOC,-0.1917823715339692,,,-9.0,1out_0in,eatout
25448,508,work,1,1,1,2,mandatory,1,5878.0,245.0,174,7.0,28.0,21.0,,,-9.0,294.0,,,,-9.0,SUV_13_Gas,SUV_13_Gas,SUV_13_Gas,DRIVEALONE,-3.2298899772068057,SUV_13_Gas,eat,-9.0,0out_0in,work
25495,509,social,1,1,1,1,non_mandatory,1,1217.0,245.0,174,33.0,36.0,3.0,,,-9.0,1043.0,,False,True,13.82821539595983,SUV_13_Gas,SUV_13_Gas,SUV_13_Gas,SHARED2,0.2072628018523442,SUV_13_Gas,,-9.0,0out_0in,social
25556,511,eatout,2,1,3,4,non_mandatory,1,19200.0,251.0,175,27.0,40.0,13.0,,,-9.0,936.0,,False,True,13.12976966432896,Pickup_7_Gas,Van_20_Gas,Pickup_7_Gas,DRIVEALONE,-1.6271715827511466,Pickup_7_Gas,,-9.0,0out_0in,eatout
25557,511,eatout,2,2,4,4,non_mandatory,1,1450.0,251.0,175,27.0,27.0,0.0,,,-9.0,923.0,,False,True,13.405534053201526,Van_20_Gas,Van_20_Gas,Van_20_Gas,WALK,0.6918772890396346,,,-9.0,0out_0in,eatout
25579,511,othmaint,1,1,2,4,non_mandatory,1,6527.0,251.0,175,15.0,18.0,3.0,,,-9.0,584.0,,False,True,11.28946977020902,Pickup_7_Gas,Pickup_7_Gas,Van_20_Gas,WALK,0.5746147488371625,,,-9.0,0out_0in,othmaint
25598,511,work,1,1,1,4,mandatory,1,18296.0,251.0,175,7.0,9.0,2.0,,,-9.0,275.0,,,,-9.0,Pickup_7_Gas,Pickup_7_Gas,Pickup_7_Gas,DRIVEALONE,-4.287192557214866,Pickup_7_Gas,no_subtours,-9.0,0out_0in,work
25625,512,othdiscr,2,1,1,2,non_mandatory,1,13122.0,251.0,175,16.0,20.0,4.0,,,-9.0,619.0,,False,True,13.21685156763158,Pickup_7_Gas,Pickup_7_Gas,Van_20_Gas,DRIVEALONE,-0.8521340686081988,Pickup_7_Gas,,-9.0,0out_1in,othdiscr
25626,512,othdiscr,2,2,2,2,non_mandatory,1,2792.0,251.0,175,29.0,33.0,4.0,,,-9.0,970.0,,False,True,13.39810374515614,Pickup_7_Gas,Van_20_Gas,Van_20_Gas,WALK,0.3073223294982568,,,-9.0,0out_2in,othdiscr
25717,514,othmaint,1,1,1,1,joint,2,2465.0,251.0,176,20.0,20.0,0.0,,,-9.0,741.0,adults,False,True,13.34820958145394,Car_12_Gas,Pickup_12_Gas,Car_1_Gas,WALK,-1.478071663894598,,,-9.0,1out_0in,othmaint
25775,515,othdiscr,2,1,2,3,non_mandatory,1,3366.0,251.0,176,20.0,24.0,4.0,,,-9.0,745.0,,False,True,13.159303541981537,Car_1_Gas,Car_10_Gas,Car_1_Gas,WALK,0.8973554909125533,,,-9.0,0out_0in,othdiscr
25776,515,othdiscr,2,2,3,3,non_mandatory,1,2792.0,251.0,176,31.0,37.0,6.0,,,-9.0,1011.0,,False,True,13.7762350232379,Car_12_Gas,Car_1_Gas,Car_12_Gas,WALK,1.3497864332648313,,,-9.0,0out_1in,othdiscr
25779,515,othmaint,1,1,1,3,non_mandatory,1,18866.0,251.0,176,13.0,17.0,4.0,,,-9.0,514.0,,False,True,11.02056042093644,Pickup_12_Gas,Car_10_Gas,Car_10_Gas,DRIVEALONE,-3.824906551239886,Pickup_12_Gas,,-9.0,0out_0in,othmaint
25804,516,eat,1,1,1,1,atwork,1,6381.0,11155.0,177,22.0,24.0,2.0,,,-9.0,800.0,,,,5.394431386015054,,,,DRIVEALONE,-1.4904158038934172,Pickup_9_Gas,,25848.0,0out_0in,atwork
25848,516,work,1,1,1,1,mandatory,1,11155.0,251.0,177,7.0,31.0,24.0,,,-9.0,297.0,,,,-9.0,Pickup_9_Gas,SUV_6_Gas,Car_19_Gas,DRIVEALONE,-4.640297878304295,Pickup_9_Gas,eat,-9.0,0out_2in,work
25854,517,eat,1,1,1,1,atwork,1,19727.0,18969.0,177,18.0,20.0,2.0,,,-9.0,682.0,,,,4.117529922743534,,,,DRIVEALONE,-1.5518907646664266,Pickup_9_Gas,,25898.0,0out_1in,atwork
25898,517,work,1,1,1,1,mandatory,1,18969.0,251.0,177,10.0,28.0,18.0,,,-9.0,414.0,,,,-9.0,Pickup_9_Gas,Car_19_Gas,SUV_6_Gas,DRIVEALONE,-1.8382891703587023,Pickup_9_Gas,eat,-9.0,0out_0in,work
25906,518,eatout,1,1,1,1,non_mandatory,1,5846.0,251.0,177,35.0,38.0,3.0,,,-9.0,1074.0,,False,True,13.709659510144004,Car_19_Gas,Car_19_Gas,SUV_6_Gas,WALK,0.8786537174527611,,,-9.0,0out_0in,eatout
25975,519,othdiscr,1,1,1,1,non_mandatory,1,2792.0,251.0,178,23.0,32.0,9.0,,,-9.0,834.0,,False,True,13.182135426925315,Car_7_Gas,Car_7_Gas,Van_16_Gas,DRIVEALONE,1.7026814533039063,Car_7_Gas,,-9.0,0out_0in,othdiscr
26029,520,othmaint,1,1,1,1,non_mandatory,1,5878.0,251.0,178,8.0,27.0,19.0,,,-9.0,334.0,,False,True,12.007755894192414,Car_7_Gas,Car_7_Gas,Car_7_Gas,DRIVEALONE,-0.933695548928766,Car_7_Gas,,-9.0,1out_1in,othmaint
26129,522,othmaint,1,1,1,1,non_mandatory,1,16099.0,251.0,179,16.0,19.0,3.0,,,-9.0,618.0,,False,True,12.7164200616641,SUV_12_Gas,SUV_12_Gas,SUV_12_Gas,DRIVEALONE,-0.924303804511859,SUV_12_Gas,,-9.0,3out_3in,othmaint
26159,523,escort,1,1,1,1,non_mandatory,1,3415.0,251.0,179,26.0,26.0,0.0,,,-9.0,900.0,,False,True,13.198405098768047,SUV_12_Gas,SUV_12_Gas,SUV_12_Gas,SHARED2,-0.1888515031123921,SUV_12_Gas,,-9.0,0out_0in,escort
26233,524,school,1,1,1,1,mandatory,1,19370.0,251.0,180,8.0,27.0,19.0,,,-9.0,334.0,,,,-9.0,non_hh_veh,non_hh_veh,non_hh_veh,SHARED2,0.7069896364035511,non_hh_veh,,-9.0,0out_0in,univ
26279,525,othmaint,2,1,1,2,non_mandatory,1,9180.0,251.0,181,21.0,27.0,6.0,,,-9.0,776.0,,False,True,12.345740926763575,SUV_1_Gas,SUV_1_Gas,SUV_1_Gas,DRIVEALONE,-24.44286602728252,SUV_1_Gas,,-9.0,0out_1in,othmaint
26280,525,othmaint,2,2,2,2,non_mandatory,1,2634.0,251.0,181,17.0,18.0,1.0,,,-9.0,649.0,,False,True,12.350792275979671,SUV_1_Gas,SUV_1_Gas,SUV_1_Gas,BIKE,-2.63263441708114,,,-9.0,0out_0in,othmaint
26419,528,shopping,1,1,3,3,joint,5,19148.0,293.0,184,15.0,20.0,5.0,,,-9.0,586.0,mixed,False,True,10.433241572724237,Car_4_Gas,Car_4_Gas,Pickup_6_Gas,SHARED3,-5.527424444688351,Pickup_6_Gas,,-9.0,3out_3in,shopping
26435,528,escort,2,1,1,3,non_mandatory,1,8111.0,293.0,184,11.0,13.0,2.0,pure_escort,,1.0,437.0,,False,True,-9.0,Car_1_BEV,Car_7_Gas,Car_7_Gas,SHARED3,-0.6737197332906393,Car_7_Gas,,-9.0,0out_0in,escort
26436,528,escort,2,2,2,3,non_mandatory,1,8111.0,293.0,184,25.0,31.0,6.0,,pure_escort,1.0,882.0,,False,True,-9.0,Car_7_Gas,Car_4_Gas,Pickup_6_Gas,SHARED3,-0.6805615652752535,Pickup_6_Gas,,-9.0,2out_0in,escort
26509,530,escort,1,1,1,1,non_mandatory,1,16047.0,293.0,184,25.0,26.0,1.0,,,-9.0,877.0,,False,True,13.372093073200128,Car_4_Gas,Pickup_6_Gas,Car_4_Gas,SHARED3,-1.6226387824907822,Car_4_Gas,,-9.0,0out_1in,escort
26633,532,school,1,1,1,1,mandatory,1,8111.0,293.0,184,11.0,31.0,20.0,pure_escort,pure_escort,-9.0,455.0,,,,-9.0,Car_1_BEV,Car_1_BEV,Pickup_6_Gas,SHARED3,1.7636209629439512,Pickup_6_Gas,,-9.0,0out_0in,school
26729,534,othmaint,1,1,1,1,non_mandatory,1,1794.0,293.0,184,25.0,25.0,0.0,,,-9.0,876.0,,False,True,12.3931904390217,Pickup_6_Gas,Car_7_Gas,Car_1_BEV,BIKE,2.4239141859712663,,,-9.0,0out_0in,othmaint
26779,535,othmaint,1,1,1,1,non_mandatory,1,23321.0,293.0,185,19.0,25.0,6.0,,,-9.0,717.0,,False,True,12.081636033711504,Pickup_2_Diesel,Pickup_2_Diesel,Pickup_2_Diesel,DRIVEALONE,-2.5611601770201884,Pickup_2_Diesel,,-9.0,2out_0in,othmaint
26856,537,eatout,1,1,1,1,non_mandatory,1,5921.0,293.0,186,22.0,22.0,0.0,,,-9.0,798.0,,False,True,14.585960140164518,SUV_20_Gas,non_hh_veh,SUV_20_Gas,WALK,0.9798421879381548,,,-9.0,1out_0in,eatout
26945,538,social,1,1,1,1,non_mandatory,1,5611.0,293.0,187,24.0,39.0,15.0,,,-9.0,866.0,,False,True,15.060607561331125,Pickup_20_Gas,Pickup_20_Gas,non_hh_veh,SHARED3,-7.089266108527855,non_hh_veh,,-9.0,0out_0in,social
26979,539,othmaint,1,1,1,1,non_mandatory,1,19274.0,293.0,188,15.0,17.0,2.0,,,-9.0,583.0,,False,True,14.038879220252504,Pickup_20_Gas,SUV_4_Gas,SUV_4_Gas,DRIVEALONE,-7.387093929612185,Pickup_20_Gas,,-9.0,0out_0in,othmaint
27004,540,eat,1,1,1,1,atwork,1,8133.0,24331.0,188,18.0,23.0,5.0,,,-9.0,685.0,,,,1.3692030339729155,,,,DRIVEALONE,-10.213601216520646,SUV_4_Gas,,27048.0,0out_0in,atwork
27048,540,work,1,1,1,1,mandatory,1,24331.0,293.0,188,13.0,34.0,21.0,,,-9.0,531.0,,,,-9.0,SUV_4_Gas,SUV_4_Gas,Pickup_20_Gas,DRIVEALONE,-3.3677909483758315,SUV_4_Gas,eat,-9.0,0out_0in,work
27098,541,work,1,1,1,1,mandatory,1,14302.0,293.0,189,4.0,31.0,27.0,,,-9.0,168.0,,,,-9.0,SUV_12_Gas,SUV_12_Gas,SUV_12_Gas,DRIVEALONE,-5.974734731762048,SUV_12_Gas,no_subtours,-9.0,0out_0in,work
27279,545,othmaint,1,1,3,3,non_mandatory,1,18407.0,293.0,192,21.0,34.0,13.0,,,-9.0,783.0,,False,True,12.509049251784369,Pickup_16_Gas,Pickup_16_Gas,Pickup_16_Gas,DRIVEALONE,-2.18499183452568,Pickup_16_Gas,,-9.0,0out_3in,othmaint
27291,545,shopping,2,1,1,3,non_mandatory,1,1794.0,293.0,192,18.0,19.0,1.0,,,-9.0,681.0,,False,True,11.247540303507888,Pickup_16_Gas,Pickup_16_Gas,Pickup_16_Gas,BIKE,2.221746462024712,,,-9.0,0out_0in,shopping
27292,545,shopping,2,2,2,3,non_mandatory,1,23066.0,293.0,192,12.0,14.0,2.0,,,-9.0,475.0,,False,True,11.244498809241946,Pickup_14_Gas,Pickup_16_Gas,Pickup_14_Gas,DRIVEALONE,-2.4927096346796374,Pickup_14_Gas,,-9.0,0out_0in,shopping
27329,546,othmaint,1,1,1,1,non_mandatory,1,23075.0,293.0,192,20.0,29.0,9.0,,,-9.0,750.0,,False,True,11.507435452938696,Pickup_16_Gas,Pickup_14_Gas,Pickup_14_Gas,DRIVEALONE,-4.4413033770876815,Pickup_16_Gas,,-9.0,2out_0in,othmaint
27375,547,othdiscr,1,1,2,2,non_mandatory,1,3451.0,293.0,193,12.0,12.0,0.0,,,-9.0,473.0,,False,True,15.82517004320508,Car_12_Hybrid,Car_12_Hybrid,Car_12_Hybrid,WALK,1.1725373816664744,,,-9.0,0out_0in,othdiscr
27391,547,shopping,1,1,1,2,non_mandatory,1,1794.0,293.0,193,13.0,15.0,2.0,,,-9.0,512.0,,False,True,11.197860403862494,Car_12_Hybrid,Car_12_Hybrid,Car_12_Hybrid,BIKE,0.4549585614734239,,,-9.0,0out_0in,shopping
27429,548,othmaint,1,1,2,2,non_mandatory,1,23052.0,293.0,194,11.0,18.0,7.0,,,-9.0,442.0,,False,True,11.315356848664004,Car_8_Gas,Car_8_Gas,Car_8_Gas,BIKE,-5.97958322149347,,,-9.0,0out_0in,othmaint
27441,548,shopping,1,1,1,2,non_mandatory,1,2465.0,293.0,194,23.0,24.0,1.0,,,-9.0,826.0,,False,True,10.674054179385845,Car_8_Gas,Car_8_Gas,Car_8_Gas,WALK,-0.708220054425912,,,-9.0,0out_0in,shopping
27454,549,eat,1,1,1,1,atwork,1,18531.0,16362.0,194,19.0,21.0,2.0,,,-9.0,713.0,,,,2.820044876596555,,,,DRIVEALONE,-1.5740439039978305,Car_17_Gas,,27498.0,0out_1in,atwork
27498,549,work,1,1,1,1,mandatory,1,16362.0,293.0,194,13.0,30.0,17.0,,,-9.0,527.0,,,,-9.0,Car_17_Gas,Car_17_Gas,Car_8_Gas,DRIVEALONE,-4.240613861115814,Car_17_Gas,eat,-9.0,0out_0in,work
27509,550,escort,1,1,1,1,non_mandatory,1,6271.0,293.0,194,25.0,27.0,2.0,,,-9.0,878.0,,False,True,12.68532553970206,Car_18_Diesel,Car_17_Gas,Car_17_Gas,WALK,-0.5675360892875606,,,-9.0,0out_0in,escort
27598,551,work,1,1,1,1,mandatory,1,24331.0,293.0,195,25.0,46.0,21.0,,,-9.0,897.0,,,,-9.0,Car_6_Gas,Car_6_Gas,Car_6_Gas,DRIVEALONE,-6.239911446846223,Car_6_Gas,no_subtours,-9.0,0out_0in,work
27648,552,work,1,1,1,1,mandatory,1,229.0,293.0,196,16.0,37.0,21.0,,,-9.0,636.0,,,,-9.0,Car_4_Gas,Car_4_Gas,Car_4_Gas,DRIVEALONE,-0.4541471740822609,Car_4_Gas,no_subtours,-9.0,0out_0in,work
27691,553,shopping,1,1,1,1,non_mandatory,1,1794.0,293.0,197,26.0,27.0,1.0,,,-9.0,901.0,,False,True,11.700387835033805,Pickup_9_Gas,Pickup_9_Gas,Pickup_9_Gas,WALK,2.0762849021327288,,,-9.0,0out_0in,shopping
27748,554,work,1,1,1,1,mandatory,1,24118.0,293.0,197,10.0,40.0,30.0,,,-9.0,426.0,,,,-9.0,Pickup_9_Gas,Pickup_9_Gas,Pickup_9_Gas,WALK_PRM,-5.253191626680228,,no_subtours,-9.0,0out_0in,work
27759,555,escort,1,1,1,2,non_mandatory,1,3430.0,293.0,198,31.0,34.0,3.0,,,-9.0,1008.0,,False,True,12.892404393210576,SUV_9_Gas,SUV_9_Gas,SUV_9_Gas,DRIVEALONE,0.0475593015796356,SUV_9_Gas,,-9.0,0out_0in,escort
27791,555,shopping,1,1,2,2,non_mandatory,1,13556.0,293.0,198,16.0,18.0,2.0,,,-9.0,617.0,,False,True,11.192971033007352,SUV_9_Gas,SUV_9_Gas,SUV_9_Gas,WALK,-0.5585934046655473,,,-9.0,0out_0in,shopping
27856,557,eatout,1,1,1,1,non_mandatory,1,3451.0,293.0,200,27.0,33.0,6.0,,,-9.0,929.0,,False,True,16.410753600023632,SUV_20_Gas,SUV_20_Gas,SUV_20_Gas,WALK,2.0166855794774365,,,-9.0,0out_0in,eatout
27948,558,work,1,1,1,1,mandatory,1,1380.0,293.0,201,9.0,24.0,15.0,,,-9.0,371.0,,,,-9.0,Car_18_Gas,Van_7_Gas,Van_7_Gas,DRIVEALONE,-1.5258780676628103,Car_18_Gas,no_subtours,-9.0,0out_0in,work
27983,559,school,1,1,1,1,mandatory,1,19370.0,293.0,201,10.0,40.0,30.0,,,-9.0,426.0,,,,-9.0,Van_7_Gas,Van_7_Gas,Van_7_Gas,PNR_PRM,-9.637879027635693,Van_7_Gas,,-9.0,0out_0in,univ
28025,560,othdiscr,1,1,2,2,non_mandatory,1,293.0,293.0,202,31.0,32.0,1.0,,,-9.0,1006.0,,False,True,15.646050516689996,Car_18_Gas,Car_18_Gas,Car_18_Gas,DRIVEALONE,1.6154386130099674,Car_18_Gas,,-9.0,0out_0in,othdiscr
28029,560,othmaint,1,1,1,2,non_mandatory,1,5515.0,293.0,202,13.0,17.0,4.0,,,-9.0,514.0,,False,True,12.287328137689622,Car_13_Gas,Car_13_Gas,Car_18_Gas,DRIVEALONE,-0.8387812605816319,Car_13_Gas,,-9.0,1out_3in,othmaint
28056,561,eatout,1,1,2,2,non_mandatory,1,293.0,293.0,202,15.0,21.0,6.0,,,-9.0,587.0,,False,True,16.174530719127794,Car_13_Gas,Car_13_Gas,Car_13_Gas,WALK,2.1162007534170724,,,-9.0,1out_1in,eatout
28059,561,escort,1,1,1,2,non_mandatory,1,13547.0,293.0,202,43.0,45.0,2.0,,,-9.0,1157.0,,False,True,12.423828929886971,Car_13_Gas,Car_13_Gas,Car_13_Gas,DRIVEALONE,-1.1904525915155793,Car_13_Gas,,-9.0,0out_0in,escort
28145,562,social,1,1,1,1,non_mandatory,1,11181.0,293.0,203,24.0,28.0,4.0,,,-9.0,855.0,,False,True,14.29065217658214,non_hh_veh,non_hh_veh,non_hh_veh,WALK,1.9551092999765616,,,-9.0,0out_0in,social
28198,563,work,2,1,1,2,mandatory,1,13527.0,293.0,204,18.0,19.0,1.0,,,-9.0,681.0,,,,-9.0,SUV_16_Gas,SUV_16_Gas,SUV_16_Gas,DRIVEALONE,-2.5147946138484008,SUV_16_Gas,no_subtours,-9.0,0out_0in,work
28199,563,work,2,2,2,2,mandatory,1,13527.0,293.0,204,16.0,17.0,1.0,,,-9.0,616.0,,,,-9.0,SUV_16_Gas,SUV_16_Gas,SUV_16_Gas,DRIVEALONE,-2.5147944517682626,SUV_16_Gas,no_subtours,-9.0,0out_1in,work
28209,564,escort,1,1,1,2,non_mandatory,1,1450.0,293.0,205,10.0,10.0,0.0,,,-9.0,396.0,,False,True,13.76636830659164,Pickup_14_Gas,SUV_20_Gas,SUV_20_Gas,SHARED2,-1.057416480131006,SUV_20_Gas,,-9.0,0out_0in,escort
28229,564,othmaint,1,1,2,2,non_mandatory,1,3356.0,293.0,205,12.0,26.0,14.0,,,-9.0,487.0,,False,True,14.189251233911492,Pickup_14_Gas,Pickup_14_Gas,SUV_20_Gas,DRIVEALONE,0.617053862151429,Pickup_14_Gas,,-9.0,1out_0in,othmaint
28309,566,escort,1,1,1,1,non_mandatory,1,5744.0,293.0,205,12.0,12.0,0.0,,,-9.0,473.0,,False,True,13.446132968946204,SUV_20_Gas,SUV_20_Gas,Pickup_14_Gas,SHARED2,0.0011387728196101,SUV_20_Gas,,-9.0,0out_0in,escort
28363,567,eatout,1,1,3,4,joint,4,3451.0,293.0,206,4.0,7.0,3.0,,,-9.0,144.0,mixed,False,True,15.93810315761598,Van_4_Gas,SUV_12_Gas,SUV_12_Gas,WALK,-0.0169874197173131,,,-9.0,0out_0in,eatout
28375,567,othdiscr,1,1,4,4,non_mandatory,1,1794.0,293.0,206,30.0,39.0,9.0,,,-9.0,995.0,,False,True,15.46657814307896,Van_4_Gas,SUV_12_Gas,Van_4_Gas,WALK,1.9529712702043007,,,-9.0,0out_0in,othdiscr
28385,567,escort,2,1,1,4,non_mandatory,1,19052.0,293.0,206,9.0,13.0,4.0,pure_escort,,1.0,360.0,,False,True,-9.0,SUV_12_Gas,Van_4_Gas,Van_4_Gas,SHARED3,-4.079662276993151,Van_4_Gas,,-9.0,0out_0in,escort
28386,567,escort,2,2,2,4,non_mandatory,1,19052.0,293.0,206,17.0,26.0,9.0,,pure_escort,1.0,657.0,,False,True,-9.0,SUV_12_Gas,SUV_12_Gas,Van_4_Gas,SHARED3,-4.244198246467218,Van_4_Gas,,-9.0,0out_0in,escort
28404,568,eat,1,1,1,1,atwork,1,8926.0,24333.0,206,28.0,28.0,0.0,,,-9.0,945.0,,,,-1.17657020364585,,,,DRIVEALONE,-3.3965786148969386,SUV_12_Gas,,28448.0,0out_0in,atwork
28409,568,escort,1,1,2,2,non_mandatory,1,2791.0,293.0,206,8.0,9.0,1.0,,,-9.0,316.0,,False,True,12.820089079003774,Van_4_Gas,Van_4_Gas,SUV_12_Gas,SHARED3,-0.1931216613841057,SUV_12_Gas,,-9.0,0out_0in,escort
28448,568,work,1,1,1,2,mandatory,1,24333.0,293.0,206,27.0,36.0,9.0,,,-9.0,932.0,,,,-9.0,SUV_12_Gas,Van_4_Gas,Van_4_Gas,DRIVEALONE,-3.655535122790184,SUV_12_Gas,eat,-9.0,0out_0in,work
28483,569,school,1,1,1,1,mandatory,1,19052.0,293.0,206,9.0,26.0,17.0,pure_escort,pure_escort,-9.0,373.0,,,,-9.0,SUV_12_Gas,SUV_12_Gas,Van_4_Gas,SHARED3,-2.004210481187739,Van_4_Gas,,-9.0,0out_0in,school
28663,573,eatout,1,1,1,2,joint,2,3451.0,293.0,207,18.0,19.0,1.0,,,-9.0,681.0,adults,False,True,16.80797507244959,Pickup_7_Gas,Pickup_7_Gas,Pickup_7_Gas,SHARED2,0.6987516433854352,Pickup_7_Gas,,-9.0,0out_0in,eatout
28675,573,othdiscr,1,1,2,2,non_mandatory,1,3451.0,293.0,207,30.0,36.0,6.0,,,-9.0,992.0,,False,True,16.246830018162832,Car_16_Gas,Pickup_7_Gas,Car_16_Gas,BIKE,1.7376278936871563,,,-9.0,0out_0in,othdiscr
28754,575,eat,1,1,1,1,atwork,1,822.0,1217.0,208,19.0,21.0,2.0,,,-9.0,713.0,,,,3.054110497789798,,,,DRIVEALONE,0.337600397602376,Car_3_Gas,,28798.0,0out_1in,atwork
28798,575,work,1,1,1,1,mandatory,1,1217.0,293.0,208,8.0,26.0,18.0,,,-9.0,333.0,,,,-9.0,Car_3_Gas,SUV_3_Gas,SUV_3_Gas,DRIVEALONE,-2.4581891543125645,Car_3_Gas,eat,-9.0,0out_0in,work
28829,576,othmaint,1,1,1,1,non_mandatory,1,23225.0,293.0,208,25.0,26.0,1.0,,,-9.0,877.0,,False,True,11.265657015234831,SUV_3_Gas,Car_3_Gas,SUV_3_Gas,DRIVEALONE,-1.6824392172788518,SUV_3_Gas,,-9.0,1out_2in,othmaint
28879,577,othmaint,1,1,1,1,non_mandatory,1,24333.0,293.0,208,20.0,26.0,6.0,,,-9.0,747.0,,True,False,8.116875068518981,Car_18_Gas,SUV_3_Gas,Car_18_Gas,DRIVEALONE,-2.217053443366144,Car_18_Gas,,-9.0,0out_3in,othmaint
28913,578,eatout,1,1,1,3,joint,2,3402.0,293.0,209,38.0,40.0,2.0,,,-9.0,1112.0,adults,False,True,14.073318574797732,SUV_13_Gas,SUV_13_Gas,Car_8_Gas,WALK,-0.0926966096529904,,,-9.0,0out_0in,eatout
28929,578,othmaint,2,1,2,3,non_mandatory,1,23097.0,293.0,209,19.0,28.0,9.0,,,-9.0,720.0,,False,True,12.427019940587693,Car_8_Gas,Car_8_Gas,Car_8_Gas,DRIVEALONE,-3.732922962190664,Car_8_Gas,,-9.0,0out_0in,othmaint
28930,578,othmaint,2,2,3,3,non_mandatory,1,24331.0,293.0,209,12.0,14.0,2.0,,,-9.0,475.0,,True,False,8.408065820232812,Car_8_Gas,SUV_13_Gas,Car_8_Gas,DRIVEALONE,-4.85367389466233,Car_8_Gas,,-9.0,3out_3in,othmaint
28954,579,eat,1,1,1,1,atwork,1,5343.0,14358.0,209,20.0,22.0,2.0,,,-9.0,743.0,,,,5.421506563937116,,,,DRIVEALONE,-3.709435101266658,Car_8_Gas,,28998.0,0out_0in,atwork
28998,579,work,1,1,1,1,mandatory,1,14358.0,293.0,209,7.0,29.0,22.0,,,-9.0,295.0,,,,-9.0,Car_8_Gas,SUV_13_Gas,Car_8_Gas,DRIVEALONE,-2.782606555552862,Car_8_Gas,eat,-9.0,0out_0in,work
29004,580,eat,1,1,1,1,atwork,1,2465.0,359.0,210,19.0,20.0,1.0,,,-9.0,712.0,,,,6.753378387399367,,,,DRIVEALONE,0.4411430785189189,SUV_10_Gas,,29048.0,0out_0in,atwork
29048,580,work,1,1,1,1,mandatory,1,359.0,293.0,210,12.0,31.0,19.0,,,-9.0,492.0,,,,-9.0,SUV_10_Gas,SUV_12_Gas,SUV_10_Gas,DRIVEALONE,-0.7794687177938023,SUV_10_Gas,eat,-9.0,3out_1in,work
29079,581,othmaint,1,1,1,1,non_mandatory,1,23056.0,293.0,210,15.0,23.0,8.0,,,-9.0,589.0,,False,True,12.25478077998462,SUV_10_Gas,SUV_12_Gas,SUV_12_Gas,DRIVEALONE,-2.638851816967977,SUV_10_Gas,,-9.0,0out_0in,othmaint
29104,582,eat,1,1,1,1,atwork,1,4675.0,4853.0,211,18.0,19.0,1.0,,,-9.0,681.0,,,,5.398458972852656,,,,WALK,-1.8183048935979005,SUV_13_Gas,,29148.0,0out_1in,atwork
29148,582,work,1,1,1,1,mandatory,1,4853.0,305.0,211,13.0,39.0,26.0,,,-9.0,536.0,,,,-9.0,SUV_13_Gas,SUV_13_Gas,SUV_13_Gas,DRIVEALONE,-4.765517977380789,SUV_13_Gas,eat,-9.0,0out_0in,work
29191,583,shopping,1,1,1,1,non_mandatory,1,13532.0,305.0,212,14.0,18.0,4.0,,,-9.0,550.0,,False,True,9.87313174084868,SUV_19_Gas,SUV_19_Gas,SUV_19_Gas,DRIVEALONE,-1.422326240139286,SUV_19_Gas,,-9.0,0out_0in,shopping
29204,584,eat,1,1,1,1,atwork,1,2465.0,1805.0,212,24.0,27.0,3.0,,,-9.0,854.0,,,,6.465039001223825,,,,WALK,0.5334399271579776,Car_18_Gas,,29248.0,0out_0in,atwork
29248,584,work,1,1,1,1,mandatory,1,1805.0,305.0,212,9.0,30.0,21.0,,,-9.0,377.0,,,,-9.0,Car_18_Gas,Car_18_Gas,SUV_19_Gas,DRIVEALONE,-0.7637978821740978,Car_18_Gas,eat,-9.0,0out_0in,work
29329,586,othmaint,1,1,1,1,non_mandatory,1,2420.0,305.0,214,19.0,24.0,5.0,,,-9.0,716.0,,False,True,12.885197169026675,Pickup_1_Gas,Pickup_1_Gas,Pickup_1_Gas,SHARED3,-2.251151243008728,Pickup_1_Gas,,-9.0,0out_0in,othmaint
29391,587,shopping,1,1,1,1,non_mandatory,1,11195.0,305.0,215,29.0,32.0,3.0,,,-9.0,969.0,,False,True,9.677112468453974,Pickup_20_Gas,Pickup_20_Gas,Pickup_20_Gas,WALK,0.3929478562294183,,,-9.0,0out_0in,shopping
29448,588,work,1,1,1,1,mandatory,1,23303.0,305.0,216,7.0,41.0,34.0,,,-9.0,307.0,,,,-9.0,Car_3_Gas,Car_3_Gas,Car_3_Gas,DRIVEALONE,-3.1846970545353432,Car_3_Gas,no_subtours,-9.0,3out_3in,work
29475,589,othdiscr,1,1,2,2,non_mandatory,1,305.0,305.0,217,32.0,35.0,3.0,,,-9.0,1026.0,,False,True,15.37044999957401,Pickup_12_Gas,Van_13_Gas,Van_13_Gas,BIKE,1.1528856680809718,,,-9.0,0out_0in,othdiscr
29479,589,othmaint,1,1,1,2,non_mandatory,1,18160.0,305.0,217,11.0,28.0,17.0,,,-9.0,452.0,,False,True,11.578251348612696,Pickup_12_Gas,Van_13_Gas,Pickup_12_Gas,DRIVEALONE,-4.398249573864965,Pickup_12_Gas,,-9.0,0out_0in,othmaint
29523,590,maint,1,1,1,1,atwork,1,24068.0,24068.0,217,18.0,22.0,4.0,,,-9.0,684.0,,,,7.288239338387656,,,,SHARED3,-0.1155451562859363,,,29548.0,0out_1in,atwork
29548,590,work,1,1,1,1,mandatory,1,24068.0,305.0,217,12.0,31.0,19.0,,,-9.0,492.0,,,,-9.0,Van_13_Gas,Van_13_Gas,Van_13_Gas,WALK_MIX,-8.20636169690283,,maint,-9.0,0out_2in,work
29604,592,eat,1,1,1,1,atwork,1,14332.0,7369.0,218,14.0,21.0,7.0,,,-9.0,553.0,,,,0.6566371277867389,,,,WALK_LOC,-99.3290283474239,,,29648.0,0out_0in,atwork
29648,592,work,1,1,1,1,mandatory,1,7369.0,305.0,218,10.0,29.0,19.0,,,-9.0,415.0,,,,-9.0,non_hh_veh,non_hh_veh,non_hh_veh,TNC_SINGLE,-0.768013400487625,,eat,-9.0,0out_2in,work
29729,594,othmaint,1,1,2,2,non_mandatory,1,2465.0,305.0,219,9.0,10.0,1.0,,,-9.0,357.0,,False,True,12.339231251165106,Car_10_Gas,Car_10_Gas,Car_10_Gas,SHARED2,-0.4145615775653969,Car_10_Gas,,-9.0,0out_0in,othmaint
29748,594,work,1,1,1,2,mandatory,1,1144.0,305.0,219,27.0,37.0,10.0,,,-9.0,933.0,,,,-9.0,Car_10_Gas,Car_10_Gas,Car_10_Gas,DRIVEALONE,-0.5567001589640366,Car_10_Gas,no_subtours,-9.0,0out_0in,work
29767,595,othmaint,2,1,2,3,joint,2,24011.0,305.0,220,30.0,32.0,2.0,,,-9.0,988.0,adults,False,True,10.912122010986424,Car_5_Gas,Van_10_Gas,Car_5_Gas,SHARED2,-2.671265307161436,Van_10_Gas,,-9.0,0out_1in,othmaint
29779,595,othmaint,2,2,3,3,non_mandatory,1,16253.0,305.0,220,42.0,44.0,2.0,,,-9.0,1150.0,,False,True,10.925321644479409,Car_5_Gas,Van_10_Gas,Van_10_Gas,DRIVEALONE,-1.5452974817632528,Car_5_Gas,,-9.0,0out_0in,othmaint
29798,595,work,1,1,1,3,mandatory,1,13535.0,305.0,220,8.0,29.0,21.0,,,-9.0,336.0,,,,-9.0,Van_10_Gas,Van_10_Gas,Car_5_Gas,DRIVEALONE,-3.5078071015349077,Van_10_Gas,no_subtours,-9.0,0out_0in,work
29904,598,eat,1,1,1,1,atwork,1,16917.0,24331.0,222,19.0,21.0,2.0,,,-9.0,713.0,,,,0.9782267328454944,,,,SHARED2,-3.8938601718718697,Car_7_Gas,,29948.0,0out_1in,atwork
29948,598,work,1,1,1,1,mandatory,1,24331.0,305.0,222,5.0,25.0,20.0,,,-9.0,206.0,,,,-9.0,Car_7_Gas,Car_20_Gas,Car_7_Gas,DRIVEALONE,-3.6608354367839215,Car_7_Gas,eat,-9.0,0out_2in,work
30098,601,work,1,1,1,1,mandatory,1,24333.0,305.0,224,9.0,33.0,24.0,,,-9.0,380.0,,,,-9.0,Pickup_4_Gas,Car_10_Gas,Van_16_Gas,DRIVEALONE,-2.574112144659714,Pickup_4_Gas,no_subtours,-9.0,0out_2in,work
30104,602,eat,1,1,1,1,atwork,1,7236.0,6750.0,224,21.0,22.0,1.0,,,-9.0,771.0,,,,5.777337606149134,,,,DRIVEALONE,-0.4141866370433143,Van_16_Gas,,30148.0,0out_0in,atwork
30148,602,work,1,1,1,1,mandatory,1,6750.0,305.0,224,14.0,37.0,23.0,,,-9.0,569.0,,,,-9.0,Van_16_Gas,Pickup_4_Gas,Pickup_4_Gas,DRIVEALONE,-6.936623729839549,Van_16_Gas,eat,-9.0,0out_2in,work
30198,603,work,1,1,1,1,mandatory,1,822.0,305.0,225,27.0,32.0,5.0,,,-9.0,928.0,,,,-9.0,Pickup_15_Gas,Pickup_15_Gas,Pickup_15_Gas,DRIVEALONE,-1.808839181067406,Pickup_15_Gas,no_subtours,-9.0,0out_0in,work
30279,605,othmaint,2,1,7,8,non_mandatory,1,229.0,305.0,227,30.0,31.0,1.0,,,-9.0,987.0,,False,True,12.350948371339902,Car_9_Gas,SUV_1_Gas,SUV_1_Gas,WALK,1.327666915814951,,,-9.0,0out_0in,othmaint
30280,605,othmaint,2,2,8,8,non_mandatory,1,17074.0,305.0,227,22.0,24.0,2.0,,,-9.0,800.0,,False,True,12.951793984976062,SUV_1_Gas,SUV_1_Gas,SUV_1_Gas,DRIVEALONE,-3.254361291890778,SUV_1_Gas,,-9.0,0out_0in,othmaint
30285,605,escort,5,1,1,8,non_mandatory,1,4238.0,305.0,227,8.0,10.0,2.0,pure_escort,,1.0,317.0,,False,True,-9.0,SUV_1_Gas,Car_9_Gas,SUV_1_Gas,SHARED3,-4.4485773938104405,SUV_1_Gas,,-9.0,0out_0in,escort
30286,605,escort,5,2,2,8,non_mandatory,1,7211.0,305.0,227,10.0,10.0,0.0,pure_escort,,1.0,396.0,,False,True,-9.0,Car_9_Gas,SUV_1_Gas,SUV_1_Gas,SHARED3,-0.0076130892265637,SUV_1_Gas,,-9.0,0out_0in,escort
30287,605,escort,5,3,3,8,non_mandatory,1,23872.0,305.0,227,12.0,13.0,1.0,pure_escort,,1.0,474.0,,False,True,-9.0,Car_9_Gas,Car_9_Gas,SUV_1_Gas,WALK,-0.692056418276958,,,-9.0,0out_1in,escort
30288,605,escort,5,4,4,8,non_mandatory,1,7211.0,305.0,227,25.0,26.0,1.0,,pure_escort,2.0,877.0,,False,True,-9.0,SUV_1_Gas,SUV_1_Gas,SUV_1_Gas,SHARED3,-0.0992251179315398,SUV_1_Gas,,-9.0,0out_1in,escort
30289,605,escort,5,5,5,8,non_mandatory,1,23872.0,305.0,227,28.0,28.0,0.0,,pure_escort,1.0,945.0,,False,True,-9.0,SUV_1_Gas,Car_9_Gas,SUV_1_Gas,SHARED3,-0.5999037646912266,SUV_1_Gas,,-9.0,0out_0in,escort
30291,605,shopping,1,1,6,8,non_mandatory,1,23860.0,305.0,227,18.0,22.0,4.0,,,-9.0,684.0,,False,True,10.812117078090637,SUV_1_Gas,Car_9_Gas,SUV_1_Gas,SHARED3,0.4263595644198509,SUV_1_Gas,,-9.0,0out_0in,shopping
30309,606,escort,2,1,1,4,non_mandatory,1,3430.0,305.0,227,27.0,28.0,1.0,,,-9.0,924.0,,False,True,12.956243577672096,Car_9_Gas,Car_9_Gas,SUV_1_Gas,WALK,-0.7799284885296333,,,-9.0,0out_0in,escort
30310,606,escort,2,2,2,4,non_mandatory,1,6156.0,305.0,227,25.0,26.0,1.0,,,-9.0,877.0,,False,True,12.898995094853646,Car_9_Gas,Car_9_Gas,SUV_1_Gas,DRIVEALONE,-0.9995324642790764,Car_9_Gas,,-9.0,0out_0in,escort
30325,606,othdiscr,2,1,3,4,non_mandatory,1,1114.0,305.0,227,32.0,36.0,4.0,,,-9.0,1027.0,,False,True,16.3821436766499,Car_9_Gas,SUV_1_Gas,SUV_1_Gas,WALK,1.9249100677904207,,,-9.0,0out_0in,othdiscr
30326,606,othdiscr,2,2,4,4,non_mandatory,1,24065.0,305.0,227,11.0,20.0,9.0,,,-9.0,444.0,,False,True,15.599140456886287,Car_9_Gas,SUV_1_Gas,Car_9_Gas,SHARED3,-0.9719209489860368,Car_9_Gas,,-9.0,0out_1in,othdiscr
30383,607,school,1,1,1,1,mandatory,1,16077.0,305.0,227,7.0,27.0,20.0,,,-9.0,293.0,,,,-9.0,Car_9_Gas,SUV_1_Gas,SUV_1_Gas,BIKE,1.2852775474080071,,,-9.0,0out_1in,school
30433,608,school,1,1,1,1,mandatory,1,4238.0,305.0,227,8.0,26.0,17.0,pure_escort,pure_escort,-9.0,333.0,,,,-9.0,SUV_1_Gas,SUV_1_Gas,SUV_1_Gas,SHARED3,-4.313376379592656,SUV_1_Gas,,-9.0,0out_1in,school
30483,609,school,1,1,1,1,mandatory,1,7211.0,305.0,227,10.0,26.0,16.0,pure_escort,pure_escort,-9.0,412.0,,,,-9.0,SUV_1_Gas,Car_9_Gas,SUV_1_Gas,SHARED3,7.38523304078203,SUV_1_Gas,,-9.0,0out_0in,school
30533,610,school,1,1,1,1,mandatory,1,23872.0,305.0,227,12.0,28.0,16.0,pure_escort,pure_escort,-9.0,489.0,,,,-9.0,Car_9_Gas,Car_9_Gas,SUV_1_Gas,SHARED3,5.833063974539723,SUV_1_Gas,,-9.0,0out_0in,school
30723,614,maint,1,1,1,1,atwork,1,18866.0,18866.0,228,16.0,19.0,3.0,,,-9.0,618.0,,,,7.738713006234138,,,,DRIVEALONE,0.740375167718242,Car_12_Gas,,30748.0,0out_1in,atwork
30748,614,work,1,1,1,1,mandatory,1,18866.0,305.0,228,15.0,33.0,18.0,,,-9.0,599.0,,,,-9.0,Car_12_Gas,Pickup_15_Gas,Car_12_Gas,DRIVEALONE,-2.7724018362499034,Car_12_Gas,maint,-9.0,0out_1in,work
30759,615,escort,1,1,1,3,non_mandatory,1,9901.0,305.0,229,11.0,12.0,1.0,,,-9.0,436.0,,False,True,13.315583722446563,SUV_11_Gas,SUV_11_Gas,Car_9_Gas,SHARED2,-0.5534676310791442,SUV_11_Gas,,-9.0,0out_0in,escort
30775,615,othdiscr,1,1,3,3,non_mandatory,1,1114.0,305.0,229,19.0,19.0,0.0,,,-9.0,711.0,,False,True,16.345979551616654,SUV_11_Gas,SUV_19_Gas,SUV_11_Gas,WALK,2.508445375118354,,,-9.0,0out_0in,othdiscr
30791,615,shopping,1,1,2,3,non_mandatory,1,16236.0,305.0,229,26.0,28.0,2.0,,,-9.0,902.0,,False,True,10.236095434499008,Car_9_Gas,Car_9_Gas,SUV_11_Gas,SHARED2,-1.8828349029453304,Car_9_Gas,,-9.0,0out_0in,shopping
30809,616,escort,1,1,1,1,non_mandatory,1,23875.0,305.0,229,26.0,28.0,2.0,,,-9.0,902.0,,False,True,12.87951155147816,SUV_19_Gas,SUV_11_Gas,Car_9_Gas,WALK,-0.7242934845618605,,,-9.0,0out_0in,escort
30891,617,shopping,1,1,1,1,non_mandatory,1,9901.0,322.0,230,10.0,12.0,2.0,,,-9.0,398.0,,False,True,11.479035036353578,non_hh_veh,non_hh_veh,non_hh_veh,WALK,1.8676975171170191,,,-9.0,3out_3in,shopping
30909,618,escort,1,1,1,1,non_mandatory,1,469.0,322.0,231,30.0,30.0,0.0,,,-9.0,986.0,,False,True,13.246776885973992,Pickup_5_Gas,Pickup_5_Gas,SUV_11_Gas,DRIVEALONE,0.4391660471563484,Pickup_5_Gas,,-9.0,0out_0in,escort
30950,619,business,1,1,1,1,atwork,1,6958.0,8609.0,231,21.0,21.0,0.0,,,-9.0,770.0,,,,6.814107414617087,,,,DRIVEALONE,-0.1003313012871684,SUV_11_Gas,,30998.0,0out_0in,atwork
30975,619,othdiscr,1,1,2,2,non_mandatory,1,322.0,322.0,231,30.0,30.0,0.0,,,-9.0,986.0,,False,True,15.756587956260413,SUV_11_Gas,SUV_11_Gas,SUV_11_Gas,WALK,2.311516976106152,,,-9.0,0out_0in,othdiscr
30998,619,work,1,1,1,2,mandatory,1,8609.0,322.0,231,9.0,29.0,20.0,,,-9.0,376.0,,,,-9.0,SUV_11_Gas,SUV_11_Gas,SUV_11_Gas,DRIVEALONE,-3.4378331536685818,SUV_11_Gas,business1,-9.0,0out_1in,work
31029,620,othmaint,2,1,6,7,non_mandatory,1,5801.0,322.0,232,15.0,22.0,7.0,,,-9.0,588.0,,False,True,12.648013028911771,SUV_4_Diesel,SUV_4_Diesel,SUV_4_Diesel,DRIVEALONE,-6.392811580348604,SUV_4_Diesel,,-9.0,3out_0in,othmaint
31030,620,othmaint,2,2,7,7,non_mandatory,1,3415.0,322.0,232,12.0,13.0,1.0,,,-9.0,474.0,,False,True,13.00312645645182,SUV_4_Diesel,SUV_4_Diesel,SUV_4_Diesel,WALK,1.3900733374145682,,,-9.0,0out_0in,othmaint
31035,620,escort,5,1,1,7,non_mandatory,1,7004.0,322.0,232,9.0,9.0,0.0,pure_escort,,1.0,356.0,,False,True,-9.0,Pickup_20_Gas,SUV_4_Diesel,SUV_4_Diesel,SHARED2,0.6125228010270749,SUV_4_Diesel,,-9.0,0out_1in,escort
31036,620,escort,5,2,2,7,non_mandatory,1,16126.0,322.0,232,11.0,12.0,1.0,pure_escort,,2.0,436.0,,False,True,-9.0,Pickup_17_Gas,Pickup_20_Gas,Pickup_20_Gas,SHARED3,-1.2948900238678047,Pickup_20_Gas,,-9.0,1out_1in,escort
31037,620,escort,5,3,3,7,non_mandatory,1,7004.0,322.0,232,24.0,25.0,1.0,,pure_escort,1.0,852.0,,False,True,-9.0,SUV_4_Diesel,SUV_4_Diesel,SUV_4_Diesel,WALK,0.6126146148156066,,,-9.0,0out_0in,escort
31038,620,escort,5,4,4,7,non_mandatory,1,16126.0,322.0,232,26.0,27.0,1.0,,pure_escort,1.0,901.0,,False,True,-9.0,SUV_4_Diesel,SUV_4_Diesel,SUV_4_Diesel,SHARED3,-1.1564897584300031,SUV_4_Diesel,,-9.0,0out_0in,escort
31039,620,escort,5,5,5,7,non_mandatory,1,11793.0,322.0,232,32.0,34.0,2.0,,pure_escort,1.0,1025.0,,False,True,-9.0,SUV_4_Diesel,SUV_4_Diesel,SUV_4_Diesel,SHARED3,-0.1923940488181887,SUV_4_Diesel,,-9.0,0out_0in,escort
31083,621,school,1,1,1,1,mandatory,1,7211.0,322.0,232,9.0,26.0,17.0,,,-9.0,373.0,,,,-9.0,SUV_4_Diesel,SUV_4_Diesel,SUV_4_Diesel,WALK,2.944123003993661,,,-9.0,1out_0in,school
31109,622,escort,1,1,2,2,non_mandatory,1,7369.0,322.0,232,28.0,32.0,4.0,,,-9.0,949.0,,False,True,14.09951886898692,Pickup_17_Gas,SUV_4_Diesel,SUV_4_Diesel,SHARED3,-1.166148222015864,SUV_4_Diesel,,-9.0,3out_3in,escort
31133,622,school,1,1,1,2,mandatory,1,7004.0,322.0,232,9.0,25.0,16.0,pure_escort,pure_escort,-9.0,372.0,,,,-9.0,Pickup_20_Gas,non_hh_veh,SUV_4_Diesel,WALK,6.483498261167335,,,-9.0,0out_0in,school
31183,623,school,1,1,1,1,mandatory,1,11793.0,322.0,232,11.0,34.0,23.0,pure_escort,pure_escort,-9.0,458.0,,,,-9.0,Pickup_17_Gas,SUV_4_Diesel,SUV_4_Diesel,SHARED3,3.8712798537669766,SUV_4_Diesel,,-9.0,0out_0in,school
31279,625,othmaint,1,1,2,2,non_mandatory,1,3132.0,322.0,232,29.0,30.0,1.0,,,-9.0,967.0,,False,True,13.477012272723108,SUV_4_Diesel,Pickup_17_Gas,SUV_4_Diesel,WALK,3.1424636685925127,,,-9.0,0out_3in,othmaint
31283,625,school,1,1,1,2,mandatory,1,16126.0,322.0,232,11.0,27.0,15.0,pure_escort,pure_escort,-9.0,451.0,,,,-9.0,Pickup_17_Gas,SUV_4_Diesel,SUV_4_Diesel,SHARED3,2.3182947344781133,SUV_4_Diesel,,-9.0,1out_0in,school
31317,626,othmaint,1,1,7,7,joint,2,24333.0,322.0,233,34.0,38.0,4.0,,,-9.0,1060.0,mixed,True,False,7.98750303256977,Van_20_Gas,Car_12_Gas,Car_14_Gas,SHARED2,-2.393338532172916,Car_12_Gas,,-9.0,0out_0in,othmaint
31335,626,escort,6,1,1,7,non_mandatory,1,6029.0,322.0,233,7.0,7.0,0.0,pure_escort,,1.0,273.0,,False,True,-9.0,Car_14_Gas,Car_15_Gas,Car_15_Gas,SHARED3,-0.4476602033456183,Car_15_Gas,,-9.0,0out_0in,escort
31336,626,escort,6,2,2,7,non_mandatory,1,6029.0,322.0,233,8.0,9.0,1.0,pure_escort,,1.0,316.0,,False,True,-9.0,Car_14_Gas,Car_15_Gas,Car_14_Gas,WALK,-0.4459365396554943,,,-9.0,0out_0in,escort
31337,626,escort,6,3,3,7,non_mandatory,1,8322.0,322.0,233,11.0,11.0,0.0,pure_escort,,1.0,435.0,,False,True,-9.0,Car_15_Gas,Car_15_Gas,Car_12_Gas,SHARED3,-0.2707150558610693,Car_12_Gas,,-9.0,0out_0in,escort
31338,626,escort,6,4,4,7,non_mandatory,1,6029.0,322.0,233,11.0,22.0,11.0,,pure_escort,1.0,446.0,,False,True,-9.0,non_hh_veh,Car_14_Gas,Car_12_Gas,SHARED3,-0.496715201095453,Car_12_Gas,,-9.0,0out_0in,escort
31339,626,escort,6,5,5,7,non_mandatory,1,6029.0,322.0,233,24.0,26.0,2.0,,pure_escort,1.0,853.0,,False,True,-9.0,Car_12_Gas,Car_14_Gas,Car_15_Gas,SHARED3,-0.4432432299160003,Car_15_Gas,,-9.0,0out_0in,escort
31340,626,escort,6,6,6,7,non_mandatory,1,8322.0,322.0,233,27.0,29.0,2.0,,pure_escort,1.0,925.0,,False,True,-9.0,Car_12_Gas,Van_20_Gas,Car_14_Gas,WALK,-0.2782337678704792,,,-9.0,0out_0in,escort
31383,627,school,2,1,1,2,mandatory,1,7004.0,322.0,233,9.0,25.0,16.0,,,-9.0,372.0,,,,-9.0,Car_12_Gas,Car_14_Gas,Car_15_Gas,WALK,5.391551177072213,,,-9.0,1out_0in,school
31384,627,school,2,2,2,2,mandatory,1,7004.0,322.0,233,9.0,9.0,0.0,,,-9.0,356.0,,,,-9.0,Car_15_Gas,Car_12_Gas,Car_12_Gas,WALK,5.391548220449265,,,-9.0,1out_0in,school
31433,628,school,1,1,1,1,mandatory,1,7004.0,322.0,233,8.0,32.0,24.0,,,-9.0,339.0,,,,-9.0,Car_12_Gas,Car_15_Gas,Car_12_Gas,WALK,7.243607103857008,,,-9.0,0out_1in,school
31483,629,school,1,1,1,1,mandatory,1,6029.0,322.0,233,7.0,22.0,15.0,pure_escort,pure_escort,-9.0,288.0,,,,-9.0,Car_12_Gas,Car_14_Gas,Van_20_Gas,SHARED3,0.7138358228038704,Van_20_Gas,,-9.0,0out_0in,school
31533,630,school,1,1,1,1,mandatory,1,6029.0,322.0,233,8.0,26.0,18.0,pure_escort,pure_escort,-9.0,333.0,,,,-9.0,Car_12_Gas,Car_15_Gas,Van_20_Gas,SHARED3,2.5945182332017045,Van_20_Gas,,-9.0,0out_0in,school
31583,631,school,1,1,1,1,mandatory,1,8322.0,322.0,233,11.0,29.0,18.0,pure_escort,pure_escort,-9.0,453.0,,,,-9.0,Car_14_Gas,Car_12_Gas,Car_14_Gas,WALK,3.679840908131079,,,-9.0,0out_0in,school
31625,632,othdiscr,1,1,1,1,non_mandatory,1,2043.0,322.0,234,19.0,25.0,6.0,,,-9.0,717.0,,False,True,15.583117539611656,Pickup_13_Gas,Pickup_13_Gas,Pickup_13_Gas,WALK,2.013001111298264,,,-9.0,0out_3in,othdiscr
31825,636,othdiscr,1,1,5,5,non_mandatory,1,2143.0,322.0,236,28.0,30.0,2.0,,,-9.0,947.0,,False,True,14.647307037063207,Car_12_Gas,Car_12_Gas,Car_12_Gas,WALK,2.756619548232124,,,-9.0,0out_1in,othdiscr
31829,636,othmaint,2,1,3,5,non_mandatory,1,12308.0,322.0,236,19.0,21.0,2.0,,,-9.0,713.0,,False,True,11.925931994009852,SUV_20_Gas,Car_12_Gas,Car_12_Gas,DRIVEALONE,-4.988752878680569,SUV_20_Gas,,-9.0,0out_2in,othmaint
31830,636,othmaint,2,2,4,5,non_mandatory,1,18679.0,322.0,236,21.0,24.0,3.0,,,-9.0,773.0,,False,True,11.6120420434592,Car_12_Gas,Car_12_Gas,Car_12_Gas,DRIVEALONE,-2.9491544189163905,Car_12_Gas,,-9.0,0out_0in,othmaint
31848,636,work,2,1,1,5,mandatory,1,13127.0,322.0,236,13.0,17.0,4.0,,,-9.0,514.0,,,,-9.0,Car_12_Gas,Car_12_Gas,SUV_20_Gas,DRIVEALONE,-1.219495366571582,Car_12_Gas,no_subtours,-9.0,0out_0in,work
31849,636,work,2,2,2,5,mandatory,1,13127.0,322.0,236,25.0,27.0,2.0,,,-9.0,878.0,,,,-9.0,Car_12_Gas,Car_12_Gas,Car_12_Gas,DRIVEALONE,-1.223699827463426,Car_12_Gas,no_subtours,-9.0,0out_0in,work
31883,637,school,1,1,1,1,mandatory,1,23114.0,322.0,236,17.0,30.0,13.0,,,-9.0,661.0,,,,-9.0,SUV_20_Gas,Car_12_Gas,Car_12_Gas,DRIVEALONE,-5.727175580608627,SUV_20_Gas,,-9.0,0out_1in,univ
31925,638,othdiscr,2,1,1,2,non_mandatory,1,322.0,322.0,237,7.0,19.0,12.0,,,-9.0,285.0,,False,True,16.357367099848833,non_hh_veh,non_hh_veh,non_hh_veh,WALK,2.894894440662059,,,-9.0,1out_0in,othdiscr
31926,638,othdiscr,2,2,2,2,non_mandatory,1,3063.0,322.0,237,21.0,33.0,12.0,,,-9.0,782.0,,False,True,15.053480194210758,non_hh_veh,non_hh_veh,non_hh_veh,WALK,2.5634789122587245,,,-9.0,0out_3in,othdiscr
32025,640,othdiscr,1,1,4,4,non_mandatory,1,322.0,322.0,238,11.0,14.0,3.0,,,-9.0,438.0,,False,True,15.76589672537275,Pickup_1_Gas,Car_5_Gas,Pickup_1_Gas,WALK,2.7791600984281533,,,-9.0,1out_0in,othdiscr
32029,640,othmaint,1,1,3,4,non_mandatory,1,23257.0,322.0,238,14.0,15.0,1.0,,,-9.0,547.0,,False,True,11.95916258821739,Car_5_Gas,Car_5_Gas,Car_5_Gas,SHARED2,-2.749290155303806,Car_5_Gas,,-9.0,2out_0in,othmaint
32041,640,shopping,2,1,1,4,non_mandatory,1,4904.0,322.0,238,32.0,37.0,5.0,,,-9.0,1028.0,,False,True,10.622543887346971,Car_5_Gas,Pickup_1_Gas,Pickup_1_Gas,DRIVEALONE,-1.1129910583977187,Car_5_Gas,,-9.0,0out_1in,shopping
32042,640,shopping,2,2,2,4,non_mandatory,1,9901.0,322.0,238,22.0,23.0,1.0,,,-9.0,799.0,,False,True,9.787081075487018,Car_5_Gas,Car_5_Gas,Pickup_1_Gas,DRIVEALONE,-0.6820860905361295,Car_5_Gas,,-9.0,0out_0in,shopping
32071,641,social,1,1,3,4,joint,6,16475.0,322.0,239,26.0,30.0,4.0,,,-9.0,904.0,mixed,False,True,14.212849067746998,Pickup_17_Gas,Pickup_17_Gas,Pickup_17_Gas,SHARED3,-9.288997456127342,Pickup_17_Gas,,-9.0,0out_0in,social
32079,641,othmaint,1,1,4,4,non_mandatory,1,6298.0,322.0,239,25.0,26.0,1.0,,,-9.0,877.0,,False,True,12.004828041737063,Pickup_17_Gas,Pickup_17_Gas,Pickup_17_Gas,SHARED3,-3.6930982003260144,Pickup_17_Gas,,-9.0,0out_0in,othmaint
32085,641,escort,2,1,1,4,non_mandatory,1,23872.0,322.0,239,9.0,9.0,0.0,pure_escort,,1.0,356.0,,False,True,-9.0,Pickup_17_Gas,Pickup_17_Gas,Pickup_17_Gas,SHARED2,-1.5045204551669848,Pickup_17_Gas,,-9.0,0out_0in,escort
32086,641,escort,2,2,2,4,non_mandatory,1,23872.0,322.0,239,18.0,24.0,6.0,,pure_escort,1.0,686.0,,False,True,-9.0,Pickup_17_Gas,Pickup_17_Gas,Pickup_17_Gas,WALK,-1.4910312992786412,,,-9.0,0out_0in,escort
32179,643,othmaint,1,1,2,2,non_mandatory,1,16133.0,322.0,239,31.0,33.0,2.0,,,-9.0,1007.0,,False,True,11.887581628078047,Pickup_17_Gas,Pickup_17_Gas,Pickup_17_Gas,WALK,1.343964584220238,,,-9.0,1out_3in,othmaint
32183,643,school,1,1,1,2,mandatory,1,23872.0,322.0,239,9.0,24.0,15.0,pure_escort,pure_escort,-9.0,371.0,,,,-9.0,Pickup_17_Gas,Pickup_17_Gas,Pickup_17_Gas,WALK,5.870831886697064,,,-9.0,0out_0in,school
32209,644,escort,2,1,1,2,non_mandatory,1,2965.0,322.0,239,17.0,19.0,2.0,,,-9.0,650.0,,False,True,14.424116218034005,Pickup_17_Gas,Pickup_17_Gas,Pickup_17_Gas,WALK,0.996796683522226,,,-9.0,0out_0in,escort
32210,644,escort,2,2,2,2,non_mandatory,1,1450.0,322.0,239,23.0,25.0,2.0,,,-9.0,827.0,,False,True,14.404176222879892,Pickup_17_Gas,Pickup_17_Gas,Pickup_17_Gas,WALK,1.3345223815580156,,,-9.0,0out_0in,escort
32259,645,escort,1,1,1,2,non_mandatory,1,1572.0,322.0,239,24.0,24.0,0.0,,,-9.0,851.0,,False,True,14.123447914709551,Pickup_17_Gas,Pickup_17_Gas,Pickup_17_Gas,SHARED3,1.262993353785555,Pickup_17_Gas,,-9.0,0out_0in,escort
32291,645,shopping,1,1,2,2,non_mandatory,1,9901.0,322.0,239,19.0,22.0,3.0,,,-9.0,714.0,,False,True,11.251365760026166,Pickup_17_Gas,Pickup_17_Gas,Pickup_17_Gas,WALK,-1.6321969959575724,,,-9.0,0out_0in,shopping
32363,648,eatout,1,1,1,1,joint,2,1399.0,322.0,240,20.0,23.0,3.0,,,-9.0,744.0,adults,False,True,15.286849338969082,Car_10_Gas,Car_9_Gas,Car_10_Gas,WALK,0.5690324755078325,,,-9.0,0out_0in,eatout
32391,647,shopping,1,1,1,1,non_mandatory,1,6227.0,322.0,240,29.0,29.0,0.0,,,-9.0,966.0,,False,True,9.979144037005604,Car_9_Gas,Car_20_Gas,Car_10_Gas,DRIVEALONE,0.0576930154195989,Car_9_Gas,,-9.0,1out_0in,shopping
32479,649,othmaint,1,1,1,1,non_mandatory,1,7616.0,322.0,240,28.0,29.0,1.0,,,-9.0,946.0,,False,True,10.54764566064871,Car_9_Gas,Car_9_Gas,Car_10_Gas,DRIVEALONE,-2.21202862110134,Car_9_Gas,,-9.0,0out_2in,othmaint
32559,651,escort,1,1,1,2,non_mandatory,1,3366.0,322.0,241,10.0,10.0,0.0,,,-9.0,396.0,,False,True,15.15015869408721,non_hh_veh,non_hh_veh,non_hh_veh,WALK,2.7884138606966733,,,-9.0,0out_0in,escort
32591,651,shopping,1,1,2,2,non_mandatory,1,16254.0,322.0,241,19.0,25.0,6.0,,,-9.0,717.0,,False,True,12.011391956310211,non_hh_veh,non_hh_veh,non_hh_veh,DRIVEALONE,-0.6428455108913881,non_hh_veh,,-9.0,1out_0in,shopping
32698,653,work,1,1,1,1,mandatory,1,16337.0,322.0,242,12.0,26.0,14.0,,,-9.0,487.0,,,,-9.0,Car_20_Diesel,SUV_12_Gas,SUV_12_Gas,DRIVEALONE,-5.3781930785674,Car_20_Diesel,no_subtours,-9.0,2out_3in,work
32809,656,escort,1,1,1,2,non_mandatory,1,5879.0,322.0,243,23.0,26.0,3.0,,,-9.0,828.0,,False,True,12.160407957861295,Car_1_Gas,Car_1_Gas,Car_1_Gas,DRIVEALONE,1.2528334702753446e-05,Car_1_Gas,,-9.0,1out_0in,escort
32825,656,othdiscr,1,1,2,2,non_mandatory,1,24333.0,322.0,243,30.0,35.0,5.0,,,-9.0,991.0,,True,False,2.1490087828104696,Pickup_11_Gas,Car_1_Gas,Car_1_Gas,DRIVEALONE,-2.3692167657501764,Pickup_11_Gas,,-9.0,0out_1in,othdiscr
32859,657,escort,1,1,1,1,non_mandatory,1,2965.0,322.0,243,8.0,9.0,1.0,,,-9.0,316.0,,False,True,13.00975414962344,Car_1_Gas,Pickup_11_Gas,Car_1_Gas,DRIVEALONE,-0.2405246997224408,Car_1_Gas,,-9.0,0out_0in,escort
32925,658,othdiscr,1,1,2,2,non_mandatory,1,822.0,322.0,244,10.0,11.0,1.0,,,-9.0,397.0,,False,True,14.177766211839346,Pickup_14_Gas,Pickup_14_Gas,Pickup_14_Gas,WALK,1.412929789769349,,,-9.0,0out_0in,othdiscr
32929,658,othmaint,1,1,1,2,non_mandatory,1,23038.0,322.0,244,16.0,24.0,8.0,,,-9.0,623.0,,False,True,13.057534520907858,Pickup_11_Gas,Pickup_14_Gas,Pickup_14_Gas,DRIVEALONE,-7.839343853783967,Pickup_11_Gas,,-9.0,1out_2in,othmaint
33025,660,othdiscr,1,1,2,2,non_mandatory,1,468.0,322.0,246,32.0,36.0,4.0,,,-9.0,1027.0,,False,True,15.701461017423306,Van_12_Gas,Car_1_Gas,Car_1_Gas,WALK,2.686679244128054,,,-9.0,0out_3in,othdiscr
33029,660,othmaint,1,1,1,2,non_mandatory,1,6073.0,322.0,246,10.0,21.0,11.0,,,-9.0,407.0,,False,True,11.18854442351576,Van_12_Gas,Car_1_Gas,Van_12_Gas,SHARED2,0.97239436526211,Car_1_Gas,,-9.0,0out_1in,othmaint
33075,661,othdiscr,1,1,1,1,non_mandatory,1,7004.0,322.0,246,37.0,37.0,0.0,,,-9.0,1098.0,,False,True,14.796866175201435,Car_1_Gas,Car_1_Gas,Van_12_Gas,WALK,1.4738222980625777,,,-9.0,0out_0in,othdiscr
33117,662,othmaint,1,1,1,1,joint,2,15463.0,322.0,247,28.0,36.0,8.0,,,-9.0,953.0,adults,False,True,11.070808139842434,Pickup_9_Gas,SUV_10_Gas,SUV_10_Gas,SHARED2,-3.379780949392402,SUV_10_Gas,,-9.0,3out_3in,othmaint
33213,665,eatout,2,1,1,2,joint,2,2424.0,322.0,248,28.0,31.0,3.0,,,-9.0,948.0,adults,False,True,16.574510989271566,Pickup_6_Gas,Pickup_6_Gas,Car_2_Gas,SHARED2,0.2248959980053567,Pickup_6_Gas,,-9.0,0out_0in,eatout
33256,665,eatout,2,2,2,2,non_mandatory,1,3538.0,322.0,248,21.0,22.0,1.0,,,-9.0,771.0,,False,True,16.305771932686614,Pickup_6_Gas,Car_2_Gas,Car_2_Gas,WALK,1.397994209479312,,,-9.0,0out_0in,eatout
33325,666,othdiscr,2,1,1,2,non_mandatory,1,7004.0,322.0,248,12.0,15.0,3.0,,,-9.0,476.0,,False,True,13.76126786308382,Car_2_Gas,Pickup_6_Gas,Car_2_Gas,WALK,1.1388579890447257,,,-9.0,0out_2in,othdiscr
33326,666,othdiscr,2,2,2,2,non_mandatory,1,1114.0,322.0,248,33.0,35.0,2.0,,,-9.0,1042.0,,False,True,14.12503564453793,Pickup_6_Gas,Car_2_Gas,Car_2_Gas,SHARED2,1.4061337380393322,Car_2_Gas,,-9.0,0out_1in,othdiscr
33375,667,othdiscr,1,1,1,1,non_mandatory,1,3538.0,322.0,249,9.0,32.0,23.0,,,-9.0,379.0,,False,True,16.15281517202126,non_hh_veh,non_hh_veh,non_hh_veh,WALK,2.474370534798793,,,-9.0,0out_0in,othdiscr
33406,668,eatout,1,1,1,2,non_mandatory,1,822.0,322.0,250,15.0,16.0,1.0,,,-9.0,582.0,,False,True,14.875001877332195,Pickup_14_Gas,Car_2_BEV,Car_2_BEV,WALK,2.634106808724534,,,-9.0,0out_0in,eatout
33425,668,othdiscr,1,1,2,2,non_mandatory,1,2424.0,322.0,250,19.0,21.0,2.0,,,-9.0,713.0,,False,True,16.371953250703392,Pickup_14_Gas,Car_2_BEV,Pickup_14_Gas,WALK,2.7296097461562407,,,-9.0,0out_0in,othdiscr
33495,669,social,1,1,1,1,non_mandatory,1,18988.0,322.0,250,21.0,31.0,10.0,,,-9.0,780.0,,False,True,14.84351904056332,Pickup_14_Gas,Pickup_14_Gas,Pickup_14_Gas,DRIVEALONE,-2.311655184280798,Pickup_14_Gas,,-9.0,0out_0in,social
33529,670,othmaint,2,1,4,5,non_mandatory,1,23056.0,322.0,251,27.0,29.0,2.0,,,-9.0,925.0,,False,True,12.165448394459334,Van_2_Gas,Van_2_Gas,Van_2_Gas,SHARED3,-4.132040564592798,Van_2_Gas,,-9.0,0out_0in,othmaint
33530,670,othmaint,2,2,5,5,non_mandatory,1,18868.0,322.0,251,15.0,25.0,10.0,,,-9.0,591.0,,False,True,11.99826488428106,Van_2_Gas,Van_2_Gas,Van_2_Gas,SHARED3,-6.517102897254636,Van_2_Gas,,-9.0,0out_0in,othmaint
33535,670,escort,2,1,1,5,non_mandatory,1,7211.0,322.0,251,10.0,10.0,0.0,pure_escort,,2.0,396.0,,False,True,-9.0,Van_2_Gas,SUV_20_Gas,SUV_20_Gas,SHARED3,-0.2081420731155878,SUV_20_Gas,,-9.0,1out_1in,escort
33536,670,escort,2,2,2,5,non_mandatory,1,7211.0,322.0,251,25.0,26.0,1.0,,pure_escort,2.0,877.0,,False,True,-9.0,Van_2_Gas,Van_2_Gas,Van_2_Gas,WALK,-0.21578192484058,,,-9.0,0out_1in,escort
33541,670,shopping,1,1,3,5,non_mandatory,1,1562.0,322.0,251,14.0,15.0,1.0,,,-9.0,547.0,,False,True,10.391906328043335,SUV_20_Gas,Van_2_Gas,Van_2_Gas,WALK,0.6147922648398787,,,-9.0,0out_0in,shopping
33583,671,school,1,1,1,1,mandatory,1,7211.0,322.0,251,10.0,26.0,16.0,pure_escort,pure_escort,-9.0,412.0,,,,-9.0,SUV_20_Gas,Van_2_Gas,Van_2_Gas,WALK,4.923972253187054,,,-9.0,1out_0in,school
33609,672,escort,1,1,2,2,non_mandatory,1,2424.0,322.0,251,33.0,33.0,0.0,,,-9.0,1040.0,,False,True,14.15929601602027,Van_2_Gas,Van_2_Gas,Van_2_Gas,WALK,2.2991244940340048,,,-9.0,0out_0in,escort
33633,672,school,1,1,1,2,mandatory,1,7211.0,322.0,251,10.0,26.0,15.0,pure_escort,pure_escort,-9.0,412.0,,,,-9.0,Van_2_Gas,Van_2_Gas,SUV_20_Gas,WALK,6.642452154681896,,,-9.0,0out_1in,school
33659,673,escort,2,1,1,2,non_mandatory,1,11193.0,322.0,251,24.0,26.0,2.0,,,-9.0,853.0,,False,True,14.19546147719264,Van_2_Gas,Van_2_Gas,Van_2_Gas,WALK,2.126867598420396,,,-9.0,0out_0in,escort
33660,673,escort,2,2,2,2,non_mandatory,1,599.0,322.0,251,20.0,23.0,3.0,,,-9.0,744.0,,False,True,14.092837986878084,Van_2_Gas,Van_2_Gas,Van_2_Gas,WALK,1.746959190412015,,,-9.0,0out_0in,escort
33841,676,shopping,1,1,1,1,non_mandatory,1,2465.0,322.0,252,20.0,23.0,3.0,,,-9.0,744.0,,False,True,10.371313387098146,Pickup_20_Gas,Pickup_20_Gas,Car_14_Gas,WALK,-0.0972004756046314,,,-9.0,1out_0in,shopping
33856,677,eatout,1,1,1,2,non_mandatory,1,322.0,322.0,253,28.0,36.0,8.0,,,-9.0,953.0,,False,True,16.78231476937648,Pickup_7_Gas,Pickup_7_Gas,Pickup_7_Gas,WALK,2.835200202024457,,,-9.0,0out_0in,eatout
33875,677,othdiscr,1,1,2,2,non_mandatory,1,821.0,322.0,253,20.0,25.0,5.0,,,-9.0,746.0,,False,True,14.462777446798226,Pickup_7_Gas,Pickup_7_Gas,Pickup_7_Gas,WALK,2.797026924536037,,,-9.0,0out_3in,othdiscr
33915,678,othdiscr,1,1,1,2,joint,2,1865.0,322.0,254,14.0,17.0,3.0,,,-9.0,549.0,adults,False,True,14.651900296790402,Car_20_Gas,Car_20_Gas,SUV_10_Gas,WALK,1.405912010891477,,,-9.0,0out_0in,othdiscr
33929,678,othmaint,1,1,2,2,non_mandatory,1,13302.0,322.0,254,20.0,22.0,2.0,,,-9.0,743.0,,False,True,12.82923701906715,SUV_10_Gas,Car_20_Gas,SUV_10_Gas,DRIVEALONE,-3.819399349821249,SUV_10_Gas,,-9.0,2out_2in,othmaint
33975,679,othdiscr,1,1,1,1,non_mandatory,1,322.0,322.0,254,12.0,13.0,1.0,,,-9.0,474.0,,False,True,15.71702097839547,Car_20_Gas,Car_20_Gas,SUV_10_Gas,WALK,2.801725444148261,,,-9.0,0out_0in,othdiscr
34048,680,work,1,1,1,1,mandatory,1,23321.0,322.0,255,7.0,18.0,11.0,,,-9.0,284.0,,,,-9.0,Car_18_Gas,Car_18_Gas,SUV_15_Gas,SHARED2,-1.7669883756539295,Car_18_Gas,no_subtours,-9.0,0out_1in,work
34075,681,othdiscr,1,1,2,2,non_mandatory,1,2872.0,322.0,255,30.0,34.0,4.0,,,-9.0,990.0,,False,True,15.739781974941986,Pickup_14_Hybrid,Car_18_Gas,Pickup_14_Hybrid,WALK,2.114625194542048,,,-9.0,0out_0in,othdiscr
34091,681,shopping,1,1,1,2,non_mandatory,1,13127.0,322.0,255,23.0,25.0,2.0,,,-9.0,827.0,,False,True,9.940902833215535,Pickup_14_Hybrid,SUV_15_Gas,SUV_15_Gas,SHARED2,0.0621394642781672,SUV_15_Gas,,-9.0,0out_0in,shopping
34104,682,eat,1,1,1,1,atwork,1,13874.0,11769.0,255,16.0,24.0,8.0,,,-9.0,623.0,,,,4.397536680925463,,,,DRIVEALONE,-2.308091619744674,Pickup_14_Hybrid,,34148.0,0out_1in,atwork
34148,682,work,1,1,1,1,mandatory,1,11769.0,322.0,255,5.0,32.0,27.0,,,-9.0,213.0,,,,-9.0,Pickup_14_Hybrid,SUV_15_Gas,SUV_15_Gas,DRIVEALONE,-4.15130242191051,Pickup_14_Hybrid,eat,-9.0,0out_0in,work
34179,683,othmaint,2,1,1,2,non_mandatory,1,229.0,322.0,256,16.0,33.0,17.0,,,-9.0,632.0,,False,True,11.858117836307736,Car_13_Gas,Car_13_Gas,Pickup_2_Gas,WALK,0.5958659839800784,,,-9.0,0out_0in,othmaint
34180,683,othmaint,2,2,2,2,non_mandatory,1,24050.0,322.0,256,11.0,13.0,2.0,,,-9.0,437.0,,False,True,12.00281471900269,Car_13_Gas,Pickup_2_Gas,Car_13_Gas,BIKE,-0.5947605238489493,,,-9.0,0out_0in,othmaint
34225,684,othdiscr,2,1,2,3,non_mandatory,1,2872.0,322.0,256,25.0,25.0,0.0,,,-9.0,876.0,,False,True,15.874040648571745,Car_13_Gas,Pickup_2_Gas,Car_13_Gas,WALK,2.2402849947281607,,,-9.0,0out_0in,othdiscr
34226,684,othdiscr,2,2,3,3,non_mandatory,1,7616.0,322.0,256,9.0,18.0,9.0,,,-9.0,365.0,,False,True,14.60371420426895,Pickup_2_Gas,Pickup_2_Gas,Car_13_Gas,SHARED2,-3.007394483205892,Pickup_2_Gas,,-9.0,0out_2in,othdiscr
34241,684,shopping,1,1,1,3,non_mandatory,1,10835.0,322.0,256,30.0,31.0,1.0,,,-9.0,987.0,,False,True,9.692418650811446,Car_13_Gas,Pickup_2_Gas,Pickup_2_Gas,SHARED2,-1.8111984884398604,Pickup_2_Gas,,-9.0,0out_0in,shopping
34275,685,othdiscr,1,1,2,2,non_mandatory,1,305.0,322.0,257,23.0,27.0,4.0,,,-9.0,829.0,,False,True,14.134484943283375,Car_15_Gas,Car_15_Gas,Car_16_Gas,WALK,1.89623538650664,,,-9.0,0out_0in,othdiscr
34295,685,social,1,1,1,2,non_mandatory,1,15953.0,322.0,257,30.0,47.0,17.0,,,-9.0,1003.0,,False,True,15.225682079302876,Car_16_Gas,Car_16_Gas,Car_15_Gas,DRIVEALONE,-4.36519902826099,Car_16_Gas,,-9.0,0out_0in,social
34345,686,social,1,1,1,1,non_mandatory,1,6291.0,322.0,258,19.0,27.0,8.0,,,-9.0,719.0,,False,True,14.189159019239026,Car_7_Gas,Car_7_Gas,Car_7_Gas,DRIVEALONE,0.650152711264038,Car_7_Gas,,-9.0,0out_0in,social
34356,687,eatout,1,1,1,1,non_mandatory,1,2043.0,322.0,258,12.0,15.0,3.0,,,-9.0,476.0,,False,True,15.915248210806803,Car_14_Gas,Car_14_Gas,Car_7_Gas,SHARED3,0.8136738386276253,Car_7_Gas,,-9.0,0out_0in,eatout
34475,689,othdiscr,1,1,1,1,non_mandatory,1,1399.0,322.0,259,22.0,22.0,0.0,,,-9.0,798.0,,False,True,14.291326216969418,Car_2_Gas,Car_2_Gas,Car_2_Gas,WALK,2.292610413958584,,,-9.0,0out_1in,othdiscr
34548,690,work,1,1,1,1,mandatory,1,6953.0,322.0,259,8.0,27.0,19.0,,,-9.0,334.0,,,,-9.0,Pickup_14_Gas,Car_2_Gas,Car_2_Gas,DRIVEALONE,-2.332145399775867,Pickup_14_Gas,no_subtours,-9.0,1out_2in,work
34591,691,shopping,1,1,1,1,non_mandatory,1,8847.0,322.0,260,16.0,17.0,1.0,,,-9.0,616.0,,False,True,10.44959749949366,SUV_18_Gas,Pickup_20_Gas,SUV_18_Gas,DRIVEALONE,1.0150708281027505,SUV_18_Gas,,-9.0,0out_0in,shopping
34625,692,othdiscr,3,1,1,3,non_mandatory,1,1865.0,322.0,260,26.0,33.0,7.0,,,-9.0,907.0,,False,True,13.874974259001904,Van_20_Gas,SUV_18_Gas,Van_20_Gas,WALK,2.191123270443542,,,-9.0,0out_0in,othdiscr
34626,692,othdiscr,3,2,2,3,non_mandatory,1,1393.0,322.0,260,11.0,11.0,0.0,,,-9.0,435.0,,False,True,14.170397724668824,SUV_18_Gas,Van_20_Gas,Van_20_Gas,WALK,2.187206392327352,,,-9.0,0out_0in,othdiscr
34627,692,othdiscr,3,3,3,3,non_mandatory,1,468.0,322.0,260,9.0,9.0,0.0,,,-9.0,356.0,,False,True,15.253314160266394,SUV_18_Gas,SUV_18_Gas,SUV_18_Gas,WALK,2.1990401051071755,,,-9.0,0out_0in,othdiscr
34675,693,othdiscr,1,1,1,1,non_mandatory,1,18976.0,322.0,261,11.0,23.0,12.0,,,-9.0,447.0,,False,True,15.002157227260254,SUV_6_Gas,Car_13_Gas,Car_13_Gas,SHARED3,-1.840956926176384,Car_13_Gas,,-9.0,0out_0in,othdiscr
34706,694,eatout,1,1,2,2,non_mandatory,1,6647.0,322.0,261,34.0,41.0,7.0,,,-9.0,1063.0,,False,True,13.725190361915162,Car_13_Gas,Car_13_Gas,SUV_6_Gas,WALK,1.7712737823645126,,,-9.0,0out_0in,eatout
34729,694,othmaint,1,1,1,2,non_mandatory,1,8323.0,322.0,261,27.0,28.0,1.0,,,-9.0,924.0,,False,True,11.84679362224868,Car_13_Gas,SUV_6_Gas,SUV_6_Gas,WALK,0.7218939710739226,,,-9.0,0out_1in,othmaint
34804,696,eat,1,1,1,1,atwork,1,13127.0,13127.0,262,25.0,26.0,1.0,,,-9.0,877.0,,,,6.965789796894166,,,,SHARED3,-0.1732797355929478,Pickup_16_Gas,,34848.0,0out_0in,atwork
34809,696,escort,2,1,2,3,non_mandatory,1,23867.0,322.0,262,32.0,35.0,3.0,,,-9.0,1026.0,,False,True,12.9308359810844,Pickup_16_Gas,Pickup_16_Gas,Pickup_16_Gas,SHARED3,-4.652928516111299,Pickup_16_Gas,,-9.0,0out_1in,escort
34810,696,escort,2,2,3,3,non_mandatory,1,6271.0,322.0,262,28.0,28.0,0.0,,,-9.0,945.0,,False,True,13.258598147985348,Pickup_16_Gas,SUV_9_Gas,SUV_9_Gas,DRIVEALONE,-2.592406979526906,Pickup_16_Gas,,-9.0,1out_2in,escort
34848,696,work,1,1,1,3,mandatory,1,13127.0,322.0,262,8.0,28.0,20.0,,,-9.0,335.0,,,,-9.0,Pickup_16_Gas,SUV_9_Gas,Pickup_16_Gas,SHARED3,-1.0682015488680467,Pickup_16_Gas,eat,-9.0,0out_1in,work
34883,697,school,1,1,1,1,mandatory,1,6832.0,322.0,262,7.0,22.0,15.0,,,-9.0,288.0,,,,-9.0,Pickup_16_Gas,SUV_9_Gas,SUV_9_Gas,SHARED3,-4.824669052230485,SUV_9_Gas,,-9.0,1out_0in,school
34909,698,escort,1,1,1,1,non_mandatory,1,3679.0,322.0,262,26.0,27.0,1.0,,,-9.0,901.0,,False,True,14.01444626776346,Pickup_16_Gas,SUV_9_Gas,SUV_9_Gas,WALK,2.2108144408189694,,,-9.0,0out_0in,escort
34983,699,school,2,1,1,2,mandatory,1,1399.0,322.0,262,11.0,26.0,15.0,,,-9.0,450.0,,,,-9.0,Pickup_16_Gas,SUV_9_Gas,SUV_9_Gas,WALK,7.762662192154037,,,-9.0,1out_0in,school
34984,699,school,2,2,2,2,mandatory,1,1399.0,322.0,262,10.0,10.0,0.0,,,-9.0,396.0,,,,-9.0,SUV_9_Gas,Pickup_16_Gas,SUV_9_Gas,WALK,7.762701279496431,,,-9.0,1out_0in,school
35079,701,othmaint,1,1,1,1,non_mandatory,1,15049.0,322.0,263,27.0,35.0,8.0,,,-9.0,931.0,,False,True,12.565316049141847,Car_12_Gas,Car_12_Gas,SUV_10_Gas,DRIVEALONE,-3.304063182266341,Car_12_Gas,,-9.0,1out_0in,othmaint
35125,702,othdiscr,1,1,2,2,non_mandatory,1,1399.0,322.0,263,9.0,14.0,5.0,,,-9.0,361.0,,False,True,14.139795705209671,SUV_10_Gas,SUV_10_Gas,SUV_10_Gas,WALK,0.9723487216436336,,,-9.0,0out_1in,othdiscr
35129,702,othmaint,1,1,1,2,non_mandatory,1,15983.0,322.0,263,29.0,32.0,3.0,,,-9.0,969.0,,False,True,11.98523731826587,Car_12_Gas,SUV_10_Gas,SUV_10_Gas,SHARED2,-5.947084281589354,SUV_10_Gas,,-9.0,0out_0in,othmaint
35179,703,othmaint,1,1,1,1,non_mandatory,1,11414.0,322.0,263,8.0,32.0,24.0,,,-9.0,339.0,,False,True,12.832653060649484,Car_12_Gas,Car_12_Gas,Car_12_Gas,WALK_PRM,-4.454672208058837,,,-9.0,0out_1in,othmaint
35206,704,eatout,1,1,1,1,non_mandatory,1,2424.0,322.0,264,24.0,25.0,1.0,,,-9.0,852.0,,False,True,17.004268432507256,Car_20_Gas,Car_20_Gas,Car_20_Gas,WALK,2.091074088007624,,,-9.0,0out_0in,eatout
35359,707,escort,2,2,3,6,non_mandatory,1,8022.0,322.0,266,11.0,11.0,0.0,,,-9.0,435.0,,False,True,13.12082131065209,Car_3_Gas,Car_3_Gas,SUV_3_Gas,WALK,0.666528216589681,,,-9.0,0out_0in,escort
35369,708,shopping,1,1,2,5,joint,4,8220.0,322.0,266,29.0,32.0,3.0,,,-9.0,969.0,mixed,False,True,10.661913383693102,SUV_3_Gas,SUV_3_Gas,SUV_3_Gas,WALK,-1.6263371724374125,,,-9.0,0out_0in,shopping
35371,707,social,1,1,2,6,joint,2,3482.0,322.0,266,24.0,24.0,0.0,,,-9.0,851.0,adults,False,True,16.119149424802778,Car_3_Gas,SUV_3_Gas,SUV_3_Gas,SHARED2,1.341660900385815,SUV_3_Gas,,-9.0,0out_0in,social
35375,707,othdiscr,2,1,5,6,non_mandatory,1,822.0,322.0,266,16.0,19.0,3.0,,,-9.0,618.0,,False,True,15.6795751742421,SUV_3_Gas,SUV_3_Gas,Car_3_Gas,WALK,2.660903216683931,,,-9.0,0out_0in,othdiscr
35376,707,othdiscr,2,2,6,6,non_mandatory,1,2424.0,322.0,266,19.0,19.0,0.0,,,-9.0,711.0,,False,True,16.352701987890352,SUV_3_Gas,SUV_3_Gas,SUV_3_Gas,WALK,2.790339831118939,,,-9.0,0out_0in,othdiscr
35379,707,othmaint,1,1,4,6,non_mandatory,1,16366.0,322.0,266,24.0,33.0,9.0,,,-9.0,860.0,,False,True,11.197985004427553,Car_3_Gas,Car_3_Gas,SUV_3_Gas,DRIVEALONE,-1.8064590716578053,Car_3_Gas,,-9.0,1out_1in,othmaint
35385,707,escort,2,1,1,6,non_mandatory,1,23268.0,322.0,266,11.0,12.0,1.0,pure_escort,,1.0,436.0,,False,True,-9.0,Car_3_Gas,Car_3_Gas,SUV_3_Gas,SHARED2,-1.7445965088714674,Car_3_Gas,,-9.0,0out_0in,escort
35409,708,escort,2,2,3,5,non_mandatory,1,7930.0,322.0,266,20.0,20.0,0.0,,,-9.0,741.0,,False,True,13.048810537560724,SUV_3_Gas,Car_3_Gas,Car_3_Gas,SHARED3,0.5222508107260907,Car_3_Gas,,-9.0,3out_2in,escort
35425,708,othdiscr,2,1,4,5,non_mandatory,1,468.0,322.0,266,10.0,14.0,4.0,,,-9.0,400.0,,False,True,15.70950859071676,SUV_3_Gas,Car_3_Gas,non_hh_veh,WALK,2.747810489558577,,,-9.0,0out_0in,othdiscr
35426,708,othdiscr,2,2,5,5,non_mandatory,1,11189.0,322.0,266,26.0,27.0,1.0,,,-9.0,901.0,,False,True,14.719246211472983,Car_3_Gas,SUV_3_Gas,SUV_3_Gas,WALK,2.101957365266052,,,-9.0,0out_0in,othdiscr
35435,708,escort,2,1,1,5,non_mandatory,1,23268.0,322.0,266,17.0,18.0,1.0,,pure_escort,1.0,649.0,,False,True,-9.0,Car_3_Gas,Car_3_Gas,Car_3_Gas,SHARED3,-0.8824329460623762,Car_3_Gas,,-9.0,0out_0in,escort
35459,709,escort,1,1,1,1,non_mandatory,1,1170.0,322.0,266,14.0,17.0,3.0,,,-9.0,549.0,,False,True,14.226268886301956,SUV_3_Gas,Car_3_Gas,Car_3_Gas,WALK,1.397559382176784,,,-9.0,0out_0in,escort
35533,710,school,1,1,1,1,mandatory,1,23268.0,322.0,266,11.0,18.0,7.0,pure_escort,pure_escort,-9.0,442.0,,,,-9.0,Car_3_Gas,SUV_3_Gas,SUV_3_Gas,SHARED3,2.8382405872508283,SUV_3_Gas,,-9.0,0out_0in,school
35609,712,escort,1,1,1,3,non_mandatory,1,3430.0,322.0,266,35.0,37.0,2.0,,,-9.0,1073.0,,False,True,14.084568410348608,Car_3_Gas,SUV_3_Gas,Car_3_Gas,SHARED3,2.041675713668604,Car_3_Gas,,-9.0,0out_1in,escort
35625,712,othdiscr,1,1,3,3,non_mandatory,1,3482.0,322.0,266,18.0,27.0,9.0,,,-9.0,689.0,,False,True,17.26076013141573,Car_3_Gas,Car_3_Gas,SUV_3_Gas,WALK,4.742583384172668,,,-9.0,0out_0in,othdiscr
35629,712,othmaint,1,1,2,3,non_mandatory,1,19086.0,322.0,266,14.0,17.0,3.0,,,-9.0,549.0,,False,True,12.821343737071414,Car_3_Gas,SUV_3_Gas,Car_3_Gas,SHARED3,-1.5503950362279044,Car_3_Gas,,-9.0,0out_0in,othmaint
35659,713,escort,4,4,4,4,non_mandatory,1,165.0,322.0,267,10.0,10.0,0.0,,,-9.0,396.0,,False,True,12.946510443861468,Pickup_11_Gas,Pickup_11_Gas,SUV_20_Gas,WALK,0.7295175426988987,,,-9.0,0out_0in,escort
35685,713,escort,4,1,1,4,non_mandatory,1,19089.0,322.0,267,11.0,12.0,1.0,pure_escort,,2.0,436.0,,False,True,-9.0,Pickup_18_Gas,Pickup_11_Gas,SUV_20_Gas,SHARED3,-1.936914511003664,SUV_20_Gas,,-9.0,1out_0in,escort
35686,713,escort,4,2,2,4,non_mandatory,1,16218.0,322.0,267,24.0,27.0,3.0,,pure_escort,1.0,854.0,,False,True,-9.0,Pickup_11_Gas,Pickup_16_Gas,Pickup_11_Gas,SHARED3,-1.1790467028508902,Pickup_11_Gas,,-9.0,0out_0in,escort
35687,713,escort,4,3,3,4,non_mandatory,1,7211.0,322.0,267,29.0,29.0,0.0,,pure_escort,1.0,966.0,,False,True,-9.0,Pickup_11_Gas,Pickup_16_Gas,Pickup_11_Gas,WALK,0.388721258849097,,,-9.0,0out_0in,escort
35735,714,escort,2,1,1,3,non_mandatory,1,16218.0,322.0,267,11.0,12.0,1.0,pure_escort,,1.0,436.0,,False,True,-9.0,Pickup_11_Gas,Pickup_18_Gas,Pickup_11_Gas,SHARED3,-0.1402296518225799,Pickup_11_Gas,,-9.0,0out_0in,escort
35736,714,escort,2,2,2,3,non_mandatory,1,19089.0,322.0,267,25.0,26.0,1.0,,pure_escort,1.0,877.0,,False,True,-9.0,Pickup_11_Gas,Pickup_11_Gas,SUV_20_Gas,SHARED2,-0.5601954770612864,Pickup_11_Gas,,-9.0,0out_0in,escort
35741,714,shopping,1,1,3,3,non_mandatory,1,2025.0,322.0,267,31.0,32.0,1.0,,,-9.0,1006.0,,False,True,9.935758901344204,Pickup_11_Gas,Pickup_11_Gas,Pickup_11_Gas,WALK,1.6241770993327571,,,-9.0,0out_0in,shopping
35783,715,school,1,1,1,1,mandatory,1,7211.0,322.0,267,11.0,29.0,18.0,pure_escort,pure_escort,-9.0,453.0,,,,-9.0,Pickup_11_Gas,Pickup_11_Gas,Pickup_11_Gas,WALK,6.476984750208439,,,-9.0,0out_0in,school
35833,716,school,1,1,1,1,mandatory,1,19089.0,322.0,267,11.0,26.0,16.0,pure_escort,pure_escort,-9.0,450.0,,,,-9.0,Pickup_11_Gas,Pickup_11_Gas,Pickup_16_Gas,SHARED2,-0.0147939716450926,Pickup_11_Gas,,-9.0,1out_0in,school
35883,717,school,1,1,1,1,mandatory,1,16218.0,322.0,267,11.0,27.0,16.0,pure_escort,pure_escort,-9.0,451.0,,,,-9.0,Pickup_16_Gas,Pickup_11_Gas,Pickup_18_Gas,SHARED3,1.476663319217397,Pickup_18_Gas,,-9.0,0out_0in,school
35925,718,othdiscr,1,1,1,1,non_mandatory,1,822.0,322.0,267,16.0,24.0,8.0,,,-9.0,623.0,,False,True,14.66349801293942,Pickup_11_Gas,Pickup_16_Gas,Pickup_11_Gas,WALK,4.758619279179002,,,-9.0,0out_3in,othdiscr
35979,719,othmaint,1,1,1,1,non_mandatory,1,229.0,332.0,268,20.0,24.0,4.0,,,-9.0,745.0,,False,True,14.432648793233378,Car_20_Gas,Pickup_2_Gas,Car_20_Gas,BIKE,1.5159565043356116,,,-9.0,1out_3in,othmaint
36119,722,shopping,1,1,1,2,joint,2,2465.0,332.0,270,26.0,31.0,5.0,,,-9.0,905.0,adults,False,True,10.122160517641344,SUV_14_Gas,Car_15_Gas,Car_15_Gas,SHARED2,-1.360718259584348,Car_15_Gas,,-9.0,0out_0in,shopping
36125,722,othdiscr,1,1,2,2,non_mandatory,1,3727.0,332.0,270,16.0,20.0,4.0,,,-9.0,619.0,,False,True,15.936710931688191,Car_15_Gas,SUV_14_Gas,SUV_14_Gas,WALK,1.171427005124562,,,-9.0,0out_1in,othdiscr
36191,723,shopping,1,1,1,1,non_mandatory,1,11195.0,332.0,270,32.0,36.0,4.0,,,-9.0,1027.0,,False,True,10.398166569900942,SUV_14_Gas,SUV_14_Gas,SUV_14_Gas,WALK,-0.446847610005411,,,-9.0,0out_0in,shopping
36241,724,shopping,1,1,1,1,non_mandatory,1,6227.0,332.0,271,18.0,26.0,8.0,,,-9.0,688.0,,False,True,12.177556138505825,non_hh_veh,non_hh_veh,non_hh_veh,WALK,3.1674636931316145,,,-9.0,0out_0in,shopping
36298,725,work,1,1,1,1,mandatory,1,1805.0,332.0,272,14.0,30.0,16.0,,,-9.0,562.0,,,,-9.0,Car_11_Gas,Car_11_Gas,Car_11_Gas,DRIVEALONE,-0.2804064085265559,Car_11_Gas,no_subtours,-9.0,0out_0in,work
36304,726,eat,1,1,1,1,atwork,1,2465.0,2465.0,273,18.0,21.0,3.0,,,-9.0,683.0,,,,7.957518261476603,,,,SHARED3,0.1875976869958786,SUV_2_Gas,,36348.0,0out_1in,atwork
36348,726,work,1,1,1,1,mandatory,1,2465.0,332.0,273,11.0,31.0,20.0,,,-9.0,455.0,,,,-9.0,SUV_2_Gas,SUV_2_Gas,SUV_2_Gas,DRIVEALONE,-0.7383732004847489,SUV_2_Gas,eat,-9.0,0out_0in,work
36398,727,work,1,1,1,1,mandatory,1,2317.0,332.0,273,8.0,26.0,18.0,,,-9.0,333.0,,,,-9.0,SUV_2_Gas,SUV_2_Gas,SUV_2_Gas,DRIVEALONE,-2.1234538472217435,SUV_2_Gas,no_subtours,-9.0,0out_0in,work
36525,730,othdiscr,1,1,2,2,non_mandatory,1,332.0,332.0,275,28.0,32.0,4.0,,,-9.0,949.0,,False,True,16.416787730828855,SUV_13_Gas,Pickup_7_Gas,SUV_13_Gas,WALK,1.3033986959577477,,,-9.0,0out_0in,othdiscr
36541,730,shopping,1,1,1,2,non_mandatory,1,15937.0,332.0,275,22.0,26.0,4.0,,,-9.0,802.0,,False,True,10.960012047769904,SUV_13_Gas,SUV_13_Gas,SUV_13_Gas,DRIVEALONE,-4.224489610761906,SUV_13_Gas,,-9.0,1out_0in,shopping
36556,731,eatout,1,1,1,1,non_mandatory,1,2333.0,332.0,275,17.0,27.0,10.0,,,-9.0,658.0,,False,True,16.02982896390016,SUV_13_Gas,SUV_13_Gas,SUV_13_Gas,SHARED3,0.866238438234208,SUV_13_Gas,,-9.0,0out_0in,eatout
36648,732,work,1,1,1,1,mandatory,1,12799.0,332.0,276,9.0,29.0,20.0,,,-9.0,376.0,,,,-9.0,Car_1_Gas,Car_1_Gas,Car_1_Gas,DRIVEALONE,-6.9932436213609614,Car_1_Gas,no_subtours,-9.0,0out_0in,work
36679,733,othmaint,1,1,1,1,non_mandatory,1,24333.0,332.0,277,12.0,29.0,17.0,,,-9.0,490.0,,True,False,8.321812486235277,SUV_12_Gas,SUV_16_Gas,SUV_12_Gas,DRIVEALONE,-2.757408799722568,SUV_12_Gas,,-9.0,1out_2in,othmaint
36729,734,othmaint,1,1,1,1,non_mandatory,1,18968.0,332.0,277,15.0,27.0,12.0,,,-9.0,593.0,,False,True,11.539414045402212,SUV_16_Gas,SUV_12_Gas,Pickup_19_Gas,DRIVEALONE,-8.319319167630638,SUV_16_Gas,,-9.0,0out_0in,othmaint
36798,735,work,1,1,1,1,mandatory,1,3579.0,332.0,278,7.0,25.0,18.0,,,-9.0,291.0,,,,-9.0,Car_6_Gas,Car_6_Gas,Car_6_Gas,SHARED3,-0.4374613454836477,Car_6_Gas,no_subtours,-9.0,0out_0in,work
36806,736,eatout,1,1,1,1,non_mandatory,1,1978.0,332.0,279,18.0,23.0,5.0,,,-9.0,685.0,,False,True,13.91245618787984,Pickup_6_Gas,Pickup_6_Gas,Pickup_6_Gas,WALK,1.4375227861617426,,,-9.0,0out_2in,eatout
36854,737,eat,1,1,1,1,atwork,1,23062.0,23042.0,280,19.0,20.0,1.0,,,-9.0,712.0,,,,2.539937446447317,,,,DRIVEALONE,-3.1239874872462545,Car_2_Gas,,36898.0,0out_0in,atwork
36898,737,work,1,1,1,1,mandatory,1,23042.0,332.0,280,5.0,24.0,19.0,,,-9.0,205.0,,,,-9.0,Car_2_Gas,Car_2_Gas,Car_2_Gas,DRIVEALONE,-4.725930475728073,Car_2_Gas,eat,-9.0,0out_0in,work
36906,738,eatout,1,1,1,1,non_mandatory,1,12516.0,332.0,281,17.0,17.0,0.0,,,-9.0,648.0,,False,True,14.802424015978795,Car_14_Gas,Car_14_Gas,Car_14_Gas,WALK,0.239775716628741,,,-9.0,3out_3in,eatout
36979,739,othmaint,1,1,1,1,non_mandatory,1,16287.0,332.0,282,10.0,28.0,18.0,,,-9.0,414.0,,False,True,11.602572563697224,Pickup_11_Gas,Pickup_11_Gas,Pickup_11_Gas,DRIVEALONE,-1.7777035676670545,Pickup_11_Gas,,-9.0,0out_0in,othmaint
37025,740,othdiscr,1,1,1,1,non_mandatory,1,332.0,332.0,283,14.0,16.0,2.0,,,-9.0,548.0,,False,True,16.9350744160957,Car_16_Gas,Car_16_Gas,Car_16_Gas,WALK,1.5036107338971647,,,-9.0,0out_1in,othdiscr
37050,741,business,1,1,1,1,atwork,1,746.0,1380.0,284,20.0,40.0,20.0,,,-9.0,761.0,,,,-3.3420422410244206,,,,DRIVEALONE,-6.722319603326157,Car_10_Gas,,37098.0,0out_1in,atwork
37056,741,eatout,1,1,2,2,non_mandatory,1,3714.0,332.0,284,14.0,14.0,0.0,,,-9.0,546.0,,False,True,14.273908724404189,Car_10_Gas,Car_12_Gas,Car_12_Gas,WALK,2.015858926624499,,,-9.0,0out_0in,eatout
37098,741,work,1,1,1,2,mandatory,1,1380.0,332.0,284,20.0,41.0,21.0,,,-9.0,762.0,,,,-9.0,Car_10_Gas,Car_10_Gas,Car_12_Gas,DRIVEALONE,-3.960486319587622,Car_10_Gas,business1,-9.0,2out_2in,work
37133,742,school,2,1,1,2,mandatory,1,19370.0,332.0,284,12.0,23.0,11.0,,,-9.0,484.0,,,,-9.0,Car_10_Gas,Car_12_Gas,Car_10_Gas,DRIVEALONE,-5.380736596974358,Car_10_Gas,,-9.0,3out_0in,univ
37134,742,school,2,2,2,2,mandatory,1,19370.0,332.0,284,34.0,42.0,8.0,,,-9.0,1064.0,,,,-9.0,Car_12_Gas,Car_12_Gas,Car_12_Gas,SHARED3,-5.231994003565396,Car_12_Gas,,-9.0,2out_0in,univ
37248,744,work,1,1,1,1,mandatory,1,18642.0,332.0,285,10.0,25.0,15.0,,,-9.0,411.0,,,,-9.0,Pickup_20_Gas,Pickup_20_Gas,Pickup_20_Gas,DRIVEALONE,-3.3386756230383963,Pickup_20_Gas,no_subtours,-9.0,0out_0in,work
37315,747,othdiscr,1,1,1,1,joint,2,229.0,332.0,286,31.0,32.0,1.0,,,-9.0,1006.0,adults,False,True,16.36844877554064,non_hh_veh,non_hh_veh,non_hh_veh,SHARED2,0.6848646438885742,non_hh_veh,,-9.0,0out_1in,othdiscr
37433,748,school,1,1,1,1,mandatory,1,8972.0,332.0,286,8.0,25.0,17.0,,pure_escort,-9.0,332.0,,,,-9.0,non_hh_veh,non_hh_veh,non_hh_veh,SHARED2,31.790086416641856,non_hh_veh,,-9.0,1out_0in,school
37491,749,shopping,1,1,1,1,non_mandatory,1,2465.0,332.0,286,17.0,18.0,1.0,,,-9.0,649.0,,False,True,12.642620582316034,non_hh_veh,non_hh_veh,non_hh_veh,WALK,5.740372088841774,,,-9.0,2out_0in,shopping
37509,750,escort,2,1,1,2,non_mandatory,1,7979.0,332.0,286,7.0,8.0,1.0,,,-9.0,274.0,,False,True,15.62974330399506,non_hh_veh,non_hh_veh,non_hh_veh,WALK,3.2298376804241795,,,-9.0,0out_0in,escort
37510,750,escort,2,2,2,2,non_mandatory,1,3024.0,332.0,286,8.0,8.0,0.0,,,-9.0,315.0,,False,True,15.879603267616838,non_hh_veh,non_hh_veh,non_hh_veh,WALK,3.021074149354335,,,-9.0,0out_0in,escort
37575,751,othdiscr,1,1,2,2,non_mandatory,1,565.0,332.0,286,13.0,15.0,2.0,,,-9.0,512.0,,False,True,17.607514550864764,non_hh_veh,non_hh_veh,non_hh_veh,WALK,3.191411978390173,,,-9.0,0out_0in,othdiscr
37585,751,escort,1,1,1,2,non_mandatory,1,8972.0,332.0,286,19.0,25.0,6.0,,pure_escort,1.0,717.0,,False,True,-9.0,non_hh_veh,non_hh_veh,non_hh_veh,SHARED2,-5.532181704019743,non_hh_veh,,-9.0,0out_0in,escort
37619,752,shopping,1,1,1,1,joint,2,24331.0,332.0,287,16.0,30.0,14.0,,,-9.0,629.0,adults,True,False,3.1133258128620915,Car_5_Gas,Pickup_15_Gas,Car_1_BEV,SHARED2,-3.423467507880769,Pickup_15_Gas,,-9.0,3out_3in,shopping
37679,753,othmaint,1,1,1,1,non_mandatory,1,2465.0,332.0,287,11.0,14.0,3.0,,,-9.0,438.0,,False,True,11.679403504612273,Car_1_BEV,Pickup_15_Gas,Car_1_BEV,DRIVEALONE,-0.0140818147823138,Car_1_BEV,,-9.0,2out_0in,othmaint
37775,755,othdiscr,1,1,3,3,non_mandatory,1,3727.0,332.0,288,5.0,7.0,2.0,,,-9.0,188.0,,False,True,17.190587374930512,Car_3_Gas,Car_3_Gas,Car_3_Gas,BIKE,1.0456577681989363,,,-9.0,0out_0in,othdiscr
37798,755,work,2,1,1,3,mandatory,1,18969.0,332.0,288,12.0,29.0,17.0,,,-9.0,490.0,,,,-9.0,Car_3_Gas,Car_3_Gas,Car_3_Gas,DRIVEALONE,-3.401132802957907,Car_3_Gas,no_subtours,-9.0,0out_1in,work
37799,755,work,2,2,2,3,mandatory,1,18969.0,332.0,288,36.0,36.0,0.0,,,-9.0,1085.0,,,,-9.0,Car_3_Gas,Car_3_Gas,Car_3_Gas,DRIVEALONE,-3.229047662332692,Car_3_Gas,no_subtours,-9.0,0out_0in,work
37825,756,othdiscr,1,1,2,2,non_mandatory,1,2531.0,332.0,288,14.0,14.0,0.0,,,-9.0,546.0,,False,True,17.406025041230258,Car_3_Gas,Car_3_Gas,Car_3_Gas,WALK,0.6045309039908439,,,-9.0,0out_2in,othdiscr
37829,756,othmaint,1,1,1,2,non_mandatory,1,1805.0,332.0,288,14.0,24.0,10.0,,,-9.0,556.0,,False,True,14.067686930809646,Car_3_Gas,Car_3_Gas,Car_3_Gas,WALK,0.8063623044603238,,,-9.0,0out_0in,othmaint
37859,757,escort,3,1,1,4,non_mandatory,1,2965.0,359.0,289,29.0,29.0,0.0,,,-9.0,966.0,,False,True,12.053841634942538,Car_10_Gas,Car_9_Gas,Car_10_Gas,DRIVEALONE,-0.2796290087177182,Car_10_Gas,,-9.0,1out_0in,escort
37860,757,escort,3,2,2,4,non_mandatory,1,3579.0,359.0,289,12.0,13.0,1.0,,,-9.0,474.0,,False,True,12.041177882126808,Car_5_Gas,SUV_11_Gas,SUV_11_Gas,DRIVEALONE,-0.9266382027375007,Car_5_Gas,,-9.0,0out_0in,escort
37861,757,escort,3,3,3,4,non_mandatory,1,100.0,359.0,289,6.0,8.0,2.0,,,-9.0,232.0,,False,True,12.221420697357376,SUV_11_Gas,Car_9_Gas,SUV_11_Gas,DRIVEALONE,-1.4115438863069696,SUV_11_Gas,,-9.0,0out_1in,escort
37891,757,shopping,1,1,4,4,non_mandatory,1,2465.0,359.0,289,14.0,15.0,1.0,,,-9.0,547.0,,False,True,10.00014599086254,Car_5_Gas,SUV_11_Gas,Car_9_Gas,WALK,0.1488188375170076,,,-9.0,0out_0in,shopping
38029,760,othmaint,1,1,1,1,non_mandatory,1,3218.0,359.0,291,17.0,28.0,11.0,,,-9.0,659.0,,False,True,11.604049859374545,Car_3_Gas,Car_3_Gas,Car_3_Gas,DRIVEALONE,-0.1644322307694183,Car_3_Gas,,-9.0,1out_0in,othmaint
38075,761,othdiscr,1,1,3,3,non_mandatory,1,8669.0,359.0,292,18.0,20.0,2.0,,,-9.0,682.0,,False,True,15.23914920859148,Van_20_Gas,SUV_2_Gas,Van_20_Gas,WALK,0.3360470573001569,,,-9.0,0out_1in,othdiscr
38085,761,escort,2,1,1,3,non_mandatory,1,9910.0,359.0,292,11.0,17.0,6.0,pure_escort,,3.0,441.0,,False,True,-9.0,SUV_2_Gas,SUV_2_Gas,Van_20_Gas,SHARED3,-3.063170691293496,Van_20_Gas,,-9.0,2out_0in,escort
38086,761,escort,2,2,2,3,non_mandatory,1,11793.0,359.0,292,27.0,27.0,0.0,,pure_escort,3.0,923.0,,False,True,-9.0,Van_20_Gas,SUV_2_Gas,SUV_2_Gas,WALK,0.124125336027702,,,-9.0,0out_2in,escort
38133,762,school,1,1,1,1,mandatory,1,7004.0,359.0,292,8.0,27.0,19.0,,,-9.0,334.0,,,,-9.0,SUV_2_Gas,SUV_2_Gas,SUV_2_Gas,WALK,4.023376373936296,,,-9.0,1out_0in,school
38183,763,school,1,1,1,1,mandatory,1,16496.0,359.0,292,8.0,29.0,21.0,,,-9.0,336.0,,,,-9.0,SUV_2_Gas,SUV_2_Gas,SUV_2_Gas,SHARED3,-3.3457624004072546,SUV_2_Gas,,-9.0,1out_0in,school
38225,764,othdiscr,1,1,2,2,non_mandatory,1,11183.0,359.0,292,32.0,35.0,3.0,,,-9.0,1026.0,,False,True,15.497084627963613,Van_20_Gas,Van_20_Gas,SUV_2_Gas,WALK,3.947060447692504,,,-9.0,0out_0in,othdiscr
38233,764,school,1,1,1,2,mandatory,1,11793.0,359.0,292,11.0,27.0,16.0,pure_escort,pure_escort,-9.0,451.0,,,,-9.0,Van_20_Gas,SUV_2_Gas,SUV_2_Gas,WALK,5.214951659264128,,,-9.0,0out_0in,school
38283,765,school,1,1,1,1,mandatory,1,9910.0,359.0,292,11.0,27.0,16.0,pure_escort,pure_escort,-9.0,451.0,,,,-9.0,SUV_2_Gas,SUV_2_Gas,SUV_2_Gas,WALK,-6.610248637943141,,,-9.0,2out_2in,school
38309,766,escort,1,1,2,2,non_mandatory,1,16282.0,359.0,292,27.0,29.0,2.0,,,-9.0,925.0,,False,True,13.586710707527136,SUV_2_Gas,SUV_2_Gas,SUV_2_Gas,SHARED3,-1.987599734763451,SUV_2_Gas,,-9.0,1out_0in,escort
38333,766,school,1,1,1,2,mandatory,1,18578.0,359.0,292,11.0,27.0,16.0,pure_escort,pure_escort,-9.0,451.0,,,,-9.0,SUV_2_Gas,SUV_2_Gas,SUV_2_Gas,WALK,-1.6893776747385785,,,-9.0,1out_1in,school
38359,767,escort,1,1,2,2,non_mandatory,1,16126.0,359.0,293,8.0,9.0,1.0,,,-9.0,316.0,,False,True,13.042763994461206,Car_9_Gas,Car_9_Gas,Car_9_BEV,BIKE,-4.848810281422317,,,-9.0,0out_0in,escort
38369,767,shopping,1,1,1,2,joint,4,24331.0,359.0,293,11.0,27.0,16.0,,,-9.0,451.0,mixed,True,False,3.274503292176448,Car_9_BEV,Car_9_BEV,Car_9_Gas,SHARED3,-15.082703112033377,Car_9_Gas,,-9.0,3out_3in,shopping
38606,772,eatout,1,1,2,2,non_mandatory,1,2465.0,359.0,294,33.0,34.0,1.0,,,-9.0,1041.0,,False,True,14.907088501711153,Car_10_Gas,Car_10_Gas,SUV_3_Gas,WALK,1.421666796743286,,,-9.0,0out_0in,eatout
38648,772,work,1,1,1,2,mandatory,1,23016.0,359.0,294,10.0,28.0,18.0,,,-9.0,414.0,,,,-9.0,SUV_3_Gas,Car_10_Gas,SUV_3_Gas,DRIVEALONE,-2.95837188963513,SUV_3_Gas,no_subtours,-9.0,0out_2in,work
38725,774,othdiscr,1,1,1,1,non_mandatory,1,1347.0,359.0,295,15.0,34.0,19.0,,,-9.0,600.0,,False,True,15.418179391577011,non_hh_veh,non_hh_veh,non_hh_veh,WALK,2.370856853123922,,,-9.0,0out_2in,othdiscr
38779,775,othmaint,1,1,1,1,non_mandatory,1,2723.0,359.0,296,14.0,14.0,0.0,,,-9.0,546.0,,False,True,12.498990799662003,SUV_20_Gas,SUV_7_Gas,SUV_7_Gas,DRIVEALONE,1.3940548979130714,SUV_20_Gas,,-9.0,0out_0in,othmaint
38809,776,escort,1,1,1,2,non_mandatory,1,7004.0,359.0,296,26.0,27.0,1.0,,,-9.0,901.0,,False,True,13.084998529836042,SUV_7_Gas,SUV_20_Gas,SUV_20_Gas,DRIVEALONE,0.0428963790369585,SUV_7_Gas,,-9.0,0out_0in,escort
38825,776,othdiscr,1,1,2,2,non_mandatory,1,1347.0,359.0,296,31.0,31.0,0.0,,,-9.0,1005.0,,False,True,14.957819259439836,SUV_7_Gas,SUV_20_Gas,SUV_7_Gas,WALK,0.7520272443064654,,,-9.0,0out_0in,othdiscr
39029,780,othmaint,1,1,1,1,non_mandatory,1,23061.0,359.0,298,16.0,21.0,5.0,,,-9.0,620.0,,False,True,13.18369438118942,SUV_8_Gas,SUV_8_Gas,SUV_8_Gas,DRIVEALONE,-3.202578425091145,SUV_8_Gas,,-9.0,0out_1in,othmaint
39056,781,eatout,1,1,1,1,non_mandatory,1,2566.0,359.0,298,32.0,37.0,5.0,,,-9.0,1028.0,,False,True,16.987313898370253,SUV_8_Gas,Pickup_14_Gas,SUV_8_Gas,WALK,3.674191340519539,,,-9.0,0out_0in,eatout
39129,782,othmaint,1,1,2,2,non_mandatory,1,7892.0,359.0,299,8.0,15.0,7.0,,,-9.0,322.0,,False,True,12.717088227022083,Van_7_Gas,Van_7_Gas,Van_7_Gas,SHARED2,-7.572648057038328,Van_7_Gas,,-9.0,1out_0in,othmaint
39148,782,work,1,1,1,2,mandatory,1,10903.0,359.0,299,16.0,36.0,20.0,,,-9.0,635.0,,,,-9.0,Van_7_Gas,Van_7_Gas,Van_7_Gas,SHARED2,-2.507509312044564,Van_7_Gas,no_subtours,-9.0,0out_0in,work
39225,784,othdiscr,1,1,2,2,non_mandatory,1,2465.0,359.0,299,33.0,34.0,1.0,,,-9.0,1041.0,,False,True,14.001202752949588,Van_7_Gas,Van_7_Gas,Van_7_Gas,DRIVEALONE,0.3926932119853497,Van_7_Gas,,-9.0,0out_1in,othdiscr
39241,784,shopping,1,1,1,2,non_mandatory,1,23056.0,359.0,299,16.0,19.0,3.0,,,-9.0,618.0,,False,True,11.13252795486656,Van_7_Gas,Van_7_Gas,Van_7_Gas,DRIVEALONE,-2.1570039962937995,Van_7_Gas,,-9.0,0out_1in,shopping
39256,785,eatout,1,1,2,2,non_mandatory,1,1411.0,359.0,300,25.0,25.0,0.0,,,-9.0,876.0,,False,True,15.695366321038556,SUV_11_Hybrid,SUV_11_Hybrid,SUV_11_Hybrid,WALK,3.663355872880936,,,-9.0,0out_0in,eatout
39291,785,shopping,1,1,1,2,non_mandatory,1,2465.0,359.0,300,22.0,22.0,0.0,,,-9.0,798.0,,False,True,11.422519074808276,SUV_11_Hybrid,SUV_11_Hybrid,SUV_11_Hybrid,WALK,2.095052937636488,,,-9.0,0out_0in,shopping
39375,787,othdiscr,2,1,2,3,non_mandatory,1,1261.0,359.0,301,18.0,20.0,2.0,,,-9.0,682.0,,False,True,13.176467413892984,Car_1_Gas,Car_1_Gas,Car_16_Gas,WALK,2.031431235453331,,,-9.0,0out_0in,othdiscr
39376,787,othdiscr,2,2,3,3,non_mandatory,1,1261.0,359.0,301,11.0,14.0,3.0,,,-9.0,438.0,,False,True,13.132009069619755,Car_1_Gas,Car_1_Gas,Car_1_Gas,SHARED2,2.0251707833514496,Car_1_Gas,,-9.0,0out_1in,othdiscr
39395,787,social,1,1,1,3,non_mandatory,1,19895.0,359.0,301,20.0,37.0,17.0,,,-9.0,758.0,,False,True,13.923850554504208,Car_16_Gas,Car_1_Gas,Car_16_Gas,DRIVEALONE,-2.8323506524475377,Car_16_Gas,,-9.0,1out_0in,social
39404,788,eat,1,1,1,1,atwork,1,5098.0,12316.0,302,18.0,19.0,1.0,,,-9.0,681.0,,,,7.876643291170226,,,,DRIVEALONE,0.2082056505479364,Pickup_14_Gas,,39448.0,0out_0in,atwork
39448,788,work,1,1,1,1,mandatory,1,12316.0,359.0,302,10.0,30.0,20.0,,,-9.0,416.0,,,,-9.0,Pickup_14_Gas,Pickup_14_Gas,Pickup_14_Gas,DRIVEALONE,-8.077213876204159,Pickup_14_Gas,eat,-9.0,1out_0in,work
39475,789,othdiscr,1,1,1,1,non_mandatory,1,2465.0,359.0,303,22.0,28.0,6.0,,,-9.0,804.0,,False,True,14.576323856121396,non_hh_veh,non_hh_veh,non_hh_veh,WALK,2.2867697256320496,,,-9.0,3out_3in,othdiscr
39554,791,eat,1,1,1,1,atwork,1,19451.0,24331.0,305,19.0,21.0,2.0,,,-9.0,713.0,,,,0.6225010708583961,,,,SHARED2,-9.115195467643298,SUV_11_Gas,,39598.0,0out_0in,atwork
39598,791,work,1,1,1,1,mandatory,1,24331.0,359.0,305,7.0,33.0,26.0,,,-9.0,299.0,,,,-9.0,SUV_11_Gas,SUV_11_Gas,SUV_11_Gas,DRIVEALONE,-3.030758766339741,SUV_11_Gas,eat,-9.0,0out_0in,work
39604,792,eat,1,1,1,1,atwork,1,23235.0,23225.0,305,17.0,18.0,1.0,,,-9.0,649.0,,,,7.849454455418479,,,,DRIVEALONE,0.200721417499595,SUV_11_Gas,,39648.0,0out_0in,atwork
39648,792,work,1,1,1,1,mandatory,1,23225.0,359.0,305,15.0,41.0,26.0,,,-9.0,607.0,,,,-9.0,SUV_11_Gas,SUV_11_Gas,SUV_11_Gas,DRIVEALONE,-1.822068360960254,SUV_11_Gas,eat,-9.0,0out_0in,work
39669,793,shopping,1,1,1,1,joint,4,3579.0,359.0,306,28.0,32.0,4.0,,,-9.0,949.0,adults,False,True,10.415520582630906,Car_9_Gas,Car_9_Gas,Car_9_Gas,WALK,-49.76879762761433,,,-9.0,0out_0in,shopping
39709,794,escort,1,1,1,1,non_mandatory,1,16208.0,359.0,306,25.0,27.0,2.0,,,-9.0,878.0,,False,True,13.527301226939414,Car_9_Gas,Car_9_Gas,Car_9_Gas,DRIVEALONE,-1.1874541275099972,Car_9_Gas,,-9.0,0out_0in,escort
39875,797,othdiscr,1,1,1,1,non_mandatory,1,8471.0,409.0,307,31.0,34.0,3.0,,,-9.0,1008.0,,False,True,14.421009084851574,SUV_20_Gas,SUV_20_Gas,SUV_20_Gas,DRIVEALONE,0.3187521397239971,SUV_20_Gas,,-9.0,0out_1in,othdiscr
39941,798,shopping,1,1,1,1,non_mandatory,1,18477.0,409.0,307,25.0,26.0,1.0,,,-9.0,877.0,,False,True,8.88583577098515,Pickup_6_Gas,Pickup_6_Gas,Pickup_6_Gas,SHARED2,-3.4286293783418897,Pickup_6_Gas,,-9.0,0out_3in,shopping
40056,801,eatout,1,1,2,2,non_mandatory,1,15429.0,409.0,309,6.0,11.0,5.0,,,-9.0,235.0,,False,True,13.99569677271212,Car_4_Gas,Car_4_Gas,Car_4_Gas,DRIVEALONE,-3.6621149416917578,Car_4_Gas,,-9.0,0out_0in,eatout
40079,801,othmaint,1,1,1,2,non_mandatory,1,24001.0,409.0,309,16.0,29.0,13.0,,,-9.0,628.0,,False,True,12.09200470545169,Car_4_Gas,Car_4_Gas,Car_4_Gas,DRIVEALONE,-3.390813440212665,Car_4_Gas,,-9.0,0out_1in,othmaint
40104,802,eat,1,1,1,1,atwork,1,18531.0,24331.0,310,18.0,20.0,2.0,,,-9.0,682.0,,,,-0.8280513767229828,,,,DRIVEALONE,-11.274660062236894,Pickup_16_Gas,,40148.0,0out_0in,atwork
40148,802,work,2,1,1,2,mandatory,1,24331.0,409.0,310,9.0,36.0,27.0,,,-9.0,383.0,,,,-9.0,Pickup_16_Gas,Car_20_Gas,Pickup_16_Gas,DRIVEALONE,-4.510415535379574,Pickup_16_Gas,eat,-9.0,1out_0in,work
40149,802,work,2,2,2,2,mandatory,1,24331.0,409.0,310,41.0,42.0,1.0,,,-9.0,1141.0,,,,-9.0,Car_20_Gas,Pickup_3_Gas,Pickup_3_Gas,DRIVEALONE,-4.189357013430335,Car_20_Gas,no_subtours,-9.0,0out_0in,work
40185,803,escort,1,1,2,2,non_mandatory,1,16377.0,409.0,310,8.0,10.0,2.0,pure_escort,,1.0,317.0,,False,True,-9.0,Pickup_16_Gas,Pickup_3_Gas,Pickup_3_Gas,SHARED3,-0.2380377132617626,Pickup_3_Gas,,-9.0,0out_0in,escort
40198,803,work,1,1,1,2,mandatory,1,8471.0,409.0,310,10.0,27.0,17.0,ride_share,ride_share,1.0,413.0,,,,-9.0,Pickup_3_Gas,Car_20_Gas,Pickup_3_Gas,SHARED2,0.2378796641308609,Car_20_Gas,no_subtours,-9.0,1out_1in,work
40233,804,school,1,1,1,1,mandatory,1,723.0,409.0,310,9.0,28.0,19.0,,,-9.0,375.0,,,,-9.0,Pickup_3_Gas,Pickup_16_Gas,Pickup_3_Gas,DRIVEALONE,-9.025304249310697,Pickup_3_Gas,,-9.0,1out_0in,school
40283,805,school,1,1,1,1,mandatory,1,16377.0,409.0,310,8.0,27.0,19.0,pure_escort,ride_share,-9.0,334.0,,,,-9.0,Car_20_Gas,Car_20_Gas,Pickup_3_Gas,SHARED2,-0.8460469394457814,Car_20_Gas,,-9.0,0out_0in,school
40333,806,school,1,1,1,1,mandatory,1,4962.0,409.0,310,10.0,26.0,16.0,ride_share,,-9.0,412.0,,,,-9.0,Car_20_Gas,Pickup_3_Gas,Pickup_16_Gas,SHARED2,6.931075972576707,Pickup_3_Gas,,-9.0,0out_0in,school
40363,807,eatout,1,1,1,2,joint,3,13127.0,409.0,311,31.0,33.0,2.0,,,-9.0,1007.0,adults,False,True,13.388863321673693,Car_10_Gas,Car_10_Gas,SUV_4_Gas,WALK,-1.2045493952894757,,,-9.0,0out_0in,eatout
40379,807,othmaint,1,1,2,2,non_mandatory,1,3579.0,409.0,311,22.0,25.0,3.0,,,-9.0,801.0,,False,True,11.45244517561142,SUV_4_Gas,SUV_4_Gas,SUV_10_Gas,SHARED2,0.284944638014744,SUV_4_Gas,,-9.0,0out_0in,othmaint
40491,809,shopping,1,1,1,1,non_mandatory,1,23050.0,409.0,311,17.0,26.0,9.0,,,-9.0,657.0,,False,True,10.341225357416011,SUV_4_Gas,SUV_10_Gas,Car_10_Gas,DRIVEALONE,-3.0032531127428803,SUV_4_Gas,,-9.0,0out_0in,shopping
40504,810,eat,1,1,1,1,atwork,1,12381.0,12790.0,312,18.0,18.0,0.0,,,-9.0,680.0,,,,4.697764005746977,,,,SHARED3,-1.21732201390871,Van_20_Gas,,40548.0,0out_0in,atwork
40548,810,work,1,1,1,1,mandatory,1,12790.0,409.0,312,8.0,36.0,28.0,,,-9.0,343.0,,,,-9.0,Van_20_Gas,Van_20_Gas,Van_20_Gas,DRIVEALONE,-3.5281435586729306,Van_20_Gas,eat,-9.0,0out_0in,work
40554,811,eat,1,1,1,1,atwork,1,11415.0,8127.0,312,20.0,21.0,1.0,,,-9.0,742.0,,,,4.254583594226545,,,,SHARED2,-3.585278505046384,Van_20_Gas,,40598.0,0out_0in,atwork
40598,811,work,1,1,1,1,mandatory,1,8127.0,409.0,312,10.0,35.0,25.0,,,-9.0,421.0,,,,-9.0,Van_20_Gas,Van_20_Gas,Van_20_Gas,DRIVEALONE,-3.4040970255350214,Van_20_Gas,eat,-9.0,1out_1in,work
40625,812,othdiscr,1,1,2,2,non_mandatory,1,3627.0,409.0,313,31.0,35.0,4.0,,,-9.0,1009.0,,False,True,15.696919563202345,Car_8_Gas,Car_8_Gas,Car_8_Gas,WALK,1.371994691203107,,,-9.0,0out_0in,othdiscr
40629,812,othmaint,1,1,1,2,non_mandatory,1,12534.0,409.0,313,21.0,27.0,6.0,,,-9.0,776.0,,False,True,11.790927575945926,Car_8_Gas,Car_8_Gas,Car_8_Gas,DRIVEALONE,-1.6015740939285972,Car_8_Gas,,-9.0,2out_0in,othmaint
40729,814,othmaint,1,1,1,1,non_mandatory,1,18366.0,409.0,314,17.0,20.0,3.0,,,-9.0,651.0,,False,True,12.596590671272612,Car_12_Gas,Car_12_Gas,Car_12_Gas,BIKE,-3.581037299637229,,,-9.0,0out_0in,othmaint
40775,815,othdiscr,1,1,1,1,non_mandatory,1,4962.0,409.0,315,20.0,30.0,10.0,,,-9.0,751.0,,False,True,15.624144435022805,Car_2_Gas,Car_17_Gas,Car_2_Gas,WALK,2.033665560868049,,,-9.0,0out_2in,othdiscr
40848,816,work,2,1,1,2,mandatory,1,19574.0,409.0,315,10.0,23.0,13.0,,,-9.0,409.0,,,,-9.0,Car_2_Gas,Car_2_Gas,Car_2_Gas,DRIVEALONE,-1.8168627238702189,Car_2_Gas,no_subtours,-9.0,0out_0in,work
40849,816,work,2,2,2,2,mandatory,1,19574.0,409.0,315,28.0,29.0,1.0,,,-9.0,946.0,,,,-9.0,Car_17_Gas,Car_2_Gas,Car_2_Gas,DRIVEALONE,-1.917420982016077,Car_17_Gas,no_subtours,-9.0,0out_0in,work
40891,817,shopping,1,1,1,1,non_mandatory,1,23883.0,409.0,316,18.0,25.0,7.0,,,-9.0,687.0,,False,True,10.155947089670788,Car_16_Gas,Car_16_Gas,Car_16_Gas,DRIVEALONE,-2.000301003877011,Car_16_Gas,,-9.0,0out_0in,shopping
40933,818,school,1,1,1,1,mandatory,1,16374.0,409.0,316,9.0,24.0,15.0,,,-9.0,371.0,,,,-9.0,Car_16_Gas,Car_16_Gas,Car_16_Gas,BIKE,-0.3467916263463024,,,-9.0,0out_0in,school
40983,819,school,1,1,1,1,mandatory,1,7211.0,409.0,316,12.0,27.0,15.0,,,-9.0,488.0,,,,-9.0,Car_16_Gas,Car_16_Gas,Car_16_Gas,WALK,5.800375861447775,,,-9.0,1out_0in,school
41025,820,othdiscr,1,1,1,1,non_mandatory,1,11201.0,409.0,317,9.0,33.0,24.0,,,-9.0,380.0,,False,True,15.119677920092297,Pickup_2_Gas,Car_9_Gas,SUV_4_Gas,WALK,0.7180315109769224,,,-9.0,0out_0in,othdiscr
41095,821,social,1,1,1,1,non_mandatory,1,5494.0,409.0,317,16.0,36.0,20.0,,,-9.0,635.0,,False,True,14.376708900143017,SUV_4_Gas,Pickup_2_Gas,SUV_4_Gas,DRIVEALONE,-6.073640414580922,SUV_4_Gas,,-9.0,0out_1in,social
41106,822,eatout,1,1,1,2,non_mandatory,1,16053.0,468.0,318,28.0,38.0,10.0,,,-9.0,955.0,,False,True,15.194556842453007,Van_9_Gas,Van_9_Gas,non_hh_veh,SHARED3,-1.234751261948451,non_hh_veh,,-9.0,0out_0in,eatout
41125,822,othdiscr,1,1,2,2,non_mandatory,1,14337.0,468.0,318,14.0,15.0,1.0,,,-9.0,547.0,,False,True,15.518391650757671,Van_9_Gas,Van_9_Gas,Van_9_Gas,DRIVEALONE,-1.1628201865894428,Van_9_Gas,,-9.0,0out_1in,othdiscr
41159,823,escort,5,5,5,6,non_mandatory,1,13557.0,468.0,319,29.0,29.0,0.0,,,-9.0,966.0,,False,True,13.192601700286245,Pickup_19_Gas,Van_6_Gas,Van_6_Gas,SHARED3,-0.9375590837051112,Van_6_Gas,,-9.0,1out_1in,escort
41179,823,othmaint,1,1,6,6,non_mandatory,1,3132.0,468.0,319,18.0,22.0,4.0,,,-9.0,684.0,,False,True,13.130630465654692,Van_6_Gas,Van_6_Gas,Van_6_Gas,WALK,1.3181945711415222,,,-9.0,0out_0in,othmaint
41185,823,escort,5,1,1,6,non_mandatory,1,5878.0,468.0,319,10.0,18.0,8.0,pure_escort,,3.0,404.0,,False,True,-9.0,Pickup_19_Gas,Van_6_Gas,Van_6_Gas,SHARED3,-2.4258737344506494,Van_6_Gas,,-9.0,2out_0in,escort
41186,823,escort,5,2,2,6,non_mandatory,1,7004.0,468.0,319,24.0,25.0,1.0,,pure_escort,1.0,852.0,,False,True,-9.0,Van_6_Gas,Van_6_Gas,Van_6_Gas,SHARED2,0.5209819562128144,Van_6_Gas,,-9.0,0out_0in,escort
41187,823,escort,5,3,3,6,non_mandatory,1,5878.0,468.0,319,26.0,27.0,1.0,,pure_escort,1.0,901.0,,False,True,-9.0,Pickup_19_Gas,Pickup_19_Gas,Van_6_Gas,SHARED3,-2.70450160217699,Van_6_Gas,,-9.0,0out_0in,escort
41188,823,escort,5,4,4,6,non_mandatory,1,7211.0,468.0,319,29.0,29.0,0.0,,pure_escort,1.0,966.0,,False,True,-9.0,Pickup_19_Gas,Van_6_Gas,Van_6_Gas,WALK,0.358603651884598,,,-9.0,0out_0in,escort
41233,824,school,1,1,1,1,mandatory,1,7211.0,468.0,319,10.0,27.0,17.0,,,-9.0,413.0,,,,-9.0,Van_6_Gas,Van_6_Gas,Van_6_Gas,WALK,5.25450931502731,,,-9.0,1out_0in,school
41283,825,school,1,1,1,1,mandatory,1,7004.0,468.0,319,10.0,25.0,15.0,pure_escort,pure_escort,-9.0,411.0,,,,-9.0,Pickup_19_Gas,Pickup_19_Gas,Van_6_Gas,SHARED2,6.210838532561274,Pickup_19_Gas,,-9.0,0out_0in,school
41325,826,othdiscr,1,1,1,1,non_mandatory,1,468.0,468.0,319,14.0,15.0,1.0,,,-9.0,547.0,,False,True,17.12213162344852,Van_6_Gas,Van_6_Gas,Van_6_Gas,WALK,4.637190113116044,,,-9.0,0out_0in,othdiscr
41383,827,school,1,1,1,1,mandatory,1,5878.0,468.0,319,10.0,27.0,17.0,pure_escort,pure_escort,-9.0,413.0,,,,-9.0,Van_6_Gas,Van_6_Gas,Van_6_Gas,SHARED3,1.0977967686396723,Van_6_Gas,,-9.0,2out_0in,school
41425,828,othdiscr,1,1,2,2,non_mandatory,1,322.0,468.0,319,29.0,30.0,1.0,,,-9.0,967.0,,False,True,17.01518014697533,Pickup_19_Gas,Van_6_Gas,Van_6_Gas,WALK,3.854351216908651,,,-9.0,0out_0in,othdiscr
41433,828,school,1,1,1,2,mandatory,1,7211.0,468.0,319,10.0,29.0,19.0,pure_escort,pure_escort,-9.0,415.0,,,,-9.0,Van_6_Gas,Van_6_Gas,Van_6_Gas,WALK,4.180883821769581,,,-9.0,1out_0in,school
41491,829,shopping,2,1,1,2,non_mandatory,1,11200.0,468.0,320,17.0,18.0,1.0,,,-9.0,649.0,,False,True,10.497080865353608,SUV_20_Gas,SUV_20_Gas,SUV_10_Gas,DRIVEALONE,-0.5664945516031017,SUV_20_Gas,,-9.0,0out_0in,shopping
41492,829,shopping,2,2,2,2,non_mandatory,1,6227.0,468.0,320,13.0,14.0,1.0,,,-9.0,511.0,,False,True,10.383313272001688,SUV_20_Gas,SUV_10_Gas,SUV_10_Gas,DRIVEALONE,-0.0169400217047558,SUV_20_Gas,,-9.0,0out_0in,shopping
41525,830,othdiscr,1,1,1,1,non_mandatory,1,1978.0,468.0,321,32.0,36.0,4.0,,,-9.0,1027.0,,False,True,14.889087041380408,Car_10_Gas,Car_18_Gas,Car_10_Gas,WALK,2.094348545296798,,,-9.0,0out_1in,othdiscr
41579,831,othmaint,1,1,3,3,non_mandatory,1,11200.0,468.0,321,11.0,12.0,1.0,,,-9.0,436.0,,False,True,11.999115248223289,Car_18_Gas,Car_10_Gas,Car_10_Gas,DRIVEALONE,1.234119573248789,Car_18_Gas,,-9.0,3out_3in,othmaint
41591,831,shopping,2,1,1,3,non_mandatory,1,10835.0,468.0,321,19.0,19.0,0.0,,,-9.0,711.0,,False,True,10.341546512899065,Car_10_Gas,Car_10_Gas,Car_18_Gas,SHARED2,0.921536541950006,Car_10_Gas,,-9.0,0out_0in,shopping
41592,831,shopping,2,2,2,3,non_mandatory,1,2465.0,468.0,321,20.0,24.0,4.0,,,-9.0,745.0,,False,True,10.194377960816558,Car_10_Gas,Car_18_Gas,Car_18_Gas,WALK,1.3896826365945552,,,-9.0,0out_0in,shopping
41645,832,social,1,1,1,1,non_mandatory,1,1393.0,468.0,322,25.0,31.0,6.0,,,-9.0,882.0,,False,True,14.573591568900298,Car_2_Hybrid,Pickup_11_Gas,Car_2_Hybrid,WALK,2.238561177507592,,,-9.0,0out_0in,social
41679,833,othmaint,1,1,1,1,non_mandatory,1,16195.0,468.0,322,27.0,30.0,3.0,,,-9.0,926.0,,False,True,12.547264301343883,Car_2_Hybrid,Car_2_Hybrid,Pickup_11_Gas,DRIVEALONE,-2.107205272667926,Car_2_Hybrid,,-9.0,0out_0in,othmaint
41741,834,shopping,1,1,1,1,non_mandatory,1,2465.0,468.0,323,22.0,29.0,7.0,,,-9.0,805.0,,False,True,10.467558767422748,Car_20_Gas,SUV_7_Gas,SUV_7_Gas,WALK,0.485838163974695,,,-9.0,0out_0in,shopping
41856,837,eatout,1,1,1,1,non_mandatory,1,6291.0,468.0,324,33.0,34.0,1.0,,,-9.0,1041.0,,False,True,15.571222662494012,Car_15_Gas,Car_15_Gas,Pickup_11_Gas,WALK,1.788510851156486,,,-9.0,0out_0in,eatout
41998,839,work,1,1,1,1,mandatory,1,16099.0,468.0,325,8.0,17.0,9.0,,,-9.0,324.0,,,,-9.0,Car_10_Gas,Car_10_Gas,Car_10_Gas,SHARED3,-1.0373788794686838,Car_10_Gas,no_subtours,-9.0,0out_0in,work
42041,840,shopping,2,1,1,2,non_mandatory,1,822.0,468.0,325,21.0,23.0,2.0,,,-9.0,772.0,,False,True,10.442125799831931,Car_10_Gas,Car_10_Gas,Car_10_Gas,WALK,1.2893993259272845,,,-9.0,2out_1in,shopping
42042,840,shopping,2,2,2,2,non_mandatory,1,3356.0,468.0,325,18.0,19.0,1.0,,,-9.0,681.0,,False,True,9.768068126928542,Car_10_Gas,Car_10_Gas,Car_10_Gas,WALK,1.0679706612308693,,,-9.0,1out_0in,shopping
42075,841,othdiscr,1,1,1,1,non_mandatory,1,1865.0,468.0,325,15.0,28.0,13.0,,,-9.0,594.0,,False,True,15.88643782043218,Car_10_Gas,Car_10_Gas,Car_10_Gas,WALK,0.4794339688417055,,,-9.0,0out_0in,othdiscr
42129,842,othmaint,1,1,2,2,non_mandatory,1,2465.0,468.0,326,31.0,40.0,9.0,,,-9.0,1014.0,,False,True,12.997244472315364,non_hh_veh,non_hh_veh,non_hh_veh,WALK,3.935269344339152,,,-9.0,2out_0in,othmaint
42141,842,shopping,1,1,1,2,non_mandatory,1,2465.0,468.0,326,25.0,25.0,0.0,,,-9.0,876.0,,False,True,11.499279907382824,non_hh_veh,non_hh_veh,non_hh_veh,WALK,3.9409929335307736,,,-9.0,0out_0in,shopping
42198,843,work,1,1,1,1,mandatory,1,4677.0,468.0,326,10.0,30.0,20.0,,,-9.0,416.0,,,,-9.0,non_hh_veh,non_hh_veh,non_hh_veh,WALK_MIX,-3.0258915455545883,,no_subtours,-9.0,0out_0in,work
42225,844,othdiscr,1,1,2,2,non_mandatory,1,3538.0,468.0,327,12.0,13.0,1.0,,,-9.0,474.0,,False,True,16.54606711502241,Pickup_1_Gas,Pickup_1_Gas,SUV_11_Gas,WALK,2.539390321475285,,,-9.0,0out_0in,othdiscr
42229,844,othmaint,1,1,1,2,non_mandatory,1,18952.0,468.0,327,16.0,24.0,8.0,,,-9.0,623.0,,False,True,12.903948435099185,Pickup_1_Gas,SUV_11_Gas,Pickup_1_Gas,SHARED2,-2.771228135763092,SUV_11_Gas,,-9.0,0out_0in,othmaint
42254,845,eat,1,1,1,1,atwork,1,18531.0,18521.0,327,19.0,22.0,3.0,,,-9.0,714.0,,,,0.1909670746970514,,,,SHARED2,-4.860280832810673,,,42298.0,0out_0in,atwork
42298,845,work,1,1,1,1,mandatory,1,18521.0,468.0,327,12.0,34.0,22.0,,,-9.0,495.0,,,,-9.0,SUV_11_Gas,Pickup_1_Gas,Pickup_1_Gas,BIKE,-7.004966322218875,,eat,-9.0,1out_0in,work
42375,847,othdiscr,1,1,1,1,non_mandatory,1,2424.0,468.0,329,10.0,11.0,1.0,,,-9.0,397.0,,False,True,15.729777947026433,Pickup_6_Gas,Pickup_6_Gas,Pickup_6_Gas,WALK,2.551481044515723,,,-9.0,0out_0in,othdiscr
42429,848,othmaint,1,1,2,2,non_mandatory,1,2634.0,468.0,329,23.0,24.0,1.0,,,-9.0,826.0,,False,True,12.354469564500947,Pickup_6_Gas,Pickup_20_Gas,Pickup_6_Gas,WALK,-0.4001827310563611,,,-9.0,0out_0in,othmaint
42441,848,shopping,1,1,1,2,non_mandatory,1,23883.0,468.0,329,14.0,17.0,3.0,,,-9.0,549.0,,False,True,10.434215432955614,Pickup_6_Gas,Pickup_20_Gas,Pickup_6_Gas,DRIVEALONE,-1.4656711383457892,Pickup_6_Gas,,-9.0,2out_0in,shopping
42465,849,othdiscr,1,1,1,1,joint,2,468.0,468.0,330,15.0,16.0,1.0,,,-9.0,582.0,adults,False,True,16.366450179832807,Car_12_Gas,Car_12_Gas,Car_12_Gas,SHARED2,-0.1807530038717713,Car_12_Gas,,-9.0,0out_0in,othdiscr
42579,851,othmaint,2,1,1,2,non_mandatory,1,11200.0,468.0,330,10.0,14.0,4.0,,,-9.0,400.0,,False,True,11.86008230322664,Car_12_Gas,Car_12_Gas,Car_12_Gas,WALK,1.8500892986789927,,,-9.0,0out_0in,othmaint
42580,851,othmaint,2,2,2,2,non_mandatory,1,3132.0,468.0,330,16.0,25.0,9.0,,,-9.0,624.0,,False,True,11.378422920567656,Car_12_Gas,Car_12_Gas,Car_12_Gas,WALK,2.6327515270668225,,,-9.0,0out_0in,othmaint
42604,852,eat,1,1,1,1,atwork,1,6284.0,5548.0,331,17.0,18.0,1.0,,,-9.0,649.0,,,,5.607075704219351,,,,SHARED2,-5.749202738053963,Car_11_Gas,,42648.0,0out_0in,atwork
42648,852,work,1,1,1,1,mandatory,1,5548.0,468.0,331,5.0,28.0,23.0,,,-9.0,209.0,,,,-9.0,Car_11_Gas,Car_11_Gas,Car_11_Gas,DRIVEALONE,-2.129261882543056,Car_11_Gas,eat,-9.0,0out_2in,work
42683,853,school,1,1,1,1,mandatory,1,23114.0,468.0,331,9.0,24.0,15.0,,,-9.0,371.0,,,,-9.0,Car_11_Gas,Car_10_Gas,Car_10_Gas,DRIVEALONE,-1.0841472348896903,Car_11_Gas,,-9.0,0out_1in,univ
42704,854,eat,1,1,1,1,atwork,1,5507.0,5507.0,331,18.0,21.0,3.0,,,-9.0,683.0,,,,9.177725312850464,,,,DRIVEALONE,0.3306646623865996,Car_11_Gas,,42748.0,0out_0in,atwork
42748,854,work,1,1,1,1,mandatory,1,5507.0,468.0,331,2.0,31.0,29.0,,,-9.0,77.0,,,,-9.0,Car_11_Gas,Car_11_Gas,Car_10_Gas,DRIVEALONE,-3.2900609505422,Car_11_Gas,eat,-9.0,0out_0in,work
42754,855,eat,1,1,1,1,atwork,1,16270.0,16362.0,332,20.0,24.0,4.0,,,-9.0,745.0,,,,4.521550224342683,,,,DRIVEALONE,-0.4948513135392376,Car_9_Gas,,42798.0,0out_0in,atwork
42798,855,work,1,1,1,1,mandatory,1,16362.0,468.0,332,9.0,32.0,23.0,,,-9.0,379.0,,,,-9.0,Car_9_Gas,Car_9_Gas,Car_13_Gas,DRIVEALONE,-2.081154320715188,Car_9_Gas,eat,-9.0,0out_0in,work
42841,856,shopping,1,1,1,1,non_mandatory,1,3415.0,468.0,332,23.0,32.0,9.0,,,-9.0,834.0,,False,True,11.096654594601516,Car_9_Gas,Car_9_Gas,Car_13_Gas,WALK,2.3542734031780417,,,-9.0,1out_0in,shopping
42883,857,school,1,1,1,2,mandatory,1,23114.0,468.0,333,11.0,25.0,14.0,,,-9.0,449.0,,,,-9.0,Car_6_Gas,Car_6_Gas,Car_6_Gas,SHARED2,-1.7905463969060529,Car_6_Gas,,-9.0,0out_0in,univ
42891,857,shopping,1,1,2,2,non_mandatory,1,6953.0,468.0,333,31.0,37.0,6.0,,,-9.0,1011.0,,False,True,9.933674435978244,Car_20_Gas,Car_6_Gas,Car_6_Gas,WALK,-0.2028174791098236,,,-9.0,0out_0in,shopping
42904,858,eat,1,1,1,1,atwork,1,16087.0,16195.0,333,22.0,24.0,2.0,,,-9.0,800.0,,,,6.310317701507725,,,,WALK,0.3118093884272657,Car_6_Gas,,42948.0,0out_0in,atwork
42948,858,work,1,1,1,1,mandatory,1,16195.0,468.0,333,10.0,31.0,21.0,,,-9.0,417.0,,,,-9.0,Car_6_Gas,Car_6_Gas,Car_6_Gas,DRIVEALONE,-0.888329289511925,Car_6_Gas,eat,-9.0,0out_1in,work
42991,859,shopping,2,1,1,2,non_mandatory,1,23062.0,468.0,334,20.0,24.0,4.0,,,-9.0,745.0,,False,True,9.805929451373798,Car_8_Gas,Car_8_Gas,Pickup_11_Gas,SHARED2,-0.578751706769875,Car_8_Gas,,-9.0,0out_1in,shopping
42992,859,shopping,2,2,2,2,non_mandatory,1,338.0,468.0,334,14.0,16.0,2.0,,,-9.0,548.0,,False,True,10.168584210206037,Pickup_11_Gas,Car_8_Gas,Car_8_Gas,DRIVEALONE,1.7453733300321677,Pickup_11_Gas,,-9.0,0out_0in,shopping
43048,860,work,2,1,1,2,mandatory,1,5878.0,468.0,334,10.0,30.0,20.0,,,-9.0,416.0,,,,-9.0,Pickup_11_Gas,Pickup_11_Gas,Pickup_11_Gas,BIKE,-5.834101250882394,,no_subtours,-9.0,3out_3in,work
43049,860,work,2,2,2,2,mandatory,1,5878.0,468.0,334,9.0,10.0,1.0,,,-9.0,357.0,,,,-9.0,Car_8_Gas,Car_8_Gas,Pickup_11_Gas,DRIVEALONE,-6.019766221342657,Car_8_Gas,no_subtours,-9.0,0out_0in,work
43054,861,eat,1,1,1,1,atwork,1,19723.0,19724.0,334,17.0,18.0,1.0,,,-9.0,649.0,,,,8.613563574273082,,,,SHARED3,0.2938490533448802,Car_8_Gas,,43098.0,0out_0in,atwork
43098,861,work,1,1,1,1,mandatory,1,19724.0,468.0,334,9.0,31.0,22.0,,,-9.0,378.0,,,,-9.0,Car_8_Gas,Pickup_11_Gas,Car_8_Gas,DRIVEALONE,-8.843382644165922,Car_8_Gas,eat,-9.0,0out_1in,work
43129,862,othmaint,2,1,5,6,non_mandatory,1,16364.0,468.0,335,19.0,20.0,1.0,,,-9.0,712.0,,False,True,11.86686662198633,Pickup_8_Gas,SUV_20_Gas,SUV_20_Gas,SHARED3,-0.7411131801630618,SUV_20_Gas,,-9.0,0out_0in,othmaint
43130,862,othmaint,2,2,6,6,non_mandatory,1,19535.0,468.0,335,30.0,33.0,3.0,,,-9.0,989.0,,False,True,12.181002151013814,Pickup_8_Gas,Pickup_8_Gas,SUV_20_Gas,SHARED3,-1.7961241742732372,SUV_20_Gas,,-9.0,0out_0in,othmaint
43135,862,escort,3,1,1,6,non_mandatory,1,23872.0,468.0,335,11.0,12.0,1.0,pure_escort,,2.0,436.0,,False,True,-9.0,Pickup_8_Gas,SUV_20_Gas,SUV_20_Gas,SHARED3,0.0868565490536856,SUV_20_Gas,,-9.0,1out_0in,escort
43136,862,escort,3,2,2,6,non_mandatory,1,23872.0,468.0,335,23.0,25.0,2.0,,pure_escort,1.0,827.0,,False,True,-9.0,Pickup_8_Gas,Pickup_8_Gas,SUV_20_Gas,SHARED2,0.1834261585684795,Pickup_8_Gas,,-9.0,0out_0in,escort
43137,862,escort,3,3,3,6,non_mandatory,1,3538.0,468.0,335,27.0,27.0,0.0,,pure_escort,1.0,923.0,,False,True,-9.0,Pickup_8_Gas,Pickup_8_Gas,Pickup_8_Gas,SHARED3,1.0497784335657292,Pickup_8_Gas,,-9.0,0out_0in,escort
43141,862,shopping,1,1,4,6,non_mandatory,1,7616.0,468.0,335,16.0,18.0,2.0,,,-9.0,617.0,,False,True,10.224411004099158,Pickup_8_Gas,Pickup_8_Gas,Pickup_8_Gas,SHARED3,-0.4492984785156393,Pickup_8_Gas,,-9.0,0out_0in,shopping
43159,863,escort,1,1,1,1,non_mandatory,1,2792.0,468.0,335,10.0,11.0,1.0,,,-9.0,397.0,,False,True,14.617507417650128,SUV_20_Gas,Pickup_8_Gas,Pickup_8_Gas,WALK,1.3961498316301664,,,-9.0,0out_1in,escort
43233,864,school,1,1,1,1,mandatory,1,23872.0,468.0,335,11.0,25.0,14.0,pure_escort,pure_escort,-9.0,449.0,,,,-9.0,Pickup_8_Gas,Pickup_8_Gas,Pickup_8_Gas,SHARED2,6.222607294845199,Pickup_8_Gas,,-9.0,1out_0in,school
43283,865,school,1,1,1,1,mandatory,1,3538.0,468.0,335,11.0,27.0,16.0,pure_escort,pure_escort,-9.0,451.0,,,,-9.0,SUV_20_Gas,Pickup_8_Gas,Pickup_8_Gas,SHARED3,7.521893286570796,Pickup_8_Gas,,-9.0,0out_0in,school
43379,867,othmaint,1,1,1,1,non_mandatory,1,16364.0,468.0,336,8.0,18.0,10.0,,,-9.0,325.0,,False,True,11.04034316173547,SUV_5_Gas,SUV_5_Gas,SUV_5_Gas,SHARED2,-2.348229012961478,SUV_5_Gas,,-9.0,1out_3in,othmaint
43406,868,eatout,1,1,1,1,non_mandatory,1,18821.0,468.0,336,20.0,22.0,2.0,,,-9.0,743.0,,False,True,16.890027808043488,Pickup_7_Gas,Pickup_7_Gas,SUV_5_Gas,WALK_LOC,-1.368917958796854,,,-9.0,0out_0in,eatout
43498,869,work,1,1,1,1,mandatory,1,1785.0,468.0,337,7.0,32.0,25.0,,,-9.0,298.0,,,,-9.0,SUV_11_Gas,SUV_11_Gas,Car_4_Gas,DRIVEALONE,-4.429222209791349,SUV_11_Gas,no_subtours,-9.0,3out_3in,work
43525,870,othdiscr,2,1,2,3,non_mandatory,1,468.0,468.0,337,12.0,16.0,4.0,,,-9.0,477.0,,False,True,16.414324663437373,SUV_11_Gas,Car_4_Gas,Car_4_Gas,WALK,2.631136690624025,,,-9.0,0out_0in,othdiscr
43526,870,othdiscr,2,2,3,3,non_mandatory,1,821.0,468.0,337,18.0,19.0,1.0,,,-9.0,681.0,,False,True,15.868636172847106,Car_4_Gas,SUV_11_Gas,Car_4_Gas,DRIVEALONE,2.180049738070904,Car_4_Gas,,-9.0,0out_2in,othdiscr
43529,870,othmaint,1,1,1,3,non_mandatory,1,19510.0,468.0,337,30.0,33.0,3.0,,,-9.0,989.0,,False,True,12.29765584289983,SUV_11_Gas,SUV_11_Gas,SUV_11_Gas,DRIVEALONE,-6.179123700927971,SUV_11_Gas,,-9.0,0out_0in,othmaint
43563,872,eatout,1,1,4,4,joint,5,468.0,468.0,338,35.0,37.0,2.0,,,-9.0,1073.0,mixed,False,True,16.443731480706237,SUV_11_Gas,SUV_11_Gas,SUV_11_Gas,SHARED3,0.7465517897514105,SUV_11_Gas,,-9.0,0out_0in,eatout
43635,872,escort,3,1,1,4,non_mandatory,1,19660.0,468.0,338,8.0,9.0,1.0,pure_escort,,2.0,316.0,,False,True,-9.0,Pickup_20_Gas,SUV_11_Gas,SUV_11_Gas,SHARED3,-3.843638145187409,SUV_11_Gas,,-9.0,1out_0in,escort
43636,872,escort,3,2,2,4,non_mandatory,1,19660.0,468.0,338,12.0,29.0,17.0,,pure_escort,1.0,490.0,,False,True,-9.0,SUV_11_Gas,Pickup_20_Gas,SUV_11_Gas,SHARED3,-3.7768815171093393,SUV_11_Gas,,-9.0,0out_0in,escort
43637,872,escort,3,3,3,4,non_mandatory,1,4962.0,468.0,338,34.0,35.0,1.0,,pure_escort,1.0,1057.0,,False,True,-9.0,SUV_11_Gas,SUV_11_Gas,SUV_11_Gas,SHARED3,0.4147167262594555,SUV_11_Gas,,-9.0,0out_0in,escort
43683,873,school,1,1,1,1,mandatory,1,4962.0,468.0,338,8.0,35.0,27.0,pure_escort,pure_escort,-9.0,342.0,,,,-9.0,SUV_11_Gas,SUV_11_Gas,SUV_11_Gas,SHARED3,6.3262643694720495,SUV_11_Gas,,-9.0,0out_0in,school
43733,874,school,1,1,1,1,mandatory,1,19660.0,468.0,338,8.0,29.0,21.0,pure_escort,pure_escort,-9.0,336.0,,,,-9.0,SUV_11_Gas,SUV_11_Gas,SUV_11_Gas,SHARED3,-3.8228472248340855,SUV_11_Gas,,-9.0,1out_0in,school
43875,877,othdiscr,1,1,1,1,non_mandatory,1,7004.0,468.0,339,20.0,21.0,1.0,,,-9.0,742.0,,False,True,16.02749886327315,Pickup_4_Gas,Pickup_4_Gas,Pickup_4_Gas,WALK,1.5688676898284326,,,-9.0,0out_1in,othdiscr
43906,878,eatout,1,1,1,1,non_mandatory,1,322.0,468.0,340,21.0,22.0,1.0,,,-9.0,771.0,,False,True,16.175620472967825,Car_4_Gas,Car_4_Gas,Car_4_Gas,WALK,1.5702162391942385,,,-9.0,0out_0in,eatout
43975,879,othdiscr,2,1,1,2,non_mandatory,1,2424.0,468.0,340,12.0,14.0,2.0,,,-9.0,475.0,,False,True,16.050565723361174,Car_4_Gas,Pickup_20_Gas,Car_4_Gas,DRIVEALONE,2.1159976069907382,Car_4_Gas,,-9.0,1out_1in,othdiscr
43976,879,othdiscr,2,2,2,2,non_mandatory,1,2872.0,468.0,340,31.0,32.0,1.0,,,-9.0,1006.0,,False,True,13.972070589566568,Car_4_Gas,Car_4_Gas,Car_4_Gas,WALK,2.0216542695988875,,,-9.0,0out_0in,othdiscr
44035,880,escort,3,1,1,3,non_mandatory,1,16015.0,468.0,341,9.0,13.0,4.0,pure_escort,,2.0,360.0,,False,True,-9.0,Pickup_20_Gas,Pickup_20_Gas,Pickup_20_Gas,SHARED3,-4.691871711563152,Pickup_20_Gas,,-9.0,1out_0in,escort
44036,880,escort,3,2,2,3,non_mandatory,1,6631.0,468.0,341,25.0,25.0,0.0,,pure_escort,1.0,876.0,,False,True,-9.0,Pickup_20_Gas,Pickup_20_Gas,Pickup_20_Gas,WALK,0.027682537610223,,,-9.0,0out_0in,escort
44037,880,escort,3,3,3,3,non_mandatory,1,16015.0,468.0,341,25.0,27.0,2.0,,pure_escort,1.0,878.0,,False,True,-9.0,Motorcycle_18_Gas,Pickup_20_Gas,Pickup_20_Gas,SHARED2,-3.164997561178442,Pickup_20_Gas,,-9.0,0out_0in,escort
44083,881,school,1,1,1,1,mandatory,1,6631.0,468.0,341,9.0,25.0,16.0,pure_escort,pure_escort,-9.0,372.0,,,,-9.0,Pickup_20_Gas,Motorcycle_18_Gas,Pickup_20_Gas,WALK,6.653322234077443,,,-9.0,0out_0in,school
44133,882,school,1,1,1,1,mandatory,1,16015.0,468.0,341,9.0,27.0,18.0,pure_escort,pure_escort,-9.0,374.0,,,,-9.0,Motorcycle_18_Gas,Pickup_20_Gas,Pickup_20_Gas,SHARED2,-1.1097917808254631,Pickup_20_Gas,,-9.0,1out_0in,school
44225,884,othdiscr,1,1,1,1,non_mandatory,1,7004.0,468.0,342,11.0,15.0,4.0,,,-9.0,439.0,,False,True,14.197671698951725,Van_11_Gas,Van_11_Gas,Van_11_Gas,WALK,1.1483924779850625,,,-9.0,2out_0in,othdiscr
44275,885,othdiscr,1,1,1,1,non_mandatory,1,7004.0,468.0,342,18.0,22.0,4.0,,,-9.0,684.0,,False,True,14.581020971139646,Van_11_Gas,Van_11_Gas,Van_11_Gas,WALK,0.6317512546553504,,,-9.0,0out_1in,othdiscr
44323,886,maint,1,1,1,1,atwork,1,1159.0,24331.0,343,18.0,26.0,8.0,,,-9.0,688.0,,,,-0.8220124415231678,,,,SHARED2,-120.64002747555097,non_hh_veh,,44348.0,0out_1in,atwork
44348,886,work,1,1,1,1,mandatory,1,24331.0,468.0,343,9.0,31.0,22.0,,,-9.0,378.0,,,,-9.0,non_hh_veh,non_hh_veh,non_hh_veh,SHARED2,-5.727968308130452,non_hh_veh,maint,-9.0,0out_0in,work
44391,887,shopping,1,1,1,1,non_mandatory,1,3085.0,468.0,343,26.0,33.0,7.0,,,-9.0,907.0,,False,True,12.052023810305194,non_hh_veh,non_hh_veh,non_hh_veh,TNC_SINGLE,-1.0105544226964325,,,-9.0,1out_0in,shopping
44404,888,eat,1,1,1,1,atwork,1,18950.0,18952.0,344,22.0,22.0,0.0,,,-9.0,798.0,,,,7.078173483939934,,,,DRIVEALONE,0.8927907689732839,Pickup_2_Gas,,44448.0,0out_0in,atwork
44448,888,work,1,1,1,1,mandatory,1,18952.0,468.0,344,10.0,34.0,24.0,,,-9.0,420.0,,,,-9.0,Pickup_2_Gas,Pickup_2_Gas,Pickup_18_Gas,DRIVEALONE,-1.1240918918562437,Pickup_2_Gas,eat,-9.0,0out_0in,work
44475,889,othdiscr,2,1,1,2,non_mandatory,1,2043.0,468.0,344,25.0,26.0,1.0,,,-9.0,877.0,,False,True,16.311446406502117,Pickup_2_Gas,Pickup_2_Gas,Pickup_18_Gas,WALK,2.5916866994456127,,,-9.0,0out_0in,othdiscr
44476,889,othdiscr,2,2,2,2,non_mandatory,1,2043.0,468.0,344,27.0,34.0,7.0,,,-9.0,930.0,,False,True,15.770684356019585,Pickup_2_Gas,Pickup_2_Gas,Pickup_2_Gas,WALK,2.5844163577092742,,,-9.0,0out_0in,othdiscr
44541,890,shopping,1,1,1,1,non_mandatory,1,2465.0,468.0,345,21.0,24.0,3.0,,,-9.0,773.0,,False,True,10.257290213958605,SUV_6_Gas,SUV_6_Gas,SUV_6_Gas,DRIVEALONE,0.5005471785863009,SUV_6_Gas,,-9.0,0out_0in,shopping
44591,891,shopping,1,1,1,1,non_mandatory,1,1652.0,468.0,346,21.0,25.0,4.0,,,-9.0,774.0,,False,True,9.910311968504544,Car_15_Gas,Car_15_Gas,Car_15_Gas,DRIVEALONE,0.1781077122254158,Car_15_Gas,,-9.0,0out_0in,shopping
44609,892,escort,3,2,3,5,non_mandatory,1,3430.0,468.0,347,29.0,29.0,0.0,,,-9.0,966.0,,False,True,13.506774401412228,Pickup_17_Gas,Car_16_Gas,Car_16_Gas,SHARED3,0.1143689777635602,Car_16_Gas,,-9.0,0out_0in,escort
44610,892,escort,3,3,4,5,non_mandatory,1,8790.0,468.0,347,27.0,27.0,0.0,,,-9.0,923.0,,False,True,14.000281406995905,Car_16_Gas,Car_16_Gas,Car_16_Gas,DRIVEALONE,0.2429000074417212,Car_16_Gas,,-9.0,0out_0in,escort
44613,892,eatout,1,1,2,5,joint,2,1978.0,468.0,347,14.0,16.0,2.0,,,-9.0,548.0,adults,False,True,15.012651197264724,Pickup_17_Gas,Pickup_17_Gas,Car_16_Gas,WALK,0.6776478368823114,,,-9.0,0out_0in,eatout
44629,892,othmaint,1,1,5,5,non_mandatory,1,18866.0,468.0,347,22.0,25.0,3.0,,,-9.0,801.0,,False,True,13.048176093738835,Car_16_Gas,Pickup_17_Gas,Pickup_17_Gas,DRIVEALONE,-4.149067380735365,Car_16_Gas,,-9.0,1out_0in,othmaint
44635,892,escort,3,1,1,5,non_mandatory,1,5878.0,468.0,347,10.0,11.0,1.0,pure_escort,,1.0,397.0,,False,True,-9.0,Car_16_Gas,Car_16_Gas,Car_16_Gas,SHARED3,-3.301163374267793,Car_16_Gas,,-9.0,0out_0in,escort
44685,893,escort,3,1,1,3,non_mandatory,1,16042.0,468.0,347,10.0,10.0,0.0,pure_escort,,1.0,396.0,,False,True,-9.0,Car_16_Gas,Pickup_17_Gas,Pickup_17_Gas,SHARED3,-1.2194916310395454,Pickup_17_Gas,,-9.0,0out_0in,escort
44686,893,escort,3,2,2,3,non_mandatory,1,16042.0,468.0,347,26.0,27.0,1.0,,pure_escort,1.0,901.0,,False,True,-9.0,Car_16_Gas,Car_20_Gas,Car_16_Gas,SHARED2,-1.19121019728171,Car_20_Gas,,-9.0,0out_0in,escort
44687,893,escort,3,3,3,3,non_mandatory,1,5878.0,468.0,347,32.0,33.0,1.0,,pure_escort,1.0,1024.0,,False,True,-9.0,Car_16_Gas,Car_16_Gas,Car_16_Gas,SHARED3,-1.572969231326507,Car_16_Gas,,-9.0,0out_0in,escort
44733,894,school,1,1,1,1,mandatory,1,5878.0,468.0,347,10.0,33.0,23.0,pure_escort,pure_escort,-9.0,419.0,,,,-9.0,Car_16_Gas,Car_20_Gas,Pickup_17_Gas,SHARED3,0.2335768465310109,Pickup_17_Gas,,-9.0,0out_0in,school
44783,895,school,1,1,1,1,mandatory,1,16042.0,468.0,347,10.0,27.0,17.0,pure_escort,pure_escort,-9.0,413.0,,,,-9.0,Car_20_Gas,Car_16_Gas,Car_20_Gas,SHARED2,2.304945352091736,Car_16_Gas,,-9.0,0out_0in,school
44829,896,othmaint,1,1,1,1,non_mandatory,1,23055.0,468.0,347,18.0,22.0,4.0,,,-9.0,684.0,,False,True,13.410279014542336,Pickup_17_Gas,Car_20_Gas,Pickup_17_Gas,SHARED3,-3.87355867589832,Pickup_17_Gas,,-9.0,1out_1in,othmaint
44925,898,othdiscr,1,1,2,2,non_mandatory,1,2395.0,469.0,348,6.0,12.0,6.0,,,-9.0,236.0,,False,True,15.639043233375489,Car_6_Gas,Car_6_Gas,Car_6_Gas,WALK,1.808662754163108,,,-9.0,0out_1in,othdiscr
44945,898,social,1,1,1,2,non_mandatory,1,2043.0,469.0,348,28.0,36.0,8.0,,,-9.0,953.0,,False,True,15.091620922944909,Car_6_Gas,Car_6_Gas,Car_6_Gas,WALK,1.840961640274062,,,-9.0,0out_0in,social
44985,899,escort,2,1,2,3,non_mandatory,1,16377.0,469.0,349,8.0,8.0,0.0,pure_escort,,2.0,315.0,,False,True,-9.0,SUV_11_Gas,SUV_11_Gas,SUV_11_Gas,SHARED3,-2.01368223749667,SUV_11_Gas,,-9.0,1out_0in,escort
44986,899,escort,2,2,3,3,non_mandatory,1,7211.0,469.0,349,8.0,9.0,1.0,pure_escort,,1.0,316.0,,False,True,-9.0,Pickup_8_Gas,Pickup_8_Gas,Pickup_8_Gas,SHARED3,0.5327184053033112,Pickup_8_Gas,,-9.0,0out_0in,escort
44998,899,work,1,1,1,3,mandatory,1,19554.0,469.0,349,13.0,25.0,12.0,,ride_share,2.0,522.0,,,,-9.0,SUV_11_Gas,SUV_11_Gas,SUV_11_Gas,SHARED3,-4.379166417427524,SUV_11_Gas,no_subtours,-9.0,0out_2in,work
45033,900,school,1,1,1,1,mandatory,1,7004.0,469.0,349,9.0,25.0,16.0,,,-9.0,372.0,,,,-9.0,Pickup_8_Gas,Pickup_8_Gas,SUV_11_Gas,WALK,4.844231324849485,,,-9.0,1out_0in,school
45079,901,othmaint,1,1,2,2,non_mandatory,1,18527.0,469.0,349,24.0,28.0,4.0,,,-9.0,855.0,,False,True,12.40297057905506,Pickup_8_Gas,Pickup_8_Gas,Pickup_8_Gas,SHARED3,-0.813793539598011,Pickup_8_Gas,,-9.0,0out_2in,othmaint
45083,901,school,1,1,1,2,mandatory,1,7211.0,469.0,349,8.0,23.0,15.0,,,-9.0,330.0,,,,-9.0,SUV_11_Gas,Pickup_8_Gas,SUV_11_Gas,WALK,6.710391698204263,,,-9.0,1out_0in,school
45109,902,escort,1,1,2,2,non_mandatory,1,5751.0,469.0,349,27.0,31.0,4.0,,,-9.0,927.0,,False,True,13.918880698406578,SUV_11_Gas,Pickup_8_Gas,SUV_11_Gas,SHARED3,1.44595796699598,SUV_11_Gas,,-9.0,0out_0in,escort
45133,902,school,1,1,1,2,mandatory,1,7211.0,469.0,349,8.0,25.0,17.0,pure_escort,ride_share,-9.0,332.0,,,,-9.0,Pickup_8_Gas,SUV_11_Gas,Pickup_8_Gas,SHARED3,6.353027336847383,Pickup_8_Gas,,-9.0,0out_0in,school
45183,903,school,1,1,1,1,mandatory,1,16364.0,469.0,349,8.0,24.0,16.0,pure_escort,,-9.0,331.0,,,,-9.0,SUV_11_Gas,Pickup_8_Gas,SUV_11_Gas,SHARED3,1.2759430094942894,SUV_11_Gas,,-9.0,0out_0in,school
45233,904,school,1,1,1,1,mandatory,1,16377.0,469.0,349,8.0,25.0,17.0,pure_escort,ride_share,-9.0,332.0,,,,-9.0,SUV_11_Gas,Pickup_8_Gas,Pickup_8_Gas,SHARED3,0.8727442002946575,Pickup_8_Gas,,-9.0,1out_1in,school
45254,905,eat,1,1,1,1,atwork,1,18635.0,18633.0,350,20.0,21.0,1.0,,,-9.0,742.0,,,,7.378664572739531,,,,DRIVEALONE,0.9401568136661574,Car_17_Gas,,45298.0,0out_0in,atwork
45298,905,work,1,1,1,1,mandatory,1,18633.0,469.0,350,13.0,44.0,31.0,,,-9.0,541.0,,,,-9.0,Car_17_Gas,Car_17_Gas,Pickup_12_Gas,DRIVEALONE,-1.9718520964647084,Car_17_Gas,eat,-9.0,0out_2in,work
45309,906,escort,1,1,1,1,non_mandatory,1,13127.0,469.0,350,32.0,32.0,0.0,,,-9.0,1023.0,,False,True,12.56347858555236,Pickup_12_Gas,Pickup_12_Gas,Pickup_12_Gas,WALK,-0.4555270234714542,,,-9.0,3out_0in,escort
45391,907,shopping,1,1,1,1,non_mandatory,1,23235.0,469.0,351,18.0,22.0,4.0,,,-9.0,684.0,,False,True,10.22155731281926,Car_5_Gas,Car_5_Gas,Car_5_Gas,DRIVEALONE,-2.0017667831356905,Car_5_Gas,,-9.0,0out_0in,shopping
45483,909,school,1,1,1,1,mandatory,1,23114.0,469.0,352,13.0,24.0,11.0,,,-9.0,521.0,,,,-9.0,Car_14_Gas,Car_14_Gas,Car_14_Gas,DRIVEALONE,-3.677496964080941,Car_14_Gas,,-9.0,0out_0in,univ
45606,912,eatout,1,1,1,1,non_mandatory,1,16442.0,469.0,354,25.0,26.0,1.0,,,-9.0,877.0,,False,True,14.792896353091075,Car_1_Gas,Car_1_Gas,Car_7_Gas,DRIVEALONE,-2.208297535443233,Car_1_Gas,,-9.0,1out_0in,eatout
45698,913,work,1,1,1,1,mandatory,1,7369.0,469.0,354,7.0,26.0,19.0,,,-9.0,292.0,,,,-9.0,Car_7_Gas,Car_7_Gas,Car_1_Gas,DRIVEALONE,-1.5661786069813586,Car_7_Gas,no_subtours,-9.0,0out_0in,work
45706,914,eatout,1,1,1,1,non_mandatory,1,57.0,469.0,355,30.0,31.0,1.0,,,-9.0,987.0,,False,True,15.942165313566358,SUV_12_Gas,SUV_12_Gas,SUV_12_Gas,WALK,2.131496631697952,,,-9.0,0out_0in,eatout
45775,915,othdiscr,1,1,1,1,non_mandatory,1,3415.0,469.0,355,33.0,37.0,4.0,,,-9.0,1044.0,,False,True,14.220234660893656,Car_12_Gas,Car_12_Gas,SUV_12_Gas,WALK,2.204058377738726,,,-9.0,0out_0in,othdiscr
45875,917,othdiscr,1,1,1,1,non_mandatory,1,19066.0,469.0,356,8.0,18.0,10.0,,,-9.0,325.0,,False,True,13.405529479766152,Pickup_20_Gas,SUV_20_Gas,SUV_20_Gas,DRIVEALONE,-1.5539009376750417,Pickup_20_Gas,,-9.0,0out_1in,othdiscr
45929,918,othmaint,1,1,1,1,non_mandatory,1,16182.0,469.0,356,12.0,29.0,17.0,,,-9.0,490.0,,False,True,13.033602329596324,Pickup_20_Gas,SUV_20_Gas,SUV_20_Gas,SHARED3,-2.422242587938579,SUV_20_Gas,,-9.0,1out_1in,othmaint
46000,920,business,2,1,1,2,atwork,1,5343.0,14358.0,357,18.0,23.0,5.0,,,-9.0,685.0,,,,4.103591141350625,,,,SHARED3,-3.1762753678870075,Car_12_Gas,,46048.0,1out_1in,atwork
46002,920,business,2,2,2,2,atwork,1,5343.0,14358.0,357,10.0,17.0,7.0,,,-9.0,403.0,,,,4.208719464777663,,,,SHARED3,-3.182218025692698,Car_12_Gas,,46048.0,0out_0in,atwork
46048,920,work,2,1,1,2,mandatory,1,14358.0,469.0,357,8.0,35.0,27.0,,,-9.0,342.0,,,,-9.0,Car_12_Gas,Car_12_Gas,Car_12_Gas,SHARED2,-4.609493783021541,Car_12_Gas,business2,-9.0,0out_0in,work
46049,920,work,2,2,2,2,mandatory,1,14358.0,469.0,357,38.0,40.0,2.0,,,-9.0,1112.0,,,,-9.0,Car_12_Gas,Car_12_Gas,Car_12_Gas,DRIVEALONE,-4.333669808990621,Car_12_Gas,no_subtours,-9.0,0out_0in,work
46054,921,eat,1,1,1,1,atwork,1,18398.0,18648.0,357,18.0,20.0,2.0,,,-9.0,682.0,,,,4.787712341736661,,,,SHARED2,-2.2954964097202697,Car_12_Gas,,46098.0,1out_1in,atwork
46098,921,work,1,1,1,1,mandatory,1,18648.0,469.0,357,8.0,28.0,20.0,,,-9.0,335.0,,,,-9.0,Car_12_Gas,Car_12_Gas,Car_12_Gas,DRIVEALONE,-2.9588478099427458,Car_12_Gas,eat,-9.0,0out_0in,work
46179,923,othmaint,1,1,1,1,non_mandatory,1,6760.0,469.0,358,10.0,22.0,12.0,,,-9.0,408.0,,False,True,12.351429982948456,SUV_18_Gas,SUV_18_Gas,SUV_18_Gas,WALK_LOC,-3.115076438569058,,,-9.0,0out_1in,othmaint
46225,924,othdiscr,1,1,1,1,non_mandatory,1,6073.0,469.0,358,18.0,39.0,21.0,,,-9.0,701.0,,False,True,13.633784360668187,SUV_18_Gas,SUV_18_Gas,SUV_18_Gas,SHARED2,0.0366807682200335,SUV_18_Gas,,-9.0,1out_0in,othdiscr
46259,925,escort,6,4,4,6,non_mandatory,1,1217.0,469.0,359,31.0,31.0,0.0,,,-9.0,1005.0,,False,True,13.442011271588848,Car_12_Gas,Car_12_Gas,SUV_11_Gas,SHARED3,0.5511551261397587,SUV_11_Gas,,-9.0,0out_0in,escort
46260,925,escort,6,5,5,6,non_mandatory,1,23563.0,469.0,359,26.0,28.0,2.0,,,-9.0,902.0,,False,True,13.38923452897164,Car_12_Gas,Car_12_Gas,SUV_11_Gas,SHARED3,-1.4755409882496178,SUV_11_Gas,,-9.0,0out_0in,escort
46261,925,escort,6,6,6,6,non_mandatory,1,2872.0,469.0,359,10.0,10.0,0.0,,,-9.0,396.0,,False,True,13.519268126440789,Car_12_Gas,Car_12_Gas,SUV_11_Gas,SHARED3,0.3935181856881551,SUV_11_Gas,,-9.0,3out_3in,escort
46285,925,escort,6,1,1,6,non_mandatory,1,15238.0,469.0,359,8.0,9.0,1.0,pure_escort,,2.0,316.0,,False,True,-9.0,Car_12_Gas,SUV_11_Gas,SUV_11_Gas,SHARED3,-5.422720584545004,SUV_11_Gas,,-9.0,1out_2in,escort
46286,925,escort,6,2,2,6,non_mandatory,1,11793.0,469.0,359,23.0,25.0,2.0,,pure_escort,1.0,827.0,,False,True,-9.0,SUV_11_Gas,Car_12_Gas,SUV_11_Gas,SHARED3,-0.7866022467953887,SUV_11_Gas,,-9.0,0out_0in,escort
46287,925,escort,6,3,3,6,non_mandatory,1,20600.0,469.0,359,28.0,29.0,1.0,,pure_escort,1.0,946.0,,False,True,-9.0,Car_12_Gas,Car_12_Gas,SUV_11_Gas,SHARED3,-5.321385080542269,SUV_11_Gas,,-9.0,0out_0in,escort
46309,926,escort,3,3,3,3,non_mandatory,1,12540.0,469.0,359,10.0,12.0,2.0,,,-9.0,398.0,,False,True,13.273270390673265,Car_12_Gas,Car_12_Gas,SUV_11_Gas,DRIVEALONE,-0.6051398710458027,Car_12_Gas,,-9.0,0out_0in,escort
46335,926,escort,3,1,1,3,non_mandatory,1,11793.0,469.0,359,10.0,10.0,0.0,pure_escort,,1.0,396.0,,False,True,-9.0,SUV_11_Gas,SUV_11_Gas,SUV_11_Gas,SHARED2,-1.4834882762907924,SUV_11_Gas,,-9.0,0out_3in,escort
46336,926,escort,3,2,2,3,non_mandatory,1,15238.0,469.0,359,24.0,25.0,1.0,,pure_escort,1.0,852.0,,False,True,-9.0,Car_12_Gas,SUV_11_Gas,SUV_11_Gas,SHARED2,-5.40772558998429,SUV_11_Gas,,-9.0,0out_0in,escort
46383,927,school,1,1,1,1,mandatory,1,5878.0,469.0,359,8.0,24.0,16.0,,,-9.0,331.0,,,,-9.0,Car_12_Gas,SUV_11_Gas,SUV_11_Gas,BIKE,1.6765694823932047,,,-9.0,1out_0in,school
46433,928,school,1,1,1,1,mandatory,1,11793.0,469.0,359,10.0,25.0,15.0,pure_escort,pure_escort,-9.0,411.0,,,,-9.0,SUV_11_Gas,SUV_11_Gas,SUV_11_Gas,SHARED3,4.517788252524446,SUV_11_Gas,,-9.0,0out_0in,school
46483,929,school,1,1,1,1,mandatory,1,15238.0,469.0,359,8.0,25.0,17.0,pure_escort,pure_escort,-9.0,332.0,,,,-9.0,SUV_11_Gas,SUV_11_Gas,SUV_11_Gas,SHARED2,-4.221030738474067,SUV_11_Gas,,-9.0,1out_0in,school
46583,931,school,1,1,1,1,mandatory,1,20600.0,469.0,359,8.0,29.0,21.0,pure_escort,pure_escort,-9.0,336.0,,,,-9.0,SUV_11_Gas,SUV_11_Gas,Car_12_Gas,SHARED3,-4.761214662811337,Car_12_Gas,,-9.0,0out_0in,school
46656,933,eatout,1,1,1,1,non_mandatory,1,16332.0,469.0,360,23.0,25.0,2.0,,,-9.0,827.0,,False,True,13.90724515237819,Car_19_Gas,Car_19_Gas,Car_19_Gas,WALK_LOC,-1.7799981863253724,,,-9.0,0out_0in,eatout
46725,934,othdiscr,2,1,1,2,non_mandatory,1,57.0,469.0,360,11.0,11.0,0.0,,,-9.0,435.0,,False,True,14.442837985422202,Car_11_Gas,Car_11_Gas,Car_11_Gas,DRIVEALONE,0.8076975062751495,Car_11_Gas,,-9.0,0out_1in,othdiscr
46726,934,othdiscr,2,2,2,2,non_mandatory,1,5846.0,469.0,360,13.0,14.0,1.0,,,-9.0,511.0,,False,True,13.627314964332324,Car_19_Gas,Car_11_Gas,Car_19_Gas,DRIVEALONE,0.2282661291793637,Car_19_Gas,,-9.0,0out_0in,othdiscr
46791,935,shopping,1,1,1,1,non_mandatory,1,6298.0,469.0,360,11.0,14.0,3.0,,,-9.0,438.0,,False,True,11.069929568550316,Car_11_Gas,Car_11_Gas,Car_11_Gas,DRIVEALONE,-1.7083698304317376,Car_11_Gas,,-9.0,0out_1in,shopping
46898,937,work,1,1,1,1,mandatory,1,2026.0,565.0,362,9.0,26.0,17.0,,,-9.0,373.0,,,,-9.0,SUV_14_Gas,SUV_18_Gas,SUV_14_Gas,DRIVEALONE,-0.5927348144818906,SUV_14_Gas,no_subtours,-9.0,0out_0in,work
46948,938,work,1,1,1,1,mandatory,1,13130.0,565.0,362,9.0,29.0,20.0,,,-9.0,376.0,,,,-9.0,SUV_14_Gas,SUV_18_Gas,SUV_14_Gas,DRIVEALONE,-1.014551319354132,SUV_14_Gas,no_subtours,-9.0,1out_0in,work
46991,939,shopping,2,1,1,2,non_mandatory,1,2465.0,565.0,363,37.0,37.0,0.0,,,-9.0,1098.0,,False,True,10.806191305098368,SUV_9_Gas,SUV_9_Gas,SUV_9_Gas,WALK,0.1569752978069034,,,-9.0,0out_0in,shopping
46992,939,shopping,2,2,2,2,non_mandatory,1,2465.0,565.0,363,19.0,27.0,8.0,,,-9.0,719.0,,False,True,10.570068389076429,SUV_9_Gas,SUV_9_Gas,SUV_9_Gas,WALK,-0.2313983559410292,,,-9.0,0out_0in,shopping
47048,940,work,2,1,1,2,mandatory,1,19015.0,565.0,364,5.0,31.0,26.0,,,-9.0,212.0,,,,-9.0,Car_15_Gas,Car_6_Gas,Car_15_Gas,DRIVEALONE,-3.800681150418439,Car_15_Gas,no_subtours,-9.0,0out_0in,work
47049,940,work,2,2,2,2,mandatory,1,19015.0,565.0,364,38.0,41.0,3.0,,,-9.0,1113.0,,,,-9.0,Car_6_Gas,Car_4_Gas,Car_6_Gas,DRIVEALONE,-3.59822460193238,Car_6_Gas,no_subtours,-9.0,0out_0in,work
47056,941,eatout,1,1,2,2,non_mandatory,1,23062.0,565.0,364,27.0,30.0,3.0,,,-9.0,926.0,,False,True,13.991997756851127,Car_6_Gas,Car_4_Gas,Car_4_Gas,BIKE,-6.744982318099823,,,-9.0,0out_2in,eatout
47079,941,othmaint,1,1,1,2,non_mandatory,1,2465.0,565.0,364,22.0,23.0,1.0,,,-9.0,799.0,,False,True,12.843012480811725,Car_15_Gas,Car_6_Gas,Car_4_Gas,DRIVEALONE,-1.4362149364145904,Car_15_Gas,,-9.0,0out_0in,othmaint
47148,942,work,1,1,1,1,mandatory,1,23050.0,565.0,364,7.0,16.0,9.0,,,-9.0,282.0,,,,-9.0,Car_4_Gas,Car_4_Gas,Car_6_Gas,DRIVEALONE,-5.469072335839867,Car_4_Gas,no_subtours,-9.0,3out_0in,work
47225,944,othdiscr,1,1,1,1,non_mandatory,1,2149.0,565.0,366,22.0,36.0,14.0,,,-9.0,812.0,,False,True,16.74170270077414,SUV_20_Gas,SUV_20_Gas,Pickup_17_Hybrid,SHARED3,1.1793883231093043,Pickup_17_Hybrid,,-9.0,1out_0in,othdiscr
47298,945,work,1,1,1,1,mandatory,1,16287.0,565.0,367,7.0,32.0,25.0,,,-9.0,298.0,,,,-9.0,non_hh_veh,non_hh_veh,non_hh_veh,DRIVEALONE,-0.1646276785237296,non_hh_veh,no_subtours,-9.0,0out_2in,work
47325,946,othdiscr,1,1,1,1,non_mandatory,1,3727.0,565.0,368,27.0,36.0,9.0,,,-9.0,932.0,,False,True,17.1688658415128,Pickup_19_Gas,Pickup_19_Gas,Pickup_19_Gas,DRIVEALONE,1.046398120770354,Pickup_19_Gas,,-9.0,0out_1in,othdiscr
47409,948,escort,1,1,2,2,non_mandatory,1,11186.0,565.0,369,25.0,26.0,1.0,,,-9.0,877.0,,False,True,15.500770767326596,non_hh_veh,non_hh_veh,non_hh_veh,WALK,3.337202726003636,,,-9.0,0out_0in,escort
47433,948,school,1,1,1,2,mandatory,1,7004.0,565.0,369,8.0,24.0,16.0,,,-9.0,331.0,,,,-9.0,non_hh_veh,non_hh_veh,non_hh_veh,SHARED3,35.25055996290796,non_hh_veh,,-9.0,1out_0in,school
47483,949,school,1,1,1,1,mandatory,1,19486.0,565.0,369,8.0,25.0,17.0,,,-9.0,332.0,,,,-9.0,non_hh_veh,non_hh_veh,non_hh_veh,SCH_BUS,27.02220402072836,,,-9.0,0out_0in,school
47533,950,school,1,1,1,2,mandatory,1,7296.0,565.0,369,11.0,26.0,15.0,,,-9.0,450.0,,,,-9.0,non_hh_veh,non_hh_veh,non_hh_veh,SHARED3,34.88014744264456,non_hh_veh,,-9.0,1out_0in,school
47545,950,social,1,1,2,2,non_mandatory,1,6532.0,565.0,369,40.0,41.0,1.0,,,-9.0,1132.0,,False,True,16.978494614426108,non_hh_veh,non_hh_veh,non_hh_veh,WALK,4.452143263666514,,,-9.0,0out_0in,social
47733,954,school,1,1,1,1,mandatory,1,7004.0,565.0,370,9.0,26.0,17.0,,,-9.0,373.0,,,,-9.0,Pickup_12_Gas,Pickup_12_Gas,Pickup_12_Gas,WALK,5.180141058147941,,,-9.0,1out_0in,school
47783,955,school,1,1,1,1,mandatory,1,16301.0,565.0,370,11.0,29.0,18.0,,,-9.0,453.0,,,,-9.0,Pickup_12_Gas,Pickup_12_Gas,Pickup_12_Gas,BIKE,-0.0643004525017124,,,-9.0,1out_0in,school
47833,956,school,1,1,1,1,mandatory,1,23872.0,565.0,370,9.0,24.0,15.0,,,-9.0,371.0,,,,-9.0,Pickup_12_Gas,Pickup_12_Gas,Pickup_12_Gas,WALK,4.467949035252371,,,-9.0,1out_1in,school
47883,957,school,1,1,1,1,mandatory,1,7369.0,565.0,370,10.0,19.0,9.0,,,-9.0,405.0,,,,-9.0,Pickup_12_Gas,Pickup_12_Gas,Pickup_12_Gas,WALK,1.5858620712224103,,,-9.0,1out_0in,school
47956,959,eatout,1,1,5,5,non_mandatory,1,3727.0,565.0,371,26.0,35.0,9.0,,,-9.0,909.0,,False,True,17.999211521998625,Pickup_20_Gas,Pickup_20_Gas,Pickup_20_Gas,WALK,2.011073605952477,,,-9.0,0out_0in,eatout
47985,959,escort,4,1,1,5,non_mandatory,1,23872.0,565.0,371,8.0,9.0,1.0,pure_escort,,1.0,316.0,,False,True,-9.0,Pickup_20_Gas,Pickup_20_Gas,Pickup_20_Gas,WALK,-0.8357612679007459,,,-9.0,0out_0in,escort
47986,959,escort,4,2,2,5,non_mandatory,1,7004.0,565.0,371,10.0,10.0,0.0,pure_escort,,1.0,396.0,,False,True,-9.0,Pickup_20_Gas,Pickup_20_Gas,Pickup_20_Gas,SHARED3,-0.1765762807608222,Pickup_20_Gas,,-9.0,0out_0in,escort
47987,959,escort,4,3,3,5,non_mandatory,1,5878.0,565.0,371,12.0,25.0,13.0,pure_escort,,1.0,486.0,,False,True,-9.0,Pickup_20_Gas,Pickup_20_Gas,Pickup_20_Gas,WALK,-4.307604161361417,,,-9.0,0out_0in,escort
47988,959,escort,4,4,4,5,non_mandatory,1,7004.0,565.0,371,25.0,25.0,0.0,,pure_escort,2.0,876.0,,False,True,-9.0,Pickup_20_Gas,Pickup_20_Gas,Pickup_20_Gas,SHARED3,-0.252215559016552,Pickup_20_Gas,,-9.0,0out_1in,escort
48033,960,school,1,1,1,1,mandatory,1,7004.0,565.0,371,10.0,25.0,15.0,pure_escort,pure_escort,-9.0,411.0,,,,-9.0,Pickup_20_Gas,Pickup_20_Gas,Pickup_20_Gas,SHARED3,6.22641328908153,Pickup_20_Gas,,-9.0,0out_0in,school
48083,961,school,1,1,1,1,mandatory,1,23872.0,565.0,371,8.0,25.0,16.0,pure_escort,pure_escort,-9.0,332.0,,,,-9.0,Pickup_20_Gas,Pickup_20_Gas,Pickup_20_Gas,SHARED3,5.393672146337929,Pickup_20_Gas,,-9.0,0out_1in,school
48133,962,school,1,1,1,1,mandatory,1,5878.0,565.0,371,12.0,30.0,18.0,pure_escort,,-9.0,491.0,,,,-9.0,Pickup_20_Gas,Pickup_20_Gas,Pickup_20_Gas,WALK,-0.0291870773389309,,,-9.0,0out_1in,school
48275,965,othdiscr,1,1,2,2,non_mandatory,1,1805.0,565.0,372,14.0,14.0,0.0,,,-9.0,546.0,,False,True,16.491506155059493,SUV_2_Gas,SUV_2_Gas,Car_13_Gas,DRIVEALONE,0.3592215422173571,SUV_2_Gas,,-9.0,0out_1in,othdiscr
48291,965,shopping,1,1,1,2,non_mandatory,1,3356.0,565.0,372,23.0,26.0,3.0,,,-9.0,828.0,,False,True,10.330917015839292,Car_13_Gas,SUV_2_Gas,Car_13_Gas,WALK,0.2165403102316537,,,-9.0,0out_0in,shopping
48329,966,othmaint,1,1,1,1,non_mandatory,1,19223.0,565.0,372,12.0,25.0,13.0,,,-9.0,486.0,,False,True,12.904368040073493,Car_13_Gas,SUV_2_Gas,SUV_2_Gas,SHARED2,-5.113315111002661,SUV_2_Gas,,-9.0,0out_0in,othmaint
48379,967,othmaint,2,1,1,2,non_mandatory,1,16254.0,565.0,372,34.0,40.0,6.0,,,-9.0,1062.0,,False,True,11.086901471454384,Car_13_Gas,SUV_2_Gas,Car_13_Gas,SHARED3,-1.7448371277440846,Car_13_Gas,,-9.0,0out_0in,othmaint
48380,967,othmaint,2,2,2,2,non_mandatory,1,6227.0,565.0,372,9.0,14.0,5.0,,,-9.0,361.0,,False,True,11.562381283504513,Car_13_Gas,SUV_2_Gas,SUV_2_Gas,WALK,0.6428313684666873,,,-9.0,1out_1in,othmaint
48429,968,othmaint,1,1,2,2,non_mandatory,1,18541.0,565.0,373,12.0,15.0,3.0,,,-9.0,476.0,,False,True,12.25748585481751,Car_10_Diesel,Car_10_Diesel,Car_10_Diesel,DRIVEALONE,-2.2762364110554287,Car_10_Diesel,,-9.0,3out_2in,othmaint
48441,968,shopping,1,1,1,2,non_mandatory,1,9901.0,565.0,373,24.0,24.0,0.0,,,-9.0,851.0,,False,True,10.702339702275042,Car_10_Diesel,Car_10_Diesel,Car_10_Diesel,DRIVEALONE,0.0445531844005259,Car_10_Diesel,,-9.0,0out_0in,shopping
48529,970,othmaint,2,1,1,2,non_mandatory,1,16894.0,565.0,374,12.0,18.0,6.0,,,-9.0,479.0,,False,True,12.139890722188822,Car_3_Gas,Car_10_Gas,Car_3_Gas,DRIVEALONE,-3.656368695295544,Car_3_Gas,,-9.0,1out_0in,othmaint
48530,970,othmaint,2,2,2,2,non_mandatory,1,23236.0,565.0,374,12.0,12.0,0.0,,,-9.0,473.0,,False,True,12.072961356478976,Car_10_Gas,Car_10_Gas,Car_10_Gas,DRIVEALONE,-1.429475471155041,Car_10_Gas,,-9.0,1out_0in,othmaint
48559,971,escort,1,1,1,2,non_mandatory,1,165.0,565.0,374,41.0,42.0,1.0,,,-9.0,1141.0,,False,True,12.908256452495298,Car_10_Gas,Car_10_Gas,Car_3_Gas,DRIVEALONE,-1.1028610212906682,Car_10_Gas,,-9.0,0out_0in,escort
48575,971,othdiscr,1,1,2,2,non_mandatory,1,332.0,565.0,374,12.0,13.0,1.0,,,-9.0,474.0,,False,True,16.905736593756544,Car_10_Gas,Car_10_Gas,Car_3_Gas,WALK,1.5730166474345328,,,-9.0,0out_1in,othdiscr
48606,972,eatout,1,1,1,1,non_mandatory,1,507.0,565.0,375,32.0,33.0,1.0,,,-9.0,1024.0,,False,True,15.12853875929574,Pickup_14_Gas,Pickup_14_Gas,Pickup_14_Gas,DRIVEALONE,1.2640682616222252,Pickup_14_Gas,,-9.0,0out_2in,eatout
48698,973,work,2,1,1,2,mandatory,1,23019.0,565.0,376,13.0,36.0,23.0,,,-9.0,533.0,,,,-9.0,Pickup_15_Gas,Pickup_15_Gas,Pickup_15_Gas,DRIVEALONE,-5.355799254463065,Pickup_15_Gas,no_subtours,-9.0,0out_1in,work
48699,973,work,2,2,2,2,mandatory,1,23019.0,565.0,376,1.0,8.0,7.0,,,-9.0,7.0,,,,-9.0,Pickup_15_Gas,Pickup_15_Gas,Pickup_15_Gas,DRIVEALONE,-5.41393321756849,Pickup_15_Gas,no_subtours,-9.0,0out_0in,work
48748,974,work,1,1,1,1,mandatory,1,5878.0,565.0,377,10.0,27.0,17.0,,,-9.0,413.0,,,,-9.0,Car_11_Gas,Car_11_Gas,Car_11_Gas,BIKE,-5.180376049432509,,no_subtours,-9.0,0out_0in,work
48775,975,othdiscr,1,1,1,1,non_mandatory,1,229.0,565.0,378,29.0,35.0,6.0,,,-9.0,972.0,,False,True,17.39018392562289,Pickup_4_Gas,Pickup_4_Gas,Pickup_4_Gas,SHARED3,1.9098789041204405,Pickup_4_Gas,,-9.0,1out_0in,othdiscr
48817,976,othmaint,1,1,1,1,joint,2,11186.0,565.0,379,20.0,25.0,5.0,,,-9.0,746.0,adults,False,True,13.278460314889324,Car_2_Gas,Car_2_Gas,Car_2_Gas,SHARED2,-0.9779134479472452,Car_2_Gas,,-9.0,1out_0in,othmaint
48898,977,work,2,1,1,2,mandatory,1,229.0,565.0,379,13.0,15.0,2.0,,,-9.0,512.0,,,,-9.0,Car_2_Gas,Car_2_Gas,Car_2_Gas,DRIVEALONE,0.4267956671936697,Car_2_Gas,no_subtours,-9.0,0out_0in,work
48899,977,work,2,2,2,2,mandatory,1,229.0,565.0,379,28.0,29.0,1.0,,,-9.0,946.0,,,,-9.0,Car_2_Gas,Car_2_Gas,Car_2_Gas,WALK,0.4267946006646511,,no_subtours,-9.0,0out_0in,work
48904,978,eat,1,1,1,1,atwork,1,23358.0,23358.0,380,19.0,21.0,2.0,,,-9.0,713.0,,,,8.11509418499198,,,,WALK,0.8924868194933772,SUV_16_Gas,,48948.0,0out_0in,atwork
48919,978,shopping,1,1,2,2,joint,3,2531.0,565.0,380,37.0,38.0,1.0,,,-9.0,1099.0,adults,False,True,12.810224740585458,SUV_5_Gas,SUV_16_Gas,SUV_16_Gas,WALK,-2.2144212841934925,,,-9.0,0out_0in,shopping
48948,978,work,1,1,1,2,mandatory,1,23358.0,565.0,380,6.0,27.0,21.0,,,-9.0,251.0,,,,-9.0,SUV_16_Gas,SUV_5_Gas,SUV_16_Gas,DRIVEALONE,-1.9835358990189904,SUV_16_Gas,eat,-9.0,1out_1in,work
48975,979,othdiscr,2,1,2,3,non_mandatory,1,565.0,565.0,380,10.0,20.0,10.0,,,-9.0,406.0,,False,True,18.086603452734757,Car_18_Gas,SUV_16_Gas,SUV_5_Gas,WALK,3.224751889344622,,,-9.0,0out_0in,othdiscr
48976,979,othdiscr,2,2,3,3,non_mandatory,1,1805.0,565.0,380,29.0,35.0,6.0,,,-9.0,972.0,,False,True,17.804906528139337,Car_18_Gas,SUV_16_Gas,SUV_16_Gas,WALK,3.1225278767661155,,,-9.0,0out_0in,othdiscr
48991,979,shopping,1,1,1,3,non_mandatory,1,6227.0,565.0,380,21.0,21.0,0.0,,,-9.0,770.0,,False,True,10.334350957946988,SUV_5_Gas,SUV_5_Gas,Car_18_Gas,WALK,1.5680513347976022,,,-9.0,0out_0in,shopping
49006,980,eatout,1,1,2,2,non_mandatory,1,599.0,565.0,380,18.0,29.0,11.0,,,-9.0,691.0,,False,True,15.824757860626606,SUV_16_Gas,SUV_5_Gas,SUV_5_Gas,WALK,2.83256037701137,,,-9.0,0out_0in,eatout
49029,980,othmaint,1,1,1,2,non_mandatory,1,2965.0,565.0,380,12.0,16.0,4.0,,,-9.0,477.0,,False,True,13.73891236956263,Car_18_Gas,SUV_16_Gas,SUV_5_Gas,WALK,1.951631123744425,,,-9.0,3out_3in,othmaint
49075,981,othdiscr,1,1,2,2,non_mandatory,1,565.0,565.0,381,20.0,30.0,10.0,,,-9.0,751.0,,False,True,17.61038624983036,Car_17_Gas,Car_17_Gas,SUV_18_Gas,WALK,3.4110430980487,,,-9.0,0out_0in,othdiscr
49091,981,shopping,1,1,1,2,non_mandatory,1,2465.0,565.0,381,9.0,10.0,1.0,,,-9.0,357.0,,False,True,10.165770068729756,Car_17_Gas,SUV_18_Gas,SUV_18_Gas,WALK,1.1708238450309454,,,-9.0,2out_1in,shopping
49129,982,othmaint,1,1,2,2,non_mandatory,1,229.0,565.0,381,17.0,26.0,9.0,,,-9.0,657.0,,False,True,13.50844991888521,SUV_18_Gas,SUV_18_Gas,SUV_18_Gas,WALK,1.905484447925976,,,-9.0,0out_3in,othmaint
49141,982,shopping,1,1,1,2,non_mandatory,1,1031.0,565.0,381,36.0,37.0,1.0,,,-9.0,1086.0,,False,True,11.146155331561587,SUV_18_Gas,SUV_18_Gas,SUV_18_Gas,DRIVEALONE,-0.1304543428344249,SUV_18_Gas,,-9.0,0out_0in,shopping
49179,983,othmaint,1,1,1,1,non_mandatory,1,18353.0,565.0,382,10.0,20.0,10.0,,,-9.0,406.0,,False,True,12.045166542587667,Pickup_2_Diesel,Car_5_Gas,Car_5_Gas,DRIVEALONE,-1.0994581171042954,Pickup_2_Diesel,,-9.0,3out_2in,othmaint
49248,984,work,1,1,1,1,mandatory,1,7369.0,565.0,382,7.0,27.0,20.0,,,-9.0,293.0,,,,-9.0,Pickup_2_Diesel,Pickup_2_Diesel,Car_5_Gas,DRIVEALONE,-1.6208591048543954,Pickup_2_Diesel,no_subtours,-9.0,0out_0in,work
49254,985,eat,1,1,1,1,atwork,1,18950.0,19299.0,383,19.0,21.0,2.0,,,-9.0,713.0,,,,4.437550943720607,,,,WALK,0.1262957295765927,Car_6_Gas,,49298.0,0out_1in,atwork
49298,985,work,1,1,1,1,mandatory,1,19299.0,565.0,383,9.0,29.0,20.0,,,-9.0,376.0,,,,-9.0,Car_6_Gas,Car_6_Gas,Car_6_Gas,DRIVEALONE,-2.540737656183323,Car_6_Gas,eat,-9.0,0out_0in,work
49333,986,school,1,1,1,1,mandatory,1,19370.0,565.0,384,12.0,25.0,13.0,,,-9.0,486.0,,,,-9.0,Pickup_15_Gas,non_hh_veh,Pickup_15_Gas,SHARED3,-2.172573831679346,Pickup_15_Gas,,-9.0,0out_0in,univ
49379,987,othmaint,1,1,1,1,non_mandatory,1,229.0,565.0,384,28.0,28.0,0.0,,,-9.0,945.0,,False,True,14.34110483571076,Pickup_15_Gas,Pickup_15_Gas,Pickup_15_Gas,WALK,1.2028239688115807,,,-9.0,0out_0in,othmaint
49425,988,othdiscr,1,1,2,2,non_mandatory,1,822.0,565.0,385,30.0,37.0,7.0,,,-9.0,993.0,,False,True,16.959077264176468,Pickup_2_Gas,Pickup_20_Gas,Pickup_2_Gas,WALK,2.726613221575964,,,-9.0,0out_0in,othdiscr
49448,988,work,1,1,1,2,mandatory,1,7369.0,565.0,385,16.0,22.0,6.0,,,-9.0,621.0,,,,-9.0,Pickup_2_Gas,Pickup_2_Gas,Pickup_2_Gas,DRIVEALONE,-1.4595351223289037,Pickup_2_Gas,no_subtours,-9.0,0out_0in,work
49491,989,shopping,1,1,1,1,non_mandatory,1,19148.0,565.0,385,14.0,17.0,3.0,,,-9.0,549.0,,False,True,11.018838264591798,Pickup_20_Gas,Pickup_2_Gas,Pickup_2_Gas,SHARED2,-3.7234573951792873,Pickup_2_Gas,,-9.0,0out_3in,shopping
49529,990,othmaint,1,1,1,1,non_mandatory,1,2465.0,565.0,386,14.0,23.0,9.0,,,-9.0,555.0,,False,True,12.4612921324715,Car_3_Gas,Car_9_Gas,Car_3_Gas,WALK,0.5505097333099315,,,-9.0,0out_1in,othmaint
49554,991,eat,1,1,1,1,atwork,1,18767.0,18767.0,386,19.0,20.0,1.0,,,-9.0,712.0,,,,7.350032691783149,,,,WALK,0.8451589981294767,Car_9_Gas,,49598.0,0out_0in,atwork
49598,991,work,1,1,1,1,mandatory,1,18767.0,565.0,386,10.0,30.0,20.0,,,-9.0,416.0,,,,-9.0,Car_9_Gas,Car_3_Gas,Car_3_Gas,DRIVEALONE,-3.1524950048756426,Car_9_Gas,eat,-9.0,0out_0in,work
49625,992,othdiscr,1,1,2,2,non_mandatory,1,332.0,565.0,387,29.0,34.0,5.0,,,-9.0,971.0,,False,True,16.90773413176327,Car_4_Gas,Car_17_Gas,Car_4_Gas,WALK,2.14720878353489,,,-9.0,0out_1in,othdiscr
49629,992,othmaint,1,1,1,2,non_mandatory,1,16415.0,565.0,387,21.0,26.0,5.0,,,-9.0,775.0,,False,True,14.317303565855866,Pickup_12_Gas,Pickup_12_Gas,Pickup_12_Gas,SHARED2,-1.109139201366692,Pickup_12_Gas,,-9.0,0out_0in,othmaint
49675,993,othdiscr,1,1,1,1,non_mandatory,1,1261.0,565.0,387,37.0,37.0,0.0,,,-9.0,1098.0,,False,True,14.693311428327698,Car_17_Gas,Pickup_12_Gas,Car_17_Gas,WALK,2.0476492426469983,,,-9.0,0out_0in,othdiscr
49741,994,shopping,2,1,1,2,non_mandatory,1,3356.0,565.0,388,18.0,26.0,8.0,,,-9.0,688.0,,False,True,10.371492110224713,Van_15_Gas,Van_15_Gas,Van_15_Gas,DRIVEALONE,-0.1195293422890439,Van_15_Gas,,-9.0,0out_0in,shopping
49742,994,shopping,2,2,2,2,non_mandatory,1,9901.0,565.0,388,12.0,13.0,1.0,,,-9.0,474.0,,False,True,10.499603054336914,Van_15_Gas,Van_15_Gas,Van_15_Gas,DRIVEALONE,-1.3770101066005682,Van_15_Gas,,-9.0,3out_3in,shopping
49765,995,othdiscr,1,1,1,1,joint,2,2368.0,565.0,389,32.0,36.0,4.0,,,-9.0,1027.0,adults,False,True,17.252645819705812,Car_1_Gas,Car_1_Gas,Car_1_Gas,WALK,0.0718280241181876,,,-9.0,0out_0in,othdiscr
49875,997,othdiscr,1,1,2,2,non_mandatory,1,2149.0,565.0,390,26.0,38.0,12.0,,,-9.0,912.0,,False,True,17.044365430096146,Van_16_Gas,Van_16_Gas,Van_16_Gas,WALK,0.7430103731704941,,,-9.0,0out_1in,othdiscr
49879,997,othmaint,1,1,1,2,non_mandatory,1,16089.0,565.0,390,9.0,12.0,3.0,,,-9.0,359.0,,False,True,11.65641807636346,Van_16_Gas,Van_16_Gas,Van_16_Gas,DRIVEALONE,-6.3285966740237605,Van_16_Gas,,-9.0,1out_0in,othmaint
49904,998,eat,1,1,1,1,atwork,1,16412.0,16412.0,391,18.0,19.0,1.0,,,-9.0,681.0,,,,4.9238165120825945,,,,WALK,2.6818015438193488,non_hh_veh,,49948.0,0out_0in,atwork
49948,998,work,1,1,1,1,mandatory,1,16412.0,565.0,391,10.0,28.0,18.0,,,-9.0,414.0,,,,-9.0,non_hh_veh,non_hh_veh,non_hh_veh,DRIVEALONE,-1.7643984487483575,non_hh_veh,eat,-9.0,0out_0in,work
50048,1000,work,2,1,1,2,mandatory,1,7979.0,565.0,393,10.0,43.0,33.0,,,-9.0,429.0,,,,-9.0,Car_13_Gas,Car_13_Gas,Car_13_Gas,DRIVEALONE,-0.5232665759437297,Car_13_Gas,no_subtours,-9.0,0out_0in,work
50049,1000,work,2,2,2,2,mandatory,1,7979.0,565.0,393,8.0,9.0,1.0,,,-9.0,316.0,,,,-9.0,Car_13_Gas,Car_13_Gas,Car_13_Gas,DRIVEALONE,-0.4777104417813408,Car_13_Gas,no_subtours,-9.0,0out_0in,work
50098,1001,work,2,1,1,2,mandatory,1,19398.0,565.0,393,11.0,15.0,4.0,,,-9.0,439.0,,,,-9.0,Car_13_Gas,Car_13_Gas,Car_13_Gas,DRIVEALONE,-2.0913715775019592,Car_13_Gas,no_subtours,-9.0,0out_0in,work
50099,1001,work,2,2,2,2,mandatory,1,19398.0,565.0,393,25.0,31.0,6.0,,,-9.0,882.0,,,,-9.0,Car_13_Gas,Car_13_Gas,Car_13_Gas,DRIVEALONE,-2.0859535960152518,Car_13_Gas,no_subtours,-9.0,0out_0in,work
50141,1002,shopping,1,1,1,1,non_mandatory,1,2531.0,565.0,393,19.0,27.0,8.0,,,-9.0,719.0,,False,True,11.480507702167166,Car_13_Gas,Car_13_Gas,Car_13_Gas,WALK,1.0247326108334534,,,-9.0,0out_0in,shopping
50154,1003,eat,1,1,1,1,atwork,1,14361.0,14361.0,394,22.0,23.0,1.0,,,-9.0,799.0,,,,6.511240410579569,,,,DRIVEALONE,0.826172366243819,Car_13_Gas,,50198.0,1out_1in,atwork
50198,1003,work,1,1,1,1,mandatory,1,14361.0,565.0,394,8.0,32.0,24.0,,,-9.0,339.0,,,,-9.0,Car_13_Gas,Car_13_Gas,Car_13_Gas,DRIVEALONE,-1.4328203766138798,Car_13_Gas,eat,-9.0,0out_0in,work
50229,1004,othmaint,2,1,1,2,non_mandatory,1,24333.0,565.0,394,20.0,22.0,2.0,,,-9.0,743.0,,True,False,7.052128596872005,Car_13_Gas,Car_6_Gas,Car_6_Gas,DRIVEALONE,-3.006170315304894,Car_13_Gas,,-9.0,1out_0in,othmaint
50230,1004,othmaint,2,2,2,2,non_mandatory,1,23056.0,565.0,394,29.0,33.0,4.0,,,-9.0,970.0,,False,True,11.250849901129673,Car_6_Gas,Car_13_Gas,Car_13_Gas,SHARED2,-2.275240388380805,Car_13_Gas,,-9.0,0out_0in,othmaint
50298,1005,work,1,1,1,1,mandatory,1,5878.0,565.0,395,10.0,28.0,18.0,,,-9.0,414.0,,,,-9.0,Pickup_17_Gas,SUV_4_Gas,Pickup_17_Gas,DRIVEALONE,-2.201696179366623,Pickup_17_Gas,no_subtours,-9.0,0out_0in,work
50325,1006,othdiscr,1,1,2,2,non_mandatory,1,2149.0,565.0,395,28.0,36.0,8.0,,,-9.0,953.0,,False,True,16.79482605149998,SUV_4_Gas,SUV_4_Gas,SUV_4_Gas,WALK,1.4293694398772483,,,-9.0,0out_0in,othdiscr
50341,1006,shopping,1,1,1,2,non_mandatory,1,6227.0,565.0,395,16.0,24.0,8.0,,,-9.0,623.0,,False,True,10.78695221501652,SUV_4_Gas,SUV_4_Gas,SUV_4_Gas,WALK,-0.6921255359512,,,-9.0,0out_0in,shopping
50375,1007,othdiscr,1,1,3,3,non_mandatory,1,2016.0,565.0,396,18.0,18.0,0.0,,,-9.0,680.0,,False,True,15.020698279518292,Car_20_Gas,Car_20_Gas,Car_20_Gas,WALK,1.4205707208354974,,,-9.0,0out_0in,othdiscr
50379,1007,othmaint,2,1,1,3,non_mandatory,1,16337.0,565.0,396,23.0,24.0,1.0,,,-9.0,826.0,,False,True,11.609987124188006,Car_20_Gas,Car_20_Gas,Car_20_Gas,BIKE,-4.102322642632366,,,-9.0,0out_0in,othmaint
50380,1007,othmaint,2,2,2,3,non_mandatory,1,19148.0,565.0,396,11.0,15.0,4.0,,,-9.0,439.0,,False,True,10.537391769656736,Car_20_Gas,Car_20_Gas,Car_20_Gas,DRIVEALONE,-5.925676164274774,Car_20_Gas,,-9.0,0out_0in,othmaint
50400,1008,business,1,1,1,1,atwork,1,9901.0,1031.0,397,22.0,23.0,1.0,,,-9.0,799.0,,,,5.319907245417832,,,,DRIVEALONE,-0.3998086339319983,non_hh_veh,,50448.0,0out_1in,atwork
50448,1008,work,1,1,1,1,mandatory,1,1031.0,565.0,397,11.0,31.0,20.0,,,-9.0,455.0,,,,-9.0,non_hh_veh,Pickup_4_Gas,Pickup_4_Gas,DRIVEALONE,-0.5540464635170363,non_hh_veh,business1,-9.0,0out_1in,work
50513,1010,eatout,1,1,1,1,joint,2,1834.0,565.0,398,22.0,24.0,2.0,,,-9.0,800.0,adults,False,True,15.529447121482155,Car_16_Gas,Car_8_Gas,Car_8_Gas,SHARED2,0.8937361511863972,Car_8_Gas,,-9.0,0out_0in,eatout
50556,1011,eatout,1,1,1,1,non_mandatory,1,3122.0,565.0,398,24.0,32.0,8.0,,,-9.0,859.0,,False,True,15.802011003206772,Car_8_Gas,Car_16_Gas,Car_16_Gas,WALK,1.7335471047635371,,,-9.0,1out_1in,eatout
50606,1012,eatout,1,1,1,1,non_mandatory,1,565.0,565.0,399,18.0,22.0,4.0,,,-9.0,684.0,,False,True,17.772465695037532,Car_10_Gas,Car_10_Gas,Car_10_Gas,WALK,1.5005226790642474,,,-9.0,0out_0in,eatout
50669,1013,shopping,1,1,1,1,joint,2,8847.0,565.0,400,11.0,18.0,7.0,,,-9.0,442.0,adults,False,True,11.609574232653108,Car_3_Gas,Car_3_Gas,Car_3_Gas,SHARED2,-0.8256698324892073,Car_3_Gas,,-9.0,1out_2in,shopping
50875,1017,othdiscr,1,1,1,1,non_mandatory,1,2368.0,599.0,402,12.0,13.0,1.0,,,-9.0,474.0,,False,True,16.96987528705335,Car_3_Gas,SUV_13_Gas,Car_3_Gas,BIKE,1.3378446334784142,,,-9.0,0out_0in,othdiscr
50904,1018,eat,1,1,1,1,atwork,1,4.0,1331.0,403,19.0,21.0,2.0,,,-9.0,713.0,,,,6.557456746784069,,,,WALK,0.8310883312799607,SUV_15_Gas,,50948.0,0out_0in,atwork
50948,1018,work,1,1,1,1,mandatory,1,1331.0,599.0,403,8.0,32.0,24.0,,,-9.0,339.0,,,,-9.0,SUV_15_Gas,SUV_15_Gas,Car_20_Gas,DRIVEALONE,-5.705075379668048,SUV_15_Gas,eat,-9.0,0out_1in,work
50979,1019,othmaint,1,1,1,1,non_mandatory,1,23934.0,599.0,403,7.0,28.0,21.0,,,-9.0,294.0,,False,True,11.432665504268208,SUV_15_Gas,SUV_15_Gas,SUV_15_Gas,DRIVEALONE,-2.4826830836257963,SUV_15_Gas,,-9.0,0out_3in,othmaint
51004,1020,eat,1,1,1,1,atwork,1,23567.0,23567.0,404,19.0,20.0,1.0,,,-9.0,712.0,,,,7.780789260505712,,,,WALK,0.95914245295283,Pickup_15_Gas,,51048.0,0out_0in,atwork
51048,1020,work,1,1,1,1,mandatory,1,23567.0,599.0,404,9.0,29.0,20.0,,,-9.0,376.0,,,,-9.0,Pickup_15_Gas,Pickup_15_Gas,Pickup_15_Gas,DRIVEALONE,-3.149051034997437,Pickup_15_Gas,eat,-9.0,2out_2in,work
51056,1021,eatout,1,1,1,2,non_mandatory,1,1834.0,599.0,405,18.0,21.0,3.0,,,-9.0,683.0,,False,True,16.99540254896988,Pickup_20_Gas,Pickup_20_Gas,Pickup_20_Gas,WALK,0.9608875364762156,,,-9.0,0out_0in,eatout
51075,1021,othdiscr,1,1,2,2,non_mandatory,1,2368.0,599.0,405,12.0,14.0,2.0,,,-9.0,475.0,,False,True,16.43642237794605,Pickup_20_Gas,Pickup_20_Gas,Pickup_20_Gas,DRIVEALONE,1.0488762923317587,Pickup_20_Gas,,-9.0,0out_1in,othdiscr
51125,1022,othdiscr,1,1,1,1,non_mandatory,1,1834.0,599.0,406,13.0,25.0,12.0,,,-9.0,522.0,,False,True,17.17339651174716,Car_20_Gas,Car_20_Gas,Car_20_Gas,WALK,0.350059019224048,,,-9.0,0out_1in,othdiscr
51175,1023,othdiscr,1,1,2,2,non_mandatory,1,3402.0,599.0,407,21.0,41.0,20.0,,,-9.0,790.0,,False,True,17.309234893300523,Car_13_Gas,Pickup_13_Gas,Pickup_13_Gas,SHARED3,1.116042945831586,Pickup_13_Gas,,-9.0,0out_1in,othdiscr
51179,1023,othmaint,1,1,1,2,non_mandatory,1,24331.0,599.0,407,13.0,20.0,7.0,,,-9.0,517.0,,True,False,7.104356582138598,Car_13_Gas,Car_13_Gas,Car_13_Gas,DRIVEALONE,-5.413140386260047,Car_13_Gas,,-9.0,1out_1in,othmaint
51279,1025,othmaint,1,1,1,1,non_mandatory,1,18418.0,599.0,408,29.0,31.0,2.0,,,-9.0,968.0,,False,True,12.706333295613826,Pickup_3_Gas,Pickup_3_Gas,SUV_2_Gas,SHARED2,-2.254033497466836,Pickup_3_Gas,,-9.0,0out_0in,othmaint
51309,1026,escort,1,1,1,2,non_mandatory,1,2026.0,599.0,409,30.0,33.0,3.0,,,-9.0,989.0,,False,True,12.994809085070576,Car_6_Gas,Car_6_Gas,Car_6_Gas,DRIVEALONE,-0.3269631687790547,Car_6_Gas,,-9.0,0out_1in,escort
51329,1026,othmaint,1,1,2,2,non_mandatory,1,3356.0,599.0,409,15.0,21.0,6.0,,,-9.0,587.0,,False,True,12.126629160504496,Pickup_18_Gas,Pickup_18_Gas,Car_6_Gas,BIKE,0.3467148709252297,,,-9.0,0out_0in,othmaint
51391,1027,shopping,1,1,1,1,non_mandatory,1,9901.0,599.0,409,11.0,19.0,8.0,,,-9.0,443.0,,False,True,10.073822360097656,Car_6_Gas,Car_6_Gas,Car_6_Gas,DRIVEALONE,-2.8460530019930497,Car_6_Gas,,-9.0,3out_3in,shopping
51448,1028,work,1,1,1,1,mandatory,1,11181.0,599.0,410,28.0,36.0,8.0,,,-9.0,953.0,,,,-9.0,SUV_15_Gas,SUV_15_Gas,Pickup_12_Gas,DRIVEALONE,-0.8025215958607048,SUV_15_Gas,no_subtours,-9.0,0out_0in,work
51498,1029,work,2,1,1,2,mandatory,1,23860.0,599.0,410,11.0,24.0,13.0,,,-9.0,448.0,,,,-9.0,SUV_15_Gas,Pickup_12_Gas,SUV_15_Gas,DRIVEALONE,-0.8670417799916668,SUV_15_Gas,no_subtours,-9.0,0out_1in,work
51499,1029,work,2,2,2,2,mandatory,1,23860.0,599.0,410,27.0,30.0,3.0,,,-9.0,926.0,,,,-9.0,Pickup_12_Gas,Car_9_Gas,Car_9_Gas,SHARED2,-0.7826107149824025,Car_9_Gas,no_subtours,-9.0,0out_0in,work
51525,1030,othdiscr,3,1,1,3,non_mandatory,1,3402.0,599.0,410,15.0,17.0,2.0,,,-9.0,583.0,,False,True,17.751668706477567,Pickup_12_Gas,SUV_15_Gas,SUV_15_Gas,WALK,2.6714494643706344,,,-9.0,0out_0in,othdiscr
51526,1030,othdiscr,3,2,2,3,non_mandatory,1,24333.0,599.0,410,18.0,27.0,9.0,,,-9.0,689.0,,True,False,5.078731236906536,Pickup_12_Gas,Pickup_12_Gas,Pickup_12_Gas,DRIVEALONE,-2.35365782621838,Pickup_12_Gas,,-9.0,0out_1in,othdiscr
51527,1030,othdiscr,3,3,3,3,non_mandatory,1,2368.0,599.0,410,31.0,34.0,3.0,,,-9.0,1008.0,,False,True,17.94682744185566,SUV_15_Gas,Pickup_12_Gas,Car_9_Gas,WALK,2.6675773627577897,,,-9.0,0out_0in,othdiscr
51575,1031,othdiscr,1,1,1,1,non_mandatory,1,3122.0,599.0,411,17.0,21.0,4.0,,,-9.0,652.0,,False,True,17.53361873710057,Pickup_15_Gas,Pickup_15_Gas,Pickup_15_Gas,WALK,0.9560485379768652,,,-9.0,0out_0in,othdiscr
51606,1032,eatout,1,1,4,5,non_mandatory,1,2016.0,599.0,412,35.0,35.0,0.0,,,-9.0,1071.0,,False,True,17.128391795454085,Pickup_11_Gas,Pickup_11_Gas,Pickup_11_Gas,SHARED2,2.08603030559615,Pickup_11_Gas,,-9.0,0out_0in,eatout
51625,1032,othdiscr,1,1,5,5,non_mandatory,1,2368.0,599.0,412,32.0,34.0,2.0,,,-9.0,1025.0,,False,True,16.700080493200527,Pickup_11_Gas,Pickup_11_Gas,Pickup_11_Gas,WALK,1.87888867782383,,,-9.0,0out_0in,othdiscr
51635,1032,escort,3,1,1,5,non_mandatory,1,19120.0,599.0,412,10.0,12.0,2.0,pure_escort,,2.0,398.0,,False,True,-9.0,Pickup_11_Gas,Pickup_11_Gas,Pickup_11_Gas,SHARED3,-5.830361802821492,Pickup_11_Gas,,-9.0,1out_3in,escort
51636,1032,escort,3,2,2,5,non_mandatory,1,19120.0,599.0,412,26.0,27.0,1.0,,pure_escort,1.0,901.0,,False,True,-9.0,Pickup_11_Gas,Pickup_11_Gas,Pickup_11_Gas,SHARED2,-5.702732139370785,Pickup_11_Gas,,-9.0,0out_0in,escort
51637,1032,escort,3,3,3,5,non_mandatory,1,599.0,599.0,412,30.0,30.0,0.0,,pure_escort,2.0,986.0,,False,True,-9.0,Pickup_11_Gas,Pickup_11_Gas,Pickup_11_Gas,SHARED3,0.7393342499851505,Pickup_11_Gas,,-9.0,0out_1in,escort
51683,1033,school,1,1,1,1,mandatory,1,7211.0,599.0,412,9.0,25.0,16.0,,,-9.0,372.0,,,,-9.0,Pickup_11_Gas,Pickup_11_Gas,Pickup_11_Gas,WALK,2.782254497396601,,,-9.0,2out_0in,school
51733,1034,school,1,1,1,1,mandatory,1,18752.0,599.0,412,10.0,30.0,19.0,pure_escort,pure_escort,-9.0,416.0,,,,-9.0,Pickup_11_Gas,Pickup_11_Gas,Pickup_11_Gas,SHARED3,-2.462166865036904,Pickup_11_Gas,,-9.0,0out_1in,school
51783,1035,school,1,1,1,1,mandatory,1,19120.0,599.0,412,10.0,27.0,17.0,pure_escort,pure_escort,-9.0,413.0,,,,-9.0,Pickup_11_Gas,Pickup_11_Gas,Pickup_11_Gas,SHARED2,-4.675754279573636,Pickup_11_Gas,,-9.0,1out_0in,school
51883,1037,school,1,1,1,1,mandatory,1,599.0,599.0,412,11.0,30.0,19.0,,pure_escort,-9.0,454.0,,,,-9.0,Pickup_11_Gas,Pickup_11_Gas,Pickup_11_Gas,SHARED3,6.963721911486606,Pickup_11_Gas,,-9.0,1out_0in,school
51948,1038,work,1,1,1,1,mandatory,1,23021.0,599.0,413,11.0,33.0,22.0,,,-9.0,457.0,,,,-9.0,Car_11_Gas,Car_11_Gas,Car_11_Gas,DRIVEALONE,-3.657062786023799,Car_11_Gas,no_subtours,-9.0,0out_0in,work
51959,1039,escort,1,1,1,1,non_mandatory,1,2281.0,599.0,413,8.0,8.0,0.0,,,-9.0,315.0,,False,True,13.273820504032653,Car_11_Gas,Car_11_Gas,Car_11_Gas,DRIVEALONE,0.5759748756999344,Car_11_Gas,,-9.0,3out_3in,escort
52015,1040,othdiscr,2,1,1,2,joint,2,2368.0,599.0,414,18.0,19.0,1.0,,,-9.0,681.0,adults,False,True,17.393609868222622,Pickup_18_Gas,Car_15_Gas,Van_19_Gas,WALK,0.7268341755117709,,,-9.0,0out_0in,othdiscr
52025,1040,othdiscr,2,2,2,2,non_mandatory,1,2368.0,599.0,414,27.0,30.0,3.0,,,-9.0,926.0,,False,True,17.13104656267084,Car_15_Gas,Van_19_Gas,Van_19_Gas,WALK,1.7729456201082308,,,-9.0,0out_0in,othdiscr
52091,1041,shopping,1,1,1,1,non_mandatory,1,8220.0,599.0,414,13.0,15.0,2.0,,,-9.0,512.0,,False,True,10.120372997190096,Car_15_Gas,Van_19_Gas,Car_15_Gas,WALK,-1.5549507466167043,,,-9.0,0out_0in,shopping
52117,1042,othmaint,1,1,1,1,joint,3,6298.0,599.0,415,29.0,29.0,0.0,,,-9.0,966.0,adults,False,True,10.433425059418845,Car_3_Gas,Car_3_Gas,Car_3_Gas,SHARED3,-55.51307381986219,Car_3_Gas,,-9.0,0out_0in,othmaint
52204,1044,eat,1,1,1,1,atwork,1,10518.0,10518.0,415,18.0,21.0,3.0,,,-9.0,683.0,,,,3.927990972413016,,,,SHARED2,0.3168719517556064,Car_3_Gas,,52248.0,0out_0in,atwork
52248,1044,work,1,1,1,1,mandatory,1,10518.0,599.0,415,6.0,26.0,20.0,,,-9.0,250.0,,,,-9.0,Car_3_Gas,Car_3_Gas,Car_3_Gas,DRIVEALONE,-5.31632202215781,Car_3_Gas,eat,-9.0,0out_0in,work
52275,1045,othdiscr,1,1,2,2,non_mandatory,1,2368.0,599.0,416,9.0,13.0,4.0,,,-9.0,360.0,,False,True,18.177902335761186,non_hh_veh,Car_9_Gas,Car_9_Gas,WALK,2.700838804306562,,,-9.0,3out_3in,othdiscr
52298,1045,work,1,1,1,2,mandatory,1,7369.0,599.0,416,21.0,43.0,22.0,,,-9.0,792.0,,,,-9.0,Car_9_Gas,Car_9_Gas,Car_9_Gas,DRIVEALONE,-0.8987560755654883,Car_9_Gas,no_subtours,-9.0,1out_2in,work
52341,1046,shopping,2,1,1,2,non_mandatory,1,8968.0,599.0,417,24.0,24.0,0.0,,,-9.0,851.0,,False,True,10.237386854274815,SUV_18_Gas,SUV_18_Gas,SUV_18_Gas,DRIVEALONE,0.350329643180341,SUV_18_Gas,,-9.0,1out_1in,shopping
52342,1046,shopping,2,2,2,2,non_mandatory,1,23235.0,599.0,417,16.0,24.0,8.0,,,-9.0,623.0,,False,True,10.219490154473256,SUV_18_Gas,SUV_18_Gas,SUV_18_Gas,DRIVEALONE,-1.092101261604976,SUV_18_Gas,,-9.0,0out_0in,shopping
52379,1047,othmaint,1,1,1,1,non_mandatory,1,18803.0,599.0,418,10.0,20.0,10.0,,,-9.0,406.0,,False,True,10.247030275449449,Van_9_Gas,Van_9_Gas,Van_9_Gas,DRIVEALONE,-2.293471192708874,Van_9_Gas,,-9.0,0out_3in,othmaint
52404,1048,eat,1,1,1,1,atwork,1,15946.0,15922.0,419,18.0,20.0,2.0,,,-9.0,682.0,,,,3.404445498389549,,,,DRIVEALONE,-3.302995606783118,Car_15_Gas,,52448.0,0out_0in,atwork
52448,1048,work,1,1,1,1,mandatory,1,15922.0,599.0,419,10.0,33.0,23.0,,,-9.0,419.0,,,,-9.0,Car_15_Gas,Car_15_Gas,Car_15_Gas,DRIVEALONE,-6.988653855066036,Car_15_Gas,eat,-9.0,0out_1in,work
52483,1049,school,1,1,1,1,mandatory,1,9001.0,599.0,419,8.0,38.0,30.0,,,-9.0,345.0,,,,-9.0,Car_15_Gas,Car_15_Gas,Car_15_Gas,SHARED3,-4.343732208896121,Car_15_Gas,,-9.0,2out_0in,univ
52504,1050,eat,1,1,1,1,atwork,1,23303.0,15983.0,419,14.0,15.0,1.0,,,-9.0,547.0,,,,4.695604741478578,,,,SHARED2,-1.4241299905535445,Car_15_Gas,,52548.0,0out_0in,atwork
52548,1050,work,1,1,1,1,mandatory,1,15983.0,599.0,419,12.0,37.0,25.0,,,-9.0,498.0,,,,-9.0,Car_15_Gas,Car_15_Gas,Car_15_Gas,DRIVEALONE,-1.79445186079506,Car_15_Gas,eat,-9.0,0out_3in,work
52659,1053,escort,3,3,3,3,non_mandatory,1,23880.0,599.0,421,26.0,27.0,1.0,,,-9.0,901.0,,False,True,13.20871218509401,Car_1_PEV,SUV_14_Gas,Car_5_Gas,DRIVEALONE,-0.9424945529128004,Car_1_PEV,,-9.0,0out_0in,escort
52685,1053,escort,3,1,1,3,non_mandatory,1,11793.0,599.0,421,9.0,9.0,0.0,pure_escort,,1.0,356.0,,False,True,-9.0,SUV_14_Gas,Car_1_PEV,Car_1_PEV,SHARED2,-1.311007696694262,Car_1_PEV,,-9.0,0out_0in,escort
52686,1053,escort,3,2,2,3,non_mandatory,1,11793.0,599.0,421,26.0,26.0,0.0,,pure_escort,1.0,900.0,,False,True,-9.0,Car_1_PEV,Car_5_Gas,SUV_3_BEV,SHARED3,-1.308362157999603,SUV_3_BEV,,-9.0,0out_0in,escort
52704,1054,eat,1,1,1,1,atwork,1,2465.0,229.0,421,19.0,20.0,1.0,,,-9.0,712.0,,,,6.218919996871244,,,,EBIKE,-0.2657983065539856,Car_5_Gas,,52748.0,0out_1in,atwork
52709,1054,escort,2,1,2,3,non_mandatory,1,11181.0,599.0,421,28.0,30.0,2.0,,,-9.0,947.0,,False,True,11.937871399646829,SUV_3_BEV,SUV_14_Gas,SUV_3_BEV,DRIVEALONE,-0.6943098909966439,SUV_3_BEV,,-9.0,0out_1in,escort
52710,1054,escort,2,2,3,3,non_mandatory,1,7369.0,599.0,421,32.0,33.0,1.0,,,-9.0,1024.0,,False,True,12.426809634251123,SUV_14_Gas,Car_5_Gas,SUV_14_Gas,DRIVEALONE,-1.866486466042464,SUV_14_Gas,,-9.0,3out_3in,escort
52748,1054,work,1,1,1,3,mandatory,1,229.0,599.0,421,8.0,27.0,19.0,,,-9.0,334.0,,,,-9.0,Car_5_Gas,Car_1_PEV,Car_5_Gas,DRIVEALONE,0.0616834594016165,Car_5_Gas,eat,-9.0,0out_0in,work
52759,1055,escort,1,1,3,3,non_mandatory,1,2143.0,599.0,421,6.0,7.0,1.0,,,-9.0,231.0,,False,True,13.186368883827187,Car_5_Gas,Car_5_Gas,SUV_3_BEV,WALK,-0.2329797674509136,,,-9.0,0out_0in,escort
52798,1055,work,2,1,1,3,mandatory,1,20254.0,599.0,421,8.0,31.0,23.0,,,-9.0,338.0,,,,-9.0,SUV_3_BEV,SUV_3_BEV,SUV_14_Gas,DRIVEALONE,-4.277328664713123,SUV_3_BEV,no_subtours,-9.0,0out_0in,work
52799,1055,work,2,2,2,3,mandatory,1,20254.0,599.0,421,34.0,36.0,2.0,,,-9.0,1058.0,,,,-9.0,Car_1_PEV,SUV_14_Gas,SUV_3_BEV,DRIVEALONE,-4.266487656117746,Car_1_PEV,no_subtours,-9.0,0out_0in,work
52833,1056,school,1,1,1,1,mandatory,1,7004.0,599.0,421,9.0,27.0,18.0,,,-9.0,374.0,,,,-9.0,Car_5_Gas,SUV_14_Gas,SUV_3_BEV,WALK,2.506569427110508,,,-9.0,0out_1in,school
52883,1057,school,1,1,1,1,mandatory,1,11793.0,599.0,421,9.0,26.0,17.0,pure_escort,pure_escort,-9.0,373.0,,,,-9.0,Car_1_PEV,Car_5_Gas,SUV_3_BEV,SHARED3,4.06166437153107,SUV_3_BEV,,-9.0,0out_0in,school
52933,1058,school,1,1,1,1,mandatory,1,15489.0,599.0,421,11.0,13.0,2.0,,,-9.0,437.0,,,,-9.0,Car_5_Gas,Car_5_Gas,SUV_3_BEV,SHARED3,-2.4276998015454687,SUV_3_BEV,,-9.0,1out_3in,school
52991,1059,shopping,1,1,1,1,non_mandatory,1,2465.0,599.0,421,27.0,35.0,8.0,,,-9.0,931.0,,False,True,10.949722844830095,SUV_14_Gas,Car_5_Gas,Car_1_PEV,WALK,1.6826370678066649,,,-9.0,0out_0in,shopping
53198,1063,work,1,1,1,1,mandatory,1,4276.0,599.0,422,10.0,26.0,16.0,,,-9.0,412.0,,,,-9.0,SUV_14_Gas,SUV_14_Gas,SUV_14_Gas,DRIVEALONE,-5.788645813422491,SUV_14_Gas,no_subtours,-9.0,0out_0in,work
53225,1064,othdiscr,1,1,1,1,non_mandatory,1,599.0,599.0,423,14.0,21.0,7.0,,,-9.0,553.0,,False,True,17.353392095367923,Car_7_Gas,Car_7_Gas,Car_7_Gas,WALK,1.073981741292814,,,-9.0,0out_0in,othdiscr
53275,1065,othdiscr,1,1,1,1,non_mandatory,1,2368.0,599.0,424,14.0,18.0,4.0,,,-9.0,550.0,,False,True,17.69149816486359,non_hh_veh,non_hh_veh,non_hh_veh,WALK,2.3859153678477645,,,-9.0,0out_0in,othdiscr
53341,1066,shopping,1,1,1,1,non_mandatory,1,9901.0,599.0,424,17.0,27.0,10.0,,,-9.0,658.0,,False,True,11.76293663728513,non_hh_veh,non_hh_veh,non_hh_veh,WALK,2.7486004320985944,,,-9.0,0out_0in,shopping
53391,1067,shopping,1,1,1,1,non_mandatory,1,1562.0,599.0,425,25.0,31.0,6.0,,,-9.0,882.0,,False,True,9.853990249088277,Car_14_Gas,Car_14_Gas,Car_14_Gas,SHARED3,0.3129189108160226,Car_14_Gas,,-9.0,0out_0in,shopping
53409,1068,escort,1,1,2,2,non_mandatory,1,13126.0,599.0,426,30.0,31.0,1.0,,,-9.0,987.0,,False,True,12.931076268862894,SUV_18_Diesel,SUV_18_Diesel,SUV_18_Diesel,DRIVEALONE,-0.2067370590482849,SUV_18_Diesel,,-9.0,0out_0in,escort
53419,1068,shopping,1,1,1,2,joint,5,7616.0,599.0,426,14.0,20.0,6.0,,,-9.0,552.0,mixed,False,True,10.041846488018209,SUV_18_Diesel,SUV_18_Diesel,SUV_18_Diesel,SHARED3,-4.646474270470078,SUV_18_Diesel,,-9.0,0out_0in,shopping
53754,1075,eat,1,1,1,1,atwork,1,19455.0,19393.0,429,18.0,19.0,1.0,,,-9.0,681.0,,,,3.620451607036768,,,,WALK,-1.1433968309903453,Pickup_5_Gas,,53798.0,0out_0in,atwork
53798,1075,work,1,1,1,1,mandatory,1,19393.0,599.0,429,11.0,33.0,22.0,,,-9.0,457.0,,,,-9.0,Pickup_5_Gas,Pickup_5_Gas,Pickup_5_Gas,DRIVEALONE,-9.772894085293338,Pickup_5_Gas,eat,-9.0,1out_2in,work
53825,1076,othdiscr,1,1,1,1,non_mandatory,1,1834.0,599.0,430,20.0,20.0,0.0,,,-9.0,741.0,,False,True,17.858868995677252,non_hh_veh,non_hh_veh,non_hh_veh,WALK,2.222196973373009,,,-9.0,0out_1in,othdiscr
53859,1077,escort,1,1,1,1,non_mandatory,1,23871.0,599.0,431,8.0,8.0,0.0,,,-9.0,315.0,,False,True,14.513891641211975,Car_16_Gas,Car_16_Gas,Car_16_Gas,DRIVEALONE,-1.8133075951779687,Car_16_Gas,,-9.0,1out_0in,escort
53963,1079,eatout,1,1,1,1,joint,2,599.0,599.0,433,29.0,34.0,5.0,,,-9.0,971.0,adults,False,True,16.73535821298097,Pickup_8_Gas,Pickup_8_Gas,Pickup_8_Gas,WALK,0.5080883301449689,,,-9.0,1out_1in,eatout
54025,1080,othdiscr,1,1,1,1,non_mandatory,1,3483.0,599.0,433,16.0,26.0,10.0,,,-9.0,625.0,,False,True,16.653732188614484,Pickup_8_Gas,Motorcycle_9_Gas,Pickup_8_Gas,WALK,1.5839886194915385,,,-9.0,0out_1in,othdiscr
54054,1081,eat,1,1,1,1,atwork,1,6527.0,7369.0,434,19.0,21.0,2.0,,,-9.0,713.0,,,,3.2436954910810614,,,,DRIVEALONE,-1.94251549517096,Car_19_Gas,,54098.0,0out_1in,atwork
54098,1081,work,1,1,1,1,mandatory,1,7369.0,599.0,434,10.0,33.0,23.0,,,-9.0,419.0,,,,-9.0,Car_19_Gas,Pickup_12_Gas,Pickup_12_Gas,DRIVEALONE,-1.2327003592349703,Car_19_Gas,eat,-9.0,0out_1in,work
54133,1082,school,1,1,1,1,mandatory,1,23114.0,599.0,434,19.0,38.0,19.0,,,-9.0,730.0,,,,-9.0,SUV_15_Gas,Van_20_Gas,Van_20_Gas,DRIVEALONE,-2.4294577521958445,SUV_15_Gas,,-9.0,0out_0in,univ
54209,1084,escort,1,1,1,1,non_mandatory,1,3579.0,599.0,435,9.0,9.0,0.0,,,-9.0,356.0,,False,True,13.100988187583468,Car_5_Gas,Car_5_Gas,Car_5_Gas,SHARED2,-0.3641379191965046,Car_5_Gas,,-9.0,0out_0in,escort
54291,1085,shopping,1,1,1,2,non_mandatory,1,2465.0,599.0,436,27.0,29.0,2.0,,,-9.0,925.0,,False,True,10.700881558254606,Pickup_15_Gas,Pickup_16_Gas,SUV_5_Gas,WALK,0.353357908668381,,,-9.0,0out_0in,shopping
54295,1085,social,1,1,2,2,non_mandatory,1,599.0,599.0,436,18.0,23.0,5.0,,,-9.0,685.0,,False,True,16.887222815116026,SUV_5_Gas,Pickup_16_Gas,Pickup_15_Gas,WALK,1.755712479443786,,,-9.0,0out_0in,social
54304,1086,eat,1,1,1,1,atwork,1,19444.0,20305.0,436,19.0,20.0,1.0,,,-9.0,712.0,,,,4.8722840970983,,,,BIKE,-5.232170972966543,Pickup_15_Gas,,54348.0,0out_0in,atwork
54348,1086,work,1,1,1,1,mandatory,1,20305.0,599.0,436,6.0,32.0,26.0,,,-9.0,256.0,,,,-9.0,Pickup_15_Gas,SUV_5_Gas,SUV_5_Gas,DRIVEALONE,-3.642832888146683,Pickup_15_Gas,eat,-9.0,0out_2in,work
54375,1087,othdiscr,1,1,1,1,non_mandatory,1,3402.0,599.0,436,9.0,9.0,0.0,,,-9.0,356.0,,False,True,17.049869256199763,Pickup_15_Gas,Pickup_15_Gas,SUV_5_Gas,WALK,1.0427666517545149,,,-9.0,0out_0in,othdiscr
54429,1088,othmaint,2,1,1,2,non_mandatory,1,1411.0,599.0,437,12.0,12.0,0.0,,,-9.0,473.0,,False,True,11.906194145267866,Car_20_Gas,Car_20_Gas,Car_20_Gas,WALK,0.2902778393819066,,,-9.0,0out_3in,othmaint
54430,1088,othmaint,2,2,2,2,non_mandatory,1,13532.0,599.0,437,13.0,21.0,8.0,,,-9.0,518.0,,False,True,11.418492522197129,Car_20_Gas,Car_20_Gas,Car_20_Gas,DRIVEALONE,-1.1548974020883096,Car_20_Gas,,-9.0,0out_0in,othmaint
54473,1089,maint,1,1,1,1,atwork,1,4864.0,5906.0,438,18.0,19.0,1.0,,,-9.0,681.0,,,,5.917002458114639,,,,WALK,0.427409521353896,Pickup_17_Gas,,54498.0,0out_0in,atwork
54498,1089,work,1,1,1,1,mandatory,1,5906.0,599.0,438,9.0,33.0,24.0,,,-9.0,380.0,,,,-9.0,Pickup_17_Gas,Pickup_17_Gas,Car_12_Gas,DRIVEALONE,-4.158692715273728,Pickup_17_Gas,maint,-9.0,0out_2in,work
54509,1090,escort,1,1,1,1,non_mandatory,1,15988.0,599.0,438,24.0,27.0,3.0,,,-9.0,854.0,,False,True,13.103366905070136,Car_12_Gas,Pickup_17_Gas,Pickup_17_Gas,SHARED2,-3.963295900660895,Pickup_17_Gas,,-9.0,2out_1in,escort
54579,1091,othmaint,1,1,1,1,non_mandatory,1,2465.0,599.0,439,15.0,24.0,9.0,,,-9.0,590.0,,False,True,12.311449951675348,Car_11_Gas,Car_11_Gas,Car_11_Gas,WALK,-0.5152215795874202,,,-9.0,0out_0in,othmaint
54625,1092,othdiscr,1,1,1,1,non_mandatory,1,2368.0,599.0,440,25.0,33.0,8.0,,,-9.0,884.0,,False,True,17.353263691571243,Car_2_Gas,Car_2_Gas,Car_2_Gas,DRIVEALONE,0.7215061915364999,Car_2_Gas,,-9.0,0out_0in,othdiscr
54691,1093,shopping,1,1,1,1,non_mandatory,1,2465.0,599.0,441,22.0,25.0,3.0,,,-9.0,801.0,,False,True,10.213761426048505,Pickup_2_Gas,Car_12_Gas,Pickup_2_Gas,WALK,0.6553207786025527,,,-9.0,0out_0in,shopping
54741,1094,shopping,2,1,1,2,non_mandatory,1,3356.0,599.0,441,16.0,17.0,1.0,,,-9.0,616.0,,False,True,10.419466817079323,Car_12_Gas,Car_12_Gas,Car_12_Gas,WALK,-0.4073555684606141,,,-9.0,0out_0in,shopping
54742,1094,shopping,2,2,2,2,non_mandatory,1,23883.0,599.0,441,21.0,26.0,5.0,,,-9.0,775.0,,False,True,9.982807448768511,Car_12_Gas,Pickup_2_Gas,Pickup_2_Gas,DRIVEALONE,-3.64257994895675,Car_12_Gas,,-9.0,1out_1in,shopping
54825,1096,othdiscr,1,1,1,1,non_mandatory,1,3122.0,599.0,442,14.0,18.0,4.0,,,-9.0,550.0,,False,True,17.717818321305558,SUV_13_Gas,Car_7_Gas,SUV_13_Gas,WALK,1.0498269289931084,,,-9.0,0out_0in,othdiscr
54998,1099,work,1,1,1,1,mandatory,1,8847.0,599.0,443,26.0,30.0,4.0,,,-9.0,904.0,,,,-9.0,SUV_17_Gas,SUV_17_Gas,SUV_11_Gas,SHARED2,-0.9828567138982368,SUV_17_Gas,no_subtours,-9.0,0out_0in,work
55041,1100,shopping,1,1,1,1,non_mandatory,1,2465.0,599.0,444,37.0,38.0,1.0,,,-9.0,1099.0,,False,True,9.847839899799052,Car_20_Gas,Car_20_Gas,Car_20_Gas,DRIVEALONE,0.0422664491485236,Car_20_Gas,,-9.0,0out_1in,shopping
55059,1101,escort,1,1,1,1,non_mandatory,1,7369.0,599.0,445,28.0,29.0,1.0,,,-9.0,946.0,,False,True,14.66009778035071,non_hh_veh,non_hh_veh,non_hh_veh,DRIVEALONE,-0.1419211998898328,non_hh_veh,,-9.0,0out_0in,escort
55125,1102,othdiscr,1,1,1,1,non_mandatory,1,2368.0,599.0,445,18.0,27.0,9.0,,,-9.0,689.0,,False,True,17.343008915654316,non_hh_veh,non_hh_veh,non_hh_veh,DRIVEALONE,2.5651696578997814,non_hh_veh,,-9.0,1out_0in,othdiscr
55156,1103,eatout,1,1,1,2,non_mandatory,1,8220.0,599.0,446,12.0,12.0,0.0,,,-9.0,473.0,,False,True,14.04079660048634,Pickup_18_Gas,Car_20_Gas,Pickup_18_Gas,WALK,1.501602562992005,,,-9.0,0out_0in,eatout
55175,1103,othdiscr,1,1,2,2,non_mandatory,1,2531.0,599.0,446,30.0,32.0,2.0,,,-9.0,988.0,,False,True,17.663103721727037,Car_20_Gas,Pickup_18_Gas,Pickup_18_Gas,WALK,1.661960384191403,,,-9.0,0out_0in,othdiscr
55241,1104,shopping,2,1,1,2,non_mandatory,1,23050.0,599.0,446,22.0,24.0,2.0,,,-9.0,800.0,,False,True,10.296736022528805,Pickup_18_Gas,Pickup_18_Gas,Car_20_Gas,SHARED2,-3.5990841155910465,Pickup_18_Gas,,-9.0,1out_1in,shopping
55242,1104,shopping,2,2,2,2,non_mandatory,1,13129.0,599.0,446,15.0,16.0,1.0,,,-9.0,582.0,,False,True,10.582283952625144,Car_20_Gas,Pickup_18_Gas,Pickup_18_Gas,DRIVEALONE,-1.5300722802622173,Car_20_Gas,,-9.0,0out_0in,shopping
55367,1107,othmaint,1,1,1,1,joint,2,5744.0,611.0,448,19.0,32.0,13.0,,,-9.0,724.0,adults,False,True,10.35175843317725,SUV_17_Gas,SUV_17_Gas,SUV_19_Gas,SHARED2,-1.6647499971277098,SUV_17_Gas,,-9.0,1out_0in,othmaint
55441,1108,shopping,1,1,1,1,non_mandatory,1,9901.0,611.0,448,13.0,17.0,4.0,,,-9.0,514.0,,False,True,10.084492413996,SUV_17_Gas,SUV_17_Gas,SUV_17_Gas,DRIVEALONE,-0.4084870076686422,SUV_17_Gas,,-9.0,0out_0in,shopping
55683,1113,school,1,1,1,1,mandatory,1,8551.0,611.0,450,10.0,25.0,15.0,,,-9.0,411.0,,,,-9.0,SUV_14_Gas,SUV_14_Gas,SUV_14_Gas,SCH_BUS,-4.731185858955067,,,-9.0,0out_0in,school
55733,1114,school,1,1,1,1,mandatory,1,11793.0,611.0,450,10.0,23.0,13.0,,,-9.0,409.0,,,,-9.0,SUV_14_Gas,SUV_14_Gas,SUV_14_Gas,WALK,3.396874550886061,,,-9.0,1out_0in,school
55785,1115,escort,2,1,1,3,non_mandatory,1,11793.0,611.0,451,9.0,9.0,0.0,pure_escort,,1.0,356.0,,False,True,-9.0,Van_15_Gas,Van_12_Gas,Van_15_Gas,SHARED2,0.7823884053229876,Van_12_Gas,,-9.0,0out_0in,escort
55786,1115,escort,2,2,2,3,non_mandatory,1,11793.0,611.0,451,24.0,24.0,0.0,,pure_escort,1.0,851.0,,False,True,-9.0,SUV_17_Gas,Car_12_Gas,Van_15_Gas,SHARED2,0.78360522131064,Car_12_Gas,,-9.0,0out_0in,escort
55791,1115,shopping,1,1,3,3,non_mandatory,1,23235.0,611.0,451,17.0,19.0,2.0,,,-9.0,650.0,,False,True,10.165809500620766,Van_15_Gas,Van_12_Gas,Van_12_Gas,SHARED3,-1.7853705442595558,Van_12_Gas,,-9.0,0out_0in,shopping
55809,1116,escort,2,1,1,2,non_mandatory,1,6073.0,611.0,451,24.0,26.0,2.0,,,-9.0,853.0,,False,True,12.3416111046444,SUV_17_Gas,SUV_17_Gas,Van_15_Gas,DRIVEALONE,-0.9782363181267218,SUV_17_Gas,,-9.0,0out_0in,escort
55810,1116,escort,2,2,2,2,non_mandatory,1,1676.0,611.0,451,35.0,38.0,3.0,,,-9.0,1074.0,,False,True,12.585507496021377,SUV_17_Gas,Van_12_Gas,Van_12_Gas,DRIVEALONE,-1.0011932502200915,SUV_17_Gas,,-9.0,0out_0in,escort
55883,1117,school,1,1,1,1,mandatory,1,1624.0,611.0,451,9.0,25.0,16.0,,,-9.0,372.0,,,,-9.0,Car_12_Gas,Van_12_Gas,Van_15_Gas,WALK_MIX,-5.60022243847728,,,-9.0,2out_0in,school
55933,1118,school,1,1,1,1,mandatory,1,11793.0,611.0,451,9.0,24.0,15.0,pure_escort,pure_escort,-9.0,371.0,,,,-9.0,Car_12_Gas,Van_12_Gas,Van_12_Gas,SHARED2,5.226814028132707,Van_12_Gas,,-9.0,0out_0in,school
56033,1120,school,1,1,1,1,mandatory,1,16014.0,611.0,451,8.0,23.0,15.0,,,-9.0,330.0,,,,-9.0,Car_12_Gas,SUV_17_Gas,Van_12_Gas,BIKE,0.6345753308696366,,,-9.0,1out_0in,school
56079,1121,othmaint,1,1,3,3,non_mandatory,1,5255.0,611.0,452,19.0,26.0,7.0,,,-9.0,718.0,,False,True,12.982455438790112,Pickup_6_Hybrid,Van_6_Gas,Van_6_Gas,PNR_PRM,-18.306579079464058,Pickup_6_Hybrid,,-9.0,0out_0in,othmaint
56085,1121,escort,2,1,1,3,non_mandatory,1,23934.0,611.0,452,11.0,12.0,1.0,pure_escort,,1.0,436.0,,False,True,-9.0,Pickup_6_Hybrid,Van_6_Gas,Van_6_Gas,SHARED3,-3.774251328344225,Van_6_Gas,,-9.0,0out_0in,escort
56086,1121,escort,2,2,2,3,non_mandatory,1,23934.0,611.0,452,26.0,28.0,2.0,,pure_escort,1.0,902.0,,False,True,-9.0,Van_6_Gas,Van_6_Gas,Pickup_6_Hybrid,SHARED3,-3.7547959639840975,Pickup_6_Hybrid,,-9.0,0out_0in,escort
56133,1122,school,1,1,1,1,mandatory,1,16014.0,611.0,452,9.0,29.0,20.0,,,-9.0,376.0,,,,-9.0,Motorcycle_1_BEV,Van_6_Gas,Pickup_6_Hybrid,BIKE,0.148891351975923,,,-9.0,1out_0in,school
56183,1123,school,1,1,1,1,mandatory,1,23934.0,611.0,452,11.0,28.0,17.0,pure_escort,pure_escort,-9.0,452.0,,,,-9.0,Pickup_6_Hybrid,SUV_16_Gas,Van_6_Gas,SHARED3,-1.6845166498361326,Van_6_Gas,,-9.0,0out_0in,school
56225,1124,othdiscr,2,1,1,2,non_mandatory,1,6271.0,611.0,452,13.0,18.0,5.0,,,-9.0,515.0,,False,True,13.419822358341662,Pickup_6_Hybrid,Pickup_6_Hybrid,Pickup_6_Hybrid,SHARED3,-0.587794026109464,Pickup_6_Hybrid,,-9.0,0out_0in,othdiscr
56226,1124,othdiscr,2,2,2,2,non_mandatory,1,1469.0,611.0,452,11.0,13.0,2.0,,,-9.0,437.0,,False,True,13.274075757573948,Van_6_Gas,Van_6_Gas,Van_6_Gas,WALK,2.780694543263266,,,-9.0,0out_0in,othdiscr
56259,1125,escort,1,1,1,2,non_mandatory,1,16144.0,611.0,452,29.0,30.0,1.0,,,-9.0,967.0,,False,True,12.190631260843675,Pickup_6_Hybrid,Van_6_Gas,Van_6_Gas,DRIVEALONE,-2.3279700750266827,Pickup_6_Hybrid,,-9.0,0out_0in,escort
56279,1125,othmaint,1,1,2,2,non_mandatory,1,24331.0,611.0,452,10.0,26.0,16.0,,,-9.0,412.0,,True,False,7.692046866213511,Pickup_6_Hybrid,SUV_16_Gas,Van_6_Gas,DRIVEALONE,-5.27479886498571,Pickup_6_Hybrid,,-9.0,0out_0in,othmaint
56323,1126,maint,1,1,1,1,atwork,1,1676.0,5313.0,453,18.0,19.0,1.0,,,-9.0,681.0,,,,6.53004551182366,,,,WALK,-0.220161360347797,Car_2_PEV,,56348.0,0out_1in,atwork
56348,1126,work,2,1,1,2,mandatory,1,5313.0,611.0,453,9.0,31.0,22.0,,,-9.0,378.0,,,,-9.0,Car_2_PEV,Pickup_12_Gas,Car_2_PEV,SHARED3,-1.2705813719541217,Car_2_PEV,maint,-9.0,0out_0in,work
56349,1126,work,2,2,2,2,mandatory,1,5313.0,611.0,453,33.0,35.0,2.0,,,-9.0,1042.0,,,,-9.0,Car_2_PEV,non_hh_veh,Car_2_PEV,SHARED2,-1.2496957339407944,non_hh_veh,no_subtours,-9.0,0out_0in,work
56375,1127,othdiscr,1,1,2,2,non_mandatory,1,5795.0,611.0,453,8.0,9.0,1.0,,,-9.0,316.0,,False,True,13.630797620979369,Car_2_PEV,Car_2_PEV,Pickup_12_Gas,WALK,2.2818363960234938,,,-9.0,0out_1in,othdiscr
56383,1127,school,1,1,1,2,mandatory,1,16014.0,611.0,453,9.0,26.0,17.0,,,-9.0,373.0,,,,-9.0,Car_2_PEV,Car_2_PEV,Pickup_12_Gas,DRIVEALONE,-0.102653182712963,Car_2_PEV,,-9.0,1out_0in,school
56433,1128,school,1,1,1,1,mandatory,1,9910.0,611.0,453,9.0,32.0,23.0,,,-9.0,379.0,,,,-9.0,Pickup_12_Gas,Car_2_PEV,Pickup_12_Gas,SHARED3,-3.0667154144682427,Pickup_12_Gas,,-9.0,1out_2in,school
56509,1130,escort,1,1,2,2,non_mandatory,1,8858.0,611.0,453,8.0,9.0,1.0,,,-9.0,316.0,,False,True,12.176173251972576,Pickup_12_Gas,Car_2_PEV,Car_2_PEV,DRIVEALONE,-1.2762279739115707,Pickup_12_Gas,,-9.0,3out_3in,escort
56548,1130,work,1,1,1,2,mandatory,1,16526.0,611.0,453,15.0,35.0,20.0,,,-9.0,601.0,,,,-9.0,Car_2_PEV,Car_2_PEV,Car_2_PEV,DRIVEALONE,-3.036317977830065,Car_2_PEV,no_subtours,-9.0,0out_0in,work
56554,1131,eat,1,1,1,1,atwork,1,19278.0,19535.0,454,20.0,22.0,2.0,,,-9.0,743.0,,,,5.303512727485646,,,,SHARED2,-1.2871173010244783,SUV_4_PEV,,56598.0,0out_0in,atwork
56598,1131,work,1,1,1,1,mandatory,1,19535.0,611.0,454,8.0,32.0,24.0,ride_share,,1.0,339.0,,,,-9.0,SUV_4_PEV,Van_10_Gas,SUV_4_PEV,SHARED3,-2.1453671380819723,SUV_4_PEV,eat,-9.0,1out_0in,work
56633,1132,school,1,1,1,1,mandatory,1,16374.0,611.0,454,9.0,25.0,16.0,,,-9.0,372.0,,,,-9.0,Van_10_Gas,Van_10_Gas,SUV_4_PEV,DRIVEALONE,0.0667885025094936,Van_10_Gas,,-9.0,1out_0in,school
56683,1133,school,1,1,1,1,mandatory,1,11793.0,611.0,454,10.0,25.0,15.0,ride_share,,-9.0,411.0,,,,-9.0,SUV_4_PEV,SUV_4_PEV,Van_10_Gas,SHARED3,4.313475781997107,Van_10_Gas,,-9.0,0out_1in,school
56733,1134,school,2,1,1,2,mandatory,1,1380.0,611.0,454,8.0,32.0,24.0,ride_share,ride_share,-9.0,339.0,,,,-9.0,SUV_4_PEV,Van_10_Gas,SUV_4_PEV,SHARED3,-3.436550161033159,SUV_4_PEV,,-9.0,0out_0in,school
56734,1134,school,2,2,2,2,mandatory,1,1380.0,611.0,454,8.0,8.0,0.0,,,-9.0,315.0,,,,-9.0,Van_10_Gas,Van_10_Gas,Van_10_Gas,SHARED3,-3.75329084916157,Van_10_Gas,,-9.0,0out_1in,school
56798,1135,work,1,1,1,1,mandatory,1,13349.0,611.0,454,10.0,32.0,20.0,ride_share,ride_share,1.0,418.0,,,,-9.0,Van_10_Gas,SUV_4_PEV,SUV_4_PEV,SHARED3,-4.6554320008039145,SUV_4_PEV,no_subtours,-9.0,1out_1in,work
56804,1136,eat,1,1,1,1,atwork,1,7616.0,7616.0,455,20.0,21.0,1.0,,,-9.0,742.0,,,,8.048158315480318,,,,WALK,0.5566779603076739,Car_14_Gas,,56848.0,0out_0in,atwork
56835,1136,escort,2,1,2,3,non_mandatory,1,11793.0,611.0,455,31.0,31.0,0.0,,pure_escort,1.0,1005.0,,False,True,-9.0,Car_14_Gas,Car_6_Gas,Car_14_Gas,SHARED3,0.741894589959642,Car_14_Gas,,-9.0,0out_0in,escort
56836,1136,escort,2,2,3,3,non_mandatory,1,13124.0,611.0,455,31.0,34.0,3.0,,pure_escort,1.0,1008.0,,False,True,-9.0,Car_14_Gas,Car_14_Gas,Car_14_Gas,SHARED3,0.0269107330238386,Car_14_Gas,,-9.0,0out_0in,escort
56848,1136,work,1,1,1,3,mandatory,1,7616.0,611.0,455,7.0,29.0,22.0,,,-9.0,295.0,,,,-9.0,Car_6_Gas,Car_14_Gas,Car_14_Gas,SHARED3,-0.899918463209784,Car_14_Gas,eat,-9.0,2out_3in,work
56883,1137,school,1,1,1,4,mandatory,1,16374.0,611.0,455,9.0,28.0,19.0,,,-9.0,375.0,,,,-9.0,Car_6_Gas,Car_6_Gas,Car_6_Gas,BIKE,-0.0647164387465473,,,-9.0,1out_0in,school
56895,1137,social,3,1,2,4,non_mandatory,1,7263.0,611.0,455,32.0,41.0,9.0,,,-9.0,1032.0,,False,True,14.73779478534328,Car_6_Gas,Car_6_Gas,Car_6_Gas,WALK_MIX,-9.600039163014507,,,-9.0,0out_0in,social
56896,1137,social,3,2,3,4,non_mandatory,1,1676.0,611.0,455,7.0,9.0,2.0,,,-9.0,275.0,,False,True,14.39717626760326,Car_14_Gas,Car_6_Gas,Car_14_Gas,WALK,1.181051583133416,,,-9.0,0out_2in,social
56897,1137,social,3,3,4,4,non_mandatory,1,17471.0,611.0,455,29.0,32.0,3.0,,,-9.0,969.0,,False,True,14.935399620313593,Car_6_Gas,Car_6_Gas,Car_6_Gas,DRIVEALONE,-5.139435618173651,Car_6_Gas,,-9.0,0out_0in,social
56933,1138,school,1,1,1,1,mandatory,1,11793.0,611.0,455,16.0,31.0,15.0,pure_escort,pure_escort,-9.0,630.0,,,,-9.0,Car_14_Gas,Car_6_Gas,Car_6_Gas,SHARED3,4.204391099921311,Car_6_Gas,,-9.0,0out_0in,school
56983,1139,school,1,1,1,1,mandatory,1,13124.0,611.0,455,11.0,34.0,23.0,pure_escort,pure_escort,-9.0,458.0,,,,-9.0,Car_6_Gas,Car_6_Gas,Car_6_Gas,SHARED3,-0.1325849614501985,Car_6_Gas,,-9.0,0out_0in,school
57004,1140,eat,1,1,1,1,atwork,1,19451.0,24333.0,455,19.0,21.0,2.0,,,-9.0,713.0,,,,-0.3229248409709742,,,,SHARED2,-12.181917204122492,Car_6_Gas,,57048.0,0out_0in,atwork
57035,1140,escort,2,1,2,3,non_mandatory,1,13124.0,611.0,455,11.0,13.0,2.0,pure_escort,,1.0,437.0,,False,True,-9.0,Car_6_Gas,Car_6_Gas,Car_14_Gas,BIKE,-2.852054174076276,,,-9.0,0out_0in,escort
57036,1140,escort,2,2,3,3,non_mandatory,1,11793.0,611.0,455,16.0,17.0,1.0,pure_escort,,1.0,616.0,,False,True,-9.0,Car_14_Gas,Car_6_Gas,Car_14_Gas,BIKE,-0.5619941679184703,,,-9.0,0out_0in,escort
57048,1140,work,1,1,1,3,mandatory,1,24333.0,611.0,455,19.0,36.0,17.0,,,-9.0,728.0,,,,-9.0,Car_6_Gas,Car_6_Gas,Car_6_Gas,SHARED3,-2.6320947549224303,Car_6_Gas,eat,-9.0,0out_1in,work
57075,1141,othdiscr,1,1,7,7,non_mandatory,1,15833.0,611.0,456,34.0,37.0,3.0,,,-9.0,1059.0,,False,True,13.62560098400771,Car_12_Gas,Car_7_Gas,Car_12_Gas,SHARED2,-3.187154590592806,Car_7_Gas,,-9.0,0out_0in,othdiscr
57079,1141,othmaint,2,1,5,7,non_mandatory,1,24147.0,611.0,456,12.0,20.0,8.0,,,-9.0,481.0,,False,True,12.851320920281518,Car_7_Gas,Car_12_Gas,Car_7_Gas,SHARED3,-4.023483195550168,Car_7_Gas,,-9.0,0out_0in,othmaint
57080,1141,othmaint,2,2,6,7,non_mandatory,1,23062.0,611.0,456,21.0,22.0,1.0,,,-9.0,771.0,,False,True,12.313276676672196,Car_7_Gas,Car_7_Gas,Car_12_Gas,SHARED3,-2.968297001777377,Car_12_Gas,,-9.0,0out_2in,othmaint
57085,1141,escort,4,1,1,7,non_mandatory,1,2149.0,611.0,456,9.0,10.0,1.0,pure_escort,,1.0,357.0,,False,True,-9.0,Car_7_Gas,Car_7_Gas,Car_12_Gas,SHARED3,-0.4041754202079418,Car_12_Gas,,-9.0,0out_0in,escort
57086,1141,escort,4,2,2,7,non_mandatory,1,11793.0,611.0,456,12.0,12.0,0.0,pure_escort,,1.0,473.0,,False,True,-9.0,Car_12_Gas,Car_7_Gas,Car_7_Gas,SHARED3,0.6892097777361271,Car_7_Gas,,-9.0,0out_0in,escort
57087,1141,escort,4,3,3,7,non_mandatory,1,11793.0,611.0,456,25.0,27.0,2.0,,pure_escort,1.0,878.0,,False,True,-9.0,Car_12_Gas,Car_12_Gas,Car_7_Gas,SHARED3,0.6900104849776344,Car_7_Gas,,-9.0,0out_0in,escort
57088,1141,escort,4,4,4,7,non_mandatory,1,2149.0,611.0,456,27.0,29.0,2.0,,pure_escort,1.0,925.0,,False,True,-9.0,Car_7_Gas,Car_7_Gas,Car_7_Gas,SHARED2,-0.4285143776241845,Car_7_Gas,,-9.0,0out_0in,escort
57133,1142,school,1,1,1,1,mandatory,1,16374.0,611.0,456,8.0,30.0,22.0,,,-9.0,337.0,,,,-9.0,Car_7_Gas,Car_12_Gas,Car_7_Gas,DRIVEALONE,-0.0267580020881216,Car_7_Gas,,-9.0,1out_0in,school
57183,1143,school,1,1,1,1,mandatory,1,11793.0,611.0,456,12.0,27.0,15.0,pure_escort,pure_escort,-9.0,488.0,,,,-9.0,Car_7_Gas,Car_12_Gas,Car_7_Gas,SHARED3,4.821121652750828,Car_7_Gas,,-9.0,0out_0in,school
57233,1144,school,1,1,1,1,mandatory,1,2149.0,611.0,456,9.0,29.0,20.0,pure_escort,pure_escort,-9.0,376.0,,,,-9.0,Car_12_Gas,Car_7_Gas,Car_12_Gas,SHARED2,3.1824157053479323,Car_7_Gas,,-9.0,0out_0in,school
57298,1145,work,2,1,1,2,mandatory,1,8527.0,611.0,456,3.0,26.0,23.0,,,-9.0,118.0,,,,-9.0,Car_7_Gas,Car_12_Gas,Car_12_Gas,PNR_PRM,-9.336484634342874,Car_7_Gas,no_subtours,-9.0,0out_0in,work
57299,1145,work,2,2,2,2,mandatory,1,8527.0,611.0,456,26.0,35.0,9.0,,,-9.0,909.0,,,,-9.0,Car_7_Gas,Car_12_Gas,Car_7_Gas,KNR_PRM,-9.17805560530901,Car_12_Gas,no_subtours,-9.0,0out_0in,work
57309,1146,escort,2,2,2,2,non_mandatory,1,16251.0,611.0,457,14.0,15.0,1.0,,,-9.0,547.0,,False,True,11.92038377180647,Car_7_Gas,Car_7_Gas,Car_7_Gas,DRIVEALONE,-1.0997993851520926,Car_7_Gas,,-9.0,3out_3in,escort
57335,1146,escort,2,1,1,2,non_mandatory,1,23872.0,611.0,457,25.0,25.0,0.0,,pure_escort,1.0,876.0,,False,True,-9.0,Car_7_Gas,Car_7_Gas,Car_7_Gas,SHARED2,-0.7049448176387659,Car_7_Gas,,-9.0,0out_0in,escort
57359,1147,escort,4,4,4,5,non_mandatory,1,3509.0,611.0,457,10.0,10.0,0.0,,,-9.0,396.0,,False,True,12.302926386629174,Car_7_Gas,Car_7_Gas,Car_7_Gas,SHARED3,0.8826981545082545,Car_7_Gas,,-9.0,3out_3in,escort
57379,1147,othmaint,1,1,5,5,non_mandatory,1,23860.0,611.0,457,13.0,25.0,12.0,,,-9.0,522.0,,False,True,9.902265627941562,Car_7_Gas,Car_7_Gas,Car_7_Gas,WALK,0.3238633328049642,,,-9.0,0out_0in,othmaint
57385,1147,escort,4,1,1,5,non_mandatory,1,19120.0,611.0,457,9.0,10.0,1.0,pure_escort,,2.0,357.0,,False,True,-9.0,Car_7_Gas,Car_7_Gas,Car_7_Gas,SHARED3,-5.74643268623955,Car_7_Gas,,-9.0,1out_0in,escort
57386,1147,escort,4,2,2,5,non_mandatory,1,2566.0,611.0,457,25.0,26.0,1.0,,pure_escort,1.0,877.0,,False,True,-9.0,Car_7_Gas,Car_7_Gas,Car_7_Gas,SHARED3,-0.1685518593393055,Car_7_Gas,,-9.0,0out_0in,escort
57387,1147,escort,4,3,3,5,non_mandatory,1,19120.0,611.0,457,26.0,26.0,0.0,,pure_escort,1.0,900.0,,False,True,-9.0,Car_7_Gas,Car_7_Gas,non_hh_veh,SHARED3,-5.678065239246393,non_hh_veh,,-9.0,0out_0in,escort
57406,1148,eatout,1,1,2,2,non_mandatory,1,373.0,611.0,457,27.0,32.0,5.0,,,-9.0,928.0,,False,True,14.289229546397484,Car_7_Gas,Car_7_Gas,Car_7_Gas,SHARED2,-3.152417769105839,Car_7_Gas,,-9.0,0out_0in,eatout
57433,1148,school,1,1,1,2,mandatory,1,19120.0,611.0,457,9.0,26.0,16.0,pure_escort,pure_escort,-9.0,373.0,,,,-9.0,Car_7_Gas,Car_7_Gas,Car_7_Gas,SHARED3,-2.1389447474623706,Car_7_Gas,,-9.0,1out_0in,school
57483,1149,school,1,1,1,1,mandatory,1,23872.0,611.0,457,9.0,25.0,16.0,pure_escort,pure_escort,-9.0,372.0,,,,-9.0,Car_7_Gas,non_hh_veh,Car_7_Gas,SHARED2,2.577071956601985,non_hh_veh,,-9.0,0out_0in,school
57533,1150,school,2,1,1,2,mandatory,1,2566.0,611.0,457,9.0,26.0,17.0,,pure_escort,-9.0,373.0,,,,-9.0,Car_7_Gas,Car_7_Gas,Car_7_Gas,SHARED3,3.686059926679786,Car_7_Gas,,-9.0,1out_0in,school
57534,1150,school,2,2,2,2,mandatory,1,2566.0,611.0,457,27.0,27.0,0.0,,,-9.0,923.0,,,,-9.0,Car_7_Gas,Car_7_Gas,Car_7_Gas,WALK,3.6932610376086106,,,-9.0,1out_0in,school
57569,1151,shopping,2,1,1,3,joint,2,23860.0,611.0,458,17.0,26.0,9.0,,,-9.0,657.0,adults,False,True,9.267767114940543,Pickup_18_Gas,Pickup_16_Gas,Pickup_18_Gas,SHARED2,-0.3542349589627679,Pickup_16_Gas,,-9.0,0out_0in,shopping
57579,1151,othmaint,1,1,3,3,non_mandatory,1,18973.0,611.0,458,11.0,15.0,4.0,,,-9.0,439.0,,False,True,11.139953011631489,Car_12_Gas,Pickup_18_Gas,Pickup_18_Gas,DRIVEALONE,-1.6908509303919692,Car_12_Gas,,-9.0,2out_0in,othmaint
57591,1151,shopping,2,2,2,3,non_mandatory,1,23235.0,611.0,458,33.0,37.0,4.0,,,-9.0,1044.0,,False,True,9.021148589436704,Pickup_18_Gas,Pickup_18_Gas,Car_12_Gas,DRIVEALONE,-0.8717759207941046,Pickup_18_Gas,,-9.0,0out_0in,shopping
57679,1153,othmaint,2,1,1,2,non_mandatory,1,611.0,611.0,458,9.0,9.0,0.0,,,-9.0,356.0,,False,True,10.532351057217454,Car_12_Gas,Pickup_18_Gas,Car_12_Gas,SHARED2,1.5306344467028037,Pickup_18_Gas,,-9.0,2out_1in,othmaint
57680,1153,othmaint,2,2,2,2,non_mandatory,1,1805.0,611.0,458,14.0,15.0,1.0,,,-9.0,547.0,,False,True,10.068846295788031,Car_12_Gas,Pickup_16_Gas,Pickup_16_Gas,DRIVEALONE,-0.5174960754588485,Car_12_Gas,,-9.0,0out_0in,othmaint
57721,1155,social,1,1,1,1,joint,3,24331.0,611.0,459,15.0,35.0,20.0,,,-9.0,601.0,mixed,True,False,5.886119896745831,Car_6_Gas,Car_6_Gas,Car_16_Gas,SHARED3,-7.807477440030992,Car_16_Gas,,-9.0,0out_0in,social
57748,1154,work,1,1,1,1,mandatory,1,17976.0,611.0,459,9.0,28.0,19.0,,,-9.0,375.0,,,,-9.0,Car_6_Gas,Car_16_Gas,Car_6_Gas,SHARED3,-4.206212901328831,Car_6_Gas,no_subtours,-9.0,0out_2in,work
57959,1159,escort,1,1,2,4,non_mandatory,1,5313.0,611.0,460,11.0,11.0,0.0,,,-9.0,435.0,,False,True,12.8483855767079,Van_16_Gas,SUV_4_Gas,Van_16_Gas,DRIVEALONE,-0.257133739132672,Van_16_Gas,,-9.0,0out_0in,escort
57963,1159,eatout,1,1,1,4,joint,5,23883.0,611.0,460,32.0,34.0,2.0,,,-9.0,1025.0,mixed,False,True,13.763098265597144,SUV_4_Gas,SUV_4_Gas,SUV_4_Gas,SHARED3,-3.533717128427777,SUV_4_Gas,,-9.0,0out_0in,eatout
57975,1159,othdiscr,2,1,3,4,non_mandatory,1,611.0,611.0,460,20.0,24.0,4.0,,,-9.0,745.0,,False,True,13.638857966508764,Van_16_Gas,Van_16_Gas,SUV_4_Gas,SHARED3,1.8068281858993025,SUV_4_Gas,,-9.0,0out_0in,othdiscr
57976,1159,othdiscr,2,2,4,4,non_mandatory,1,8558.0,611.0,460,13.0,16.0,3.0,,,-9.0,513.0,,False,True,13.42006744056362,Van_16_Gas,SUV_4_Gas,SUV_4_Gas,SHARED3,-0.0682091717840367,SUV_4_Gas,,-9.0,0out_0in,othdiscr
58009,1160,escort,2,1,1,2,non_mandatory,1,1350.0,611.0,460,44.0,44.0,0.0,,,-9.0,1161.0,,False,True,12.12359384971768,SUV_4_Gas,Van_16_Gas,SUV_4_Gas,DRIVEALONE,-1.2659570602957324,SUV_4_Gas,,-9.0,0out_0in,escort
58010,1160,escort,2,2,2,2,non_mandatory,1,23217.0,611.0,460,24.0,26.0,2.0,,,-9.0,853.0,,False,True,11.976184623544569,SUV_4_Gas,SUV_4_Gas,SUV_4_Gas,DRIVEALONE,-4.392855377399731,SUV_4_Gas,,-9.0,1out_0in,escort
58109,1162,escort,1,1,1,2,non_mandatory,1,1676.0,611.0,460,25.0,25.0,0.0,,,-9.0,876.0,,False,True,12.989147337350593,SUV_4_Gas,SUV_4_Gas,SUV_4_Gas,SHARED2,0.7145032022149149,SUV_4_Gas,,-9.0,0out_0in,escort
58125,1162,othdiscr,1,1,2,2,non_mandatory,1,611.0,611.0,460,12.0,15.0,3.0,,,-9.0,476.0,,False,True,13.788432844317832,SUV_4_Gas,Van_16_Gas,SUV_4_Gas,WALK,3.4265753196884905,,,-9.0,0out_0in,othdiscr
58256,1165,eatout,1,1,4,4,non_mandatory,1,18823.0,611.0,461,33.0,36.0,3.0,,,-9.0,1043.0,,False,True,13.678992881210949,Car_18_Gas,Car_18_Gas,Car_18_Gas,DRIVEALONE,-0.9739406884343652,Car_18_Gas,,-9.0,0out_0in,eatout
58279,1165,othmaint,1,1,3,4,non_mandatory,1,20490.0,611.0,461,13.0,15.0,2.0,,,-9.0,512.0,,False,True,11.77361828578299,Pickup_17_Gas,Pickup_17_Gas,Pickup_17_Gas,DRIVEALONE,-2.863355175729309,Pickup_17_Gas,,-9.0,0out_1in,othmaint
58285,1165,escort,2,1,1,4,non_mandatory,1,23872.0,611.0,461,9.0,9.0,0.0,pure_escort,,1.0,356.0,,False,True,-9.0,Car_18_Gas,Pickup_17_Gas,Car_18_Gas,SHARED2,-1.013689435416912,Pickup_17_Gas,,-9.0,0out_0in,escort
58286,1165,escort,2,2,2,4,non_mandatory,1,23872.0,611.0,461,27.0,29.0,2.0,,pure_escort,1.0,925.0,,False,True,-9.0,Pickup_17_Gas,Pickup_17_Gas,Pickup_17_Gas,SHARED2,-1.0152514339157532,Pickup_17_Gas,,-9.0,3out_0in,escort
58333,1166,school,1,1,1,1,mandatory,1,23872.0,611.0,461,9.0,29.0,20.0,pure_escort,pure_escort,-9.0,376.0,,,,-9.0,Pickup_17_Gas,Pickup_17_Gas,Car_18_Gas,SHARED2,3.699691621044724,Pickup_17_Gas,,-9.0,0out_0in,school
58383,1167,school,2,1,1,2,mandatory,1,16231.0,611.0,461,8.0,31.0,23.0,,,-9.0,338.0,,,,-9.0,Pickup_17_Gas,Car_18_Gas,Pickup_17_Gas,BIKE,0.5950506546526184,,,-9.0,1out_0in,school
58384,1167,school,2,2,2,2,mandatory,1,16231.0,611.0,461,8.0,8.0,0.0,,,-9.0,315.0,,,,-9.0,Car_18_Gas,Pickup_17_Gas,Pickup_17_Gas,BIKE,0.5955796906041517,,,-9.0,1out_0in,school
58433,1168,school,2,1,1,2,mandatory,1,6008.0,611.0,461,14.0,16.0,2.0,,,-9.0,548.0,,,,-9.0,Car_18_Gas,Car_18_Gas,Pickup_17_Gas,BIKE,4.604655011895391,,,-9.0,1out_0in,school
58434,1168,school,2,2,2,2,mandatory,1,6008.0,611.0,461,19.0,29.0,10.0,,,-9.0,721.0,,,,-9.0,Car_18_Gas,Car_18_Gas,Car_18_Gas,WALK,4.604670739307923,,,-9.0,1out_0in,school
58459,1169,escort,1,1,1,2,non_mandatory,1,11592.0,611.0,462,28.0,28.0,0.0,,,-9.0,945.0,,False,True,12.34252616227253,SUV_16_Gas,Car_13_Gas,SUV_16_Gas,SHARED3,0.1567690526074513,SUV_16_Gas,,-9.0,0out_0in,escort
58469,1170,shopping,1,1,1,2,joint,3,2465.0,611.0,462,18.0,21.0,3.0,,,-9.0,683.0,mixed,False,True,9.664484106702,Car_13_Gas,SUV_16_Gas,SUV_16_Gas,WALK,-4.127980244346126,,,-9.0,2out_0in,shopping
58479,1169,othmaint,1,1,2,2,non_mandatory,1,144.0,611.0,462,7.0,26.0,19.0,,,-9.0,292.0,,False,True,11.371240190846674,SUV_16_Gas,Car_13_Gas,Car_13_Gas,SHARED3,-9.784713690497377,Car_13_Gas,,-9.0,2out_0in,othmaint
58525,1170,othdiscr,1,1,2,2,non_mandatory,1,6272.0,611.0,462,18.0,18.0,0.0,,,-9.0,680.0,,False,True,12.735563744003358,Car_13_Gas,Car_13_Gas,SUV_16_Gas,DRIVEALONE,-0.4704417604286672,Car_13_Gas,,-9.0,0out_1in,othdiscr
58595,1171,social,1,1,1,1,non_mandatory,1,5226.0,611.0,462,11.0,41.0,30.0,,,-9.0,465.0,,False,True,15.900820757530113,SUV_16_Gas,SUV_16_Gas,SUV_16_Gas,SHARED2,-10.365760906238249,SUV_16_Gas,,-9.0,3out_3in,social
58704,1174,eat,1,1,1,1,atwork,1,23926.0,23872.0,463,31.0,32.0,1.0,,,-9.0,1006.0,,,,3.76990477035579,,,,WALK,-3.938390830548199,Van_9_Gas,,58748.0,0out_0in,atwork
58729,1174,othmaint,1,1,4,4,non_mandatory,1,23860.0,611.0,463,18.0,19.0,1.0,,,-9.0,681.0,,False,True,11.62583299559788,Van_9_Gas,Van_9_Gas,Van_12_Gas,SHARED3,0.370211298007379,Van_12_Gas,,-9.0,0out_0in,othmaint
58735,1174,escort,2,1,2,4,non_mandatory,1,15303.0,611.0,463,9.0,11.0,2.0,pure_escort,,1.0,358.0,,False,True,-9.0,Van_9_Gas,Van_12_Gas,Van_9_Gas,SHARED3,-4.219686947413486,Van_9_Gas,,-9.0,0out_1in,escort
58736,1174,escort,2,2,3,4,non_mandatory,1,8184.0,611.0,463,13.0,14.0,1.0,pure_escort,,1.0,511.0,,False,True,-9.0,Van_9_Gas,Van_9_Gas,Van_12_Gas,SHARED3,0.7112210602815385,Van_12_Gas,,-9.0,0out_0in,escort
58748,1174,work,1,1,1,4,mandatory,1,23872.0,611.0,463,27.0,41.0,14.0,,,-9.0,937.0,,,,-9.0,Van_12_Gas,Van_9_Gas,Van_9_Gas,SHARED3,-0.6878115648085661,Van_9_Gas,eat,-9.0,1out_0in,work
58833,1176,school,1,1,1,1,mandatory,1,15303.0,611.0,463,9.0,24.0,15.0,pure_escort,,-9.0,371.0,,,,-9.0,Van_12_Gas,Van_12_Gas,Van_12_Gas,SHARED3,-5.545937586218445,Van_12_Gas,,-9.0,0out_0in,school
58883,1177,school,1,1,1,1,mandatory,1,1399.0,611.0,463,11.0,26.0,15.0,,,-9.0,450.0,,,,-9.0,Van_12_Gas,Van_9_Gas,Van_9_Gas,BIKE,3.78558565869115,,,-9.0,0out_3in,school
58933,1178,school,1,1,1,1,mandatory,1,8184.0,611.0,463,13.0,31.0,18.0,pure_escort,,-9.0,528.0,,,,-9.0,Van_12_Gas,Van_9_Gas,Van_9_Gas,SHARED3,4.294162419540464,Van_9_Gas,,-9.0,0out_0in,school
58954,1179,eat,1,1,1,1,atwork,1,13535.0,23861.0,464,20.0,21.0,1.0,,,-9.0,742.0,,,,4.031613794270264,,,,DRIVEALONE,-0.9380701406627748,Pickup_13_Gas,,58998.0,0out_0in,atwork
58959,1179,escort,1,1,2,2,non_mandatory,1,23877.0,611.0,464,5.0,6.0,1.0,,,-9.0,187.0,,False,True,12.321096133719468,Pickup_13_Gas,Pickup_13_Gas,Pickup_13_Gas,DRIVEALONE,-0.4021486143547281,Pickup_13_Gas,,-9.0,0out_0in,escort
58998,1179,work,1,1,1,2,mandatory,1,23861.0,611.0,464,13.0,33.0,20.0,,,-9.0,530.0,,,,-9.0,Pickup_13_Gas,Pickup_13_Gas,Car_14_Gas,DRIVEALONE,-1.1110110094166508,Pickup_13_Gas,eat,-9.0,0out_0in,work
59048,1180,work,1,1,1,1,mandatory,1,23060.0,611.0,464,15.0,32.0,17.0,,,-9.0,598.0,,,,-9.0,Pickup_13_Gas,Car_14_Gas,Pickup_13_Gas,DRIVEALONE,-1.8589708540822,Pickup_13_Gas,no_subtours,-9.0,1out_1in,work
59056,1181,eatout,1,1,2,2,non_mandatory,1,629.0,611.0,464,24.0,27.0,3.0,,,-9.0,854.0,,False,True,14.612472204841708,Pickup_13_Gas,Pickup_13_Gas,Pickup_13_Gas,WALK,2.1189292850074324,,,-9.0,0out_0in,eatout
59091,1181,shopping,1,1,1,2,non_mandatory,1,8968.0,611.0,464,16.0,17.0,1.0,,,-9.0,616.0,,False,True,9.695867587177515,Pickup_13_Gas,Car_14_Gas,Car_14_Gas,DRIVEALONE,-0.4734600363419484,Pickup_13_Gas,,-9.0,0out_0in,shopping
59233,1184,school,1,1,1,1,mandatory,1,7296.0,611.0,465,11.0,26.0,15.0,,,-9.0,450.0,,,,-9.0,Car_20_Gas,Car_20_Gas,Car_20_Gas,SHARED3,-0.3830528443673632,Car_20_Gas,,-9.0,1out_0in,school
59283,1185,school,1,1,1,1,mandatory,1,11793.0,611.0,465,8.0,32.0,24.0,,,-9.0,339.0,,,,-9.0,Car_20_Gas,Car_20_Gas,Car_20_Gas,WALK,3.640435840237722,,,-9.0,1out_0in,school
59309,1186,escort,1,1,1,1,non_mandatory,1,11794.0,611.0,465,8.0,8.0,0.0,,,-9.0,315.0,,False,True,12.453553781552293,Car_20_Gas,Car_20_Gas,Car_20_Gas,SHARED3,1.0597343583612564,Car_20_Gas,,-9.0,0out_0in,escort
59359,1187,escort,4,1,1,5,non_mandatory,1,13127.0,611.0,465,10.0,10.0,0.0,,,-9.0,396.0,,False,True,12.964910565530165,Car_20_Gas,Car_20_Gas,non_hh_veh,SHARED3,1.1306793101271748,non_hh_veh,,-9.0,0out_0in,escort
59360,1187,escort,4,2,2,5,non_mandatory,1,11200.0,611.0,465,25.0,25.0,0.0,,,-9.0,876.0,,False,True,12.90160523342947,Car_20_Gas,non_hh_veh,Car_20_Gas,WALK,1.0836723716307572,,,-9.0,0out_0in,escort
59361,1187,escort,4,3,3,5,non_mandatory,1,7951.0,611.0,465,26.0,26.0,0.0,,,-9.0,900.0,,False,True,13.166650018405871,Car_20_Gas,Car_20_Gas,Car_20_Gas,SHARED3,1.1458523085948615,Car_20_Gas,,-9.0,0out_1in,escort
59362,1187,escort,4,4,4,5,non_mandatory,1,23872.0,611.0,465,30.0,33.0,3.0,,,-9.0,989.0,,False,True,13.102006532579656,Car_20_Gas,Car_20_Gas,Car_20_Gas,WALK,1.3836042465956755,,,-9.0,0out_0in,escort
59391,1187,shopping,1,1,5,5,non_mandatory,1,2792.0,611.0,465,14.0,17.0,3.0,,,-9.0,549.0,,False,True,10.08223273199102,Car_20_Gas,Car_20_Gas,Car_20_Gas,WALK,2.054477092723319,,,-9.0,0out_0in,shopping
59409,1188,escort,1,1,2,2,non_mandatory,1,1676.0,611.0,466,10.0,12.0,2.0,,,-9.0,398.0,,False,True,12.893110061074736,Car_18_Gas,Car_18_Gas,Car_18_Gas,SHARED3,-0.1052426730090594,Car_18_Gas,,-9.0,0out_1in,escort
59421,1188,social,1,1,1,2,joint,2,11794.0,611.0,466,25.0,28.0,3.0,,,-9.0,879.0,adults,False,True,14.462845211925687,Car_18_Gas,Car_18_Gas,Car_18_Gas,SHARED2,0.7079909848569761,Car_18_Gas,,-9.0,0out_0in,social
59485,1189,escort,4,1,1,4,non_mandatory,1,11793.0,611.0,466,8.0,8.0,0.0,pure_escort,,1.0,315.0,,False,True,-9.0,Car_18_Gas,Car_18_Gas,Car_18_Gas,SHARED3,0.8651403844276003,Car_18_Gas,,-9.0,0out_3in,escort
59486,1189,escort,4,2,2,4,non_mandatory,1,19660.0,611.0,466,10.0,19.0,9.0,pure_escort,,1.0,405.0,,False,True,-9.0,Car_18_Gas,Car_18_Gas,Car_18_Gas,SHARED2,-10.770317956029675,Car_18_Gas,,-9.0,0out_1in,escort
59487,1189,escort,4,3,3,4,non_mandatory,1,11793.0,611.0,466,23.0,23.0,0.0,,pure_escort,1.0,825.0,,False,True,-9.0,Car_18_Gas,Car_18_Gas,Car_18_Gas,SHARED3,0.8679961857491579,Car_18_Gas,,-9.0,0out_0in,escort
59488,1189,escort,4,4,4,4,non_mandatory,1,19660.0,611.0,466,35.0,37.0,2.0,,pure_escort,1.0,1073.0,,False,True,-9.0,Car_18_Gas,Car_18_Gas,Car_18_Gas,SHARED3,-10.29197213383872,Car_18_Gas,,-9.0,0out_0in,escort
59525,1190,othdiscr,1,1,2,2,non_mandatory,1,13997.0,611.0,466,27.0,33.0,6.0,,,-9.0,929.0,,False,True,13.588311534334029,Car_18_Gas,Car_18_Gas,Car_18_Gas,SHARED3,-1.6619718456271932,Car_18_Gas,,-9.0,0out_1in,othdiscr
59533,1190,school,1,1,1,2,mandatory,1,11793.0,611.0,466,8.0,23.0,15.0,pure_escort,pure_escort,-9.0,330.0,,,,-9.0,Car_18_Gas,Car_18_Gas,Car_18_Gas,SHARED3,4.18476053057468,Car_18_Gas,,-9.0,0out_0in,school
59583,1191,school,1,1,1,1,mandatory,1,19660.0,611.0,466,10.0,37.0,27.0,pure_escort,pure_escort,-9.0,423.0,,,,-9.0,Car_18_Gas,Car_18_Gas,Car_18_Gas,SHARED3,-4.743458798799604,Car_18_Gas,,-9.0,0out_0in,school
59609,1192,escort,2,1,1,2,non_mandatory,1,5846.0,611.0,466,16.0,18.0,2.0,,,-9.0,617.0,,False,True,13.003771733625111,Car_18_Gas,Car_18_Gas,Car_18_Gas,SHARED3,0.0263883266945449,Car_18_Gas,,-9.0,1out_0in,escort
59610,1192,escort,2,2,2,2,non_mandatory,1,13130.0,611.0,466,19.0,30.0,11.0,,,-9.0,722.0,,False,True,12.953730478681347,Car_18_Gas,Car_18_Gas,Car_18_Gas,SHARED3,-0.913476287541161,Car_18_Gas,,-9.0,0out_0in,escort
59659,1193,escort,1,1,1,1,non_mandatory,1,8184.0,611.0,466,17.0,30.0,13.0,,,-9.0,661.0,,False,True,12.886902067244025,Car_18_Gas,Car_18_Gas,Car_18_Gas,SHARED3,1.499585507673791,Car_18_Gas,,-9.0,0out_0in,escort
59779,1195,othmaint,1,1,6,6,non_mandatory,1,23883.0,611.0,467,19.0,20.0,1.0,,,-9.0,712.0,,False,True,11.93010241375166,SUV_5_Gas,SUV_5_Gas,SUV_5_Gas,SHARED3,-1.2936289427114689,SUV_5_Gas,,-9.0,0out_0in,othmaint
59785,1195,escort,5,1,1,6,non_mandatory,1,7574.0,611.0,467,9.0,9.0,0.0,pure_escort,,1.0,356.0,,False,True,-9.0,SUV_5_Gas,SUV_5_Gas,SUV_5_Gas,SHARED2,0.2392942816407159,SUV_5_Gas,,-9.0,0out_1in,escort
59786,1195,escort,5,2,2,6,non_mandatory,1,19616.0,611.0,467,9.0,10.0,1.0,pure_escort,,1.0,357.0,,False,True,-9.0,SUV_5_Gas,SUV_5_Gas,SUV_5_Gas,SHARED3,-5.098184469695196,SUV_5_Gas,,-9.0,0out_0in,escort
59787,1195,escort,5,3,3,6,non_mandatory,1,16253.0,611.0,467,12.0,12.0,0.0,pure_escort,,1.0,473.0,,False,True,-9.0,SUV_5_Gas,SUV_5_Gas,SUV_5_Gas,SHARED3,-1.2154819756281798,SUV_5_Gas,,-9.0,0out_0in,escort
59788,1195,escort,5,4,4,6,non_mandatory,1,19616.0,611.0,467,24.0,25.0,1.0,,pure_escort,1.0,852.0,,False,True,-9.0,SUV_5_Gas,SUV_5_Gas,SUV_5_Gas,SHARED2,-4.825600909917653,SUV_5_Gas,,-9.0,2out_0in,escort
59789,1195,escort,5,5,5,6,non_mandatory,1,16253.0,611.0,467,26.0,30.0,4.0,,pure_escort,1.0,904.0,,False,True,-9.0,SUV_5_Gas,SUV_5_Gas,SUV_5_Gas,SHARED3,-1.206051745864854,SUV_5_Gas,,-9.0,0out_0in,escort
59833,1196,school,1,1,1,1,mandatory,1,16253.0,611.0,467,12.0,30.0,18.0,pure_escort,pure_escort,-9.0,491.0,,,,-9.0,SUV_5_Gas,SUV_5_Gas,SUV_5_Gas,SHARED3,-0.0907842025565197,SUV_5_Gas,,-9.0,0out_0in,school
59883,1197,school,1,1,1,1,mandatory,1,19616.0,611.0,467,9.0,25.0,16.0,pure_escort,pure_escort,-9.0,372.0,,,,-9.0,SUV_5_Gas,SUV_5_Gas,SUV_5_Gas,SHARED2,-2.183109091581401,SUV_5_Gas,,-9.0,0out_0in,school
59933,1198,school,1,1,1,1,mandatory,1,7574.0,611.0,467,9.0,26.0,17.0,pure_escort,,-9.0,373.0,,,,-9.0,SUV_5_Gas,SUV_5_Gas,SUV_5_Gas,SHARED2,0.9657889084181668,SUV_5_Gas,,-9.0,0out_1in,school
60021,1200,social,1,1,1,2,joint,5,8184.0,611.0,468,25.0,31.0,6.0,,,-9.0,882.0,mixed,False,True,14.030506885476356,Car_18_Gas,Car_18_Gas,Van_13_Gas,SHARED3,-0.6740933021294856,Van_13_Gas,,-9.0,0out_0in,social
60029,1200,othmaint,1,1,2,2,non_mandatory,1,7670.0,611.0,468,11.0,17.0,6.0,,,-9.0,441.0,,False,True,11.37408766938912,Car_18_Gas,Van_13_Gas,Van_13_Gas,DRIVEALONE,-3.9596562146421377,Car_18_Gas,,-9.0,0out_2in,othmaint
60256,1205,eatout,1,1,1,1,non_mandatory,1,16055.0,611.0,468,36.0,37.0,1.0,,,-9.0,1086.0,,False,True,14.450700303942943,Car_18_Gas,Van_13_Gas,Van_13_Gas,SHARED3,-3.405712163157741,Van_13_Gas,,-9.0,0out_0in,eatout
60304,1206,eat,1,1,1,1,atwork,1,24118.0,14361.0,469,20.0,21.0,1.0,,,-9.0,742.0,,,,6.060473687460883,,,,DRIVEALONE,-1.1508041319356217,SUV_11_Hybrid,,60348.0,1out_0in,atwork
60348,1206,work,1,1,1,1,mandatory,1,14361.0,611.0,469,6.0,31.0,25.0,,,-9.0,255.0,,,,-9.0,SUV_11_Hybrid,Car_7_Gas,SUV_11_Hybrid,DRIVEALONE,-1.5370091209062386,SUV_11_Hybrid,eat,-9.0,0out_1in,work
60385,1207,escort,4,1,1,4,non_mandatory,1,16375.0,611.0,469,9.0,10.0,1.0,pure_escort,,1.0,357.0,,False,True,-9.0,Car_7_Gas,Car_7_Gas,Car_7_Gas,SHARED3,-3.597651527027458,Car_7_Gas,,-9.0,0out_0in,escort
60386,1207,escort,4,2,2,4,non_mandatory,1,11793.0,611.0,469,11.0,12.0,1.0,pure_escort,,1.0,436.0,,False,True,-9.0,Car_7_Gas,SUV_11_Hybrid,Car_7_Gas,SHARED3,0.6561073735897723,Car_7_Gas,,-9.0,0out_0in,escort
60387,1207,escort,4,3,3,4,non_mandatory,1,16375.0,611.0,469,24.0,25.0,1.0,,pure_escort,1.0,852.0,,False,True,-9.0,SUV_11_Hybrid,SUV_11_Hybrid,Car_7_Gas,SHARED2,-3.231905673869715,SUV_11_Hybrid,,-9.0,0out_0in,escort
60388,1207,escort,4,4,4,4,non_mandatory,1,11793.0,611.0,469,25.0,26.0,1.0,,pure_escort,1.0,877.0,,False,True,-9.0,Car_7_Gas,Car_7_Gas,SUV_11_Hybrid,BIKE,0.6576158674715356,,,-9.0,0out_0in,escort
60433,1208,school,1,1,1,1,mandatory,1,16375.0,611.0,469,9.0,25.0,16.0,pure_escort,pure_escort,-9.0,372.0,,,,-9.0,Car_7_Gas,Car_7_Gas,SUV_11_Hybrid,SHARED2,-1.610538134193568,Car_7_Gas,,-9.0,0out_0in,school
60483,1209,school,1,1,1,2,mandatory,1,11793.0,611.0,469,11.0,26.0,15.0,pure_escort,pure_escort,-9.0,450.0,,,,-9.0,SUV_11_Hybrid,SUV_11_Hybrid,SUV_11_Hybrid,BIKE,4.7707151444965366,,,-9.0,0out_0in,school
60491,1209,shopping,1,1,2,2,non_mandatory,1,1676.0,611.0,469,8.0,10.0,2.0,,,-9.0,317.0,,False,True,9.205604766329373,Car_7_Gas,Car_7_Gas,SUV_11_Hybrid,WALK,1.592544014699268,,,-9.0,0out_0in,shopping
60606,1212,eatout,1,1,5,5,non_mandatory,1,24333.0,611.0,470,30.0,34.0,4.0,,,-9.0,990.0,,True,False,5.928946508533766,Car_13_Gas,Car_4_Gas,Car_13_Gas,SHARED3,-1.174246137736615,Car_13_Gas,,-9.0,1out_0in,eatout
60635,1212,escort,4,1,1,5,non_mandatory,1,16364.0,611.0,470,8.0,9.0,1.0,pure_escort,,1.0,316.0,,False,True,-9.0,Car_13_Gas,Car_4_Gas,Car_4_Gas,SHARED3,-0.7517000674227293,Car_4_Gas,,-9.0,0out_1in,escort
60636,1212,escort,4,2,2,5,non_mandatory,1,19486.0,611.0,470,10.0,18.0,8.0,pure_escort,,1.0,404.0,,False,True,-9.0,Car_13_Gas,Car_13_Gas,Car_13_Gas,SHARED3,-2.2877616576871933,Car_13_Gas,,-9.0,0out_0in,escort
60637,1212,escort,4,3,3,5,non_mandatory,1,16364.0,611.0,470,21.0,23.0,2.0,,pure_escort,1.0,772.0,,False,True,-9.0,Car_4_Gas,Car_4_Gas,Car_4_Gas,SHARED3,-0.734381385799565,Car_4_Gas,,-9.0,0out_0in,escort
60638,1212,escort,4,4,4,5,non_mandatory,1,19486.0,611.0,470,23.0,25.0,2.0,,pure_escort,1.0,827.0,,False,True,-9.0,Car_13_Gas,Car_4_Gas,Car_4_Gas,SHARED3,-2.104901271516861,Car_4_Gas,,-9.0,0out_0in,escort
60733,1214,school,1,1,1,1,mandatory,1,16364.0,611.0,470,8.0,23.0,15.0,pure_escort,pure_escort,-9.0,330.0,,,,-9.0,Car_4_Gas,Car_13_Gas,Car_13_Gas,SHARED3,-1.244784695853537,Car_13_Gas,,-9.0,0out_0in,school
60783,1215,school,1,1,1,1,mandatory,1,19486.0,611.0,470,10.0,25.0,15.0,pure_escort,pure_escort,-9.0,411.0,,,,-9.0,Car_4_Gas,Car_4_Gas,Car_13_Gas,SHARED3,-5.222231867461383,Car_13_Gas,,-9.0,0out_0in,school
60841,1216,shopping,1,1,1,1,non_mandatory,1,2465.0,611.0,470,29.0,32.0,3.0,,,-9.0,969.0,,False,True,10.10081969645677,Car_4_Gas,Car_4_Gas,Car_4_Gas,SHARED3,0.2276895783653287,Car_4_Gas,,-9.0,0out_1in,shopping
60875,1217,othdiscr,1,1,1,1,non_mandatory,1,6073.0,611.0,470,21.0,24.0,3.0,,,-9.0,773.0,,False,True,13.55038998559565,Car_13_Gas,Car_4_Gas,Car_4_Gas,WALK,1.6524191482447783,,,-9.0,0out_0in,othdiscr
60975,1219,othdiscr,1,1,6,6,non_mandatory,1,19154.0,611.0,471,14.0,24.0,10.0,,,-9.0,556.0,,False,True,13.383656398684815,Pickup_11_Gas,Van_16_Gas,Van_16_Gas,DRIVEALONE,-1.578507236252213,Pickup_11_Gas,,-9.0,0out_1in,othdiscr
60985,1219,escort,4,1,1,6,non_mandatory,1,11793.0,611.0,471,10.0,10.0,0.0,pure_escort,,1.0,396.0,,False,True,-9.0,Pickup_11_Gas,Pickup_11_Gas,SUV_20_Gas,BIKE,0.7285090080921917,,,-9.0,0out_0in,escort
60986,1219,escort,4,2,2,6,non_mandatory,1,1450.0,611.0,471,12.0,12.0,0.0,pure_escort,,1.0,473.0,,False,True,-9.0,Motorcycle_5_Gas,Pickup_11_Gas,Pickup_11_Gas,SHARED3,0.0437724395335969,Pickup_11_Gas,,-9.0,0out_0in,escort
60987,1219,escort,4,3,3,6,non_mandatory,1,11793.0,611.0,471,24.0,25.0,1.0,,pure_escort,1.0,852.0,,False,True,-9.0,Van_16_Gas,Pickup_11_Gas,Van_16_Gas,BIKE,0.7290072340243706,,,-9.0,0out_0in,escort
60988,1219,escort,4,4,4,6,non_mandatory,1,1450.0,611.0,471,28.0,28.0,0.0,,pure_escort,1.0,945.0,,False,True,-9.0,SUV_20_Gas,Van_16_Gas,Pickup_11_Gas,SHARED3,0.0432502505577405,Pickup_11_Gas,,-9.0,0out_0in,escort
60991,1219,shopping,1,1,5,6,non_mandatory,1,23050.0,611.0,471,34.0,35.0,1.0,,,-9.0,1057.0,,False,True,9.786566350313707,SUV_20_Gas,Van_16_Gas,Van_16_Gas,SHARED3,-1.3232018476423908,Van_16_Gas,,-9.0,0out_0in,shopping
61033,1220,school,1,1,1,1,mandatory,1,11793.0,611.0,471,10.0,25.0,15.0,pure_escort,pure_escort,-9.0,411.0,,,,-9.0,Pickup_11_Gas,Motorcycle_5_Gas,Pickup_11_Gas,BIKE,5.035645499352799,,,-9.0,0out_0in,school
61083,1221,school,1,1,1,1,mandatory,1,14116.0,611.0,471,12.0,27.0,15.0,,,-9.0,488.0,,,,-9.0,Van_16_Gas,Van_16_Gas,Pickup_11_Gas,SHARED3,-5.267669260831108,Pickup_11_Gas,,-9.0,1out_0in,school
61183,1223,school,1,1,1,1,mandatory,1,1450.0,611.0,471,12.0,28.0,16.0,pure_escort,pure_escort,-9.0,489.0,,,,-9.0,Pickup_11_Gas,Pickup_11_Gas,Van_16_Gas,SHARED3,1.4264321005168905,Van_16_Gas,,-9.0,0out_0in,school
61233,1224,school,2,1,1,2,mandatory,1,23114.0,611.0,472,10.0,12.0,2.0,,,-9.0,398.0,,,,-9.0,Car_11_Diesel,Pickup_1_Gas,Pickup_1_Gas,DRIVEALONE,-2.768794833953597,Car_11_Diesel,,-9.0,0out_0in,univ
61234,1224,school,2,2,2,2,mandatory,1,23114.0,611.0,472,12.0,17.0,5.0,,,-9.0,478.0,,,,-9.0,Car_11_Diesel,Car_11_Diesel,Pickup_1_Gas,DRIVEALONE,-2.7410317899579293,Car_11_Diesel,,-9.0,0out_1in,univ
61309,1226,escort,2,2,2,2,non_mandatory,1,9898.0,611.0,473,32.0,32.0,0.0,,,-9.0,1023.0,,False,True,12.709512661777572,Pickup_9_Gas,Car_11_Gas,Car_11_Gas,SHARED2,-0.2404496089038496,Car_11_Gas,,-9.0,0out_0in,escort
61335,1226,escort,2,1,1,2,non_mandatory,1,7004.0,611.0,473,12.0,22.0,10.0,,pure_escort,1.0,483.0,,False,True,-9.0,Car_11_Gas,Car_11_Gas,Car_11_Gas,WALK,-0.4961179851335515,,,-9.0,0out_0in,escort
61375,1227,othdiscr,2,1,3,4,non_mandatory,1,11793.0,611.0,473,26.0,30.0,4.0,,,-9.0,904.0,,False,True,13.337839446250545,Car_11_Gas,Car_11_Gas,Car_11_Gas,DRIVEALONE,0.5673581294553921,Car_11_Gas,,-9.0,0out_0in,othdiscr
61376,1227,othdiscr,2,2,4,4,non_mandatory,1,19734.0,611.0,473,32.0,36.0,4.0,,,-9.0,1027.0,,False,True,13.464902728416204,Pickup_9_Gas,Car_11_Gas,Pickup_9_Gas,DRIVEALONE,-6.797403325981139,Pickup_9_Gas,,-9.0,0out_1in,othdiscr
61385,1227,escort,2,1,1,4,non_mandatory,1,16375.0,611.0,473,9.0,10.0,1.0,pure_escort,,2.0,357.0,,False,True,-9.0,Pickup_9_Gas,Pickup_9_Gas,Car_11_Gas,SHARED3,-5.344824607471263,Car_11_Gas,,-9.0,1out_0in,escort
61386,1227,escort,2,2,2,4,non_mandatory,1,16375.0,611.0,473,25.0,26.0,1.0,,pure_escort,1.0,877.0,,False,True,-9.0,Car_11_Gas,Car_11_Gas,Car_11_Gas,SHARED2,-4.62174557309242,Car_11_Gas,,-9.0,0out_0in,escort
61483,1229,school,1,1,1,1,mandatory,1,7004.0,611.0,473,9.0,22.0,13.0,pure_escort,pure_escort,-9.0,369.0,,,,-9.0,Pickup_9_Gas,Pickup_9_Gas,Car_11_Gas,WALK,4.631064349090574,,,-9.0,0out_0in,school
61533,1230,school,1,1,1,1,mandatory,1,16375.0,611.0,473,9.0,26.0,17.0,pure_escort,pure_escort,-9.0,373.0,,,,-9.0,Car_11_Gas,Pickup_9_Gas,Pickup_9_Gas,SHARED2,-1.1902414074573475,Pickup_9_Gas,,-9.0,1out_0in,school
61575,1231,othdiscr,1,1,5,5,non_mandatory,1,629.0,611.0,474,9.0,10.0,1.0,,,-9.0,357.0,,False,True,14.058249045215446,Car_12_Gas,Car_12_Diesel,Car_12_Gas,BIKE,1.6122794693831406,,,-9.0,0out_0in,othdiscr
61585,1231,escort,4,1,1,5,non_mandatory,1,7004.0,611.0,474,8.0,9.0,1.0,pure_escort,,1.0,316.0,,False,True,-9.0,Car_12_Diesel,Car_12_Gas,Car_12_Diesel,SHARED3,-1.098759442969537,Car_12_Diesel,,-9.0,0out_0in,escort
61586,1231,escort,4,2,2,5,non_mandatory,1,11793.0,611.0,474,11.0,12.0,1.0,pure_escort,,1.0,436.0,,False,True,-9.0,Car_12_Gas,Car_12_Gas,Car_12_Diesel,SHARED3,0.7725472447030912,Car_12_Diesel,,-9.0,0out_0in,escort
61587,1231,escort,4,3,3,5,non_mandatory,1,7004.0,611.0,474,21.0,23.0,2.0,,pure_escort,1.0,772.0,,False,True,-9.0,Car_12_Gas,Car_12_Gas,Car_12_Diesel,SHARED3,-1.105300292636387,Car_12_Diesel,,-9.0,1out_0in,escort
61588,1231,escort,4,4,4,5,non_mandatory,1,11793.0,611.0,474,26.0,27.0,1.0,,pure_escort,1.0,901.0,,False,True,-9.0,Car_12_Gas,Car_12_Gas,Car_12_Diesel,SHARED3,0.7731363788706278,Car_12_Diesel,,-9.0,0out_0in,escort
61609,1232,escort,1,1,1,2,non_mandatory,1,16270.0,611.0,474,16.0,18.0,2.0,,,-9.0,617.0,,False,True,12.741000681092263,Car_12_Gas,Car_12_Diesel,Car_12_Gas,DRIVEALONE,-1.9456193958066244,Car_12_Gas,,-9.0,3out_3in,escort
61625,1232,othdiscr,1,1,2,2,non_mandatory,1,3366.0,611.0,474,27.0,35.0,8.0,,,-9.0,931.0,,False,True,13.28760387017488,Car_12_Gas,Car_12_Gas,Car_12_Gas,WALK,-0.6701230271169485,,,-9.0,0out_1in,othdiscr
61675,1233,othdiscr,1,1,1,1,non_mandatory,1,7004.0,611.0,474,25.0,25.0,0.0,,,-9.0,876.0,,False,True,13.225064224357746,Car_12_Diesel,Car_12_Gas,Car_12_Diesel,WALK,2.503997106270064,,,-9.0,0out_0in,othdiscr
61733,1234,school,1,1,1,1,mandatory,1,7004.0,611.0,474,8.0,23.0,15.0,pure_escort,pure_escort,-9.0,330.0,,,,-9.0,Car_12_Diesel,Car_12_Diesel,Car_12_Diesel,SHARED3,4.191424850831326,Car_12_Diesel,,-9.0,0out_0in,school
61783,1235,school,1,1,1,1,mandatory,1,11793.0,611.0,474,11.0,27.0,16.0,pure_escort,pure_escort,-9.0,451.0,,,,-9.0,Car_12_Diesel,Car_12_Diesel,Car_12_Gas,SHARED3,5.28912338351086,Car_12_Gas,,-9.0,0out_0in,school
61809,1236,escort,4,3,3,4,non_mandatory,1,23860.0,611.0,475,11.0,11.0,0.0,,,-9.0,435.0,,False,True,12.338960918808816,Van_9_Gas,Van_12_Gas,Van_9_Gas,BIKE,-0.4856311428971643,,,-9.0,0out_2in,escort
61810,1236,escort,4,4,4,4,non_mandatory,1,7979.0,611.0,475,10.0,10.0,0.0,,,-9.0,396.0,,False,True,12.226596146521876,Van_9_Gas,Van_12_Gas,Van_12_Gas,SHARED3,-1.9582165211167637,Van_12_Gas,,-9.0,0out_0in,escort
61819,1237,shopping,1,1,3,4,joint,4,24333.0,611.0,475,24.0,28.0,4.0,,,-9.0,855.0,mixed,True,False,3.442307637425326,Van_12_Gas,Van_9_Gas,Van_12_Gas,SHARED3,-8.075621655806561,Van_12_Gas,,-9.0,0out_0in,shopping
61835,1236,escort,4,1,1,4,non_mandatory,1,11793.0,611.0,475,8.0,8.0,0.0,pure_escort,,1.0,315.0,,False,True,-9.0,Van_12_Gas,Van_12_Gas,Van_12_Gas,BIKE,0.7627804225439636,,,-9.0,0out_0in,escort
61836,1236,escort,4,2,2,4,non_mandatory,1,16014.0,611.0,475,15.0,23.0,8.0,,pure_escort,1.0,589.0,,False,True,-9.0,Van_9_Gas,Van_12_Gas,Van_9_Gas,SHARED3,-4.037469864115127,Van_9_Gas,,-9.0,0out_0in,escort
61879,1237,othmaint,1,1,4,4,non_mandatory,1,13130.0,611.0,475,22.0,23.0,1.0,,,-9.0,799.0,,False,True,12.330908075278035,Van_12_Gas,Van_9_Gas,Van_12_Gas,SHARED2,-0.6952602421239411,Van_9_Gas,,-9.0,1out_2in,othmaint
61885,1237,escort,2,1,1,4,non_mandatory,1,16014.0,611.0,475,8.0,9.0,1.0,pure_escort,,1.0,316.0,,False,True,-9.0,Van_12_Gas,Van_9_Gas,Van_12_Gas,SHARED3,-2.5404502201321737,Van_12_Gas,,-9.0,0out_1in,escort
61886,1237,escort,2,2,2,4,non_mandatory,1,11793.0,611.0,475,23.0,24.0,1.0,,pure_escort,1.0,826.0,,False,True,-9.0,Van_12_Gas,Van_9_Gas,Van_12_Gas,SHARED3,-0.459737764149345,Van_12_Gas,,-9.0,0out_0in,escort
61983,1239,school,1,1,1,1,mandatory,1,16014.0,611.0,475,8.0,23.0,15.0,pure_escort,pure_escort,-9.0,330.0,,,,-9.0,Van_9_Gas,Van_9_Gas,Van_9_Gas,SHARED3,0.6427603332696005,Van_9_Gas,,-9.0,0out_0in,school
62033,1240,school,1,1,1,1,mandatory,1,11793.0,611.0,475,8.0,24.0,16.0,pure_escort,pure_escort,-9.0,331.0,,,,-9.0,Van_12_Gas,Van_9_Gas,Van_9_Gas,SHARED3,5.331955639927786,Van_9_Gas,,-9.0,0out_0in,school
62069,1241,shopping,1,1,3,3,joint,4,1794.0,611.0,476,36.0,37.0,1.0,,,-9.0,1086.0,mixed,False,True,9.414118865811323,SUV_7_Gas,Pickup_10_Gas,SUV_7_Gas,WALK,-3.3290816247974617,,,-9.0,0out_1in,shopping
62085,1241,escort,2,1,1,3,non_mandatory,1,16268.0,611.0,476,9.0,10.0,1.0,pure_escort,,1.0,357.0,,False,True,-9.0,SUV_7_Gas,SUV_7_Gas,SUV_7_Gas,SHARED3,-1.1670971151305716,SUV_7_Gas,,-9.0,0out_0in,escort
62086,1241,escort,2,2,2,3,non_mandatory,1,16268.0,611.0,476,24.0,26.0,2.0,,pure_escort,1.0,853.0,,False,True,-9.0,SUV_7_Gas,SUV_7_Gas,SUV_7_Gas,SHARED3,-1.142212258404531,SUV_7_Gas,,-9.0,0out_0in,escort
62129,1242,othmaint,1,1,3,3,non_mandatory,1,19146.0,611.0,476,29.0,40.0,11.0,,,-9.0,977.0,,False,True,12.028018300977935,SUV_7_Gas,SUV_7_Gas,SUV_7_Gas,SHARED3,-8.549910320884106,SUV_7_Gas,,-9.0,0out_0in,othmaint
62135,1242,escort,2,1,1,3,non_mandatory,1,11793.0,611.0,476,10.0,11.0,1.0,pure_escort,,1.0,397.0,,False,True,-9.0,Pickup_10_Gas,Pickup_10_Gas,SUV_7_Gas,BIKE,0.7479212472080163,,,-9.0,0out_0in,escort
62136,1242,escort,2,2,2,3,non_mandatory,1,11793.0,611.0,476,24.0,25.0,1.0,,pure_escort,1.0,852.0,,False,True,-9.0,Pickup_10_Gas,Pickup_10_Gas,SUV_7_Gas,BIKE,0.7496548823763927,,,-9.0,0out_0in,escort
62183,1243,school,1,1,1,1,mandatory,1,11793.0,611.0,476,10.0,25.0,15.0,pure_escort,pure_escort,-9.0,411.0,,,,-9.0,Pickup_10_Gas,Pickup_10_Gas,SUV_7_Gas,BIKE,5.249973165649195,,,-9.0,0out_0in,school
62283,1245,school,1,1,1,1,mandatory,1,16268.0,611.0,476,9.0,26.0,17.0,pure_escort,pure_escort,-9.0,373.0,,,,-9.0,Pickup_10_Gas,Pickup_10_Gas,Pickup_10_Gas,SHARED3,-1.438134476850421,Pickup_10_Gas,,-9.0,0out_0in,school
62356,1247,eatout,1,1,2,2,non_mandatory,1,2149.0,611.0,477,30.0,37.0,7.0,,,-9.0,993.0,,False,True,13.508977376059352,Van_20_Gas,Van_20_Gas,Van_20_Gas,SHARED3,-0.1364622498249984,Van_20_Gas,,-9.0,0out_0in,eatout
62398,1247,work,1,1,1,2,mandatory,1,24068.0,611.0,477,8.0,30.0,22.0,,,-9.0,337.0,,,,-9.0,Van_20_Gas,Van_20_Gas,Van_20_Gas,KNR_MIX,-6.269681791307224,Van_20_Gas,no_subtours,-9.0,0out_0in,work
62567,1251,othmaint,1,1,1,1,joint,2,23934.0,611.0,478,17.0,26.0,9.0,,,-9.0,657.0,adults,False,True,11.471245197150342,Car_12_Gas,Car_12_Gas,Car_12_Gas,SHARED2,-3.445759699048281,Car_12_Gas,,-9.0,0out_0in,othmaint
62656,1253,eatout,1,1,2,2,non_mandatory,1,1023.0,611.0,479,23.0,30.0,7.0,,,-9.0,832.0,,False,True,13.771443971255527,non_hh_veh,non_hh_veh,non_hh_veh,SHARED2,-8.42940877942454,non_hh_veh,,-9.0,1out_0in,eatout
62691,1253,shopping,1,1,1,2,non_mandatory,1,23860.0,611.0,479,30.0,31.0,1.0,,,-9.0,987.0,,False,True,10.887158392463204,non_hh_veh,non_hh_veh,non_hh_veh,WALK,2.5942612615497738,,,-9.0,2out_1in,shopping
62729,1254,othmaint,2,1,4,5,non_mandatory,1,23239.0,611.0,480,4.0,8.0,4.0,,,-9.0,145.0,,False,True,11.200165347769154,Pickup_17_Gas,Pickup_17_Gas,Pickup_17_Gas,SHARED3,-1.837500424407144,Pickup_17_Gas,,-9.0,3out_0in,othmaint
62730,1254,othmaint,2,2,5,5,non_mandatory,1,2465.0,611.0,480,28.0,29.0,1.0,,,-9.0,946.0,,False,True,11.523614312134814,Pickup_17_Gas,Pickup_17_Gas,Pickup_17_Gas,SHARED2,0.4495959972457282,Pickup_17_Gas,,-9.0,0out_0in,othmaint
62735,1254,escort,2,1,2,5,non_mandatory,1,19291.0,611.0,480,8.0,9.0,1.0,pure_escort,,1.0,316.0,,False,True,-9.0,Pickup_17_Gas,Pickup_17_Gas,Pickup_17_Gas,SHARED3,-4.158982692040773,Pickup_17_Gas,,-9.0,0out_0in,escort
62736,1254,escort,2,2,3,5,non_mandatory,1,16784.0,611.0,480,11.0,13.0,2.0,pure_escort,,1.0,437.0,,False,True,-9.0,Pickup_17_Gas,Pickup_17_Gas,Pickup_17_Gas,SHARED3,-2.966797487948703,Pickup_17_Gas,,-9.0,0out_0in,escort
62748,1254,work,1,1,1,5,mandatory,1,6705.0,611.0,480,13.0,26.0,13.0,,,-9.0,523.0,,,,-9.0,Pickup_17_Gas,Pickup_17_Gas,Pickup_17_Gas,SHARED2,-1.6925008295953308,Pickup_17_Gas,no_subtours,-9.0,0out_0in,work
62785,1255,escort,2,1,1,3,non_mandatory,1,19291.0,611.0,480,11.0,25.0,14.0,,pure_escort,1.0,449.0,,False,True,-9.0,Pickup_17_Gas,Pickup_17_Gas,Pickup_17_Gas,SHARED2,-2.299845716233993,Pickup_17_Gas,,-9.0,0out_0in,escort
62786,1255,escort,2,2,2,3,non_mandatory,1,16784.0,611.0,480,26.0,27.0,1.0,,pure_escort,1.0,901.0,,False,True,-9.0,Pickup_17_Gas,Pickup_17_Gas,Pickup_17_Gas,SHARED3,-1.6783024829561968,Pickup_17_Gas,,-9.0,0out_0in,escort
62791,1255,shopping,1,1,3,3,non_mandatory,1,6227.0,611.0,480,30.0,37.0,7.0,,,-9.0,993.0,,False,True,10.089580716913597,Pickup_17_Gas,Pickup_17_Gas,Pickup_17_Gas,WALK,0.5878743263907904,,,-9.0,0out_0in,shopping
62833,1256,school,1,1,1,1,mandatory,1,19291.0,611.0,480,8.0,25.0,17.0,pure_escort,pure_escort,-9.0,332.0,,,,-9.0,Pickup_17_Gas,Pickup_17_Gas,Pickup_17_Gas,SHARED2,-3.747947307437188,Pickup_17_Gas,,-9.0,0out_0in,school
62859,1257,escort,1,1,2,2,non_mandatory,1,3430.0,611.0,480,28.0,30.0,2.0,,,-9.0,947.0,,False,True,13.512166178513594,Pickup_17_Gas,Pickup_17_Gas,Pickup_17_Gas,SHARED2,1.1764929725348257,Pickup_17_Gas,,-9.0,0out_0in,escort
62883,1257,school,1,1,1,2,mandatory,1,16784.0,611.0,480,11.0,27.0,16.0,pure_escort,pure_escort,-9.0,451.0,,,,-9.0,Pickup_17_Gas,Pickup_17_Gas,Pickup_17_Gas,SHARED3,-1.646641513570248,Pickup_17_Gas,,-9.0,0out_0in,school
62959,1259,escort,2,1,1,2,non_mandatory,1,3579.0,611.0,481,40.0,43.0,3.0,,,-9.0,1134.0,,False,True,12.484971572365655,Van_12_Gas,Van_12_Gas,Van_12_Gas,DRIVEALONE,-0.8044300971376067,Van_12_Gas,,-9.0,1out_2in,escort
62960,1259,escort,2,2,2,2,non_mandatory,1,6073.0,611.0,481,20.0,27.0,7.0,,,-9.0,748.0,,False,True,12.12350825268549,Van_12_Gas,Van_12_Gas,Van_12_Gas,DRIVEALONE,-0.2943568608667036,Van_12_Gas,,-9.0,0out_0in,escort
63006,1260,eatout,1,1,2,3,non_mandatory,1,16127.0,611.0,482,30.0,36.0,6.0,,,-9.0,992.0,,False,True,14.159685053321269,Pickup_12_Gas,Pickup_12_Gas,Pickup_12_Gas,SHARED2,-2.922269593488169,Pickup_12_Gas,,-9.0,0out_0in,eatout
63025,1260,othdiscr,1,1,3,3,non_mandatory,1,611.0,611.0,482,11.0,14.0,3.0,,,-9.0,438.0,,False,True,13.6794270105875,Pickup_12_Gas,Pickup_12_Gas,Pickup_12_Gas,WALK,1.0092772830605936,,,-9.0,0out_0in,othdiscr
63041,1260,shopping,1,1,1,3,non_mandatory,1,2465.0,611.0,482,10.0,11.0,1.0,,,-9.0,397.0,,False,True,10.027883870054,Pickup_12_Gas,Pickup_12_Gas,Pickup_12_Gas,DRIVEALONE,-0.6345188353378621,Pickup_12_Gas,,-9.0,0out_0in,shopping
63125,1262,othdiscr,1,1,1,1,non_mandatory,1,9901.0,611.0,483,16.0,21.0,5.0,,,-9.0,620.0,,False,True,12.986679238459132,Car_18_Gas,Car_18_Gas,Car_18_Gas,WALK,0.3720353554608229,,,-9.0,0out_1in,othdiscr
63179,1263,othmaint,1,1,1,1,non_mandatory,1,23066.0,611.0,484,12.0,19.0,7.0,,,-9.0,480.0,,False,True,12.619155805547344,Car_15_Gas,Car_15_Gas,Car_15_Gas,DRIVEALONE,-6.171853027699869,Car_15_Gas,,-9.0,0out_0in,othmaint
63225,1264,othdiscr,1,1,2,2,non_mandatory,1,13557.0,611.0,484,6.0,10.0,4.0,,,-9.0,234.0,,False,True,13.225567032551329,Car_15_Gas,Car_15_Gas,Car_15_Gas,DRIVEALONE,0.1281192324499723,Car_15_Gas,,-9.0,0out_1in,othdiscr
63233,1264,school,1,1,1,2,mandatory,1,5313.0,611.0,484,10.0,31.0,21.0,,,-9.0,417.0,,,,-9.0,Car_15_Gas,Car_15_Gas,Car_15_Gas,WALK,2.962635153683145,,,-9.0,0out_0in,univ
63275,1265,othdiscr,1,1,2,2,non_mandatory,1,11793.0,611.0,485,32.0,34.0,2.0,,,-9.0,1025.0,,False,True,12.705168398830772,SUV_6_Gas,Pickup_20_Gas,SUV_6_Gas,WALK,0.2812633456918381,,,-9.0,0out_0in,othdiscr
63291,1265,shopping,1,1,1,2,non_mandatory,1,836.0,611.0,485,36.0,37.0,1.0,,,-9.0,1086.0,,False,True,9.068426666969923,SUV_6_Gas,Pickup_20_Gas,SUV_6_Gas,WALK,-0.5908625720586526,,,-9.0,2out_0in,shopping
63325,1266,othdiscr,2,1,2,3,non_mandatory,1,24331.0,611.0,485,22.0,29.0,7.0,,,-9.0,805.0,,True,False,3.808825575977974,SUV_6_Gas,SUV_6_Gas,SUV_6_Gas,DRIVEALONE,-5.783568045429528,SUV_6_Gas,,-9.0,0out_0in,othdiscr
63326,1266,othdiscr,2,2,3,3,non_mandatory,1,13525.0,611.0,485,11.0,12.0,1.0,,,-9.0,436.0,,False,True,12.595931963929972,SUV_6_Gas,SUV_6_Gas,SUV_6_Gas,DRIVEALONE,-2.414290403509739,SUV_6_Gas,,-9.0,3out_3in,othdiscr
63329,1266,othmaint,1,1,1,3,non_mandatory,1,6996.0,611.0,485,13.0,20.0,7.0,,,-9.0,517.0,,False,True,10.350080482398454,Pickup_20_Gas,SUV_6_Gas,SUV_6_Gas,WALK,-1.9694076304475143,,,-9.0,0out_0in,othmaint
63456,1269,eatout,1,1,1,1,non_mandatory,1,18774.0,611.0,486,26.0,32.0,6.0,,,-9.0,906.0,,False,True,13.990702335446372,Car_2_BEV,Car_2_BEV,Car_2_BEV,SHARED2,-0.110373527690917,Car_2_BEV,,-9.0,0out_0in,eatout
63525,1270,othdiscr,2,1,1,2,non_mandatory,1,14320.0,611.0,486,26.0,29.0,3.0,,,-9.0,903.0,,False,True,13.424305909761843,Car_2_BEV,Car_2_BEV,Car_2_BEV,SHARED2,-0.5890666032120403,Car_2_BEV,,-9.0,0out_1in,othdiscr
63526,1270,othdiscr,2,2,2,2,non_mandatory,1,7607.0,611.0,486,11.0,14.0,3.0,,,-9.0,438.0,,False,True,13.241294152600766,Car_2_BEV,Car_2_BEV,Car_2_BEV,WALK_LOC,-1.0305789506171237,,,-9.0,0out_1in,othdiscr
63559,1271,escort,2,1,1,2,non_mandatory,1,18373.0,611.0,486,11.0,13.0,2.0,,,-9.0,437.0,,False,True,13.679253366852109,Car_2_BEV,Car_2_BEV,Car_2_BEV,SHARED3,-2.090580259069471,Car_2_BEV,,-9.0,0out_0in,escort
63560,1271,escort,2,2,2,2,non_mandatory,1,16253.0,611.0,486,30.0,31.0,1.0,,,-9.0,987.0,,False,True,13.586007764064766,Car_2_BEV,Car_2_BEV,Car_2_BEV,SHARED2,-0.6248464903019215,Car_2_BEV,,-9.0,0out_2in,escort
63629,1272,othmaint,1,1,1,1,non_mandatory,1,23883.0,611.0,487,16.0,24.0,8.0,,,-9.0,623.0,,False,True,11.409337277773496,Car_7_Gas,Car_7_Gas,Car_15_Gas,DRIVEALONE,-3.0129233818428958,Car_7_Gas,,-9.0,0out_0in,othmaint
63725,1274,othdiscr,1,1,2,2,non_mandatory,1,13549.0,611.0,487,32.0,34.0,2.0,,,-9.0,1025.0,,False,True,13.512334336082825,Pickup_12_Gas,Car_4_Gas,Car_4_Gas,SHARED2,0.3049169494625069,Car_4_Gas,,-9.0,0out_0in,othdiscr
63741,1274,shopping,1,1,1,2,non_mandatory,1,16365.0,611.0,487,30.0,32.0,2.0,,,-9.0,988.0,,False,True,10.460879888870062,Pickup_12_Gas,Car_15_Gas,Car_7_Gas,SHARED2,-1.4496300545311698,Car_15_Gas,,-9.0,3out_3in,shopping
63754,1275,eat,1,1,1,1,atwork,1,19063.0,16337.0,488,21.0,22.0,1.0,,,-9.0,771.0,,,,3.852826685350695,,,,DRIVEALONE,-0.3912159035539594,Car_6_Gas,,63798.0,0out_1in,atwork
63798,1275,work,1,1,1,1,mandatory,1,16337.0,611.0,488,6.0,25.0,19.0,,,-9.0,249.0,,,,-9.0,Car_6_Gas,Car_6_Gas,SUV_20_Gas,DRIVEALONE,-2.5359528315660764,Car_6_Gas,eat,-9.0,0out_0in,work
63833,1276,school,1,1,1,1,mandatory,1,19370.0,611.0,488,13.0,35.0,22.0,,,-9.0,532.0,,,,-9.0,SUV_20_Gas,Car_6_Gas,SUV_20_Gas,DRIVEALONE,-1.734832361159811,SUV_20_Gas,,-9.0,0out_0in,univ
63859,1277,escort,1,1,1,2,non_mandatory,1,1676.0,611.0,488,11.0,12.0,1.0,,,-9.0,436.0,,False,True,12.34000935168342,SUV_20_Gas,Car_6_Gas,Car_6_Gas,SHARED2,-0.6225783203550309,Car_6_Gas,,-9.0,0out_0in,escort
63879,1277,othmaint,1,1,2,2,non_mandatory,1,2465.0,611.0,488,12.0,16.0,4.0,,,-9.0,477.0,,False,True,9.818356255854791,SUV_20_Gas,Car_6_Gas,Car_6_Gas,WALK,-0.2917892162658645,,,-9.0,0out_1in,othmaint
63929,1278,othmaint,1,1,1,1,non_mandatory,1,2465.0,611.0,489,15.0,19.0,4.0,,,-9.0,585.0,,False,True,8.549655457386656,SUV_11_Gas,Pickup_9_Gas,Pickup_9_Gas,WALK,1.3437385371172998,,,-9.0,0out_0in,othmaint
63975,1279,othdiscr,1,1,4,4,non_mandatory,1,6090.0,611.0,489,15.0,21.0,6.0,,,-9.0,587.0,,False,True,13.179573962390036,SUV_11_Gas,SUV_11_Gas,SUV_11_Gas,SHARED3,-12.145953138677514,SUV_11_Gas,,-9.0,0out_3in,othdiscr
63979,1279,othmaint,1,1,3,4,non_mandatory,1,19195.0,611.0,489,13.0,15.0,2.0,,,-9.0,512.0,,False,True,11.91866803780597,SUV_11_Gas,Pickup_9_Gas,SUV_11_Gas,DRIVEALONE,-7.9997123632351155,SUV_11_Gas,,-9.0,0out_1in,othmaint
63985,1279,escort,2,1,1,4,non_mandatory,1,5878.0,611.0,489,10.0,11.0,1.0,pure_escort,,2.0,397.0,,False,True,-9.0,Pickup_9_Gas,SUV_11_Gas,Pickup_9_Gas,SHARED3,-6.612643680713161,Pickup_9_Gas,,-9.0,1out_0in,escort
63986,1279,escort,2,2,2,4,non_mandatory,1,6643.0,611.0,489,23.0,26.0,3.0,,pure_escort,2.0,828.0,,False,True,-9.0,SUV_11_Gas,Pickup_9_Gas,SUV_11_Gas,SHARED3,-3.89730986397506,SUV_11_Gas,,-9.0,0out_1in,escort
64033,1280,school,1,1,1,1,mandatory,1,5878.0,611.0,489,10.0,26.0,16.0,pure_escort,pure_escort,-9.0,412.0,,,,-9.0,SUV_11_Gas,Pickup_9_Gas,Pickup_9_Gas,SHARED3,-0.932635673673081,Pickup_9_Gas,,-9.0,1out_1in,school
64059,1281,escort,1,1,1,2,non_mandatory,1,6073.0,611.0,489,26.0,29.0,3.0,,,-9.0,903.0,,False,True,13.21822205457758,SUV_11_Gas,SUV_11_Gas,Pickup_9_Gas,SHARED3,0.3286963153831188,Pickup_9_Gas,,-9.0,0out_0in,escort
64079,1281,othmaint,1,1,2,2,non_mandatory,1,23321.0,611.0,489,15.0,23.0,8.0,,,-9.0,589.0,,False,True,12.596000107807368,SUV_11_Gas,SUV_11_Gas,Pickup_9_Gas,SHARED3,-3.9013210135481775,Pickup_9_Gas,,-9.0,0out_0in,othmaint
64133,1282,school,1,1,1,1,mandatory,1,6643.0,611.0,489,10.0,26.0,16.0,pure_escort,pure_escort,-9.0,412.0,,,,-9.0,SUV_11_Gas,SUV_11_Gas,Pickup_9_Gas,SHARED3,2.212505155572227,Pickup_9_Gas,,-9.0,0out_0in,school
64159,1283,escort,7,6,6,7,non_mandatory,1,5573.0,611.0,490,15.0,17.0,2.0,,,-9.0,583.0,,False,True,11.869776687810743,Car_3_Gas,Car_3_Gas,SUV_20_Gas,WALK,-0.0221863421713307,,,-9.0,0out_0in,escort
64160,1283,escort,7,7,7,7,non_mandatory,1,3132.0,611.0,490,23.0,23.0,0.0,,,-9.0,825.0,,False,True,12.367747465315537,Car_3_Gas,Car_3_Gas,Car_3_Gas,WALK,-0.4996166822858452,,,-9.0,0out_0in,escort
64185,1283,escort,7,1,1,7,non_mandatory,1,7296.0,611.0,490,11.0,12.0,1.0,pure_escort,,2.0,436.0,,False,True,-9.0,Car_3_Gas,Car_3_Gas,Car_3_Gas,SHARED3,-1.6701513640430747,Car_3_Gas,,-9.0,1out_3in,escort
64186,1283,escort,7,2,2,7,non_mandatory,1,23867.0,611.0,490,13.0,14.0,1.0,pure_escort,,1.0,511.0,,False,True,-9.0,Car_3_Gas,Car_3_Gas,Car_3_Gas,WALK,-1.7288684861986174,,,-9.0,0out_0in,escort
64187,1283,escort,7,3,3,7,non_mandatory,1,2792.0,611.0,490,25.0,27.0,2.0,,pure_escort,1.0,878.0,,False,True,-9.0,SUV_20_Gas,Car_3_Gas,Car_3_Gas,SHARED3,-1.111711052827446,Car_3_Gas,,-9.0,0out_0in,escort
64188,1283,escort,7,4,4,7,non_mandatory,1,23867.0,611.0,490,27.0,28.0,1.0,,pure_escort,1.0,924.0,,False,True,-9.0,Car_3_Gas,Car_3_Gas,SUV_20_Gas,SHARED3,-1.897010169839321,SUV_20_Gas,,-9.0,0out_0in,escort
64189,1283,escort,7,5,5,7,non_mandatory,1,7296.0,611.0,490,27.0,28.0,1.0,,pure_escort,1.0,924.0,,False,True,-9.0,Car_3_Gas,SUV_20_Gas,SUV_20_Gas,SHARED3,-1.4096051667208271,SUV_20_Gas,,-9.0,0out_0in,escort
64248,1284,work,1,1,1,1,mandatory,1,20544.0,611.0,490,8.0,31.0,23.0,,,-9.0,338.0,,,,-9.0,Car_3_Gas,Car_3_Gas,SUV_20_Gas,SHARED3,-2.032930866494086,SUV_20_Gas,no_subtours,-9.0,1out_2in,work
64275,1285,othdiscr,1,1,2,2,non_mandatory,1,23911.0,611.0,490,36.0,38.0,2.0,,,-9.0,1087.0,,False,True,12.695793017534466,Car_3_Gas,Car_3_Gas,Car_3_Gas,WALK,0.4887334753068325,,,-9.0,0out_0in,othdiscr
64283,1285,school,1,1,1,2,mandatory,1,7296.0,611.0,490,11.0,28.0,17.0,pure_escort,pure_escort,-9.0,452.0,,,,-9.0,Car_3_Gas,SUV_20_Gas,Car_3_Gas,SHARED3,0.916052339388251,Car_3_Gas,,-9.0,1out_0in,school
64333,1286,school,1,1,1,1,mandatory,1,2792.0,611.0,490,11.0,27.0,16.0,pure_escort,pure_escort,-9.0,451.0,,,,-9.0,Car_3_Gas,Car_3_Gas,Car_3_Gas,SHARED3,3.4946250448582217,Car_3_Gas,,-9.0,0out_0in,school
64383,1287,school,1,1,1,1,mandatory,1,23867.0,611.0,490,13.0,28.0,15.0,pure_escort,pure_escort,-9.0,525.0,,,,-9.0,SUV_20_Gas,Car_3_Gas,Car_3_Gas,SHARED3,0.8877072812710359,Car_3_Gas,,-9.0,0out_0in,school
64409,1288,escort,1,1,2,2,non_mandatory,1,1244.0,611.0,491,23.0,24.0,1.0,,,-9.0,826.0,,False,True,13.036851678391796,Car_8_Gas,Car_8_Gas,Car_8_Gas,SHARED3,0.0141960220323209,Car_8_Gas,,-9.0,0out_2in,escort
64419,1288,shopping,1,1,1,2,joint,3,12534.0,611.0,491,30.0,32.0,2.0,,,-9.0,988.0,mixed,False,True,10.113059779406909,Car_2_Hybrid,Car_2_Hybrid,Car_8_Gas,WALK,-2.9561399282709817,,,-9.0,0out_0in,shopping
64498,1289,work,1,1,1,1,mandatory,1,19730.0,611.0,491,10.0,28.0,17.0,ride_share,ride_share,1.0,414.0,,,,-9.0,Car_2_Hybrid,Car_2_Hybrid,Car_2_Hybrid,SHARED3,-2.3921445648202218,Car_2_Hybrid,no_subtours,-9.0,1out_1in,work
64583,1291,school,1,1,1,1,mandatory,1,23881.0,611.0,491,10.0,28.0,18.0,ride_share,ride_share,-9.0,414.0,,,,-9.0,Car_8_Gas,Car_8_Gas,Car_8_Gas,SHARED3,2.173194593767673,Car_8_Gas,,-9.0,0out_0in,school
64609,1292,escort,1,1,2,2,non_mandatory,1,5313.0,611.0,492,34.0,36.0,2.0,,,-9.0,1058.0,,False,True,12.092822224984053,SUV_10_Gas,SUV_10_Gas,SUV_10_Gas,SHARED3,0.3614714162113882,SUV_10_Gas,,-9.0,3out_0in,escort
64648,1292,work,1,1,1,2,mandatory,1,13129.0,611.0,492,8.0,27.0,19.0,,,-9.0,334.0,,,,-9.0,SUV_10_Gas,SUV_10_Gas,SUV_10_Gas,DRIVEALONE,-2.201861643038938,SUV_10_Gas,no_subtours,-9.0,3out_3in,work
64654,1293,eat,1,1,1,1,atwork,1,13361.0,4681.0,492,19.0,20.0,1.0,,,-9.0,712.0,,,,6.14097894245587,,,,SHARED3,-0.6510694677480239,SUV_10_Gas,,64698.0,0out_0in,atwork
64698,1293,work,1,1,1,1,mandatory,1,4681.0,611.0,492,6.0,26.0,19.0,,ride_share,1.0,250.0,,,,-9.0,SUV_10_Gas,SUV_10_Gas,SUV_10_Gas,SHARED2,-3.675777719558715,SUV_10_Gas,eat,-9.0,0out_1in,work
64733,1294,school,1,1,1,1,mandatory,1,16377.0,611.0,492,11.0,35.0,24.0,,,-9.0,459.0,,,,-9.0,SUV_10_Gas,SUV_10_Gas,SUV_10_Gas,SHARED3,-1.4874073088120914,SUV_10_Gas,,-9.0,1out_0in,school
64783,1295,school,1,1,1,1,mandatory,1,17365.0,611.0,492,9.0,25.0,16.0,,,-9.0,372.0,,,,-9.0,SUV_10_Gas,SUV_10_Gas,SUV_10_Gas,SHARED3,-2.487131430824252,SUV_10_Gas,,-9.0,1out_0in,school
64833,1296,school,1,1,1,1,mandatory,1,11181.0,611.0,492,18.0,26.0,8.0,,ride_share,-9.0,688.0,,,,-9.0,SUV_10_Gas,SUV_10_Gas,SUV_10_Gas,SHARED2,-1.2427787206874976,SUV_10_Gas,,-9.0,1out_0in,school
64854,1297,eat,1,1,1,1,atwork,1,23926.0,7951.0,493,16.0,18.0,2.0,,,-9.0,617.0,,,,2.870800650769592,,,,DRIVEALONE,-1.1837321744560596,Car_6_BEV,,64898.0,1out_1in,atwork
64898,1297,work,1,1,1,1,mandatory,1,7951.0,611.0,493,7.0,23.0,16.0,,,-9.0,289.0,,,,-9.0,Car_6_BEV,Car_14_Gas,Car_6_BEV,DRIVEALONE,-0.9234673067238868,Car_6_BEV,eat,-9.0,0out_0in,work
64904,1298,eat,1,1,1,1,atwork,1,6607.0,14372.0,493,19.0,19.0,0.0,,,-9.0,711.0,,,,5.53865617854311,,,,WALK,-0.0813314314278974,Van_15_Gas,,64948.0,0out_1in,atwork
64948,1298,work,1,1,1,1,mandatory,1,14372.0,611.0,493,10.0,35.0,25.0,,,-9.0,421.0,,,,-9.0,Van_15_Gas,Van_15_Gas,Car_6_BEV,DRIVEALONE,-4.375298070378164,Van_15_Gas,eat,-9.0,0out_0in,work
64956,1299,eatout,1,1,1,1,non_mandatory,1,3679.0,611.0,493,36.0,37.0,1.0,,,-9.0,1086.0,,False,True,13.751450430074312,Van_15_Gas,Car_14_Gas,Van_15_Gas,WALK,0.635304769583353,,,-9.0,3out_3in,eatout
65029,1300,othmaint,1,1,1,1,non_mandatory,1,16104.0,611.0,494,14.0,17.0,3.0,,,-9.0,549.0,,False,True,10.672271668951073,Car_14_Gas,Car_14_Gas,Car_14_Gas,DRIVEALONE,-2.5092399558743312,Car_14_Gas,,-9.0,0out_2in,othmaint
65059,1301,escort,1,1,1,1,non_mandatory,1,1676.0,611.0,494,10.0,10.0,0.0,,,-9.0,396.0,,False,True,12.972071884983194,Car_14_Gas,Car_14_Gas,Car_14_Gas,DRIVEALONE,-0.8326441903049374,Car_14_Gas,,-9.0,3out_3in,escort
65104,1302,eat,1,1,1,1,atwork,1,7616.0,13459.0,495,21.0,22.0,1.0,,,-9.0,771.0,,,,5.123911257966472,,,,WALK,-0.122208226462511,,,65148.0,0out_0in,atwork
65148,1302,work,1,1,1,1,mandatory,1,13459.0,611.0,495,13.0,26.0,13.0,,,-9.0,523.0,,,,-9.0,non_hh_veh,non_hh_veh,non_hh_veh,WALK,3.3656121117563496,,eat,-9.0,0out_0in,work
65154,1303,eat,1,1,1,1,atwork,1,16856.0,5878.0,495,18.0,21.0,3.0,,,-9.0,683.0,,,,3.025449715928719,,,,DRIVEALONE,-4.903749131961492,non_hh_veh,,65198.0,0out_0in,atwork
65198,1303,work,1,1,1,1,mandatory,1,5878.0,611.0,495,12.0,33.0,21.0,,,-9.0,494.0,,,,-9.0,non_hh_veh,non_hh_veh,non_hh_veh,DRIVEALONE,-0.7583204412407379,non_hh_veh,eat,-9.0,0out_0in,work
65248,1304,work,1,1,1,1,mandatory,1,6607.0,611.0,495,9.0,29.0,20.0,,,-9.0,376.0,,,,-9.0,non_hh_veh,non_hh_veh,non_hh_veh,WALK_LOC,-2.411501474290954,,no_subtours,-9.0,0out_2in,work
65298,1305,work,1,1,1,1,mandatory,1,15797.0,611.0,496,9.0,30.0,21.0,,,-9.0,377.0,,,,-9.0,Car_16_Gas,SUV_8_Gas,Car_16_Gas,DRIVEALONE,-1.900408971891154,Car_16_Gas,no_subtours,-9.0,0out_0in,work
65333,1306,school,2,1,1,2,mandatory,1,23114.0,611.0,496,11.0,13.0,2.0,,,-9.0,437.0,,,,-9.0,SUV_8_Gas,SUV_8_Gas,Car_16_Gas,DRIVEALONE,-4.091077508321728,SUV_8_Gas,,-9.0,0out_2in,univ
65334,1306,school,2,2,2,2,mandatory,1,23114.0,611.0,496,18.0,27.0,9.0,,,-9.0,689.0,,,,-9.0,Car_16_Gas,SUV_8_Gas,Car_16_Gas,DRIVEALONE,-4.176071398652029,Car_16_Gas,,-9.0,0out_0in,univ
65391,1307,shopping,1,1,1,1,non_mandatory,1,9901.0,611.0,496,23.0,26.0,3.0,,,-9.0,828.0,,False,True,9.727414011108264,Car_16_Gas,Car_16_Gas,SUV_8_Gas,SHARED2,-1.535461094957938,Car_16_Gas,,-9.0,0out_0in,shopping
65429,1308,othmaint,1,1,1,1,non_mandatory,1,23062.0,611.0,497,15.0,20.0,5.0,,,-9.0,586.0,,False,True,10.287316191520253,Pickup_18_Gas,Pickup_18_Gas,non_hh_veh,DRIVEALONE,-1.888160882926945,Pickup_18_Gas,,-9.0,0out_1in,othmaint
65517,1310,othmaint,1,1,1,1,joint,2,15747.0,611.0,498,18.0,30.0,12.0,,,-9.0,692.0,adults,False,True,9.017317877141933,Van_14_Gas,SUV_13_Gas,SUV_13_Gas,SHARED2,-3.203759388673719,SUV_13_Gas,,-9.0,3out_3in,othmaint
65556,1311,eatout,1,1,2,2,non_mandatory,1,5111.0,611.0,498,35.0,38.0,3.0,,,-9.0,1074.0,,False,True,14.371474495504229,SUV_13_Gas,SUV_13_Gas,Van_14_Gas,DRIVEALONE,-2.926191836160314,SUV_13_Gas,,-9.0,0out_0in,eatout
65559,1311,escort,1,1,1,2,non_mandatory,1,8184.0,611.0,498,14.0,16.0,2.0,,,-9.0,548.0,,False,True,12.780419185756134,SUV_13_Gas,SUV_13_Gas,SUV_13_Gas,DRIVEALONE,0.2726426603669727,SUV_13_Gas,,-9.0,3out_3in,escort
65629,1312,othmaint,1,1,1,1,non_mandatory,1,16254.0,611.0,499,10.0,14.0,4.0,,,-9.0,400.0,,False,True,11.468318175540038,Car_15_Gas,Car_15_Gas,Car_15_Gas,DRIVEALONE,-2.8239957279995025,Car_15_Gas,,-9.0,0out_0in,othmaint
65679,1313,othmaint,1,1,1,1,non_mandatory,1,18148.0,611.0,500,30.0,32.0,2.0,,,-9.0,988.0,,False,True,11.596654917840445,SUV_14_Gas,SUV_14_Gas,SUV_14_Gas,DRIVEALONE,-4.096720769401212,SUV_14_Gas,,-9.0,1out_1in,othmaint
65779,1315,othmaint,2,1,1,2,non_mandatory,1,16412.0,611.0,501,15.0,17.0,2.0,,,-9.0,583.0,,False,True,12.146317061902243,Car_14_Gas,Car_14_Gas,Pickup_8_Gas,DRIVEALONE,-1.832967136873306,Car_14_Gas,,-9.0,1out_0in,othmaint
65780,1315,othmaint,2,2,2,2,non_mandatory,1,19370.0,611.0,501,22.0,28.0,6.0,,,-9.0,804.0,,False,True,12.380401804213813,Pickup_8_Gas,Car_2_Gas,Car_2_Gas,DRIVEALONE,-3.3422872853097503,Pickup_8_Gas,,-9.0,0out_0in,othmaint
65848,1316,work,2,1,1,2,mandatory,1,18412.0,611.0,501,14.0,37.0,23.0,,,-9.0,569.0,,,,-9.0,Car_2_Gas,Car_14_Gas,Car_2_Gas,DRIVEALONE,-1.904322117512511,Car_2_Gas,no_subtours,-9.0,1out_1in,work
65849,1316,work,2,2,2,2,mandatory,1,18412.0,611.0,501,39.0,40.0,1.0,,,-9.0,1122.0,,,,-9.0,Pickup_8_Gas,Car_2_Gas,Pickup_8_Gas,DRIVEALONE,-1.9606837650777984,Pickup_8_Gas,no_subtours,-9.0,0out_0in,work
65865,1317,othdiscr,2,1,3,4,joint,2,1170.0,611.0,502,34.0,37.0,3.0,,,-9.0,1059.0,adults,False,True,12.848133846735523,SUV_6_BEV,SUV_6_BEV,SUV_6_BEV,WALK,-0.2617260714661159,,,-9.0,0out_0in,othdiscr
65867,1318,othmaint,1,1,3,3,joint,4,16337.0,611.0,502,29.0,34.0,5.0,,,-9.0,971.0,mixed,False,True,12.730979187011917,Car_14_Gas,SUV_6_BEV,SUV_6_BEV,SHARED3,-15.43575541593198,SUV_6_BEV,,-9.0,2out_1in,othmaint
65875,1317,othdiscr,2,2,4,4,non_mandatory,1,629.0,611.0,502,24.0,24.0,0.0,,,-9.0,851.0,,False,True,13.404953537956803,SUV_6_BEV,SUV_6_BEV,SUV_6_BEV,WALK,1.0147072812942008,,,-9.0,0out_0in,othdiscr
65885,1317,escort,2,1,1,4,non_mandatory,1,11793.0,611.0,502,10.0,10.0,0.0,pure_escort,,2.0,396.0,,False,True,-9.0,SUV_6_BEV,SUV_6_BEV,SUV_6_BEV,SHARED3,-0.8135081130259839,SUV_6_BEV,,-9.0,1out_0in,escort
65886,1317,escort,2,2,2,4,non_mandatory,1,11793.0,611.0,502,25.0,27.0,2.0,,pure_escort,2.0,878.0,,False,True,-9.0,Car_14_Gas,Car_14_Gas,SUV_6_BEV,SHARED3,-0.8134806252371435,SUV_6_BEV,,-9.0,0out_1in,escort
65935,1318,escort,2,1,1,3,non_mandatory,1,16364.0,611.0,502,11.0,12.0,1.0,pure_escort,,1.0,436.0,,False,True,-9.0,Car_14_Gas,SUV_6_BEV,SUV_6_BEV,TNC_SINGLE,-7.706236577235722,,,-9.0,0out_0in,escort
65936,1318,escort,2,2,2,3,non_mandatory,1,11793.0,611.0,502,15.0,26.0,11.0,,pure_escort,1.0,592.0,,False,True,-9.0,Car_14_Gas,Car_14_Gas,SUV_6_BEV,SHARED2,0.5843619779704541,Car_14_Gas,,-9.0,0out_0in,escort
65983,1319,school,1,1,1,1,mandatory,1,11793.0,611.0,502,10.0,26.0,16.0,pure_escort,pure_escort,-9.0,412.0,,,,-9.0,Car_14_Gas,SUV_6_BEV,Car_14_Gas,SHARED2,6.106439770311145,SUV_6_BEV,,-9.0,0out_0in,school
66033,1320,school,1,1,1,1,mandatory,1,16364.0,611.0,502,11.0,27.0,17.0,pure_escort,pure_escort,-9.0,451.0,,,,-9.0,SUV_6_BEV,SUV_6_BEV,SUV_6_BEV,SHARED3,0.2870864970092828,SUV_6_BEV,,-9.0,0out_1in,school
66083,1321,school,1,1,1,1,mandatory,1,11793.0,611.0,502,10.0,27.0,17.0,pure_escort,pure_escort,-9.0,413.0,,,,-9.0,Car_14_Gas,Car_14_Gas,Car_14_Gas,SHARED3,4.189879061252858,Car_14_Gas,,-9.0,1out_0in,school
66133,1322,school,1,1,1,1,mandatory,1,11793.0,611.0,502,9.0,25.0,16.0,,,-9.0,372.0,,,,-9.0,Car_14_Gas,SUV_6_BEV,Car_14_Gas,BIKE,6.104200374666784,,,-9.0,1out_0in,school
66159,1323,escort,3,1,1,3,non_mandatory,1,3835.0,611.0,503,24.0,25.0,1.0,,,-9.0,852.0,,False,True,12.764667756114743,Car_10_Gas,Pickup_1_PEV,Car_10_Gas,WALK,-0.347874370257219,,,-9.0,0out_0in,escort
66160,1323,escort,3,2,2,3,non_mandatory,1,23843.0,611.0,503,12.0,14.0,2.0,,,-9.0,475.0,,False,True,13.012372250530325,Car_10_Gas,Pickup_1_PEV,Car_10_Gas,DRIVEALONE,-0.8019377160741169,Car_10_Gas,,-9.0,0out_0in,escort
66161,1323,escort,3,3,3,3,non_mandatory,1,2143.0,611.0,503,16.0,17.0,1.0,,,-9.0,616.0,,False,True,12.826328157803914,Car_10_Gas,Pickup_1_PEV,Car_10_Gas,DRIVEALONE,-0.6632699620670491,Car_10_Gas,,-9.0,3out_3in,escort
66263,1325,eatout,1,1,1,2,joint,2,6008.0,611.0,504,30.0,33.0,3.0,,,-9.0,989.0,adults,False,True,13.923425486794482,Car_14_Gas,Car_14_Gas,Car_14_Gas,SHARED2,-0.2884968181130911,Car_14_Gas,,-9.0,0out_0in,eatout
66291,1325,shopping,1,1,2,2,non_mandatory,1,1676.0,611.0,504,24.0,28.0,4.0,,,-9.0,855.0,,False,True,9.574009396813194,Car_10_Gas,Car_14_Gas,Car_10_Gas,DRIVEALONE,0.0392892045050171,Car_10_Gas,,-9.0,0out_0in,shopping
66475,1329,othdiscr,1,1,1,1,non_mandatory,1,3834.0,611.0,506,7.0,8.0,1.0,,,-9.0,274.0,,False,True,12.655335836839258,SUV_4_Gas,SUV_4_Gas,SUV_4_Gas,DRIVEALONE,0.7024395781760081,SUV_4_Gas,,-9.0,0out_0in,othdiscr
66625,1332,othdiscr,1,1,1,1,non_mandatory,1,24333.0,611.0,507,15.0,19.0,4.0,,,-9.0,585.0,,True,False,5.017812254480629,Pickup_16_Gas,Car_11_Gas,Car_13_Gas,SHARED2,-4.232393248857599,Car_11_Gas,,-9.0,0out_3in,othdiscr
66675,1333,othdiscr,1,1,1,1,non_mandatory,1,3834.0,611.0,507,21.0,30.0,9.0,,,-9.0,779.0,,False,True,12.815908736084902,Car_11_Gas,Car_11_Gas,Car_11_Gas,DRIVEALONE,0.8893784255156997,Car_11_Gas,,-9.0,1out_0in,othdiscr
66859,1337,escort,1,1,1,1,non_mandatory,1,5573.0,611.0,509,12.0,13.0,1.0,,,-9.0,474.0,,False,True,13.047579979828928,Pickup_20_Gas,Pickup_20_Gas,Car_12_Gas,SHARED3,0.0865928147075364,Car_12_Gas,,-9.0,0out_0in,escort
66869,1338,shopping,1,1,3,3,joint,3,2723.0,611.0,509,32.0,35.0,3.0,,,-9.0,1026.0,mixed,False,True,10.066872290114086,Car_12_Gas,Pickup_20_Gas,Car_12_Gas,WALK,-2.825529569746539,,,-9.0,0out_0in,shopping
66935,1338,escort,2,1,1,3,non_mandatory,1,11793.0,611.0,509,10.0,10.0,0.0,pure_escort,,1.0,396.0,,False,True,-9.0,Pickup_20_Gas,Car_12_Gas,Car_12_Gas,SHARED3,0.7464852043872741,Car_12_Gas,,-9.0,0out_1in,escort
66936,1338,escort,2,2,2,3,non_mandatory,1,11793.0,611.0,509,24.0,25.0,1.0,,pure_escort,1.0,852.0,,False,True,-9.0,Pickup_20_Gas,Car_12_Gas,Pickup_20_Gas,SHARED3,0.7428629917572919,Pickup_20_Gas,,-9.0,0out_0in,escort
66983,1339,school,1,1,1,1,mandatory,1,11793.0,611.0,509,10.0,25.0,15.0,pure_escort,pure_escort,-9.0,411.0,,,,-9.0,Pickup_20_Gas,Car_12_Gas,Pickup_20_Gas,SHARED3,4.87929407959806,Pickup_20_Gas,,-9.0,0out_0in,school
67175,1343,othdiscr,2,1,1,2,non_mandatory,1,9901.0,611.0,510,5.0,9.0,4.0,,,-9.0,190.0,,False,True,11.750723209923423,Car_12_Gas,Car_12_Gas,Car_12_Gas,SHARED2,-1.4050386093295493,Car_12_Gas,,-9.0,0out_1in,othdiscr
67176,1343,othdiscr,2,2,2,2,non_mandatory,1,13549.0,611.0,510,16.0,16.0,0.0,,,-9.0,615.0,,False,True,12.217221914287473,Car_12_Gas,Car_12_Gas,Car_12_Gas,DRIVEALONE,-1.192547225178343,Car_12_Gas,,-9.0,0out_1in,othdiscr
67254,1345,eat,1,1,1,1,atwork,1,18531.0,16313.0,511,18.0,19.0,1.0,,,-9.0,681.0,,,,6.006587147625981,,,,WALK,-0.5384699330557582,Car_20_Gas,,67298.0,0out_0in,atwork
67285,1345,escort,1,1,2,2,non_mandatory,1,629.0,611.0,511,9.0,9.0,0.0,pure_escort,,1.0,356.0,,False,True,-9.0,Car_20_Gas,Car_20_Gas,Car_20_Gas,SHARED2,0.7571770064713348,Car_20_Gas,,-9.0,0out_0in,escort
67298,1345,work,1,1,1,2,mandatory,1,16313.0,611.0,511,10.0,38.0,27.0,ride_share,,1.0,424.0,,,,-9.0,Car_18_Gas,Car_18_Gas,Car_20_Gas,SHARED3,-2.936592781173486,Car_20_Gas,eat,-9.0,1out_0in,work
67329,1346,othmaint,1,1,4,4,non_mandatory,1,19502.0,611.0,511,15.0,21.0,6.0,,,-9.0,587.0,,False,True,12.569942847933383,Car_20_Gas,Car_18_Gas,Car_20_Gas,DRIVEALONE,-2.912657450321959,Car_20_Gas,,-9.0,0out_1in,othmaint
67335,1346,escort,3,1,1,4,non_mandatory,1,11793.0,611.0,511,12.0,14.0,2.0,pure_escort,,1.0,475.0,,False,True,-9.0,Car_18_Gas,Car_18_Gas,Car_18_Gas,BIKE,0.7877520172949891,,,-9.0,0out_0in,escort
67336,1346,escort,3,2,2,4,non_mandatory,1,629.0,611.0,511,25.0,26.0,1.0,,pure_escort,2.0,877.0,,False,True,-9.0,Car_18_Gas,Car_18_Gas,Car_18_Gas,SHARED3,0.7195760092780685,Car_18_Gas,,-9.0,0out_1in,escort
67337,1346,escort,3,3,3,4,non_mandatory,1,11793.0,611.0,511,27.0,29.0,2.0,,pure_escort,1.0,925.0,,False,True,-9.0,Car_18_Gas,Car_18_Gas,Car_20_Gas,BIKE,0.7878115757008677,,,-9.0,0out_0in,escort
67383,1347,school,1,1,1,1,mandatory,1,11793.0,611.0,511,12.0,29.0,17.0,pure_escort,pure_escort,-9.0,490.0,,,,-9.0,Car_18_Gas,Car_20_Gas,Car_18_Gas,BIKE,5.357837337304595,,,-9.0,0out_0in,school
67433,1348,school,2,1,1,2,mandatory,1,629.0,611.0,511,9.0,26.0,17.0,pure_escort,pure_escort,-9.0,373.0,,,,-9.0,Car_18_Gas,Car_18_Gas,Car_18_Gas,SHARED3,7.136723401840192,Car_18_Gas,,-9.0,0out_0in,school
67434,1348,school,2,2,2,2,mandatory,1,629.0,611.0,511,26.0,26.0,0.0,,,-9.0,900.0,,,,-9.0,Car_18_Gas,Car_18_Gas,Car_20_Gas,BIKE,7.136723422079056,,,-9.0,1out_2in,school
67459,1349,escort,1,1,2,2,non_mandatory,1,1450.0,611.0,511,27.0,30.0,3.0,,,-9.0,926.0,,False,True,12.613301973234792,Car_18_Gas,Car_18_Gas,Car_18_Gas,SHARED3,0.8017555514950271,Car_18_Gas,,-9.0,0out_0in,escort
67483,1349,school,1,1,1,2,mandatory,1,6342.0,611.0,511,10.0,26.0,17.0,ride_share,pure_escort,-9.0,412.0,,,,-9.0,Car_20_Gas,Car_18_Gas,Car_18_Gas,SHARED3,2.501781772580323,Car_18_Gas,,-9.0,0out_1in,school
67648,1352,work,1,1,1,1,mandatory,1,7926.0,611.0,512,1.0,34.0,33.0,,,-9.0,33.0,,,,-9.0,Car_9_Gas,Car_9_Gas,Car_9_Gas,DRIVEALONE,-3.9663972878514366,Car_9_Gas,no_subtours,-9.0,0out_2in,work
67679,1353,othmaint,1,1,1,1,non_mandatory,1,23567.0,611.0,513,8.0,25.0,17.0,,,-9.0,332.0,,False,True,11.372432161892323,Pickup_12_Gas,Pickup_12_Gas,Pickup_12_Gas,DRIVEALONE,-3.2840963618779084,Pickup_12_Gas,,-9.0,0out_0in,othmaint
67798,1355,work,1,1,1,1,mandatory,1,23239.0,611.0,514,6.0,26.0,20.0,,,-9.0,250.0,,,,-9.0,Pickup_17_Gas,Pickup_17_Gas,Pickup_17_Gas,DRIVEALONE,-2.179845976770286,Pickup_17_Gas,no_subtours,-9.0,0out_1in,work
67833,1356,school,1,1,1,1,mandatory,1,5374.0,611.0,514,9.0,25.0,16.0,,,-9.0,372.0,,,,-9.0,Pickup_17_Gas,Pickup_17_Gas,Pickup_17_Gas,SCH_BUS,-3.834163053955298,,,-9.0,0out_0in,school
67875,1357,othdiscr,1,1,2,2,non_mandatory,1,629.0,611.0,514,30.0,37.0,7.0,,,-9.0,993.0,,False,True,13.105607298566635,Pickup_17_Gas,Pickup_17_Gas,Pickup_17_Gas,WALK,0.8211586540847471,,,-9.0,0out_1in,othdiscr
67883,1357,school,1,1,1,2,mandatory,1,7004.0,611.0,514,10.0,26.0,16.0,,,-9.0,412.0,,,,-9.0,Pickup_17_Gas,Pickup_17_Gas,Pickup_17_Gas,SHARED3,-1.5815975624399452,Pickup_17_Gas,,-9.0,1out_1in,school
67933,1358,school,1,1,1,1,mandatory,1,5878.0,611.0,514,10.0,25.0,15.0,,,-9.0,411.0,,,,-9.0,Pickup_17_Gas,Pickup_17_Gas,Pickup_17_Gas,SHARED3,-2.2046795583190693,Pickup_17_Gas,,-9.0,1out_0in,school
67985,1359,escort,1,1,3,3,non_mandatory,1,11793.0,611.0,515,25.0,26.0,1.0,,pure_escort,2.0,877.0,,False,True,-9.0,Car_9_PEV,Car_9_PEV,Car_9_PEV,WALK,-1.839655957830388,,,-9.0,0out_1in,escort
67998,1359,work,2,1,1,3,mandatory,1,1676.0,611.0,515,9.0,10.0,2.0,ride_share,,2.0,357.0,,,,-9.0,Car_9_PEV,Car_9_PEV,Car_9_PEV,SHARED3,-1.5996003350113637,Car_9_PEV,no_subtours,-9.0,2out_1in,work
67999,1359,work,2,2,2,3,mandatory,1,1676.0,611.0,515,24.0,24.0,0.0,,,-9.0,851.0,,,,-9.0,Car_9_PEV,Car_9_PEV,Car_9_PEV,DRIVEALONE,-0.2855362018906178,Car_9_PEV,no_subtours,-9.0,0out_0in,work
68029,1360,othmaint,1,1,2,2,non_mandatory,1,13596.0,611.0,515,31.0,34.0,3.0,,,-9.0,1008.0,,False,True,11.141949199574048,Car_9_PEV,Car_9_PEV,Car_9_PEV,SHARED2,-4.3372600371237,Car_9_PEV,,-9.0,2out_0in,othmaint
68033,1360,school,1,1,1,2,mandatory,1,7004.0,611.0,515,9.0,26.0,18.0,ride_share,pure_escort,-9.0,373.0,,,,-9.0,Car_9_PEV,Car_9_PEV,Car_9_PEV,WALK,3.088942632190721,,,-9.0,1out_1in,school
68059,1361,escort,1,1,2,2,non_mandatory,1,6073.0,611.0,515,27.0,29.0,2.0,,,-9.0,925.0,,False,True,12.759947300281937,Car_9_PEV,Car_9_PEV,Car_9_PEV,WALK,0.3156957545796839,,,-9.0,0out_0in,escort
68083,1361,school,1,1,1,2,mandatory,1,11793.0,611.0,515,9.0,26.0,17.0,ride_share,pure_escort,-9.0,373.0,,,,-9.0,Car_9_PEV,Car_9_PEV,Car_9_PEV,WALK,6.1115797629420525,,,-9.0,0out_0in,school
68175,1363,othdiscr,1,1,1,1,non_mandatory,1,629.0,611.0,516,29.0,38.0,9.0,,,-9.0,975.0,,False,True,13.206965459476628,Car_16_Gas,Car_16_Gas,Car_16_Gas,WALK,1.070005149096823,,,-9.0,0out_0in,othdiscr
68209,1364,escort,1,1,1,1,non_mandatory,1,23872.0,611.0,516,25.0,26.0,1.0,,,-9.0,877.0,,False,True,13.022064542531025,Car_16_Gas,Car_16_Gas,Car_16_Gas,SHARED2,-1.181043965587103,Car_16_Gas,,-9.0,0out_0in,escort
68267,1365,othmaint,1,1,1,1,joint,2,13596.0,611.0,517,19.0,28.0,9.0,,,-9.0,720.0,adults,False,True,12.471739218217076,Car_10_Gas,Car_10_Gas,Car_10_Gas,SHARED2,-2.482562753063549,Car_10_Gas,,-9.0,1out_1in,othmaint
68598,1371,work,1,1,1,1,mandatory,1,1380.0,611.0,519,8.0,33.0,25.0,,,-9.0,340.0,,,,-9.0,Motorcycle_16_Gas,Pickup_20_Gas,Pickup_20_Gas,DRIVEALONE,-2.932488894778968,Motorcycle_16_Gas,no_subtours,-9.0,1out_2in,work
68606,1372,eatout,1,1,1,1,non_mandatory,1,12539.0,611.0,519,17.0,20.0,3.0,,,-9.0,651.0,,False,True,13.675855750537282,non_hh_veh,Pickup_20_Gas,Pickup_20_Gas,WALK,1.493476608941015,,,-9.0,0out_2in,eatout
68748,1374,work,1,1,1,1,mandatory,1,1380.0,611.0,520,10.0,31.0,21.0,,,-9.0,417.0,,,,-9.0,SUV_20_Gas,SUV_20_Gas,SUV_20_Gas,DRIVEALONE,-5.590307639715892,SUV_20_Gas,no_subtours,-9.0,1out_3in,work
68775,1375,othdiscr,1,1,1,1,non_mandatory,1,1676.0,611.0,520,13.0,15.0,2.0,,,-9.0,512.0,,False,True,13.380370702125974,SUV_20_Gas,SUV_20_Gas,SUV_20_Gas,WALK,1.0236334948300108,,,-9.0,0out_0in,othdiscr
68829,1376,othmaint,1,1,1,1,non_mandatory,1,11200.0,611.0,520,10.0,13.0,3.0,,,-9.0,399.0,,False,True,10.079708201847687,SUV_20_Gas,SUV_20_Gas,SUV_20_Gas,WALK_LOC,-0.3965662986220432,,,-9.0,1out_2in,othmaint
68856,1377,eatout,1,1,2,2,non_mandatory,1,8847.0,614.0,521,21.0,22.0,1.0,,,-9.0,771.0,,False,True,13.271807097257827,Pickup_12_Gas,Pickup_12_Gas,SUV_12_Gas,DRIVEALONE,-0.0915097385763504,Pickup_12_Gas,,-9.0,0out_0in,eatout
68871,1377,social,1,1,1,2,joint,2,1077.0,614.0,521,28.0,33.0,5.0,,,-9.0,950.0,adults,False,True,14.08750141651722,Pickup_12_Gas,Car_18_Gas,SUV_12_Gas,SHARED2,-0.2073148270814748,Car_18_Gas,,-9.0,0out_0in,social
68925,1378,othdiscr,1,1,1,1,non_mandatory,1,5540.0,614.0,521,13.0,26.0,13.0,,,-9.0,523.0,,False,True,12.614574961673124,Pickup_12_Gas,Pickup_12_Gas,SUV_12_Gas,DRIVEALONE,-8.781467686772139,Pickup_12_Gas,,-9.0,0out_2in,othdiscr
68975,1379,othdiscr,1,1,1,1,non_mandatory,1,1077.0,614.0,522,12.0,18.0,6.0,,,-9.0,479.0,,False,True,13.637997960058527,Car_11_Diesel,Car_11_Diesel,Car_11_Diesel,DRIVEALONE,0.500627128286906,Car_11_Diesel,,-9.0,0out_2in,othdiscr
69056,1381,eatout,2,2,2,3,non_mandatory,1,7860.0,614.0,524,19.0,19.0,0.0,,,-9.0,711.0,,False,True,14.69252948295058,Van_4_Gas,Van_4_Gas,Van_4_Gas,TAXI,0.1973153470800031,,,-9.0,0out_0in,eatout
69063,1381,eatout,2,1,1,3,joint,2,16369.0,614.0,524,27.0,29.0,2.0,,,-9.0,925.0,adults,False,True,14.27547512234446,Van_4_Gas,Van_4_Gas,Van_4_Gas,SHARED2,-1.7940298582690328,Van_4_Gas,,-9.0,0out_0in,eatout
69075,1381,othdiscr,1,1,3,3,non_mandatory,1,8418.0,614.0,524,14.0,17.0,3.0,,,-9.0,549.0,,False,True,13.792706023403122,Van_4_Gas,Van_4_Gas,Van_4_Gas,DRIVEALONE,-0.5980846743888021,Van_4_Gas,,-9.0,0out_3in,othdiscr
69104,1382,eat,1,1,1,1,atwork,1,15934.0,15937.0,524,20.0,22.0,2.0,,,-9.0,743.0,,,,7.500911328272002,,,,SHARED3,0.2025255691605377,Van_4_Gas,,69148.0,0out_0in,atwork
69148,1382,work,1,1,1,1,mandatory,1,15937.0,614.0,524,9.0,25.0,16.0,,,-9.0,372.0,,,,-9.0,Van_4_Gas,Van_4_Gas,Van_4_Gas,DRIVEALONE,-0.8710946481452074,Van_4_Gas,eat,-9.0,0out_0in,work
69198,1383,work,1,1,1,1,mandatory,1,18398.0,614.0,525,7.0,33.0,26.0,,,-9.0,299.0,,,,-9.0,Car_16_Gas,Car_16_Gas,Van_3_Gas,DRIVEALONE,-4.233588465625929,Car_16_Gas,no_subtours,-9.0,0out_0in,work
69209,1384,escort,1,1,3,3,non_mandatory,1,16333.0,614.0,525,25.0,26.0,1.0,,,-9.0,877.0,,False,True,13.163305852901416,Pickup_16_Gas,Van_3_Gas,Van_3_Gas,SHARED3,-0.1434750033639892,Van_3_Gas,,-9.0,0out_0in,escort
69248,1384,work,2,1,1,3,mandatory,1,6315.0,614.0,525,11.0,17.0,6.0,,,-9.0,441.0,,,,-9.0,Van_3_Gas,Van_3_Gas,Van_3_Gas,SHARED3,-0.3326647114329437,Van_3_Gas,no_subtours,-9.0,0out_1in,work
69249,1384,work,2,2,2,3,mandatory,1,6315.0,614.0,525,30.0,31.0,1.0,,,-9.0,987.0,,,,-9.0,Car_16_Gas,Pickup_16_Gas,Car_16_Gas,SHARED2,-0.3234974407053714,Pickup_16_Gas,no_subtours,-9.0,0out_0in,work
69283,1385,school,1,1,1,1,mandatory,1,7204.0,614.0,525,8.0,32.0,24.0,,,-9.0,339.0,,,,-9.0,Car_16_Gas,Pickup_16_Gas,Van_3_Gas,BIKE,-1.187795752354662,,,-9.0,0out_2in,school
69333,1386,school,1,1,1,1,mandatory,1,18706.0,614.0,525,9.0,27.0,18.0,pure_escort,pure_escort,-9.0,374.0,,,,-9.0,Van_3_Gas,Car_16_Gas,Van_3_Gas,SHARED2,-2.4408441206583733,Car_16_Gas,,-9.0,0out_0in,school
69383,1387,school,1,1,1,1,mandatory,1,7204.0,614.0,525,11.0,27.0,16.0,pure_escort,pure_escort,-9.0,451.0,,,,-9.0,Van_3_Gas,Van_3_Gas,Pickup_16_Gas,SHARED2,2.012520082890021,Van_3_Gas,,-9.0,0out_0in,school
69433,1388,school,1,1,1,1,mandatory,1,16377.0,614.0,525,11.0,25.0,15.0,pure_escort,pure_escort,-9.0,449.0,,,,-9.0,Pickup_16_Gas,Car_16_Gas,Car_16_Gas,SHARED3,-1.4624446204849162,Car_16_Gas,,-9.0,1out_0in,school
69535,1390,escort,5,1,1,6,non_mandatory,1,18706.0,614.0,525,9.0,9.0,0.0,pure_escort,,1.0,356.0,,False,True,-9.0,Car_16_Gas,Car_16_Gas,Van_3_Gas,SHARED3,-3.8403197227165657,Van_3_Gas,,-9.0,0out_0in,escort
69536,1390,escort,5,2,2,6,non_mandatory,1,16377.0,614.0,525,11.0,12.0,1.0,pure_escort,,2.0,436.0,,False,True,-9.0,Car_16_Gas,Pickup_16_Gas,Van_3_Gas,SHARED3,-2.93901580236453,Van_3_Gas,,-9.0,1out_0in,escort
69537,1390,escort,5,3,3,6,non_mandatory,1,16377.0,614.0,525,23.0,25.0,2.0,,pure_escort,1.0,827.0,,False,True,-9.0,Car_16_Gas,Van_3_Gas,Car_16_Gas,SHARED3,-2.187342584601814,Car_16_Gas,,-9.0,0out_0in,escort
69538,1390,escort,5,4,4,6,non_mandatory,1,7204.0,614.0,525,26.0,27.0,1.0,,pure_escort,1.0,901.0,,False,True,-9.0,Van_3_Gas,Car_16_Gas,Van_3_Gas,SHARED2,-1.477838529036172,Car_16_Gas,,-9.0,0out_0in,escort
69539,1390,escort,5,5,5,6,non_mandatory,1,18706.0,614.0,525,27.0,27.0,0.0,,pure_escort,1.0,923.0,,False,True,-9.0,Van_3_Gas,Car_16_Gas,Car_16_Gas,SHARED2,-3.820351322066024,Car_16_Gas,,-9.0,0out_0in,escort
69541,1390,shopping,1,1,6,6,non_mandatory,1,13127.0,614.0,525,22.0,23.0,1.0,,,-9.0,799.0,,False,True,10.410425766856562,Car_16_Gas,Pickup_16_Gas,Van_3_Gas,DRIVEALONE,-0.3158087904214992,Car_16_Gas,,-9.0,0out_0in,shopping
69579,1391,othmaint,2,1,1,2,non_mandatory,1,18477.0,614.0,526,23.0,25.0,2.0,,,-9.0,827.0,,False,True,12.56734827958034,non_hh_veh,Pickup_18_Gas,Pickup_18_Gas,DRIVEALONE,-1.1641278926179404,non_hh_veh,,-9.0,1out_2in,othmaint
69580,1391,othmaint,2,2,2,2,non_mandatory,1,19086.0,614.0,526,11.0,19.0,8.0,,,-9.0,443.0,,False,True,12.435051172770644,Pickup_20_Gas,Pickup_18_Gas,Pickup_18_Gas,DRIVEALONE,-2.0214525585636784,Pickup_20_Gas,,-9.0,0out_0in,othmaint
69625,1392,othdiscr,1,1,1,1,non_mandatory,1,16254.0,614.0,526,12.0,23.0,11.0,,,-9.0,484.0,,False,True,12.866073244003438,Pickup_20_Gas,Pickup_20_Gas,Pickup_18_Gas,DRIVEALONE,-1.9531071988966229,Pickup_20_Gas,,-9.0,0out_3in,othdiscr
69691,1393,shopping,1,1,1,1,non_mandatory,1,23883.0,614.0,526,12.0,13.0,1.0,,,-9.0,474.0,,False,True,9.942740258422845,Pickup_18_Gas,Pickup_18_Gas,Pickup_18_Gas,DRIVEALONE,-4.907659313055801,Pickup_18_Gas,,-9.0,0out_1in,shopping
69745,1394,social,1,1,1,1,non_mandatory,1,2083.0,614.0,527,19.0,25.0,6.0,,,-9.0,717.0,,False,True,14.500279209514815,Pickup_20_Gas,Pickup_20_Gas,Pickup_20_Gas,DRIVEALONE,-9.031247336400078,Pickup_20_Gas,,-9.0,2out_0in,social
69759,1395,escort,2,1,1,2,non_mandatory,1,6298.0,614.0,528,17.0,18.0,1.0,,,-9.0,649.0,,False,True,13.38871929371902,Car_2_BEV,Car_2_BEV,Car_1_Gas,DRIVEALONE,-0.3055143740801652,Car_2_BEV,,-9.0,0out_0in,escort
69760,1395,escort,2,2,2,2,non_mandatory,1,23114.0,614.0,528,26.0,27.0,1.0,,,-9.0,901.0,,False,True,13.72257997621661,Car_1_Gas,Car_1_Gas,Car_1_Gas,DRIVEALONE,-0.5533956976829302,Car_1_Gas,,-9.0,1out_0in,escort
69800,1396,business,1,1,2,2,atwork,1,18973.0,23047.0,528,16.0,17.0,1.0,,,-9.0,616.0,,,,4.862378448627734,,,,SHARED3,-2.0238839366945323,Car_2_BEV,,69848.0,0out_1in,atwork
69804,1396,eat,1,1,1,2,atwork,1,16182.0,23047.0,528,19.0,20.0,1.0,,,-9.0,712.0,,,,4.55349104424155,,,,SHARED3,-2.1283513676651973,Car_2_BEV,,69848.0,0out_1in,atwork
69848,1396,work,1,1,1,1,mandatory,1,23047.0,614.0,528,7.0,32.0,25.0,,,-9.0,298.0,,,,-9.0,Car_2_BEV,Car_1_Gas,Car_2_BEV,DRIVEALONE,-0.9187039381518258,Car_2_BEV,eat_business,-9.0,0out_0in,work
69898,1397,work,1,1,1,1,mandatory,1,19064.0,614.0,528,13.0,28.0,15.0,,,-9.0,525.0,,,,-9.0,Car_2_BEV,Car_1_Gas,Car_1_Gas,SHARED3,-1.9266997564114696,Car_1_Gas,no_subtours,-9.0,0out_0in,work
69941,1398,shopping,2,1,1,3,non_mandatory,1,8418.0,614.0,529,33.0,36.0,3.0,,,-9.0,1043.0,,False,True,10.780591740603008,SUV_2_Gas,SUV_2_Gas,SUV_2_Gas,WALK,-0.2074716090108154,,,-9.0,3out_3in,shopping
69942,1398,shopping,2,2,2,3,non_mandatory,1,16236.0,614.0,529,11.0,14.0,3.0,,,-9.0,438.0,,False,True,10.784620009091611,SUV_2_Gas,SUV_2_Gas,SUV_2_Gas,DRIVEALONE,-1.262149481702781,SUV_2_Gas,,-9.0,0out_0in,shopping
69945,1398,social,1,1,3,3,non_mandatory,1,8805.0,614.0,529,20.0,25.0,5.0,,,-9.0,746.0,,False,True,15.575269227129573,SUV_2_Gas,SUV_2_Gas,SUV_2_Gas,WALK,0.5924780800731372,,,-9.0,0out_0in,social
69998,1399,work,1,1,1,1,mandatory,1,13127.0,614.0,529,8.0,33.0,25.0,,,-9.0,340.0,,,,-9.0,SUV_2_Gas,SUV_2_Gas,SUV_2_Gas,WALK_PRM,-0.5102590145743164,,no_subtours,-9.0,0out_0in,work
70013,1400,eatout,1,1,1,1,joint,2,8805.0,614.0,530,33.0,34.0,1.0,,,-9.0,1041.0,adults,False,True,13.864723338750771,SUV_10_Gas,SUV_10_Gas,SUV_10_Gas,SHARED2,0.5805487141477549,SUV_10_Gas,,-9.0,0out_0in,eatout
70056,1401,eatout,1,1,2,2,non_mandatory,1,23974.0,614.0,530,2.0,10.0,8.0,,,-9.0,56.0,,False,True,13.490176562828449,SUV_10_Gas,SUV_10_Gas,SUV_10_Gas,WALK_LOC,-1.249527506320759,,,-9.0,1out_2in,eatout
70079,1401,othmaint,1,1,1,2,non_mandatory,1,16337.0,614.0,530,22.0,23.0,1.0,,,-9.0,799.0,,False,True,11.498725184429787,SUV_10_Gas,SUV_10_Gas,SUV_10_Gas,WALK_LOC,-1.8471073587209008,,,-9.0,0out_0in,othmaint
70117,1402,othmaint,1,1,1,1,joint,3,23061.0,614.0,531,29.0,36.0,7.0,,,-9.0,973.0,adults,False,True,12.324410562620557,Car_11_Gas,Car_20_Gas,Car_3_Gas,SHARED3,-10.39344111960239,Car_3_Gas,,-9.0,0out_1in,othmaint
70229,1404,othmaint,2,1,1,2,non_mandatory,1,17923.0,614.0,531,12.0,18.0,6.0,,,-9.0,479.0,,False,True,12.411327989868523,Car_3_Gas,Car_3_Gas,Car_3_Gas,SHARED2,-3.079880656077133,Car_3_Gas,,-9.0,0out_0in,othmaint
70230,1404,othmaint,2,2,2,2,non_mandatory,1,19555.0,614.0,531,18.0,20.0,2.0,,,-9.0,682.0,,False,True,12.395026117953323,Car_11_Gas,Car_11_Gas,Car_11_Gas,DRIVEALONE,-3.5626196751945485,Car_11_Gas,,-9.0,1out_2in,othmaint
70298,1405,work,2,1,1,2,mandatory,1,23934.0,614.0,532,9.0,33.0,24.0,,,-9.0,380.0,,,,-9.0,Car_8_Gas,Car_8_Gas,SUV_7_Gas,DRIVEALONE,-2.868830691420514,Car_8_Gas,no_subtours,-9.0,0out_0in,work
70299,1405,work,2,2,2,2,mandatory,1,23934.0,614.0,532,39.0,40.0,1.0,,,-9.0,1122.0,,,,-9.0,Pickup_1_Gas,SUV_7_Gas,SUV_7_Gas,DRIVEALONE,-2.854921881406769,Pickup_1_Gas,no_subtours,-9.0,0out_0in,work
70391,1407,shopping,1,1,1,1,non_mandatory,1,3153.0,614.0,532,23.0,24.0,1.0,,,-9.0,826.0,,False,True,9.505536484309598,Car_8_Gas,SUV_12_Gas,Pickup_1_Gas,DRIVEALONE,-2.829276839381765,Car_8_Gas,,-9.0,1out_0in,shopping
70406,1408,eatout,1,1,1,1,non_mandatory,1,6705.0,614.0,533,25.0,25.0,0.0,,,-9.0,876.0,,False,True,14.675954829112476,SUV_14_Gas,SUV_14_Gas,SUV_14_Gas,SHARED3,0.8223123737045007,SUV_14_Gas,,-9.0,0out_0in,eatout
70479,1409,othmaint,2,1,1,2,non_mandatory,1,18866.0,614.0,534,24.0,25.0,1.0,,,-9.0,852.0,,False,True,10.932748904747736,Car_20_Gas,Car_20_Gas,Car_20_Gas,SHARED2,-6.495936467413132,Car_20_Gas,,-9.0,0out_1in,othmaint
70480,1409,othmaint,2,2,2,2,non_mandatory,1,23883.0,614.0,534,11.0,22.0,11.0,,,-9.0,446.0,,False,True,11.158610301519817,Car_20_Gas,Car_20_Gas,Car_20_Gas,DRIVEALONE,-1.1979279975640085,Car_20_Gas,,-9.0,1out_1in,othmaint
70579,1411,othmaint,1,1,1,1,non_mandatory,1,24331.0,614.0,535,8.0,27.0,19.0,,,-9.0,334.0,,True,False,7.557084080306613,Car_4_Gas,Car_4_Gas,Car_4_Gas,DRIVEALONE,-4.486842968985236,Car_4_Gas,,-9.0,0out_1in,othmaint
70604,1412,eat,1,1,1,1,atwork,1,13596.0,5878.0,536,18.0,21.0,3.0,,,-9.0,683.0,,,,1.8910138130012373,,,,SHARED2,-2.236395421729509,Car_14_Gas,,70648.0,1out_1in,atwork
70609,1412,escort,2,1,2,3,non_mandatory,1,7369.0,614.0,536,43.0,43.0,0.0,,,-9.0,1155.0,,False,True,12.914789118126404,SUV_1_Gas,SUV_1_Gas,Car_14_Gas,SHARED3,-1.6381857512997098,Car_14_Gas,,-9.0,0out_0in,escort
70610,1412,escort,2,2,3,3,non_mandatory,1,8113.0,614.0,536,7.0,7.0,0.0,,,-9.0,273.0,,False,True,12.7708211090998,SUV_1_Gas,Car_14_Gas,SUV_1_Gas,SHARED3,-0.3950358756456897,SUV_1_Gas,,-9.0,0out_0in,escort
70648,1412,work,1,1,1,3,mandatory,1,5878.0,614.0,536,8.0,31.0,23.0,,,-9.0,338.0,,,,-9.0,SUV_1_Gas,SUV_1_Gas,Car_14_Gas,SHARED3,-3.367226286420881,Car_14_Gas,eat,-9.0,0out_0in,work
70679,1413,othmaint,1,1,5,5,non_mandatory,1,19510.0,614.0,536,15.0,18.0,3.0,,,-9.0,584.0,,False,True,11.041947855603096,Car_14_Gas,SUV_1_Gas,SUV_1_Gas,DRIVEALONE,-3.014640369772437,Car_14_Gas,,-9.0,2out_1in,othmaint
70685,1413,escort,4,1,1,5,non_mandatory,1,9910.0,614.0,536,8.0,9.0,1.0,pure_escort,,2.0,316.0,,False,True,-9.0,Car_14_Gas,SUV_1_Gas,SUV_1_Gas,SHARED3,-5.12763055672301,SUV_1_Gas,,-9.0,1out_1in,escort
70686,1413,escort,4,2,2,5,non_mandatory,1,16315.0,614.0,536,9.0,9.0,0.0,pure_escort,,1.0,356.0,,False,True,-9.0,Car_14_Gas,Car_14_Gas,SUV_1_Gas,SHARED2,-2.127060780419296,Car_14_Gas,,-9.0,0out_0in,escort
70687,1413,escort,4,3,3,5,non_mandatory,1,16315.0,614.0,536,21.0,23.0,2.0,,pure_escort,1.0,772.0,,False,True,-9.0,Car_14_Gas,SUV_1_Gas,SUV_1_Gas,SHARED2,-2.0934981976721714,SUV_1_Gas,,-9.0,0out_0in,escort
70688,1413,escort,4,4,4,5,non_mandatory,1,7204.0,614.0,536,25.0,25.0,0.0,,pure_escort,2.0,876.0,,False,True,-9.0,SUV_1_Gas,SUV_1_Gas,SUV_1_Gas,SHARED3,-1.9310854259447368,SUV_1_Gas,,-9.0,0out_1in,escort
70733,1414,school,1,1,1,1,mandatory,1,23884.0,614.0,536,7.0,24.0,17.0,,,-9.0,290.0,,,,-9.0,Car_14_Gas,Car_14_Gas,SUV_1_Gas,WALK,3.6230370975025608,,,-9.0,0out_3in,school
70783,1415,school,1,1,1,1,mandatory,1,9910.0,614.0,536,8.0,25.0,17.0,pure_escort,pure_escort,-9.0,332.0,,,,-9.0,Car_14_Gas,Car_14_Gas,Car_14_Gas,SHARED3,-3.890287126542656,Car_14_Gas,,-9.0,1out_1in,school
70833,1416,school,1,1,1,1,mandatory,1,23884.0,614.0,536,11.0,26.0,15.0,,,-9.0,450.0,,,,-9.0,SUV_1_Gas,Car_14_Gas,SUV_1_Gas,WALK,3.212590296967395,,,-9.0,1out_0in,school
70859,1417,escort,1,1,2,2,non_mandatory,1,23843.0,614.0,536,27.0,27.0,0.0,,,-9.0,923.0,,False,True,11.875944188448909,Car_14_Gas,Car_14_Gas,SUV_1_Gas,WALK,0.519423440507999,,,-9.0,0out_0in,escort
70883,1417,school,1,1,1,2,mandatory,1,16315.0,614.0,536,9.0,23.0,14.0,pure_escort,pure_escort,-9.0,370.0,,,,-9.0,SUV_1_Gas,Car_14_Gas,SUV_1_Gas,SHARED2,0.7000712471343156,Car_14_Gas,,-9.0,0out_0in,school
70933,1418,school,1,1,1,1,mandatory,1,7204.0,614.0,536,8.0,25.0,17.0,pure_escort,pure_escort,-9.0,332.0,,,,-9.0,Car_14_Gas,SUV_1_Gas,SUV_1_Gas,SHARED3,2.0701273537617046,SUV_1_Gas,,-9.0,0out_0in,school
71004,1420,eat,1,1,1,1,atwork,1,18398.0,18625.0,537,20.0,22.0,2.0,,,-9.0,743.0,,,,9.684060135198322,,,,WALK,0.8287673609656825,Pickup_13_Gas,,71048.0,1out_1in,atwork
71006,1420,eatout,1,1,2,2,non_mandatory,1,18397.0,614.0,537,32.0,33.0,1.0,,,-9.0,1024.0,,False,True,13.742980147581344,SUV_10_Gas,Pickup_13_Gas,SUV_10_Gas,DRIVEALONE,-2.482222372701772,SUV_10_Gas,,-9.0,0out_0in,eatout
71048,1420,work,1,1,1,2,mandatory,1,18625.0,614.0,537,7.0,26.0,19.0,,,-9.0,292.0,,,,-9.0,Pickup_13_Gas,Car_17_Gas,SUV_10_Gas,DRIVEALONE,-3.38123667968527,Pickup_13_Gas,eat,-9.0,0out_0in,work
71056,1421,eatout,1,1,2,3,non_mandatory,1,13561.0,614.0,537,14.0,15.0,1.0,,,-9.0,547.0,,False,True,13.501868397512094,Pickup_13_Gas,Pickup_13_Gas,SUV_10_Gas,DRIVEALONE,-1.8005756033084623,Pickup_13_Gas,,-9.0,0out_0in,eatout
71075,1421,othdiscr,1,1,3,3,non_mandatory,1,16243.0,614.0,537,8.0,13.0,5.0,,,-9.0,320.0,,False,True,13.95326886109424,Pickup_11_Gas,SUV_10_Gas,Pickup_11_Gas,DRIVEALONE,-3.8336267788078464,Pickup_11_Gas,,-9.0,0out_1in,othdiscr
71079,1421,othmaint,1,1,1,3,non_mandatory,1,13127.0,614.0,537,20.0,25.0,5.0,,,-9.0,746.0,,False,True,11.956820540905348,SUV_10_Gas,Pickup_11_Gas,SUV_10_Gas,DRIVEALONE,-2.339003781822196,SUV_10_Gas,,-9.0,0out_0in,othmaint
71106,1422,eatout,1,1,1,3,non_mandatory,1,18622.0,614.0,537,29.0,36.0,7.0,,,-9.0,973.0,,False,True,13.68357452489537,SUV_10_Gas,Car_17_Gas,SUV_10_Gas,DRIVEALONE,-1.6366170550163872,SUV_10_Gas,,-9.0,0out_0in,eatout
71125,1422,othdiscr,2,1,2,3,non_mandatory,1,7860.0,614.0,537,15.0,21.0,6.0,,,-9.0,587.0,,False,True,14.077719064664588,SUV_10_Gas,Pickup_11_Gas,Car_17_Gas,SHARED3,0.4070694345964697,Car_17_Gas,,-9.0,0out_1in,othdiscr
71126,1422,othdiscr,2,2,3,3,non_mandatory,1,13535.0,614.0,537,26.0,28.0,2.0,,,-9.0,902.0,,False,True,12.688542090257773,Pickup_11_Gas,Pickup_11_Gas,Pickup_13_Gas,SHARED3,-0.7691852687495226,Pickup_13_Gas,,-9.0,0out_2in,othdiscr
71175,1423,othdiscr,1,1,1,1,non_mandatory,1,5622.0,614.0,538,9.0,35.0,26.0,,,-9.0,382.0,,False,True,13.553475071504206,Car_7_BEV,Car_7_BEV,Car_7_BEV,DRIVEALONE,0.260617754019168,Car_7_BEV,,-9.0,0out_1in,othdiscr
71229,1424,othmaint,2,1,1,2,non_mandatory,1,18227.0,614.0,538,13.0,31.0,18.0,,,-9.0,528.0,,False,True,11.997978977260631,Car_7_BEV,Car_7_BEV,Car_7_BEV,DRIVEALONE,-3.808876668778414,Car_7_BEV,,-9.0,0out_1in,othmaint
71230,1424,othmaint,2,2,2,2,non_mandatory,1,13536.0,614.0,538,34.0,41.0,7.0,,,-9.0,1063.0,,False,True,11.928452651796984,Car_7_BEV,Car_7_BEV,Car_7_BEV,SHARED2,-2.6050017500974767,Car_7_BEV,,-9.0,0out_0in,othmaint
71291,1425,shopping,1,1,1,1,non_mandatory,1,24331.0,614.0,539,7.0,22.0,15.0,,,-9.0,288.0,,True,False,2.3621458440662293,Car_16_Gas,SUV_19_Gas,SUV_19_Gas,DRIVEALONE,-7.556614538565152,Car_16_Gas,,-9.0,1out_0in,shopping
71304,1426,eat,1,1,1,1,atwork,1,5111.0,5111.0,539,18.0,19.0,1.0,,,-9.0,681.0,,,,8.583668469557624,,,,DRIVEALONE,0.8057997254743432,Car_16_Gas,,71348.0,0out_0in,atwork
71348,1426,work,1,1,1,1,mandatory,1,5111.0,614.0,539,6.0,27.0,21.0,,,-9.0,251.0,,,,-9.0,Car_16_Gas,Car_16_Gas,SUV_19_Gas,DRIVEALONE,-0.4769083707004242,Car_16_Gas,eat,-9.0,0out_0in,work
71448,1428,work,1,1,1,1,mandatory,1,15983.0,629.0,541,8.0,28.0,20.0,,,-9.0,335.0,,,,-9.0,Car_15_Gas,Car_15_Gas,Car_7_Gas,DRIVEALONE,-2.147106531711638,Car_15_Gas,no_subtours,-9.0,0out_0in,work
71575,1431,othdiscr,1,1,1,1,non_mandatory,1,16014.0,629.0,542,13.0,25.0,12.0,,,-9.0,522.0,,False,True,13.458584481548645,Car_18_Gas,Car_18_Gas,Car_18_Gas,DRIVEALONE,-2.8375527400901985,Car_18_Gas,,-9.0,0out_1in,othdiscr
71729,1434,othmaint,2,1,1,2,non_mandatory,1,23860.0,629.0,543,19.0,23.0,4.0,,,-9.0,715.0,,False,True,10.115708064882297,Pickup_9_Gas,Pickup_9_Gas,SUV_15_Gas,WALK,1.1966952586811246,,,-9.0,0out_2in,othmaint
71730,1434,othmaint,2,2,2,2,non_mandatory,1,23050.0,629.0,543,28.0,29.0,1.0,,,-9.0,946.0,,False,True,10.092179385669512,SUV_15_Gas,SUV_15_Gas,SUV_15_Gas,WALK_LOC,-2.4249014648760627,,,-9.0,0out_0in,othmaint
71791,1435,shopping,1,1,1,1,non_mandatory,1,11655.0,629.0,544,12.0,32.0,20.0,,,-9.0,493.0,,False,True,9.490296794094826,SUV_18_Gas,SUV_18_Gas,SUV_18_Gas,DRIVEALONE,-10.744467959339438,SUV_18_Gas,,-9.0,0out_1in,shopping
71841,1436,shopping,1,1,1,1,non_mandatory,1,6073.0,629.0,544,10.0,14.0,4.0,,,-9.0,400.0,,False,True,9.91778470511461,SUV_18_Gas,SUV_18_Gas,SUV_18_Gas,DRIVEALONE,0.1010587912067289,SUV_18_Gas,,-9.0,1out_0in,shopping
71865,1437,othdiscr,2,1,1,2,joint,2,12527.0,629.0,545,12.0,25.0,13.0,,,-9.0,486.0,adults,False,True,13.821477309141583,SUV_18_Gas,Pickup_2_BEV,SUV_18_Gas,SHARED2,0.0944383841312128,Pickup_2_BEV,,-9.0,0out_0in,othdiscr
71866,1437,othdiscr,2,2,2,2,joint,3,23884.0,629.0,545,32.0,35.0,3.0,,,-9.0,1026.0,mixed,False,True,12.974429895293248,SUV_18_Gas,SUV_18_Gas,SUV_18_Gas,WALK,-1.8531456149767165,,,-9.0,0out_0in,othdiscr
72009,1440,escort,1,1,1,2,non_mandatory,1,6073.0,629.0,545,27.0,28.0,1.0,,,-9.0,924.0,,False,True,13.39921589039476,Pickup_2_BEV,Pickup_2_BEV,SUV_18_Gas,WALK,0.4769062075762804,,,-9.0,0out_0in,escort
72041,1440,shopping,1,1,2,2,non_mandatory,1,24331.0,629.0,545,18.0,27.0,9.0,,,-9.0,689.0,,True,False,3.348876491671988,Pickup_2_BEV,Pickup_2_BEV,SUV_18_Gas,SHARED2,-4.835532476166006,Pickup_2_BEV,,-9.0,0out_2in,shopping
72135,1442,escort,2,1,2,3,non_mandatory,1,9910.0,629.0,546,9.0,10.0,1.0,pure_escort,,1.0,357.0,,False,True,-9.0,Pickup_5_Gas,Pickup_18_Gas,Pickup_5_Gas,SHARED3,-2.430709158478955,Pickup_5_Gas,,-9.0,0out_0in,escort
72136,1442,escort,2,2,3,3,non_mandatory,1,11793.0,629.0,546,29.0,29.0,0.0,,pure_escort,1.0,966.0,,False,True,-9.0,Pickup_18_Gas,Pickup_18_Gas,Pickup_5_Gas,SHARED3,0.7492109423416533,Pickup_5_Gas,,-9.0,0out_0in,escort
72148,1442,work,1,1,1,3,mandatory,1,18521.0,629.0,546,11.0,27.0,16.0,,,-9.0,451.0,,,,-9.0,Pickup_18_Gas,Pickup_18_Gas,Pickup_18_Gas,SHARED3,-1.1717227390366147,Pickup_18_Gas,no_subtours,-9.0,0out_2in,work
72159,1443,escort,3,1,2,4,non_mandatory,1,3430.0,629.0,546,38.0,43.0,5.0,,,-9.0,1115.0,,False,True,12.263165998666276,Pickup_18_Gas,Pickup_5_Gas,Pickup_5_Gas,DRIVEALONE,-1.647131184723204,Pickup_18_Gas,,-9.0,0out_0in,escort
72160,1443,escort,3,2,3,4,non_mandatory,1,8184.0,629.0,546,35.0,35.0,0.0,,,-9.0,1071.0,,False,True,12.08156649861879,Pickup_5_Gas,Pickup_18_Gas,Pickup_5_Gas,DRIVEALONE,0.1564560420243657,Pickup_5_Gas,,-9.0,3out_3in,escort
72161,1443,escort,3,3,4,4,non_mandatory,1,5515.0,629.0,546,7.0,8.0,1.0,,,-9.0,274.0,,False,True,12.192591213329758,non_hh_veh,Pickup_5_Gas,Pickup_5_Gas,WALK,-0.7840046317785352,,,-9.0,0out_0in,escort
72198,1443,work,1,1,1,4,mandatory,1,19607.0,629.0,546,8.0,31.0,22.0,ride_share,,1.0,338.0,,,,-9.0,Pickup_18_Gas,Pickup_18_Gas,Pickup_5_Gas,SHARED2,-5.535204709961577,Pickup_18_Gas,no_subtours,-9.0,1out_0in,work
72233,1444,school,1,1,1,1,mandatory,1,9910.0,629.0,546,9.0,27.0,18.0,pure_escort,,-9.0,374.0,,,,-9.0,Pickup_5_Gas,Pickup_5_Gas,Pickup_5_Gas,SHARED3,-4.956943621993758,Pickup_5_Gas,,-9.0,0out_0in,school
72283,1445,school,1,1,1,1,mandatory,1,11793.0,629.0,546,8.0,29.0,21.0,ride_share,pure_escort,-9.0,336.0,,,,-9.0,Pickup_5_Gas,Pickup_5_Gas,Pickup_18_Gas,SHARED3,5.254622515532012,Pickup_18_Gas,,-9.0,0out_0in,school
72383,1447,school,1,1,1,1,mandatory,1,7004.0,629.0,546,9.0,28.0,19.0,,,-9.0,375.0,,,,-9.0,Pickup_5_Gas,Pickup_5_Gas,Pickup_18_Gas,BIKE,3.767632017484984,,,-9.0,0out_1in,school
72415,1448,othdiscr,1,1,3,3,joint,2,2420.0,629.0,547,31.0,34.0,3.0,,,-9.0,1008.0,adults,False,True,12.95141308877784,SUV_12_Gas,Pickup_6_Gas,SUV_12_Gas,SHARED2,-1.8681770451260635,Pickup_6_Gas,,-9.0,1out_1in,othdiscr
72435,1448,escort,2,1,1,3,non_mandatory,1,23268.0,629.0,547,11.0,13.0,2.0,pure_escort,,3.0,437.0,,False,True,-9.0,SUV_12_Gas,Car_6_Gas,Pickup_6_Gas,SHARED3,-2.7202918532595155,Pickup_6_Gas,,-9.0,2out_2in,escort
72436,1448,escort,2,2,2,3,non_mandatory,1,11793.0,629.0,547,25.0,25.0,0.0,,pure_escort,2.0,876.0,,False,True,-9.0,Car_6_Gas,Car_6_Gas,Pickup_6_Gas,SHARED3,0.6438178514760221,Pickup_6_Gas,,-9.0,0out_1in,escort
72459,1449,escort,3,2,2,3,non_mandatory,1,12534.0,629.0,547,11.0,11.0,0.0,,,-9.0,435.0,,False,True,12.230642421405754,Pickup_6_Gas,SUV_12_Gas,Pickup_6_Gas,DRIVEALONE,-0.659741205045071,Pickup_6_Gas,,-9.0,0out_0in,escort
72460,1449,escort,3,3,3,3,non_mandatory,1,16101.0,629.0,547,21.0,21.0,0.0,,,-9.0,770.0,,False,True,12.188621251583829,Pickup_6_Gas,Car_6_Gas,Car_6_Gas,SHARED2,-1.9321113515785275,Car_6_Gas,,-9.0,0out_0in,escort
72485,1449,escort,3,1,1,3,non_mandatory,1,23268.0,629.0,547,25.0,27.0,2.0,,pure_escort,1.0,878.0,,False,True,-9.0,SUV_12_Gas,SUV_12_Gas,SUV_12_Gas,SHARED2,-2.7328664386991783,SUV_12_Gas,,-9.0,0out_0in,escort
72533,1450,school,1,1,1,2,mandatory,1,23268.0,629.0,547,11.0,27.0,16.0,pure_escort,pure_escort,-9.0,451.0,,,,-9.0,Pickup_6_Gas,Car_6_Gas,SUV_12_Gas,SHARED2,-0.8445995573718816,Car_6_Gas,,-9.0,2out_0in,school
72545,1450,social,1,1,2,2,non_mandatory,1,12535.0,629.0,547,36.0,39.0,3.0,,,-9.0,1088.0,,False,True,11.648942670067784,Car_6_Gas,Pickup_6_Gas,SUV_12_Gas,WALK,3.046586129852632,,,-9.0,0out_0in,social
72583,1451,school,1,1,1,1,mandatory,1,11793.0,629.0,547,11.0,25.0,14.0,pure_escort,pure_escort,-9.0,449.0,,,,-9.0,Car_6_Gas,SUV_12_Gas,SUV_12_Gas,SHARED3,5.019053465887846,SUV_12_Gas,,-9.0,0out_0in,school
72633,1452,school,1,1,1,1,mandatory,1,3538.0,629.0,547,11.0,25.0,15.0,pure_escort,pure_escort,-9.0,449.0,,,,-9.0,Pickup_6_Gas,Pickup_6_Gas,SUV_12_Gas,SHARED3,3.4349739647729143,SUV_12_Gas,,-9.0,1out_1in,school
72683,1453,school,1,1,1,1,mandatory,1,19095.0,629.0,547,10.0,26.0,16.0,,,-9.0,412.0,,,,-9.0,Pickup_6_Gas,SUV_12_Gas,Pickup_6_Gas,BIKE,-3.404232765562341,,,-9.0,1out_0in,school
72704,1454,eat,1,1,1,1,atwork,1,16365.0,16365.0,548,21.0,24.0,3.0,,,-9.0,773.0,,,,5.088608473015336,,,,DRIVEALONE,0.5007146968018521,Van_8_Gas,,72748.0,0out_0in,atwork
72748,1454,work,1,1,1,1,mandatory,1,16365.0,629.0,548,11.0,31.0,20.0,,,-9.0,455.0,,,,-9.0,Van_8_Gas,Van_8_Gas,Van_8_Gas,DRIVEALONE,-1.71895678779269,Van_8_Gas,eat,-9.0,1out_0in,work
72783,1455,school,1,1,1,1,mandatory,1,7004.0,629.0,548,10.0,30.0,20.0,,,-9.0,416.0,,,,-9.0,Car_1_Gas,Van_8_Gas,Van_8_Gas,WALK,3.461726042718919,,,-9.0,1out_0in,school
72833,1456,school,1,1,1,2,mandatory,1,13595.0,629.0,548,11.0,27.0,16.0,pure_escort,pure_escort,-9.0,451.0,,,,-9.0,Car_1_Gas,Van_8_Gas,Van_8_Gas,SHARED2,-2.053366071469057,Van_8_Gas,,-9.0,0out_0in,school
72841,1456,shopping,1,1,2,2,non_mandatory,1,9901.0,629.0,548,29.0,42.0,13.0,,,-9.0,979.0,,False,True,10.342847415887755,Van_8_Gas,Car_1_Gas,Van_8_Gas,WALK,-0.2983439024129038,,,-9.0,0out_0in,shopping
72929,1458,othmaint,2,1,3,4,non_mandatory,1,15926.0,629.0,548,13.0,20.0,7.0,,,-9.0,517.0,,False,True,11.373983408252188,Van_8_Gas,Van_8_Gas,Car_1_Gas,DRIVEALONE,-3.017773815805462,Van_8_Gas,,-9.0,0out_0in,othmaint
72930,1458,othmaint,2,2,4,4,non_mandatory,1,23225.0,629.0,548,22.0,24.0,2.0,,,-9.0,800.0,,False,True,10.939395791143282,Car_1_Gas,Van_8_Gas,Van_8_Gas,SHARED2,-1.5200810152642328,Van_8_Gas,,-9.0,1out_1in,othmaint
72935,1458,escort,2,1,1,4,non_mandatory,1,13595.0,629.0,548,11.0,13.0,2.0,pure_escort,,1.0,437.0,,False,True,-9.0,Car_1_Gas,Van_8_Gas,Van_8_Gas,SHARED2,-3.286155676185064,Van_8_Gas,,-9.0,0out_1in,escort
72936,1458,escort,2,2,2,4,non_mandatory,1,13595.0,629.0,548,26.0,27.0,1.0,,pure_escort,1.0,901.0,,False,True,-9.0,Car_1_Gas,Car_1_Gas,Van_8_Gas,SHARED2,-3.408796832014,Car_1_Gas,,-9.0,0out_0in,escort
72985,1459,escort,1,1,3,3,non_mandatory,1,13595.0,629.0,549,24.0,25.0,1.0,,pure_escort,1.0,852.0,,False,True,-9.0,Car_11_BEV,Car_11_BEV,SUV_20_Gas,SHARED3,-1.867282928180218,SUV_20_Gas,,-9.0,0out_0in,escort
72998,1459,work,2,1,1,3,mandatory,1,18803.0,629.0,549,8.0,13.0,5.0,,,-9.0,320.0,,,,-9.0,Car_11_BEV,SUV_20_Gas,Car_11_BEV,SHARED3,-0.9926907869907102,Car_11_BEV,no_subtours,-9.0,0out_2in,work
72999,1459,work,2,2,2,3,mandatory,1,18803.0,629.0,549,15.0,21.0,6.0,,,-9.0,587.0,,,,-9.0,Car_11_BEV,SUV_20_Gas,Car_11_BEV,SHARED3,-0.9522468751745272,Car_11_BEV,no_subtours,-9.0,0out_0in,work
73033,1460,school,1,1,1,1,mandatory,1,7118.0,629.0,549,10.0,27.0,17.0,,,-9.0,413.0,,,,-9.0,SUV_20_Gas,Car_11_BEV,Car_11_BEV,DRIVEALONE,-3.7647707400651,SUV_20_Gas,,-9.0,1out_0in,school
73083,1461,school,1,1,1,1,mandatory,1,13595.0,629.0,549,10.0,25.0,15.0,,pure_escort,-9.0,411.0,,,,-9.0,SUV_20_Gas,SUV_20_Gas,Car_11_BEV,SHARED3,-1.8769772261287243,Car_11_BEV,,-9.0,1out_0in,school
73154,1463,eat,1,1,1,1,atwork,1,4622.0,14278.0,549,23.0,24.0,1.0,,,-9.0,826.0,,,,4.833548211379958,,,,SHARED2,-6.336215361655855,Car_11_BEV,,73198.0,0out_0in,atwork
73198,1463,work,1,1,1,1,mandatory,1,14278.0,629.0,549,1.0,29.0,28.0,,,-9.0,28.0,,,,-9.0,Car_11_BEV,Car_11_BEV,Car_11_BEV,SHARED2,-2.6045420651730784,Car_11_BEV,eat,-9.0,2out_1in,work
73204,1464,eat,1,1,1,1,atwork,1,18443.0,18443.0,550,18.0,20.0,2.0,,,-9.0,682.0,,,,6.114785949920591,,,,SHARED3,0.4947814575936424,SUV_7_Gas,,73248.0,0out_0in,atwork
73235,1464,escort,1,1,2,2,non_mandatory,1,19062.0,629.0,550,8.0,9.0,1.0,pure_escort,,1.0,316.0,,False,True,-9.0,SUV_10_Gas,SUV_7_Gas,SUV_7_Gas,SHARED2,-0.8208201160905386,SUV_7_Gas,,-9.0,0out_0in,escort
73248,1464,work,1,1,1,2,mandatory,1,18443.0,629.0,550,9.0,32.0,22.0,ride_share,,1.0,379.0,,,,-9.0,SUV_10_Gas,SUV_7_Gas,SUV_7_Gas,SHARED3,-3.331382088489916,SUV_7_Gas,eat,-9.0,1out_2in,work
73283,1465,school,1,1,1,1,mandatory,1,7912.0,629.0,550,9.0,31.0,22.0,,,-9.0,378.0,,,,-9.0,SUV_7_Gas,SUV_10_Gas,SUV_10_Gas,DRIVEALONE,-4.685150816804331,SUV_7_Gas,,-9.0,1out_0in,school
73333,1466,school,1,1,1,1,mandatory,1,19062.0,629.0,550,8.0,26.0,18.0,pure_escort,,-9.0,333.0,,,,-9.0,SUV_10_Gas,SUV_10_Gas,SUV_7_Gas,SHARED2,-3.310185581725285,SUV_10_Gas,,-9.0,0out_0in,school
73383,1467,school,1,1,1,1,mandatory,1,7574.0,629.0,550,9.0,29.0,20.0,ride_share,,-9.0,376.0,,,,-9.0,SUV_7_Gas,SUV_7_Gas,SUV_7_Gas,SHARED3,3.197944365867086,SUV_7_Gas,,-9.0,0out_0in,school
73404,1468,eat,1,1,1,1,atwork,1,490.0,1306.0,550,18.0,19.0,1.0,,,-9.0,681.0,,,,7.525809612173809,,,,WALK,0.9195986589767292,SUV_7_Gas,,73448.0,0out_0in,atwork
73448,1468,work,1,1,1,1,mandatory,1,1306.0,629.0,550,13.0,44.0,31.0,,,-9.0,541.0,,,,-9.0,SUV_7_Gas,SUV_7_Gas,SUV_7_Gas,DRIVEALONE,-3.355142750499475,SUV_7_Gas,eat,-9.0,1out_1in,work
73498,1469,work,1,1,1,1,mandatory,1,2171.0,629.0,551,5.0,32.0,27.0,,,-9.0,213.0,,,,-9.0,Car_1_Gas,Car_1_Gas,Car_1_Gas,PNR_PRM,-9.159936788146473,Car_1_Gas,no_subtours,-9.0,0out_0in,work
73509,1470,escort,3,3,3,3,non_mandatory,1,2016.0,629.0,551,24.0,24.0,0.0,,,-9.0,851.0,,False,True,12.697596939662706,Car_1_Gas,Car_1_Gas,Car_1_Gas,SHARED3,-1.1472134171018673,Car_1_Gas,,-9.0,0out_0in,escort
73535,1470,escort,3,1,1,3,non_mandatory,1,11793.0,629.0,551,9.0,9.0,0.0,pure_escort,,1.0,356.0,,False,True,-9.0,Car_1_Gas,Car_1_Gas,Car_1_Gas,SHARED2,-0.6249483678617002,Car_1_Gas,,-9.0,0out_0in,escort
73536,1470,escort,3,2,2,3,non_mandatory,1,11793.0,629.0,551,19.0,24.0,5.0,,pure_escort,1.0,716.0,,False,True,-9.0,Car_1_Gas,Car_1_Gas,Car_1_Gas,SHARED2,-0.6239762349077284,Car_1_Gas,,-9.0,0out_0in,escort
73583,1471,school,1,1,1,1,mandatory,1,11793.0,629.0,551,9.0,24.0,15.0,pure_escort,pure_escort,-9.0,371.0,,,,-9.0,SUV_18_Diesel,Car_1_Gas,SUV_18_Diesel,SHARED2,5.863166913208681,Car_1_Gas,,-9.0,0out_0in,school
73706,1474,eatout,1,1,4,4,non_mandatory,1,9898.0,629.0,552,18.0,19.0,1.0,,,-9.0,681.0,,False,True,14.093327724799906,Van_20_Gas,Van_20_Gas,Van_20_Gas,SHARED2,0.5028820074442051,Van_20_Gas,,-9.0,0out_0in,eatout
73719,1474,shopping,1,1,3,4,joint,3,2465.0,629.0,552,19.0,21.0,2.0,,,-9.0,713.0,mixed,False,True,10.733058962882454,non_hh_veh,Van_20_Gas,Van_20_Gas,SHARED3,-47.47086362351107,Van_20_Gas,,-9.0,0out_0in,shopping
73735,1474,escort,2,1,1,4,non_mandatory,1,11793.0,629.0,552,9.0,9.0,0.0,pure_escort,,1.0,356.0,,False,True,-9.0,Van_20_Gas,Van_20_Gas,Van_20_Gas,SHARED2,0.973750953123617,Van_20_Gas,,-9.0,0out_0in,escort
73736,1474,escort,2,2,2,4,non_mandatory,1,11793.0,629.0,552,24.0,26.0,2.0,,pure_escort,1.0,853.0,,False,True,-9.0,Van_20_Gas,Van_20_Gas,Van_20_Gas,SHARED3,0.9733508828346186,Van_20_Gas,,-9.0,0out_0in,escort
73833,1476,school,1,1,1,1,mandatory,1,11793.0,629.0,552,9.0,26.0,17.0,pure_escort,pure_escort,-9.0,373.0,,,,-9.0,Van_20_Gas,Van_20_Gas,Van_20_Gas,SHARED3,3.7240847375063706,Van_20_Gas,,-9.0,0out_0in,school
73859,1477,escort,1,1,1,1,non_mandatory,1,8841.0,629.0,552,10.0,10.0,0.0,,,-9.0,396.0,,False,True,12.938444978850264,Van_20_Gas,Van_20_Gas,Van_20_Gas,SHARED3,-0.771935818815667,Van_20_Gas,,-9.0,3out_3in,escort
73991,1479,shopping,1,1,1,1,non_mandatory,1,1676.0,629.0,553,26.0,27.0,1.0,,,-9.0,901.0,,False,True,7.718425427198955,Car_8_Gas,Car_8_Gas,SUV_9_Hybrid,SHARED2,0.3745699461698384,Car_8_Gas,,-9.0,0out_0in,shopping
74006,1480,eatout,1,1,2,3,non_mandatory,1,23077.0,629.0,553,29.0,30.0,1.0,,,-9.0,967.0,,False,True,12.948860183218958,SUV_9_Hybrid,SUV_9_Hybrid,SUV_9_Hybrid,DRIVEALONE,-1.8600642607296836,SUV_9_Hybrid,,-9.0,0out_0in,eatout
74025,1480,othdiscr,1,1,3,3,non_mandatory,1,11793.0,629.0,553,13.0,23.0,10.0,,,-9.0,520.0,,False,True,12.776432688741997,Car_8_Gas,Car_8_Gas,SUV_9_Hybrid,DRIVEALONE,0.3752820971425655,Car_8_Gas,,-9.0,0out_0in,othdiscr
74048,1480,work,1,1,1,3,mandatory,1,229.0,629.0,553,33.0,36.0,3.0,,,-9.0,1043.0,,,,-9.0,SUV_9_Hybrid,SUV_9_Hybrid,SUV_9_Hybrid,DRIVEALONE,-2.014569810491088,SUV_9_Hybrid,no_subtours,-9.0,0out_0in,work
74075,1481,othdiscr,1,1,1,1,non_mandatory,1,19123.0,629.0,553,14.0,29.0,15.0,,,-9.0,561.0,,False,True,13.00833115512155,SUV_9_Hybrid,SUV_9_Hybrid,SUV_9_Hybrid,DRIVEALONE,-2.0202727822237576,SUV_9_Hybrid,,-9.0,0out_2in,othdiscr
74117,1482,othmaint,1,1,1,1,joint,3,23560.0,629.0,554,22.0,25.0,3.0,,,-9.0,801.0,mixed,False,True,11.832184697775157,Van_18_Gas,Van_18_Gas,Van_18_Gas,SHARED3,-9.848543563930168,Van_18_Gas,,-9.0,0out_0in,othmaint
74159,1483,escort,1,1,1,1,non_mandatory,1,2566.0,629.0,554,25.0,41.0,16.0,,,-9.0,892.0,,False,True,13.196080999950087,Van_18_Gas,Van_18_Gas,Van_18_Gas,WALK,-0.8834311718646065,,,-9.0,0out_0in,escort
74298,1485,work,1,1,1,1,mandatory,1,13312.0,629.0,555,6.0,29.0,23.0,,,-9.0,253.0,,,,-9.0,SUV_11_Gas,SUV_11_Gas,SUV_11_Gas,DRIVEALONE,-3.4675512039764262,SUV_11_Gas,no_subtours,-9.0,0out_0in,work
74383,1487,school,1,1,1,1,mandatory,1,20816.0,629.0,555,8.0,24.0,16.0,,,-9.0,331.0,,,,-9.0,SUV_11_Gas,SUV_11_Gas,SUV_11_Gas,SHARED3,-3.4564633238908,SUV_11_Gas,,-9.0,1out_0in,school
74433,1488,school,1,1,1,1,mandatory,1,23872.0,629.0,555,8.0,29.0,21.0,,,-9.0,336.0,,,,-9.0,SUV_11_Gas,SUV_11_Gas,SUV_11_Gas,WALK,2.177596620997888,,,-9.0,1out_0in,school
74533,1490,school,1,1,1,1,mandatory,1,229.0,629.0,555,12.0,33.0,21.0,,,-9.0,494.0,,,,-9.0,SUV_11_Gas,SUV_11_Gas,SUV_11_Gas,WALK,3.0116055891954465,,,-9.0,1out_0in,school
74579,1491,othmaint,1,1,3,3,non_mandatory,1,16337.0,629.0,556,15.0,22.0,7.0,,,-9.0,588.0,,False,True,12.508444579527556,Car_3_Gas,Van_14_Gas,SUV_2_Gas,DRIVEALONE,-4.479579418231999,Car_3_Gas,,-9.0,0out_0in,othmaint
74585,1491,escort,2,1,1,3,non_mandatory,1,11793.0,629.0,556,11.0,12.0,1.0,pure_escort,,1.0,436.0,,False,True,-9.0,SUV_2_Gas,Car_3_Gas,SUV_2_Gas,BIKE,-0.6405105817678655,,,-9.0,0out_0in,escort
74586,1491,escort,2,2,2,3,non_mandatory,1,11793.0,629.0,556,24.0,24.0,0.0,,pure_escort,1.0,851.0,,False,True,-9.0,Car_3_Gas,Van_14_Gas,SUV_2_Gas,SHARED2,-0.6418675801198382,Van_14_Gas,,-9.0,0out_0in,escort
74625,1492,othdiscr,1,1,3,3,non_mandatory,1,5795.0,629.0,556,13.0,23.0,10.0,,,-9.0,520.0,,False,True,13.330133349999102,Car_3_Gas,Car_3_Gas,Van_14_Gas,WALK,0.8336090796781369,,,-9.0,0out_1in,othdiscr
74635,1492,escort,2,1,1,3,non_mandatory,1,11793.0,629.0,556,9.0,9.0,0.0,pure_escort,,2.0,356.0,,False,True,-9.0,Car_3_Gas,SUV_2_Gas,Van_14_Gas,SHARED3,-1.1613881377822173,Van_14_Gas,,-9.0,1out_0in,escort
74636,1492,escort,2,2,2,3,non_mandatory,1,11793.0,629.0,556,25.0,26.0,1.0,,pure_escort,2.0,877.0,,False,True,-9.0,Car_3_Gas,Car_3_Gas,Van_14_Gas,SHARED3,-1.1603200191162135,Van_14_Gas,,-9.0,0out_1in,escort
74675,1493,othdiscr,1,1,2,2,non_mandatory,1,11793.0,629.0,556,32.0,36.0,4.0,,,-9.0,1027.0,,False,True,13.902624041518626,Van_14_Gas,Van_14_Gas,SUV_2_Gas,WALK,1.6060942800793276,,,-9.0,0out_0in,othdiscr
74683,1493,school,1,1,1,2,mandatory,1,7004.0,629.0,556,11.0,27.0,16.0,,,-9.0,451.0,,,,-9.0,Car_3_Gas,Van_14_Gas,SUV_2_Gas,WALK,1.6651849798752152,,,-9.0,1out_0in,school
74733,1494,school,1,1,1,1,mandatory,1,11793.0,629.0,556,9.0,24.0,15.0,pure_escort,pure_escort,-9.0,371.0,,,,-9.0,Car_3_Gas,Van_14_Gas,SUV_2_Gas,SHARED2,4.031021130601406,Van_14_Gas,,-9.0,1out_0in,school
74783,1495,school,1,1,1,1,mandatory,1,11793.0,629.0,556,9.0,26.0,17.0,pure_escort,pure_escort,-9.0,373.0,,,,-9.0,Van_14_Gas,SUV_2_Gas,Van_14_Gas,SHARED3,5.876531040986661,Van_14_Gas,,-9.0,0out_0in,school
74833,1496,school,1,1,1,1,mandatory,1,11793.0,629.0,556,11.0,26.0,16.0,pure_escort,pure_escort,-9.0,450.0,,,,-9.0,SUV_2_Gas,Van_14_Gas,SUV_2_Gas,SHARED3,4.432946603293418,SUV_2_Gas,,-9.0,0out_1in,school
74933,1498,school,1,1,1,1,mandatory,1,15085.0,629.0,557,11.0,33.0,22.0,,,-9.0,457.0,,,,-9.0,non_hh_veh,non_hh_veh,non_hh_veh,SCH_BUS,28.24323517176241,,,-9.0,0out_0in,school
74983,1499,school,1,1,1,1,mandatory,1,7296.0,629.0,557,8.0,25.0,17.0,,,-9.0,332.0,,,,-9.0,non_hh_veh,non_hh_veh,non_hh_veh,SHARED3,34.32446854564754,non_hh_veh,,-9.0,1out_2in,school
75009,1500,escort,1,1,1,1,non_mandatory,1,12516.0,629.0,557,27.0,30.0,3.0,,,-9.0,926.0,,False,True,15.286817688196752,non_hh_veh,non_hh_veh,non_hh_veh,WALK,2.759569883306924,,,-9.0,0out_0in,escort
75059,1501,escort,2,2,3,3,non_mandatory,1,6527.0,629.0,558,46.0,48.0,2.0,,,-9.0,1172.0,,False,True,12.204182356881944,Pickup_13_Gas,Pickup_13_Gas,Pickup_13_Gas,SHARED3,-0.8132956720339597,Pickup_13_Gas,,-9.0,0out_0in,escort
75067,1502,othmaint,2,1,2,3,joint,2,16290.0,629.0,558,30.0,31.0,1.0,,,-9.0,987.0,mixed,False,True,12.542916594821822,Car_20_Gas,Pickup_13_Gas,Pickup_13_Gas,SHARED2,-3.1014218974368912,Pickup_13_Gas,,-9.0,0out_2in,othmaint
75071,1501,social,1,1,2,3,joint,2,3834.0,629.0,558,16.0,21.0,5.0,,,-9.0,620.0,adults,False,True,14.185870661739068,non_hh_veh,Pickup_13_Gas,Car_20_Gas,SHARED2,0.9063432812576802,Pickup_13_Gas,,-9.0,0out_0in,social
75085,1501,escort,2,1,1,3,non_mandatory,1,11793.0,629.0,558,10.0,10.0,0.0,pure_escort,,1.0,396.0,,False,True,-9.0,Pickup_13_Gas,Pickup_13_Gas,Car_20_Gas,BIKE,0.7278068934492484,,,-9.0,0out_0in,escort
75129,1502,othmaint,2,2,3,3,non_mandatory,1,23052.0,629.0,558,26.0,28.0,2.0,,,-9.0,902.0,,False,True,12.55172917071459,Pickup_13_Gas,Car_20_Gas,Car_20_Gas,SHARED2,-5.700653278815573,Car_20_Gas,,-9.0,0out_0in,othmaint
75135,1502,escort,1,1,1,3,non_mandatory,1,11793.0,629.0,558,24.0,25.0,1.0,,pure_escort,1.0,852.0,,False,True,-9.0,Car_20_Gas,Car_20_Gas,Car_20_Gas,SHARED2,-0.5464421783530324,Car_20_Gas,,-9.0,0out_0in,escort
75159,1503,escort,1,1,1,1,non_mandatory,1,6705.0,629.0,558,27.0,27.0,0.0,,,-9.0,923.0,,False,True,13.006212171582956,Car_20_Gas,Pickup_13_Gas,Pickup_13_Gas,WALK,0.5700035991410276,,,-9.0,0out_0in,escort
75233,1504,school,1,1,1,1,mandatory,1,723.0,629.0,558,8.0,31.0,23.0,,,-9.0,338.0,,,,-9.0,Car_20_Gas,Pickup_13_Gas,Pickup_13_Gas,SHARED3,-4.839818525991797,Pickup_13_Gas,,-9.0,1out_0in,school
75283,1505,school,1,1,1,1,mandatory,1,11793.0,629.0,558,10.0,25.0,15.0,pure_escort,pure_escort,-9.0,411.0,,,,-9.0,Car_20_Gas,Car_20_Gas,Pickup_13_Gas,SHARED2,5.048955294022445,Car_20_Gas,,-9.0,0out_0in,school
75304,1506,eat,1,1,1,1,atwork,1,9901.0,5878.0,559,16.0,21.0,5.0,,,-9.0,620.0,,,,1.130087336873744,,,,DRIVEALONE,-1.536360851785229,Car_2_BEV,,75348.0,0out_0in,atwork
75335,1506,escort,1,1,2,2,non_mandatory,1,7004.0,629.0,559,9.0,9.0,0.0,pure_escort,,1.0,356.0,,False,True,-9.0,Pickup_20_Gas,Car_2_BEV,Car_2_BEV,SHARED3,0.2080506468960878,Car_2_BEV,,-9.0,0out_0in,escort
75348,1506,work,1,1,1,2,mandatory,1,5878.0,629.0,559,11.0,39.0,28.0,,,-9.0,463.0,,,,-9.0,Car_2_BEV,Car_2_BEV,Car_2_BEV,DRIVEALONE,-1.7060190942919808,Car_2_BEV,eat,-9.0,1out_0in,work
75379,1507,othmaint,1,1,6,7,non_mandatory,1,16415.0,629.0,559,13.0,15.0,2.0,,,-9.0,512.0,,False,True,12.353659988411454,Car_2_BEV,Pickup_20_Gas,Car_2_BEV,DRIVEALONE,-2.668724231307776,Car_2_BEV,,-9.0,0out_0in,othmaint
75385,1507,escort,5,1,1,7,non_mandatory,1,1877.0,629.0,559,9.0,11.0,2.0,pure_escort,,1.0,358.0,,False,True,-9.0,Pickup_20_Gas,Car_2_BEV,Car_2_BEV,SHARED3,-1.9354264263846244,Car_2_BEV,,-9.0,0out_0in,escort
75386,1507,escort,5,2,2,7,non_mandatory,1,11793.0,629.0,559,11.0,12.0,1.0,pure_escort,,1.0,436.0,,False,True,-9.0,Car_2_BEV,Car_2_BEV,Car_2_BEV,BIKE,-0.5006279814234483,,,-9.0,0out_0in,escort
75387,1507,escort,5,3,3,7,non_mandatory,1,7004.0,629.0,559,24.0,25.0,1.0,,pure_escort,1.0,852.0,,False,True,-9.0,Pickup_20_Gas,Car_2_BEV,Car_2_BEV,SHARED2,-1.500482093474964,Car_2_BEV,,-9.0,0out_0in,escort
75388,1507,escort,5,4,4,7,non_mandatory,1,11793.0,629.0,559,25.0,26.0,1.0,,pure_escort,1.0,877.0,,False,True,-9.0,Pickup_20_Gas,Pickup_20_Gas,Car_2_BEV,SHARED2,-0.5059457085353433,Pickup_20_Gas,,-9.0,0out_0in,escort
75389,1507,escort,5,5,5,7,non_mandatory,1,1877.0,629.0,559,29.0,31.0,2.0,,pure_escort,1.0,968.0,,False,True,-9.0,Car_2_BEV,Pickup_20_Gas,Car_2_BEV,WALK,-1.9912290678846352,,,-9.0,0out_0in,escort
75395,1507,social,1,1,7,7,non_mandatory,1,19348.0,629.0,559,32.0,39.0,7.0,,,-9.0,1030.0,,False,True,14.727183991628296,Car_2_BEV,Car_2_BEV,Car_2_BEV,SHARED3,-3.4912250309761887,Car_2_BEV,,-9.0,0out_0in,social
75433,1508,school,1,1,1,1,mandatory,1,1877.0,629.0,559,9.0,31.0,22.0,pure_escort,pure_escort,-9.0,378.0,,,,-9.0,Pickup_20_Gas,Car_2_BEV,Car_2_BEV,WALK,3.150781654339636,,,-9.0,0out_0in,school
75459,1509,escort,1,1,2,2,non_mandatory,1,1652.0,629.0,559,25.0,27.0,2.0,,,-9.0,878.0,,False,True,13.124286572888655,Car_2_BEV,Pickup_20_Gas,Car_2_BEV,WALK,0.9750431900729678,,,-9.0,0out_0in,escort
75483,1509,school,1,1,1,2,mandatory,1,7004.0,629.0,559,9.0,25.0,16.0,pure_escort,pure_escort,-9.0,372.0,,,,-9.0,Car_2_BEV,Pickup_20_Gas,Car_2_BEV,SHARED2,4.821591355136293,Pickup_20_Gas,,-9.0,0out_0in,school
75533,1510,school,1,1,1,1,mandatory,1,11793.0,629.0,559,11.0,26.0,15.0,pure_escort,pure_escort,-9.0,450.0,,,,-9.0,Pickup_20_Gas,Pickup_20_Gas,Car_2_BEV,SHARED2,5.135191213816983,Pickup_20_Gas,,-9.0,0out_0in,school
75579,1511,othmaint,1,1,2,2,non_mandatory,1,3664.0,629.0,560,9.0,13.0,4.0,,,-9.0,360.0,,False,True,13.032204383196447,non_hh_veh,non_hh_veh,non_hh_veh,KNR_LOC,-4.004185949209502,non_hh_veh,,-9.0,0out_0in,othmaint
75585,1511,escort,1,1,1,2,non_mandatory,1,20816.0,629.0,560,27.0,28.0,1.0,,pure_escort,1.0,924.0,,False,True,-9.0,non_hh_veh,non_hh_veh,non_hh_veh,SHARED2,-8.461079112813206,non_hh_veh,,-9.0,2out_0in,escort
75733,1514,school,1,1,1,1,mandatory,1,20816.0,629.0,560,9.0,28.0,19.0,,pure_escort,-9.0,375.0,,,,-9.0,non_hh_veh,non_hh_veh,non_hh_veh,SHARED2,32.864853436744006,non_hh_veh,,-9.0,1out_0in,school
75891,1517,shopping,1,1,1,1,non_mandatory,1,8847.0,629.0,562,14.0,19.0,5.0,,,-9.0,551.0,,False,True,9.994767725608822,Pickup_2_Gas,Pickup_2_Gas,Pickup_2_Gas,WALK,-0.7933263033100788,,,-9.0,0out_0in,shopping
75913,1518,eatout,1,1,1,1,joint,2,8184.0,629.0,563,17.0,18.0,1.0,,,-9.0,649.0,adults,False,True,13.50688354242312,Pickup_11_Gas,Pickup_11_Gas,Pickup_11_Gas,SHARED2,-0.4214946469391307,Pickup_11_Gas,,-9.0,0out_0in,eatout
75956,1519,eatout,1,1,2,2,non_mandatory,1,3834.0,629.0,563,30.0,38.0,8.0,,,-9.0,994.0,,False,True,14.368361508004831,SUV_13_Gas,SUV_13_Gas,SUV_13_Gas,WALK,1.0153058176183534,,,-9.0,0out_0in,eatout
75979,1519,othmaint,1,1,1,2,non_mandatory,1,23050.0,629.0,563,27.0,28.0,1.0,,,-9.0,924.0,,False,True,12.397854936682828,Pickup_11_Gas,SUV_13_Gas,Pickup_11_Gas,DRIVEALONE,-2.296600754339841,Pickup_11_Gas,,-9.0,0out_0in,othmaint
76079,1521,othmaint,1,1,1,1,non_mandatory,1,23226.0,629.0,564,14.0,20.0,6.0,,,-9.0,552.0,,False,True,10.718115107481657,SUV_15_Gas,SUV_15_Gas,SUV_15_Gas,DRIVEALONE,-1.7673918881147197,SUV_15_Gas,,-9.0,0out_0in,othmaint
76119,1523,shopping,2,1,1,3,joint,3,23860.0,629.0,565,29.0,32.0,3.0,,,-9.0,969.0,mixed,False,True,10.41840716727936,Car_5_BEV,Pickup_19_Gas,Car_5_BEV,WALK,-2.9308815176878937,,,-9.0,0out_2in,shopping
76125,1522,othdiscr,1,1,2,2,non_mandatory,1,10835.0,629.0,565,18.0,21.0,3.0,,,-9.0,683.0,,False,True,13.156887333717345,Car_5_BEV,Car_5_BEV,Car_5_BEV,DRIVEALONE,-0.8811268500379851,Car_5_BEV,,-9.0,3out_3in,othdiscr
76129,1522,othmaint,1,1,1,2,non_mandatory,1,19063.0,629.0,565,22.0,35.0,13.0,,,-9.0,811.0,,False,True,12.422587323705493,Car_5_BEV,Car_5_BEV,Car_5_BEV,DRIVEALONE,-2.691884666070252,Car_5_BEV,,-9.0,0out_1in,othmaint
76159,1523,escort,1,1,2,3,non_mandatory,1,8418.0,629.0,565,10.0,10.0,0.0,,,-9.0,396.0,,False,True,12.976691038088097,Car_5_BEV,Car_5_BEV,Car_5_BEV,DRIVEALONE,-0.1529703557029707,Car_5_BEV,,-9.0,0out_0in,escort
76191,1523,shopping,2,2,3,3,non_mandatory,1,23050.0,629.0,565,15.0,18.0,3.0,,,-9.0,584.0,,False,True,9.9896212004263,Pickup_19_Gas,Pickup_19_Gas,Pickup_19_Gas,SHARED3,-1.820035998701775,Pickup_19_Gas,,-9.0,0out_0in,shopping
76329,1526,othmaint,1,1,1,1,non_mandatory,1,23859.0,629.0,566,21.0,24.0,3.0,,,-9.0,773.0,,False,True,11.80788591174522,Pickup_9_Gas,SUV_9_Gas,SUV_9_Gas,DRIVEALONE,-0.6622885044048242,Pickup_9_Gas,,-9.0,0out_0in,othmaint
76379,1527,othmaint,1,1,2,2,non_mandatory,1,18620.0,629.0,566,23.0,27.0,4.0,,,-9.0,829.0,,False,True,11.129273761986544,Pickup_20_Gas,Pickup_20_Gas,SUV_9_Gas,DRIVEALONE,-3.938578846250421,Pickup_20_Gas,,-9.0,1out_0in,othmaint
76391,1527,shopping,1,1,1,2,non_mandatory,1,2465.0,629.0,566,17.0,17.0,0.0,,,-9.0,648.0,,False,True,9.177748991309716,Pickup_9_Gas,SUV_9_Gas,Pickup_20_Gas,WALK,-0.2782067454186372,,,-9.0,0out_0in,shopping
76479,1529,othmaint,4,1,4,7,non_mandatory,1,11200.0,629.0,567,32.0,32.0,0.0,,,-9.0,1023.0,,False,True,10.67674244406616,Pickup_12_Gas,Pickup_12_Gas,SUV_11_Gas,SHARED2,-1.54811458975897,Pickup_12_Gas,,-9.0,0out_0in,othmaint
76480,1529,othmaint,4,2,5,7,non_mandatory,1,16242.0,629.0,567,14.0,17.0,3.0,,,-9.0,549.0,,False,True,10.57795491998432,Pickup_12_Gas,SUV_11_Gas,SUV_11_Gas,DRIVEALONE,-2.103104496414444,Pickup_12_Gas,,-9.0,1out_0in,othmaint
76481,1529,othmaint,4,3,6,7,non_mandatory,1,23883.0,629.0,567,27.0,27.0,0.0,,,-9.0,923.0,,False,True,10.242983938216389,Pickup_12_Gas,SUV_11_Gas,SUV_11_Gas,DRIVEALONE,-2.072776580487324,Pickup_12_Gas,,-9.0,0out_0in,othmaint
76482,1529,othmaint,4,4,7,7,non_mandatory,1,24333.0,629.0,567,17.0,21.0,4.0,,,-9.0,652.0,,True,False,6.73483569864157,SUV_11_Gas,Pickup_12_Gas,SUV_11_Gas,SHARED3,-5.109180181110353,SUV_11_Gas,,-9.0,3out_3in,othmaint
76485,1529,escort,2,1,1,7,non_mandatory,1,11793.0,629.0,567,8.0,10.0,2.0,pure_escort,,1.0,317.0,,False,True,-9.0,SUV_11_Gas,SUV_11_Gas,SUV_11_Gas,SHARED3,0.353947976311912,SUV_11_Gas,,-9.0,0out_0in,escort
76486,1529,escort,2,2,2,7,non_mandatory,1,5313.0,629.0,567,10.0,10.0,0.0,pure_escort,,2.0,396.0,,False,True,-9.0,Pickup_12_Gas,SUV_11_Gas,SUV_11_Gas,WALK,-0.7478869296133323,,,-9.0,1out_0in,escort
76491,1529,shopping,1,1,3,7,non_mandatory,1,2465.0,629.0,567,23.0,23.0,0.0,,,-9.0,825.0,,False,True,8.609394020679808,Pickup_12_Gas,Pickup_12_Gas,SUV_11_Gas,WALK,-0.0596840555134481,,,-9.0,0out_0in,shopping
76509,1530,escort,3,3,3,3,non_mandatory,1,16291.0,629.0,567,27.0,29.0,2.0,,,-9.0,925.0,,False,True,12.533965638658948,SUV_11_Gas,SUV_11_Gas,SUV_11_Gas,SHARED3,-2.075441399142989,SUV_11_Gas,,-9.0,0out_0in,escort
76535,1530,escort,3,1,1,3,non_mandatory,1,11793.0,629.0,567,23.0,27.0,4.0,,pure_escort,1.0,829.0,,False,True,-9.0,SUV_11_Gas,SUV_11_Gas,SUV_11_Gas,SHARED3,0.6615949716680259,SUV_11_Gas,,-9.0,0out_0in,escort
76536,1530,escort,3,2,2,3,non_mandatory,1,11793.0,629.0,567,29.0,30.0,1.0,,pure_escort,1.0,967.0,,False,True,-9.0,Pickup_12_Gas,Pickup_12_Gas,SUV_11_Gas,SHARED2,0.6607939335510783,Pickup_12_Gas,,-9.0,0out_0in,escort
76583,1531,school,1,1,1,1,mandatory,1,11793.0,629.0,567,8.0,30.0,22.0,pure_escort,pure_escort,-9.0,337.0,,,,-9.0,Pickup_12_Gas,SUV_11_Gas,SUV_11_Gas,SHARED2,4.537434510107251,SUV_11_Gas,,-9.0,0out_0in,school
76633,1532,school,1,1,1,1,mandatory,1,11793.0,629.0,567,10.0,27.0,17.0,pure_escort,pure_escort,-9.0,413.0,,,,-9.0,Pickup_12_Gas,SUV_11_Gas,SUV_11_Gas,SHARED3,4.475001228334345,SUV_11_Gas,,-9.0,0out_0in,school
76683,1533,school,2,1,1,2,mandatory,1,5313.0,629.0,567,10.0,10.0,0.0,pure_escort,,-9.0,396.0,,,,-9.0,SUV_11_Gas,Pickup_12_Gas,SUV_11_Gas,WALK,4.789598070335782,,,-9.0,1out_1in,school
76684,1533,school,2,2,2,2,mandatory,1,5313.0,629.0,567,15.0,20.0,5.0,,,-9.0,586.0,,,,-9.0,SUV_11_Gas,Pickup_12_Gas,Pickup_12_Gas,WALK,4.789588530011109,,,-9.0,1out_0in,school
76725,1534,othdiscr,1,1,2,2,non_mandatory,1,11793.0,629.0,568,17.0,19.0,2.0,,,-9.0,650.0,,False,True,13.17937925891266,Car_11_Gas,SUV_15_Gas,SUV_12_Gas,WALK,0.9102346681967716,,,-9.0,0out_0in,othdiscr
76729,1534,othmaint,1,1,1,2,non_mandatory,1,2420.0,629.0,568,14.0,17.0,3.0,,,-9.0,549.0,,False,True,12.01584361354364,SUV_12_Gas,SUV_12_Gas,SUV_12_Gas,DRIVEALONE,-0.8218074200528949,SUV_12_Gas,,-9.0,0out_1in,othmaint
76779,1535,othmaint,2,1,1,2,non_mandatory,1,19079.0,629.0,568,17.0,19.0,2.0,,,-9.0,650.0,,False,True,11.41283839230777,Car_11_Gas,Car_11_Gas,SUV_15_Gas,DRIVEALONE,-2.9279378570613366,Car_11_Gas,,-9.0,0out_0in,othmaint
76780,1535,othmaint,2,2,2,2,non_mandatory,1,836.0,629.0,568,19.0,22.0,3.0,,,-9.0,714.0,,False,True,11.368015909717602,Car_11_Gas,Car_11_Gas,Car_11_Gas,DRIVEALONE,-1.1858288245154651,Car_11_Gas,,-9.0,0out_3in,othmaint
76833,1536,school,1,1,1,1,mandatory,1,19370.0,629.0,568,23.0,35.0,12.0,,,-9.0,837.0,,,,-9.0,SUV_15_Gas,SUV_15_Gas,SUV_12_Gas,DRIVEALONE,-4.127241360641247,SUV_15_Gas,,-9.0,2out_0in,univ
76885,1537,escort,1,1,2,2,non_mandatory,1,5878.0,629.0,569,8.0,9.0,1.0,pure_escort,,1.0,316.0,,False,True,-9.0,SUV_19_Gas,Car_17_Gas,Car_17_Gas,SHARED3,-4.855308153301981,Car_17_Gas,,-9.0,0out_0in,escort
76898,1537,work,1,1,1,2,mandatory,1,18622.0,629.0,569,25.0,44.0,19.0,,,-9.0,895.0,,,,-9.0,SUV_19_Gas,SUV_19_Gas,SUV_19_Gas,DRIVEALONE,-3.842083306550273,SUV_19_Gas,no_subtours,-9.0,0out_0in,work
76925,1538,othdiscr,1,1,7,7,non_mandatory,1,8547.0,629.0,569,27.0,31.0,4.0,,,-9.0,927.0,,False,True,13.525581000853732,SUV_19_Gas,SUV_19_Gas,Car_17_Gas,SHARED3,-11.088829112103618,Car_17_Gas,,-9.0,0out_3in,othdiscr
76935,1538,escort,5,1,1,7,non_mandatory,1,23268.0,629.0,569,1.0,9.0,8.0,pure_escort,,1.0,8.0,,False,True,-9.0,Car_17_Gas,Car_17_Gas,Car_17_Gas,SHARED3,-3.129299051772369,Car_17_Gas,,-9.0,0out_0in,escort
76936,1538,escort,5,2,2,7,non_mandatory,1,11793.0,629.0,569,11.0,11.0,0.0,pure_escort,,1.0,435.0,,False,True,-9.0,SUV_19_Gas,SUV_19_Gas,Car_17_Gas,SHARED3,0.6592533554455365,Car_17_Gas,,-9.0,0out_0in,escort
76937,1538,escort,5,3,3,7,non_mandatory,1,5878.0,629.0,569,20.0,22.0,2.0,,pure_escort,1.0,743.0,,False,True,-9.0,SUV_19_Gas,Car_17_Gas,SUV_19_Gas,SHARED3,-3.626825392094701,SUV_19_Gas,,-9.0,0out_0in,escort
76938,1538,escort,5,4,4,7,non_mandatory,1,11793.0,629.0,569,23.0,27.0,4.0,,pure_escort,1.0,829.0,,False,True,-9.0,SUV_19_Gas,SUV_19_Gas,Car_17_Gas,BIKE,0.6606382201362574,,,-9.0,0out_0in,escort
76939,1538,escort,5,5,5,7,non_mandatory,1,23268.0,629.0,569,31.0,32.0,1.0,,pure_escort,1.0,1006.0,,False,True,-9.0,SUV_19_Gas,Car_17_Gas,Car_17_Gas,SHARED3,-3.240999437063967,Car_17_Gas,,-9.0,0out_0in,escort
76941,1538,shopping,1,1,6,7,non_mandatory,1,23560.0,629.0,569,11.0,18.0,7.0,,,-9.0,442.0,,False,True,9.83628303677139,SUV_19_Gas,Car_17_Gas,SUV_19_Gas,SHARED2,-1.8370933796033404,Car_17_Gas,,-9.0,0out_0in,shopping
76983,1539,school,1,1,1,1,mandatory,1,11793.0,629.0,569,11.0,27.0,16.0,pure_escort,pure_escort,-9.0,451.0,,,,-9.0,Car_17_Gas,Car_17_Gas,Car_17_Gas,BIKE,5.873546149066546,,,-9.0,0out_0in,school
77033,1540,school,1,1,1,1,mandatory,1,23268.0,629.0,569,1.0,32.0,31.0,pure_escort,pure_escort,-9.0,31.0,,,,-9.0,Car_17_Gas,Car_17_Gas,SUV_19_Gas,SHARED3,-0.4406317457037456,SUV_19_Gas,,-9.0,0out_0in,school
77083,1541,school,1,1,1,1,mandatory,1,5878.0,629.0,569,8.0,22.0,14.0,pure_escort,pure_escort,-9.0,329.0,,,,-9.0,SUV_19_Gas,SUV_19_Gas,SUV_19_Gas,SHARED3,-2.185468880116049,SUV_19_Gas,,-9.0,0out_0in,school
77133,1542,school,1,1,1,1,mandatory,1,11793.0,629.0,569,8.0,30.0,22.0,,,-9.0,337.0,,,,-9.0,SUV_19_Gas,SUV_19_Gas,Car_17_Gas,BIKE,5.908339526268495,,,-9.0,0out_1in,school
77169,1543,shopping,2,1,1,2,joint,2,9901.0,629.0,570,18.0,21.0,3.0,,,-9.0,683.0,adults,False,True,9.917784550265496,Car_13_Gas,SUV_20_Gas,SUV_20_Gas,SHARED2,-1.4325998570525544,SUV_20_Gas,,-9.0,0out_0in,shopping
77191,1543,shopping,2,2,2,2,non_mandatory,1,1652.0,629.0,570,28.0,29.0,1.0,,,-9.0,946.0,,False,True,9.740090805051878,Car_13_Gas,Car_13_Gas,SUV_20_Gas,DRIVEALONE,0.2446112398795924,Car_13_Gas,,-9.0,3out_3in,shopping
77206,1544,eatout,1,1,2,2,non_mandatory,1,16051.0,629.0,570,33.0,38.0,5.0,,,-9.0,1045.0,,False,True,14.029395552369076,Car_13_Gas,Car_13_Gas,Car_13_Gas,DRIVEALONE,-3.657255450266481,Car_13_Gas,,-9.0,0out_0in,eatout
77209,1544,escort,1,1,1,2,non_mandatory,1,1423.0,629.0,570,14.0,16.0,2.0,,,-9.0,548.0,,False,True,12.3898816047738,Car_13_Gas,Car_13_Gas,Car_13_Gas,DRIVEALONE,-2.990042690687481,Car_13_Gas,,-9.0,0out_0in,escort
77329,1546,othmaint,1,1,1,1,non_mandatory,1,16364.0,629.0,571,15.0,24.0,9.0,,,-9.0,590.0,,False,True,11.09853910676992,Car_20_Gas,Car_20_Gas,Car_20_Gas,SHARED2,-2.232028987153223,Car_20_Gas,,-9.0,0out_0in,othmaint
77435,1548,escort,6,1,1,6,non_mandatory,1,15804.0,629.0,572,7.0,9.0,2.0,pure_escort,,1.0,275.0,,False,True,-9.0,Pickup_20_Gas,Pickup_20_Gas,Pickup_20_Gas,SHARED3,-1.5642490963306752,Pickup_20_Gas,,-9.0,0out_0in,escort
77436,1548,escort,6,2,2,6,non_mandatory,1,629.0,629.0,572,10.0,10.0,0.0,pure_escort,,1.0,396.0,,False,True,-9.0,Pickup_20_Gas,Pickup_20_Gas,Pickup_20_Gas,SHARED3,1.0789105602171958,Pickup_20_Gas,,-9.0,0out_1in,escort
77437,1548,escort,6,3,3,6,non_mandatory,1,7369.0,629.0,572,11.0,12.0,1.0,pure_escort,,1.0,436.0,,False,True,-9.0,Pickup_20_Gas,Pickup_20_Gas,Pickup_20_Gas,SHARED3,0.0639007275245145,Pickup_20_Gas,,-9.0,0out_0in,escort
77438,1548,escort,6,4,4,6,non_mandatory,1,629.0,629.0,572,16.0,19.0,3.0,,pure_escort,1.0,618.0,,False,True,-9.0,Pickup_20_Gas,Pickup_20_Gas,non_hh_veh,WALK,1.0824548092584552,,,-9.0,0out_0in,escort
77439,1548,escort,6,5,5,6,non_mandatory,1,7369.0,629.0,572,23.0,24.0,1.0,,pure_escort,1.0,826.0,,False,True,-9.0,Pickup_20_Gas,Pickup_20_Gas,Pickup_20_Gas,SHARED3,0.103949108144946,Pickup_20_Gas,,-9.0,0out_0in,escort
77440,1548,escort,6,6,6,6,non_mandatory,1,15804.0,629.0,572,26.0,28.0,2.0,,pure_escort,1.0,902.0,,False,True,-9.0,Pickup_20_Gas,Pickup_20_Gas,Pickup_20_Gas,SHARED3,-1.5607695767927776,Pickup_20_Gas,,-9.0,0out_0in,escort
77483,1549,school,1,1,1,1,mandatory,1,15804.0,629.0,572,7.0,28.0,21.0,pure_escort,pure_escort,-9.0,294.0,,,,-9.0,Pickup_20_Gas,non_hh_veh,Pickup_20_Gas,SHARED3,-1.430765636854065,Pickup_20_Gas,,-9.0,0out_0in,school
77533,1550,school,1,1,1,1,mandatory,1,7369.0,629.0,572,11.0,24.0,13.0,pure_escort,pure_escort,-9.0,448.0,,,,-9.0,Pickup_20_Gas,Pickup_20_Gas,Pickup_20_Gas,SHARED3,-0.040098733754001,Pickup_20_Gas,,-9.0,0out_0in,school
77583,1551,school,1,1,1,1,mandatory,1,629.0,629.0,572,10.0,19.0,9.0,pure_escort,pure_escort,-9.0,405.0,,,,-9.0,Pickup_20_Gas,Pickup_20_Gas,Pickup_20_Gas,WALK,4.748541416546135,,,-9.0,0out_0in,school
77659,1553,escort,2,2,2,3,non_mandatory,1,1217.0,629.0,573,24.0,26.0,2.0,,,-9.0,853.0,,False,True,12.043837581277517,Pickup_13_Gas,Van_20_Gas,Pickup_13_Gas,DRIVEALONE,-0.1377798636173948,Pickup_13_Gas,,-9.0,0out_0in,escort
77665,1554,othdiscr,1,1,2,3,joint,4,3509.0,629.0,573,33.0,35.0,2.0,,,-9.0,1042.0,mixed,False,True,13.10946269446929,Pickup_13_Gas,Pickup_13_Gas,Van_20_Gas,WALK,-0.2723595147297424,,,-9.0,0out_0in,othdiscr
77685,1553,escort,2,1,1,3,non_mandatory,1,7211.0,629.0,573,9.0,10.0,1.0,pure_escort,,1.0,357.0,,False,True,-9.0,Pickup_13_Gas,Van_20_Gas,Van_20_Gas,SHARED3,-0.4905298353032748,Van_20_Gas,,-9.0,0out_0in,escort
77691,1553,shopping,1,1,3,3,non_mandatory,1,9901.0,629.0,573,17.0,23.0,6.0,,,-9.0,654.0,,False,True,9.166334739116758,Pickup_13_Gas,Pickup_13_Gas,Van_20_Gas,WALK,-0.2280669609013694,,,-9.0,3out_3in,shopping
77706,1554,eatout,1,1,3,3,non_mandatory,1,611.0,629.0,573,14.0,15.0,1.0,,,-9.0,547.0,,False,True,13.860518740930145,Pickup_13_Gas,Van_20_Gas,Van_20_Gas,WALK,1.889811117770777,,,-9.0,0out_0in,eatout
77735,1554,escort,1,1,1,3,non_mandatory,1,7211.0,629.0,573,31.0,31.0,0.0,,pure_escort,1.0,1005.0,,False,True,-9.0,Pickup_13_Gas,Pickup_13_Gas,Van_20_Gas,SHARED3,-0.0287164208632883,Van_20_Gas,,-9.0,0out_0in,escort
77783,1555,school,1,1,1,1,mandatory,1,7211.0,629.0,573,9.0,31.0,22.0,pure_escort,pure_escort,-9.0,378.0,,,,-9.0,Pickup_13_Gas,Pickup_13_Gas,Pickup_13_Gas,SHARED3,1.0904791261867697,Pickup_13_Gas,,-9.0,0out_0in,school
77809,1556,escort,1,1,1,2,non_mandatory,1,1324.0,629.0,573,33.0,33.0,0.0,,,-9.0,1040.0,,False,True,13.240285495644562,Pickup_13_Gas,Pickup_13_Gas,Van_20_Gas,WALK,0.4637135423767935,,,-9.0,0out_0in,escort
77845,1556,social,1,1,2,2,non_mandatory,1,23254.0,629.0,573,14.0,21.0,7.0,,,-9.0,553.0,,False,True,15.569261058516796,Van_20_Gas,Van_20_Gas,Van_20_Gas,SHARED3,-2.52572964720263,Van_20_Gas,,-9.0,0out_0in,social
77959,1559,escort,1,1,1,1,non_mandatory,1,5313.0,629.0,574,10.0,10.0,0.0,,,-9.0,396.0,,False,True,12.43138439549076,Pickup_12_Gas,SUV_16_Gas,SUV_16_Gas,DRIVEALONE,-0.9155067765508424,Pickup_12_Gas,,-9.0,0out_0in,escort
78035,1560,escort,4,1,2,5,non_mandatory,1,23905.0,629.0,574,9.0,10.0,1.0,pure_escort,,2.0,357.0,,False,True,-9.0,SUV_16_Gas,Pickup_12_Gas,SUV_16_Gas,SHARED3,-1.3692375434964188,SUV_16_Gas,,-9.0,1out_0in,escort
78036,1560,escort,4,2,3,5,non_mandatory,1,3538.0,629.0,574,11.0,12.0,1.0,pure_escort,,1.0,436.0,,False,True,-9.0,SUV_16_Gas,SUV_16_Gas,SUV_16_Gas,SHARED3,-1.0199109965368232,SUV_16_Gas,,-9.0,0out_1in,escort
78037,1560,escort,4,3,4,5,non_mandatory,1,7574.0,629.0,574,24.0,26.0,2.0,,pure_escort,1.0,853.0,,False,True,-9.0,SUV_16_Gas,Pickup_12_Gas,SUV_16_Gas,SHARED3,-0.1896981483546372,SUV_16_Gas,,-9.0,0out_0in,escort
78038,1560,escort,4,4,5,5,non_mandatory,1,3538.0,629.0,574,27.0,33.0,6.0,,pure_escort,2.0,929.0,,False,True,-9.0,Pickup_12_Gas,Pickup_12_Gas,SUV_16_Gas,WALK,-1.284920411323902,,,-9.0,0out_1in,escort
78048,1560,work,1,1,1,5,mandatory,1,7930.0,629.0,574,19.0,19.0,0.0,,,-9.0,711.0,,,,-9.0,SUV_16_Gas,SUV_16_Gas,Pickup_12_Gas,SHARED3,-0.2795732979954108,Pickup_12_Gas,no_subtours,-9.0,0out_0in,work
78083,1561,school,1,1,1,1,mandatory,1,11793.0,629.0,574,7.0,26.0,19.0,,,-9.0,292.0,,,,-9.0,Pickup_12_Gas,SUV_16_Gas,SUV_16_Gas,WALK,4.6839935194827,,,-9.0,0out_3in,school
78133,1562,school,1,1,1,1,mandatory,1,7574.0,629.0,574,9.0,26.0,17.0,pure_escort,pure_escort,-9.0,373.0,,,,-9.0,SUV_16_Gas,SUV_16_Gas,SUV_16_Gas,SHARED3,3.7280152639943154,SUV_16_Gas,,-9.0,0out_0in,school
78183,1563,school,1,1,1,1,mandatory,1,23905.0,629.0,574,9.0,33.0,23.0,pure_escort,pure_escort,-9.0,380.0,,,,-9.0,SUV_16_Gas,SUV_16_Gas,SUV_16_Gas,WALK,-0.0386089092153038,,,-9.0,1out_1in,school
78233,1564,school,2,1,1,2,mandatory,1,3538.0,629.0,574,11.0,33.0,22.0,pure_escort,pure_escort,-9.0,457.0,,,,-9.0,Pickup_12_Gas,Pickup_12_Gas,Pickup_12_Gas,WALK,3.303341934076421,,,-9.0,0out_0in,school
78234,1564,school,2,2,2,2,mandatory,1,3538.0,629.0,574,9.0,10.0,1.0,,,-9.0,357.0,,,,-9.0,SUV_16_Gas,SUV_16_Gas,SUV_16_Gas,WALK,3.3048911116181268,,,-9.0,1out_0in,school
78279,1565,othmaint,1,1,4,4,non_mandatory,1,16449.0,629.0,575,12.0,19.0,7.0,,,-9.0,480.0,,False,True,10.1990633860555,Car_10_Gas,Car_10_Gas,Car_10_Gas,SHARED3,-0.815784419126187,Car_10_Gas,,-9.0,1out_1in,othmaint
78285,1565,escort,3,1,1,4,non_mandatory,1,11793.0,629.0,575,8.0,10.0,2.0,pure_escort,,2.0,317.0,,False,True,-9.0,Car_10_Gas,Car_10_Gas,Car_10_Gas,SHARED3,0.4932713084390143,Car_10_Gas,,-9.0,1out_1in,escort
78286,1565,escort,3,2,2,4,non_mandatory,1,11793.0,629.0,575,22.0,23.0,1.0,,pure_escort,1.0,799.0,,False,True,-9.0,Car_10_Gas,Car_10_Gas,Car_10_Gas,BIKE,0.5876038753083047,,,-9.0,0out_0in,escort
78287,1565,escort,3,3,3,4,non_mandatory,1,629.0,629.0,575,25.0,26.0,1.0,,pure_escort,1.0,877.0,,False,True,-9.0,Car_10_Gas,Car_10_Gas,Car_10_Gas,WALK,0.6174942648059888,,,-9.0,0out_0in,escort
78309,1566,escort,1,1,1,1,non_mandatory,1,18285.0,629.0,575,12.0,12.0,0.0,,,-9.0,473.0,,False,True,12.902427819422668,Car_10_Gas,Car_10_Gas,Car_10_Gas,SHARED3,-0.6612006722271946,Car_10_Gas,,-9.0,3out_0in,escort
78383,1567,school,1,1,1,1,mandatory,1,11793.0,629.0,575,8.0,23.0,15.0,pure_escort,pure_escort,-9.0,330.0,,,,-9.0,Car_10_Gas,Car_10_Gas,Car_10_Gas,BIKE,4.573350038160391,,,-9.0,1out_0in,school
78483,1569,school,1,1,1,1,mandatory,1,629.0,629.0,575,8.0,26.0,18.0,pure_escort,pure_escort,-9.0,333.0,,,,-9.0,Car_10_Gas,Car_10_Gas,Car_10_Gas,WALK,4.889110759179783,,,-9.0,0out_0in,school
78575,1571,othdiscr,1,1,3,3,non_mandatory,1,14320.0,629.0,576,7.0,8.0,1.0,,,-9.0,274.0,,False,True,12.888868194395169,non_hh_veh,non_hh_veh,non_hh_veh,DRIVEALONE,-0.6130954100284972,non_hh_veh,,-9.0,0out_1in,othdiscr
78591,1571,shopping,2,1,1,3,non_mandatory,1,18443.0,629.0,576,29.0,37.0,8.0,,,-9.0,974.0,,False,True,10.45878403346744,non_hh_veh,non_hh_veh,non_hh_veh,DRIVEALONE,-1.235204110417971,non_hh_veh,,-9.0,1out_0in,shopping
78592,1571,shopping,2,2,2,3,non_mandatory,1,18525.0,629.0,576,12.0,17.0,5.0,,,-9.0,478.0,,False,True,10.585955420288476,non_hh_veh,non_hh_veh,non_hh_veh,TNC_SINGLE,-1.2239384135611395,,,-9.0,0out_0in,shopping
78633,1572,school,1,1,1,1,mandatory,1,5313.0,629.0,576,11.0,32.0,21.0,,,-9.0,456.0,,,,-9.0,non_hh_veh,non_hh_veh,non_hh_veh,SHARED2,1.0623706969322095,non_hh_veh,,-9.0,0out_2in,univ
78741,1574,shopping,1,1,1,1,non_mandatory,1,8216.0,629.0,577,19.0,23.0,4.0,,,-9.0,715.0,,False,True,9.905560996043134,SUV_14_Gas,Car_3_Gas,Van_1_Gas,BIKE,-3.257089456790133,,,-9.0,0out_0in,shopping
78898,1577,work,2,1,1,2,mandatory,1,19060.0,629.0,578,7.0,35.0,28.0,,,-9.0,301.0,,,,-9.0,Car_12_Gas,Car_12_Gas,Car_6_Gas,DRIVEALONE,-1.7873894128014838,Car_12_Gas,no_subtours,-9.0,0out_0in,work
78899,1577,work,2,2,2,2,mandatory,1,19060.0,629.0,578,46.0,48.0,2.0,,,-9.0,1172.0,,,,-9.0,Car_6_Gas,Car_12_Gas,Car_6_Gas,DRIVEALONE,-1.7107422799158511,Car_6_Gas,no_subtours,-9.0,0out_0in,work
78933,1578,school,1,1,1,1,mandatory,1,19370.0,629.0,579,9.0,33.0,24.0,,,-9.0,380.0,,,,-9.0,Pickup_13_Gas,Pickup_13_Gas,Pickup_13_Gas,DRIVEALONE,-6.3156922289572375,Pickup_13_Gas,,-9.0,1out_1in,univ
78991,1579,shopping,1,1,1,1,non_mandatory,1,23883.0,629.0,579,33.0,37.0,4.0,,,-9.0,1044.0,,False,True,9.780213036966176,Pickup_13_Gas,Pickup_13_Gas,Pickup_13_Gas,DRIVEALONE,-1.5706891491596071,Pickup_13_Gas,,-9.0,0out_2in,shopping
79009,1580,escort,2,2,2,2,non_mandatory,1,23876.0,629.0,580,23.0,25.0,2.0,,,-9.0,827.0,,False,True,12.790094778135318,Van_1_Gas,Van_1_Gas,SUV_18_Gas,DRIVEALONE,-1.1781403656179754,Van_1_Gas,,-9.0,0out_0in,escort
79035,1580,escort,2,1,1,2,non_mandatory,1,11793.0,629.0,580,27.0,29.0,2.0,,pure_escort,1.0,925.0,,False,True,-9.0,Van_1_Gas,Van_1_Gas,Van_1_Gas,SHARED3,0.723098691228006,Van_1_Gas,,-9.0,0out_0in,escort
79083,1581,school,1,1,1,2,mandatory,1,5313.0,629.0,580,12.0,36.0,24.0,,,-9.0,497.0,,,,-9.0,Van_1_Gas,Van_1_Gas,Van_1_Gas,WALK,2.8478942149847057,,,-9.0,0out_0in,univ
79085,1581,escort,1,1,2,2,non_mandatory,1,11793.0,629.0,580,9.0,9.0,0.0,pure_escort,,1.0,356.0,,False,True,-9.0,Van_1_Gas,Van_1_Gas,Van_1_Gas,SHARED2,0.9619280623580952,Van_1_Gas,,-9.0,0out_0in,escort
79133,1582,school,1,1,1,1,mandatory,1,7912.0,629.0,580,9.0,34.0,25.0,,,-9.0,381.0,,,,-9.0,SUV_18_Gas,Van_1_Gas,Van_1_Gas,DRIVEALONE,-3.5088895597154344,SUV_18_Gas,,-9.0,1out_2in,school
79183,1583,school,1,1,1,1,mandatory,1,7004.0,629.0,580,9.0,29.0,20.0,,,-9.0,376.0,,,,-9.0,SUV_18_Gas,Van_1_Gas,SUV_18_Gas,WALK,3.864076855073776,,,-9.0,1out_0in,school
79233,1584,school,1,1,1,1,mandatory,1,11793.0,629.0,580,9.0,29.0,20.0,pure_escort,pure_escort,-9.0,376.0,,,,-9.0,SUV_18_Gas,SUV_18_Gas,Van_1_Gas,SHARED3,5.200212900208753,Van_1_Gas,,-9.0,0out_0in,school
79259,1585,escort,1,1,1,2,non_mandatory,1,11186.0,629.0,580,23.0,23.0,0.0,,,-9.0,825.0,,False,True,12.892076424875668,Van_1_Gas,Van_1_Gas,Van_1_Gas,WALK,0.5210807006367933,,,-9.0,0out_0in,escort
79279,1585,othmaint,1,1,2,2,non_mandatory,1,16254.0,629.0,580,10.0,17.0,7.0,,,-9.0,403.0,,False,True,12.139553631048528,SUV_18_Gas,Van_1_Gas,Van_1_Gas,SHARED3,-0.8383614171801255,Van_1_Gas,,-9.0,2out_0in,othmaint
79325,1586,othdiscr,3,1,1,3,non_mandatory,1,3834.0,629.0,581,11.0,12.0,1.0,,,-9.0,436.0,,False,True,13.181634849221044,Pickup_14_Gas,Pickup_14_Gas,Pickup_14_Gas,WALK,0.7249131853857145,,,-9.0,0out_0in,othdiscr
79326,1586,othdiscr,3,2,2,3,non_mandatory,1,8184.0,629.0,581,15.0,22.0,7.0,,,-9.0,588.0,,False,True,12.814333591319444,Pickup_14_Gas,Pickup_14_Gas,Pickup_14_Gas,WALK,0.5919008990483082,,,-9.0,0out_0in,othdiscr
79327,1586,othdiscr,3,3,3,3,non_mandatory,1,629.0,629.0,581,32.0,33.0,1.0,,,-9.0,1024.0,,False,True,13.380281804906751,Pickup_14_Gas,Pickup_14_Gas,Pickup_14_Gas,WALK,1.0032382514298224,,,-9.0,0out_0in,othdiscr
79504,1590,eat,1,1,1,1,atwork,1,23062.0,1380.0,583,22.0,24.0,2.0,,,-9.0,800.0,,,,-4.2547035973972696,,,,SHARED3,-8.872519983262011,Car_5_Gas,,79548.0,0out_0in,atwork
79548,1590,work,1,1,1,1,mandatory,1,1380.0,629.0,583,8.0,30.0,22.0,,,-9.0,337.0,,,,-9.0,Car_5_Gas,Car_5_Gas,Car_5_Gas,DRIVEALONE,-7.252397681926322,Car_5_Gas,eat,-9.0,0out_1in,work
79609,1592,escort,1,1,1,1,non_mandatory,1,821.0,629.0,583,10.0,10.0,0.0,,,-9.0,396.0,,False,True,13.38624559119827,Car_5_Gas,Car_5_Gas,Car_5_Gas,WALK,-0.2439259887657827,,,-9.0,0out_0in,escort
79669,1593,shopping,1,1,1,1,joint,2,2465.0,629.0,584,19.0,23.0,4.0,,,-9.0,715.0,adults,False,True,10.59188778385242,SUV_1_Gas,SUV_1_Gas,SUV_1_Gas,SHARED2,-1.05744089305414,SUV_1_Gas,,-9.0,0out_0in,shopping
79875,1597,othdiscr,1,1,1,1,non_mandatory,1,638.0,638.0,586,13.0,25.0,12.0,,,-9.0,522.0,,False,True,15.629726509540408,Car_20_Gas,Car_20_Gas,Car_20_Gas,WALK,1.09437589030134,,,-9.0,0out_1in,othdiscr
79941,1598,shopping,1,1,1,1,non_mandatory,1,1794.0,638.0,587,24.0,25.0,1.0,,,-9.0,852.0,,False,True,10.604877496466882,Car_1_Gas,Car_1_Gas,Car_1_Gas,DRIVEALONE,0.7232560082860848,Car_1_Gas,,-9.0,0out_2in,shopping
79975,1599,othdiscr,1,1,1,1,non_mandatory,1,3356.0,638.0,587,13.0,20.0,7.0,,,-9.0,517.0,,False,True,15.846963963191042,Car_1_Gas,Car_1_Gas,Car_1_Gas,DRIVEALONE,0.3213260251896339,Car_1_Gas,,-9.0,0out_1in,othdiscr
80029,1600,othmaint,2,1,1,2,non_mandatory,1,19278.0,638.0,588,11.0,17.0,6.0,,,-9.0,441.0,,False,True,12.668895913312456,SUV_14_Gas,SUV_14_Gas,SUV_14_Gas,DRIVEALONE,-4.2620052539771285,SUV_14_Gas,,-9.0,0out_0in,othmaint
80030,1600,othmaint,2,2,2,2,non_mandatory,1,23956.0,638.0,588,22.0,34.0,12.0,,,-9.0,810.0,,False,True,12.46673690212232,SUV_14_Gas,SUV_14_Gas,SUV_14_Gas,DRIVEALONE,-3.023643303388356,SUV_14_Gas,,-9.0,0out_0in,othmaint
80091,1601,shopping,1,1,1,1,non_mandatory,1,1144.0,638.0,588,28.0,28.0,0.0,,,-9.0,945.0,,False,True,10.342615633861811,SUV_14_Gas,SUV_14_Gas,SUV_14_Gas,WALK,0.799013545545983,,,-9.0,0out_0in,shopping
80198,1603,work,2,1,1,2,mandatory,1,3451.0,638.0,590,31.0,34.0,3.0,,,-9.0,1008.0,,,,-9.0,Pickup_8_Gas,Pickup_8_Gas,Pickup_8_Gas,DRIVEALONE,0.0344802881553351,Pickup_8_Gas,no_subtours,-9.0,0out_0in,work
80199,1603,work,2,2,2,2,mandatory,1,3451.0,638.0,590,22.0,23.0,1.0,,,-9.0,799.0,,,,-9.0,Pickup_8_Gas,Pickup_8_Gas,Pickup_8_Gas,DRIVEALONE,0.0344730816861884,Pickup_8_Gas,no_subtours,-9.0,0out_1in,work
80209,1604,escort,1,1,1,1,non_mandatory,1,13130.0,638.0,591,24.0,26.0,2.0,,,-9.0,853.0,,False,True,12.59914986212284,Pickup_7_Gas,Pickup_7_Gas,Pickup_7_Gas,DRIVEALONE,-1.5260359745618506,Pickup_7_Gas,,-9.0,0out_0in,escort
80254,1605,eat,1,1,1,1,atwork,1,18654.0,18654.0,591,19.0,21.0,2.0,,,-9.0,713.0,,,,6.932766397491644,,,,SHARED3,0.3304083537279139,SUV_20_Gas,,80298.0,1out_1in,atwork
80298,1605,work,1,1,1,1,mandatory,1,18654.0,638.0,591,10.0,30.0,20.0,,,-9.0,416.0,,,,-9.0,SUV_20_Gas,Pickup_7_Gas,Pickup_7_Gas,DRIVEALONE,-1.5916871174841625,SUV_20_Gas,eat,-9.0,0out_0in,work
80325,1606,othdiscr,1,1,1,1,non_mandatory,1,638.0,638.0,591,35.0,35.0,0.0,,,-9.0,1071.0,,False,True,15.540774694258731,Pickup_7_Gas,Pickup_7_Gas,Pickup_7_Gas,WALK,0.7722892021438468,,,-9.0,0out_0in,othdiscr
80354,1607,eat,1,1,1,1,atwork,1,5062.0,7170.0,592,19.0,21.0,2.0,,,-9.0,713.0,,,,4.491490321421059,,,,DRIVEALONE,-1.0610335477660444,SUV_3_Gas,,80398.0,0out_0in,atwork
80398,1607,work,1,1,1,1,mandatory,1,7170.0,638.0,592,8.0,34.0,26.0,,,-9.0,341.0,,,,-9.0,SUV_3_Gas,SUV_3_Gas,Car_20_Gas,DRIVEALONE,-4.613108224218782,SUV_3_Gas,eat,-9.0,0out_2in,work
80404,1608,eat,1,1,1,1,atwork,1,8926.0,24333.0,592,16.0,18.0,2.0,,,-9.0,617.0,,,,-1.4254059619195203,,,,DRIVEALONE,-4.859537404887231,Car_20_Gas,,80448.0,1out_0in,atwork
80405,1608,eat,1,1,1,1,atwork,1,19278.0,24333.0,592,42.0,44.0,2.0,,,-9.0,1150.0,,,,-5.218123856230783,,,,DRIVEALONE,-11.136185085210318,SUV_3_Gas,,80449.0,0out_0in,atwork
80429,1608,othmaint,1,1,3,3,non_mandatory,1,14337.0,638.0,592,8.0,10.0,2.0,,,-9.0,317.0,,False,True,10.571887208233797,SUV_3_Gas,SUV_3_Gas,SUV_3_Gas,DRIVEALONE,-2.3502451079919204,SUV_3_Gas,,-9.0,0out_0in,othmaint
80448,1608,work,2,1,1,3,mandatory,1,24333.0,638.0,592,10.0,36.0,26.0,,,-9.0,422.0,,,,-9.0,Car_20_Gas,SUV_3_Gas,SUV_3_Gas,DRIVEALONE,-4.999866653175953,Car_20_Gas,eat,-9.0,0out_0in,work
80449,1608,work,2,2,2,3,mandatory,1,24333.0,638.0,592,38.0,44.0,6.0,,,-9.0,1116.0,,,,-9.0,SUV_3_Gas,SUV_3_Gas,SUV_3_Gas,DRIVEALONE,-4.944751141830854,SUV_3_Gas,eat,-9.0,0out_0in,work
80498,1609,work,1,1,1,1,mandatory,1,1261.0,638.0,593,10.0,27.0,17.0,,,-9.0,413.0,,,,-9.0,SUV_17_Gas,SUV_17_Gas,SUV_17_Gas,DRIVEALONE,-0.3587921867875817,SUV_17_Gas,no_subtours,-9.0,0out_0in,work
80506,1610,eatout,1,1,3,3,non_mandatory,1,1794.0,638.0,593,32.0,35.0,3.0,,,-9.0,1026.0,,False,True,16.789227497431757,SUV_17_Gas,Pickup_20_Gas,SUV_17_Gas,WALK,2.867483812997889,,,-9.0,0out_0in,eatout
80529,1610,othmaint,2,1,1,3,non_mandatory,1,1411.0,638.0,593,31.0,32.0,1.0,,,-9.0,1006.0,,False,True,11.6830939314853,Pickup_20_Gas,SUV_17_Gas,SUV_17_Gas,WALK,0.8638089775219888,,,-9.0,3out_3in,othmaint
80530,1610,othmaint,2,2,2,3,non_mandatory,1,1794.0,638.0,593,14.0,15.0,1.0,,,-9.0,547.0,,False,True,12.180025679323077,SUV_17_Gas,SUV_17_Gas,SUV_17_Gas,WALK,1.9893556127205891,,,-9.0,0out_0in,othmaint
80554,1611,eat,1,1,1,1,atwork,1,16858.0,16857.0,594,19.0,20.0,1.0,,,-9.0,712.0,,,,8.472624366267754,,,,WALK,-1.0222613246504195,non_hh_veh,,80598.0,0out_0in,atwork
80598,1611,work,1,1,1,1,mandatory,1,16857.0,638.0,594,8.0,30.0,22.0,,,-9.0,337.0,,,,-9.0,non_hh_veh,non_hh_veh,non_hh_veh,SHARED2,-4.351605729353902,non_hh_veh,eat,-9.0,0out_0in,work
80645,1612,social,1,1,1,1,non_mandatory,1,6061.0,638.0,595,13.0,21.0,8.0,,,-9.0,518.0,,False,True,13.160418418192034,Car_7_Gas,Car_7_Gas,Car_13_Gas,WALK,-0.0487057658246895,,,-9.0,0out_2in,social
80675,1613,othdiscr,1,1,1,1,non_mandatory,1,638.0,638.0,595,13.0,14.0,1.0,,,-9.0,511.0,,False,True,15.285311420043582,Car_13_Gas,Car_13_Gas,Car_7_Gas,WALK,1.927875854654768,,,-9.0,0out_0in,othdiscr
80721,1614,social,1,1,1,1,joint,2,638.0,638.0,596,32.0,32.0,0.0,,,-9.0,1023.0,adults,False,True,15.1293277818841,SUV_10_Gas,SUV_3_Gas,SUV_3_Gas,SHARED2,-0.5059471575941139,SUV_3_Gas,,-9.0,0out_0in,social
80829,1616,othmaint,1,1,1,1,non_mandatory,1,229.0,638.0,596,14.0,28.0,14.0,,,-9.0,560.0,,False,True,12.71798288746284,SUV_3_Gas,SUV_3_Gas,SUV_10_Gas,WALK,0.658244401686165,,,-9.0,0out_0in,othmaint
80869,1617,shopping,1,1,1,1,joint,2,3579.0,638.0,597,19.0,23.0,4.0,,,-9.0,715.0,adults,False,True,11.703266012319531,SUV_3_Gas,SUV_3_Gas,SUV_3_Gas,SHARED2,-1.794581616200458,SUV_3_Gas,,-9.0,0out_2in,shopping
80925,1618,othdiscr,1,1,2,2,non_mandatory,1,3306.0,638.0,597,30.0,36.0,6.0,,,-9.0,992.0,,False,True,14.7996160717299,SUV_3_Gas,SUV_3_Gas,SUV_3_Gas,WALK,0.6818954008821551,,,-9.0,0out_0in,othdiscr
80941,1618,shopping,1,1,1,2,non_mandatory,1,3356.0,638.0,597,16.0,17.0,1.0,,,-9.0,616.0,,False,True,10.377570183399444,Pickup_14_Gas,SUV_3_Gas,SUV_3_Gas,WALK,0.4821160153257046,,,-9.0,0out_0in,shopping
80979,1619,othmaint,1,1,2,2,non_mandatory,1,24333.0,638.0,598,34.0,39.0,5.0,,,-9.0,1061.0,,True,False,8.242622807565516,Van_10_Gas,Car_20_Gas,Pickup_11_Gas,SHARED2,-2.1902663399439293,Car_20_Gas,,-9.0,2out_1in,othmaint
80998,1619,work,1,1,1,2,mandatory,1,5878.0,638.0,598,11.0,30.0,19.0,,,-9.0,454.0,,,,-9.0,Car_20_Gas,Van_10_Gas,Pickup_11_Gas,WALK,-1.6339142096435602,,no_subtours,-9.0,0out_0in,work
81098,1621,work,1,1,1,1,mandatory,1,7951.0,638.0,599,8.0,27.0,19.0,,,-9.0,334.0,,,,-9.0,Car_11_Gas,Car_11_Gas,Car_5_Gas,DRIVEALONE,-4.01805556944211,Car_11_Gas,no_subtours,-9.0,0out_0in,work
81129,1622,othmaint,1,1,1,1,non_mandatory,1,16378.0,638.0,599,16.0,22.0,6.0,,,-9.0,621.0,,False,True,12.8760645958206,Car_11_Gas,Car_5_Gas,Car_11_Gas,DRIVEALONE,-1.996037451712766,Car_11_Gas,,-9.0,0out_0in,othmaint
81159,1623,escort,2,1,2,4,non_mandatory,1,16276.0,638.0,600,27.0,28.0,1.0,,,-9.0,924.0,,False,True,12.46336191130521,Pickup_17_Gas,SUV_19_Gas,SUV_19_Gas,SHARED3,-0.8857564671476424,SUV_19_Gas,,-9.0,0out_0in,escort
81160,1623,escort,2,2,3,4,non_mandatory,1,23881.0,638.0,600,29.0,30.0,1.0,,,-9.0,967.0,,False,True,12.964878463827716,Pickup_17_Gas,Pickup_17_Gas,SUV_19_Gas,DRIVEALONE,-0.5372380813899912,Pickup_17_Gas,,-9.0,0out_0in,escort
81175,1623,othdiscr,1,1,4,4,non_mandatory,1,6272.0,638.0,600,32.0,36.0,4.0,,,-9.0,1027.0,,False,True,12.996723386376688,SUV_19_Gas,SUV_19_Gas,Pickup_17_Gas,WALK,1.838090418337163,,,-9.0,0out_1in,othdiscr
81198,1623,work,1,1,1,4,mandatory,1,5878.0,638.0,600,9.0,27.0,19.0,ride_share,,1.0,374.0,,,,-9.0,SUV_19_Gas,SUV_19_Gas,SUV_19_Gas,BIKE,-3.7209310779790457,,no_subtours,-9.0,1out_0in,work
81204,1624,eat,1,1,1,1,atwork,1,23379.0,11387.0,600,18.0,20.0,2.0,,,-9.0,682.0,,,,4.646327931432055,,,,DRIVEALONE,-5.126088243807125,SUV_19_Gas,,81248.0,0out_0in,atwork
81225,1624,othdiscr,1,1,2,2,non_mandatory,1,5765.0,638.0,600,30.0,33.0,3.0,,,-9.0,989.0,,False,True,16.04369541418821,Pickup_17_Gas,SUV_19_Gas,SUV_19_Gas,SHARED3,1.6292075713000504,SUV_19_Gas,,-9.0,0out_0in,othdiscr
81248,1624,work,1,1,1,2,mandatory,1,11387.0,638.0,600,8.0,30.0,22.0,,,-9.0,337.0,,,,-9.0,SUV_19_Gas,Pickup_17_Gas,Pickup_17_Gas,DRIVEALONE,-2.854910212282011,SUV_19_Gas,eat,-9.0,0out_1in,work
81283,1625,school,1,1,1,1,mandatory,1,7296.0,638.0,600,9.0,25.0,16.0,ride_share,,-9.0,372.0,,,,-9.0,SUV_19_Gas,SUV_19_Gas,SUV_19_Gas,BIKE,3.82436843413914,,,-9.0,0out_1in,school
81333,1626,school,1,1,1,1,mandatory,1,15662.0,638.0,600,11.0,27.0,16.0,,,-9.0,451.0,,,,-9.0,Pickup_17_Gas,SUV_19_Gas,SUV_19_Gas,SHARED3,-4.792066313328154,SUV_19_Gas,,-9.0,1out_0in,school
81425,1628,othdiscr,1,1,1,1,non_mandatory,1,16110.0,638.0,601,30.0,36.0,6.0,,,-9.0,992.0,,False,True,14.62247024341088,Pickup_20_Gas,Pickup_20_Gas,Pickup_20_Gas,DRIVEALONE,-0.8842560449045175,Pickup_20_Gas,,-9.0,1out_1in,othdiscr
81475,1629,othdiscr,1,1,3,3,non_mandatory,1,3356.0,638.0,602,33.0,38.0,5.0,,,-9.0,1045.0,,False,True,15.163058765603765,Car_2_Gas,Car_2_Gas,Car_2_Gas,WALK,2.0518452138271237,,,-9.0,0out_0in,othdiscr
81479,1629,othmaint,1,1,2,3,non_mandatory,1,18972.0,638.0,602,29.0,32.0,3.0,,,-9.0,969.0,,False,True,12.083389110540717,Car_2_Gas,Car_2_Gas,Car_2_Gas,SHARED2,-1.7820388491359886,Car_2_Gas,,-9.0,1out_1in,othmaint
81498,1629,work,1,1,1,3,mandatory,1,3537.0,638.0,602,9.0,27.0,18.0,,,-9.0,374.0,,,,-9.0,Car_2_Gas,Car_2_Gas,Car_2_Gas,DRIVEALONE,-3.1491957384059672,Car_2_Gas,no_subtours,-9.0,0out_0in,work
81598,1631,work,1,1,1,1,mandatory,1,16196.0,638.0,604,9.0,28.0,19.0,,,-9.0,375.0,,,,-9.0,Car_10_Gas,Car_10_Gas,Car_6_Gas,DRIVEALONE,-1.063618729865009,Car_10_Gas,no_subtours,-9.0,0out_0in,work
81629,1632,othmaint,1,1,1,1,non_mandatory,1,9031.0,638.0,604,10.0,18.0,8.0,,,-9.0,404.0,,False,True,10.8292569840424,Car_6_Gas,Car_10_Gas,Car_6_Gas,DRIVEALONE,-1.98406771927743,Car_6_Gas,,-9.0,0out_0in,othmaint
81675,1633,othdiscr,1,1,1,1,non_mandatory,1,18394.0,638.0,605,20.0,32.0,12.0,,,-9.0,753.0,,False,True,15.252570122891322,Car_20_Gas,Pickup_15_Gas,Pickup_15_Gas,DRIVEALONE,-5.2553461542866,Car_20_Gas,,-9.0,0out_1in,othdiscr
81719,1635,shopping,1,1,1,3,joint,2,1794.0,638.0,606,16.0,22.0,6.0,,,-9.0,621.0,adults,False,True,11.967014788217824,Car_20_Gas,SUV_4_Gas,SUV_4_Gas,SHARED2,-0.9217846130550196,SUV_4_Gas,,-9.0,0out_0in,shopping
81729,1634,othmaint,1,1,1,1,non_mandatory,1,23963.0,638.0,606,15.0,27.0,12.0,,,-9.0,593.0,,False,True,10.859683357403783,Car_20_Gas,SUV_4_Gas,SUV_4_Gas,SHARED2,-3.1222368808962155,SUV_4_Gas,,-9.0,1out_1in,othmaint
81775,1635,othdiscr,2,1,2,3,non_mandatory,1,3451.0,638.0,606,14.0,16.0,2.0,,,-9.0,548.0,,False,True,15.17637761301503,SUV_4_Gas,SUV_4_Gas,SUV_4_Gas,BIKE,0.7112137915441398,,,-9.0,0out_0in,othdiscr
81776,1635,othdiscr,2,2,3,3,non_mandatory,1,3451.0,638.0,606,22.0,23.0,1.0,,,-9.0,799.0,,False,True,15.22259564169845,SUV_4_Gas,SUV_4_Gas,SUV_4_Gas,DRIVEALONE,0.7329117828735583,SUV_4_Gas,,-9.0,0out_1in,othdiscr
81895,1637,social,1,1,1,1,non_mandatory,1,2368.0,638.0,607,39.0,39.0,0.0,,,-9.0,1121.0,,False,True,13.574368980758242,Car_13_Gas,Car_13_Gas,Car_13_Gas,WALK,1.052198225145697,,,-9.0,0out_0in,social
81929,1638,othmaint,1,1,1,1,non_mandatory,1,24331.0,638.0,608,13.0,35.0,22.0,,,-9.0,532.0,,True,False,8.300858979234423,Car_13_Gas,SUV_11_Gas,Car_13_Gas,SHARED2,-5.379333090181784,SUV_11_Gas,,-9.0,0out_3in,othmaint
81973,1639,maint,1,1,1,1,atwork,1,18973.0,19081.0,608,25.0,26.0,1.0,,,-9.0,877.0,,,,4.53293242500113,,,,WALK,-0.6641797503989848,Car_13_Gas,,81998.0,0out_0in,atwork
81998,1639,work,1,1,1,1,mandatory,1,19081.0,638.0,608,12.0,31.0,19.0,,,-9.0,492.0,,,,-9.0,Car_13_Gas,Car_13_Gas,SUV_11_Gas,SHARED2,-1.944944262067492,Car_13_Gas,maint,-9.0,1out_0in,work
82029,1640,othmaint,1,1,3,4,non_mandatory,1,6298.0,638.0,609,20.0,25.0,5.0,,,-9.0,746.0,,False,True,12.24373754946102,Pickup_6_Gas,Pickup_6_Gas,Pickup_6_Gas,SHARED3,-0.8842163137084746,Pickup_6_Gas,,-9.0,0out_0in,othmaint
82035,1640,escort,2,1,1,4,non_mandatory,1,16301.0,638.0,609,25.0,27.0,2.0,,pure_escort,1.0,878.0,,False,True,-9.0,Pickup_6_Gas,Pickup_6_Gas,Pickup_6_Gas,SHARED3,-1.06443522867103,Pickup_6_Gas,,-9.0,0out_0in,escort
82036,1640,escort,2,2,2,4,non_mandatory,1,16377.0,638.0,609,28.0,29.0,1.0,,pure_escort,1.0,946.0,,False,True,-9.0,Pickup_6_Gas,non_hh_veh,Pickup_6_Gas,SHARED2,-0.8550181220244931,non_hh_veh,,-9.0,1out_0in,escort
82045,1640,social,1,1,4,4,non_mandatory,1,1794.0,638.0,609,32.0,37.0,5.0,,,-9.0,1028.0,,False,True,16.54853082940233,Pickup_6_Gas,Pickup_6_Gas,Pickup_6_Gas,SHARED3,1.423518209620119,Pickup_6_Gas,,-9.0,3out_3in,social
82085,1641,escort,2,1,1,3,non_mandatory,1,16377.0,638.0,609,9.0,10.0,1.0,pure_escort,,1.0,357.0,,False,True,-9.0,Pickup_6_Gas,Pickup_6_Gas,Pickup_6_Gas,SHARED3,-4.1321431245211535,Pickup_6_Gas,,-9.0,0out_0in,escort
82086,1641,escort,2,2,2,3,non_mandatory,1,16301.0,638.0,609,11.0,14.0,3.0,pure_escort,,1.0,438.0,,False,True,-9.0,Pickup_6_Gas,Pickup_6_Gas,Pickup_6_Gas,BIKE,-4.483218341179318,,,-9.0,0out_1in,escort
82091,1641,shopping,1,1,3,3,non_mandatory,1,1794.0,638.0,609,27.0,27.0,0.0,,,-9.0,923.0,,False,True,10.919680221245155,Pickup_6_Gas,Pickup_6_Gas,Pickup_6_Gas,WALK,1.2389068915473271,,,-9.0,1out_0in,shopping
82133,1642,school,1,1,1,1,mandatory,1,16377.0,638.0,609,9.0,29.0,20.0,pure_escort,pure_escort,-9.0,376.0,,,,-9.0,Pickup_6_Gas,Pickup_6_Gas,Pickup_6_Gas,SHARED2,-0.5784900347621471,Pickup_6_Gas,,-9.0,0out_0in,school
82183,1643,school,1,1,1,1,mandatory,1,16301.0,638.0,609,11.0,27.0,16.0,pure_escort,pure_escort,-9.0,451.0,,,,-9.0,Pickup_6_Gas,Pickup_6_Gas,Pickup_6_Gas,SHARED3,-0.7407349600741157,Pickup_6_Gas,,-9.0,0out_0in,school
82241,1644,shopping,2,1,1,2,non_mandatory,1,3356.0,638.0,610,33.0,37.0,4.0,,,-9.0,1044.0,,False,True,11.27803940842031,Pickup_14_Gas,Car_14_Gas,Car_14_Gas,BIKE,1.7341247920312295,,,-9.0,0out_1in,shopping
82242,1644,shopping,2,2,2,2,non_mandatory,1,3356.0,638.0,610,16.0,17.0,1.0,,,-9.0,616.0,,False,True,11.1422711487626,Car_14_Gas,Car_14_Gas,Pickup_14_Gas,DRIVEALONE,1.755382860464087,Car_14_Gas,,-9.0,0out_0in,shopping
82283,1645,school,1,1,1,1,mandatory,1,23114.0,638.0,610,12.0,41.0,29.0,,,-9.0,502.0,,,,-9.0,Car_14_Gas,Car_14_Gas,Car_14_Gas,DRIVEALONE,-1.877315981200822,Car_14_Gas,,-9.0,3out_3in,univ
82345,1646,social,1,1,1,1,non_mandatory,1,17936.0,638.0,611,17.0,31.0,14.0,,,-9.0,662.0,,False,True,13.85777857006019,SUV_9_Gas,SUV_9_Gas,SUV_9_Gas,SHARED3,-5.37622852536268,SUV_9_Gas,,-9.0,0out_2in,social
82379,1647,othmaint,1,1,2,2,non_mandatory,1,24333.0,638.0,612,11.0,26.0,15.0,,,-9.0,450.0,,True,False,7.889975439793646,non_hh_veh,non_hh_veh,non_hh_veh,DRIVEALONE,-4.016593651253657,non_hh_veh,,-9.0,0out_1in,othmaint
82391,1647,shopping,1,1,1,2,non_mandatory,1,1794.0,638.0,612,26.0,28.0,2.0,,,-9.0,902.0,,False,True,12.438935216338276,non_hh_veh,non_hh_veh,non_hh_veh,WALK,3.595568521152483,,,-9.0,3out_0in,shopping
82429,1648,othmaint,1,1,1,1,non_mandatory,1,6287.0,638.0,613,22.0,24.0,2.0,,,-9.0,800.0,,False,True,12.117683830301887,Pickup_20_Gas,Pickup_20_Gas,Pickup_20_Gas,DRIVEALONE,-14.031317483142178,Pickup_20_Gas,,-9.0,2out_0in,othmaint
82504,1650,eat,1,1,1,1,atwork,1,7616.0,24331.0,614,18.0,19.0,1.0,,,-9.0,681.0,,,,2.0684648729172683,,,,DRIVEALONE,-8.506956201745675,Pickup_16_Gas,,82548.0,0out_0in,atwork
82541,1650,shopping,1,1,2,2,non_mandatory,1,1794.0,638.0,614,33.0,35.0,2.0,,,-9.0,1042.0,,False,True,11.02306374266341,Pickup_16_Gas,Car_20_Gas,SUV_20_Gas,WALK,1.4304070282390495,,,-9.0,0out_0in,shopping
82548,1650,work,1,1,1,2,mandatory,1,24331.0,638.0,614,11.0,31.0,20.0,,,-9.0,455.0,,,,-9.0,Pickup_16_Gas,SUV_20_Gas,Pickup_16_Gas,DRIVEALONE,-2.094154487785973,Pickup_16_Gas,eat,-9.0,0out_1in,work
82609,1652,escort,1,1,1,1,non_mandatory,1,78.0,638.0,615,11.0,16.0,5.0,,,-9.0,440.0,,False,True,12.631175552501478,Car_14_Gas,SUV_20_Gas,Car_14_Gas,WALK,-1.312666159432646,,,-9.0,0out_0in,escort
82691,1653,shopping,1,1,2,2,non_mandatory,1,8847.0,638.0,616,13.0,14.0,1.0,,,-9.0,511.0,,False,True,10.444869928846956,Pickup_20_Gas,Pickup_20_Gas,Pickup_20_Gas,WALK,0.6142413344940691,,,-9.0,0out_0in,shopping
82698,1653,work,1,1,1,2,mandatory,1,18857.0,638.0,616,31.0,43.0,12.0,,,-9.0,1017.0,,,,-9.0,SUV_14_Gas,SUV_14_Gas,SUV_14_Gas,DRIVEALONE,-3.686852072595084,SUV_14_Gas,no_subtours,-9.0,0out_0in,work
82725,1654,othdiscr,2,1,2,3,non_mandatory,1,3451.0,638.0,616,30.0,33.0,3.0,,,-9.0,989.0,,False,True,15.844757234962984,Pickup_20_Gas,SUV_14_Gas,SUV_14_Gas,WALK,1.7987827192588843,,,-9.0,0out_0in,othdiscr
82726,1654,othdiscr,2,2,3,3,non_mandatory,1,6271.0,638.0,616,29.0,30.0,1.0,,,-9.0,967.0,,False,True,15.302830841787614,SUV_14_Gas,SUV_14_Gas,SUV_14_Gas,WALK,1.5218278128701976,,,-9.0,0out_0in,othdiscr
82729,1654,othmaint,1,1,1,3,non_mandatory,1,23560.0,638.0,616,11.0,17.0,6.0,,,-9.0,441.0,,False,True,11.488256228179567,SUV_14_Gas,SUV_14_Gas,SUV_14_Gas,DRIVEALONE,-1.6840723287294104,SUV_14_Gas,,-9.0,3out_3in,othmaint
82798,1655,work,1,1,1,1,mandatory,1,10542.0,638.0,617,11.0,28.0,17.0,,,-9.0,452.0,,,,-9.0,Pickup_10_Gas,SUV_7_Gas,SUV_7_Gas,SHARED2,-3.0117587124292817,SUV_7_Gas,no_subtours,-9.0,1out_2in,work
82804,1656,eat,1,1,1,1,atwork,1,15865.0,24147.0,617,15.0,16.0,1.0,,,-9.0,582.0,,,,6.20065468231965,,,,DRIVEALONE,0.0429802979427885,SUV_7_Gas,,82848.0,0out_0in,atwork
82848,1656,work,1,1,1,1,mandatory,1,24147.0,638.0,617,10.0,22.0,12.0,,,-9.0,408.0,,,,-9.0,SUV_7_Gas,Car_18_Gas,Pickup_10_Gas,DRIVEALONE,-2.672104223319312,SUV_7_Gas,eat,-9.0,0out_0in,work
82879,1657,othmaint,1,1,1,1,non_mandatory,1,2465.0,638.0,617,9.0,15.0,6.0,,,-9.0,362.0,,False,True,10.89990951436924,Car_18_Gas,SUV_7_Gas,SUV_7_Gas,SHARED2,-1.302306532187,SUV_7_Gas,,-9.0,0out_3in,othmaint
82948,1658,work,1,1,1,1,mandatory,1,24010.0,638.0,618,10.0,28.0,18.0,,,-9.0,414.0,,,,-9.0,SUV_12_Gas,SUV_12_Gas,SUV_12_Gas,DRIVEALONE,-2.446264349855071,SUV_12_Gas,no_subtours,-9.0,0out_1in,work
82979,1659,othmaint,1,1,1,1,non_mandatory,1,15850.0,638.0,619,27.0,31.0,4.0,,,-9.0,927.0,,False,True,11.03916619426332,SUV_7_Gas,SUV_7_Gas,SUV_7_Gas,DRIVEALONE,-3.190534126669028,SUV_7_Gas,,-9.0,3out_3in,othmaint
83048,1660,work,1,1,1,1,mandatory,1,19123.0,638.0,620,22.0,43.0,21.0,,,-9.0,819.0,,,,-9.0,Car_2_Gas,Car_2_Gas,SUV_18_Gas,DRIVEALONE,-2.517144574127205,Car_2_Gas,no_subtours,-9.0,0out_0in,work
83054,1661,eat,1,1,1,1,atwork,1,20183.0,19962.0,620,19.0,19.0,0.0,,,-9.0,711.0,,,,4.852332185904069,,,,WALK,-0.4326646920313998,Car_2_Gas,,83098.0,0out_0in,atwork
83098,1661,work,1,1,1,1,mandatory,1,19962.0,638.0,620,9.0,30.0,21.0,,,-9.0,377.0,,,,-9.0,Car_2_Gas,SUV_18_Gas,SUV_18_Gas,DRIVEALONE,-8.345589757510568,Car_2_Gas,eat,-9.0,0out_1in,work
83191,1663,shopping,1,1,1,1,non_mandatory,1,18627.0,644.0,622,17.0,22.0,5.0,,,-9.0,653.0,,False,True,10.877173652772388,Pickup_10_Gas,Pickup_10_Gas,Pickup_10_Gas,DRIVEALONE,-3.216402119722859,Pickup_10_Gas,,-9.0,2out_0in,shopping
83259,1665,escort,1,1,2,2,non_mandatory,1,6344.0,644.0,623,35.0,36.0,1.0,,,-9.0,1072.0,,False,True,12.863060467946042,Car_9_Gas,Car_9_Gas,SUV_10_Gas,DRIVEALONE,-1.4605394647555403,Car_9_Gas,,-9.0,0out_0in,escort
83298,1665,work,1,1,1,2,mandatory,1,10531.0,644.0,623,14.0,30.0,16.0,,,-9.0,562.0,,,,-9.0,Car_9_Gas,Car_9_Gas,Car_9_Gas,DRIVEALONE,-3.866039875519873,Car_9_Gas,no_subtours,-9.0,0out_0in,work
83309,1666,escort,1,1,1,1,non_mandatory,1,13527.0,644.0,623,23.0,24.0,1.0,,,-9.0,826.0,,False,True,13.550095785041778,Car_9_Gas,Car_9_Gas,Car_9_Gas,SHARED3,-0.2232326313371509,Car_9_Gas,,-9.0,0out_0in,escort
83359,1667,escort,1,1,1,1,non_mandatory,1,9898.0,644.0,623,19.0,20.0,1.0,,,-9.0,712.0,,False,True,12.70044879498953,SUV_10_Gas,SUV_10_Gas,Car_9_Gas,SHARED2,-1.385131704699078,SUV_10_Gas,,-9.0,0out_0in,escort
83456,1669,eatout,1,1,1,1,non_mandatory,1,13518.0,644.0,625,14.0,18.0,4.0,,,-9.0,550.0,,False,True,14.189109875401703,Car_4_Gas,Car_3_Gas,Car_4_Gas,DRIVEALONE,0.1725208991998674,Car_4_Gas,,-9.0,0out_0in,eatout
83529,1670,othmaint,1,1,1,1,non_mandatory,1,15891.0,644.0,625,19.0,32.0,13.0,,,-9.0,724.0,,False,True,12.254546568809156,Car_3_Gas,Car_3_Gas,Car_3_Gas,DRIVEALONE,-2.066378212903853,Car_3_Gas,,-9.0,0out_1in,othmaint
83775,1675,othdiscr,1,1,2,2,non_mandatory,1,14312.0,644.0,627,16.0,18.0,2.0,,,-9.0,617.0,,False,True,13.291588646122992,Pickup_18_Gas,Car_6_Gas,Car_6_Gas,WALK_LOC,-0.9134492272716156,,,-9.0,0out_1in,othdiscr
83791,1675,shopping,1,1,1,2,non_mandatory,1,23883.0,644.0,627,32.0,32.0,0.0,,,-9.0,1023.0,,False,True,10.564633069452876,Pickup_18_Gas,Car_6_Gas,Car_6_Gas,DRIVEALONE,-0.5350942279032989,Pickup_18_Gas,,-9.0,1out_0in,shopping
83809,1676,escort,1,1,2,3,non_mandatory,1,23859.0,644.0,627,12.0,12.0,0.0,,,-9.0,473.0,,False,True,12.370224405532593,Car_6_Gas,Pickup_18_Gas,Car_6_Gas,DRIVEALONE,-0.06139380026054,Car_6_Gas,,-9.0,0out_0in,escort
83829,1676,othmaint,1,1,3,3,non_mandatory,1,23062.0,644.0,627,29.0,32.0,3.0,,,-9.0,969.0,,False,True,11.896020144905204,Pickup_18_Gas,Car_6_Gas,Car_6_Gas,SHARED2,-1.9780930175440203,Car_6_Gas,,-9.0,0out_0in,othmaint
83848,1676,work,1,1,1,3,mandatory,1,7616.0,644.0,627,12.0,29.0,17.0,,,-9.0,490.0,,,,-9.0,Pickup_18_Gas,Car_6_Gas,Pickup_18_Gas,DRIVEALONE,-1.6251946660249457,Pickup_18_Gas,no_subtours,-9.0,2out_3in,work
83956,1679,eatout,1,1,1,3,non_mandatory,1,23858.0,644.0,628,5.0,8.0,3.0,,,-9.0,189.0,,False,True,13.3498106288886,non_hh_veh,Car_7_Gas,Car_7_Gas,SHARED3,-0.89301906101385,Car_7_Gas,,-9.0,0out_0in,eatout
83975,1679,othdiscr,2,1,2,3,non_mandatory,1,5111.0,644.0,628,28.0,32.0,4.0,,,-9.0,949.0,,False,True,13.527611089799189,Car_7_Gas,Car_7_Gas,Car_7_Gas,WALK,-0.0696145972680704,,,-9.0,0out_0in,othdiscr
83976,1679,othdiscr,2,2,3,3,non_mandatory,1,7930.0,644.0,628,22.0,26.0,4.0,,,-9.0,802.0,,False,True,13.066277557211045,Car_7_Gas,Car_7_Gas,Car_7_Gas,WALK,-1.5102683548043352,,,-9.0,0out_0in,othdiscr
84004,1680,eat,1,1,1,1,atwork,1,24068.0,24068.0,629,19.0,20.0,1.0,,,-9.0,712.0,,,,7.641325998857448,,,,DRIVEALONE,0.8088257877086221,Pickup_9_Gas,,84048.0,0out_0in,atwork
84048,1680,work,1,1,1,1,mandatory,1,24068.0,644.0,629,10.0,30.0,20.0,,,-9.0,416.0,,,,-9.0,Pickup_9_Gas,Pickup_9_Gas,Car_17_Gas,DRIVEALONE,-3.0854838274621468,Pickup_9_Gas,eat,-9.0,0out_0in,work
84059,1681,escort,1,1,1,1,non_mandatory,1,8216.0,644.0,629,11.0,26.0,15.0,,,-9.0,450.0,,False,True,11.981928043144602,SUV_15_Gas,SUV_15_Gas,SUV_15_Gas,DRIVEALONE,-0.3985829203301755,SUV_15_Gas,,-9.0,0out_0in,escort
84106,1682,eatout,1,1,4,5,non_mandatory,1,7130.0,644.0,630,29.0,33.0,4.0,,,-9.0,970.0,,False,True,14.245114514090464,Van_11_Gas,SUV_7_Gas,SUV_7_Gas,DRIVEALONE,0.2140598375032764,Van_11_Gas,,-9.0,0out_0in,eatout
84117,1682,othmaint,3,1,1,5,joint,2,16415.0,644.0,630,23.0,25.0,2.0,,,-9.0,827.0,adults,False,True,12.763694516868217,SUV_7_Gas,SUV_7_Gas,Van_11_Gas,SHARED2,-3.992802224530479,SUV_7_Gas,,-9.0,0out_0in,othmaint
84125,1682,othdiscr,1,1,5,5,non_mandatory,1,4675.0,644.0,630,7.0,12.0,5.0,,,-9.0,278.0,,False,True,13.175785032562484,Van_11_Gas,Van_11_Gas,SUV_7_Gas,DRIVEALONE,-8.547209837411188,Van_11_Gas,,-9.0,0out_1in,othdiscr
84129,1682,othmaint,3,2,2,5,non_mandatory,1,15702.0,644.0,630,17.0,21.0,4.0,,,-9.0,652.0,,False,True,12.55652297555952,Van_11_Gas,SUV_7_Gas,Van_11_Gas,DRIVEALONE,-5.30966968299033,Van_11_Gas,,-9.0,0out_0in,othmaint
84130,1682,othmaint,3,3,3,5,non_mandatory,1,19153.0,644.0,630,14.0,17.0,3.0,,,-9.0,549.0,,False,True,12.629628685033914,SUV_7_Gas,SUV_7_Gas,SUV_7_Gas,DRIVEALONE,-4.777936439154587,SUV_7_Gas,,-9.0,2out_0in,othmaint
84204,1684,eat,1,1,1,1,atwork,1,20334.0,20334.0,631,19.0,20.0,1.0,,,-9.0,712.0,,,,7.166157298710193,,,,WALK,0.2062905655081489,Van_9_Gas,,84248.0,0out_0in,atwork
84235,1684,escort,2,1,2,3,non_mandatory,1,17816.0,644.0,631,2.0,4.0,2.0,pure_escort,,1.0,50.0,,False,True,-9.0,Van_9_Gas,Van_9_Gas,Van_9_Gas,SHARED2,-9.175640509438033,Van_9_Gas,,-9.0,0out_0in,escort
84236,1684,escort,2,2,3,3,non_mandatory,1,7296.0,644.0,631,9.0,9.0,0.0,pure_escort,,1.0,356.0,,False,True,-9.0,Van_9_Gas,Van_9_Gas,Van_9_Gas,WALK,-1.5599595543612157,,,-9.0,0out_0in,escort
84248,1684,work,1,1,1,3,mandatory,1,20334.0,644.0,631,10.0,29.0,18.0,ride_share,,1.0,415.0,,,,-9.0,Van_9_Gas,Van_9_Gas,Van_9_Gas,SHARED2,-3.4404421256985542,Van_9_Gas,eat,-9.0,1out_0in,work
84283,1685,school,1,1,1,1,mandatory,1,7296.0,644.0,631,9.0,25.0,16.0,pure_escort,,-9.0,372.0,,,,-9.0,Van_9_Gas,Van_9_Gas,Van_9_Gas,WALK,2.007730628659344,,,-9.0,0out_0in,school
84333,1686,school,1,1,1,1,mandatory,1,17816.0,644.0,631,2.0,29.0,27.0,pure_escort,,-9.0,75.0,,,,-9.0,Van_9_Gas,Van_9_Gas,Van_9_Gas,SHARED2,-5.982685205986294,Van_9_Gas,,-9.0,0out_1in,school
84383,1687,school,1,1,1,1,mandatory,1,7296.0,644.0,631,10.0,26.0,16.0,ride_share,,-9.0,412.0,,,,-9.0,Van_9_Gas,Van_9_Gas,Van_9_Gas,SHARED2,3.6063336427829378,Van_9_Gas,,-9.0,0out_0in,school
84425,1688,othdiscr,1,1,2,2,non_mandatory,1,19451.0,644.0,632,9.0,13.0,4.0,,,-9.0,360.0,,False,True,12.990366162321576,SUV_12_Gas,SUV_12_Gas,SUV_12_Gas,DRIVEALONE,-3.775940832628885,SUV_12_Gas,,-9.0,0out_1in,othdiscr
84441,1688,shopping,1,1,1,2,non_mandatory,1,6298.0,644.0,632,20.0,25.0,5.0,,,-9.0,746.0,,False,True,10.394134618066802,SUV_12_Gas,SUV_12_Gas,SUV_12_Gas,DRIVEALONE,-0.4412045463816398,SUV_12_Gas,,-9.0,0out_0in,shopping
84500,1690,business,1,1,1,1,atwork,1,7616.0,5878.0,633,23.0,24.0,1.0,,,-9.0,826.0,,,,2.217878083639643,,,,SHARED3,-5.274374171933063,Car_4_Gas,,84548.0,0out_1in,atwork
84548,1690,work,2,1,1,2,mandatory,1,5878.0,644.0,633,8.0,34.0,26.0,,,-9.0,341.0,,,,-9.0,Car_4_Gas,Car_4_Gas,Car_4_Gas,DRIVEALONE,-3.125549839289268,Car_4_Gas,business1,-9.0,0out_1in,work
84549,1690,work,2,2,2,2,mandatory,1,5878.0,644.0,633,35.0,36.0,1.0,,,-9.0,1072.0,,,,-9.0,Car_4_Gas,Car_4_Gas,Car_4_Gas,DRIVEALONE,-3.0845667209136414,Car_4_Gas,no_subtours,-9.0,0out_0in,work
84575,1691,othdiscr,2,1,1,2,non_mandatory,1,15775.0,644.0,633,32.0,39.0,7.0,,,-9.0,1030.0,,False,True,12.624348836602907,Car_4_Gas,Car_4_Gas,Car_4_Gas,DRIVEALONE,-3.383199404171379,Car_4_Gas,,-9.0,1out_2in,othdiscr
84576,1691,othdiscr,2,2,2,2,non_mandatory,1,7549.0,644.0,633,10.0,18.0,8.0,,,-9.0,404.0,,False,True,12.483788602441896,Car_4_Gas,Car_4_Gas,Car_4_Gas,DRIVEALONE,-8.009664182467008,Car_4_Gas,,-9.0,0out_1in,othdiscr
84641,1692,shopping,1,1,1,1,non_mandatory,1,23883.0,644.0,634,34.0,37.0,3.0,,,-9.0,1059.0,,False,True,10.16571424203446,SUV_8_Gas,SUV_14_Gas,SUV_14_Gas,WALK,-0.4850256427237652,,,-9.0,0out_1in,shopping
84691,1693,shopping,1,1,1,1,non_mandatory,1,5111.0,644.0,634,30.0,32.0,2.0,,,-9.0,988.0,,False,True,9.96676584245436,SUV_8_Gas,SUV_14_Gas,SUV_8_Gas,DRIVEALONE,-0.353039435521671,SUV_8_Gas,,-9.0,1out_1in,shopping
84715,1694,othdiscr,1,1,5,5,joint,3,16364.0,644.0,635,28.0,35.0,7.0,,,-9.0,952.0,mixed,False,True,12.855372364003378,Car_1_Gas,SUV_9_Gas,SUV_9_Gas,SHARED3,-5.54704326026864,SUV_9_Gas,,-9.0,0out_0in,othdiscr
84735,1694,escort,4,1,1,5,non_mandatory,1,16045.0,644.0,635,9.0,10.0,1.0,pure_escort,,1.0,357.0,,False,True,-9.0,SUV_9_Gas,SUV_9_Gas,Car_1_Gas,SHARED2,-3.495528216973266,SUV_9_Gas,,-9.0,0out_0in,escort
84736,1694,escort,4,2,2,5,non_mandatory,1,15833.0,644.0,635,10.0,11.0,1.0,pure_escort,,1.0,397.0,,False,True,-9.0,SUV_9_Gas,SUV_9_Gas,SUV_9_Gas,SHARED2,-6.81147528450072,SUV_9_Gas,,-9.0,0out_0in,escort
84737,1694,escort,4,3,3,5,non_mandatory,1,15833.0,644.0,635,17.0,18.0,1.0,,pure_escort,1.0,649.0,,False,True,-9.0,Car_1_Gas,Car_1_Gas,Car_1_Gas,SHARED2,-6.319776858271283,Car_1_Gas,,-9.0,0out_0in,escort
84738,1694,escort,4,4,4,5,non_mandatory,1,16045.0,644.0,635,26.0,27.0,1.0,,pure_escort,1.0,901.0,,False,True,-9.0,Car_1_Gas,SUV_9_Gas,SUV_9_Gas,SHARED3,-3.5124879452824347,SUV_9_Gas,,-9.0,0out_0in,escort
84833,1696,school,1,1,1,1,mandatory,1,15833.0,644.0,635,10.0,18.0,8.0,pure_escort,pure_escort,-9.0,404.0,,,,-9.0,Car_1_Gas,SUV_9_Gas,SUV_9_Gas,SHARED2,-3.8351130104863778,SUV_9_Gas,,-9.0,0out_0in,school
84883,1697,school,1,1,1,1,mandatory,1,16045.0,644.0,635,9.0,27.0,18.0,pure_escort,pure_escort,-9.0,374.0,,,,-9.0,SUV_9_Gas,Car_1_Gas,SUV_9_Gas,SHARED3,-2.4889076534098376,SUV_9_Gas,,-9.0,0out_0in,school
84906,1698,eatout,1,1,1,1,non_mandatory,1,5111.0,644.0,636,29.0,34.0,5.0,,,-9.0,971.0,,False,True,12.88984191664795,Car_9_Gas,Pickup_4_Gas,Car_9_Gas,DRIVEALONE,-0.8633327840651644,Car_9_Gas,,-9.0,0out_0in,eatout
84979,1699,othmaint,1,1,1,1,non_mandatory,1,23257.0,644.0,636,18.0,19.0,1.0,,,-9.0,681.0,,False,True,11.27970447910264,SUV_17_Gas,Car_9_Gas,SUV_17_Gas,DRIVEALONE,-0.5760266955039886,SUV_17_Gas,,-9.0,2out_0in,othmaint
85025,1700,othdiscr,1,1,1,1,non_mandatory,1,23891.0,644.0,636,9.0,13.0,4.0,,,-9.0,360.0,,False,True,12.399714140583324,SUV_17_Gas,SUV_17_Gas,Pickup_4_Gas,DRIVEALONE,0.0928384213413942,SUV_17_Gas,,-9.0,0out_3in,othdiscr
85056,1701,eatout,1,1,2,3,non_mandatory,1,18960.0,644.0,637,29.0,33.0,4.0,,,-9.0,970.0,,False,True,14.273517917019564,SUV_8_Gas,SUV_8_Gas,SUV_8_Gas,DRIVEALONE,-2.6015986517806104,SUV_8_Gas,,-9.0,0out_0in,eatout
85075,1701,othdiscr,1,1,3,3,non_mandatory,1,469.0,644.0,637,5.0,5.0,0.0,,,-9.0,186.0,,False,True,13.307822741551584,SUV_8_Gas,Pickup_19_Gas,Car_11_Gas,DRIVEALONE,-1.2730190801086236,SUV_8_Gas,,-9.0,0out_1in,othdiscr
85091,1701,shopping,1,1,1,3,non_mandatory,1,2420.0,644.0,637,15.0,16.0,1.0,,,-9.0,582.0,,False,True,10.915404716858635,Car_11_Gas,SUV_8_Gas,SUV_8_Gas,SHARED2,-0.8759709305050077,SUV_8_Gas,,-9.0,1out_0in,shopping
85129,1702,othmaint,1,1,1,1,non_mandatory,1,18443.0,644.0,637,19.0,23.0,4.0,,,-9.0,715.0,,False,True,12.518577843102785,SUV_8_Gas,Car_11_Gas,SUV_8_Gas,DRIVEALONE,-2.8127675292622403,SUV_8_Gas,,-9.0,2out_0in,othmaint
85241,1704,shopping,1,1,2,2,non_mandatory,1,6199.0,644.0,638,30.0,36.0,6.0,,,-9.0,992.0,,False,True,10.015402044777137,Pickup_11_Gas,SUV_10_Gas,Pickup_11_Gas,DRIVEALONE,-1.2235535481929305,Pickup_11_Gas,,-9.0,0out_1in,shopping
85248,1704,work,1,1,1,2,mandatory,1,23876.0,644.0,638,19.0,30.0,11.0,,,-9.0,722.0,,,,-9.0,SUV_10_Gas,Pickup_20_Gas,Pickup_11_Gas,SHARED3,-1.2476149836134964,Pickup_11_Gas,no_subtours,-9.0,0out_0in,work
85298,1705,work,1,1,1,1,mandatory,1,23020.0,644.0,638,8.0,29.0,21.0,,,-9.0,336.0,,,,-9.0,SUV_10_Gas,SUV_10_Gas,SUV_10_Gas,DRIVEALONE,-2.6950045386852057,SUV_10_Gas,no_subtours,-9.0,0out_1in,work
85333,1706,school,1,1,1,1,mandatory,1,8039.0,644.0,638,8.0,27.0,19.0,,,-9.0,334.0,,,,-9.0,SUV_10_Gas,Pickup_11_Gas,SUV_10_Gas,DRIVEALONE,-2.2817149347025607,SUV_10_Gas,,-9.0,1out_0in,school
85383,1707,school,1,1,1,1,mandatory,1,8688.0,644.0,638,8.0,37.0,29.0,,,-9.0,344.0,,,,-9.0,Pickup_20_Gas,SUV_10_Gas,Pickup_11_Gas,SHARED3,-13.611112900885594,Pickup_11_Gas,,-9.0,1out_2in,school
85433,1708,school,1,1,1,1,mandatory,1,19370.0,644.0,639,9.0,26.0,17.0,,,-9.0,373.0,,,,-9.0,SUV_14_Gas,SUV_14_Gas,SUV_14_Gas,DRIVEALONE,-1.813443878437642,SUV_14_Gas,,-9.0,0out_0in,univ
85454,1709,eat,1,1,1,1,atwork,1,14332.0,14332.0,639,18.0,19.0,1.0,,,-9.0,681.0,,,,6.907243733772197,,,,DRIVEALONE,0.2831638443565866,SUV_14_Gas,,85498.0,0out_0in,atwork
85498,1709,work,1,1,1,1,mandatory,1,14332.0,644.0,639,6.0,24.0,18.0,,,-9.0,248.0,,,,-9.0,SUV_14_Gas,SUV_14_Gas,SUV_14_Gas,DRIVEALONE,-1.6795798748651725,SUV_14_Gas,eat,-9.0,0out_0in,work
85525,1710,othdiscr,1,1,2,2,non_mandatory,1,3366.0,644.0,640,28.0,29.0,1.0,,,-9.0,946.0,,False,True,13.652481154409278,Van_9_Gas,SUV_13_Gas,Van_9_Gas,SHARED2,-0.7409376704212142,SUV_13_Gas,,-9.0,0out_0in,othdiscr
85548,1710,work,1,1,1,2,mandatory,1,1535.0,644.0,640,8.0,26.0,18.0,,,-9.0,333.0,,,,-9.0,Van_9_Gas,Van_9_Gas,SUV_13_Gas,DRIVEALONE,-5.300681434870784,Van_9_Gas,no_subtours,-9.0,0out_0in,work
85575,1711,othdiscr,1,1,5,5,non_mandatory,1,644.0,644.0,640,30.0,34.0,4.0,,,-9.0,990.0,,False,True,13.79643853247851,Van_9_Gas,Van_9_Gas,Van_9_Gas,SHARED3,1.4304656636566315,Van_9_Gas,,-9.0,0out_0in,othdiscr
85585,1711,escort,3,1,2,5,non_mandatory,1,23884.0,644.0,640,8.0,9.0,1.0,pure_escort,,1.0,316.0,,False,True,-9.0,SUV_13_Gas,Van_9_Gas,SUV_13_Gas,SHARED3,-0.3458644351940807,SUV_13_Gas,,-9.0,0out_0in,escort
85586,1711,escort,3,2,3,5,non_mandatory,1,7296.0,644.0,640,11.0,11.0,0.0,pure_escort,,1.0,435.0,,False,True,-9.0,SUV_13_Gas,Van_9_Gas,SUV_13_Gas,SHARED3,-0.4798785110505862,SUV_13_Gas,,-9.0,0out_0in,escort
85587,1711,escort,3,3,4,5,non_mandatory,1,23884.0,644.0,640,26.0,27.0,1.0,,pure_escort,1.0,901.0,,False,True,-9.0,Van_9_Gas,SUV_13_Gas,Van_9_Gas,SHARED3,-0.3499823703189538,Van_9_Gas,,-9.0,0out_0in,escort
85598,1711,work,1,1,1,5,mandatory,1,16049.0,644.0,640,15.0,26.0,10.0,,ride_share,1.0,592.0,,,,-9.0,Van_9_Gas,SUV_13_Gas,Van_9_Gas,SHARED3,-1.594484421603256,Van_9_Gas,no_subtours,-9.0,0out_1in,work
85633,1712,school,1,1,1,1,mandatory,1,7004.0,644.0,640,9.0,26.0,17.0,,,-9.0,373.0,,,,-9.0,SUV_13_Gas,SUV_13_Gas,Van_9_Gas,DRIVEALONE,-0.8467388895279947,SUV_13_Gas,,-9.0,1out_2in,school
85683,1713,school,1,1,1,1,mandatory,1,23884.0,644.0,640,8.0,27.0,19.0,pure_escort,pure_escort,-9.0,334.0,,,,-9.0,Van_9_Gas,SUV_13_Gas,Van_9_Gas,SHARED3,2.4429504983415566,Van_9_Gas,,-9.0,0out_0in,school
85733,1714,school,1,1,1,1,mandatory,1,7296.0,644.0,640,11.0,26.0,15.0,pure_escort,ride_share,-9.0,450.0,,,,-9.0,SUV_13_Gas,Van_9_Gas,SUV_13_Gas,SHARED3,1.691153857190123,SUV_13_Gas,,-9.0,0out_0in,school
85754,1715,eat,1,1,1,1,atwork,1,5255.0,5878.0,641,17.0,21.0,4.0,,,-9.0,652.0,,,,2.3794748358450684,,,,SHARED3,-20.926703281536305,Pickup_5_Gas,,85798.0,0out_1in,atwork
85798,1715,work,1,1,1,1,mandatory,1,5878.0,644.0,641,10.0,29.0,20.0,ride_share,,2.0,415.0,,,,-9.0,Pickup_8_Gas,Pickup_5_Gas,Pickup_5_Gas,SHARED3,-2.437842788200485,Pickup_5_Gas,eat,-9.0,2out_0in,work
85835,1716,escort,2,1,2,3,non_mandatory,1,7296.0,644.0,641,26.0,27.0,1.0,,pure_escort,1.0,901.0,,False,True,-9.0,Pickup_8_Gas,Pickup_8_Gas,Pickup_8_Gas,SHARED3,0.2580270187149512,Pickup_8_Gas,,-9.0,0out_0in,escort
85836,1716,escort,2,2,3,3,non_mandatory,1,7296.0,644.0,641,31.0,31.0,0.0,,pure_escort,1.0,1005.0,,False,True,-9.0,Pickup_5_Gas,Pickup_8_Gas,Pickup_8_Gas,SHARED3,0.2580320809375783,Pickup_8_Gas,,-9.0,0out_0in,escort
85848,1716,work,1,1,1,3,mandatory,1,23262.0,644.0,641,7.0,23.0,16.0,,,-9.0,289.0,,,,-9.0,Pickup_5_Gas,Pickup_8_Gas,Pickup_8_Gas,SHARED2,-3.126251800406114,Pickup_8_Gas,no_subtours,-9.0,1out_2in,work
85883,1717,school,1,1,1,1,mandatory,1,16014.0,644.0,641,8.0,25.0,17.0,,,-9.0,332.0,,,,-9.0,Pickup_8_Gas,Pickup_8_Gas,Pickup_8_Gas,WALK,0.0030429827072356,,,-9.0,1out_0in,school
85933,1718,school,1,1,1,1,mandatory,1,7296.0,644.0,641,10.0,31.0,21.0,ride_share,pure_escort,-9.0,417.0,,,,-9.0,Pickup_8_Gas,Pickup_5_Gas,Pickup_5_Gas,SHARED3,-0.0808810619504227,Pickup_5_Gas,,-9.0,1out_0in,school
85983,1719,school,1,1,1,1,mandatory,1,7296.0,644.0,641,10.0,27.0,17.0,ride_share,pure_escort,-9.0,413.0,,,,-9.0,Pickup_8_Gas,Pickup_5_Gas,Pickup_5_Gas,SHARED3,2.503808778450469,Pickup_5_Gas,,-9.0,0out_0in,school
86041,1720,shopping,1,1,1,1,non_mandatory,1,6298.0,644.0,642,26.0,33.0,7.0,,,-9.0,907.0,,False,True,10.78560065395239,Van_14_Gas,Van_14_Gas,Van_14_Gas,SHARED3,-0.3653603325997402,Van_14_Gas,,-9.0,0out_0in,shopping
86079,1721,othmaint,1,1,1,1,non_mandatory,1,18227.0,644.0,643,5.0,27.0,22.0,,,-9.0,208.0,,False,True,12.047751202058272,Van_20_Gas,Car_19_Gas,Van_20_Gas,DRIVEALONE,-2.3983667732585223,Van_20_Gas,,-9.0,2out_0in,othmaint
86179,1723,othmaint,1,1,1,1,non_mandatory,1,13535.0,644.0,644,12.0,27.0,15.0,,,-9.0,488.0,,False,True,12.059295867561996,Car_20_Gas,Car_20_Gas,Car_2_Diesel,WALK,-0.3194575001635383,,,-9.0,1out_0in,othmaint
86248,1724,work,2,1,1,2,mandatory,1,24333.0,644.0,644,10.0,35.0,25.0,,,-9.0,421.0,,,,-9.0,Car_20_Gas,Car_2_Diesel,Car_20_Gas,DRIVEALONE,-3.240442279452417,Car_20_Gas,no_subtours,-9.0,0out_0in,work
86249,1724,work,2,2,2,2,mandatory,1,24333.0,644.0,644,9.0,10.0,1.0,,,-9.0,357.0,,,,-9.0,Car_2_Diesel,Car_2_Diesel,Car_2_Diesel,DRIVEALONE,-3.0166128835979897,Car_2_Diesel,no_subtours,-9.0,0out_0in,work
86304,1726,eat,1,1,1,1,atwork,1,18531.0,18524.0,645,23.0,26.0,3.0,,,-9.0,828.0,,,,1.503956514636274,,,,DRIVEALONE,-0.7801046416220432,Car_12_Gas,,86348.0,0out_0in,atwork
86348,1726,work,1,1,1,1,mandatory,1,18524.0,644.0,645,6.0,26.0,20.0,,,-9.0,250.0,,,,-9.0,Car_12_Gas,Car_3_Gas,Car_3_Gas,DRIVEALONE,-6.447373063684178,Car_12_Gas,eat,-9.0,0out_2in,work
86698,1733,work,1,1,1,1,mandatory,1,4864.0,644.0,647,8.0,27.0,19.0,,,-9.0,334.0,,,,-9.0,SUV_20_Gas,Pickup_15_Gas,Pickup_15_Gas,SHARED2,-3.817369242659661,Pickup_15_Gas,no_subtours,-9.0,0out_0in,work
86704,1734,eat,1,1,1,1,atwork,1,14336.0,1380.0,648,20.0,21.0,1.0,,,-9.0,742.0,,,,-2.4399632087402527,,,,SHARED2,-8.49336866071396,Car_4_Gas,,86748.0,0out_0in,atwork
86748,1734,work,1,1,1,1,mandatory,1,1380.0,644.0,648,7.0,30.0,23.0,,,-9.0,296.0,,,,-9.0,SUV_17_Gas,Car_4_Gas,Car_4_Gas,SHARED2,-5.419094137947947,Car_4_Gas,eat,-9.0,0out_1in,work
86759,1735,escort,4,4,4,5,non_mandatory,1,13001.0,644.0,648,15.0,16.0,1.0,,,-9.0,582.0,,False,True,12.462475938233272,SUV_17_Gas,Car_4_Gas,SUV_17_Gas,SHARED3,-0.310024005122439,SUV_17_Gas,,-9.0,0out_0in,escort
86785,1735,escort,4,1,1,5,non_mandatory,1,7296.0,644.0,648,9.0,10.0,1.0,pure_escort,,1.0,357.0,,False,True,-9.0,Car_4_Gas,Car_4_Gas,Car_4_Gas,SHARED3,-0.2163845026030504,Car_4_Gas,,-9.0,0out_2in,escort
86786,1735,escort,4,2,2,5,non_mandatory,1,7296.0,644.0,648,25.0,26.0,1.0,,pure_escort,1.0,877.0,,False,True,-9.0,Car_4_Gas,Car_4_Gas,Car_4_Gas,SHARED3,-0.2331168548204987,Car_4_Gas,,-9.0,0out_0in,escort
86787,1735,escort,4,3,3,5,non_mandatory,1,13517.0,644.0,648,36.0,38.0,2.0,,pure_escort,1.0,1087.0,,False,True,-9.0,SUV_17_Gas,Car_4_Gas,Car_4_Gas,SHARED3,-0.0790560486232134,Car_4_Gas,,-9.0,0out_0in,escort
86791,1735,shopping,1,1,5,5,non_mandatory,1,2465.0,644.0,648,11.0,15.0,4.0,,,-9.0,439.0,,False,True,10.40256041979586,SUV_17_Gas,SUV_17_Gas,SUV_17_Gas,SHARED2,-1.5650491889197653,SUV_17_Gas,,-9.0,0out_0in,shopping
86833,1736,school,1,1,1,1,mandatory,1,7296.0,644.0,648,9.0,26.0,17.0,pure_escort,pure_escort,-9.0,373.0,,,,-9.0,Car_4_Gas,SUV_17_Gas,SUV_17_Gas,SHARED3,0.751545265957826,SUV_17_Gas,,-9.0,0out_0in,school
86883,1737,school,2,1,1,2,mandatory,1,13517.0,644.0,648,11.0,38.0,27.0,,pure_escort,-9.0,462.0,,,,-9.0,SUV_17_Gas,SUV_17_Gas,Car_4_Gas,SHARED3,2.796567579192234,Car_4_Gas,,-9.0,1out_0in,school
86884,1737,school,2,2,2,2,mandatory,1,13517.0,644.0,648,8.0,8.0,0.0,,,-9.0,315.0,,,,-9.0,Car_4_Gas,Car_4_Gas,Car_4_Gas,WALK,2.7965602709154425,,,-9.0,0out_1in,school
86919,1738,shopping,1,1,1,1,joint,2,822.0,736.0,649,20.0,23.0,3.0,,,-9.0,744.0,adults,False,True,10.20220853270279,SUV_16_Gas,SUV_20_Gas,SUV_16_Gas,WALK,-0.9271151399554796,,,-9.0,1out_1in,shopping
87019,1740,shopping,1,1,1,1,joint,2,13000.0,736.0,650,22.0,27.0,5.0,,,-9.0,803.0,adults,False,True,10.500959288635618,Pickup_13_Gas,Pickup_13_Gas,Pickup_13_Gas,SHARED2,-1.6518994622993828,Pickup_13_Gas,,-9.0,0out_1in,shopping
87059,1741,escort,1,1,1,2,non_mandatory,1,8022.0,736.0,650,10.0,10.0,0.0,,,-9.0,396.0,,False,True,12.603338868047294,Car_13_Diesel,Pickup_13_Gas,Pickup_16_Gas,DRIVEALONE,0.4871055125171651,Car_13_Diesel,,-9.0,1out_2in,escort
87075,1741,othdiscr,1,1,2,2,non_mandatory,1,1114.0,736.0,650,13.0,18.0,5.0,,,-9.0,515.0,,False,True,15.133520461057882,Car_13_Diesel,Pickup_13_Gas,Car_13_Diesel,WALK,1.6965214078600377,,,-9.0,0out_0in,othdiscr
87109,1742,escort,1,1,1,1,non_mandatory,1,599.0,736.0,651,8.0,10.0,2.0,,,-9.0,317.0,,False,True,13.280576660207894,SUV_8_Gas,SUV_8_Gas,SUV_8_Gas,WALK,-0.7852175769439586,,,-9.0,0out_0in,escort
87198,1743,work,2,1,1,2,mandatory,1,13340.0,736.0,651,5.0,32.0,27.0,,,-9.0,213.0,,,,-9.0,Pickup_5_Gas,SUV_8_Gas,SUV_8_Gas,DRIVEALONE,-3.4859497893368303,Pickup_5_Gas,no_subtours,-9.0,2out_1in,work
87199,1743,work,2,2,2,2,mandatory,1,13340.0,736.0,651,33.0,37.0,4.0,,,-9.0,1044.0,,,,-9.0,Pickup_5_Gas,SUV_8_Gas,Pickup_5_Gas,DRIVEALONE,-3.3466146558169445,Pickup_5_Gas,no_subtours,-9.0,0out_0in,work
87248,1744,work,1,1,1,1,mandatory,1,16631.0,736.0,652,6.0,29.0,23.0,,,-9.0,253.0,,,,-9.0,SUV_20_Gas,Car_20_Gas,SUV_20_Gas,DRIVEALONE,-6.407284589957449,SUV_20_Gas,no_subtours,-9.0,0out_3in,work
87298,1745,work,2,1,1,2,mandatory,1,13130.0,736.0,652,10.0,18.0,8.0,,,-9.0,404.0,,,,-9.0,SUV_20_Gas,SUV_20_Gas,SUV_20_Gas,DRIVEALONE,-0.7038331383124422,SUV_20_Gas,no_subtours,-9.0,0out_0in,work
87299,1745,work,2,2,2,2,mandatory,1,13130.0,736.0,652,27.0,29.0,2.0,,,-9.0,925.0,,,,-9.0,Car_20_Gas,Car_20_Gas,Car_20_Gas,DRIVEALONE,-0.6891573385737177,Car_20_Gas,no_subtours,-9.0,0out_0in,work
87375,1747,othdiscr,1,1,1,1,non_mandatory,1,7616.0,821.0,653,28.0,33.0,5.0,,,-9.0,950.0,,False,True,14.98995363368006,Pickup_3_Gas,Pickup_3_Gas,Car_4_Gas,DRIVEALONE,-2.688274782129119,Pickup_3_Gas,,-9.0,0out_0in,othdiscr
87425,1748,othdiscr,1,1,1,1,non_mandatory,1,822.0,821.0,654,17.0,19.0,2.0,,,-9.0,650.0,,False,True,15.277353325086931,Pickup_11_Gas,Pickup_11_Gas,Pickup_11_Gas,WALK,1.6048164781664969,,,-9.0,0out_0in,othdiscr
87454,1749,eat,1,1,1,1,atwork,1,16270.0,16364.0,655,20.0,20.0,0.0,,,-9.0,741.0,,,,4.307928680799994,,,,WALK,-1.1571637733426694,,,87498.0,0out_0in,atwork
87498,1749,work,1,1,1,1,mandatory,1,16364.0,821.0,655,8.0,30.0,22.0,,,-9.0,337.0,,,,-9.0,Car_4_BEV,Van_3_Gas,Van_3_Gas,BIKE,-3.054357663388518,,eat,-9.0,0out_0in,work
87579,1751,othmaint,2,1,1,3,non_mandatory,1,23262.0,821.0,656,15.0,19.0,4.0,,,-9.0,585.0,,False,True,11.467566369547171,Pickup_20_Gas,SUV_18_Gas,SUV_18_Gas,SHARED3,0.0389181284252691,SUV_18_Gas,,-9.0,0out_0in,othmaint
87580,1751,othmaint,2,2,2,3,non_mandatory,1,6227.0,821.0,656,26.0,31.0,5.0,,,-9.0,905.0,,False,True,11.75641817622854,SUV_18_Gas,SUV_18_Gas,SUV_18_Gas,WALK,2.4613206329577504,,,-9.0,0out_1in,othmaint
87595,1751,social,1,1,3,3,non_mandatory,1,322.0,821.0,656,20.0,26.0,6.0,,,-9.0,747.0,,False,True,16.212080656140184,SUV_18_Gas,SUV_18_Gas,SUV_18_Gas,WALK,4.140505452356712,,,-9.0,0out_0in,social
87645,1752,social,1,1,1,1,non_mandatory,1,17716.0,821.0,656,13.0,29.0,16.0,,,-9.0,526.0,,False,True,15.97778385322076,SUV_18_Gas,Pickup_20_Gas,SUV_18_Gas,SHARED2,-6.774894919179425,Pickup_20_Gas,,-9.0,0out_0in,social
87729,1754,othmaint,1,1,1,1,non_mandatory,1,23017.0,821.0,658,19.0,28.0,9.0,,,-9.0,720.0,,False,True,11.60558235739308,Pickup_14_Gas,Pickup_14_Gas,Pickup_14_Gas,DRIVEALONE,-1.2972832431224757,Pickup_14_Gas,,-9.0,0out_0in,othmaint
87791,1755,shopping,2,1,1,2,non_mandatory,1,2465.0,821.0,659,23.0,26.0,3.0,,,-9.0,828.0,,False,True,11.47246322746546,non_hh_veh,non_hh_veh,non_hh_veh,WALK,3.513915570361396,,,-9.0,0out_0in,shopping
87792,1755,shopping,2,2,2,2,non_mandatory,1,9901.0,821.0,659,18.0,19.0,1.0,,,-9.0,681.0,,False,True,11.277728539993303,non_hh_veh,non_hh_veh,non_hh_veh,WALK,1.8118790317078617,,,-9.0,0out_0in,shopping
87809,1756,escort,1,1,3,4,non_mandatory,1,12523.0,821.0,660,31.0,32.0,1.0,,,-9.0,1006.0,,False,True,13.392249965502776,SUV_18_Gas,SUV_18_Gas,SUV_18_Gas,DRIVEALONE,-0.3996220839971259,SUV_18_Gas,,-9.0,0out_0in,escort
87825,1756,othdiscr,1,1,4,4,non_mandatory,1,23866.0,821.0,660,14.0,14.0,0.0,,,-9.0,546.0,,False,True,14.8709973313555,Car_13_Gas,Car_13_Gas,Car_13_Gas,SHARED2,-0.0812901930842057,Car_13_Gas,,-9.0,0out_1in,othdiscr
87848,1756,work,2,1,1,4,mandatory,1,6227.0,821.0,660,9.0,14.0,5.0,,,-9.0,361.0,,,,-9.0,Car_13_Gas,SUV_18_Gas,SUV_18_Gas,WALK,-0.4308578786222244,,no_subtours,-9.0,0out_0in,work
87849,1756,work,2,2,2,4,mandatory,1,6227.0,821.0,660,26.0,31.0,5.0,,,-9.0,905.0,,,,-9.0,Car_13_Gas,SUV_18_Gas,Car_13_Gas,DRIVEALONE,-0.4319842011243485,Car_13_Gas,no_subtours,-9.0,0out_0in,work
87879,1757,othmaint,1,1,1,1,non_mandatory,1,16000.0,821.0,660,12.0,21.0,9.0,,,-9.0,482.0,,False,True,12.934793076331196,Car_13_Gas,SUV_18_Gas,Car_13_Gas,DRIVEALONE,-0.4278505966626636,Car_13_Gas,,-9.0,0out_0in,othmaint
87954,1759,eat,1,1,1,1,atwork,1,16182.0,23020.0,662,18.0,19.0,1.0,,,-9.0,681.0,,,,4.9817078761988505,,,,DRIVEALONE,-1.8363850930781789,Car_16_Gas,,87998.0,0out_1in,atwork
87956,1759,eatout,1,1,2,2,non_mandatory,1,2143.0,821.0,662,35.0,36.0,1.0,,,-9.0,1072.0,,False,True,17.279366402893483,Car_16_Gas,Car_16_Gas,Car_20_Gas,WALK,2.8728164548992834,,,-9.0,0out_0in,eatout
87998,1759,work,1,1,1,2,mandatory,1,23020.0,821.0,662,8.0,31.0,23.0,,,-9.0,338.0,,,,-9.0,Car_16_Gas,Car_16_Gas,Car_16_Gas,DRIVEALONE,-1.37511845145576,Car_16_Gas,eat,-9.0,0out_0in,work
88025,1760,othdiscr,2,1,1,2,non_mandatory,1,11586.0,821.0,662,24.0,27.0,3.0,,,-9.0,854.0,,False,True,13.41240937307698,Car_16_Gas,Car_16_Gas,Car_20_Gas,WALK,2.246643285783263,,,-9.0,0out_0in,othdiscr
88026,1760,othdiscr,2,2,2,2,non_mandatory,1,2872.0,821.0,662,14.0,20.0,6.0,,,-9.0,552.0,,False,True,15.744657455297084,Car_16_Gas,Car_20_Gas,Car_16_Gas,WALK,2.6990926000309168,,,-9.0,0out_1in,othdiscr
88091,1761,shopping,1,1,1,1,non_mandatory,1,2465.0,821.0,663,22.0,23.0,1.0,,,-9.0,799.0,,False,True,11.080998300944325,Car_9_Gas,Car_9_Gas,Car_9_Gas,DRIVEALONE,0.5027356834256841,Car_9_Gas,,-9.0,1out_1in,shopping
88109,1762,escort,1,1,1,1,non_mandatory,1,507.0,821.0,664,12.0,14.0,2.0,,,-9.0,475.0,,False,True,12.926856129182722,Car_10_Gas,Car_10_Gas,Car_10_Gas,WALK,0.3697782263611451,,,-9.0,0out_0in,escort
88154,1763,eat,1,1,1,1,atwork,1,23564.0,1250.0,664,21.0,22.0,1.0,,,-9.0,771.0,,,,5.747763069497032,,,,SHARED2,-0.9013534966571674,Car_10_Gas,,88198.0,0out_0in,atwork
88198,1763,work,1,1,1,1,mandatory,1,1250.0,821.0,664,12.0,31.0,19.0,,,-9.0,492.0,,,,-9.0,Car_10_Gas,Car_10_Gas,Car_10_Gas,DRIVEALONE,-4.810538489118886,Car_10_Gas,eat,-9.0,1out_0in,work
88204,1764,eat,1,1,1,1,atwork,1,2025.0,8220.0,665,19.0,20.0,1.0,,,-9.0,712.0,,,,8.354527997067011,,,,DRIVEALONE,0.9151909324543273,SUV_9_Gas,,88248.0,0out_0in,atwork
88248,1764,work,1,1,1,1,mandatory,1,8220.0,821.0,665,6.0,23.0,17.0,,,-9.0,247.0,,,,-9.0,SUV_9_Gas,SUV_9_Gas,SUV_9_Gas,DRIVEALONE,-0.1982682300419176,SUV_9_Gas,eat,-9.0,0out_1in,work
88256,1765,eatout,1,1,2,2,non_mandatory,1,822.0,821.0,666,21.0,22.0,1.0,,,-9.0,771.0,,False,True,16.725163063208083,SUV_11_Gas,Pickup_3_Gas,Pickup_3_Gas,WALK,2.702672398223197,,,-9.0,0out_0in,eatout
88269,1765,shopping,1,1,1,2,joint,2,2465.0,821.0,666,25.0,29.0,4.0,,,-9.0,880.0,adults,False,True,11.31573098535489,Pickup_3_Gas,Pickup_3_Gas,Pickup_3_Gas,SHARED2,-0.2880940940630812,Pickup_3_Gas,,-9.0,1out_1in,shopping
88325,1766,othdiscr,1,1,1,1,non_mandatory,1,1676.0,821.0,666,11.0,15.0,4.0,,,-9.0,439.0,,False,True,15.441051572325147,Pickup_3_Gas,Pickup_3_Gas,Pickup_3_Gas,WALK,1.28204257537287,,,-9.0,0out_3in,othdiscr
88375,1767,othdiscr,2,1,1,2,non_mandatory,1,821.0,821.0,667,11.0,15.0,4.0,,,-9.0,439.0,,False,True,14.943728457566012,SUV_11_Gas,Car_4_Gas,SUV_11_Gas,WALK,0.8115741564622548,,,-9.0,0out_1in,othdiscr
88376,1767,othdiscr,2,2,2,2,non_mandatory,1,3132.0,821.0,667,15.0,18.0,3.0,,,-9.0,584.0,,False,True,15.731944721568878,SUV_11_Gas,Car_4_Gas,SUV_11_Gas,DRIVEALONE,0.7795175032222512,SUV_11_Gas,,-9.0,0out_1in,othdiscr
88425,1768,othdiscr,1,1,4,4,non_mandatory,1,16208.0,821.0,667,30.0,30.0,0.0,,,-9.0,986.0,,False,True,14.566344772502626,Car_4_Gas,Car_4_Gas,SUV_11_Gas,SHARED3,-0.3211859372184071,SUV_11_Gas,,-9.0,1out_1in,othdiscr
88429,1768,othmaint,1,1,3,4,non_mandatory,1,24333.0,821.0,667,25.0,28.0,3.0,,,-9.0,879.0,,True,False,8.005054981292655,SUV_11_Gas,Car_4_Gas,Car_4_Gas,DRIVEALONE,-1.6390867408778511,SUV_11_Gas,,-9.0,0out_1in,othmaint
88441,1768,shopping,2,1,1,4,non_mandatory,1,1676.0,821.0,667,11.0,12.0,1.0,,,-9.0,436.0,,False,True,10.344345486673149,Car_4_Gas,SUV_11_Gas,SUV_11_Gas,WALK,1.1228873034261118,,,-9.0,0out_1in,shopping
88442,1768,shopping,2,2,2,4,non_mandatory,1,2465.0,821.0,667,13.0,14.0,1.0,,,-9.0,511.0,,False,True,10.291210551361669,SUV_11_Gas,Car_4_Gas,SUV_11_Gas,WALK,1.4332848374176848,,,-9.0,0out_0in,shopping
88479,1769,othmaint,1,1,1,1,non_mandatory,1,23050.0,821.0,667,11.0,39.0,28.0,,,-9.0,463.0,,False,True,12.119859143546844,SUV_11_Gas,SUV_11_Gas,SUV_11_Gas,SHARED2,-1.6641246291136262,SUV_11_Gas,,-9.0,0out_1in,othmaint
88583,1771,school,1,1,1,1,mandatory,1,7912.0,821.0,668,8.0,24.0,16.0,,,-9.0,331.0,,,,-9.0,Car_20_Gas,Car_10_Gas,Car_10_Gas,SCH_BUS,-14.23859770245449,,,-9.0,0out_0in,school
88659,1773,escort,1,1,2,2,non_mandatory,1,1411.0,821.0,668,32.0,41.0,9.0,,,-9.0,1032.0,,False,True,13.850792222196404,Car_10_Gas,Car_10_Gas,Car_10_Gas,WALK,1.6861640531623636,,,-9.0,0out_0in,escort
88683,1773,school,1,1,1,2,mandatory,1,7296.0,821.0,668,9.0,27.0,18.0,,,-9.0,374.0,,,,-9.0,Car_20_Gas,Car_10_Gas,Car_10_Gas,WALK,2.007150426578615,,,-9.0,1out_0in,school
88709,1774,escort,1,1,1,3,non_mandatory,1,1399.0,821.0,668,10.0,10.0,0.0,,,-9.0,396.0,,False,True,14.030312991882491,Car_20_Gas,Car_10_Gas,Car_20_Gas,WALK,1.6506759825851969,,,-9.0,0out_0in,escort
88725,1774,othdiscr,2,1,2,3,non_mandatory,1,822.0,821.0,668,28.0,29.0,1.0,,,-9.0,946.0,,False,True,16.430171515529622,Car_20_Gas,Car_10_Gas,Car_10_Gas,WALK,4.135468744883206,,,-9.0,0out_0in,othdiscr
88726,1774,othdiscr,2,2,3,3,non_mandatory,1,305.0,821.0,668,12.0,12.0,0.0,,,-9.0,473.0,,False,True,16.683065711386085,Car_10_Gas,Car_10_Gas,Car_10_Gas,WALK,4.2181905379444204,,,-9.0,0out_0in,othdiscr
88775,1775,othdiscr,1,1,1,1,non_mandatory,1,1865.0,821.0,668,12.0,12.0,0.0,,,-9.0,473.0,,False,True,16.01059108116008,Car_10_Gas,Car_10_Gas,Car_10_Gas,WALK,4.835499299852263,,,-9.0,1out_0in,othdiscr
88825,1776,othdiscr,2,1,1,2,non_mandatory,1,3132.0,821.0,669,9.0,11.0,2.0,,,-9.0,358.0,,False,True,16.424297567325535,SUV_16_Gas,Car_8_Gas,SUV_16_Gas,WALK,2.2874182147545032,,,-9.0,0out_1in,othdiscr
88826,1776,othdiscr,2,2,2,2,non_mandatory,1,305.0,821.0,669,31.0,35.0,4.0,,,-9.0,1009.0,,False,True,15.17468353340008,Car_11_Gas,Car_8_Gas,Car_8_Gas,DRIVEALONE,2.170780976631353,Car_11_Gas,,-9.0,0out_0in,othdiscr
88859,1777,escort,1,1,1,3,non_mandatory,1,11186.0,821.0,670,12.0,13.0,1.0,,,-9.0,474.0,,False,True,13.268861909398412,Car_8_Gas,Car_8_Gas,Car_8_Gas,DRIVEALONE,0.0784489019890176,Car_8_Gas,,-9.0,0out_0in,escort
88875,1777,othdiscr,2,1,2,3,non_mandatory,1,1865.0,821.0,670,26.0,32.0,6.0,,,-9.0,906.0,,False,True,14.923151721113202,Car_8_Gas,Car_8_Gas,Car_8_Gas,WALK,0.5510820778186925,,,-9.0,0out_0in,othdiscr
88876,1777,othdiscr,2,2,3,3,non_mandatory,1,821.0,821.0,670,34.0,37.0,3.0,,,-9.0,1059.0,,False,True,15.54943834261176,Car_8_Gas,Car_8_Gas,Car_8_Gas,WALK,0.7106618316964284,,,-9.0,0out_0in,othdiscr
88948,1778,work,1,1,1,1,mandatory,1,20695.0,821.0,670,7.0,25.0,18.0,,,-9.0,291.0,,,,-9.0,Car_8_Gas,Car_8_Gas,Car_8_Gas,DRIVEALONE,-2.746597856563115,Car_8_Gas,no_subtours,-9.0,0out_0in,work
88991,1779,shopping,1,1,1,1,non_mandatory,1,822.0,821.0,670,11.0,15.0,4.0,,,-9.0,439.0,,False,True,10.915399211724765,Car_8_Gas,Car_8_Gas,Car_8_Gas,WALK,1.6002562131169011,,,-9.0,1out_1in,shopping
89048,1780,work,1,1,1,1,mandatory,1,14371.0,821.0,671,10.0,30.0,20.0,,,-9.0,416.0,,,,-9.0,Pickup_11_Gas,Pickup_11_Gas,Van_18_Gas,DRIVEALONE,-2.621653358111194,Pickup_11_Gas,no_subtours,-9.0,0out_3in,work
89091,1781,shopping,1,1,1,1,non_mandatory,1,23926.0,821.0,671,11.0,14.0,3.0,,,-9.0,438.0,,False,True,10.928388468540009,Van_18_Gas,Van_18_Gas,Pickup_11_Gas,DRIVEALONE,-1.6764273226216575,Van_18_Gas,,-9.0,0out_1in,shopping
89113,1782,eatout,1,1,1,1,joint,2,7925.0,821.0,672,30.0,32.0,2.0,,,-9.0,988.0,adults,False,True,14.89565558453286,Pickup_7_Gas,Pickup_7_Gas,Pickup_7_Gas,SHARED2,-0.0112423506232328,Pickup_7_Gas,,-9.0,0out_0in,eatout
89179,1783,othmaint,1,1,1,1,non_mandatory,1,13596.0,821.0,672,18.0,23.0,5.0,,,-9.0,685.0,,False,True,11.640250348550046,Pickup_7_Gas,Pickup_7_Gas,Car_5_Gas,SHARED2,-1.865156507706564,Pickup_7_Gas,,-9.0,3out_0in,othmaint
89279,1785,othmaint,1,1,1,1,non_mandatory,1,1399.0,821.0,673,17.0,17.0,0.0,,,-9.0,648.0,,False,True,11.971992841030694,Pickup_2_Gas,Pickup_2_Gas,Pickup_2_Gas,WALK,0.9984248468514242,,,-9.0,0out_0in,othmaint
89306,1786,eatout,1,1,2,2,non_mandatory,1,2723.0,821.0,673,32.0,33.0,1.0,,,-9.0,1024.0,,False,True,16.55520310580478,Car_8_Gas,Car_8_Gas,Car_8_Gas,DRIVEALONE,1.3438832415460813,Car_8_Gas,,-9.0,0out_0in,eatout
89329,1786,othmaint,1,1,1,2,non_mandatory,1,2465.0,821.0,673,19.0,21.0,2.0,,,-9.0,713.0,,False,True,11.57753743772523,Pickup_2_Gas,Car_8_Gas,Car_8_Gas,WALK,1.648084694634059,,,-9.0,0out_0in,othmaint
89448,1788,work,1,1,1,1,mandatory,1,1380.0,821.0,675,5.0,28.0,23.0,,,-9.0,209.0,,,,-9.0,Car_19_Gas,Car_19_Gas,Car_20_Gas,DRIVEALONE,-1.508960817090075,Car_19_Gas,no_subtours,-9.0,0out_2in,work
89475,1789,othdiscr,1,1,4,4,non_mandatory,1,822.0,821.0,676,30.0,31.0,1.0,,,-9.0,987.0,,False,True,15.945555483085894,Pickup_20_Gas,Pickup_20_Gas,Pickup_20_Gas,WALK,1.7168722339325957,,,-9.0,0out_0in,othdiscr
89479,1789,othmaint,3,1,1,4,non_mandatory,1,6647.0,821.0,676,13.0,19.0,6.0,,,-9.0,516.0,,False,True,11.503464015229124,Pickup_20_Gas,Pickup_20_Gas,Pickup_20_Gas,WALK,-0.4041968025562718,,,-9.0,0out_0in,othmaint
89480,1789,othmaint,3,2,2,4,non_mandatory,1,24333.0,821.0,676,28.0,30.0,2.0,,,-9.0,947.0,,True,False,7.291071180345884,Pickup_20_Gas,Pickup_20_Gas,Pickup_20_Gas,DRIVEALONE,-4.952889731994207,Pickup_20_Gas,,-9.0,1out_3in,othmaint
89481,1789,othmaint,3,3,3,4,non_mandatory,1,23860.0,821.0,676,23.0,24.0,1.0,,,-9.0,826.0,,False,True,11.26242191009392,Pickup_20_Gas,Pickup_20_Gas,Pickup_20_Gas,WALK,-0.4907720733692104,,,-9.0,0out_0in,othmaint
89559,1791,escort,2,1,1,4,non_mandatory,1,3430.0,821.0,677,46.0,46.0,0.0,,,-9.0,1170.0,,False,True,13.312861663688322,Van_11_Gas,Car_14_Gas,Van_11_Gas,WALK,0.5407757034718517,,,-9.0,0out_0in,escort
89560,1791,escort,2,2,2,4,non_mandatory,1,9898.0,821.0,677,11.0,11.0,0.0,,,-9.0,435.0,,False,True,13.075787667340196,Car_14_Gas,Car_14_Gas,Car_14_Gas,WALK,0.3859462173028509,,,-9.0,0out_0in,escort
89579,1791,othmaint,2,1,3,4,non_mandatory,1,14282.0,821.0,677,42.0,44.0,2.0,,,-9.0,1150.0,,False,True,12.052914953408395,Van_9_Gas,Van_9_Gas,Van_11_Gas,SHARED2,-3.6924605663263854,Van_9_Gas,,-9.0,0out_0in,othmaint
89580,1791,othmaint,2,2,4,4,non_mandatory,1,18855.0,821.0,677,21.0,24.0,3.0,,,-9.0,773.0,,False,True,12.477719327525062,Van_9_Gas,Van_9_Gas,Car_14_Gas,SHARED2,-1.6887454289984245,Van_9_Gas,,-9.0,0out_1in,othmaint
89604,1792,eat,1,1,1,1,atwork,1,4873.0,14362.0,677,18.0,20.0,2.0,,,-9.0,682.0,,,,5.72618440399859,,,,DRIVEALONE,-1.022618517230413,Car_14_Gas,,89648.0,0out_0in,atwork
89609,1792,escort,1,1,3,3,non_mandatory,1,8184.0,821.0,677,31.0,33.0,2.0,,,-9.0,1007.0,,False,True,14.250039399931858,Van_11_Gas,Van_9_Gas,Van_9_Gas,WALK,-0.2413248655211514,,,-9.0,0out_0in,escort
89633,1792,school,1,1,2,3,mandatory,1,23114.0,821.0,677,34.0,40.0,6.0,,,-9.0,1062.0,,,,-9.0,Van_11_Gas,Car_14_Gas,Van_9_Gas,WALK_LOC,-2.9358789943170582,,,-9.0,0out_0in,univ
89648,1792,work,1,1,1,3,mandatory,1,14362.0,821.0,677,10.0,31.0,21.0,,,-9.0,417.0,,,,-9.0,Car_14_Gas,Van_11_Gas,Van_11_Gas,DRIVEALONE,-2.021467179754496,Car_14_Gas,eat,-9.0,1out_1in,work
89683,1793,school,1,1,1,1,mandatory,1,7004.0,821.0,677,7.0,27.0,20.0,,,-9.0,293.0,,,,-9.0,Van_11_Gas,Van_9_Gas,Van_11_Gas,WALK,4.761725765868531,,,-9.0,1out_0in,school
89733,1794,school,1,1,1,1,mandatory,1,8322.0,821.0,677,9.0,29.0,20.0,,,-9.0,376.0,,,,-9.0,Car_14_Gas,Van_11_Gas,Van_11_Gas,WALK,2.4537777416737168,,,-9.0,0out_3in,school
89783,1795,school,1,1,1,1,mandatory,1,11793.0,821.0,677,25.0,27.0,2.0,,,-9.0,878.0,,,,-9.0,Van_11_Gas,Van_11_Gas,Van_11_Gas,WALK,4.135177224071083,,,-9.0,1out_0in,school
89833,1796,school,1,1,1,1,mandatory,1,11793.0,821.0,677,11.0,27.0,16.0,,,-9.0,451.0,,,,-9.0,Car_14_Gas,Car_14_Gas,Van_11_Gas,WALK,3.485991318855236,,,-9.0,1out_0in,school
89859,1797,escort,1,1,1,1,non_mandatory,1,23860.0,821.0,677,23.0,25.0,2.0,,,-9.0,827.0,,False,True,13.931034102778035,Car_14_Gas,Van_9_Gas,Van_9_Gas,SHARED3,2.0346962622625213,Van_9_Gas,,-9.0,0out_0in,escort
89959,1799,escort,3,1,1,4,non_mandatory,1,1399.0,821.0,677,27.0,29.0,2.0,,,-9.0,925.0,,False,True,13.293681116658162,Van_11_Gas,Van_11_Gas,Van_9_Gas,SHARED3,0.8342149465852166,Van_9_Gas,,-9.0,0out_0in,escort
89960,1799,escort,3,2,2,4,non_mandatory,1,1217.0,821.0,677,10.0,10.0,0.0,,,-9.0,396.0,,False,True,13.456621845231432,Van_9_Gas,Van_9_Gas,Car_14_Gas,WALK,0.53434130578419,,,-9.0,0out_0in,escort
89961,1799,escort,3,3,3,4,non_mandatory,1,2043.0,821.0,677,12.0,18.0,6.0,,,-9.0,479.0,,False,True,13.414023682455936,Van_9_Gas,Van_9_Gas,Van_11_Gas,WALK,1.069968064153387,,,-9.0,0out_1in,escort
89979,1799,othmaint,1,1,4,4,non_mandatory,1,19223.0,821.0,677,19.0,23.0,4.0,,,-9.0,715.0,,False,True,11.96902477720329,Car_14_Gas,Van_9_Gas,Van_11_Gas,SHARED3,-2.972510363951477,Van_11_Gas,,-9.0,1out_1in,othmaint
90004,1800,eat,1,1,1,1,atwork,1,2465.0,229.0,678,21.0,22.0,1.0,,,-9.0,771.0,,,,6.716001051700858,,,,WALK,0.5619378959972737,Pickup_20_Gas,,90048.0,0out_0in,atwork
90048,1800,work,1,1,1,1,mandatory,1,229.0,821.0,678,10.0,30.0,20.0,,,-9.0,416.0,,,,-9.0,Pickup_20_Gas,Pickup_20_Gas,Pickup_20_Gas,DRIVEALONE,-0.3485221304428477,Pickup_20_Gas,eat,-9.0,1out_0in,work
90083,1801,school,1,1,1,1,mandatory,1,19370.0,821.0,679,8.0,38.0,30.0,,,-9.0,345.0,,,,-9.0,Car_20_Gas,Car_20_Gas,Car_20_Gas,SHARED2,-1.502139482173455,Car_20_Gas,,-9.0,3out_0in,univ
90275,1805,othdiscr,1,1,1,1,non_mandatory,1,822.0,821.0,680,11.0,17.0,6.0,,,-9.0,441.0,,False,True,17.228825502763417,non_hh_veh,non_hh_veh,non_hh_veh,WALK,3.346778580505318,,,-9.0,0out_0in,othdiscr
90317,1806,othmaint,1,1,1,2,joint,2,6527.0,821.0,681,22.0,25.0,3.0,,,-9.0,801.0,adults,False,True,11.437630126072452,SUV_6_Gas,Car_8_Gas,SUV_6_Gas,WALK,-1.5004371016026237,,,-9.0,1out_0in,othmaint
90325,1806,othdiscr,1,1,2,2,non_mandatory,1,13559.0,821.0,681,12.0,15.0,3.0,,,-9.0,476.0,,False,True,14.992263783806411,SUV_6_Gas,SUV_6_Gas,SUV_6_Gas,DRIVEALONE,-1.0814375747897569,SUV_6_Gas,,-9.0,0out_0in,othdiscr
90406,1808,eatout,1,1,1,1,non_mandatory,1,305.0,821.0,682,12.0,13.0,1.0,,,-9.0,474.0,,False,True,15.998010963304104,SUV_19_Gas,SUV_19_Gas,SUV_19_Gas,WALK,1.4261062741948298,,,-9.0,0out_0in,eatout
90475,1809,othdiscr,1,1,2,2,non_mandatory,1,822.0,821.0,682,7.0,11.0,4.0,,,-9.0,277.0,,False,True,15.697386637008073,SUV_19_Gas,SUV_19_Gas,SUV_19_Gas,WALK,1.3817242895859374,,,-9.0,0out_0in,othdiscr
90498,1809,work,1,1,1,2,mandatory,1,14404.0,821.0,682,12.0,35.0,23.0,,,-9.0,496.0,,,,-9.0,SUV_19_Gas,SUV_19_Gas,SUV_19_Gas,DRIVEALONE,-3.243467960731996,SUV_19_Gas,no_subtours,-9.0,0out_1in,work
90506,1810,eatout,1,1,2,2,non_mandatory,1,1450.0,821.0,683,28.0,30.0,2.0,,,-9.0,947.0,,False,True,15.245147628848398,non_hh_veh,non_hh_veh,non_hh_veh,WALK,2.9278716268581704,,,-9.0,0out_0in,eatout
90541,1810,shopping,1,1,1,2,non_mandatory,1,2465.0,821.0,683,21.0,24.0,3.0,,,-9.0,773.0,,False,True,11.788010582568695,non_hh_veh,non_hh_veh,non_hh_veh,WALK,4.268696402690492,,,-9.0,3out_3in,shopping
90556,1811,eatout,1,1,1,1,non_mandatory,1,1774.0,821.0,684,36.0,37.0,1.0,,,-9.0,1086.0,,False,True,14.712140872706764,SUV_10_Gas,SUV_10_Gas,SUV_10_Gas,WALK,2.1362618966379663,,,-9.0,1out_0in,eatout
90629,1812,othmaint,1,1,1,1,non_mandatory,1,23883.0,821.0,684,17.0,20.0,3.0,,,-9.0,651.0,,False,True,12.080933802870543,SUV_10_Gas,SUV_10_Gas,SUV_10_Gas,DRIVEALONE,-1.839051237736533,SUV_10_Gas,,-9.0,0out_0in,othmaint
90775,1815,othdiscr,1,1,3,3,non_mandatory,1,16206.0,821.0,687,27.0,27.0,0.0,,,-9.0,923.0,,False,True,16.24952615156477,non_hh_veh,non_hh_veh,non_hh_veh,DRIVEALONE,1.9048958174967603,non_hh_veh,,-9.0,0out_1in,othdiscr
90779,1815,othmaint,2,1,1,3,non_mandatory,1,1411.0,821.0,687,32.0,34.0,2.0,,,-9.0,1025.0,,False,True,14.031188570364613,non_hh_veh,non_hh_veh,non_hh_veh,WALK,4.822520654461609,,,-9.0,0out_0in,othmaint
90780,1815,othmaint,2,2,2,3,non_mandatory,1,18210.0,821.0,687,24.0,26.0,2.0,,,-9.0,853.0,,False,True,13.585144046902116,non_hh_veh,non_hh_veh,non_hh_veh,SHARED3,-1.0018643783720853,non_hh_veh,,-9.0,0out_0in,othmaint
90804,1816,eat,1,1,1,1,atwork,1,23062.0,1380.0,688,18.0,20.0,2.0,,,-9.0,682.0,,,,-0.8414099937004462,,,,DRIVEALONE,-14.62616173000503,Car_7_Gas,,90848.0,0out_0in,atwork
90848,1816,work,1,1,1,1,mandatory,1,1380.0,821.0,688,9.0,32.0,23.0,,,-9.0,379.0,,,,-9.0,Car_7_Gas,Car_7_Gas,Car_7_Gas,DRIVEALONE,-4.260817439559283,Car_7_Gas,eat,-9.0,0out_1in,work
90879,1817,othmaint,2,1,1,2,non_mandatory,1,16195.0,821.0,689,13.0,16.0,3.0,,,-9.0,513.0,,False,True,11.486334575747996,SUV_12_Gas,SUV_12_Gas,SUV_12_Gas,SHARED2,-2.550810403048028,SUV_12_Gas,,-9.0,0out_0in,othmaint
90880,1817,othmaint,2,2,2,2,non_mandatory,1,16373.0,821.0,689,19.0,28.0,9.0,,,-9.0,720.0,,False,True,12.079008333870624,SUV_12_Gas,SUV_12_Gas,SUV_12_Gas,DRIVEALONE,-2.214756762395084,SUV_12_Gas,,-9.0,0out_2in,othmaint
90929,1818,othmaint,1,1,1,1,non_mandatory,1,8805.0,821.0,690,16.0,22.0,6.0,,,-9.0,621.0,,False,True,12.708885489185151,Car_1_BEV,Car_1_BEV,Car_1_BEV,DRIVEALONE,-1.6771051652473763,Car_1_BEV,,-9.0,0out_0in,othmaint
90975,1819,othdiscr,1,1,2,2,non_mandatory,1,1865.0,821.0,691,5.0,9.0,4.0,,,-9.0,190.0,,False,True,15.781876087938956,Car_9_Gas,Car_9_Gas,Car_9_Gas,WALK,1.2750685663230583,,,-9.0,0out_0in,othdiscr
90991,1819,shopping,1,1,1,2,non_mandatory,1,23050.0,821.0,691,22.0,37.0,15.0,,,-9.0,813.0,,False,True,10.341538774178176,Car_9_Gas,Car_9_Gas,Car_9_Gas,DRIVEALONE,-1.764377702222503,Car_9_Gas,,-9.0,3out_2in,shopping
91033,1820,school,1,1,1,1,mandatory,1,23114.0,821.0,691,10.0,27.0,17.0,,,-9.0,413.0,,,,-9.0,Car_9_Gas,Car_9_Gas,Car_9_Gas,SHARED3,-0.9556780806437074,Car_9_Gas,,-9.0,2out_0in,univ
91098,1821,work,1,1,1,1,mandatory,1,13350.0,821.0,692,7.0,41.0,34.0,,,-9.0,307.0,,,,-9.0,Car_13_Gas,Car_13_Gas,Car_13_Gas,DRIVEALONE,-5.9282176271843445,Car_13_Gas,no_subtours,-9.0,2out_2in,work
91129,1822,othmaint,1,1,1,1,non_mandatory,1,2465.0,821.0,693,30.0,31.0,1.0,,,-9.0,987.0,,False,True,11.333431718887002,SUV_7_Gas,SUV_7_Gas,SUV_7_Gas,WALK,2.271729927528364,,,-9.0,0out_0in,othmaint
91179,1823,othmaint,1,1,1,2,non_mandatory,1,23265.0,821.0,693,11.0,15.0,4.0,,,-9.0,439.0,,False,True,10.40581774864638,SUV_7_Gas,SUV_7_Gas,SUV_7_Gas,WALK,-0.9462093100388042,,,-9.0,2out_0in,othmaint
91195,1823,social,1,1,2,2,non_mandatory,1,2143.0,821.0,693,18.0,23.0,5.0,,,-9.0,685.0,,False,True,16.455557194082175,SUV_7_Gas,SUV_20_Gas,SUV_7_Gas,WALK,3.995002166909414,,,-9.0,1out_0in,social
91248,1824,work,1,1,1,1,mandatory,1,23019.0,821.0,694,11.0,27.0,16.0,,,-9.0,451.0,,,,-9.0,SUV_13_Gas,SUV_13_Gas,SUV_13_Gas,DRIVEALONE,-4.283229227778556,SUV_13_Gas,no_subtours,-9.0,0out_1in,work
91269,1825,shopping,1,1,1,2,joint,2,2465.0,821.0,695,28.0,31.0,3.0,,,-9.0,948.0,adults,False,True,11.551618158351951,SUV_7_Gas,SUV_7_Gas,SUV_7_Gas,SHARED2,-2.966176186980827,SUV_7_Gas,,-9.0,0out_0in,shopping
91279,1825,othmaint,1,1,2,2,non_mandatory,1,18015.0,821.0,695,16.0,27.0,11.0,,,-9.0,626.0,,False,True,12.308781307741294,SUV_7_Gas,SUV_7_Gas,SUV_7_Gas,DRIVEALONE,-6.640683590090681,SUV_7_Gas,,-9.0,0out_3in,othmaint
91365,1827,othdiscr,1,1,1,1,joint,6,822.0,821.0,696,24.0,30.0,6.0,,,-9.0,857.0,mixed,False,True,15.302988452246856,SUV_5_Gas,SUV_5_Gas,SUV_5_Gas,WALK,-46.00266243569924,,,-9.0,0out_0in,othdiscr
91509,1830,escort,2,1,1,2,non_mandatory,1,1170.0,821.0,696,36.0,37.0,1.0,,,-9.0,1086.0,,False,True,14.037511335626672,SUV_5_Gas,SUV_5_Gas,SUV_5_Gas,SHARED3,1.9467241218421745,SUV_5_Gas,,-9.0,0out_1in,escort
91510,1830,escort,2,2,2,2,non_mandatory,1,1450.0,821.0,696,8.0,8.0,0.0,,,-9.0,315.0,,False,True,14.105453875461423,SUV_5_Gas,SUV_5_Gas,SUV_5_Gas,SHARED3,2.1674154160902983,SUV_5_Gas,,-9.0,0out_0in,escort
91575,1831,othdiscr,1,1,1,1,non_mandatory,1,822.0,821.0,696,32.0,35.0,3.0,,,-9.0,1026.0,,False,True,16.5927822229662,SUV_5_Gas,SUV_5_Gas,SUV_5_Gas,WALK,3.398204180379019,,,-9.0,0out_0in,othdiscr
91698,1833,work,1,1,1,1,mandatory,1,6955.0,821.0,697,11.0,27.0,16.0,,,-9.0,451.0,,,,-9.0,Car_8_Gas,Car_8_Gas,Car_8_Gas,DRIVEALONE,-4.976233565098386,Car_8_Gas,no_subtours,-9.0,0out_1in,work
91748,1834,work,1,1,1,1,mandatory,1,23061.0,821.0,697,11.0,24.0,13.0,,,-9.0,448.0,,,,-9.0,Car_8_Gas,Car_8_Gas,Car_8_Gas,DRIVEALONE,-2.455467426014884,Car_8_Gas,no_subtours,-9.0,0out_0in,work
91775,1835,othdiscr,1,1,1,1,non_mandatory,1,821.0,821.0,697,21.0,30.0,9.0,,,-9.0,779.0,,False,True,15.320942515485443,Car_8_Gas,Car_8_Gas,Car_8_Gas,DRIVEALONE,0.5087034349395184,Car_8_Gas,,-9.0,0out_3in,othdiscr
91825,1836,othdiscr,1,1,2,2,non_mandatory,1,1865.0,822.0,698,9.0,15.0,6.0,,,-9.0,362.0,,False,True,16.155171114572187,Pickup_11_Gas,Pickup_11_Gas,Pickup_11_Gas,SHARED3,1.8918164971881724,Pickup_11_Gas,,-9.0,0out_0in,othdiscr
91841,1836,shopping,1,1,1,2,non_mandatory,1,822.0,822.0,698,37.0,37.0,0.0,,,-9.0,1098.0,,False,True,10.755939406589537,Pickup_11_Gas,Pickup_11_Gas,Pickup_11_Gas,DRIVEALONE,1.0317074995692357,Pickup_11_Gas,,-9.0,0out_0in,shopping
91875,1837,othdiscr,1,1,2,2,non_mandatory,1,822.0,822.0,699,12.0,18.0,6.0,,,-9.0,479.0,,False,True,16.435856927259966,SUV_10_Gas,SUV_10_Gas,SUV_10_Gas,WALK,2.2717227551299484,,,-9.0,0out_0in,othdiscr
91879,1837,othmaint,1,1,1,2,non_mandatory,1,3579.0,822.0,699,31.0,31.0,0.0,,,-9.0,1005.0,,False,True,13.208922763883931,SUV_10_Gas,SUV_10_Gas,SUV_10_Gas,WALK,1.0230781629889465,,,-9.0,0out_0in,othmaint
91925,1838,othdiscr,1,1,2,2,non_mandatory,1,6532.0,822.0,699,29.0,33.0,4.0,,,-9.0,970.0,,False,True,16.07227639895654,SUV_10_Gas,SUV_10_Gas,SUV_10_Gas,WALK,3.780449236644664,,,-9.0,0out_0in,othdiscr
91941,1838,shopping,1,1,1,2,non_mandatory,1,3415.0,822.0,699,15.0,16.0,1.0,,,-9.0,582.0,,False,True,10.993686250490612,SUV_10_Gas,Pickup_20_Gas,SUV_10_Gas,WALK,2.1632215085579007,,,-9.0,2out_1in,shopping
91959,1839,escort,1,1,1,1,non_mandatory,1,23055.0,822.0,700,22.0,25.0,3.0,,,-9.0,801.0,,False,True,13.3652450597584,SUV_6_BEV,SUV_6_BEV,SUV_6_BEV,DRIVEALONE,-5.7853208905248765,SUV_6_BEV,,-9.0,0out_0in,escort
92025,1840,othdiscr,1,1,2,2,non_mandatory,1,822.0,822.0,700,13.0,14.0,1.0,,,-9.0,511.0,,False,True,16.753208876666182,Pickup_18_Gas,Pickup_18_Gas,SUV_6_BEV,WALK,4.104683219258872,,,-9.0,0out_0in,othdiscr
92033,1840,school,1,1,1,2,mandatory,1,5313.0,822.0,700,20.0,43.0,23.0,,,-9.0,764.0,,,,-9.0,Pickup_18_Gas,SUV_6_BEV,SUV_6_BEV,WALK,1.404492296002231,,,-9.0,0out_1in,univ
92075,1841,othdiscr,1,1,1,1,non_mandatory,1,822.0,822.0,701,19.0,26.0,7.0,,,-9.0,718.0,,False,True,16.91888033281558,non_hh_veh,non_hh_veh,non_hh_veh,WALK,3.589116460061236,,,-9.0,0out_0in,othdiscr
92141,1842,shopping,2,1,1,2,non_mandatory,1,8220.0,822.0,702,17.0,18.0,1.0,,,-9.0,649.0,,False,True,10.60387946343316,Car_10_Gas,Car_10_Gas,Car_10_Gas,SHARED3,2.4605231259279865,Car_10_Gas,,-9.0,3out_3in,shopping
92142,1842,shopping,2,2,2,2,non_mandatory,1,23860.0,822.0,702,19.0,19.0,0.0,,,-9.0,711.0,,False,True,10.970451775448408,Car_10_Gas,Car_10_Gas,Car_10_Gas,WALK,1.5542224350442089,,,-9.0,0out_0in,shopping
92169,1843,shopping,1,1,1,1,joint,8,5456.0,822.0,703,16.0,20.0,4.0,,,-9.0,619.0,adults,False,True,10.763675860877408,Car_11_Gas,Car_11_Gas,Car_11_Gas,SHARED3,-49.11355851119666,Car_11_Gas,,-9.0,0out_0in,shopping
92279,1845,othmaint,1,1,1,1,non_mandatory,1,23303.0,822.0,703,9.0,16.0,7.0,,,-9.0,363.0,,False,True,11.128411389318046,Car_11_Gas,Car_11_Gas,Car_11_Gas,KNR_PRM,-2.7327079782516206,Car_11_Gas,,-9.0,0out_0in,othmaint
92309,1846,escort,1,1,1,2,non_mandatory,1,6008.0,822.0,703,7.0,8.0,1.0,,,-9.0,274.0,,False,True,12.405036323841784,Car_11_Gas,Car_11_Gas,Car_11_Gas,WALK,-1.4678040454818435,,,-9.0,0out_0in,escort
92341,1846,shopping,1,1,2,2,non_mandatory,1,23883.0,822.0,703,28.0,29.0,1.0,,,-9.0,946.0,,False,True,9.563043267379738,Car_11_Gas,Car_11_Gas,Car_11_Gas,DRIVEALONE,-2.3902131585862114,Car_11_Gas,,-9.0,0out_0in,shopping
92459,1849,escort,1,1,1,3,non_mandatory,1,522.0,822.0,703,11.0,12.0,1.0,,,-9.0,436.0,,False,True,13.462866320892015,Car_11_Gas,Car_11_Gas,Car_11_Gas,DRIVEALONE,-0.1960000518755884,Car_11_Gas,,-9.0,2out_2in,escort
92475,1849,othdiscr,1,1,3,3,non_mandatory,1,822.0,822.0,703,12.0,16.0,4.0,,,-9.0,477.0,,False,True,15.497502157637156,Car_11_Gas,Car_11_Gas,Car_11_Gas,DRIVEALONE,1.1049956819299107,Car_11_Gas,,-9.0,0out_1in,othdiscr
92491,1849,shopping,1,1,2,3,non_mandatory,1,822.0,822.0,703,28.0,30.0,2.0,,,-9.0,947.0,,False,True,11.280481764448297,Car_11_Gas,Car_11_Gas,Car_11_Gas,WALK,1.5208323864008144,,,-9.0,0out_0in,shopping
92525,1850,othdiscr,1,1,1,1,non_mandatory,1,1849.0,822.0,703,20.0,27.0,7.0,,,-9.0,748.0,,False,True,16.13200222757595,Car_11_Gas,Car_11_Gas,Car_11_Gas,WALK,1.1746636957296623,,,-9.0,0out_0in,othdiscr
92598,1851,work,1,1,1,1,mandatory,1,6760.0,822.0,704,8.0,30.0,22.0,,,-9.0,337.0,,,,-9.0,Car_5_Gas,Car_5_Gas,Car_5_Gas,SHARED3,-5.130149315329517,Car_5_Gas,no_subtours,-9.0,0out_1in,work
92621,1852,social,1,1,1,3,joint,2,24331.0,822.0,705,21.0,30.0,9.0,,,-9.0,779.0,adults,True,False,5.846058317177282,SUV_9_Gas,SUV_9_Gas,SUV_9_Gas,SHARED2,-5.870156501612389,SUV_9_Gas,,-9.0,1out_3in,social
92625,1852,othdiscr,1,1,3,3,non_mandatory,1,822.0,822.0,705,34.0,38.0,4.0,,,-9.0,1060.0,,False,True,15.906559289602626,SUV_9_Gas,SUV_9_Gas,SUV_9_Gas,WALK,0.9735959086474684,,,-9.0,0out_0in,othdiscr
92629,1852,othmaint,1,1,2,3,non_mandatory,1,16236.0,822.0,705,12.0,19.0,7.0,,,-9.0,480.0,,False,True,11.249689579740654,SUV_9_Gas,SUV_9_Gas,SUV_9_Gas,DRIVEALONE,-3.09249898265796,SUV_9_Gas,,-9.0,0out_0in,othmaint
92725,1854,othdiscr,1,1,1,1,non_mandatory,1,822.0,822.0,706,13.0,20.0,7.0,,,-9.0,517.0,,False,True,16.091283344876008,Car_4_Gas,Car_4_Gas,Car_4_Gas,WALK,1.8592770659123063,,,-9.0,0out_0in,othdiscr
92806,1856,eatout,1,1,2,2,non_mandatory,1,23874.0,822.0,708,29.0,32.0,3.0,,,-9.0,969.0,,False,True,14.390280289930224,SUV_3_Gas,SUV_3_Gas,SUV_3_Gas,WALK_LOC,1.5282278089466876,,,-9.0,1out_1in,eatout
92829,1856,othmaint,1,1,1,2,non_mandatory,1,24333.0,822.0,708,10.0,22.0,12.0,,,-9.0,408.0,,True,False,7.748955315956642,SUV_3_Gas,SUV_3_Gas,SUV_3_Gas,DRIVEALONE,-2.020891442618089,SUV_3_Gas,,-9.0,0out_0in,othmaint
92906,1858,eatout,1,1,2,3,non_mandatory,1,3132.0,822.0,709,8.0,8.0,0.0,,,-9.0,315.0,,False,True,16.890048287944417,Pickup_15_Gas,Pickup_15_Gas,Pickup_15_Gas,WALK,2.7148192849448094,,,-9.0,0out_0in,eatout
92925,1858,othdiscr,1,1,3,3,non_mandatory,1,24331.0,822.0,709,31.0,38.0,7.0,,,-9.0,1012.0,,True,False,4.99824457333262,Pickup_15_Gas,Pickup_15_Gas,Pickup_15_Gas,SHARED2,-3.6568829315277513,Pickup_15_Gas,,-9.0,0out_1in,othdiscr
92948,1858,work,1,1,1,3,mandatory,1,23860.0,822.0,709,11.0,27.0,16.0,,,-9.0,451.0,,,,-9.0,Pickup_15_Gas,Pickup_15_Gas,Pickup_15_Gas,BIKE,-0.8096162637304025,,no_subtours,-9.0,0out_2in,work
92956,1859,eatout,1,1,2,2,non_mandatory,1,16085.0,822.0,710,18.0,23.0,5.0,,,-9.0,685.0,,False,True,16.227789476525764,Van_13_Gas,Pickup_11_Gas,Van_13_Gas,SHARED2,-0.8322150442180087,Pickup_11_Gas,,-9.0,0out_0in,eatout
92967,1859,othmaint,1,1,1,2,joint,2,229.0,822.0,710,12.0,17.0,5.0,,,-9.0,478.0,adults,False,True,12.6485904444689,Pickup_11_Gas,Pickup_11_Gas,Van_13_Gas,SHARED2,-0.0386615172354289,Pickup_11_Gas,,-9.0,3out_3in,othmaint
93041,1860,shopping,2,1,1,2,non_mandatory,1,16236.0,822.0,710,33.0,37.0,4.0,,,-9.0,1044.0,,False,True,9.854756064651257,Van_13_Gas,Van_13_Gas,Van_13_Gas,DRIVEALONE,-2.546003024993227,Van_13_Gas,,-9.0,0out_1in,shopping
93042,1860,shopping,2,2,2,2,non_mandatory,1,822.0,822.0,710,18.0,19.0,1.0,,,-9.0,681.0,,False,True,10.8221198697432,Pickup_11_Gas,Van_13_Gas,Pickup_11_Gas,WALK,1.4509397782534996,,,-9.0,0out_0in,shopping
93065,1861,othdiscr,1,1,1,2,joint,3,3132.0,822.0,711,29.0,36.0,7.0,,,-9.0,973.0,adults,False,True,15.563818909442508,SUV_5_Gas,Car_6_Gas,SUV_9_Gas,WALK,-0.4723538220350029,,,-9.0,0out_0in,othdiscr
93079,1861,othmaint,1,1,2,2,non_mandatory,1,13596.0,822.0,711,11.0,14.0,3.0,,,-9.0,438.0,,False,True,12.298947938166508,Car_6_Gas,Car_6_Gas,Car_6_Gas,SHARED2,-4.604597727685562,Car_6_Gas,,-9.0,0out_0in,othmaint
93195,1863,social,1,1,1,1,non_mandatory,1,1652.0,822.0,711,15.0,18.0,3.0,,,-9.0,584.0,,False,True,15.153570125467745,SUV_9_Gas,SUV_9_Gas,SUV_9_Gas,WALK,1.375649473800896,,,-9.0,1out_1in,social
93204,1864,eat,1,1,1,1,atwork,1,9901.0,5456.0,712,22.0,23.0,1.0,,,-9.0,799.0,,,,7.74853099606424,,,,DRIVEALONE,0.6128500632858187,Pickup_3_Gas,,93248.0,1out_0in,atwork
93248,1864,work,1,1,1,1,mandatory,1,5456.0,822.0,712,20.0,45.0,25.0,,,-9.0,766.0,,,,-9.0,Pickup_3_Gas,Pickup_11_Gas,Pickup_11_Gas,DRIVEALONE,-2.134141180809948,Pickup_3_Gas,eat,-9.0,0out_0in,work
93375,1867,othdiscr,1,1,1,1,non_mandatory,1,3679.0,822.0,713,32.0,34.0,2.0,,,-9.0,1025.0,,False,True,16.303322880759126,Car_20_Gas,Car_20_Gas,Car_20_Gas,DRIVEALONE,1.5179597635347883,Car_20_Gas,,-9.0,0out_1in,othdiscr
93425,1868,othdiscr,1,1,2,2,non_mandatory,1,822.0,822.0,714,21.0,23.0,2.0,,,-9.0,772.0,,False,True,16.400725463389005,Car_13_Gas,Car_13_Gas,Car_13_Gas,WALK,2.8097693353930597,,,-9.0,0out_1in,othdiscr
93429,1868,othmaint,1,1,1,2,non_mandatory,1,2465.0,822.0,714,28.0,29.0,1.0,,,-9.0,946.0,,False,True,11.674241701246284,Car_13_Gas,Car_13_Gas,Car_13_Gas,WALK,1.2667337903892522,,,-9.0,0out_1in,othmaint
93533,1870,school,1,1,1,1,mandatory,1,19370.0,822.0,715,9.0,37.0,28.0,,,-9.0,384.0,,,,-9.0,Car_15_Hybrid,Car_5_Gas,Car_5_Gas,DRIVEALONE,-3.708101232574888,Car_15_Hybrid,,-9.0,0out_2in,univ
93617,1872,othmaint,1,1,1,1,joint,3,23860.0,822.0,717,16.0,22.0,6.0,,,-9.0,621.0,adults,False,True,13.371239841104051,non_hh_veh,non_hh_veh,non_hh_veh,WALK,-41.19539693153988,,,-9.0,0out_0in,othmaint
93779,1875,othmaint,1,1,1,1,non_mandatory,1,6272.0,822.0,718,13.0,28.0,15.0,,,-9.0,525.0,,False,True,11.946167657272012,Pickup_6_Gas,SUV_13_Gas,SUV_13_Gas,WALK,0.9990804086681672,,,-9.0,2out_0in,othmaint
93829,1876,othmaint,1,1,1,1,non_mandatory,1,19148.0,822.0,718,22.0,22.0,0.0,,,-9.0,798.0,,False,True,10.81807744072398,Pickup_6_Gas,SUV_13_Gas,SUV_13_Gas,SHARED2,-5.38082187125729,SUV_13_Gas,,-9.0,0out_3in,othmaint
93895,1877,social,1,1,1,1,non_mandatory,1,2143.0,822.0,718,32.0,32.0,0.0,,,-9.0,1023.0,,False,True,15.112347371797291,SUV_13_Gas,SUV_13_Gas,Pickup_6_Gas,WALK,0.6160893917417297,,,-9.0,0out_0in,social
93906,1878,eatout,1,1,1,2,non_mandatory,1,822.0,822.0,719,28.0,29.0,1.0,,,-9.0,946.0,,False,True,16.875769232055866,Pickup_20_Gas,Pickup_20_Gas,Pickup_20_Gas,WALK,1.923105770136638,,,-9.0,0out_0in,eatout
93925,1878,othdiscr,1,1,2,2,non_mandatory,1,822.0,822.0,719,18.0,21.0,3.0,,,-9.0,683.0,,False,True,15.776980947423974,Pickup_20_Gas,non_hh_veh,Pickup_20_Gas,WALK,1.8905053690909772,,,-9.0,0out_0in,othdiscr
93979,1879,othmaint,1,1,2,2,non_mandatory,1,23860.0,822.0,720,27.0,27.0,0.0,,,-9.0,923.0,,False,True,11.793610548269925,Car_11_Gas,SUV_6_Gas,SUV_6_Gas,DRIVEALONE,-0.9834984391023576,Car_11_Gas,,-9.0,0out_0in,othmaint
93998,1879,work,1,1,1,2,mandatory,1,6089.0,822.0,720,7.0,25.0,18.0,,,-9.0,291.0,,,,-9.0,Car_11_Gas,Car_11_Gas,SUV_6_Gas,DRIVEALONE,-7.276886504653079,Car_11_Gas,no_subtours,-9.0,2out_2in,work
94041,1880,shopping,1,1,1,1,non_mandatory,1,822.0,822.0,720,19.0,19.0,0.0,,,-9.0,711.0,,False,True,11.038529885351906,SUV_6_Gas,Car_11_Gas,SUV_6_Gas,WALK,1.656307894033237,,,-9.0,0out_0in,shopping
94091,1881,shopping,1,1,1,1,non_mandatory,1,15937.0,822.0,721,19.0,29.0,10.0,,,-9.0,721.0,,False,True,9.170065478431445,Car_15_Gas,Car_15_Gas,Car_15_Gas,DRIVEALONE,-3.5743678068882008,Car_15_Gas,,-9.0,0out_0in,shopping
94104,1882,eat,1,1,1,1,atwork,1,15951.0,15952.0,721,20.0,24.0,4.0,,,-9.0,745.0,,,,7.802510226361643,,,,WALK,0.887694632095218,Car_20_Gas,,94148.0,0out_0in,atwork
94148,1882,work,1,1,1,1,mandatory,1,15952.0,822.0,721,11.0,39.0,28.0,,,-9.0,463.0,,,,-9.0,Car_20_Gas,Car_15_Gas,Car_15_Gas,DRIVEALONE,-4.476975500745898,Car_20_Gas,eat,-9.0,1out_0in,work
94165,1883,othdiscr,1,1,1,1,joint,2,245.0,836.0,722,28.0,37.0,9.0,,,-9.0,954.0,adults,False,True,14.12688471569058,Pickup_10_Gas,Car_15_Gas,non_hh_veh,WALK,0.0189345029740161,,,-9.0,0out_0in,othdiscr
94329,1886,othmaint,1,1,1,1,non_mandatory,1,13130.0,836.0,724,31.0,31.0,0.0,,,-9.0,1005.0,,False,True,12.345083148275103,Car_3_Gas,Car_3_Gas,Car_3_Gas,DRIVEALONE,-0.619867423927822,Car_3_Gas,,-9.0,2out_0in,othmaint
94375,1887,othdiscr,1,1,1,1,non_mandatory,1,245.0,836.0,725,21.0,21.0,0.0,,,-9.0,770.0,,False,True,14.792144060328384,Car_13_Gas,Pickup_15_Gas,Pickup_15_Gas,BIKE,1.7793439641071718,,,-9.0,0out_0in,othdiscr
94404,1888,eat,1,1,1,1,atwork,1,18853.0,18853.0,725,18.0,18.0,0.0,,,-9.0,680.0,,,,5.696696878720989,,,,WALK,0.3880452345241763,Pickup_15_Gas,,94448.0,0out_0in,atwork
94425,1888,othdiscr,2,1,2,3,non_mandatory,1,245.0,836.0,725,7.0,9.0,2.0,,,-9.0,275.0,,False,True,14.315247956563482,Car_12_Gas,Car_12_Gas,Car_12_Gas,WALK,1.626250852234728,,,-9.0,0out_0in,othdiscr
94426,1888,othdiscr,2,2,3,3,non_mandatory,1,3085.0,836.0,725,30.0,31.0,1.0,,,-9.0,987.0,,False,True,14.828484519948775,Car_13_Gas,Car_13_Gas,Car_13_Gas,WALK,1.571618286262845,,,-9.0,0out_0in,othdiscr
94448,1888,work,1,1,1,3,mandatory,1,18853.0,836.0,725,10.0,28.0,18.0,,,-9.0,414.0,,,,-9.0,Pickup_15_Gas,Pickup_15_Gas,SUV_20_Gas,SHARED2,-4.224357248206055,Pickup_15_Gas,eat,-9.0,0out_0in,work
94456,1889,eatout,1,1,2,3,non_mandatory,1,13535.0,836.0,726,26.0,27.0,1.0,,,-9.0,901.0,,False,True,13.282296417292224,Car_20_Gas,Car_20_Gas,Car_20_Gas,DRIVEALONE,-0.8848906784681985,Car_20_Gas,,-9.0,0out_0in,eatout
94475,1889,othdiscr,1,1,3,3,non_mandatory,1,3153.0,836.0,726,13.0,23.0,10.0,,,-9.0,520.0,,False,True,14.324976736030942,Car_20_Gas,Car_20_Gas,Car_20_Gas,DRIVEALONE,0.1603730444019569,Car_20_Gas,,-9.0,0out_1in,othdiscr
94491,1889,shopping,1,1,1,3,non_mandatory,1,6953.0,836.0,726,24.0,25.0,1.0,,,-9.0,852.0,,False,True,9.668395665142333,Car_20_Gas,Car_20_Gas,non_hh_veh,KNR_LOC,0.3338863639798068,Car_20_Gas,,-9.0,0out_0in,shopping
94619,1892,shopping,1,1,1,2,joint,2,3085.0,836.0,727,11.0,26.0,15.0,,,-9.0,450.0,adults,False,True,11.95691902692102,Pickup_5_Gas,Pickup_5_Gas,Pickup_5_Gas,SHARED2,0.027584097103864,Pickup_5_Gas,,-9.0,0out_0in,shopping
94629,1892,othmaint,1,1,2,2,non_mandatory,1,24011.0,836.0,727,35.0,37.0,2.0,,,-9.0,1073.0,,False,True,12.487581196405609,SUV_8_Gas,Pickup_5_Gas,SUV_8_Gas,DRIVEALONE,-2.661252459309963,SUV_8_Gas,,-9.0,0out_3in,othmaint
94729,1894,othmaint,2,1,1,2,non_mandatory,1,15533.0,836.0,728,12.0,19.0,7.0,,,-9.0,480.0,,False,True,11.65785795519266,Car_9_Gas,Car_9_Gas,Car_9_Gas,DRIVEALONE,-2.772716132351651,Car_9_Gas,,-9.0,0out_3in,othmaint
94730,1894,othmaint,2,2,2,2,non_mandatory,1,16365.0,836.0,728,21.0,25.0,4.0,,,-9.0,774.0,,False,True,11.723629999877955,SUV_20_Gas,Car_9_Gas,Car_9_Gas,DRIVEALONE,-1.6813364949561092,SUV_20_Gas,,-9.0,1out_1in,othmaint
94759,1895,escort,1,1,1,1,non_mandatory,1,23264.0,836.0,728,11.0,12.0,1.0,,,-9.0,436.0,,False,True,13.08616698191569,Car_14_Hybrid,Car_14_Hybrid,Car_9_Gas,DRIVEALONE,-0.2852407190070283,Car_14_Hybrid,,-9.0,0out_0in,escort
94825,1896,othdiscr,1,1,1,1,non_mandatory,1,3085.0,836.0,729,32.0,33.0,1.0,,,-9.0,1024.0,,False,True,13.467028583997738,SUV_17_Gas,SUV_17_Gas,SUV_17_Gas,DRIVEALONE,0.86380924128229,SUV_17_Gas,,-9.0,1out_0in,othdiscr
94875,1897,othdiscr,2,1,2,3,non_mandatory,1,23271.0,836.0,730,24.0,25.0,1.0,,,-9.0,852.0,,False,True,13.700782055611434,Pickup_14_Gas,Pickup_14_Gas,Pickup_14_Gas,WALK,0.891359371858339,,,-9.0,0out_0in,othdiscr
94876,1897,othdiscr,2,2,3,3,non_mandatory,1,836.0,836.0,730,8.0,8.0,0.0,,,-9.0,315.0,,False,True,14.877908897332524,Pickup_14_Gas,Pickup_14_Gas,Pickup_14_Gas,WALK,1.7157243483923148,,,-9.0,0out_0in,othdiscr
94879,1897,othmaint,1,1,1,3,non_mandatory,1,15956.0,836.0,730,8.0,22.0,14.0,,,-9.0,329.0,,False,True,12.880043277540752,Pickup_14_Gas,Pickup_14_Gas,Pickup_14_Gas,SHARED3,-2.368681287149533,Pickup_14_Gas,,-9.0,2out_0in,othmaint
94929,1898,othmaint,1,1,1,1,non_mandatory,1,23235.0,836.0,731,13.0,15.0,2.0,,,-9.0,512.0,,False,True,12.342169954759228,Car_3_Gas,Car_3_Gas,Car_3_Gas,SHARED3,-3.1989006362501047,Car_3_Gas,,-9.0,1out_1in,othmaint
94979,1899,othmaint,1,1,1,1,non_mandatory,1,19510.0,836.0,732,4.0,26.0,22.0,,,-9.0,163.0,,False,True,11.973914805755603,SUV_15_Gas,SUV_15_Gas,SUV_15_Gas,SHARED2,-3.467790916860181,SUV_15_Gas,,-9.0,2out_0in,othmaint
95009,1900,escort,2,1,1,3,non_mandatory,1,8666.0,836.0,732,9.0,10.0,1.0,,,-9.0,357.0,,False,True,13.307630746667543,SUV_15_Gas,Pickup_20_Gas,SUV_15_Gas,DRIVEALONE,-1.6615804931440112,SUV_15_Gas,,-9.0,3out_0in,escort
95010,1900,escort,2,2,2,3,non_mandatory,1,19057.0,836.0,732,26.0,27.0,1.0,,,-9.0,901.0,,False,True,13.46251778455574,Pickup_20_Gas,SUV_15_Gas,SUV_15_Gas,DRIVEALONE,-2.970248695050489,Pickup_20_Gas,,-9.0,1out_0in,escort
95029,1900,othmaint,1,1,3,3,non_mandatory,1,1423.0,836.0,732,23.0,25.0,2.0,,,-9.0,827.0,,False,True,11.386353004991092,SUV_15_Gas,Pickup_20_Gas,Pickup_20_Gas,BIKE,1.694049281524853,,,-9.0,0out_1in,othmaint
95059,1901,escort,1,1,1,1,non_mandatory,1,5839.0,836.0,733,8.0,9.0,1.0,,,-9.0,316.0,,False,True,13.057684358555798,Pickup_14_Gas,Pickup_14_Gas,Pickup_14_Gas,DRIVEALONE,-0.9744795164170348,Pickup_14_Gas,,-9.0,0out_0in,escort
95104,1902,eat,1,1,1,1,atwork,1,17096.0,16857.0,734,22.0,27.0,5.0,,,-9.0,803.0,,,,7.007120461517829,,,,DRIVEALONE,-1.843218109617002,SUV_6_Gas,,95148.0,0out_0in,atwork
95148,1902,work,1,1,1,1,mandatory,1,16857.0,836.0,734,10.0,30.0,20.0,,,-9.0,416.0,,,,-9.0,SUV_6_Gas,SUV_6_Gas,SUV_6_Gas,DRIVEALONE,-5.661418651819416,SUV_6_Gas,eat,-9.0,0out_0in,work
95198,1903,work,2,1,1,2,mandatory,1,18528.0,836.0,734,12.0,43.0,31.0,,,-9.0,504.0,,,,-9.0,SUV_6_Gas,SUV_6_Gas,SUV_6_Gas,DRIVEALONE,-3.835932908476887,SUV_6_Gas,no_subtours,-9.0,0out_0in,work
95199,1903,work,2,2,2,2,mandatory,1,18528.0,836.0,734,8.0,12.0,4.0,,,-9.0,319.0,,,,-9.0,SUV_6_Gas,SUV_5_Diesel,SUV_6_Gas,DRIVEALONE,-3.9794898183623166,SUV_6_Gas,no_subtours,-9.0,0out_2in,work
95229,1904,othmaint,2,1,1,2,non_mandatory,1,3085.0,836.0,735,11.0,12.0,1.0,,,-9.0,436.0,,False,True,12.349194406561985,Car_7_Gas,Car_7_Gas,Car_7_Gas,WALK,2.08554057117982,,,-9.0,0out_0in,othmaint
95230,1904,othmaint,2,2,2,2,non_mandatory,1,24333.0,836.0,735,14.0,28.0,14.0,,,-9.0,560.0,,True,False,7.837084572592405,Car_7_Gas,Car_7_Gas,Car_7_Gas,DRIVEALONE,-3.508328817682276,Car_7_Gas,,-9.0,0out_0in,othmaint
95275,1905,othdiscr,1,1,2,2,non_mandatory,1,245.0,836.0,736,10.0,12.0,2.0,,,-9.0,398.0,,False,True,15.701808684679726,SUV_13_Diesel,Car_15_Gas,Car_15_Gas,WALK,2.7553846497627807,,,-9.0,0out_0in,othdiscr
95279,1905,othmaint,1,1,1,2,non_mandatory,1,836.0,836.0,736,13.0,13.0,0.0,,,-9.0,510.0,,False,True,11.531422271401595,Car_15_Gas,SUV_13_Diesel,SUV_13_Diesel,BIKE,2.103943108981142,,,-9.0,0out_0in,othmaint
95306,1906,eatout,1,1,2,2,non_mandatory,1,245.0,836.0,736,33.0,37.0,4.0,,,-9.0,1044.0,,False,True,15.274537220352114,Car_15_Gas,SUV_13_Diesel,SUV_13_Diesel,DRIVEALONE,2.736188182807288,Car_15_Gas,,-9.0,2out_0in,eatout
95329,1906,othmaint,1,1,1,2,non_mandatory,1,1423.0,836.0,736,24.0,27.0,3.0,,,-9.0,854.0,,False,True,11.119516943213378,Car_15_Gas,SUV_13_Diesel,SUV_13_Diesel,WALK,1.6507737276950345,,,-9.0,0out_0in,othmaint
95398,1907,work,1,1,1,1,mandatory,1,16352.0,836.0,737,8.0,28.0,20.0,,,-9.0,335.0,,,,-9.0,SUV_2_Gas,Car_5_Gas,SUV_2_Gas,DRIVEALONE,-2.6226972303245506,SUV_2_Gas,no_subtours,-9.0,3out_3in,work
95525,1910,othdiscr,1,1,1,1,non_mandatory,1,16004.0,836.0,738,11.0,21.0,10.0,,,-9.0,445.0,,False,True,14.950676903740366,Pickup_11_Gas,SUV_11_Diesel,SUV_11_Diesel,WALK,0.7799027192961635,,,-9.0,0out_0in,othdiscr
95575,1911,othdiscr,2,1,2,3,non_mandatory,1,3085.0,836.0,738,19.0,19.0,0.0,,,-9.0,711.0,,False,True,15.087292318464335,Pickup_18_Gas,SUV_11_Diesel,SUV_11_Diesel,WALK,2.455752571427539,,,-9.0,0out_1in,othdiscr
95576,1911,othdiscr,2,2,3,3,non_mandatory,1,3085.0,836.0,738,10.0,11.0,1.0,,,-9.0,397.0,,False,True,15.722386320258895,SUV_11_Diesel,SUV_11_Diesel,Pickup_11_Gas,DRIVEALONE,2.455889779993877,SUV_11_Diesel,,-9.0,0out_3in,othdiscr
95579,1911,othmaint,1,1,1,3,non_mandatory,1,836.0,836.0,738,16.0,17.0,1.0,,,-9.0,616.0,,False,True,11.63068918366472,Pickup_11_Gas,Pickup_11_Gas,SUV_11_Diesel,WALK,1.4675630481424824,,,-9.0,0out_0in,othmaint
95656,1913,eatout,2,1,1,2,non_mandatory,1,245.0,836.0,740,27.0,29.0,2.0,,,-9.0,925.0,,False,True,15.319200371767906,Car_20_Gas,Car_20_Gas,Car_20_Gas,DRIVEALONE,0.9117971420420072,Car_20_Gas,,-9.0,3out_3in,eatout
95657,1913,eatout,2,2,2,2,non_mandatory,1,16098.0,836.0,740,37.0,40.0,3.0,,,-9.0,1101.0,,False,True,14.126548985243588,Car_20_Gas,Car_20_Gas,Car_20_Gas,DRIVEALONE,-0.1807678078149692,Car_20_Gas,,-9.0,3out_0in,eatout
95725,1914,othdiscr,1,1,1,1,non_mandatory,1,1896.0,836.0,741,8.0,10.0,2.0,,,-9.0,317.0,,False,True,14.90568324934007,Van_3_Gas,Van_3_Gas,Van_3_Gas,WALK,1.427254638516927,,,-9.0,0out_1in,othdiscr
95754,1915,eat,1,1,1,1,atwork,1,15934.0,19283.0,741,21.0,22.0,1.0,,,-9.0,771.0,,,,4.457952531101586,,,,WALK,-0.6511111415525347,Car_12_Gas,,95798.0,0out_0in,atwork
95798,1915,work,1,1,1,1,mandatory,1,19283.0,836.0,741,10.0,27.0,17.0,,,-9.0,413.0,,,,-9.0,Car_12_Gas,Van_12_Gas,Van_12_Gas,DRIVEALONE,-4.01156039373269,Car_12_Gas,eat,-9.0,0out_0in,work
95848,1916,work,1,1,1,1,mandatory,1,13127.0,836.0,742,9.0,27.0,18.0,,,-9.0,374.0,,,,-9.0,SUV_16_Gas,SUV_16_Gas,SUV_16_Gas,DRIVEALONE,-0.7317693711113231,SUV_16_Gas,no_subtours,-9.0,0out_1in,work
95925,1918,othdiscr,1,1,2,2,non_mandatory,1,2634.0,836.0,743,10.0,19.0,9.0,,,-9.0,405.0,,False,True,14.257930835288192,Car_2_Gas,Car_2_Gas,Car_2_Gas,DRIVEALONE,0.764815274838207,Car_2_Gas,,-9.0,0out_1in,othdiscr
95941,1918,shopping,1,1,1,2,non_mandatory,1,245.0,836.0,743,31.0,32.0,1.0,,,-9.0,1006.0,,False,True,10.5692409410596,Car_2_Gas,Car_2_Gas,Car_2_Gas,WALK,0.4432764612539296,,,-9.0,0out_0in,shopping
95959,1919,escort,1,1,1,1,non_mandatory,1,7616.0,836.0,744,10.0,10.0,0.0,,,-9.0,396.0,,False,True,13.007878473334994,SUV_6_Gas,Car_11_Gas,SUV_6_Gas,SHARED2,-2.137802258934848,Car_11_Gas,,-9.0,0out_0in,escort
96025,1920,othdiscr,1,1,1,1,non_mandatory,1,1423.0,836.0,744,21.0,39.0,18.0,,,-9.0,788.0,,False,True,14.916701752400812,Car_11_Gas,SUV_6_Gas,Car_11_Gas,SHARED2,1.3810186587352058,SUV_6_Gas,,-9.0,3out_3in,othdiscr
96098,1921,work,1,1,1,1,mandatory,1,5878.0,836.0,745,8.0,30.0,22.0,,,-9.0,337.0,,,,-9.0,SUV_13_Gas,Pickup_15_Gas,Pickup_15_Gas,BIKE,-6.305868193691245,,no_subtours,-9.0,0out_3in,work
96248,1924,work,1,1,1,1,mandatory,1,15937.0,1031.0,747,7.0,31.0,24.0,,,-9.0,297.0,,,,-9.0,Car_11_Gas,Car_11_Gas,Car_11_Gas,DRIVEALONE,-3.5161141355702177,Car_11_Gas,no_subtours,-9.0,0out_0in,work
96291,1925,shopping,1,1,1,1,non_mandatory,1,23056.0,1031.0,748,18.0,20.0,2.0,,,-9.0,682.0,,False,True,10.649827816434058,SUV_6_Gas,SUV_6_Gas,SUV_6_Gas,DRIVEALONE,-1.2044919638437157,SUV_6_Gas,,-9.0,2out_1in,shopping
96348,1926,work,1,1,1,1,mandatory,1,19716.0,1031.0,749,32.0,45.0,13.0,,,-9.0,1036.0,,,,-9.0,Car_6_Gas,Car_6_Gas,Pickup_20_Gas,DRIVEALONE,-1.6737142563750464,Car_6_Gas,no_subtours,-9.0,1out_1in,work
96379,1927,othmaint,1,1,1,1,non_mandatory,1,1031.0,1031.0,749,17.0,25.0,8.0,,,-9.0,656.0,,False,True,11.799598005847994,Car_6_Gas,Car_6_Gas,Car_6_Gas,DRIVEALONE,2.1309279489790485,Car_6_Gas,,-9.0,2out_0in,othmaint
96409,1928,escort,1,1,2,2,non_mandatory,1,8010.0,1031.0,750,26.0,27.0,1.0,,,-9.0,901.0,,False,True,12.730539546842945,SUV_2_Gas,SUV_7_Gas,SUV_11_Gas,SHARED3,-1.4667892004418634,SUV_11_Gas,,-9.0,0out_2in,escort
96448,1928,work,1,1,1,2,mandatory,1,18212.0,1031.0,750,9.0,26.0,17.0,,,-9.0,373.0,,,,-9.0,SUV_2_Gas,SUV_7_Gas,SUV_7_Gas,DRIVEALONE,-3.517716768625784,SUV_2_Gas,no_subtours,-9.0,0out_1in,work
96485,1929,escort,2,1,2,3,non_mandatory,1,7296.0,1031.0,750,8.0,9.0,1.0,pure_escort,,1.0,316.0,,False,True,-9.0,SUV_2_Gas,SUV_2_Gas,SUV_2_Gas,SHARED3,-1.0798489918301477,SUV_2_Gas,,-9.0,0out_0in,escort
96486,1929,escort,2,2,3,3,non_mandatory,1,16246.0,1031.0,750,10.0,12.0,2.0,pure_escort,,1.0,398.0,,False,True,-9.0,SUV_2_Gas,SUV_11_Gas,SUV_7_Gas,SHARED3,-3.496760485099326,SUV_7_Gas,,-9.0,0out_1in,escort
96498,1929,work,1,1,1,3,mandatory,1,23271.0,1031.0,750,23.0,29.0,6.0,,,-9.0,831.0,,,,-9.0,SUV_7_Gas,SUV_2_Gas,SUV_2_Gas,DRIVEALONE,-2.827928225656952,SUV_7_Gas,no_subtours,-9.0,0out_2in,work
96533,1930,school,1,1,1,1,mandatory,1,8322.0,1031.0,750,8.0,14.0,6.0,,,-9.0,321.0,,,,-9.0,SUV_11_Gas,SUV_2_Gas,SUV_11_Gas,WALK,5.40336619474636,,,-9.0,0out_1in,school
96583,1931,school,1,1,1,1,mandatory,1,16246.0,1031.0,750,10.0,26.0,16.0,pure_escort,pure_escort,-9.0,412.0,,,,-9.0,SUV_7_Gas,SUV_2_Gas,SUV_7_Gas,SHARED3,0.179740714047468,SUV_7_Gas,,-9.0,0out_0in,school
96633,1932,school,1,1,1,1,mandatory,1,16673.0,1031.0,750,9.0,26.0,18.0,pure_escort,pure_escort,-9.0,373.0,,,,-9.0,SUV_11_Gas,SUV_2_Gas,SUV_2_Gas,SHARED3,-0.7326721468475756,SUV_2_Gas,,-9.0,0out_1in,school
96683,1933,school,1,1,1,1,mandatory,1,7296.0,1031.0,750,8.0,28.0,20.0,pure_escort,,-9.0,335.0,,,,-9.0,SUV_7_Gas,SUV_7_Gas,SUV_7_Gas,SHARED3,4.07871724749863,SUV_7_Gas,,-9.0,0out_0in,school
96779,1935,othmaint,1,1,3,3,non_mandatory,1,3900.0,1031.0,750,28.0,37.0,9.0,,,-9.0,954.0,,False,True,12.786357021650078,SUV_2_Gas,SUV_2_Gas,SUV_7_Gas,DRIVEALONE,-11.401659629783833,SUV_2_Gas,,-9.0,0out_2in,othmaint
96785,1935,escort,2,1,1,3,non_mandatory,1,16673.0,1031.0,750,9.0,10.0,1.0,pure_escort,,1.0,357.0,,False,True,-9.0,SUV_7_Gas,SUV_11_Gas,SUV_2_Gas,SHARED2,-5.668888069367389,SUV_11_Gas,,-9.0,0out_1in,escort
96786,1935,escort,2,2,2,3,non_mandatory,1,16246.0,1031.0,750,24.0,26.0,2.0,,pure_escort,2.0,853.0,,False,True,-9.0,SUV_2_Gas,SUV_11_Gas,SUV_2_Gas,SHARED3,-5.484966834352081,SUV_2_Gas,,-9.0,1out_1in,escort
96829,1936,othmaint,1,1,4,4,non_mandatory,1,23050.0,1031.0,751,27.0,32.0,5.0,,,-9.0,928.0,,False,True,11.266414557198242,SUV_20_Gas,SUV_20_Gas,SUV_20_Gas,BIKE,-4.916662461124894,,,-9.0,0out_1in,othmaint
96835,1936,escort,3,1,1,4,non_mandatory,1,13595.0,1031.0,751,10.0,12.0,2.0,pure_escort,,2.0,398.0,,False,True,-9.0,SUV_20_Gas,SUV_20_Gas,SUV_20_Gas,BIKE,-7.732304291934795,,,-9.0,1out_0in,escort
96836,1936,escort,3,2,2,4,non_mandatory,1,6647.0,1031.0,751,12.0,12.0,0.0,pure_escort,,1.0,473.0,,False,True,-9.0,SUV_20_Gas,SUV_20_Gas,SUV_20_Gas,SHARED3,-2.1114611588796133,SUV_20_Gas,,-9.0,0out_0in,escort
96837,1936,escort,3,3,3,4,non_mandatory,1,6647.0,1031.0,751,24.0,27.0,3.0,,pure_escort,3.0,854.0,,False,True,-9.0,SUV_20_Gas,SUV_20_Gas,SUV_20_Gas,SHARED3,-3.1655221625205505,SUV_20_Gas,,-9.0,0out_2in,escort
96859,1937,escort,1,1,1,1,non_mandatory,1,3132.0,1031.0,751,12.0,12.0,0.0,,,-9.0,473.0,,False,True,13.95109460409683,SUV_20_Gas,SUV_20_Gas,SUV_20_Gas,WALK,0.731317221785071,,,-9.0,0out_0in,escort
96933,1938,school,1,1,1,1,mandatory,1,18358.0,1031.0,751,10.0,27.0,16.0,pure_escort,pure_escort,-9.0,413.0,,,,-9.0,SUV_20_Gas,SUV_20_Gas,SUV_20_Gas,SHARED3,1.0429297311656969,SUV_20_Gas,,-9.0,0out_1in,school
96983,1939,school,1,1,1,1,mandatory,1,13595.0,1031.0,751,10.0,27.0,17.0,pure_escort,pure_escort,-9.0,413.0,,,,-9.0,SUV_20_Gas,SUV_20_Gas,SUV_20_Gas,SHARED3,-1.044835504626912,SUV_20_Gas,,-9.0,1out_2in,school
97009,1940,escort,1,1,3,3,non_mandatory,1,12521.0,1031.0,751,7.0,7.0,0.0,,,-9.0,273.0,,False,True,13.882548538375548,SUV_20_Gas,SUV_20_Gas,SUV_20_Gas,WALK,0.8997067457613108,,,-9.0,0out_0in,escort
97033,1940,school,2,1,1,3,mandatory,1,6647.0,1031.0,751,12.0,27.0,15.0,pure_escort,pure_escort,-9.0,488.0,,,,-9.0,SUV_20_Gas,SUV_20_Gas,SUV_20_Gas,SHARED3,3.254396623911129,SUV_20_Gas,,-9.0,0out_0in,school
97034,1940,school,2,2,2,3,mandatory,1,6647.0,1031.0,751,12.0,12.0,0.0,,,-9.0,473.0,,,,-9.0,SUV_20_Gas,SUV_20_Gas,SUV_20_Gas,WALK,3.25739297052836,,,-9.0,1out_0in,school
97104,1942,eat,1,1,1,1,atwork,1,16403.0,16313.0,752,20.0,22.0,2.0,,,-9.0,743.0,,,,6.873729576675943,,,,SHARED3,0.3243506655919539,Pickup_5_Gas,,97148.0,0out_0in,atwork
97125,1942,othdiscr,1,1,2,2,non_mandatory,1,3366.0,1031.0,752,13.0,17.0,4.0,,,-9.0,514.0,,False,True,13.254288547365803,Pickup_5_Gas,Pickup_5_Gas,Pickup_5_Gas,WALK,0.4273621419325229,,,-9.0,0out_0in,othdiscr
97148,1942,work,1,1,1,2,mandatory,1,16313.0,1031.0,752,18.0,36.0,18.0,,,-9.0,698.0,,,,-9.0,Pickup_5_Gas,Pickup_5_Gas,Pickup_5_Gas,DRIVEALONE,-3.438906090479579,Pickup_5_Gas,eat,-9.0,0out_0in,work
97229,1944,othmaint,1,1,1,1,non_mandatory,1,13127.0,1031.0,753,22.0,27.0,5.0,,,-9.0,803.0,,False,True,11.768915841088674,Pickup_9_Gas,SUV_8_Gas,SUV_8_Gas,WALK,0.1743529866561553,,,-9.0,0out_0in,othmaint
97254,1945,eat,1,1,1,1,atwork,1,6527.0,6527.0,753,19.0,21.0,2.0,,,-9.0,713.0,,,,7.624081330922299,,,,WALK,0.8835688118181332,Pickup_9_Gas,,97298.0,1out_1in,atwork
97298,1945,work,1,1,1,1,mandatory,1,6527.0,1031.0,753,17.0,33.0,16.0,,,-9.0,664.0,,,,-9.0,Pickup_9_Gas,Van_20_Gas,Van_20_Gas,DRIVEALONE,-0.5925360285459961,Pickup_9_Gas,eat,-9.0,0out_0in,work
97325,1946,othdiscr,1,1,1,1,non_mandatory,1,11590.0,1031.0,753,29.0,33.0,4.0,,,-9.0,970.0,,False,True,14.281287247567088,SUV_8_Gas,SUV_8_Gas,SUV_8_Gas,WALK,1.5810517865906877,,,-9.0,0out_0in,othdiscr
97354,1947,eat,1,1,1,1,atwork,1,18531.0,1380.0,754,19.0,22.0,3.0,,,-9.0,714.0,,,,-4.479496580460139,,,,DRIVEALONE,-10.344184437121502,SUV_8_Diesel,,97398.0,0out_0in,atwork
97398,1947,work,1,1,1,1,mandatory,1,1380.0,1031.0,754,6.0,32.0,26.0,,,-9.0,256.0,,,,-9.0,SUV_8_Diesel,SUV_8_Diesel,SUV_8_Diesel,DRIVEALONE,-6.783999543103484,SUV_8_Diesel,eat,-9.0,0out_3in,work
97404,1948,eat,1,1,1,1,atwork,1,5343.0,23321.0,755,26.0,27.0,1.0,,,-9.0,901.0,,,,5.315014114960049,,,,DRIVEALONE,-2.461446912264164,Car_1_Gas,,97448.0,0out_0in,atwork
97448,1948,work,1,1,1,1,mandatory,1,23321.0,1031.0,755,10.0,34.0,24.0,,,-9.0,420.0,,,,-9.0,Car_1_Gas,Car_1_Gas,Car_1_Gas,DRIVEALONE,-2.778878420571004,Car_1_Gas,eat,-9.0,3out_3in,work
97456,1949,eatout,1,1,2,2,non_mandatory,1,18278.0,1031.0,756,24.0,29.0,5.0,,,-9.0,856.0,,False,True,14.321355754640605,Car_9_Gas,Car_9_Gas,Car_9_Gas,WALK_MIX,-1.4022459611507765,,,-9.0,0out_2in,eatout
97491,1949,shopping,1,1,1,2,non_mandatory,1,24333.0,1031.0,756,34.0,37.0,3.0,,,-9.0,1059.0,,True,False,3.326469171166386,Car_9_Gas,Car_9_Gas,Car_9_Gas,DRIVEALONE,-3.235832685375432,Car_9_Gas,,-9.0,1out_0in,shopping
97506,1950,eatout,1,1,1,1,non_mandatory,1,822.0,1031.0,756,27.0,33.0,6.0,,,-9.0,929.0,,False,True,14.490067114601148,Car_9_Gas,Car_9_Gas,Car_9_Gas,WALK,0.8405352857138578,,,-9.0,0out_1in,eatout
97556,1951,eatout,1,1,1,1,non_mandatory,1,13461.0,1031.0,757,11.0,14.0,3.0,,,-9.0,438.0,,False,True,14.073427374271567,Car_11_Gas,Car_11_Gas,Car_11_Gas,DRIVEALONE,0.2622450439062868,Car_11_Gas,,-9.0,0out_0in,eatout
97606,1952,eatout,1,1,1,1,non_mandatory,1,1896.0,1031.0,758,29.0,37.0,8.0,,,-9.0,974.0,,False,True,13.90222620086141,Car_16_Gas,Car_5_Gas,Car_5_Gas,BIKE,-1.1660284134972934,,,-9.0,3out_3in,eatout
97656,1953,eatout,1,1,2,2,non_mandatory,1,23062.0,1031.0,759,8.0,11.0,3.0,,,-9.0,318.0,,False,True,14.82157654139631,SUV_15_Diesel,SUV_15_Diesel,Car_18_Gas,SHARED2,-2.838698634993673,SUV_15_Diesel,,-9.0,0out_0in,eatout
97679,1953,othmaint,1,1,1,2,non_mandatory,1,23039.0,1031.0,759,12.0,15.0,3.0,,,-9.0,476.0,,False,True,13.06711873109906,SUV_15_Diesel,SUV_15_Diesel,SUV_15_Diesel,DRIVEALONE,-4.13758338640712,SUV_15_Diesel,,-9.0,0out_0in,othmaint
97706,1954,eatout,1,1,2,2,non_mandatory,1,7925.0,1031.0,759,26.0,30.0,4.0,,,-9.0,904.0,,False,True,13.349538841564904,Car_18_Gas,SUV_15_Diesel,SUV_15_Diesel,WALK,1.839959396392145,,,-9.0,0out_0in,eatout
97741,1954,shopping,1,1,1,2,non_mandatory,1,6453.0,1031.0,759,13.0,13.0,0.0,,,-9.0,510.0,,False,True,10.711941569758654,Pickup_20_Gas,Car_18_Gas,SUV_15_Diesel,WALK,1.3011808902768842,,,-9.0,0out_0in,shopping
97806,1956,eatout,1,1,1,1,non_mandatory,1,12539.0,1031.0,760,24.0,26.0,2.0,,,-9.0,853.0,,False,True,15.655165729801103,Car_9_Gas,SUV_4_Gas,Car_9_Gas,WALK,2.6653863632320696,,,-9.0,0out_0in,eatout
97895,1957,social,1,1,1,1,non_mandatory,1,2634.0,1031.0,760,13.0,20.0,7.0,,,-9.0,517.0,,False,True,14.86018282962049,Car_9_Gas,Pickup_12_Gas,SUV_4_Gas,WALK,0.888497262438756,,,-9.0,0out_1in,social
97945,1958,social,1,1,1,1,non_mandatory,1,20868.0,1031.0,761,35.0,41.0,6.0,,,-9.0,1077.0,,False,True,14.691626523632388,Van_18_Gas,Van_18_Gas,Van_18_Gas,WALK_PRM,-9.972179706888571,,,-9.0,0out_0in,social
98033,1960,school,1,1,1,1,mandatory,1,16014.0,1031.0,761,9.0,25.0,16.0,,,-9.0,372.0,,,,-9.0,Van_18_Gas,Van_18_Gas,Van_18_Gas,DRIVEALONE,0.5747661474622501,Van_18_Gas,,-9.0,1out_0in,school
98054,1961,eat,1,1,1,1,atwork,1,23883.0,23883.0,762,22.0,23.0,1.0,,,-9.0,799.0,,,,7.234690469989873,,,,DRIVEALONE,0.2897322957143223,Car_11_Hybrid,,98098.0,0out_0in,atwork
98098,1961,work,1,1,1,1,mandatory,1,23883.0,1031.0,762,21.0,33.0,12.0,,,-9.0,782.0,,,,-9.0,Car_11_Hybrid,Car_11_Hybrid,Car_11_Hybrid,DRIVEALONE,-0.8120115454601329,Car_11_Hybrid,eat,-9.0,0out_0in,work
98125,1962,othdiscr,1,1,1,1,non_mandatory,1,24333.0,1031.0,762,13.0,35.0,22.0,,,-9.0,532.0,,True,False,4.5394726711554005,Car_11_Hybrid,Car_11_Hybrid,Car_11_Hybrid,DRIVEALONE,-3.619722303980797,Car_11_Hybrid,,-9.0,0out_1in,othdiscr
98175,1963,othdiscr,1,1,1,1,non_mandatory,1,7925.0,1031.0,763,32.0,33.0,1.0,,,-9.0,1024.0,,False,True,14.057459913364172,non_hh_veh,non_hh_veh,non_hh_veh,DRIVEALONE,1.775307678251491,non_hh_veh,,-9.0,0out_3in,othdiscr
98206,1964,eatout,1,1,2,2,non_mandatory,1,2941.0,1031.0,763,30.0,38.0,8.0,,,-9.0,994.0,,False,True,13.842838904725175,non_hh_veh,non_hh_veh,non_hh_veh,WALK,1.0957114029597816,,,-9.0,0out_2in,eatout
98241,1964,shopping,1,1,1,2,non_mandatory,1,7226.0,1031.0,763,18.0,19.0,1.0,,,-9.0,681.0,,False,True,12.701675970876142,non_hh_veh,non_hh_veh,non_hh_veh,WALK,4.0391564581868575,,,-9.0,0out_0in,shopping
98304,1966,eat,1,1,1,1,atwork,1,23926.0,16645.0,764,17.0,18.0,1.0,,,-9.0,649.0,,,,4.009483392405379,,,,DRIVEALONE,-0.5901403935132132,Car_7_Gas,,98348.0,0out_0in,atwork
98348,1966,work,1,1,1,1,mandatory,1,16645.0,1077.0,764,11.0,37.0,26.0,,,-9.0,461.0,,,,-9.0,Car_7_Gas,Car_7_Gas,Car_2_Gas,DRIVEALONE,-1.8462162422305373,Car_7_Gas,eat,-9.0,0out_0in,work
98391,1967,shopping,1,1,1,1,non_mandatory,1,23056.0,1077.0,765,13.0,14.0,1.0,,,-9.0,511.0,,False,True,10.29703914307064,Van_20_Gas,Van_20_Gas,Van_20_Gas,DRIVEALONE,-2.2495375439630405,Van_20_Gas,,-9.0,3out_3in,shopping
98541,1970,shopping,1,1,1,1,non_mandatory,1,23883.0,1077.0,766,19.0,37.0,18.0,,,-9.0,729.0,,False,True,10.39075000776857,Car_12_Gas,SUV_11_Gas,SUV_11_Gas,DRIVEALONE,-2.234593893385565,Car_12_Gas,,-9.0,0out_0in,shopping
98641,1972,shopping,1,1,1,1,non_mandatory,1,2465.0,1077.0,767,18.0,25.0,7.0,,,-9.0,687.0,,False,True,9.716881551769276,Car_2_Gas,SUV_2_Gas,SUV_2_Gas,SHARED2,-1.5292810771505878,SUV_2_Gas,,-9.0,1out_0in,shopping
98675,1973,othdiscr,1,1,1,1,non_mandatory,1,13556.0,1077.0,767,13.0,17.0,4.0,,,-9.0,514.0,,False,True,13.462205002436423,Car_2_Gas,Car_10_Gas,SUV_2_Gas,DRIVEALONE,0.9976107500492132,Car_2_Gas,,-9.0,0out_2in,othdiscr
98719,1974,shopping,1,1,1,1,joint,2,6199.0,1077.0,768,15.0,18.0,3.0,,,-9.0,584.0,adults,False,True,10.453214295335927,SUV_17_Gas,SUV_17_Gas,SUV_3_Gas,SHARED2,-1.1875119413895123,SUV_17_Gas,,-9.0,0out_0in,shopping
98954,1979,eat,1,1,1,1,atwork,1,18766.0,18767.0,770,20.0,21.0,1.0,,,-9.0,742.0,,,,6.556372121436334,,,,DRIVEALONE,-0.3545138502753077,Car_8_Gas,,98998.0,0out_0in,atwork
98998,1979,work,1,1,1,1,mandatory,1,18767.0,1077.0,770,8.0,29.0,21.0,,,-9.0,336.0,,,,-9.0,Car_8_Gas,Pickup_14_Gas,Car_3_Gas,DRIVEALONE,-4.016364914869563,Car_8_Gas,eat,-9.0,0out_0in,work
99029,1980,othmaint,1,1,1,1,non_mandatory,1,3537.0,1077.0,771,23.0,25.0,2.0,,,-9.0,827.0,,False,True,12.132238321111826,Car_20_Gas,Car_20_Gas,Car_20_Gas,DRIVEALONE,-5.560233721331272,Car_20_Gas,,-9.0,0out_2in,othmaint
99156,1983,eatout,1,1,1,1,non_mandatory,1,16402.0,1077.0,773,17.0,25.0,8.0,,,-9.0,656.0,,False,True,13.150732176879488,Pickup_4_Gas,Car_4_Gas,Car_4_Gas,DRIVEALONE,-1.5595476628828195,Pickup_4_Gas,,-9.0,0out_0in,eatout
99225,1984,othdiscr,1,1,2,2,non_mandatory,1,6705.0,1077.0,773,8.0,8.0,0.0,,,-9.0,315.0,,False,True,14.000762283589598,Pickup_4_Gas,SUV_9_Gas,SUV_9_Gas,WALK,0.4720867351422741,,,-9.0,0out_0in,othdiscr
99241,1984,shopping,1,1,1,2,non_mandatory,1,9901.0,1077.0,773,36.0,36.0,0.0,,,-9.0,1085.0,,False,True,10.044823695966326,SUV_9_Gas,SUV_9_Gas,SUV_9_Gas,DRIVEALONE,-0.495918452376662,SUV_9_Gas,,-9.0,0out_0in,shopping
99283,1985,school,1,1,1,1,mandatory,1,23114.0,1077.0,773,19.0,34.0,15.0,,,-9.0,726.0,,,,-9.0,Car_4_Gas,SUV_9_Gas,Pickup_4_Gas,DRIVEALONE,-1.713827496845288,Car_4_Gas,,-9.0,0out_1in,univ
99348,1986,work,1,1,1,1,mandatory,1,19729.0,1077.0,774,8.0,32.0,24.0,,,-9.0,339.0,,,,-9.0,Car_2_Hybrid,Car_2_Hybrid,Car_7_Gas,DRIVEALONE,-1.3570972036920317,Car_2_Hybrid,no_subtours,-9.0,0out_0in,work
99429,1988,othmaint,1,1,7,7,non_mandatory,1,23062.0,1077.0,775,10.0,19.0,9.0,,,-9.0,405.0,,False,True,12.887512062500464,Car_2_Gas,SUV_2_Gas,SUV_2_Gas,SHARED3,-2.635601457999544,SUV_2_Gas,,-9.0,2out_0in,othmaint
99435,1988,escort,5,1,1,7,non_mandatory,1,23872.0,1077.0,775,8.0,8.0,0.0,pure_escort,,2.0,315.0,,False,True,-9.0,Car_2_Gas,SUV_2_Gas,SUV_2_Gas,SHARED3,-0.4575194901459226,SUV_2_Gas,,-9.0,1out_0in,escort
99436,1988,escort,5,2,2,7,non_mandatory,1,7211.0,1077.0,775,10.0,10.0,0.0,pure_escort,,1.0,396.0,,False,True,-9.0,SUV_2_Gas,SUV_2_Gas,SUV_2_Gas,SHARED3,-0.9134179935756048,SUV_2_Gas,,-9.0,0out_0in,escort
99437,1988,escort,5,3,3,7,non_mandatory,1,23872.0,1077.0,775,24.0,24.0,0.0,,pure_escort,1.0,851.0,,False,True,-9.0,SUV_2_Gas,Car_2_Gas,SUV_2_Gas,SHARED3,-0.326478605596997,SUV_2_Gas,,-9.0,0out_0in,escort
99438,1988,escort,5,4,4,7,non_mandatory,1,7211.0,1077.0,775,25.0,27.0,2.0,,pure_escort,1.0,878.0,,False,True,-9.0,Car_2_Gas,SUV_2_Gas,Car_2_Gas,SHARED2,-0.9484940037400986,SUV_2_Gas,,-9.0,0out_0in,escort
99439,1988,escort,5,5,5,7,non_mandatory,1,23872.0,1077.0,775,32.0,35.0,3.0,,pure_escort,1.0,1026.0,,False,True,-9.0,SUV_2_Gas,Car_2_Gas,SUV_2_Gas,SHARED2,-0.3300370945631806,Car_2_Gas,,-9.0,0out_0in,escort
99441,1988,shopping,1,1,6,7,non_mandatory,1,23883.0,1077.0,775,20.0,23.0,3.0,,,-9.0,744.0,,False,True,10.803539976764656,Car_2_Gas,SUV_2_Gas,Car_2_Gas,SHARED3,-0.6168183666500291,Car_2_Gas,,-9.0,0out_0in,shopping
99483,1989,school,1,1,1,1,mandatory,1,16374.0,1077.0,775,10.0,26.0,16.0,,,-9.0,412.0,,,,-9.0,Car_2_Gas,SUV_2_Gas,Car_2_Gas,BIKE,-3.434858792246937,,,-9.0,1out_0in,school
99533,1990,school,1,1,1,1,mandatory,1,10913.0,1077.0,775,8.0,31.0,23.0,,,-9.0,338.0,,,,-9.0,Car_2_Gas,Car_2_Gas,SUV_2_Gas,SHARED3,-4.246852972278048,SUV_2_Gas,,-9.0,1out_2in,school
99583,1991,school,1,1,1,1,mandatory,1,23872.0,1077.0,775,8.0,35.0,28.0,pure_escort,pure_escort,-9.0,342.0,,,,-9.0,SUV_2_Gas,Car_2_Gas,Car_2_Gas,SHARED2,0.1651616909523262,Car_2_Gas,,-9.0,1out_0in,school
99633,1992,school,1,1,1,1,mandatory,1,7211.0,1077.0,775,10.0,27.0,17.0,pure_escort,pure_escort,-9.0,413.0,,,,-9.0,Car_2_Gas,Car_2_Gas,SUV_2_Gas,SHARED2,-0.0905785672801344,Car_2_Gas,,-9.0,0out_0in,school
99683,1993,school,1,1,1,1,mandatory,1,23872.0,1077.0,775,8.0,24.0,16.0,pure_escort,pure_escort,-9.0,331.0,,,,-9.0,Car_2_Gas,Car_2_Gas,SUV_2_Gas,SHARED3,0.5759205504071272,SUV_2_Gas,,-9.0,0out_0in,school
99725,1994,othdiscr,1,1,1,1,non_mandatory,1,6705.0,1077.0,776,36.0,39.0,3.0,,,-9.0,1088.0,,False,True,14.296315929959947,Car_18_Gas,Car_18_Gas,Car_18_Gas,DRIVEALONE,0.2289517489687949,Car_18_Gas,,-9.0,0out_2in,othdiscr
99825,1996,othdiscr,2,1,1,2,non_mandatory,1,23843.0,1077.0,777,16.0,20.0,4.0,,,-9.0,619.0,,False,True,13.239471286955148,non_hh_veh,non_hh_veh,non_hh_veh,SHARED2,0.8086422917662952,non_hh_veh,,-9.0,0out_0in,othdiscr
99826,1996,othdiscr,2,2,2,2,non_mandatory,1,7860.0,1077.0,777,31.0,36.0,5.0,,,-9.0,1010.0,,False,True,13.105185836813204,non_hh_veh,non_hh_veh,non_hh_veh,WALK,0.6667754270991237,,,-9.0,0out_0in,othdiscr
99875,1997,othdiscr,1,1,1,1,non_mandatory,1,16253.0,1077.0,778,18.0,25.0,7.0,,,-9.0,687.0,,False,True,13.26624665998361,Car_12_Gas,Car_12_Gas,Car_12_Gas,DRIVEALONE,-0.7269192275274712,Car_12_Gas,,-9.0,0out_3in,othdiscr
99929,1998,othmaint,1,1,1,1,non_mandatory,1,16643.0,1077.0,779,14.0,17.0,3.0,,,-9.0,549.0,,False,True,12.408612289005111,Pickup_17_Gas,Pickup_11_Gas,Pickup_11_Gas,DRIVEALONE,-1.1656984830806605,Pickup_17_Gas,,-9.0,0out_1in,othmaint
100079,2001,othmaint,2,1,5,6,non_mandatory,1,19749.0,1077.0,780,31.0,36.0,5.0,,,-9.0,1010.0,,False,True,12.566563036553044,SUV_4_Gas,SUV_4_Gas,SUV_14_Gas,SHARED3,-2.5934057041889957,SUV_14_Gas,,-9.0,0out_1in,othmaint
100080,2001,othmaint,2,2,6,6,non_mandatory,1,23883.0,1077.0,780,18.0,21.0,3.0,,,-9.0,683.0,,False,True,12.490769937823858,SUV_14_Gas,SUV_4_Gas,SUV_4_Gas,SHARED3,-0.2157252556691836,SUV_4_Gas,,-9.0,0out_0in,othmaint
100085,2001,escort,4,1,1,6,non_mandatory,1,7296.0,1077.0,780,9.0,9.0,0.0,pure_escort,,1.0,356.0,,False,True,-9.0,SUV_4_Gas,SUV_4_Gas,SUV_4_Gas,SHARED2,-0.1809152899383364,SUV_4_Gas,,-9.0,0out_0in,escort
100086,2001,escort,4,2,2,6,non_mandatory,1,23872.0,1077.0,780,11.0,11.0,0.0,pure_escort,,2.0,435.0,,False,True,-9.0,SUV_4_Gas,SUV_14_Gas,SUV_14_Gas,SHARED3,-0.3103467260668685,SUV_14_Gas,,-9.0,1out_0in,escort
100087,2001,escort,4,3,3,6,non_mandatory,1,23872.0,1077.0,780,23.0,25.0,2.0,,pure_escort,1.0,827.0,,False,True,-9.0,SUV_14_Gas,SUV_14_Gas,SUV_14_Gas,SHARED3,-0.1856753302444528,SUV_14_Gas,,-9.0,0out_0in,escort
100088,2001,escort,4,4,4,6,non_mandatory,1,23872.0,1077.0,780,27.0,27.0,0.0,,pure_escort,1.0,923.0,,False,True,-9.0,SUV_4_Gas,SUV_4_Gas,SUV_4_Gas,SHARED3,-0.1776428208589625,SUV_4_Gas,,-9.0,0out_0in,escort
100135,2002,escort,1,1,2,2,non_mandatory,1,7296.0,1077.0,780,29.0,31.0,2.0,,pure_escort,1.0,968.0,,False,True,-9.0,SUV_4_Gas,SUV_4_Gas,SUV_14_Gas,SHARED3,0.3242388485392028,SUV_14_Gas,,-9.0,0out_0in,escort
100148,2002,work,1,1,1,2,mandatory,1,15946.0,1077.0,780,9.0,25.0,16.0,,,-9.0,372.0,,,,-9.0,SUV_14_Gas,SUV_4_Gas,SUV_4_Gas,DRIVEALONE,-2.906857358133652,SUV_14_Gas,no_subtours,-9.0,0out_0in,work
100183,2003,school,1,1,1,1,mandatory,1,19095.0,1077.0,780,8.0,32.0,24.0,,,-9.0,339.0,,,,-9.0,SUV_4_Gas,SUV_4_Gas,SUV_4_Gas,DRIVEALONE,-2.359844865408255,SUV_4_Gas,,-9.0,1out_0in,school
100233,2004,school,1,1,1,1,mandatory,1,23872.0,1077.0,780,11.0,25.0,15.0,pure_escort,pure_escort,-9.0,449.0,,,,-9.0,SUV_4_Gas,SUV_4_Gas,SUV_4_Gas,SHARED3,2.324697695965551,SUV_4_Gas,,-9.0,1out_0in,school
100283,2005,school,1,1,1,1,mandatory,1,7296.0,1077.0,780,9.0,31.0,22.0,pure_escort,pure_escort,-9.0,378.0,,,,-9.0,SUV_14_Gas,SUV_4_Gas,SUV_4_Gas,SHARED3,0.8092608217862644,SUV_4_Gas,,-9.0,0out_0in,school
100333,2006,school,1,1,1,1,mandatory,1,23872.0,1077.0,780,11.0,27.0,16.0,pure_escort,pure_escort,-9.0,451.0,,,,-9.0,SUV_4_Gas,SUV_14_Gas,SUV_14_Gas,SHARED3,0.6064908637220152,SUV_14_Gas,,-9.0,0out_0in,school
100425,2008,othdiscr,1,1,4,4,non_mandatory,1,13460.0,1077.0,781,27.0,35.0,8.0,,,-9.0,931.0,,False,True,12.561250169481545,SUV_4_Gas,SUV_4_Gas,SUV_4_Gas,DRIVEALONE,-0.1357477781767038,SUV_4_Gas,,-9.0,0out_1in,othdiscr
100429,2008,othmaint,3,1,1,4,non_mandatory,1,18443.0,1077.0,781,21.0,24.0,3.0,,,-9.0,773.0,,False,True,10.661493838001114,SUV_4_Gas,SUV_4_Gas,SUV_4_Gas,DRIVEALONE,-2.1733243771832407,SUV_4_Gas,,-9.0,0out_0in,othmaint
100430,2008,othmaint,3,2,2,4,non_mandatory,1,23883.0,1077.0,781,13.0,21.0,8.0,,,-9.0,518.0,,False,True,10.987807524769142,SUV_4_Gas,SUV_4_Gas,SUV_4_Gas,DRIVEALONE,-0.9070360458459068,SUV_4_Gas,,-9.0,0out_0in,othmaint
100431,2008,othmaint,3,3,3,4,non_mandatory,1,19557.0,1077.0,781,6.0,13.0,7.0,,,-9.0,237.0,,False,True,10.988178078867568,SUV_4_Gas,SUV_4_Gas,SUV_4_Gas,DRIVEALONE,-3.0318290005285906,SUV_4_Gas,,-9.0,0out_1in,othmaint
100479,2009,othmaint,1,1,2,2,non_mandatory,1,16791.0,1077.0,781,27.0,31.0,4.0,,,-9.0,927.0,,False,True,12.196566441455593,SUV_4_Gas,SUV_4_Gas,SUV_4_Gas,DRIVEALONE,-4.119942371582857,SUV_4_Gas,,-9.0,0out_1in,othmaint
100491,2009,shopping,1,1,1,2,non_mandatory,1,16193.0,1077.0,781,21.0,23.0,2.0,,,-9.0,772.0,,False,True,10.390915319925035,SUV_4_Gas,SUV_4_Gas,SUV_4_Gas,DRIVEALONE,-4.007245233115654,SUV_4_Gas,,-9.0,0out_0in,shopping
100525,2010,othdiscr,1,1,2,2,non_mandatory,1,16206.0,1077.0,782,21.0,25.0,4.0,,,-9.0,774.0,,False,True,13.939149170344717,Car_18_Gas,SUV_20_Gas,SUV_20_Gas,SHARED2,-1.0602471396546662,SUV_20_Gas,,-9.0,0out_0in,othdiscr
100529,2010,othmaint,1,1,1,2,non_mandatory,1,18529.0,1077.0,782,11.0,15.0,4.0,,,-9.0,439.0,,False,True,12.355198311018292,Pickup_12_Gas,SUV_20_Gas,Pickup_12_Gas,DRIVEALONE,-1.3684027883911944,Pickup_12_Gas,,-9.0,0out_2in,othmaint
100579,2011,othmaint,1,1,1,1,non_mandatory,1,15937.0,1077.0,782,14.0,20.0,6.0,,,-9.0,552.0,,False,True,12.51145642859586,Pickup_12_Gas,Pickup_12_Gas,SUV_20_Gas,DRIVEALONE,-2.0066523769908517,Pickup_12_Gas,,-9.0,0out_0in,othmaint
100629,2012,othmaint,1,1,1,1,non_mandatory,1,24333.0,1077.0,783,7.0,20.0,13.0,,,-9.0,286.0,,True,False,8.031502620551674,non_hh_veh,non_hh_veh,non_hh_veh,DRIVEALONE,-3.551840032316126,non_hh_veh,,-9.0,0out_0in,othmaint
100673,2013,maint,1,1,1,1,atwork,1,19723.0,18863.0,784,21.0,24.0,3.0,,,-9.0,773.0,,,,4.063964884607712,,,,SHARED3,-3.220225652493988,Pickup_6_Gas,,100698.0,1out_1in,atwork
100698,2013,work,1,1,1,1,mandatory,1,18863.0,1077.0,784,10.0,30.0,20.0,,,-9.0,416.0,,,,-9.0,Pickup_6_Gas,Pickup_18_Gas,Pickup_6_Gas,DRIVEALONE,-1.9233332805055583,Pickup_6_Gas,maint,-9.0,0out_1in,work
100725,2014,othdiscr,1,1,2,2,non_mandatory,1,23080.0,1077.0,784,6.0,11.0,5.0,,,-9.0,235.0,,False,True,13.288748687627525,Pickup_6_Gas,Pickup_6_Gas,Pickup_6_Gas,TNC_SINGLE,-7.588444716517221,,,-9.0,0out_1in,othdiscr
100729,2014,othmaint,1,1,1,2,non_mandatory,1,10895.0,1077.0,784,12.0,15.0,3.0,,,-9.0,476.0,,False,True,12.645200022860708,Pickup_6_Gas,Pickup_6_Gas,Pickup_6_Gas,SHARED2,-18.12327857042173,Pickup_6_Gas,,-9.0,3out_3in,othmaint
100809,2016,escort,4,4,4,4,non_mandatory,1,5622.0,1077.0,785,35.0,38.0,3.0,,,-9.0,1074.0,,False,True,12.673239781948574,Pickup_14_Gas,Pickup_14_Gas,Pickup_14_Gas,DRIVEALONE,0.7734941071471488,Pickup_14_Gas,,-9.0,0out_0in,escort
100819,2018,shopping,1,1,2,2,joint,4,6331.0,1077.0,785,30.0,31.0,1.0,,,-9.0,987.0,children,False,True,10.953877921533598,Pickup_14_Gas,Pickup_14_Gas,Pickup_14_Gas,WALK,-46.1761643225793,,,-9.0,0out_1in,shopping
100835,2016,escort,4,1,1,4,non_mandatory,1,7296.0,1077.0,785,8.0,8.0,0.0,pure_escort,,1.0,315.0,,False,True,-9.0,Pickup_14_Gas,Pickup_14_Gas,Pickup_14_Gas,SHARED2,0.1438891692500936,Pickup_14_Gas,,-9.0,0out_0in,escort
100836,2016,escort,4,2,2,4,non_mandatory,1,9910.0,1077.0,785,10.0,12.0,2.0,pure_escort,,1.0,398.0,,False,True,-9.0,Pickup_14_Gas,Pickup_14_Gas,Pickup_14_Gas,SHARED3,-3.1214246360133453,Pickup_14_Gas,,-9.0,0out_1in,escort
100837,2016,escort,4,3,3,4,non_mandatory,1,7296.0,1077.0,785,26.0,30.0,4.0,,pure_escort,1.0,904.0,,False,True,-9.0,Pickup_14_Gas,Pickup_14_Gas,Pickup_14_Gas,SHARED2,0.1412529138466373,Pickup_14_Gas,,-9.0,0out_0in,escort
100859,2017,escort,2,2,2,3,non_mandatory,1,23934.0,1077.0,785,10.0,11.0,1.0,,,-9.0,397.0,,False,True,12.950358052603905,Pickup_14_Gas,Pickup_14_Gas,non_hh_veh,SHARED2,-0.9125464937578506,Pickup_14_Gas,,-9.0,0out_0in,escort
100879,2017,othmaint,1,1,3,3,non_mandatory,1,18682.0,1077.0,785,18.0,22.0,4.0,,,-9.0,684.0,,False,True,11.433959602649214,Pickup_14_Gas,Pickup_14_Gas,Pickup_14_Gas,SHARED3,-3.157394860654844,Pickup_14_Gas,,-9.0,0out_3in,othmaint
100885,2017,escort,2,1,1,3,non_mandatory,1,9910.0,1077.0,785,25.0,27.0,2.0,,pure_escort,1.0,878.0,,False,True,-9.0,Pickup_14_Gas,Pickup_14_Gas,Pickup_14_Gas,SHARED3,-4.811135375290448,Pickup_14_Gas,,-9.0,0out_0in,escort
100933,2018,school,1,1,1,2,mandatory,1,7296.0,1077.0,785,8.0,30.0,22.0,pure_escort,pure_escort,-9.0,337.0,,,,-9.0,Pickup_14_Gas,Pickup_14_Gas,Pickup_14_Gas,SHARED2,0.8288741104498889,Pickup_14_Gas,,-9.0,0out_0in,school
100983,2019,school,1,1,1,1,mandatory,1,9910.0,1077.0,785,10.0,27.0,17.0,pure_escort,pure_escort,-9.0,413.0,,,,-9.0,Pickup_14_Gas,Pickup_14_Gas,Pickup_14_Gas,SHARED3,-1.4807919774558091,Pickup_14_Gas,,-9.0,0out_0in,school
101129,2022,othmaint,1,1,1,1,non_mandatory,1,23851.0,1077.0,786,22.0,23.0,1.0,,,-9.0,799.0,,False,True,11.51380407650957,Pickup_7_Gas,Car_17_Gas,SUV_15_Gas,DRIVEALONE,-0.615889089973675,Pickup_7_Gas,,-9.0,0out_1in,othmaint
101179,2023,othmaint,1,1,1,1,non_mandatory,1,19063.0,1077.0,786,9.0,11.0,2.0,,,-9.0,358.0,,False,True,11.167809688254785,Car_17_Gas,Pickup_7_Gas,Car_17_Gas,SHARED2,-2.0203595805180643,Pickup_7_Gas,,-9.0,1out_0in,othmaint
101248,2024,work,1,1,1,1,mandatory,1,20694.0,1077.0,786,10.0,28.0,18.0,,,-9.0,414.0,,,,-9.0,Car_17_Gas,SUV_15_Gas,Pickup_7_Gas,DRIVEALONE,-3.376083645829272,Car_17_Gas,no_subtours,-9.0,0out_0in,work
101256,2025,eatout,1,1,3,3,non_mandatory,1,18316.0,1077.0,787,29.0,32.0,3.0,,,-9.0,969.0,,False,True,13.47954790317485,SUV_4_Gas,SUV_4_Gas,SUV_4_Gas,DRIVEALONE,-2.095670494532838,SUV_4_Gas,,-9.0,0out_0in,eatout
101259,2025,escort,1,1,1,3,non_mandatory,1,16104.0,1077.0,787,20.0,21.0,1.0,,,-9.0,742.0,,False,True,13.229038252329346,SUV_4_Gas,SUV_4_Gas,SUV_4_Gas,DRIVEALONE,-1.9365229634605063,SUV_4_Gas,,-9.0,0out_0in,escort
101279,2025,othmaint,1,1,2,3,non_mandatory,1,18820.0,1077.0,787,15.0,20.0,5.0,,,-9.0,586.0,,False,True,12.139626254208862,SUV_4_Gas,SUV_4_Gas,SUV_4_Gas,DRIVEALONE,-2.372547445248456,SUV_4_Gas,,-9.0,0out_0in,othmaint
101329,2026,othmaint,1,1,1,1,non_mandatory,1,19087.0,1077.0,788,16.0,31.0,15.0,,,-9.0,630.0,,False,True,12.398129566070748,Car_2_Gas,Van_1_Gas,Van_1_Gas,DRIVEALONE,-2.957088736833786,Car_2_Gas,,-9.0,1out_0in,othmaint
101463,2030,eatout,1,1,2,2,joint,2,15300.0,1077.0,790,32.0,34.0,2.0,,,-9.0,1025.0,adults,False,True,14.235519735588106,Car_18_Gas,Van_5_Gas,Van_5_Gas,SHARED2,-8.495456091074505,Van_5_Gas,,-9.0,1out_0in,eatout
101504,2030,eat,1,1,1,1,atwork,1,16274.0,16366.0,790,24.0,27.0,3.0,,,-9.0,854.0,,,,7.234697790596563,,,,DRIVEALONE,0.2494058979542619,Van_5_Gas,,101548.0,0out_0in,atwork
101548,2030,work,1,1,1,2,mandatory,1,16366.0,1077.0,790,8.0,30.0,22.0,,,-9.0,337.0,,,,-9.0,Van_5_Gas,Van_5_Gas,Van_5_Gas,DRIVEALONE,-0.9023971583359888,Van_5_Gas,eat,-9.0,0out_1in,work
101619,2032,shopping,2,1,2,3,joint,2,7616.0,1077.0,791,13.0,15.0,2.0,,,-9.0,512.0,adults,False,True,10.40930735343583,SUV_6_Gas,SUV_6_Gas,SUV_6_Gas,SHARED2,-1.1220193777257137,SUV_6_Gas,,-9.0,0out_0in,shopping
101641,2032,shopping,2,2,3,3,non_mandatory,1,11589.0,1077.0,791,18.0,18.0,0.0,,,-9.0,680.0,,False,True,10.713126965868447,SUV_6_Gas,SUV_6_Gas,SUV_6_Gas,WALK,-0.7286309771688837,,,-9.0,0out_0in,shopping
101648,2032,work,1,1,1,3,mandatory,1,11504.0,1077.0,791,18.0,32.0,14.0,,,-9.0,694.0,,,,-9.0,Pickup_13_Gas,SUV_6_Gas,SUV_6_Gas,DRIVEALONE,-3.3682801443892,Pickup_13_Gas,no_subtours,-9.0,0out_0in,work
101679,2033,othmaint,1,1,1,1,non_mandatory,1,13280.0,1077.0,791,28.0,32.0,4.0,,,-9.0,949.0,,False,True,12.103063200498807,Pickup_13_Gas,SUV_6_Gas,SUV_6_Gas,DRIVEALONE,-8.702295863180794,Pickup_13_Gas,,-9.0,0out_1in,othmaint
101719,2034,shopping,1,1,5,5,joint,3,16287.0,1077.0,792,28.0,34.0,6.0,,,-9.0,951.0,mixed,False,True,10.037020286628314,SUV_11_Gas,SUV_11_Gas,SUV_11_Gas,SHARED3,-6.738569310891001,SUV_11_Gas,,-9.0,0out_1in,shopping
101735,2034,escort,4,1,1,5,non_mandatory,1,7204.0,1077.0,792,7.0,8.0,1.0,pure_escort,,1.0,274.0,,False,True,-9.0,SUV_11_Gas,SUV_11_Gas,SUV_11_Gas,SHARED3,-0.4543268906949276,SUV_11_Gas,,-9.0,0out_0in,escort
101736,2034,escort,4,2,2,5,non_mandatory,1,7296.0,1077.0,792,10.0,11.0,1.0,pure_escort,,1.0,397.0,,False,True,-9.0,SUV_11_Gas,SUV_11_Gas,SUV_11_Gas,SHARED3,-0.2046012437312072,SUV_11_Gas,,-9.0,0out_0in,escort
101737,2034,escort,4,3,3,5,non_mandatory,1,7204.0,1077.0,792,23.0,24.0,1.0,,pure_escort,1.0,826.0,,False,True,-9.0,SUV_11_Gas,SUV_11_Gas,SUV_11_Gas,SHARED3,-0.450972349759309,SUV_11_Gas,,-9.0,0out_0in,escort
101738,2034,escort,4,4,4,5,non_mandatory,1,7296.0,1077.0,792,24.0,25.0,1.0,,pure_escort,1.0,852.0,,False,True,-9.0,SUV_11_Gas,SUV_11_Gas,SUV_11_Gas,SHARED3,-0.201520746165768,SUV_11_Gas,,-9.0,0out_0in,escort
101783,2035,school,1,1,1,1,mandatory,1,7204.0,1077.0,792,7.0,24.0,17.0,pure_escort,pure_escort,-9.0,290.0,,,,-9.0,SUV_11_Gas,SUV_11_Gas,SUV_11_Gas,SHARED3,-0.7505452496960915,SUV_11_Gas,,-9.0,0out_0in,school
101833,2036,school,1,1,1,1,mandatory,1,7296.0,1077.0,792,10.0,25.0,15.0,pure_escort,pure_escort,-9.0,411.0,,,,-9.0,SUV_11_Gas,SUV_11_Gas,SUV_11_Gas,SHARED3,0.5299283471201,SUV_11_Gas,,-9.0,0out_0in,school
101935,2038,escort,5,1,1,6,non_mandatory,1,20049.0,1077.0,793,12.0,12.0,0.0,pure_escort,,1.0,473.0,,False,True,-9.0,non_hh_veh,non_hh_veh,non_hh_veh,SHARED3,-15.49222908682839,non_hh_veh,,-9.0,0out_0in,escort
101936,2038,escort,5,2,2,6,non_mandatory,1,16354.0,1077.0,793,12.0,18.0,6.0,pure_escort,,1.0,479.0,,False,True,-9.0,non_hh_veh,non_hh_veh,non_hh_veh,SHARED3,-3.179409159451414,non_hh_veh,,-9.0,0out_1in,escort
101937,2038,escort,5,3,3,6,non_mandatory,1,20049.0,1077.0,793,21.0,27.0,6.0,,pure_escort,1.0,776.0,,False,True,-9.0,non_hh_veh,non_hh_veh,non_hh_veh,SHARED3,-15.233588592376544,non_hh_veh,,-9.0,1out_0in,escort
101938,2038,escort,5,4,4,6,non_mandatory,1,13130.0,1077.0,793,27.0,28.0,1.0,,pure_escort,1.0,924.0,,False,True,-9.0,non_hh_veh,non_hh_veh,non_hh_veh,WALK,-0.2666432225562009,,,-9.0,0out_0in,escort
101939,2038,escort,5,5,5,6,non_mandatory,1,16354.0,1077.0,793,31.0,39.0,8.0,,pure_escort,1.0,1013.0,,False,True,-9.0,non_hh_veh,non_hh_veh,non_hh_veh,SHARED2,-3.172339794072257,non_hh_veh,,-9.0,0out_0in,escort
101941,2038,shopping,1,1,6,6,non_mandatory,1,6298.0,1077.0,793,30.0,31.0,1.0,,,-9.0,987.0,,False,True,10.95786364350178,non_hh_veh,non_hh_veh,non_hh_veh,WALK,-0.8369372125199878,,,-9.0,0out_0in,shopping
101983,2039,school,1,1,1,1,mandatory,1,16354.0,1077.0,793,12.0,39.0,27.0,pure_escort,pure_escort,-9.0,500.0,,,,-9.0,non_hh_veh,non_hh_veh,non_hh_veh,SHARED2,34.018571854487256,non_hh_veh,,-9.0,0out_0in,school
102033,2040,school,1,1,1,1,mandatory,1,20049.0,1077.0,793,12.0,27.0,15.0,pure_escort,pure_escort,-9.0,488.0,,,,-9.0,non_hh_veh,non_hh_veh,non_hh_veh,SHARED3,25.683421854301496,non_hh_veh,,-9.0,0out_0in,school
102083,2041,school,2,1,1,2,mandatory,1,13130.0,1077.0,793,8.0,28.0,20.0,,pure_escort,-9.0,335.0,,,,-9.0,non_hh_veh,non_hh_veh,non_hh_veh,WALK,36.37074756815103,,,-9.0,1out_0in,school
102084,2041,school,2,2,2,2,mandatory,1,13130.0,1077.0,793,28.0,28.0,0.0,,,-9.0,945.0,,,,-9.0,non_hh_veh,non_hh_veh,non_hh_veh,SHARED3,36.371107783236575,non_hh_veh,,-9.0,3out_3in,school
102109,2042,escort,1,1,1,2,non_mandatory,1,12538.0,1077.0,794,26.0,27.0,1.0,,,-9.0,901.0,,False,True,13.056120390756314,Pickup_20_Gas,Pickup_20_Gas,Pickup_20_Gas,DRIVEALONE,-0.2689030693936667,Pickup_20_Gas,,-9.0,3out_3in,escort
102125,2042,othdiscr,1,1,2,2,non_mandatory,1,19862.0,1077.0,794,27.0,38.0,11.0,,,-9.0,934.0,,False,True,13.043879972240596,Pickup_20_Gas,Pickup_20_Gas,Pickup_20_Gas,DRIVEALONE,-4.960378776905548,Pickup_20_Gas,,-9.0,0out_1in,othdiscr
102165,2043,othdiscr,1,1,1,1,joint,2,23915.0,1077.0,795,12.0,17.0,5.0,,,-9.0,478.0,adults,False,True,13.5083092397415,SUV_11_Gas,Car_11_Gas,SUV_11_Gas,SHARED2,0.0587372366414957,Car_11_Gas,,-9.0,1out_0in,othdiscr
102229,2044,othmaint,1,1,1,1,non_mandatory,1,18854.0,1077.0,795,20.0,28.0,8.0,,,-9.0,749.0,,False,True,10.694832336570832,Car_11_Gas,SUV_11_Gas,SUV_11_Gas,DRIVEALONE,-3.219835902161752,Car_11_Gas,,-9.0,0out_1in,othmaint
102263,2046,eatout,1,1,1,1,joint,2,18208.0,1077.0,796,13.0,15.0,2.0,,,-9.0,512.0,adults,False,True,13.821785498440107,Pickup_12_Gas,Pickup_12_Gas,Pickup_12_Gas,SHARED2,-2.3194497466409603,Pickup_12_Gas,,-9.0,1out_0in,eatout
102375,2047,othdiscr,1,1,1,1,non_mandatory,1,23878.0,1077.0,796,27.0,28.0,1.0,,,-9.0,924.0,,False,True,13.605005389095084,Pickup_12_Gas,Pickup_12_Gas,Pickup_12_Gas,SHARED2,0.4547753116921184,Pickup_12_Gas,,-9.0,0out_0in,othdiscr
102409,2048,escort,1,1,1,1,non_mandatory,1,12534.0,1077.0,797,28.0,28.0,0.0,,,-9.0,945.0,,False,True,12.937898074379548,Pickup_12_Gas,SUV_7_Gas,SUV_7_Gas,SHARED2,-0.9271948707100718,SUV_7_Gas,,-9.0,0out_0in,escort
102498,2049,work,1,1,1,1,mandatory,1,3153.0,1077.0,797,10.0,28.0,18.0,,,-9.0,414.0,,,,-9.0,Pickup_12_Gas,Pickup_12_Gas,SUV_7_Gas,DRIVEALONE,-1.9174874063687188,Pickup_12_Gas,no_subtours,-9.0,0out_0in,work
102504,2050,eat,1,1,1,1,atwork,1,23062.0,16066.0,797,19.0,20.0,1.0,,,-9.0,712.0,,,,5.345587677088567,,,,DRIVEALONE,-0.2845927847038879,Pickup_12_Gas,,102548.0,0out_0in,atwork
102541,2050,shopping,1,1,2,2,non_mandatory,1,16287.0,1077.0,797,30.0,32.0,2.0,,,-9.0,988.0,,False,True,10.395591526425116,Pickup_12_Gas,Pickup_12_Gas,SUV_7_Gas,DRIVEALONE,-0.6598046035229811,Pickup_12_Gas,,-9.0,0out_0in,shopping
102548,2050,work,1,1,1,2,mandatory,1,16066.0,1077.0,797,10.0,29.0,19.0,,,-9.0,415.0,,,,-9.0,Pickup_12_Gas,SUV_7_Gas,SUV_7_Gas,DRIVEALONE,-1.3943806495386386,Pickup_12_Gas,eat,-9.0,0out_3in,work
102556,2051,eatout,1,1,2,2,non_mandatory,1,23918.0,1077.0,798,28.0,34.0,6.0,,,-9.0,951.0,,False,True,13.537442658825176,SUV_12_Gas,SUV_12_Gas,SUV_12_Gas,DRIVEALONE,-3.731074277201658,SUV_12_Gas,,-9.0,0out_2in,eatout
102591,2051,shopping,1,1,1,2,non_mandatory,1,7616.0,1077.0,798,21.0,23.0,2.0,,,-9.0,772.0,,False,True,9.789596066405329,SUV_12_Gas,SUV_12_Gas,SUV_12_Gas,DRIVEALONE,-3.5226977998869704,SUV_12_Gas,,-9.0,0out_2in,shopping
102604,2052,eat,1,1,1,1,atwork,1,7616.0,10837.0,799,19.0,20.0,1.0,,,-9.0,712.0,,,,2.0690104638998825,,,,SHARED3,-9.493172335654826,SUV_13_Gas,,102648.0,0out_0in,atwork
102648,2052,work,1,1,1,1,mandatory,1,10837.0,1077.0,799,9.0,28.0,19.0,,,-9.0,375.0,,,,-9.0,SUV_13_Gas,Car_8_Gas,Car_8_Gas,DRIVEALONE,-2.3572358943288902,SUV_13_Gas,eat,-9.0,3out_3in,work
102675,2053,othdiscr,3,1,1,3,non_mandatory,1,8805.0,1077.0,799,28.0,33.0,5.0,,,-9.0,950.0,,False,True,14.192033756442548,SUV_13_Gas,Car_8_Gas,Car_8_Gas,DRIVEALONE,0.1121372198756347,SUV_13_Gas,,-9.0,0out_0in,othdiscr
102676,2053,othdiscr,3,2,2,3,non_mandatory,1,6773.0,1077.0,799,17.0,24.0,7.0,,,-9.0,655.0,,False,True,13.927401298750388,SUV_13_Gas,Car_8_Gas,Car_8_Gas,WALK_LOC,-8.103928473139652,,,-9.0,0out_1in,othdiscr
102677,2053,othdiscr,3,3,3,3,non_mandatory,1,5111.0,1077.0,799,34.0,39.0,5.0,,,-9.0,1061.0,,False,True,12.89800364662796,Car_8_Gas,SUV_13_Gas,Car_8_Gas,DRIVEALONE,-2.315125887660864,Car_8_Gas,,-9.0,0out_1in,othdiscr
102748,2054,work,1,1,1,1,mandatory,1,8216.0,1077.0,799,39.0,41.0,2.0,,,-9.0,1123.0,,,,-9.0,Car_8_Gas,SUV_13_Gas,SUV_13_Gas,DRIVEALONE,-0.0045242850267335,Car_8_Gas,no_subtours,-9.0,0out_0in,work
102765,2055,othdiscr,1,1,1,1,joint,2,23219.0,1077.0,800,30.0,35.0,5.0,,,-9.0,991.0,adults,False,True,13.701163304951873,Car_16_Gas,Car_16_Gas,Car_7_Gas,SHARED2,-0.7473146158399742,Car_16_Gas,,-9.0,0out_0in,othdiscr
102948,2058,work,1,1,1,1,mandatory,1,13130.0,1077.0,802,9.0,37.0,28.0,,,-9.0,384.0,,,,-9.0,SUV_7_Gas,Car_12_Gas,Car_12_Gas,DRIVEALONE,-0.6270666733145814,SUV_7_Gas,no_subtours,-9.0,0out_3in,work
103006,2060,eatout,1,1,2,2,non_mandatory,1,614.0,1077.0,803,31.0,31.0,0.0,,,-9.0,1005.0,,False,True,14.20655840083836,Pickup_20_Gas,Pickup_20_Gas,Pickup_20_Gas,SHARED3,0.4178881641891459,Pickup_20_Gas,,-9.0,1out_0in,eatout
103029,2060,othmaint,1,1,1,2,non_mandatory,1,16182.0,1077.0,803,24.0,30.0,6.0,,,-9.0,857.0,,False,True,11.750091637916023,Pickup_20_Gas,Pickup_20_Gas,Pickup_20_Gas,DRIVEALONE,-3.336509133162713,Pickup_20_Gas,,-9.0,0out_0in,othmaint
103179,2063,othmaint,1,1,1,1,non_mandatory,1,23930.0,1077.0,804,17.0,18.0,1.0,,,-9.0,649.0,,False,True,12.296858109528964,SUV_14_Gas,SUV_14_Gas,SUV_14_Gas,SHARED2,-0.3167831148126416,SUV_14_Gas,,-9.0,2out_2in,othmaint
103229,2064,othmaint,1,1,1,1,non_mandatory,1,18766.0,1077.0,805,15.0,28.0,13.0,,,-9.0,594.0,,False,True,11.650126928187037,Pickup_20_Gas,Pickup_20_Gas,Pickup_20_Gas,DRIVEALONE,-1.7338945952966782,Pickup_20_Gas,,-9.0,1out_1in,othmaint
103275,2065,othdiscr,1,1,1,1,non_mandatory,1,5622.0,1077.0,806,10.0,15.0,5.0,,,-9.0,401.0,,False,True,13.375449830856695,Car_17_Gas,Car_17_Gas,Car_17_Gas,DRIVEALONE,0.3252812266270201,Car_17_Gas,,-9.0,0out_1in,othdiscr
103348,2066,work,1,1,1,1,mandatory,1,23062.0,1077.0,807,9.0,27.0,18.0,,,-9.0,374.0,,,,-9.0,SUV_10_Gas,SUV_20_Gas,SUV_3_Gas,SHARED2,-3.3862399745267737,SUV_20_Gas,no_subtours,-9.0,0out_0in,work
103398,2067,work,1,1,1,1,mandatory,1,19203.0,1077.0,807,7.0,30.0,23.0,,,-9.0,296.0,,,,-9.0,SUV_10_Gas,SUV_10_Gas,SUV_3_Gas,DRIVEALONE,-2.3508475645950027,SUV_10_Gas,no_subtours,-9.0,0out_0in,work
103400,2068,business,1,1,1,1,atwork,1,18866.0,18968.0,807,18.0,20.0,2.0,,,-9.0,682.0,,,,4.91258232191868,,,,WALK,-2.126499257276939,SUV_3_Gas,,103448.0,0out_0in,atwork
103448,2068,work,1,1,1,1,mandatory,1,18968.0,1077.0,807,5.0,24.0,19.0,,,-9.0,205.0,,,,-9.0,SUV_3_Gas,SUV_10_Gas,SUV_3_Gas,SHARED3,-1.0771781419157862,SUV_3_Gas,business1,-9.0,0out_0in,work
103498,2069,work,1,1,1,1,mandatory,1,16791.0,1077.0,808,10.0,33.0,23.0,,,-9.0,419.0,,,,-9.0,Car_4_Gas,Car_4_Gas,SUV_12_Gas,SHARED3,-1.0076799170062272,SUV_12_Gas,no_subtours,-9.0,0out_1in,work
103548,2070,work,2,1,1,2,mandatory,1,23876.0,1077.0,808,23.0,39.0,16.0,,,-9.0,841.0,,,,-9.0,SUV_12_Gas,Car_4_Gas,SUV_12_Gas,SHARED2,-0.3002918375135199,Car_4_Gas,no_subtours,-9.0,0out_0in,work
103549,2070,work,2,2,2,2,mandatory,1,23876.0,1077.0,808,8.0,15.0,7.0,,,-9.0,322.0,,,,-9.0,SUV_12_Gas,SUV_12_Gas,Car_4_Gas,DRIVEALONE,-0.3240848215054057,SUV_12_Gas,no_subtours,-9.0,0out_0in,work
103554,2071,eat,1,1,1,1,atwork,1,23066.0,23069.0,808,21.0,22.0,1.0,,,-9.0,771.0,,,,6.656990356481846,,,,SHARED2,-0.5407430705235103,Pickup_7_Gas,,103598.0,0out_0in,atwork
103591,2071,shopping,1,1,2,2,non_mandatory,1,8323.0,1077.0,808,30.0,37.0,7.0,,,-9.0,993.0,,False,True,10.168410575272954,Pickup_7_Gas,SUV_12_Gas,Car_4_Gas,DRIVEALONE,0.1060596222224445,Pickup_7_Gas,,-9.0,1out_1in,shopping
103598,2071,work,1,1,1,2,mandatory,1,23069.0,1077.0,808,11.0,30.0,19.0,,,-9.0,454.0,,,,-9.0,SUV_12_Gas,Car_4_Gas,Pickup_7_Gas,SHARED3,-2.47676814254782,Pickup_7_Gas,eat,-9.0,0out_0in,work
103629,2072,othmaint,2,1,5,6,non_mandatory,1,13130.0,1077.0,809,13.0,15.0,2.0,,,-9.0,512.0,,False,True,12.34925556377912,Pickup_18_Gas,Pickup_18_Gas,Pickup_18_Gas,SHARED3,0.265208825201949,Pickup_18_Gas,,-9.0,3out_3in,othmaint
103630,2072,othmaint,2,2,6,6,non_mandatory,1,8826.0,1077.0,809,15.0,22.0,7.0,,,-9.0,588.0,,False,True,12.188830663395883,Pickup_18_Gas,Pickup_18_Gas,Pickup_18_Gas,WALK,-0.1159645385665933,,,-9.0,2out_0in,othmaint
103635,2072,escort,3,1,1,6,non_mandatory,1,7296.0,1077.0,809,11.0,12.0,1.0,pure_escort,,1.0,436.0,,False,True,-9.0,Pickup_18_Gas,Pickup_18_Gas,Pickup_18_Gas,WALK,-0.0128108811890087,,,-9.0,0out_0in,escort
103636,2072,escort,3,2,2,6,non_mandatory,1,8805.0,1077.0,809,25.0,26.0,1.0,,pure_escort,1.0,877.0,,False,True,-9.0,Pickup_18_Gas,Pickup_18_Gas,Pickup_18_Gas,SHARED3,0.6424573585031207,Pickup_18_Gas,,-9.0,0out_0in,escort
103637,2072,escort,3,3,3,6,non_mandatory,1,7296.0,1077.0,809,28.0,29.0,1.0,,pure_escort,1.0,946.0,,False,True,-9.0,Pickup_18_Gas,Pickup_18_Gas,Pickup_18_Gas,SHARED3,-0.0153502885117779,Pickup_18_Gas,,-9.0,0out_0in,escort
103641,2072,shopping,1,1,4,6,non_mandatory,1,13532.0,1077.0,809,31.0,33.0,2.0,,,-9.0,1007.0,,False,True,10.502845759721358,Pickup_18_Gas,Pickup_18_Gas,Pickup_18_Gas,SHARED2,-0.3757836045406403,Pickup_18_Gas,,-9.0,0out_0in,shopping
103683,2073,school,1,1,1,1,mandatory,1,7296.0,1077.0,809,11.0,29.0,18.0,pure_escort,pure_escort,-9.0,453.0,,,,-9.0,Pickup_18_Gas,Pickup_18_Gas,Pickup_18_Gas,SHARED3,2.723316185591248,Pickup_18_Gas,,-9.0,0out_0in,school
103741,2074,shopping,1,1,1,1,non_mandatory,1,23235.0,1077.0,809,14.0,21.0,7.0,,,-9.0,553.0,,False,True,10.547508954255608,Pickup_18_Gas,Pickup_18_Gas,Pickup_18_Gas,WALK,-1.126495521869911,,,-9.0,1out_0in,shopping
103783,2075,school,1,1,1,1,mandatory,1,8805.0,1077.0,809,10.0,26.0,16.0,,pure_escort,-9.0,412.0,,,,-9.0,Pickup_18_Gas,Pickup_18_Gas,Pickup_18_Gas,SHARED3,3.4658197823472743,Pickup_18_Gas,,-9.0,1out_0in,school
104035,2080,escort,3,1,2,4,non_mandatory,1,6795.0,1077.0,811,10.0,11.0,1.0,pure_escort,,1.0,397.0,,False,True,-9.0,Van_16_Gas,Van_16_Gas,Van_16_Gas,SHARED2,-1.0019758848456497,Van_16_Gas,,-9.0,0out_0in,escort
104036,2080,escort,3,2,3,4,non_mandatory,1,5878.0,1077.0,811,11.0,13.0,2.0,pure_escort,,2.0,437.0,,False,True,-9.0,Van_16_Gas,Van_16_Gas,Van_16_Gas,SHARED3,-3.53673928475647,Van_16_Gas,,-9.0,1out_0in,escort
104037,2080,escort,3,3,4,4,non_mandatory,1,24047.0,1077.0,811,36.0,37.0,1.0,,pure_escort,1.0,1086.0,,False,True,-9.0,Van_16_Gas,Van_16_Gas,Van_16_Gas,SHARED3,-0.747683918840161,Van_16_Gas,,-9.0,0out_0in,escort
104048,2080,work,1,1,1,4,mandatory,1,19698.0,1077.0,811,13.0,35.0,20.0,,ride_share,1.0,532.0,,,,-9.0,Van_16_Gas,Van_16_Gas,Van_16_Gas,SHARED3,-6.533831005415565,Van_16_Gas,no_subtours,-9.0,0out_1in,work
104075,2081,othdiscr,1,1,2,2,non_mandatory,1,23843.0,1077.0,811,30.0,35.0,5.0,,,-9.0,991.0,,False,True,13.8540714148913,Van_16_Gas,Van_16_Gas,Van_16_Gas,SHARED3,2.2711866359976725,Van_16_Gas,,-9.0,0out_0in,othdiscr
104083,2081,school,1,1,1,2,mandatory,1,5878.0,1077.0,811,11.0,25.0,15.0,pure_escort,,-9.0,449.0,,,,-9.0,Van_16_Gas,Van_16_Gas,Van_16_Gas,SHARED3,-5.073719804485136,Van_16_Gas,,-9.0,1out_2in,school
104133,2082,school,1,1,1,1,mandatory,1,24047.0,1077.0,811,11.0,37.0,26.0,pure_escort,pure_escort,-9.0,461.0,,,,-9.0,Van_16_Gas,Van_16_Gas,Van_16_Gas,SHARED3,-2.355614669080542,Van_16_Gas,,-9.0,0out_0in,school
104183,2083,school,1,1,1,1,mandatory,1,6795.0,1077.0,811,10.0,35.0,25.0,pure_escort,ride_share,-9.0,421.0,,,,-9.0,Van_16_Gas,Van_16_Gas,Van_16_Gas,SHARED3,1.6779776369322283,Van_16_Gas,,-9.0,0out_0in,school
104254,2085,eat,1,1,1,1,atwork,1,23845.0,23845.0,813,19.0,20.0,1.0,,,-9.0,712.0,,,,6.229492271297588,,,,DRIVEALONE,0.8864135874242602,Pickup_6_Gas,,104298.0,0out_0in,atwork
104298,2085,work,1,1,1,1,mandatory,1,23845.0,1077.0,813,10.0,32.0,22.0,,,-9.0,418.0,,,,-9.0,Pickup_6_Gas,SUV_7_Gas,Pickup_6_Gas,DRIVEALONE,-0.5690067694259797,Pickup_6_Gas,eat,-9.0,0out_0in,work
104329,2086,othmaint,1,1,1,1,non_mandatory,1,18148.0,1077.0,813,20.0,23.0,3.0,,,-9.0,744.0,,False,True,12.730315677359842,SUV_7_Gas,SUV_7_Gas,SUV_7_Gas,DRIVEALONE,-3.4167702623324026,SUV_7_Gas,,-9.0,2out_1in,othmaint
104359,2087,escort,1,1,1,1,non_mandatory,1,12534.0,1077.0,814,28.0,31.0,3.0,,,-9.0,948.0,,False,True,12.822988204695426,Car_6_Gas,Car_6_Gas,Car_6_Gas,DRIVEALONE,-0.1260120224738626,Car_6_Gas,,-9.0,0out_0in,escort
104429,2088,othmaint,1,1,1,1,non_mandatory,1,19063.0,1077.0,814,12.0,33.0,21.0,,,-9.0,494.0,,False,True,12.48631276078702,SUV_16_Gas,Pickup_1_Gas,Car_6_Gas,DRIVEALONE,-1.7990744228351758,SUV_16_Gas,,-9.0,0out_1in,othmaint
104459,2089,escort,1,1,1,1,non_mandatory,1,16258.0,1077.0,814,15.0,18.0,3.0,,,-9.0,584.0,,False,True,13.185369790021625,Pickup_1_Gas,Pickup_1_Gas,SUV_16_Gas,DRIVEALONE,-0.8679591199751687,Pickup_1_Gas,,-9.0,0out_0in,escort
104625,2092,othdiscr,1,1,1,1,non_mandatory,1,7616.0,1077.0,816,27.0,35.0,8.0,,,-9.0,931.0,,False,True,13.479241115793617,Van_12_Gas,Van_12_Gas,Car_17_Gas,DRIVEALONE,-3.851734924212427,Van_12_Gas,,-9.0,0out_2in,othdiscr
104675,2093,othdiscr,1,1,1,1,non_mandatory,1,23911.0,1077.0,816,13.0,29.0,16.0,,,-9.0,526.0,,False,True,12.36748030848934,Van_12_Gas,Van_12_Gas,Van_12_Gas,WALK,-0.4956513434998383,,,-9.0,0out_0in,othdiscr
104709,2094,escort,2,1,1,3,non_mandatory,1,1077.0,1077.0,817,31.0,32.0,1.0,,,-9.0,1006.0,,False,True,12.548872357410184,Van_12_Gas,Van_12_Gas,SUV_10_Gas,SHARED3,0.584345172084539,SUV_10_Gas,,-9.0,0out_0in,escort
104710,2094,escort,2,2,2,3,non_mandatory,1,836.0,1077.0,817,9.0,10.0,1.0,,,-9.0,357.0,,False,True,12.320068144458412,SUV_10_Gas,SUV_10_Gas,Van_12_Gas,DRIVEALONE,-1.2633985055434105,SUV_10_Gas,,-9.0,0out_0in,escort
104729,2094,othmaint,1,1,3,3,non_mandatory,1,23235.0,1077.0,817,27.0,31.0,4.0,,,-9.0,927.0,,False,True,11.494336352703254,Van_12_Gas,Van_12_Gas,Van_12_Gas,SHARED2,-1.021085707069738,Van_12_Gas,,-9.0,0out_3in,othmaint
104785,2095,escort,3,1,1,3,non_mandatory,1,15443.0,1077.0,817,9.0,10.0,1.0,pure_escort,,2.0,357.0,,False,True,-9.0,Van_12_Gas,Van_12_Gas,Van_12_Gas,SHARED3,-4.559846571921576,Van_12_Gas,,-9.0,1out_0in,escort
104786,2095,escort,3,2,2,3,non_mandatory,1,7296.0,1077.0,817,27.0,27.0,0.0,,pure_escort,1.0,923.0,,False,True,-9.0,SUV_10_Gas,Van_12_Gas,Van_12_Gas,SHARED3,-0.2750710098808145,Van_12_Gas,,-9.0,0out_0in,escort
104787,2095,escort,3,3,3,3,non_mandatory,1,15443.0,1077.0,817,34.0,35.0,1.0,,pure_escort,1.0,1057.0,,False,True,-9.0,SUV_10_Gas,SUV_10_Gas,SUV_10_Gas,SHARED2,-3.986073222105036,SUV_10_Gas,,-9.0,0out_0in,escort
104833,2096,school,1,1,1,1,mandatory,1,15443.0,1077.0,817,9.0,35.0,27.0,pure_escort,pure_escort,-9.0,382.0,,,,-9.0,SUV_10_Gas,Van_12_Gas,Van_12_Gas,SHARED2,-3.729302799655653,Van_12_Gas,,-9.0,1out_0in,school
104883,2097,school,1,1,1,1,mandatory,1,7296.0,1077.0,817,9.0,27.0,18.0,pure_escort,pure_escort,-9.0,374.0,,,,-9.0,Van_12_Gas,SUV_10_Gas,Van_12_Gas,SHARED3,1.5042645858032249,Van_12_Gas,,-9.0,0out_0in,school
104909,2098,escort,1,1,1,1,non_mandatory,1,8418.0,1077.0,817,28.0,32.0,4.0,,,-9.0,949.0,,False,True,13.334731886522452,SUV_10_Gas,SUV_10_Gas,SUV_10_Gas,SHARED3,-0.6448794057126293,SUV_10_Gas,,-9.0,0out_0in,escort
105025,2100,othdiscr,1,1,2,2,non_mandatory,1,611.0,1077.0,818,6.0,9.0,3.0,,,-9.0,233.0,,False,True,13.799464676910633,SUV_17_Gas,SUV_17_Gas,SUV_17_Gas,BIKE,-3.465101957564768,,,-9.0,0out_3in,othdiscr
105048,2100,work,1,1,1,2,mandatory,1,773.0,1077.0,818,11.0,35.0,25.0,ride_share,,1.0,459.0,,,,-9.0,Pickup_20_Gas,SUV_17_Gas,SUV_17_Gas,SHARED2,-4.133139032239615,SUV_17_Gas,no_subtours,-9.0,1out_0in,work
105079,2101,othmaint,1,1,4,4,non_mandatory,1,15865.0,1077.0,818,15.0,20.0,5.0,,,-9.0,586.0,,False,True,12.49044852411101,Pickup_20_Gas,Pickup_20_Gas,Pickup_20_Gas,DRIVEALONE,-9.9316412452754,Pickup_20_Gas,,-9.0,0out_0in,othmaint
105085,2101,escort,2,1,2,4,non_mandatory,1,20924.0,1077.0,818,7.0,10.0,3.0,pure_escort,,1.0,276.0,,False,True,-9.0,SUV_17_Gas,SUV_17_Gas,SUV_17_Gas,SHARED3,-16.935571353539,SUV_17_Gas,,-9.0,0out_0in,escort
105086,2101,escort,2,2,3,4,non_mandatory,1,11793.0,1077.0,818,11.0,11.0,0.0,pure_escort,,1.0,435.0,,False,True,-9.0,Pickup_20_Gas,SUV_17_Gas,SUV_17_Gas,SHARED3,-3.488337546535144,SUV_17_Gas,,-9.0,0out_0in,escort
105098,2101,work,1,1,1,4,mandatory,1,13127.0,1077.0,818,22.0,40.0,18.0,,,-9.0,816.0,,,,-9.0,SUV_17_Gas,SUV_17_Gas,Pickup_20_Gas,SHARED3,-0.2871949431906342,Pickup_20_Gas,no_subtours,-9.0,0out_0in,work
105133,2102,school,1,1,1,1,mandatory,1,11793.0,1077.0,818,11.0,27.0,16.0,pure_escort,,-9.0,451.0,,,,-9.0,Pickup_20_Gas,Pickup_20_Gas,SUV_17_Gas,SHARED3,-0.0763283755780662,SUV_17_Gas,,-9.0,0out_0in,school
105183,2103,school,1,1,1,1,mandatory,1,20924.0,1077.0,818,7.0,31.0,24.0,pure_escort,,-9.0,297.0,,,,-9.0,SUV_17_Gas,SUV_17_Gas,SUV_17_Gas,SHARED3,-6.598373193889504,SUV_17_Gas,,-9.0,0out_0in,school
105233,2104,school,1,1,1,1,mandatory,1,23876.0,1077.0,818,11.0,31.0,20.0,ride_share,,-9.0,455.0,,,,-9.0,Pickup_20_Gas,SUV_17_Gas,SUV_17_Gas,SHARED2,2.808805896273519,SUV_17_Gas,,-9.0,0out_0in,school
105348,2106,work,1,1,1,1,mandatory,1,16283.0,1077.0,819,7.0,29.0,22.0,,,-9.0,295.0,,,,-9.0,Pickup_16_Gas,Pickup_16_Gas,Pickup_16_Gas,SHARED3,-1.4689808366404775,Pickup_16_Gas,no_subtours,-9.0,0out_0in,work
105359,2107,escort,2,2,3,4,non_mandatory,1,18409.0,1077.0,819,8.0,10.0,2.0,,,-9.0,317.0,,False,True,13.222873808064282,Pickup_16_Gas,Pickup_16_Gas,Pickup_16_Gas,SHARED3,-0.472331558908286,Pickup_16_Gas,,-9.0,0out_0in,escort
105379,2107,othmaint,1,1,4,4,non_mandatory,1,19750.0,1077.0,819,12.0,20.0,8.0,,,-9.0,481.0,,False,True,12.617493649497233,Pickup_16_Gas,Pickup_16_Gas,Pickup_16_Gas,SHARED3,-1.414616764333684,Pickup_16_Gas,,-9.0,0out_3in,othmaint
105385,2107,escort,2,1,2,4,non_mandatory,1,7296.0,1077.0,819,11.0,12.0,1.0,pure_escort,,2.0,436.0,,False,True,-9.0,Pickup_16_Gas,Pickup_16_Gas,Pickup_16_Gas,SHARED3,0.4789276106769922,Pickup_16_Gas,,-9.0,1out_0in,escort
105398,2107,work,1,1,1,4,mandatory,1,23235.0,1077.0,819,24.0,30.0,6.0,,,-9.0,857.0,,,,-9.0,Pickup_16_Gas,Pickup_16_Gas,Pickup_16_Gas,WALK,-0.8586092669641642,,no_subtours,-9.0,0out_0in,work
105433,2108,school,1,1,1,1,mandatory,1,7296.0,1077.0,819,11.0,27.0,17.0,pure_escort,,-9.0,451.0,,,,-9.0,Pickup_16_Gas,Pickup_16_Gas,Pickup_16_Gas,SHARED3,-0.3302671425000135,Pickup_16_Gas,,-9.0,1out_0in,school
105483,2109,school,1,1,1,1,mandatory,1,23872.0,1077.0,819,11.0,27.0,16.0,pure_escort,,-9.0,451.0,,,,-9.0,Pickup_16_Gas,Pickup_16_Gas,Pickup_16_Gas,SHARED3,0.2457793809710419,Pickup_16_Gas,,-9.0,0out_0in,school
105604,2112,eat,1,1,1,1,atwork,1,16289.0,16290.0,820,22.0,24.0,2.0,,,-9.0,800.0,,,,6.2427523204181385,,,,SHARED2,-0.552213053073669,Van_16_Gas,,105648.0,1out_0in,atwork
105625,2112,othdiscr,1,1,2,2,non_mandatory,1,8805.0,1077.0,820,31.0,34.0,3.0,,,-9.0,1008.0,,False,True,14.101621701073492,SUV_13_Gas,Van_16_Gas,Van_16_Gas,WALK,1.3004446605149629,,,-9.0,0out_1in,othdiscr
105648,2112,work,1,1,1,2,mandatory,1,16290.0,1077.0,820,9.0,26.0,17.0,,,-9.0,373.0,,,,-9.0,SUV_13_Gas,Van_16_Gas,Van_16_Gas,SHARED2,-1.2914724866258624,Van_16_Gas,eat,-9.0,2out_0in,work
105675,2113,othdiscr,1,1,6,6,non_mandatory,1,7860.0,1077.0,820,13.0,13.0,0.0,,,-9.0,510.0,,False,True,14.03299386252148,SUV_13_Gas,Van_16_Gas,Van_16_Gas,SHARED2,1.5218696801339469,Van_16_Gas,,-9.0,0out_2in,othdiscr
105685,2113,escort,5,1,1,6,non_mandatory,1,23872.0,1077.0,820,9.0,10.0,1.0,pure_escort,,1.0,357.0,,False,True,-9.0,Van_16_Gas,SUV_13_Gas,SUV_13_Gas,SHARED3,0.2903811184936778,SUV_13_Gas,,-9.0,0out_0in,escort
105686,2113,escort,5,2,2,6,non_mandatory,1,7296.0,1077.0,820,10.0,12.0,2.0,pure_escort,,1.0,398.0,,False,True,-9.0,Van_16_Gas,SUV_13_Gas,Van_16_Gas,SHARED2,0.2827895849267337,SUV_13_Gas,,-9.0,0out_0in,escort
105687,2113,escort,5,3,3,6,non_mandatory,1,12516.0,1077.0,820,16.0,16.0,0.0,pure_escort,,1.0,615.0,,False,True,-9.0,Van_16_Gas,SUV_13_Gas,Van_16_Gas,SHARED3,0.1936643552251216,Van_16_Gas,,-9.0,0out_1in,escort
105688,2113,escort,5,4,4,6,non_mandatory,1,12516.0,1077.0,820,25.0,25.0,0.0,,pure_escort,2.0,876.0,,False,True,-9.0,Van_16_Gas,SUV_13_Gas,SUV_13_Gas,SHARED3,0.0813918627997164,SUV_13_Gas,,-9.0,0out_1in,escort
105689,2113,escort,5,5,5,6,non_mandatory,1,7296.0,1077.0,820,25.0,27.0,2.0,,pure_escort,1.0,878.0,,False,True,-9.0,Van_16_Gas,Van_16_Gas,SUV_13_Gas,SHARED3,0.28546251762606,SUV_13_Gas,,-9.0,0out_0in,escort
105733,2114,school,1,1,1,1,mandatory,1,23872.0,1077.0,820,9.0,25.0,15.0,pure_escort,pure_escort,-9.0,372.0,,,,-9.0,Van_16_Gas,SUV_13_Gas,SUV_13_Gas,SHARED3,1.162838801203037,SUV_13_Gas,,-9.0,0out_1in,school
105783,2115,school,1,1,1,1,mandatory,1,7296.0,1077.0,820,10.0,27.0,17.0,pure_escort,pure_escort,-9.0,413.0,,,,-9.0,SUV_13_Gas,SUV_13_Gas,SUV_13_Gas,SHARED3,1.1416580993581964,SUV_13_Gas,,-9.0,0out_0in,school
105833,2116,school,1,1,1,1,mandatory,1,12516.0,1077.0,820,16.0,25.0,9.0,pure_escort,pure_escort,-9.0,624.0,,,,-9.0,Van_16_Gas,Van_16_Gas,SUV_13_Gas,SHARED3,0.2445599777216504,SUV_13_Gas,,-9.0,0out_0in,school
105859,2117,escort,2,1,1,2,non_mandatory,1,7204.0,1077.0,820,11.0,12.0,1.0,,,-9.0,436.0,,False,True,12.5861489308725,Van_16_Gas,Van_16_Gas,SUV_13_Gas,WALK,-0.0770900565906521,,,-9.0,0out_0in,escort
105860,2117,escort,2,2,2,2,non_mandatory,1,14401.0,1077.0,820,25.0,27.0,2.0,,,-9.0,878.0,,False,True,12.524980026338334,SUV_13_Gas,SUV_13_Gas,Van_16_Gas,SHARED3,-0.6684700163105041,Van_16_Gas,,-9.0,0out_0in,escort
105909,2118,escort,1,1,2,2,non_mandatory,1,8805.0,1077.0,821,29.0,31.0,2.0,,,-9.0,968.0,,False,True,12.970319333233023,SUV_15_Gas,SUV_15_Gas,SUV_15_Gas,SHARED3,0.5258504124922927,SUV_15_Gas,,-9.0,0out_0in,escort
105948,2118,work,1,1,1,2,mandatory,1,23072.0,1077.0,821,8.0,25.0,17.0,,,-9.0,332.0,,,,-9.0,SUV_15_Gas,SUV_15_Gas,SUV_15_Gas,DRIVEALONE,-1.5566988301592333,SUV_15_Gas,no_subtours,-9.0,3out_3in,work
105959,2119,escort,2,2,3,3,non_mandatory,1,16392.0,1077.0,821,28.0,31.0,3.0,,,-9.0,948.0,,False,True,13.096269595965296,SUV_15_Gas,SUV_15_Gas,SUV_15_Gas,SHARED3,-2.6706792020259105,SUV_15_Gas,,-9.0,0out_0in,escort
105985,2119,escort,2,1,2,3,non_mandatory,1,18227.0,1077.0,821,9.0,10.0,1.0,pure_escort,,1.0,357.0,,False,True,-9.0,SUV_15_Gas,SUV_15_Gas,Pickup_17_Gas,SHARED2,-6.675861416860733,SUV_15_Gas,,-9.0,0out_3in,escort
105998,2119,work,1,1,1,3,mandatory,1,23056.0,1077.0,821,11.0,26.0,13.0,ride_share,ride_share,1.0,450.0,,,,-9.0,SUV_15_Gas,SUV_15_Gas,SUV_15_Gas,SHARED2,-1.0682444693890594,SUV_15_Gas,no_subtours,-9.0,1out_1in,work
106033,2120,school,1,1,1,1,mandatory,1,7296.0,1077.0,821,11.0,26.0,15.0,ride_share,ride_share,-9.0,450.0,,,,-9.0,SUV_15_Gas,SUV_15_Gas,SUV_15_Gas,SHARED2,-0.3454650297495824,SUV_15_Gas,,-9.0,0out_0in,school
106083,2121,school,1,1,1,1,mandatory,1,18227.0,1077.0,821,9.0,24.0,15.0,pure_escort,,-9.0,371.0,,,,-9.0,Pickup_17_Gas,SUV_15_Gas,SUV_15_Gas,SHARED2,-2.397212326901492,SUV_15_Gas,,-9.0,0out_3in,school
106201,2124,business,1,1,1,1,atwork,1,23560.0,16962.0,822,42.0,44.0,2.0,,,-9.0,1150.0,,,,-0.0589111486086411,,,,DRIVEALONE,-10.56626404173356,SUV_12_Gas,,106249.0,1out_1in,atwork
106248,2124,work,2,1,1,2,mandatory,1,16962.0,1077.0,822,8.0,32.0,24.0,,,-9.0,339.0,,,,-9.0,SUV_12_Gas,SUV_12_Gas,SUV_12_Gas,DRIVEALONE,-6.71815684722985,SUV_12_Gas,no_subtours,-9.0,0out_0in,work
106249,2124,work,2,2,2,2,mandatory,1,16962.0,1077.0,822,40.0,47.0,7.0,,,-9.0,1138.0,,,,-9.0,SUV_12_Gas,SUV_12_Gas,SUV_12_Gas,DRIVEALONE,-6.250271064606332,SUV_12_Gas,business1,-9.0,0out_0in,work
106298,2125,work,1,1,1,1,mandatory,1,19234.0,1077.0,822,10.0,29.0,20.0,ride_share,,1.0,415.0,,,,-9.0,SUV_12_Gas,SUV_12_Gas,Pickup_20_Gas,SHARED3,-4.715431864836545,Pickup_20_Gas,no_subtours,-9.0,1out_0in,work
106333,2126,school,1,1,1,1,mandatory,1,7296.0,1077.0,822,12.0,27.0,15.0,,,-9.0,488.0,,,,-9.0,non_hh_veh,SUV_12_Gas,Pickup_20_Gas,BIKE,-0.4235586708893086,,,-9.0,0out_1in,school
106383,2127,school,1,1,1,1,mandatory,1,7296.0,1077.0,822,11.0,27.0,16.0,,,-9.0,451.0,,,,-9.0,SUV_12_Gas,SUV_12_Gas,SUV_12_Gas,BIKE,-0.3501340320561284,,,-9.0,0out_1in,school
106433,2128,school,1,1,1,1,mandatory,1,12538.0,1077.0,822,10.0,25.0,15.0,ride_share,,-9.0,411.0,,,,-9.0,SUV_12_Gas,SUV_12_Gas,SUV_12_Gas,SHARED3,3.286176638717152,SUV_12_Gas,,-9.0,0out_0in,school
106513,2130,eatout,1,1,1,2,joint,2,614.0,1077.0,823,36.0,37.0,1.0,,,-9.0,1086.0,adults,False,True,14.028860969465509,Car_7_Gas,Car_7_Gas,Van_7_Gas,SHARED2,-0.5164977793048563,Car_7_Gas,,-9.0,0out_0in,eatout
106525,2130,othdiscr,1,1,2,2,non_mandatory,1,614.0,1077.0,823,12.0,25.0,13.0,,,-9.0,486.0,,False,True,14.119307884041383,Car_7_Gas,Van_7_Gas,Car_7_Gas,DRIVEALONE,0.1232971845669309,Car_7_Gas,,-9.0,0out_1in,othdiscr
106641,2132,shopping,1,1,1,1,non_mandatory,1,23883.0,1077.0,824,23.0,27.0,4.0,,,-9.0,829.0,,False,True,10.246685740447418,Car_11_Gas,Car_11_Gas,Car_11_Gas,DRIVEALONE,-1.1543020173922125,Car_11_Gas,,-9.0,1out_0in,shopping
106669,2133,shopping,1,1,1,1,joint,2,6331.0,1077.0,825,16.0,21.0,5.0,,,-9.0,620.0,adults,False,True,9.922069015792788,Pickup_20_Gas,Pickup_20_Gas,Pickup_20_Gas,SHARED2,-0.5657791127110395,Pickup_20_Gas,,-9.0,0out_1in,shopping
106754,2135,eat,1,1,1,1,atwork,1,23883.0,13000.0,826,19.0,19.0,0.0,,,-9.0,711.0,,,,4.020589698558945,,,,DRIVEALONE,-1.3081922787057176,Car_12_Gas,,106798.0,0out_0in,atwork
106771,2135,social,1,1,2,2,joint,2,7607.0,1077.0,826,34.0,37.0,3.0,,,-9.0,1059.0,adults,False,True,13.623218621103378,Car_12_Gas,Van_5_Gas,Van_5_Gas,SHARED2,-1.5631901234684755,Van_5_Gas,,-9.0,1out_3in,social
106798,2135,work,1,1,1,2,mandatory,1,13000.0,1077.0,826,10.0,34.0,24.0,,,-9.0,420.0,,,,-9.0,Car_12_Gas,Van_5_Gas,Van_5_Gas,DRIVEALONE,-1.75061718966542,Car_12_Gas,eat,-9.0,2out_1in,work
106829,2136,othmaint,1,1,1,1,non_mandatory,1,16414.0,1077.0,826,6.0,30.0,24.0,,,-9.0,254.0,,False,True,10.73185432353424,Van_5_Gas,non_hh_veh,Van_5_Gas,DRIVEALONE,-1.4324366224300984,Van_5_Gas,,-9.0,0out_1in,othmaint
106933,2138,school,1,1,1,1,mandatory,1,20799.0,1077.0,827,8.0,30.0,22.0,,,-9.0,337.0,,,,-9.0,Pickup_13_Gas,Pickup_13_Gas,Pickup_13_Gas,SHARED3,-11.234083232519628,Pickup_13_Gas,,-9.0,1out_0in,school
106983,2139,school,1,1,1,1,mandatory,1,16347.0,1077.0,827,11.0,30.0,19.0,,,-9.0,454.0,,,,-9.0,Pickup_13_Gas,Pickup_13_Gas,Pickup_13_Gas,SHARED3,-3.190204275197581,Pickup_13_Gas,,-9.0,1out_0in,school
107033,2140,school,1,1,1,1,mandatory,1,12538.0,1077.0,827,10.0,27.0,17.0,,,-9.0,413.0,,,,-9.0,Motorcycle_13_BEV,Pickup_13_Gas,Pickup_13_Gas,WALK,2.957406520694976,,,-9.0,0out_1in,school
107079,2141,othmaint,1,1,1,1,non_mandatory,1,23883.0,1077.0,828,22.0,22.0,0.0,,,-9.0,798.0,,False,True,12.016747882553933,SUV_2_Gas,SUV_2_Gas,SUV_2_Gas,SHARED3,-0.8671611846196928,SUV_2_Gas,,-9.0,0out_0in,othmaint
107183,2143,school,1,1,1,1,mandatory,1,23114.0,1077.0,829,9.0,36.0,27.0,,,-9.0,383.0,,,,-9.0,Car_11_Gas,Pickup_3_Gas,Pickup_3_Gas,DRIVEALONE,-3.2962758975892403,Car_11_Gas,,-9.0,0out_0in,univ
107269,2145,shopping,1,1,1,1,joint,2,23860.0,1077.0,831,19.0,21.0,2.0,,,-9.0,713.0,adults,False,True,10.270195743214783,Van_6_Gas,Van_6_Gas,Van_6_Gas,SHARED2,-1.631405067169593,Van_6_Gas,,-9.0,0out_0in,shopping
107306,2146,eatout,1,1,1,1,non_mandatory,1,24322.0,1077.0,831,23.0,43.0,20.0,,,-9.0,845.0,,True,False,5.455345843219903,Van_6_Gas,Van_6_Gas,Van_6_Gas,WALK_PRM,-9.710246956354316,,,-9.0,0out_0in,eatout
107356,2147,eatout,2,2,3,3,non_mandatory,1,24211.0,1077.0,832,16.0,20.0,4.0,,,-9.0,619.0,,False,True,14.91155263397864,Car_2_Gas,Car_2_Gas,SUV_14_Gas,BIKE,-13.913297710478648,,,-9.0,0out_0in,eatout
107363,2147,eatout,2,1,1,3,joint,2,8481.0,1077.0,832,25.0,26.0,1.0,,,-9.0,877.0,adults,False,True,13.655192781255654,SUV_14_Gas,Car_2_Gas,SUV_14_Gas,SHARED2,-6.374559805093833,Car_2_Gas,,-9.0,0out_0in,eatout
107391,2147,shopping,1,1,2,3,non_mandatory,1,15865.0,1077.0,832,32.0,37.0,5.0,,,-9.0,1028.0,,False,True,10.126761393910735,SUV_14_Gas,SUV_14_Gas,Car_2_Gas,BIKE,-12.714288249039368,,,-9.0,2out_0in,shopping
107459,2149,escort,1,1,2,2,non_mandatory,1,23215.0,1077.0,833,10.0,10.0,0.0,,,-9.0,396.0,,False,True,12.85222361967457,Car_20_Gas,Car_20_Gas,Pickup_9_Gas,DRIVEALONE,-1.435734171606572,Car_20_Gas,,-9.0,3out_3in,escort
107463,2149,eatout,1,1,1,2,joint,2,23877.0,1077.0,833,28.0,31.0,3.0,,,-9.0,948.0,adults,False,True,13.75312147722078,Pickup_9_Gas,Pickup_9_Gas,Car_20_Gas,SHARED2,0.413113363795113,Pickup_9_Gas,,-9.0,0out_0in,eatout
107556,2151,eatout,1,1,1,1,non_mandatory,1,1077.0,1077.0,834,16.0,26.0,10.0,,,-9.0,625.0,,False,True,14.541307724743294,Pickup_18_Hybrid,Car_17_Gas,SUV_12_Gas,DRIVEALONE,0.5928849792951789,Pickup_18_Hybrid,,-9.0,1out_1in,eatout
107629,2152,othmaint,1,1,1,1,non_mandatory,1,18500.0,1077.0,834,11.0,18.0,7.0,,,-9.0,442.0,,False,True,11.613870091802266,Pickup_18_Hybrid,SUV_12_Gas,SUV_12_Gas,DRIVEALONE,-3.097557652756388,Pickup_18_Hybrid,,-9.0,1out_1in,othmaint
107679,2153,othmaint,1,1,1,1,non_mandatory,1,24333.0,1077.0,834,15.0,25.0,10.0,,,-9.0,591.0,,True,False,8.297087733413235,Car_17_Gas,SUV_12_Gas,Pickup_3_Hybrid,SHARED2,-3.328306279100283,SUV_12_Gas,,-9.0,1out_0in,othmaint
107741,2154,shopping,2,1,1,2,non_mandatory,1,18801.0,1077.0,835,15.0,17.0,2.0,,,-9.0,583.0,,False,True,10.40248871425226,SUV_11_Gas,SUV_11_Gas,SUV_11_Gas,DRIVEALONE,-2.958709192690497,SUV_11_Gas,,-9.0,0out_0in,shopping
107742,2154,shopping,2,2,2,2,non_mandatory,1,18570.0,1077.0,835,19.0,24.0,5.0,,,-9.0,716.0,,False,True,10.48052801320057,SUV_11_Gas,Car_7_Gas,SUV_11_Gas,DRIVEALONE,-2.8992048854209846,SUV_11_Gas,,-9.0,0out_0in,shopping
107779,2155,othmaint,1,1,1,1,non_mandatory,1,6298.0,1077.0,835,14.0,29.0,15.0,,,-9.0,561.0,,False,True,12.334405529953196,Car_7_Gas,SUV_11_Gas,Car_7_Gas,DRIVEALONE,-1.6321261493935535,Car_7_Gas,,-9.0,0out_1in,othmaint
107829,2156,othmaint,1,1,2,2,non_mandatory,1,5691.0,1077.0,835,18.0,23.0,5.0,,,-9.0,685.0,,False,True,10.241849508079596,Pickup_12_Gas,Car_7_Gas,SUV_11_Gas,SHARED2,-0.247721598829628,Car_7_Gas,,-9.0,0out_1in,othmaint
107841,2156,shopping,1,1,1,2,non_mandatory,1,18652.0,1077.0,835,23.0,24.0,1.0,,,-9.0,826.0,,False,True,10.256857792863991,Pickup_12_Gas,SUV_11_Gas,Car_7_Gas,SHARED2,-4.263809470265498,SUV_11_Gas,,-9.0,0out_0in,shopping
107925,2158,othdiscr,1,1,2,2,non_mandatory,1,13541.0,1077.0,836,19.0,24.0,5.0,,,-9.0,716.0,,False,True,13.682820290135398,Pickup_4_Gas,Pickup_4_Gas,Pickup_4_Gas,SHARED2,-0.9835489177171052,Pickup_4_Gas,,-9.0,0out_1in,othdiscr
107941,2158,shopping,1,1,1,2,non_mandatory,1,7616.0,1077.0,836,11.0,16.0,5.0,,,-9.0,440.0,,False,True,10.14823247853842,Pickup_4_Gas,Pickup_4_Gas,Pickup_4_Gas,DRIVEALONE,-1.5975804357232564,Pickup_4_Gas,,-9.0,0out_0in,shopping
108025,2160,othdiscr,1,1,1,1,non_mandatory,1,8805.0,1077.0,837,28.0,33.0,5.0,,,-9.0,950.0,,False,True,13.313860038347912,Car_11_Gas,Car_11_Gas,SUV_8_Gas,DRIVEALONE,0.4182036166535353,Car_11_Gas,,-9.0,0out_1in,othdiscr
108075,2161,othdiscr,1,1,1,1,non_mandatory,1,1077.0,1077.0,838,13.0,16.0,3.0,,,-9.0,513.0,,False,True,13.47315742065317,SUV_1_Gas,SUV_1_Gas,SUV_1_Gas,WALK,1.877998253988998,,,-9.0,0out_0in,othdiscr
108125,2162,othdiscr,1,1,1,1,non_mandatory,1,16236.0,1077.0,838,11.0,24.0,13.0,,,-9.0,448.0,,False,True,13.55734556154454,SUV_1_Gas,SUV_19_Gas,SUV_1_Gas,DRIVEALONE,-1.6533027020533837,SUV_1_Gas,,-9.0,1out_0in,othdiscr
108191,2163,shopping,1,1,1,1,non_mandatory,1,24333.0,1077.0,839,25.0,36.0,11.0,,,-9.0,887.0,,True,False,2.985692043677731,Car_14_Gas,Car_14_Gas,Car_14_Gas,DRIVEALONE,-11.318846976195186,Car_14_Gas,,-9.0,0out_3in,shopping
108241,2164,shopping,1,1,1,1,non_mandatory,1,1652.0,1077.0,840,15.0,27.0,12.0,,,-9.0,593.0,,False,True,10.103273239639044,Pickup_4_Gas,SUV_13_Gas,SUV_13_Gas,DRIVEALONE,0.0940324732634415,Pickup_4_Gas,,-9.0,1out_1in,shopping
108254,2165,eat,1,1,1,1,atwork,1,3009.0,5190.0,840,17.0,22.0,5.0,,,-9.0,653.0,,,,2.7788153459190905,,,,DRIVEALONE,-1.789075408340459,Pickup_4_Gas,,108298.0,0out_0in,atwork
108298,2165,work,1,1,1,1,mandatory,1,5190.0,1077.0,840,9.0,30.0,21.0,,,-9.0,377.0,,,,-9.0,Pickup_4_Gas,SUV_6_Gas,Car_6_Gas,DRIVEALONE,-7.140758423386787,Pickup_4_Gas,eat,-9.0,0out_0in,work
108329,2166,othmaint,1,1,3,3,non_mandatory,1,23257.0,1077.0,841,32.0,32.0,0.0,,,-9.0,1023.0,,False,True,12.748728947036865,Car_20_Gas,Car_20_Gas,Car_20_Gas,DRIVEALONE,-0.3590060947877647,Car_20_Gas,,-9.0,0out_0in,othmaint
108341,2166,shopping,2,1,1,3,non_mandatory,1,5111.0,1077.0,841,16.0,18.0,2.0,,,-9.0,617.0,,False,True,10.614987712443517,Car_20_Gas,Car_20_Gas,Car_20_Gas,DRIVEALONE,-0.1585993676763256,Car_20_Gas,,-9.0,0out_0in,shopping
108342,2166,shopping,2,2,2,3,non_mandatory,1,9901.0,1077.0,841,14.0,16.0,2.0,,,-9.0,548.0,,False,True,10.66618878664998,Car_20_Gas,Car_20_Gas,Car_20_Gas,WALK,0.0856636429147303,,,-9.0,0out_2in,shopping
108459,2169,escort,1,1,1,1,non_mandatory,1,23887.0,1077.0,843,11.0,12.0,1.0,,,-9.0,436.0,,False,True,12.606048011404502,SUV_6_Gas,SUV_6_Gas,SUV_6_Gas,DRIVEALONE,-0.2733549107078108,SUV_6_Gas,,-9.0,0out_0in,escort
108541,2170,shopping,2,1,1,2,non_mandatory,1,13535.0,1077.0,844,19.0,23.0,4.0,,,-9.0,715.0,,False,True,10.009032218383185,Car_9_Gas,Car_9_Gas,Car_9_Gas,DRIVEALONE,-1.4262422968029742,Car_9_Gas,,-9.0,0out_2in,shopping
108542,2170,shopping,2,2,2,2,non_mandatory,1,7616.0,1077.0,844,36.0,37.0,1.0,,,-9.0,1086.0,,False,True,10.058153805819169,Car_9_Gas,Car_9_Gas,Car_9_Gas,DRIVEALONE,-1.4198434258692338,Car_9_Gas,,-9.0,1out_0in,shopping
108598,2171,work,1,1,1,1,mandatory,1,19451.0,1077.0,845,14.0,35.0,21.0,,,-9.0,567.0,,,,-9.0,Car_20_Gas,Car_20_Gas,Car_20_Gas,DRIVEALONE,-3.524555872254344,Car_20_Gas,no_subtours,-9.0,0out_0in,work
108648,2172,work,1,1,1,1,mandatory,1,15817.0,1077.0,846,11.0,30.0,19.0,,,-9.0,454.0,,,,-9.0,SUV_11_Gas,SUV_11_Gas,SUV_5_Gas,SHARED3,-1.850484289683612,SUV_5_Gas,no_subtours,-9.0,0out_0in,work
108659,2173,escort,1,1,1,1,non_mandatory,1,23867.0,1077.0,846,28.0,29.0,1.0,,,-9.0,946.0,,False,True,13.454478717126657,SUV_5_Gas,SUV_5_Gas,SUV_5_Gas,SHARED2,-2.053028555639828,SUV_5_Gas,,-9.0,3out_2in,escort
108741,2174,shopping,1,1,1,1,non_mandatory,1,23883.0,1077.0,846,34.0,36.0,2.0,,,-9.0,1058.0,,False,True,10.453142289211822,SUV_5_Gas,SUV_5_Gas,SUV_5_Gas,WALK,0.3835501161758824,,,-9.0,0out_0in,shopping
108848,2176,work,2,1,1,2,mandatory,1,20536.0,1077.0,848,8.0,26.0,18.0,,,-9.0,333.0,,,,-9.0,SUV_8_Gas,Van_7_Gas,Van_7_Gas,DRIVEALONE,-3.274921223515922,SUV_8_Gas,no_subtours,-9.0,0out_0in,work
108849,2176,work,2,2,2,2,mandatory,1,20536.0,1077.0,848,26.0,32.0,6.0,,,-9.0,906.0,,,,-9.0,SUV_8_Gas,SUV_8_Gas,SUV_8_Gas,SHARED3,-3.2340523273731403,SUV_8_Gas,no_subtours,-9.0,0out_0in,work
108859,2177,escort,6,4,4,7,non_mandatory,1,305.0,1077.0,848,32.0,33.0,1.0,,,-9.0,1024.0,,False,True,13.194432076535795,SUV_8_Gas,SUV_8_Gas,SUV_8_Gas,SHARED3,-2.960699347302475,SUV_8_Gas,,-9.0,0out_0in,escort
108860,2177,escort,6,5,5,7,non_mandatory,1,1244.0,1077.0,848,29.0,29.0,0.0,,,-9.0,966.0,,False,True,13.300762904952366,SUV_8_Gas,SUV_8_Gas,SUV_8_Gas,SHARED3,-1.4505721903091329,SUV_8_Gas,,-9.0,0out_0in,escort
108861,2177,escort,6,6,6,7,non_mandatory,1,13128.0,1077.0,848,28.0,29.0,1.0,,,-9.0,946.0,,False,True,13.174117436262597,Van_7_Gas,Van_7_Gas,Van_7_Gas,SHARED3,-1.0990293628884409,Van_7_Gas,,-9.0,0out_0in,escort
108879,2177,othmaint,1,1,7,7,non_mandatory,1,2420.0,1077.0,848,31.0,32.0,1.0,,,-9.0,1006.0,,False,True,12.895387305197074,non_hh_veh,Van_7_Gas,Van_7_Gas,DRIVEALONE,-3.1439803339900485,non_hh_veh,,-9.0,1out_1in,othmaint
108885,2177,escort,6,1,1,7,non_mandatory,1,16896.0,1077.0,848,11.0,27.0,16.0,pure_escort,,1.0,451.0,,False,True,-9.0,SUV_8_Gas,Van_7_Gas,SUV_8_Gas,SHARED3,-7.951461927186421,SUV_8_Gas,,-9.0,0out_1in,escort
108886,2177,escort,6,2,2,7,non_mandatory,1,16896.0,1077.0,848,27.0,27.0,0.0,,pure_escort,1.0,923.0,,False,True,-9.0,SUV_8_Gas,Van_7_Gas,SUV_8_Gas,SHARED2,-8.013613962731043,Van_7_Gas,,-9.0,0out_0in,escort
108887,2177,escort,6,3,3,7,non_mandatory,1,23872.0,1077.0,848,29.0,30.0,1.0,,pure_escort,1.0,967.0,,False,True,-9.0,Van_7_Gas,SUV_8_Gas,Van_7_Gas,SHARED2,-1.22805359478226,SUV_8_Gas,,-9.0,2out_0in,escort
108933,2178,school,1,1,1,1,mandatory,1,23872.0,1077.0,848,13.0,30.0,17.0,,pure_escort,-9.0,527.0,,,,-9.0,SUV_8_Gas,SUV_8_Gas,SUV_8_Gas,SHARED2,1.710081307261471,SUV_8_Gas,,-9.0,0out_0in,school
108983,2179,school,1,1,1,1,mandatory,1,16896.0,1077.0,848,11.0,27.0,16.0,pure_escort,pure_escort,-9.0,451.0,,,,-9.0,Van_7_Gas,SUV_8_Gas,Van_7_Gas,SHARED2,-3.554503642774076,SUV_8_Gas,,-9.0,0out_0in,school
109129,2182,othmaint,1,1,1,1,non_mandatory,1,7616.0,1077.0,849,8.0,33.0,25.0,,,-9.0,340.0,,False,True,11.74611997129042,Car_3_BEV,Car_3_BEV,Car_3_BEV,DRIVEALONE,-3.9112219592390254,Car_3_BEV,,-9.0,0out_0in,othmaint
109183,2183,school,1,1,1,1,mandatory,1,23114.0,1077.0,849,11.0,35.0,24.0,,,-9.0,459.0,,,,-9.0,Car_3_BEV,Car_3_BEV,Car_3_BEV,SHARED2,-0.5607055920506592,Car_3_BEV,,-9.0,1out_0in,univ
109248,2184,work,1,1,1,1,mandatory,1,9161.0,1077.0,849,6.0,48.0,42.0,,,-9.0,272.0,,,,-9.0,Car_3_BEV,Car_3_BEV,Car_3_BEV,SHARED2,-2.824397279793558,Car_3_BEV,no_subtours,-9.0,1out_2in,work
109298,2185,work,1,1,1,1,mandatory,1,17071.0,1077.0,850,8.0,26.0,18.0,,,-9.0,333.0,,,,-9.0,Car_2_Gas,Car_10_Gas,Car_10_Gas,SHARED2,-1.4838629844675353,Car_10_Gas,no_subtours,-9.0,0out_0in,work
109306,2186,eatout,1,1,1,1,non_mandatory,1,18630.0,1077.0,850,27.0,33.0,6.0,,,-9.0,929.0,,False,True,14.538467681898926,Car_10_Gas,Car_2_Gas,Car_10_Gas,WALK_PRM,-2.571365148965322,,,-9.0,0out_0in,eatout
109375,2187,othdiscr,1,1,1,1,non_mandatory,1,1849.0,1077.0,850,6.0,19.0,13.0,,,-9.0,243.0,,False,True,13.978498508563796,Car_10_Gas,Car_10_Gas,Car_2_Gas,SHARED2,0.7427810429378737,Car_10_Gas,,-9.0,0out_1in,othdiscr
109491,2189,shopping,2,1,1,2,non_mandatory,1,3024.0,1077.0,851,21.0,25.0,4.0,,,-9.0,774.0,,False,True,9.76621072716793,SUV_10_Gas,SUV_10_Gas,SUV_10_Gas,DRIVEALONE,-0.7407766906240667,SUV_10_Gas,,-9.0,0out_0in,shopping
109492,2189,shopping,2,2,2,2,non_mandatory,1,16264.0,1077.0,851,25.0,28.0,3.0,,,-9.0,879.0,,False,True,9.700563797978273,Car_10_Gas,Van_7_Gas,Van_7_Gas,DRIVEALONE,-1.044861369045074,Car_10_Gas,,-9.0,0out_0in,shopping
109529,2190,othmaint,1,1,1,1,non_mandatory,1,23861.0,1077.0,851,18.0,20.0,2.0,,,-9.0,682.0,,False,True,10.150078251612108,SUV_10_Gas,Van_7_Gas,Van_7_Gas,SHARED2,-0.5803165467179846,Van_7_Gas,,-9.0,0out_3in,othmaint
109606,2192,eatout,1,1,3,3,non_mandatory,1,218.0,1077.0,852,17.0,22.0,5.0,,,-9.0,653.0,,False,True,14.013345798686828,Car_20_Gas,SUV_15_Gas,SUV_15_Gas,DRIVEALONE,-2.2319755539474664,Car_20_Gas,,-9.0,0out_0in,eatout
109629,2192,othmaint,1,1,2,3,non_mandatory,1,3483.0,1077.0,852,27.0,28.0,1.0,,,-9.0,924.0,,False,True,11.790976087574274,Car_20_Gas,SUV_15_Gas,Car_20_Gas,DRIVEALONE,-3.1198141434149798,Car_20_Gas,,-9.0,2out_0in,othmaint
109641,2192,shopping,1,1,1,3,non_mandatory,1,6298.0,1077.0,852,14.0,14.0,0.0,,,-9.0,546.0,,False,True,9.92958681703275,SUV_15_Gas,SUV_15_Gas,Car_20_Gas,DRIVEALONE,-3.4533117626075467,SUV_15_Gas,,-9.0,0out_1in,shopping
109659,2193,escort,1,1,1,1,non_mandatory,1,23916.0,1077.0,853,26.0,27.0,1.0,,,-9.0,901.0,,False,True,11.891104118409276,Car_11_Gas,SUV_12_Gas,SUV_12_Gas,DRIVEALONE,-0.490031660053506,Car_11_Gas,,-9.0,1out_2in,escort
109706,2194,eatout,1,1,1,1,non_mandatory,1,13127.0,1077.0,853,20.0,21.0,1.0,,,-9.0,742.0,,False,True,13.574211477886337,Car_11_Gas,SUV_12_Gas,Car_11_Gas,SHARED2,-0.0460885606364186,SUV_12_Gas,,-9.0,0out_0in,eatout
109759,2195,escort,1,1,1,1,non_mandatory,1,8418.0,1077.0,854,28.0,29.0,1.0,,,-9.0,946.0,,False,True,12.65627709827211,Car_10_Gas,Car_10_Gas,SUV_2_Gas,DRIVEALONE,-0.6726759065412528,Car_10_Gas,,-9.0,0out_1in,escort
109825,2196,othdiscr,1,1,1,1,non_mandatory,1,6227.0,1077.0,854,9.0,29.0,20.0,,,-9.0,376.0,,False,True,13.239907515398288,SUV_2_Gas,SUV_2_Gas,SUV_2_Gas,DRIVEALONE,-0.511863497518969,SUV_2_Gas,,-9.0,0out_2in,othdiscr
109898,2197,work,1,1,1,1,mandatory,1,1380.0,1077.0,855,10.0,31.0,21.0,,,-9.0,417.0,,,,-9.0,Car_20_Gas,Car_20_Gas,Pickup_12_Gas,DRIVEALONE,-5.336847808390942,Car_20_Gas,no_subtours,-9.0,0out_0in,work
109925,2198,othdiscr,2,1,2,3,non_mandatory,1,6705.0,1077.0,855,29.0,33.0,4.0,,,-9.0,970.0,,False,True,13.948050482096546,Car_20_Gas,Pickup_12_Gas,Pickup_12_Gas,SHARED2,0.8014230348744337,Pickup_12_Gas,,-9.0,0out_0in,othdiscr
109926,2198,othdiscr,2,2,3,3,non_mandatory,1,8418.0,1077.0,855,33.0,36.0,3.0,,,-9.0,1043.0,,False,True,13.68184928350933,Car_20_Gas,Pickup_12_Gas,Pickup_12_Gas,WALK,-0.2569105872900231,,,-9.0,0out_0in,othdiscr
109929,2198,othmaint,1,1,1,3,non_mandatory,1,13352.0,1077.0,855,11.0,25.0,14.0,,,-9.0,449.0,,False,True,12.839502095047536,Pickup_12_Gas,Pickup_12_Gas,Pickup_12_Gas,SHARED2,-6.359739138720432,Pickup_12_Gas,,-9.0,3out_3in,othmaint
109954,2199,eat,1,1,1,1,atwork,1,18971.0,23054.0,856,19.0,22.0,3.0,,,-9.0,714.0,,,,3.6644006751741967,,,,DRIVEALONE,-1.0950621549488313,Car_2_Gas,,109998.0,0out_0in,atwork
109998,2199,work,1,1,1,1,mandatory,1,23054.0,1077.0,856,14.0,35.0,21.0,,,-9.0,567.0,,,,-9.0,Car_2_Gas,Car_3_Gas,non_hh_veh,DRIVEALONE,-3.5566249742414797,Car_2_Gas,eat,-9.0,1out_1in,work
110009,2200,escort,1,1,1,1,non_mandatory,1,23896.0,1077.0,856,26.0,26.0,0.0,,,-9.0,900.0,,False,True,12.73589947780484,Car_2_Gas,Car_2_Gas,Car_2_Gas,DRIVEALONE,-1.4511070415984142,Car_2_Gas,,-9.0,0out_2in,escort
110091,2201,shopping,1,1,1,1,non_mandatory,1,23883.0,1077.0,857,26.0,33.0,7.0,,,-9.0,907.0,,False,True,10.160290260393198,Car_13_Gas,Car_13_Gas,Car_13_Gas,SHARED2,-0.6903543819711884,Car_13_Gas,,-9.0,0out_3in,shopping
110106,2202,eatout,1,1,2,3,non_mandatory,1,1077.0,1077.0,857,33.0,34.0,1.0,,,-9.0,1041.0,,False,True,14.456527980167332,Car_13_Gas,Car_13_Gas,Car_13_Gas,DRIVEALONE,0.7426676401549326,Car_13_Gas,,-9.0,3out_3in,eatout
110125,2202,othdiscr,1,1,3,3,non_mandatory,1,12539.0,1077.0,857,29.0,29.0,0.0,,,-9.0,966.0,,False,True,13.22327795204366,Car_13_Gas,Car_13_Gas,Car_13_Gas,DRIVEALONE,-0.1214203983869614,Car_13_Gas,,-9.0,0out_1in,othdiscr
110129,2202,othmaint,1,1,1,3,non_mandatory,1,23047.0,1077.0,857,22.0,24.0,2.0,,,-9.0,800.0,,False,True,12.463117328365064,Car_13_Gas,Car_13_Gas,Car_13_Gas,DRIVEALONE,-2.014159318130892,Car_13_Gas,,-9.0,0out_0in,othmaint
110191,2203,shopping,2,1,1,2,non_mandatory,1,16643.0,1077.0,858,21.0,24.0,3.0,,,-9.0,773.0,,False,True,9.354931609011022,Pickup_10_Gas,Pickup_10_Gas,Pickup_10_Gas,SHARED2,-6.2018232078258775,Pickup_10_Gas,,-9.0,2out_0in,shopping
110192,2203,shopping,2,2,2,2,non_mandatory,1,9901.0,1077.0,858,26.0,27.0,1.0,,,-9.0,901.0,,False,True,9.53239049638717,non_hh_veh,Pickup_10_Gas,Pickup_10_Gas,DRIVEALONE,-1.5365781704557695,non_hh_veh,,-9.0,0out_0in,shopping
110204,2204,eat,1,1,1,1,atwork,1,822.0,2965.0,859,19.0,19.0,0.0,,,-9.0,711.0,,,,6.112810420740803,,,,WALK,-0.5834931367076318,Pickup_9_Gas,,110248.0,0out_0in,atwork
110248,2204,work,1,1,1,1,mandatory,1,2965.0,1077.0,859,8.0,31.0,23.0,,,-9.0,338.0,,,,-9.0,Pickup_9_Gas,Pickup_9_Gas,Pickup_9_Gas,DRIVEALONE,-2.604702164946066,Pickup_9_Gas,eat,-9.0,0out_1in,work
110256,2205,eatout,1,1,1,1,non_mandatory,1,16254.0,1077.0,859,26.0,27.0,1.0,,,-9.0,901.0,,False,True,14.581492023030805,Pickup_9_Gas,Car_8_Gas,Car_8_Gas,SHARED2,-0.859591872739502,Car_8_Gas,,-9.0,3out_3in,eatout
110306,2206,eatout,1,1,1,3,non_mandatory,1,17940.0,1077.0,860,24.0,28.0,4.0,,,-9.0,855.0,,False,True,13.261474094877231,Pickup_12_Gas,SUV_17_Gas,SUV_17_Gas,DRIVEALONE,-3.0588429990952584,Pickup_12_Gas,,-9.0,0out_0in,eatout
110325,2206,othdiscr,2,1,2,3,non_mandatory,1,5958.0,1077.0,860,29.0,30.0,1.0,,,-9.0,967.0,,False,True,12.754470299502207,Pickup_12_Gas,SUV_17_Gas,SUV_17_Gas,DRIVEALONE,0.3652351187477889,Pickup_12_Gas,,-9.0,0out_0in,othdiscr
110326,2206,othdiscr,2,2,3,3,non_mandatory,1,19751.0,1077.0,860,20.0,23.0,3.0,,,-9.0,744.0,,False,True,12.697104979675665,Pickup_12_Gas,SUV_17_Gas,Pickup_12_Gas,DRIVEALONE,-4.190117880732232,Pickup_12_Gas,,-9.0,0out_1in,othdiscr
110391,2207,shopping,1,1,1,1,non_mandatory,1,23050.0,1077.0,860,10.0,22.0,12.0,,,-9.0,408.0,,False,True,10.091986629420132,SUV_17_Gas,Pickup_12_Gas,SUV_17_Gas,DRIVEALONE,-3.226495024785148,SUV_17_Gas,,-9.0,0out_0in,shopping
110454,2209,eat,1,1,1,1,atwork,1,3447.0,8687.0,861,18.0,21.0,3.0,,,-9.0,683.0,,,,6.4583752484295385,,,,WALK,-0.7697211084029283,Car_9_Gas,,110498.0,1out_0in,atwork
110498,2209,work,1,1,1,1,mandatory,1,8687.0,1077.0,861,1.0,29.0,28.0,,,-9.0,28.0,,,,-9.0,Car_9_Gas,Car_9_Gas,SUV_3_Gas,DRIVEALONE,-3.4360867121506167,Car_9_Gas,eat,-9.0,0out_0in,work
110556,2211,eatout,1,1,1,1,non_mandatory,1,18613.0,1077.0,862,3.0,13.0,10.0,,,-9.0,105.0,,False,True,13.259068375176552,Car_19_Gas,SUV_16_Gas,SUV_16_Gas,SHARED2,-2.1286154121942653,SUV_16_Gas,,-9.0,0out_0in,eatout
110604,2212,eat,1,1,1,1,atwork,1,18866.0,18871.0,862,18.0,19.0,1.0,,,-9.0,681.0,,,,2.9186405353570004,,,,WALK,-0.248979781127854,SUV_16_Gas,,110648.0,0out_0in,atwork
110648,2212,work,1,1,1,1,mandatory,1,18871.0,1077.0,862,5.0,29.0,24.0,,,-9.0,210.0,,,,-9.0,SUV_16_Gas,SUV_16_Gas,SUV_16_Gas,DRIVEALONE,-6.263526056656215,SUV_16_Gas,eat,-9.0,0out_1in,work
110654,2213,eat,1,1,1,1,atwork,1,19232.0,23052.0,863,18.0,22.0,4.0,,,-9.0,684.0,,,,3.965295562673509,,,,DRIVEALONE,-3.315768174234649,Car_6_Gas,,110698.0,0out_1in,atwork
110698,2213,work,1,1,1,1,mandatory,1,23052.0,1077.0,863,10.0,28.0,18.0,,,-9.0,414.0,,,,-9.0,Car_6_Gas,Car_6_Gas,Car_6_Gas,DRIVEALONE,-1.154692970849735,Car_6_Gas,eat,-9.0,0out_0in,work
110804,2216,eat,1,1,1,1,atwork,1,7779.0,14290.0,864,19.0,20.0,1.0,,,-9.0,712.0,,,,5.708434611757152,,,,DRIVEALONE,0.6304779555371549,SUV_15_Gas,,110848.0,0out_0in,atwork
110848,2216,work,1,1,1,1,mandatory,1,14290.0,1077.0,864,7.0,25.0,18.0,,,-9.0,291.0,,,,-9.0,SUV_15_Gas,Car_9_Gas,SUV_15_Gas,DRIVEALONE,-5.726221434212115,SUV_15_Gas,eat,-9.0,0out_0in,work
110875,2217,othdiscr,1,1,2,2,non_mandatory,1,9012.0,1077.0,864,31.0,32.0,1.0,,,-9.0,1006.0,,False,True,12.912641646393723,Car_9_Gas,Van_14_Gas,SUV_15_Gas,DRIVEALONE,-1.1187293359163033,Car_9_Gas,,-9.0,0out_3in,othdiscr
110895,2217,social,1,1,1,2,non_mandatory,1,23851.0,1077.0,864,6.0,20.0,14.0,,,-9.0,244.0,,False,True,12.741304804531406,Van_14_Gas,Van_14_Gas,Car_12_Gas,DRIVEALONE,-0.0226271884067037,Van_14_Gas,,-9.0,2out_0in,social
110909,2218,escort,3,2,2,5,non_mandatory,1,13127.0,1077.0,865,27.0,27.0,0.0,,,-9.0,923.0,,False,True,13.09507085631867,Car_15_Gas,Car_15_Gas,Car_15_Gas,DRIVEALONE,-0.320210568594836,Car_15_Gas,,-9.0,0out_0in,escort
110910,2218,escort,3,3,3,5,non_mandatory,1,23259.0,1077.0,865,8.0,9.0,1.0,,,-9.0,316.0,,False,True,13.104839186062756,Car_15_Gas,Car_15_Gas,Car_15_Gas,SHARED3,-2.00535376856762,Car_15_Gas,,-9.0,1out_0in,escort
110919,2219,shopping,1,1,2,2,joint,3,9901.0,1077.0,865,15.0,18.0,3.0,,,-9.0,584.0,mixed,False,True,10.462425343141597,Car_15_Gas,Car_15_Gas,Car_15_Gas,SHARED3,-47.73677540358134,Car_15_Gas,,-9.0,0out_2in,shopping
110929,2218,othmaint,1,1,5,5,non_mandatory,1,5149.0,1077.0,865,10.0,15.0,5.0,,,-9.0,401.0,,False,True,12.781290070945204,Car_15_Gas,Car_15_Gas,Car_15_Gas,SHARED3,-1.3384028044557488,Car_15_Gas,,-9.0,0out_0in,othmaint
110935,2218,escort,3,1,1,5,non_mandatory,1,7296.0,1077.0,865,24.0,26.0,2.0,,pure_escort,1.0,853.0,,False,True,-9.0,Car_15_Gas,Car_15_Gas,Car_15_Gas,SHARED3,-0.5181788908959677,Car_15_Gas,,-9.0,0out_0in,escort
110941,2218,shopping,1,1,4,5,non_mandatory,1,2465.0,1077.0,865,35.0,37.0,2.0,,,-9.0,1073.0,,False,True,10.651428561007808,Car_15_Gas,Car_15_Gas,Car_15_Gas,DRIVEALONE,-1.2908608569805546,Car_15_Gas,,-9.0,0out_0in,shopping
110985,2219,escort,1,1,1,2,non_mandatory,1,7296.0,1077.0,865,9.0,10.0,1.0,pure_escort,,1.0,357.0,,False,True,-9.0,Car_15_Gas,Car_15_Gas,Car_15_Gas,SHARED3,0.2430821789648665,Car_15_Gas,,-9.0,0out_1in,escort
111033,2220,school,1,1,1,1,mandatory,1,7296.0,1077.0,865,9.0,26.0,17.0,pure_escort,pure_escort,-9.0,373.0,,,,-9.0,Car_15_Gas,Car_15_Gas,Car_15_Gas,SHARED3,-0.8781195522422702,Car_15_Gas,,-9.0,0out_0in,school
111204,2224,eat,1,1,1,1,atwork,1,16236.0,1380.0,866,19.0,23.0,4.0,,,-9.0,715.0,,,,0.688389100991509,,,,SHARED2,-4.853573839375007,Car_19_Gas,,111248.0,0out_1in,atwork
111217,2224,othmaint,1,1,2,2,joint,2,23934.0,1077.0,866,32.0,35.0,3.0,,,-9.0,1026.0,adults,False,True,12.190914874563646,Car_20_Gas,Car_19_Gas,Car_16_Gas,SHARED2,-0.528618036539362,Car_19_Gas,,-9.0,0out_2in,othmaint
111248,2224,work,1,1,1,2,mandatory,1,1380.0,1077.0,866,10.0,31.0,22.0,ride_share,,2.0,417.0,,,,-9.0,Car_16_Gas,Car_16_Gas,Car_19_Gas,SHARED3,-5.0714064806153205,Car_19_Gas,eat,-9.0,2out_2in,work
111259,2225,escort,3,2,3,4,non_mandatory,1,23878.0,1077.0,866,11.0,12.0,1.0,,,-9.0,436.0,,False,True,12.41422618245503,Car_19_Gas,Car_16_Gas,Car_16_Gas,SHARED3,0.4602670762408438,Car_16_Gas,,-9.0,0out_1in,escort
111260,2225,escort,3,3,4,4,non_mandatory,1,23849.0,1077.0,866,19.0,20.0,1.0,,,-9.0,712.0,,False,True,12.313264033474493,Car_16_Gas,Car_16_Gas,Car_20_Gas,DRIVEALONE,0.1390905158812288,Car_16_Gas,,-9.0,0out_0in,escort
111285,2225,escort,3,1,2,4,non_mandatory,1,24011.0,1077.0,866,29.0,31.0,2.0,,pure_escort,1.0,968.0,,False,True,-9.0,Car_19_Gas,Car_20_Gas,Car_16_Gas,SHARED3,-0.9511180079969672,Car_16_Gas,,-9.0,0out_0in,escort
111298,2225,work,1,1,1,4,mandatory,1,13130.0,1077.0,866,24.0,28.0,3.0,,ride_share,1.0,855.0,,,,-9.0,Car_16_Gas,Car_20_Gas,Car_19_Gas,SHARED2,-1.6179670042681995,Car_20_Gas,no_subtours,-9.0,0out_1in,work
111359,2227,escort,1,1,1,1,non_mandatory,1,8805.0,1077.0,866,12.0,13.0,1.0,,,-9.0,474.0,,False,True,12.098907623091652,Car_16_Gas,Car_16_Gas,Car_20_Gas,SHARED3,0.8216889766425324,Car_20_Gas,,-9.0,0out_1in,escort
111433,2228,school,1,1,1,1,mandatory,1,24011.0,1077.0,866,10.0,31.0,22.0,ride_share,pure_escort,-9.0,417.0,,,,-9.0,Car_19_Gas,Car_20_Gas,Car_16_Gas,SHARED3,-1.8222712540492976,Car_16_Gas,,-9.0,1out_0in,school
111483,2229,school,1,1,1,1,mandatory,1,23910.0,1077.0,866,10.0,28.0,18.0,ride_share,ride_share,-9.0,414.0,,,,-9.0,Car_16_Gas,Car_19_Gas,Car_16_Gas,SHARED2,4.166157629280644,Car_19_Gas,,-9.0,0out_0in,school
111598,2231,work,1,1,1,1,mandatory,1,15626.0,1077.0,867,1.0,27.0,26.0,,,-9.0,26.0,,,,-9.0,SUV_7_Gas,Car_11_Gas,SUV_7_Gas,DRIVEALONE,-6.053820957443024,SUV_7_Gas,no_subtours,-9.0,0out_1in,work
111648,2232,work,1,1,1,1,mandatory,1,14361.0,1077.0,868,8.0,30.0,22.0,,,-9.0,337.0,,,,-9.0,SUV_8_Gas,SUV_8_Gas,Car_20_Gas,DRIVEALONE,-5.431003938249541,SUV_8_Gas,no_subtours,-9.0,0out_1in,work
111675,2233,othdiscr,1,1,2,2,non_mandatory,1,6705.0,1077.0,868,30.0,34.0,4.0,,,-9.0,990.0,,False,True,13.610656834542825,Car_20_Gas,SUV_8_Gas,SUV_8_Gas,WALK,0.4214712130595575,,,-9.0,0out_2in,othdiscr
111679,2233,othmaint,1,1,1,2,non_mandatory,1,18748.0,1077.0,868,22.0,25.0,3.0,,,-9.0,801.0,,False,True,11.87521146337274,SUV_8_Gas,SUV_8_Gas,SUV_8_Gas,DRIVEALONE,-2.4477660966345005,SUV_8_Gas,,-9.0,0out_1in,othmaint
111704,2234,eat,1,1,1,1,atwork,1,15947.0,15286.0,869,21.0,22.0,1.0,,,-9.0,771.0,,,,6.499414739557974,,,,WALK,-1.805918262967888,SUV_14_Gas,,111748.0,0out_0in,atwork
111748,2234,work,1,1,1,1,mandatory,1,15286.0,1077.0,869,5.0,32.0,27.0,,,-9.0,213.0,,,,-9.0,SUV_14_Gas,SUV_14_Gas,SUV_14_Gas,DRIVEALONE,-1.8863778013891863,SUV_14_Gas,eat,-9.0,0out_0in,work
111798,2235,work,1,1,1,1,mandatory,1,10543.0,1077.0,869,13.0,28.0,15.0,,,-9.0,525.0,,,,-9.0,Pickup_2_Gas,Pickup_2_Gas,Pickup_2_Gas,DRIVEALONE,-5.063410883994113,Pickup_2_Gas,no_subtours,-9.0,0out_0in,work
111819,2236,shopping,1,1,1,1,joint,2,15801.0,1077.0,870,16.0,21.0,5.0,,,-9.0,620.0,adults,False,True,10.08236650097212,Pickup_9_Diesel,Pickup_9_Diesel,Van_20_Gas,SHARED2,-5.972926776330566,Pickup_9_Diesel,,-9.0,0out_1in,shopping
111856,2237,eatout,1,1,2,3,non_mandatory,1,23861.0,1077.0,870,36.0,36.0,0.0,,,-9.0,1085.0,,False,True,14.418395429153453,Van_20_Gas,Van_20_Gas,Pickup_9_Diesel,DRIVEALONE,-0.2709379908768204,Van_20_Gas,,-9.0,0out_0in,eatout
111875,2237,othdiscr,1,1,3,3,non_mandatory,1,6705.0,1077.0,870,32.0,33.0,1.0,,,-9.0,1024.0,,False,True,13.768235562355812,Pickup_9_Diesel,Van_20_Gas,Pickup_9_Diesel,WALK,0.4890068454719653,,,-9.0,0out_0in,othdiscr
111879,2237,othmaint,1,1,1,3,non_mandatory,1,24331.0,1077.0,870,25.0,28.0,3.0,,,-9.0,879.0,,True,False,8.198895022417394,Pickup_9_Diesel,Pickup_9_Diesel,Pickup_9_Diesel,DRIVEALONE,-4.175298674145814,Pickup_9_Diesel,,-9.0,0out_1in,othmaint
111933,2238,school,1,1,1,1,mandatory,1,23114.0,1077.0,871,21.0,37.0,16.0,,,-9.0,786.0,,,,-9.0,Pickup_14_Gas,non_hh_veh,Pickup_14_Gas,DRIVEALONE,-2.2193637443469485,Pickup_14_Gas,,-9.0,0out_0in,univ
111975,2239,othdiscr,1,1,1,1,non_mandatory,1,12537.0,1077.0,872,15.0,18.0,3.0,,,-9.0,584.0,,False,True,13.03110364770042,Car_20_Gas,Car_20_Gas,Car_20_Gas,DRIVEALONE,-0.6599566976861367,Car_20_Gas,,-9.0,1out_0in,othdiscr
112025,2240,othdiscr,1,1,1,1,non_mandatory,1,23879.0,1077.0,873,9.0,9.0,0.0,,,-9.0,356.0,,False,True,14.243558071398594,Car_6_Gas,Car_6_Gas,Car_6_Gas,DRIVEALONE,0.5005196128598891,Car_6_Gas,,-9.0,0out_3in,othdiscr
112079,2241,othmaint,2,1,3,4,non_mandatory,1,16182.0,1077.0,874,27.0,29.0,2.0,,,-9.0,925.0,,False,True,12.4440696020353,SUV_13_Gas,SUV_13_Gas,SUV_12_Gas,DRIVEALONE,-2.767779763099224,SUV_13_Gas,,-9.0,0out_1in,othmaint
112080,2241,othmaint,2,2,4,4,non_mandatory,1,23358.0,1077.0,874,14.0,18.0,4.0,,,-9.0,550.0,,False,True,12.324004462301833,SUV_12_Gas,SUV_12_Gas,SUV_13_Gas,SHARED2,-4.235989265587543,SUV_12_Gas,,-9.0,0out_0in,othmaint
112085,2241,escort,2,1,1,4,non_mandatory,1,18706.0,1077.0,874,10.0,13.0,3.0,pure_escort,,1.0,399.0,,False,True,-9.0,SUV_13_Gas,SUV_13_Gas,SUV_12_Gas,SHARED2,-3.564550589278127,SUV_13_Gas,,-9.0,0out_0in,escort
112086,2241,escort,2,2,2,4,non_mandatory,1,18706.0,1077.0,874,19.0,23.0,4.0,,pure_escort,1.0,715.0,,False,True,-9.0,SUV_12_Gas,SUV_12_Gas,SUV_13_Gas,SHARED2,-3.500396133944836,SUV_12_Gas,,-9.0,0out_0in,escort
112133,2242,school,1,1,1,1,mandatory,1,22211.0,1077.0,874,8.0,48.0,40.0,,,-9.0,355.0,,,,-9.0,SUV_12_Gas,SUV_13_Gas,SUV_12_Gas,DRIVEALONE,-7.479575035611269,SUV_12_Gas,,-9.0,0out_1in,school
112183,2243,school,1,1,1,1,mandatory,1,18706.0,1077.0,874,10.0,23.0,13.0,pure_escort,pure_escort,-9.0,409.0,,,,-9.0,SUV_13_Gas,SUV_12_Gas,SUV_12_Gas,SHARED2,-3.514708825938023,SUV_12_Gas,,-9.0,0out_0in,school
112204,2244,eat,1,1,1,1,atwork,1,7616.0,15862.0,875,20.0,22.0,2.0,,,-9.0,743.0,,,,3.197559843091044,,,,SHARED2,-4.411697219194195,Pickup_7_Gas,,112248.0,0out_0in,atwork
112225,2244,othdiscr,1,1,2,2,non_mandatory,1,16275.0,1077.0,875,9.0,11.0,2.0,,,-9.0,358.0,,False,True,13.765828641402976,Car_2_Gas,Car_2_Gas,non_hh_veh,DRIVEALONE,-0.2877656106321453,Car_2_Gas,,-9.0,0out_0in,othdiscr
112248,2244,work,1,1,1,2,mandatory,1,15862.0,1077.0,875,11.0,29.0,18.0,,,-9.0,453.0,,,,-9.0,Pickup_7_Gas,Pickup_7_Gas,Pickup_20_Gas,SHARED2,-3.603191132209506,Pickup_7_Gas,eat,-9.0,0out_0in,work
112283,2245,school,1,1,1,1,mandatory,1,6452.0,1077.0,875,9.0,25.0,16.0,,,-9.0,372.0,,,,-9.0,Pickup_7_Gas,Car_2_Gas,Car_2_Gas,WALK_PRM,-10.163969596251109,,,-9.0,0out_2in,school
112333,2246,school,1,1,1,1,mandatory,1,16315.0,1077.0,875,10.0,27.0,17.0,,,-9.0,413.0,,,,-9.0,Car_2_Gas,Car_2_Gas,Car_2_Gas,BIKE,-1.4309195323008967,,,-9.0,1out_0in,school
112398,2247,work,1,1,1,1,mandatory,1,6607.0,1077.0,876,6.0,31.0,25.0,,,-9.0,255.0,,,,-9.0,Car_7_Gas,Car_7_Gas,Car_7_Gas,DRIVEALONE,-3.052533473553442,Car_7_Gas,no_subtours,-9.0,0out_2in,work
112425,2248,othdiscr,1,1,1,1,non_mandatory,1,5744.0,1170.0,877,11.0,15.0,4.0,,,-9.0,439.0,,False,True,16.41996993758621,Car_8_Diesel,Car_8_Diesel,Car_8_Diesel,WALK,1.192951636396218,,,-9.0,0out_0in,othdiscr
112479,2249,othmaint,1,1,1,1,non_mandatory,1,1794.0,1170.0,878,10.0,21.0,11.0,,,-9.0,407.0,,False,True,12.5720871546416,Car_19_Gas,Car_19_Gas,Car_19_Gas,WALK,0.058290783954018,,,-9.0,0out_1in,othmaint
112521,2250,social,1,1,1,2,joint,2,23264.0,1170.0,879,29.0,37.0,8.0,,,-9.0,974.0,adults,False,True,13.451392390342336,Pickup_11_Gas,SUV_19_Gas,Pickup_11_Gas,SHARED2,-2.830544170874981,SUV_19_Gas,,-9.0,0out_0in,social
112525,2250,othdiscr,1,1,2,2,non_mandatory,1,23878.0,1170.0,879,13.0,14.0,1.0,,,-9.0,511.0,,False,True,13.383128405136862,Car_20_Gas,Pickup_11_Gas,SUV_19_Gas,DRIVEALONE,-0.8315926968448465,Car_20_Gas,,-9.0,0out_1in,othdiscr
112554,2251,eat,1,1,1,1,atwork,1,822.0,3430.0,879,20.0,21.0,1.0,,,-9.0,742.0,,,,6.840208922632278,,,,DRIVEALONE,0.4050160939846808,Pickup_11_Gas,,112598.0,1out_1in,atwork
112598,2251,work,1,1,1,1,mandatory,1,3430.0,1170.0,879,9.0,29.0,20.0,,,-9.0,376.0,,,,-9.0,Pickup_11_Gas,Pickup_11_Gas,Pickup_11_Gas,DRIVEALONE,-1.423901499423924,Pickup_11_Gas,eat,-9.0,0out_0in,work
112635,2252,escort,3,1,2,4,non_mandatory,1,23872.0,1170.0,880,8.0,9.0,1.0,pure_escort,,1.0,316.0,,False,True,-9.0,Van_5_Gas,Van_3_Gas,Van_5_Gas,SHARED2,-0.4559321317924399,Van_3_Gas,,-9.0,0out_0in,escort
112636,2252,escort,3,2,3,4,non_mandatory,1,5878.0,1170.0,880,9.0,10.0,1.0,pure_escort,,2.0,357.0,,False,True,-9.0,Van_5_Gas,Van_3_Gas,Van_3_Gas,SHARED3,-3.493800404815232,Van_3_Gas,,-9.0,1out_1in,escort
112637,2252,escort,3,3,4,4,non_mandatory,1,5878.0,1170.0,880,32.0,33.0,1.0,,pure_escort,1.0,1024.0,,False,True,-9.0,Van_3_Gas,Van_3_Gas,Van_3_Gas,SHARED2,-3.326980217861569,Van_3_Gas,,-9.0,0out_0in,escort
112648,2252,work,1,1,1,4,mandatory,1,19718.0,1170.0,880,11.0,31.0,20.0,,,-9.0,455.0,,,,-9.0,Van_5_Gas,Van_5_Gas,Van_5_Gas,DRIVEALONE,-4.050328198735674,Van_5_Gas,no_subtours,-9.0,0out_0in,work
112683,2253,school,1,1,1,1,mandatory,1,7211.0,1170.0,880,8.0,34.0,26.0,,,-9.0,341.0,,,,-9.0,Van_5_Gas,Van_5_Gas,Van_3_Gas,SHARED3,3.850021389979342,Van_3_Gas,,-9.0,1out_0in,school
112733,2254,school,1,1,1,1,mandatory,1,7004.0,1170.0,880,11.0,28.0,17.0,,,-9.0,452.0,,,,-9.0,Van_5_Gas,Van_3_Gas,Van_5_Gas,WALK,5.786616317383492,,,-9.0,0out_0in,school
112783,2255,school,1,1,1,1,mandatory,1,5878.0,1170.0,880,9.0,33.0,25.0,pure_escort,pure_escort,-9.0,380.0,,,,-9.0,Van_3_Gas,Van_3_Gas,Van_3_Gas,SHARED2,-0.7591058731898805,Van_3_Gas,,-9.0,1out_0in,school
112825,2256,othdiscr,1,1,2,2,non_mandatory,1,3579.0,1170.0,880,31.0,36.0,5.0,,,-9.0,1010.0,,False,True,14.598461670288792,Van_3_Gas,Van_5_Gas,Van_3_Gas,WALK,3.198110983899505,,,-9.0,0out_0in,othdiscr
112833,2256,school,1,1,1,2,mandatory,1,11793.0,1170.0,880,9.0,27.0,18.0,pure_escort,,-9.0,374.0,,,,-9.0,Van_5_Gas,Van_5_Gas,Van_5_Gas,SHARED3,4.209953794634662,Van_5_Gas,,-9.0,0out_1in,school
112883,2257,school,1,1,1,1,mandatory,1,23872.0,1170.0,880,8.0,25.0,17.0,pure_escort,,-9.0,332.0,,,,-9.0,Van_5_Gas,Van_3_Gas,Van_5_Gas,SHARED2,3.6134367025612586,Van_3_Gas,,-9.0,0out_0in,school
112975,2259,othdiscr,1,1,1,1,non_mandatory,1,3727.0,1170.0,882,16.0,24.0,8.0,,,-9.0,623.0,,False,True,14.19712205538528,non_hh_veh,Car_2_Gas,Car_2_Gas,WALK,0.3888904435541681,,,-9.0,0out_0in,othdiscr
113004,2260,eat,1,1,1,1,atwork,1,18635.0,18636.0,882,20.0,22.0,2.0,,,-9.0,743.0,,,,6.1545342591978125,,,,DRIVEALONE,0.5876925954901864,Car_2_Gas,,113048.0,1out_0in,atwork
113048,2260,work,1,1,1,1,mandatory,1,18636.0,1170.0,882,20.0,34.0,14.0,,,-9.0,755.0,,,,-9.0,Car_2_Gas,Car_7_Gas,Car_7_Gas,DRIVEALONE,-1.8681611987246665,Car_2_Gas,eat,-9.0,0out_0in,work
113167,2263,othmaint,1,1,6,6,joint,3,229.0,1170.0,885,27.0,28.0,1.0,,,-9.0,924.0,mixed,False,True,13.979165754583857,non_hh_veh,non_hh_veh,non_hh_veh,WALK,-40.86640859866017,,,-9.0,0out_0in,othmaint
113185,2263,escort,5,1,1,6,non_mandatory,1,23268.0,1170.0,885,9.0,10.0,1.0,pure_escort,,1.0,357.0,,False,True,-9.0,non_hh_veh,non_hh_veh,non_hh_veh,SHARED2,-4.120541541115284,non_hh_veh,,-9.0,0out_0in,escort
113186,2263,escort,5,2,2,6,non_mandatory,1,7211.0,1170.0,885,10.0,10.0,0.0,pure_escort,,1.0,396.0,,False,True,-9.0,non_hh_veh,non_hh_veh,non_hh_veh,WALK,0.5790826732189712,,,-9.0,0out_0in,escort
113187,2263,escort,5,3,3,6,non_mandatory,1,23268.0,1170.0,885,23.0,24.0,1.0,,pure_escort,1.0,826.0,,False,True,-9.0,non_hh_veh,non_hh_veh,non_hh_veh,SHARED3,-4.013014180072875,non_hh_veh,,-9.0,0out_0in,escort
113188,2263,escort,5,4,4,6,non_mandatory,1,7211.0,1170.0,885,25.0,27.0,2.0,,pure_escort,1.0,878.0,,False,True,-9.0,non_hh_veh,non_hh_veh,non_hh_veh,WALK,0.5390037579964732,,,-9.0,0out_0in,escort
113189,2263,escort,5,5,5,6,non_mandatory,1,16042.0,1170.0,885,27.0,28.0,1.0,,pure_escort,1.0,924.0,,False,True,-9.0,non_hh_veh,non_hh_veh,non_hh_veh,SHARED2,-4.941182204674085,non_hh_veh,,-9.0,0out_0in,escort
113233,2264,school,1,1,1,1,mandatory,1,7211.0,1170.0,885,10.0,27.0,17.0,pure_escort,pure_escort,-9.0,413.0,,,,-9.0,non_hh_veh,non_hh_veh,non_hh_veh,WALK,35.06906031612203,,,-9.0,0out_0in,school
113283,2265,school,1,1,1,1,mandatory,1,16042.0,1170.0,885,12.0,28.0,16.0,,pure_escort,-9.0,489.0,,,,-9.0,non_hh_veh,non_hh_veh,non_hh_veh,SHARED2,32.036437591686976,non_hh_veh,,-9.0,1out_0in,school
113333,2266,school,1,1,1,1,mandatory,1,23268.0,1170.0,885,9.0,24.0,15.0,pure_escort,pure_escort,-9.0,371.0,,,,-9.0,non_hh_veh,non_hh_veh,non_hh_veh,SHARED3,32.480268130769744,non_hh_veh,,-9.0,0out_0in,school
113359,2267,escort,2,1,1,2,non_mandatory,1,8184.0,1170.0,885,24.0,26.0,2.0,,,-9.0,853.0,,False,True,15.616818670597317,non_hh_veh,non_hh_veh,non_hh_veh,WALK,4.059867734017184,,,-9.0,0out_0in,escort
113360,2267,escort,2,2,2,2,non_mandatory,1,3122.0,1170.0,885,21.0,22.0,1.0,,,-9.0,771.0,,False,True,15.87204275181261,non_hh_veh,non_hh_veh,non_hh_veh,WALK,4.912591877520331,,,-9.0,0out_0in,escort
113475,2269,othdiscr,1,1,1,1,non_mandatory,1,24106.0,1170.0,886,10.0,18.0,8.0,,,-9.0,404.0,,False,True,13.499032803207118,SUV_11_Gas,SUV_11_Gas,SUV_11_Gas,WALK,-0.0435353534356343,,,-9.0,0out_0in,othdiscr
113606,2272,eatout,1,1,1,1,non_mandatory,1,57.0,1170.0,888,25.0,30.0,5.0,,,-9.0,881.0,,False,True,13.917580065309563,Pickup_16_Gas,Pickup_4_Gas,Pickup_4_Gas,SHARED2,-0.6035284934670314,Pickup_4_Gas,,-9.0,0out_2in,eatout
113775,2275,othdiscr,1,1,2,2,non_mandatory,1,24331.0,1170.0,890,29.0,32.0,3.0,,,-9.0,969.0,,True,False,5.029001937519785,SUV_7_Gas,SUV_7_Gas,SUV_7_Gas,DRIVEALONE,-3.915261125787186,SUV_7_Gas,,-9.0,0out_1in,othdiscr
113779,2275,othmaint,1,1,1,2,non_mandatory,1,24331.0,1170.0,890,13.0,27.0,14.0,,,-9.0,524.0,,True,False,8.328822031736344,SUV_7_Gas,SUV_7_Gas,SUV_7_Gas,DRIVEALONE,-3.98945009117539,SUV_7_Gas,,-9.0,0out_1in,othmaint
113906,2278,eatout,1,1,1,2,non_mandatory,1,16237.0,1170.0,892,24.0,30.0,6.0,,,-9.0,857.0,,False,True,14.25519886719033,Pickup_8_Gas,Pickup_8_Gas,Pickup_8_Gas,SHARED3,-2.244436555972758,Pickup_8_Gas,,-9.0,0out_0in,eatout
113925,2278,othdiscr,1,1,2,2,non_mandatory,1,2465.0,1170.0,892,9.0,14.0,5.0,,,-9.0,361.0,,False,True,14.276279287154784,Pickup_8_Gas,Pickup_8_Gas,Pickup_8_Gas,WALK,1.571419608505482,,,-9.0,3out_3in,othdiscr
113963,2279,eatout,1,1,1,1,joint,2,2566.0,1170.0,893,32.0,34.0,2.0,,,-9.0,1025.0,adults,False,True,16.87790383634437,Pickup_8_Gas,Pickup_8_Gas,Pickup_8_Gas,SHARED2,-0.3249962362509643,Pickup_8_Gas,,-9.0,1out_0in,eatout
114098,2281,work,2,1,1,2,mandatory,1,229.0,1170.0,894,9.0,13.0,4.0,,,-9.0,360.0,,,,-9.0,Car_20_Gas,Car_20_Gas,Pickup_12_Gas,DRIVEALONE,-0.94253420268032,Car_20_Gas,no_subtours,-9.0,0out_0in,work
114099,2281,work,2,2,2,2,mandatory,1,229.0,1170.0,894,23.0,26.0,3.0,,,-9.0,828.0,,,,-9.0,Car_20_Gas,Car_20_Gas,Car_20_Gas,SHARED3,-0.942421624021212,Car_20_Gas,no_subtours,-9.0,0out_0in,work
114148,2282,work,1,1,1,1,mandatory,1,2135.0,1170.0,894,3.0,30.0,27.0,,,-9.0,122.0,,,,-9.0,Pickup_12_Gas,Car_20_Gas,Pickup_12_Gas,DRIVEALONE,-4.329750533632084,Pickup_12_Gas,no_subtours,-9.0,1out_2in,work
114159,2283,escort,1,1,2,4,non_mandatory,1,11592.0,1170.0,895,13.0,14.0,1.0,,,-9.0,511.0,,False,True,12.059306644333113,SUV_3_Gas,SUV_3_Gas,SUV_3_Gas,DRIVEALONE,-1.2620626613730612,SUV_3_Gas,,-9.0,3out_3in,escort
114171,2283,social,1,1,1,4,joint,2,1676.0,1170.0,895,33.0,36.0,3.0,,,-9.0,1043.0,adults,False,True,12.18841028890869,SUV_3_Gas,SUV_3_Gas,SUV_3_Gas,SHARED2,-0.6934054495624329,SUV_3_Gas,,-9.0,0out_0in,social
114179,2283,othmaint,2,1,3,4,non_mandatory,1,2026.0,1170.0,895,19.0,22.0,3.0,,,-9.0,714.0,,False,True,13.265983992471842,SUV_3_Gas,SUV_3_Gas,SUV_3_Gas,SHARED2,1.0597846299584128,SUV_3_Gas,,-9.0,0out_0in,othmaint
114180,2283,othmaint,2,2,4,4,non_mandatory,1,18972.0,1170.0,895,14.0,16.0,2.0,,,-9.0,548.0,,False,True,10.44147868039127,SUV_3_Gas,SUV_3_Gas,SUV_3_Gas,DRIVEALONE,-5.999027491212887,SUV_3_Gas,,-9.0,0out_0in,othmaint
114304,2286,eat,1,1,1,1,atwork,1,20327.0,20325.0,897,19.0,22.0,3.0,,,-9.0,714.0,,,,5.626012307753076,,,,DRIVEALONE,-4.021553122926197,Car_5_Gas,,114348.0,0out_1in,atwork
114348,2286,work,1,1,1,1,mandatory,1,20325.0,1170.0,897,8.0,32.0,24.0,,,-9.0,339.0,,,,-9.0,Car_5_Gas,Car_10_Gas,Car_5_Gas,DRIVEALONE,-4.038249480768422,Car_5_Gas,eat,-9.0,0out_2in,work
114350,2287,business,1,1,2,2,atwork,1,16236.0,16236.0,897,18.0,22.0,4.0,,,-9.0,684.0,,,,7.377609763281656,,,,WALK,0.3056585571144046,Car_10_Gas,,114398.0,0out_0in,atwork
114354,2287,eat,1,1,1,2,atwork,1,16236.0,16236.0,897,22.0,27.0,5.0,,,-9.0,803.0,,,,7.376787991355078,,,,WALK,0.3026662663692332,Car_10_Gas,,114398.0,1out_1in,atwork
114398,2287,work,1,1,1,1,mandatory,1,16236.0,1170.0,897,10.0,27.0,17.0,,,-9.0,413.0,,,,-9.0,Car_10_Gas,Car_10_Gas,Car_10_Gas,SHARED2,-2.5978928596996718,Car_10_Gas,eat_business,-9.0,0out_0in,work
114429,2288,othmaint,1,1,1,1,non_mandatory,1,16254.0,1170.0,898,17.0,32.0,15.0,,,-9.0,663.0,,False,True,11.8495118883912,Car_13_Gas,Car_13_Gas,Car_13_Gas,SHARED3,-0.5317569519859634,Car_13_Gas,,-9.0,1out_0in,othmaint
114498,2289,work,1,1,1,1,mandatory,1,5878.0,1170.0,899,18.0,38.0,20.0,,,-9.0,700.0,,,,-9.0,Pickup_20_Gas,Pickup_20_Gas,Pickup_20_Gas,DRIVEALONE,-3.394850712092392,Pickup_20_Gas,no_subtours,-9.0,0out_1in,work
114575,2291,othdiscr,1,1,1,1,non_mandatory,1,2566.0,1170.0,900,16.0,26.0,10.0,,,-9.0,625.0,,False,True,15.96291200098604,Car_16_Gas,Car_16_Gas,Car_18_Gas,WALK,1.852464677007671,,,-9.0,0out_0in,othdiscr
114679,2293,othmaint,1,1,1,1,non_mandatory,1,3356.0,1170.0,902,13.0,13.0,0.0,,,-9.0,510.0,,False,True,11.69616963978429,Car_11_Gas,Car_11_Gas,Car_11_Gas,WALK,0.9361327969157645,,,-9.0,2out_0in,othmaint
114741,2294,shopping,1,1,1,1,non_mandatory,1,2465.0,1170.0,902,20.0,20.0,0.0,,,-9.0,741.0,,False,True,11.102731494556943,Car_11_Gas,Car_11_Gas,Car_11_Gas,WALK,1.126496673447175,,,-9.0,0out_0in,shopping
114769,2295,shopping,1,1,1,1,joint,2,6227.0,1170.0,903,17.0,20.0,3.0,,,-9.0,651.0,adults,False,True,11.974447629906894,Pickup_20_Gas,Pickup_20_Gas,Pickup_20_Gas,SHARED2,-1.1631123248041653,Pickup_20_Gas,,-9.0,3out_0in,shopping
114804,2296,eat,1,1,1,1,atwork,1,18912.0,18272.0,903,21.0,25.0,4.0,,,-9.0,774.0,,,,2.654925157204074,,,,SHARED3,-7.644725875390656,Pickup_20_Gas,,114848.0,0out_1in,atwork
114825,2296,othdiscr,1,1,2,2,non_mandatory,1,7211.0,1170.0,903,8.0,9.0,1.0,,,-9.0,316.0,,False,True,13.33678478019634,Pickup_20_Gas,Pickup_20_Gas,Pickup_20_Gas,SHARED2,-2.6351903456872066,Pickup_20_Gas,,-9.0,0out_2in,othdiscr
114848,2296,work,1,1,1,2,mandatory,1,18272.0,1170.0,903,21.0,26.0,5.0,,,-9.0,775.0,,,,-9.0,Pickup_20_Gas,Pickup_20_Gas,Pickup_20_Gas,DRIVEALONE,-3.2236167573564427,Pickup_20_Gas,eat,-9.0,0out_0in,work
114945,2298,social,1,1,3,3,non_mandatory,1,23969.0,1170.0,904,12.0,15.0,3.0,,,-9.0,476.0,,False,True,14.673798283354529,Pickup_16_Gas,Van_7_Gas,Van_7_Gas,SHARED2,-1.2173554287236588,Van_7_Gas,,-9.0,2out_0in,social
114948,2298,work,2,1,1,3,mandatory,1,8216.0,1170.0,904,18.0,33.0,15.0,,,-9.0,695.0,,,,-9.0,Van_7_Gas,Pickup_16_Gas,Van_7_Gas,DRIVEALONE,-0.6305022181207733,Van_7_Gas,no_subtours,-9.0,0out_0in,work
114949,2298,work,2,2,2,3,mandatory,1,8216.0,1170.0,904,36.0,42.0,6.0,,,-9.0,1091.0,,,,-9.0,Van_7_Gas,Pickup_16_Gas,Van_7_Gas,SHARED3,-0.6293692533033479,Van_7_Gas,no_subtours,-9.0,0out_0in,work
114956,2299,eatout,1,1,2,3,non_mandatory,1,1170.0,1170.0,904,27.0,36.0,9.0,,,-9.0,932.0,,False,True,15.805439734486956,Pickup_16_Gas,Van_7_Gas,Pickup_16_Gas,WALK,0.7080991343627088,,,-9.0,0out_2in,eatout
114975,2299,othdiscr,1,1,3,3,non_mandatory,1,1170.0,1170.0,904,12.0,16.0,4.0,,,-9.0,477.0,,False,True,14.98267777416302,Van_7_Gas,Van_7_Gas,Van_7_Gas,DRIVEALONE,0.7842291360006928,Van_7_Gas,,-9.0,1out_0in,othdiscr
114979,2299,othmaint,1,1,1,3,non_mandatory,1,627.0,1170.0,904,16.0,20.0,4.0,,,-9.0,619.0,,False,True,12.118943982470263,Van_7_Gas,Van_7_Gas,Van_7_Gas,WALK_PRM,-4.792061098534182,,,-9.0,0out_1in,othmaint
115025,2300,othdiscr,1,1,1,1,non_mandatory,1,1170.0,1170.0,904,15.0,24.0,9.0,,,-9.0,590.0,,False,True,15.380319383410724,Pickup_16_Gas,Van_7_Gas,Van_7_Gas,SHARED2,0.177836275816849,Van_7_Gas,,-9.0,1out_0in,othdiscr
115098,2301,work,1,1,1,1,mandatory,1,2465.0,1170.0,905,6.0,28.0,22.0,,,-9.0,252.0,,,,-9.0,Car_20_Gas,Car_20_Gas,Car_20_Gas,DRIVEALONE,-0.7898905466422541,Car_20_Gas,no_subtours,-9.0,1out_0in,work
115125,2302,othdiscr,1,1,2,2,non_mandatory,1,18531.0,1217.0,906,10.0,15.0,5.0,,,-9.0,401.0,,False,True,13.051598870475832,Pickup_16_Gas,Pickup_16_Gas,Pickup_16_Gas,DRIVEALONE,-0.6007215941296963,Pickup_16_Gas,,-9.0,0out_1in,othdiscr
115141,2302,shopping,1,1,1,2,non_mandatory,1,23876.0,1217.0,906,21.0,24.0,3.0,,,-9.0,773.0,,False,True,10.08255590479232,Pickup_16_Gas,Pickup_16_Gas,Pickup_16_Gas,WALK,0.6756869856340576,,,-9.0,0out_0in,shopping
115156,2303,eatout,1,1,1,1,non_mandatory,1,1217.0,1217.0,907,14.0,15.0,1.0,,,-9.0,547.0,,False,True,14.945776515366552,SUV_12_Gas,Car_9_Gas,SUV_12_Gas,WALK,1.848443758170752,,,-9.0,0out_0in,eatout
115275,2305,othdiscr,1,1,3,3,non_mandatory,1,9901.0,1217.0,908,17.0,21.0,4.0,,,-9.0,652.0,,False,True,13.803951777118098,SUV_5_Gas,SUV_5_Gas,SUV_5_Gas,DRIVEALONE,-0.1802053495528442,SUV_5_Gas,,-9.0,0out_1in,othdiscr
115279,2305,othmaint,2,1,1,3,non_mandatory,1,23679.0,1217.0,908,10.0,17.0,7.0,,,-9.0,403.0,,False,True,11.588166901519866,SUV_5_Gas,SUV_5_Gas,SUV_5_Gas,DRIVEALONE,-2.956018860461394,SUV_5_Gas,,-9.0,0out_1in,othmaint
115280,2305,othmaint,2,2,2,3,non_mandatory,1,13129.0,1217.0,908,28.0,30.0,2.0,,,-9.0,947.0,,False,True,11.599088664643316,SUV_5_Gas,SUV_5_Gas,SUV_5_Gas,DRIVEALONE,0.1386268256507437,SUV_5_Gas,,-9.0,1out_1in,othmaint
115329,2306,othmaint,1,1,1,1,non_mandatory,1,9901.0,1217.0,908,19.0,20.0,1.0,,,-9.0,712.0,,False,True,12.306632668778064,SUV_5_Gas,SUV_5_Gas,SUV_5_Gas,WALK,0.1968752365157894,,,-9.0,3out_3in,othmaint
115391,2307,shopping,2,1,1,2,non_mandatory,1,23056.0,1217.0,908,24.0,25.0,1.0,,,-9.0,852.0,,False,True,10.326653222537336,SUV_5_Gas,SUV_5_Gas,SUV_5_Gas,DRIVEALONE,-2.664295041373358,SUV_5_Gas,,-9.0,0out_0in,shopping
115392,2307,shopping,2,2,2,2,non_mandatory,1,23883.0,1217.0,908,18.0,22.0,4.0,,,-9.0,684.0,,False,True,10.1674309529607,SUV_5_Gas,SUV_5_Gas,SUV_5_Gas,DRIVEALONE,-1.2407778230490476,SUV_5_Gas,,-9.0,2out_0in,shopping
115409,2308,escort,6,6,6,9,non_mandatory,1,611.0,1217.0,909,26.0,26.0,0.0,,,-9.0,900.0,,False,True,13.365329368270649,Pickup_15_Gas,Pickup_15_Gas,SUV_14_Gas,SHARED3,-0.3600786638920604,SUV_14_Gas,,-9.0,0out_0in,escort
115425,2308,othdiscr,1,1,9,9,non_mandatory,1,9899.0,1217.0,909,33.0,33.0,0.0,,,-9.0,1040.0,,False,True,14.21582556695953,Pickup_15_Gas,Pickup_15_Gas,Pickup_15_Gas,WALK,1.9967582138068116,,,-9.0,0out_0in,othdiscr
115429,2308,othmaint,2,1,7,9,non_mandatory,1,24333.0,1217.0,909,14.0,18.0,4.0,,,-9.0,550.0,,True,False,8.272372775167664,SUV_14_Gas,Pickup_15_Gas,SUV_14_Gas,SHARED3,-3.9000476431955455,SUV_14_Gas,,-9.0,2out_0in,othmaint
115430,2308,othmaint,2,2,8,9,non_mandatory,1,2465.0,1217.0,909,14.0,14.0,0.0,,,-9.0,546.0,,False,True,12.507461583876005,Pickup_20_Gas,Pickup_20_Gas,SUV_14_Gas,WALK,0.3366538601422023,,,-9.0,0out_0in,othmaint
115435,2308,escort,6,1,1,9,non_mandatory,1,7004.0,1217.0,909,9.0,9.0,0.0,pure_escort,,1.0,356.0,,False,True,-9.0,SUV_14_Gas,Pickup_20_Gas,SUV_14_Gas,SHARED2,0.163962872638733,Pickup_20_Gas,,-9.0,0out_0in,escort
115436,2308,escort,6,2,2,9,non_mandatory,1,7211.0,1217.0,909,11.0,11.0,0.0,pure_escort,,2.0,435.0,,False,True,-9.0,Pickup_15_Gas,SUV_14_Gas,SUV_14_Gas,SHARED3,0.5343100226643898,SUV_14_Gas,,-9.0,1out_0in,escort
115437,2308,escort,6,3,3,9,non_mandatory,1,7004.0,1217.0,909,24.0,24.0,0.0,,pure_escort,1.0,851.0,,False,True,-9.0,SUV_14_Gas,SUV_14_Gas,SUV_14_Gas,WALK,0.1658204080300476,,,-9.0,0out_0in,escort
115438,2308,escort,6,4,4,9,non_mandatory,1,4962.0,1217.0,909,28.0,28.0,0.0,,pure_escort,1.0,945.0,,False,True,-9.0,Pickup_20_Gas,SUV_14_Gas,Pickup_20_Gas,SHARED3,0.7068704862078125,Pickup_20_Gas,,-9.0,0out_0in,escort
115439,2308,escort,6,5,5,9,non_mandatory,1,7211.0,1217.0,909,29.0,29.0,0.0,,pure_escort,1.0,966.0,,False,True,-9.0,Pickup_15_Gas,SUV_14_Gas,SUV_14_Gas,SHARED2,0.6509812367056277,SUV_14_Gas,,-9.0,0out_0in,escort
115483,2309,school,1,1,1,1,mandatory,1,7004.0,1217.0,909,9.0,26.0,17.0,,,-9.0,373.0,,,,-9.0,SUV_14_Gas,SUV_14_Gas,SUV_14_Gas,WALK,2.461792825958212,,,-9.0,1out_0in,school
115533,2310,school,1,1,1,1,mandatory,1,7004.0,1217.0,909,9.0,24.0,15.0,pure_escort,pure_escort,-9.0,371.0,,,,-9.0,SUV_14_Gas,SUV_14_Gas,Pickup_20_Gas,WALK,5.451057062613756,,,-9.0,0out_0in,school
115633,2312,school,1,1,1,1,mandatory,1,7211.0,1217.0,909,11.0,29.0,19.0,pure_escort,pure_escort,-9.0,453.0,,,,-9.0,SUV_14_Gas,SUV_14_Gas,SUV_14_Gas,SHARED2,3.9255970801698368,SUV_14_Gas,,-9.0,1out_0in,school
115656,2313,eatout,1,1,2,2,non_mandatory,1,9898.0,1217.0,909,28.0,33.0,5.0,,,-9.0,950.0,,False,True,17.01990433461579,SUV_14_Gas,Pickup_15_Gas,Pickup_15_Gas,WALK,4.174535750017052,,,-9.0,0out_1in,eatout
115683,2313,school,1,1,1,2,mandatory,1,4962.0,1217.0,909,11.0,28.0,17.0,pure_escort,pure_escort,-9.0,452.0,,,,-9.0,Pickup_15_Gas,Pickup_15_Gas,SUV_14_Gas,SHARED3,6.243859621546652,SUV_14_Gas,,-9.0,0out_0in,school
115709,2314,escort,1,1,1,2,non_mandatory,1,5573.0,1217.0,910,10.0,10.0,0.0,,,-9.0,396.0,,False,True,13.095807920884686,Car_11_Gas,Car_11_Gas,Car_11_Gas,DRIVEALONE,-0.514756679088249,Car_11_Gas,,-9.0,3out_0in,escort
115729,2314,othmaint,1,1,2,2,non_mandatory,1,9901.0,1217.0,910,12.0,16.0,4.0,,,-9.0,477.0,,False,True,11.759897118053658,Car_11_Gas,Car_11_Gas,Car_11_Gas,WALK,-0.0279130560254846,,,-9.0,0out_0in,othmaint
115825,2316,othdiscr,1,1,1,1,non_mandatory,1,9898.0,1217.0,912,32.0,44.0,12.0,,,-9.0,1035.0,,False,True,13.753601257214546,Car_9_Gas,Car_9_Gas,Pickup_2_Gas,WALK,1.4981740953121674,,,-9.0,0out_0in,othdiscr
115898,2317,work,1,1,1,1,mandatory,1,24333.0,1217.0,913,8.0,28.0,20.0,,,-9.0,335.0,,,,-9.0,SUV_4_Gas,non_hh_veh,Car_20_Gas,SHARED2,-2.6819123221397456,non_hh_veh,no_subtours,-9.0,1out_0in,work
115909,2318,escort,1,1,2,3,non_mandatory,1,4962.0,1217.0,913,27.0,30.0,3.0,,,-9.0,926.0,,False,True,13.1607015701185,Car_20_Gas,SUV_4_Gas,SUV_4_Gas,WALK,0.974677238156736,,,-9.0,0out_0in,escort
115929,2318,othmaint,1,1,3,3,non_mandatory,1,3366.0,1217.0,913,25.0,25.0,0.0,,,-9.0,876.0,,False,True,10.035545790662162,SUV_4_Gas,SUV_4_Gas,Car_20_Gas,WALK,1.4949788258040797,,,-9.0,0out_0in,othmaint
115933,2318,school,1,1,1,3,mandatory,1,5313.0,1217.0,913,9.0,19.0,10.0,,,-9.0,366.0,,,,-9.0,SUV_4_Gas,SUV_4_Gas,SUV_4_Gas,WALK,2.5205182910392274,,,-9.0,0out_0in,univ
115954,2319,eat,1,1,1,1,atwork,1,18973.0,18973.0,914,23.0,23.0,0.0,,,-9.0,825.0,,,,6.437533327252589,,,,DRIVEALONE,0.2747635108682237,SUV_7_Gas,,115998.0,0out_0in,atwork
115998,2319,work,1,1,1,1,mandatory,1,18973.0,1217.0,914,22.0,47.0,25.0,,,-9.0,823.0,,,,-9.0,SUV_7_Gas,SUV_7_Gas,SUV_7_Gas,DRIVEALONE,-3.0566188580212303,SUV_7_Gas,eat,-9.0,0out_2in,work
116025,2320,othdiscr,1,1,2,2,non_mandatory,1,4962.0,1217.0,914,31.0,37.0,6.0,,,-9.0,1011.0,,False,True,13.5311992755338,SUV_7_Gas,SUV_7_Gas,SUV_7_Gas,SHARED2,0.8683801187896607,SUV_7_Gas,,-9.0,0out_1in,othdiscr
116029,2320,othmaint,1,1,1,2,non_mandatory,1,8826.0,1217.0,914,13.0,26.0,13.0,,,-9.0,523.0,,False,True,12.473602960899848,SUV_7_Gas,SUV_7_Gas,SUV_7_Gas,SHARED2,0.8426801762405272,SUV_7_Gas,,-9.0,0out_2in,othmaint
116056,2321,eatout,1,1,1,2,non_mandatory,1,359.0,1217.0,915,35.0,35.0,0.0,,,-9.0,1071.0,,False,True,14.301061129143145,Car_7_Gas,Car_7_Gas,Car_7_Gas,DRIVEALONE,0.9060538961704228,Car_7_Gas,,-9.0,0out_0in,eatout
116075,2321,othdiscr,1,1,2,2,non_mandatory,1,23263.0,1217.0,915,29.0,35.0,6.0,,,-9.0,972.0,,False,True,13.315300964368545,Car_7_Gas,Car_7_Gas,Car_7_Gas,WALK,-0.8194763366239427,,,-9.0,0out_0in,othdiscr
116113,2322,eatout,1,1,1,2,joint,2,9898.0,1217.0,916,33.0,34.0,1.0,,,-9.0,1041.0,adults,False,True,14.76256355297218,Car_6_Gas,Car_2_Gas,SUV_12_Gas,WALK,0.3024992177213467,,,-9.0,0out_0in,eatout
116141,2322,shopping,1,1,2,2,non_mandatory,1,1562.0,1217.0,916,19.0,23.0,4.0,,,-9.0,715.0,,False,True,10.7549356920547,Car_2_Gas,Car_6_Gas,SUV_12_Gas,SHARED2,0.116204140701466,Car_6_Gas,,-9.0,0out_0in,shopping
116159,2323,escort,1,1,1,1,non_mandatory,1,3579.0,1217.0,916,23.0,24.0,1.0,,,-9.0,826.0,,False,True,12.508936337545602,Car_2_Gas,SUV_12_Gas,Car_6_Gas,WALK,0.0467143886835921,,,-9.0,0out_0in,escort
116254,2325,eat,1,1,1,1,atwork,1,18801.0,16424.0,917,19.0,20.0,1.0,,,-9.0,712.0,,,,6.8560648018649895,,,,DRIVEALONE,-2.356544575422081,SUV_15_Gas,,116298.0,0out_0in,atwork
116298,2325,work,1,1,1,1,mandatory,1,16424.0,1217.0,917,5.0,28.0,23.0,,,-9.0,209.0,,,,-9.0,SUV_15_Gas,Car_20_Gas,SUV_15_Gas,DRIVEALONE,-1.7072576103506305,SUV_15_Gas,eat,-9.0,0out_0in,work
116371,2327,social,1,1,2,2,joint,2,1548.0,1217.0,918,37.0,37.0,0.0,,,-9.0,1098.0,adults,False,True,13.986412217635133,Pickup_5_Gas,Pickup_5_Gas,Pickup_5_Gas,SHARED2,0.0736394244821934,Pickup_5_Gas,,-9.0,0out_0in,social
116398,2327,work,1,1,1,2,mandatory,1,18950.0,1217.0,918,10.0,32.0,22.0,,,-9.0,418.0,,,,-9.0,Pickup_5_Gas,Pickup_5_Gas,Car_8_Gas,DRIVEALONE,-1.975326894856306,Pickup_5_Gas,no_subtours,-9.0,0out_0in,work
116448,2328,work,1,1,1,1,mandatory,1,24331.0,1217.0,918,7.0,35.0,28.0,,,-9.0,301.0,,,,-9.0,Car_8_Gas,Pickup_5_Gas,Pickup_5_Gas,DRIVEALONE,-6.185393428555928,Car_8_Gas,no_subtours,-9.0,0out_0in,work
116529,2330,othmaint,1,1,1,1,non_mandatory,1,23560.0,1217.0,920,16.0,45.0,29.0,,,-9.0,644.0,,False,True,11.999807144784723,SUV_8_Gas,SUV_8_Gas,Pickup_13_Gas,DRIVEALONE,-0.582628691635319,SUV_8_Gas,,-9.0,3out_3in,othmaint
116579,2331,othmaint,1,1,1,1,non_mandatory,1,11186.0,1217.0,920,21.0,29.0,8.0,,,-9.0,778.0,,False,True,11.568583604770897,Pickup_13_Gas,Pickup_13_Gas,Pickup_13_Gas,WALK,0.0544795756231932,,,-9.0,0out_0in,othmaint
116648,2332,work,1,1,1,1,mandatory,1,23069.0,1217.0,921,10.0,32.0,22.0,,,-9.0,418.0,,,,-9.0,Car_9_Gas,SUV_15_Gas,SUV_15_Gas,DRIVEALONE,-3.779660398627333,Car_9_Gas,no_subtours,-9.0,1out_0in,work
116685,2333,escort,4,1,2,6,non_mandatory,1,23872.0,1217.0,921,10.0,10.0,0.0,pure_escort,,1.0,396.0,,False,True,-9.0,Car_9_Gas,SUV_15_Gas,SUV_15_Gas,SHARED3,0.2616716462076767,SUV_15_Gas,,-9.0,0out_0in,escort
116686,2333,escort,4,2,3,6,non_mandatory,1,18906.0,1217.0,921,11.0,11.0,0.0,pure_escort,,1.0,435.0,,False,True,-9.0,SUV_15_Gas,SUV_15_Gas,Car_9_Gas,SHARED3,-2.042516223308469,Car_9_Gas,,-9.0,0out_3in,escort
116687,2333,escort,4,3,4,6,non_mandatory,1,4962.0,1217.0,921,11.0,12.0,1.0,pure_escort,,1.0,436.0,,False,True,-9.0,SUV_15_Gas,Car_9_Gas,Car_9_Gas,SHARED3,1.093127425710129,Car_9_Gas,,-9.0,0out_0in,escort
116688,2333,escort,4,4,5,6,non_mandatory,1,23872.0,1217.0,921,36.0,38.0,2.0,,pure_escort,1.0,1087.0,,False,True,-9.0,SUV_15_Gas,Car_9_Gas,SUV_15_Gas,SHARED3,0.2765601938466629,SUV_15_Gas,,-9.0,0out_0in,escort
116691,2333,shopping,1,1,6,6,non_mandatory,1,12534.0,1217.0,921,17.0,18.0,1.0,,,-9.0,649.0,,False,True,9.854776456223894,Car_9_Gas,Car_9_Gas,SUV_15_Gas,SHARED3,0.8449368975621177,SUV_15_Gas,,-9.0,0out_0in,shopping
116698,2333,work,1,1,1,6,mandatory,1,12534.0,1217.0,921,20.0,32.0,12.0,,,-9.0,753.0,,,,-9.0,Car_9_Gas,Car_9_Gas,SUV_15_Gas,DRIVEALONE,-1.0120105215815982,Car_9_Gas,no_subtours,-9.0,0out_0in,work
116733,2334,school,1,1,1,1,mandatory,1,23872.0,1217.0,921,10.0,38.0,28.0,pure_escort,pure_escort,-9.0,424.0,,,,-9.0,Car_9_Gas,Car_9_Gas,SUV_15_Gas,SHARED3,0.7739378378079229,SUV_15_Gas,,-9.0,0out_0in,school
116783,2335,school,1,1,1,1,mandatory,1,4962.0,1217.0,921,11.0,25.0,14.0,pure_escort,,-9.0,449.0,,,,-9.0,non_hh_veh,SUV_15_Gas,SUV_15_Gas,SHARED3,5.338435884445579,SUV_15_Gas,,-9.0,0out_1in,school
116833,2336,school,1,1,1,1,mandatory,1,18906.0,1217.0,921,11.0,26.0,15.0,pure_escort,,-9.0,450.0,,,,-9.0,SUV_15_Gas,SUV_15_Gas,Car_9_Gas,SHARED3,-1.468926785008244,Car_9_Gas,,-9.0,0out_0in,school
117004,2340,eat,1,1,1,1,atwork,1,2465.0,2465.0,922,18.0,21.0,3.0,,,-9.0,683.0,,,,7.949738451390339,,,,SHARED3,0.1772691822511168,Pickup_11_Gas,,117048.0,1out_0in,atwork
117048,2340,work,1,1,1,1,mandatory,1,2465.0,1217.0,922,8.0,35.0,27.0,,,-9.0,342.0,,,,-9.0,Pickup_11_Gas,Pickup_11_Gas,Pickup_11_Gas,DRIVEALONE,-0.8130768247320624,Pickup_11_Gas,eat,-9.0,0out_1in,work
117075,2341,othdiscr,1,1,4,4,non_mandatory,1,16253.0,1217.0,922,31.0,37.0,6.0,,,-9.0,1011.0,,False,True,12.46120974618419,Pickup_11_Gas,Pickup_11_Gas,Pickup_11_Gas,SHARED2,-0.8748849291929842,Pickup_11_Gas,,-9.0,0out_0in,othdiscr
117085,2341,escort,2,1,2,4,non_mandatory,1,15288.0,1217.0,922,22.0,23.0,1.0,,pure_escort,1.0,799.0,,False,True,-9.0,Pickup_11_Gas,Pickup_11_Gas,Pickup_11_Gas,SHARED2,-4.291784338844511,Pickup_11_Gas,,-9.0,0out_0in,escort
117086,2341,escort,2,2,3,4,non_mandatory,1,23265.0,1217.0,922,23.0,25.0,2.0,,pure_escort,1.0,827.0,,False,True,-9.0,Pickup_11_Gas,Pickup_11_Gas,Pickup_11_Gas,SHARED3,-0.999084477306119,Pickup_11_Gas,,-9.0,0out_0in,escort
117098,2341,work,1,1,1,4,mandatory,1,23860.0,1217.0,922,10.0,21.0,12.0,ride_share,,1.0,407.0,,,,-9.0,Pickup_11_Gas,Pickup_11_Gas,Pickup_11_Gas,SHARED3,-1.5597183066438407,Pickup_11_Gas,no_subtours,-9.0,1out_0in,work
117109,2342,escort,2,1,2,3,non_mandatory,1,12534.0,1217.0,922,26.0,27.0,1.0,,,-9.0,901.0,,False,True,14.077482994252671,Pickup_11_Gas,Pickup_11_Gas,Pickup_11_Gas,WALK,0.5645548440221496,,,-9.0,0out_1in,escort
117110,2342,escort,2,2,3,3,non_mandatory,1,23860.0,1217.0,922,28.0,32.0,4.0,,,-9.0,949.0,,False,True,14.05081358856022,Pickup_11_Gas,Pickup_11_Gas,Pickup_11_Gas,WALK,1.2052668452907265,,,-9.0,0out_0in,escort
117133,2342,school,1,1,1,3,mandatory,1,16377.0,1217.0,922,9.0,24.0,15.0,,,-9.0,371.0,,,,-9.0,Pickup_11_Gas,Pickup_11_Gas,Pickup_11_Gas,SHARED3,-1.3172352134276863,Pickup_11_Gas,,-9.0,1out_0in,school
117159,2343,escort,1,1,2,2,non_mandatory,1,2574.0,1217.0,922,10.0,10.0,0.0,,,-9.0,396.0,,False,True,14.238618887693711,Pickup_11_Gas,Pickup_11_Gas,Pickup_11_Gas,WALK,1.705418300225073,,,-9.0,0out_0in,escort
117183,2343,school,1,1,1,2,mandatory,1,15484.0,1217.0,922,10.0,25.0,15.0,,,-9.0,411.0,,,,-9.0,Pickup_11_Gas,Pickup_11_Gas,Pickup_11_Gas,SHARED3,-3.3036050078943577,Pickup_11_Gas,,-9.0,1out_0in,school
117233,2344,school,1,1,1,1,mandatory,1,11793.0,1217.0,922,10.0,27.0,17.0,pure_escort,pure_escort,-9.0,413.0,,,,-9.0,Pickup_11_Gas,Pickup_11_Gas,Pickup_11_Gas,SHARED3,5.0340996883813,Pickup_11_Gas,,-9.0,0out_0in,school
117259,2345,escort,1,1,2,2,non_mandatory,1,9901.0,1217.0,922,26.0,28.0,2.0,,,-9.0,902.0,,False,True,13.655091769828198,Pickup_11_Gas,Pickup_11_Gas,Pickup_11_Gas,WALK,0.7714886563182375,,,-9.0,0out_0in,escort
117283,2345,school,1,1,1,2,mandatory,1,15288.0,1217.0,922,10.0,23.0,14.0,pure_escort,pure_escort,-9.0,409.0,,,,-9.0,Pickup_11_Gas,Pickup_11_Gas,Pickup_11_Gas,SHARED2,-2.906613642708169,Pickup_11_Gas,,-9.0,1out_0in,school
117333,2346,school,1,1,1,1,mandatory,1,23265.0,1217.0,922,10.0,25.0,15.0,ride_share,pure_escort,-9.0,411.0,,,,-9.0,Pickup_11_Gas,Pickup_11_Gas,Pickup_11_Gas,SHARED3,2.356575016552167,Pickup_11_Gas,,-9.0,0out_0in,school
117359,2347,escort,3,3,3,3,non_mandatory,1,7004.0,1217.0,922,8.0,9.0,1.0,,,-9.0,316.0,,False,True,12.972112237059775,Pickup_11_Gas,Pickup_11_Gas,Pickup_11_Gas,DRIVEALONE,-0.3160053320504457,Pickup_11_Gas,,-9.0,1out_2in,escort
117385,2347,escort,3,1,1,3,non_mandatory,1,15288.0,1217.0,922,10.0,11.0,1.0,pure_escort,,2.0,397.0,,False,True,-9.0,Pickup_11_Gas,Pickup_11_Gas,Pickup_11_Gas,SHARED3,-7.921793579276432,Pickup_11_Gas,,-9.0,1out_2in,escort
117386,2347,escort,3,2,2,3,non_mandatory,1,11793.0,1217.0,922,26.0,27.0,1.0,,pure_escort,1.0,901.0,,False,True,-9.0,Pickup_11_Gas,Pickup_11_Gas,Pickup_11_Gas,SHARED3,-1.7176055649395248,Pickup_11_Gas,,-9.0,0out_0in,escort
117441,2348,shopping,1,1,1,1,non_mandatory,1,9901.0,1217.0,923,13.0,14.0,1.0,,,-9.0,511.0,,False,True,9.915775539984368,Car_20_Gas,Car_20_Gas,Car_20_Gas,DRIVEALONE,-0.91538271129988,Car_20_Gas,,-9.0,2out_0in,shopping
117475,2349,othdiscr,2,1,1,2,non_mandatory,1,2634.0,1217.0,923,25.0,27.0,2.0,,,-9.0,878.0,,False,True,13.411770516635237,Car_2_Gas,Car_2_Gas,Car_2_Gas,WALK,1.3831360065609135,,,-9.0,0out_2in,othdiscr
117476,2349,othdiscr,2,2,2,2,non_mandatory,1,16273.0,1217.0,923,15.0,18.0,3.0,,,-9.0,584.0,,False,True,13.137782904284746,Car_2_Gas,Car_2_Gas,Car_2_Gas,DRIVEALONE,-0.5932954992480926,Car_2_Gas,,-9.0,0out_2in,othdiscr
117504,2350,eat,1,1,1,1,atwork,1,19278.0,19278.0,924,20.0,21.0,1.0,,,-9.0,742.0,,,,5.932836308551546,,,,DRIVEALONE,0.3352371984740684,Car_5_Gas,,117548.0,0out_0in,atwork
117548,2350,work,1,1,1,1,mandatory,1,19278.0,1217.0,924,10.0,32.0,22.0,,,-9.0,418.0,,,,-9.0,Car_5_Gas,Car_5_Gas,Car_5_Gas,DRIVEALONE,-3.105252113385448,Car_5_Gas,eat,-9.0,0out_2in,work
117579,2351,othmaint,1,1,1,1,non_mandatory,1,23074.0,1217.0,924,18.0,23.0,5.0,,,-9.0,685.0,,False,True,11.222437789486452,Car_5_Gas,Car_5_Gas,Car_5_Gas,SHARED3,-2.16686305676818,Car_5_Gas,,-9.0,0out_0in,othmaint
117641,2352,shopping,1,1,1,1,non_mandatory,1,9901.0,1217.0,925,26.0,29.0,3.0,,,-9.0,903.0,,False,True,10.013768907146233,Pickup_9_Gas,Pickup_9_Gas,SUV_18_Gas,WALK,-0.7094070511040471,,,-9.0,0out_0in,shopping
117733,2354,school,1,1,1,1,mandatory,1,7211.0,1217.0,926,9.0,24.0,15.0,,,-9.0,371.0,,,,-9.0,Van_10_Gas,Van_10_Gas,Van_10_Gas,WALK,2.959887043166907,,,-9.0,1out_0in,school
117783,2355,school,1,1,1,1,mandatory,1,4962.0,1217.0,926,10.0,25.0,15.0,,,-9.0,411.0,,,,-9.0,Van_10_Gas,Van_10_Gas,Van_10_Gas,WALK,6.561677088520757,,,-9.0,1out_0in,school
117833,2356,school,1,1,1,1,mandatory,1,16377.0,1217.0,926,12.0,27.0,15.0,,,-9.0,488.0,,,,-9.0,Van_10_Gas,Van_10_Gas,Van_10_Gas,BIKE,-1.942933874156756,,,-9.0,0out_3in,school
117998,2359,work,1,1,1,1,mandatory,1,16108.0,1217.0,927,8.0,30.0,22.0,,,-9.0,337.0,,,,-9.0,Car_16_Gas,Van_7_Gas,Car_16_Gas,DRIVEALONE,-1.661423375468161,Car_16_Gas,no_subtours,-9.0,0out_0in,work
118348,2366,work,1,1,1,1,mandatory,1,12314.0,1217.0,930,8.0,33.0,25.0,,,-9.0,340.0,,,,-9.0,Car_11_Gas,Car_11_Gas,Van_19_Gas,DRIVEALONE,-7.094730771934548,Car_11_Gas,no_subtours,-9.0,0out_0in,work
118379,2367,othmaint,1,1,2,2,non_mandatory,1,13596.0,1217.0,931,21.0,24.0,3.0,,,-9.0,773.0,,False,True,10.014322818367114,Car_6_Gas,Car_6_Gas,Car_6_Gas,DRIVEALONE,-3.381383609428096,Car_6_Gas,,-9.0,0out_0in,othmaint
118391,2367,shopping,1,1,1,2,non_mandatory,1,23860.0,1217.0,931,13.0,14.0,1.0,,,-9.0,511.0,,False,True,8.859224041672288,Car_6_Gas,Car_6_Gas,Car_6_Gas,DRIVEALONE,-0.038239976788803,Car_6_Gas,,-9.0,3out_3in,shopping
118409,2368,escort,1,1,1,2,non_mandatory,1,1217.0,1217.0,932,24.0,27.0,3.0,,,-9.0,854.0,,False,True,13.099872911957991,Pickup_20_Gas,Pickup_20_Gas,Pickup_20_Gas,DRIVEALONE,0.3109973995963231,Pickup_20_Gas,,-9.0,0out_1in,escort
118425,2368,othdiscr,1,1,2,2,non_mandatory,1,9898.0,1217.0,932,31.0,34.0,3.0,,,-9.0,1008.0,,False,True,14.420694125777953,Pickup_20_Gas,Pickup_20_Gas,Pickup_20_Gas,WALK,1.5847886904481443,,,-9.0,0out_0in,othdiscr
118504,2370,eat,1,1,1,1,atwork,1,15952.0,15297.0,934,18.0,20.0,2.0,,,-9.0,682.0,,,,5.460521314505945,,,,WALK,-0.3075160061997912,,,118548.0,0out_0in,atwork
118548,2370,work,1,1,1,1,mandatory,1,15297.0,1217.0,934,7.0,27.0,20.0,,,-9.0,293.0,,,,-9.0,SUV_7_Gas,Car_1_Hybrid,Car_1_Hybrid,BIKE,-8.653356172360446,,eat,-9.0,0out_0in,work
118575,2371,othdiscr,1,1,2,2,non_mandatory,1,1983.0,1217.0,934,12.0,13.0,1.0,,,-9.0,474.0,,False,True,13.788059818842289,Car_1_Hybrid,SUV_7_Gas,Car_1_Hybrid,DRIVEALONE,-0.4734630771415775,Car_1_Hybrid,,-9.0,0out_0in,othdiscr
118579,2371,othmaint,1,1,1,2,non_mandatory,1,19082.0,1217.0,934,19.0,31.0,12.0,,,-9.0,723.0,,False,True,11.151410379007816,Car_1_Hybrid,SUV_7_Gas,Car_1_Hybrid,DRIVEALONE,-2.9603956441931945,Car_1_Hybrid,,-9.0,2out_0in,othmaint
118625,2372,othdiscr,2,1,1,2,non_mandatory,1,13460.0,1217.0,935,32.0,35.0,3.0,,,-9.0,1026.0,,False,True,13.695014569784552,Pickup_7_Gas,Pickup_7_Gas,Pickup_7_Gas,SHARED2,-1.165072851522603,Pickup_7_Gas,,-9.0,0out_3in,othdiscr
118626,2372,othdiscr,2,2,2,2,non_mandatory,1,13552.0,1217.0,935,17.0,25.0,8.0,,,-9.0,656.0,,False,True,13.701146895441164,Pickup_7_Gas,Pickup_7_Gas,Pickup_7_Gas,DRIVEALONE,-1.358978418344139,Pickup_7_Gas,,-9.0,0out_0in,othdiscr
118673,2373,maint,1,1,1,1,atwork,1,18462.0,1380.0,935,27.0,28.0,1.0,,,-9.0,924.0,,,,-1.0216070474826575,,,,DRIVEALONE,-3.400228728902281,Pickup_7_Gas,,118698.0,0out_0in,atwork
118683,2373,school,1,1,2,2,mandatory,1,5313.0,1217.0,935,40.0,40.0,0.0,,,-9.0,1131.0,,,,-9.0,Pickup_7_Gas,Pickup_7_Gas,Pickup_7_Gas,WALK,1.906478134287599,,,-9.0,3out_0in,univ
118698,2373,work,1,1,1,2,mandatory,1,1380.0,1217.0,935,6.0,36.0,30.0,,,-9.0,260.0,,,,-9.0,Pickup_7_Gas,Pickup_7_Gas,Pickup_7_Gas,DRIVEALONE,-2.3925157407199027,Pickup_7_Gas,maint,-9.0,0out_0in,work
118709,2374,escort,1,1,1,2,non_mandatory,1,23860.0,1217.0,936,16.0,16.0,0.0,,,-9.0,615.0,,False,True,13.167538936458454,Pickup_12_Gas,Pickup_12_Gas,Pickup_12_Gas,DRIVEALONE,-0.5413339407725386,Pickup_12_Gas,,-9.0,1out_1in,escort
118725,2374,othdiscr,1,1,2,2,non_mandatory,1,9898.0,1217.0,936,30.0,34.0,4.0,,,-9.0,990.0,,False,True,13.89808301696591,Pickup_12_Gas,Pickup_12_Gas,Pickup_12_Gas,WALK,1.609498474403118,,,-9.0,0out_0in,othdiscr
118775,2375,othdiscr,3,1,2,4,non_mandatory,1,7211.0,1217.0,936,20.0,23.0,3.0,,,-9.0,744.0,,False,True,13.00304453444505,SUV_20_Gas,SUV_20_Gas,SUV_20_Gas,DRIVEALONE,0.51119494896791,SUV_20_Gas,,-9.0,0out_1in,othdiscr
118776,2375,othdiscr,3,2,3,4,non_mandatory,1,9898.0,1217.0,936,16.0,19.0,3.0,,,-9.0,618.0,,False,True,14.200966809271346,Pickup_12_Gas,SUV_20_Gas,Pickup_12_Gas,WALK,1.5703699841203833,,,-9.0,0out_0in,othdiscr
118777,2375,othdiscr,3,3,4,4,non_mandatory,1,822.0,1217.0,936,30.0,36.0,6.0,,,-9.0,992.0,,False,True,13.00140357178356,Pickup_12_Gas,Pickup_12_Gas,SUV_20_Gas,WALK,0.2578454025384077,,,-9.0,0out_0in,othdiscr
118779,2375,othmaint,1,1,1,4,non_mandatory,1,16182.0,1217.0,936,24.0,29.0,5.0,,,-9.0,856.0,,False,True,10.805765062309575,SUV_20_Gas,Pickup_12_Gas,Pickup_12_Gas,DRIVEALONE,-5.008043670020416,SUV_20_Gas,,-9.0,0out_1in,othmaint
118829,2376,othmaint,1,1,3,3,non_mandatory,1,13127.0,1217.0,937,23.0,31.0,8.0,,,-9.0,833.0,,False,True,11.26953052966663,Car_12_Gas,SUV_20_Gas,SUV_20_Gas,WALK,0.9789946517792114,,,-9.0,0out_1in,othmaint
118841,2376,shopping,2,1,1,3,non_mandatory,1,2465.0,1217.0,937,16.0,17.0,1.0,,,-9.0,616.0,,False,True,10.997375927114128,Car_12_Gas,Car_20_Gas,Car_12_Gas,WALK,1.473255707998046,,,-9.0,0out_0in,shopping
118842,2376,shopping,2,2,2,3,non_mandatory,1,16206.0,1217.0,937,31.0,37.0,6.0,,,-9.0,1011.0,,False,True,10.765142109429071,SUV_20_Gas,Car_12_Gas,Car_12_Gas,BIKE,-1.2451294865786442,,,-9.0,0out_0in,shopping
118879,2377,othmaint,2,1,1,2,non_mandatory,1,13549.0,1217.0,937,18.0,21.0,3.0,,,-9.0,683.0,,False,True,10.5217039621592,Car_20_Gas,Car_12_Gas,Car_12_Gas,DRIVEALONE,0.8776912601505221,Car_20_Gas,,-9.0,2out_2in,othmaint
118880,2377,othmaint,2,2,2,2,non_mandatory,1,23262.0,1217.0,937,13.0,14.0,1.0,,,-9.0,511.0,,False,True,10.565765242979811,Car_20_Gas,Car_20_Gas,SUV_20_Gas,WALK,0.8638012957817722,,,-9.0,0out_0in,othmaint
118929,2378,othmaint,1,1,1,1,non_mandatory,1,2465.0,1217.0,937,19.0,46.0,27.0,,,-9.0,738.0,,False,True,10.745749954122765,SUV_20_Gas,Car_20_Gas,Car_12_Gas,WALK,1.683115254949516,,,-9.0,2out_0in,othmaint
118991,2379,shopping,1,1,1,1,non_mandatory,1,23883.0,1217.0,938,18.0,22.0,4.0,,,-9.0,684.0,,False,True,9.946848028454342,Car_2_Gas,Car_15_Gas,Car_15_Gas,DRIVEALONE,-0.4329983709588008,Car_2_Gas,,-9.0,0out_0in,shopping
119033,2380,school,2,1,1,2,mandatory,1,12534.0,1217.0,938,11.0,19.0,8.0,,,-9.0,443.0,,,,-9.0,Car_2_Gas,Car_2_Gas,Car_2_Gas,WALK,1.865631982861446,,,-9.0,0out_0in,univ
119034,2380,school,2,2,2,2,mandatory,1,12534.0,1217.0,938,19.0,29.0,10.0,,,-9.0,721.0,,,,-9.0,Car_15_Gas,Car_2_Gas,Car_2_Gas,WALK,1.8648471611716395,,,-9.0,1out_0in,univ
119098,2381,work,1,1,1,1,mandatory,1,10917.0,1217.0,938,5.0,31.0,26.0,,,-9.0,212.0,,,,-9.0,Car_2_Gas,Car_2_Gas,Car_2_Gas,DRIVEALONE,-1.883839403712163,Car_2_Gas,no_subtours,-9.0,0out_2in,work
119104,2382,eat,1,1,1,1,atwork,1,9901.0,23876.0,939,23.0,25.0,2.0,,,-9.0,827.0,,,,6.929918087446799,,,,WALK,-0.0600959238684026,Car_12_Gas,,119148.0,1out_1in,atwork
119106,2382,eatout,1,1,2,2,non_mandatory,1,18353.0,1217.0,939,17.0,21.0,4.0,,,-9.0,652.0,,False,True,14.119548667853788,Pickup_9_Gas,Pickup_9_Gas,Pickup_9_Gas,DRIVEALONE,-2.939499554013438,Pickup_9_Gas,,-9.0,0out_2in,eatout
119148,2382,work,1,1,1,2,mandatory,1,23876.0,1217.0,939,21.0,39.0,18.0,,,-9.0,788.0,,,,-9.0,Car_12_Gas,Car_12_Gas,Pickup_9_Gas,DRIVEALONE,-1.5813935834644124,Car_12_Gas,eat,-9.0,0out_0in,work
119198,2383,work,1,1,1,1,mandatory,1,19551.0,1217.0,939,10.0,31.0,21.0,,,-9.0,417.0,,,,-9.0,Car_12_Gas,Car_12_Gas,Pickup_9_Gas,DRIVEALONE,-3.863990814151789,Car_12_Gas,no_subtours,-9.0,0out_0in,work
119213,2384,eatout,1,1,2,2,joint,2,13006.0,1217.0,940,34.0,37.0,3.0,,,-9.0,1059.0,adults,False,True,13.27870014532456,Pickup_17_Gas,Pickup_17_Gas,non_hh_veh,SHARED2,-0.8050548334895011,Pickup_17_Gas,,-9.0,1out_0in,eatout
119233,2384,school,1,1,1,2,mandatory,1,19370.0,1217.0,940,9.0,34.0,25.0,,,-9.0,381.0,,,,-9.0,Car_20_Gas,Car_20_Gas,Pickup_17_Gas,DRIVEALONE,-5.013050305455254,Car_20_Gas,,-9.0,0out_1in,univ
119348,2386,work,1,1,1,1,mandatory,1,16010.0,1217.0,941,17.0,30.0,13.0,,,-9.0,661.0,,,,-9.0,Car_14_Gas,Car_20_Gas,Car_14_Gas,SHARED2,-2.790097795251586,Car_20_Gas,no_subtours,-9.0,0out_0in,work
119398,2387,work,2,1,1,2,mandatory,1,23061.0,1217.0,941,12.0,29.0,17.0,,,-9.0,490.0,,,,-9.0,Car_14_Gas,Car_14_Gas,Car_20_Gas,DRIVEALONE,-0.9176742818558528,Car_14_Gas,no_subtours,-9.0,0out_0in,work
119399,2387,work,2,2,2,2,mandatory,1,23061.0,1217.0,941,32.0,32.0,0.0,,,-9.0,1023.0,,,,-9.0,Car_14_Gas,Car_14_Gas,Car_14_Gas,DRIVEALONE,-0.8247805259321225,Car_14_Gas,no_subtours,-9.0,0out_0in,work
119429,2388,othmaint,2,1,1,2,non_mandatory,1,23883.0,1217.0,942,21.0,22.0,1.0,,,-9.0,771.0,,False,True,12.605652367114155,Car_20_Gas,Van_20_Gas,Car_20_Gas,DRIVEALONE,-0.5131148284223847,Car_20_Gas,,-9.0,3out_2in,othmaint
119430,2388,othmaint,2,2,2,2,non_mandatory,1,16313.0,1217.0,942,24.0,26.0,2.0,,,-9.0,853.0,,False,True,12.362785007707172,Car_20_Gas,Car_20_Gas,Car_20_Gas,DRIVEALONE,-1.4930743700374662,Car_20_Gas,,-9.0,1out_1in,othmaint
119459,2389,escort,1,1,1,2,non_mandatory,1,18401.0,1217.0,943,24.0,25.0,1.0,,,-9.0,852.0,,False,True,13.05319456296991,Pickup_20_Gas,Pickup_20_Gas,Pickup_20_Gas,DRIVEALONE,-7.566042723098487,Pickup_20_Gas,,-9.0,0out_1in,escort
119491,2389,shopping,1,1,2,2,non_mandatory,1,18525.0,1217.0,943,11.0,14.0,3.0,,,-9.0,438.0,,False,True,9.454984362367933,Pickup_20_Gas,Pickup_20_Gas,Pickup_20_Gas,BIKE,-5.77943222648645,,,-9.0,0out_0in,shopping
119533,2390,school,1,1,2,2,mandatory,1,23114.0,1217.0,944,31.0,38.0,7.0,,,-9.0,1012.0,,,,-9.0,Van_1_BEV,Van_1_BEV,Van_1_BEV,DRIVEALONE,-0.5154107494353589,Van_1_BEV,,-9.0,1out_0in,univ
119548,2390,work,1,1,1,2,mandatory,1,5691.0,1217.0,944,10.0,14.0,4.0,,,-9.0,400.0,,,,-9.0,Van_1_BEV,Van_1_BEV,Van_1_BEV,DRIVEALONE,-0.7911265513109558,Van_1_BEV,no_subtours,-9.0,0out_0in,work
119575,2391,othdiscr,1,1,1,1,non_mandatory,1,9899.0,1217.0,944,9.0,13.0,4.0,,,-9.0,360.0,,False,True,14.427969922280855,Van_1_BEV,Van_1_BEV,Van_1_BEV,SHARED2,1.1722717767842976,Van_1_BEV,,-9.0,3out_3in,othdiscr
119606,2392,eatout,1,1,1,1,non_mandatory,1,9904.0,1217.0,945,17.0,17.0,0.0,,,-9.0,648.0,,False,True,13.317753751371194,Car_2_Gas,Car_2_Gas,Car_2_Gas,DRIVEALONE,0.743088722886742,Car_2_Gas,,-9.0,0out_0in,eatout
119715,2394,othdiscr,1,1,1,2,joint,3,16195.0,1217.0,946,31.0,35.0,4.0,,,-9.0,1009.0,adults,False,True,14.016475818017332,Car_6_Gas,SUV_3_Gas,SUV_3_Gas,SHARED3,-4.089431552213566,SUV_3_Gas,,-9.0,0out_0in,othdiscr
119729,2394,othmaint,1,1,2,2,non_mandatory,1,20122.0,1217.0,946,8.0,27.0,19.0,,,-9.0,334.0,,False,True,12.817043723954493,Car_6_Gas,SUV_13_Gas,SUV_3_Gas,DRIVEALONE,-3.103590897000412,Car_6_Gas,,-9.0,2out_1in,othmaint
119756,2395,eatout,1,1,1,1,non_mandatory,1,24331.0,1217.0,946,14.0,29.0,15.0,,,-9.0,561.0,,True,False,4.62550657843792,SUV_13_Gas,SUV_3_Gas,SUV_13_Gas,DRIVEALONE,-2.822965239426636,SUV_13_Gas,,-9.0,1out_0in,eatout
119854,2397,eat,1,1,1,1,atwork,1,15952.0,15297.0,947,20.0,21.0,1.0,,,-9.0,742.0,,,,6.1546121649970935,,,,WALK,0.2592756391085556,Van_8_Gas,,119898.0,0out_0in,atwork
119885,2397,escort,1,1,2,2,non_mandatory,1,4962.0,1217.0,947,9.0,10.0,1.0,pure_escort,,1.0,357.0,,False,True,-9.0,Van_8_Gas,Van_8_Gas,Van_8_Gas,WALK,0.7646927839946718,,,-9.0,0out_0in,escort
119898,2397,work,1,1,1,2,mandatory,1,15297.0,1217.0,947,11.0,30.0,18.0,ride_share,,1.0,454.0,,,,-9.0,Van_8_Gas,Van_8_Gas,Van_8_Gas,SHARED3,-2.727311236985968,Van_8_Gas,eat,-9.0,1out_1in,work
119933,2398,school,1,1,1,1,mandatory,1,4962.0,1217.0,947,9.0,25.0,16.0,pure_escort,,-9.0,372.0,,,,-9.0,Van_8_Gas,Van_8_Gas,Van_8_Gas,WALK,6.376724276370301,,,-9.0,0out_1in,school
119983,2399,school,1,1,1,1,mandatory,1,16509.0,1217.0,947,11.0,27.0,16.0,,,-9.0,451.0,,,,-9.0,Van_8_Gas,Van_8_Gas,Van_8_Gas,SHARED3,-3.8225606418026254,Van_8_Gas,,-9.0,1out_0in,school
120009,2400,escort,1,1,1,1,non_mandatory,1,7004.0,1217.0,947,10.0,12.0,2.0,,,-9.0,398.0,,False,True,12.527246241091346,Van_8_Gas,Van_8_Gas,Van_8_Gas,WALK,1.6859004101700947,,,-9.0,0out_0in,escort
120083,2401,school,1,1,1,1,mandatory,1,1217.0,1217.0,947,11.0,27.0,16.0,ride_share,,-9.0,451.0,,,,-9.0,Van_8_Gas,Van_8_Gas,Van_8_Gas,SHARED3,7.340866243879103,Van_8_Gas,,-9.0,0out_0in,school
120125,2402,othdiscr,1,1,2,2,non_mandatory,1,6886.0,1217.0,948,33.0,34.0,1.0,,,-9.0,1041.0,,False,True,14.016922282624014,Pickup_8_Gas,Pickup_8_Gas,Pickup_8_Gas,WALK,1.4709354358282265,,,-9.0,0out_0in,othdiscr
120148,2402,work,1,1,1,2,mandatory,1,24001.0,1217.0,948,10.0,27.0,17.0,ride_share,ride_share,2.0,413.0,,,,-9.0,Pickup_8_Gas,Pickup_8_Gas,Pickup_8_Gas,SHARED3,-4.281470536776483,Pickup_8_Gas,no_subtours,-9.0,2out_1in,work
120183,2403,school,1,1,1,1,mandatory,1,16049.0,1217.0,948,10.0,26.0,16.0,,,-9.0,412.0,,,,-9.0,Pickup_8_Gas,Pickup_8_Gas,Pickup_8_Gas,BIKE,0.9665480929855466,,,-9.0,0out_2in,school
120233,2404,school,1,1,1,1,mandatory,1,7211.0,1217.0,948,12.0,27.0,15.0,,ride_share,-9.0,488.0,,,,-9.0,Pickup_8_Gas,Pickup_8_Gas,Pickup_8_Gas,SHARED3,5.054494753748726,Pickup_8_Gas,,-9.0,0out_0in,school
120283,2405,school,1,1,1,1,mandatory,1,3834.0,1217.0,948,10.0,33.0,23.0,ride_share,,-9.0,419.0,,,,-9.0,Pickup_8_Gas,Pickup_8_Gas,Pickup_8_Gas,SHARED3,5.395722359619443,Pickup_8_Gas,,-9.0,1out_2in,school
120333,2406,school,1,1,1,1,mandatory,1,12536.0,1217.0,948,10.0,26.0,16.0,ride_share,,-9.0,412.0,,,,-9.0,Pickup_8_Gas,Pickup_8_Gas,Pickup_8_Gas,SHARED3,3.3582236019111966,Pickup_8_Gas,,-9.0,0out_0in,school
120398,2407,work,1,1,1,1,mandatory,1,4092.0,1217.0,949,6.0,27.0,21.0,,,-9.0,251.0,,,,-9.0,Car_20_Gas,SUV_1_Gas,SUV_1_Gas,DRIVEALONE,-7.235209419794723,Car_20_Gas,no_subtours,-9.0,0out_1in,work
120475,2409,othdiscr,1,1,3,3,non_mandatory,1,1877.0,1217.0,950,9.0,13.0,4.0,,,-9.0,360.0,,False,True,13.389661600631978,SUV_12_Gas,SUV_12_Gas,SUV_12_Gas,WALK,0.3339536994446686,,,-9.0,0out_0in,othdiscr
120491,2409,shopping,2,1,1,3,non_mandatory,1,2465.0,1217.0,950,17.0,20.0,3.0,,,-9.0,651.0,,False,True,9.515558437532102,SUV_12_Gas,SUV_12_Gas,SUV_12_Gas,WALK,-1.4551483754417829,,,-9.0,0out_0in,shopping
120492,2409,shopping,2,2,2,3,non_mandatory,1,24322.0,1217.0,950,20.0,22.0,2.0,,,-9.0,743.0,,True,False,2.6292606342792824,SUV_12_Gas,SUV_12_Gas,SUV_12_Gas,WALK_PRM,-19.28899740204131,,,-9.0,1out_1in,shopping
120525,2410,othdiscr,1,1,1,1,non_mandatory,1,20261.0,1217.0,951,13.0,15.0,2.0,,,-9.0,512.0,,False,True,13.070373045132412,Pickup_4_Gas,Pickup_4_Gas,Pickup_4_Gas,WALK_PRM,-0.9440843529673616,,,-9.0,0out_1in,othdiscr
120604,2412,eat,1,1,1,1,atwork,1,16131.0,5536.0,952,26.0,28.0,2.0,,,-9.0,902.0,,,,5.08235900057784,,,,DRIVEALONE,-3.289360343653062,SUV_1_Gas,,120648.0,0out_1in,atwork
120625,2412,othdiscr,1,1,2,2,non_mandatory,1,2969.0,1217.0,952,11.0,24.0,13.0,,,-9.0,448.0,,False,True,13.555299005083638,SUV_20_Gas,SUV_1_Gas,SUV_1_Gas,WALK_LOC,-3.285460215816199,,,-9.0,0out_3in,othdiscr
120648,2412,work,1,1,1,2,mandatory,1,5536.0,1217.0,952,26.0,47.0,21.0,,,-9.0,921.0,,,,-9.0,SUV_1_Gas,SUV_1_Gas,SUV_1_Gas,DRIVEALONE,-0.0127606289028849,SUV_1_Gas,eat,-9.0,0out_0in,work
120683,2413,school,1,1,1,1,mandatory,1,15666.0,1217.0,952,17.0,37.0,20.0,,,-9.0,668.0,,,,-9.0,Car_1_Gas,SUV_1_Gas,Car_1_Gas,DRIVEALONE,-2.021928025299798,Car_1_Gas,,-9.0,0out_0in,univ
120725,2414,othdiscr,1,1,1,1,non_mandatory,1,14396.0,1217.0,952,10.0,14.0,4.0,,,-9.0,400.0,,False,True,14.021802089424977,SUV_1_Gas,SUV_20_Gas,Car_1_Gas,DRIVEALONE,-1.2202912634677523,SUV_1_Gas,,-9.0,0out_2in,othdiscr
120783,2415,school,1,1,1,1,mandatory,1,5313.0,1217.0,953,12.0,42.0,30.0,,,-9.0,503.0,,,,-9.0,Car_13_Gas,Van_16_Gas,Van_16_Gas,WALK,0.7635467767112237,,,-9.0,0out_0in,univ
120848,2416,work,1,1,1,1,mandatory,1,4588.0,1217.0,953,7.0,31.0,24.0,,,-9.0,297.0,,,,-9.0,Car_13_Gas,Van_16_Gas,Van_16_Gas,PNR_PRM,-7.648170771927117,Car_13_Gas,no_subtours,-9.0,0out_0in,work
120879,2417,othmaint,1,1,1,1,non_mandatory,1,12533.0,1217.0,954,22.0,30.0,8.0,,,-9.0,806.0,,False,True,12.188108604061387,Pickup_7_Gas,Pickup_7_Gas,Pickup_10_Gas,WALK,0.3880101792253956,,,-9.0,0out_0in,othmaint
120906,2418,eatout,1,1,1,1,non_mandatory,1,2566.0,1217.0,954,29.0,32.0,3.0,,,-9.0,969.0,,False,True,15.206901772104764,Pickup_10_Gas,Pickup_10_Gas,Pickup_7_Gas,WALK,1.811770094742563,,,-9.0,0out_0in,eatout
120975,2419,othdiscr,1,1,1,1,non_mandatory,1,6227.0,1217.0,955,29.0,36.0,7.0,,,-9.0,973.0,,False,True,13.452933487563412,Pickup_2_Gas,Pickup_2_Gas,non_hh_veh,WALK,-0.1199134360114892,,,-9.0,0out_0in,othdiscr
121029,2420,othmaint,1,1,2,2,non_mandatory,1,16089.0,1217.0,956,22.0,25.0,3.0,,,-9.0,801.0,,False,True,11.929667243571476,Car_10_Gas,Car_10_Gas,Car_10_Gas,SHARED3,-1.5101616147139294,Car_10_Gas,,-9.0,0out_0in,othmaint
121041,2420,shopping,1,1,1,2,non_mandatory,1,18462.0,1217.0,956,31.0,34.0,3.0,,,-9.0,1008.0,,False,True,10.134194261941705,Car_10_Gas,Car_10_Gas,Car_10_Gas,SHARED3,-1.9754543079596811,Car_10_Gas,,-9.0,0out_0in,shopping
121098,2421,work,1,1,1,1,mandatory,1,20264.0,1217.0,957,8.0,23.0,15.0,,,-9.0,330.0,,,,-9.0,Car_9_Gas,Pickup_4_PEV,Car_9_Gas,DRIVEALONE,-3.874410208402037,Car_9_Gas,no_subtours,-9.0,0out_0in,work
121109,2422,escort,1,1,1,1,non_mandatory,1,8549.0,1217.0,957,23.0,24.0,1.0,,,-9.0,826.0,,False,True,11.744466441493511,SUV_10_Gas,Car_9_Gas,SUV_10_Gas,WALK,-0.1348948539179045,,,-9.0,0out_0in,escort
121198,2423,work,1,1,1,1,mandatory,1,6750.0,1217.0,957,8.0,27.0,19.0,,,-9.0,334.0,,,,-9.0,SUV_10_Gas,Pickup_4_PEV,SUV_10_Gas,DRIVEALONE,-2.198580588048354,SUV_10_Gas,no_subtours,-9.0,0out_0in,work
121235,2424,escort,4,1,1,5,non_mandatory,1,24277.0,1217.0,958,10.0,10.0,0.0,pure_escort,,1.0,396.0,,False,True,-9.0,Car_10_Gas,Car_10_Gas,Car_10_Gas,SHARED3,-3.5182590605177517,Car_10_Gas,,-9.0,0out_0in,escort
121236,2424,escort,4,2,2,5,non_mandatory,1,7296.0,1217.0,958,10.0,15.0,5.0,pure_escort,,1.0,401.0,,False,True,-9.0,Car_10_Gas,Car_10_Gas,SUV_2_Gas,SHARED3,-0.7962651546812862,SUV_2_Gas,,-9.0,0out_1in,escort
121237,2424,escort,4,3,3,5,non_mandatory,1,24277.0,1217.0,958,23.0,24.0,1.0,,pure_escort,1.0,826.0,,False,True,-9.0,SUV_2_Gas,SUV_2_Gas,Car_10_Gas,SHARED2,-3.4853969917401457,SUV_2_Gas,,-9.0,0out_0in,escort
121238,2424,escort,4,4,4,5,non_mandatory,1,7296.0,1217.0,958,26.0,27.0,1.0,,pure_escort,1.0,901.0,,False,True,-9.0,SUV_2_Gas,SUV_2_Gas,Car_10_Gas,SHARED3,-0.7974384251809057,Car_10_Gas,,-9.0,0out_0in,escort
121241,2424,shopping,1,1,5,5,non_mandatory,1,24331.0,1217.0,958,29.0,37.0,8.0,,,-9.0,974.0,,True,False,3.1855887153200766,Car_10_Gas,SUV_2_Gas,SUV_2_Gas,SHARED3,-4.971684037470368,SUV_2_Gas,,-9.0,1out_0in,shopping
121298,2425,work,1,1,1,1,mandatory,1,7369.0,1217.0,958,9.0,27.0,18.0,,,-9.0,374.0,,,,-9.0,SUV_2_Gas,SUV_2_Gas,Car_10_Gas,DRIVEALONE,-1.1195612590265265,SUV_2_Gas,no_subtours,-9.0,1out_0in,work
121333,2426,school,1,1,1,1,mandatory,1,7296.0,1217.0,958,10.0,27.0,17.0,pure_escort,pure_escort,-9.0,413.0,,,,-9.0,SUV_2_Gas,SUV_2_Gas,SUV_2_Gas,SHARED3,3.183056036889806,SUV_2_Gas,,-9.0,0out_0in,school
121383,2427,school,1,1,1,1,mandatory,1,24277.0,1217.0,958,10.0,24.0,14.0,pure_escort,pure_escort,-9.0,410.0,,,,-9.0,Car_10_Gas,Car_10_Gas,Car_10_Gas,SHARED2,-1.8647241138905075,Car_10_Gas,,-9.0,0out_0in,school
121475,2429,othdiscr,1,1,2,2,non_mandatory,1,9899.0,1217.0,958,12.0,15.0,3.0,,,-9.0,476.0,,False,True,15.257510361433384,SUV_2_Gas,Car_10_Gas,SUV_2_Gas,WALK,3.952996324998361,,,-9.0,1out_2in,othdiscr
121483,2429,school,1,1,1,2,mandatory,1,12519.0,1217.0,958,17.0,25.0,8.0,,,-9.0,656.0,,,,-9.0,non_hh_veh,Car_10_Gas,SUV_2_Gas,WALK,6.038190165646435,,,-9.0,1out_0in,school
121521,2431,social,1,1,3,5,joint,3,2922.0,1217.0,959,18.0,23.0,5.0,,,-9.0,685.0,mixed,False,True,14.921785286604251,Pickup_20_Gas,Car_10_Gas,Car_10_Gas,WALK,-0.3737396715013986,,,-9.0,0out_0in,social
121559,2431,escort,4,3,4,5,non_mandatory,1,24331.0,1217.0,959,38.0,44.0,6.0,,,-9.0,1116.0,,True,False,4.631503874479693,Car_10_Gas,Car_10_Gas,Pickup_20_Gas,DRIVEALONE,-4.35996614042938,Car_10_Gas,,-9.0,0out_0in,escort
121560,2431,escort,4,4,5,5,non_mandatory,1,7369.0,1217.0,959,11.0,13.0,2.0,,,-9.0,437.0,,False,True,13.292276341277615,non_hh_veh,Car_10_Gas,Car_10_Gas,DRIVEALONE,-1.2097579210551608,non_hh_veh,,-9.0,0out_0in,escort
121585,2431,escort,4,1,1,5,non_mandatory,1,23884.0,1217.0,959,10.0,10.0,0.0,pure_escort,,1.0,396.0,,False,True,-9.0,Pickup_20_Gas,Car_10_Gas,non_hh_veh,SHARED2,-0.938453828911612,Car_10_Gas,,-9.0,0out_3in,escort
121586,2431,escort,4,2,2,5,non_mandatory,1,23884.0,1217.0,959,27.0,28.0,1.0,,pure_escort,1.0,924.0,,False,True,-9.0,Car_10_Gas,Car_10_Gas,Car_10_Gas,SHARED3,-0.9326132409782326,Car_10_Gas,,-9.0,2out_0in,escort
121609,2432,escort,1,1,1,1,non_mandatory,1,9901.0,1217.0,959,24.0,26.0,2.0,,,-9.0,853.0,,False,True,13.937372677506568,Pickup_20_Gas,Car_10_Gas,Car_10_Gas,WALK,-0.1227620928476299,,,-9.0,0out_0in,escort
121683,2433,school,1,1,1,1,mandatory,1,23884.0,1217.0,959,10.0,28.0,18.0,pure_escort,pure_escort,-9.0,414.0,,,,-9.0,Car_10_Gas,Car_10_Gas,Car_10_Gas,SHARED3,2.6722496817816657,Car_10_Gas,,-9.0,0out_0in,school
121709,2434,escort,1,1,1,1,non_mandatory,1,882.0,1217.0,959,29.0,30.0,1.0,,,-9.0,967.0,,False,True,13.932189019316205,Car_10_Gas,Pickup_20_Gas,Car_10_Gas,WALK,0.4747397800775296,,,-9.0,0out_0in,escort
121933,2438,school,1,1,1,1,mandatory,1,7296.0,1217.0,960,8.0,26.0,18.0,,,-9.0,333.0,,,,-9.0,Car_9_Gas,Van_13_Gas,Car_9_Gas,BIKE,3.1974301176038264,,,-9.0,1out_0in,school
121983,2439,school,1,1,1,1,mandatory,1,4962.0,1217.0,960,9.0,25.0,16.0,,,-9.0,372.0,,,,-9.0,Van_13_Gas,Van_13_Gas,Car_9_Gas,WALK,5.261141882441599,,,-9.0,1out_3in,school
122033,2440,school,1,1,1,1,mandatory,1,2306.0,1217.0,960,11.0,26.0,15.0,,,-9.0,450.0,,,,-9.0,Van_13_Gas,Car_9_Gas,non_hh_veh,BIKE,0.9874512775472792,,,-9.0,1out_0in,school
122185,2443,escort,2,1,2,3,non_mandatory,1,14319.0,1217.0,961,9.0,10.0,1.0,pure_escort,,2.0,357.0,,False,True,-9.0,Van_10_Gas,Van_10_Gas,Car_14_Gas,SHARED3,-1.9002281655436144,Car_14_Gas,,-9.0,1out_1in,escort
122186,2443,escort,2,2,3,3,non_mandatory,1,14319.0,1217.0,961,30.0,33.0,3.0,,pure_escort,1.0,989.0,,False,True,-9.0,Car_14_Gas,Car_14_Gas,Van_10_Gas,SHARED2,-1.77037903867241,Car_14_Gas,,-9.0,0out_0in,escort
122198,2443,work,1,1,1,3,mandatory,1,7369.0,1217.0,961,12.0,29.0,16.0,,ride_share,1.0,490.0,,,,-9.0,Van_10_Gas,Van_10_Gas,Van_10_Gas,SHARED2,-1.5207242713405962,Van_10_Gas,no_subtours,-9.0,0out_1in,work
122233,2444,school,1,1,1,1,mandatory,1,5878.0,1217.0,961,12.0,28.0,16.0,,,-9.0,489.0,,,,-9.0,Van_10_Gas,Van_10_Gas,Van_10_Gas,BIKE,0.2379927097792841,,,-9.0,1out_1in,school
122283,2445,school,1,1,1,1,mandatory,1,11793.0,1217.0,961,14.0,29.0,15.0,,ride_share,-9.0,561.0,,,,-9.0,Van_10_Gas,Van_10_Gas,Car_14_Gas,SHARED2,3.9866787276083295,Van_10_Gas,,-9.0,1out_0in,school
122333,2446,school,1,1,1,1,mandatory,1,13129.0,1217.0,961,9.0,31.0,22.0,pure_escort,,-9.0,378.0,,,,-9.0,Car_14_Gas,Car_14_Gas,Van_10_Gas,SHARED3,5.5929995434626125,Van_10_Gas,,-9.0,0out_0in,school
122383,2447,school,1,1,1,1,mandatory,1,14319.0,1217.0,961,9.0,33.0,23.0,pure_escort,pure_escort,-9.0,380.0,,,,-9.0,Van_10_Gas,Car_14_Gas,Van_10_Gas,SHARED2,0.2127900292467429,Car_14_Gas,,-9.0,1out_0in,school
122429,2448,othmaint,1,1,2,2,non_mandatory,1,23860.0,1217.0,962,28.0,32.0,4.0,,,-9.0,949.0,,False,True,11.509511585179933,Car_4_Gas,Car_4_Gas,Car_4_Gas,WALK,0.505292821249268,,,-9.0,0out_1in,othmaint
122448,2448,work,1,1,1,2,mandatory,1,5878.0,1217.0,962,6.0,27.0,21.0,,,-9.0,251.0,,,,-9.0,Car_4_Gas,Car_4_Gas,Car_1_Hybrid,BIKE,-5.278088441914219,,no_subtours,-9.0,0out_0in,work
122475,2449,othdiscr,1,1,2,2,non_mandatory,1,7211.0,1217.0,962,34.0,38.0,4.0,,,-9.0,1060.0,,False,True,14.258891674799653,Car_4_Gas,Car_1_Hybrid,Car_4_Gas,WALK,1.6659553088885095,,,-9.0,0out_0in,othdiscr
122483,2449,school,1,1,1,2,mandatory,1,5682.0,1217.0,962,9.0,20.0,11.0,,,-9.0,367.0,,,,-9.0,Car_1_Hybrid,Car_1_Hybrid,Car_1_Hybrid,SHARED3,-3.2406778406678383,Car_1_Hybrid,,-9.0,0out_0in,univ
122548,2450,work,2,1,1,2,mandatory,1,4588.0,1217.0,963,7.0,34.0,27.0,,,-9.0,300.0,,,,-9.0,Pickup_14_Gas,Pickup_14_Gas,SUV_8_Gas,PNR_PRM,-8.053391102698487,Pickup_14_Gas,no_subtours,-9.0,0out_0in,work
122549,2450,work,2,2,2,2,mandatory,1,4588.0,1217.0,963,35.0,40.0,5.0,,,-9.0,1076.0,,,,-9.0,Pickup_14_Gas,Pickup_14_Gas,SUV_8_Gas,PNR_PRM,-8.03031273477653,Pickup_14_Gas,no_subtours,-9.0,0out_0in,work
122656,2453,eatout,1,1,3,3,non_mandatory,1,251.0,1217.0,965,32.0,32.0,0.0,,,-9.0,1023.0,,False,True,15.11906592473932,Car_10_Gas,Car_10_Gas,Car_10_Gas,WALK,1.4827008943253357,,,-9.0,0out_0in,eatout
122679,2453,othmaint,2,1,1,3,non_mandatory,1,7616.0,1217.0,965,22.0,30.0,8.0,,,-9.0,806.0,,False,True,11.985723556569033,Car_10_Gas,Car_10_Gas,Car_10_Gas,DRIVEALONE,-1.6661878062511293,Car_10_Gas,,-9.0,0out_0in,othmaint
122680,2453,othmaint,2,2,2,3,non_mandatory,1,15652.0,1217.0,965,6.0,13.0,7.0,,,-9.0,237.0,,False,True,11.607414005388224,Car_10_Gas,Car_10_Gas,Car_10_Gas,DRIVEALONE,-3.806538757175603,Car_10_Gas,,-9.0,0out_0in,othmaint
122719,2454,shopping,1,1,1,1,joint,3,8323.0,1217.0,966,32.0,38.0,6.0,,,-9.0,1029.0,adults,False,True,10.918884574703744,Car_10_Gas,Car_10_Gas,SUV_11_Gas,WALK,-47.666876994073405,,,-9.0,0out_0in,shopping
122798,2455,work,1,1,1,1,mandatory,1,7362.0,1217.0,966,10.0,31.0,21.0,,,-9.0,417.0,,,,-9.0,SUV_11_Gas,SUV_11_Gas,SUV_11_Gas,DRIVEALONE,-2.1155012036607275,SUV_11_Gas,no_subtours,-9.0,0out_0in,work
122875,2457,othdiscr,1,1,1,1,non_mandatory,1,18485.0,1217.0,967,20.0,28.0,8.0,,,-9.0,749.0,,False,True,13.690883994568532,SUV_7_Gas,SUV_7_Gas,SUV_7_Gas,DRIVEALONE,-4.210924339869287,SUV_7_Gas,,-9.0,0out_0in,othdiscr
122925,2458,othdiscr,1,1,3,3,non_mandatory,1,3218.0,1217.0,967,26.0,28.0,2.0,,,-9.0,902.0,,False,True,13.665387925162092,SUV_7_Gas,SUV_7_Gas,SUV_7_Gas,WALK,-0.4392832105391165,,,-9.0,0out_0in,othdiscr
122929,2458,othmaint,2,1,1,3,non_mandatory,1,12518.0,1217.0,967,23.0,25.0,2.0,,,-9.0,827.0,,False,True,13.922203558250278,SUV_7_Gas,SUV_7_Gas,SUV_7_Gas,DRIVEALONE,1.3917649632316165,SUV_7_Gas,,-9.0,0out_1in,othmaint
122930,2458,othmaint,2,2,2,3,non_mandatory,1,16337.0,1217.0,967,10.0,13.0,3.0,,,-9.0,399.0,,False,True,12.777446922250109,SUV_7_Gas,SUV_7_Gas,SUV_7_Gas,DRIVEALONE,-1.8422419234644916,SUV_7_Gas,,-9.0,0out_0in,othmaint
122983,2459,school,1,1,1,1,mandatory,1,4276.0,1217.0,967,9.0,44.0,35.0,,,-9.0,391.0,,,,-9.0,SUV_7_Gas,SUV_7_Gas,SUV_7_Gas,WALK_LOC,-4.998493092690805,,,-9.0,0out_1in,univ
123141,2462,shopping,1,1,1,1,non_mandatory,1,9901.0,1217.0,969,13.0,16.0,3.0,,,-9.0,513.0,,False,True,10.36894835778737,Pickup_1_Gas,Pickup_1_Gas,Van_16_Gas,DRIVEALONE,-0.8259176232425881,Pickup_1_Gas,,-9.0,0out_0in,shopping
123154,2463,eat,1,1,1,1,atwork,1,19557.0,19554.0,969,22.0,23.0,1.0,,,-9.0,799.0,,,,3.7663649236050314,,,,WALK,-0.2814884576034861,Pickup_1_Gas,,123198.0,0out_0in,atwork
123198,2463,work,1,1,1,1,mandatory,1,19554.0,1217.0,969,6.0,26.0,20.0,,,-9.0,250.0,,,,-9.0,Pickup_1_Gas,Van_16_Gas,Van_16_Gas,DRIVEALONE,-3.745963745343517,Pickup_1_Gas,eat,-9.0,0out_0in,work
123256,2465,eatout,1,1,1,1,non_mandatory,1,2574.0,1217.0,970,27.0,35.0,8.0,,,-9.0,931.0,,False,True,14.658377497220837,Car_15_Gas,Car_15_Gas,Car_15_Gas,WALK,2.595325298252393,,,-9.0,0out_0in,eatout
123309,2466,escort,1,1,2,2,non_mandatory,1,24040.0,1217.0,970,26.0,28.0,2.0,,,-9.0,902.0,,False,True,13.981609600544804,Car_15_Gas,Car_15_Gas,Car_15_Gas,WALK,-0.3882296438476334,,,-9.0,0out_0in,escort
123333,2466,school,1,1,1,2,mandatory,1,6344.0,1217.0,970,11.0,24.0,13.0,,,-9.0,448.0,,,,-9.0,Car_15_Gas,Car_15_Gas,Car_15_Gas,WALK,2.3981865255159707,,,-9.0,1out_0in,school
123391,2467,shopping,2,1,1,2,non_mandatory,1,338.0,1217.0,971,16.0,18.0,2.0,,,-9.0,617.0,,False,True,10.04333200715393,SUV_7_Gas,SUV_7_Gas,SUV_7_Gas,WALK,0.5654594945457628,,,-9.0,0out_2in,shopping
123392,2467,shopping,2,2,2,2,non_mandatory,1,16201.0,1217.0,971,19.0,24.0,5.0,,,-9.0,716.0,,False,True,9.896787777805814,SUV_7_Gas,Car_15_Gas,Car_15_Gas,SHARED2,-3.166126837443749,Car_15_Gas,,-9.0,1out_1in,shopping
123429,2468,othmaint,1,1,1,1,non_mandatory,1,23849.0,1217.0,971,25.0,30.0,5.0,,,-9.0,881.0,,False,True,12.626408649575708,Car_15_Gas,SUV_7_Gas,SUV_7_Gas,WALK,0.4457563615115303,,,-9.0,1out_1in,othmaint
123479,2469,othmaint,1,1,1,1,non_mandatory,1,23056.0,1217.0,971,14.0,29.0,15.0,,,-9.0,561.0,,False,True,12.75822480404562,Car_15_Gas,SUV_7_Gas,Car_15_Gas,DRIVEALONE,-3.9540558408708537,Car_15_Gas,,-9.0,1out_0in,othmaint
123504,2470,eat,1,1,1,1,atwork,1,4788.0,7545.0,972,19.0,20.0,1.0,,,-9.0,712.0,,,,8.270715791864882,,,,DRIVEALONE,0.3024022747816098,Car_8_Gas,,123548.0,0out_0in,atwork
123525,2470,othdiscr,1,1,2,2,non_mandatory,1,1324.0,1217.0,972,31.0,37.0,6.0,,,-9.0,1011.0,,False,True,14.493772520642144,Car_8_Gas,Car_8_Gas,Car_15_Gas,WALK,1.2437345855089148,,,-9.0,0out_0in,othdiscr
123548,2470,work,1,1,1,2,mandatory,1,7545.0,1217.0,972,8.0,29.0,21.0,,,-9.0,336.0,,,,-9.0,Car_8_Gas,Car_8_Gas,Car_15_Gas,DRIVEALONE,-1.6989464518615782,Car_8_Gas,eat,-9.0,0out_0in,work
123554,2471,eat,1,1,1,1,atwork,1,16098.0,23271.0,972,20.0,21.0,1.0,,,-9.0,742.0,,,,7.431434695907679,,,,SHARED3,0.3176410457176053,Car_8_Gas,,123598.0,0out_0in,atwork
123598,2471,work,1,1,1,1,mandatory,1,23271.0,1217.0,972,8.0,26.0,18.0,,,-9.0,333.0,,,,-9.0,Car_8_Gas,Car_8_Gas,Car_8_Gas,DRIVEALONE,-2.3629089476113805,Car_8_Gas,eat,-9.0,1out_0in,work
123609,2472,escort,1,1,1,1,non_mandatory,1,23875.0,1217.0,972,27.0,28.0,1.0,,,-9.0,924.0,,False,True,13.282120715475768,Car_15_Gas,Car_8_Gas,Car_15_Gas,DRIVEALONE,-0.1136331250595683,Car_15_Gas,,-9.0,0out_0in,escort
123698,2473,work,1,1,1,1,mandatory,1,19317.0,1217.0,973,12.0,29.0,17.0,,,-9.0,490.0,,,,-9.0,Car_5_PEV,SUV_15_Gas,SUV_15_Gas,DRIVEALONE,-3.387895599010814,Car_5_PEV,no_subtours,-9.0,0out_0in,work
123733,2474,school,1,1,1,1,mandatory,1,23114.0,1217.0,973,11.0,34.0,23.0,,,-9.0,458.0,,,,-9.0,SUV_15_Gas,Car_5_PEV,Car_5_PEV,DRIVEALONE,-1.661325710874046,SUV_15_Gas,,-9.0,1out_0in,univ
123754,2475,eat,1,1,1,1,atwork,1,4181.0,4181.0,974,25.0,25.0,0.0,,,-9.0,876.0,,,,5.750406842689207,,,,DRIVEALONE,0.7020018742479401,Car_6_Gas,,123798.0,0out_0in,atwork
123798,2475,work,1,1,1,1,mandatory,1,4181.0,1217.0,974,6.0,32.0,26.0,,,-9.0,256.0,,,,-9.0,Car_6_Gas,Car_6_Gas,Car_20_Gas,DRIVEALONE,-6.29338007916327,Car_6_Gas,eat,-9.0,0out_0in,work
123804,2476,eat,1,1,1,1,atwork,1,5313.0,5313.0,974,19.0,21.0,2.0,,,-9.0,713.0,,,,6.686832281878848,,,,WALK,0.8238755582345154,Car_6_Gas,,123848.0,0out_0in,atwork
123825,2476,othdiscr,1,1,2,2,non_mandatory,1,14635.0,1217.0,974,14.0,18.0,4.0,,,-9.0,550.0,,False,True,14.005780310850424,Car_15_Gas,Car_6_Gas,Car_15_Gas,DRIVEALONE,-7.371057800877117,Car_15_Gas,,-9.0,0out_2in,othdiscr
123848,2476,work,1,1,1,2,mandatory,1,5313.0,1217.0,974,18.0,34.0,16.0,,,-9.0,696.0,,,,-9.0,Car_6_Gas,Car_15_Gas,Car_6_Gas,DRIVEALONE,-0.2878835836008155,Car_6_Gas,eat,-9.0,0out_2in,work
123869,2477,shopping,1,1,1,2,joint,2,16229.0,1217.0,975,27.0,31.0,4.0,,,-9.0,927.0,adults,False,True,9.749924956979486,Car_11_Gas,Pickup_13_Gas,Pickup_13_Gas,SHARED2,-3.8315862552145914,Pickup_13_Gas,,-9.0,0out_0in,shopping
123879,2477,othmaint,1,1,2,2,non_mandatory,1,13129.0,1217.0,975,23.0,27.0,4.0,,,-9.0,829.0,,False,True,10.392952960156377,Car_11_Gas,Car_11_Gas,Pickup_13_Gas,DRIVEALONE,-1.285965650649962,Car_11_Gas,,-9.0,1out_1in,othmaint
123948,2478,work,1,1,1,1,mandatory,1,1411.0,1217.0,975,12.0,26.0,14.0,,,-9.0,487.0,,,,-9.0,Pickup_13_Gas,Car_11_Gas,Pickup_13_Gas,DRIVEALONE,-0.767768948305063,Pickup_13_Gas,no_subtours,-9.0,0out_0in,work
123954,2479,eat,1,1,1,1,atwork,1,23056.0,5878.0,976,18.0,20.0,2.0,,,-9.0,682.0,,,,0.0955675540117499,,,,BIKE,-9.923318789461474,Pickup_13_Gas,,123998.0,0out_0in,atwork
123971,2480,social,1,1,3,5,joint,3,491.0,1217.0,976,32.0,37.0,5.0,,,-9.0,1028.0,mixed,False,True,15.185271892339792,Pickup_13_Gas,Pickup_13_Gas,Pickup_13_Gas,SHARED3,-12.811729202187376,Pickup_13_Gas,,-9.0,0out_1in,social
123998,2479,work,1,1,1,1,mandatory,1,5878.0,1217.0,976,6.0,37.0,31.0,,,-9.0,261.0,,,,-9.0,Car_19_Gas,Car_19_Gas,Pickup_13_Gas,SHARED3,-3.063917635890024,Pickup_13_Gas,eat,-9.0,0out_1in,work
124009,2480,escort,2,1,4,5,non_mandatory,1,1676.0,1217.0,976,15.0,16.0,1.0,,,-9.0,582.0,,False,True,13.147731422622826,Pickup_13_Gas,Pickup_13_Gas,Pickup_13_Gas,DRIVEALONE,-0.0185843115314135,Pickup_13_Gas,,-9.0,0out_0in,escort
124010,2480,escort,2,2,5,5,non_mandatory,1,9901.0,1217.0,976,17.0,17.0,0.0,,,-9.0,648.0,,False,True,12.947636725638084,Pickup_13_Gas,Pickup_13_Gas,Pickup_13_Gas,SHARED3,-0.0911539540486853,Pickup_13_Gas,,-9.0,2out_0in,escort
124048,2480,work,2,1,1,5,mandatory,1,9901.0,1217.0,976,12.0,14.0,2.0,,,-9.0,475.0,,,,-9.0,Pickup_13_Gas,Pickup_13_Gas,Pickup_13_Gas,DRIVEALONE,-0.6750036259610959,Pickup_13_Gas,no_subtours,-9.0,1out_0in,work
124049,2480,work,2,2,2,5,mandatory,1,9901.0,1217.0,976,22.0,25.0,3.0,,,-9.0,801.0,,,,-9.0,Car_19_Gas,Car_19_Gas,Car_19_Gas,DRIVEALONE,-0.6594693469607534,Car_19_Gas,no_subtours,-9.0,0out_0in,work
124095,2481,social,1,1,1,1,non_mandatory,1,6996.0,1217.0,976,18.0,32.0,14.0,,,-9.0,694.0,,False,True,15.511535991984276,Pickup_13_Gas,Pickup_13_Gas,Car_19_Gas,WALK,2.1401497220632475,,,-9.0,0out_0in,social
124159,2483,escort,2,1,1,3,non_mandatory,1,13129.0,1217.0,976,24.0,26.0,2.0,,,-9.0,853.0,,False,True,13.946307798879662,Car_19_Gas,Pickup_13_Gas,Pickup_13_Gas,SHARED3,-0.3632961229974403,Pickup_13_Gas,,-9.0,3out_3in,escort
124160,2483,escort,2,2,2,3,non_mandatory,1,24049.0,1217.0,976,28.0,29.0,1.0,,,-9.0,946.0,,False,True,13.82042652183733,Car_19_Gas,Car_19_Gas,Pickup_13_Gas,SHARED2,-0.1914309045429095,Car_19_Gas,,-9.0,0out_3in,escort
124191,2483,shopping,1,1,3,3,non_mandatory,1,23860.0,1217.0,976,11.0,18.0,7.0,,,-9.0,442.0,,False,True,10.941159491153496,Pickup_13_Gas,Car_19_Gas,Car_19_Gas,WALK,1.2989983694510758,,,-9.0,0out_0in,shopping
124259,2485,escort,1,1,2,2,non_mandatory,1,1399.0,1217.0,977,31.0,32.0,1.0,,,-9.0,1006.0,,False,True,12.815191319977458,Car_15_Gas,Car_15_Gas,SUV_11_Gas,WALK,0.352360450390333,,,-9.0,0out_0in,escort
124298,2485,work,1,1,1,2,mandatory,1,1380.0,1217.0,977,5.0,30.0,25.0,,,-9.0,211.0,,,,-9.0,Car_15_Gas,SUV_11_Gas,Car_15_Gas,SHARED3,-6.751299425416378,Car_15_Gas,no_subtours,-9.0,0out_0in,work
124329,2486,othmaint,1,1,4,4,non_mandatory,1,2465.0,1217.0,977,13.0,15.0,2.0,,,-9.0,512.0,,False,True,12.473211136821158,SUV_11_Gas,SUV_11_Gas,SUV_11_Gas,WALK,-0.28882016287919,,,-9.0,0out_1in,othmaint
124335,2486,escort,3,1,1,4,non_mandatory,1,16315.0,1217.0,977,8.0,10.0,2.0,pure_escort,,1.0,317.0,,False,True,-9.0,SUV_11_Gas,Car_15_Gas,SUV_11_Gas,SHARED3,-4.178426576598648,SUV_11_Gas,,-9.0,0out_2in,escort
124336,2486,escort,3,2,2,4,non_mandatory,1,3481.0,1217.0,977,19.0,20.0,1.0,,pure_escort,1.0,712.0,,False,True,-9.0,Car_15_Gas,Car_15_Gas,Car_15_Gas,WALK,0.1245470697316503,,,-9.0,0out_0in,escort
124337,2486,escort,3,3,3,4,non_mandatory,1,16315.0,1217.0,977,23.0,25.0,2.0,,pure_escort,1.0,827.0,,False,True,-9.0,Car_15_Gas,SUV_11_Gas,SUV_11_Gas,SHARED3,-4.070277848796863,SUV_11_Gas,,-9.0,0out_0in,escort
124383,2487,school,1,1,1,1,mandatory,1,16315.0,1217.0,977,8.0,25.0,17.0,pure_escort,pure_escort,-9.0,332.0,,,,-9.0,Car_15_Gas,Car_15_Gas,SUV_11_Gas,SHARED3,-1.0155300786339765,SUV_11_Gas,,-9.0,0out_0in,school
124409,2488,escort,2,1,1,2,non_mandatory,1,611.0,1217.0,977,16.0,17.0,1.0,,,-9.0,616.0,,False,True,14.164861477441884,SUV_11_Gas,Car_15_Gas,Car_15_Gas,SHARED3,0.502041904978134,Car_15_Gas,,-9.0,0out_0in,escort
124410,2488,escort,2,2,2,2,non_mandatory,1,6073.0,1217.0,977,10.0,12.0,2.0,,,-9.0,398.0,,False,True,13.853163554517602,SUV_11_Gas,SUV_11_Gas,SUV_11_Gas,WALK,1.1225441546041506,,,-9.0,0out_0in,escort
124483,2489,school,1,1,1,1,mandatory,1,3481.0,1217.0,977,14.0,20.0,6.0,,pure_escort,-9.0,552.0,,,,-9.0,SUV_11_Gas,SUV_11_Gas,SUV_11_Gas,WALK,6.635629700748704,,,-9.0,0out_0in,school
124550,2491,business,1,1,1,1,atwork,1,10837.0,5878.0,978,16.0,29.0,13.0,,,-9.0,628.0,,,,2.1478935868382583,,,,DRIVEALONE,0.0790027650028399,Car_1_Gas,,124598.0,1out_0in,atwork
124585,2491,escort,1,1,2,2,non_mandatory,1,4962.0,1217.0,978,8.0,8.0,0.0,pure_escort,,1.0,315.0,,False,True,-9.0,SUV_10_Gas,SUV_10_Gas,SUV_10_Gas,SHARED3,0.6647266288092578,SUV_10_Gas,,-9.0,0out_0in,escort
124598,2491,work,1,1,1,2,mandatory,1,5878.0,1217.0,978,11.0,38.0,27.0,,,-9.0,462.0,,,,-9.0,Car_1_Gas,Car_1_Gas,SUV_10_Gas,DRIVEALONE,-1.339203044364688,Car_1_Gas,business1,-9.0,3out_3in,work
124609,2492,escort,2,1,3,4,non_mandatory,1,322.0,1217.0,978,31.0,33.0,2.0,,,-9.0,1007.0,,False,True,13.715537426607185,Car_1_Gas,SUV_10_Gas,Car_1_Gas,SHARED2,0.1659473452267167,SUV_10_Gas,,-9.0,0out_0in,escort
124610,2492,escort,2,2,4,4,non_mandatory,1,1450.0,1217.0,978,20.0,20.0,0.0,,,-9.0,741.0,,False,True,13.51588580016584,Car_1_Gas,Car_1_Gas,Car_1_Gas,WALK,0.4832588008857922,,,-9.0,0out_0in,escort
124648,2492,work,2,1,1,4,mandatory,1,23926.0,1217.0,978,8.0,18.0,10.0,,,-9.0,325.0,,,,-9.0,Car_1_Gas,Car_1_Gas,SUV_10_Gas,DRIVEALONE,-0.4945776115079837,Car_1_Gas,no_subtours,-9.0,1out_0in,work
124649,2492,work,2,2,2,4,mandatory,1,23926.0,1217.0,978,22.0,26.0,4.0,,,-9.0,802.0,,,,-9.0,Car_1_Gas,Car_1_Gas,Car_1_Gas,SHARED3,-0.4789936910417101,Car_1_Gas,no_subtours,-9.0,0out_0in,work
124683,2493,school,1,1,1,1,mandatory,1,4962.0,1217.0,978,8.0,25.0,17.0,pure_escort,,-9.0,332.0,,,,-9.0,SUV_10_Gas,SUV_10_Gas,SUV_10_Gas,SHARED3,6.060649911421875,SUV_10_Gas,,-9.0,0out_1in,school
124891,2497,shopping,1,1,1,1,non_mandatory,1,23876.0,1217.0,979,13.0,14.0,1.0,,,-9.0,511.0,,False,True,11.806419854985378,non_hh_veh,non_hh_veh,non_hh_veh,WALK,2.9595458932085505,,,-9.0,3out_3in,shopping
124941,2498,shopping,1,1,2,2,non_mandatory,1,13129.0,1217.0,979,33.0,34.0,1.0,,,-9.0,1041.0,,False,True,11.28370626653929,non_hh_veh,non_hh_veh,non_hh_veh,WALK,2.1616960674016488,,,-9.0,0out_0in,shopping
124948,2498,work,1,1,1,2,mandatory,1,13532.0,1217.0,979,14.0,32.0,18.0,,,-9.0,564.0,,,,-9.0,non_hh_veh,non_hh_veh,non_hh_veh,TNC_SINGLE,0.0149361921006126,,no_subtours,-9.0,0out_0in,work
124998,2499,work,1,1,1,1,mandatory,1,18412.0,1217.0,980,10.0,32.0,22.0,,,-9.0,418.0,,,,-9.0,Pickup_2_BEV,Pickup_2_BEV,Pickup_2_BEV,DRIVEALONE,-4.163956414131347,Pickup_2_BEV,no_subtours,-9.0,0out_0in,work
125004,2500,eat,1,1,1,1,atwork,1,20734.0,23571.0,980,18.0,20.0,2.0,,,-9.0,682.0,,,,5.578342896177868,,,,DRIVEALONE,-0.0313823050056754,Van_13_Gas,,125048.0,0out_0in,atwork
125048,2500,work,1,1,1,1,mandatory,1,23571.0,1217.0,980,8.0,29.0,21.0,,,-9.0,336.0,,,,-9.0,Van_13_Gas,Pickup_2_BEV,Car_16_Gas,DRIVEALONE,-3.157743841617439,Van_13_Gas,eat,-9.0,0out_0in,work
125156,2503,eatout,1,1,1,1,non_mandatory,1,9898.0,1217.0,983,36.0,40.0,4.0,,,-9.0,1089.0,,False,True,15.535905974407749,SUV_7_Gas,SUV_7_Gas,SUV_7_Gas,WALK,1.4138981224817315,,,-9.0,0out_1in,eatout
125229,2504,othmaint,1,1,1,1,non_mandatory,1,24331.0,1217.0,984,8.0,21.0,13.0,,,-9.0,328.0,,True,False,7.607289782845932,SUV_20_Gas,Car_15_Gas,Car_15_Gas,DRIVEALONE,-9.867664741336108,SUV_20_Gas,,-9.0,2out_1in,othmaint
125275,2505,othdiscr,1,1,1,1,non_mandatory,1,11186.0,1217.0,984,35.0,36.0,1.0,,,-9.0,1072.0,,False,True,12.806331969304072,Car_3_Gas,Car_15_Gas,SUV_20_Gas,WALK,-0.0274753523125234,,,-9.0,1out_2in,othdiscr
125304,2506,eat,1,1,1,1,atwork,1,23866.0,7369.0,985,21.0,21.0,0.0,,,-9.0,770.0,,,,2.957578164332102,,,,DRIVEALONE,-0.9657278850476768,SUV_19_Gas,,125348.0,0out_0in,atwork
125348,2506,work,1,1,1,1,mandatory,1,7369.0,1217.0,985,4.0,28.0,24.0,,,-9.0,165.0,,,,-9.0,SUV_19_Gas,SUV_19_Gas,SUV_19_Gas,DRIVEALONE,-1.5680099420969735,SUV_19_Gas,eat,-9.0,0out_0in,work
125375,2507,othdiscr,1,1,1,1,non_mandatory,1,1217.0,1217.0,985,34.0,37.0,3.0,,,-9.0,1059.0,,False,True,14.54402505210394,SUV_19_Gas,SUV_19_Gas,SUV_19_Gas,WALK,2.199503464008572,,,-9.0,0out_0in,othdiscr
125479,2509,othmaint,1,1,5,5,non_mandatory,1,16287.0,1217.0,986,12.0,13.0,1.0,,,-9.0,474.0,,False,True,12.105886761735343,Car_13_Gas,Car_13_Gas,Car_13_Gas,SHARED3,-1.0898089215593194,Car_13_Gas,,-9.0,0out_0in,othmaint
125485,2509,escort,4,1,1,5,non_mandatory,1,16064.0,1217.0,986,8.0,10.0,2.0,pure_escort,,1.0,317.0,,False,True,-9.0,Van_20_Gas,Car_13_Gas,Car_13_Gas,SHARED3,-1.6097284783540995,Car_13_Gas,,-9.0,0out_0in,escort
125486,2509,escort,4,2,2,5,non_mandatory,1,4962.0,1217.0,986,11.0,11.0,0.0,pure_escort,,1.0,435.0,,False,True,-9.0,Car_13_Gas,Car_13_Gas,Car_13_Gas,SHARED3,0.5700579363673205,Car_13_Gas,,-9.0,0out_0in,escort
125487,2509,escort,4,3,3,5,non_mandatory,1,7211.0,1217.0,986,13.0,16.0,3.0,pure_escort,,1.0,513.0,,False,True,-9.0,Car_13_Gas,Pickup_20_Gas,Car_13_Gas,WALK,0.4751103312014222,,,-9.0,0out_0in,escort
125488,2509,escort,4,4,4,5,non_mandatory,1,16064.0,1217.0,986,17.0,24.0,7.0,,pure_escort,1.0,655.0,,False,True,-9.0,Van_20_Gas,Van_20_Gas,Car_13_Gas,SHARED3,-1.5661113695403726,Car_13_Gas,,-9.0,0out_0in,escort
125529,2510,othmaint,1,1,5,5,non_mandatory,1,5456.0,1217.0,986,21.0,21.0,0.0,,,-9.0,770.0,,False,True,11.469954692556888,Van_20_Gas,Van_20_Gas,Pickup_20_Gas,WALK,0.3691765787001348,,,-9.0,2out_1in,othmaint
125535,2510,escort,2,1,1,5,non_mandatory,1,4962.0,1217.0,986,24.0,27.0,3.0,,pure_escort,1.0,854.0,,False,True,-9.0,Car_13_Gas,Van_20_Gas,Van_20_Gas,SHARED3,0.775355219089548,Van_20_Gas,,-9.0,0out_0in,escort
125536,2510,escort,2,2,2,5,non_mandatory,1,7211.0,1217.0,986,28.0,30.0,2.0,,pure_escort,1.0,947.0,,False,True,-9.0,Car_13_Gas,Van_20_Gas,Van_20_Gas,SHARED2,0.7384433945432679,Van_20_Gas,,-9.0,0out_0in,escort
125541,2510,shopping,2,1,3,5,non_mandatory,1,8418.0,1217.0,986,20.0,21.0,1.0,,,-9.0,742.0,,False,True,9.510957345365282,non_hh_veh,Car_13_Gas,Car_13_Gas,SHARED2,-0.2221942411161235,Car_13_Gas,,-9.0,3out_2in,shopping
125542,2510,shopping,2,2,4,5,non_mandatory,1,23883.0,1217.0,986,31.0,37.0,6.0,,,-9.0,1011.0,,False,True,9.93106409045179,Van_20_Gas,Car_13_Gas,Van_20_Gas,WALK,-0.1967725374111044,,,-9.0,1out_1in,shopping
125583,2511,school,1,1,1,1,mandatory,1,7211.0,1217.0,986,13.0,30.0,17.0,pure_escort,pure_escort,-9.0,527.0,,,,-9.0,Car_13_Gas,Van_20_Gas,Car_13_Gas,SHARED2,5.717251959181675,Van_20_Gas,,-9.0,0out_0in,school
125633,2512,school,1,1,1,1,mandatory,1,16064.0,1217.0,986,8.0,24.0,16.0,pure_escort,pure_escort,-9.0,331.0,,,,-9.0,Car_13_Gas,Car_13_Gas,Car_13_Gas,SHARED3,0.1887487927329468,Car_13_Gas,,-9.0,0out_0in,school
125733,2514,school,1,1,1,1,mandatory,1,4962.0,1217.0,986,11.0,27.0,16.0,pure_escort,pure_escort,-9.0,451.0,,,,-9.0,Car_13_Gas,Car_13_Gas,Car_13_Gas,SHARED3,6.565348687580044,Car_13_Gas,,-9.0,0out_0in,school
125759,2515,escort,1,1,2,3,non_mandatory,1,1114.0,1276.0,987,11.0,11.0,0.0,,,-9.0,435.0,,False,True,13.489746096132704,Car_10_Gas,Car_10_Gas,Car_10_Gas,WALK,-0.1713254382917428,,,-9.0,0out_0in,escort
125771,2515,social,1,1,1,3,joint,3,18944.0,1276.0,987,3.0,6.0,3.0,,,-9.0,98.0,adults,False,True,13.758378360216744,Car_10_Gas,Car_10_Gas,Car_10_Gas,SHARED3,-52.98080416897792,Car_10_Gas,,-9.0,0out_1in,social
125791,2515,shopping,1,1,3,3,non_mandatory,1,23257.0,1276.0,987,22.0,27.0,5.0,,,-9.0,803.0,,False,True,10.166786450830072,Car_10_Gas,Car_10_Gas,Car_10_Gas,DRIVEALONE,-2.312631280906507,Car_10_Gas,,-9.0,1out_1in,shopping
125804,2516,eat,1,1,1,1,atwork,1,6839.0,6190.0,987,25.0,26.0,1.0,,,-9.0,877.0,,,,4.495506448587655,,,,SHARED3,-0.8883655665026282,Car_10_Gas,,125848.0,0out_0in,atwork
125848,2516,work,1,1,1,1,mandatory,1,6190.0,1276.0,987,6.0,43.0,37.0,,,-9.0,267.0,,,,-9.0,Car_10_Gas,Car_10_Gas,Pickup_20_Gas,DRIVEALONE,-3.3436530351362856,Car_10_Gas,eat,-9.0,0out_1in,work
126009,2520,escort,1,1,1,1,non_mandatory,1,9898.0,1276.0,989,10.0,10.0,0.0,,,-9.0,396.0,,False,True,13.6884863659903,Car_6_Gas,Car_6_Gas,Car_6_Gas,DRIVEALONE,0.2677268918823301,Car_6_Gas,,-9.0,0out_0in,escort
126135,2522,escort,6,1,1,7,non_mandatory,1,9910.0,1276.0,990,8.0,8.0,0.0,pure_escort,,1.0,315.0,,False,True,-9.0,Pickup_11_Gas,Pickup_11_Gas,SUV_20_Gas,SHARED3,-3.338990915354448,SUV_20_Gas,,-9.0,0out_3in,escort
126136,2522,escort,6,2,2,7,non_mandatory,1,16784.0,1276.0,990,8.0,9.0,1.0,pure_escort,,1.0,316.0,,False,True,-9.0,Pickup_11_Gas,SUV_20_Gas,Pickup_11_Gas,SHARED2,-2.5432585435617794,SUV_20_Gas,,-9.0,0out_0in,escort
126137,2522,escort,6,3,3,7,non_mandatory,1,5702.0,1276.0,990,12.0,13.0,1.0,pure_escort,,1.0,474.0,,False,True,-9.0,SUV_20_Gas,Pickup_11_Gas,Pickup_11_Gas,SHARED2,-2.5406288702076774,Pickup_11_Gas,,-9.0,0out_0in,escort
126138,2522,escort,6,4,4,7,non_mandatory,1,16784.0,1276.0,990,25.0,26.0,1.0,,pure_escort,1.0,877.0,,False,True,-9.0,Pickup_11_Gas,SUV_20_Gas,Pickup_11_Gas,SHARED2,-2.4493243958938824,SUV_20_Gas,,-9.0,0out_0in,escort
126139,2522,escort,6,5,5,7,non_mandatory,1,5702.0,1276.0,990,30.0,31.0,1.0,,pure_escort,1.0,987.0,,False,True,-9.0,SUV_20_Gas,SUV_20_Gas,Pickup_11_Gas,SHARED3,-2.673238261937735,Pickup_11_Gas,,-9.0,0out_0in,escort
126140,2522,escort,6,6,6,7,non_mandatory,1,9910.0,1276.0,990,32.0,34.0,2.0,,pure_escort,1.0,1025.0,,False,True,-9.0,Pickup_11_Gas,SUV_20_Gas,SUV_20_Gas,SHARED3,-3.20129862703607,SUV_20_Gas,,-9.0,0out_0in,escort
126141,2522,shopping,1,1,7,7,non_mandatory,1,2420.0,1276.0,990,13.0,18.0,5.0,,,-9.0,515.0,,False,True,10.212854717304593,Pickup_11_Gas,Pickup_11_Gas,SUV_20_Gas,DRIVEALONE,-1.1157386714052948,Pickup_11_Gas,,-9.0,0out_0in,shopping
126179,2523,othmaint,1,1,2,2,non_mandatory,1,1562.0,1276.0,990,32.0,32.0,0.0,,,-9.0,1023.0,,False,True,10.34208580695022,Pickup_11_Gas,SUV_20_Gas,Pickup_11_Gas,WALK,2.2257842762548896,,,-9.0,0out_1in,othmaint
126183,2523,school,1,1,1,2,mandatory,1,7004.0,1276.0,990,10.0,26.0,16.0,,,-9.0,412.0,,,,-9.0,Pickup_11_Gas,Pickup_11_Gas,Pickup_11_Gas,WALK,5.816175608908093,,,-9.0,0out_1in,school
126233,2524,school,1,1,1,1,mandatory,1,7004.0,1276.0,990,11.0,27.0,16.0,,,-9.0,451.0,,,,-9.0,SUV_20_Gas,Pickup_11_Gas,Pickup_11_Gas,WALK,6.643230983935736,,,-9.0,1out_0in,school
126283,2525,school,1,1,1,1,mandatory,1,16784.0,1276.0,990,8.0,26.0,18.0,pure_escort,pure_escort,-9.0,333.0,,,,-9.0,Pickup_11_Gas,Pickup_11_Gas,non_hh_veh,SHARED2,-3.004132638556191,Pickup_11_Gas,,-9.0,0out_0in,school
126333,2526,school,1,1,1,1,mandatory,1,9910.0,1276.0,990,8.0,34.0,26.0,pure_escort,pure_escort,-9.0,341.0,,,,-9.0,Pickup_11_Gas,Pickup_11_Gas,Pickup_11_Gas,SHARED3,-4.203332891839336,Pickup_11_Gas,,-9.0,0out_0in,school
126383,2527,school,1,1,1,1,mandatory,1,5702.0,1276.0,990,12.0,31.0,19.0,pure_escort,pure_escort,-9.0,492.0,,,,-9.0,Pickup_11_Gas,Pickup_11_Gas,SUV_20_Gas,SHARED3,-3.86829152138462,SUV_20_Gas,,-9.0,0out_0in,school
126409,2528,escort,1,1,2,2,non_mandatory,1,24049.0,1276.0,991,28.0,30.0,2.0,,,-9.0,947.0,,False,True,13.138462126990463,Car_5_Gas,Van_9_Gas,Van_9_Gas,DRIVEALONE,0.1434132462055548,Car_5_Gas,,-9.0,0out_1in,escort
126448,2528,work,1,1,1,2,mandatory,1,6926.0,1276.0,991,7.0,28.0,21.0,,,-9.0,294.0,,,,-9.0,Car_5_Gas,Van_9_Gas,Van_9_Gas,SHARED3,-4.461086192940537,Van_9_Gas,no_subtours,-9.0,0out_2in,work
126475,2529,othdiscr,1,1,2,2,non_mandatory,1,7004.0,1276.0,991,31.0,32.0,1.0,,,-9.0,1006.0,,False,True,15.732550530971428,Van_9_Gas,Van_9_Gas,Van_9_Gas,WALK,3.546726937226245,,,-9.0,0out_0in,othdiscr
126483,2529,school,1,1,1,2,mandatory,1,7004.0,1276.0,991,9.0,25.0,16.0,,,-9.0,372.0,,,,-9.0,Car_5_Gas,Van_9_Gas,Van_9_Gas,WALK,5.812251692085545,,,-9.0,1out_0in,school
126509,2530,escort,1,1,2,2,non_mandatory,1,1450.0,1276.0,991,24.0,25.0,1.0,,,-9.0,852.0,,False,True,13.60261746258598,Car_5_Gas,Van_9_Gas,Van_9_Gas,WALK,1.876101708959268,,,-9.0,0out_0in,escort
126533,2530,school,1,1,1,2,mandatory,1,7004.0,1276.0,991,9.0,24.0,15.0,,,-9.0,371.0,,,,-9.0,Car_5_Gas,Van_9_Gas,Van_9_Gas,WALK,6.765288468963909,,,-9.0,1out_0in,school
126583,2531,school,1,1,1,1,mandatory,1,5702.0,1276.0,991,11.0,28.0,17.0,,,-9.0,452.0,,,,-9.0,Car_5_Gas,Van_9_Gas,Car_5_Gas,SHARED3,-3.3271593631005407,Car_5_Gas,,-9.0,0out_2in,school
126633,2532,school,1,1,1,1,mandatory,1,23872.0,1276.0,991,10.0,26.0,16.0,,,-9.0,412.0,,,,-9.0,Car_5_Gas,Car_5_Gas,Van_9_Gas,BIKE,3.7782096021017737,,,-9.0,1out_0in,school
126683,2533,school,1,1,1,1,mandatory,1,23872.0,1276.0,991,10.0,29.0,19.0,,,-9.0,415.0,,,,-9.0,Car_5_Gas,Van_9_Gas,Car_5_Gas,WALK,4.811939766340175,,,-9.0,1out_0in,school
126729,2534,othmaint,1,1,2,2,non_mandatory,1,1031.0,1276.0,992,26.0,27.0,1.0,,,-9.0,901.0,,False,True,12.120966858093972,SUV_20_Gas,SUV_20_Gas,SUV_20_Gas,DRIVEALONE,-1.258258355402707,SUV_20_Gas,,-9.0,0out_0in,othmaint
126741,2534,shopping,1,1,1,2,non_mandatory,1,2465.0,1276.0,992,29.0,30.0,1.0,,,-9.0,967.0,,False,True,10.126164337322049,SUV_20_Gas,SUV_20_Gas,SUV_20_Gas,WALK,0.2204366391043431,,,-9.0,0out_0in,shopping
126775,2535,othdiscr,2,1,1,2,non_mandatory,1,7004.0,1276.0,993,32.0,39.0,7.0,,,-9.0,1030.0,,False,True,15.266579586338349,Pickup_14_Gas,Pickup_14_Gas,Pickup_14_Gas,WALK,1.5869101321350805,,,-9.0,0out_0in,othdiscr
126776,2535,othdiscr,2,2,2,2,non_mandatory,1,7004.0,1276.0,993,12.0,17.0,5.0,,,-9.0,478.0,,False,True,15.302300521239124,Car_20_Gas,Car_20_Gas,Pickup_14_Gas,WALK,1.5873986692589477,,,-9.0,0out_3in,othdiscr
126848,2536,work,1,1,1,1,mandatory,1,12707.0,1276.0,994,7.0,29.0,22.0,,,-9.0,295.0,,,,-9.0,Car_3_Gas,Pickup_9_Gas,Car_3_Gas,DRIVEALONE,-6.793840632495595,Car_3_Gas,no_subtours,-9.0,0out_0in,work
126883,2537,school,1,1,1,1,mandatory,1,19370.0,1276.0,994,16.0,29.0,13.0,,,-9.0,628.0,,,,-9.0,Car_3_Gas,Pickup_9_Gas,Pickup_9_Gas,DRIVEALONE,-4.292929362574299,Car_3_Gas,,-9.0,3out_0in,univ
126929,2538,othmaint,1,1,1,1,non_mandatory,1,23876.0,1276.0,995,20.0,21.0,1.0,,,-9.0,742.0,,False,True,11.180211843249376,Car_3_BEV,Car_3_BEV,Pickup_2_BEV,WALK,0.0766114190181359,,,-9.0,0out_0in,othmaint
126959,2539,escort,2,1,2,3,non_mandatory,1,9902.0,1276.0,996,12.0,16.0,4.0,,,-9.0,477.0,,False,True,13.33032841083092,SUV_10_Gas,Car_10_Gas,Car_10_Gas,SHARED3,0.4689748098319557,Car_10_Gas,,-9.0,0out_0in,escort
126960,2539,escort,2,2,3,3,non_mandatory,1,12534.0,1276.0,996,30.0,31.0,1.0,,,-9.0,987.0,,False,True,13.166765423229506,Car_10_Gas,SUV_10_Gas,SUV_10_Gas,SHARED3,0.259273231225466,SUV_10_Gas,,-9.0,0out_1in,escort
126998,2539,work,1,1,1,3,mandatory,1,23041.0,1276.0,996,31.0,43.0,12.0,,,-9.0,1017.0,,,,-9.0,Car_10_Gas,SUV_10_Gas,Car_10_Gas,DRIVEALONE,-3.340922515493832,Car_10_Gas,no_subtours,-9.0,1out_2in,work
127048,2540,work,1,1,1,1,mandatory,1,18844.0,1276.0,996,8.0,29.0,21.0,,,-9.0,336.0,,,,-9.0,Car_10_Gas,Car_10_Gas,Car_10_Gas,SHARED3,-2.5473358643856967,Car_10_Gas,no_subtours,-9.0,0out_0in,work
127083,2541,school,1,1,1,1,mandatory,1,4962.0,1276.0,996,18.0,18.0,0.0,,,-9.0,680.0,,,,-9.0,SUV_10_Gas,Car_10_Gas,Car_10_Gas,WALK,5.2529920061826285,,,-9.0,1out_0in,school
127133,2542,school,1,1,1,1,mandatory,1,23872.0,1276.0,996,10.0,28.0,17.0,pure_escort,pure_escort,-9.0,414.0,,,,-9.0,Car_10_Gas,SUV_10_Gas,Car_10_Gas,SHARED3,3.64168197981555,Car_10_Gas,,-9.0,1out_0in,school
127183,2543,school,1,1,1,1,mandatory,1,12376.0,1276.0,996,11.0,27.0,16.0,pure_escort,pure_escort,-9.0,451.0,,,,-9.0,Car_10_Gas,Car_10_Gas,Car_10_Gas,SHARED2,-1.666314893612719,Car_10_Gas,,-9.0,0out_0in,school
127233,2544,school,1,1,1,1,mandatory,1,23872.0,1276.0,996,10.0,28.0,17.0,pure_escort,pure_escort,-9.0,414.0,,,,-9.0,Car_10_Gas,SUV_10_Gas,SUV_10_Gas,SHARED3,3.792089223754904,SUV_10_Gas,,-9.0,0out_1in,school
127325,2546,othdiscr,1,1,7,7,non_mandatory,1,7004.0,1276.0,996,31.0,37.0,6.0,,,-9.0,1011.0,,False,True,14.81795980854371,SUV_10_Gas,SUV_10_Gas,SUV_10_Gas,WALK,0.961111641686262,,,-9.0,0out_0in,othdiscr
127329,2546,othmaint,1,1,6,7,non_mandatory,1,13130.0,1276.0,996,16.0,19.0,3.0,,,-9.0,618.0,,False,True,10.741657486794402,SUV_10_Gas,SUV_10_Gas,Car_10_Gas,SHARED2,-0.0839692771627368,SUV_10_Gas,,-9.0,0out_0in,othmaint
127335,2546,escort,4,1,1,7,non_mandatory,1,23872.0,1276.0,996,10.0,11.0,1.0,pure_escort,,2.0,397.0,,False,True,-9.0,Car_10_Gas,SUV_10_Gas,Car_10_Gas,WALK,-1.4260592029298838,,,-9.0,1out_0in,escort
127336,2546,escort,4,2,2,7,non_mandatory,1,12376.0,1276.0,996,11.0,14.0,3.0,pure_escort,,1.0,438.0,,False,True,-9.0,Car_10_Gas,Car_10_Gas,SUV_10_Gas,SHARED2,-5.749141221037985,Car_10_Gas,,-9.0,0out_0in,escort
127337,2546,escort,4,3,3,7,non_mandatory,1,12376.0,1276.0,996,25.0,27.0,2.0,,pure_escort,1.0,878.0,,False,True,-9.0,SUV_10_Gas,SUV_10_Gas,SUV_10_Gas,SHARED2,-5.906298750111558,SUV_10_Gas,,-9.0,3out_0in,escort
127338,2546,escort,4,4,4,7,non_mandatory,1,23872.0,1276.0,996,27.0,28.0,1.0,,pure_escort,2.0,924.0,,False,True,-9.0,SUV_10_Gas,SUV_10_Gas,SUV_10_Gas,SHARED3,-1.429917663511473,SUV_10_Gas,,-9.0,0out_1in,escort
127341,2546,shopping,1,1,5,7,non_mandatory,1,23860.0,1276.0,996,24.0,25.0,1.0,,,-9.0,852.0,,False,True,9.66992606520678,SUV_10_Gas,SUV_10_Gas,SUV_10_Gas,DRIVEALONE,0.433332568176423,SUV_10_Gas,,-9.0,0out_0in,shopping
127375,2547,othdiscr,1,1,1,1,non_mandatory,1,1450.0,1276.0,997,20.0,27.0,7.0,,,-9.0,748.0,,False,True,14.84346274750534,Car_6_Gas,SUV_6_Gas,SUV_6_Gas,WALK,1.6316341454571337,,,-9.0,0out_1in,othdiscr
127441,2548,shopping,1,1,1,1,non_mandatory,1,23056.0,1276.0,997,15.0,19.0,4.0,,,-9.0,585.0,,False,True,10.55425037342441,SUV_6_Gas,Car_6_Gas,SUV_6_Gas,DRIVEALONE,-2.2478974790459105,SUV_6_Gas,,-9.0,1out_0in,shopping
127475,2549,othdiscr,1,1,1,1,non_mandatory,1,7004.0,1276.0,998,6.0,37.0,31.0,,,-9.0,261.0,,False,True,15.033681246870536,non_hh_veh,non_hh_veh,non_hh_veh,WALK,2.5743932388770725,,,-9.0,0out_0in,othdiscr
127525,2550,othdiscr,2,1,1,2,non_mandatory,1,7004.0,1276.0,999,6.0,6.0,0.0,,,-9.0,230.0,,False,True,14.206265365296456,Car_13_Gas,Car_13_Gas,Car_13_Gas,DRIVEALONE,0.7433244357666395,Car_13_Gas,,-9.0,0out_1in,othdiscr
127526,2550,othdiscr,2,2,2,2,non_mandatory,1,7004.0,1276.0,999,30.0,30.0,0.0,,,-9.0,986.0,,False,True,14.689568299021731,Car_13_Gas,Van_20_Gas,Van_20_Gas,WALK,0.7426008439646988,,,-9.0,0out_1in,othdiscr
127595,2551,social,1,1,1,1,non_mandatory,1,15955.0,1276.0,999,21.0,29.0,8.0,,,-9.0,778.0,,False,True,14.766234294549909,Car_13_Gas,Car_13_Gas,Van_20_Gas,DRIVEALONE,-2.6333064062379616,Car_13_Gas,,-9.0,1out_0in,social
127629,2552,othmaint,1,1,1,2,non_mandatory,1,12196.0,1276.0,999,22.0,24.0,2.0,,,-9.0,800.0,,False,True,12.980451777332554,Car_13_Gas,Van_20_Gas,Car_13_Gas,WALK_PRM,-5.996057540826825,,,-9.0,3out_3in,othmaint
127645,2552,social,1,1,2,2,non_mandatory,1,16325.0,1276.0,999,10.0,16.0,6.0,,,-9.0,402.0,,False,True,15.606389352864197,Car_13_Gas,Van_20_Gas,Van_20_Gas,DRIVEALONE,-0.9652484254756712,Car_13_Gas,,-9.0,0out_1in,social
127675,2553,othdiscr,1,1,2,2,non_mandatory,1,7004.0,1276.0,1000,9.0,10.0,1.0,,,-9.0,357.0,,False,True,14.533066149270809,SUV_2_Gas,SUV_2_Gas,SUV_2_Gas,DRIVEALONE,0.8174243717867203,SUV_2_Gas,,-9.0,0out_0in,othdiscr
127679,2553,othmaint,1,1,1,2,non_mandatory,1,15922.0,1276.0,1000,24.0,28.0,4.0,,,-9.0,855.0,,False,True,11.289529759365257,SUV_2_Gas,SUV_2_Gas,SUV_2_Gas,DRIVEALONE,-2.5333741919989152,SUV_2_Gas,,-9.0,0out_0in,othmaint
127725,2554,othdiscr,1,1,1,1,non_mandatory,1,2395.0,1276.0,1000,32.0,33.0,1.0,,,-9.0,1024.0,,False,True,14.853231392999824,SUV_2_Gas,SUV_2_Gas,SUV_2_Gas,DRIVEALONE,0.4086665240531565,SUV_2_Gas,,-9.0,0out_0in,othdiscr
127791,2555,shopping,1,1,1,1,non_mandatory,1,3579.0,1276.0,1001,26.0,27.0,1.0,,,-9.0,901.0,,False,True,10.515329178934383,Car_12_Gas,Car_12_Gas,Car_12_Gas,SHARED2,0.0754728192552341,Car_12_Gas,,-9.0,0out_0in,shopping
127829,2556,othmaint,1,1,1,1,non_mandatory,1,23056.0,1276.0,1002,18.0,26.0,8.0,,,-9.0,688.0,,False,True,12.06415135062652,Pickup_6_Gas,Pickup_6_Gas,Pickup_6_Gas,SHARED2,-1.4577241753000427,Pickup_6_Gas,,-9.0,0out_0in,othmaint
127898,2557,work,2,1,1,2,mandatory,1,15673.0,1276.0,1002,10.0,29.0,19.0,,,-9.0,415.0,,,,-9.0,Car_13_Gas,Car_13_Gas,Car_13_Gas,DRIVEALONE,-1.9842575104838087,Car_13_Gas,no_subtours,-9.0,0out_0in,work
127899,2557,work,2,2,2,2,mandatory,1,15673.0,1276.0,1002,29.0,31.0,2.0,,,-9.0,968.0,,,,-9.0,Car_13_Gas,Car_13_Gas,Pickup_6_Gas,DRIVEALONE,-1.939262654948616,Car_13_Gas,no_subtours,-9.0,0out_0in,work
127900,2558,business,1,1,1,1,atwork,1,7616.0,5878.0,1003,22.0,23.0,1.0,,,-9.0,799.0,,,,3.19383053918182,,,,SHARED2,-6.079872157454487,Car_9_Gas,,127948.0,1out_0in,atwork
127948,2558,work,1,1,1,1,mandatory,1,5878.0,1276.0,1003,9.0,29.0,20.0,,,-9.0,376.0,,,,-9.0,Pickup_13_Gas,Car_9_Gas,Pickup_13_Gas,SHARED2,-1.155078433347046,Car_9_Gas,business1,-9.0,0out_0in,work
127979,2559,othmaint,2,1,1,2,non_mandatory,1,5846.0,1276.0,1003,25.0,27.0,2.0,,,-9.0,878.0,,False,True,13.627176073626234,Pickup_13_Gas,Pickup_13_Gas,Car_9_Gas,DRIVEALONE,1.8742057818715028,Pickup_13_Gas,,-9.0,0out_3in,othmaint
127980,2559,othmaint,2,2,2,2,non_mandatory,1,23056.0,1276.0,1003,16.0,20.0,4.0,,,-9.0,619.0,,False,True,11.960369832827102,Car_9_Gas,Pickup_13_Gas,Car_9_Gas,BIKE,-3.906237673272706,,,-9.0,0out_0in,othmaint
128079,2561,othmaint,1,1,1,1,non_mandatory,1,18565.0,1276.0,1004,10.0,22.0,12.0,,,-9.0,408.0,,False,True,11.05747968639508,SUV_20_Gas,Pickup_19_Gas,SUV_20_Gas,DRIVEALONE,-1.8764483795387508,SUV_20_Gas,,-9.0,1out_0in,othmaint
128298,2565,work,1,1,1,1,mandatory,1,18820.0,1276.0,1007,10.0,22.0,12.0,,,-9.0,408.0,,,,-9.0,SUV_5_Gas,SUV_5_Gas,SUV_5_Gas,DRIVEALONE,-1.5843054034910864,SUV_5_Gas,no_subtours,-9.0,0out_0in,work
128301,2566,business,1,1,1,1,atwork,1,18460.0,18739.0,1007,24.0,25.0,1.0,,,-9.0,852.0,,,,7.136013243280274,,,,DRIVEALONE,0.0729252486975379,SUV_5_Gas,,128349.0,0out_2in,atwork
128304,2566,eat,1,1,1,1,atwork,1,18462.0,18739.0,1007,16.0,17.0,1.0,,,-9.0,616.0,,,,6.858347883286678,,,,WALK,-0.5825128402603653,SUV_5_Gas,,128348.0,0out_0in,atwork
128348,2566,work,2,1,1,2,mandatory,1,18739.0,1276.0,1007,14.0,17.0,3.0,,,-9.0,549.0,,,,-9.0,SUV_5_Gas,SUV_5_Gas,SUV_7_Gas,DRIVEALONE,-1.8893107482866471,SUV_5_Gas,eat,-9.0,0out_0in,work
128349,2566,work,2,2,2,2,mandatory,1,18739.0,1276.0,1007,19.0,31.0,12.0,,,-9.0,723.0,,,,-9.0,SUV_5_Gas,SUV_7_Gas,SUV_7_Gas,DRIVEALONE,-1.9378973525851384,SUV_5_Gas,business1,-9.0,0out_1in,work
128365,2567,othdiscr,3,1,1,4,joint,2,7004.0,1276.0,1008,32.0,36.0,4.0,,,-9.0,1027.0,adults,False,True,14.24588204556246,Van_15_Gas,Van_15_Gas,Van_15_Gas,SHARED2,-0.2502160552575467,Van_15_Gas,,-9.0,0out_0in,othdiscr
128375,2567,othdiscr,3,2,3,4,non_mandatory,1,7004.0,1276.0,1008,9.0,9.0,0.0,,,-9.0,356.0,,False,True,14.745437316524102,Van_15_Gas,Van_15_Gas,Van_15_Gas,WALK,0.8113044071010382,,,-9.0,0out_2in,othdiscr
128376,2567,othdiscr,3,3,4,4,non_mandatory,1,7004.0,1276.0,1008,16.0,21.0,5.0,,,-9.0,620.0,,False,True,14.65041598673922,Van_15_Gas,Van_15_Gas,Van_15_Gas,WALK,0.8113401104580951,,,-9.0,0out_0in,othdiscr
128379,2567,othmaint,1,1,2,4,non_mandatory,1,16075.0,1276.0,1008,12.0,16.0,4.0,,,-9.0,477.0,,False,True,12.545117868180744,Van_15_Gas,Van_15_Gas,Van_15_Gas,DRIVEALONE,-2.6053464535509447,Van_15_Gas,,-9.0,0out_0in,othmaint
128598,2571,work,1,1,1,1,mandatory,1,13312.0,1276.0,1010,6.0,39.0,33.0,,,-9.0,263.0,,,,-9.0,SUV_10_Gas,SUV_10_Gas,SUV_10_Gas,DRIVEALONE,-3.7181980553354057,SUV_10_Gas,no_subtours,-9.0,0out_0in,work
128648,2572,work,2,1,1,2,mandatory,1,12535.0,1276.0,1011,13.0,18.0,5.0,,,-9.0,515.0,,,,-9.0,Car_12_Gas,Car_12_Gas,Car_12_Gas,SHARED2,-1.0497569534461162,Car_12_Gas,no_subtours,-9.0,0out_0in,work
128649,2572,work,2,2,2,2,mandatory,1,12535.0,1276.0,1011,21.0,22.0,1.0,,,-9.0,771.0,,,,-9.0,Car_12_Gas,Car_12_Gas,Car_12_Gas,DRIVEALONE,-1.0497720539832542,Car_12_Gas,no_subtours,-9.0,0out_0in,work
128654,2573,eat,1,1,1,1,atwork,1,8281.0,9909.0,1011,19.0,23.0,4.0,,,-9.0,715.0,,,,1.74484063976574,,,,DRIVEALONE,-16.16474828913156,Car_12_Gas,,128698.0,0out_0in,atwork
128698,2573,work,1,1,1,1,mandatory,1,9909.0,1276.0,1011,6.0,29.0,23.0,,,-9.0,253.0,,,,-9.0,Car_12_Gas,Car_12_Gas,Car_12_Gas,DRIVEALONE,-1.4974589250069383,Car_12_Gas,eat,-9.0,0out_0in,work
128748,2574,work,1,1,1,1,mandatory,1,23041.0,1276.0,1012,9.0,27.0,18.0,,,-9.0,374.0,,,,-9.0,Car_20_Gas,non_hh_veh,SUV_13_Gas,DRIVEALONE,-4.174909464162643,Car_20_Gas,no_subtours,-9.0,0out_0in,work
128759,2575,escort,2,1,1,4,non_mandatory,1,2143.0,1276.0,1012,27.0,28.0,1.0,,,-9.0,924.0,,False,True,13.385816151896394,SUV_13_Gas,SUV_13_Gas,SUV_13_Gas,SHARED2,0.0851247407342667,SUV_13_Gas,,-9.0,0out_0in,escort
128760,2575,escort,2,2,2,4,non_mandatory,1,229.0,1276.0,1012,10.0,10.0,0.0,,,-9.0,396.0,,False,True,13.361774556175932,Car_20_Gas,SUV_13_Gas,SUV_13_Gas,SHARED2,-0.3028073411025375,SUV_13_Gas,,-9.0,3out_3in,escort
128779,2575,othmaint,1,1,4,4,non_mandatory,1,23056.0,1276.0,1012,15.0,24.0,9.0,,,-9.0,590.0,,False,True,12.574040400391972,Car_14_Gas,Car_14_Gas,Car_14_Gas,BIKE,-2.9736852481766007,,,-9.0,0out_0in,othmaint
128791,2575,shopping,1,1,3,4,non_mandatory,1,16201.0,1276.0,1012,12.0,14.0,2.0,,,-9.0,475.0,,False,True,10.451799685428949,SUV_13_Gas,SUV_13_Gas,SUV_13_Gas,DRIVEALONE,-3.543107783758397,SUV_13_Gas,,-9.0,1out_0in,shopping
128804,2576,eat,1,1,1,1,atwork,1,5682.0,12712.0,1013,20.0,22.0,2.0,,,-9.0,743.0,,,,6.518709549235388,,,,WALK,0.3830507010404649,Car_2_Gas,,128848.0,0out_0in,atwork
128825,2576,othdiscr,1,1,2,2,non_mandatory,1,7004.0,1276.0,1013,31.0,36.0,5.0,,,-9.0,1010.0,,False,True,14.988430006573818,Car_6_Gas,Car_2_Gas,Car_2_Gas,WALK,2.3159795732517208,,,-9.0,1out_0in,othdiscr
128848,2576,work,1,1,1,2,mandatory,1,12712.0,1276.0,1013,4.0,30.0,26.0,,,-9.0,167.0,,,,-9.0,Car_2_Gas,Car_6_Gas,Car_2_Gas,DRIVEALONE,-4.30615594607075,Car_2_Gas,eat,-9.0,0out_0in,work
128898,2577,work,1,1,1,1,mandatory,1,18530.0,1276.0,1013,13.0,27.0,14.0,,,-9.0,524.0,,,,-9.0,Car_2_Gas,Car_2_Gas,Car_2_Gas,DRIVEALONE,-1.0719774660112107,Car_2_Gas,no_subtours,-9.0,0out_0in,work
128909,2578,escort,1,1,1,1,non_mandatory,1,2424.0,1276.0,1014,10.0,10.0,0.0,,,-9.0,396.0,,False,True,13.1659837237433,Car_7_Gas,SUV_9_Gas,SUV_9_Gas,DRIVEALONE,0.6946721021304564,Car_7_Gas,,-9.0,0out_0in,escort
128954,2579,eat,1,1,1,1,atwork,1,10837.0,1380.0,1014,18.0,20.0,2.0,,,-9.0,682.0,,,,0.8565692484738275,,,,SHARED3,-4.466196940321932,SUV_9_Gas,,128998.0,1out_0in,atwork
128998,2579,work,1,1,1,1,mandatory,1,1380.0,1276.0,1014,8.0,31.0,23.0,,,-9.0,338.0,,,,-9.0,Car_7_Gas,SUV_9_Gas,SUV_20_Gas,SHARED2,-2.2603667868876656,SUV_9_Gas,eat,-9.0,0out_0in,work
129048,2580,work,1,1,1,1,mandatory,1,18462.0,1276.0,1014,31.0,43.0,12.0,,,-9.0,1017.0,,,,-9.0,SUV_20_Gas,SUV_9_Gas,SUV_20_Gas,SHARED3,-1.1290893397108712,SUV_20_Gas,no_subtours,-9.0,0out_0in,work
129059,2581,escort,2,1,2,3,non_mandatory,1,3679.0,1276.0,1015,37.0,37.0,0.0,,,-9.0,1098.0,,False,True,12.253816533802114,Pickup_18_Gas,Van_11_Gas,Van_11_Gas,SHARED3,0.2272143103380623,Van_11_Gas,,-9.0,0out_0in,escort
129060,2581,escort,2,2,3,3,non_mandatory,1,13561.0,1276.0,1015,23.0,23.0,0.0,,,-9.0,825.0,,False,True,12.117607647466905,Pickup_18_Gas,Van_11_Gas,Van_11_Gas,SHARED3,-1.2679571121158957,Van_11_Gas,,-9.0,0out_2in,escort
129069,2581,shopping,1,1,1,3,joint,5,2465.0,1276.0,1015,11.0,16.0,5.0,,,-9.0,440.0,mixed,False,True,10.188849063198411,Van_11_Gas,Pickup_18_Gas,Van_11_Gas,WALK,-2.0212573686626403,,,-9.0,0out_0in,shopping
129259,2585,escort,1,1,1,1,non_mandatory,1,3430.0,1276.0,1015,25.0,27.0,2.0,,,-9.0,878.0,,False,True,13.68050177215192,Van_11_Gas,Pickup_18_Gas,Van_11_Gas,WALK,1.8413707267153765,,,-9.0,0out_0in,escort
129319,2586,shopping,1,1,3,3,joint,5,7616.0,1276.0,1016,25.0,28.0,3.0,,,-9.0,879.0,mixed,False,True,11.470349612133647,SUV_10_Gas,SUV_10_Gas,SUV_10_Gas,SHARED3,-4.735462365797669,SUV_10_Gas,,-9.0,0out_1in,shopping
129335,2586,escort,2,1,1,3,non_mandatory,1,13595.0,1276.0,1016,10.0,11.0,1.0,pure_escort,,1.0,397.0,,False,True,-9.0,SUV_10_Gas,SUV_10_Gas,SUV_10_Gas,SHARED3,-1.675492306233804,SUV_10_Gas,,-9.0,0out_2in,escort
129336,2586,escort,2,2,2,3,non_mandatory,1,13595.0,1276.0,1016,24.0,25.0,1.0,,pure_escort,1.0,852.0,,False,True,-9.0,SUV_10_Gas,SUV_10_Gas,SUV_10_Gas,SHARED3,-1.4103293771606804,SUV_10_Gas,,-9.0,0out_0in,escort
129383,2587,school,1,1,1,1,mandatory,1,13595.0,1276.0,1016,10.0,25.0,15.0,pure_escort,pure_escort,-9.0,411.0,,,,-9.0,SUV_10_Gas,SUV_10_Gas,SUV_10_Gas,SHARED3,0.7388479187405231,SUV_10_Gas,,-9.0,0out_0in,school
129459,2589,escort,1,1,1,1,non_mandatory,1,2043.0,1276.0,1016,28.0,28.0,0.0,,,-9.0,945.0,,False,True,13.93181801491918,SUV_10_Gas,SUV_10_Gas,SUV_10_Gas,WALK,1.977993043583252,,,-9.0,0out_0in,escort
129559,2591,escort,2,2,4,4,non_mandatory,1,23868.0,1276.0,1017,10.0,10.0,0.0,,,-9.0,396.0,,False,True,13.52208574182954,Pickup_8_Gas,Pickup_8_Gas,Pickup_8_Gas,DRIVEALONE,-0.559711430717326,Pickup_8_Gas,,-9.0,0out_0in,escort
129585,2591,escort,2,1,3,4,non_mandatory,1,13595.0,1276.0,1017,10.0,14.0,4.0,pure_escort,,1.0,400.0,,False,True,-9.0,non_hh_veh,Pickup_8_Gas,Pickup_8_Gas,SHARED3,-1.808092509212443,Pickup_8_Gas,,-9.0,0out_1in,escort
129598,2591,work,2,1,1,4,mandatory,1,18846.0,1276.0,1017,16.0,30.0,14.0,,,-9.0,629.0,,,,-9.0,Pickup_8_Gas,Pickup_8_Gas,Pickup_8_Gas,SHARED2,-0.879333331825834,Pickup_8_Gas,no_subtours,-9.0,0out_0in,work
129599,2591,work,2,2,2,4,mandatory,1,18846.0,1276.0,1017,33.0,34.0,1.0,,,-9.0,1041.0,,,,-9.0,Pickup_8_Gas,Pickup_8_Gas,Pickup_8_Gas,DRIVEALONE,-0.8741202989216478,Pickup_8_Gas,no_subtours,-9.0,0out_0in,work
129609,2592,escort,1,1,1,1,non_mandatory,1,2465.0,1276.0,1017,24.0,32.0,8.0,,,-9.0,859.0,,False,True,13.868021803963735,Pickup_8_Gas,Pickup_8_Gas,Pickup_8_Gas,WALK,1.560730004718135,,,-9.0,0out_0in,escort
129683,2593,school,1,1,1,1,mandatory,1,13595.0,1276.0,1017,10.0,26.0,16.0,pure_escort,,-9.0,412.0,,,,-9.0,Pickup_8_Gas,Pickup_8_Gas,Pickup_8_Gas,SHARED3,-1.0491613231291952,Pickup_8_Gas,,-9.0,0out_0in,school
129709,2594,escort,1,1,1,1,non_mandatory,1,322.0,1276.0,1017,17.0,25.0,8.0,,,-9.0,656.0,,False,True,13.17088202964548,Pickup_8_Gas,Pickup_8_Gas,Pickup_8_Gas,WALK,1.4919003755627618,,,-9.0,0out_0in,escort
129775,2595,othdiscr,1,1,1,1,non_mandatory,1,7004.0,1276.0,1017,32.0,33.0,1.0,,,-9.0,1024.0,,False,True,16.237212516613752,Pickup_8_Gas,Pickup_8_Gas,Pickup_8_Gas,WALK,4.510733308173315,,,-9.0,0out_0in,othdiscr
129804,2596,eat,1,1,1,1,atwork,1,18506.0,18527.0,1018,18.0,20.0,2.0,,,-9.0,682.0,,,,3.850786750725972,,,,WALK,0.3174589677408493,SUV_10_Gas,,129848.0,0out_0in,atwork
129848,2596,work,1,1,1,1,mandatory,1,18527.0,1276.0,1018,10.0,38.0,28.0,,,-9.0,424.0,,,,-9.0,SUV_10_Gas,Car_1_Hybrid,SUV_10_Gas,DRIVEALONE,-2.538626927378742,SUV_10_Gas,eat,-9.0,0out_1in,work
129854,2597,eat,1,1,1,1,atwork,1,18973.0,23047.0,1018,19.0,20.0,1.0,,,-9.0,712.0,,,,4.050644900893324,,,,DRIVEALONE,-1.1284874707506545,Car_1_Hybrid,,129898.0,0out_0in,atwork
129898,2597,work,1,1,1,1,mandatory,1,23047.0,1276.0,1018,10.0,33.0,23.0,,,-9.0,419.0,,,,-9.0,Car_1_Hybrid,Car_1_Hybrid,SUV_10_Gas,DRIVEALONE,-2.4656698319281585,Car_1_Hybrid,eat,-9.0,0out_0in,work
129979,2599,othmaint,1,1,1,1,non_mandatory,1,24333.0,1276.0,1020,6.0,35.0,29.0,,,-9.0,259.0,,True,False,8.460690105178486,non_hh_veh,non_hh_veh,non_hh_veh,DRIVEALONE,-2.5182968652292,non_hh_veh,,-9.0,0out_1in,othmaint
130048,2600,work,1,1,1,1,mandatory,1,15865.0,1276.0,1021,7.0,27.0,20.0,,,-9.0,293.0,,,,-9.0,SUV_20_Gas,SUV_2_Gas,SUV_2_Gas,SHARED2,-3.4257048369600698,SUV_2_Gas,no_subtours,-9.0,0out_0in,work
130056,2601,eatout,1,1,1,1,non_mandatory,1,822.0,1276.0,1021,17.0,18.0,1.0,,,-9.0,649.0,,False,True,13.060503661436671,SUV_2_Gas,SUV_2_Gas,SUV_2_Gas,WALK,1.90943102029337,,,-9.0,0out_0in,eatout
130129,2602,othmaint,1,1,1,1,non_mandatory,1,20522.0,1276.0,1021,9.0,25.0,16.0,,,-9.0,372.0,,False,True,12.925080168998212,SUV_2_Gas,SUV_2_Gas,SUV_2_Gas,PNR_PRM,-7.101201679309648,SUV_2_Gas,,-9.0,0out_0in,othmaint
130191,2603,shopping,1,1,1,1,non_mandatory,1,23883.0,1276.0,1022,12.0,14.0,2.0,,,-9.0,475.0,,False,True,9.81299764999518,Car_3_Gas,Car_3_Gas,SUV_3_Gas,DRIVEALONE,-0.6492788399557079,Car_3_Gas,,-9.0,0out_0in,shopping
130204,2604,eat,1,1,1,1,atwork,1,10837.0,5878.0,1022,29.0,30.0,1.0,,,-9.0,967.0,,,,1.5769994160321228,,,,SHARED2,-1.7007615818749549,Pickup_18_Gas,,130248.0,0out_0in,atwork
130248,2604,work,2,1,1,2,mandatory,1,5878.0,1276.0,1022,22.0,41.0,19.0,,,-9.0,817.0,,,,-9.0,Pickup_18_Gas,SUV_3_Gas,SUV_3_Gas,DRIVEALONE,-2.966412271141919,Pickup_18_Gas,eat,-9.0,0out_0in,work
130249,2604,work,2,2,2,2,mandatory,1,5878.0,1276.0,1022,11.0,18.0,7.0,,,-9.0,442.0,,,,-9.0,SUV_3_Gas,SUV_3_Gas,Car_3_Gas,DRIVEALONE,-3.0747444309997807,SUV_3_Gas,no_subtours,-9.0,0out_0in,work
130275,2605,othdiscr,1,1,2,2,non_mandatory,1,11586.0,1276.0,1023,30.0,39.0,9.0,,,-9.0,995.0,,False,True,14.58842216781916,Car_11_Gas,Car_7_Gas,Car_7_Gas,WALK,1.6304765437550546,,,-9.0,3out_3in,othdiscr
130279,2605,othmaint,1,1,1,2,non_mandatory,1,23257.0,1276.0,1023,18.0,26.0,8.0,,,-9.0,688.0,,False,True,12.296726311301624,Car_7_Gas,Car_11_Gas,Car_11_Gas,DRIVEALONE,-1.904628212158436,Car_7_Gas,,-9.0,1out_1in,othmaint
130341,2606,shopping,1,1,1,1,non_mandatory,1,16182.0,1276.0,1023,13.0,18.0,5.0,,,-9.0,515.0,,False,True,10.298078963593886,Car_7_Gas,Car_11_Gas,Car_7_Gas,DRIVEALONE,-2.7748959424408377,Car_7_Gas,,-9.0,0out_0in,shopping
130398,2607,work,1,1,1,1,mandatory,1,5906.0,1276.0,1024,12.0,35.0,23.0,,,-9.0,496.0,,,,-9.0,Car_2_Gas,Car_3_Gas,Car_3_Gas,DRIVEALONE,-2.283783427297729,Car_2_Gas,no_subtours,-9.0,0out_1in,work
130425,2608,othdiscr,1,1,1,1,non_mandatory,1,7004.0,1276.0,1024,30.0,35.0,5.0,,,-9.0,991.0,,False,True,15.481481494777793,Car_3_Gas,Car_3_Gas,Car_3_Gas,WALK,2.1704476443510323,,,-9.0,0out_0in,othdiscr
130529,2610,othmaint,2,1,1,2,non_mandatory,1,16254.0,1276.0,1026,21.0,25.0,4.0,,,-9.0,774.0,,False,True,10.48387023152704,Car_20_Gas,Car_20_Gas,Car_20_Gas,SHARED2,-3.031440176983695,Car_20_Gas,,-9.0,0out_0in,othmaint
130530,2610,othmaint,2,2,2,2,non_mandatory,1,1350.0,1276.0,1026,20.0,21.0,1.0,,,-9.0,742.0,,False,True,10.174571212186214,Car_20_Gas,Car_20_Gas,Car_20_Gas,WALK,0.0945109818383572,,,-9.0,0out_1in,othmaint
130556,2611,eatout,1,1,2,2,non_mandatory,1,23848.0,1276.0,1027,17.0,22.0,5.0,,,-9.0,653.0,,False,True,15.396009097520473,Car_13_Gas,Car_13_Gas,Car_13_Gas,WALK,0.2479446774971299,,,-9.0,0out_0in,eatout
130591,2611,shopping,1,1,1,2,non_mandatory,1,23860.0,1276.0,1027,24.0,24.0,0.0,,,-9.0,851.0,,False,True,10.10599906992612,Car_13_Gas,Car_13_Gas,Car_13_Gas,DRIVEALONE,-0.1304685499084554,Car_13_Gas,,-9.0,0out_0in,shopping
130625,2612,othdiscr,1,1,2,2,non_mandatory,1,7004.0,1276.0,1028,8.0,11.0,3.0,,,-9.0,318.0,,False,True,14.388002874051132,SUV_8_Gas,SUV_8_Gas,Car_6_Gas,WALK,2.2401329871889915,,,-9.0,0out_1in,othdiscr
130648,2612,work,1,1,1,2,mandatory,1,5616.0,1276.0,1028,11.0,30.0,19.0,,,-9.0,454.0,,,,-9.0,Pickup_9_Gas,SUV_8_Gas,Pickup_9_Gas,DRIVEALONE,-2.7161273048678334,Pickup_9_Gas,no_subtours,-9.0,0out_0in,work
130704,2614,eat,1,1,1,1,atwork,1,18820.0,19064.0,1029,19.0,21.0,2.0,,,-9.0,713.0,,,,4.833676364222094,,,,DRIVEALONE,-1.103572890168033,Car_8_Gas,,130748.0,0out_0in,atwork
130748,2614,work,1,1,1,1,mandatory,1,19064.0,1276.0,1029,9.0,29.0,20.0,,,-9.0,376.0,,,,-9.0,Car_8_Gas,SUV_5_Gas,SUV_5_Gas,DRIVEALONE,-4.912870867422521,Car_8_Gas,eat,-9.0,0out_0in,work
130854,2617,eat,1,1,1,1,atwork,1,5682.0,5682.0,1030,19.0,20.0,1.0,,,-9.0,712.0,,,,7.410517141893297,,,,SHARED3,0.2024733601269096,Pickup_1_Gas,,130898.0,0out_0in,atwork
130898,2617,work,1,1,1,1,mandatory,1,5682.0,1276.0,1030,11.0,38.0,27.0,,,-9.0,462.0,,,,-9.0,Pickup_1_Gas,Pickup_1_Gas,Pickup_1_Gas,DRIVEALONE,-6.547494635413896,Pickup_1_Gas,eat,-9.0,0out_1in,work
130925,2618,othdiscr,1,1,3,3,non_mandatory,1,16433.0,1276.0,1031,7.0,8.0,1.0,,,-9.0,274.0,,False,True,14.214348750140289,Van_9_Gas,Van_9_Gas,Van_9_Gas,SHARED3,-2.843251439123704,Van_9_Gas,,-9.0,0out_2in,othdiscr
130933,2618,school,1,1,1,3,mandatory,1,19370.0,1276.0,1031,29.0,29.0,0.0,,,-9.0,966.0,,,,-9.0,Van_9_Gas,Van_9_Gas,Van_9_Gas,SHARED3,-5.601340415075113,Van_9_Gas,,-9.0,2out_0in,univ
130941,2618,shopping,1,1,2,3,non_mandatory,1,13532.0,1276.0,1031,17.0,19.0,2.0,,,-9.0,650.0,,False,True,9.262828908625409,Van_9_Gas,Van_9_Gas,Van_9_Gas,SHARED2,-2.432756068237908,Van_9_Gas,,-9.0,0out_0in,shopping
130975,2619,othdiscr,1,1,1,1,non_mandatory,1,1774.0,1276.0,1031,24.0,29.0,5.0,,,-9.0,856.0,,False,True,14.926786106285734,Van_9_Gas,Van_9_Gas,Van_9_Gas,WALK,4.122785650680301,,,-9.0,0out_2in,othdiscr
131054,2621,eat,1,1,1,1,atwork,1,8220.0,1399.0,1032,22.0,24.0,2.0,,,-9.0,800.0,,,,6.461047887486931,,,,WALK,-1.4071987545732816,Car_5_Gas,,131098.0,0out_0in,atwork
131098,2621,work,1,1,1,1,mandatory,1,1399.0,1276.0,1032,8.0,28.0,20.0,,,-9.0,335.0,,,,-9.0,Car_5_Gas,Car_5_Gas,Car_5_Gas,DRIVEALONE,-0.3129770465423291,Car_5_Gas,eat,-9.0,0out_2in,work
131148,2622,work,1,1,1,1,mandatory,1,16099.0,1276.0,1032,7.0,28.0,21.0,,,-9.0,294.0,,,,-9.0,Car_18_Gas,Car_5_Gas,Car_5_Gas,DRIVEALONE,-2.763672769161113,Car_18_Gas,no_subtours,-9.0,0out_0in,work
131191,2623,shopping,2,1,1,2,non_mandatory,1,16415.0,1276.0,1033,14.0,20.0,6.0,,,-9.0,552.0,,False,True,10.091485043733469,Pickup_17_Gas,Pickup_17_Gas,SUV_20_Gas,DRIVEALONE,-2.04793198699193,Pickup_17_Gas,,-9.0,0out_2in,shopping
131192,2623,shopping,2,2,2,2,non_mandatory,1,9901.0,1276.0,1033,34.0,37.0,3.0,,,-9.0,1059.0,,False,True,10.279929548756169,SUV_20_Gas,SUV_20_Gas,Pickup_17_Gas,DRIVEALONE,-0.1473988787749207,SUV_20_Gas,,-9.0,1out_0in,shopping
131279,2625,othmaint,2,1,1,2,non_mandatory,1,8111.0,1276.0,1034,32.0,33.0,1.0,,,-9.0,1024.0,,False,True,13.219315274773614,non_hh_veh,non_hh_veh,non_hh_veh,WALK,1.9644676100548972,,,-9.0,0out_1in,othmaint
131280,2625,othmaint,2,2,2,2,non_mandatory,1,13129.0,1276.0,1034,11.0,12.0,1.0,,,-9.0,436.0,,False,True,12.937391673130774,non_hh_veh,non_hh_veh,non_hh_veh,WALK,3.4413535296647213,,,-9.0,0out_0in,othmaint
131375,2627,othdiscr,1,1,1,1,non_mandatory,1,7004.0,1276.0,1035,18.0,30.0,12.0,,,-9.0,692.0,,False,True,15.024819603601612,Pickup_15_Gas,Car_14_Gas,Car_14_Gas,WALK,2.2359591825082314,,,-9.0,0out_0in,othdiscr
131425,2628,othdiscr,1,1,2,2,non_mandatory,1,7004.0,1276.0,1035,14.0,20.0,6.0,,,-9.0,552.0,,False,True,15.814460030874,Pickup_15_Gas,Pickup_15_Gas,Pickup_15_Gas,WALK,2.35849220666647,,,-9.0,0out_0in,othdiscr
131441,2628,shopping,1,1,1,2,non_mandatory,1,13535.0,1276.0,1035,20.0,29.0,9.0,,,-9.0,750.0,,False,True,10.606944798590922,Pickup_15_Gas,Car_14_Gas,Car_14_Gas,DRIVEALONE,-1.4494203372078605,Pickup_15_Gas,,-9.0,0out_0in,shopping
131625,2632,othdiscr,1,1,2,2,non_mandatory,1,7004.0,1276.0,1037,10.0,19.0,9.0,,,-9.0,405.0,,False,True,14.8331388002101,Pickup_20_Gas,Car_6_Gas,Car_6_Gas,DRIVEALONE,1.4048045188825151,Pickup_20_Gas,,-9.0,0out_1in,othdiscr
131629,2632,othmaint,1,1,1,2,non_mandatory,1,7979.0,1276.0,1037,31.0,32.0,1.0,,,-9.0,1006.0,,False,True,12.058600173098652,Car_6_Gas,Pickup_20_Gas,Car_6_Gas,DRIVEALONE,-1.2871869925468271,Car_6_Gas,,-9.0,0out_0in,othmaint
131656,2633,eatout,1,1,1,1,non_mandatory,1,5846.0,1276.0,1037,24.0,29.0,5.0,,,-9.0,856.0,,False,True,15.506918114689343,Car_6_Gas,Car_6_Gas,Car_6_Gas,WALK,1.3189209910326536,,,-9.0,0out_0in,eatout
131704,2634,eat,1,1,1,1,atwork,1,822.0,2465.0,1037,19.0,21.0,2.0,,,-9.0,713.0,,,,4.975548053396976,,,,DRIVEALONE,-0.0316918770016361,Car_6_Gas,,131748.0,0out_0in,atwork
131741,2634,shopping,1,1,2,2,non_mandatory,1,3579.0,1276.0,1037,32.0,32.0,0.0,,,-9.0,1023.0,,False,True,10.03446236472002,Motorcycle_2_BEV,Car_6_Gas,Car_6_Gas,WALK,0.9546257978795314,,,-9.0,0out_1in,shopping
131748,2634,work,1,1,1,2,mandatory,1,2465.0,1276.0,1037,9.0,30.0,21.0,,,-9.0,377.0,,,,-9.0,Car_6_Gas,Car_6_Gas,Car_6_Gas,DRIVEALONE,-0.6399186230708248,Car_6_Gas,eat,-9.0,0out_3in,work
131854,2637,eat,1,1,1,1,atwork,1,13596.0,1380.0,1040,17.0,20.0,3.0,,,-9.0,651.0,,,,0.7433135418716974,,,,SHARED3,-5.734025848031346,Van_9_Gas,,131898.0,0out_1in,atwork
131885,2637,escort,1,1,2,2,non_mandatory,1,6331.0,1276.0,1040,10.0,12.0,2.0,pure_escort,,2.0,398.0,,False,True,-9.0,Van_9_Gas,Van_9_Gas,Van_9_Gas,SHARED3,-2.173118058467016,Van_9_Gas,,-9.0,1out_0in,escort
131898,2637,work,1,1,1,2,mandatory,1,1380.0,1276.0,1040,12.0,45.0,32.0,ride_share,,1.0,506.0,,,,-9.0,SUV_20_Gas,Van_9_Gas,Van_9_Gas,SHARED3,-3.219324750156716,Van_9_Gas,eat,-9.0,1out_0in,work
131983,2639,school,1,1,1,1,mandatory,1,16375.0,1276.0,1040,8.0,30.0,22.0,,,-9.0,337.0,,,,-9.0,Van_9_Gas,Van_9_Gas,Van_9_Gas,BIKE,-0.6174121017943905,,,-9.0,1out_0in,school
132033,2640,school,2,1,1,2,mandatory,1,4962.0,1276.0,1040,10.0,26.0,16.0,pure_escort,,-9.0,412.0,,,,-9.0,Van_9_Gas,SUV_20_Gas,SUV_20_Gas,SHARED3,6.93722046051065,SUV_20_Gas,,-9.0,0out_0in,school
132034,2640,school,2,2,2,2,mandatory,1,4962.0,1276.0,1040,8.0,9.0,1.0,,,-9.0,316.0,,,,-9.0,Van_9_Gas,SUV_20_Gas,Van_9_Gas,WALK,6.937243821295103,,,-9.0,1out_2in,school
132083,2641,school,2,1,1,2,mandatory,1,6331.0,1276.0,1040,10.0,27.0,16.0,pure_escort,,-9.0,413.0,,,,-9.0,Van_9_Gas,SUV_20_Gas,Van_9_Gas,SHARED3,1.508032584888545,Van_9_Gas,,-9.0,1out_1in,school
132084,2641,school,2,2,2,2,mandatory,1,6331.0,1276.0,1040,10.0,10.0,0.0,,,-9.0,396.0,,,,-9.0,Van_9_Gas,Van_9_Gas,Van_9_Gas,BIKE,1.5079331708257395,,,-9.0,0out_2in,school
132133,2642,school,1,1,1,1,mandatory,1,6532.0,1276.0,1040,12.0,26.0,14.0,ride_share,,-9.0,487.0,,,,-9.0,Van_9_Gas,SUV_20_Gas,SUV_20_Gas,SHARED3,7.15144356419585,SUV_20_Gas,,-9.0,0out_3in,school
132163,2643,eatout,1,1,5,6,joint,3,2465.0,1276.0,1041,34.0,38.0,4.0,,,-9.0,1060.0,mixed,False,True,14.846060826778324,Car_10_Gas,Pickup_15_Gas,Car_10_Gas,WALK,0.4043653398615212,,,-9.0,0out_0in,eatout
132179,2643,othmaint,1,1,6,6,non_mandatory,1,2465.0,1276.0,1041,28.0,30.0,2.0,,,-9.0,947.0,,False,True,11.97943600336565,Car_10_Gas,Car_10_Gas,Pickup_15_Gas,SHARED2,1.212397208837537,Car_10_Gas,,-9.0,3out_3in,othmaint
132185,2643,escort,4,1,1,6,non_mandatory,1,18327.0,1276.0,1041,8.0,9.0,1.0,pure_escort,,1.0,316.0,,False,True,-9.0,Car_11_Gas,Car_10_Gas,Car_11_Gas,SHARED3,-2.5711867166359976,Car_11_Gas,,-9.0,0out_0in,escort
132186,2643,escort,4,2,2,6,non_mandatory,1,16375.0,1276.0,1041,10.0,10.0,0.0,pure_escort,,1.0,396.0,,False,True,-9.0,Car_10_Gas,Car_10_Gas,Pickup_15_Gas,SHARED3,-1.8293351042374932,Pickup_15_Gas,,-9.0,0out_0in,escort
132187,2643,escort,4,3,3,6,non_mandatory,1,18327.0,1276.0,1041,11.0,24.0,13.0,,pure_escort,1.0,448.0,,False,True,-9.0,Car_10_Gas,Car_11_Gas,Car_11_Gas,SHARED3,-2.504070215002945,Car_11_Gas,,-9.0,1out_0in,escort
132188,2643,escort,4,4,4,6,non_mandatory,1,16375.0,1276.0,1041,25.0,26.0,1.0,,pure_escort,1.0,877.0,,False,True,-9.0,Car_11_Gas,Car_20_Gas,Car_10_Gas,SHARED3,-1.7612220560261749,Car_10_Gas,,-9.0,0out_0in,escort
132283,2645,school,1,1,1,1,mandatory,1,18327.0,1276.0,1041,8.0,24.0,16.0,pure_escort,pure_escort,-9.0,331.0,,,,-9.0,Car_11_Gas,Pickup_15_Gas,Car_10_Gas,SHARED3,-0.7756607906099695,Car_10_Gas,,-9.0,0out_0in,school
132333,2646,school,1,1,1,1,mandatory,1,16375.0,1276.0,1041,10.0,26.0,16.0,pure_escort,pure_escort,-9.0,412.0,,,,-9.0,Car_10_Gas,Pickup_15_Gas,Car_10_Gas,SHARED3,1.08360112541069,Car_10_Gas,,-9.0,0out_0in,school
132459,2649,escort,5,5,5,5,non_mandatory,1,100.0,1276.0,1042,27.0,27.0,0.0,,,-9.0,923.0,,False,True,13.324756564889498,SUV_4_Gas,Car_20_Gas,SUV_4_Gas,SHARED3,1.2215418492586885,SUV_4_Gas,,-9.0,0out_0in,escort
132485,2649,escort,5,1,1,5,non_mandatory,1,1469.0,1276.0,1042,15.0,15.0,0.0,pure_escort,,1.0,581.0,,False,True,-9.0,SUV_4_Gas,SUV_4_Gas,SUV_4_Gas,SHARED3,0.2907784904792785,SUV_4_Gas,,-9.0,0out_1in,escort
132486,2649,escort,5,2,2,5,non_mandatory,1,638.0,1276.0,1042,20.0,20.0,0.0,pure_escort,,1.0,741.0,,False,True,-9.0,SUV_4_Gas,SUV_4_Gas,SUV_4_Gas,SHARED3,0.2819295926042897,SUV_4_Gas,,-9.0,0out_1in,escort
132487,2649,escort,5,3,3,5,non_mandatory,1,638.0,1276.0,1042,20.0,21.0,1.0,,pure_escort,1.0,742.0,,False,True,-9.0,SUV_4_Gas,SUV_4_Gas,SUV_4_Gas,SHARED3,0.2699662464482182,SUV_4_Gas,,-9.0,0out_0in,escort
132488,2649,escort,5,4,4,5,non_mandatory,1,16126.0,1276.0,1042,24.0,26.0,2.0,,pure_escort,1.0,853.0,,False,True,-9.0,Car_20_Gas,SUV_4_Gas,SUV_4_Gas,SHARED2,-0.7489911153283817,SUV_4_Gas,,-9.0,0out_0in,escort
132535,2650,escort,1,1,1,2,non_mandatory,1,16126.0,1276.0,1042,10.0,11.0,1.0,pure_escort,,1.0,397.0,,False,True,-9.0,SUV_4_Gas,SUV_4_Gas,SUV_4_Gas,SHARED3,-1.6699620309446528,SUV_4_Gas,,-9.0,0out_0in,escort
132541,2650,shopping,1,1,2,2,non_mandatory,1,2465.0,1276.0,1042,23.0,24.0,1.0,,,-9.0,826.0,,False,True,10.637564122821624,SUV_4_Gas,SUV_4_Gas,SUV_4_Gas,WALK,1.232939252503885,,,-9.0,0out_0in,shopping
132583,2651,school,1,1,1,1,mandatory,1,7211.0,1276.0,1042,12.0,28.0,16.0,,,-9.0,489.0,,,,-9.0,SUV_4_Gas,SUV_4_Gas,SUV_4_Gas,WALK,4.783398966753517,,,-9.0,1out_0in,school
132633,2652,school,1,1,1,1,mandatory,1,16126.0,1276.0,1042,10.0,26.0,16.0,pure_escort,pure_escort,-9.0,412.0,,,,-9.0,SUV_4_Gas,SUV_4_Gas,SUV_4_Gas,SHARED2,2.3372164309700034,SUV_4_Gas,,-9.0,0out_0in,school
132683,2653,school,2,1,1,2,mandatory,1,638.0,1276.0,1042,20.0,21.0,1.0,pure_escort,pure_escort,-9.0,742.0,,,,-9.0,Car_20_Gas,SUV_4_Gas,SUV_4_Gas,SHARED3,4.481329242427214,SUV_4_Gas,,-9.0,0out_0in,school
132684,2653,school,2,2,2,2,mandatory,1,638.0,1276.0,1042,17.0,20.0,3.0,,,-9.0,651.0,,,,-9.0,SUV_4_Gas,SUV_4_Gas,SUV_4_Gas,WALK,4.481271085406147,,,-9.0,1out_0in,school
132733,2654,school,1,1,1,1,mandatory,1,1469.0,1276.0,1042,15.0,31.0,16.0,pure_escort,,-9.0,597.0,,,,-9.0,SUV_4_Gas,SUV_4_Gas,SUV_4_Gas,SHARED3,5.296769198505285,SUV_4_Gas,,-9.0,0out_0in,school
132759,2655,escort,1,1,1,2,non_mandatory,1,322.0,1276.0,1043,29.0,31.0,2.0,,,-9.0,968.0,,False,True,12.803412850260507,SUV_3_Gas,Car_2_BEV,Car_2_BEV,SHARED3,0.665928678071781,Car_2_BEV,,-9.0,0out_0in,escort
132771,2656,social,1,1,3,3,joint,5,23969.0,1276.0,1043,32.0,36.0,4.0,,,-9.0,1027.0,mixed,False,True,12.803438268434617,SUV_3_Gas,SUV_3_Gas,Car_2_BEV,SHARED3,-5.406409564845,Car_2_BEV,,-9.0,0out_0in,social
132779,2655,othmaint,1,1,2,2,non_mandatory,1,5456.0,1276.0,1043,16.0,20.0,4.0,,,-9.0,619.0,,False,True,11.73360625563599,Car_2_BEV,Car_2_BEV,SUV_3_Gas,WALK,0.206723322050381,,,-9.0,0out_1in,othmaint
132835,2656,escort,2,1,1,3,non_mandatory,1,16364.0,1276.0,1043,9.0,10.0,1.0,pure_escort,,1.0,357.0,,False,True,-9.0,SUV_3_Gas,SUV_3_Gas,SUV_3_Gas,SHARED3,-3.2056944513210235,SUV_3_Gas,,-9.0,0out_0in,escort
132836,2656,escort,2,2,2,3,non_mandatory,1,16364.0,1276.0,1043,23.0,25.0,2.0,,pure_escort,1.0,827.0,,False,True,-9.0,Car_2_BEV,Car_2_BEV,Car_2_BEV,SHARED3,-2.8646065927519406,Car_2_BEV,,-9.0,0out_0in,escort
132933,2658,school,1,1,1,1,mandatory,1,16364.0,1276.0,1043,9.0,25.0,16.0,pure_escort,pure_escort,-9.0,372.0,,,,-9.0,Car_2_BEV,SUV_3_Gas,SUV_3_Gas,SHARED3,1.8335946209145928,SUV_3_Gas,,-9.0,0out_0in,school
133075,2661,othdiscr,2,1,4,5,non_mandatory,1,1393.0,1276.0,1044,29.0,37.0,8.0,,,-9.0,974.0,,False,True,14.843699487257826,Van_11_Gas,Car_5_BEV,Car_5_BEV,WALK,2.563136902085317,,,-9.0,0out_0in,othdiscr
133076,2661,othdiscr,2,2,5,5,non_mandatory,1,11194.0,1276.0,1044,19.0,24.0,5.0,,,-9.0,716.0,,False,True,14.771702472299973,Van_11_Gas,Car_5_BEV,Car_5_BEV,SHARED3,1.7140625327408971,Car_5_BEV,,-9.0,0out_1in,othdiscr
133079,2661,othmaint,1,1,3,5,non_mandatory,1,1399.0,1276.0,1044,24.0,24.0,0.0,,,-9.0,851.0,,False,True,12.820957625204064,Car_11_Gas,Car_5_BEV,Car_5_BEV,WALK,1.2589455854677425,,,-9.0,0out_0in,othmaint
133085,2661,escort,2,1,1,5,non_mandatory,1,5878.0,1276.0,1044,11.0,12.0,1.0,pure_escort,,1.0,436.0,,False,True,-9.0,Car_5_BEV,Car_5_BEV,Car_11_Gas,SHARED3,-2.8668578295364715,Car_11_Gas,,-9.0,0out_0in,escort
133086,2661,escort,2,2,2,5,non_mandatory,1,18526.0,1276.0,1044,26.0,29.0,3.0,,pure_escort,1.0,903.0,,False,True,-9.0,Pickup_20_Gas,Car_5_BEV,Van_11_Gas,SHARED3,-3.0236269566579166,Van_11_Gas,,-9.0,0out_0in,escort
133125,2662,othdiscr,1,1,4,4,non_mandatory,1,7004.0,1276.0,1044,27.0,37.0,10.0,,,-9.0,933.0,,False,True,14.859119593817972,Car_5_BEV,Car_5_BEV,Van_11_Gas,WALK,2.3919873217716208,,,-9.0,0out_1in,othdiscr
133135,2662,escort,2,1,1,4,non_mandatory,1,18526.0,1276.0,1044,13.0,14.0,1.0,pure_escort,,1.0,511.0,,False,True,-9.0,Car_11_Gas,Car_11_Gas,Car_11_Gas,SHARED3,-2.380801435391092,Car_11_Gas,,-9.0,0out_0in,escort
133136,2662,escort,2,2,2,4,non_mandatory,1,5878.0,1276.0,1044,22.0,26.0,4.0,,pure_escort,1.0,802.0,,False,True,-9.0,Car_11_Gas,Car_11_Gas,Van_11_Gas,SHARED3,-2.177445074685371,Van_11_Gas,,-9.0,0out_0in,escort
133141,2662,shopping,1,1,3,4,non_mandatory,1,2465.0,1276.0,1044,16.0,18.0,2.0,,,-9.0,617.0,,False,True,10.50110341288876,Car_5_BEV,Van_11_Gas,Car_5_BEV,WALK,1.1660136960617844,,,-9.0,0out_0in,shopping
133183,2663,school,1,1,1,1,mandatory,1,18526.0,1276.0,1044,13.0,29.0,16.0,pure_escort,pure_escort,-9.0,526.0,,,,-9.0,Car_5_BEV,Car_5_BEV,Van_11_Gas,SHARED3,-0.2904585368884792,Van_11_Gas,,-9.0,0out_0in,school
133233,2664,school,1,1,1,1,mandatory,1,5878.0,1276.0,1044,11.0,26.0,15.0,pure_escort,pure_escort,-9.0,450.0,,,,-9.0,Car_11_Gas,Van_11_Gas,Van_11_Gas,SHARED3,1.7523659154207312,Van_11_Gas,,-9.0,0out_0in,school
133259,2665,escort,1,1,1,1,non_mandatory,1,9906.0,1276.0,1044,24.0,26.0,2.0,,,-9.0,853.0,,False,True,14.298115753014088,Pickup_20_Gas,Pickup_20_Gas,Car_5_BEV,WALK,1.4616256058756518,,,-9.0,0out_0in,escort
133309,2666,escort,1,1,1,1,non_mandatory,1,3727.0,1276.0,1044,22.0,27.0,5.0,,,-9.0,803.0,,False,True,14.328776212669547,Car_11_Gas,Pickup_20_Gas,Van_11_Gas,WALK,1.3843225504936023,,,-9.0,0out_0in,escort
133375,2667,othdiscr,2,1,7,8,non_mandatory,1,24047.0,1324.0,1045,30.0,32.0,2.0,,,-9.0,988.0,,False,True,13.982510730925302,SUV_8_Gas,SUV_8_Gas,Van_10_Gas,WALK,0.8150472946668116,,,-9.0,0out_0in,othdiscr
133376,2667,othdiscr,2,2,8,8,non_mandatory,1,16374.0,1324.0,1045,21.0,22.0,1.0,,,-9.0,771.0,,False,True,12.844478313768631,SUV_8_Gas,Van_10_Gas,Van_10_Gas,SHARED3,-1.4126339273794613,Van_10_Gas,,-9.0,0out_2in,othdiscr
133379,2667,othmaint,1,1,6,8,non_mandatory,1,9901.0,1324.0,1045,29.0,30.0,1.0,,,-9.0,967.0,,False,True,11.650757034223409,Van_10_Gas,Van_10_Gas,Van_10_Gas,WALK,-0.1930029763457763,,,-9.0,0out_0in,othmaint
133385,2667,escort,5,1,1,8,non_mandatory,1,16045.0,1324.0,1045,10.0,10.0,0.0,pure_escort,,2.0,396.0,,False,True,-9.0,SUV_8_Gas,Van_10_Gas,Van_10_Gas,SHARED3,-2.6985476687036467,Van_10_Gas,,-9.0,1out_0in,escort
133386,2667,escort,5,2,2,8,non_mandatory,1,11793.0,1324.0,1045,12.0,12.0,0.0,pure_escort,,1.0,473.0,,False,True,-9.0,SUV_8_Gas,Van_10_Gas,SUV_8_Gas,SHARED3,-0.5687996016985312,SUV_8_Gas,,-9.0,0out_0in,escort
133387,2667,escort,5,3,3,8,non_mandatory,1,16045.0,1324.0,1045,23.0,24.0,1.0,,pure_escort,1.0,826.0,,False,True,-9.0,Van_10_Gas,SUV_8_Gas,Van_10_Gas,SHARED2,-2.5285354836904803,SUV_8_Gas,,-9.0,0out_0in,escort
133388,2667,escort,5,4,4,8,non_mandatory,1,8322.0,1324.0,1045,25.0,27.0,2.0,,pure_escort,1.0,878.0,,False,True,-9.0,SUV_8_Gas,Van_10_Gas,SUV_8_Gas,SHARED2,-1.0962039473086451,Van_10_Gas,,-9.0,2out_0in,escort
133389,2667,escort,5,5,5,8,non_mandatory,1,11793.0,1324.0,1045,27.0,27.0,0.0,,pure_escort,1.0,923.0,,False,True,-9.0,SUV_8_Gas,SUV_8_Gas,SUV_8_Gas,SHARED3,-0.5971281247091101,SUV_8_Gas,,-9.0,0out_0in,escort
133433,2668,school,1,1,1,1,mandatory,1,7004.0,1324.0,1045,8.0,25.0,17.0,,,-9.0,332.0,,,,-9.0,Van_10_Gas,Van_10_Gas,Van_10_Gas,BIKE,2.665478712763605,,,-9.0,1out_0in,school
133483,2669,school,1,1,1,1,mandatory,1,5924.0,1324.0,1045,9.0,36.0,27.0,,,-9.0,383.0,,,,-9.0,Van_10_Gas,SUV_8_Gas,SUV_8_Gas,SHARED3,-5.814539139350404,SUV_8_Gas,,-9.0,1out_0in,school
133533,2670,school,1,1,1,1,mandatory,1,16045.0,1324.0,1045,10.0,24.0,15.0,pure_escort,pure_escort,-9.0,410.0,,,,-9.0,Van_10_Gas,Van_10_Gas,Van_10_Gas,SHARED2,-1.0146295053715708,Van_10_Gas,,-9.0,1out_0in,school
133583,2671,school,1,1,1,1,mandatory,1,11793.0,1324.0,1045,12.0,27.0,15.0,pure_escort,pure_escort,-9.0,488.0,,,,-9.0,SUV_8_Gas,SUV_8_Gas,SUV_8_Gas,SHARED3,3.261889078484852,SUV_8_Gas,,-9.0,0out_0in,school
133633,2672,school,1,1,1,1,mandatory,1,8322.0,1324.0,1045,10.0,27.0,17.0,pure_escort,pure_escort,-9.0,413.0,,,,-9.0,SUV_8_Gas,SUV_8_Gas,SUV_8_Gas,SHARED2,4.916632098939068,SUV_8_Gas,,-9.0,0out_0in,school
133729,2674,othmaint,2,1,2,3,non_mandatory,1,16101.0,1324.0,1046,30.0,33.0,3.0,,,-9.0,989.0,,False,True,12.69324240020077,Car_13_Gas,Car_10_Gas,Car_13_Gas,DRIVEALONE,-1.3139649408409206,Car_13_Gas,,-9.0,2out_0in,othmaint
133730,2674,othmaint,2,2,3,3,non_mandatory,1,15049.0,1324.0,1046,13.0,27.0,14.0,,,-9.0,524.0,,False,True,12.645200015462434,Car_13_Gas,Car_10_Gas,Car_10_Gas,SHARED2,-2.6280824355036363,Car_10_Gas,,-9.0,0out_0in,othmaint
133741,2674,shopping,1,1,1,3,non_mandatory,1,23883.0,1324.0,1046,27.0,29.0,2.0,,,-9.0,925.0,,False,True,10.530418026600795,Car_10_Gas,Car_10_Gas,Car_10_Gas,WALK,-0.6434645696859103,,,-9.0,0out_0in,shopping
133779,2675,othmaint,1,1,1,1,non_mandatory,1,23320.0,1324.0,1046,35.0,41.0,6.0,,,-9.0,1077.0,,False,True,12.549699081472388,Car_10_Gas,Car_13_Gas,Car_13_Gas,SHARED2,-4.761937212567791,Car_13_Gas,,-9.0,3out_3in,othmaint
133829,2676,othmaint,1,1,1,1,non_mandatory,1,23050.0,1324.0,1047,30.0,33.0,3.0,,,-9.0,989.0,,False,True,11.273593704216283,Car_1_Gas,Car_1_Gas,Car_1_Gas,DRIVEALONE,-3.128511607749209,Car_1_Gas,,-9.0,0out_0in,othmaint
133891,2677,shopping,1,1,1,1,non_mandatory,1,9901.0,1324.0,1047,23.0,24.0,1.0,,,-9.0,826.0,,False,True,9.653276288163564,Car_1_Gas,Car_1_Gas,Car_1_Gas,WALK,-0.3979171008309893,,,-9.0,0out_0in,shopping
133950,2679,business,1,1,1,1,atwork,1,15084.0,15043.0,1048,17.0,26.0,9.0,,,-9.0,657.0,,,,3.86936540393797,,,,DRIVEALONE,-1.1134789001807623,Pickup_6_Gas,,133998.0,0out_1in,atwork
133998,2679,work,1,1,1,1,mandatory,1,15043.0,1324.0,1048,7.0,30.0,23.0,,,-9.0,296.0,,,,-9.0,Pickup_6_Gas,Pickup_6_Gas,Pickup_6_Gas,DRIVEALONE,-2.9769200793719564,Pickup_6_Gas,business1,-9.0,0out_0in,work
134025,2680,othdiscr,2,1,1,2,non_mandatory,1,3042.0,1324.0,1049,12.0,14.0,2.0,,,-9.0,475.0,,False,True,15.055143299233524,Car_4_Gas,Car_4_Gas,Car_4_Gas,WALK,1.1142404332431934,,,-9.0,0out_1in,othdiscr
134026,2680,othdiscr,2,2,2,2,non_mandatory,1,9898.0,1324.0,1049,33.0,38.0,5.0,,,-9.0,1045.0,,False,True,13.652031925511087,Car_4_Gas,Car_4_Gas,Car_4_Gas,WALK,1.1986040969047165,,,-9.0,0out_0in,othdiscr
134098,2681,work,1,1,1,1,mandatory,1,8022.0,1324.0,1050,9.0,33.0,24.0,,,-9.0,380.0,,,,-9.0,Pickup_19_Hybrid,SUV_20_Gas,SUV_20_Gas,DRIVEALONE,-1.9720122926805597,Pickup_19_Hybrid,no_subtours,-9.0,0out_1in,work
134133,2682,school,1,1,1,1,mandatory,1,7211.0,1324.0,1050,8.0,21.0,13.0,,,-9.0,328.0,,,,-9.0,Pickup_19_Hybrid,Pickup_19_Hybrid,SUV_20_Gas,WALK,4.491518444713459,,,-9.0,0out_2in,school
134183,2683,school,1,1,1,1,mandatory,1,7004.0,1324.0,1050,8.0,28.0,20.0,,,-9.0,335.0,,,,-9.0,Pickup_19_Hybrid,SUV_20_Gas,SUV_20_Gas,WALK,3.535329823794843,,,-9.0,1out_0in,school
134204,2684,eat,1,1,1,1,atwork,1,19574.0,19574.0,1050,19.0,20.0,1.0,,,-9.0,712.0,,,,5.45658882788361,,,,WALK,0.337577754183726,Pickup_19_Hybrid,,134248.0,0out_0in,atwork
134248,2684,work,1,1,1,1,mandatory,1,19574.0,1324.0,1050,17.0,41.0,24.0,,,-9.0,672.0,,,,-9.0,Pickup_19_Hybrid,SUV_20_Gas,Pickup_19_Hybrid,SHARED3,-4.305179981154592,Pickup_19_Hybrid,eat,-9.0,0out_0in,work
134259,2685,escort,3,3,3,5,non_mandatory,1,11197.0,1324.0,1051,28.0,28.0,0.0,,,-9.0,945.0,,False,True,12.232291992879476,Car_10_Gas,Van_15_Gas,Pickup_17_Gas,DRIVEALONE,-0.0106683790202425,Car_10_Gas,,-9.0,0out_0in,escort
134269,2686,shopping,1,1,1,1,joint,4,1676.0,1324.0,1051,18.0,27.0,9.0,,,-9.0,689.0,mixed,False,True,9.49368137703839,SUV_20_Gas,Pickup_17_Gas,Car_10_Gas,WALK,-1.523154214752621,,,-9.0,0out_0in,shopping
134275,2685,othdiscr,2,1,4,5,non_mandatory,1,7004.0,1324.0,1051,26.0,26.0,0.0,,,-9.0,900.0,,False,True,12.252489913441345,Van_15_Gas,SUV_20_Gas,SUV_20_Gas,WALK,1.294944102741609,,,-9.0,1out_0in,othdiscr
134276,2685,othdiscr,2,2,5,5,non_mandatory,1,9898.0,1324.0,1051,13.0,14.0,1.0,,,-9.0,511.0,,False,True,14.208571214166671,Car_10_Gas,Van_15_Gas,Van_15_Gas,DRIVEALONE,1.646594466954411,Car_10_Gas,,-9.0,0out_0in,othdiscr
134285,2685,escort,3,1,1,5,non_mandatory,1,11793.0,1324.0,1051,9.0,9.0,0.0,pure_escort,,1.0,356.0,,False,True,-9.0,Car_10_Gas,Pickup_17_Gas,Car_10_Gas,WALK,-0.9139126220361846,,,-9.0,0out_0in,escort
134286,2685,escort,3,2,2,5,non_mandatory,1,11793.0,1324.0,1051,26.0,26.0,0.0,,pure_escort,1.0,900.0,,False,True,-9.0,Car_10_Gas,SUV_20_Gas,Van_15_Gas,SHARED2,-0.9169870588992776,SUV_20_Gas,,-9.0,0out_0in,escort
134433,2688,school,1,1,1,1,mandatory,1,11793.0,1324.0,1051,9.0,26.0,17.0,pure_escort,pure_escort,-9.0,373.0,,,,-9.0,SUV_20_Gas,SUV_20_Gas,Van_15_Gas,SHARED2,5.092142312921121,SUV_20_Gas,,-9.0,0out_0in,school
134509,2690,escort,1,1,1,3,non_mandatory,1,6723.0,1324.0,1051,10.0,10.0,0.0,,,-9.0,396.0,,False,True,12.859548645795217,Pickup_17_Gas,Car_10_Gas,Van_15_Gas,WALK,-0.8909008344443051,,,-9.0,0out_0in,escort
134529,2690,othmaint,1,1,2,3,non_mandatory,1,16254.0,1324.0,1051,33.0,33.0,0.0,,,-9.0,1040.0,,False,True,12.245005136480474,Car_10_Gas,Van_15_Gas,Car_10_Gas,DRIVEALONE,-2.962947083796896,Car_10_Gas,,-9.0,3out_3in,othmaint
134545,2690,social,1,1,3,3,non_mandatory,1,9899.0,1324.0,1051,36.0,39.0,3.0,,,-9.0,1088.0,,False,True,15.44066298758932,Van_15_Gas,Pickup_17_Gas,Van_15_Gas,WALK,1.614189671511354,,,-9.0,0out_0in,social
134559,2691,escort,1,1,1,1,non_mandatory,1,4962.0,1324.0,1051,12.0,28.0,16.0,,,-9.0,489.0,,False,True,13.756383193740175,Pickup_17_Gas,Car_10_Gas,Van_15_Gas,WALK,0.9701783555378978,,,-9.0,0out_0in,escort
134648,2692,work,1,1,1,1,mandatory,1,18506.0,1324.0,1052,12.0,34.0,22.0,,,-9.0,495.0,,,,-9.0,SUV_14_Gas,SUV_14_Gas,SUV_14_Gas,DRIVEALONE,-4.753446517380521,SUV_14_Gas,no_subtours,-9.0,0out_0in,work
134691,2693,shopping,1,1,1,1,non_mandatory,1,23860.0,1324.0,1052,24.0,29.0,5.0,,,-9.0,856.0,,False,True,9.538713616862951,Pickup_1_Gas,Pickup_1_Gas,Pickup_1_Gas,WALK,-0.4063872776448338,,,-9.0,3out_3in,shopping
134725,2694,othdiscr,1,1,2,2,non_mandatory,1,1324.0,1324.0,1053,30.0,34.0,4.0,,,-9.0,990.0,,False,True,14.752739767330189,non_hh_veh,non_hh_veh,non_hh_veh,TNC_SHARED,2.3804301403461503,,,-9.0,1out_0in,othdiscr
134729,2694,othmaint,1,1,1,2,non_mandatory,1,23883.0,1324.0,1053,17.0,22.0,5.0,,,-9.0,653.0,,False,True,12.654950814635042,non_hh_veh,non_hh_veh,non_hh_veh,WALK,0.1019831118162879,,,-9.0,0out_2in,othmaint
134859,2697,escort,1,1,1,3,non_mandatory,1,16774.0,1324.0,1055,10.0,11.0,1.0,,,-9.0,397.0,,False,True,13.7908082305753,Car_1_BEV,Car_1_BEV,Car_1_BEV,DRIVEALONE,-2.224892228141284,Car_1_BEV,,-9.0,0out_1in,escort
134879,2697,othmaint,2,1,2,3,non_mandatory,1,8847.0,1324.0,1055,14.0,23.0,9.0,,,-9.0,555.0,,False,True,11.77834680032761,Car_1_BEV,Car_1_BEV,Car_1_BEV,WALK,-0.4516014546397524,,,-9.0,3out_3in,othmaint
134880,2697,othmaint,2,2,3,3,non_mandatory,1,19062.0,1324.0,1055,23.0,26.0,3.0,,,-9.0,828.0,,False,True,11.742275464623342,Car_1_BEV,Car_1_BEV,Car_1_BEV,DRIVEALONE,-1.2907453257197716,Car_1_BEV,,-9.0,0out_0in,othmaint
134929,2698,othmaint,1,1,1,1,non_mandatory,1,8418.0,1324.0,1056,31.0,36.0,5.0,,,-9.0,1010.0,,False,True,13.565292724383667,non_hh_veh,non_hh_veh,non_hh_veh,WALK,-0.3829107342741834,,,-9.0,0out_0in,othmaint
134967,2699,othmaint,3,1,1,3,joint,2,3316.0,1324.0,1057,25.0,26.0,1.0,,,-9.0,877.0,adults,False,True,12.009373137164886,Pickup_13_Gas,Pickup_13_Gas,Pickup_13_Gas,SHARED2,-3.1244319362432607,Pickup_13_Gas,,-9.0,3out_3in,othmaint
134979,2699,othmaint,3,2,2,3,non_mandatory,1,2723.0,1324.0,1057,9.0,18.0,9.0,,,-9.0,365.0,,False,True,11.455901887050835,Car_19_Gas,Car_19_Gas,Pickup_13_Gas,WALK,0.2840008032293956,,,-9.0,1out_2in,othmaint
134980,2699,othmaint,3,3,3,3,non_mandatory,1,18767.0,1324.0,1057,18.0,24.0,6.0,,,-9.0,686.0,,False,True,11.27448900138908,Pickup_13_Gas,Car_19_Gas,Pickup_13_Gas,SHARED2,-1.9943772445682857,Car_19_Gas,,-9.0,3out_3in,othmaint
135009,2700,escort,1,1,3,3,non_mandatory,1,3627.0,1324.0,1057,35.0,36.0,1.0,,,-9.0,1072.0,,False,True,13.04677775506172,Pickup_13_Gas,Car_19_Gas,Pickup_13_Gas,DRIVEALONE,0.3314604152948235,Pickup_13_Gas,,-9.0,0out_0in,escort
135033,2700,school,2,1,1,3,mandatory,1,19370.0,1324.0,1057,11.0,25.0,14.0,,,-9.0,449.0,,,,-9.0,Car_19_Gas,Car_19_Gas,Pickup_13_Gas,DRIVEALONE,-3.006928653911343,Car_19_Gas,,-9.0,0out_0in,univ
135034,2700,school,2,2,2,3,mandatory,1,19370.0,1324.0,1057,26.0,32.0,6.0,,,-9.0,906.0,,,,-9.0,Car_19_Gas,Pickup_13_Gas,Car_19_Gas,DRIVEALONE,-3.0410950405875203,Car_19_Gas,,-9.0,0out_1in,univ
135091,2701,shopping,1,1,1,1,non_mandatory,1,2465.0,1324.0,1058,14.0,17.0,3.0,,,-9.0,549.0,,False,True,10.29960031959182,Car_15_Gas,Car_15_Gas,Car_15_Gas,DRIVEALONE,0.2657233396969086,Car_15_Gas,,-9.0,0out_1in,shopping
135104,2702,eat,1,1,1,1,atwork,1,19510.0,18665.0,1058,19.0,21.0,2.0,,,-9.0,713.0,,,,3.9397593305439407,,,,SHARED3,-6.263768124456511,Car_15_Gas,,135148.0,0out_0in,atwork
135148,2702,work,1,1,1,1,mandatory,1,18665.0,1324.0,1058,9.0,31.0,22.0,,,-9.0,378.0,,,,-9.0,Car_15_Gas,Car_15_Gas,Car_15_Gas,SHARED2,-1.685199960789531,Car_15_Gas,eat,-9.0,1out_0in,work
135183,2703,school,1,1,1,1,mandatory,1,16496.0,1324.0,1058,9.0,32.0,23.0,,,-9.0,379.0,,,,-9.0,Car_15_Gas,Car_15_Gas,Car_15_Gas,SCH_BUS,-3.598931833024847,,,-9.0,0out_0in,school
135233,2704,school,1,1,1,1,mandatory,1,16496.0,1324.0,1058,9.0,30.0,21.0,,,-9.0,377.0,,,,-9.0,Car_15_Gas,Car_15_Gas,Car_15_Gas,SHARED3,-1.9147813436563392,Car_15_Gas,,-9.0,1out_0in,school
135279,2705,othmaint,1,1,1,1,non_mandatory,1,3024.0,1324.0,1059,11.0,14.0,3.0,,,-9.0,438.0,,False,True,10.350413610597332,Pickup_20_Gas,Pickup_20_Gas,Pickup_20_Gas,DRIVEALONE,-0.7865513848362794,Pickup_20_Gas,,-9.0,0out_0in,othmaint
135329,2706,othmaint,1,1,1,1,non_mandatory,1,13348.0,1324.0,1060,9.0,33.0,24.0,,,-9.0,380.0,,False,True,12.934149932872252,Car_1_Gas,Car_1_Gas,Car_1_Gas,DRIVEALONE,-5.341288283641364,Car_1_Gas,,-9.0,0out_1in,othmaint
135354,2707,eat,1,1,1,1,atwork,1,5343.0,13930.0,1060,18.0,21.0,3.0,,,-9.0,683.0,,,,4.201542662953012,,,,DRIVEALONE,-2.004028359521234,Car_1_Gas,,135398.0,0out_0in,atwork
135356,2707,eatout,1,1,2,2,non_mandatory,1,18956.0,1324.0,1060,36.0,38.0,2.0,,,-9.0,1087.0,,False,True,15.8085005571884,Car_1_Gas,Car_11_Gas,Car_1_Gas,DRIVEALONE,-1.7496446751631205,Car_1_Gas,,-9.0,0out_0in,eatout
135398,2707,work,1,1,1,2,mandatory,1,13930.0,1324.0,1060,11.0,30.0,19.0,,,-9.0,454.0,,,,-9.0,Car_1_Gas,Car_1_Gas,Car_11_Gas,DRIVEALONE,-3.0184273953793497,Car_1_Gas,eat,-9.0,0out_1in,work
135429,2708,othmaint,1,1,1,1,non_mandatory,1,23257.0,1324.0,1061,27.0,28.0,1.0,,,-9.0,924.0,,False,True,12.243644258390203,non_hh_veh,non_hh_veh,non_hh_veh,EBIKE,-1.7217404372495322,,,-9.0,0out_0in,othmaint
135541,2710,shopping,2,1,1,2,non_mandatory,1,5456.0,1324.0,1062,14.0,15.0,1.0,,,-9.0,547.0,,False,True,9.95047905448708,Pickup_14_Gas,Van_10_Gas,Van_10_Gas,DRIVEALONE,-0.4067376227409689,Pickup_14_Gas,,-9.0,1out_0in,shopping
135542,2710,shopping,2,2,2,2,non_mandatory,1,13535.0,1324.0,1062,37.0,37.0,0.0,,,-9.0,1098.0,,False,True,9.941756054571735,Van_10_Gas,Van_10_Gas,Van_10_Gas,SHARED2,-1.853972561167189,Van_10_Gas,,-9.0,1out_0in,shopping
135556,2711,eatout,1,1,1,1,non_mandatory,1,16493.0,1324.0,1063,20.0,27.0,7.0,,,-9.0,748.0,,False,True,14.745775630335256,Pickup_20_Gas,Pickup_20_Gas,Pickup_20_Gas,DRIVEALONE,-1.3183239258751012,Pickup_20_Gas,,-9.0,0out_0in,eatout
135629,2712,othmaint,1,1,1,1,non_mandatory,1,16198.0,1324.0,1064,13.0,19.0,6.0,,,-9.0,516.0,,False,True,11.569510210372965,Van_20_Gas,Van_20_Gas,Van_20_Gas,DRIVEALONE,-2.3570937884268552,Van_20_Gas,,-9.0,3out_3in,othmaint
135683,2713,school,1,1,1,1,mandatory,1,7004.0,1324.0,1064,10.0,27.0,17.0,,,-9.0,413.0,,,,-9.0,Van_20_Gas,Van_20_Gas,Van_20_Gas,BIKE,3.961274090328422,,,-9.0,0out_0in,school
135733,2714,school,1,1,1,1,mandatory,1,13061.0,1324.0,1064,8.0,24.0,16.0,,,-9.0,331.0,,,,-9.0,Van_20_Gas,Van_20_Gas,Van_20_Gas,DRIVEALONE,-6.32011433910079,Van_20_Gas,,-9.0,1out_0in,school
135800,2716,business,1,1,1,1,atwork,1,19451.0,19451.0,1066,12.0,24.0,12.0,,,-9.0,485.0,,,,8.315167977219026,,,,WALK,0.2617896933503381,Car_11_Gas,,135848.0,0out_1in,atwork
135848,2716,work,1,1,1,1,mandatory,1,19451.0,1347.0,1066,10.0,30.0,20.0,,,-9.0,416.0,,,,-9.0,Car_11_Gas,Car_11_Gas,Pickup_10_Hybrid,DRIVEALONE,-2.7206982584290595,Car_11_Gas,business1,-9.0,0out_0in,work
135898,2717,work,1,1,1,1,mandatory,1,2465.0,1347.0,1066,24.0,37.0,13.0,,,-9.0,864.0,,,,-9.0,Car_11_Gas,Pickup_10_Hybrid,Pickup_10_Hybrid,DRIVEALONE,-0.4009030077206886,Car_11_Gas,no_subtours,-9.0,0out_0in,work
135925,2718,othdiscr,1,1,3,3,non_mandatory,1,2465.0,1347.0,1067,30.0,35.0,5.0,,,-9.0,991.0,,False,True,15.612624225890622,Van_17_Gas,Car_1_Gas,Pickup_6_Gas,WALK,2.452789978384333,,,-9.0,0out_1in,othdiscr
135935,2718,escort,2,1,1,3,non_mandatory,1,1170.0,1347.0,1067,24.0,29.0,5.0,,pure_escort,1.0,856.0,,False,True,-9.0,Car_1_Gas,Pickup_6_Gas,Car_1_Gas,SHARED3,1.2725378292190044,Car_1_Gas,,-9.0,0out_0in,escort
135936,2718,escort,2,2,2,3,non_mandatory,1,1399.0,1347.0,1067,30.0,30.0,0.0,,pure_escort,1.0,986.0,,False,True,-9.0,Car_14_Gas,Van_17_Gas,Car_1_Gas,WALK,0.538090997687213,,,-9.0,0out_0in,escort
135975,2719,othdiscr,1,1,5,5,non_mandatory,1,1347.0,1347.0,1067,30.0,34.0,4.0,,,-9.0,990.0,,False,True,16.29561710507818,Pickup_6_Gas,Car_14_Gas,Van_17_Gas,WALK,2.587981215770748,,,-9.0,0out_0in,othdiscr
135985,2719,escort,4,1,1,5,non_mandatory,1,1399.0,1347.0,1067,8.0,10.0,2.0,pure_escort,,1.0,317.0,,False,True,-9.0,Pickup_6_Gas,Van_17_Gas,Van_17_Gas,SHARED2,0.1001009071202415,Van_17_Gas,,-9.0,0out_0in,escort
135986,2719,escort,4,2,2,5,non_mandatory,1,1170.0,1347.0,1067,12.0,12.0,0.0,pure_escort,,1.0,473.0,,False,True,-9.0,Pickup_6_Gas,Car_1_Gas,Car_14_Gas,SHARED3,1.066888904816952,Car_14_Gas,,-9.0,0out_0in,escort
135987,2719,escort,4,3,3,5,non_mandatory,1,11794.0,1347.0,1067,14.0,14.0,0.0,pure_escort,,1.0,546.0,,False,True,-9.0,Car_1_Gas,Pickup_6_Gas,Car_1_Gas,SHARED3,-0.1631926907471919,Car_1_Gas,,-9.0,0out_0in,escort
135988,2719,escort,4,4,4,5,non_mandatory,1,11794.0,1347.0,1067,17.0,19.0,2.0,,pure_escort,1.0,650.0,,False,True,-9.0,Pickup_6_Gas,Van_17_Gas,Car_1_Gas,WALK,-0.1635755931212184,,,-9.0,0out_0in,escort
136025,2720,othdiscr,1,1,2,2,non_mandatory,1,2465.0,1347.0,1067,30.0,30.0,0.0,,,-9.0,986.0,,False,True,15.02106003827016,Pickup_6_Gas,Pickup_6_Gas,Pickup_6_Gas,WALK,4.55782757220487,,,-9.0,0out_0in,othdiscr
136033,2720,school,1,1,1,2,mandatory,1,23872.0,1347.0,1067,10.0,27.0,17.0,,,-9.0,413.0,,,,-9.0,Pickup_6_Gas,Car_14_Gas,Pickup_6_Gas,WALK,6.258006031168734,,,-9.0,1out_0in,school
136083,2721,school,1,1,1,1,mandatory,1,1170.0,1347.0,1067,12.0,29.0,17.0,pure_escort,pure_escort,-9.0,490.0,,,,-9.0,Car_1_Gas,Car_1_Gas,Van_17_Gas,SHARED3,8.432248003981643,Van_17_Gas,,-9.0,0out_0in,school
136133,2722,school,1,1,1,1,mandatory,1,11794.0,1347.0,1067,14.0,19.0,5.0,pure_escort,pure_escort,-9.0,551.0,,,,-9.0,Pickup_6_Gas,Pickup_6_Gas,Van_17_Gas,WALK,4.358970857395265,,,-9.0,0out_0in,school
136183,2723,school,1,1,1,1,mandatory,1,1399.0,1347.0,1067,8.0,30.0,22.0,pure_escort,pure_escort,-9.0,337.0,,,,-9.0,Car_1_Gas,Pickup_6_Gas,Car_1_Gas,WALK,6.755933275472355,,,-9.0,0out_0in,school
136225,2724,othdiscr,1,1,2,2,non_mandatory,1,3714.0,1347.0,1067,31.0,35.0,4.0,,,-9.0,1009.0,,False,True,15.913407318767678,Car_1_Gas,Car_1_Gas,Van_17_Gas,WALK,3.5149590647450504,,,-9.0,0out_0in,othdiscr
136248,2724,work,1,1,1,2,mandatory,1,20320.0,1347.0,1067,8.0,31.0,23.0,,,-9.0,338.0,,,,-9.0,Pickup_6_Gas,Car_1_Gas,Car_1_Gas,DRIVEALONE,-4.502848914323376,Pickup_6_Gas,no_subtours,-9.0,0out_0in,work
136279,2725,othmaint,1,1,1,1,non_mandatory,1,15937.0,1347.0,1068,20.0,28.0,8.0,,,-9.0,749.0,,False,True,12.750904094068083,Pickup_7_Gas,Pickup_7_Gas,non_hh_veh,DRIVEALONE,-5.829781799104337,Pickup_7_Gas,,-9.0,0out_0in,othmaint
136329,2726,othmaint,1,1,1,1,non_mandatory,1,23053.0,1347.0,1069,12.0,20.0,8.0,,,-9.0,481.0,,False,True,13.194186901655256,Car_9_Gas,Car_9_Gas,Car_9_Gas,SHARED3,-3.224867891379474,Car_9_Gas,,-9.0,0out_0in,othmaint
136375,2727,othdiscr,1,1,2,2,non_mandatory,1,1411.0,1347.0,1070,36.0,39.0,3.0,,,-9.0,1088.0,,False,True,15.902310288212623,Pickup_2_Gas,SUV_17_Gas,Pickup_2_Gas,WALK,2.3898083738351112,,,-9.0,0out_3in,othdiscr
136398,2727,work,1,1,1,2,mandatory,1,13308.0,1347.0,1070,5.0,34.0,29.0,,,-9.0,215.0,,,,-9.0,Pickup_2_Gas,Pickup_2_Gas,Pickup_2_Gas,DRIVEALONE,-5.4216706142226565,Pickup_2_Gas,no_subtours,-9.0,0out_0in,work
136425,2728,othdiscr,1,1,1,1,non_mandatory,1,1170.0,1347.0,1070,24.0,28.0,4.0,,,-9.0,855.0,,False,True,15.834448339309898,Pickup_2_Gas,SUV_17_Gas,Pickup_2_Gas,WALK,1.8722634824772133,,,-9.0,0out_0in,othdiscr
136575,2731,othdiscr,1,1,3,3,non_mandatory,1,2566.0,1347.0,1073,15.0,16.0,1.0,,,-9.0,582.0,,False,True,15.115196469347836,Car_12_Gas,Pickup_20_Gas,Pickup_20_Gas,WALK,1.8034729768248623,,,-9.0,0out_0in,othdiscr
136598,2731,work,2,1,1,3,mandatory,1,229.0,1347.0,1073,12.0,14.0,2.0,,,-9.0,475.0,,,,-9.0,Car_12_Gas,Car_12_Gas,Car_12_Gas,DRIVEALONE,-0.5023182113204084,Car_12_Gas,no_subtours,-9.0,1out_0in,work
136599,2731,work,2,2,2,3,mandatory,1,229.0,1347.0,1073,21.0,26.0,5.0,,,-9.0,775.0,,,,-9.0,Car_12_Gas,Car_12_Gas,Car_12_Gas,DRIVEALONE,-0.5022616721418595,Car_12_Gas,no_subtours,-9.0,0out_0in,work
136648,2732,work,1,1,1,1,mandatory,1,23934.0,1347.0,1073,7.0,26.0,19.0,,,-9.0,292.0,,,,-9.0,Car_12_Gas,Car_12_Gas,Car_12_Gas,DRIVEALONE,-2.1493611937017825,Car_12_Gas,no_subtours,-9.0,0out_0in,work
136725,2734,othdiscr,1,1,1,1,non_mandatory,1,2465.0,1347.0,1074,30.0,31.0,1.0,,,-9.0,987.0,,False,True,13.986319376326763,SUV_3_Gas,SUV_3_Gas,SUV_3_Gas,WALK,0.163314398146013,,,-9.0,0out_1in,othdiscr
136756,2735,eatout,1,1,1,2,non_mandatory,1,6996.0,1347.0,1075,33.0,34.0,1.0,,,-9.0,1041.0,,False,True,14.203212122735072,SUV_3_Gas,Car_7_Gas,SUV_3_Gas,DRIVEALONE,-2.9863461924469337,SUV_3_Gas,,-9.0,0out_0in,eatout
136775,2735,othdiscr,1,1,2,2,non_mandatory,1,2566.0,1347.0,1075,14.0,16.0,2.0,,,-9.0,548.0,,False,True,15.152496814986954,SUV_3_Gas,SUV_3_Gas,SUV_3_Gas,DRIVEALONE,1.2910212654720483,SUV_3_Gas,,-9.0,0out_2in,othdiscr
136854,2737,eat,1,1,1,1,atwork,1,19079.0,18861.0,1076,19.0,21.0,2.0,,,-9.0,713.0,,,,5.79804920838294,,,,WALK,0.5241334851821182,Van_7_Gas,,136898.0,0out_0in,atwork
136891,2737,shopping,1,1,2,2,non_mandatory,1,6073.0,1347.0,1076,32.0,37.0,5.0,,,-9.0,1028.0,,False,True,11.569477667607329,Van_7_Gas,non_hh_veh,Van_7_Gas,WALK,0.4499861336583686,,,-9.0,0out_0in,shopping
136898,2737,work,1,1,1,2,mandatory,1,18861.0,1347.0,1076,7.0,31.0,24.0,,,-9.0,297.0,,,,-9.0,Van_7_Gas,Van_7_Gas,Van_7_Gas,DRIVEALONE,-3.3368397416046696,Van_7_Gas,eat,-9.0,0out_2in,work
136909,2738,escort,1,1,2,2,non_mandatory,1,16361.0,1347.0,1077,18.0,20.0,2.0,,,-9.0,682.0,,False,True,13.855258907467702,Pickup_8_Gas,Pickup_8_Gas,Car_4_Gas,DRIVEALONE,-1.9424117510107788,Pickup_8_Gas,,-9.0,0out_1in,escort
136917,2738,othmaint,1,1,1,2,joint,3,8111.0,1347.0,1077,31.0,36.0,5.0,,,-9.0,1010.0,adults,False,True,12.821026742339852,Pickup_8_Gas,Car_4_Gas,Car_4_Gas,SHARED3,-9.324915649211707,Car_4_Gas,,-9.0,0out_0in,othmaint
136975,2739,othdiscr,2,1,1,2,non_mandatory,1,2566.0,1347.0,1077,9.0,12.0,3.0,,,-9.0,359.0,,False,True,15.018773617556324,SUV_12_Gas,Car_4_Gas,Pickup_14_Gas,WALK,1.3580147568764167,,,-9.0,0out_1in,othdiscr
136976,2739,othdiscr,2,2,2,2,non_mandatory,1,3714.0,1347.0,1077,17.0,19.0,2.0,,,-9.0,650.0,,False,True,14.915585477951472,Pickup_8_Gas,Car_4_Gas,Car_4_Gas,WALK,1.2597910455206769,,,-9.0,0out_1in,othdiscr
137004,2740,eat,1,1,1,1,atwork,1,19079.0,19079.0,1077,18.0,19.0,1.0,,,-9.0,681.0,,,,7.257263723329557,,,,WALK,0.9884538103063626,Car_4_Gas,,137048.0,0out_0in,atwork
137048,2740,work,1,1,1,1,mandatory,1,19079.0,1347.0,1077,7.0,29.0,22.0,,,-9.0,295.0,,,,-9.0,Car_4_Gas,Car_4_Gas,Pickup_8_Gas,DRIVEALONE,-2.294255713089402,Car_4_Gas,eat,-9.0,0out_0in,work
137079,2741,othmaint,1,1,1,1,non_mandatory,1,20251.0,1347.0,1078,15.0,18.0,3.0,,,-9.0,584.0,,False,True,11.752131281670277,Car_5_Gas,Car_5_Gas,Car_5_Gas,BIKE,-14.717566508716317,,,-9.0,0out_1in,othmaint
137109,2742,escort,1,1,1,3,non_mandatory,1,3579.0,1347.0,1079,29.0,29.0,0.0,,,-9.0,966.0,,False,True,13.764175208415166,SUV_6_Gas,SUV_6_Gas,SUV_6_Gas,DRIVEALONE,-0.2154224665997778,SUV_6_Gas,,-9.0,0out_2in,escort
137129,2742,othmaint,2,1,2,3,non_mandatory,1,17988.0,1347.0,1079,17.0,21.0,4.0,,,-9.0,652.0,,False,True,12.45726622158123,SUV_6_Gas,SUV_6_Gas,SUV_6_Gas,BIKE,-2.671668838318523,,,-9.0,3out_2in,othmaint
137130,2742,othmaint,2,2,3,3,non_mandatory,1,2465.0,1347.0,1079,13.0,16.0,3.0,,,-9.0,513.0,,False,True,13.036166450363051,Van_20_Gas,SUV_6_Gas,SUV_6_Gas,WALK,0.6211507850848629,,,-9.0,0out_0in,othmaint
137154,2743,eat,1,1,1,1,atwork,1,19723.0,19547.0,1079,24.0,25.0,1.0,,,-9.0,852.0,,,,4.695792526353645,,,,DRIVEALONE,-4.653700856641597,SUV_6_Gas,,137198.0,0out_0in,atwork
137198,2743,work,1,1,1,1,mandatory,1,19547.0,1347.0,1079,24.0,42.0,18.0,,,-9.0,869.0,,,,-9.0,SUV_6_Gas,SUV_6_Gas,Van_20_Gas,DRIVEALONE,-2.532154142243877,SUV_6_Gas,eat,-9.0,2out_1in,work
137225,2744,othdiscr,1,1,1,1,non_mandatory,1,2566.0,1347.0,1080,27.0,30.0,3.0,,,-9.0,926.0,,False,True,14.881862662516337,Pickup_11_Gas,Pickup_11_Gas,Pickup_11_Gas,WALK,1.2041423798907471,,,-9.0,0out_0in,othdiscr
137259,2745,escort,1,1,1,1,non_mandatory,1,1676.0,1347.0,1080,34.0,36.0,2.0,,,-9.0,1058.0,,False,True,13.478005909533218,Pickup_11_Gas,Pickup_11_Gas,Pickup_11_Gas,DRIVEALONE,-0.0222332967966811,Pickup_11_Gas,,-9.0,0out_1in,escort
137325,2746,othdiscr,1,1,1,1,non_mandatory,1,2465.0,1347.0,1081,23.0,29.0,6.0,,,-9.0,831.0,,False,True,13.54043034757223,Car_9_Gas,Car_9_Gas,Car_9_Gas,SHARED3,1.4010127991428456,Car_9_Gas,,-9.0,0out_0in,othdiscr
137354,2747,eat,1,1,1,1,atwork,1,1875.0,1380.0,1082,18.0,24.0,6.0,,,-9.0,686.0,,,,1.593227322560769,,,,DRIVEALONE,-11.216406592011936,Car_16_Gas,,137398.0,1out_0in,atwork
137398,2747,work,1,1,1,1,mandatory,1,1380.0,1347.0,1082,8.0,34.0,26.0,,,-9.0,341.0,,,,-9.0,Car_16_Gas,Car_16_Gas,Car_16_Gas,DRIVEALONE,-1.845873596402928,Car_16_Gas,eat,-9.0,0out_1in,work
137409,2748,escort,1,1,1,1,non_mandatory,1,7979.0,1347.0,1082,27.0,28.0,1.0,,,-9.0,924.0,,False,True,12.950925876841444,Car_16_Gas,Pickup_20_Gas,Car_16_Gas,WALK,-0.1469574181596924,,,-9.0,0out_0in,escort
137491,2749,shopping,1,1,1,1,non_mandatory,1,2465.0,1347.0,1083,26.0,29.0,3.0,,,-9.0,903.0,,False,True,11.112747194701974,Car_19_Gas,Car_19_Gas,SUV_2_Gas,WALK,0.7353266782857171,,,-9.0,0out_0in,shopping
137529,2750,othmaint,1,1,3,3,non_mandatory,1,229.0,1347.0,1083,22.0,31.0,9.0,,,-9.0,807.0,,False,True,10.934184686357552,SUV_2_Gas,SUV_2_Gas,SUV_2_Gas,WALK,-0.3084750021773973,,,-9.0,1out_0in,othmaint
137548,2750,work,2,1,1,3,mandatory,1,1261.0,1347.0,1083,9.0,11.0,2.0,,,-9.0,358.0,,,,-9.0,SUV_2_Gas,SUV_2_Gas,SUV_2_Gas,DRIVEALONE,-1.6722677836063369,SUV_2_Gas,no_subtours,-9.0,0out_0in,work
137549,2750,work,2,2,2,3,mandatory,1,1261.0,1347.0,1083,21.0,21.0,0.0,,,-9.0,770.0,,,,-9.0,Car_19_Gas,SUV_2_Gas,Car_19_Gas,DRIVEALONE,-1.6708782900882808,Car_19_Gas,no_subtours,-9.0,0out_0in,work
137579,2751,othmaint,1,1,3,3,non_mandatory,1,16337.0,1347.0,1083,13.0,19.0,6.0,,,-9.0,516.0,,False,True,12.977518760761196,Car_19_Gas,SUV_2_Gas,SUV_2_Gas,DRIVEALONE,-2.4059470459707613,Car_19_Gas,,-9.0,1out_1in,othmaint
137591,2751,shopping,1,1,2,3,non_mandatory,1,1676.0,1347.0,1083,19.0,19.0,0.0,,,-9.0,711.0,,False,True,10.623338203498196,Car_20_Gas,SUV_2_Gas,SUV_2_Gas,DRIVEALONE,0.5388727459699375,Car_20_Gas,,-9.0,0out_1in,shopping
137598,2751,work,1,1,1,3,mandatory,1,13539.0,1347.0,1083,27.0,28.0,1.0,,,-9.0,924.0,,,,-9.0,Car_20_Gas,SUV_2_Gas,SUV_2_Gas,DRIVEALONE,-0.3658794737674307,Car_20_Gas,no_subtours,-9.0,0out_0in,work
137609,2752,escort,4,2,2,4,non_mandatory,1,229.0,1347.0,1084,27.0,27.0,0.0,,,-9.0,923.0,,False,True,13.443310865783603,Car_20_Gas,Car_20_Gas,Car_14_Gas,SHARED3,0.6537491929571161,Car_14_Gas,,-9.0,0out_0in,escort
137610,2752,escort,4,3,3,4,non_mandatory,1,7004.0,1347.0,1084,24.0,26.0,2.0,,,-9.0,853.0,,False,True,13.503300765014195,Car_14_Gas,Car_14_Gas,Car_20_Gas,SHARED3,0.5381923084412024,Car_20_Gas,,-9.0,0out_1in,escort
137611,2752,escort,4,4,4,4,non_mandatory,1,6080.0,1347.0,1084,20.0,20.0,0.0,,,-9.0,741.0,,False,True,13.373015967769016,Car_14_Gas,Car_14_Gas,Car_14_Gas,WALK,0.4538224323886409,,,-9.0,0out_0in,escort
137635,2752,escort,4,1,1,4,non_mandatory,1,359.0,1347.0,1084,11.0,13.0,2.0,pure_escort,,1.0,437.0,,False,True,-9.0,Car_14_Gas,Car_14_Gas,Car_14_Gas,BIKE,0.9963555245365272,,,-9.0,0out_0in,escort
137685,2753,escort,3,1,1,3,non_mandatory,1,11793.0,1347.0,1084,9.0,10.0,1.0,pure_escort,,1.0,357.0,,False,True,-9.0,Car_14_Gas,Car_14_Gas,Car_14_Gas,SHARED3,0.5782795437871308,Car_14_Gas,,-9.0,0out_1in,escort
137686,2753,escort,3,2,2,3,non_mandatory,1,359.0,1347.0,1084,12.0,12.0,0.0,,pure_escort,1.0,473.0,,False,True,-9.0,Car_14_Gas,Car_20_Gas,Car_14_Gas,SHARED3,1.0322926924360625,Car_14_Gas,,-9.0,0out_0in,escort
137687,2753,escort,3,3,3,3,non_mandatory,1,11793.0,1347.0,1084,24.0,24.0,0.0,,pure_escort,1.0,851.0,,False,True,-9.0,Car_14_Gas,Car_14_Gas,Car_14_Gas,SHARED3,0.5789093009496546,Car_14_Gas,,-9.0,0out_0in,escort
137733,2754,school,1,1,1,1,mandatory,1,11793.0,1347.0,1084,9.0,24.0,15.0,pure_escort,pure_escort,-9.0,371.0,,,,-9.0,Car_20_Gas,Car_14_Gas,Car_14_Gas,SHARED3,5.755746940164924,Car_14_Gas,,-9.0,0out_0in,school
137825,2756,othdiscr,1,1,2,2,non_mandatory,1,2566.0,1347.0,1084,34.0,36.0,2.0,,,-9.0,1058.0,,False,True,16.86583086046135,Car_14_Gas,Car_14_Gas,Car_14_Gas,WALK,4.519482516954744,,,-9.0,0out_3in,othdiscr
137833,2756,school,1,1,1,2,mandatory,1,359.0,1347.0,1084,11.0,12.0,1.0,pure_escort,pure_escort,-9.0,436.0,,,,-9.0,Car_20_Gas,Car_14_Gas,Car_20_Gas,SHARED3,7.192915140129094,Car_20_Gas,,-9.0,0out_0in,school
137906,2758,eatout,1,1,2,2,non_mandatory,1,16328.0,1347.0,1085,38.0,40.0,2.0,,,-9.0,1112.0,,False,True,16.056245184126738,Car_11_Gas,SUV_16_Gas,SUV_16_Gas,DRIVEALONE,-3.81413587390965,Car_11_Gas,,-9.0,0out_0in,eatout
137929,2758,othmaint,1,1,1,2,non_mandatory,1,18866.0,1347.0,1085,10.0,17.0,7.0,,,-9.0,403.0,,False,True,13.17914476936248,SUV_16_Gas,SUV_16_Gas,SUV_16_Gas,SHARED2,-6.805310504614592,SUV_16_Gas,,-9.0,0out_0in,othmaint
137998,2759,work,1,1,1,1,mandatory,1,19535.0,1347.0,1085,11.0,26.0,15.0,,,-9.0,450.0,,,,-9.0,SUV_16_Gas,Car_11_Gas,Car_11_Gas,DRIVEALONE,-2.378819837809998,SUV_16_Gas,no_subtours,-9.0,0out_0in,work
138091,2761,shopping,1,1,1,1,non_mandatory,1,2465.0,1347.0,1086,10.0,18.0,8.0,,,-9.0,404.0,,False,True,12.628382145237522,non_hh_veh,non_hh_veh,non_hh_veh,WALK,3.3248046967318423,,,-9.0,0out_0in,shopping
138104,2762,eat,1,1,1,1,atwork,1,19451.0,19414.0,1087,19.0,21.0,2.0,,,-9.0,713.0,,,,4.507122209575693,,,,WALK,0.5710831614801521,non_hh_veh,,138148.0,0out_0in,atwork
138148,2762,work,1,1,1,1,mandatory,1,19414.0,1347.0,1087,10.0,31.0,21.0,,,-9.0,417.0,,,,-9.0,non_hh_veh,non_hh_veh,non_hh_veh,DRIVEALONE,-1.9144270404796349,non_hh_veh,eat,-9.0,2out_1in,work
138156,2763,eatout,1,1,1,1,non_mandatory,1,3353.0,1347.0,1088,28.0,30.0,2.0,,,-9.0,947.0,,False,True,13.661158824564154,non_hh_veh,non_hh_veh,non_hh_veh,WALK,0.4237081602372601,,,-9.0,0out_1in,eatout
138229,2764,othmaint,1,1,1,2,non_mandatory,1,7616.0,1350.0,1089,15.0,17.0,2.0,,,-9.0,583.0,,False,True,12.051348983696611,SUV_13_Gas,SUV_13_Gas,SUV_13_Gas,DRIVEALONE,-3.177017226241175,SUV_13_Gas,,-9.0,1out_0in,othmaint
138245,2764,social,1,1,2,2,non_mandatory,1,736.0,1350.0,1089,28.0,36.0,8.0,,,-9.0,953.0,,False,True,14.234183297734678,Car_4_Gas,Car_4_Gas,SUV_13_Gas,DRIVEALONE,-1.3818349710144453,Car_4_Gas,,-9.0,3out_0in,social
138279,2765,othmaint,1,1,1,1,non_mandatory,1,2981.0,1350.0,1089,9.0,25.0,16.0,,,-9.0,372.0,,False,True,12.141123716004085,SUV_13_Gas,Car_4_Gas,Car_4_Gas,DRIVEALONE,-9.05932386271395,SUV_13_Gas,,-9.0,0out_1in,othmaint
138348,2766,work,1,1,1,1,mandatory,1,13607.0,1350.0,1090,7.0,28.0,21.0,,,-9.0,294.0,,,,-9.0,SUV_4_Gas,Car_2_Gas,Car_2_Gas,SHARED3,-7.28038967890529,Car_2_Gas,no_subtours,-9.0,0out_3in,work
138354,2767,eat,1,1,1,1,atwork,1,6298.0,16407.0,1090,16.0,24.0,8.0,,,-9.0,623.0,,,,4.360520357824744,,,,SHARED2,-5.901491821780614,Car_2_Gas,,138398.0,0out_0in,atwork
138385,2767,escort,1,1,2,2,non_mandatory,1,7211.0,1350.0,1090,8.0,9.0,1.0,pure_escort,,1.0,316.0,,False,True,-9.0,SUV_4_Gas,SUV_4_Gas,SUV_4_Gas,SHARED2,-2.0641224510169973,SUV_4_Gas,,-9.0,0out_0in,escort
138398,2767,work,1,1,1,2,mandatory,1,16407.0,1350.0,1090,9.0,30.0,20.0,ride_share,,2.0,377.0,,,,-9.0,Car_2_Gas,Car_2_Gas,Car_2_Gas,SHARED3,-1.23045219969095,Car_2_Gas,eat,-9.0,2out_0in,work
138433,2768,school,1,1,1,1,mandatory,1,7211.0,1350.0,1090,8.0,26.0,18.0,pure_escort,,-9.0,333.0,,,,-9.0,SUV_4_Gas,SUV_4_Gas,SUV_4_Gas,SHARED2,2.87179710236496,SUV_4_Gas,,-9.0,0out_0in,school
138483,2769,school,1,1,1,1,mandatory,1,11793.0,1350.0,1090,9.0,28.0,19.0,ride_share,,-9.0,375.0,,,,-9.0,SUV_4_Gas,Car_2_Gas,Car_2_Gas,SHARED3,5.152323161148543,Car_2_Gas,,-9.0,1out_0in,school
138533,2770,school,1,1,1,1,mandatory,1,8184.0,1350.0,1090,9.0,28.0,19.0,ride_share,,-9.0,375.0,,,,-9.0,SUV_4_Gas,Car_2_Gas,SUV_4_Gas,SHARED3,5.022684684647246,SUV_4_Gas,,-9.0,0out_0in,school
138583,2771,school,1,1,1,1,mandatory,1,723.0,1350.0,1090,10.0,31.0,21.0,,,-9.0,417.0,,,,-9.0,SUV_4_Gas,Car_2_Gas,SUV_4_Gas,WALK_MIX,-5.369301522770308,,,-9.0,1out_0in,school
138604,2772,eat,1,1,1,1,atwork,1,5192.0,991.0,1091,19.0,22.0,3.0,,,-9.0,714.0,,,,7.342128059836546,,,,WALK,-0.8969007275565747,SUV_10_Gas,,138648.0,1out_1in,atwork
138648,2772,work,1,1,1,1,mandatory,1,991.0,1350.0,1091,10.0,37.0,27.0,,,-9.0,423.0,,,,-9.0,SUV_10_Gas,SUV_10_Gas,SUV_10_Gas,SHARED2,-5.366929439360357,SUV_10_Gas,eat,-9.0,0out_0in,work
138659,2773,escort,2,2,2,3,non_mandatory,1,13523.0,1350.0,1091,25.0,26.0,1.0,,,-9.0,877.0,,False,True,13.569235892673197,Car_10_PEV,Car_10_PEV,SUV_10_Gas,SHARED2,-0.2102698279749782,Car_10_PEV,,-9.0,3out_3in,escort
138685,2773,escort,2,1,1,3,non_mandatory,1,8322.0,1350.0,1091,12.0,14.0,2.0,pure_escort,,1.0,475.0,,False,True,-9.0,Car_10_PEV,SUV_10_Gas,SUV_10_Gas,SHARED3,-0.0368253570253823,SUV_10_Gas,,-9.0,0out_0in,escort
138691,2773,shopping,1,1,3,3,non_mandatory,1,6227.0,1350.0,1091,31.0,34.0,3.0,,,-9.0,1008.0,,False,True,10.70188375332002,SUV_10_Gas,SUV_10_Gas,Car_10_PEV,SHARED3,0.8328546342979223,Car_10_PEV,,-9.0,0out_3in,shopping
138775,2775,othdiscr,1,1,2,2,non_mandatory,1,6073.0,1350.0,1091,28.0,31.0,3.0,,,-9.0,948.0,,False,True,14.25461802183279,Car_10_PEV,Car_10_PEV,SUV_10_Gas,WALK,3.841894447404015,,,-9.0,0out_0in,othdiscr
138783,2775,school,1,1,1,2,mandatory,1,8322.0,1350.0,1091,12.0,28.0,16.0,pure_escort,,-9.0,489.0,,,,-9.0,SUV_10_Gas,SUV_10_Gas,Car_10_PEV,SHARED3,3.22652136907018,Car_10_PEV,,-9.0,0out_0in,school
138935,2778,escort,1,1,2,2,non_mandatory,1,23872.0,1350.0,1092,8.0,10.0,2.0,pure_escort,,1.0,317.0,,False,True,-9.0,Van_20_Gas,SUV_6_Gas,SUV_6_Gas,SHARED3,0.0940261092677453,SUV_6_Gas,,-9.0,0out_0in,escort
138948,2778,work,1,1,1,2,mandatory,1,15896.0,1350.0,1092,11.0,31.0,21.0,ride_share,,1.0,455.0,,,,-9.0,SUV_6_Gas,SUV_6_Gas,SUV_6_Gas,SHARED2,-2.8667557616803827,SUV_6_Gas,no_subtours,-9.0,1out_0in,work
138979,2779,othmaint,1,1,4,4,non_mandatory,1,19311.0,1350.0,1092,16.0,18.0,2.0,,,-9.0,617.0,,False,True,12.773814831999507,SUV_6_Gas,SUV_6_Gas,SUV_6_Gas,SHARED3,-2.0060238221229514,SUV_6_Gas,,-9.0,1out_0in,othmaint
138985,2779,escort,3,1,1,4,non_mandatory,1,23872.0,1350.0,1092,11.0,12.0,1.0,pure_escort,,1.0,436.0,,False,True,-9.0,non_hh_veh,SUV_6_Gas,Van_20_Gas,WALK,0.4243527422868099,,,-9.0,0out_0in,escort
138986,2779,escort,3,2,2,4,non_mandatory,1,23872.0,1350.0,1092,23.0,26.0,3.0,,pure_escort,2.0,828.0,,False,True,-9.0,SUV_6_Gas,Van_20_Gas,SUV_6_Gas,SHARED3,0.3284603245525041,SUV_6_Gas,,-9.0,0out_1in,escort
138987,2779,escort,3,3,3,4,non_mandatory,1,5515.0,1350.0,1092,26.0,27.0,1.0,,pure_escort,1.0,901.0,,False,True,-9.0,Van_20_Gas,Van_20_Gas,SUV_6_Gas,SHARED3,0.8508770722942287,SUV_6_Gas,,-9.0,0out_0in,escort
139033,2780,school,1,1,1,1,mandatory,1,23872.0,1350.0,1092,8.0,26.0,18.0,pure_escort,pure_escort,-9.0,333.0,,,,-9.0,SUV_6_Gas,SUV_6_Gas,SUV_6_Gas,SHARED3,5.05579543119563,SUV_6_Gas,,-9.0,0out_0in,school
139083,2781,school,1,1,1,1,mandatory,1,23872.0,1350.0,1092,11.0,26.0,16.0,pure_escort,pure_escort,-9.0,450.0,,,,-9.0,SUV_6_Gas,SUV_6_Gas,SUV_6_Gas,SHARED3,4.445064851516152,SUV_6_Gas,,-9.0,0out_1in,school
139109,2782,escort,1,1,1,1,non_mandatory,1,24333.0,1350.0,1092,23.0,25.0,2.0,,,-9.0,827.0,,True,False,4.718156388856124,SUV_6_Gas,SUV_6_Gas,SUV_6_Gas,SHARED3,-2.368815767905059,SUV_6_Gas,,-9.0,0out_0in,escort
139183,2783,school,1,1,1,1,mandatory,1,5515.0,1350.0,1092,11.0,27.0,16.0,ride_share,pure_escort,-9.0,451.0,,,,-9.0,SUV_6_Gas,Van_20_Gas,Van_20_Gas,SHARED3,6.327066770002932,Van_20_Gas,,-9.0,0out_0in,school
139225,2784,othdiscr,1,1,4,4,non_mandatory,1,6073.0,1350.0,1093,30.0,33.0,3.0,,,-9.0,989.0,,False,True,12.853782376665963,Car_8_Gas,SUV_4_Gas,Car_13_Gas,WALK,1.08532732840086,,,-9.0,0out_0in,othdiscr
139235,2784,escort,3,1,1,4,non_mandatory,1,11793.0,1350.0,1093,10.0,10.0,0.0,pure_escort,,1.0,396.0,,False,True,-9.0,Car_13_Gas,SUV_4_Gas,SUV_4_Gas,SHARED3,-1.003295585335294,SUV_4_Gas,,-9.0,0out_0in,escort
139236,2784,escort,3,2,2,4,non_mandatory,1,23872.0,1350.0,1093,11.0,11.0,0.0,pure_escort,,1.0,435.0,,False,True,-9.0,SUV_4_Gas,SUV_4_Gas,Car_8_Gas,SHARED3,-1.1352322196055589,Car_8_Gas,,-9.0,0out_0in,escort
139237,2784,escort,3,3,3,4,non_mandatory,1,11793.0,1350.0,1093,16.0,26.0,10.0,,pure_escort,1.0,625.0,,False,True,-9.0,Car_13_Gas,SUV_4_Gas,Car_8_Gas,SHARED2,-1.002434987785903,SUV_4_Gas,,-9.0,0out_0in,escort
139259,2785,escort,2,2,2,3,non_mandatory,1,9899.0,1350.0,1093,10.0,10.0,0.0,,,-9.0,396.0,,False,True,12.827474154691592,Car_8_Gas,SUV_4_Gas,SUV_4_Gas,WALK,-1.380673128742494,,,-9.0,0out_0in,escort
139275,2785,othdiscr,1,1,3,3,non_mandatory,1,8220.0,1350.0,1093,12.0,15.0,3.0,,,-9.0,476.0,,False,True,13.452096990153038,Car_8_Gas,SUV_4_Gas,Car_13_Gas,SHARED3,-1.1598303528732723,Car_13_Gas,,-9.0,0out_1in,othdiscr
139285,2785,escort,2,1,1,3,non_mandatory,1,23872.0,1350.0,1093,28.0,30.0,2.0,,pure_escort,1.0,947.0,,False,True,-9.0,Car_13_Gas,Car_13_Gas,SUV_4_Gas,SHARED2,-2.0515801947035506,Car_13_Gas,,-9.0,0out_0in,escort
139333,2786,school,1,1,1,1,mandatory,1,7004.0,1350.0,1093,9.0,25.0,16.0,,,-9.0,372.0,,,,-9.0,SUV_4_Gas,Car_8_Gas,Car_13_Gas,WALK,3.9904315913106014,,,-9.0,1out_0in,school
139356,2787,eatout,1,1,1,1,non_mandatory,1,11594.0,1350.0,1093,17.0,22.0,5.0,,,-9.0,653.0,,False,True,14.510886219622446,Car_13_Gas,Car_13_Gas,Car_8_Gas,WALK,2.690950455977998,,,-9.0,0out_0in,eatout
139409,2788,escort,1,1,2,2,non_mandatory,1,8022.0,1350.0,1093,28.0,30.0,2.0,,,-9.0,947.0,,False,True,12.935046820852817,Car_8_Gas,SUV_4_Gas,Car_8_Gas,SHARED3,-1.0824993349047334,Car_8_Gas,,-9.0,0out_0in,escort
139433,2788,school,1,1,1,2,mandatory,1,11793.0,1350.0,1093,10.0,26.0,16.0,pure_escort,pure_escort,-9.0,412.0,,,,-9.0,SUV_4_Gas,SUV_4_Gas,SUV_4_Gas,SHARED2,4.012945026457763,SUV_4_Gas,,-9.0,0out_0in,school
139483,2789,school,1,1,1,1,mandatory,1,23872.0,1350.0,1093,11.0,30.0,19.0,pure_escort,pure_escort,-9.0,454.0,,,,-9.0,Car_13_Gas,SUV_4_Gas,SUV_4_Gas,SHARED2,0.4352932223343361,SUV_4_Gas,,-9.0,0out_0in,school
139633,2792,school,1,1,1,1,mandatory,1,5313.0,1350.0,1094,21.0,27.0,6.0,,,-9.0,776.0,,,,-9.0,SUV_11_Gas,SUV_11_Gas,SUV_13_Gas,WALK,3.088214611393826,,,-9.0,0out_2in,univ
139665,2794,othdiscr,3,1,1,3,joint,4,611.0,1350.0,1095,28.0,31.0,3.0,,,-9.0,948.0,mixed,False,True,14.084042067940247,Pickup_6_Gas,Car_20_Gas,Car_20_Gas,WALK,1.5537746686610483,,,-9.0,0out_1in,othdiscr
139698,2793,work,1,1,1,1,mandatory,1,6073.0,1350.0,1095,8.0,25.0,17.0,,,-9.0,332.0,,,,-9.0,Car_20_Gas,Pickup_6_Gas,Pickup_6_Gas,SHARED3,-0.7401847817864555,Pickup_6_Gas,no_subtours,-9.0,0out_0in,work
139725,2794,othdiscr,3,2,2,3,non_mandatory,1,3833.0,1350.0,1095,26.0,28.0,2.0,,,-9.0,902.0,,False,True,14.192352552435798,Pickup_6_Gas,Pickup_6_Gas,Pickup_6_Gas,WALK,3.804843764987575,,,-9.0,0out_1in,othdiscr
139726,2794,othdiscr,3,3,3,3,non_mandatory,1,3833.0,1350.0,1095,9.0,10.0,1.0,,,-9.0,357.0,,False,True,14.6892202257412,Car_20_Gas,Car_20_Gas,Car_20_Gas,WALK,3.804968556006248,,,-9.0,0out_1in,othdiscr
139859,2797,escort,2,1,1,2,non_mandatory,1,6008.0,1350.0,1095,12.0,14.0,2.0,,,-9.0,475.0,,False,True,13.006122684221166,Car_20_Gas,Pickup_6_Gas,Car_20_Gas,SHARED3,-0.7565116345583951,Car_20_Gas,,-9.0,0out_0in,escort
139860,2797,escort,2,2,2,2,non_mandatory,1,23872.0,1350.0,1095,25.0,26.0,1.0,,,-9.0,877.0,,False,True,13.122714169232578,Car_20_Gas,Pickup_6_Gas,Pickup_6_Gas,SHARED3,-1.0518499748030523,Pickup_6_Gas,,-9.0,0out_0in,escort
139948,2798,work,1,1,1,1,mandatory,1,16009.0,1350.0,1096,6.0,30.0,24.0,,,-9.0,254.0,,,,-9.0,Pickup_15_Gas,Car_16_Gas,Car_16_Gas,SHARED2,-3.296958766365324,Car_16_Gas,no_subtours,-9.0,0out_1in,work
139983,2799,school,1,1,1,1,mandatory,1,1983.0,1350.0,1096,11.0,25.0,15.0,pure_escort,pure_escort,-9.0,449.0,,,,-9.0,Pickup_15_Gas,Pickup_15_Gas,Pickup_15_Gas,SHARED3,1.3569546890115136,Pickup_15_Gas,,-9.0,0out_1in,school
140033,2800,school,1,1,1,1,mandatory,1,1399.0,1350.0,1096,13.0,23.0,10.0,pure_escort,pure_escort,-9.0,520.0,,,,-9.0,Pickup_15_Gas,Car_16_Gas,Car_16_Gas,SHARED3,4.336123935014928,Car_16_Gas,,-9.0,0out_0in,school
140083,2801,school,1,1,1,1,mandatory,1,23872.0,1350.0,1096,9.0,25.0,16.0,pure_escort,pure_escort,-9.0,372.0,,,,-9.0,Pickup_15_Gas,Car_16_Gas,Car_16_Gas,SHARED3,5.69651226820159,Car_16_Gas,,-9.0,0out_0in,school
140125,2802,othdiscr,1,1,6,6,non_mandatory,1,3833.0,1350.0,1096,2.0,2.0,0.0,,,-9.0,48.0,,False,True,14.344817126769884,Pickup_15_Gas,Car_16_Gas,Car_16_Gas,SHARED3,2.101746140167678,Car_16_Gas,,-9.0,0out_1in,othdiscr
140135,2802,escort,5,1,1,6,non_mandatory,1,23872.0,1350.0,1096,9.0,10.0,1.0,pure_escort,,1.0,357.0,,False,True,-9.0,Car_16_Gas,Pickup_15_Gas,Pickup_15_Gas,WALK,0.2517177548872523,,,-9.0,0out_1in,escort
140136,2802,escort,5,2,2,6,non_mandatory,1,1983.0,1350.0,1096,11.0,12.0,1.0,pure_escort,,1.0,436.0,,False,True,-9.0,Car_16_Gas,Car_16_Gas,Pickup_15_Gas,SHARED3,-0.8513588819893766,Pickup_15_Gas,,-9.0,0out_0in,escort
140137,2802,escort,5,3,3,6,non_mandatory,1,1399.0,1350.0,1096,13.0,14.0,1.0,pure_escort,,1.0,511.0,,False,True,-9.0,Car_16_Gas,Pickup_15_Gas,Pickup_15_Gas,SHARED3,0.1136673615991674,Pickup_15_Gas,,-9.0,0out_0in,escort
140138,2802,escort,5,4,4,6,non_mandatory,1,1399.0,1350.0,1096,22.0,23.0,1.0,,pure_escort,1.0,799.0,,False,True,-9.0,Car_16_Gas,Pickup_15_Gas,Pickup_15_Gas,SHARED3,0.1136697295428987,Pickup_15_Gas,,-9.0,0out_0in,escort
140139,2802,escort,5,5,5,6,non_mandatory,1,23872.0,1350.0,1096,25.0,25.0,0.0,,pure_escort,2.0,876.0,,False,True,-9.0,Car_16_Gas,Pickup_15_Gas,Pickup_15_Gas,SHARED3,0.1482615991347604,Pickup_15_Gas,,-9.0,0out_1in,escort
140169,2803,shopping,1,1,5,6,joint,4,1676.0,1350.0,1097,29.0,38.0,9.0,,,-9.0,975.0,mixed,False,True,11.104711112191644,Car_3_Hybrid,Car_3_Hybrid,Car_3_Hybrid,SHARED3,-46.75635612389704,Car_3_Hybrid,,-9.0,0out_0in,shopping
140175,2803,othdiscr,1,1,6,6,non_mandatory,1,11191.0,1350.0,1097,21.0,24.0,3.0,,,-9.0,773.0,,False,True,13.243919418459082,Car_3_Hybrid,Car_3_Hybrid,Car_3_Hybrid,SHARED3,0.8235558219182818,Car_3_Hybrid,,-9.0,0out_0in,othdiscr
140185,2803,escort,4,1,1,6,non_mandatory,1,3509.0,1350.0,1097,9.0,12.0,3.0,pure_escort,,1.0,359.0,,False,True,-9.0,Car_3_Hybrid,Car_3_Hybrid,Car_3_Hybrid,WALK,0.8692557438515717,,,-9.0,0out_0in,escort
140186,2803,escort,4,2,2,6,non_mandatory,1,23872.0,1350.0,1097,15.0,15.0,0.0,pure_escort,,1.0,581.0,,False,True,-9.0,Car_3_Hybrid,Car_3_Hybrid,Car_3_Hybrid,SHARED2,0.7477147087861241,Car_3_Hybrid,,-9.0,0out_0in,escort
140187,2803,escort,4,3,3,6,non_mandatory,1,3509.0,1350.0,1097,20.0,20.0,0.0,,pure_escort,1.0,741.0,,False,True,-9.0,Car_3_Hybrid,Car_3_Hybrid,Car_3_Hybrid,SHARED3,0.8699397307513661,Car_3_Hybrid,,-9.0,0out_0in,escort
140188,2803,escort,4,4,4,6,non_mandatory,1,23872.0,1350.0,1097,25.0,27.0,2.0,,pure_escort,1.0,878.0,,False,True,-9.0,Car_3_Hybrid,Car_3_Hybrid,Car_3_Hybrid,SHARED3,0.7471171152518307,Car_3_Hybrid,,-9.0,0out_0in,escort
140204,2804,eat,1,1,1,1,atwork,1,5343.0,6421.0,1097,19.0,20.0,1.0,,,-9.0,712.0,,,,6.009768837978566,,,,SHARED3,-1.2219041360453082,,,140248.0,0out_0in,atwork
140248,2804,work,2,1,1,2,mandatory,1,6421.0,1350.0,1097,7.0,33.0,26.0,,,-9.0,299.0,,,,-9.0,Car_3_Hybrid,Car_3_Hybrid,Car_3_Hybrid,WALK_LOC,-6.457163047197746,,eat,-9.0,0out_0in,work
140249,2804,work,2,2,2,2,mandatory,1,6421.0,1350.0,1097,42.0,43.0,1.0,,,-9.0,1149.0,,,,-9.0,Car_3_Hybrid,Car_3_Hybrid,Car_3_Hybrid,DRIVEALONE,-6.089449968773111,Car_3_Hybrid,no_subtours,-9.0,0out_1in,work
140283,2805,school,1,1,1,1,mandatory,1,23872.0,1350.0,1097,15.0,27.0,12.0,pure_escort,pure_escort,-9.0,593.0,,,,-9.0,Car_3_Hybrid,Car_3_Hybrid,Car_3_Hybrid,SHARED3,2.2873309903849317,Car_3_Hybrid,,-9.0,0out_0in,school
140333,2806,school,1,1,1,1,mandatory,1,3509.0,1350.0,1097,9.0,20.0,11.0,pure_escort,pure_escort,-9.0,367.0,,,,-9.0,Car_3_Hybrid,Car_3_Hybrid,Car_3_Hybrid,SHARED3,5.077087426698523,Car_3_Hybrid,,-9.0,0out_0in,school
140448,2808,work,1,1,1,1,mandatory,1,16709.0,1350.0,1098,8.0,32.0,24.0,,,-9.0,339.0,,,,-9.0,Pickup_15_Gas,Pickup_15_Gas,Pickup_15_Gas,DRIVEALONE,-1.08084213793431,Pickup_15_Gas,no_subtours,-9.0,0out_1in,work
140498,2809,work,1,1,1,1,mandatory,1,19190.0,1350.0,1098,7.0,24.0,17.0,,,-9.0,290.0,,,,-9.0,Pickup_15_Gas,Pickup_15_Gas,Pickup_15_Gas,DRIVEALONE,-2.9956511841442364,Pickup_15_Gas,no_subtours,-9.0,0out_1in,work
140504,2810,eat,1,1,1,1,atwork,1,4864.0,12782.0,1099,19.0,20.0,1.0,,,-9.0,712.0,,,,5.027879881068601,,,,SHARED3,0.4654771682831716,SUV_15_Gas,,140548.0,0out_0in,atwork
140548,2810,work,1,1,1,1,mandatory,1,12782.0,1350.0,1099,6.0,30.0,24.0,,,-9.0,254.0,,,,-9.0,SUV_15_Gas,Pickup_4_Gas,Car_4_BEV,DRIVEALONE,-2.7402597996028413,SUV_15_Gas,eat,-9.0,0out_0in,work
140579,2811,othmaint,1,1,1,1,non_mandatory,1,7616.0,1350.0,1099,17.0,21.0,4.0,,,-9.0,652.0,,False,True,12.454471249050656,Car_4_BEV,Car_4_BEV,SUV_15_Gas,DRIVEALONE,-3.0539867687752467,Car_4_BEV,,-9.0,0out_3in,othmaint
140625,2812,othdiscr,1,1,1,1,non_mandatory,1,5846.0,1350.0,1099,14.0,20.0,6.0,,,-9.0,552.0,,False,True,14.322086161197271,Car_4_BEV,SUV_15_Gas,Car_4_BEV,WALK,2.067930845663444,,,-9.0,0out_0in,othdiscr
140656,2813,eatout,1,1,1,1,non_mandatory,1,1652.0,1350.0,1100,24.0,32.0,8.0,,,-9.0,859.0,,False,True,13.878612446984002,Car_8_Gas,Car_8_Gas,Car_8_Gas,WALK,1.1977287615893235,,,-9.0,0out_0in,eatout
140706,2814,eatout,1,1,2,2,non_mandatory,1,1676.0,1350.0,1101,3.0,7.0,4.0,,,-9.0,99.0,,False,True,14.415948667730447,Pickup_6_Gas,Car_11_Gas,Pickup_6_Gas,WALK,1.6881050489348182,,,-9.0,0out_0in,eatout
140748,2814,work,1,1,1,2,mandatory,1,16106.0,1350.0,1101,43.0,45.0,2.0,,,-9.0,1157.0,,,,-9.0,Car_11_Gas,Pickup_11_Gas,Car_11_Gas,SHARED2,-0.6655204405643399,Pickup_11_Gas,no_subtours,-9.0,1out_0in,work
140791,2815,shopping,2,1,1,2,non_mandatory,1,3024.0,1350.0,1101,18.0,19.0,1.0,,,-9.0,681.0,,False,True,10.71399508838691,Pickup_11_Gas,Pickup_11_Gas,Pickup_11_Gas,WALK,0.0688129871565015,,,-9.0,0out_0in,shopping
140792,2815,shopping,2,2,2,2,non_mandatory,1,18529.0,1350.0,1101,24.0,30.0,6.0,,,-9.0,857.0,,False,True,10.442319883256374,Car_11_Gas,Car_11_Gas,Pickup_11_Gas,SHARED3,-2.376888864532421,Pickup_11_Gas,,-9.0,3out_2in,shopping
140879,2817,othmaint,1,1,2,2,non_mandatory,1,23860.0,1350.0,1101,28.0,28.0,0.0,,,-9.0,945.0,,False,True,11.560832455877003,Pickup_10_Gas,Pickup_6_Gas,Pickup_6_Gas,WALK,1.8676343744727264,,,-9.0,0out_0in,othmaint
140891,2817,shopping,1,1,1,2,non_mandatory,1,1676.0,1350.0,1101,19.0,19.0,0.0,,,-9.0,711.0,,False,True,10.9362421412521,Pickup_6_Gas,Car_11_Gas,Pickup_6_Gas,WALK,1.832402697020373,,,-9.0,0out_0in,shopping
140904,2818,eat,1,1,1,1,atwork,1,16274.0,16418.0,1102,18.0,21.0,3.0,,,-9.0,683.0,,,,4.047919967750257,,,,WALK,-0.6235331630925555,Car_9_Gas,,140948.0,0out_0in,atwork
140948,2818,work,1,1,1,1,mandatory,1,16418.0,1350.0,1102,6.0,30.0,24.0,,,-9.0,254.0,,,,-9.0,Car_9_Gas,Car_1_Gas,Car_9_Gas,DRIVEALONE,-3.2808253066643727,Car_9_Gas,eat,-9.0,0out_3in,work
140985,2819,escort,6,1,1,7,non_mandatory,1,19291.0,1350.0,1102,8.0,9.0,1.0,pure_escort,,1.0,316.0,,False,True,-9.0,non_hh_veh,Car_1_Gas,Pickup_10_Hybrid,SHARED3,-4.564057042230369,Pickup_10_Hybrid,,-9.0,0out_0in,escort
140986,2819,escort,6,2,2,7,non_mandatory,1,11793.0,1350.0,1102,9.0,9.0,0.0,pure_escort,,1.0,356.0,,False,True,-9.0,Pickup_10_Hybrid,Car_1_Gas,Car_1_Gas,SHARED3,0.0456964789004816,Car_1_Gas,,-9.0,0out_0in,escort
140987,2819,escort,6,3,3,7,non_mandatory,1,11793.0,1350.0,1102,11.0,13.0,2.0,pure_escort,,1.0,437.0,,False,True,-9.0,Car_9_Gas,Pickup_10_Hybrid,Pickup_10_Hybrid,SHARED3,0.0411483111006764,Pickup_10_Hybrid,,-9.0,0out_0in,escort
140988,2819,escort,6,4,4,7,non_mandatory,1,19291.0,1350.0,1102,22.0,23.0,1.0,,pure_escort,1.0,799.0,,False,True,-9.0,Car_1_Gas,Car_1_Gas,Car_1_Gas,SHARED3,-4.239356832957869,Car_1_Gas,,-9.0,0out_0in,escort
140989,2819,escort,6,5,5,7,non_mandatory,1,11793.0,1350.0,1102,23.0,24.0,1.0,,pure_escort,1.0,826.0,,False,True,-9.0,Car_1_Gas,Car_1_Gas,Car_1_Gas,SHARED3,0.0476200160098976,Car_1_Gas,,-9.0,0out_0in,escort
140990,2819,escort,6,6,6,7,non_mandatory,1,11793.0,1350.0,1102,26.0,26.0,0.0,,pure_escort,1.0,900.0,,False,True,-9.0,Pickup_10_Hybrid,Car_9_Gas,Car_1_Gas,SHARED3,0.0457662084147341,Car_1_Gas,,-9.0,0out_0in,escort
140991,2819,shopping,1,1,7,7,non_mandatory,1,9901.0,1350.0,1102,30.0,32.0,2.0,,,-9.0,988.0,,False,True,10.817499455782896,Car_1_Gas,Car_1_Gas,Pickup_10_Hybrid,SHARED3,-0.5361163328930473,Pickup_10_Hybrid,,-9.0,0out_0in,shopping
141033,2820,school,2,1,1,2,mandatory,1,19291.0,1350.0,1102,8.0,23.0,15.0,pure_escort,pure_escort,-9.0,330.0,,,,-9.0,Pickup_10_Hybrid,Pickup_10_Hybrid,Car_1_Gas,SHARED3,-4.757754133704705,Car_1_Gas,,-9.0,0out_0in,school
141034,2820,school,2,2,2,2,mandatory,1,19291.0,1350.0,1102,7.0,8.0,1.0,,,-9.0,274.0,,,,-9.0,Pickup_10_Hybrid,Pickup_10_Hybrid,Van_20_Gas,SHARED3,-4.863412957353524,Van_20_Gas,,-9.0,0out_1in,school
141083,2821,school,1,1,1,1,mandatory,1,11793.0,1350.0,1102,11.0,24.0,13.0,pure_escort,pure_escort,-9.0,448.0,,,,-9.0,Car_9_Gas,Pickup_10_Hybrid,Car_1_Gas,SHARED3,5.145667355393066,Car_1_Gas,,-9.0,0out_0in,school
141133,2822,school,1,1,1,1,mandatory,1,11793.0,1350.0,1102,9.0,26.0,17.0,pure_escort,pure_escort,-9.0,373.0,,,,-9.0,Car_1_Gas,Van_20_Gas,Car_9_Gas,SHARED3,4.735295022048528,Car_9_Gas,,-9.0,0out_0in,school
141183,2823,school,1,1,1,1,mandatory,1,11793.0,1350.0,1102,10.0,26.0,16.0,,,-9.0,412.0,,,,-9.0,Car_9_Gas,Car_1_Gas,Pickup_10_Hybrid,BIKE,4.302539222661433,,,-9.0,1out_0in,school
141275,2825,othdiscr,1,1,3,3,non_mandatory,1,1350.0,1350.0,1103,30.0,36.0,6.0,,,-9.0,992.0,,False,True,13.285220907534416,Pickup_10_Gas,Van_14_Gas,Van_14_Gas,WALK,1.2639975525501534,,,-9.0,0out_0in,othdiscr
141279,2825,othmaint,2,1,1,3,non_mandatory,1,100.0,1350.0,1103,23.0,24.0,1.0,,,-9.0,826.0,,False,True,10.316011395251945,Van_14_Gas,Van_14_Gas,Van_14_Gas,DRIVEALONE,-0.2323427073235243,Van_14_Gas,,-9.0,0out_0in,othmaint
141280,2825,othmaint,2,2,2,3,non_mandatory,1,23287.0,1350.0,1103,26.0,28.0,2.0,,,-9.0,902.0,,False,True,10.019598351347629,Pickup_10_Gas,Pickup_10_Gas,Van_14_Gas,DRIVEALONE,-3.6227785128342544,Pickup_10_Gas,,-9.0,0out_1in,othmaint
141309,2826,escort,1,1,1,1,non_mandatory,1,6073.0,1350.0,1104,21.0,22.0,1.0,,,-9.0,771.0,,False,True,13.52100180508665,SUV_3_Gas,Car_9_Gas,Van_17_Gas,DRIVEALONE,-0.0018041796605207,SUV_3_Gas,,-9.0,1out_2in,escort
141429,2828,othmaint,1,1,1,1,non_mandatory,1,7616.0,1350.0,1104,16.0,27.0,11.0,,,-9.0,626.0,,False,True,11.776487710893935,Car_9_Gas,SUV_3_Gas,SUV_3_Gas,SHARED3,-1.3394682888865634,SUV_3_Gas,,-9.0,3out_3in,othmaint
141475,2829,othdiscr,1,1,2,2,non_mandatory,1,11587.0,1350.0,1104,6.0,9.0,3.0,,,-9.0,233.0,,False,True,13.714234171726412,SUV_3_Gas,Pickup_3_Gas,SUV_3_Gas,SHARED3,-0.2591615056201419,SUV_3_Gas,,-9.0,3out_3in,othdiscr
141483,2829,school,1,1,1,2,mandatory,1,19370.0,1350.0,1104,11.0,46.0,35.0,,,-9.0,470.0,,,,-9.0,Pickup_3_Gas,SUV_3_Gas,Van_17_Gas,SHARED2,-5.911228633499523,SUV_3_Gas,,-9.0,0out_2in,univ
141554,2831,eat,1,1,1,1,atwork,1,23056.0,23050.0,1105,18.0,20.0,2.0,,,-9.0,682.0,,,,7.383835423491459,,,,WALK,0.291585123906764,Car_8_Gas,,141598.0,1out_1in,atwork
141598,2831,work,1,1,1,1,mandatory,1,23050.0,1350.0,1105,8.0,35.0,27.0,,,-9.0,342.0,,,,-9.0,Car_8_Gas,SUV_11_Gas,SUV_11_Gas,DRIVEALONE,-1.485762514818313,Car_8_Gas,eat,-9.0,0out_1in,work
141729,2834,othmaint,1,1,2,2,non_mandatory,1,1411.0,1350.0,1106,20.0,26.0,6.0,,,-9.0,747.0,,False,True,11.39843876898074,Pickup_9_Gas,Pickup_9_Gas,Pickup_9_Gas,WALK,1.2888450511854137,,,-9.0,1out_1in,othmaint
141741,2834,shopping,1,1,1,2,non_mandatory,1,2465.0,1350.0,1106,16.0,18.0,2.0,,,-9.0,617.0,,False,True,10.879724552845696,Pickup_9_Gas,Pickup_9_Gas,Pickup_9_Gas,WALK,1.6359989937601445,,,-9.0,0out_0in,shopping
141791,2835,shopping,1,1,1,1,non_mandatory,1,2465.0,1350.0,1107,15.0,15.0,0.0,,,-9.0,581.0,,False,True,10.392781982640871,Pickup_12_Gas,Pickup_12_Gas,Pickup_12_Gas,DRIVEALONE,0.5479791019602236,Pickup_12_Gas,,-9.0,1out_0in,shopping
141825,2836,othdiscr,2,1,2,3,non_mandatory,1,5515.0,1350.0,1107,15.0,19.0,4.0,,,-9.0,585.0,,False,True,13.695034949462473,Pickup_12_Gas,Pickup_12_Gas,Pickup_12_Gas,WALK,1.0018607058725373,,,-9.0,0out_0in,othdiscr
141826,2836,othdiscr,2,2,3,3,non_mandatory,1,23897.0,1350.0,1107,27.0,30.0,3.0,,,-9.0,926.0,,False,True,13.638365646626076,Pickup_12_Gas,Pickup_12_Gas,Pickup_12_Gas,WALK_LOC,-1.8361621901127645,,,-9.0,0out_1in,othdiscr
141829,2836,othmaint,1,1,1,3,non_mandatory,1,18652.0,1350.0,1107,10.0,15.0,5.0,,,-9.0,401.0,,False,True,12.302283566417607,Pickup_12_Gas,non_hh_veh,Pickup_12_Gas,DRIVEALONE,-4.68656125071308,Pickup_12_Gas,,-9.0,0out_0in,othmaint
141909,2838,escort,3,3,3,4,non_mandatory,1,1380.0,1380.0,1108,27.0,28.0,1.0,,,-9.0,924.0,,False,True,9.458593372323788,Van_15_Gas,non_hh_veh,Van_15_Gas,DRIVEALONE,-0.2524454976441473,Van_15_Gas,,-9.0,0out_0in,escort
141935,2838,escort,3,1,1,4,non_mandatory,1,1380.0,1380.0,1108,11.0,14.0,3.0,pure_escort,,1.0,438.0,,False,True,-9.0,Van_15_Gas,Van_15_Gas,Pickup_2_Gas,SHARED3,-0.428121115911149,Pickup_2_Gas,,-9.0,0out_0in,escort
141936,2838,escort,3,2,2,4,non_mandatory,1,1380.0,1380.0,1108,28.0,28.0,0.0,,pure_escort,1.0,945.0,,False,True,-9.0,Pickup_2_Gas,Pickup_2_Gas,Van_15_Gas,SHARED3,-0.4634769039299914,Van_15_Gas,,-9.0,0out_0in,escort
141941,2838,shopping,1,1,4,4,non_mandatory,1,24333.0,1380.0,1108,16.0,18.0,2.0,,,-9.0,617.0,,True,False,3.6623237994475377,Pickup_2_Gas,Van_15_Gas,Pickup_2_Gas,DRIVEALONE,-4.410824548227273,Pickup_2_Gas,,-9.0,1out_1in,shopping
141983,2839,school,2,1,1,2,mandatory,1,1380.0,1380.0,1108,11.0,28.0,17.0,pure_escort,pure_escort,-9.0,452.0,,,,-9.0,Pickup_2_Gas,Van_15_Gas,Pickup_2_Gas,SHARED3,3.136722512568036,Pickup_2_Gas,,-9.0,0out_0in,school
141984,2839,school,2,2,2,2,mandatory,1,1380.0,1380.0,1108,10.0,10.0,0.0,,,-9.0,396.0,,,,-9.0,Pickup_2_Gas,Van_15_Gas,Pickup_2_Gas,WALK,3.136723796088401,,,-9.0,1out_0in,school
142009,2840,escort,1,1,1,1,non_mandatory,1,7789.0,1380.0,1108,22.0,29.0,7.0,,,-9.0,805.0,,False,True,10.40113383358566,Pickup_2_Gas,Pickup_2_Gas,Van_15_Gas,SHARED3,0.230500728627951,Van_15_Gas,,-9.0,3out_3in,escort
142075,2841,othdiscr,1,1,2,2,non_mandatory,1,5878.0,1380.0,1109,24.0,28.0,4.0,,,-9.0,855.0,,False,True,6.919688072201962,SUV_14_Gas,Pickup_16_Gas,Pickup_16_Gas,DRIVEALONE,-2.3868524604540013,SUV_14_Gas,,-9.0,0out_0in,othdiscr
142098,2841,work,1,1,1,2,mandatory,1,1380.0,1380.0,1109,28.0,32.0,4.0,,,-9.0,949.0,,,,-9.0,SUV_14_Gas,SUV_14_Gas,Van_20_Gas,DRIVEALONE,-1.4799376707485317,SUV_14_Gas,no_subtours,-9.0,0out_0in,work
142148,2842,work,1,1,1,1,mandatory,1,1380.0,1380.0,1109,8.0,27.0,19.0,,,-9.0,334.0,,,,-9.0,SUV_14_Gas,Pickup_16_Gas,Van_20_Gas,SHARED2,-0.6381613502025296,Pickup_16_Gas,no_subtours,-9.0,0out_0in,work
142179,2843,othmaint,1,1,1,1,non_mandatory,1,16236.0,1380.0,1109,13.0,19.0,6.0,,,-9.0,516.0,,False,True,6.687770260682777,SUV_14_Gas,SUV_14_Gas,Van_20_Gas,SHARED2,-3.012252843441911,SUV_14_Gas,,-9.0,0out_0in,othmaint
142241,2844,shopping,1,1,2,2,non_mandatory,1,16182.0,1380.0,1109,29.0,32.0,3.0,,,-9.0,969.0,,False,True,7.122053321813596,Pickup_16_Gas,SUV_14_Gas,SUV_14_Gas,SHARED2,-8.223831647358427,SUV_14_Gas,,-9.0,1out_0in,shopping
142248,2844,work,1,1,1,2,mandatory,1,1380.0,1380.0,1109,11.0,26.0,15.0,,,-9.0,450.0,,,,-9.0,SUV_14_Gas,Van_20_Gas,Pickup_16_Gas,DRIVEALONE,0.1098977486757577,SUV_14_Gas,no_subtours,-9.0,0out_0in,work
142333,2846,school,1,1,1,1,mandatory,1,1380.0,1380.0,1109,11.0,26.0,15.0,,,-9.0,450.0,,,,-9.0,Van_20_Gas,Pickup_16_Gas,SUV_14_Gas,WALK,1.539861712178442,,,-9.0,0out_0in,school
142383,2847,school,2,1,1,2,mandatory,1,1380.0,1380.0,1109,12.0,30.0,18.0,,,-9.0,491.0,,,,-9.0,SUV_14_Gas,Pickup_16_Gas,SUV_14_Gas,WALK,1.7154558137600453,,,-9.0,1out_0in,school
142384,2847,school,2,2,2,2,mandatory,1,1380.0,1380.0,1109,9.0,12.0,3.0,,,-9.0,359.0,,,,-9.0,SUV_14_Gas,SUV_14_Gas,SUV_14_Gas,WALK,1.7155407756417416,,,-9.0,1out_0in,school
142475,2849,othdiscr,1,1,2,2,non_mandatory,1,5325.0,1380.0,1110,32.0,36.0,4.0,,,-9.0,1027.0,,False,True,10.748920948398318,Car_7_Gas,SUV_11_Gas,SUV_11_Gas,SHARED3,-4.888496040912782,SUV_11_Gas,,-9.0,0out_1in,othdiscr
142498,2849,work,1,1,1,2,mandatory,1,20722.0,1380.0,1110,9.0,28.0,19.0,,,-9.0,375.0,,,,-9.0,Car_11_Gas,Car_7_Gas,Car_7_Gas,DRIVEALONE,-5.4712535482208615,Car_11_Gas,no_subtours,-9.0,0out_1in,work
142548,2850,work,1,1,1,1,mandatory,1,5906.0,1380.0,1110,5.0,31.0,26.0,,,-9.0,212.0,,,,-9.0,Van_14_Gas,Van_14_Gas,Car_7_Gas,DRIVEALONE,-6.668544431807272,Van_14_Gas,no_subtours,-9.0,2out_2in,work
142554,2851,eat,1,1,1,1,atwork,1,16131.0,16131.0,1110,18.0,19.0,1.0,,,-9.0,681.0,,,,9.066079013356978,,,,SHARED3,-0.028083145366527,Van_14_Gas,,142598.0,0out_0in,atwork
142598,2851,work,1,1,1,1,mandatory,1,16131.0,1380.0,1110,10.0,45.0,35.0,,,-9.0,431.0,,,,-9.0,Car_7_Gas,Van_14_Gas,Van_14_Gas,SHARED3,-6.966606765796707,Van_14_Gas,eat,-9.0,0out_3in,work
142604,2852,eat,1,1,1,1,atwork,1,7616.0,23892.0,1110,20.0,21.0,1.0,,,-9.0,742.0,,,,4.940219936376797,,,,SHARED3,-0.8884410859995951,Car_11_Gas,,142648.0,0out_0in,atwork
142648,2852,work,1,1,1,1,mandatory,1,23892.0,1380.0,1110,9.0,33.0,24.0,,,-9.0,380.0,,,,-9.0,Car_11_Gas,Car_11_Gas,Car_7_Gas,DRIVEALONE,-1.2452662304906867,Car_11_Gas,eat,-9.0,0out_1in,work
142733,2854,school,2,1,1,2,mandatory,1,9910.0,1380.0,1110,11.0,31.0,20.0,pure_escort,,-9.0,455.0,,,,-9.0,Car_11_Gas,SUV_11_Gas,SUV_11_Gas,SHARED3,-0.135430752945105,SUV_11_Gas,,-9.0,0out_1in,school
142734,2854,school,2,2,2,2,mandatory,1,9910.0,1380.0,1110,10.0,11.0,1.0,,,-9.0,397.0,,,,-9.0,Car_7_Gas,Car_7_Gas,Car_11_Gas,SHARED3,-0.1019220347080094,Car_11_Gas,,-9.0,1out_0in,school
142783,2855,school,1,1,1,1,mandatory,1,13596.0,1380.0,1110,15.0,29.0,14.0,pure_escort,,-9.0,595.0,,,,-9.0,Car_11_Gas,Van_14_Gas,Car_11_Gas,SHARED3,-1.4985552466293035,Car_11_Gas,,-9.0,0out_2in,school
142835,2856,escort,2,1,2,3,non_mandatory,1,9910.0,1380.0,1110,11.0,12.0,1.0,pure_escort,,1.0,436.0,,False,True,-9.0,Car_11_Gas,Car_11_Gas,Car_11_Gas,SHARED3,0.6282437683960059,Car_11_Gas,,-9.0,0out_0in,escort
142836,2856,escort,2,2,3,3,non_mandatory,1,13596.0,1380.0,1110,15.0,24.0,9.0,pure_escort,,1.0,590.0,,False,True,-9.0,Car_7_Gas,Van_14_Gas,Van_14_Gas,SHARED3,-0.0400469510866603,Van_14_Gas,,-9.0,0out_0in,escort
142848,2856,work,1,1,1,3,mandatory,1,23753.0,1380.0,1110,31.0,46.0,15.0,,,-9.0,1020.0,,,,-9.0,Van_14_Gas,Van_14_Gas,Car_11_Gas,DRIVEALONE,-2.0498069794041327,Van_14_Gas,no_subtours,-9.0,0out_2in,work
142898,2857,work,2,1,1,2,mandatory,1,19120.0,1380.0,1111,11.0,28.0,17.0,,,-9.0,452.0,,,,-9.0,SUV_11_Gas,Car_20_Gas,SUV_11_Gas,SHARED3,-1.8991484718194624,SUV_11_Gas,no_subtours,-9.0,0out_1in,work
142899,2857,work,2,2,2,2,mandatory,1,19120.0,1380.0,1111,32.0,33.0,1.0,,,-9.0,1024.0,,,,-9.0,Pickup_18_Gas,SUV_11_Gas,Pickup_18_Gas,DRIVEALONE,-1.9279085728612213,Pickup_18_Gas,no_subtours,-9.0,0out_0in,work
142948,2858,work,1,1,1,1,mandatory,1,13596.0,1380.0,1111,5.0,31.0,26.0,,,-9.0,212.0,,,,-9.0,Pickup_18_Gas,SUV_11_Gas,Pickup_18_Gas,SHARED2,-2.6131455750336325,SUV_11_Gas,no_subtours,-9.0,0out_0in,work
142998,2859,work,2,1,1,2,mandatory,1,1380.0,1380.0,1111,9.0,23.0,14.0,,,-9.0,370.0,,,,-9.0,Car_20_Gas,Pickup_18_Gas,SUV_11_Gas,DRIVEALONE,-0.1879972822374255,Car_20_Gas,no_subtours,-9.0,0out_0in,work
142999,2859,work,2,2,2,2,mandatory,1,1380.0,1380.0,1111,25.0,28.0,3.0,,,-9.0,879.0,,,,-9.0,SUV_11_Gas,Pickup_18_Gas,Car_20_Gas,WALK,-0.1913887201950732,,no_subtours,-9.0,0out_0in,work
143183,2863,school,1,1,1,1,mandatory,1,1380.0,1380.0,1111,11.0,26.0,15.0,,,-9.0,450.0,,,,-9.0,Car_20_Gas,SUV_11_Gas,SUV_11_Gas,WALK,0.1682552360080138,,,-9.0,0out_3in,school
143248,2864,work,1,1,1,1,mandatory,1,8979.0,1380.0,1111,9.0,29.0,20.0,,,-9.0,376.0,,,,-9.0,Pickup_18_Gas,Pickup_18_Gas,SUV_11_Gas,SHARED3,-0.2601010666583253,SUV_11_Gas,no_subtours,-9.0,2out_0in,work
143298,2865,work,1,1,1,1,mandatory,1,23072.0,1380.0,1112,5.0,27.0,22.0,,,-9.0,208.0,,,,-9.0,Car_11_Gas,Pickup_11_Gas,Car_10_Gas,DRIVEALONE,-4.8112189950996616,Car_11_Gas,no_subtours,-9.0,0out_0in,work
143309,2866,escort,1,1,2,3,non_mandatory,1,1380.0,1380.0,1112,28.0,31.0,3.0,,,-9.0,948.0,,False,True,9.427979348385213,Pickup_11_Gas,Car_11_Gas,Pickup_11_Gas,DRIVEALONE,-0.3053851726690614,Pickup_11_Gas,,-9.0,0out_0in,escort
143325,2866,othdiscr,1,1,3,3,non_mandatory,1,19621.0,1380.0,1112,31.0,36.0,5.0,,,-9.0,1010.0,,False,True,10.56982887389936,Car_10_Gas,Pickup_11_Gas,Car_10_Gas,DRIVEALONE,-4.357643293608393,Car_10_Gas,,-9.0,0out_1in,othdiscr
143348,2866,work,1,1,1,3,mandatory,1,1380.0,1380.0,1112,9.0,28.0,19.0,,,-9.0,375.0,,,,-9.0,Pickup_11_Gas,Car_10_Gas,Car_11_Gas,SHARED3,-0.1861751098116495,Car_11_Gas,no_subtours,-9.0,0out_0in,work
143398,2867,work,1,1,1,1,mandatory,1,23044.0,1380.0,1112,12.0,36.0,24.0,,,-9.0,497.0,,,,-9.0,Car_10_Gas,Pickup_11_Gas,Car_10_Gas,DRIVEALONE,-4.248911655159129,Car_10_Gas,no_subtours,-9.0,0out_0in,work
143448,2868,work,1,1,1,1,mandatory,1,1380.0,1380.0,1112,10.0,27.0,17.0,,,-9.0,413.0,,,,-9.0,Pickup_11_Gas,Car_10_Gas,Car_11_Gas,DRIVEALONE,-0.7227488226871622,Pickup_11_Gas,no_subtours,-9.0,0out_0in,work
143456,2869,eatout,1,1,4,4,non_mandatory,1,13594.0,1380.0,1112,27.0,32.0,5.0,,,-9.0,928.0,,False,True,10.876728514763544,Car_11_Gas,Car_10_Gas,Pickup_11_Gas,DRIVEALONE,-0.8243408740256275,Car_11_Gas,,-9.0,0out_0in,eatout
143485,2869,escort,3,1,1,4,non_mandatory,1,1380.0,1380.0,1112,9.0,10.0,1.0,pure_escort,,1.0,357.0,,False,True,-9.0,Pickup_11_Gas,Car_11_Gas,Pickup_11_Gas,WALK,-1.0277329088652387,,,-9.0,0out_0in,escort
143486,2869,escort,3,2,2,4,non_mandatory,1,1380.0,1380.0,1112,10.0,11.0,1.0,,pure_escort,1.0,397.0,,False,True,-9.0,Car_10_Gas,Pickup_11_Gas,Car_11_Gas,SHARED2,-1.0523602717425218,Pickup_11_Gas,,-9.0,0out_0in,escort
143487,2869,escort,3,3,3,4,non_mandatory,1,1380.0,1380.0,1112,25.0,26.0,1.0,,pure_escort,1.0,877.0,,False,True,-9.0,Car_11_Gas,Pickup_11_Gas,Car_10_Gas,SHARED2,-1.0459476177180245,Pickup_11_Gas,,-9.0,0out_0in,escort
143533,2870,school,1,1,1,1,mandatory,1,1380.0,1380.0,1112,9.0,11.0,2.0,pure_escort,pure_escort,-9.0,358.0,,,,-9.0,Car_11_Gas,Car_10_Gas,Car_10_Gas,SHARED2,0.6358062874338629,Car_10_Gas,,-9.0,0out_0in,school
143583,2871,school,1,1,1,1,mandatory,1,1380.0,1380.0,1112,10.0,26.0,16.0,ride_share,pure_escort,-9.0,412.0,,,,-9.0,Car_10_Gas,Pickup_11_Gas,Car_11_Gas,SHARED2,0.3234693370931442,Pickup_11_Gas,,-9.0,0out_0in,school
143648,2872,work,1,1,1,1,mandatory,1,13596.0,1380.0,1112,10.0,31.0,20.0,ride_share,,1.0,417.0,,,,-9.0,Pickup_11_Gas,Pickup_11_Gas,Pickup_11_Gas,SHARED3,-1.6487000247943426,Pickup_11_Gas,no_subtours,-9.0,1out_2in,work
143659,2873,escort,1,1,3,3,non_mandatory,1,1380.0,1380.0,1113,23.0,25.0,2.0,,,-9.0,827.0,,False,True,9.353714378941302,Van_2_Gas,Van_2_Gas,Van_2_Gas,DRIVEALONE,-0.4264684864369505,Van_2_Gas,,-9.0,0out_0in,escort
143667,2873,othmaint,1,1,2,3,joint,5,1380.0,1380.0,1113,26.0,32.0,6.0,,,-9.0,906.0,adults,False,True,9.95282308624081,Car_12_Gas,Van_2_Gas,Car_11_Gas,WALK,-49.39158373805997,,,-9.0,0out_1in,othmaint
143698,2873,work,1,1,1,3,mandatory,1,1380.0,1380.0,1113,9.0,22.0,13.0,,,-9.0,369.0,,,,-9.0,Car_11_Gas,Van_2_Gas,Van_2_Gas,DRIVEALONE,-0.344016830691102,Car_11_Gas,no_subtours,-9.0,0out_0in,work
143791,2875,shopping,1,1,1,1,non_mandatory,1,14170.0,1380.0,1113,5.0,24.0,19.0,,,-9.0,205.0,,False,True,7.074778670353763,Car_11_Gas,Van_2_Gas,Van_2_Gas,SHARED3,-4.854327443077549,Van_2_Gas,,-9.0,0out_1in,shopping
143829,2876,othmaint,1,1,1,1,non_mandatory,1,1380.0,1380.0,1113,23.0,26.0,3.0,,,-9.0,828.0,,False,True,10.283561702626178,Car_11_Gas,Car_12_Gas,Van_2_Gas,WALK,-0.0116825776312346,,,-9.0,0out_1in,othmaint
143859,2877,escort,2,1,1,2,non_mandatory,1,18229.0,1380.0,1113,37.0,46.0,9.0,,,-9.0,1107.0,,False,True,6.0893355867177,Car_12_Gas,Car_12_Gas,Van_2_Gas,DRIVEALONE,-6.291452949386945,Car_12_Gas,,-9.0,0out_0in,escort
143860,2877,escort,2,2,2,2,non_mandatory,1,19485.0,1380.0,1113,12.0,17.0,5.0,,,-9.0,478.0,,False,True,5.513941404043636,Car_11_Gas,Van_2_Gas,Car_12_Gas,DRIVEALONE,-10.131750319020412,Car_11_Gas,,-9.0,0out_0in,escort
143959,2879,escort,1,1,1,1,non_mandatory,1,1380.0,1380.0,1113,24.0,25.0,1.0,,,-9.0,852.0,,False,True,10.255267988837454,Van_2_Gas,Van_2_Gas,Van_2_Gas,SHARED3,0.0943617078076371,Van_2_Gas,,-9.0,0out_0in,escort
144063,2881,eatout,1,1,3,3,joint,5,4502.0,1380.0,1114,24.0,39.0,15.0,,,-9.0,866.0,adults,False,True,11.126118825910762,Car_7_Gas,Van_18_Gas,Van_18_Gas,SHARED3,-58.272257356096254,Van_18_Gas,,-9.0,1out_0in,eatout
144098,2881,work,2,1,1,3,mandatory,1,1380.0,1380.0,1114,15.0,19.0,4.0,,,-9.0,585.0,,,,-9.0,Van_18_Gas,Car_7_Gas,Van_18_Gas,DRIVEALONE,0.0359985806255944,Van_18_Gas,no_subtours,-9.0,0out_0in,work
144099,2881,work,2,2,2,3,mandatory,1,1380.0,1380.0,1114,21.0,22.0,1.0,,,-9.0,771.0,,,,-9.0,Car_7_Gas,Car_7_Gas,Car_7_Gas,DRIVEALONE,0.0758927267171274,Car_7_Gas,no_subtours,-9.0,0out_0in,work
144309,2886,escort,1,1,1,1,non_mandatory,1,1380.0,1380.0,1114,25.0,26.0,1.0,,,-9.0,877.0,,False,True,10.152412408757344,Car_7_Gas,Van_18_Gas,Car_7_Gas,SHARED3,0.4710375920456597,Car_7_Gas,,-9.0,0out_0in,escort
144356,2887,eatout,1,1,1,1,non_mandatory,1,8545.0,1380.0,1114,1.0,36.0,35.0,,,-9.0,35.0,,False,True,12.002464736870472,Car_7_Gas,Van_18_Gas,Car_7_Gas,SHARED3,-13.350750883412172,Car_7_Gas,,-9.0,0out_1in,eatout
144465,2889,othdiscr,2,1,1,2,joint,5,3837.0,1380.0,1115,20.0,23.0,3.0,,,-9.0,744.0,adults,False,True,9.229168315135468,Car_10_Gas,Car_10_Gas,Car_10_Gas,SHARED3,-49.19215267998497,Car_10_Gas,,-9.0,0out_0in,othdiscr
144466,2894,othdiscr,1,1,1,1,joint,3,9085.0,1380.0,1115,12.0,17.0,5.0,,,-9.0,478.0,mixed,False,True,8.62283841401292,Car_10_Hybrid,Car_10_Gas,Car_10_Gas,SHARED3,-52.443236467086194,Car_10_Gas,,-9.0,1out_0in,othdiscr
144475,2889,othdiscr,2,2,2,2,non_mandatory,1,23056.0,1380.0,1115,8.0,18.0,10.0,,,-9.0,325.0,,False,True,10.550309725320911,Car_10_Hybrid,Car_10_Gas,Car_10_Hybrid,SHARED3,-2.607638014328957,Car_10_Hybrid,,-9.0,0out_1in,othdiscr
144504,2890,eat,1,1,1,1,atwork,1,23056.0,8690.0,1115,20.0,21.0,1.0,,,-9.0,742.0,,,,1.2103314072347906,,,,SHARED3,-15.267301641652276,Car_10_Hybrid,,144548.0,0out_0in,atwork
144548,2890,work,1,1,1,1,mandatory,1,8690.0,1380.0,1115,8.0,35.0,27.0,,,-9.0,342.0,,,,-9.0,Car_10_Hybrid,Car_10_Hybrid,Car_10_Gas,DRIVEALONE,-1.291202275855465,Car_10_Hybrid,eat,-9.0,0out_0in,work
144575,2891,othdiscr,1,1,1,1,non_mandatory,1,15833.0,1380.0,1115,29.0,36.0,7.0,,,-9.0,973.0,,False,True,10.718108394006215,Car_10_Gas,Car_10_Gas,Car_10_Gas,DRIVEALONE,-3.2234668419830528,Car_10_Gas,,-9.0,1out_2in,othdiscr
144641,2892,shopping,1,1,1,1,non_mandatory,1,8926.0,1380.0,1115,28.0,36.0,8.0,,,-9.0,953.0,,False,True,6.266592816842027,Car_10_Gas,Car_10_Gas,Car_10_Hybrid,SHARED3,-0.2320301221967516,Car_10_Hybrid,,-9.0,0out_0in,shopping
144659,2893,escort,1,1,1,1,non_mandatory,1,7520.0,1380.0,1115,30.0,47.0,17.0,,,-9.0,1003.0,,False,True,8.273573998816842,Car_10_Gas,Car_10_Hybrid,Car_10_Hybrid,SHARED3,-8.968096402171081,Car_10_Hybrid,,-9.0,2out_1in,escort
144775,2895,othdiscr,1,1,1,1,non_mandatory,1,13036.0,1380.0,1115,18.0,42.0,24.0,,,-9.0,704.0,,False,True,11.715172494312068,Car_10_Gas,Car_10_Hybrid,Car_10_Gas,SHARED3,-3.4522620847999272,Car_10_Gas,,-9.0,1out_2in,othdiscr
144848,2896,work,1,1,1,1,mandatory,1,1380.0,1380.0,1115,33.0,35.0,2.0,,,-9.0,1042.0,,,,-9.0,Car_10_Gas,Car_10_Gas,Car_10_Hybrid,SHARED3,0.046135787405767,Car_10_Hybrid,no_subtours,-9.0,0out_0in,work
144875,2897,othdiscr,1,1,1,1,non_mandatory,1,24333.0,1380.0,1116,11.0,36.0,25.0,,,-9.0,460.0,,True,False,4.761148546289884,Car_1_Gas,SUV_10_Gas,SUV_10_Gas,SHARED3,-3.36146561569457,SUV_10_Gas,,-9.0,0out_1in,othdiscr
144948,2898,work,1,1,1,1,mandatory,1,8926.0,1380.0,1116,10.0,30.0,20.0,,,-9.0,416.0,,,,-9.0,SUV_10_Gas,SUV_1_Gas,SUV_9_Gas,SHARED2,-1.426489508059016,SUV_1_Gas,no_subtours,-9.0,0out_0in,work
144998,2899,work,1,1,1,1,mandatory,1,13539.0,1380.0,1116,10.0,30.0,20.0,,,-9.0,416.0,,,,-9.0,Car_1_Gas,Car_1_Gas,Car_1_Gas,SHARED3,-1.115655996344217,Car_1_Gas,no_subtours,-9.0,0out_1in,work
145048,2900,work,1,1,1,1,mandatory,1,13596.0,1380.0,1116,11.0,29.0,18.0,,,-9.0,453.0,,,,-9.0,SUV_10_Gas,Car_1_Gas,SUV_1_Gas,DRIVEALONE,-0.7707805127726604,SUV_10_Gas,no_subtours,-9.0,1out_3in,work
145125,2902,othdiscr,1,1,1,1,non_mandatory,1,16450.0,1380.0,1116,18.0,26.0,8.0,,,-9.0,688.0,,False,True,10.328749242357093,SUV_9_Gas,SUV_1_Gas,SUV_9_Gas,SHARED3,-3.4890377588295034,SUV_9_Gas,,-9.0,0out_3in,othdiscr
145195,2903,social,1,1,1,1,non_mandatory,1,24333.0,1380.0,1116,11.0,36.0,25.0,,,-9.0,460.0,,True,False,6.136081937771582,SUV_10_Gas,Car_1_Gas,Car_1_Gas,SHARED2,-2.618967202407536,Car_1_Gas,,-9.0,0out_0in,social
145225,2904,othdiscr,1,1,2,2,non_mandatory,1,20799.0,1380.0,1116,16.0,22.0,6.0,,,-9.0,621.0,,False,True,10.937280079832398,SUV_10_Gas,SUV_9_Gas,Car_1_Gas,SHARED3,-2.687956676211229,Car_1_Gas,,-9.0,3out_0in,othdiscr
145248,2904,work,1,1,1,2,mandatory,1,1380.0,1380.0,1116,28.0,36.0,8.0,,,-9.0,953.0,,,,-9.0,SUV_9_Gas,SUV_1_Gas,SUV_1_Gas,SHARED3,0.077978886999953,SUV_1_Gas,no_subtours,-9.0,0out_0in,work
145259,2905,escort,1,1,1,2,non_mandatory,1,1380.0,1380.0,1117,26.0,28.0,2.0,,,-9.0,902.0,,False,True,9.369964704598605,Car_13_Gas,Pickup_20_Gas,Car_13_Gas,WALK,-0.4035118898041407,,,-9.0,0out_0in,escort
145275,2905,othdiscr,1,1,2,2,non_mandatory,1,7543.0,1380.0,1117,11.0,21.0,10.0,,,-9.0,445.0,,False,True,10.105170159026107,Pickup_20_Gas,Car_13_Gas,Car_13_Gas,SHARED2,-12.353787746487452,Car_13_Gas,,-9.0,0out_1in,othdiscr
145348,2906,work,1,1,1,1,mandatory,1,8979.0,1380.0,1117,12.0,18.0,6.0,,,-9.0,479.0,,,,-9.0,Pickup_20_Gas,Car_13_Gas,Pickup_20_Gas,DRIVEALONE,-0.7943360656218273,Pickup_20_Gas,no_subtours,-9.0,0out_0in,work
145350,2907,business,1,1,1,1,atwork,1,23967.0,18369.0,1118,17.0,22.0,5.0,,,-9.0,653.0,,,,3.7721713621719295,,,,SHARED3,-3.10594779343569,SUV_8_Gas,,145398.0,1out_1in,atwork
145398,2907,work,2,1,1,2,mandatory,1,18369.0,1380.0,1118,11.0,31.0,20.0,,,-9.0,455.0,,,,-9.0,SUV_8_Gas,SUV_8_Gas,SUV_8_Gas,DRIVEALONE,-4.393676205939847,SUV_8_Gas,business1,-9.0,1out_1in,work
145399,2907,work,2,2,2,2,mandatory,1,18369.0,1380.0,1118,31.0,33.0,2.0,,,-9.0,1007.0,,,,-9.0,SUV_8_Gas,SUV_8_Gas,SUV_8_Gas,SHARED2,-4.089095105709656,SUV_8_Gas,no_subtours,-9.0,0out_0in,work
145441,2908,shopping,1,1,1,1,non_mandatory,1,20183.0,1380.0,1118,16.0,26.0,10.0,,,-9.0,625.0,,False,True,4.464514474905392,SUV_8_Gas,SUV_8_Gas,SUV_8_Gas,DRIVEALONE,-6.661274446775363,SUV_8_Gas,,-9.0,1out_1in,shopping
145463,2909,eatout,1,1,1,1,joint,2,16048.0,1380.0,1119,29.0,34.0,5.0,,,-9.0,971.0,adults,False,True,10.265060699464629,Car_20_Gas,Pickup_12_Gas,Pickup_12_Gas,SHARED2,-6.765381656453461,Pickup_12_Gas,,-9.0,1out_0in,eatout
145529,2910,othmaint,1,1,1,1,non_mandatory,1,1380.0,1380.0,1119,19.0,22.0,3.0,,,-9.0,714.0,,False,True,6.2013875373427245,Car_20_Gas,Car_20_Gas,Pickup_12_Gas,SHARED3,-0.0560833720384983,Pickup_12_Gas,,-9.0,0out_3in,othmaint
145598,2911,work,2,1,1,2,mandatory,1,6760.0,1380.0,1120,3.0,33.0,30.0,,,-9.0,125.0,,,,-9.0,Car_17_Gas,Car_17_Gas,Car_17_Gas,DRIVEALONE,-4.1510759653942735,Car_17_Gas,no_subtours,-9.0,1out_1in,work
145599,2911,work,2,2,2,2,mandatory,1,6760.0,1380.0,1120,34.0,38.0,4.0,,,-9.0,1060.0,,,,-9.0,Car_17_Gas,Car_17_Gas,Pickup_14_Gas,DRIVEALONE,-4.151290960928576,Car_17_Gas,no_subtours,-9.0,0out_0in,work
145675,2913,othdiscr,1,1,1,1,non_mandatory,1,9910.0,1380.0,1121,28.0,30.0,2.0,,,-9.0,947.0,,False,True,10.02047304205661,Car_6_Gas,Car_6_Gas,Car_6_Gas,SHARED2,-0.2924037121982059,Car_6_Gas,,-9.0,0out_1in,othdiscr
145700,2914,business,1,1,1,1,atwork,1,23883.0,1380.0,1121,16.0,17.0,1.0,,,-9.0,616.0,,,,-2.790434154897901,,,,DRIVEALONE,-6.256674779038171,Pickup_13_Gas,,145748.0,0out_1in,atwork
145725,2914,othdiscr,1,1,2,2,non_mandatory,1,24046.0,1380.0,1121,29.0,38.0,9.0,,,-9.0,975.0,,False,True,9.32816644240368,Car_6_Gas,Car_6_Gas,Car_6_Gas,DRIVEALONE,-1.356913312169159,Car_6_Gas,,-9.0,0out_0in,othdiscr
145748,2914,work,1,1,1,2,mandatory,1,1380.0,1380.0,1121,9.0,27.0,18.0,,,-9.0,374.0,,,,-9.0,Pickup_13_Gas,Car_6_Gas,Car_6_Gas,DRIVEALONE,-0.867417618001709,Pickup_13_Gas,business1,-9.0,0out_0in,work
145841,2916,shopping,1,1,1,1,non_mandatory,1,10799.0,1380.0,1122,14.0,37.0,23.0,,,-9.0,569.0,,False,True,5.945542090357981,SUV_10_Gas,Car_12_Gas,SUV_10_Gas,DRIVEALONE,-8.553933978920435,SUV_10_Gas,,-9.0,0out_1in,shopping
145929,2918,othmaint,1,1,1,1,non_mandatory,1,24333.0,1380.0,1123,13.0,21.0,8.0,,,-9.0,518.0,,True,False,7.605672845794964,Pickup_2_Gas,non_hh_veh,Pickup_2_Gas,DRIVEALONE,-2.424775366528978,Pickup_2_Gas,,-9.0,0out_1in,othmaint
145954,2919,eat,1,1,1,1,atwork,1,16098.0,18366.0,1124,19.0,20.0,1.0,,,-9.0,712.0,,,,4.183509583495692,,,,SHARED3,-4.047838837331235,SUV_3_Gas,,145998.0,0out_0in,atwork
145998,2919,work,1,1,1,1,mandatory,1,18366.0,1380.0,1124,6.0,44.0,38.0,,,-9.0,268.0,,,,-9.0,Car_1_Gas,SUV_3_Gas,SUV_3_Gas,SHARED3,-3.141425942898937,SUV_3_Gas,eat,-9.0,0out_0in,work
146029,2920,othmaint,1,1,3,3,non_mandatory,1,23753.0,1380.0,1124,17.0,23.0,6.0,,,-9.0,654.0,,False,True,9.587470844191907,Car_1_Gas,SUV_3_Gas,Car_1_Gas,DRIVEALONE,-0.2383034760640341,Car_1_Gas,,-9.0,0out_0in,othmaint
146035,2920,escort,2,1,1,3,non_mandatory,1,9910.0,1380.0,1124,12.0,14.0,2.0,pure_escort,,1.0,475.0,,False,True,-9.0,SUV_3_Gas,SUV_3_Gas,Car_1_Gas,SHARED3,-0.8144879287094029,Car_1_Gas,,-9.0,0out_0in,escort
146036,2920,escort,2,2,2,3,non_mandatory,1,9910.0,1380.0,1124,25.0,28.0,3.0,,pure_escort,1.0,879.0,,False,True,-9.0,Car_1_Gas,Car_1_Gas,Car_2_Gas,SHARED2,-0.7917938496873019,Car_1_Gas,,-9.0,0out_0in,escort
146095,2921,social,1,1,1,1,non_mandatory,1,24331.0,1380.0,1124,32.0,39.0,7.0,,,-9.0,1030.0,,True,False,6.870309533222421,SUV_3_Gas,SUV_3_Gas,Car_2_Gas,SHARED2,-5.154720651119544,SUV_3_Gas,,-9.0,0out_0in,social
146148,2922,work,2,1,1,2,mandatory,1,16182.0,1380.0,1124,5.0,33.0,28.0,,,-9.0,214.0,,,,-9.0,Car_2_Gas,Car_1_Gas,SUV_3_Gas,DRIVEALONE,-4.424891721089881,Car_2_Gas,no_subtours,-9.0,3out_3in,work
146149,2922,work,2,2,2,2,mandatory,1,16182.0,1380.0,1124,42.0,43.0,1.0,,,-9.0,1149.0,,,,-9.0,Car_1_Gas,SUV_3_Gas,Car_1_Gas,DRIVEALONE,-4.421807176408621,Car_1_Gas,no_subtours,-9.0,0out_0in,work
146183,2923,school,1,1,1,1,mandatory,1,16490.0,1380.0,1124,7.0,27.0,20.0,,,-9.0,293.0,,,,-9.0,Car_2_Gas,Car_2_Gas,SUV_3_Gas,SHARED3,-1.4568630400971525,SUV_3_Gas,,-9.0,2out_0in,school
146225,2924,othdiscr,1,1,2,2,non_mandatory,1,1535.0,1380.0,1124,29.0,33.0,4.0,,,-9.0,970.0,,False,True,11.028361214386322,Car_1_Gas,SUV_3_Gas,Car_1_Gas,SHARED3,-7.206527473131496,Car_1_Gas,,-9.0,0out_1in,othdiscr
146233,2924,school,1,1,1,2,mandatory,1,9910.0,1380.0,1124,12.0,28.0,16.0,pure_escort,pure_escort,-9.0,489.0,,,,-9.0,SUV_3_Gas,SUV_3_Gas,SUV_3_Gas,SHARED2,0.3109214367483964,SUV_3_Gas,,-9.0,0out_0in,school
146279,2925,othmaint,1,1,2,2,non_mandatory,1,23926.0,1380.0,1125,9.0,11.0,2.0,,,-9.0,358.0,,False,True,10.594399442400968,Car_2_Gas,Car_2_Gas,SUV_14_Gas,SHARED2,-6.718501927605971,Car_2_Gas,,-9.0,1out_1in,othmaint
146291,2925,shopping,1,1,1,2,non_mandatory,1,15865.0,1380.0,1125,14.0,29.0,15.0,,,-9.0,561.0,,False,True,6.130453809776059,Car_2_Gas,Car_2_Gas,SUV_14_Gas,SHARED3,-10.485920473489168,SUV_14_Gas,,-9.0,1out_2in,shopping
146448,2928,work,2,1,1,2,mandatory,1,24333.0,1380.0,1125,9.0,31.0,22.0,,,-9.0,378.0,,,,-9.0,Car_2_Gas,Car_4_Gas,SUV_14_Gas,DRIVEALONE,-1.09210173617855,Car_2_Gas,no_subtours,-9.0,0out_1in,work
146449,2928,work,2,2,2,2,mandatory,1,24333.0,1380.0,1125,36.0,38.0,2.0,,,-9.0,1087.0,,,,-9.0,Car_4_Gas,SUV_14_Gas,Car_2_Gas,DRIVEALONE,-1.1071065110278353,Car_4_Gas,no_subtours,-9.0,0out_1in,work
146483,2929,school,1,1,1,1,mandatory,1,19641.0,1380.0,1125,7.0,38.0,31.0,,,-9.0,304.0,,,,-9.0,Car_4_Gas,Car_2_Gas,Car_4_Gas,SCH_BUS,-3.4066262016855853,,,-9.0,0out_0in,school
146533,2930,school,1,1,1,1,mandatory,1,16634.0,1380.0,1125,10.0,31.0,21.0,,,-9.0,417.0,,,,-9.0,SUV_14_Gas,SUV_14_Gas,Car_4_Gas,SHARED3,-3.150219914813142,Car_4_Gas,,-9.0,1out_0in,school
146554,2931,eat,1,1,1,1,atwork,1,14003.0,14008.0,1126,19.0,22.0,3.0,,,-9.0,714.0,,,,7.6298069359957985,,,,SHARED3,-0.4520064356236679,Car_16_Gas,,146598.0,0out_0in,atwork
146598,2931,work,1,1,1,1,mandatory,1,14008.0,1380.0,1126,6.0,37.0,31.0,,,-9.0,261.0,,,,-9.0,Car_16_Gas,Car_16_Gas,Car_16_Gas,DRIVEALONE,-3.9586625264953614,Car_16_Gas,eat,-9.0,1out_2in,work
146683,2933,school,1,1,2,2,mandatory,1,23114.0,1380.0,1126,37.0,43.0,6.0,,,-9.0,1104.0,,,,-9.0,Car_16_Gas,Car_16_Gas,non_hh_veh,SHARED3,-2.5683758618478696,non_hh_veh,,-9.0,1out_0in,univ
146698,2933,work,1,1,1,2,mandatory,1,7616.0,1380.0,1126,11.0,35.0,24.0,,,-9.0,459.0,,,,-9.0,Car_16_Gas,Car_16_Gas,Car_16_Gas,DRIVEALONE,-4.0683330088608844,Car_16_Gas,no_subtours,-9.0,0out_0in,work
146748,2934,work,2,1,1,2,mandatory,1,6453.0,1380.0,1126,12.0,31.0,19.0,,,-9.0,492.0,,,,-9.0,Car_16_Gas,Car_16_Gas,Car_16_Gas,DRIVEALONE,-6.311959135992439,Car_16_Gas,no_subtours,-9.0,0out_1in,work
146749,2934,work,2,2,2,2,mandatory,1,6453.0,1380.0,1126,33.0,38.0,5.0,,,-9.0,1045.0,,,,-9.0,Car_16_Gas,Car_16_Gas,Car_16_Gas,DRIVEALONE,-4.946535749307301,Car_16_Gas,no_subtours,-9.0,0out_0in,work
146783,2935,school,1,1,1,1,mandatory,1,20799.0,1380.0,1126,9.0,39.0,30.0,,,-9.0,386.0,,,,-9.0,Car_16_Gas,Car_16_Gas,Car_16_Gas,SCH_BUS,-3.3298077090038216,,,-9.0,0out_0in,school
146833,2936,school,1,1,1,1,mandatory,1,18371.0,1380.0,1126,10.0,32.0,22.0,,,-9.0,418.0,,,,-9.0,Car_16_Gas,Car_16_Gas,Car_16_Gas,SHARED3,-6.61745111291567,Car_16_Gas,,-9.0,1out_1in,school
146879,2937,othmaint,1,1,1,1,non_mandatory,1,13596.0,1380.0,1127,9.0,34.0,25.0,,,-9.0,381.0,,False,True,9.636799445251604,Car_7_Gas,Car_12_Gas,Pickup_11_Gas,SHARED3,-2.588066478032228,Pickup_11_Gas,,-9.0,0out_1in,othmaint
146909,2938,escort,1,1,1,3,non_mandatory,1,1380.0,1380.0,1127,6.0,10.0,4.0,,,-9.0,234.0,,False,True,8.92852178844051,Car_12_Gas,Pickup_11_Gas,Pickup_11_Gas,DRIVEALONE,-0.2651966613951136,Car_12_Gas,,-9.0,0out_0in,escort
146925,2938,othdiscr,2,1,2,3,non_mandatory,1,19299.0,1380.0,1127,31.0,38.0,7.0,,,-9.0,1012.0,,False,True,9.312207120741247,Pickup_11_Gas,Car_7_Gas,Car_12_Gas,SHARED3,-3.439292692937273,Car_12_Gas,,-9.0,3out_3in,othdiscr
146926,2938,othdiscr,2,2,3,3,non_mandatory,1,24046.0,1380.0,1127,20.0,23.0,3.0,,,-9.0,744.0,,False,True,9.686972473641932,Car_7_Gas,Car_12_Gas,Car_12_Gas,DRIVEALONE,-0.8680374880606804,Car_7_Gas,,-9.0,0out_1in,othdiscr
146998,2939,work,2,1,1,2,mandatory,1,23753.0,1380.0,1127,32.0,34.0,2.0,,,-9.0,1025.0,,,,-9.0,Car_7_Gas,Car_12_Gas,Car_7_Gas,SHARED2,-0.694770879263699,Car_12_Gas,no_subtours,-9.0,0out_0in,work
146999,2939,work,2,2,2,2,mandatory,1,23753.0,1380.0,1127,30.0,30.0,0.0,,,-9.0,986.0,,,,-9.0,Car_7_Gas,Car_7_Gas,Car_7_Gas,DRIVEALONE,-0.7257818981169526,Car_7_Gas,no_subtours,-9.0,0out_0in,work
147033,2940,school,1,1,1,1,mandatory,1,18978.0,1380.0,1127,8.0,26.0,18.0,,,-9.0,333.0,,,,-9.0,Car_7_Gas,Pickup_11_Gas,Car_7_Gas,SCH_BUS,-3.0296517302248813,,,-9.0,0out_0in,school
147083,2941,school,1,1,1,1,mandatory,1,7211.0,1380.0,1127,8.0,28.0,20.0,,,-9.0,335.0,,,,-9.0,Car_7_Gas,Car_12_Gas,Car_7_Gas,SCH_BUS,-3.619011006596044,,,-9.0,0out_0in,school
147109,2942,escort,1,1,1,1,non_mandatory,1,1380.0,1380.0,1127,20.0,25.0,5.0,,,-9.0,746.0,,False,True,10.241811099135584,Pickup_11_Gas,Pickup_11_Gas,Car_7_Gas,SHARED3,0.1665486981951924,Car_7_Gas,,-9.0,0out_1in,escort
147179,2943,othmaint,1,1,1,1,non_mandatory,1,8926.0,1380.0,1128,6.0,31.0,25.0,,,-9.0,255.0,,False,True,9.664733273184074,Pickup_7_Gas,Pickup_7_Gas,SUV_11_Diesel,DRIVEALONE,-1.0441397157865189,Pickup_7_Gas,,-9.0,0out_0in,othmaint
147225,2944,othdiscr,1,1,1,1,non_mandatory,1,23753.0,1380.0,1128,14.0,18.0,4.0,,,-9.0,550.0,,False,True,10.830874377572709,Car_19_Gas,SUV_11_Diesel,SUV_11_Diesel,DRIVEALONE,-0.0893620067855431,Car_19_Gas,,-9.0,0out_1in,othdiscr
147275,2945,othdiscr,1,1,4,4,non_mandatory,1,24174.0,1380.0,1128,15.0,22.0,7.0,,,-9.0,588.0,,False,True,8.400723695750587,SUV_20_Gas,Car_19_Gas,SUV_11_Diesel,SHARED3,-4.535170413804176,SUV_11_Diesel,,-9.0,0out_0in,othdiscr
147279,2945,othmaint,1,1,3,4,non_mandatory,1,1380.0,1380.0,1128,25.0,29.0,4.0,,,-9.0,880.0,,False,True,6.076309720164942,Pickup_7_Gas,Pickup_7_Gas,Pickup_7_Gas,SHARED3,0.536532870676393,Pickup_7_Gas,,-9.0,0out_0in,othmaint
147285,2945,escort,2,1,1,4,non_mandatory,1,5878.0,1380.0,1128,8.0,9.0,1.0,pure_escort,,1.0,316.0,,False,True,-9.0,SUV_11_Diesel,SUV_20_Gas,SUV_11_Diesel,SHARED2,-1.034413026325274,SUV_20_Gas,,-9.0,0out_0in,escort
147286,2945,escort,2,2,2,4,non_mandatory,1,5878.0,1380.0,1128,22.0,23.0,1.0,,pure_escort,1.0,799.0,,False,True,-9.0,SUV_11_Diesel,Car_19_Gas,SUV_20_Gas,SHARED3,-0.9184303692145778,SUV_20_Gas,,-9.0,3out_0in,escort
147348,2946,work,2,1,1,2,mandatory,1,1380.0,1380.0,1128,10.0,14.0,4.0,,,-9.0,400.0,,,,-9.0,Car_19_Gas,Pickup_7_Gas,SUV_11_Diesel,DRIVEALONE,-0.3684914007268691,Car_19_Gas,no_subtours,-9.0,0out_0in,work
147349,2946,work,2,2,2,2,mandatory,1,1380.0,1380.0,1128,25.0,29.0,4.0,,,-9.0,880.0,,,,-9.0,SUV_11_Diesel,Car_19_Gas,Car_19_Gas,DRIVEALONE,-0.3690678461550298,SUV_11_Diesel,no_subtours,-9.0,0out_0in,work
147383,2947,school,1,1,1,1,mandatory,1,16496.0,1380.0,1128,9.0,32.0,23.0,,,-9.0,379.0,,,,-9.0,SUV_20_Gas,SUV_11_Diesel,Car_19_Gas,DRIVEALONE,-4.849057446888779,SUV_20_Gas,,-9.0,1out_0in,school
147433,2948,school,1,1,1,2,mandatory,1,5878.0,1380.0,1128,8.0,23.0,15.0,pure_escort,pure_escort,-9.0,330.0,,,,-9.0,SUV_20_Gas,SUV_11_Diesel,Car_19_Gas,SHARED3,-2.3951078638976995,Car_19_Gas,,-9.0,0out_0in,school
147441,2948,shopping,1,1,2,2,non_mandatory,1,23062.0,1380.0,1128,24.0,27.0,3.0,,,-9.0,854.0,,False,True,7.136330418693455,SUV_20_Gas,Pickup_7_Gas,SUV_11_Diesel,SHARED2,-3.180100771849579,Pickup_7_Gas,,-9.0,1out_0in,shopping
147456,2949,eatout,1,1,2,2,non_mandatory,1,7789.0,1380.0,1129,31.0,32.0,1.0,,,-9.0,1006.0,,False,True,9.99670347393248,Car_2_Gas,Pickup_10_Gas,Pickup_10_Gas,SHARED3,0.5221131230283704,Pickup_10_Gas,,-9.0,0out_0in,eatout
147459,2949,escort,1,1,1,2,non_mandatory,1,1380.0,1380.0,1129,9.0,10.0,1.0,,,-9.0,357.0,,False,True,8.35022102892785,Pickup_10_Gas,Van_10_Gas,Van_10_Gas,SHARED3,0.0509893412694958,Van_10_Gas,,-9.0,0out_0in,escort
147509,2950,escort,1,1,1,2,non_mandatory,1,1380.0,1380.0,1129,16.0,16.0,0.0,,,-9.0,615.0,,False,True,9.65719647963092,Van_10_Gas,Van_10_Gas,Car_2_Gas,DRIVEALONE,-0.43927585588317,Van_10_Gas,,-9.0,0out_0in,escort
147529,2950,othmaint,1,1,2,2,non_mandatory,1,12982.0,1380.0,1129,24.0,41.0,17.0,,,-9.0,868.0,,False,True,9.772625721569126,Car_11_Gas,Pickup_10_Gas,Car_2_Gas,DRIVEALONE,-7.538667448527025,Car_11_Gas,,-9.0,2out_0in,othmaint
147598,2951,work,2,1,1,2,mandatory,1,17877.0,1380.0,1129,11.0,39.0,28.0,,,-9.0,463.0,,,,-9.0,Pickup_10_Gas,Car_11_Gas,Car_11_Gas,DRIVEALONE,-3.263906086156089,Pickup_10_Gas,no_subtours,-9.0,0out_0in,work
147599,2951,work,2,2,2,2,mandatory,1,17877.0,1380.0,1129,43.0,48.0,5.0,,,-9.0,1160.0,,,,-9.0,Pickup_10_Gas,Car_11_Gas,Car_11_Gas,DRIVEALONE,-3.040662232097432,Pickup_10_Gas,no_subtours,-9.0,0out_0in,work
147633,2952,school,1,1,1,1,mandatory,1,16490.0,1380.0,1129,8.0,38.0,30.0,,,-9.0,345.0,,,,-9.0,Van_10_Gas,Van_10_Gas,Car_2_Gas,DRIVEALONE,-2.812228529100241,Van_10_Gas,,-9.0,1out_0in,school
147683,2953,school,1,1,1,1,mandatory,1,7004.0,1380.0,1129,8.0,30.0,22.0,,,-9.0,337.0,,,,-9.0,Pickup_10_Gas,Pickup_10_Gas,Van_10_Gas,DRIVEALONE,-3.189595218251653,Pickup_10_Gas,,-9.0,1out_0in,school
147759,2955,escort,1,1,1,1,non_mandatory,1,1380.0,1380.0,1130,12.0,13.0,1.0,,,-9.0,474.0,,False,True,10.025836955569892,Car_11_Gas,Car_11_Gas,Van_13_Gas,SHARED2,0.1738421237579779,Car_11_Gas,,-9.0,0out_0in,escort
147825,2956,othdiscr,2,1,3,4,non_mandatory,1,4622.0,1380.0,1130,10.0,15.0,5.0,,,-9.0,401.0,,False,True,10.810116921672709,Van_13_Gas,Car_2_Gas,Car_11_Gas,DRIVEALONE,-9.243333609534112,Van_13_Gas,,-9.0,0out_3in,othdiscr
147826,2956,othdiscr,2,2,4,4,non_mandatory,1,10525.0,1380.0,1130,32.0,42.0,10.0,,,-9.0,1033.0,,False,True,10.815851971246463,Car_11_Gas,Car_11_Gas,Van_13_Gas,SHARED2,-6.900094273834665,Car_11_Gas,,-9.0,0out_1in,othdiscr
147835,2956,escort,2,1,1,4,non_mandatory,1,9910.0,1380.0,1130,9.0,10.0,1.0,pure_escort,,1.0,357.0,,False,True,-9.0,Van_13_Gas,Van_13_Gas,Car_2_Gas,SHARED3,-1.0934586506771224,Car_2_Gas,,-9.0,0out_0in,escort
147836,2956,escort,2,2,2,4,non_mandatory,1,9910.0,1380.0,1130,27.0,29.0,2.0,,pure_escort,1.0,925.0,,False,True,-9.0,Car_2_Gas,Car_11_Gas,Van_13_Gas,SHARED2,-1.07317691716031,Car_11_Gas,,-9.0,0out_0in,escort
147854,2957,eat,1,1,1,1,atwork,1,16254.0,16254.0,1130,21.0,23.0,2.0,,,-9.0,772.0,,,,6.756267922329523,,,,SHARED3,-0.0681109189932094,Car_2_Gas,,147898.0,0out_1in,atwork
147875,2957,othdiscr,1,1,3,3,non_mandatory,1,13074.0,1380.0,1130,7.0,12.0,5.0,,,-9.0,278.0,,False,True,11.26782911894018,Car_11_Gas,Car_11_Gas,Car_2_Gas,SHARED3,-8.156383489853173,Car_2_Gas,,-9.0,0out_1in,othdiscr
147898,2957,work,2,1,1,3,mandatory,1,16254.0,1380.0,1130,13.0,33.0,20.0,,,-9.0,530.0,,,,-9.0,Van_13_Gas,Car_11_Gas,Car_2_Gas,SHARED3,-2.0355058562831982,Car_2_Gas,eat,-9.0,0out_1in,work
147899,2957,work,2,2,2,3,mandatory,1,16254.0,1380.0,1130,37.0,40.0,3.0,,,-9.0,1101.0,,,,-9.0,Car_11_Gas,Car_11_Gas,Car_11_Gas,SHARED2,-1.892810742184733,Car_11_Gas,no_subtours,-9.0,0out_0in,work
147948,2958,work,2,1,1,2,mandatory,1,23926.0,1380.0,1130,10.0,46.0,36.0,,,-9.0,432.0,,,,-9.0,Car_11_Gas,Van_13_Gas,Car_11_Gas,DRIVEALONE,-3.351971621698164,Car_11_Gas,no_subtours,-9.0,1out_3in,work
147949,2958,work,2,2,2,2,mandatory,1,23926.0,1380.0,1130,5.0,8.0,3.0,,,-9.0,189.0,,,,-9.0,Van_13_Gas,Car_2_Gas,Van_13_Gas,DRIVEALONE,-3.457074460035584,Van_13_Gas,no_subtours,-9.0,0out_0in,work
147983,2959,school,1,1,1,1,mandatory,1,16490.0,1380.0,1130,9.0,28.0,19.0,,,-9.0,375.0,,,,-9.0,Car_2_Gas,Car_11_Gas,Car_2_Gas,SHARED3,-1.490026851684651,Car_2_Gas,,-9.0,1out_0in,school
148009,2960,escort,1,1,2,2,non_mandatory,1,1380.0,1380.0,1130,29.0,33.0,4.0,,,-9.0,970.0,,False,True,9.984891864423242,Van_13_Gas,Car_2_Gas,Van_13_Gas,WALK,0.1711793385363561,,,-9.0,2out_3in,escort
148033,2960,school,1,1,1,2,mandatory,1,9910.0,1380.0,1130,9.0,29.0,20.0,pure_escort,pure_escort,-9.0,376.0,,,,-9.0,Car_2_Gas,Van_13_Gas,Car_11_Gas,SHARED2,0.1567608481560508,Van_13_Gas,,-9.0,0out_0in,school
148056,2961,eatout,1,1,2,2,non_mandatory,1,5916.0,1380.0,1131,6.0,30.0,24.0,,,-9.0,254.0,,False,True,11.54744304989591,SUV_9_Gas,SUV_9_Gas,SUV_9_Gas,SHARED2,-4.975237242220681,SUV_9_Gas,,-9.0,0out_2in,eatout
148059,2961,escort,1,1,1,2,non_mandatory,1,1380.0,1380.0,1131,32.0,35.0,3.0,,,-9.0,1026.0,,False,True,9.599490461334382,SUV_9_Gas,SUV_9_Gas,SUV_9_Gas,SHARED3,0.3287414556772433,SUV_9_Gas,,-9.0,0out_0in,escort
148183,2963,school,1,1,1,1,mandatory,1,19370.0,1380.0,1131,6.0,40.0,34.0,,,-9.0,264.0,,,,-9.0,SUV_9_Gas,non_hh_veh,SUV_9_Gas,SHARED3,-8.00915293232203,SUV_9_Gas,,-9.0,0out_1in,univ
148225,2964,othdiscr,1,1,3,3,non_mandatory,1,9901.0,1380.0,1131,30.0,34.0,4.0,,,-9.0,990.0,,False,True,9.982020877378115,SUV_9_Gas,SUV_9_Gas,SUV_9_Gas,DRIVEALONE,-3.4665931212400345,SUV_9_Gas,,-9.0,0out_0in,othdiscr
148248,2964,work,2,1,1,3,mandatory,1,1896.0,1380.0,1131,5.0,29.0,24.0,,,-9.0,210.0,,,,-9.0,SUV_9_Gas,SUV_9_Gas,SUV_9_Gas,DRIVEALONE,-6.045364209036984,SUV_9_Gas,no_subtours,-9.0,0out_2in,work
148249,2964,work,2,2,2,3,mandatory,1,1896.0,1380.0,1131,37.0,38.0,1.0,,,-9.0,1099.0,,,,-9.0,SUV_9_Gas,SUV_9_Gas,SUV_9_Gas,DRIVEALONE,-5.249246086837036,SUV_9_Gas,no_subtours,-9.0,0out_0in,work
148283,2965,school,1,1,1,1,mandatory,1,8245.0,1380.0,1131,8.0,28.0,20.0,,,-9.0,335.0,,,,-9.0,SUV_9_Gas,SUV_9_Gas,SUV_9_Gas,SCH_BUS,-7.320699211347396,,,-9.0,0out_0in,school
148333,2966,school,1,1,1,1,mandatory,1,16253.0,1380.0,1131,8.0,25.0,17.0,,,-9.0,332.0,,,,-9.0,SUV_9_Gas,SUV_9_Gas,SUV_9_Gas,SHARED3,-1.6697664442736777,SUV_9_Gas,,-9.0,1out_0in,school
148369,2967,shopping,1,1,3,3,joint,2,16605.0,1380.0,1132,15.0,24.0,9.0,,,-9.0,590.0,mixed,False,True,6.818557168793943,Car_5_Gas,Car_5_Gas,Car_19_Gas,SHARED2,-4.269097707160448,Car_5_Gas,,-9.0,0out_1in,shopping
148385,2967,escort,2,1,1,3,non_mandatory,1,1380.0,1380.0,1132,11.0,12.0,1.0,pure_escort,,1.0,436.0,,False,True,-9.0,Car_19_Gas,Car_5_Gas,Car_19_Gas,SHARED3,0.0672027155225573,Car_19_Gas,,-9.0,0out_0in,escort
148386,2967,escort,2,2,2,3,non_mandatory,1,1380.0,1380.0,1132,14.0,15.0,1.0,,pure_escort,1.0,547.0,,False,True,-9.0,Car_19_Gas,Car_5_Gas,Car_5_Gas,SHARED3,0.1164081133242805,Car_5_Gas,,-9.0,0out_0in,escort
148409,2968,escort,1,1,1,1,non_mandatory,1,1380.0,1380.0,1132,29.0,31.0,2.0,,,-9.0,968.0,,False,True,9.876806308025955,Car_5_Gas,Car_5_Gas,Car_19_Gas,SHARED3,-0.0070333496338916,Car_19_Gas,,-9.0,0out_0in,escort
148533,2970,school,1,1,1,1,mandatory,1,1380.0,1380.0,1132,11.0,15.0,4.0,pure_escort,pure_escort,-9.0,439.0,,,,-9.0,Car_5_Gas,Car_5_Gas,Car_5_Gas,SHARED3,2.467729947377204,Car_5_Gas,,-9.0,0out_0in,school
148554,2971,eat,1,1,1,1,atwork,1,15934.0,1380.0,1133,18.0,20.0,2.0,,,-9.0,682.0,,,,0.1788644313639757,,,,DRIVEALONE,-6.808521072806173,Pickup_16_Gas,,148598.0,0out_0in,atwork
148563,2971,eatout,1,1,2,2,joint,2,4171.0,1380.0,1133,1.0,6.0,5.0,,,-9.0,5.0,adults,False,True,10.120809958739615,Pickup_16_Gas,Pickup_16_Gas,Pickup_16_Gas,SHARED2,-10.575415721814789,Pickup_16_Gas,,-9.0,0out_0in,eatout
148598,2971,work,1,1,1,2,mandatory,1,1380.0,1380.0,1133,7.0,39.0,32.0,,,-9.0,305.0,,,,-9.0,Pickup_16_Gas,Pickup_16_Gas,Pickup_16_Gas,DRIVEALONE,-0.5474019792954068,Pickup_16_Gas,eat,-9.0,0out_0in,work
148698,2973,work,1,1,1,1,mandatory,1,1380.0,1380.0,1134,27.0,43.0,16.0,,,-9.0,939.0,,,,-9.0,Pickup_5_Diesel,Pickup_5_Diesel,Pickup_5_Diesel,DRIVEALONE,-0.5286477935630296,Pickup_5_Diesel,no_subtours,-9.0,0out_0in,work
148725,2974,othdiscr,1,1,2,2,non_mandatory,1,16372.0,1380.0,1134,15.0,32.0,17.0,,,-9.0,598.0,,False,True,9.467648114329007,SUV_13_Gas,SUV_13_Gas,SUV_13_Gas,DRIVEALONE,-3.587742404540227,SUV_13_Gas,,-9.0,0out_0in,othdiscr
148748,2974,work,1,1,1,2,mandatory,1,1380.0,1380.0,1134,43.0,43.0,0.0,,,-9.0,1155.0,,,,-9.0,SUV_13_Gas,Pickup_5_Diesel,SUV_13_Gas,DRIVEALONE,-0.7566906484832997,SUV_13_Gas,no_subtours,-9.0,0out_1in,work
148798,2975,work,1,1,1,1,mandatory,1,1380.0,1380.0,1135,8.0,27.0,19.0,,,-9.0,334.0,,,,-9.0,Car_20_Gas,Car_20_Gas,Car_20_Gas,DRIVEALONE,0.454960053808249,Car_20_Gas,no_subtours,-9.0,0out_1in,work
148809,2976,escort,1,1,2,2,non_mandatory,1,1380.0,1380.0,1135,26.0,27.0,1.0,,,-9.0,901.0,,False,True,9.609064369533634,Car_20_Gas,Car_20_Gas,Car_20_Gas,SHARED2,-0.2069383707581298,Car_20_Gas,,-9.0,3out_3in,escort
148848,2976,work,1,1,1,2,mandatory,1,1380.0,1380.0,1135,30.0,46.0,16.0,,,-9.0,1002.0,,,,-9.0,Car_20_Gas,Car_20_Gas,Car_20_Gas,WALK,0.6367549957962979,,no_subtours,-9.0,1out_0in,work
148850,2977,business,1,1,1,1,atwork,1,23883.0,24333.0,1136,23.0,24.0,1.0,,,-9.0,826.0,,,,-0.8444685586204532,,,,SHARED2,-6.20254097090439,Car_11_Gas,,148898.0,0out_0in,atwork
148898,2977,work,1,1,1,1,mandatory,1,24333.0,1380.0,1136,9.0,35.0,26.0,,,-9.0,382.0,,,,-9.0,Car_11_Gas,Car_11_Gas,Car_11_Gas,SHARED2,-3.2553479428994976,Car_11_Gas,business1,-9.0,0out_0in,work
148948,2978,work,1,1,1,1,mandatory,1,13596.0,1380.0,1136,31.0,36.0,5.0,,,-9.0,1010.0,,,,-9.0,Car_11_Gas,Car_11_Gas,Pickup_18_Gas,SHARED2,-1.9201561752473608,Car_11_Gas,no_subtours,-9.0,0out_0in,work
148979,2979,othmaint,1,1,1,1,non_mandatory,1,1380.0,1380.0,1137,29.0,31.0,2.0,,,-9.0,968.0,,False,True,6.213126362261714,Pickup_12_Gas,Car_12_Gas,Car_12_Gas,DRIVEALONE,0.1371879762446425,Pickup_12_Gas,,-9.0,0out_0in,othmaint
149029,2980,othmaint,1,1,2,2,non_mandatory,1,1380.0,1380.0,1137,8.0,11.0,3.0,,,-9.0,318.0,,False,True,6.209670665490415,Car_12_Gas,Pickup_12_Gas,Car_12_Gas,SHARED2,-0.5203854214264632,Pickup_12_Gas,,-9.0,0out_0in,othmaint
149048,2980,work,1,1,1,2,mandatory,1,1380.0,1380.0,1137,33.0,40.0,7.0,,,-9.0,1047.0,,,,-9.0,Pickup_12_Gas,Pickup_12_Gas,Car_12_Gas,DRIVEALONE,-0.4405034221468337,Pickup_12_Gas,no_subtours,-9.0,0out_0in,work
149079,2981,othmaint,2,1,1,2,non_mandatory,1,1380.0,1380.0,1138,15.0,26.0,11.0,,,-9.0,592.0,,False,True,6.261878597689061,SUV_14_Gas,Car_5_Gas,SUV_14_Gas,WALK,0.2357934263158326,,,-9.0,0out_1in,othmaint
149080,2981,othmaint,2,2,2,2,non_mandatory,1,1380.0,1380.0,1138,29.0,34.0,5.0,,,-9.0,971.0,,False,True,6.168108450603406,Car_5_Gas,SUV_14_Gas,Car_5_Gas,WALK,0.2666222533071932,,,-9.0,0out_0in,othmaint
149306,2986,eatout,1,1,2,2,non_mandatory,1,6298.0,1380.0,1142,2.0,17.0,15.0,,,-9.0,63.0,,False,True,10.961205140365648,Car_20_Gas,Car_20_Gas,Car_20_Gas,DRIVEALONE,-3.113218245707743,Car_20_Gas,,-9.0,0out_0in,eatout
149309,2986,escort,1,1,1,2,non_mandatory,1,1380.0,1380.0,1142,23.0,24.0,1.0,,,-9.0,826.0,,False,True,8.96554123794423,Car_20_Gas,Car_20_Gas,Car_20_Gas,DRIVEALONE,-0.5000278581276535,Car_20_Gas,,-9.0,0out_0in,escort
149375,2987,othdiscr,1,1,1,1,non_mandatory,1,10391.0,1380.0,1143,15.0,40.0,25.0,,,-9.0,606.0,,False,True,10.063953915857631,Pickup_20_Gas,Pickup_20_Gas,Pickup_20_Gas,DRIVEALONE,-8.979531584217346,Pickup_20_Gas,,-9.0,0out_1in,othdiscr
149425,2988,othdiscr,1,1,1,1,non_mandatory,1,24046.0,1380.0,1144,8.0,23.0,15.0,,,-9.0,330.0,,False,True,7.829003705165864,Pickup_2_Gas,Pickup_2_Gas,Pickup_2_Gas,SHARED3,-2.288137096846102,Pickup_2_Gas,,-9.0,1out_0in,othdiscr
149475,2989,othdiscr,1,1,2,2,non_mandatory,1,19280.0,1380.0,1145,10.0,16.0,6.0,,,-9.0,402.0,,False,True,10.791978304963566,Pickup_18_Gas,Pickup_18_Gas,Pickup_18_Gas,DRIVEALONE,-7.287948219815252,Pickup_18_Gas,,-9.0,3out_0in,othdiscr
149495,2989,social,1,1,1,2,non_mandatory,1,18958.0,1380.0,1145,19.0,27.0,8.0,,,-9.0,719.0,,False,True,13.872500284692055,Pickup_18_Gas,Pickup_18_Gas,Pickup_18_Gas,DRIVEALONE,-6.664026860966358,Pickup_18_Gas,,-9.0,1out_0in,social
149506,2990,eatout,1,1,2,2,non_mandatory,1,7153.0,1380.0,1146,28.0,38.0,10.0,,,-9.0,955.0,,False,True,11.171848928731896,Car_7_Gas,Car_7_Gas,Car_7_Gas,DRIVEALONE,-12.709003812660397,Car_7_Gas,,-9.0,2out_0in,eatout
149541,2990,shopping,1,1,1,2,non_mandatory,1,19310.0,1380.0,1146,14.0,28.0,14.0,,,-9.0,560.0,,False,True,5.595172915253716,Car_7_Gas,Car_7_Gas,Car_7_Gas,DRIVEALONE,-9.790552587606118,Car_7_Gas,,-9.0,0out_0in,shopping
149579,2991,othmaint,1,1,1,1,non_mandatory,1,5704.0,1380.0,1147,21.0,28.0,7.0,,,-9.0,777.0,,False,True,9.473154364378898,Car_9_Gas,Car_9_Gas,Car_9_Gas,DRIVEALONE,-17.026571989168602,Car_9_Gas,,-9.0,0out_3in,othmaint
149645,2992,social,1,1,2,2,non_mandatory,1,24220.0,1380.0,1148,27.0,32.0,5.0,,,-9.0,928.0,,False,True,14.157483737082922,Car_8_Gas,Car_8_Gas,Car_8_Gas,SHARED2,-14.55534210355147,Car_8_Gas,,-9.0,0out_0in,social
149648,2992,work,1,1,1,2,mandatory,1,7004.0,1380.0,1148,3.0,26.0,23.0,,,-9.0,118.0,,,,-9.0,Car_8_Gas,Car_8_Gas,Car_8_Gas,DRIVEALONE,-2.732436496086524,Car_8_Gas,no_subtours,-9.0,0out_0in,work
149654,2993,eat,1,1,1,1,atwork,1,18398.0,18628.0,1148,19.0,21.0,2.0,,,-9.0,713.0,,,,8.426209819655451,,,,SHARED3,-0.2211570725043523,Car_8_Gas,,149698.0,0out_0in,atwork
149698,2993,work,1,1,1,1,mandatory,1,18628.0,1380.0,1148,6.0,32.0,26.0,,,-9.0,256.0,,,,-9.0,Car_8_Gas,Car_8_Gas,Car_8_Gas,DRIVEALONE,-3.674595707303504,Car_8_Gas,eat,-9.0,0out_1in,work
149729,2994,othmaint,1,1,3,3,non_mandatory,1,16422.0,1380.0,1149,20.0,27.0,7.0,,,-9.0,748.0,,False,True,10.459056217280812,Car_9_PEV,SUV_16_Gas,SUV_16_Gas,DRIVEALONE,-4.845061248029859,Car_9_PEV,,-9.0,1out_1in,othmaint
149735,2994,escort,2,1,1,3,non_mandatory,1,14325.0,1380.0,1149,14.0,20.0,6.0,pure_escort,,1.0,552.0,,False,True,-9.0,SUV_16_Gas,non_hh_veh,Car_9_PEV,SHARED3,-3.046007008654998,Car_9_PEV,,-9.0,0out_0in,escort
149736,2994,escort,2,2,2,3,non_mandatory,1,14325.0,1380.0,1149,35.0,36.0,1.0,,pure_escort,1.0,1072.0,,False,True,-9.0,SUV_16_Gas,SUV_16_Gas,Car_9_PEV,SHARED2,-3.048905984535495,SUV_16_Gas,,-9.0,0out_0in,escort
149825,2996,othdiscr,1,1,2,2,non_mandatory,1,24333.0,1380.0,1149,32.0,39.0,7.0,,,-9.0,1030.0,,True,False,6.040553975303592,SUV_16_Gas,Car_19_Gas,Car_14_Gas,SHARED2,-5.877128455738025,Car_19_Gas,,-9.0,0out_3in,othdiscr
149833,2996,school,1,1,1,2,mandatory,1,19095.0,1380.0,1149,9.0,28.0,19.0,,,-9.0,375.0,,,,-9.0,Car_9_PEV,SUV_16_Gas,Car_14_Gas,DRIVEALONE,-7.995347221480556,Car_9_PEV,,-9.0,1out_0in,school
149883,2997,school,1,1,1,1,mandatory,1,14325.0,1380.0,1149,14.0,36.0,22.0,pure_escort,pure_escort,-9.0,568.0,,,,-9.0,Car_9_PEV,Car_14_Gas,Car_9_PEV,SHARED2,-3.0054212317209146,Car_14_Gas,,-9.0,0out_0in,school
149917,2998,othmaint,1,1,2,2,joint,2,23753.0,1380.0,1150,21.0,31.0,10.0,,,-9.0,780.0,adults,False,True,10.68159686529476,Car_20_Gas,SUV_5_Gas,SUV_5_Gas,SHARED2,-0.0577506351497581,SUV_5_Gas,,-9.0,0out_1in,othmaint
149919,2998,shopping,1,1,1,2,joint,4,1939.0,1380.0,1150,39.0,48.0,9.0,,,-9.0,1130.0,mixed,False,True,6.501217096343223,SUV_5_Gas,SUV_5_Gas,SUV_6_Gas,SHARED3,-17.851596372917445,SUV_6_Gas,,-9.0,1out_2in,shopping
149959,2999,escort,1,1,1,1,non_mandatory,1,1380.0,1380.0,1150,8.0,9.0,1.0,,,-9.0,316.0,,False,True,9.98169056470145,SUV_5_Gas,SUV_5_Gas,SUV_5_Gas,SHARED3,0.0617804757719975,SUV_5_Gas,,-9.0,3out_3in,escort
150033,3000,school,1,1,1,1,mandatory,1,10525.0,1380.0,1150,10.0,37.0,27.0,,,-9.0,423.0,,,,-9.0,SUV_5_Gas,SUV_5_Gas,SUV_6_Gas,DRIVEALONE,-3.7026853853182113,SUV_5_Gas,,-9.0,1out_0in,school
150159,3003,escort,3,3,3,3,non_mandatory,1,1380.0,1380.0,1151,24.0,25.0,1.0,,,-9.0,852.0,,False,True,9.905541020845776,Car_12_Gas,SUV_14_Gas,SUV_14_Gas,DRIVEALONE,-0.4200728981031541,Car_12_Gas,,-9.0,0out_0in,escort
150185,3003,escort,3,1,1,3,non_mandatory,1,5878.0,1380.0,1151,11.0,12.0,1.0,pure_escort,,1.0,436.0,,False,True,-9.0,Car_12_Gas,SUV_14_Gas,SUV_14_Gas,SHARED3,-3.481329055197445,SUV_14_Gas,,-9.0,0out_2in,escort
150186,3003,escort,3,2,2,3,non_mandatory,1,5878.0,1380.0,1151,25.0,26.0,1.0,,pure_escort,1.0,877.0,,False,True,-9.0,SUV_14_Gas,Car_12_Gas,SUV_14_Gas,SHARED3,-3.252586581558441,SUV_14_Gas,,-9.0,0out_0in,escort
150233,3004,school,1,1,1,1,mandatory,1,19095.0,1380.0,1151,9.0,24.0,15.0,,,-9.0,371.0,,,,-9.0,Car_12_Gas,Car_12_Gas,SUV_14_Gas,DRIVEALONE,-2.880364686235781,Car_12_Gas,,-9.0,1out_0in,school
150283,3005,school,1,1,1,1,mandatory,1,5878.0,1380.0,1151,11.0,26.0,15.0,pure_escort,pure_escort,-9.0,450.0,,,,-9.0,SUV_14_Gas,SUV_14_Gas,SUV_14_Gas,SHARED3,-3.2097417210552144,SUV_14_Gas,,-9.0,0out_0in,school
150329,3006,othmaint,2,1,3,4,non_mandatory,1,18212.0,1380.0,1152,17.0,21.0,4.0,,,-9.0,652.0,,False,True,10.750559228382102,Van_13_Gas,Pickup_8_Gas,SUV_2_Gas,SHARED3,-4.049555652864423,SUV_2_Gas,,-9.0,0out_0in,othmaint
150330,3006,othmaint,2,2,4,4,non_mandatory,1,1380.0,1380.0,1152,24.0,25.0,1.0,,,-9.0,852.0,,False,True,10.728828535132656,Pickup_20_Gas,SUV_2_Gas,SUV_2_Gas,SHARED2,0.2240845271420576,SUV_2_Gas,,-9.0,0out_2in,othmaint
150335,3006,escort,2,1,1,4,non_mandatory,1,9910.0,1380.0,1152,11.0,12.0,1.0,pure_escort,,1.0,436.0,,False,True,-9.0,SUV_2_Gas,Van_13_Gas,Pickup_8_Gas,SHARED2,-0.0316072121339113,Van_13_Gas,,-9.0,0out_0in,escort
150336,3006,escort,2,2,2,4,non_mandatory,1,9910.0,1380.0,1152,25.0,27.0,2.0,,pure_escort,1.0,878.0,,False,True,-9.0,SUV_2_Gas,SUV_2_Gas,Pickup_20_Gas,SHARED3,-0.0395715696570785,Pickup_20_Gas,,-9.0,0out_0in,escort
150425,3008,othdiscr,1,1,1,1,non_mandatory,1,24333.0,1380.0,1152,15.0,45.0,30.0,,,-9.0,611.0,,True,False,5.407789792747313,Pickup_8_Gas,SUV_2_Gas,SUV_2_Gas,DRIVEALONE,-5.296011799563016,Pickup_8_Gas,,-9.0,0out_1in,othdiscr
150483,3009,school,1,1,1,1,mandatory,1,9910.0,1380.0,1152,11.0,27.0,16.0,pure_escort,pure_escort,-9.0,451.0,,,,-9.0,SUV_2_Gas,Pickup_8_Gas,SUV_2_Gas,SHARED3,-1.3017244125882057,SUV_2_Gas,,-9.0,0out_0in,school
150509,3010,escort,1,1,1,2,non_mandatory,1,9910.0,1380.0,1153,15.0,17.0,2.0,,,-9.0,583.0,,False,True,8.897106741360863,SUV_12_Gas,SUV_12_Gas,SUV_12_Gas,DRIVEALONE,0.1475708965532814,SUV_12_Gas,,-9.0,0out_0in,escort
150529,3010,othmaint,1,1,2,2,non_mandatory,1,5270.0,1380.0,1153,13.0,15.0,2.0,,,-9.0,512.0,,False,True,11.228920890200218,SUV_14_Gas,SUV_12_Gas,SUV_12_Gas,DRIVEALONE,-8.491942485556443,SUV_14_Gas,,-9.0,3out_2in,othmaint
150559,3011,escort,1,1,1,2,non_mandatory,1,1380.0,1380.0,1153,33.0,37.0,4.0,,,-9.0,1044.0,,False,True,9.78629442177936,SUV_14_Gas,SUV_12_Gas,SUV_12_Gas,DRIVEALONE,-0.3120631042701028,SUV_14_Gas,,-9.0,0out_0in,escort
150575,3011,othdiscr,1,1,2,2,non_mandatory,1,24333.0,1380.0,1153,13.0,24.0,11.0,,,-9.0,521.0,,True,False,5.308053053404145,SUV_14_Gas,SUV_12_Gas,SUV_14_Gas,SHARED3,-3.861465317984991,SUV_14_Gas,,-9.0,0out_3in,othdiscr
150625,3012,othdiscr,1,1,1,1,non_mandatory,1,10644.0,1380.0,1153,9.0,41.0,32.0,,,-9.0,388.0,,False,True,10.676061917603493,SUV_14_Gas,SUV_12_Gas,SUV_12_Gas,SHARED3,-11.685440874414043,SUV_12_Gas,,-9.0,0out_1in,othdiscr
150659,3013,escort,1,1,1,1,non_mandatory,1,1380.0,1380.0,1153,31.0,32.0,1.0,,,-9.0,1006.0,,False,True,9.676025051155056,SUV_14_Gas,SUV_14_Gas,SUV_14_Gas,SHARED3,-0.5732029629408211,SUV_14_Gas,,-9.0,2out_2in,escort
150825,3016,othdiscr,1,1,1,1,non_mandatory,1,62.0,1380.0,1155,10.0,31.0,21.0,,,-9.0,417.0,,False,True,10.254503804527385,Pickup_14_Gas,Pickup_12_Gas,Pickup_12_Gas,SHARED2,-29.42904325941224,Pickup_12_Gas,,-9.0,0out_1in,othdiscr
150891,3017,shopping,1,1,1,1,non_mandatory,1,16182.0,1380.0,1155,20.0,30.0,10.0,,,-9.0,751.0,,False,True,6.461534758433065,Pickup_14_Gas,Pickup_14_Gas,Pickup_14_Gas,SHARED2,-7.586848463793362,Pickup_14_Gas,,-9.0,0out_2in,shopping
150956,3019,eatout,1,1,1,1,non_mandatory,1,1380.0,1380.0,1156,25.0,27.0,2.0,,,-9.0,878.0,,False,True,9.801606985220843,SUV_6_Gas,SUV_6_Gas,SUV_6_Gas,SHARED2,0.1266655648032246,SUV_6_Gas,,-9.0,0out_0in,eatout
151029,3020,othmaint,1,1,1,1,non_mandatory,1,8979.0,1380.0,1157,11.0,19.0,8.0,,,-9.0,443.0,,False,True,6.069393369688366,Car_12_Gas,Car_12_Gas,Car_12_Gas,SHARED2,-0.6798661995800435,Car_12_Gas,,-9.0,3out_3in,othmaint
151091,3021,shopping,1,1,1,1,non_mandatory,1,20369.0,1380.0,1158,18.0,34.0,16.0,,,-9.0,696.0,,False,True,6.300457384142975,Motorcycle_20_Gas,non_hh_veh,non_hh_veh,DRIVEALONE,-10.98343862718106,Motorcycle_20_Gas,,-9.0,1out_0in,shopping
151125,3022,othdiscr,1,1,1,1,non_mandatory,1,1380.0,1380.0,1159,28.0,30.0,2.0,,,-9.0,947.0,,False,True,10.016466632523557,SUV_19_Gas,SUV_19_Gas,SUV_19_Gas,WALK,0.074742285844556,,,-9.0,0out_2in,othdiscr
151154,3023,eat,1,1,1,1,atwork,1,16065.0,1380.0,1160,21.0,23.0,2.0,,,-9.0,772.0,,,,-3.9418979403959096,,,,SHARED3,-9.413635560106496,SUV_18_Gas,,151198.0,0out_0in,atwork
151179,3023,othmaint,1,1,4,4,non_mandatory,1,2420.0,1380.0,1160,12.0,16.0,4.0,,,-9.0,477.0,,False,True,8.990925940939555,Car_11_Gas,Car_11_Gas,SUV_18_Gas,DRIVEALONE,-4.130716373171879,Car_11_Gas,,-9.0,2out_0in,othmaint
151185,3023,escort,2,1,2,4,non_mandatory,1,9910.0,1380.0,1160,8.0,11.0,3.0,pure_escort,,1.0,318.0,,False,True,-9.0,Car_11_Gas,Car_11_Gas,Car_11_Gas,SHARED3,-0.3002735614744886,Car_11_Gas,,-9.0,0out_0in,escort
151186,3023,escort,2,2,3,4,non_mandatory,1,1380.0,1380.0,1160,27.0,29.0,2.0,,pure_escort,1.0,925.0,,False,True,-9.0,Car_11_Gas,Car_11_Gas,Car_11_Gas,SHARED3,-0.2701631069575526,Car_11_Gas,,-9.0,0out_0in,escort
151198,3023,work,1,1,1,4,mandatory,1,1380.0,1380.0,1160,21.0,24.0,3.0,,,-9.0,773.0,,,,-9.0,Car_11_Gas,Car_11_Gas,SUV_18_Gas,SHARED3,-0.5453224267440604,SUV_18_Gas,eat,-9.0,0out_0in,work
151275,3025,othdiscr,1,1,2,2,non_mandatory,1,5740.0,1380.0,1160,23.0,29.0,6.0,,,-9.0,831.0,,False,True,11.39484742596003,Car_11_Gas,Car_11_Gas,SUV_18_Gas,SHARED3,-5.728724234077031,SUV_18_Gas,,-9.0,0out_1in,othdiscr
151283,3025,school,1,1,1,2,mandatory,1,9910.0,1380.0,1160,8.0,23.0,15.0,pure_escort,,-9.0,330.0,,,,-9.0,Car_11_Gas,Car_11_Gas,Car_11_Gas,SHARED3,1.9447405032116671,Car_11_Gas,,-9.0,0out_0in,school
151333,3026,school,1,1,1,1,mandatory,1,1380.0,1380.0,1160,10.0,29.0,19.0,,pure_escort,-9.0,415.0,,,,-9.0,Car_11_Gas,SUV_18_Gas,Car_11_Gas,SHARED3,2.2441765486169096,Car_11_Gas,,-9.0,1out_0in,school
151398,3027,work,1,1,1,1,mandatory,1,1380.0,1380.0,1161,10.0,32.0,21.0,ride_share,,1.0,418.0,,,,-9.0,SUV_2_Gas,SUV_2_Gas,SUV_20_Gas,SHARED2,-0.9478492186136744,SUV_2_Gas,no_subtours,-9.0,1out_0in,work
151483,3029,school,1,1,1,1,mandatory,1,16253.0,1380.0,1161,11.0,26.0,15.0,,,-9.0,450.0,,,,-9.0,SUV_2_Gas,SUV_2_Gas,SUV_2_Gas,SHARED3,-3.653097534513441,SUV_2_Gas,,-9.0,1out_0in,school
151533,3030,school,1,1,1,1,mandatory,1,1380.0,1380.0,1161,10.0,18.0,8.0,ride_share,,-9.0,404.0,,,,-9.0,SUV_20_Gas,SUV_2_Gas,SUV_2_Gas,SHARED2,2.9087151513257514,SUV_2_Gas,,-9.0,0out_0in,school
151829,3036,othmaint,2,1,1,2,non_mandatory,1,1380.0,1380.0,1163,22.0,28.0,6.0,,,-9.0,804.0,,False,True,6.056201870046668,Car_20_Gas,Car_20_Gas,Car_20_Gas,DRIVEALONE,-0.1293792261816246,Car_20_Gas,,-9.0,1out_2in,othmaint
151830,3036,othmaint,2,2,2,2,non_mandatory,1,1380.0,1380.0,1163,8.0,15.0,7.0,,,-9.0,322.0,,False,True,6.151621242084631,Car_20_Gas,Car_20_Gas,Car_20_Gas,WALK,-0.1289641288714347,,,-9.0,2out_2in,othmaint
151898,3037,work,1,1,1,1,mandatory,1,16269.0,1380.0,1164,2.0,32.0,30.0,,,-9.0,78.0,,,,-9.0,SUV_3_Gas,SUV_3_Gas,SUV_3_Gas,DRIVEALONE,-5.71902598051468,SUV_3_Gas,no_subtours,-9.0,0out_2in,work
151948,3038,work,1,1,1,1,mandatory,1,3837.0,1380.0,1164,20.0,45.0,25.0,,,-9.0,766.0,,,,-9.0,SUV_3_Gas,SUV_3_Gas,SUV_3_Gas,DRIVEALONE,-0.6854500750395613,SUV_3_Gas,no_subtours,-9.0,0out_2in,work
151998,3039,work,1,1,1,1,mandatory,1,8558.0,1380.0,1165,6.0,30.0,24.0,,,-9.0,254.0,,,,-9.0,Car_18_Gas,Car_18_Gas,Car_18_Gas,DRIVEALONE,-4.535402693029505,Car_18_Gas,no_subtours,-9.0,0out_0in,work
152004,3040,eat,1,1,1,1,atwork,1,10837.0,23753.0,1165,18.0,20.0,2.0,,,-9.0,682.0,,,,-0.1323180939315719,,,,DRIVEALONE,-2.671127159975652,Car_18_Gas,,152048.0,0out_0in,atwork
152048,3040,work,1,1,1,1,mandatory,1,23753.0,1380.0,1165,9.0,30.0,21.0,,,-9.0,377.0,,,,-9.0,Car_18_Gas,Car_18_Gas,Van_20_Gas,DRIVEALONE,-0.8658598057288751,Car_18_Gas,eat,-9.0,0out_0in,work
152098,3041,work,1,1,1,1,mandatory,1,1380.0,1380.0,1166,11.0,29.0,18.0,,,-9.0,453.0,,,,-9.0,SUV_14_Gas,SUV_14_Gas,SUV_14_Gas,DRIVEALONE,-0.5739452749826859,SUV_14_Gas,no_subtours,-9.0,0out_0in,work
152104,3042,eat,1,1,1,1,atwork,1,16236.0,16236.0,1166,19.0,20.0,1.0,,,-9.0,712.0,,,,7.3215898868251585,,,,WALK,0.7510423336974963,Pickup_20_Gas,,152148.0,0out_0in,atwork
152148,3042,work,1,1,1,1,mandatory,1,16236.0,1380.0,1166,10.0,36.0,26.0,,,-9.0,422.0,,,,-9.0,Pickup_20_Gas,Pickup_20_Gas,SUV_14_Gas,DRIVEALONE,-7.319485694725963,Pickup_20_Gas,eat,-9.0,0out_0in,work
152156,3043,eatout,1,1,2,3,non_mandatory,1,13595.0,1380.0,1167,32.0,36.0,4.0,,,-9.0,1027.0,,False,True,11.460752193905767,Car_12_Gas,Car_12_Gas,Car_12_Gas,DRIVEALONE,-2.3893201818589813,Car_12_Gas,,-9.0,0out_0in,eatout
152175,3043,othdiscr,1,1,3,3,non_mandatory,1,9804.0,1380.0,1167,27.0,29.0,2.0,,,-9.0,925.0,,False,True,10.576059280266303,Car_12_Gas,Car_6_Gas,Car_6_Gas,DRIVEALONE,-15.256130662590008,Car_12_Gas,,-9.0,0out_1in,othdiscr
152179,3043,othmaint,1,1,1,3,non_mandatory,1,24333.0,1380.0,1167,8.0,27.0,19.0,,,-9.0,334.0,,True,False,8.104860899489536,Car_12_Gas,Car_12_Gas,Car_6_Gas,SHARED2,-4.152272504225633,Car_12_Gas,,-9.0,0out_0in,othmaint
152248,3044,work,1,1,1,1,mandatory,1,15537.0,1380.0,1167,3.0,31.0,28.0,,,-9.0,123.0,,,,-9.0,Car_12_Gas,Car_6_Gas,Car_6_Gas,DRIVEALONE,-9.356289264736258,Car_12_Gas,no_subtours,-9.0,0out_1in,work
152298,3045,work,1,1,1,1,mandatory,1,16000.0,1380.0,1168,6.0,31.0,25.0,,,-9.0,255.0,,,,-9.0,Van_8_Gas,Van_8_Gas,Van_8_Gas,DRIVEALONE,-10.796500382792953,Van_8_Gas,no_subtours,-9.0,0out_1in,work
152329,3046,othmaint,1,1,2,2,non_mandatory,1,1380.0,1380.0,1168,46.0,48.0,2.0,,,-9.0,1172.0,,False,True,6.1394604929883965,Van_8_Gas,Van_8_Gas,Van_8_Gas,WALK,0.3395154728129755,,,-9.0,0out_0in,othmaint
152341,3046,shopping,1,1,1,2,non_mandatory,1,3622.0,1380.0,1168,10.0,37.0,27.0,,,-9.0,423.0,,False,True,4.641461150357312,Van_8_Gas,Van_8_Gas,Van_8_Gas,SHARED2,-11.677713339066011,Van_8_Gas,,-9.0,0out_2in,shopping
152367,3047,othmaint,1,1,1,1,joint,2,23019.0,1380.0,1169,14.0,26.0,12.0,,,-9.0,558.0,adults,False,True,9.876070958440962,SUV_8_Gas,SUV_13_Gas,SUV_8_Gas,SHARED2,-11.796198607568414,SUV_13_Gas,,-9.0,2out_1in,othmaint
152479,3049,othmaint,1,1,1,1,non_mandatory,1,1380.0,1380.0,1170,14.0,29.0,15.0,,,-9.0,561.0,,False,True,6.198137877089783,Van_16_Gas,Van_16_Gas,Van_16_Gas,WALK,-0.4647842606994402,,,-9.0,1out_0in,othmaint
152548,3050,work,1,1,1,1,mandatory,1,16128.0,1380.0,1170,7.0,30.0,23.0,,,-9.0,296.0,,,,-9.0,Van_16_Gas,Van_16_Gas,Van_16_Gas,DRIVEALONE,-3.845263408235119,Van_16_Gas,no_subtours,-9.0,0out_0in,work
152598,3051,work,1,1,1,1,mandatory,1,16270.0,1380.0,1171,4.0,28.0,24.0,,,-9.0,165.0,,,,-9.0,Car_14_Gas,Van_9_Gas,Car_14_Gas,DRIVEALONE,-4.980999627218526,Car_14_Gas,no_subtours,-9.0,2out_2in,work
152641,3052,shopping,1,1,1,1,non_mandatory,1,21200.0,1380.0,1171,18.0,47.0,29.0,,,-9.0,709.0,,False,True,6.11490621333563,Van_9_Gas,Car_14_Gas,Car_14_Gas,SHARED2,-22.660359494334365,Car_14_Gas,,-9.0,1out_1in,shopping
152779,3055,othmaint,1,1,1,1,non_mandatory,1,1380.0,1380.0,1173,8.0,36.0,28.0,,,-9.0,343.0,,False,True,6.071187451904444,Car_15_Gas,Car_15_Gas,Pickup_12_Gas,WALK,-0.0495143606668333,,,-9.0,0out_0in,othmaint
152829,3056,othmaint,1,1,1,1,non_mandatory,1,1380.0,1380.0,1173,10.0,35.0,25.0,,,-9.0,421.0,,False,True,6.010680947390472,Pickup_12_Gas,Car_15_Gas,Pickup_12_Gas,WALK,0.4607047424601887,,,-9.0,1out_0in,othmaint
152854,3057,eat,1,1,1,1,atwork,1,23567.0,15320.0,1174,19.0,21.0,2.0,,,-9.0,713.0,,,,2.330378147496712,,,,DRIVEALONE,-1.8936618909232388,Car_9_Gas,,152898.0,0out_0in,atwork
152898,3057,work,1,1,1,1,mandatory,1,15320.0,1380.0,1174,1.0,30.0,29.0,,,-9.0,29.0,,,,-9.0,Car_9_Gas,Car_9_Gas,Car_20_Gas,DRIVEALONE,-8.394553202628412,Car_9_Gas,eat,-9.0,0out_0in,work
152929,3058,othmaint,1,1,1,1,non_mandatory,1,1380.0,1380.0,1174,12.0,26.0,14.0,,,-9.0,487.0,,False,True,5.863790938532353,Car_20_Gas,Car_20_Gas,Car_9_Gas,WALK,0.1796095531262669,,,-9.0,1out_1in,othmaint
153029,3060,othmaint,1,1,2,2,non_mandatory,1,23753.0,1380.0,1175,7.0,19.0,12.0,,,-9.0,285.0,,False,True,7.453660749518994,non_hh_veh,non_hh_veh,non_hh_veh,SHARED2,-0.3663911142594289,non_hh_veh,,-9.0,2out_0in,othmaint
153048,3060,work,1,1,1,2,mandatory,1,13596.0,1380.0,1175,26.0,43.0,17.0,,,-9.0,917.0,,,,-9.0,non_hh_veh,non_hh_veh,non_hh_veh,DRIVEALONE,-1.3499441850076972,non_hh_veh,no_subtours,-9.0,0out_0in,work
153063,3061,eatout,1,1,1,2,joint,2,1380.0,1380.0,1176,30.0,32.0,2.0,,,-9.0,988.0,adults,False,True,8.69791635758464,Car_3_Gas,Car_7_Gas,Car_7_Gas,SHARED2,-0.1235313881775513,Car_7_Gas,,-9.0,1out_0in,eatout
153091,3061,shopping,1,1,2,2,non_mandatory,1,3837.0,1380.0,1176,21.0,24.0,3.0,,,-9.0,773.0,,False,True,3.7974583085273577,Car_7_Gas,Car_3_Gas,Car_3_Gas,DRIVEALONE,-0.4309094680085087,Car_7_Gas,,-9.0,2out_1in,shopping
153154,3063,eat,1,1,1,1,atwork,1,23753.0,1380.0,1177,20.0,21.0,1.0,,,-9.0,742.0,,,,-1.351904557903939,,,,SHARED3,-0.6077568327984056,Pickup_4_Diesel,,153198.0,0out_0in,atwork
153156,3063,eatout,1,1,2,3,non_mandatory,1,13595.0,1380.0,1177,32.0,39.0,7.0,,,-9.0,1030.0,,False,True,9.624895354000254,Pickup_4_Diesel,Pickup_4_Diesel,Pickup_6_Diesel,DRIVEALONE,-1.0329395226137597,Pickup_4_Diesel,,-9.0,0out_0in,eatout
153175,3063,othdiscr,1,1,3,3,non_mandatory,1,23753.0,1380.0,1177,25.0,32.0,7.0,,,-9.0,883.0,,False,True,8.234658639224323,Pickup_6_Diesel,Pickup_6_Diesel,Pickup_6_Diesel,DRIVEALONE,-0.1792392509466124,Pickup_6_Diesel,,-9.0,0out_1in,othdiscr
153198,3063,work,1,1,1,3,mandatory,1,1380.0,1380.0,1177,3.0,25.0,22.0,,,-9.0,117.0,,,,-9.0,Pickup_4_Diesel,Pickup_4_Diesel,Pickup_4_Diesel,DRIVEALONE,-0.9822729197783276,Pickup_4_Diesel,eat,-9.0,0out_0in,work
153248,3064,work,1,1,1,1,mandatory,1,8926.0,1380.0,1177,33.0,36.0,3.0,,,-9.0,1043.0,,,,-9.0,Pickup_6_Diesel,Pickup_6_Diesel,Pickup_4_Diesel,SHARED2,-1.881668045099372,Pickup_6_Diesel,no_subtours,-9.0,0out_0in,work
153263,3065,eatout,1,1,1,1,joint,2,5934.0,1380.0,1178,25.0,32.0,7.0,,,-9.0,883.0,adults,False,True,9.542845382103652,Pickup_6_Gas,Van_10_Gas,Van_10_Gas,SHARED2,0.1435399243084832,Van_10_Gas,,-9.0,0out_0in,eatout
153309,3066,escort,4,2,2,5,non_mandatory,1,1380.0,1380.0,1178,26.0,27.0,1.0,,,-9.0,901.0,,False,True,9.060510455818353,Pickup_6_Gas,Pickup_6_Gas,Van_10_Gas,SHARED2,0.1793366300567557,Pickup_6_Gas,,-9.0,0out_0in,escort
153310,3066,escort,4,3,3,5,non_mandatory,1,1380.0,1380.0,1178,11.0,13.0,2.0,,,-9.0,437.0,,False,True,9.536617234282431,Pickup_20_Gas,Pickup_6_Gas,Pickup_6_Gas,SHARED3,0.1994036177670034,Pickup_6_Gas,,-9.0,0out_0in,escort
153311,3066,escort,4,4,4,5,non_mandatory,1,1380.0,1380.0,1178,11.0,11.0,0.0,,,-9.0,435.0,,False,True,9.209941381479137,Pickup_6_Gas,Pickup_20_Gas,Van_10_Gas,SHARED3,0.1732226026289676,Van_10_Gas,,-9.0,0out_0in,escort
153325,3066,othdiscr,1,1,5,5,non_mandatory,1,6084.0,1380.0,1178,30.0,35.0,5.0,,,-9.0,991.0,,False,True,9.663187887957031,Pickup_6_Gas,Van_10_Gas,Van_10_Gas,SHARED3,-6.635587258969887,Van_10_Gas,,-9.0,0out_1in,othdiscr
153335,3066,escort,4,1,1,5,non_mandatory,1,1380.0,1380.0,1178,24.0,26.0,2.0,,pure_escort,1.0,853.0,,False,True,-9.0,SUV_20_Gas,Van_10_Gas,Pickup_6_Gas,SHARED3,0.0833395608054332,Pickup_6_Gas,,-9.0,3out_0in,escort
153433,3068,school,1,1,1,1,mandatory,1,20138.0,1380.0,1178,9.0,37.0,28.0,,,-9.0,384.0,,,,-9.0,SUV_20_Gas,Van_10_Gas,Van_10_Gas,SHARED3,-6.088407868843984,Van_10_Gas,,-9.0,1out_0in,school
153483,3069,school,1,1,1,1,mandatory,1,1380.0,1380.0,1178,11.0,26.0,15.0,,pure_escort,-9.0,450.0,,,,-9.0,Van_10_Gas,Pickup_6_Gas,Van_10_Gas,SHARED3,1.705482666376679,Van_10_Gas,,-9.0,1out_0in,school
153535,3070,escort,1,1,2,2,non_mandatory,1,16364.0,1380.0,1179,31.0,32.0,1.0,,pure_escort,1.0,1006.0,,False,True,-9.0,Pickup_4_Gas,Pickup_4_Gas,Pickup_4_Gas,SHARED3,-4.738968285476326,Pickup_4_Gas,,-9.0,0out_0in,escort
153548,3070,work,1,1,1,2,mandatory,1,23016.0,1380.0,1179,7.0,28.0,21.0,,,-9.0,294.0,,,,-9.0,Pickup_4_Gas,Pickup_4_Gas,Van_20_Gas,SHARED2,-4.132855925167641,Pickup_4_Gas,no_subtours,-9.0,0out_1in,work
153609,3072,escort,1,1,1,1,non_mandatory,1,1380.0,1380.0,1179,31.0,32.0,1.0,,,-9.0,1006.0,,False,True,9.655215658762652,Pickup_4_Gas,Pickup_14_Gas,Pickup_14_Gas,SHARED3,-0.0222073638429391,Pickup_14_Gas,,-9.0,0out_0in,escort
153683,3073,school,1,1,1,1,mandatory,1,16364.0,1380.0,1179,8.0,32.0,24.0,,pure_escort,-9.0,339.0,,,,-9.0,Motorcycle_20_Gas,Pickup_4_Gas,Van_20_Gas,SHARED3,-5.265238560935066,Van_20_Gas,,-9.0,1out_0in,school
153733,3074,school,1,1,1,1,mandatory,1,1380.0,1380.0,1179,9.0,26.0,17.0,,,-9.0,373.0,,,,-9.0,Pickup_4_Gas,Van_20_Gas,Pickup_4_Gas,WALK,2.6987228538685537,,,-9.0,0out_2in,school
153754,3075,eat,1,1,1,1,atwork,1,6246.0,13608.0,1180,17.0,18.0,1.0,,,-9.0,649.0,,,,5.2619366543325015,,,,DRIVEALONE,-0.6792172383846764,SUV_11_Hybrid,,153798.0,0out_0in,atwork
153798,3075,work,1,1,1,1,mandatory,1,13608.0,1380.0,1180,2.0,40.0,38.0,,,-9.0,86.0,,,,-9.0,SUV_11_Hybrid,SUV_11_Hybrid,SUV_11_Hybrid,DRIVEALONE,-5.521400338590078,SUV_11_Hybrid,eat,-9.0,0out_3in,work
153933,3078,school,1,1,1,1,mandatory,1,9910.0,1380.0,1180,11.0,27.0,16.0,,,-9.0,451.0,,,,-9.0,SUV_11_Hybrid,Car_9_Gas,Car_9_Gas,WALK,1.0898716596364193,,,-9.0,0out_1in,school
153983,3079,school,2,1,1,2,mandatory,1,1380.0,1380.0,1180,11.0,25.0,14.0,,,-9.0,449.0,,,,-9.0,Car_9_Gas,Car_1_Hybrid,SUV_11_Hybrid,WALK,2.040427369701085,,,-9.0,0out_1in,school
153984,3079,school,2,2,2,2,mandatory,1,1380.0,1380.0,1180,8.0,8.0,0.0,,,-9.0,315.0,,,,-9.0,Car_9_Gas,SUV_11_Hybrid,Car_1_Hybrid,WALK,2.0423178440064462,,,-9.0,1out_0in,school
154013,3080,eatout,1,1,3,3,joint,2,8086.0,1380.0,1181,27.0,42.0,15.0,,,-9.0,938.0,adults,False,True,10.944484423326143,Car_9_Gas,Car_9_Gas,Pickup_6_Gas,SHARED2,-7.515959118257388,Car_9_Gas,,-9.0,1out_0in,eatout
154035,3080,escort,2,1,1,3,non_mandatory,1,9910.0,1380.0,1181,13.0,15.0,2.0,pure_escort,,1.0,512.0,,False,True,-9.0,Pickup_6_Gas,Pickup_6_Gas,Pickup_6_Gas,SHARED3,0.0018429697796893,Pickup_6_Gas,,-9.0,0out_1in,escort
154036,3080,escort,2,2,2,3,non_mandatory,1,9910.0,1380.0,1181,24.0,26.0,2.0,,pure_escort,1.0,853.0,,False,True,-9.0,Car_9_Gas,Car_9_Gas,Car_9_Gas,SHARED2,0.0510983003560838,Car_9_Gas,,-9.0,0out_0in,escort
154183,3083,school,1,1,1,1,mandatory,1,9910.0,1380.0,1181,13.0,26.0,13.0,pure_escort,pure_escort,-9.0,523.0,,,,-9.0,Pickup_6_Gas,Car_9_Gas,Car_9_Gas,SHARED2,-0.0587623403224887,Car_9_Gas,,-9.0,0out_0in,school
154298,3085,work,1,1,1,1,mandatory,1,13596.0,1380.0,1182,9.0,28.0,18.0,,ride_share,1.0,375.0,,,,-9.0,SUV_9_Gas,Car_4_Gas,Car_4_Gas,SHARED2,-3.220335004890085,Car_4_Gas,no_subtours,-9.0,1out_1in,work
154433,3088,school,1,1,1,1,mandatory,1,5878.0,1380.0,1182,12.0,28.0,16.0,,ride_share,-9.0,489.0,,,,-9.0,SUV_9_Gas,Car_4_Gas,Car_4_Gas,SHARED2,-1.6695060542761213,Car_4_Gas,,-9.0,1out_0in,school
154548,3090,work,2,1,1,2,mandatory,1,24333.0,1380.0,1183,8.0,30.0,22.0,,,-9.0,337.0,,,,-9.0,non_hh_veh,Van_9_Gas,Van_9_Gas,DRIVEALONE,-1.3984331082171932,non_hh_veh,no_subtours,-9.0,0out_0in,work
154549,3090,work,2,2,2,2,mandatory,1,24333.0,1380.0,1183,31.0,33.0,2.0,,,-9.0,1007.0,,,,-9.0,Van_9_Gas,Pickup_7_Gas,Van_9_Gas,SHARED2,-1.5149860597567124,Pickup_7_Gas,no_subtours,-9.0,0out_0in,work
154556,3091,eatout,1,1,6,6,non_mandatory,1,6511.0,1380.0,1183,34.0,48.0,14.0,,,-9.0,1070.0,,False,True,12.33572534526291,Van_9_Gas,Van_9_Gas,Van_9_Gas,SHARED3,-8.8760295451479,Van_9_Gas,,-9.0,2out_0in,eatout
154585,3091,escort,4,1,1,6,non_mandatory,1,5702.0,1380.0,1183,9.0,10.0,1.0,pure_escort,,1.0,357.0,,False,True,-9.0,Pickup_7_Gas,Pickup_7_Gas,Van_9_Gas,SHARED3,-1.7422698908618652,Van_9_Gas,,-9.0,0out_3in,escort
154586,3091,escort,4,2,2,6,non_mandatory,1,1380.0,1380.0,1183,14.0,15.0,1.0,pure_escort,,1.0,547.0,,False,True,-9.0,Pickup_7_Gas,Van_9_Gas,Pickup_7_Gas,SHARED3,0.3347779705219528,Pickup_7_Gas,,-9.0,0out_0in,escort
154587,3091,escort,4,3,3,6,non_mandatory,1,1380.0,1380.0,1183,17.0,20.0,3.0,,pure_escort,1.0,651.0,,False,True,-9.0,Van_9_Gas,Van_9_Gas,Van_9_Gas,SHARED3,0.3076167208910069,Van_9_Gas,,-9.0,0out_0in,escort
154588,3091,escort,4,4,4,6,non_mandatory,1,5702.0,1380.0,1183,30.0,33.0,3.0,,pure_escort,1.0,989.0,,False,True,-9.0,Van_9_Gas,Pickup_7_Gas,Van_9_Gas,SHARED3,-1.740700753146366,Van_9_Gas,,-9.0,0out_0in,escort
154591,3091,shopping,1,1,5,6,non_mandatory,1,2177.0,1380.0,1183,20.0,25.0,5.0,,,-9.0,746.0,,False,True,6.672738668581775,Pickup_7_Gas,Pickup_7_Gas,Van_9_Gas,DRIVEALONE,-9.006512093639131,Pickup_7_Gas,,-9.0,1out_1in,shopping
154683,3093,school,1,1,1,1,mandatory,1,5702.0,1380.0,1183,9.0,33.0,24.0,pure_escort,pure_escort,-9.0,380.0,,,,-9.0,Van_9_Gas,Pickup_7_Gas,Van_9_Gas,SHARED3,-1.726338672017731,Van_9_Gas,,-9.0,0out_0in,school
154733,3094,school,1,1,1,1,mandatory,1,1380.0,1380.0,1183,14.0,20.0,6.0,pure_escort,pure_escort,-9.0,552.0,,,,-9.0,Van_9_Gas,Pickup_7_Gas,Van_9_Gas,SHARED3,0.8156977832679835,Van_9_Gas,,-9.0,0out_0in,school
154754,3095,eat,1,1,1,1,atwork,1,16287.0,16378.0,1184,20.0,22.0,2.0,,,-9.0,743.0,,,,6.6802112681518055,,,,DRIVEALONE,0.2007834176607053,SUV_16_Gas,,154798.0,0out_1in,atwork
154798,3095,work,1,1,1,1,mandatory,1,16378.0,1380.0,1184,8.0,29.0,21.0,,,-9.0,336.0,,,,-9.0,SUV_16_Gas,SUV_16_Gas,SUV_16_Gas,DRIVEALONE,-4.019759057274994,SUV_16_Gas,eat,-9.0,0out_1in,work
154933,3098,school,1,1,1,1,mandatory,1,13595.0,1380.0,1184,10.0,27.0,17.0,,,-9.0,413.0,,,,-9.0,Pickup_20_Gas,SUV_16_Gas,SUV_16_Gas,SHARED3,-0.9541609629395488,SUV_16_Gas,,-9.0,1out_0in,school
155013,3100,eatout,1,1,3,3,joint,3,5878.0,1380.0,1185,26.0,29.0,3.0,,,-9.0,903.0,adults,False,True,11.13950933455551,Pickup_4_Gas,Pickup_7_Gas,SUV_12_Gas,SHARED3,-3.359541130093654,SUV_12_Gas,,-9.0,0out_0in,eatout
155035,3100,escort,2,1,1,3,non_mandatory,1,5878.0,1380.0,1185,9.0,10.0,1.0,pure_escort,,1.0,357.0,,False,True,-9.0,SUV_12_Gas,Pickup_4_Gas,SUV_12_Gas,SHARED2,-1.5634895143230498,Pickup_4_Gas,,-9.0,0out_0in,escort
155036,3100,escort,2,2,2,3,non_mandatory,1,5878.0,1380.0,1185,23.0,25.0,2.0,,pure_escort,1.0,827.0,,False,True,-9.0,Pickup_7_Gas,SUV_12_Gas,SUV_12_Gas,SHARED2,-1.3563373793916274,SUV_12_Gas,,-9.0,0out_0in,escort
155091,3101,shopping,1,1,1,1,non_mandatory,1,24333.0,1380.0,1185,20.0,22.0,2.0,,,-9.0,743.0,,True,False,4.069453172850836,Pickup_7_Gas,Pickup_7_Gas,Pickup_4_Gas,SHARED3,-2.525897166184048,Pickup_4_Gas,,-9.0,0out_1in,shopping
155183,3103,school,1,1,1,1,mandatory,1,5878.0,1380.0,1185,9.0,25.0,16.0,pure_escort,pure_escort,-9.0,372.0,,,,-9.0,Pickup_7_Gas,Pickup_7_Gas,Pickup_7_Gas,SHARED2,-2.6224374486107966,Pickup_7_Gas,,-9.0,0out_0in,school
155279,3105,othmaint,1,1,4,4,non_mandatory,1,24333.0,1380.0,1186,15.0,24.0,9.0,,,-9.0,590.0,,True,False,8.470256187688117,SUV_4_Gas,SUV_4_Gas,SUV_4_Gas,SHARED2,-3.290110984811268,SUV_4_Gas,,-9.0,0out_0in,othmaint
155285,3105,escort,3,1,1,4,non_mandatory,1,13595.0,1380.0,1186,9.0,9.0,0.0,pure_escort,,1.0,356.0,,False,True,-9.0,Car_20_Gas,SUV_4_Gas,SUV_4_Gas,SHARED3,-2.045277178844248,SUV_4_Gas,,-9.0,0out_0in,escort
155286,3105,escort,3,2,2,4,non_mandatory,1,13595.0,1380.0,1186,8.0,9.0,1.0,,pure_escort,1.0,316.0,,False,True,-9.0,SUV_4_Gas,SUV_4_Gas,SUV_4_Gas,SHARED3,-2.045275120591245,SUV_4_Gas,,-9.0,0out_0in,escort
155287,3105,escort,3,3,3,4,non_mandatory,1,1380.0,1380.0,1186,11.0,12.0,1.0,pure_escort,,1.0,436.0,,False,True,-9.0,SUV_4_Gas,SUV_4_Gas,SUV_4_Gas,SHARED3,-0.3441558359720135,SUV_4_Gas,,-9.0,0out_0in,escort
155433,3108,school,1,1,1,1,mandatory,1,13595.0,1380.0,1186,9.0,9.0,0.0,pure_escort,pure_escort,-9.0,356.0,,,,-9.0,Pickup_9_Gas,SUV_4_Gas,SUV_4_Gas,SHARED3,-3.829409692465721,SUV_4_Gas,,-9.0,0out_0in,school
155483,3109,school,1,1,1,1,mandatory,1,1380.0,1380.0,1186,11.0,19.0,8.0,pure_escort,,-9.0,443.0,,,,-9.0,Pickup_9_Gas,SUV_4_Gas,Pickup_9_Gas,SHARED3,2.691175321534909,Pickup_9_Gas,,-9.0,0out_0in,school
155513,3110,eatout,1,1,5,7,joint,3,5878.0,1380.0,1187,34.0,36.0,2.0,,,-9.0,1058.0,adults,False,True,9.982809626581371,Pickup_14_Gas,SUV_20_Gas,SUV_20_Gas,SHARED3,-4.810209990122631,SUV_20_Gas,,-9.0,0out_0in,eatout
155525,3110,othdiscr,2,1,6,7,non_mandatory,1,16440.0,1380.0,1187,15.0,25.0,10.0,,,-9.0,591.0,,False,True,10.658978107930942,Pickup_20_Gas,SUV_20_Gas,non_hh_veh,SHARED3,-4.955629550920252,non_hh_veh,,-9.0,0out_1in,othdiscr
155526,3110,othdiscr,2,2,7,7,non_mandatory,1,15441.0,1380.0,1187,29.0,33.0,4.0,,,-9.0,970.0,,False,True,10.3561896212439,SUV_20_Gas,Van_18_Gas,Van_18_Gas,SHARED2,-11.47389532672907,Van_18_Gas,,-9.0,0out_0in,othdiscr
155535,3110,escort,4,1,1,7,non_mandatory,1,1380.0,1380.0,1187,10.0,11.0,1.0,pure_escort,,1.0,397.0,,False,True,-9.0,SUV_20_Gas,SUV_20_Gas,SUV_20_Gas,SHARED3,-0.7812514425648517,SUV_20_Gas,,-9.0,0out_0in,escort
155536,3110,escort,4,2,2,7,non_mandatory,1,9910.0,1380.0,1187,11.0,15.0,4.0,pure_escort,,1.0,439.0,,False,True,-9.0,Pickup_14_Gas,Van_18_Gas,Van_18_Gas,SHARED2,-0.7687565070869955,Van_18_Gas,,-9.0,0out_0in,escort
155537,3110,escort,4,3,3,7,non_mandatory,1,9910.0,1380.0,1187,26.0,27.0,1.0,,pure_escort,1.0,901.0,,False,True,-9.0,Van_18_Gas,SUV_20_Gas,Van_18_Gas,SHARED3,-0.7996778984335566,Van_18_Gas,,-9.0,3out_0in,escort
155538,3110,escort,4,4,4,7,non_mandatory,1,1380.0,1380.0,1187,36.0,36.0,0.0,,pure_escort,1.0,1085.0,,False,True,-9.0,Pickup_14_Gas,Pickup_14_Gas,Van_18_Gas,SHARED2,-0.7082456428671944,Pickup_14_Gas,,-9.0,0out_0in,escort
155559,3111,escort,2,1,1,4,non_mandatory,1,1380.0,1380.0,1187,10.0,12.0,2.0,,,-9.0,398.0,,False,True,10.0505950099714,SUV_20_Gas,Pickup_14_Gas,Van_18_Gas,SHARED2,0.018719791903218,Pickup_14_Gas,,-9.0,0out_0in,escort
155560,3111,escort,2,2,2,4,non_mandatory,1,1380.0,1380.0,1187,12.0,14.0,2.0,,,-9.0,475.0,,False,True,9.904542520577406,Van_18_Gas,Van_18_Gas,Van_18_Gas,SHARED3,0.0327739959334449,Van_18_Gas,,-9.0,0out_0in,escort
155575,3111,othdiscr,1,1,4,4,non_mandatory,1,3121.0,1380.0,1187,6.0,10.0,4.0,,,-9.0,234.0,,False,True,11.77202410949434,Pickup_14_Gas,Van_18_Gas,Van_18_Gas,SHARED3,-13.388514873785205,Van_18_Gas,,-9.0,0out_3in,othdiscr
155591,3111,shopping,1,1,3,4,non_mandatory,1,18912.0,1380.0,1187,18.0,27.0,9.0,,,-9.0,689.0,,False,True,7.089755542956068,Pickup_14_Gas,SUV_20_Gas,SUV_20_Gas,DRIVEALONE,-7.37382590866802,Pickup_14_Gas,,-9.0,0out_2in,shopping
155683,3113,school,1,1,1,1,mandatory,1,9910.0,1380.0,1187,11.0,27.0,16.0,pure_escort,pure_escort,-9.0,451.0,,,,-9.0,Pickup_14_Gas,Pickup_14_Gas,Van_18_Gas,SHARED3,-1.6904869096742043,Van_18_Gas,,-9.0,0out_0in,school
155733,3114,school,2,1,1,2,mandatory,1,1380.0,1380.0,1187,10.0,36.0,26.0,pure_escort,pure_escort,-9.0,422.0,,,,-9.0,Pickup_14_Gas,Van_18_Gas,Van_18_Gas,SHARED2,2.7094921451131717,Van_18_Gas,,-9.0,0out_0in,school
155734,3114,school,2,2,2,2,mandatory,1,1380.0,1380.0,1187,9.0,9.0,0.0,,,-9.0,356.0,,,,-9.0,Pickup_14_Gas,SUV_20_Gas,Van_18_Gas,WALK,2.7094544186317253,,,-9.0,1out_0in,school
155823,3116,maint,1,1,1,1,atwork,1,19414.0,19414.0,1188,22.0,23.0,1.0,,,-9.0,799.0,,,,7.091547470187784,,,,WALK,0.6955769487666236,Car_19_Gas,,155848.0,0out_0in,atwork
155848,3116,work,1,1,1,1,mandatory,1,19414.0,1380.0,1188,6.0,33.0,27.0,,,-9.0,257.0,,,,-9.0,Car_19_Gas,Pickup_19_Gas,Car_19_Gas,DRIVEALONE,-4.64179799325387,Car_19_Gas,maint,-9.0,0out_3in,work
155859,3117,escort,1,1,1,1,non_mandatory,1,1380.0,1380.0,1189,17.0,18.0,1.0,,,-9.0,649.0,,False,True,9.298342971905871,Pickup_13_Gas,Pickup_11_Gas,Pickup_13_Gas,SHARED2,-0.524058618975727,Pickup_11_Gas,,-9.0,0out_0in,escort
155904,3118,eat,1,1,1,1,atwork,1,13596.0,5878.0,1189,20.0,22.0,2.0,,,-9.0,743.0,,,,0.8912255838080239,,,,DRIVEALONE,-0.6627752709179529,Pickup_13_Gas,,155948.0,0out_0in,atwork
155906,3118,eatout,1,1,2,2,non_mandatory,1,12308.0,1380.0,1189,34.0,39.0,5.0,,,-9.0,1061.0,,False,True,10.708175279274856,Pickup_11_Gas,Pickup_11_Gas,Pickup_11_Gas,DRIVEALONE,-6.508625919226578,Pickup_11_Gas,,-9.0,0out_0in,eatout
155948,3118,work,1,1,1,2,mandatory,1,5878.0,1380.0,1189,5.0,27.0,22.0,,,-9.0,208.0,,,,-9.0,Pickup_13_Gas,Pickup_11_Gas,Pickup_13_Gas,DRIVEALONE,-2.3291041850340264,Pickup_13_Gas,eat,-9.0,0out_1in,work
155979,3119,othmaint,1,1,1,1,non_mandatory,1,1380.0,1380.0,1190,17.0,25.0,8.0,,,-9.0,656.0,,False,True,8.586914688067106,Car_11_Gas,Car_11_Gas,Car_11_Gas,WALK,-1.6256885197190525,,,-9.0,0out_0in,othmaint
156004,3120,eat,1,1,1,1,atwork,1,19753.0,19753.0,1191,18.0,18.0,0.0,,,-9.0,680.0,,,,6.738866586582492,,,,WALK,0.2253700955165837,Pickup_9_Gas,,156048.0,0out_0in,atwork
156048,3120,work,1,1,1,1,mandatory,1,19753.0,1380.0,1191,10.0,48.0,39.0,ride_share,,1.0,434.0,,,,-9.0,Car_14_Gas,Car_14_Gas,Pickup_9_Gas,SHARED3,-8.34798339016062,Pickup_9_Gas,eat,-9.0,1out_3in,work
156054,3121,eat,1,1,1,1,atwork,1,16709.0,16706.0,1191,18.0,20.0,2.0,,,-9.0,682.0,,,,4.8898212725468655,,,,DRIVEALONE,0.7423267628038622,Car_14_Gas,,156098.0,0out_0in,atwork
156085,3121,escort,2,1,2,3,non_mandatory,1,1380.0,1380.0,1191,30.0,31.0,1.0,,pure_escort,1.0,987.0,,False,True,-9.0,Car_14_Gas,Car_14_Gas,Pickup_9_Gas,SHARED3,-0.0956607244206494,Pickup_9_Gas,,-9.0,0out_0in,escort
156086,3121,escort,2,2,3,3,non_mandatory,1,8979.0,1380.0,1191,31.0,36.0,5.0,,pure_escort,1.0,1010.0,,False,True,-9.0,Pickup_9_Gas,Pickup_9_Gas,Car_14_Gas,SHARED3,-0.078503855508133,Car_14_Gas,,-9.0,0out_0in,escort
156098,3121,work,1,1,1,3,mandatory,1,16706.0,1380.0,1191,8.0,27.0,19.0,,,-9.0,334.0,,,,-9.0,Car_14_Gas,Pickup_9_Gas,Pickup_9_Gas,DRIVEALONE,-5.692023213412014,Car_14_Gas,eat,-9.0,0out_2in,work
156133,3122,school,2,1,1,2,mandatory,1,1380.0,1380.0,1191,11.0,31.0,20.0,,pure_escort,-9.0,455.0,,,,-9.0,Pickup_9_Gas,Pickup_9_Gas,Car_14_Gas,SHARED3,2.570655934320349,Car_14_Gas,,-9.0,1out_0in,school
156134,3122,school,2,2,2,2,mandatory,1,1380.0,1380.0,1191,10.0,10.0,0.0,,,-9.0,396.0,,,,-9.0,Pickup_9_Gas,Pickup_9_Gas,Pickup_9_Gas,WALK,2.569917519522094,,,-9.0,1out_0in,school
156183,3123,school,1,1,1,1,mandatory,1,8979.0,1380.0,1191,10.0,36.0,26.0,ride_share,pure_escort,-9.0,422.0,,,,-9.0,Car_14_Gas,Car_14_Gas,Car_14_Gas,SHARED3,1.434473241187476,Car_14_Gas,,-9.0,0out_0in,school
156248,3124,work,1,1,1,1,mandatory,1,18822.0,1380.0,1192,14.0,32.0,18.0,,,-9.0,564.0,,,,-9.0,SUV_10_Gas,SUV_10_Gas,SUV_10_Gas,DRIVEALONE,-8.751711267728028,SUV_10_Gas,no_subtours,-9.0,2out_1in,work
156254,3125,eat,1,1,1,1,atwork,1,23066.0,23066.0,1192,19.0,22.0,3.0,,,-9.0,714.0,,,,8.342298135927456,,,,SHARED2,-0.1239000568590902,SUV_8_Gas,,156298.0,0out_0in,atwork
156298,3125,work,1,1,1,1,mandatory,1,23066.0,1380.0,1192,8.0,32.0,25.0,ride_share,,1.0,339.0,,,,-9.0,SUV_8_Gas,SUV_8_Gas,SUV_8_Gas,SHARED3,-4.6779059568753,SUV_8_Gas,eat,-9.0,1out_0in,work
156333,3126,school,1,1,1,1,mandatory,1,1380.0,1380.0,1192,9.0,26.0,17.0,,,-9.0,373.0,,,,-9.0,SUV_8_Gas,SUV_10_Gas,SUV_10_Gas,WALK,2.053558703282126,,,-9.0,1out_0in,school
156383,3127,school,1,1,1,1,mandatory,1,1380.0,1380.0,1192,8.0,23.0,15.0,ride_share,,-9.0,330.0,,,,-9.0,SUV_8_Gas,SUV_10_Gas,SUV_10_Gas,SHARED3,2.6497552346662525,SUV_10_Gas,,-9.0,0out_0in,school
156406,3128,eatout,1,1,4,5,non_mandatory,1,5878.0,1380.0,1193,35.0,39.0,4.0,,,-9.0,1075.0,,False,True,11.734342479503251,SUV_13_Gas,SUV_13_Gas,SUV_13_Gas,DRIVEALONE,0.0325539630992039,SUV_13_Gas,,-9.0,2out_0in,eatout
156409,3128,escort,3,3,3,5,non_mandatory,1,1380.0,1380.0,1193,11.0,12.0,1.0,,,-9.0,436.0,,False,True,9.906368963321812,SUV_15_Gas,SUV_15_Gas,SUV_15_Gas,DRIVEALONE,0.2891263270428598,SUV_15_Gas,,-9.0,0out_0in,escort
156419,3129,shopping,1,1,3,3,joint,2,7285.0,1380.0,1193,31.0,46.0,15.0,,,-9.0,1020.0,mixed,False,True,5.091606623963906,SUV_13_Gas,Pickup_14_Gas,Pickup_14_Gas,SHARED2,-18.855904627415665,Pickup_14_Gas,,-9.0,3out_3in,shopping
156425,3128,othdiscr,1,1,5,5,non_mandatory,1,9910.0,1380.0,1193,19.0,21.0,2.0,,,-9.0,713.0,,False,True,10.884831366507708,SUV_13_Gas,Pickup_14_Gas,SUV_15_Gas,DRIVEALONE,0.8692985150012333,SUV_13_Gas,,-9.0,0out_0in,othdiscr
156435,3128,escort,3,1,1,5,non_mandatory,1,1380.0,1380.0,1193,25.0,25.0,0.0,,pure_escort,1.0,876.0,,False,True,-9.0,SUV_13_Gas,SUV_13_Gas,Pickup_14_Gas,SHARED3,0.176497466343515,Pickup_14_Gas,,-9.0,0out_0in,escort
156436,3128,escort,3,2,2,5,non_mandatory,1,1380.0,1380.0,1193,25.0,27.0,2.0,,pure_escort,1.0,878.0,,False,True,-9.0,Pickup_14_Gas,SUV_13_Gas,SUV_13_Gas,SHARED3,0.1927585415192686,SUV_13_Gas,,-9.0,0out_0in,escort
156485,3129,escort,1,1,2,3,non_mandatory,1,1380.0,1380.0,1193,10.0,11.0,1.0,pure_escort,,2.0,397.0,,False,True,-9.0,Pickup_14_Gas,SUV_13_Gas,SUV_13_Gas,SHARED3,-0.7507260383239455,SUV_13_Gas,,-9.0,1out_0in,escort
156498,3129,work,1,1,1,3,mandatory,1,1380.0,1380.0,1193,18.0,30.0,12.0,,,-9.0,692.0,,,,-9.0,SUV_13_Gas,SUV_15_Gas,SUV_13_Gas,DRIVEALONE,-0.4288466400732198,SUV_13_Gas,no_subtours,-9.0,1out_0in,work
156533,3130,school,2,1,1,2,mandatory,1,1380.0,1380.0,1193,10.0,27.0,16.0,pure_escort,pure_escort,-9.0,413.0,,,,-9.0,SUV_13_Gas,SUV_13_Gas,Pickup_14_Gas,SHARED3,1.11129996198039,Pickup_14_Gas,,-9.0,1out_0in,school
156534,3130,school,2,2,2,2,mandatory,1,1380.0,1380.0,1193,27.0,28.0,1.0,,,-9.0,924.0,,,,-9.0,SUV_15_Gas,SUV_13_Gas,SUV_15_Gas,WALK,1.111956884982555,,,-9.0,1out_0in,school
156583,3131,school,1,1,1,1,mandatory,1,1380.0,1380.0,1193,10.0,25.0,15.0,pure_escort,pure_escort,-9.0,411.0,,,,-9.0,SUV_15_Gas,Pickup_14_Gas,Pickup_14_Gas,SHARED3,1.4304994540785867,Pickup_14_Gas,,-9.0,0out_0in,school
156606,3132,eatout,1,1,1,1,non_mandatory,1,18992.0,1380.0,1194,26.0,32.0,6.0,,,-9.0,906.0,,False,True,11.807894362924744,Pickup_10_Gas,Pickup_10_Gas,Pickup_10_Gas,SHARED2,-8.097788144637711,Pickup_10_Gas,,-9.0,0out_0in,eatout
156679,3133,othmaint,1,1,4,4,non_mandatory,1,1380.0,1380.0,1195,15.0,19.0,4.0,,,-9.0,585.0,,False,True,10.387130255802646,non_hh_veh,Car_15_Gas,Car_15_Gas,SHARED3,0.03024244755828,Car_15_Gas,,-9.0,2out_0in,othmaint
156685,3133,escort,2,1,1,4,non_mandatory,1,9910.0,1380.0,1195,11.0,13.0,2.0,pure_escort,,1.0,437.0,,False,True,-9.0,Car_15_Gas,SUV_13_Gas,SUV_13_Gas,SHARED3,-0.3069784587015292,SUV_13_Gas,,-9.0,0out_0in,escort
156686,3133,escort,2,2,2,4,non_mandatory,1,9910.0,1380.0,1195,23.0,25.0,2.0,,pure_escort,1.0,827.0,,False,True,-9.0,Car_15_Gas,SUV_13_Gas,SUV_13_Gas,SHARED3,-0.2950025388614893,SUV_13_Gas,,-9.0,0out_0in,escort
156691,3133,shopping,1,1,3,4,non_mandatory,1,3837.0,1380.0,1195,37.0,40.0,3.0,,,-9.0,1101.0,,False,True,5.664577341889395,Car_15_Gas,SUV_13_Gas,SUV_13_Gas,DRIVEALONE,-0.0751804662265124,Car_15_Gas,,-9.0,0out_0in,shopping
156733,3134,school,1,1,1,1,mandatory,1,23114.0,1380.0,1195,12.0,18.0,6.0,,,-9.0,479.0,,,,-9.0,Car_15_Gas,Car_15_Gas,Car_15_Gas,DRIVEALONE,-7.150526162426761,Car_15_Gas,,-9.0,0out_0in,univ
156833,3136,school,1,1,1,1,mandatory,1,9910.0,1380.0,1195,11.0,25.0,14.0,pure_escort,pure_escort,-9.0,449.0,,,,-9.0,SUV_13_Gas,SUV_13_Gas,SUV_13_Gas,SHARED3,1.1057091092923903,SUV_13_Gas,,-9.0,0out_0in,school
156859,3137,escort,3,3,4,5,non_mandatory,1,1380.0,1380.0,1196,15.0,16.0,1.0,,,-9.0,582.0,,False,True,9.813386726056798,Pickup_14_Gas,SUV_10_Gas,SUV_10_Gas,SHARED3,0.1023627124586177,SUV_10_Gas,,-9.0,1out_0in,escort
156869,3137,shopping,1,1,3,5,joint,2,5111.0,1380.0,1196,34.0,37.0,3.0,,,-9.0,1059.0,mixed,False,True,5.497386876822676,Pickup_14_Gas,Pickup_14_Gas,Pickup_14_Gas,SHARED2,-2.6849458590603645,Pickup_14_Gas,,-9.0,0out_0in,shopping
156879,3137,othmaint,1,1,5,5,non_mandatory,1,24333.0,1380.0,1196,7.0,10.0,3.0,,,-9.0,276.0,,True,False,8.19768834007666,SUV_10_Gas,SUV_10_Gas,SUV_10_Gas,DRIVEALONE,-1.552874397978608,SUV_10_Gas,,-9.0,0out_0in,othmaint
156885,3137,escort,3,1,1,5,non_mandatory,1,1380.0,1380.0,1196,10.0,12.0,2.0,pure_escort,,1.0,398.0,,False,True,-9.0,SUV_10_Gas,Pickup_14_Gas,SUV_10_Gas,SHARED3,-0.1088733527433039,SUV_10_Gas,,-9.0,0out_0in,escort
156886,3137,escort,3,2,2,5,non_mandatory,1,1380.0,1380.0,1196,23.0,30.0,7.0,,pure_escort,1.0,832.0,,False,True,-9.0,SUV_10_Gas,SUV_10_Gas,SUV_10_Gas,SHARED2,-0.0951575816291596,SUV_10_Gas,,-9.0,3out_0in,escort
156983,3139,school,2,1,1,2,mandatory,1,1380.0,1380.0,1196,10.0,30.0,20.0,pure_escort,pure_escort,-9.0,416.0,,,,-9.0,Pickup_14_Gas,SUV_10_Gas,SUV_10_Gas,SHARED2,1.9996489490119729,SUV_10_Gas,,-9.0,0out_0in,school
156984,3139,school,2,2,2,2,mandatory,1,1380.0,1380.0,1196,10.0,10.0,0.0,,,-9.0,396.0,,,,-9.0,Pickup_14_Gas,Pickup_14_Gas,Pickup_14_Gas,WALK,1.9984587682136068,,,-9.0,0out_1in,school
157033,3140,school,1,1,1,1,mandatory,1,11867.0,1380.0,1196,8.0,31.0,23.0,,,-9.0,338.0,,,,-9.0,Pickup_14_Gas,SUV_10_Gas,SUV_10_Gas,SHARED3,-8.345953925967033,SUV_10_Gas,,-9.0,1out_0in,school
157054,3141,eat,1,1,1,1,atwork,1,11458.0,6333.0,1197,18.0,20.0,2.0,,,-9.0,682.0,,,,8.245007806682025,,,,WALK,0.9708475912867168,SUV_11_Gas,,157098.0,0out_0in,atwork
157098,3141,work,1,1,1,1,mandatory,1,6333.0,1380.0,1197,2.0,45.0,43.0,,,-9.0,91.0,,,,-9.0,SUV_11_Gas,Pickup_6_Gas,Pickup_6_Gas,DRIVEALONE,-5.330390908645921,SUV_11_Gas,eat,-9.0,0out_2in,work
157135,3142,escort,2,1,1,2,non_mandatory,1,16301.0,1380.0,1197,8.0,9.0,1.0,pure_escort,,1.0,316.0,,False,True,-9.0,Pickup_6_Gas,SUV_11_Gas,Pickup_6_Gas,SHARED3,-3.186997484838164,Pickup_6_Gas,,-9.0,0out_0in,escort
157136,3142,escort,2,2,2,2,non_mandatory,1,16301.0,1380.0,1197,12.0,26.0,14.0,,pure_escort,1.0,487.0,,False,True,-9.0,Pickup_6_Gas,Pickup_6_Gas,Pickup_6_Gas,SHARED3,-3.265304910701606,Pickup_6_Gas,,-9.0,0out_0in,escort
157233,3144,school,1,1,1,1,mandatory,1,16301.0,1380.0,1197,8.0,26.0,18.0,pure_escort,pure_escort,-9.0,333.0,,,,-9.0,SUV_11_Gas,Pickup_6_Gas,Pickup_6_Gas,SHARED3,-3.6056505312261145,Pickup_6_Gas,,-9.0,0out_0in,school
157298,3145,work,1,1,1,1,mandatory,1,12787.0,1380.0,1198,2.0,36.0,34.0,,,-9.0,82.0,,,,-9.0,SUV_6_Gas,SUV_11_Gas,SUV_11_Gas,DRIVEALONE,-8.994224937407347,SUV_6_Gas,no_subtours,-9.0,0out_2in,work
157335,3146,escort,3,1,1,3,non_mandatory,1,17156.0,1380.0,1198,10.0,11.0,1.0,pure_escort,,2.0,397.0,,False,True,-9.0,SUV_11_Gas,SUV_11_Gas,SUV_6_Gas,SHARED3,-5.121074847087101,SUV_6_Gas,,-9.0,1out_0in,escort
157336,3146,escort,3,2,2,3,non_mandatory,1,1380.0,1380.0,1198,22.0,23.0,1.0,,pure_escort,1.0,799.0,,False,True,-9.0,SUV_6_Gas,SUV_11_Gas,SUV_11_Gas,SHARED3,0.0922952171591688,SUV_11_Gas,,-9.0,0out_0in,escort
157337,3146,escort,3,3,3,3,non_mandatory,1,17156.0,1380.0,1198,32.0,33.0,1.0,,pure_escort,1.0,1024.0,,False,True,-9.0,SUV_6_Gas,SUV_6_Gas,SUV_6_Gas,SHARED2,-4.6699026912529575,SUV_6_Gas,,-9.0,0out_0in,escort
157383,3147,school,1,1,1,1,mandatory,1,1380.0,1380.0,1198,10.0,23.0,13.0,pure_escort,pure_escort,-9.0,409.0,,,,-9.0,SUV_11_Gas,SUV_11_Gas,SUV_6_Gas,SHARED3,1.939611849466169,SUV_6_Gas,,-9.0,0out_0in,school
157433,3148,school,1,1,1,1,mandatory,1,17156.0,1380.0,1198,10.0,33.0,23.0,pure_escort,pure_escort,-9.0,419.0,,,,-9.0,SUV_11_Gas,SUV_11_Gas,SUV_6_Gas,SHARED2,-4.942116023657947,SUV_11_Gas,,-9.0,1out_0in,school
157498,3149,work,1,1,1,1,mandatory,1,24214.0,1380.0,1199,7.0,31.0,24.0,,,-9.0,297.0,,,,-9.0,SUV_11_Gas,SUV_11_Gas,Car_20_Gas,DRIVEALONE,-4.573942478546712,SUV_11_Gas,no_subtours,-9.0,1out_0in,work
157533,3150,school,1,1,1,1,mandatory,1,23114.0,1380.0,1199,9.0,37.0,28.0,,,-9.0,384.0,,,,-9.0,Car_20_Gas,SUV_11_Gas,SUV_11_Gas,DRIVEALONE,-2.110492760575821,Car_20_Gas,,-9.0,0out_0in,univ
157583,3151,school,1,1,1,1,mandatory,1,5878.0,1380.0,1199,9.0,24.0,15.0,,,-9.0,371.0,,,,-9.0,SUV_11_Gas,SUV_11_Gas,SUV_11_Gas,SHARED3,-2.038631549895333,SUV_11_Gas,,-9.0,1out_0in,school
157633,3152,school,1,1,1,1,mandatory,1,20071.0,1380.0,1199,9.0,25.0,16.0,,,-9.0,372.0,,,,-9.0,Car_20_Gas,Car_20_Gas,SUV_11_Gas,SHARED3,-6.946448260893421,SUV_11_Gas,,-9.0,1out_2in,school
157654,3153,eat,1,1,1,1,atwork,1,822.0,7211.0,1200,20.0,20.0,0.0,,,-9.0,741.0,,,,3.934850254125976,,,,SHARED2,-1.2649950621699175,Van_15_Gas,,157698.0,0out_0in,atwork
157698,3153,work,1,1,1,1,mandatory,1,7211.0,1380.0,1200,4.0,31.0,27.0,,,-9.0,168.0,,,,-9.0,Van_15_Gas,Van_15_Gas,Van_15_Gas,SHARED3,-6.475476695712484,Van_15_Gas,eat,-9.0,0out_1in,work
157729,3154,othmaint,1,1,4,4,non_mandatory,1,8926.0,1380.0,1200,17.0,24.0,7.0,,,-9.0,655.0,,False,True,9.77674181695586,Car_4_Diesel,Car_4_Diesel,Car_4_Diesel,SHARED3,-0.5024002428580203,Car_4_Diesel,,-9.0,1out_2in,othmaint
157735,3154,escort,3,1,1,4,non_mandatory,1,5878.0,1380.0,1200,8.0,9.0,1.0,pure_escort,,2.0,316.0,,False,True,-9.0,Car_4_Diesel,Car_4_Diesel,Van_15_Gas,SHARED3,-1.205462639772774,Van_15_Gas,,-9.0,1out_0in,escort
157736,3154,escort,3,2,2,4,non_mandatory,1,1380.0,1380.0,1200,24.0,25.0,1.0,,pure_escort,1.0,852.0,,False,True,-9.0,Van_15_Gas,Car_4_Diesel,Car_4_Diesel,SHARED3,0.2555680824913882,Car_4_Diesel,,-9.0,0out_0in,escort
157737,3154,escort,3,3,3,4,non_mandatory,1,5878.0,1380.0,1200,25.0,33.0,8.0,,pure_escort,1.0,884.0,,False,True,-9.0,Car_4_Diesel,Car_4_Diesel,Van_15_Gas,SHARED3,-0.8258855380879204,Van_15_Gas,,-9.0,0out_0in,escort
157783,3155,school,2,1,1,2,mandatory,1,1380.0,1380.0,1200,8.0,25.0,17.0,pure_escort,pure_escort,-9.0,332.0,,,,-9.0,Car_4_Diesel,Car_4_Diesel,Van_15_Gas,SHARED3,2.023271944584838,Van_15_Gas,,-9.0,0out_0in,school
157784,3155,school,2,2,2,2,mandatory,1,1380.0,1380.0,1200,25.0,25.0,0.0,,,-9.0,876.0,,,,-9.0,Van_15_Gas,Car_4_Diesel,Van_15_Gas,WALK,2.02342351430676,,,-9.0,0out_1in,school
157833,3156,school,1,1,1,1,mandatory,1,5878.0,1380.0,1200,8.0,33.0,25.0,pure_escort,pure_escort,-9.0,340.0,,,,-9.0,Car_4_Diesel,Van_15_Gas,Car_4_Diesel,SHARED3,-2.81438306589855,Car_4_Diesel,,-9.0,1out_0in,school
157863,3157,eatout,1,1,1,1,joint,3,11387.0,1380.0,1201,19.0,36.0,17.0,,,-9.0,728.0,mixed,False,True,9.960526887932987,SUV_6_Gas,SUV_6_Gas,Car_15_Gas,SHARED3,-8.876794096341671,Car_15_Gas,,-9.0,0out_0in,eatout
157909,3158,escort,1,1,1,3,non_mandatory,1,5878.0,1380.0,1201,30.0,31.0,1.0,,,-9.0,987.0,,False,True,9.49179584408582,SUV_8_Gas,Car_15_Gas,SUV_6_Gas,SHARED3,-0.0706780851463214,SUV_6_Gas,,-9.0,0out_0in,escort
157929,3158,othmaint,1,1,2,3,non_mandatory,1,13596.0,1380.0,1201,35.0,37.0,2.0,,,-9.0,1073.0,,False,True,10.248570996650528,SUV_8_Gas,Car_15_Gas,SUV_6_Gas,SHARED2,-0.0234784327562563,Car_15_Gas,,-9.0,0out_0in,othmaint
157945,3158,social,1,1,3,3,non_mandatory,1,20730.0,1380.0,1201,9.0,19.0,10.0,,,-9.0,366.0,,False,True,13.202290150702712,SUV_6_Gas,SUV_6_Gas,SUV_8_Gas,DRIVEALONE,-1.6327622580348928,SUV_6_Gas,,-9.0,0out_0in,social
158071,3161,social,1,1,2,4,joint,3,9910.0,1380.0,1202,33.0,37.0,4.0,,,-9.0,1044.0,mixed,False,True,10.350536535631884,SUV_10_Gas,Pickup_1_Gas,Pickup_1_Gas,SHARED3,-1.965866152557292,Pickup_1_Gas,,-9.0,0out_0in,social
158075,3161,othdiscr,1,1,4,4,non_mandatory,1,15833.0,1380.0,1202,27.0,30.0,3.0,,,-9.0,926.0,,False,True,9.115972887982736,SUV_10_Gas,Pickup_1_Gas,SUV_10_Gas,SHARED2,-4.882042600231882,Pickup_1_Gas,,-9.0,0out_2in,othdiscr
158079,3161,othmaint,1,1,3,4,non_mandatory,1,1380.0,1380.0,1202,15.0,19.0,4.0,,,-9.0,585.0,,False,True,9.61481803512097,Pickup_1_Gas,SUV_10_Gas,SUV_10_Gas,DRIVEALONE,0.0860072675101609,Pickup_1_Gas,,-9.0,1out_1in,othmaint
158085,3161,escort,1,1,1,4,non_mandatory,1,1380.0,1380.0,1202,11.0,12.0,1.0,pure_escort,,1.0,436.0,,False,True,-9.0,SUV_10_Gas,SUV_10_Gas,SUV_10_Gas,SHARED3,-0.2198980109326004,SUV_10_Gas,,-9.0,0out_0in,escort
158183,3163,school,1,1,1,1,mandatory,1,1380.0,1380.0,1202,11.0,28.0,17.0,pure_escort,,-9.0,452.0,,,,-9.0,Pickup_1_Gas,Pickup_1_Gas,Pickup_1_Gas,SHARED3,0.3576949676557391,Pickup_1_Gas,,-9.0,0out_1in,school
158256,3165,eatout,1,1,4,4,non_mandatory,1,24333.0,1380.0,1203,38.0,40.0,2.0,,,-9.0,1112.0,,True,False,6.483186685344421,Car_9_Gas,Car_9_Gas,Car_9_Gas,SHARED2,-1.5813831484087617,Car_9_Gas,,-9.0,0out_0in,eatout
158279,3165,othmaint,1,1,3,4,non_mandatory,1,15934.0,1380.0,1203,12.0,37.0,25.0,,,-9.0,498.0,,False,True,10.414595027617516,Car_15_Gas,Car_15_Gas,Car_9_Gas,DRIVEALONE,-5.225857275479804,Car_15_Gas,,-9.0,0out_0in,othmaint
158285,3165,escort,2,1,1,4,non_mandatory,1,1380.0,1380.0,1203,9.0,10.0,1.0,pure_escort,,1.0,357.0,,False,True,-9.0,Car_9_Gas,Car_9_Gas,Car_9_Gas,SHARED3,-0.1845511671297799,Car_9_Gas,,-9.0,0out_1in,escort
158286,3165,escort,2,2,2,4,non_mandatory,1,16673.0,1380.0,1203,10.0,11.0,1.0,pure_escort,,1.0,397.0,,False,True,-9.0,Car_9_Gas,Car_15_Gas,Pickup_17_Gas,SHARED3,-2.92961410950347,Pickup_17_Gas,,-9.0,0out_0in,escort
158335,3166,escort,2,1,1,2,non_mandatory,1,1380.0,1380.0,1203,21.0,26.0,5.0,,pure_escort,1.0,775.0,,False,True,-9.0,Pickup_17_Gas,Car_15_Gas,Car_9_Gas,SHARED3,0.1412722397959093,Car_9_Gas,,-9.0,0out_0in,escort
158336,3166,escort,2,2,2,2,non_mandatory,1,16673.0,1380.0,1203,26.0,27.0,1.0,,pure_escort,1.0,901.0,,False,True,-9.0,Car_15_Gas,Car_9_Gas,Pickup_17_Gas,SHARED3,-2.6424902504740237,Pickup_17_Gas,,-9.0,0out_0in,escort
158383,3167,school,1,1,1,1,mandatory,1,1380.0,1380.0,1203,9.0,26.0,17.0,pure_escort,pure_escort,-9.0,373.0,,,,-9.0,Car_15_Gas,Car_9_Gas,Car_15_Gas,SHARED3,2.230236348495573,Car_15_Gas,,-9.0,0out_0in,school
158433,3168,school,1,1,1,1,mandatory,1,16673.0,1380.0,1203,10.0,27.0,17.0,pure_escort,pure_escort,-9.0,413.0,,,,-9.0,Car_15_Gas,Pickup_17_Gas,Car_9_Gas,SHARED3,-4.410105438152669,Car_9_Gas,,-9.0,0out_0in,school
158456,3169,eatout,1,1,6,7,non_mandatory,1,6275.0,1380.0,1204,28.0,36.0,8.0,,,-9.0,953.0,,False,True,11.3548815564325,Car_9_Gas,Car_13_Gas,SUV_11_Gas,SHARED3,-6.106048113987046,SUV_11_Gas,,-9.0,0out_0in,eatout
158475,3169,othdiscr,1,1,7,7,non_mandatory,1,8245.0,1380.0,1204,38.0,46.0,8.0,,,-9.0,1118.0,,False,True,10.32329313991194,Car_13_Gas,SUV_11_Gas,Car_9_Gas,SHARED3,-8.671457996338951,Car_9_Gas,,-9.0,0out_1in,othdiscr
158479,3169,othmaint,4,1,2,7,non_mandatory,1,1380.0,1380.0,1204,12.0,16.0,4.0,,,-9.0,477.0,,False,True,10.38855360961956,SUV_11_Gas,Car_9_Gas,SUV_11_Gas,DRIVEALONE,0.0957758022507768,SUV_11_Gas,,-9.0,0out_0in,othmaint
158480,3169,othmaint,4,2,3,7,non_mandatory,1,7153.0,1380.0,1204,19.0,24.0,5.0,,,-9.0,716.0,,False,True,10.129068035294608,Car_9_Gas,Car_13_Gas,Car_13_Gas,DRIVEALONE,-7.198799266181093,Car_9_Gas,,-9.0,2out_0in,othmaint
158481,3169,othmaint,4,3,4,7,non_mandatory,1,16236.0,1380.0,1204,17.0,19.0,2.0,,,-9.0,650.0,,False,True,9.67029220114959,Car_9_Gas,Car_13_Gas,SUV_11_Gas,SHARED3,-2.511681518830587,SUV_11_Gas,,-9.0,0out_1in,othmaint
158482,3169,othmaint,4,4,5,7,non_mandatory,1,11440.0,1380.0,1204,26.0,28.0,2.0,,,-9.0,902.0,,False,True,10.095661293609767,SUV_11_Gas,SUV_11_Gas,Car_9_Gas,SHARED3,-8.441233443613715,Car_9_Gas,,-9.0,1out_0in,othmaint
158485,3169,escort,1,1,1,7,non_mandatory,1,1380.0,1380.0,1204,25.0,26.0,1.0,,pure_escort,2.0,877.0,,False,True,-9.0,Car_13_Gas,Car_13_Gas,Car_13_Gas,SHARED3,-0.3017077294266209,Car_13_Gas,,-9.0,0out_1in,escort
158509,3170,escort,2,2,2,2,non_mandatory,1,1380.0,1380.0,1204,25.0,27.0,2.0,,,-9.0,878.0,,False,True,9.695202472177048,Car_13_Gas,Car_9_Gas,SUV_11_Gas,SHARED3,0.0562019545870192,SUV_11_Gas,,-9.0,0out_0in,escort
158535,3170,escort,2,1,1,2,non_mandatory,1,5878.0,1380.0,1204,11.0,12.0,1.0,pure_escort,,2.0,436.0,,False,True,-9.0,SUV_11_Gas,Car_9_Gas,Car_13_Gas,SHARED3,-2.145128916995974,Car_13_Gas,,-9.0,1out_1in,escort
158583,3171,school,1,1,1,1,mandatory,1,1380.0,1380.0,1204,11.0,26.0,15.0,pure_escort,pure_escort,-9.0,450.0,,,,-9.0,SUV_11_Gas,Car_13_Gas,Car_13_Gas,SHARED3,0.948398883175452,Car_13_Gas,,-9.0,0out_0in,school
158633,3172,school,1,1,1,1,mandatory,1,5878.0,1380.0,1204,11.0,26.0,16.0,pure_escort,pure_escort,-9.0,450.0,,,,-9.0,SUV_11_Gas,Car_13_Gas,SUV_11_Gas,SHARED3,-3.94089419777382,SUV_11_Gas,,-9.0,1out_1in,school
158685,3173,escort,2,1,1,3,non_mandatory,1,1380.0,1380.0,1205,17.0,18.0,1.0,pure_escort,,1.0,649.0,,False,True,-9.0,Car_14_Gas,Car_14_Gas,Van_18_Gas,SHARED3,-0.2431693154527305,Van_18_Gas,,-9.0,0out_0in,escort
158686,3173,escort,2,2,2,3,non_mandatory,1,1380.0,1380.0,1205,19.0,21.0,2.0,,pure_escort,1.0,713.0,,False,True,-9.0,Car_14_Gas,Car_14_Gas,Car_14_Gas,SHARED3,-0.2018000772662722,Car_14_Gas,,-9.0,0out_0in,escort
158691,3173,shopping,1,1,3,3,non_mandatory,1,20454.0,1380.0,1205,23.0,29.0,6.0,,,-9.0,831.0,,False,True,6.207303397204842,Van_18_Gas,Car_14_Gas,Van_18_Gas,DRIVEALONE,-5.643088843684128,Van_18_Gas,,-9.0,1out_0in,shopping
158735,3174,escort,2,1,1,2,non_mandatory,1,18496.0,1380.0,1205,10.0,11.0,1.0,pure_escort,,1.0,397.0,,False,True,-9.0,Car_14_Gas,Van_18_Gas,Van_18_Gas,SHARED3,-2.326857686712408,Van_18_Gas,,-9.0,0out_0in,escort
158736,3174,escort,2,2,2,2,non_mandatory,1,18496.0,1380.0,1205,17.0,24.0,7.0,,pure_escort,1.0,655.0,,False,True,-9.0,Car_14_Gas,Car_14_Gas,Van_18_Gas,SHARED2,-2.0270333087275034,Car_14_Gas,,-9.0,0out_0in,escort
158783,3175,school,1,1,1,1,mandatory,1,1380.0,1380.0,1205,17.0,21.0,4.0,pure_escort,pure_escort,-9.0,652.0,,,,-9.0,Car_20_Hybrid,Car_14_Gas,Van_18_Gas,SHARED3,2.4432157850379324,Van_18_Gas,,-9.0,0out_0in,school
158833,3176,school,1,1,1,1,mandatory,1,18496.0,1380.0,1205,10.0,24.0,14.0,pure_escort,pure_escort,-9.0,410.0,,,,-9.0,Van_18_Gas,Van_18_Gas,Car_14_Gas,SHARED2,-4.832733313030266,Van_18_Gas,,-9.0,0out_0in,school
158891,3177,shopping,1,1,1,1,non_mandatory,1,18627.0,1380.0,1206,15.0,28.0,13.0,,,-9.0,594.0,,False,True,6.847890817027275,SUV_2_Gas,SUV_2_Gas,SUV_15_Gas,DRIVEALONE,-4.32067652288618,SUV_2_Gas,,-9.0,0out_1in,shopping
158925,3178,othdiscr,1,1,2,2,non_mandatory,1,7843.0,1380.0,1206,34.0,41.0,7.0,,,-9.0,1063.0,,False,True,10.89051907102677,SUV_2_Gas,SUV_2_Gas,SUV_2_Gas,SHARED3,-7.261442505131243,SUV_2_Gas,,-9.0,0out_1in,othdiscr
158929,3178,othmaint,1,1,1,2,non_mandatory,1,1380.0,1380.0,1206,18.0,24.0,6.0,,,-9.0,686.0,,False,True,10.113331432332672,SUV_15_Gas,SUV_15_Gas,SUV_2_Gas,SHARED3,0.2277353967579098,SUV_2_Gas,,-9.0,2out_0in,othmaint
159098,3181,work,1,1,1,1,mandatory,1,16313.0,1380.0,1207,6.0,26.0,20.0,,,-9.0,250.0,,,,-9.0,Pickup_3_Gas,Pickup_3_Gas,Car_1_Gas,DRIVEALONE,-3.614150118663719,Pickup_3_Gas,no_subtours,-9.0,0out_1in,work
159135,3182,escort,3,1,1,3,non_mandatory,1,9910.0,1380.0,1207,8.0,9.0,1.0,pure_escort,,2.0,316.0,,False,True,-9.0,Pickup_3_Gas,Car_1_Gas,Car_1_Gas,SHARED3,0.0344762770844029,Car_1_Gas,,-9.0,1out_0in,escort
159136,3182,escort,3,2,2,3,non_mandatory,1,9910.0,1380.0,1207,23.0,24.0,1.0,,pure_escort,1.0,826.0,,False,True,-9.0,Pickup_3_Gas,Car_1_Gas,Pickup_3_Gas,SHARED3,0.1269261639344219,Pickup_3_Gas,,-9.0,0out_0in,escort
159137,3182,escort,3,3,3,3,non_mandatory,1,1380.0,1380.0,1207,25.0,29.0,4.0,,pure_escort,1.0,880.0,,False,True,-9.0,Pickup_3_Gas,Pickup_3_Gas,Car_1_Gas,SHARED3,0.1698589431228455,Car_1_Gas,,-9.0,0out_0in,escort
159183,3183,school,1,1,1,1,mandatory,1,1380.0,1380.0,1207,8.0,29.0,21.0,pure_escort,pure_escort,-9.0,336.0,,,,-9.0,Car_1_Gas,Car_1_Gas,Pickup_3_Gas,SHARED3,-1.0859185547910843,Pickup_3_Gas,,-9.0,0out_0in,school
159233,3184,school,1,1,1,1,mandatory,1,9910.0,1380.0,1207,8.0,24.0,16.0,pure_escort,pure_escort,-9.0,331.0,,,,-9.0,Pickup_3_Gas,Car_1_Gas,Car_1_Gas,SHARED3,0.721850925586918,Car_1_Gas,,-9.0,1out_0in,school
159275,3185,othdiscr,1,1,2,2,non_mandatory,1,2800.0,1380.0,1208,31.0,36.0,5.0,,,-9.0,1010.0,,False,True,11.42094851011288,Van_18_Gas,Van_18_Gas,Pickup_10_Gas,SHARED3,-6.801271242721119,Pickup_10_Gas,,-9.0,0out_2in,othdiscr
159298,3185,work,1,1,1,2,mandatory,1,16364.0,1380.0,1208,10.0,29.0,19.0,,,-9.0,415.0,,,,-9.0,Van_18_Gas,Pickup_10_Gas,Van_18_Gas,SHARED3,-2.867284641648976,Van_18_Gas,no_subtours,-9.0,0out_2in,work
159359,3187,escort,1,1,1,1,non_mandatory,1,1380.0,1380.0,1208,25.0,27.0,2.0,,,-9.0,878.0,,False,True,9.855157926730124,Van_18_Gas,Van_18_Gas,Van_18_Gas,SHARED3,0.0392050072128523,Van_18_Gas,,-9.0,0out_0in,escort
159433,3188,school,1,1,1,1,mandatory,1,9910.0,1380.0,1208,11.0,27.0,16.0,,,-9.0,451.0,,,,-9.0,Van_18_Gas,Van_18_Gas,Pickup_10_Gas,WALK,1.6586297726400838,,,-9.0,1out_0in,school
159454,3189,eat,1,1,1,1,atwork,1,18207.0,17935.0,1209,22.0,23.0,1.0,,,-9.0,799.0,,,,4.300005043857373,,,,SHARED3,-0.1247227591105919,Van_12_Gas,,159498.0,0out_1in,atwork
159498,3189,work,1,1,1,1,mandatory,1,17935.0,1380.0,1209,9.0,32.0,23.0,,,-9.0,379.0,,,,-9.0,Van_12_Gas,Van_12_Gas,Van_12_Gas,SHARED3,-5.236713207949875,Van_12_Gas,eat,-9.0,0out_0in,work
159525,3190,othdiscr,1,1,3,3,non_mandatory,1,10355.0,1380.0,1209,15.0,23.0,8.0,,,-9.0,589.0,,False,True,9.496859006637408,Car_20_Gas,Van_12_Gas,Van_12_Gas,DRIVEALONE,-10.528731240793764,Car_20_Gas,,-9.0,0out_1in,othdiscr
159535,3190,escort,1,1,1,3,non_mandatory,1,1380.0,1380.0,1209,24.0,26.0,2.0,,pure_escort,1.0,853.0,,False,True,-9.0,Van_12_Gas,Car_20_Gas,Van_12_Gas,SHARED2,0.241412818006877,Car_20_Gas,,-9.0,0out_0in,escort
159541,3190,shopping,1,1,2,3,non_mandatory,1,24333.0,1380.0,1209,31.0,42.0,11.0,,,-9.0,1016.0,,True,False,3.581762708230344,Van_12_Gas,Van_12_Gas,Van_12_Gas,SHARED2,-3.1600524919219377,Van_12_Gas,,-9.0,1out_2in,shopping
159559,3191,escort,1,1,2,2,non_mandatory,1,1380.0,1380.0,1209,7.0,9.0,2.0,,,-9.0,275.0,,False,True,9.259000868966098,Car_20_Gas,Car_20_Gas,Car_20_Gas,WALK,0.263166297485366,,,-9.0,0out_3in,escort
159583,3191,school,1,1,1,2,mandatory,1,1380.0,1380.0,1209,15.0,26.0,11.0,pure_escort,pure_escort,-9.0,592.0,,,,-9.0,Car_20_Gas,Car_20_Gas,Van_12_Gas,SHARED2,1.342237748863408,Car_20_Gas,,-9.0,0out_0in,school
159635,3192,escort,1,1,1,1,non_mandatory,1,1380.0,1380.0,1209,15.0,18.0,3.0,pure_escort,,1.0,584.0,,False,True,-9.0,Car_20_Gas,Car_20_Gas,Van_12_Gas,SHARED3,0.0952918986758037,Van_12_Gas,,-9.0,0out_0in,escort
159679,3193,othmaint,1,1,3,3,non_mandatory,1,16561.0,1380.0,1210,30.0,33.0,3.0,,,-9.0,989.0,,False,True,9.39676932148131,Van_11_Gas,Van_11_Gas,Van_11_Gas,DRIVEALONE,-7.576502933477084,Van_11_Gas,,-9.0,0out_3in,othmaint
159685,3193,escort,2,1,1,3,non_mandatory,1,5702.0,1380.0,1210,11.0,12.0,1.0,pure_escort,,1.0,436.0,,False,True,-9.0,Van_11_Gas,Van_11_Gas,Van_11_Gas,SHARED2,-5.882542310221756,Van_11_Gas,,-9.0,0out_0in,escort
159686,3193,escort,2,2,2,3,non_mandatory,1,5702.0,1380.0,1210,12.0,27.0,15.0,,pure_escort,1.0,488.0,,False,True,-9.0,Van_11_Gas,Van_11_Gas,Van_11_Gas,SHARED2,-5.879480189014437,Van_11_Gas,,-9.0,0out_0in,escort
159733,3194,school,1,1,1,1,mandatory,1,5702.0,1380.0,1210,11.0,27.0,16.0,pure_escort,pure_escort,-9.0,451.0,,,,-9.0,Van_11_Gas,Van_11_Gas,Van_11_Gas,SHARED2,-6.095686708426431,Van_11_Gas,,-9.0,0out_0in,school
159798,3195,work,1,1,1,1,mandatory,1,1380.0,1380.0,1211,9.0,29.0,20.0,,,-9.0,376.0,,,,-9.0,SUV_15_Gas,SUV_15_Gas,SUV_15_Gas,DRIVEALONE,0.6908275873827775,SUV_15_Gas,no_subtours,-9.0,0out_0in,work
159806,3196,eatout,1,1,1,1,non_mandatory,1,5934.0,1380.0,1211,7.0,11.0,4.0,,,-9.0,277.0,,False,True,10.900598074284831,SUV_15_Gas,SUV_15_Gas,SUV_15_Gas,SHARED2,-0.507108886331411,SUV_15_Gas,,-9.0,0out_0in,eatout
159904,3198,eat,1,1,1,1,atwork,1,23050.0,1380.0,1212,20.0,22.0,2.0,,,-9.0,743.0,,,,-0.4494667400341222,,,,DRIVEALONE,-8.812868691617439,SUV_1_Gas,,159948.0,0out_1in,atwork
159948,3198,work,1,1,1,1,mandatory,1,1380.0,1380.0,1212,9.0,26.0,17.0,,,-9.0,373.0,,,,-9.0,SUV_1_Gas,Car_13_Gas,SUV_1_Gas,DRIVEALONE,-0.5040892953029279,SUV_1_Gas,eat,-9.0,1out_0in,work
159975,3199,othdiscr,2,1,1,2,non_mandatory,1,23686.0,1380.0,1212,16.0,38.0,22.0,,,-9.0,637.0,,False,True,8.353534987426203,Car_13_Gas,SUV_1_Gas,SUV_1_Gas,DRIVEALONE,-6.767186904130874,Car_13_Gas,,-9.0,0out_1in,othdiscr
159976,3199,othdiscr,2,2,2,2,non_mandatory,1,16016.0,1380.0,1212,9.0,16.0,7.0,,,-9.0,363.0,,False,True,8.702484281853964,SUV_1_Gas,SUV_1_Gas,SUV_1_Gas,DRIVEALONE,-5.656510517431232,SUV_1_Gas,,-9.0,0out_1in,othdiscr
160065,3201,othdiscr,1,1,1,1,joint,2,86.0,1380.0,1213,15.0,36.0,21.0,,,-9.0,602.0,adults,False,True,9.691022479969376,Pickup_17_Gas,Pickup_17_Gas,Car_16_Gas,SHARED2,-10.625642075644384,Pickup_17_Gas,,-9.0,0out_0in,othdiscr
160204,3204,eat,1,1,1,1,atwork,1,7616.0,5878.0,1214,27.0,28.0,1.0,,,-9.0,924.0,,,,1.3714418077033592,,,,DRIVEALONE,-5.683524212036086,SUV_2_Gas,,160248.0,0out_0in,atwork
160219,3205,shopping,1,1,1,1,joint,2,5766.0,1380.0,1214,16.0,38.0,22.0,,,-9.0,637.0,mixed,False,True,4.214143288174514,SUV_2_Gas,Car_14_Gas,SUV_2_Gas,SHARED2,-5.106903295423784,Car_14_Gas,,-9.0,0out_1in,shopping
160248,3204,work,2,1,1,2,mandatory,1,5878.0,1380.0,1214,18.0,43.0,25.0,,,-9.0,705.0,,,,-9.0,SUV_2_Gas,SUV_2_Gas,SUV_2_Gas,DRIVEALONE,-2.000088544378487,SUV_2_Gas,eat,-9.0,0out_1in,work
160249,3204,work,2,2,2,2,mandatory,1,5878.0,1380.0,1214,8.0,13.0,5.0,,,-9.0,320.0,,,,-9.0,Car_14_Gas,Car_14_Gas,SUV_2_Gas,DRIVEALONE,-2.14851659723152,Car_14_Gas,no_subtours,-9.0,0out_0in,work
160398,3207,work,1,1,1,1,mandatory,1,1380.0,1380.0,1215,10.0,28.0,18.0,,,-9.0,414.0,,,,-9.0,Van_4_Gas,Pickup_18_Gas,Van_4_Gas,DRIVEALONE,-1.557626469910838,Van_4_Gas,no_subtours,-9.0,1out_0in,work
160425,3208,othdiscr,1,1,2,2,non_mandatory,1,14534.0,1380.0,1215,31.0,35.0,4.0,,,-9.0,1009.0,,False,True,10.91578002061954,Van_4_Gas,Van_4_Gas,Van_4_Gas,DRIVEALONE,-12.00848954413274,Van_4_Gas,,-9.0,0out_3in,othdiscr
160445,3208,social,1,1,1,2,non_mandatory,1,16307.0,1380.0,1215,14.0,22.0,8.0,,,-9.0,554.0,,False,True,14.2825213035108,Pickup_18_Gas,Van_4_Gas,Van_4_Gas,DRIVEALONE,-4.375366028677865,Pickup_18_Gas,,-9.0,0out_0in,social
160529,3210,othmaint,1,1,2,2,non_mandatory,1,1380.0,1380.0,1216,13.0,16.0,3.0,,,-9.0,513.0,,False,True,5.749510652835594,Car_15_Gas,Car_15_Gas,Car_15_Gas,DRIVEALONE,0.17098844763554,Car_15_Gas,,-9.0,0out_0in,othmaint
160541,3210,shopping,1,1,1,2,non_mandatory,1,23753.0,1380.0,1216,19.0,26.0,7.0,,,-9.0,718.0,,False,True,4.558566009954848,Pickup_20_Gas,Pickup_20_Gas,Pickup_20_Gas,SHARED2,-0.6150697212102874,Pickup_20_Gas,,-9.0,0out_2in,shopping
160559,3211,escort,2,1,1,5,non_mandatory,1,1380.0,1380.0,1216,20.0,21.0,1.0,,,-9.0,742.0,,False,True,9.74950256501726,Pickup_20_Gas,Car_15_Gas,Car_15_Gas,SHARED2,0.0764546839405087,Car_15_Gas,,-9.0,0out_0in,escort
160560,3211,escort,2,2,2,5,non_mandatory,1,1380.0,1380.0,1216,23.0,26.0,3.0,,,-9.0,828.0,,False,True,9.657614249415497,Pickup_20_Gas,Car_15_Gas,Pickup_20_Gas,WALK,0.0723247878852233,,,-9.0,0out_0in,escort
160575,3211,othdiscr,2,1,4,5,non_mandatory,1,8265.0,1380.0,1216,26.0,35.0,9.0,,,-9.0,909.0,,False,True,10.11860003277282,Pickup_20_Gas,Car_15_Gas,Car_15_Gas,SHARED2,-6.092246581098239,Car_15_Gas,,-9.0,1out_0in,othdiscr
160576,3211,othdiscr,2,2,5,5,non_mandatory,1,5878.0,1380.0,1216,35.0,39.0,4.0,,,-9.0,1075.0,,False,True,10.234096703038263,Car_15_Gas,Car_15_Gas,Car_15_Gas,DRIVEALONE,-1.0827020443391118,Car_15_Gas,,-9.0,0out_1in,othdiscr
160579,3211,othmaint,1,1,3,5,non_mandatory,1,24333.0,1380.0,1216,9.0,13.0,4.0,,,-9.0,360.0,,True,False,8.281869444867532,Car_15_Gas,Car_15_Gas,Car_15_Gas,SHARED2,-1.5079698881504673,Car_15_Gas,,-9.0,0out_3in,othmaint
160663,3213,eatout,1,1,1,1,joint,2,23253.0,1380.0,1217,30.0,39.0,9.0,,,-9.0,995.0,adults,False,True,9.404381720784356,Car_8_Gas,Car_8_Gas,Car_8_Gas,SHARED2,-6.223228417515031,Car_8_Gas,,-9.0,1out_0in,eatout
160848,3216,work,1,1,1,1,mandatory,1,1380.0,1380.0,1218,8.0,29.0,21.0,,,-9.0,336.0,,,,-9.0,Car_20_Gas,Car_10_Gas,Car_20_Gas,DRIVEALONE,-0.4909743852786774,Car_20_Gas,no_subtours,-9.0,0out_1in,work
160909,3218,escort,1,1,1,1,non_mandatory,1,1380.0,1380.0,1218,11.0,20.0,9.0,,,-9.0,444.0,,False,True,10.175172891096642,Car_20_Gas,Car_20_Gas,Car_10_Gas,SHARED2,-1.034577991594925,Car_20_Gas,,-9.0,0out_0in,escort
160973,3219,maint,1,1,1,1,atwork,1,23753.0,1380.0,1219,17.0,18.0,1.0,,,-9.0,649.0,,,,-0.1097143531851925,,,,SHARED3,-0.769966460090466,,,160998.0,0out_1in,atwork
160998,3219,work,1,1,1,1,mandatory,1,1380.0,1380.0,1219,6.0,26.0,20.0,,ride_share,1.0,250.0,,,,-9.0,Pickup_18_Gas,Pickup_18_Gas,Pickup_18_Gas,WALK,-0.3619381297579986,,maint,-9.0,0out_1in,work
161009,3220,escort,2,2,2,2,non_mandatory,1,1380.0,1380.0,1219,34.0,36.0,2.0,,,-9.0,1058.0,,False,True,10.083183292887234,Pickup_18_Gas,Pickup_18_Gas,Pickup_18_Gas,SHARED2,0.0370768074302643,Pickup_18_Gas,,-9.0,0out_2in,escort
161035,3220,escort,2,1,1,2,non_mandatory,1,1380.0,1380.0,1219,9.0,12.0,3.0,pure_escort,,1.0,359.0,,False,True,-9.0,Pickup_18_Gas,Pickup_18_Gas,Pickup_18_Gas,WALK,-0.1165381146350811,,,-9.0,0out_0in,escort
161083,3221,school,1,1,1,1,mandatory,1,1380.0,1380.0,1219,9.0,26.0,17.0,pure_escort,ride_share,-9.0,373.0,,,,-9.0,Pickup_18_Gas,Pickup_18_Gas,Pickup_18_Gas,WALK,1.250395661294636,,,-9.0,0out_0in,school
161125,3222,othdiscr,2,1,3,4,non_mandatory,1,16490.0,1380.0,1220,16.0,19.0,3.0,,,-9.0,618.0,,False,True,9.52147326913436,Car_20_Gas,Car_9_Gas,Car_9_Gas,DRIVEALONE,-4.027365729403142,Car_20_Gas,,-9.0,0out_1in,othdiscr
161126,3222,othdiscr,2,2,4,4,non_mandatory,1,5878.0,1380.0,1220,30.0,32.0,2.0,,,-9.0,988.0,,False,True,9.748311730783044,Car_20_Gas,Car_9_Gas,Car_9_Gas,DRIVEALONE,-2.090048718070558,Car_20_Gas,,-9.0,1out_0in,othdiscr
161135,3222,escort,2,1,1,4,non_mandatory,1,9910.0,1380.0,1220,9.0,11.0,2.0,pure_escort,,1.0,358.0,,False,True,-9.0,Car_20_Gas,Car_9_Gas,Car_9_Gas,SHARED2,-0.8353560351543503,Car_9_Gas,,-9.0,0out_0in,escort
161136,3222,escort,2,2,2,4,non_mandatory,1,9910.0,1380.0,1220,23.0,25.0,2.0,,pure_escort,1.0,827.0,,False,True,-9.0,Car_9_Gas,Car_20_Gas,Car_9_Gas,SHARED2,-0.8506254766688862,Car_20_Gas,,-9.0,0out_0in,escort
161233,3224,school,1,1,1,1,mandatory,1,9910.0,1380.0,1220,9.0,25.0,16.0,pure_escort,pure_escort,-9.0,372.0,,,,-9.0,Car_9_Gas,Car_9_Gas,Car_9_Gas,SHARED2,-0.1483774089117644,Car_9_Gas,,-9.0,0out_0in,school
161269,3225,shopping,1,1,1,1,joint,2,18015.0,1380.0,1221,24.0,30.0,6.0,,,-9.0,857.0,adults,False,True,4.755063987470208,Car_4_Gas,Car_4_Gas,Car_4_Gas,SHARED2,-2.2291019063397406,Car_4_Gas,,-9.0,0out_0in,shopping
161345,3226,social,1,1,1,1,non_mandatory,1,16440.0,1380.0,1221,16.0,23.0,7.0,,,-9.0,622.0,,False,True,13.217327803208285,Car_4_Gas,Car_4_Gas,Car_4_Gas,SHARED2,-3.989585471506597,Car_4_Gas,,-9.0,1out_2in,social
