household_id,home_zone_id,income,hhsize,HHT,auto_ownership,num_workers,building_category,unittype,poverty,sample_rate,income_in_thousands,income_segment,num_non_workers,num_drivers,num_adults,num_children,num_nonworker_adults,ebike_owner,av_ownership,workplace_location_accessibility,shopping_accessibility,othdiscr_accessibility,numAVowned,transponder_ownership,has_joint_tour,num_under16_not_at_school,num_travel_active,num_travel_active_adults,num_travel_active_preschoolers,num_travel_active_children,num_travel_active_non_preschoolers,participates_in_jtf_model,school_escorting_outbound,school_escorting_inbound,school_escorting_outbound_cond,auPkRetail,auPkTotal,auOpRetail,auOpTotal,trPkRetail,trPkTotal,trPkHH,trOpRetail,trOpTotal,nmRetail,nmTotal,mgra,microtransit,nev,TAZ,micro_dist_local_bus,micro_dist_premium_transit,joint_tour_frequency_composition,num_hh_joint_tours
1,57,98696.0,3.0,3,2,2,6,0,4.544014732965009,1.0,98.696,3,1.0,3,3,0,1,False,False,11.992313564389212,11.209342693325846,15.814808238243195,0.0,False,0,0,2,2,0,0,2,False,1,1,1,8.56841157712275,11.045443265258749,9.242161094873849,11.79057022359649,11.035206552622052,13.726246608616703,12.952229761610662,1.4687759956418731,4.161791243846675,5.100044628799747,7.814928339606143,57,0.0,10.0,46,0.137,0.656,0.0,0
2,57,231224.0,1.0,4,1,1,2,0,18.12100313479624,1.0,231.224,4,0.0,1,1,0,0,False,False,11.943748151545682,11.241295514971046,15.46536649901243,0.0,True,0,0,1,1,0,0,1,False,1,1,1,8.56841157712275,11.045443265258749,9.242161094873849,11.79057022359649,11.035206552622052,13.726246608616703,12.952229761610662,1.4687759956418731,4.161791243846675,5.100044628799747,7.814928339606143,57,0.0,10.0,46,0.137,0.656,0.0,0
3,57,145427.0,3.0,1,2,1,2,0,6.695534069981584,1.0,145.427,4,2.0,3,3,0,1,False,False,11.818854196025734,11.226030539018366,15.98688561450188,0.0,False,0,0,2,2,0,0,2,False,1,1,1,8.56841157712275,11.045443265258749,9.242161094873849,11.79057022359649,11.035206552622052,13.726246608616703,12.952229761610662,1.4687759956418731,4.161791243846675,5.100044628799747,7.814928339606143,57,0.0,10.0,46,0.137,0.656,0.0,0
4,57,35292.0,1.0,4,1,0,2,0,2.7658307210031348,1.0,35.292,2,1.0,1,1,0,1,False,False,11.7643862238838,11.375080398103377,15.784987229688484,0.0,False,0,0,1,1,0,0,1,False,1,1,1,8.56841157712275,11.045443265258749,9.242161094873849,11.79057022359649,11.035206552622052,13.726246608616703,12.952229761610662,1.4687759956418731,4.161791243846675,5.100044628799747,7.814928339606143,57,0.0,10.0,46,0.137,0.656,0.0,0
5,57,122670.0,7.0,1,4,1,2,0,3.0946014127144297,1.0,122.67,4,6.0,3,3,4,2,False,False,11.818854196025736,11.226030539018366,15.986885614501878,0.0,False,0,1,6,3,2,3,4,False,122,91,120,8.56841157712275,11.045443265258749,9.242161094873849,11.79057022359649,11.035206552622052,13.726246608616703,12.952229761610662,1.4687759956418731,4.161791243846675,5.100044628799747,7.814928339606143,57,0.0,10.0,46,0.137,0.656,0.0,0
6,57,165872.0,2.0,1,2,0,2,0,9.621345707656612,1.0,165.872,4,2.0,2,2,0,2,False,False,11.818854196025736,11.226030539018366,15.98688561450188,0.0,True,0,0,2,2,0,0,2,False,1,1,1,8.56841157712275,11.045443265258749,9.242161094873849,11.79057022359649,11.035206552622052,13.726246608616703,12.952229761610662,1.4687759956418731,4.161791243846675,5.100044628799747,7.814928339606143,57,0.0,10.0,46,0.137,0.656,0.0,0
7,57,121697.0,3.0,2,3,1,2,0,5.602992633517496,1.0,121.697,4,2.0,3,3,0,1,False,False,11.818854196025734,11.226030539018366,15.98688561450188,0.0,True,0,0,2,2,0,0,2,False,1,1,1,8.56841157712275,11.045443265258749,9.242161094873849,11.79057022359649,11.035206552622052,13.726246608616703,12.952229761610662,1.4687759956418731,4.161791243846675,5.100044628799747,7.814928339606143,57,0.0,10.0,46,0.137,0.656,0.0,0
8,57,51213.0,8.0,1,2,2,7,0,1.160766092475068,1.0,51.213,2,6.0,3,3,5,1,False,False,11.740002968581155,11.120674628550008,15.62184495421959,0.0,False,0,2,5,2,0,3,5,False,1,143,1,8.56841157712275,11.045443265258749,9.242161094873849,11.79057022359649,11.035206552622052,13.726246608616703,12.952229761610662,1.4687759956418731,4.161791243846675,5.100044628799747,7.814928339606143,57,0.0,10.0,46,0.137,0.656,0.0,0
9,57,223687.0,2.0,1,2,1,2,0,12.974883990719258,1.0,223.687,4,1.0,2,2,0,1,False,False,11.818854196025736,11.226030539018366,15.98688561450188,0.0,False,0,0,2,2,0,0,2,False,1,1,1,8.56841157712275,11.045443265258749,9.242161094873849,11.79057022359649,11.035206552622052,13.726246608616703,12.952229761610662,1.4687759956418731,4.161791243846675,5.100044628799747,7.814928339606143,57,0.0,10.0,46,0.137,0.656,0.0,0
10,57,298458.0,3.0,1,2,1,2,0,13.741160220994477,1.0,298.458,4,2.0,3,3,0,2,False,False,11.818854196025734,11.226030539018366,15.98688561450188,0.0,False,0,0,2,2,0,0,2,False,1,1,1,8.56841157712275,11.045443265258749,9.242161094873849,11.79057022359649,11.035206552622052,13.726246608616703,12.952229761610662,1.4687759956418731,4.161791243846675,5.100044628799747,7.814928339606143,57,0.0,10.0,46,0.137,0.656,0.0,0
11,57,38851.0,3.0,1,3,1,3,0,1.788720073664825,1.0,38.851,2,2.0,3,3,0,2,False,False,11.740002968581155,11.120674628550008,15.62184495421959,0.0,False,1,0,3,3,0,0,3,True,1,1,1,8.56841157712275,11.045443265258749,9.242161094873849,11.79057022359649,11.035206552622052,13.726246608616703,12.952229761610662,1.4687759956418731,4.161791243846675,5.100044628799747,7.814928339606143,57,0.0,10.0,46,0.137,0.656,7.0,1
12,57,270303.0,2.0,1,2,1,6,0,15.6788283062645,1.0,270.303,4,1.0,2,2,0,1,False,False,11.818854196025736,11.226030539018366,15.98688561450188,0.0,False,1,0,2,2,0,0,2,True,1,1,1,8.56841157712275,11.045443265258749,9.242161094873849,11.79057022359649,11.035206552622052,13.726246608616703,12.952229761610662,1.4687759956418731,4.161791243846675,5.100044628799747,7.814928339606143,57,0.0,10.0,46,0.137,0.656,4.0,1
13,57,59812.0,1.0,6,1,0,3,0,4.687460815047022,1.0,59.812,2,1.0,1,1,0,1,False,False,11.7643862238838,11.375080398103377,15.784987229688484,0.0,False,0,0,1,1,0,0,1,False,1,1,1,8.56841157712275,11.045443265258749,9.242161094873849,11.79057022359649,11.035206552622052,13.726246608616703,12.952229761610662,1.4687759956418731,4.161791243846675,5.100044628799747,7.814928339606143,57,0.0,10.0,46,0.137,0.656,0.0,0
16,100,316655.0,4.0,1,2,2,2,0,12.086068702290076,1.0,316.655,4,2.0,4,4,0,1,False,False,11.92971821977269,11.103290969431653,15.88875476565268,0.0,True,1,0,4,4,0,0,4,True,1,1,1,8.615804546228038,11.081165210936366,9.352390354416496,11.89752592824341,10.954667306992226,13.620271656339623,12.868626718007462,1.4819612424561703,4.2141491477031785,5.080097576450973,7.724100292801189,100,0.0,10.0,48,0.081,0.689,7.0,1
17,100,316655.0,4.0,1,3,2,2,0,12.086068702290076,1.0,316.655,4,2.0,4,4,0,1,False,False,11.92971821977269,11.103290969431653,15.88875476565268,0.0,False,0,0,4,4,0,0,4,False,1,1,1,8.615804546228038,11.081165210936366,9.352390354416496,11.89752592824341,10.954667306992226,13.620271656339623,12.868626718007462,1.4819612424561703,4.2141491477031785,5.080097576450973,7.724100292801189,100,0.0,10.0,48,0.081,0.689,0.0,0
18,100,180111.0,3.0,1,1,2,2,0,8.292403314917127,1.0,180.111,4,1.0,3,3,0,1,False,False,11.932846900893573,11.17659602054752,16.015138358958378,0.0,False,0,0,1,1,0,0,1,False,1,1,1,8.615804546228038,11.081165210936366,9.352390354416496,11.89752592824341,10.954667306992226,13.620271656339623,12.868626718007462,1.4819612424561703,4.2141491477031785,5.080097576450973,7.724100292801189,100,0.0,10.0,48,0.081,0.689,0.0,0
19,100,109892.0,4.0,1,3,4,2,0,4.194351145038168,1.0,109.892,4,0.0,4,4,0,0,False,False,11.92971821977269,11.103290969431653,15.88875476565268,0.0,False,0,0,4,4,0,0,4,False,1,1,1,8.615804546228038,11.081165210936366,9.352390354416496,11.89752592824341,10.954667306992226,13.620271656339623,12.868626718007462,1.4819612424561703,4.2141491477031785,5.080097576450973,7.724100292801189,100,0.0,10.0,48,0.081,0.689,0.0,0
20,100,33540.0,1.0,6,1,0,2,0,2.628526645768025,1.0,33.54,2,1.0,1,1,0,0,False,False,11.850872264677353,10.93169114543449,15.644259462595068,0.0,False,0,0,1,1,0,0,1,False,1,1,1,8.615804546228038,11.081165210936366,9.352390354416496,11.89752592824341,10.954667306992226,13.620271656339623,12.868626718007462,1.4819612424561703,4.2141491477031785,5.080097576450973,7.724100292801189,100,0.0,10.0,48,0.081,0.689,0.0,0
21,100,145427.0,3.0,1,4,1,2,0,6.695534069981584,1.0,145.427,4,2.0,3,3,0,1,False,False,11.92971821977269,11.103290969431653,15.888754765652685,0.0,True,0,0,3,3,0,0,3,False,1,1,1,8.615804546228038,11.081165210936366,9.352390354416496,11.89752592824341,10.954667306992226,13.620271656339623,12.868626718007462,1.4819612424561703,4.2141491477031785,5.080097576450973,7.724100292801189,100,0.0,10.0,48,0.081,0.689,0.0,0
22,100,88839.0,6.0,3,2,1,2,0,2.5267064846416383,1.0,88.839,3,5.0,2,1,5,0,False,False,12.01518833391241,11.064765562589123,15.908204389877891,0.0,False,0,1,5,1,0,4,5,False,133,1,19,8.615804546228038,11.081165210936366,9.352390354416496,11.89752592824341,10.954667306992226,13.620271656339623,12.868626718007462,1.4819612424561703,4.2141491477031785,5.080097576450973,7.724100292801189,100,0.0,10.0,48,0.081,0.689,0.0,0
23,100,88839.0,6.0,3,3,1,2,0,2.5267064846416383,1.0,88.839,3,5.0,2,1,5,0,False,False,12.01518833391241,11.064765562589123,15.908204389877891,0.0,False,0,0,6,1,0,5,6,False,6,2,10,8.615804546228038,11.081165210936366,9.352390354416496,11.89752592824341,10.954667306992226,13.620271656339623,12.868626718007462,1.4819612424561703,4.2141491477031785,5.080097576450973,7.724100292801189,100,0.0,10.0,48,0.081,0.689,0.0,0
24,100,88839.0,6.0,3,2,1,2,0,2.5267064846416383,1.0,88.839,3,5.0,2,1,5,0,False,False,12.01518833391241,11.064765562589123,15.908204389877891,0.0,False,0,0,6,1,0,5,6,False,69,148,69,8.615804546228038,11.081165210936366,9.352390354416496,11.89752592824341,10.954667306992226,13.620271656339623,12.868626718007462,1.4819612424561703,4.2141491477031785,5.080097576450973,7.724100292801189,100,0.0,10.0,48,0.081,0.689,0.0,0
26,100,17038.0,1.0,4,1,0,3,0,1.3352664576802509,1.0,17.038,1,1.0,1,1,0,1,True,False,11.20720759419711,10.969668398194193,15.686573697410658,0.0,False,0,0,1,1,0,0,1,False,1,1,1,8.615804546228038,11.081165210936366,9.352390354416496,11.89752592824341,10.954667306992226,13.620271656339623,12.868626718007462,1.4819612424561703,4.2141491477031785,5.080097576450973,7.724100292801189,100,0.0,10.0,48,0.081,0.689,0.0,0
27,100,304242.0,5.0,1,4,1,2,0,9.916623207301171,1.0,304.242,4,4.0,2,2,3,1,True,False,11.92971821977269,11.103290969431653,15.88875476565268,0.0,False,0,1,4,2,2,2,2,False,30,30,30,8.615804546228038,11.081165210936366,9.352390354416496,11.89752592824341,10.954667306992226,13.620271656339623,12.868626718007462,1.4819612424561703,4.2141491477031785,5.080097576450973,7.724100292801189,100,0.0,10.0,48,0.081,0.689,0.0,0
28,100,108310.0,3.0,1,2,2,2,0,4.986648250460405,1.0,108.31,4,1.0,3,3,0,1,False,False,11.92971821977269,11.103290969431653,15.888754765652685,0.0,False,0,0,1,1,0,0,1,False,1,1,1,8.615804546228038,11.081165210936366,9.352390354416496,11.89752592824341,10.954667306992226,13.620271656339623,12.868626718007462,1.4819612424561703,4.2141491477031785,5.080097576450973,7.724100292801189,100,0.0,10.0,48,0.081,0.689,0.0,0
29,100,165872.0,2.0,1,4,0,2,0,9.621345707656612,1.0,165.872,4,2.0,2,2,0,2,True,False,11.92971821977269,11.103290969431653,15.88875476565268,0.0,False,0,0,1,1,0,0,1,False,1,1,1,8.615804546228038,11.081165210936366,9.352390354416496,11.89752592824341,10.954667306992226,13.620271656339623,12.868626718007462,1.4819612424561703,4.2141491477031785,5.080097576450973,7.724100292801189,100,0.0,10.0,48,0.081,0.689,0.0,0
30,100,109527.0,2.0,1,2,1,4,0,6.353074245939675,1.0,109.527,4,1.0,2,2,0,0,False,False,11.92971821977269,11.103290969431653,15.88875476565268,0.0,False,0,0,2,2,0,0,2,False,1,1,1,8.615804546228038,11.081165210936366,9.352390354416496,11.89752592824341,10.954667306992226,13.620271656339623,12.868626718007462,1.4819612424561703,4.2141491477031785,5.080097576450973,7.724100292801189,100,0.0,10.0,48,0.081,0.689,0.0,0
32,100,102967.0,2.0,1,2,0,2,0,5.972563805104408,1.0,102.967,4,2.0,2,2,0,2,False,False,11.92971821977269,11.103290969431653,15.88875476565268,0.0,False,1,0,2,2,0,0,2,True,1,1,1,8.615804546228038,11.081165210936366,9.352390354416496,11.89752592824341,10.954667306992226,13.620271656339623,12.868626718007462,1.4819612424561703,4.2141491477031785,5.080097576450973,7.724100292801189,100,0.0,10.0,48,0.081,0.689,7.0,1
34,100,156581.0,2.0,5,2,1,8,0,9.082424593967517,1.0,156.581,4,1.0,2,2,0,1,False,False,11.92971821977269,11.103290969431653,15.88875476565268,0.0,False,0,0,2,2,0,0,2,False,1,1,1,8.615804546228038,11.081165210936366,9.352390354416496,11.89752592824341,10.954667306992226,13.620271656339623,12.868626718007462,1.4819612424561703,4.2141491477031785,5.080097576450973,7.724100292801189,100,0.0,10.0,48,0.081,0.689,0.0,0
35,100,0.0,4.0,3,0,0,2,0,0.0,1.0,0.0,1,4.0,1,1,3,1,False,False,12.122177391907952,12.331133106728863,16.168233323394322,0.0,False,0,0,3,0,1,3,2,False,1,1,1,8.615804546228038,11.081165210936366,9.352390354416496,11.89752592824341,10.954667306992226,13.620271656339623,12.868626718007462,1.4819612424561703,4.2141491477031785,5.080097576450973,7.724100292801189,100,0.0,10.0,48,0.081,0.689,0.0,0
36,100,0.0,4.0,3,0,0,2,0,0.0,1.0,0.0,1,4.0,1,1,3,1,False,False,12.122177391907952,12.331133106728863,16.168233323394322,0.0,False,0,0,4,1,1,3,3,False,23,84,23,8.615804546228038,11.081165210936366,9.352390354416496,11.89752592824341,10.954667306992226,13.620271656339623,12.868626718007462,1.4819612424561703,4.2141491477031785,5.080097576450973,7.724100292801189,100,0.0,10.0,48,0.081,0.689,0.0,0
37,100,86178.0,2.0,1,2,0,2,0,4.998723897911833,1.0,86.178,3,2.0,2,2,0,2,False,False,12.01518833391241,11.064765562589123,15.908204389877891,0.0,False,1,0,2,2,0,0,2,True,1,1,1,8.615804546228038,11.081165210936366,9.352390354416496,11.89752592824341,10.954667306992226,13.620271656339623,12.868626718007462,1.4819612424561703,4.2141491477031785,5.080097576450973,7.724100292801189,100,0.0,10.0,48,0.081,0.689,10.0,1
38,100,30021.0,3.0,1,2,0,7,0,1.382182320441989,1.0,30.021,2,3.0,3,3,0,2,False,False,11.858033965482058,11.01271145323968,15.813041154649554,0.0,False,1,0,3,3,0,0,3,True,1,1,1,8.615804546228038,11.081165210936366,9.352390354416496,11.89752592824341,10.954667306992226,13.620271656339623,12.868626718007462,1.4819612424561703,4.2141491477031785,5.080097576450973,7.724100292801189,100,0.0,10.0,48,0.081,0.689,1.0,1
39,100,235460.0,2.0,5,1,1,2,0,13.657772621809745,1.0,235.46,4,1.0,2,2,0,1,False,False,11.932846900893573,11.17659602054752,16.015138358958378,0.0,True,1,0,2,2,0,0,2,True,1,1,1,8.615804546228038,11.081165210936366,9.352390354416496,11.89752592824341,10.954667306992226,13.620271656339623,12.868626718007462,1.4819612424561703,4.2141491477031785,5.080097576450973,7.724100292801189,100,0.0,10.0,48,0.081,0.689,1.0,1
40,100,38851.0,3.0,1,1,1,3,0,1.788720073664825,1.0,38.851,2,2.0,3,3,0,2,False,False,11.850872264677356,10.93169114543449,15.644259462595068,0.0,False,1,0,2,2,0,0,2,True,1,1,1,8.615804546228038,11.081165210936366,9.352390354416496,11.89752592824341,10.954667306992226,13.620271656339623,12.868626718007462,1.4819612424561703,4.2141491477031785,5.080097576450973,7.724100292801189,100,0.0,10.0,48,0.081,0.689,7.0,1
41,100,38851.0,3.0,1,1,1,3,0,1.788720073664825,1.0,38.851,2,2.0,3,3,0,2,False,False,11.850872264677356,10.93169114543449,15.644259462595068,0.0,False,0,0,2,2,0,0,2,False,1,1,1,8.615804546228038,11.081165210936366,9.352390354416496,11.89752592824341,10.954667306992226,13.620271656339623,12.868626718007462,1.4819612424561703,4.2141491477031785,5.080097576450973,7.724100292801189,100,0.0,10.0,48,0.081,0.689,0.0,0
42,100,38851.0,3.0,1,2,1,3,0,1.788720073664825,1.0,38.851,2,2.0,3,3,0,2,False,False,11.858033965482058,11.01271145323968,15.813041154649554,0.0,False,0,0,1,1,0,0,1,False,1,1,1,8.615804546228038,11.081165210936366,9.352390354416496,11.89752592824341,10.954667306992226,13.620271656339623,12.868626718007462,1.4819612424561703,4.2141491477031785,5.080097576450973,7.724100292801189,100,0.0,10.0,48,0.081,0.689,0.0,0
43,100,38851.0,3.0,1,1,1,3,0,1.788720073664825,1.0,38.851,2,2.0,3,3,0,2,False,False,11.850872264677356,10.93169114543449,15.644259462595068,0.0,False,0,0,2,2,0,0,2,False,1,1,1,8.615804546228038,11.081165210936366,9.352390354416496,11.89752592824341,10.954667306992226,13.620271656339623,12.868626718007462,1.4819612424561703,4.2141491477031785,5.080097576450973,7.724100292801189,100,0.0,10.0,48,0.081,0.689,0.0,0
46,100,23546.0,2.0,2,2,1,2,0,1.3657772621809745,1.0,23.546,1,1.0,2,2,0,1,False,False,11.365884745996611,11.115004675643553,16.12266732694243,0.0,False,0,0,2,2,0,0,2,False,1,1,1,8.615804546228038,11.081165210936366,9.352390354416496,11.89752592824341,10.954667306992226,13.620271656339623,12.868626718007462,1.4819612424561703,4.2141491477031785,5.080097576450973,7.724100292801189,100,0.0,10.0,48,0.081,0.689,0.0,0
47,100,110422.0,1.0,4,1,1,5,0,8.653761755485894,1.0,110.422,4,0.0,1,1,0,0,True,False,11.932846900893573,11.17659602054752,16.015138358958378,0.0,True,0,0,1,1,0,0,1,False,1,1,1,8.615804546228038,11.081165210936366,9.352390354416496,11.89752592824341,10.954667306992226,13.620271656339623,12.868626718007462,1.4819612424561703,4.2141491477031785,5.080097576450973,7.724100292801189,100,0.0,10.0,48,0.081,0.689,0.0,0
48,100,54061.0,2.0,1,2,1,6,0,3.135788863109049,1.0,54.061,2,1.0,2,2,0,1,False,False,11.858033965482058,11.01271145323968,15.813041154649554,0.0,True,0,0,2,2,0,0,2,False,1,1,1,8.615804546228038,11.081165210936366,9.352390354416496,11.89752592824341,10.954667306992226,13.620271656339623,12.868626718007462,1.4819612424561703,4.2141491477031785,5.080097576450973,7.724100292801189,100,0.0,10.0,48,0.081,0.689,0.0,0
49,100,58201.0,6.0,1,1,2,3,0,1.6553185437997724,1.0,58.201,2,4.0,2,2,4,0,False,False,11.850872264677356,10.93169114543449,15.644259462595068,0.0,False,0,2,5,2,1,3,4,False,17,39,17,8.615804546228038,11.081165210936366,9.352390354416496,11.89752592824341,10.954667306992226,13.620271656339623,12.868626718007462,1.4819612424561703,4.2141491477031785,5.080097576450973,7.724100292801189,100,0.0,10.0,48,0.081,0.689,0.0,0
50,100,58201.0,6.0,1,2,2,3,0,1.6553185437997724,1.0,58.201,2,4.0,2,2,4,0,False,False,11.858033965482058,11.01271145323968,15.813041154649554,0.0,True,0,2,6,2,2,4,4,False,15,37,37,8.615804546228038,11.081165210936366,9.352390354416496,11.89752592824341,10.954667306992226,13.620271656339623,12.868626718007462,1.4819612424561703,4.2141491477031785,5.080097576450973,7.724100292801189,100,0.0,10.0,48,0.081,0.689,0.0,0
51,100,58201.0,6.0,1,2,2,3,0,1.6553185437997724,1.0,58.201,2,4.0,2,2,4,0,True,False,11.858033965482058,11.01271145323968,15.813041154649554,0.0,False,0,1,4,0,2,4,2,False,1,1,1,8.615804546228038,11.081165210936366,9.352390354416496,11.89752592824341,10.954667306992226,13.620271656339623,12.868626718007462,1.4819612424561703,4.2141491477031785,5.080097576450973,7.724100292801189,100,0.0,10.0,48,0.081,0.689,0.0,0
52,100,58201.0,6.0,1,2,2,3,0,1.6553185437997724,1.0,58.201,2,4.0,2,2,4,0,False,False,11.858033965482058,11.01271145323968,15.813041154649554,0.0,False,0,2,4,2,0,2,4,False,15,30,15,8.615804546228038,11.081165210936366,9.352390354416496,11.89752592824341,10.954667306992226,13.620271656339623,12.868626718007462,1.4819612424561703,4.2141491477031785,5.080097576450973,7.724100292801189,100,0.0,10.0,48,0.081,0.689,0.0,0
53,100,129976.0,3.0,5,2,2,6,0,5.984162062615101,1.0,129.976,4,1.0,3,3,0,1,False,False,11.92971821977269,11.103290969431653,15.888754765652685,0.0,False,0,0,3,3,0,0,3,False,1,1,1,8.615804546228038,11.081165210936366,9.352390354416496,11.89752592824341,10.954667306992226,13.620271656339623,12.868626718007462,1.4819612424561703,4.2141491477031785,5.080097576450973,7.724100292801189,100,0.0,10.0,48,0.081,0.689,0.0,0
54,100,129976.0,3.0,5,4,2,6,0,5.984162062615101,1.0,129.976,4,1.0,3,3,0,1,False,False,11.92971821977269,11.103290969431653,15.888754765652685,0.0,True,0,0,3,3,0,0,3,False,1,1,1,8.615804546228038,11.081165210936366,9.352390354416496,11.89752592824341,10.954667306992226,13.620271656339623,12.868626718007462,1.4819612424561703,4.2141491477031785,5.080097576450973,7.724100292801189,100,0.0,10.0,48,0.081,0.689,0.0,0
55,100,75915.0,3.0,5,2,2,5,0,3.4951657458563536,1.0,75.915,3,1.0,3,3,0,0,False,False,12.01518833391241,11.064765562589123,15.908204389877891,0.0,True,0,0,2,2,0,0,2,False,1,1,1,8.615804546228038,11.081165210936366,9.352390354416496,11.89752592824341,10.954667306992226,13.620271656339623,12.868626718007462,1.4819612424561703,4.2141491477031785,5.080097576450973,7.724100292801189,100,0.0,10.0,48,0.081,0.689,0.0,0
56,100,86267.0,3.0,1,2,2,7,0,3.971777163904236,1.0,86.267,3,1.0,3,3,0,0,False,False,12.01518833391241,11.064765562589123,15.908204389877891,0.0,False,0,0,2,2,0,0,2,False,1,1,1,8.615804546228038,11.081165210936366,9.352390354416496,11.89752592824341,10.954667306992226,13.620271656339623,12.868626718007462,1.4819612424561703,4.2141491477031785,5.080097576450973,7.724100292801189,100,0.0,10.0,48,0.081,0.689,0.0,0
57,100,207041.0,4.0,3,3,4,6,0,7.902328244274809,1.0,207.041,4,0.0,4,4,0,0,False,False,11.92971821977269,11.103290969431653,15.88875476565268,0.0,False,1,0,4,4,0,0,4,True,1,1,1,8.615804546228038,11.081165210936366,9.352390354416496,11.89752592824341,10.954667306992226,13.620271656339623,12.868626718007462,1.4819612424561703,4.2141491477031785,5.080097576450973,7.724100292801189,100,0.0,10.0,48,0.081,0.689,1.0,1
58,100,328390.0,4.0,1,4,2,2,0,12.533969465648855,1.0,328.39,4,2.0,4,4,0,1,False,False,11.92971821977269,11.103290969431653,15.88875476565268,0.0,False,0,0,4,4,0,0,4,False,1,1,1,8.615804546228038,11.081165210936366,9.352390354416496,11.89752592824341,10.954667306992226,13.620271656339623,12.868626718007462,1.4819612424561703,4.2141491477031785,5.080097576450973,7.724100292801189,100,0.0,10.0,48,0.081,0.689,0.0,0
59,100,204395.0,2.0,1,2,0,2,0,11.855858468677496,1.0,204.395,4,2.0,2,2,0,2,False,False,11.92971821977269,11.103290969431653,15.88875476565268,0.0,False,0,0,2,2,0,0,2,False,1,1,1,8.615804546228038,11.081165210936366,9.352390354416496,11.89752592824341,10.954667306992226,13.620271656339623,12.868626718007462,1.4819612424561703,4.2141491477031785,5.080097576450973,7.724100292801189,100,0.0,10.0,48,0.081,0.689,0.0,0
60,100,112607.0,2.0,1,3,2,6,0,6.531728538283063,1.0,112.607,4,0.0,2,2,0,0,False,False,11.92971821977269,11.103290969431653,15.88875476565268,0.0,False,0,0,2,2,0,0,2,False,1,1,1,8.615804546228038,11.081165210936366,9.352390354416496,11.89752592824341,10.954667306992226,13.620271656339623,12.868626718007462,1.4819612424561703,4.2141491477031785,5.080097576450973,7.724100292801189,100,0.0,10.0,48,0.081,0.689,0.0,0
62,100,59812.0,1.0,6,3,0,3,0,4.687460815047022,1.0,59.812,2,1.0,1,1,0,1,False,False,11.858033965482058,11.01271145323968,15.813041154649554,0.0,False,0,0,1,1,0,0,1,False,1,1,1,8.615804546228038,11.081165210936366,9.352390354416496,11.89752592824341,10.954667306992226,13.620271656339623,12.868626718007462,1.4819612424561703,4.2141491477031785,5.080097576450973,7.724100292801189,100,0.0,10.0,48,0.081,0.689,0.0,0
63,100,57511.0,2.0,1,2,1,6,0,3.335904872389792,1.0,57.511,2,1.0,2,2,0,0,False,False,11.858033965482058,11.01271145323968,15.813041154649554,0.0,False,0,0,1,1,0,0,1,False,1,1,1,8.615804546228038,11.081165210936366,9.352390354416496,11.89752592824341,10.954667306992226,13.620271656339623,12.868626718007462,1.4819612424561703,4.2141491477031785,5.080097576450973,7.724100292801189,100,0.0,10.0,48,0.081,0.689,0.0,0
64,100,48310.0,4.0,3,2,0,2,0,1.8438931297709924,1.0,48.31,2,4.0,1,1,3,1,False,False,11.858033965482058,11.01271145323968,15.813041154649554,0.0,True,1,1,4,1,1,3,3,True,30,15,30,8.615804546228038,11.081165210936366,9.352390354416496,11.89752592824341,10.954667306992226,13.620271656339623,12.868626718007462,1.4819612424561703,4.2141491477031785,5.080097576450973,7.724100292801189,100,0.0,10.0,48,0.081,0.689,9.0,1
65,100,30366.0,1.0,6,1,0,3,0,2.379780564263323,1.0,30.366,2,1.0,1,1,0,0,False,False,11.850872264677353,10.93169114543449,15.644259462595068,0.0,False,0,0,1,1,0,0,1,False,1,1,1,8.615804546228038,11.081165210936366,9.352390354416496,11.89752592824341,10.954667306992226,13.620271656339623,12.868626718007462,1.4819612424561703,4.2141491477031785,5.080097576450973,7.724100292801189,100,0.0,10.0,48,0.081,0.689,0.0,0
66,100,58020.0,2.0,5,2,2,6,0,3.365429234338748,1.0,58.02,2,0.0,2,2,0,0,False,False,11.858033965482058,11.01271145323968,15.813041154649554,0.0,False,0,0,2,2,0,0,2,False,1,1,1,8.615804546228038,11.081165210936366,9.352390354416496,11.89752592824341,10.954667306992226,13.620271656339623,12.868626718007462,1.4819612424561703,4.2141491477031785,5.080097576450973,7.724100292801189,100,0.0,10.0,48,0.081,0.689,0.0,0
67,100,266982.0,2.0,1,2,1,2,0,15.486194895591648,1.0,266.982,4,1.0,2,2,0,1,False,False,11.92971821977269,11.103290969431653,15.88875476565268,0.0,True,0,0,2,2,0,0,2,False,1,1,1,8.615804546228038,11.081165210936366,9.352390354416496,11.89752592824341,10.954667306992226,13.620271656339623,12.868626718007462,1.4819612424561703,4.2141491477031785,5.080097576450973,7.724100292801189,100,0.0,10.0,48,0.081,0.689,0.0,0
68,100,266982.0,2.0,1,2,1,2,0,15.486194895591648,1.0,266.982,4,1.0,2,2,0,1,False,False,11.92971821977269,11.103290969431653,15.88875476565268,0.0,False,0,0,2,2,0,0,2,False,1,1,1,8.615804546228038,11.081165210936366,9.352390354416496,11.89752592824341,10.954667306992226,13.620271656339623,12.868626718007462,1.4819612424561703,4.2141491477031785,5.080097576450973,7.724100292801189,100,0.0,10.0,48,0.081,0.689,0.0,0
69,100,266982.0,2.0,1,2,1,2,0,15.486194895591648,1.0,266.982,4,1.0,2,2,0,1,False,False,11.92971821977269,11.103290969431653,15.88875476565268,0.0,False,0,0,1,1,0,0,1,False,1,1,1,8.615804546228038,11.081165210936366,9.352390354416496,11.89752592824341,10.954667306992226,13.620271656339623,12.868626718007462,1.4819612424561703,4.2141491477031785,5.080097576450973,7.724100292801189,100,0.0,10.0,48,0.081,0.689,0.0,0
70,100,266982.0,2.0,1,1,1,2,0,15.486194895591648,1.0,266.982,4,1.0,2,2,0,1,False,False,11.932846900893573,11.17659602054752,16.015138358958378,0.0,True,0,0,2,2,0,0,2,False,1,1,1,8.615804546228038,11.081165210936366,9.352390354416496,11.89752592824341,10.954667306992226,13.620271656339623,12.868626718007462,1.4819612424561703,4.2141491477031785,5.080097576450973,7.724100292801189,100,0.0,10.0,48,0.081,0.689,0.0,0
71,100,53487.0,1.0,6,1,0,7,0,4.191771159874608,1.0,53.487,2,1.0,1,1,0,1,False,False,11.850872264677353,10.93169114543449,15.644259462595068,0.0,False,0,0,1,1,0,0,1,False,1,1,1,8.615804546228038,11.081165210936366,9.352390354416496,11.89752592824341,10.954667306992226,13.620271656339623,12.868626718007462,1.4819612424561703,4.2141491477031785,5.080097576450973,7.724100292801189,100,0.0,10.0,48,0.081,0.689,0.0,0
72,100,173266.0,2.0,1,2,1,2,0,10.050232018561484,1.0,173.266,4,1.0,2,2,0,1,False,False,11.92971821977269,11.103290969431653,15.88875476565268,0.0,False,0,0,1,1,0,0,1,False,1,1,1,8.615804546228038,11.081165210936366,9.352390354416496,11.89752592824341,10.954667306992226,13.620271656339623,12.868626718007462,1.4819612424561703,4.2141491477031785,5.080097576450973,7.724100292801189,100,0.0,10.0,48,0.081,0.689,0.0,0
73,100,46461.0,1.0,6,2,1,7,0,3.641144200626959,1.0,46.461,2,0.0,1,1,0,0,True,False,11.858033965482058,11.01271145323968,15.813041154649554,0.0,False,0,0,1,1,0,0,1,False,1,1,1,8.615804546228038,11.081165210936366,9.352390354416496,11.89752592824341,10.954667306992226,13.620271656339623,12.868626718007462,1.4819612424561703,4.2141491477031785,5.080097576450973,7.724100292801189,100,0.0,10.0,48,0.081,0.689,0.0,0
74,100,169074.0,3.0,1,2,2,7,0,7.784254143646409,1.0,169.074,4,1.0,3,3,0,1,True,False,11.92971821977269,11.103290969431653,15.888754765652685,0.0,False,0,0,1,1,0,0,1,False,1,1,1,8.615804546228038,11.081165210936366,9.352390354416496,11.89752592824341,10.954667306992226,13.620271656339623,12.868626718007462,1.4819612424561703,4.2141491477031785,5.080097576450973,7.724100292801189,100,0.0,10.0,48,0.081,0.689,0.0,0
75,100,31730.0,2.0,3,2,0,4,0,1.8404872389791185,1.0,31.73,2,2.0,2,2,0,1,False,False,11.858033965482058,11.01271145323968,15.813041154649554,0.0,False,0,0,2,2,0,0,2,False,1,1,1,8.615804546228038,11.081165210936366,9.352390354416496,11.89752592824341,10.954667306992226,13.620271656339623,12.868626718007462,1.4819612424561703,4.2141491477031785,5.080097576450973,7.724100292801189,100,0.0,10.0,48,0.081,0.689,0.0,0
76,100,124652.0,2.0,1,2,2,2,0,7.230394431554524,1.0,124.652,4,0.0,2,2,0,0,False,False,11.92971821977269,11.103290969431653,15.88875476565268,0.0,False,0,0,2,2,0,0,2,False,1,1,1,8.615804546228038,11.081165210936366,9.352390354416496,11.89752592824341,10.954667306992226,13.620271656339623,12.868626718007462,1.4819612424561703,4.2141491477031785,5.080097576450973,7.724100292801189,100,0.0,10.0,48,0.081,0.689,0.0,0
77,100,158308.0,3.0,3,2,1,1,0,7.288581952117863,1.0,158.308,4,2.0,3,3,0,0,False,False,11.92971821977269,11.103290969431653,15.888754765652685,0.0,False,0,0,2,2,0,0,2,False,1,1,1,8.615804546228038,11.081165210936366,9.352390354416496,11.89752592824341,10.954667306992226,13.620271656339623,12.868626718007462,1.4819612424561703,4.2141491477031785,5.080097576450973,7.724100292801189,100,0.0,10.0,48,0.081,0.689,0.0,0
78,100,210322.0,4.0,5,4,2,2,0,8.027557251908396,1.0,210.322,4,2.0,4,4,0,1,False,False,11.92971821977269,11.103290969431653,15.88875476565268,0.0,True,0,0,3,3,0,0,3,False,1,1,1,8.615804546228038,11.081165210936366,9.352390354416496,11.89752592824341,10.954667306992226,13.620271656339623,12.868626718007462,1.4819612424561703,4.2141491477031785,5.080097576450973,7.724100292801189,100,0.0,10.0,48,0.081,0.689,0.0,0
80,100,82384.0,6.0,1,2,1,2,0,2.34311717861206,1.0,82.384,3,5.0,2,2,4,1,False,False,12.01518833391241,11.064765562589123,15.908204389877891,0.0,False,0,0,6,2,2,4,4,False,148,134,86,8.615804546228038,11.081165210936366,9.352390354416496,11.89752592824341,10.954667306992226,13.620271656339623,12.868626718007462,1.4819612424561703,4.2141491477031785,5.080097576450973,7.724100292801189,100,0.0,10.0,48,0.081,0.689,0.0,0
81,100,82384.0,6.0,1,1,1,2,0,2.34311717861206,1.0,82.384,3,5.0,2,2,4,1,False,False,12.000478573490804,11.04701305607602,16.06032251547365,0.0,True,0,1,5,2,1,3,4,False,23,108,134,8.615804546228038,11.081165210936366,9.352390354416496,11.89752592824341,10.954667306992226,13.620271656339623,12.868626718007462,1.4819612424561703,4.2141491477031785,5.080097576450973,7.724100292801189,100,0.0,10.0,48,0.081,0.689,0.0,0
82,100,39095.0,1.0,4,1,0,1,0,3.063871473354232,1.0,39.095,2,1.0,1,1,0,1,False,False,11.850872264677353,10.93169114543449,15.644259462595068,0.0,False,0,0,1,1,0,0,1,False,1,1,1,8.615804546228038,11.081165210936366,9.352390354416496,11.89752592824341,10.954667306992226,13.620271656339623,12.868626718007462,1.4819612424561703,4.2141491477031785,5.080097576450973,7.724100292801189,100,0.0,10.0,48,0.081,0.689,0.0,0
83,100,39095.0,1.0,4,1,0,1,0,3.063871473354232,1.0,39.095,2,1.0,1,1,0,1,False,False,11.850872264677353,10.93169114543449,15.644259462595068,0.0,False,0,0,1,1,0,0,1,False,1,1,1,8.615804546228038,11.081165210936366,9.352390354416496,11.89752592824341,10.954667306992226,13.620271656339623,12.868626718007462,1.4819612424561703,4.2141491477031785,5.080097576450973,7.724100292801189,100,0.0,10.0,48,0.081,0.689,0.0,0
84,100,39095.0,1.0,4,1,0,1,0,3.063871473354232,1.0,39.095,2,1.0,1,1,0,1,False,False,11.850872264677353,10.93169114543449,15.644259462595068,0.0,False,0,0,1,1,0,0,1,False,1,1,1,8.615804546228038,11.081165210936366,9.352390354416496,11.89752592824341,10.954667306992226,13.620271656339623,12.868626718007462,1.4819612424561703,4.2141491477031785,5.080097576450973,7.724100292801189,100,0.0,10.0,48,0.081,0.689,0.0,0
85,100,90656.0,2.0,1,2,1,2,0,5.258468677494199,1.0,90.656,3,1.0,2,2,0,0,False,False,12.01518833391241,11.064765562589123,15.908204389877891,0.0,False,0,0,2,2,0,0,2,False,1,1,1,8.615804546228038,11.081165210936366,9.352390354416496,11.89752592824341,10.954667306992226,13.620271656339623,12.868626718007462,1.4819612424561703,4.2141491477031785,5.080097576450973,7.724100292801189,100,0.0,10.0,48,0.081,0.689,0.0,0
86,100,363191.0,3.0,5,2,2,8,0,16.721500920810314,1.0,363.191,4,1.0,3,3,0,0,False,False,11.92971821977269,11.103290969431653,15.888754765652685,0.0,False,0,0,1,1,0,0,1,False,1,1,1,8.615804546228038,11.081165210936366,9.352390354416496,11.89752592824341,10.954667306992226,13.620271656339623,12.868626718007462,1.4819612424561703,4.2141491477031785,5.080097576450973,7.724100292801189,100,0.0,10.0,48,0.081,0.689,0.0,0
87,100,151979.0,2.0,1,2,1,2,0,8.815487238979118,1.0,151.979,4,1.0,2,2,0,1,False,False,11.92971821977269,11.103290969431653,15.88875476565268,0.0,False,0,0,1,1,0,0,1,False,1,1,1,8.615804546228038,11.081165210936366,9.352390354416496,11.89752592824341,10.954667306992226,13.620271656339623,12.868626718007462,1.4819612424561703,4.2141491477031785,5.080097576450973,7.724100292801189,100,0.0,10.0,48,0.081,0.689,0.0,0
88,100,45023.0,1.0,4,1,0,2,0,3.5284482758620688,1.0,45.023,2,1.0,1,1,0,1,False,False,11.850872264677353,10.93169114543449,15.644259462595068,0.0,False,0,0,1,1,0,0,1,False,1,1,1,8.615804546228038,11.081165210936366,9.352390354416496,11.89752592824341,10.954667306992226,13.620271656339623,12.868626718007462,1.4819612424561703,4.2141491477031785,5.080097576450973,7.724100292801189,100,0.0,10.0,48,0.081,0.689,0.0,0
89,100,38560.0,2.0,5,2,1,5,0,2.2366589327146174,1.0,38.56,2,1.0,2,2,0,1,False,False,11.858033965482058,11.01271145323968,15.813041154649554,0.0,False,0,0,2,2,0,0,2,False,1,1,1,8.615804546228038,11.081165210936366,9.352390354416496,11.89752592824341,10.954667306992226,13.620271656339623,12.868626718007462,1.4819612424561703,4.2141491477031785,5.080097576450973,7.724100292801189,100,0.0,10.0,48,0.081,0.689,0.0,0
90,100,116866.0,3.0,2,2,1,3,0,5.380570902394107,1.0,116.866,4,2.0,3,3,0,0,False,False,11.92971821977269,11.103290969431653,15.888754765652685,0.0,True,0,0,3,3,0,0,3,False,1,1,1,8.615804546228038,11.081165210936366,9.352390354416496,11.89752592824341,10.954667306992226,13.620271656339623,12.868626718007462,1.4819612424561703,4.2141491477031785,5.080097576450973,7.724100292801189,100,0.0,10.0,48,0.081,0.689,0.0,0
91,100,116866.0,3.0,2,3,1,3,0,5.380570902394107,1.0,116.866,4,2.0,3,3,0,0,False,False,11.92971821977269,11.103290969431653,15.888754765652685,0.0,False,0,0,2,2,0,0,2,False,1,1,1,8.615804546228038,11.081165210936366,9.352390354416496,11.89752592824341,10.954667306992226,13.620271656339623,12.868626718007462,1.4819612424561703,4.2141491477031785,5.080097576450973,7.724100292801189,100,0.0,10.0,48,0.081,0.689,0.0,0
92,100,118481.0,2.0,1,2,1,2,0,6.872447795823666,1.0,118.481,4,1.0,2,2,0,1,False,False,11.92971821977269,11.103290969431653,15.88875476565268,0.0,True,0,0,1,1,0,0,1,False,1,1,1,8.615804546228038,11.081165210936366,9.352390354416496,11.89752592824341,10.954667306992226,13.620271656339623,12.868626718007462,1.4819612424561703,4.2141491477031785,5.080097576450973,7.724100292801189,100,0.0,10.0,48,0.081,0.689,0.0,0
93,100,127098.0,4.0,5,4,4,2,0,4.8510687022900765,1.0,127.098,4,0.0,4,4,0,0,False,False,11.92971821977269,11.103290969431653,15.88875476565268,0.0,False,0,0,4,4,0,0,4,False,1,1,1,8.615804546228038,11.081165210936366,9.352390354416496,11.89752592824341,10.954667306992226,13.620271656339623,12.868626718007462,1.4819612424561703,4.2141491477031785,5.080097576450973,7.724100292801189,100,0.0,10.0,48,0.081,0.689,0.0,0
94,100,109218.0,2.0,7,2,1,5,0,6.335150812064965,1.0,109.218,4,1.0,2,2,0,1,False,False,11.92971821977269,11.103290969431653,15.88875476565268,0.0,False,0,0,1,1,0,0,1,False,1,1,1,8.615804546228038,11.081165210936366,9.352390354416496,11.89752592824341,10.954667306992226,13.620271656339623,12.868626718007462,1.4819612424561703,4.2141491477031785,5.080097576450973,7.724100292801189,100,0.0,10.0,48,0.081,0.689,0.0,0
95,100,80783.0,2.0,1,2,1,2,0,4.685788863109049,1.0,80.783,3,1.0,2,2,0,1,False,False,12.01518833391241,11.064765562589123,15.908204389877891,0.0,False,0,0,1,1,0,0,1,False,1,1,1,8.615804546228038,11.081165210936366,9.352390354416496,11.89752592824341,10.954667306992226,13.620271656339623,12.868626718007462,1.4819612424561703,4.2141491477031785,5.080097576450973,7.724100292801189,100,0.0,10.0,48,0.081,0.689,0.0,0
96,100,59887.0,3.0,7,3,2,3,0,2.757228360957643,1.0,59.887,2,1.0,3,3,0,1,False,False,11.858033965482058,11.01271145323968,15.813041154649554,0.0,False,0,0,3,3,0,0,3,False,1,1,1,8.615804546228038,11.081165210936366,9.352390354416496,11.89752592824341,10.954667306992226,13.620271656339623,12.868626718007462,1.4819612424561703,4.2141491477031785,5.080097576450973,7.724100292801189,100,0.0,10.0,48,0.081,0.689,0.0,0
97,100,19388.0,1.0,6,1,0,1,0,1.519435736677116,1.0,19.388,1,1.0,1,1,0,1,False,False,11.20720759419711,10.969668398194193,15.686573697410658,0.0,False,0,0,1,1,0,0,1,False,1,1,1,8.615804546228038,11.081165210936366,9.352390354416496,11.89752592824341,10.954667306992226,13.620271656339623,12.868626718007462,1.4819612424561703,4.2141491477031785,5.080097576450973,7.724100292801189,100,0.0,10.0,48,0.081,0.689,0.0,0
98,100,0.0,4.0,3,0,0,9,0,0.0,1.0,0.0,1,4.0,1,1,3,1,False,False,12.122177391907952,12.331133106728863,16.168233323394322,0.0,False,1,2,4,1,3,3,1,True,1,1,1,8.615804546228038,11.081165210936366,9.352390354416496,11.89752592824341,10.954667306992226,13.620271656339623,12.868626718007462,1.4819612424561703,4.2141491477031785,5.080097576450973,7.724100292801189,100,0.0,10.0,48,0.081,0.689,6.0,1
99,100,234809.0,2.0,1,2,2,9,0,13.620011600928072,1.0,234.809,4,0.0,2,2,0,0,False,False,11.92971821977269,11.103290969431653,15.88875476565268,0.0,True,0,0,2,2,0,0,2,False,1,1,1,8.615804546228038,11.081165210936366,9.352390354416496,11.89752592824341,10.954667306992226,13.620271656339623,12.868626718007462,1.4819612424561703,4.2141491477031785,5.080097576450973,7.724100292801189,100,0.0,10.0,48,0.081,0.689,0.0,0
100,100,46746.0,6.0,1,2,2,4,0,1.3295221843003413,1.0,46.746,2,4.0,2,2,4,0,False,False,11.858033965482058,11.01271145323968,15.813041154649554,0.0,True,0,3,2,1,0,1,2,False,3,3,3,8.615804546228038,11.081165210936366,9.352390354416496,11.89752592824341,10.954667306992226,13.620271656339623,12.868626718007462,1.4819612424561703,4.2141491477031785,5.080097576450973,7.724100292801189,100,0.0,10.0,48,0.081,0.689,0.0,0
101,100,46746.0,6.0,1,2,2,4,0,1.3295221843003413,1.0,46.746,2,4.0,2,2,4,0,False,False,11.858033965482058,11.01271145323968,15.813041154649554,0.0,True,0,1,5,2,2,3,3,False,75,18,118,8.615804546228038,11.081165210936366,9.352390354416496,11.89752592824341,10.954667306992226,13.620271656339623,12.868626718007462,1.4819612424561703,4.2141491477031785,5.080097576450973,7.724100292801189,100,0.0,10.0,48,0.081,0.689,0.0,0
102,100,199814.0,3.0,7,4,2,2,0,9.199539594843465,1.0,199.814,4,1.0,3,3,0,1,True,False,11.92971821977269,11.103290969431653,15.888754765652685,0.0,False,0,0,2,2,0,0,2,False,1,1,1,8.615804546228038,11.081165210936366,9.352390354416496,11.89752592824341,10.954667306992226,13.620271656339623,12.868626718007462,1.4819612424561703,4.2141491477031785,5.080097576450973,7.724100292801189,100,0.0,10.0,48,0.081,0.689,0.0,0
103,100,199814.0,3.0,7,3,2,2,0,9.199539594843465,1.0,199.814,4,1.0,3,3,0,1,False,False,11.92971821977269,11.103290969431653,15.888754765652685,0.0,True,1,0,3,3,0,0,3,True,1,1,1,8.615804546228038,11.081165210936366,9.352390354416496,11.89752592824341,10.954667306992226,13.620271656339623,12.868626718007462,1.4819612424561703,4.2141491477031785,5.080097576450973,7.724100292801189,100,0.0,10.0,48,0.081,0.689,13.0,1
104,100,79706.0,2.0,1,2,1,3,0,4.623317865429234,1.0,79.706,3,1.0,2,2,0,1,False,False,12.01518833391241,11.064765562589123,15.908204389877891,0.0,False,0,0,2,2,0,0,2,False,1,1,1,8.615804546228038,11.081165210936366,9.352390354416496,11.89752592824341,10.954667306992226,13.620271656339623,12.868626718007462,1.4819612424561703,4.2141491477031785,5.080097576450973,7.724100292801189,100,0.0,10.0,48,0.081,0.689,0.0,0
105,100,85597.0,3.0,3,2,2,2,0,3.940930018416206,1.0,85.597,3,1.0,3,3,0,1,False,False,12.01518833391241,11.064765562589123,15.908204389877891,0.0,False,1,0,3,3,0,0,3,True,1,1,1,8.615804546228038,11.081165210936366,9.352390354416496,11.89752592824341,10.954667306992226,13.620271656339623,12.868626718007462,1.4819612424561703,4.2141491477031785,5.080097576450973,7.724100292801189,100,0.0,10.0,48,0.081,0.689,1.0,1
106,100,110597.0,1.0,6,1,0,3,0,8.667476489028212,1.0,110.597,4,1.0,1,1,0,1,False,False,11.932846900893573,11.17659602054752,16.015138358958378,0.0,False,0,0,1,1,0,0,1,False,1,1,1,8.615804546228038,11.081165210936366,9.352390354416496,11.89752592824341,10.954667306992226,13.620271656339623,12.868626718007462,1.4819612424561703,4.2141491477031785,5.080097576450973,7.724100292801189,100,0.0,10.0,48,0.081,0.689,0.0,0
107,100,25312.0,2.0,5,2,0,3,0,1.468213457076566,1.0,25.312,1,2.0,2,2,0,2,False,False,11.365884745996611,11.115004675643553,16.12266732694243,0.0,False,0,0,1,1,0,0,1,False,1,1,1,8.615804546228038,11.081165210936366,9.352390354416496,11.89752592824341,10.954667306992226,13.620271656339623,12.868626718007462,1.4819612424561703,4.2141491477031785,5.080097576450973,7.724100292801189,100,0.0,10.0,48,0.081,0.689,0.0,0
108,100,51162.0,1.0,4,1,0,3,0,4.009561128526646,1.0,51.162,2,1.0,1,1,0,0,False,False,11.850872264677353,10.93169114543449,15.644259462595068,0.0,False,0,0,1,1,0,0,1,False,1,1,1,8.615804546228038,11.081165210936366,9.352390354416496,11.89752592824341,10.954667306992226,13.620271656339623,12.868626718007462,1.4819612424561703,4.2141491477031785,5.080097576450973,7.724100292801189,100,0.0,10.0,48,0.081,0.689,0.0,0
109,100,31021.0,1.0,4,2,0,2,0,2.431112852664577,1.0,31.021,2,1.0,1,1,0,0,False,False,11.858033965482058,11.01271145323968,15.813041154649554,0.0,True,0,0,1,1,0,0,1,False,1,1,1,8.615804546228038,11.081165210936366,9.352390354416496,11.89752592824341,10.954667306992226,13.620271656339623,12.868626718007462,1.4819612424561703,4.2141491477031785,5.080097576450973,7.724100292801189,100,0.0,10.0,48,0.081,0.689,0.0,0
111,100,26928.0,3.0,1,1,1,4,0,1.239779005524862,1.0,26.928,1,2.0,3,3,0,2,False,False,11.20720759419711,10.969668398194193,15.686573697410658,0.0,False,0,0,1,1,0,0,1,False,1,1,1,8.615804546228038,11.081165210936366,9.352390354416496,11.89752592824341,10.954667306992226,13.620271656339623,12.868626718007462,1.4819612424561703,4.2141491477031785,5.080097576450973,7.724100292801189,100,0.0,10.0,48,0.081,0.689,0.0,0
112,165,98696.0,3.0,3,2,2,6,0,4.544014732965009,1.0,98.696,3,1.0,3,3,0,1,False,False,12.01518833391241,11.064765562589123,15.908204389877891,0.0,False,0,0,3,3,0,0,3,False,1,1,1,8.615804546228038,11.081165210936366,9.352390354416496,11.89752592824341,0.0,0.0,0.0,0.0,0.0,5.080097576450973,7.724100292801189,165,0.0,10.0,48,0.244,0.589,0.0,0
113,165,145427.0,3.0,1,1,1,2,0,6.695534069981584,1.0,145.427,4,2.0,3,3,0,1,False,False,11.932846900893573,11.17659602054752,16.015138358958378,0.0,False,0,0,3,3,0,0,3,False,1,1,1,8.615804546228038,11.081165210936366,9.352390354416496,11.89752592824341,0.0,0.0,0.0,0.0,0.0,5.080097576450973,7.724100292801189,165,0.0,10.0,48,0.244,0.589,0.0,0
114,165,88839.0,6.0,3,2,1,2,0,2.5267064846416383,1.0,88.839,3,5.0,2,1,5,0,False,False,12.01518833391241,11.064765562589123,15.908204389877891,0.0,False,0,0,6,1,0,5,6,False,144,1,144,8.615804546228038,11.081165210936366,9.352390354416496,11.89752592824341,0.0,0.0,0.0,0.0,0.0,5.080097576450973,7.724100292801189,165,0.0,10.0,48,0.244,0.589,0.0,0
115,165,304242.0,5.0,1,2,1,2,0,9.916623207301171,1.0,304.242,4,4.0,2,2,3,1,False,False,11.92971821977269,11.103290969431653,15.88875476565268,0.0,False,1,3,5,2,3,3,2,True,1,1,1,8.615804546228038,11.081165210936366,9.352390354416496,11.89752592824341,0.0,0.0,0.0,0.0,0.0,5.080097576450973,7.724100292801189,165,0.0,10.0,48,0.244,0.589,9.0,1
118,165,0.0,6.0,3,0,0,2,0,0.0,1.0,0.0,1,6.0,1,1,5,1,False,False,12.122177391907952,12.331133106728863,16.168233323394322,0.0,False,0,1,5,1,1,4,4,False,58,11,58,8.615804546228038,11.081165210936366,9.352390354416496,11.89752592824341,0.0,0.0,0.0,0.0,0.0,5.080097576450973,7.724100292801189,165,0.0,10.0,48,0.244,0.589,0.0,0
119,165,38851.0,3.0,1,2,1,3,0,1.788720073664825,1.0,38.851,2,2.0,3,3,0,2,False,False,11.858033965482058,11.01271145323968,15.813041154649554,0.0,False,0,0,3,3,0,0,3,False,1,1,1,8.615804546228038,11.081165210936366,9.352390354416496,11.89752592824341,0.0,0.0,0.0,0.0,0.0,5.080097576450973,7.724100292801189,165,0.0,10.0,48,0.244,0.589,0.0,0
120,165,38851.0,3.0,1,2,1,3,0,1.788720073664825,1.0,38.851,2,2.0,3,3,0,2,False,False,11.858033965482058,11.01271145323968,15.813041154649554,0.0,False,1,0,3,3,0,0,3,True,1,1,1,8.615804546228038,11.081165210936366,9.352390354416496,11.89752592824341,0.0,0.0,0.0,0.0,0.0,5.080097576450973,7.724100292801189,165,0.0,10.0,48,0.244,0.589,7.0,1
121,165,89718.0,2.0,1,1,1,2,0,5.204060324825986,1.0,89.718,3,1.0,2,2,0,1,False,False,12.000478573490804,11.04701305607602,16.06032251547365,0.0,False,1,0,2,2,0,0,2,True,1,1,1,8.615804546228038,11.081165210936366,9.352390354416496,11.89752592824341,0.0,0.0,0.0,0.0,0.0,5.080097576450973,7.724100292801189,165,0.0,10.0,48,0.244,0.589,13.0,1
122,165,46009.0,2.0,1,2,0,2,0,2.668735498839907,1.0,46.009,2,2.0,2,2,0,2,False,False,11.858033965482058,11.01271145323968,15.813041154649554,0.0,False,0,0,2,2,0,0,2,False,1,1,1,8.615804546228038,11.081165210936366,9.352390354416496,11.89752592824341,0.0,0.0,0.0,0.0,0.0,5.080097576450973,7.724100292801189,165,0.0,10.0,48,0.244,0.589,0.0,0
123,165,58020.0,2.0,5,2,2,6,0,3.365429234338748,1.0,58.02,2,0.0,2,2,0,0,False,False,11.858033965482058,11.01271145323968,15.813041154649554,0.0,False,0,0,2,2,0,0,2,False,1,1,1,8.615804546228038,11.081165210936366,9.352390354416496,11.89752592824341,0.0,0.0,0.0,0.0,0.0,5.080097576450973,7.724100292801189,165,0.0,10.0,48,0.244,0.589,0.0,0
124,165,77584.0,3.0,1,3,2,2,0,3.5720073664825045,1.0,77.584,3,1.0,3,3,0,1,False,False,12.01518833391241,11.064765562589123,15.908204389877891,0.0,False,0,0,2,2,0,0,2,False,1,1,1,8.615804546228038,11.081165210936366,9.352390354416496,11.89752592824341,0.0,0.0,0.0,0.0,0.0,5.080097576450973,7.724100292801189,165,0.0,10.0,48,0.244,0.589,0.0,0
125,165,188493.0,2.0,1,2,1,2,0,10.9334686774942,1.0,188.493,4,1.0,2,2,0,1,False,False,11.92971821977269,11.103290969431653,15.88875476565268,0.0,False,0,0,1,1,0,0,1,False,1,1,1,8.615804546228038,11.081165210936366,9.352390354416496,11.89752592824341,0.0,0.0,0.0,0.0,0.0,5.080097576450973,7.724100292801189,165,0.0,10.0,48,0.244,0.589,0.0,0
126,218,18498.0,2.0,1,2,0,9,0,1.072969837587007,1.0,18.498,1,2.0,2,2,0,1,False,False,11.388398807613331,11.108167811178747,14.858259271563542,0.0,False,1,0,2,2,0,0,2,True,1,1,1,8.60462957905934,11.077874369147551,9.346706460797282,11.891355142030015,11.04416721757737,13.71093038551755,12.960812961053902,1.5155755907758344,4.256715569083124,5.25367990272112,7.69074921978803,218,0.0,10.0,49,0.295,1.263,1.0,1
127,218,88839.0,6.0,3,4,1,2,0,2.5267064846416383,1.0,88.839,3,5.0,2,1,5,0,False,False,11.833013862248457,10.741752101213589,14.232937850510206,0.0,True,0,0,6,1,0,5,6,False,10,3,10,8.60462957905934,11.077874369147551,9.346706460797282,11.891355142030015,11.04416721757737,13.71093038551755,12.960812961053902,1.5155755907758344,4.256715569083124,5.25367990272112,7.69074921978803,218,0.0,10.0,49,0.295,1.263,0.0,0
128,218,121697.0,6.0,1,2,2,2,0,3.4612343572241184,1.0,121.697,4,4.0,3,2,4,0,False,False,11.917631032186923,11.3002836665253,14.789712872988249,0.0,False,0,1,5,2,0,3,5,False,8,37,8,8.60462957905934,11.077874369147551,9.346706460797282,11.891355142030015,11.04416721757737,13.71093038551755,12.960812961053902,1.5155755907758344,4.256715569083124,5.25367990272112,7.69074921978803,218,0.0,10.0,49,0.295,1.263,0.0,0
129,218,41742.0,5.0,1,2,1,3,0,1.360560625814863,1.0,41.742,2,4.0,2,2,3,1,False,False,11.721004063440931,11.139125591441111,14.553454540113808,0.0,False,0,2,4,2,1,2,3,False,3,3,3,8.60462957905934,11.077874369147551,9.346706460797282,11.891355142030015,11.04416721757737,13.71093038551755,12.960812961053902,1.5155755907758344,4.256715569083124,5.25367990272112,7.69074921978803,218,0.0,10.0,49,0.295,1.263,0.0,0
130,218,41742.0,5.0,1,1,1,3,0,1.360560625814863,1.0,41.742,2,4.0,2,2,3,1,False,False,11.644978146632978,11.033650147738872,14.492601936241488,0.0,False,1,2,4,1,2,3,2,True,5,5,5,8.60462957905934,11.077874369147551,9.346706460797282,11.891355142030015,11.04416721757737,13.71093038551755,12.960812961053902,1.5155755907758344,4.256715569083124,5.25367990272112,7.69074921978803,218,0.0,10.0,49,0.295,1.263,9.0,1
131,218,83971.0,3.0,1,2,2,7,0,3.866068139963168,1.0,83.971,3,1.0,3,3,0,1,False,False,11.833013862248457,10.741752101213589,14.232937850510206,0.0,False,0,0,2,2,0,0,2,False,1,1,1,8.60462957905934,11.077874369147551,9.346706460797282,11.891355142030015,11.04416721757737,13.71093038551755,12.960812961053902,1.5155755907758344,4.256715569083124,5.25367990272112,7.69074921978803,218,0.0,10.0,49,0.295,1.263,0.0,0
132,218,18133.0,3.0,3,1,0,2,0,0.834852670349908,1.0,18.133,1,3.0,1,1,2,0,False,False,11.382853823837506,11.239269697543827,14.81778127930148,0.0,False,0,2,3,1,2,2,1,False,1,1,1,8.60462957905934,11.077874369147551,9.346706460797282,11.891355142030015,11.04416721757737,13.71093038551755,12.960812961053902,1.5155755907758344,4.256715569083124,5.25367990272112,7.69074921978803,218,0.0,10.0,49,0.295,1.263,0.0,0
133,218,18133.0,3.0,3,2,0,2,0,0.834852670349908,1.0,18.133,1,3.0,1,1,2,0,False,False,11.388398807613331,11.108167811178747,14.858259271563542,0.0,False,0,2,1,1,0,0,1,False,1,1,1,8.60462957905934,11.077874369147551,9.346706460797282,11.891355142030015,11.04416721757737,13.71093038551755,12.960812961053902,1.5155755907758344,4.256715569083124,5.25367990272112,7.69074921978803,218,0.0,10.0,49,0.295,1.263,0.0,0
134,218,57099.0,6.0,1,2,1,3,0,1.6239761092150171,1.0,57.099,2,5.0,2,2,4,1,False,False,11.721004063440931,11.13912559144111,14.55345454011381,0.0,False,0,1,6,2,2,4,4,False,106,136,115,8.60462957905934,11.077874369147551,9.346706460797282,11.891355142030015,11.04416721757737,13.71093038551755,12.960812961053902,1.5155755907758344,4.256715569083124,5.25367990272112,7.69074921978803,218,0.0,10.0,49,0.295,1.263,0.0,0
135,218,95597.0,1.0,4,2,0,2,0,7.49192789968652,1.0,95.597,3,1.0,1,1,0,1,False,False,11.833013862248457,10.741752101213589,14.232937850510208,0.0,False,0,0,1,1,0,0,1,False,1,1,1,8.60462957905934,11.077874369147551,9.346706460797282,11.891355142030015,11.04416721757737,13.71093038551755,12.960812961053902,1.5155755907758344,4.256715569083124,5.25367990272112,7.69074921978803,218,0.0,10.0,49,0.295,1.263,0.0,0
136,218,51213.0,8.0,1,2,2,7,0,1.160766092475068,1.0,51.213,2,6.0,3,3,5,1,False,False,11.721004063440931,11.139125591441111,14.553454540113808,0.0,True,0,1,7,3,0,4,7,False,157,113,86,8.60462957905934,11.077874369147551,9.346706460797282,11.891355142030015,11.04416721757737,13.71093038551755,12.960812961053902,1.5155755907758344,4.256715569083124,5.25367990272112,7.69074921978803,218,0.0,10.0,49,0.295,1.263,0.0,0
137,218,51213.0,8.0,1,0,2,7,0,1.160766092475068,1.0,51.213,2,6.0,3,3,5,1,False,False,12.677811868436754,12.33525108804131,14.703386748300712,0.0,False,0,1,7,2,1,5,6,False,25,4,25,8.60462957905934,11.077874369147551,9.346706460797282,11.891355142030015,11.04416721757737,13.71093038551755,12.960812961053902,1.5155755907758344,4.256715569083124,5.25367990272112,7.69074921978803,218,0.0,10.0,49,0.295,1.263,0.0,0
138,218,0.0,4.0,3,1,0,2,0,0.0,1.0,0.0,1,4.0,1,1,3,1,False,False,11.382853823837506,11.239269697543827,14.81778127930148,0.0,False,1,1,4,1,1,3,3,True,15,15,15,8.60462957905934,11.077874369147551,9.346706460797282,11.891355142030015,11.04416721757737,13.71093038551755,12.960812961053902,1.5155755907758344,4.256715569083124,5.25367990272112,7.69074921978803,218,0.0,10.0,49,0.295,1.263,6.0,1
139,218,40735.0,1.0,6,1,0,6,0,3.192398119122257,1.0,40.735,2,1.0,1,1,0,0,False,False,11.644978146632978,11.033650147738872,14.492601936241488,0.0,False,0,0,1,1,0,0,1,False,1,1,1,8.60462957905934,11.077874369147551,9.346706460797282,11.891355142030015,11.04416721757737,13.71093038551755,12.960812961053902,1.5155755907758344,4.256715569083124,5.25367990272112,7.69074921978803,218,0.0,10.0,49,0.295,1.263,0.0,0
140,218,57099.0,3.0,3,1,1,7,0,2.628867403314917,1.0,57.099,2,2.0,1,1,2,0,False,False,11.644978146632978,11.033650147738872,14.49260193624149,0.0,False,0,0,3,1,0,2,3,False,7,7,7,8.60462957905934,11.077874369147551,9.346706460797282,11.891355142030015,11.04416721757737,13.71093038551755,12.960812961053902,1.5155755907758344,4.256715569083124,5.25367990272112,7.69074921978803,218,0.0,10.0,49,0.295,1.263,0.0,0
141,218,27605.0,2.0,2,1,0,8,0,1.601218097447796,1.0,27.605,1,2.0,2,2,0,0,False,False,11.382853823837506,11.239269697543827,14.81778127930148,0.0,False,0,0,1,1,0,0,1,False,1,1,1,8.60462957905934,11.077874369147551,9.346706460797282,11.891355142030015,11.04416721757737,13.71093038551755,12.960812961053902,1.5155755907758344,4.256715569083124,5.25367990272112,7.69074921978803,218,0.0,10.0,49,0.295,1.263,0.0,0
142,218,86957.0,2.0,1,2,0,3,0,5.0439095127610205,1.0,86.957,3,2.0,2,2,0,0,False,False,11.833013862248457,10.741752101213589,14.232937850510208,0.0,False,1,0,2,2,0,0,2,True,1,1,1,8.60462957905934,11.077874369147551,9.346706460797282,11.891355142030015,11.04416721757737,13.71093038551755,12.960812961053902,1.5155755907758344,4.256715569083124,5.25367990272112,7.69074921978803,218,0.0,10.0,49,0.295,1.263,4.0,1
143,218,27197.0,5.0,1,1,1,8,0,0.8864732724902217,1.0,27.197,1,4.0,2,2,3,1,False,False,11.382853823837506,11.239269697543827,14.81778127930148,0.0,False,0,1,3,1,0,2,3,False,5,1,5,8.60462957905934,11.077874369147551,9.346706460797282,11.891355142030015,11.04416721757737,13.71093038551755,12.960812961053902,1.5155755907758344,4.256715569083124,5.25367990272112,7.69074921978803,218,0.0,10.0,49,0.295,1.263,0.0,0
144,218,73658.0,2.0,1,1,1,9,0,4.272505800464037,1.0,73.658,3,1.0,2,2,0,1,False,False,11.765296022485908,11.365697950903805,14.2194365186633,0.0,False,0,0,2,2,0,0,2,False,1,1,1,8.60462957905934,11.077874369147551,9.346706460797282,11.891355142030015,11.04416721757737,13.71093038551755,12.960812961053902,1.5155755907758344,4.256715569083124,5.25367990272112,7.69074921978803,218,0.0,10.0,49,0.295,1.263,0.0,0
145,218,62326.0,3.0,1,4,2,2,0,2.869521178637201,1.0,62.326,3,1.0,3,3,0,0,False,False,11.833013862248457,10.741752101213589,14.232937850510206,0.0,False,0,0,3,3,0,0,3,False,1,1,1,8.60462957905934,11.077874369147551,9.346706460797282,11.891355142030015,11.04416721757737,13.71093038551755,12.960812961053902,1.5155755907758344,4.256715569083124,5.25367990272112,7.69074921978803,218,0.0,10.0,49,0.295,1.263,0.0,0
146,218,57340.0,2.0,2,2,1,8,0,3.3259860788863107,1.0,57.34,2,1.0,2,2,0,1,False,False,11.721004063440931,11.139125591441111,14.553454540113808,0.0,False,1,0,2,2,0,0,2,True,1,1,1,8.60462957905934,11.077874369147551,9.346706460797282,11.891355142030015,11.04416721757737,13.71093038551755,12.960812961053902,1.5155755907758344,4.256715569083124,5.25367990272112,7.69074921978803,218,0.0,10.0,49,0.295,1.263,1.0,1
147,218,203976.0,6.0,1,2,2,2,0,5.80136518771331,1.0,203.976,4,4.0,2,2,4,0,False,False,11.917631032186923,11.3002836665253,14.789712872988249,0.0,False,1,2,5,2,1,3,4,True,30,30,15,8.60462957905934,11.077874369147551,9.346706460797282,11.891355142030015,11.04416721757737,13.71093038551755,12.960812961053902,1.5155755907758344,4.256715569083124,5.25367990272112,7.69074921978803,218,0.0,10.0,49,0.295,1.263,6.0,1
148,218,190264.0,3.0,1,3,2,2,0,8.759852670349908,1.0,190.264,4,1.0,3,3,0,1,False,False,11.917631032186923,11.3002836665253,14.789712872988249,0.0,False,0,0,3,3,0,0,3,False,1,1,1,8.60462957905934,11.077874369147551,9.346706460797282,11.891355142030015,11.04416721757737,13.71093038551755,12.960812961053902,1.5155755907758344,4.256715569083124,5.25367990272112,7.69074921978803,218,0.0,10.0,49,0.295,1.263,0.0,0
149,218,63459.0,6.0,1,1,1,2,0,1.804863481228669,1.0,63.459,3,5.0,2,2,4,1,False,False,11.765296022485908,11.365697950903805,14.2194365186633,0.0,False,0,0,6,2,0,4,6,False,134,15,134,8.60462957905934,11.077874369147551,9.346706460797282,11.891355142030015,11.04416721757737,13.71093038551755,12.960812961053902,1.5155755907758344,4.256715569083124,5.25367990272112,7.69074921978803,218,0.0,10.0,49,0.295,1.263,0.0,0
151,218,74320.0,2.0,1,2,2,3,0,4.310904872389791,1.0,74.32,3,0.0,2,2,0,0,False,False,11.833013862248457,10.741752101213589,14.232937850510208,0.0,False,0,0,2,2,0,0,2,False,1,1,1,8.60462957905934,11.077874369147551,9.346706460797282,11.891355142030015,11.04416721757737,13.71093038551755,12.960812961053902,1.5155755907758344,4.256715569083124,5.25367990272112,7.69074921978803,218,0.0,10.0,49,0.295,1.263,0.0,0
152,218,46746.0,6.0,1,2,2,4,0,1.3295221843003413,1.0,46.746,2,4.0,2,2,4,0,False,False,11.721004063440931,11.13912559144111,14.55345454011381,0.0,False,0,1,5,2,2,3,3,False,118,54,116,8.60462957905934,11.077874369147551,9.346706460797282,11.891355142030015,11.04416721757737,13.71093038551755,12.960812961053902,1.5155755907758344,4.256715569083124,5.25367990272112,7.69074921978803,218,0.0,10.0,49,0.295,1.263,0.0,0
153,218,59241.0,2.0,1,2,1,5,0,3.4362529002320183,1.0,59.241,2,1.0,2,2,0,1,False,False,11.721004063440931,11.139125591441111,14.553454540113808,0.0,False,0,0,2,2,0,0,2,False,1,1,1,8.60462957905934,11.077874369147551,9.346706460797282,11.891355142030015,11.04416721757737,13.71093038551755,12.960812961053902,1.5155755907758344,4.256715569083124,5.25367990272112,7.69074921978803,218,0.0,10.0,49,0.295,1.263,0.0,0
154,218,43084.0,3.0,1,2,1,2,0,1.983609576427256,1.0,43.084,2,2.0,3,3,0,2,False,False,11.721004063440931,11.13912559144111,14.55345454011381,0.0,False,1,0,2,2,0,0,2,True,1,1,1,8.60462957905934,11.077874369147551,9.346706460797282,11.891355142030015,11.04416721757737,13.71093038551755,12.960812961053902,1.5155755907758344,4.256715569083124,5.25367990272112,7.69074921978803,218,0.0,10.0,49,0.295,1.263,7.0,1
155,218,64626.0,1.0,4,2,0,6,0,5.0647335423197495,1.0,64.626,3,1.0,1,1,0,0,False,False,11.833013862248457,10.741752101213589,14.232937850510208,0.0,False,0,0,1,1,0,0,1,False,1,1,1,8.60462957905934,11.077874369147551,9.346706460797282,11.891355142030015,11.04416721757737,13.71093038551755,12.960812961053902,1.5155755907758344,4.256715569083124,5.25367990272112,7.69074921978803,218,0.0,10.0,49,0.295,1.263,0.0,0
156,218,56009.0,2.0,7,3,1,2,0,3.248781902552204,1.0,56.009,2,1.0,2,2,0,1,False,False,11.721004063440931,11.139125591441111,14.553454540113808,0.0,False,0,0,2,2,0,0,2,False,1,1,1,8.60462957905934,11.077874369147551,9.346706460797282,11.891355142030015,11.04416721757737,13.71093038551755,12.960812961053902,1.5155755907758344,4.256715569083124,5.25367990272112,7.69074921978803,218,0.0,10.0,49,0.295,1.263,0.0,0
157,218,106202.0,6.0,3,2,1,3,0,3.020534698521047,1.0,106.202,4,5.0,4,2,4,0,False,False,11.917631032186923,11.3002836665253,14.789712872988249,0.0,True,0,0,5,1,1,4,4,False,9,5,9,8.60462957905934,11.077874369147551,9.346706460797282,11.891355142030015,11.04416721757737,13.71093038551755,12.960812961053902,1.5155755907758344,4.256715569083124,5.25367990272112,7.69074921978803,218,0.0,10.0,49,0.295,1.263,0.0,0
158,218,106202.0,6.0,3,2,1,3,0,3.020534698521047,1.0,106.202,4,5.0,4,2,4,0,False,False,11.917631032186923,11.3002836665253,14.789712872988249,0.0,False,0,0,6,2,1,4,5,False,34,1,34,8.60462957905934,11.077874369147551,9.346706460797282,11.891355142030015,11.04416721757737,13.71093038551755,12.960812961053902,1.5155755907758344,4.256715569083124,5.25367990272112,7.69074921978803,218,0.0,10.0,49,0.295,1.263,0.0,0
159,218,106202.0,6.0,3,2,1,3,0,3.020534698521047,1.0,106.202,4,5.0,4,2,4,0,False,False,11.917631032186923,11.3002836665253,14.789712872988249,0.0,False,0,0,5,2,1,3,4,False,7,33,7,8.60462957905934,11.077874369147551,9.346706460797282,11.891355142030015,11.04416721757737,13.71093038551755,12.960812961053902,1.5155755907758344,4.256715569083124,5.25367990272112,7.69074921978803,218,0.0,10.0,49,0.295,1.263,0.0,0
160,218,23912.0,3.0,3,0,1,3,0,1.1009208103130754,1.0,23.912,1,2.0,1,1,2,0,False,False,12.222669551721172,12.544614248315478,14.930023993123152,0.0,False,0,0,3,1,0,2,3,False,3,3,3,8.60462957905934,11.077874369147551,9.346706460797282,11.891355142030015,11.04416721757737,13.71093038551755,12.960812961053902,1.5155755907758344,4.256715569083124,5.25367990272112,7.69074921978803,218,0.0,10.0,49,0.295,1.263,0.0,0
162,245,257747.0,5.0,1,2,1,2,0,8.401140808344199,1.0,257.747,4,4.0,5,5,0,3,False,False,12.098832136828891,12.02994408324286,15.49117080649354,0.0,True,1,0,3,3,0,0,3,True,1,1,1,8.898495483964135,11.304547250453526,9.43552338135913,11.96090392013016,10.383968785367289,13.119188221757575,12.263821227669654,2.236557642012463,5.215235423411677,5.082092553311152,7.403524426944653,245,0.0,10.0,70,0.126,0.759,1.0,1
163,245,47092.0,2.0,1,2,1,2,0,2.731554524361949,1.0,47.092,2,1.0,2,2,0,1,False,False,11.766329007696546,11.949547070934525,15.190665999276408,0.0,False,0,0,2,2,0,0,2,False,1,1,1,8.898495483964135,11.304547250453526,9.43552338135913,11.96090392013016,10.383968785367289,13.119188221757575,12.263821227669654,2.236557642012463,5.215235423411677,5.082092553311152,7.403524426944653,245,0.0,10.0,70,0.126,0.759,0.0,0
164,245,164482.0,2.0,1,4,2,2,0,9.540719257540603,1.0,164.482,4,0.0,2,2,0,0,False,False,12.098832136828891,12.02994408324286,15.49117080649354,0.0,True,0,0,2,2,0,0,2,False,1,1,1,8.898495483964135,11.304547250453526,9.43552338135913,11.96090392013016,10.383968785367289,13.119188221757575,12.263821227669654,2.236557642012463,5.215235423411677,5.082092553311152,7.403524426944653,245,0.0,10.0,70,0.126,0.759,0.0,0
165,245,52910.0,3.0,1,2,2,2,0,2.4360036832412524,1.0,52.91,2,1.0,3,3,0,1,False,False,11.766329007696546,11.949547070934525,15.19066599927641,0.0,True,0,0,3,3,0,0,3,False,1,1,1,8.898495483964135,11.304547250453526,9.43552338135913,11.96090392013016,10.383968785367289,13.119188221757575,12.263821227669654,2.236557642012463,5.215235423411677,5.082092553311152,7.403524426944653,245,0.0,10.0,70,0.126,0.759,0.0,0
166,245,28756.0,1.0,6,1,1,2,0,2.253605015673981,1.0,28.756,1,0.0,1,1,0,0,False,False,11.640650731378448,11.56318189428275,15.669746518527674,0.0,False,0,0,1,1,0,0,1,False,1,1,1,8.898495483964135,11.304547250453526,9.43552338135913,11.96090392013016,10.383968785367289,13.119188221757575,12.263821227669654,2.236557642012463,5.215235423411677,5.082092553311152,7.403524426944653,245,0.0,10.0,70,0.126,0.759,0.0,0
167,245,73658.0,2.0,1,1,1,9,0,4.272505800464037,1.0,73.658,3,1.0,2,2,0,1,False,False,11.956145206481455,11.687267684764262,14.933765805704908,0.0,False,0,0,2,2,0,0,2,False,1,1,1,8.898495483964135,11.304547250453526,9.43552338135913,11.96090392013016,10.383968785367289,13.119188221757575,12.263821227669654,2.236557642012463,5.215235423411677,5.082092553311152,7.403524426944653,245,0.0,10.0,70,0.126,0.759,0.0,0
168,245,26857.0,1.0,6,1,0,4,0,2.104780564263323,1.0,26.857,1,1.0,1,1,0,0,False,False,11.640650731378448,11.56318189428275,15.669746518527674,0.0,False,0,0,1,1,0,0,1,False,1,1,1,8.898495483964135,11.304547250453526,9.43552338135913,11.96090392013016,10.383968785367289,13.119188221757575,12.263821227669654,2.236557642012463,5.215235423411677,5.082092553311152,7.403524426944653,245,0.0,10.0,70,0.126,0.759,0.0,0
169,245,23231.0,1.0,6,1,0,2,0,1.820611285266457,1.0,23.231,1,1.0,1,1,0,0,False,False,11.640650731378448,11.56318189428275,15.669746518527674,0.0,True,0,0,1,1,0,0,1,False,1,1,1,8.898495483964135,11.304547250453526,9.43552338135913,11.96090392013016,10.383968785367289,13.119188221757575,12.263821227669654,2.236557642012463,5.215235423411677,5.082092553311152,7.403524426944653,245,0.0,10.0,70,0.126,0.759,0.0,0
170,245,158308.0,3.0,3,2,1,1,0,7.288581952117863,1.0,158.308,4,2.0,3,3,0,0,True,False,12.098832136828896,12.02994408324286,15.491170806493535,0.0,False,0,0,2,2,0,0,2,False,1,1,1,8.898495483964135,11.304547250453526,9.43552338135913,11.96090392013016,10.383968785367289,13.119188221757575,12.263821227669654,2.236557642012463,5.215235423411677,5.082092553311152,7.403524426944653,245,0.0,10.0,70,0.126,0.759,0.0,0
171,245,90656.0,2.0,1,1,1,2,0,5.258468677494199,1.0,90.656,3,1.0,2,2,0,0,False,False,11.956145206481455,11.687267684764262,14.933765805704908,0.0,False,0,0,1,1,0,0,1,False,1,1,1,8.898495483964135,11.304547250453526,9.43552338135913,11.96090392013016,10.383968785367289,13.119188221757575,12.263821227669654,2.236557642012463,5.215235423411677,5.082092553311152,7.403524426944653,245,0.0,10.0,70,0.126,0.759,0.0,0
172,245,0.0,1.0,6,1,0,2,0,0.0,1.0,0.0,1,1.0,1,1,0,1,False,False,11.640650731378448,11.56318189428275,15.669746518527674,0.0,False,0,0,1,1,0,0,1,False,1,1,1,8.898495483964135,11.304547250453526,9.43552338135913,11.96090392013016,10.383968785367289,13.119188221757575,12.263821227669654,2.236557642012463,5.215235423411677,5.082092553311152,7.403524426944653,245,0.0,10.0,70,0.126,0.759,0.0,0
173,245,118481.0,1.0,6,1,1,2,0,9.285344827586206,1.0,118.481,4,0.0,1,1,0,0,False,False,12.15147359297918,11.273722099682054,15.65230664750677,0.0,True,0,0,1,1,0,0,1,False,1,1,1,8.898495483964135,11.304547250453526,9.43552338135913,11.96090392013016,10.383968785367289,13.119188221757575,12.263821227669654,2.236557642012463,5.215235423411677,5.082092553311152,7.403524426944653,245,0.0,10.0,70,0.126,0.759,0.0,0
174,245,26928.0,3.0,1,1,1,4,0,1.239779005524862,1.0,26.928,1,2.0,3,3,0,2,False,False,11.640650731378448,11.56318189428275,15.669746518527674,0.0,False,0,0,2,2,0,0,2,False,1,1,1,8.898495483964135,11.304547250453526,9.43552338135913,11.96090392013016,10.383968785367289,13.119188221757575,12.263821227669654,2.236557642012463,5.215235423411677,5.082092553311152,7.403524426944653,245,0.0,10.0,70,0.126,0.759,0.0,0
175,251,38851.0,3.0,1,2,1,3,0,1.788720073664825,1.0,38.851,2,2.0,3,3,0,2,False,False,11.740002968581155,11.120674628550008,15.62184495421959,0.0,False,0,0,2,2,0,0,2,False,1,1,1,8.56841157712275,11.045443265258749,9.242161094873849,11.79057022359649,0.0,0.0,0.0,0.0,0.0,5.100044628799747,7.814928339606143,251,0.0,10.0,46,0.263,0.738,0.0,0
176,251,131858.0,2.0,2,4,0,2,0,7.648375870069605,1.0,131.858,4,2.0,2,2,0,2,False,False,11.818854196025736,11.226030539018366,15.98688561450188,0.0,False,1,0,2,2,0,0,2,True,1,1,1,8.56841157712275,11.045443265258749,9.242161094873849,11.79057022359649,0.0,0.0,0.0,0.0,0.0,5.100044628799747,7.814928339606143,251,0.0,10.0,46,0.263,0.738,4.0,1
177,251,120636.0,3.0,2,3,2,7,0,5.55414364640884,1.0,120.636,4,1.0,3,3,0,1,False,False,11.818854196025734,11.226030539018366,15.98688561450188,0.0,False,0,0,3,3,0,0,3,False,1,1,1,8.56841157712275,11.045443265258749,9.242161094873849,11.79057022359649,0.0,0.0,0.0,0.0,0.0,5.100044628799747,7.814928339606143,251,0.0,10.0,46,0.263,0.738,0.0,0
178,251,202496.0,2.0,3,2,2,6,0,11.74570765661253,1.0,202.496,4,0.0,2,2,0,0,False,False,11.818854196025736,11.226030539018366,15.98688561450188,0.0,True,0,0,2,2,0,0,2,False,1,1,1,8.56841157712275,11.045443265258749,9.242161094873849,11.79057022359649,0.0,0.0,0.0,0.0,0.0,5.100044628799747,7.814928339606143,251,0.0,10.0,46,0.263,0.738,0.0,0
179,251,74751.0,3.0,5,1,0,4,0,3.441574585635359,1.0,74.751,3,3.0,3,3,0,3,False,False,11.812794923332454,11.420265521956823,15.300227297232455,0.0,False,0,0,2,2,0,0,2,False,1,1,1,8.56841157712275,11.045443265258749,9.242161094873849,11.79057022359649,0.0,0.0,0.0,0.0,0.0,5.100044628799747,7.814928339606143,251,0.0,10.0,46,0.263,0.738,0.0,0
180,251,64626.0,1.0,4,0,0,6,0,5.0647335423197495,1.0,64.626,3,1.0,1,1,0,0,False,False,12.937124014559572,12.588858107737773,16.671581162636485,0.0,False,0,0,1,1,0,0,1,False,1,1,1,8.56841157712275,11.045443265258749,9.242161094873849,11.79057022359649,0.0,0.0,0.0,0.0,0.0,5.100044628799747,7.814928339606143,251,0.0,10.0,46,0.263,0.738,0.0,0
181,251,110597.0,1.0,6,1,0,3,0,8.667476489028212,1.0,110.597,4,1.0,1,1,0,1,False,False,11.943748151545682,11.241295514971046,15.46536649901243,0.0,False,0,0,1,1,0,0,1,False,1,1,1,8.56841157712275,11.045443265258749,9.242161094873849,11.79057022359649,0.0,0.0,0.0,0.0,0.0,5.100044628799747,7.814928339606143,251,0.0,10.0,46,0.263,0.738,0.0,0
184,293,122670.0,7.0,1,4,1,2,0,3.0946014127144297,1.0,122.67,4,6.0,3,3,4,2,False,False,11.856920507850012,11.71600125889942,16.931424489819747,0.0,True,1,3,6,2,3,4,3,True,5,5,5,8.54879574040562,11.034702200202991,9.317464483040958,11.87042848208686,11.014026117560917,13.681674167462155,12.929334434748558,1.504284067589561,4.240181394762681,5.021689597001096,7.6062144317100575,293,0.0,10.0,22,0.156,0.587,3.0,1
185,293,86405.0,2.0,1,2,0,2,0,5.011890951276103,1.0,86.405,3,2.0,2,2,0,0,False,False,11.692982341464043,11.72652566861444,17.317305002709436,0.0,False,0,0,1,1,0,0,1,False,1,1,1,8.54879574040562,11.034702200202991,9.317464483040958,11.87042848208686,11.014026117560917,13.681674167462155,12.929334434748558,1.504284067589561,4.240181394762681,5.021689597001096,7.6062144317100575,293,0.0,10.0,22,0.156,0.587,0.0,0
186,293,16482.0,1.0,4,1,0,1,0,1.291692789968652,1.0,16.482,1,1.0,1,1,0,0,False,False,11.357549915918751,12.022683085709048,16.72179467379138,0.0,False,0,0,1,1,0,0,1,False,1,1,1,8.54879574040562,11.034702200202991,9.317464483040958,11.87042848208686,11.014026117560917,13.681674167462155,12.929334434748558,1.504284067589561,4.240181394762681,5.021689597001096,7.6062144317100575,293,0.0,10.0,22,0.156,0.587,0.0,0
187,293,18013.0,1.0,6,1,0,1,0,1.4116771159874608,1.0,18.013,1,1.0,1,1,0,0,False,False,11.357549915918751,12.022683085709048,16.72179467379138,0.0,False,0,0,1,1,0,0,1,False,1,1,1,8.54879574040562,11.034702200202991,9.317464483040958,11.87042848208686,11.014026117560917,13.681674167462155,12.929334434748558,1.504284067589561,4.240181394762681,5.021689597001096,7.6062144317100575,293,0.0,10.0,22,0.156,0.587,0.0,0
188,293,47092.0,2.0,1,2,1,2,0,2.731554524361949,1.0,47.092,2,1.0,2,2,0,1,False,False,11.671365718844871,11.990169858956513,16.21220522028487,0.0,False,0,0,2,2,0,0,2,False,1,1,1,8.54879574040562,11.034702200202991,9.317464483040958,11.87042848208686,11.014026117560917,13.681674167462155,12.929334434748558,1.504284067589561,4.240181394762681,5.021689597001096,7.6062144317100575,293,0.0,10.0,22,0.156,0.587,0.0,0
189,293,23546.0,2.0,2,1,1,2,0,1.3657772621809745,1.0,23.546,1,1.0,2,2,0,1,False,False,11.357549915918751,12.022683085709048,16.72179467379138,0.0,False,0,0,1,1,0,0,1,False,1,1,1,8.54879574040562,11.034702200202991,9.317464483040958,11.87042848208686,11.014026117560917,13.681674167462155,12.929334434748558,1.504284067589561,4.240181394762681,5.021689597001096,7.6062144317100575,293,0.0,10.0,22,0.156,0.587,0.0,0
192,293,164482.0,2.0,1,2,2,2,0,9.540719257540603,1.0,164.482,4,0.0,2,2,0,0,False,False,11.856920507850012,11.71600125889942,16.931424489819747,0.0,False,0,0,2,2,0,0,2,False,1,1,1,8.54879574040562,11.034702200202991,9.317464483040958,11.87042848208686,11.014026117560917,13.681674167462155,12.929334434748558,1.504284067589561,4.240181394762681,5.021689597001096,7.6062144317100575,293,0.0,10.0,22,0.156,0.587,0.0,0
193,293,49230.0,1.0,6,1,0,1,0,3.858150470219436,1.0,49.23,2,1.0,1,1,0,0,False,False,11.654980862083876,11.737481516001193,16.60255309548171,0.0,False,0,0,1,1,0,0,1,False,1,1,1,8.54879574040562,11.034702200202991,9.317464483040958,11.87042848208686,11.014026117560917,13.681674167462155,12.929334434748558,1.504284067589561,4.240181394762681,5.021689597001096,7.6062144317100575,293,0.0,10.0,22,0.156,0.587,0.0,0
194,293,52910.0,3.0,1,3,2,2,0,2.4360036832412524,1.0,52.91,2,1.0,3,3,0,1,False,False,11.671365718844871,11.990169858956513,16.21220522028487,0.0,False,0,0,3,3,0,0,3,False,1,1,1,8.54879574040562,11.034702200202991,9.317464483040958,11.87042848208686,11.014026117560917,13.681674167462155,12.929334434748558,1.504284067589561,4.240181394762681,5.021689597001096,7.6062144317100575,293,0.0,10.0,22,0.156,0.587,0.0,0
195,293,110422.0,1.0,4,1,1,5,0,8.653761755485894,1.0,110.422,4,0.0,1,1,0,0,False,False,11.823599662299968,11.46477918492922,16.503392860773392,0.0,False,0,0,1,1,0,0,1,False,1,1,1,8.54879574040562,11.034702200202991,9.317464483040958,11.87042848208686,11.014026117560917,13.681674167462155,12.929334434748558,1.504284067589561,4.240181394762681,5.021689597001096,7.6062144317100575,293,0.0,10.0,22,0.156,0.587,0.0,0
196,293,115023.0,1.0,4,1,1,2,0,9.01434169278997,1.0,115.023,4,0.0,1,1,0,0,False,False,11.823599662299968,11.46477918492922,16.503392860773392,0.0,True,0,0,1,1,0,0,1,False,1,1,1,8.54879574040562,11.034702200202991,9.317464483040958,11.87042848208686,11.014026117560917,13.681674167462155,12.929334434748558,1.504284067589561,4.240181394762681,5.021689597001096,7.6062144317100575,293,0.0,10.0,22,0.156,0.587,0.0,0
197,293,54061.0,2.0,1,1,2,5,0,3.135788863109049,1.0,54.061,2,0.0,2,2,0,0,False,False,11.654980862083876,11.737481516001193,16.60255309548171,0.0,False,0,0,2,2,0,0,2,False,1,1,1,8.54879574040562,11.034702200202991,9.317464483040958,11.87042848208686,11.014026117560917,13.681674167462155,12.929334434748558,1.504284067589561,4.240181394762681,5.021689597001096,7.6062144317100575,293,0.0,10.0,22,0.156,0.587,0.0,0
198,293,142783.0,1.0,4,1,1,3,0,11.189890282131662,1.0,142.783,4,0.0,1,1,0,0,False,False,11.823599662299968,11.46477918492922,16.503392860773392,0.0,True,0,0,1,1,0,0,1,False,1,1,1,8.54879574040562,11.034702200202991,9.317464483040958,11.87042848208686,11.014026117560917,13.681674167462155,12.929334434748558,1.504284067589561,4.240181394762681,5.021689597001096,7.6062144317100575,293,0.0,10.0,22,0.156,0.587,0.0,0
200,293,28330.0,1.0,4,1,1,3,0,2.220219435736677,1.0,28.33,1,0.0,1,1,0,0,False,False,11.357549915918751,12.022683085709048,16.72179467379138,0.0,False,0,0,1,1,0,0,1,False,1,1,1,8.54879574040562,11.034702200202991,9.317464483040958,11.87042848208686,11.014026117560917,13.681674167462155,12.929334434748558,1.504284067589561,4.240181394762681,5.021689597001096,7.6062144317100575,293,0.0,10.0,22,0.156,0.587,0.0,0
201,293,90656.0,2.0,1,2,1,2,0,5.258468677494199,1.0,90.656,3,1.0,2,2,0,0,False,False,11.692982341464043,11.72652566861444,17.317305002709436,0.0,False,0,0,2,2,0,0,2,False,1,1,1,8.54879574040562,11.034702200202991,9.317464483040958,11.87042848208686,11.014026117560917,13.681674167462155,12.929334434748558,1.504284067589561,4.240181394762681,5.021689597001096,7.6062144317100575,293,0.0,10.0,22,0.156,0.587,0.0,0
202,293,202496.0,2.0,3,2,2,6,0,11.74570765661253,1.0,202.496,4,0.0,2,2,0,0,False,False,11.856920507850012,11.71600125889942,16.931424489819747,0.0,True,0,0,2,2,0,0,2,False,1,1,1,8.54879574040562,11.034702200202991,9.317464483040958,11.87042848208686,11.014026117560917,13.681674167462155,12.929334434748558,1.504284067589561,4.240181394762681,5.021689597001096,7.6062144317100575,293,0.0,10.0,22,0.156,0.587,0.0,0
203,293,0.0,1.0,6,0,0,2,0,0.0,1.0,0.0,1,1.0,1,1,0,1,False,False,12.42695472673072,13.270864901464776,16.485999771359516,0.0,False,0,0,1,1,0,0,1,False,1,1,1,8.54879574040562,11.034702200202991,9.317464483040958,11.87042848208686,11.014026117560917,13.681674167462155,12.929334434748558,1.504284067589561,4.240181394762681,5.021689597001096,7.6062144317100575,293,0.0,10.0,22,0.156,0.587,0.0,0
204,293,17234.0,1.0,6,1,1,6,0,1.350626959247649,1.0,17.234,1,0.0,1,1,0,0,False,False,11.357549915918751,12.022683085709048,16.72179467379138,0.0,True,0,0,1,1,0,0,1,False,1,1,1,8.54879574040562,11.034702200202991,9.317464483040958,11.87042848208686,11.014026117560917,13.681674167462155,12.929334434748558,1.504284067589561,4.240181394762681,5.021689597001096,7.6062144317100575,293,0.0,10.0,22,0.156,0.587,0.0,0
205,293,24235.0,3.0,1,2,2,7,0,1.1157918968692448,1.0,24.235,1,1.0,3,3,0,1,False,False,11.305396479298745,11.891267029264728,16.5944530798323,0.0,True,0,0,2,2,0,0,2,False,1,1,1,8.54879574040562,11.034702200202991,9.317464483040958,11.87042848208686,11.014026117560917,13.681674167462155,12.929334434748558,1.504284067589561,4.240181394762681,5.021689597001096,7.6062144317100575,293,0.0,10.0,22,0.156,0.587,0.0,0
206,293,46746.0,6.0,1,2,2,4,0,1.3295221843003413,1.0,46.746,2,4.0,2,2,4,0,False,False,11.671365718844871,11.990169858956513,16.21220522028487,0.0,False,1,3,4,2,1,2,3,True,5,5,5,8.54879574040562,11.034702200202991,9.317464483040958,11.87042848208686,11.014026117560917,13.681674167462155,12.929334434748558,1.504284067589561,4.240181394762681,5.021689597001096,7.6062144317100575,293,0.0,10.0,22,0.156,0.587,9.0,1
207,293,64626.0,2.0,1,2,1,9,0,3.7486078886310894,1.0,64.626,3,1.0,2,2,0,1,False,False,11.692982341464043,11.72652566861444,17.317305002709436,0.0,False,1,0,2,2,0,0,2,True,1,1,1,8.54879574040562,11.034702200202991,9.317464483040958,11.87042848208686,11.014026117560917,13.681674167462155,12.929334434748558,1.504284067589561,4.240181394762681,5.021689597001096,7.6062144317100575,293,0.0,10.0,22,0.156,0.587,7.0,1
208,293,61180.0,3.0,1,3,1,4,0,2.8167587476979743,1.0,61.18,3,2.0,3,3,0,0,False,False,11.692982341464043,11.726525668614435,17.317305002709436,0.0,False,0,0,3,3,0,0,3,False,1,1,1,8.54879574040562,11.034702200202991,9.317464483040958,11.87042848208686,11.014026117560917,13.681674167462155,12.929334434748558,1.504284067589561,4.240181394762681,5.021689597001096,7.6062144317100575,293,0.0,10.0,22,0.156,0.587,0.0,0
209,293,117404.0,2.0,7,2,2,4,0,6.809976798143851,1.0,117.404,4,0.0,2,2,0,0,False,False,11.856920507850012,11.71600125889942,16.931424489819747,0.0,False,1,0,2,2,0,0,2,True,1,1,1,8.54879574040562,11.034702200202991,9.317464483040958,11.87042848208686,11.014026117560917,13.681674167462155,12.929334434748558,1.504284067589561,4.240181394762681,5.021689597001096,7.6062144317100575,293,0.0,10.0,22,0.156,0.587,7.0,1
210,293,75397.0,2.0,1,2,1,5,0,4.373375870069606,1.0,75.397,3,1.0,2,2,0,1,False,False,11.692982341464043,11.72652566861444,17.317305002709436,0.0,True,0,0,2,2,0,0,2,False,1,1,1,8.54879574040562,11.034702200202991,9.317464483040958,11.87042848208686,11.014026117560917,13.681674167462155,12.929334434748558,1.504284067589561,4.240181394762681,5.021689597001096,7.6062144317100575,293,0.0,10.0,22,0.156,0.587,0.0,0
211,305,31641.0,1.0,4,1,1,5,0,2.4797021943573667,1.0,31.641,2,0.0,1,1,0,0,False,False,11.742982782516162,11.062581983959344,16.62535918369686,0.0,False,0,0,1,1,0,0,1,False,1,1,1,8.52835275372964,11.012130061220832,9.258678853547751,11.808378540375134,11.036766199053028,13.703126234093538,12.950530236563418,1.4955078296379636,4.224327270379739,5.154039165486072,7.888294877249027,305,0.0,10.0,30,0.106,0.22,0.0,0
212,305,47092.0,2.0,1,2,1,2,0,2.731554524361949,1.0,47.092,2,1.0,2,2,0,1,False,False,11.505216250462768,11.083415210863684,17.474513097369286,0.0,False,0,0,2,2,0,0,2,False,1,1,1,8.52835275372964,11.012130061220832,9.258678853547751,11.808378540375134,11.036766199053028,13.703126234093538,12.950530236563418,1.4955078296379636,4.224327270379739,5.154039165486072,7.888294877249027,305,0.0,10.0,30,0.106,0.22,0.0,0
214,305,111844.0,1.0,4,1,1,2,0,8.765203761755487,1.0,111.844,4,0.0,1,1,0,0,False,False,11.983099742926647,11.275045842175246,17.058409565774667,0.0,True,0,0,1,1,0,0,1,False,1,1,1,8.52835275372964,11.012130061220832,9.258678853547751,11.808378540375134,11.036766199053028,13.703126234093538,12.950530236563418,1.4955078296379636,4.224327270379739,5.154039165486072,7.888294877249027,305,0.0,10.0,30,0.106,0.22,0.0,0
215,305,24155.0,1.0,6,1,0,7,0,1.8930250783699056,1.0,24.155,1,1.0,1,1,0,0,False,False,11.170160684192483,11.455185793430717,16.904686195309207,0.0,False,0,0,1,1,0,0,1,False,1,1,1,8.52835275372964,11.012130061220832,9.258678853547751,11.808378540375134,11.036766199053028,13.703126234093538,12.950530236563418,1.4955078296379636,4.224327270379739,5.154039165486072,7.888294877249027,305,0.0,10.0,30,0.106,0.22,0.0,0
216,305,63262.0,1.0,4,1,1,8,0,4.957836990595611,1.0,63.262,3,0.0,1,1,0,0,False,False,11.868504556002376,11.29855771464718,16.972383354147244,0.0,False,0,0,1,1,0,0,1,False,1,1,1,8.52835275372964,11.012130061220832,9.258678853547751,11.808378540375134,11.036766199053028,13.703126234093538,12.950530236563418,1.4955078296379636,4.224327270379739,5.154039165486072,7.888294877249027,305,0.0,10.0,30,0.106,0.22,0.0,0
217,305,52910.0,3.0,1,2,2,2,0,2.4360036832412524,1.0,52.91,2,1.0,3,3,0,1,False,False,11.505216250462768,11.083415210863684,17.474513097369286,0.0,False,0,0,2,2,0,0,2,False,1,1,1,8.52835275372964,11.012130061220832,9.258678853547751,11.808378540375134,11.036766199053028,13.703126234093538,12.950530236563418,1.4955078296379636,4.224327270379739,5.154039165486072,7.888294877249027,305,0.0,10.0,30,0.106,0.22,0.0,0
218,305,110422.0,1.0,4,0,1,5,0,8.653761755485894,1.0,110.422,4,0.0,1,1,0,0,False,False,13.40505317715916,12.655438524758084,17.36457712019801,0.0,False,0,0,1,1,0,0,1,False,1,1,1,8.52835275372964,11.012130061220832,9.258678853547751,11.808378540375134,11.036766199053028,13.703126234093538,12.950530236563418,1.4955078296379636,4.224327270379739,5.154039165486072,7.888294877249027,305,0.0,10.0,30,0.106,0.22,0.0,0
219,305,25604.0,2.0,1,1,1,3,0,1.4851508120649652,1.0,25.604,1,1.0,2,2,0,1,False,False,11.170160684192483,11.455185793430717,16.904686195309207,0.0,False,0,0,1,1,0,0,1,False,1,1,1,8.52835275372964,11.012130061220832,9.258678853547751,11.808378540375134,11.036766199053028,13.703126234093538,12.950530236563418,1.4955078296379636,4.224327270379739,5.154039165486072,7.888294877249027,305,0.0,10.0,30,0.106,0.22,0.0,0
220,305,123879.0,2.0,1,2,1,1,0,7.185556844547564,1.0,123.879,4,1.0,2,2,0,1,False,False,11.839878453676947,11.472702230329212,17.246743930298926,0.0,False,1,0,2,2,0,0,2,True,1,1,1,8.52835275372964,11.012130061220832,9.258678853547751,11.808378540375134,11.036766199053028,13.703126234093538,12.950530236563418,1.4955078296379636,4.224327270379739,5.154039165486072,7.888294877249027,305,0.0,10.0,30,0.106,0.22,4.0,1
222,305,90656.0,2.0,1,2,1,2,0,5.258468677494199,1.0,90.656,3,1.0,2,2,0,0,False,False,11.726942551004578,11.314602741502236,17.39140543949135,0.0,False,0,0,1,1,0,0,1,False,1,1,1,8.52835275372964,11.012130061220832,9.258678853547751,11.808378540375134,11.036766199053028,13.703126234093538,12.950530236563418,1.4955078296379636,4.224327270379739,5.154039165486072,7.888294877249027,305,0.0,10.0,30,0.106,0.22,0.0,0
224,305,202496.0,2.0,3,3,2,6,0,11.74570765661253,1.0,202.496,4,0.0,2,2,0,0,False,False,11.839878453676947,11.472702230329212,17.246743930298926,0.0,True,0,0,2,2,0,0,2,False,1,1,1,8.52835275372964,11.012130061220832,9.258678853547751,11.808378540375134,11.036766199053028,13.703126234093538,12.950530236563418,1.4955078296379636,4.224327270379739,5.154039165486072,7.888294877249027,305,0.0,10.0,30,0.106,0.22,0.0,0
225,305,25851.0,1.0,6,1,1,7,0,2.025940438871473,1.0,25.851,1,0.0,1,1,0,0,False,False,11.170160684192483,11.455185793430717,16.904686195309207,0.0,False,0,0,1,1,0,0,1,False,1,1,1,8.52835275372964,11.012130061220832,9.258678853547751,11.808378540375134,11.036766199053028,13.703126234093538,12.950530236563418,1.4955078296379636,4.224327270379739,5.154039165486072,7.888294877249027,305,0.0,10.0,30,0.106,0.22,0.0,0
227,305,155103.0,8.0,1,2,1,2,0,3.515480507706256,1.0,155.103,4,7.0,2,2,6,1,False,False,11.839878453676947,11.472702230329212,17.246743930298926,0.0,True,0,2,6,2,0,4,6,False,93,157,115,8.52835275372964,11.012130061220832,9.258678853547751,11.808378540375134,11.036766199053028,13.703126234093538,12.950530236563418,1.4955078296379636,4.224327270379739,5.154039165486072,7.888294877249027,305,0.0,10.0,30,0.106,0.22,0.0,0
228,305,117404.0,2.0,7,2,2,4,0,6.809976798143851,1.0,117.404,4,0.0,2,2,0,0,False,False,11.839878453676947,11.472702230329212,17.246743930298926,0.0,True,0,0,1,1,0,0,1,False,1,1,1,8.52835275372964,11.012130061220832,9.258678853547751,11.808378540375134,11.036766199053028,13.703126234093538,12.950530236563418,1.4955078296379636,4.224327270379739,5.154039165486072,7.888294877249027,305,0.0,10.0,30,0.106,0.22,0.0,0
229,305,75397.0,2.0,1,3,1,5,0,4.373375870069606,1.0,75.397,3,1.0,2,2,0,1,False,False,11.726942551004578,11.314602741502236,17.39140543949135,0.0,False,0,0,2,2,0,0,2,False,1,1,1,8.52835275372964,11.012130061220832,9.258678853547751,11.808378540375134,11.036766199053028,13.703126234093538,12.950530236563418,1.4955078296379636,4.224327270379739,5.154039165486072,7.888294877249027,305,0.0,10.0,30,0.106,0.22,0.0,0
230,322,44784.0,1.0,6,0,0,3,0,3.509717868338558,1.0,44.784,2,1.0,1,1,0,1,True,False,12.64737754194132,12.799392770688032,16.3617828762105,0.0,False,0,0,1,1,0,0,1,False,1,1,1,8.566601329676393,11.046312137030409,9.23976726043994,11.78955724301848,11.037821374069496,13.7173275319155,12.960963807157183,1.4870896989678903,4.4863897310083525,5.215785069931188,7.918458902838858,322,0.0,10.0,43,0.084,0.244,0.0,0
231,322,345618.0,2.0,1,2,2,2,0,20.047447795823665,1.0,345.618,4,0.0,2,2,0,0,False,False,11.86406856026555,11.467764634232717,17.656457959460806,0.0,False,0,0,2,2,0,0,2,False,1,1,1,8.566601329676393,11.046312137030409,9.23976726043994,11.78955724301848,11.037821374069496,13.7173275319155,12.960963807157183,1.4870896989678903,4.4863897310083525,5.215785069931188,7.918458902838858,322,0.0,10.0,43,0.084,0.244,0.0,0
232,322,88839.0,6.0,3,3,1,2,0,2.5267064846416383,1.0,88.839,3,5.0,2,1,5,0,False,False,11.991294602973255,11.47698422030066,16.67717800064866,0.0,False,0,1,5,1,0,4,5,False,44,84,120,8.566601329676393,11.046312137030409,9.23976726043994,11.78955724301848,11.037821374069496,13.7173275319155,12.960963807157183,1.4870896989678903,4.4863897310083525,5.215785069931188,7.918458902838858,322,0.0,10.0,43,0.084,0.244,0.0,0
233,322,88839.0,6.0,3,4,1,2,0,2.5267064846416383,1.0,88.839,3,5.0,2,1,5,0,False,False,11.991294602973255,11.47698422030066,16.67717800064866,0.0,False,1,0,6,1,0,5,6,True,148,84,84,8.566601329676393,11.046312137030409,9.23976726043994,11.78955724301848,11.037821374069496,13.7173275319155,12.960963807157183,1.4870896989678903,4.4863897310083525,5.215785069931188,7.918458902838858,322,0.0,10.0,43,0.084,0.244,6.0,1
234,322,35292.0,1.0,4,1,0,2,0,2.7658307210031348,1.0,35.292,2,1.0,1,1,0,1,False,False,11.86462751924518,11.564131241156169,16.734515797339583,0.0,True,0,0,1,1,0,0,1,False,1,1,1,8.566601329676393,11.046312137030409,9.23976726043994,11.78955724301848,11.037821374069496,13.7173275319155,12.960963807157183,1.4870896989678903,4.4863897310083525,5.215785069931188,7.918458902838858,322,0.0,10.0,43,0.084,0.244,0.0,0
236,322,109527.0,2.0,1,2,1,4,0,6.353074245939675,1.0,109.527,4,1.0,2,2,0,0,False,False,11.86406856026555,11.467764634232717,17.656457959460806,0.0,True,0,0,2,2,0,0,2,False,1,1,1,8.566601329676393,11.046312137030409,9.23976726043994,11.78955724301848,11.037821374069496,13.7173275319155,12.960963807157183,1.4870896989678903,4.4863897310083525,5.215785069931188,7.918458902838858,322,0.0,10.0,43,0.084,0.244,0.0,0
237,322,95597.0,1.0,4,0,0,2,0,7.49192789968652,1.0,95.597,3,1.0,1,1,0,1,False,False,13.094888380142086,12.725927095260593,16.74188842517999,0.0,False,0,0,1,1,0,0,1,False,1,1,1,8.566601329676393,11.046312137030409,9.23976726043994,11.78955724301848,11.037821374069496,13.7173275319155,12.960963807157183,1.4870896989678903,4.4863897310083525,5.215785069931188,7.918458902838858,322,0.0,10.0,43,0.084,0.244,0.0,0
238,322,156581.0,2.0,5,2,1,8,0,9.082424593967517,1.0,156.581,4,1.0,2,2,0,1,False,False,11.86406856026555,11.467764634232717,17.656457959460806,0.0,False,0,0,1,1,0,0,1,False,1,1,1,8.566601329676393,11.046312137030409,9.23976726043994,11.78955724301848,11.037821374069496,13.7173275319155,12.960963807157183,1.4870896989678903,4.4863897310083525,5.215785069931188,7.918458902838858,322,0.0,10.0,43,0.084,0.244,0.0,0
239,322,0.0,6.0,3,1,0,2,0,0.0,1.0,0.0,1,6.0,1,1,5,1,True,False,11.343971681237932,11.924128537637268,16.69925173110466,0.0,False,1,4,6,1,2,5,4,True,3,3,3,8.566601329676393,11.046312137030409,9.23976726043994,11.78955724301848,11.037821374069496,13.7173275319155,12.960963807157183,1.4870896989678903,4.4863897310083525,5.215785069931188,7.918458902838858,322,0.0,10.0,43,0.084,0.244,12.0,1
240,322,38851.0,3.0,1,4,1,3,0,1.788720073664825,1.0,38.851,2,2.0,3,3,0,2,False,False,11.753907479924791,11.494163657676822,16.596745768099463,0.0,False,1,0,3,3,0,0,3,True,1,1,1,8.566601329676393,11.046312137030409,9.23976726043994,11.78955724301848,11.037821374069496,13.7173275319155,12.960963807157183,1.4870896989678903,4.4863897310083525,5.215785069931188,7.918458902838858,322,0.0,10.0,43,0.084,0.244,7.0,1
241,322,38851.0,3.0,1,0,1,3,0,1.788720073664825,1.0,38.851,2,2.0,3,3,0,2,False,False,12.64737754194132,12.799392770688035,16.3617828762105,0.0,False,0,0,1,1,0,0,1,False,1,1,1,8.566601329676393,11.046312137030409,9.23976726043994,11.78955724301848,11.037821374069496,13.7173275319155,12.960963807157183,1.4870896989678903,4.4863897310083525,5.215785069931188,7.918458902838858,322,0.0,10.0,43,0.084,0.244,0.0,0
242,322,38851.0,3.0,1,2,1,3,0,1.788720073664825,1.0,38.851,2,2.0,3,3,0,2,False,False,11.753907479924791,11.494163657676822,16.596745768099463,0.0,False,0,0,1,1,0,0,1,False,1,1,1,8.566601329676393,11.046312137030409,9.23976726043994,11.78955724301848,11.037821374069496,13.7173275319155,12.960963807157183,1.4870896989678903,4.4863897310083525,5.215785069931188,7.918458902838858,322,0.0,10.0,43,0.084,0.244,0.0,0
243,322,62162.0,2.0,1,2,0,2,0,3.6056844547563807,1.0,62.162,3,2.0,2,2,0,2,False,False,11.991294602973255,11.47698422030066,16.67717800064866,0.0,False,0,0,2,2,0,0,2,False,1,1,1,8.566601329676393,11.046312137030409,9.23976726043994,11.78955724301848,11.037821374069496,13.7173275319155,12.960963807157183,1.4870896989678903,4.4863897310083525,5.215785069931188,7.918458902838858,322,0.0,10.0,43,0.084,0.244,0.0,0
244,322,41559.0,1.0,6,2,0,2,0,3.256974921630094,1.0,41.559,2,1.0,1,1,0,0,False,False,11.753907479924791,11.494163657676822,16.596745768099463,0.0,False,0,0,1,1,0,0,1,False,1,1,1,8.566601329676393,11.046312137030409,9.23976726043994,11.78955724301848,11.037821374069496,13.7173275319155,12.960963807157183,1.4870896989678903,4.4863897310083525,5.215785069931188,7.918458902838858,322,0.0,10.0,43,0.084,0.244,0.0,0
246,322,112722.0,2.0,1,2,2,6,0,6.538399071925754,1.0,112.722,4,0.0,2,2,0,0,False,False,11.86406856026555,11.467764634232717,17.656457959460806,0.0,False,0,0,2,2,0,0,2,False,1,1,1,8.566601329676393,11.046312137030409,9.23976726043994,11.78955724301848,11.037821374069496,13.7173275319155,12.960963807157183,1.4870896989678903,4.4863897310083525,5.215785069931188,7.918458902838858,322,0.0,10.0,43,0.084,0.244,0.0,0
247,322,48310.0,2.0,1,2,0,2,0,2.8022041763341066,1.0,48.31,2,2.0,2,2,0,2,False,False,11.753907479924791,11.494163657676822,16.596745768099463,0.0,True,1,0,2,2,0,0,2,True,1,1,1,8.566601329676393,11.046312137030409,9.23976726043994,11.78955724301848,11.037821374069496,13.7173275319155,12.960963807157183,1.4870896989678903,4.4863897310083525,5.215785069931188,7.918458902838858,322,0.0,10.0,43,0.084,0.244,4.0,1
248,322,112722.0,3.0,7,2,3,7,0,5.189779005524862,1.0,112.722,4,0.0,3,3,0,0,False,False,11.86406856026555,11.467764634232717,17.656457959460806,0.0,False,1,0,2,2,0,0,2,True,1,1,1,8.566601329676393,11.046312137030409,9.23976726043994,11.78955724301848,11.037821374069496,13.7173275319155,12.960963807157183,1.4870896989678903,4.4863897310083525,5.215785069931188,7.918458902838858,322,0.0,10.0,43,0.084,0.244,7.0,1
249,322,17299.0,1.0,6,0,0,7,0,1.3557210031347962,1.0,17.299,1,1.0,1,1,0,1,False,False,12.349868638992328,12.5746422204211,16.60905460630719,0.0,False,0,0,1,1,0,0,1,False,1,1,1,8.566601329676393,11.046312137030409,9.23976726043994,11.78955724301848,11.037821374069496,13.7173275319155,12.960963807157183,1.4870896989678903,4.4863897310083525,5.215785069931188,7.918458902838858,322,0.0,10.0,43,0.084,0.244,0.0,0
250,322,299749.0,2.0,1,2,2,2,0,17.38683294663573,1.0,299.749,4,0.0,2,2,0,0,False,False,11.86406856026555,11.467764634232717,17.656457959460806,0.0,True,0,0,2,2,0,0,2,False,1,1,1,8.566601329676393,11.046312137030409,9.23976726043994,11.78955724301848,11.037821374069496,13.7173275319155,12.960963807157183,1.4870896989678903,4.4863897310083525,5.215785069931188,7.918458902838858,322,0.0,10.0,43,0.084,0.244,0.0,0
251,322,39095.0,5.0,3,2,1,7,0,1.274282920469361,1.0,39.095,2,4.0,1,1,4,0,False,False,11.753907479924791,11.494163657676822,16.596745768099463,0.0,False,0,2,4,1,1,3,3,False,15,15,15,8.566601329676393,11.046312137030409,9.23976726043994,11.78955724301848,11.037821374069496,13.7173275319155,12.960963807157183,1.4870896989678903,4.4863897310083525,5.215785069931188,7.918458902838858,322,0.0,10.0,43,0.084,0.244,0.0,0
252,322,58020.0,2.0,5,2,2,6,0,3.365429234338748,1.0,58.02,2,0.0,2,2,0,0,False,False,11.753907479924791,11.494163657676822,16.596745768099463,0.0,False,0,0,1,1,0,0,1,False,1,1,1,8.566601329676393,11.046312137030409,9.23976726043994,11.78955724301848,11.037821374069496,13.7173275319155,12.960963807157183,1.4870896989678903,4.4863897310083525,5.215785069931188,7.918458902838858,322,0.0,10.0,43,0.084,0.244,0.0,0
253,322,46461.0,1.0,6,1,1,7,0,3.641144200626959,1.0,46.461,2,0.0,1,1,0,0,False,False,11.86462751924518,11.564131241156169,16.734515797339583,0.0,False,0,0,1,1,0,0,1,False,1,1,1,8.566601329676393,11.046312137030409,9.23976726043994,11.78955724301848,11.037821374069496,13.7173275319155,12.960963807157183,1.4870896989678903,4.4863897310083525,5.215785069931188,7.918458902838858,322,0.0,10.0,43,0.084,0.244,0.0,0
254,322,124652.0,2.0,1,2,2,2,0,7.230394431554524,1.0,124.652,4,0.0,2,2,0,0,False,False,11.86406856026555,11.467764634232717,17.656457959460806,0.0,True,1,0,2,2,0,0,2,True,1,1,1,8.566601329676393,11.046312137030409,9.23976726043994,11.78955724301848,11.037821374069496,13.7173275319155,12.960963807157183,1.4870896989678903,4.4863897310083525,5.215785069931188,7.918458902838858,322,0.0,10.0,43,0.084,0.244,13.0,1
255,322,190264.0,3.0,1,3,2,2,0,8.759852670349908,1.0,190.264,4,1.0,3,3,0,1,True,False,11.86406856026555,11.467764634232717,17.656457959460806,0.0,False,0,0,3,3,0,0,3,False,1,1,1,8.566601329676393,11.046312137030409,9.23976726043994,11.78955724301848,11.037821374069496,13.7173275319155,12.960963807157183,1.4870896989678903,4.4863897310083525,5.215785069931188,7.918458902838858,322,0.0,10.0,43,0.084,0.244,0.0,0
256,322,151979.0,2.0,1,2,1,2,0,8.815487238979118,1.0,151.979,4,1.0,2,2,0,1,False,False,11.86406856026555,11.467764634232717,17.656457959460806,0.0,False,0,0,2,2,0,0,2,False,1,1,1,8.566601329676393,11.046312137030409,9.23976726043994,11.78955724301848,11.037821374069496,13.7173275319155,12.960963807157183,1.4870896989678903,4.4863897310083525,5.215785069931188,7.918458902838858,322,0.0,10.0,43,0.084,0.244,0.0,0
257,322,45023.0,1.0,4,2,0,2,0,3.5284482758620688,1.0,45.023,2,1.0,1,1,0,1,False,False,11.753907479924791,11.494163657676822,16.596745768099463,0.0,False,0,0,1,1,0,0,1,False,1,1,1,8.566601329676393,11.046312137030409,9.23976726043994,11.78955724301848,11.037821374069496,13.7173275319155,12.960963807157183,1.4870896989678903,4.4863897310083525,5.215785069931188,7.918458902838858,322,0.0,10.0,43,0.084,0.244,0.0,0
258,322,120636.0,3.0,2,2,2,7,0,5.55414364640884,1.0,120.636,4,1.0,3,3,0,1,False,False,11.86406856026555,11.467764634232717,17.656457959460806,0.0,False,0,0,2,2,0,0,2,False,1,1,1,8.566601329676393,11.046312137030409,9.23976726043994,11.78955724301848,11.037821374069496,13.7173275319155,12.960963807157183,1.4870896989678903,4.4863897310083525,5.215785069931188,7.918458902838858,322,0.0,10.0,43,0.084,0.244,0.0,0
259,322,80783.0,2.0,1,2,1,2,0,4.685788863109049,1.0,80.783,3,1.0,2,2,0,1,False,False,11.991294602973255,11.47698422030066,16.67717800064866,0.0,False,0,0,2,2,0,0,2,False,1,1,1,8.566601329676393,11.046312137030409,9.23976726043994,11.78955724301848,11.037821374069496,13.7173275319155,12.960963807157183,1.4870896989678903,4.4863897310083525,5.215785069931188,7.918458902838858,322,0.0,10.0,43,0.084,0.244,0.0,0
260,322,188493.0,2.0,1,3,1,2,0,10.9334686774942,1.0,188.493,4,1.0,2,2,0,1,False,False,11.86406856026555,11.467764634232717,17.656457959460806,0.0,False,0,0,2,2,0,0,2,False,1,1,1,8.566601329676393,11.046312137030409,9.23976726043994,11.78955724301848,11.037821374069496,13.7173275319155,12.960963807157183,1.4870896989678903,4.4863897310083525,5.215785069931188,7.918458902838858,322,0.0,10.0,43,0.084,0.244,0.0,0
261,322,26928.0,2.0,1,2,1,3,0,1.5619489559164734,1.0,26.928,1,1.0,2,2,0,0,False,False,11.343259225689394,11.302920953814509,16.841011570148282,0.0,False,0,0,2,2,0,0,2,False,1,1,1,8.566601329676393,11.046312137030409,9.23976726043994,11.78955724301848,11.037821374069496,13.7173275319155,12.960963807157183,1.4870896989678903,4.4863897310083525,5.215785069931188,7.918458902838858,322,0.0,10.0,43,0.084,0.244,0.0,0
262,322,46746.0,6.0,1,2,2,4,0,1.3295221843003413,1.0,46.746,2,4.0,2,2,4,0,False,False,11.753907479924791,11.494163657676822,16.596745768099463,0.0,False,0,2,4,1,2,3,2,False,1,1,1,8.566601329676393,11.046312137030409,9.23976726043994,11.78955724301848,11.037821374069496,13.7173275319155,12.960963807157183,1.4870896989678903,4.4863897310083525,5.215785069931188,7.918458902838858,322,0.0,10.0,43,0.084,0.244,0.0,0
263,322,85597.0,3.0,3,2,2,2,0,3.940930018416206,1.0,85.597,3,1.0,3,3,0,1,False,False,11.991294602973255,11.47698422030066,16.67717800064866,0.0,False,0,0,3,3,0,0,3,False,1,1,1,8.566601329676393,11.046312137030409,9.23976726043994,11.78955724301848,11.037821374069496,13.7173275319155,12.960963807157183,1.4870896989678903,4.4863897310083525,5.215785069931188,7.918458902838858,322,0.0,10.0,43,0.084,0.244,0.0,0
264,322,64626.0,1.0,4,1,0,6,0,5.0647335423197495,1.0,64.626,3,1.0,1,1,0,0,False,False,11.912665833087676,11.592196492405767,15.781606390592025,0.0,False,0,0,1,1,0,0,1,False,1,1,1,8.566601329676393,11.046312137030409,9.23976726043994,11.78955724301848,11.037821374069496,13.7173275319155,12.960963807157183,1.4870896989678903,4.4863897310083525,5.215785069931188,7.918458902838858,322,0.0,10.0,43,0.084,0.244,0.0,0
266,322,210035.0,6.0,1,2,1,2,0,5.973691695108077,1.0,210.035,4,5.0,2,2,4,1,False,False,11.86406856026555,11.467764634232717,17.656457959460806,0.0,False,1,3,6,2,2,4,4,True,5,3,5,8.566601329676393,11.046312137030409,9.23976726043994,11.78955724301848,11.037821374069496,13.7173275319155,12.960963807157183,1.4870896989678903,4.4863897310083525,5.215785069931188,7.918458902838858,322,0.0,10.0,43,0.084,0.244,49.0,2
267,322,210035.0,6.0,1,4,1,2,0,5.973691695108077,1.0,210.035,4,5.0,2,2,4,1,False,False,11.86406856026555,11.467764634232717,17.656457959460806,0.0,False,0,1,6,2,2,4,4,False,23,108,150,8.566601329676393,11.046312137030409,9.23976726043994,11.78955724301848,11.037821374069496,13.7173275319155,12.960963807157183,1.4870896989678903,4.4863897310083525,5.215785069931188,7.918458902838858,322,0.0,10.0,43,0.084,0.244,0.0,0
268,332,609092.0,1.0,4,2,1,3,0,47.734482758620686,1.0,609.092,4,0.0,1,1,0,0,False,False,11.91193050104556,11.42033859578041,18.15899411703662,0.0,False,0,0,1,1,0,0,1,False,1,1,1,8.556582521481456,11.037385229787736,9.28354469248631,11.836007842458327,11.00002635163582,13.667798374117805,12.915920081606275,1.483802067129338,4.212144063065279,5.450300835069297,8.055644159207517,332,0.0,10.0,29,0.132,0.638,0.0,0
270,332,79821.0,2.0,1,2,0,2,0,4.629988399071926,1.0,79.821,3,2.0,2,2,0,0,False,False,11.781144623674944,12.389644560082116,18.38857995898073,0.0,False,1,0,2,2,0,0,2,True,1,1,1,8.556582521481456,11.037385229787736,9.28354469248631,11.836007842458327,11.00002635163582,13.667798374117805,12.915920081606275,1.483802067129338,4.212144063065279,5.450300835069297,8.055644159207517,332,0.0,10.0,29,0.132,0.638,1.0,1
271,332,16247.0,1.0,6,0,0,2,0,1.2732758620689657,1.0,16.247,1,1.0,1,1,0,0,True,False,12.73283866434662,13.245501451252723,18.38077546444154,0.0,False,0,0,1,1,0,0,1,False,1,1,1,8.556582521481456,11.037385229787736,9.28354469248631,11.836007842458327,11.00002635163582,13.667798374117805,12.915920081606275,1.483802067129338,4.212144063065279,5.450300835069297,8.055644159207517,332,0.0,10.0,29,0.132,0.638,0.0,0
272,332,111844.0,1.0,4,1,1,2,0,8.765203761755487,1.0,111.844,4,0.0,1,1,0,0,False,False,11.921291865428753,11.459715968195846,17.60126362794406,0.0,True,0,0,1,1,0,0,1,False,1,1,1,8.556582521481456,11.037385229787736,9.28354469248631,11.836007842458327,11.00002635163582,13.667798374117805,12.915920081606275,1.483802067129338,4.212144063065279,5.450300835069297,8.055644159207517,332,0.0,10.0,29,0.132,0.638,0.0,0
273,332,76145.0,2.0,5,1,2,1,0,4.416763341067285,1.0,76.145,3,0.0,2,2,0,0,False,False,11.8379392646042,11.724713349610932,18.481366986814216,0.0,False,0,0,2,2,0,0,2,False,1,1,1,8.556582521481456,11.037385229787736,9.28354469248631,11.836007842458327,11.00002635163582,13.667798374117805,12.915920081606275,1.483802067129338,4.212144063065279,5.450300835069297,8.055644159207517,332,0.0,10.0,29,0.132,0.638,0.0,0
275,332,86957.0,2.0,1,2,0,3,0,5.0439095127610205,1.0,86.957,3,2.0,2,2,0,0,False,False,11.781144623674944,12.389644560082116,18.38857995898073,0.0,True,0,0,2,2,0,0,2,False,1,1,1,8.556582521481456,11.037385229787736,9.28354469248631,11.836007842458327,11.00002635163582,13.667798374117805,12.915920081606275,1.483802067129338,4.212144063065279,5.450300835069297,8.055644159207517,332,0.0,10.0,29,0.132,0.638,0.0,0
276,332,28756.0,1.0,6,1,1,2,0,2.253605015673981,1.0,28.756,1,0.0,1,1,0,0,False,False,11.208868759991994,11.7449351860573,18.005306634758877,0.0,False,0,0,1,1,0,0,1,False,1,1,1,8.556582521481456,11.037385229787736,9.28354469248631,11.836007842458327,11.00002635163582,13.667798374117805,12.915920081606275,1.483802067129338,4.212144063065279,5.450300835069297,8.055644159207517,332,0.0,10.0,29,0.132,0.638,0.0,0
277,332,58020.0,2.0,5,3,2,6,0,3.365429234338748,1.0,58.02,2,0.0,2,2,0,0,False,False,11.649541880138129,11.304011650198191,18.41116088929449,0.0,False,0,0,2,2,0,0,2,False,1,1,1,8.556582521481456,11.037385229787736,9.28354469248631,11.836007842458327,11.00002635163582,13.667798374117805,12.915920081606275,1.483802067129338,4.212144063065279,5.450300835069297,8.055644159207517,332,0.0,10.0,29,0.132,0.638,0.0,0
278,332,46461.0,1.0,6,1,1,7,0,3.641144200626959,1.0,46.461,2,0.0,1,1,0,0,False,False,11.67035800811091,11.37092761685276,17.783196785286588,0.0,False,0,0,1,1,0,0,1,False,1,1,1,8.556582521481456,11.037385229787736,9.28354469248631,11.836007842458327,11.00002635163582,13.667798374117805,12.915920081606275,1.483802067129338,4.212144063065279,5.450300835069297,8.055644159207517,332,0.0,10.0,29,0.132,0.638,0.0,0
279,332,28330.0,1.0,4,1,1,3,0,2.220219435736677,1.0,28.33,1,0.0,1,1,0,0,False,False,11.208868759991994,11.7449351860573,18.005306634758877,0.0,False,0,0,1,1,0,0,1,False,1,1,1,8.556582521481456,11.037385229787736,9.28354469248631,11.836007842458327,11.00002635163582,13.667798374117805,12.915920081606275,1.483802067129338,4.212144063065279,5.450300835069297,8.055644159207517,332,0.0,10.0,29,0.132,0.638,0.0,0
280,332,193777.0,1.0,4,1,1,3,0,15.18628526645768,1.0,193.777,4,0.0,1,1,0,0,False,False,11.921291865428753,11.459715968195846,17.60126362794406,0.0,False,0,0,1,1,0,0,1,False,1,1,1,8.556582521481456,11.037385229787736,9.28354469248631,11.836007842458327,11.00002635163582,13.667798374117805,12.915920081606275,1.483802067129338,4.212144063065279,5.450300835069297,8.055644159207517,332,0.0,10.0,29,0.132,0.638,0.0,0
281,332,13485.0,1.0,6,1,0,2,0,1.056818181818182,1.0,13.485,1,1.0,1,1,0,0,False,False,11.208868759991994,11.7449351860573,18.005306634758877,0.0,False,0,0,1,1,0,0,1,False,1,1,1,8.556582521481456,11.037385229787736,9.28354469248631,11.836007842458327,11.00002635163582,13.667798374117805,12.915920081606275,1.483802067129338,4.212144063065279,5.450300835069297,8.055644159207517,332,0.0,10.0,29,0.132,0.638,0.0,0
282,332,20398.0,1.0,4,1,1,5,0,1.59858934169279,1.0,20.398,1,0.0,1,1,0,0,False,False,11.208868759991994,11.7449351860573,18.005306634758877,0.0,True,0,0,1,1,0,0,1,False,1,1,1,8.556582521481456,11.037385229787736,9.28354469248631,11.836007842458327,11.00002635163582,13.667798374117805,12.915920081606275,1.483802067129338,4.212144063065279,5.450300835069297,8.055644159207517,332,0.0,10.0,29,0.132,0.638,0.0,0
283,332,12352.0,1.0,6,1,0,3,0,0.968025078369906,1.0,12.352,1,1.0,1,1,0,0,False,False,11.208868759991994,11.7449351860573,18.005306634758877,0.0,False,0,0,1,1,0,0,1,False,1,1,1,8.556582521481456,11.037385229787736,9.28354469248631,11.836007842458327,11.00002635163582,13.667798374117805,12.915920081606275,1.483802067129338,4.212144063065279,5.450300835069297,8.055644159207517,332,0.0,10.0,29,0.132,0.638,0.0,0
284,332,90656.0,2.0,1,2,1,2,0,5.258468677494199,1.0,90.656,3,1.0,2,2,0,0,False,False,11.781144623674944,12.389644560082116,18.38857995898073,0.0,False,0,0,2,2,0,0,2,False,1,1,1,8.556582521481456,11.037385229787736,9.28354469248631,11.836007842458327,11.00002635163582,13.667798374117805,12.915920081606275,1.483802067129338,4.212144063065279,5.450300835069297,8.055644159207517,332,0.0,10.0,29,0.132,0.638,0.0,0
285,332,24235.0,3.0,1,1,2,7,0,1.1157918968692448,1.0,24.235,1,1.0,3,3,0,1,False,False,11.208868759991994,11.7449351860573,18.005306634758877,0.0,True,0,0,1,1,0,0,1,False,1,1,1,8.556582521481456,11.037385229787736,9.28354469248631,11.836007842458327,11.00002635163582,13.667798374117805,12.915920081606275,1.483802067129338,4.212144063065279,5.450300835069297,8.055644159207517,332,0.0,10.0,29,0.132,0.638,0.0,0
286,332,100817.0,6.0,3,0,1,3,0,2.867377701934016,1.0,100.817,4,5.0,3,3,3,2,False,False,13.374138530821606,13.38045052123328,18.457403565268923,0.0,False,1,2,5,2,2,3,3,True,1,5,1,8.556582521481456,11.037385229787736,9.28354469248631,11.836007842458327,11.00002635163582,13.667798374117805,12.915920081606275,1.483802067129338,4.212144063065279,5.450300835069297,8.055644159207517,332,0.0,10.0,29,0.132,0.638,13.0,1
287,332,65057.0,3.0,5,3,2,6,0,2.995257826887661,1.0,65.057,3,1.0,3,3,0,0,False,False,11.781144623674942,12.389644560082116,18.38857995898073,0.0,False,1,0,2,2,0,0,2,True,1,1,1,8.556582521481456,11.037385229787736,9.28354469248631,11.836007842458327,11.00002635163582,13.667798374117805,12.915920081606275,1.483802067129338,4.212144063065279,5.450300835069297,8.055644159207517,332,0.0,10.0,29,0.132,0.638,1.0,1
288,332,113096.0,2.0,1,1,1,2,0,6.560092807424594,1.0,113.096,4,1.0,2,2,0,0,False,False,11.921291865428753,11.459715968195846,17.60126362794406,0.0,False,0,0,2,2,0,0,2,False,1,1,1,8.556582521481456,11.037385229787736,9.28354469248631,11.836007842458327,11.00002635163582,13.667798374117805,12.915920081606275,1.483802067129338,4.212144063065279,5.450300835069297,8.055644159207517,332,0.0,10.0,29,0.132,0.638,0.0,0
289,359,121818.0,2.0,1,4,1,2,0,7.06600928074246,1.0,121.818,4,1.0,2,2,0,1,False,False,11.864398864292802,12.108221960661588,15.567568171179056,0.0,False,0,0,1,1,0,0,1,False,1,1,1,8.568536843978737,11.043786224380032,9.29908110109278,11.84832385155674,11.040367232715056,13.70718080138382,12.956797109600403,1.4988529352949145,4.231607611435601,5.434321212680064,7.854130983373945,359,0.0,10.0,32,0.171,0.69,0.0,0
291,359,33540.0,1.0,6,1,0,2,0,2.628526645768025,1.0,33.54,2,1.0,1,1,0,0,False,False,11.757374600261771,12.113402938182478,16.38373512253095,0.0,False,0,0,1,1,0,0,1,False,1,1,1,8.568536843978737,11.043786224380032,9.29908110109278,11.84832385155674,11.040367232715056,13.70718080138382,12.956797109600403,1.4988529352949145,4.231607611435601,5.434321212680064,7.854130983373945,359,0.0,10.0,32,0.171,0.69,0.0,0
292,359,88839.0,6.0,3,2,1,2,0,2.5267064846416383,1.0,88.839,3,5.0,2,1,5,0,False,False,12.028882161760729,11.57567674871826,16.545188131631157,0.0,True,0,0,6,1,0,5,6,False,69,69,69,8.568536843978737,11.043786224380032,9.29908110109278,11.84832385155674,11.040367232715056,13.70718080138382,12.956797109600403,1.4988529352949145,4.231607611435601,5.434321212680064,7.854130983373945,359,0.0,10.0,32,0.171,0.69,0.0,0
293,359,304242.0,5.0,1,2,1,2,0,9.916623207301171,1.0,304.242,4,4.0,2,2,3,1,False,False,11.864398864292802,12.108221960661588,15.567568171179056,0.0,False,1,3,4,1,3,3,1,True,1,1,1,8.568536843978737,11.043786224380032,9.29908110109278,11.84832385155674,11.040367232715056,13.70718080138382,12.956797109600403,1.4988529352949145,4.231607611435601,5.434321212680064,7.854130983373945,359,0.0,10.0,32,0.171,0.69,3.0,1
294,359,194800.0,2.0,1,2,1,7,0,11.299303944315543,1.0,194.8,4,1.0,2,2,0,1,False,False,11.864398864292802,12.108221960661588,15.567568171179056,0.0,True,0,0,1,1,0,0,1,False,1,1,1,8.568536843978737,11.043786224380032,9.29908110109278,11.84832385155674,11.040367232715056,13.70718080138382,12.956797109600403,1.4988529352949145,4.231607611435601,5.434321212680064,7.854130983373945,359,0.0,10.0,32,0.171,0.69,0.0,0
295,359,48387.0,1.0,6,0,0,3,0,3.792084639498432,1.0,48.387,2,1.0,1,1,0,0,False,False,12.801363894098412,13.594892435910374,16.665273763614355,0.0,False,0,0,1,1,0,0,1,False,1,1,1,8.568536843978737,11.043786224380032,9.29908110109278,11.84832385155674,11.040367232715056,13.70718080138382,12.956797109600403,1.4988529352949145,4.231607611435601,5.434321212680064,7.854130983373945,359,0.0,10.0,32,0.171,0.69,0.0,0
296,359,94655.0,3.0,1,2,2,2,0,4.357965009208103,1.0,94.655,3,1.0,3,3,0,1,False,False,12.028882161760729,11.57567674871826,16.545188131631157,0.0,False,0,0,2,2,0,0,2,False,1,1,1,8.568536843978737,11.043786224380032,9.29908110109278,11.84832385155674,11.040367232715056,13.70718080138382,12.956797109600403,1.4988529352949145,4.231607611435601,5.434321212680064,7.854130983373945,359,0.0,10.0,32,0.171,0.69,0.0,0
298,359,23546.0,2.0,2,2,1,2,0,1.3657772621809745,1.0,23.546,1,1.0,2,2,0,1,False,False,11.387527162647308,11.6288751790956,14.309979987878682,0.0,True,0,0,2,2,0,0,2,False,1,1,1,8.568536843978737,11.043786224380032,9.29908110109278,11.84832385155674,11.040367232715056,13.70718080138382,12.956797109600403,1.4988529352949145,4.231607611435601,5.434321212680064,7.854130983373945,359,0.0,10.0,32,0.171,0.69,0.0,0
299,359,139753.0,3.0,3,1,1,3,0,6.434300184162063,1.0,139.753,4,2.0,3,3,0,1,False,False,12.047147562931746,11.879683077839324,16.086365997742426,0.0,False,0,0,2,2,0,0,2,False,1,1,1,8.568536843978737,11.043786224380032,9.29908110109278,11.84832385155674,11.040367232715056,13.70718080138382,12.956797109600403,1.4988529352949145,4.231607611435601,5.434321212680064,7.854130983373945,359,0.0,10.0,32,0.171,0.69,0.0,0
300,359,110422.0,1.0,4,1,1,5,0,8.653761755485894,1.0,110.422,4,0.0,1,1,0,0,True,False,12.047147562931745,11.87968307783932,16.086365997742426,0.0,True,0,0,1,1,0,0,1,False,1,1,1,8.568536843978737,11.043786224380032,9.29908110109278,11.84832385155674,11.040367232715056,13.70718080138382,12.956797109600403,1.4988529352949145,4.231607611435601,5.434321212680064,7.854130983373945,359,0.0,10.0,32,0.171,0.69,0.0,0
301,359,90656.0,2.0,1,2,1,2,0,5.258468677494199,1.0,90.656,3,1.0,2,2,0,0,False,False,12.02888216176073,11.575676748718262,16.545188131631157,0.0,False,0,0,1,1,0,0,1,False,1,1,1,8.568536843978737,11.043786224380032,9.29908110109278,11.84832385155674,11.040367232715056,13.70718080138382,12.956797109600403,1.4988529352949145,4.231607611435601,5.434321212680064,7.854130983373945,359,0.0,10.0,32,0.171,0.69,0.0,0
302,359,43084.0,1.0,4,1,1,2,0,3.3764890282131663,1.0,43.084,2,0.0,1,1,0,0,False,False,11.757374600261771,12.113402938182478,16.38373512253095,0.0,True,0,0,1,1,0,0,1,False,1,1,1,8.568536843978737,11.043786224380032,9.29908110109278,11.84832385155674,11.040367232715056,13.70718080138382,12.956797109600403,1.4988529352949145,4.231607611435601,5.434321212680064,7.854130983373945,359,0.0,10.0,32,0.171,0.69,0.0,0
303,359,26928.0,1.0,6,0,0,3,0,2.110344827586207,1.0,26.928,1,1.0,1,1,0,0,False,False,12.308022054089172,13.551713413565356,17.16872737560639,0.0,False,0,0,1,1,0,0,1,False,1,1,1,8.568536843978737,11.043786224380032,9.29908110109278,11.84832385155674,11.040367232715056,13.70718080138382,12.956797109600403,1.4988529352949145,4.231607611435601,5.434321212680064,7.854130983373945,359,0.0,10.0,32,0.171,0.69,0.0,0
305,359,147563.0,2.0,1,1,2,2,0,8.559338747099767,1.0,147.563,4,0.0,2,2,0,0,False,False,12.047147562931745,11.87968307783932,16.086365997742426,0.0,False,0,0,2,2,0,0,2,False,1,1,1,8.568536843978737,11.043786224380032,9.29908110109278,11.84832385155674,11.040367232715056,13.70718080138382,12.956797109600403,1.4988529352949145,4.231607611435601,5.434321212680064,7.854130983373945,359,0.0,10.0,32,0.171,0.69,0.0,0
306,359,61826.0,4.0,1,1,1,2,0,2.3597709923664123,1.0,61.826,3,3.0,4,4,0,3,False,False,11.86970083331438,11.7043567416272,16.719972377737697,0.0,False,1,0,4,4,0,0,4,True,1,1,1,8.568536843978737,11.043786224380032,9.29908110109278,11.84832385155674,11.040367232715056,13.70718080138382,12.956797109600403,1.4988529352949145,4.231607611435601,5.434321212680064,7.854130983373945,359,0.0,10.0,32,0.171,0.69,1.0,1
307,409,30546.0,3.0,3,2,0,3,0,1.406353591160221,1.0,30.546,2,3.0,3,3,0,2,True,False,11.52199026212059,10.979817217677851,16.23224874754694,0.0,True,0,0,2,2,0,0,2,False,1,1,1,8.646514820507882,11.110658357931891,9.339352021156444,11.878261793294511,0.0,0.0,0.0,0.0,0.0,5.092317008885641,7.715518707799649,409,0.0,10.0,52,0.167,0.686,0.0,0
309,409,85330.0,1.0,6,1,0,3,0,6.68730407523511,1.0,85.33,3,1.0,1,1,0,0,False,False,11.870929192831875,11.06711421450905,16.218033865865603,0.0,False,0,0,1,1,0,0,1,False,1,1,1,8.646514820507882,11.110658357931891,9.339352021156444,11.878261793294511,0.0,0.0,0.0,0.0,0.0,5.092317008885641,7.715518707799649,409,0.0,10.0,52,0.167,0.686,0.0,0
310,409,99722.0,5.0,1,4,2,3,0,3.250391134289439,1.0,99.722,3,3.0,3,2,3,0,False,False,11.722158599853724,11.100280509192244,16.183695765803904,0.0,False,0,0,5,2,0,3,5,False,26,6,26,8.646514820507882,11.110658357931891,9.339352021156444,11.878261793294511,0.0,0.0,0.0,0.0,0.0,5.092317008885641,7.715518707799649,409,0.0,10.0,52,0.167,0.686,0.0,0
311,409,195279.0,3.0,1,3,2,2,0,8.990745856353591,1.0,195.279,4,1.0,3,3,0,0,False,False,11.796964338938205,11.185855342354058,16.119827635982904,0.0,False,1,0,3,3,0,0,3,True,1,1,1,8.646514820507882,11.110658357931891,9.339352021156444,11.878261793294511,0.0,0.0,0.0,0.0,0.0,5.092317008885641,7.715518707799649,409,0.0,10.0,52,0.167,0.686,7.0,1
312,409,202496.0,2.0,3,1,2,6,0,11.74570765661253,1.0,202.496,4,0.0,2,2,0,0,False,False,11.96823141143398,11.234863808722372,16.619047809368663,0.0,False,0,0,2,2,0,0,2,False,1,1,1,8.646514820507882,11.110658357931891,9.339352021156444,11.878261793294511,0.0,0.0,0.0,0.0,0.0,5.092317008885641,7.715518707799649,409,0.0,10.0,52,0.167,0.686,0.0,0
313,409,0.0,1.0,6,2,0,2,0,0.0,1.0,0.0,1,1.0,1,1,0,1,False,False,11.418404350037475,11.073869769027748,15.676761833004274,0.0,False,0,0,1,1,0,0,1,False,1,1,1,8.646514820507882,11.110658357931891,9.339352021156444,11.878261793294511,0.0,0.0,0.0,0.0,0.0,5.092317008885641,7.715518707799649,409,0.0,10.0,52,0.167,0.686,0.0,0
314,409,80783.0,2.0,1,2,1,2,0,4.685788863109049,1.0,80.783,3,1.0,2,2,0,1,False,False,11.722158599853724,11.100280509192244,16.183695765803904,0.0,False,0,0,1,1,0,0,1,False,1,1,1,8.646514820507882,11.110658357931891,9.339352021156444,11.878261793294511,0.0,0.0,0.0,0.0,0.0,5.092317008885641,7.715518707799649,409,0.0,10.0,52,0.167,0.686,0.0,0
315,409,59241.0,2.0,1,2,1,5,0,3.4362529002320183,1.0,59.241,2,1.0,2,2,0,1,False,False,11.521990262120593,10.979817217677851,16.23224874754694,0.0,False,0,0,2,2,0,0,2,False,1,1,1,8.646514820507882,11.110658357931891,9.339352021156444,11.878261793294511,0.0,0.0,0.0,0.0,0.0,5.092317008885641,7.715518707799649,409,0.0,10.0,52,0.167,0.686,0.0,0
316,409,17234.0,3.0,3,1,1,7,0,0.7934622467771639,1.0,17.234,1,2.0,3,1,2,0,True,False,11.563779511716133,11.139695759532303,16.11299347553726,0.0,False,0,0,3,1,0,2,3,False,1,1,1,8.646514820507882,11.110658357931891,9.339352021156444,11.878261793294511,0.0,0.0,0.0,0.0,0.0,5.092317008885641,7.715518707799649,409,0.0,10.0,52,0.167,0.686,0.0,0
317,409,143298.0,2.0,1,3,0,2,0,8.311948955916474,1.0,143.298,4,2.0,2,2,0,0,False,False,11.796964338938206,11.185855342354058,16.119827635982904,0.0,False,0,0,2,2,0,0,2,False,1,1,1,8.646514820507882,11.110658357931891,9.339352021156444,11.878261793294511,0.0,0.0,0.0,0.0,0.0,5.092317008885641,7.715518707799649,409,0.0,10.0,52,0.167,0.686,0.0,0
318,468,44784.0,1.0,6,1,0,3,0,3.509717868338558,1.0,44.784,2,1.0,1,1,0,1,False,False,11.86462751924518,11.564131241156169,16.734515797339583,0.0,False,0,0,1,1,0,0,1,False,1,1,1,8.566601329676393,11.046312137030409,9.23976726043994,11.78955724301848,11.00102197690427,13.680527573268185,12.92416389525969,1.4728783553628233,4.46819883376004,5.215785069931188,7.918458902838858,468,0.0,10.0,43,0.209,0.444,0.0,0
319,468,88839.0,6.0,3,2,1,2,0,2.5267064846416383,1.0,88.839,3,5.0,2,1,5,0,False,False,11.991294602973255,11.47698422030066,16.67717800064866,0.0,False,0,1,6,1,0,5,6,False,69,84,69,8.566601329676393,11.046312137030409,9.23976726043994,11.78955724301848,11.00102197690427,13.680527573268185,12.92416389525969,1.4728783553628233,4.46819883376004,5.215785069931188,7.918458902838858,468,0.0,10.0,43,0.209,0.444,0.0,0
320,468,35292.0,1.0,4,2,0,2,0,2.7658307210031348,1.0,35.292,2,1.0,1,1,0,1,False,False,11.753907479924791,11.494163657676822,16.596745768099463,0.0,False,0,0,1,1,0,0,1,False,1,1,1,8.566601329676393,11.046312137030409,9.23976726043994,11.78955724301848,11.00102197690427,13.680527573268185,12.92416389525969,1.4728783553628233,4.46819883376004,5.215785069931188,7.918458902838858,468,0.0,10.0,43,0.209,0.444,0.0,0
321,468,109527.0,2.0,1,2,2,2,0,6.353074245939675,1.0,109.527,4,0.0,2,2,0,0,False,False,11.86406856026555,11.467764634232717,17.656457959460806,0.0,False,0,0,2,2,0,0,2,False,1,1,1,8.566601329676393,11.046312137030409,9.23976726043994,11.78955724301848,11.00102197690427,13.680527573268185,12.92416389525969,1.4728783553628233,4.46819883376004,5.215785069931188,7.918458902838858,468,0.0,10.0,43,0.209,0.444,0.0,0
322,468,156581.0,2.0,5,2,1,8,0,9.082424593967517,1.0,156.581,4,1.0,2,2,0,1,False,False,11.86406856026555,11.467764634232717,17.656457959460806,0.0,False,0,0,2,2,0,0,2,False,1,1,1,8.566601329676393,11.046312137030409,9.23976726043994,11.78955724301848,11.00102197690427,13.680527573268185,12.92416389525969,1.4728783553628233,4.46819883376004,5.215785069931188,7.918458902838858,468,0.0,10.0,43,0.209,0.444,0.0,0
323,468,30021.0,3.0,1,2,0,7,0,1.382182320441989,1.0,30.021,2,3.0,3,3,0,2,False,False,11.753907479924791,11.494163657676822,16.596745768099463,0.0,False,0,0,1,1,0,0,1,False,1,1,1,8.566601329676393,11.046312137030409,9.23976726043994,11.78955724301848,11.00102197690427,13.680527573268185,12.92416389525969,1.4728783553628233,4.46819883376004,5.215785069931188,7.918458902838858,468,0.0,10.0,43,0.209,0.444,0.0,0
324,468,235460.0,2.0,5,2,1,2,0,13.657772621809745,1.0,235.46,4,1.0,2,2,0,1,False,False,11.86406856026555,11.467764634232717,17.656457959460806,0.0,False,0,0,1,1,0,0,1,False,1,1,1,8.566601329676393,11.046312137030409,9.23976726043994,11.78955724301848,11.00102197690427,13.680527573268185,12.92416389525969,1.4728783553628233,4.46819883376004,5.215785069931188,7.918458902838858,468,0.0,10.0,43,0.209,0.444,0.0,0
325,468,38851.0,3.0,1,1,1,3,0,1.788720073664825,1.0,38.851,2,2.0,3,3,0,2,True,False,11.86462751924518,11.564131241156169,16.734515797339583,0.0,True,0,0,3,3,0,0,3,False,1,1,1,8.566601329676393,11.046312137030409,9.23976726043994,11.78955724301848,11.00102197690427,13.680527573268185,12.92416389525969,1.4728783553628233,4.46819883376004,5.215785069931188,7.918458902838858,468,0.0,10.0,43,0.209,0.444,0.0,0
326,468,47092.0,2.0,1,0,1,2,0,2.731554524361949,1.0,47.092,2,1.0,2,2,0,1,False,False,12.64737754194132,12.799392770688032,16.3617828762105,0.0,False,0,0,2,2,0,0,2,False,1,1,1,8.566601329676393,11.046312137030409,9.23976726043994,11.78955724301848,11.00102197690427,13.680527573268185,12.92416389525969,1.4728783553628233,4.46819883376004,5.215785069931188,7.918458902838858,468,0.0,10.0,43,0.209,0.444,0.0,0
327,468,170709.0,2.0,1,2,2,2,0,9.901914153132251,1.0,170.709,4,0.0,2,2,0,0,False,False,11.86406856026555,11.467764634232717,17.656457959460806,0.0,False,0,0,2,2,0,0,2,False,1,1,1,8.566601329676393,11.046312137030409,9.23976726043994,11.78955724301848,11.00102197690427,13.680527573268185,12.92416389525969,1.4728783553628233,4.46819883376004,5.215785069931188,7.918458902838858,468,0.0,10.0,43,0.209,0.444,0.0,0
329,468,54061.0,2.0,1,2,1,6,0,3.135788863109049,1.0,54.061,2,1.0,2,2,0,1,False,False,11.753907479924791,11.494163657676822,16.596745768099463,0.0,False,0,0,2,2,0,0,2,False,1,1,1,8.566601329676393,11.046312137030409,9.23976726043994,11.78955724301848,11.00102197690427,13.680527573268185,12.92416389525969,1.4728783553628233,4.46819883376004,5.215785069931188,7.918458902838858,468,0.0,10.0,43,0.209,0.444,0.0,0
330,468,129976.0,3.0,5,1,2,6,0,5.984162062615101,1.0,129.976,4,1.0,3,3,0,1,False,False,12.074512809209905,11.325275112604578,16.541858026779963,0.0,True,1,0,2,2,0,0,2,True,1,1,1,8.566601329676393,11.046312137030409,9.23976726043994,11.78955724301848,11.00102197690427,13.680527573268185,12.92416389525969,1.4728783553628233,4.46819883376004,5.215785069931188,7.918458902838858,468,0.0,10.0,43,0.209,0.444,13.0,1
331,468,75915.0,3.0,5,2,2,5,0,3.4951657458563536,1.0,75.915,3,1.0,3,3,0,0,False,False,11.991294602973255,11.47698422030066,16.67717800064866,0.0,False,0,0,3,3,0,0,3,False,1,1,1,8.566601329676393,11.046312137030409,9.23976726043994,11.78955724301848,11.00102197690427,13.680527573268185,12.92416389525969,1.4728783553628233,4.46819883376004,5.215785069931188,7.918458902838858,468,0.0,10.0,43,0.209,0.444,0.0,0
332,468,112607.0,2.0,1,2,2,6,0,6.531728538283063,1.0,112.607,4,0.0,2,2,0,0,False,False,11.86406856026555,11.467764634232717,17.656457959460806,0.0,False,0,0,2,2,0,0,2,False,1,1,1,8.566601329676393,11.046312137030409,9.23976726043994,11.78955724301848,11.00102197690427,13.680527573268185,12.92416389525969,1.4728783553628233,4.46819883376004,5.215785069931188,7.918458902838858,468,0.0,10.0,43,0.209,0.444,0.0,0
333,468,57511.0,2.0,1,2,1,6,0,3.335904872389792,1.0,57.511,2,1.0,2,2,0,0,False,False,11.753907479924791,11.494163657676822,16.596745768099463,0.0,True,0,0,2,2,0,0,2,False,1,1,1,8.566601329676393,11.046312137030409,9.23976726043994,11.78955724301848,11.00102197690427,13.680527573268185,12.92416389525969,1.4728783553628233,4.46819883376004,5.215785069931188,7.918458902838858,468,0.0,10.0,43,0.209,0.444,0.0,0
334,468,141423.0,3.0,3,2,3,6,0,6.511187845303867,1.0,141.423,4,0.0,3,3,0,0,False,False,11.86406856026555,11.467764634232717,17.656457959460806,0.0,False,0,0,3,3,0,0,3,False,1,1,1,8.566601329676393,11.046312137030409,9.23976726043994,11.78955724301848,11.00102197690427,13.680527573268185,12.92416389525969,1.4728783553628233,4.46819883376004,5.215785069931188,7.918458902838858,468,0.0,10.0,43,0.209,0.444,0.0,0
335,468,39095.0,5.0,3,2,1,7,0,1.274282920469361,1.0,39.095,2,4.0,1,1,4,0,False,False,11.753907479924791,11.494163657676822,16.596745768099463,0.0,False,0,2,4,1,1,3,3,False,15,30,15,8.566601329676393,11.046312137030409,9.23976726043994,11.78955724301848,11.00102197690427,13.680527573268185,12.92416389525969,1.4728783553628233,4.46819883376004,5.215785069931188,7.918458902838858,468,0.0,10.0,43,0.209,0.444,0.0,0
336,468,58020.0,2.0,5,3,2,6,0,3.365429234338748,1.0,58.02,2,0.0,2,2,0,0,False,False,11.753907479924791,11.494163657676822,16.596745768099463,0.0,False,0,0,2,2,0,0,2,False,1,1,1,8.566601329676393,11.046312137030409,9.23976726043994,11.78955724301848,11.00102197690427,13.680527573268185,12.92416389525969,1.4728783553628233,4.46819883376004,5.215785069931188,7.918458902838858,468,0.0,10.0,43,0.209,0.444,0.0,0
337,468,124652.0,2.0,1,2,2,2,0,7.230394431554524,1.0,124.652,4,0.0,2,2,0,0,False,False,11.86406856026555,11.467764634232717,17.656457959460806,0.0,False,0,0,2,2,0,0,2,False,1,1,1,8.566601329676393,11.046312137030409,9.23976726043994,11.78955724301848,11.00102197690427,13.680527573268185,12.92416389525969,1.4728783553628233,4.46819883376004,5.215785069931188,7.918458902838858,468,0.0,10.0,43,0.209,0.444,0.0,0
338,468,82384.0,6.0,1,2,1,2,0,2.34311717861206,1.0,82.384,3,5.0,2,2,4,1,False,False,11.991294602973255,11.47698422030066,16.67717800064866,0.0,False,1,2,5,1,2,4,3,True,17,39,17,8.566601329676393,11.046312137030409,9.23976726043994,11.78955724301848,11.00102197690427,13.680527573268185,12.92416389525969,1.4728783553628233,4.46819883376004,5.215785069931188,7.918458902838858,468,0.0,10.0,43,0.209,0.444,9.0,1
339,468,39095.0,1.0,4,1,0,1,0,3.063871473354232,1.0,39.095,2,1.0,1,1,0,1,False,False,11.86462751924518,11.564131241156169,16.734515797339583,0.0,False,0,0,1,1,0,0,1,False,1,1,1,8.566601329676393,11.046312137030409,9.23976726043994,11.78955724301848,11.00102197690427,13.680527573268185,12.92416389525969,1.4728783553628233,4.46819883376004,5.215785069931188,7.918458902838858,468,0.0,10.0,43,0.209,0.444,0.0,0
340,468,117835.0,2.0,2,2,0,2,0,6.834976798143852,1.0,117.835,4,2.0,2,2,0,1,False,False,11.86406856026555,11.467764634232717,17.656457959460806,0.0,False,0,0,2,2,0,0,2,False,1,1,1,8.566601329676393,11.046312137030409,9.23976726043994,11.78955724301848,11.00102197690427,13.680527573268185,12.92416389525969,1.4728783553628233,4.46819883376004,5.215785069931188,7.918458902838858,468,0.0,10.0,43,0.209,0.444,0.0,0
341,468,32313.0,3.0,2,2,0,5,0,1.487707182320442,1.0,32.313,2,3.0,1,1,2,0,False,False,11.753907479924791,11.494163657676822,16.596745768099463,0.0,False,0,0,3,1,2,2,1,False,3,30,15,8.566601329676393,11.046312137030409,9.23976726043994,11.78955724301848,11.00102197690427,13.680527573268185,12.92416389525969,1.4728783553628233,4.46819883376004,5.215785069931188,7.918458902838858,468,0.0,10.0,43,0.209,0.444,0.0,0
342,468,74751.0,3.0,5,1,0,4,0,3.441574585635359,1.0,74.751,3,3.0,3,3,0,3,False,False,11.912665833087678,11.592196492405767,15.781606390592025,0.0,True,0,0,2,2,0,0,2,False,1,1,1,8.566601329676393,11.046312137030409,9.23976726043994,11.78955724301848,11.00102197690427,13.680527573268185,12.92416389525969,1.4728783553628233,4.46819883376004,5.215785069931188,7.918458902838858,468,0.0,10.0,43,0.209,0.444,0.0,0
343,468,26928.0,2.0,1,0,1,3,0,1.5619489559164734,1.0,26.928,1,1.0,2,2,0,0,False,False,12.349868638992328,12.5746422204211,16.60905460630719,0.0,False,0,0,2,2,0,0,2,False,1,1,1,8.566601329676393,11.046312137030409,9.23976726043994,11.78955724301848,11.00102197690427,13.680527573268185,12.92416389525969,1.4728783553628233,4.46819883376004,5.215785069931188,7.918458902838858,468,0.0,10.0,43,0.209,0.444,0.0,0
344,468,234809.0,2.0,1,2,2,9,0,13.620011600928072,1.0,234.809,4,0.0,2,2,0,0,False,False,11.86406856026555,11.467764634232717,17.656457959460806,0.0,True,0,0,2,2,0,0,2,False,1,1,1,8.566601329676393,11.046312137030409,9.23976726043994,11.78955724301848,11.00102197690427,13.680527573268185,12.92416389525969,1.4728783553628233,4.46819883376004,5.215785069931188,7.918458902838858,468,0.0,10.0,43,0.209,0.444,0.0,0
345,468,36622.0,1.0,6,1,0,7,0,2.870062695924765,1.0,36.622,2,1.0,1,1,0,0,False,False,11.86462751924518,11.564131241156169,16.734515797339583,0.0,False,0,0,1,1,0,0,1,False,1,1,1,8.566601329676393,11.046312137030409,9.23976726043994,11.78955724301848,11.00102197690427,13.680527573268185,12.92416389525969,1.4728783553628233,4.46819883376004,5.215785069931188,7.918458902838858,468,0.0,10.0,43,0.209,0.444,0.0,0
346,468,31021.0,1.0,4,1,0,2,0,2.431112852664577,1.0,31.021,2,1.0,1,1,0,0,False,False,11.86462751924518,11.564131241156169,16.734515797339583,0.0,False,0,0,1,1,0,0,1,False,1,1,1,8.566601329676393,11.046312137030409,9.23976726043994,11.78955724301848,11.00102197690427,13.680527573268185,12.92416389525969,1.4728783553628233,4.46819883376004,5.215785069931188,7.918458902838858,468,0.0,10.0,43,0.209,0.444,0.0,0
347,468,210035.0,6.0,1,3,1,2,0,5.973691695108077,1.0,210.035,4,5.0,2,2,4,1,False,False,11.86406856026555,11.467764634232717,17.656457959460806,0.0,False,1,2,5,2,1,3,4,True,32,30,32,8.566601329676393,11.046312137030409,9.23976726043994,11.78955724301848,11.00102197690427,13.680527573268185,12.92416389525969,1.4728783553628233,4.46819883376004,5.215785069931188,7.918458902838858,468,0.0,10.0,43,0.209,0.444,7.0,1
348,469,34075.0,1.0,6,1,0,6,0,2.6704545454545454,1.0,34.075,2,1.0,1,1,0,1,False,False,11.7643862238838,11.375080398103377,15.784987229688484,0.0,False,0,0,1,1,0,0,1,False,1,1,1,8.56841157712275,11.045443265258749,9.242161094873849,11.79057022359649,10.952807937506025,13.643846702526266,12.869829965249703,1.4372120439049207,4.121246316049694,5.100044628799747,7.814928339606143,469,0.0,10.0,46,0.284,0.624,0.0,0
349,469,88839.0,6.0,3,2,1,2,0,2.5267064846416383,1.0,88.839,3,5.0,2,1,5,0,False,False,11.992313564389212,11.209342693325846,15.814808238243195,0.0,False,0,0,6,1,0,5,6,False,84,18,120,8.56841157712275,11.045443265258749,9.242161094873849,11.79057022359649,10.952807937506025,13.643846702526266,12.869829965249703,1.4372120439049207,4.121246316049694,5.100044628799747,7.814928339606143,469,0.0,10.0,46,0.284,0.624,0.0,0
350,469,55333.0,2.0,1,2,2,6,0,3.209570765661253,1.0,55.333,2,0.0,2,2,0,0,False,False,11.740002968581155,11.120674628550008,15.62184495421959,0.0,True,0,0,2,2,0,0,2,False,1,1,1,8.56841157712275,11.045443265258749,9.242161094873849,11.79057022359649,10.952807937506025,13.643846702526266,12.869829965249703,1.4372120439049207,4.121246316049694,5.100044628799747,7.814928339606143,469,0.0,10.0,46,0.284,0.624,0.0,0
351,469,41559.0,1.0,6,1,0,2,0,3.256974921630094,1.0,41.559,2,1.0,1,1,0,0,True,False,11.7643862238838,11.375080398103377,15.784987229688484,0.0,False,0,0,1,1,0,0,1,False,1,1,1,8.56841157712275,11.045443265258749,9.242161094873849,11.79057022359649,10.952807937506025,13.643846702526266,12.869829965249703,1.4372120439049207,4.121246316049694,5.100044628799747,7.814928339606143,469,0.0,10.0,46,0.284,0.624,0.0,0
352,469,54061.0,2.0,1,2,1,6,0,3.135788863109049,1.0,54.061,2,1.0,2,2,0,1,False,False,11.740002968581155,11.120674628550008,15.62184495421959,0.0,False,0,0,1,1,0,0,1,False,1,1,1,8.56841157712275,11.045443265258749,9.242161094873849,11.79057022359649,10.952807937506025,13.643846702526266,12.869829965249703,1.4372120439049207,4.121246316049694,5.100044628799747,7.814928339606143,469,0.0,10.0,46,0.284,0.624,0.0,0
354,469,124652.0,2.0,1,2,2,2,0,7.230394431554524,1.0,124.652,4,0.0,2,2,0,0,False,False,11.818854196025736,11.226030539018366,15.98688561450188,0.0,False,0,0,2,2,0,0,2,False,1,1,1,8.56841157712275,11.045443265258749,9.242161094873849,11.79057022359649,10.952807937506025,13.643846702526266,12.869829965249703,1.4372120439049207,4.121246316049694,5.100044628799747,7.814928339606143,469,0.0,10.0,46,0.284,0.624,0.0,0
355,469,45328.0,2.0,1,2,1,7,0,2.6292343387471,1.0,45.328,2,1.0,2,2,0,1,True,False,11.740002968581155,11.120674628550008,15.62184495421959,0.0,False,0,0,2,2,0,0,2,False,1,1,1,8.56841157712275,11.045443265258749,9.242161094873849,11.79057022359649,10.952807937506025,13.643846702526266,12.869829965249703,1.4372120439049207,4.121246316049694,5.100044628799747,7.814928339606143,469,0.0,10.0,46,0.284,0.624,0.0,0
356,469,60964.0,4.0,1,2,1,2,0,2.3268702290076337,1.0,60.964,3,3.0,4,4,0,0,False,False,11.992313564389212,11.209342693325846,15.814808238243195,0.0,True,0,0,2,2,0,0,2,False,1,1,1,8.56841157712275,11.045443265258749,9.242161094873849,11.79057022359649,10.952807937506025,13.643846702526266,12.869829965249703,1.4372120439049207,4.121246316049694,5.100044628799747,7.814928339606143,469,0.0,10.0,46,0.284,0.624,0.0,0
357,469,120636.0,3.0,2,1,2,7,0,5.55414364640884,1.0,120.636,4,1.0,3,3,0,1,False,False,11.943748151545682,11.241295514971048,15.46536649901243,0.0,True,0,0,2,2,0,0,2,False,1,1,1,8.56841157712275,11.045443265258749,9.242161094873849,11.79057022359649,10.952807937506025,13.643846702526266,12.869829965249703,1.4372120439049207,4.121246316049694,5.100044628799747,7.814928339606143,469,0.0,10.0,46,0.284,0.624,0.0,0
358,469,511409.0,2.0,5,1,1,3,0,29.66409512761021,1.0,511.409,4,1.0,2,2,0,1,False,False,11.943748151545682,11.241295514971046,15.46536649901243,0.0,False,0,0,2,2,0,0,2,False,1,1,1,8.56841157712275,11.045443265258749,9.242161094873849,11.79057022359649,10.952807937506025,13.643846702526266,12.869829965249703,1.4372120439049207,4.121246316049694,5.100044628799747,7.814928339606143,469,0.0,10.0,46,0.284,0.624,0.0,0
359,469,155103.0,8.0,1,2,1,2,0,3.515480507706256,1.0,155.103,4,7.0,2,2,6,1,False,False,11.818854196025736,11.226030539018366,15.98688561450188,0.0,False,0,2,6,2,0,4,6,False,141,113,141,8.56841157712275,11.045443265258749,9.242161094873849,11.79057022359649,10.952807937506025,13.643846702526266,12.869829965249703,1.4372120439049207,4.121246316049694,5.100044628799747,7.814928339606143,469,0.0,10.0,46,0.284,0.624,0.0,0
360,469,49655.0,3.0,1,2,1,2,0,2.2861418047882136,1.0,49.655,2,2.0,3,3,0,2,False,False,11.740002968581155,11.120674628550008,15.62184495421959,0.0,False,0,0,3,3,0,0,3,False,1,1,1,8.56841157712275,11.045443265258749,9.242161094873849,11.79057022359649,10.952807937506025,13.643846702526266,12.869829965249703,1.4372120439049207,4.121246316049694,5.100044628799747,7.814928339606143,469,0.0,10.0,46,0.284,0.624,0.0,0
362,565,71801.0,2.0,1,2,2,5,0,4.164791183294663,1.0,71.801,3,0.0,2,2,0,0,False,False,11.781144623674944,12.389644560082116,18.38857995898073,0.0,False,0,0,2,2,0,0,2,False,1,1,1,8.556582521481456,11.037385229787736,9.28354469248631,11.836007842458327,10.958027068027434,13.625798423840193,12.873920187066464,1.467603129659351,4.191458409241717,5.450300835069297,8.055644159207517,565,0.0,10.0,29,0.203,0.709,0.0,0
363,565,17038.0,1.0,4,1,0,3,0,1.3352664576802509,1.0,17.038,1,1.0,1,1,0,1,False,False,11.208868759991994,11.7449351860573,18.005306634758877,0.0,False,0,0,1,1,0,0,1,False,1,1,1,8.556582521481456,11.037385229787736,9.28354469248631,11.836007842458327,10.958027068027434,13.625798423840193,12.873920187066464,1.467603129659351,4.191458409241717,5.450300835069297,8.055644159207517,565,0.0,10.0,29,0.203,0.709,0.0,0
364,565,36509.0,3.0,3,3,2,6,0,1.680893186003683,1.0,36.509,2,1.0,3,3,0,1,False,False,11.649541880138123,11.304011650198191,18.41116088929449,0.0,False,0,0,3,3,0,0,3,False,1,1,1,8.556582521481456,11.037385229787736,9.28354469248631,11.836007842458327,10.958027068027434,13.625798423840193,12.873920187066464,1.467603129659351,4.191458409241717,5.450300835069297,8.055644159207517,565,0.0,10.0,29,0.203,0.709,0.0,0
366,565,48387.0,1.0,6,3,0,3,0,3.792084639498432,1.0,48.387,2,1.0,1,1,0,0,False,False,11.649541880138129,11.304011650198191,18.41116088929449,0.0,False,0,0,1,1,0,0,1,False,1,1,1,8.556582521481456,11.037385229787736,9.28354469248631,11.836007842458327,10.958027068027434,13.625798423840193,12.873920187066464,1.467603129659351,4.191458409241717,5.450300835069297,8.055644159207517,565,0.0,10.0,29,0.203,0.709,0.0,0
367,565,48269.0,1.0,6,0,1,6,0,3.7828369905956114,1.0,48.269,2,0.0,1,1,0,0,False,False,12.77682299776812,13.009444114814707,18.726848849774647,0.0,False,0,0,1,1,0,0,1,False,1,1,1,8.556582521481456,11.037385229787736,9.28354469248631,11.836007842458327,10.958027068027434,13.625798423840193,12.873920187066464,1.467603129659351,4.191458409241717,5.450300835069297,8.055644159207517,565,0.0,10.0,29,0.203,0.709,0.0,0
368,565,24723.0,1.0,6,1,0,3,0,1.9375391849529784,1.0,24.723,1,1.0,1,1,0,0,False,False,11.208868759991994,11.7449351860573,18.005306634758877,0.0,False,0,0,1,1,0,0,1,False,1,1,1,8.556582521481456,11.037385229787736,9.28354469248631,11.836007842458327,10.958027068027434,13.625798423840193,12.873920187066464,1.467603129659351,4.191458409241717,5.450300835069297,8.055644159207517,565,0.0,10.0,29,0.203,0.709,0.0,0
369,565,0.0,6.0,3,0,0,2,0,0.0,1.0,0.0,1,6.0,1,1,5,1,False,False,12.73283866434662,13.245501451252728,18.38077546444154,0.0,False,0,2,3,0,0,3,3,False,1,1,1,8.556582521481456,11.037385229787736,9.28354469248631,11.836007842458327,10.958027068027434,13.625798423840193,12.873920187066464,1.467603129659351,4.191458409241717,5.450300835069297,8.055644159207517,565,0.0,10.0,29,0.203,0.709,0.0,0
370,565,0.0,6.0,3,1,0,2,0,0.0,1.0,0.0,1,6.0,1,1,5,1,False,False,11.208868759991994,11.7449351860573,18.005306634758877,0.0,False,0,1,4,0,1,4,3,False,1,1,1,8.556582521481456,11.037385229787736,9.28354469248631,11.836007842458327,10.958027068027434,13.625798423840193,12.873920187066464,1.467603129659351,4.191458409241717,5.450300835069297,8.055644159207517,565,0.0,10.0,29,0.203,0.709,0.0,0
371,565,0.0,6.0,3,1,0,2,0,0.0,1.0,0.0,1,6.0,1,1,5,1,False,False,11.208868759991994,11.7449351860573,18.005306634758877,0.0,False,0,2,4,1,0,3,4,False,84,23,84,8.556582521481456,11.037385229787736,9.28354469248631,11.836007842458327,10.958027068027434,13.625798423840193,12.873920187066464,1.467603129659351,4.191458409241717,5.450300835069297,8.055644159207517,565,0.0,10.0,29,0.203,0.709,0.0,0
372,565,87591.0,3.0,7,2,2,1,0,4.0327348066298345,1.0,87.591,3,1.0,3,3,0,0,False,False,11.781144623674942,12.389644560082116,18.38857995898073,0.0,False,0,0,3,3,0,0,3,False,1,1,1,8.556582521481456,11.037385229787736,9.28354469248631,11.836007842458327,10.958027068027434,13.625798423840193,12.873920187066464,1.467603129659351,4.191458409241717,5.450300835069297,8.055644159207517,565,0.0,10.0,29,0.203,0.709,0.0,0
373,565,23546.0,2.0,2,1,1,2,0,1.3657772621809745,1.0,23.546,1,1.0,2,2,0,1,False,False,11.208868759991994,11.7449351860573,18.005306634758877,0.0,False,0,0,1,1,0,0,1,False,1,1,1,8.556582521481456,11.037385229787736,9.28354469248631,11.836007842458327,10.958027068027434,13.625798423840193,12.873920187066464,1.467603129659351,4.191458409241717,5.450300835069297,8.055644159207517,565,0.0,10.0,29,0.203,0.709,0.0,0
374,565,164482.0,2.0,1,2,2,2,0,9.540719257540603,1.0,164.482,4,0.0,2,2,0,0,False,False,11.91193050104556,11.42033859578041,18.15899411703662,0.0,True,0,0,2,2,0,0,2,False,1,1,1,8.556582521481456,11.037385229787736,9.28354469248631,11.836007842458327,10.958027068027434,13.625798423840193,12.873920187066464,1.467603129659351,4.191458409241717,5.450300835069297,8.055644159207517,565,0.0,10.0,29,0.203,0.709,0.0,0
375,565,18404.0,1.0,6,1,0,1,0,1.442319749216301,1.0,18.404,1,1.0,1,1,0,0,False,False,11.208868759991994,11.7449351860573,18.005306634758877,0.0,False,0,0,1,1,0,0,1,False,1,1,1,8.556582521481456,11.037385229787736,9.28354469248631,11.836007842458327,10.958027068027434,13.625798423840193,12.873920187066464,1.467603129659351,4.191458409241717,5.450300835069297,8.055644159207517,565,0.0,10.0,29,0.203,0.709,0.0,0
376,565,141938.0,1.0,4,1,1,7,0,11.123667711598744,1.0,141.938,4,0.0,1,1,0,0,False,False,11.921291865428753,11.459715968195846,17.60126362794406,0.0,False,0,0,1,1,0,0,1,False,1,1,1,8.556582521481456,11.037385229787736,9.28354469248631,11.836007842458327,10.958027068027434,13.625798423840193,12.873920187066464,1.467603129659351,4.191458409241717,5.450300835069297,8.055644159207517,565,0.0,10.0,29,0.203,0.709,0.0,0
377,565,110422.0,1.0,4,1,1,5,0,8.653761755485894,1.0,110.422,4,0.0,1,1,0,0,False,False,11.921291865428753,11.459715968195846,17.60126362794406,0.0,False,0,0,1,1,0,0,1,False,1,1,1,8.556582521481456,11.037385229787736,9.28354469248631,11.836007842458327,10.958027068027434,13.625798423840193,12.873920187066464,1.467603129659351,4.191458409241717,5.450300835069297,8.055644159207517,565,0.0,10.0,29,0.203,0.709,0.0,0
378,565,115023.0,1.0,4,1,1,6,0,9.01434169278997,1.0,115.023,4,0.0,1,1,0,0,False,False,11.921291865428753,11.459715968195846,17.60126362794406,0.0,False,0,0,1,1,0,0,1,False,1,1,1,8.556582521481456,11.037385229787736,9.28354469248631,11.836007842458327,10.958027068027434,13.625798423840193,12.873920187066464,1.467603129659351,4.191458409241717,5.450300835069297,8.055644159207517,565,0.0,10.0,29,0.203,0.709,0.0,0
379,565,117553.0,2.0,1,1,2,3,0,6.818619489559165,1.0,117.553,4,0.0,2,2,0,0,False,False,11.921291865428753,11.459715968195846,17.60126362794406,0.0,False,1,0,2,2,0,0,2,True,1,1,1,8.556582521481456,11.037385229787736,9.28354469248631,11.836007842458327,10.958027068027434,13.625798423840193,12.873920187066464,1.467603129659351,4.191458409241717,5.450300835069297,8.055644159207517,565,0.0,10.0,29,0.203,0.709,4.0,1
380,565,75915.0,3.0,5,3,2,5,0,3.4951657458563536,1.0,75.915,3,1.0,3,3,0,0,False,False,11.781144623674942,12.389644560082116,18.38857995898073,0.0,False,1,0,3,3,0,0,3,True,1,1,1,8.556582521481456,11.037385229787736,9.28354469248631,11.836007842458327,10.958027068027434,13.625798423840193,12.873920187066464,1.467603129659351,4.191458409241717,5.450300835069297,8.055644159207517,565,0.0,10.0,29,0.203,0.709,1.0,1
381,565,112607.0,2.0,1,2,2,6,0,6.531728538283063,1.0,112.607,4,0.0,2,2,0,0,False,False,11.91193050104556,11.42033859578041,18.15899411703662,0.0,True,0,0,2,2,0,0,2,False,1,1,1,8.556582521481456,11.037385229787736,9.28354469248631,11.836007842458327,10.958027068027434,13.625798423840193,12.873920187066464,1.467603129659351,4.191458409241717,5.450300835069297,8.055644159207517,565,0.0,10.0,29,0.203,0.709,0.0,0
382,565,124570.0,2.0,1,2,2,6,0,7.225638051044084,1.0,124.57,4,0.0,2,2,0,0,False,False,11.91193050104556,11.42033859578041,18.15899411703662,0.0,False,0,0,2,2,0,0,2,False,1,1,1,8.556582521481456,11.037385229787736,9.28354469248631,11.836007842458327,10.958027068027434,13.625798423840193,12.873920187066464,1.467603129659351,4.191458409241717,5.450300835069297,8.055644159207517,565,0.0,10.0,29,0.203,0.709,0.0,0
383,565,28756.0,1.0,6,1,1,2,0,2.253605015673981,1.0,28.756,1,0.0,1,1,0,0,False,False,11.208868759991994,11.7449351860573,18.005306634758877,0.0,False,0,0,1,1,0,0,1,False,1,1,1,8.556582521481456,11.037385229787736,9.28354469248631,11.836007842458327,10.958027068027434,13.625798423840193,12.873920187066464,1.467603129659351,4.191458409241717,5.450300835069297,8.055644159207517,565,0.0,10.0,29,0.203,0.709,0.0,0
384,565,67863.0,2.0,1,1,1,5,0,3.936368909512761,1.0,67.863,3,1.0,2,2,0,1,False,False,11.8379392646042,11.724713349610932,18.481366986814216,0.0,False,0,0,2,2,0,0,2,False,1,1,1,8.556582521481456,11.037385229787736,9.28354469248631,11.836007842458327,10.958027068027434,13.625798423840193,12.873920187066464,1.467603129659351,4.191458409241717,5.450300835069297,8.055644159207517,565,0.0,10.0,29,0.203,0.709,0.0,0
385,565,73658.0,2.0,1,2,1,9,0,4.272505800464037,1.0,73.658,3,1.0,2,2,0,1,False,False,11.781144623674944,12.389644560082116,18.38857995898073,0.0,False,0,0,2,2,0,0,2,False,1,1,1,8.556582521481456,11.037385229787736,9.28354469248631,11.836007842458327,10.958027068027434,13.625798423840193,12.873920187066464,1.467603129659351,4.191458409241717,5.450300835069297,8.055644159207517,565,0.0,10.0,29,0.203,0.709,0.0,0
386,565,58020.0,2.0,5,2,2,6,0,3.365429234338748,1.0,58.02,2,0.0,2,2,0,0,False,False,11.649541880138129,11.304011650198191,18.41116088929449,0.0,True,0,0,2,2,0,0,2,False,1,1,1,8.556582521481456,11.037385229787736,9.28354469248631,11.836007842458327,10.958027068027434,13.625798423840193,12.873920187066464,1.467603129659351,4.191458409241717,5.450300835069297,8.055644159207517,565,0.0,10.0,29,0.203,0.709,0.0,0
387,565,266982.0,2.0,1,3,1,2,0,15.486194895591648,1.0,266.982,4,1.0,2,2,0,1,True,False,11.91193050104556,11.42033859578041,18.15899411703662,0.0,False,0,0,2,2,0,0,2,False,1,1,1,8.556582521481456,11.037385229787736,9.28354469248631,11.836007842458327,10.958027068027434,13.625798423840193,12.873920187066464,1.467603129659351,4.191458409241717,5.450300835069297,8.055644159207517,565,0.0,10.0,29,0.203,0.709,0.0,0
388,565,22211.0,1.0,6,1,0,9,0,1.7406739811912226,1.0,22.211,1,1.0,1,1,0,0,False,False,11.208868759991994,11.7449351860573,18.005306634758877,0.0,False,0,0,1,1,0,0,1,False,1,1,1,8.556582521481456,11.037385229787736,9.28354469248631,11.836007842458327,10.958027068027434,13.625798423840193,12.873920187066464,1.467603129659351,4.191458409241717,5.450300835069297,8.055644159207517,565,0.0,10.0,29,0.203,0.709,0.0,0
389,565,141650.0,2.0,5,2,2,2,0,8.216357308584687,1.0,141.65,4,0.0,2,2,0,0,True,False,11.91193050104556,11.42033859578041,18.15899411703662,0.0,False,1,0,2,2,0,0,2,True,1,1,1,8.556582521481456,11.037385229787736,9.28354469248631,11.836007842458327,10.958027068027434,13.625798423840193,12.873920187066464,1.467603129659351,4.191458409241717,5.450300835069297,8.055644159207517,565,0.0,10.0,29,0.203,0.709,13.0,1
390,565,23231.0,1.0,6,1,0,2,0,1.820611285266457,1.0,23.231,1,1.0,1,1,0,0,False,False,11.208868759991994,11.7449351860573,18.005306634758877,0.0,False,0,0,1,1,0,0,1,False,1,1,1,8.556582521481456,11.037385229787736,9.28354469248631,11.836007842458327,10.958027068027434,13.625798423840193,12.873920187066464,1.467603129659351,4.191458409241717,5.450300835069297,8.055644159207517,565,0.0,10.0,29,0.203,0.709,0.0,0
391,565,46461.0,1.0,6,0,1,7,0,3.641144200626959,1.0,46.461,2,0.0,1,1,0,0,False,False,12.77682299776812,13.009444114814707,18.726848849774647,0.0,False,0,0,1,1,0,0,1,False,1,1,1,8.556582521481456,11.037385229787736,9.28354469248631,11.836007842458327,10.958027068027434,13.625798423840193,12.873920187066464,1.467603129659351,4.191458409241717,5.450300835069297,8.055644159207517,565,0.0,10.0,29,0.203,0.709,0.0,0
393,565,48954.0,3.0,1,1,3,2,0,2.253867403314917,1.0,48.954,2,0.0,3,3,0,0,False,False,11.67035800811091,11.37092761685276,17.783196785286588,0.0,False,0,0,3,3,0,0,3,False,1,1,1,8.556582521481456,11.037385229787736,9.28354469248631,11.836007842458327,10.958027068027434,13.625798423840193,12.873920187066464,1.467603129659351,4.191458409241717,5.450300835069297,8.055644159207517,565,0.0,10.0,29,0.203,0.709,0.0,0
394,565,82724.0,2.0,7,2,1,2,0,4.798375870069606,1.0,82.724,3,1.0,2,2,0,1,False,False,11.781144623674944,12.389644560082116,18.38857995898073,0.0,False,0,0,2,2,0,0,2,False,1,1,1,8.556582521481456,11.037385229787736,9.28354469248631,11.836007842458327,10.958027068027434,13.625798423840193,12.873920187066464,1.467603129659351,4.191458409241717,5.450300835069297,8.055644159207517,565,0.0,10.0,29,0.203,0.709,0.0,0
395,565,90656.0,2.0,1,3,1,2,0,5.258468677494199,1.0,90.656,3,1.0,2,2,0,0,False,False,11.781144623674944,12.389644560082116,18.38857995898073,0.0,False,0,0,2,2,0,0,2,False,1,1,1,8.556582521481456,11.037385229787736,9.28354469248631,11.836007842458327,10.958027068027434,13.625798423840193,12.873920187066464,1.467603129659351,4.191458409241717,5.450300835069297,8.055644159207517,565,0.0,10.0,29,0.203,0.709,0.0,0
396,565,45023.0,1.0,4,1,0,2,0,3.5284482758620688,1.0,45.023,2,1.0,1,1,0,1,False,False,11.67035800811091,11.37092761685276,17.783196785286588,0.0,False,0,0,1,1,0,0,1,False,1,1,1,8.556582521481456,11.037385229787736,9.28354469248631,11.836007842458327,10.958027068027434,13.625798423840193,12.873920187066464,1.467603129659351,4.191458409241717,5.450300835069297,8.055644159207517,565,0.0,10.0,29,0.203,0.709,0.0,0
397,565,118481.0,2.0,1,2,1,2,0,6.872447795823666,1.0,118.481,4,1.0,2,2,0,1,False,False,11.91193050104556,11.42033859578041,18.15899411703662,0.0,True,0,0,1,1,0,0,1,False,1,1,1,8.556582521481456,11.037385229787736,9.28354469248631,11.836007842458327,10.958027068027434,13.625798423840193,12.873920187066464,1.467603129659351,4.191458409241717,5.450300835069297,8.055644159207517,565,0.0,10.0,29,0.203,0.709,0.0,0
398,565,80783.0,2.0,1,2,1,2,0,4.685788863109049,1.0,80.783,3,1.0,2,2,0,1,False,False,11.781144623674944,12.389644560082116,18.38857995898073,0.0,False,1,0,2,2,0,0,2,True,1,1,1,8.556582521481456,11.037385229787736,9.28354469248631,11.836007842458327,10.958027068027434,13.625798423840193,12.873920187066464,1.467603129659351,4.191458409241717,5.450300835069297,8.055644159207517,565,0.0,10.0,29,0.203,0.709,7.0,1
399,565,19388.0,1.0,6,1,0,1,0,1.519435736677116,1.0,19.388,1,1.0,1,1,0,1,True,False,11.208868759991994,11.7449351860573,18.005306634758877,0.0,False,0,0,1,1,0,0,1,False,1,1,1,8.556582521481456,11.037385229787736,9.28354469248631,11.836007842458327,10.958027068027434,13.625798423840193,12.873920187066464,1.467603129659351,4.191458409241717,5.450300835069297,8.055644159207517,565,0.0,10.0,29,0.203,0.709,0.0,0
400,565,79706.0,2.0,1,1,1,3,0,4.623317865429234,1.0,79.706,3,1.0,2,2,0,1,False,False,11.8379392646042,11.724713349610932,18.481366986814216,0.0,False,1,0,2,2,0,0,2,True,1,1,1,8.556582521481456,11.037385229787736,9.28354469248631,11.836007842458327,10.958027068027434,13.625798423840193,12.873920187066464,1.467603129659351,4.191458409241717,5.450300835069297,8.055644159207517,565,0.0,10.0,29,0.203,0.709,1.0,1
402,599,121818.0,2.0,1,2,1,2,0,7.06600928074246,1.0,121.818,4,1.0,2,2,0,1,False,False,11.856870384716746,11.116720153746728,18.60049214265244,0.0,True,0,0,1,1,0,0,1,False,1,1,1,8.548657310121358,11.0297752047331,9.276611975490455,11.829742471873224,11.01222614735005,13.679998359139896,12.928120051588737,1.4885220666757857,4.218154060840851,5.26795299693344,7.856485761070052,599,0.0,10.0,27,0.335,0.983,0.0,0
403,599,345618.0,2.0,1,2,2,2,0,20.047447795823665,1.0,345.618,4,0.0,2,2,0,0,False,False,11.856870384716746,11.116720153746728,18.60049214265244,0.0,False,0,0,2,2,0,0,2,False,1,1,1,8.548657310121358,11.0297752047331,9.276611975490455,11.829742471873224,11.01222614735005,13.679998359139896,12.928120051588737,1.4885220666757857,4.218154060840851,5.26795299693344,7.856485761070052,599,0.0,10.0,27,0.335,0.983,0.0,0
404,599,54763.0,1.0,4,1,1,3,0,4.291771159874608,1.0,54.763,2,0.0,1,1,0,0,False,False,11.716850151470023,11.115461913735594,18.44460093423259,0.0,False,0,0,1,1,0,0,1,False,1,1,1,8.548657310121358,11.0297752047331,9.276611975490455,11.829742471873224,11.01222614735005,13.679998359139896,12.928120051588737,1.4885220666757857,4.218154060840851,5.26795299693344,7.856485761070052,599,0.0,10.0,27,0.335,0.983,0.0,0
405,599,17038.0,1.0,4,1,0,3,0,1.3352664576802509,1.0,17.038,1,1.0,1,1,0,1,False,False,11.274741307804351,11.240540645555416,18.403761952727947,0.0,False,0,0,1,1,0,0,1,False,1,1,1,8.548657310121358,11.0297752047331,9.276611975490455,11.829742471873224,11.01222614735005,13.679998359139896,12.928120051588737,1.4885220666757857,4.218154060840851,5.26795299693344,7.856485761070052,599,0.0,10.0,27,0.335,0.983,0.0,0
406,599,50139.0,1.0,6,1,0,3,0,3.9293887147335433,1.0,50.139,2,1.0,1,1,0,0,False,False,11.716850151470023,11.115461913735594,18.44460093423259,0.0,True,0,0,1,1,0,0,1,False,1,1,1,8.548657310121358,11.0297752047331,9.276611975490455,11.829742471873224,11.01222614735005,13.679998359139896,12.928120051588737,1.4885220666757857,4.218154060840851,5.26795299693344,7.856485761070052,599,0.0,10.0,27,0.335,0.983,0.0,0
407,599,115612.0,1.0,6,2,1,2,0,9.06050156739812,1.0,115.612,4,0.0,1,1,0,0,False,False,11.856870384716746,11.116720153746728,18.60049214265244,0.0,True,0,0,1,1,0,0,1,False,1,1,1,8.548657310121358,11.0297752047331,9.276611975490455,11.829742471873224,11.01222614735005,13.679998359139896,12.928120051588737,1.4885220666757857,4.218154060840851,5.26795299693344,7.856485761070052,599,0.0,10.0,27,0.335,0.983,0.0,0
408,599,111844.0,2.0,5,2,2,6,0,6.487470997679814,1.0,111.844,4,0.0,2,2,0,0,False,False,11.856870384716746,11.116720153746728,18.60049214265244,0.0,False,0,0,1,1,0,0,1,False,1,1,1,8.548657310121358,11.0297752047331,9.276611975490455,11.829742471873224,11.01222614735005,13.679998359139896,12.928120051588737,1.4885220666757857,4.218154060840851,5.26795299693344,7.856485761070052,599,0.0,10.0,27,0.335,0.983,0.0,0
409,599,149529.0,2.0,1,3,2,2,0,8.673375870069606,1.0,149.529,4,0.0,2,2,0,0,False,False,11.856870384716746,11.116720153746728,18.60049214265244,0.0,False,0,0,2,2,0,0,2,False,1,1,1,8.548657310121358,11.0297752047331,9.276611975490455,11.829742471873224,11.01222614735005,13.679998359139896,12.928120051588737,1.4885220666757857,4.218154060840851,5.26795299693344,7.856485761070052,599,0.0,10.0,27,0.335,0.983,0.0,0
410,599,94655.0,3.0,1,3,2,2,0,4.357965009208103,1.0,94.655,3,1.0,3,3,0,1,False,False,11.876063403261478,11.26108114965398,18.57946681779375,0.0,True,0,0,3,3,0,0,3,False,1,1,1,8.548657310121358,11.0297752047331,9.276611975490455,11.829742471873224,11.01222614735005,13.679998359139896,12.928120051588737,1.4885220666757857,4.218154060840851,5.26795299693344,7.856485761070052,599,0.0,10.0,27,0.335,0.983,0.0,0
411,599,143631.0,1.0,6,1,0,1,0,11.256347962382446,1.0,143.631,4,1.0,1,1,0,0,False,False,11.890287620706689,10.975407539327726,18.38678462125864,0.0,False,0,0,1,1,0,0,1,False,1,1,1,8.548657310121358,11.0297752047331,9.276611975490455,11.829742471873224,11.01222614735005,13.679998359139896,12.928120051588737,1.4885220666757857,4.218154060840851,5.26795299693344,7.856485761070052,599,0.0,10.0,27,0.335,0.983,0.0,0
412,599,0.0,6.0,3,1,0,2,0,0.0,1.0,0.0,1,6.0,1,1,5,1,False,False,11.274741307804351,11.240540645555416,18.403761952727947,0.0,False,0,1,5,1,1,4,4,False,69,134,23,8.548657310121358,11.0297752047331,9.276611975490455,11.829742471873224,11.01222614735005,13.679998359139896,12.928120051588737,1.4885220666757857,4.218154060840851,5.26795299693344,7.856485761070052,599,0.0,10.0,27,0.335,0.983,0.0,0
413,599,23546.0,2.0,2,2,1,2,0,1.3657772621809745,1.0,23.546,1,1.0,2,2,0,1,False,False,11.446951898178956,11.12267753964652,17.999108495733005,0.0,False,0,0,2,2,0,0,2,False,1,1,1,8.548657310121358,11.0297752047331,9.276611975490455,11.829742471873224,11.01222614735005,13.679998359139896,12.928120051588737,1.4885220666757857,4.218154060840851,5.26795299693344,7.856485761070052,599,0.0,10.0,27,0.335,0.983,0.0,0
414,599,164482.0,2.0,1,3,2,2,0,9.540719257540603,1.0,164.482,4,0.0,2,2,0,0,False,False,11.856870384716746,11.116720153746728,18.60049214265244,0.0,True,1,0,2,2,0,0,2,True,1,1,1,8.548657310121358,11.0297752047331,9.276611975490455,11.829742471873224,11.01222614735005,13.679998359139896,12.928120051588737,1.4885220666757857,4.218154060840851,5.26795299693344,7.856485761070052,599,0.0,10.0,27,0.335,0.983,13.0,1
415,599,135255.0,3.0,1,1,1,1,0,6.227209944751381,1.0,135.255,4,2.0,3,3,0,0,False,False,11.890287620706689,10.975407539327726,18.38678462125864,0.0,False,1,0,3,3,0,0,3,True,1,1,1,8.548657310121358,11.0297752047331,9.276611975490455,11.829742471873224,11.01222614735005,13.679998359139896,12.928120051588737,1.4885220666757857,4.218154060840851,5.26795299693344,7.856485761070052,599,0.0,10.0,27,0.335,0.983,4.0,1
416,599,110422.0,1.0,4,1,1,5,0,8.653761755485894,1.0,110.422,4,0.0,1,1,0,0,False,False,11.890287620706689,10.975407539327726,18.38678462125864,0.0,False,0,0,1,1,0,0,1,False,1,1,1,8.548657310121358,11.0297752047331,9.276611975490455,11.829742471873224,11.01222614735005,13.679998359139896,12.928120051588737,1.4885220666757857,4.218154060840851,5.26795299693344,7.856485761070052,599,0.0,10.0,27,0.335,0.983,0.0,0
417,599,17299.0,1.0,6,1,0,7,0,1.3557210031347962,1.0,17.299,1,1.0,1,1,0,1,False,False,11.274741307804351,11.240540645555416,18.403761952727947,0.0,False,0,0,1,1,0,0,1,False,1,1,1,8.548657310121358,11.0297752047331,9.276611975490455,11.829742471873224,11.01222614735005,13.679998359139896,12.928120051588737,1.4885220666757857,4.218154060840851,5.26795299693344,7.856485761070052,599,0.0,10.0,27,0.335,0.983,0.0,0
418,599,40661.0,1.0,4,2,0,2,0,3.1865987460815046,1.0,40.661,2,1.0,1,1,0,0,False,False,11.82950632973147,11.233923921093634,18.84875564195044,0.0,False,0,0,1,1,0,0,1,False,1,1,1,8.548657310121358,11.0297752047331,9.276611975490455,11.829742471873224,11.01222614735005,13.679998359139896,12.928120051588737,1.4885220666757857,4.218154060840851,5.26795299693344,7.856485761070052,599,0.0,10.0,27,0.335,0.983,0.0,0
419,599,75915.0,3.0,5,1,2,5,0,3.4951657458563536,1.0,75.915,3,1.0,3,3,0,0,False,False,11.77008917601399,11.532848118493462,17.756760592146552,0.0,False,0,0,3,3,0,0,3,False,1,1,1,8.548657310121358,11.0297752047331,9.276611975490455,11.829742471873224,11.01222614735005,13.679998359139896,12.928120051588737,1.4885220666757857,4.218154060840851,5.26795299693344,7.856485761070052,599,0.0,10.0,27,0.335,0.983,0.0,0
421,599,86842.0,10.0,1,4,3,7,0,1.6360587792012058,1.0,86.842,3,7.0,5,4,6,1,True,False,11.87606340326148,11.26108114965398,18.57946681779375,0.0,False,0,3,7,3,0,4,7,False,30,7,7,8.548657310121358,11.0297752047331,9.276611975490455,11.829742471873224,11.01222614735005,13.679998359139896,12.928120051588737,1.4885220666757857,4.218154060840851,5.26795299693344,7.856485761070052,599,0.0,10.0,27,0.335,0.983,0.0,0
422,599,28756.0,1.0,6,1,1,2,0,2.253605015673981,1.0,28.756,1,0.0,1,1,0,0,False,False,11.274741307804351,11.240540645555416,18.403761952727947,0.0,False,0,0,1,1,0,0,1,False,1,1,1,8.548657310121358,11.0297752047331,9.276611975490455,11.829742471873224,11.01222614735005,13.679998359139896,12.928120051588737,1.4885220666757857,4.218154060840851,5.26795299693344,7.856485761070052,599,0.0,10.0,27,0.335,0.983,0.0,0
423,599,12998.0,1.0,6,1,0,1,0,1.018652037617555,1.0,12.998,1,1.0,1,1,0,1,True,False,11.274741307804351,11.240540645555416,18.403761952727947,0.0,False,0,0,1,1,0,0,1,False,1,1,1,8.548657310121358,11.0297752047331,9.276611975490455,11.829742471873224,11.01222614735005,13.679998359139896,12.928120051588737,1.4885220666757857,4.218154060840851,5.26795299693344,7.856485761070052,599,0.0,10.0,27,0.335,0.983,0.0,0
424,599,67863.0,2.0,1,0,1,5,0,3.936368909512761,1.0,67.863,3,1.0,2,2,0,1,True,False,12.94653501141168,12.643656380131514,19.010211026371994,0.0,False,0,0,2,2,0,0,2,False,1,1,1,8.548657310121358,11.0297752047331,9.276611975490455,11.829742471873224,11.01222614735005,13.679998359139896,12.928120051588737,1.4885220666757857,4.218154060840851,5.26795299693344,7.856485761070052,599,0.0,10.0,27,0.335,0.983,0.0,0
425,599,65726.0,1.0,6,1,1,6,0,5.150940438871474,1.0,65.726,3,0.0,1,1,0,0,False,False,11.77008917601399,11.532848118493462,17.756760592146552,0.0,False,0,0,1,1,0,0,1,False,1,1,1,8.548657310121358,11.0297752047331,9.276611975490455,11.829742471873224,11.01222614735005,13.679998359139896,12.928120051588737,1.4885220666757857,4.218154060840851,5.26795299693344,7.856485761070052,599,0.0,10.0,27,0.335,0.983,0.0,0
426,599,39095.0,5.0,3,1,1,7,0,1.274282920469361,1.0,39.095,2,4.0,1,1,4,0,False,False,11.716850151470023,11.115461913735594,18.44460093423259,0.0,False,1,4,5,1,2,4,3,True,1,1,1,8.548657310121358,11.0297752047331,9.276611975490455,11.829742471873224,11.01222614735005,13.679998359139896,12.928120051588737,1.4885220666757857,4.218154060840851,5.26795299693344,7.856485761070052,599,0.0,10.0,27,0.335,0.983,3.0,1
429,599,46461.0,1.0,6,1,1,7,0,3.641144200626959,1.0,46.461,2,0.0,1,1,0,0,False,False,11.716850151470023,11.115461913735594,18.44460093423259,0.0,False,0,0,1,1,0,0,1,False,1,1,1,8.548657310121358,11.0297752047331,9.276611975490455,11.829742471873224,11.01222614735005,13.679998359139896,12.928120051588737,1.4885220666757857,4.218154060840851,5.26795299693344,7.856485761070052,599,0.0,10.0,27,0.335,0.983,0.0,0
430,599,28330.0,1.0,4,0,1,3,0,2.220219435736677,1.0,28.33,1,0.0,1,1,0,0,False,False,12.326863299609972,12.611880860982753,19.16524789440284,0.0,False,0,0,1,1,0,0,1,False,1,1,1,8.548657310121358,11.0297752047331,9.276611975490455,11.829742471873224,11.01222614735005,13.679998359139896,12.928120051588737,1.4885220666757857,4.218154060840851,5.26795299693344,7.856485761070052,599,0.0,10.0,27,0.335,0.983,0.0,0
431,599,16205.0,1.0,6,1,0,1,0,1.2699843260188088,1.0,16.205,1,1.0,1,1,0,0,False,False,11.274741307804351,11.240540645555416,18.403761952727947,0.0,False,0,0,1,1,0,0,1,False,1,1,1,8.548657310121358,11.0297752047331,9.276611975490455,11.829742471873224,11.01222614735005,13.679998359139896,12.928120051588737,1.4885220666757857,4.218154060840851,5.26795299693344,7.856485761070052,599,0.0,10.0,27,0.335,0.983,0.0,0
433,599,90656.0,2.0,1,2,1,2,0,5.258468677494199,1.0,90.656,3,1.0,2,2,0,0,False,False,11.87606340326148,11.26108114965398,18.57946681779375,0.0,False,1,0,2,2,0,0,2,True,1,1,1,8.548657310121358,11.0297752047331,9.276611975490455,11.829742471873224,11.01222614735005,13.679998359139896,12.928120051588737,1.4885220666757857,4.218154060840851,5.26795299693344,7.856485761070052,599,0.0,10.0,27,0.335,0.983,7.0,1
434,599,90656.0,2.0,1,4,1,2,0,5.258468677494199,1.0,90.656,3,1.0,2,2,0,0,False,False,11.87606340326148,11.26108114965398,18.57946681779375,0.0,True,0,0,2,2,0,0,2,False,1,1,1,8.548657310121358,11.0297752047331,9.276611975490455,11.829742471873224,11.01222614735005,13.679998359139896,12.928120051588737,1.4885220666757857,4.218154060840851,5.26795299693344,7.856485761070052,599,0.0,10.0,27,0.335,0.983,0.0,0
435,599,90656.0,2.0,1,3,1,2,0,5.258468677494199,1.0,90.656,3,1.0,2,2,0,0,False,False,11.87606340326148,11.26108114965398,18.57946681779375,0.0,True,0,0,1,1,0,0,1,False,1,1,1,8.548657310121358,11.0297752047331,9.276611975490455,11.829742471873224,11.01222614735005,13.679998359139896,12.928120051588737,1.4885220666757857,4.218154060840851,5.26795299693344,7.856485761070052,599,0.0,10.0,27,0.335,0.983,0.0,0
436,599,195279.0,3.0,1,3,2,2,0,8.990745856353591,1.0,195.279,4,1.0,3,3,0,0,False,False,11.856870384716748,11.116720153746728,18.60049214265244,0.0,False,0,0,3,3,0,0,3,False,1,1,1,8.548657310121358,11.0297752047331,9.276611975490455,11.829742471873224,11.01222614735005,13.679998359139896,12.928120051588737,1.4885220666757857,4.218154060840851,5.26795299693344,7.856485761070052,599,0.0,10.0,27,0.335,0.983,0.0,0
437,599,38776.0,1.0,6,1,0,9,0,3.038871473354232,1.0,38.776,2,1.0,1,1,0,0,False,False,11.716850151470023,11.115461913735594,18.44460093423259,0.0,False,0,0,1,1,0,0,1,False,1,1,1,8.548657310121358,11.0297752047331,9.276611975490455,11.829742471873224,11.01222614735005,13.679998359139896,12.928120051588737,1.4885220666757857,4.218154060840851,5.26795299693344,7.856485761070052,599,0.0,10.0,27,0.335,0.983,0.0,0
438,599,202496.0,2.0,3,2,2,6,0,11.74570765661253,1.0,202.496,4,0.0,2,2,0,0,False,False,11.856870384716746,11.116720153746728,18.60049214265244,0.0,False,0,0,2,2,0,0,2,False,1,1,1,8.548657310121358,11.0297752047331,9.276611975490455,11.829742471873224,11.01222614735005,13.679998359139896,12.928120051588737,1.4885220666757857,4.218154060840851,5.26795299693344,7.856485761070052,599,0.0,10.0,27,0.335,0.983,0.0,0
439,599,0.0,1.0,6,1,0,2,0,0.0,1.0,0.0,1,1.0,1,1,0,1,False,False,11.274741307804351,11.240540645555416,18.403761952727947,0.0,False,0,0,1,1,0,0,1,False,1,1,1,8.548657310121358,11.0297752047331,9.276611975490455,11.829742471873224,11.01222614735005,13.679998359139896,12.928120051588737,1.4885220666757857,4.218154060840851,5.26795299693344,7.856485761070052,599,0.0,10.0,27,0.335,0.983,0.0,0
440,599,69366.0,1.0,6,1,0,2,0,5.436206896551724,1.0,69.366,3,1.0,1,1,0,0,False,False,11.77008917601399,11.532848118493462,17.756760592146552,0.0,False,0,0,1,1,0,0,1,False,1,1,1,8.548657310121358,11.0297752047331,9.276611975490455,11.829742471873224,11.01222614735005,13.679998359139896,12.928120051588737,1.4885220666757857,4.218154060840851,5.26795299693344,7.856485761070052,599,0.0,10.0,27,0.335,0.983,0.0,0
441,599,136792.0,2.0,1,2,1,5,0,7.934570765661252,1.0,136.792,4,1.0,2,2,0,1,False,False,11.856870384716746,11.116720153746728,18.60049214265244,0.0,True,0,0,2,2,0,0,2,False,1,1,1,8.548657310121358,11.0297752047331,9.276611975490455,11.829742471873224,11.01222614735005,13.679998359139896,12.928120051588737,1.4885220666757857,4.218154060840851,5.26795299693344,7.856485761070052,599,0.0,10.0,27,0.335,0.983,0.0,0
442,599,147563.0,2.0,1,2,2,2,0,8.559338747099767,1.0,147.563,4,0.0,2,2,0,0,False,False,11.856870384716746,11.116720153746728,18.60049214265244,0.0,True,0,0,1,1,0,0,1,False,1,1,1,8.548657310121358,11.0297752047331,9.276611975490455,11.829742471873224,11.01222614735005,13.679998359139896,12.928120051588737,1.4885220666757857,4.218154060840851,5.26795299693344,7.856485761070052,599,0.0,10.0,27,0.335,0.983,0.0,0
443,599,24235.0,3.0,1,2,2,7,0,1.1157918968692448,1.0,24.235,1,1.0,3,3,0,1,False,False,11.446951898178956,11.122677539646524,17.999108495733005,0.0,True,0,0,1,1,0,0,1,False,1,1,1,8.548657310121358,11.0297752047331,9.276611975490455,11.829742471873224,11.01222614735005,13.679998359139896,12.928120051588737,1.4885220666757857,4.218154060840851,5.26795299693344,7.856485761070052,599,0.0,10.0,27,0.335,0.983,0.0,0
444,599,20896.0,1.0,6,1,0,3,0,1.6376175548589342,1.0,20.896,1,1.0,1,1,0,0,False,False,11.274741307804351,11.240540645555416,18.403761952727947,0.0,False,0,0,1,1,0,0,1,False,1,1,1,8.548657310121358,11.0297752047331,9.276611975490455,11.829742471873224,11.01222614735005,13.679998359139896,12.928120051588737,1.4885220666757857,4.218154060840851,5.26795299693344,7.856485761070052,599,0.0,10.0,27,0.335,0.983,0.0,0
445,599,43084.0,2.0,1,0,1,8,0,2.4990719257540603,1.0,43.084,2,1.0,2,2,0,0,False,False,12.625746989421383,12.529303235447168,18.861408328304368,0.0,False,0,0,2,2,0,0,2,False,1,1,1,8.548657310121358,11.0297752047331,9.276611975490455,11.829742471873224,11.01222614735005,13.679998359139896,12.928120051588737,1.4885220666757857,4.218154060840851,5.26795299693344,7.856485761070052,599,0.0,10.0,27,0.335,0.983,0.0,0
446,599,43084.0,2.0,1,2,1,8,0,2.4990719257540603,1.0,43.084,2,1.0,2,2,0,0,False,False,11.82950632973147,11.233923921093634,18.84875564195044,0.0,False,0,0,2,2,0,0,2,False,1,1,1,8.548657310121358,11.0297752047331,9.276611975490455,11.829742471873224,11.01222614735005,13.679998359139896,12.928120051588737,1.4885220666757857,4.218154060840851,5.26795299693344,7.856485761070052,599,0.0,10.0,27,0.335,0.983,0.0,0
448,611,43263.0,2.0,3,2,0,2,0,2.5094547563805105,1.0,43.263,2,2.0,2,2,0,1,False,False,11.715021161182648,10.47268587104727,14.092896790196132,0.0,False,1,0,2,2,0,0,2,True,1,1,1,8.481499461067676,10.963424639362229,9.235387383193627,11.783849716366465,0.0,0.0,0.0,0.0,0.0,4.446665631136137,6.971179471400418,611,0.0,10.0,45,0.457,1.323,4.0,1
450,611,67177.0,4.0,1,1,0,3,0,2.5640076335877864,1.0,67.177,3,4.0,3,2,2,2,False,False,11.680030754785756,10.576822693069346,14.219111700387758,0.0,False,0,0,2,0,0,2,2,False,1,1,1,8.481499461067676,10.963424639362229,9.235387383193627,11.783849716366465,0.0,0.0,0.0,0.0,0.0,4.446665631136137,6.971179471400418,611,0.0,10.0,45,0.457,1.323,0.0,0
451,611,121697.0,6.0,1,4,2,2,0,3.4612343572241184,1.0,121.697,4,4.0,3,2,4,0,False,False,11.904064128350674,10.604594696151324,14.197885903298486,0.0,True,0,1,5,2,0,3,5,False,5,5,5,8.481499461067676,10.963424639362229,9.235387383193627,11.783849716366465,0.0,0.0,0.0,0.0,0.0,4.446665631136137,6.971179471400418,611,0.0,10.0,45,0.457,1.323,0.0,0
452,611,83910.0,5.0,3,4,2,6,0,2.735006518904824,1.0,83.91,3,3.0,3,2,3,0,False,False,11.684384117237968,10.64276676397661,13.963430421832667,0.0,False,0,1,5,2,1,3,4,False,3,3,3,8.481499461067676,10.963424639362229,9.235387383193627,11.783849716366465,0.0,0.0,0.0,0.0,0.0,4.446665631136137,6.971179471400418,611,0.0,10.0,45,0.457,1.323,0.0,0
453,611,83910.0,5.0,3,2,2,6,0,2.735006518904824,1.0,83.91,3,3.0,3,2,3,0,False,False,11.684384117237968,10.64276676397661,13.963430421832667,0.0,False,0,1,4,2,0,2,4,False,5,1,1,8.481499461067676,10.963424639362229,9.235387383193627,11.783849716366465,0.0,0.0,0.0,0.0,0.0,4.446665631136137,6.971179471400418,611,0.0,10.0,45,0.457,1.323,0.0,0
454,611,83910.0,5.0,3,2,2,6,0,2.735006518904824,1.0,83.91,3,3.0,3,2,3,0,False,False,11.684384117237968,10.64276676397661,13.963430421832667,0.0,False,0,0,5,2,1,3,4,False,2,4,27,8.481499461067676,10.963424639362229,9.235387383193627,11.783849716366465,0.0,0.0,0.0,0.0,0.0,4.446665631136137,6.971179471400418,611,0.0,10.0,45,0.457,1.323,0.0,0
455,611,83910.0,5.0,3,2,2,6,0,2.735006518904824,1.0,83.91,3,3.0,3,2,3,0,False,False,11.684384117237968,10.64276676397661,13.963430421832667,0.0,False,0,0,5,2,1,3,4,False,39,30,39,8.481499461067676,10.963424639362229,9.235387383193627,11.783849716366465,0.0,0.0,0.0,0.0,0.0,4.446665631136137,6.971179471400418,611,0.0,10.0,45,0.457,1.323,0.0,0
456,611,83910.0,5.0,3,2,2,6,0,2.735006518904824,1.0,83.91,3,3.0,3,2,3,0,False,False,11.684384117237968,10.64276676397661,13.963430421832667,0.0,False,0,0,5,2,1,3,4,False,30,30,30,8.481499461067676,10.963424639362229,9.235387383193627,11.783849716366465,0.0,0.0,0.0,0.0,0.0,4.446665631136137,6.971179471400418,611,0.0,10.0,45,0.457,1.323,0.0,0
457,611,24704.0,5.0,3,1,2,8,0,0.8052151238591917,1.0,24.704,1,3.0,2,2,3,0,False,False,11.210832550875688,10.71925019586632,14.041662990884756,0.0,False,0,0,5,2,1,3,4,False,120,108,25,8.481499461067676,10.963424639362229,9.235387383193627,11.783849716366465,0.0,0.0,0.0,0.0,0.0,4.446665631136137,6.971179471400418,611,0.0,10.0,45,0.457,1.323,0.0,0
458,611,36509.0,3.0,3,3,2,6,0,1.680893186003683,1.0,36.509,2,1.0,3,3,0,1,False,False,11.715021161182648,10.47268587104727,14.09289679019613,0.0,False,1,0,3,3,0,0,3,True,1,1,1,8.481499461067676,10.963424639362229,9.235387383193627,11.783849716366465,0.0,0.0,0.0,0.0,0.0,4.446665631136137,6.971179471400418,611,0.0,10.0,45,0.457,1.323,1.0,1
459,611,41742.0,5.0,1,2,1,3,0,1.360560625814863,1.0,41.742,2,4.0,2,2,3,1,False,False,11.715021161182648,10.47268587104727,14.092896790196132,0.0,False,1,3,4,2,1,2,3,True,1,1,1,8.481499461067676,10.963424639362229,9.235387383193627,11.783849716366465,0.0,0.0,0.0,0.0,0.0,4.446665631136137,6.971179471400418,611,0.0,10.0,45,0.457,1.323,12.0,1
460,611,41742.0,5.0,1,2,1,3,0,1.360560625814863,1.0,41.742,2,4.0,2,2,3,1,False,False,11.715021161182648,10.47268587104727,14.092896790196132,0.0,False,1,3,5,2,2,3,3,True,1,1,1,8.481499461067676,10.963424639362229,9.235387383193627,11.783849716366465,0.0,0.0,0.0,0.0,0.0,4.446665631136137,6.971179471400418,611,0.0,10.0,45,0.457,1.323,9.0,1
461,611,41742.0,5.0,1,2,1,3,0,1.360560625814863,1.0,41.742,2,4.0,2,2,3,1,False,False,11.715021161182648,10.47268587104727,14.092896790196132,0.0,False,0,0,4,1,2,3,2,False,148,11,11,8.481499461067676,10.963424639362229,9.235387383193627,11.783849716366465,0.0,0.0,0.0,0.0,0.0,4.446665631136137,6.971179471400418,611,0.0,10.0,45,0.457,1.323,0.0,0
462,611,41742.0,5.0,1,2,1,3,0,1.360560625814863,1.0,41.742,2,4.0,2,2,3,1,False,False,11.715021161182648,10.47268587104727,14.092896790196132,0.0,False,1,3,5,2,2,3,3,True,1,1,1,8.481499461067676,10.963424639362229,9.235387383193627,11.783849716366465,0.0,0.0,0.0,0.0,0.0,4.446665631136137,6.971179471400418,611,0.0,10.0,45,0.457,1.323,3.0,1
463,611,41742.0,5.0,1,2,1,3,0,1.360560625814863,1.0,41.742,2,4.0,2,2,3,1,False,False,11.715021161182648,10.47268587104727,14.092896790196132,0.0,True,0,0,4,1,2,3,2,False,67,1,67,8.481499461067676,10.963424639362229,9.235387383193627,11.783849716366465,0.0,0.0,0.0,0.0,0.0,4.446665631136137,6.971179471400418,611,0.0,10.0,45,0.457,1.323,0.0,0
464,611,83971.0,3.0,1,3,2,7,0,3.866068139963168,1.0,83.971,3,1.0,3,3,0,1,True,False,11.684384117237968,10.64276676397661,13.963430421832667,0.0,False,0,0,3,3,0,0,3,False,1,1,1,8.481499461067676,10.963424639362229,9.235387383193627,11.783849716366465,0.0,0.0,0.0,0.0,0.0,4.446665631136137,6.971179471400418,611,0.0,10.0,45,0.457,1.323,0.0,0
465,611,57099.0,6.0,1,1,1,3,0,1.6239761092150171,1.0,57.099,2,5.0,2,2,4,1,False,False,11.577844208159098,10.641113302090483,14.172114788788592,0.0,False,0,2,4,0,2,4,2,False,1,1,1,8.481499461067676,10.963424639362229,9.235387383193627,11.783849716366465,0.0,0.0,0.0,0.0,0.0,4.446665631136137,6.971179471400418,611,0.0,10.0,45,0.457,1.323,0.0,0
466,611,57099.0,6.0,1,1,1,3,0,1.6239761092150171,1.0,57.099,2,5.0,2,2,4,1,False,False,11.577844208159098,10.641113302090483,14.172114788788592,0.0,False,1,2,6,2,2,4,4,True,30,30,30,8.481499461067676,10.963424639362229,9.235387383193627,11.783849716366465,0.0,0.0,0.0,0.0,0.0,4.446665631136137,6.971179471400418,611,0.0,10.0,45,0.457,1.323,10.0,1
467,611,57099.0,6.0,1,1,1,3,0,1.6239761092150171,1.0,57.099,2,5.0,2,2,4,1,False,False,11.577844208159098,10.641113302090483,14.172114788788592,0.0,True,0,1,4,1,1,3,3,False,58,58,84,8.481499461067676,10.963424639362229,9.235387383193627,11.783849716366465,0.0,0.0,0.0,0.0,0.0,4.446665631136137,6.971179471400418,611,0.0,10.0,45,0.457,1.323,0.0,0
468,611,57099.0,6.0,1,2,1,3,0,1.6239761092150171,1.0,57.099,2,5.0,2,2,4,1,False,False,11.715021161182648,10.47268587104727,14.09289679019613,0.0,False,1,4,5,1,2,4,3,True,1,1,1,8.481499461067676,10.963424639362229,9.235387383193627,11.783849716366465,0.0,0.0,0.0,0.0,0.0,4.446665631136137,6.971179471400418,611,0.0,10.0,45,0.457,1.323,12.0,1
469,611,57099.0,6.0,1,2,1,3,0,1.6239761092150171,1.0,57.099,2,5.0,2,2,4,1,False,False,11.715021161182648,10.47268587104727,14.09289679019613,0.0,False,0,2,4,2,0,2,4,False,30,30,30,8.481499461067676,10.963424639362229,9.235387383193627,11.783849716366465,0.0,0.0,0.0,0.0,0.0,4.446665631136137,6.971179471400418,611,0.0,10.0,45,0.457,1.323,0.0,0
470,611,57099.0,6.0,1,2,1,3,0,1.6239761092150171,1.0,57.099,2,5.0,2,2,4,1,False,False,11.715021161182648,10.47268587104727,14.09289679019613,0.0,False,0,2,5,1,2,4,3,False,39,39,39,8.481499461067676,10.963424639362229,9.235387383193627,11.783849716366465,0.0,0.0,0.0,0.0,0.0,4.446665631136137,6.971179471400418,611,0.0,10.0,45,0.457,1.323,0.0,0
471,611,57099.0,6.0,1,4,1,3,0,1.6239761092150171,1.0,57.099,2,5.0,2,2,4,1,False,False,11.715021161182648,10.47268587104727,14.09289679019613,0.0,True,0,1,4,1,1,3,3,False,44,44,44,8.481499461067676,10.963424639362229,9.235387383193627,11.783849716366465,0.0,0.0,0.0,0.0,0.0,4.446665631136137,6.971179471400418,611,0.0,10.0,45,0.457,1.323,0.0,0
472,611,51919.0,2.0,1,2,0,2,0,3.011542923433874,1.0,51.919,2,2.0,2,2,0,1,False,False,11.715021161182648,10.47268587104727,14.092896790196132,0.0,True,0,0,1,1,0,0,1,False,1,1,1,8.481499461067676,10.963424639362229,9.235387383193627,11.783849716366465,0.0,0.0,0.0,0.0,0.0,4.446665631136137,6.971179471400418,611,0.0,10.0,45,0.457,1.323,0.0,0
473,611,111844.0,5.0,1,2,1,3,0,3.645501955671447,1.0,111.844,4,4.0,2,2,3,1,False,False,11.904064128350674,10.604594696151324,14.197885903298488,0.0,True,0,1,4,2,0,2,4,False,32,32,15,8.481499461067676,10.963424639362229,9.235387383193627,11.783849716366465,0.0,0.0,0.0,0.0,0.0,4.446665631136137,6.971179471400418,611,0.0,10.0,45,0.457,1.323,0.0,0
474,611,111844.0,5.0,1,2,1,3,0,3.645501955671447,1.0,111.844,4,4.0,2,2,3,1,False,False,11.904064128350674,10.604594696151324,14.197885903298488,0.0,False,0,1,5,2,1,3,4,False,39,39,39,8.481499461067676,10.963424639362229,9.235387383193627,11.783849716366465,0.0,0.0,0.0,0.0,0.0,4.446665631136137,6.971179471400418,611,0.0,10.0,45,0.457,1.323,0.0,0
475,611,111844.0,5.0,1,2,1,3,0,3.645501955671447,1.0,111.844,4,4.0,2,2,3,1,False,False,11.904064128350674,10.604594696151324,14.197885903298488,0.0,True,1,1,5,2,1,3,4,True,15,32,37,8.481499461067676,10.963424639362229,9.235387383193627,11.783849716366465,0.0,0.0,0.0,0.0,0.0,4.446665631136137,6.971179471400418,611,0.0,10.0,45,0.457,1.323,3.0,1
476,611,101248.0,5.0,1,2,1,5,0,3.30013037809648,1.0,101.248,4,4.0,2,2,3,1,False,False,11.904064128350674,10.604594696151324,14.197885903298488,0.0,False,1,1,5,2,2,3,3,True,32,32,32,8.481499461067676,10.963424639362229,9.235387383193627,11.783849716366465,0.0,0.0,0.0,0.0,0.0,4.446665631136137,6.971179471400418,611,0.0,10.0,45,0.457,1.323,3.0,1
477,611,101248.0,5.0,1,1,1,5,0,3.30013037809648,1.0,101.248,4,4.0,2,2,3,1,False,False,11.865185754981049,10.66449058190932,14.246364881742275,0.0,False,0,3,1,1,0,0,1,False,1,1,1,8.481499461067676,10.963424639362229,9.235387383193627,11.783849716366465,0.0,0.0,0.0,0.0,0.0,4.446665631136137,6.971179471400418,611,0.0,10.0,45,0.457,1.323,0.0,0
478,611,21191.0,2.0,1,1,0,6,0,1.2291763341067286,1.0,21.191,1,2.0,2,2,0,0,False,False,11.210832550875688,10.71925019586632,14.041662990884758,0.0,False,1,0,2,2,0,0,2,True,1,1,1,8.481499461067676,10.963424639362229,9.235387383193627,11.783849716366465,0.0,0.0,0.0,0.0,0.0,4.446665631136137,6.971179471400418,611,0.0,10.0,45,0.457,1.323,4.0,1
479,611,13186.0,1.0,4,0,0,5,0,1.0333855799373042,1.0,13.186,1,1.0,1,1,0,1,False,False,12.07995490289372,11.551167354535757,14.395808671910142,0.0,False,0,0,1,1,0,0,1,False,1,1,1,8.481499461067676,10.963424639362229,9.235387383193627,11.783849716366465,0.0,0.0,0.0,0.0,0.0,4.446665631136137,6.971179471400418,611,0.0,10.0,45,0.457,1.323,0.0,0
480,611,24959.0,5.0,1,1,1,7,0,0.8135267275097784,1.0,24.959,1,4.0,2,2,3,1,False,False,11.210832550875688,10.71925019586632,14.041662990884756,0.0,False,0,1,5,2,1,3,4,False,32,30,39,8.481499461067676,10.963424639362229,9.235387383193627,11.783849716366465,0.0,0.0,0.0,0.0,0.0,4.446665631136137,6.971179471400418,611,0.0,10.0,45,0.457,1.323,0.0,0
481,611,32964.0,1.0,4,2,0,8,0,2.583385579937304,1.0,32.964,2,1.0,1,1,0,1,False,False,11.715021161182648,10.47268587104727,14.092896790196132,0.0,False,0,0,1,1,0,0,1,False,1,1,1,8.481499461067676,10.963424639362229,9.235387383193627,11.783849716366465,0.0,0.0,0.0,0.0,0.0,4.446665631136137,6.971179471400418,611,0.0,10.0,45,0.457,1.323,0.0,0
482,611,32964.0,1.0,4,1,0,8,0,2.583385579937304,1.0,32.964,2,1.0,1,1,0,1,False,False,11.577844208159098,10.641113302090483,14.172114788788592,0.0,True,0,0,1,1,0,0,1,False,1,1,1,8.481499461067676,10.963424639362229,9.235387383193627,11.783849716366465,0.0,0.0,0.0,0.0,0.0,4.446665631136137,6.971179471400418,611,0.0,10.0,45,0.457,1.323,0.0,0
483,611,21545.0,2.0,1,2,0,2,0,1.249709976798144,1.0,21.545,1,2.0,2,2,0,1,False,False,11.27434512195213,10.467101138513394,14.11347957586263,0.0,False,0,0,1,1,0,0,1,False,1,1,1,8.481499461067676,10.963424639362229,9.235387383193627,11.783849716366465,0.0,0.0,0.0,0.0,0.0,4.446665631136137,6.971179471400418,611,0.0,10.0,45,0.457,1.323,0.0,0
484,611,27605.0,2.0,2,1,0,8,0,1.601218097447796,1.0,27.605,1,2.0,2,2,0,0,False,False,11.210832550875688,10.71925019586632,14.041662990884758,0.0,False,0,0,2,2,0,0,2,False,1,1,1,8.481499461067676,10.963424639362229,9.235387383193627,11.783849716366465,0.0,0.0,0.0,0.0,0.0,4.446665631136137,6.971179471400418,611,0.0,10.0,45,0.457,1.323,0.0,0
485,611,56821.0,3.0,3,2,0,2,0,2.616068139963168,1.0,56.821,2,3.0,3,3,0,1,False,False,11.715021161182648,10.47268587104727,14.09289679019613,0.0,False,0,0,2,2,0,0,2,False,1,1,1,8.481499461067676,10.963424639362229,9.235387383193627,11.783849716366465,0.0,0.0,0.0,0.0,0.0,4.446665631136137,6.971179471400418,611,0.0,10.0,45,0.457,1.323,0.0,0
486,611,86267.0,4.0,1,1,1,8,0,3.29263358778626,1.0,86.267,3,3.0,2,2,2,1,False,False,11.680030754785756,10.576822693069346,14.219111700387758,0.0,True,0,2,3,1,2,2,1,False,1,1,1,8.481499461067676,10.963424639362229,9.235387383193627,11.783849716366465,0.0,0.0,0.0,0.0,0.0,4.446665631136137,6.971179471400418,611,0.0,10.0,45,0.457,1.323,0.0,0
487,611,75915.0,3.0,5,4,2,5,0,3.4951657458563536,1.0,75.915,3,1.0,3,3,0,0,False,False,11.684384117237968,10.64276676397661,13.963430421832667,0.0,False,0,0,2,2,0,0,2,False,1,1,1,8.481499461067676,10.963424639362229,9.235387383193627,11.783849716366465,0.0,0.0,0.0,0.0,0.0,4.446665631136137,6.971179471400418,611,0.0,10.0,45,0.457,1.323,0.0,0
488,611,75915.0,3.0,5,2,2,5,0,3.4951657458563536,1.0,75.915,3,1.0,3,3,0,0,False,False,11.684384117237968,10.64276676397661,13.963430421832667,0.0,False,0,0,3,3,0,0,3,False,1,1,1,8.481499461067676,10.963424639362229,9.235387383193627,11.783849716366465,0.0,0.0,0.0,0.0,0.0,4.446665631136137,6.971179471400418,611,0.0,10.0,45,0.457,1.323,0.0,0
489,611,137797.0,5.0,1,2,2,9,0,4.491427640156454,1.0,137.797,4,3.0,2,2,3,0,False,False,11.904064128350674,10.604594696151324,14.197885903298488,0.0,False,0,1,5,2,2,3,3,False,17,17,17,8.481499461067676,10.963424639362229,9.235387383193627,11.783849716366465,0.0,0.0,0.0,0.0,0.0,4.446665631136137,6.971179471400418,611,0.0,10.0,45,0.457,1.323,0.0,0
490,611,137797.0,5.0,1,2,2,9,0,4.491427640156454,1.0,137.797,4,3.0,2,2,3,0,False,False,11.904064128350674,10.604594696151324,14.197885903298488,0.0,False,0,0,5,2,2,3,3,False,44,84,148,8.481499461067676,10.963424639362229,9.235387383193627,11.783849716366465,0.0,0.0,0.0,0.0,0.0,4.446665631136137,6.971179471400418,611,0.0,10.0,45,0.457,1.323,0.0,0
491,611,150680.0,4.0,1,2,2,2,0,5.751145038167939,1.0,150.68,4,2.0,2,2,2,0,False,False,11.904064128350674,10.604594696151324,14.197885903298486,0.0,False,1,1,4,2,2,2,2,True,2,2,2,8.481499461067676,10.963424639362229,9.235387383193627,11.783849716366465,0.0,0.0,0.0,0.0,0.0,4.446665631136137,6.971179471400418,611,0.0,10.0,45,0.457,1.323,3.0,1
492,611,82816.0,5.0,1,1,2,2,0,2.699348109517601,1.0,82.816,3,3.0,2,2,3,0,False,False,11.680030754785756,10.576822693069346,14.21911170038776,0.0,False,0,0,5,2,1,3,4,False,1,2,1,8.481499461067676,10.963424639362229,9.235387383193627,11.783849716366465,0.0,0.0,0.0,0.0,0.0,4.446665631136137,6.971179471400418,611,0.0,10.0,45,0.457,1.323,0.0,0
493,611,62917.0,3.0,1,3,2,2,0,2.896731123388582,1.0,62.917,3,1.0,3,3,0,1,False,False,11.684384117237968,10.64276676397661,13.963430421832667,0.0,False,0,0,3,3,0,0,3,False,1,1,1,8.481499461067676,10.963424639362229,9.235387383193627,11.783849716366465,0.0,0.0,0.0,0.0,0.0,4.446665631136137,6.971179471400418,611,0.0,10.0,45,0.457,1.323,0.0,0
494,611,54291.0,2.0,3,1,0,7,0,3.149129930394432,1.0,54.291,2,2.0,2,2,0,2,False,False,11.577844208159098,10.641113302090483,14.172114788788592,0.0,False,0,0,2,2,0,0,2,False,1,1,1,8.481499461067676,10.963424639362229,9.235387383193627,11.783849716366465,0.0,0.0,0.0,0.0,0.0,4.446665631136137,6.971179471400418,611,0.0,10.0,45,0.457,1.323,0.0,0
495,611,31730.0,3.0,3,0,3,5,0,1.460865561694291,1.0,31.73,2,0.0,3,3,0,0,False,False,12.55198104970267,11.923750482876246,14.598769221269684,0.0,False,0,0,3,3,0,0,3,False,1,1,1,8.481499461067676,10.963424639362229,9.235387383193627,11.783849716366465,0.0,0.0,0.0,0.0,0.0,4.446665631136137,6.971179471400418,611,0.0,10.0,45,0.457,1.323,0.0,0
496,611,62326.0,3.0,1,3,2,2,0,2.869521178637201,1.0,62.326,3,1.0,3,3,0,0,False,False,11.684384117237968,10.64276676397661,13.963430421832667,0.0,False,0,0,3,3,0,0,3,False,1,1,1,8.481499461067676,10.963424639362229,9.235387383193627,11.783849716366465,0.0,0.0,0.0,0.0,0.0,4.446665631136137,6.971179471400418,611,0.0,10.0,45,0.457,1.323,0.0,0
497,611,58020.0,2.0,1,1,0,2,0,3.365429234338748,1.0,58.02,2,2.0,2,2,0,0,False,False,11.577844208159098,10.641113302090483,14.172114788788592,0.0,False,0,0,1,1,0,0,1,False,1,1,1,8.481499461067676,10.963424639362229,9.235387383193627,11.783849716366465,0.0,0.0,0.0,0.0,0.0,4.446665631136137,6.971179471400418,611,0.0,10.0,45,0.457,1.323,0.0,0
498,611,31730.0,2.0,3,2,0,4,0,1.8404872389791185,1.0,31.73,2,2.0,2,2,0,1,False,False,11.715021161182648,10.47268587104727,14.092896790196132,0.0,False,1,0,2,2,0,0,2,True,1,1,1,8.481499461067676,10.963424639362229,9.235387383193627,11.783849716366465,0.0,0.0,0.0,0.0,0.0,4.446665631136137,6.971179471400418,611,0.0,10.0,45,0.457,1.323,4.0,1
499,611,12805.0,1.0,4,1,0,8,0,1.003526645768025,1.0,12.805,1,1.0,1,1,0,1,False,False,11.210832550875688,10.71925019586632,14.041662990884758,0.0,False,0,0,1,1,0,0,1,False,1,1,1,8.481499461067676,10.963424639362229,9.235387383193627,11.783849716366465,0.0,0.0,0.0,0.0,0.0,4.446665631136137,6.971179471400418,611,0.0,10.0,45,0.457,1.323,0.0,0
500,611,24590.0,1.0,4,1,0,6,0,1.927115987460815,1.0,24.59,1,1.0,1,1,0,1,False,False,11.210832550875688,10.71925019586632,14.041662990884758,0.0,False,0,0,1,1,0,0,1,False,1,1,1,8.481499461067676,10.963424639362229,9.235387383193627,11.783849716366465,0.0,0.0,0.0,0.0,0.0,4.446665631136137,6.971179471400418,611,0.0,10.0,45,0.457,1.323,0.0,0
501,611,190264.0,3.0,1,3,2,2,0,8.759852670349908,1.0,190.264,4,1.0,3,3,0,1,False,False,11.904064128350674,10.604594696151324,14.197885903298486,0.0,False,0,0,2,2,0,0,2,False,1,1,1,8.481499461067676,10.963424639362229,9.235387383193627,11.783849716366465,0.0,0.0,0.0,0.0,0.0,4.446665631136137,6.971179471400418,611,0.0,10.0,45,0.457,1.323,0.0,0
502,611,63459.0,6.0,1,2,1,2,0,1.804863481228669,1.0,63.459,3,5.0,2,2,4,1,False,False,11.684384117237968,10.64276676397661,13.963430421832667,0.0,False,1,0,6,2,0,4,6,True,71,141,150,8.481499461067676,10.963424639362229,9.235387383193627,11.783849716366465,0.0,0.0,0.0,0.0,0.0,4.446665631136137,6.971179471400418,611,0.0,10.0,45,0.457,1.323,94.0,2
503,611,68504.0,2.0,1,2,0,1,0,3.973549883990719,1.0,68.504,3,2.0,2,2,0,2,False,False,11.684384117237968,10.64276676397661,13.963430421832667,0.0,False,0,0,1,1,0,0,1,False,1,1,1,8.481499461067676,10.963424639362229,9.235387383193627,11.783849716366465,0.0,0.0,0.0,0.0,0.0,4.446665631136137,6.971179471400418,611,0.0,10.0,45,0.457,1.323,0.0,0
504,611,68504.0,2.0,1,2,0,1,0,3.973549883990719,1.0,68.504,3,2.0,2,2,0,2,False,False,11.684384117237968,10.64276676397661,13.963430421832667,0.0,False,1,0,2,2,0,0,2,True,1,1,1,8.481499461067676,10.963424639362229,9.235387383193627,11.783849716366465,0.0,0.0,0.0,0.0,0.0,4.446665631136137,6.971179471400418,611,0.0,10.0,45,0.457,1.323,7.0,1
506,611,68504.0,2.0,1,3,0,1,0,3.973549883990719,1.0,68.504,3,2.0,2,2,0,2,False,False,11.684384117237968,10.64276676397661,13.963430421832667,0.0,False,0,0,1,1,0,0,1,False,1,1,1,8.481499461067676,10.963424639362229,9.235387383193627,11.783849716366465,0.0,0.0,0.0,0.0,0.0,4.446665631136137,6.971179471400418,611,0.0,10.0,45,0.457,1.323,0.0,0
507,611,37052.0,3.0,1,3,0,3,0,1.7058931860036832,1.0,37.052,2,3.0,3,3,0,1,False,False,11.715021161182648,10.47268587104727,14.09289679019613,0.0,False,0,0,2,2,0,0,2,False,1,1,1,8.481499461067676,10.963424639362229,9.235387383193627,11.783849716366465,0.0,0.0,0.0,0.0,0.0,4.446665631136137,6.971179471400418,611,0.0,10.0,45,0.457,1.323,0.0,0
509,611,46746.0,6.0,1,2,2,4,0,1.3295221843003413,1.0,46.746,2,4.0,2,2,4,0,False,False,11.715021161182648,10.47268587104727,14.09289679019613,0.0,False,1,3,5,2,2,3,3,True,5,3,3,8.481499461067676,10.963424639362229,9.235387383193627,11.783849716366465,0.0,0.0,0.0,0.0,0.0,4.446665631136137,6.971179471400418,611,0.0,10.0,45,0.457,1.323,3.0,1
510,611,47069.0,2.0,2,1,0,4,0,2.7302204176334106,1.0,47.069,2,2.0,2,2,0,0,False,False,11.577844208159098,10.641113302090483,14.172114788788592,0.0,False,0,0,1,1,0,0,1,False,1,1,1,8.481499461067676,10.963424639362229,9.235387383193627,11.783849716366465,0.0,0.0,0.0,0.0,0.0,4.446665631136137,6.971179471400418,611,0.0,10.0,45,0.457,1.323,0.0,0
511,611,112019.0,5.0,1,2,2,2,0,3.651205997392438,1.0,112.019,4,3.0,2,2,3,0,False,False,11.904064128350674,10.604594696151324,14.197885903298488,0.0,False,0,0,5,2,2,3,3,False,79,129,74,8.481499461067676,10.963424639362229,9.235387383193627,11.783849716366465,0.0,0.0,0.0,0.0,0.0,4.446665631136137,6.971179471400418,611,0.0,10.0,45,0.457,1.323,0.0,0
512,611,43084.0,3.0,1,4,1,2,0,1.983609576427256,1.0,43.084,2,2.0,3,3,0,2,False,False,11.715021161182648,10.47268587104727,14.09289679019613,0.0,False,0,0,1,1,0,0,1,False,1,1,1,8.481499461067676,10.963424639362229,9.235387383193627,11.783849716366465,0.0,0.0,0.0,0.0,0.0,4.446665631136137,6.971179471400418,611,0.0,10.0,45,0.457,1.323,0.0,0
513,611,64626.0,1.0,4,1,0,6,0,5.0647335423197495,1.0,64.626,3,1.0,1,1,0,0,False,False,11.680030754785756,10.576822693069346,14.219111700387758,0.0,False,0,0,1,1,0,0,1,False,1,1,1,8.481499461067676,10.963424639362229,9.235387383193627,11.783849716366465,0.0,0.0,0.0,0.0,0.0,4.446665631136137,6.971179471400418,611,0.0,10.0,45,0.457,1.323,0.0,0
514,611,25851.0,5.0,3,1,1,5,0,0.8426010430247718,1.0,25.851,1,4.0,4,2,3,1,False,False,11.210832550875688,10.71925019586632,14.041662990884756,0.0,True,0,0,4,1,0,3,4,False,1,1,1,8.481499461067676,10.963424639362229,9.235387383193627,11.783849716366465,0.0,0.0,0.0,0.0,0.0,4.446665631136137,6.971179471400418,611,0.0,10.0,45,0.457,1.323,0.0,0
515,611,23912.0,3.0,3,1,1,3,0,1.1009208103130754,1.0,23.912,1,2.0,1,1,2,0,False,False,11.210832550875688,10.71925019586632,14.041662990884758,0.0,False,0,0,3,1,0,2,3,False,6,15,14,8.481499461067676,10.963424639362229,9.235387383193627,11.783849716366465,0.0,0.0,0.0,0.0,0.0,4.446665631136137,6.971179471400418,611,0.0,10.0,45,0.457,1.323,0.0,0
516,611,26928.0,3.0,1,1,1,4,0,1.239779005524862,1.0,26.928,1,2.0,3,3,0,2,False,False,11.210832550875688,10.71925019586632,14.041662990884758,0.0,False,0,0,2,2,0,0,2,False,1,1,1,8.481499461067676,10.963424639362229,9.235387383193627,11.783849716366465,0.0,0.0,0.0,0.0,0.0,4.446665631136137,6.971179471400418,611,0.0,10.0,45,0.457,1.323,0.0,0
517,611,26928.0,3.0,1,2,1,4,0,1.239779005524862,1.0,26.928,1,2.0,3,3,0,2,False,False,11.27434512195213,10.467101138513394,14.113479575862632,0.0,False,1,0,2,2,0,0,2,True,1,1,1,8.481499461067676,10.963424639362229,9.235387383193627,11.783849716366465,0.0,0.0,0.0,0.0,0.0,4.446665631136137,6.971179471400418,611,0.0,10.0,45,0.457,1.323,4.0,1
519,611,26928.0,3.0,1,4,1,4,0,1.239779005524862,1.0,26.928,1,2.0,3,3,0,2,False,False,11.27434512195213,10.467101138513394,14.113479575862632,0.0,False,0,0,2,2,0,0,2,False,1,1,1,8.481499461067676,10.963424639362229,9.235387383193627,11.783849716366465,0.0,0.0,0.0,0.0,0.0,4.446665631136137,6.971179471400418,611,0.0,10.0,45,0.457,1.323,0.0,0
520,611,26928.0,3.0,1,1,1,4,0,1.239779005524862,1.0,26.928,1,2.0,3,3,0,2,False,False,11.210832550875688,10.71925019586632,14.041662990884758,0.0,False,0,0,3,3,0,0,3,False,1,1,1,8.481499461067676,10.963424639362229,9.235387383193627,11.783849716366465,0.0,0.0,0.0,0.0,0.0,4.446665631136137,6.971179471400418,611,0.0,10.0,45,0.457,1.323,0.0,0
521,614,121818.0,2.0,1,3,1,2,0,7.06600928074246,1.0,121.818,4,1.0,2,2,0,1,False,False,11.762894002980794,10.972002005330346,14.719259530018334,0.0,False,1,0,2,2,0,0,2,True,1,1,1,8.576050925817531,11.055432337461443,9.222469699628943,11.781524301430624,10.215175706859334,12.929433529352586,12.153812628242331,3.140142507742381,5.491806213014358,4.2306351248666525,7.196622448152556,614,0.0,0.0,95,0.268,0.564,10.0,1
522,614,29937.0,1.0,6,1,0,7,0,2.3461598746081505,1.0,29.937,1,1.0,1,1,0,0,False,False,11.404847174387433,11.118742808524122,14.748230701149495,0.0,True,0,0,1,1,0,0,1,False,1,1,1,8.576050925817531,11.055432337461443,9.222469699628943,11.781524301430624,10.215175706859334,12.929433529352586,12.153812628242331,3.140142507742381,5.491806213014358,4.2306351248666525,7.196622448152556,614,0.0,0.0,95,0.268,0.564,0.0,0
524,614,345618.0,2.0,1,1,2,2,0,20.047447795823665,1.0,345.618,4,0.0,2,2,0,0,False,False,11.692380309286838,11.200684762378422,14.85114839738273,0.0,False,1,0,2,2,0,0,2,True,1,1,1,8.576050925817531,11.055432337461443,9.222469699628943,11.781524301430624,10.215175706859334,12.929433529352586,12.153812628242331,3.140142507742381,5.491806213014358,4.2306351248666525,7.196622448152556,614,0.0,0.0,95,0.268,0.564,7.0,1
525,614,51213.0,8.0,1,3,2,7,0,1.160766092475068,1.0,51.213,2,6.0,3,3,5,1,True,False,11.676545511260986,10.936045852748752,14.385309116590852,0.0,False,0,1,7,3,0,4,7,False,84,84,120,8.576050925817531,11.055432337461443,9.222469699628943,11.781524301430624,10.215175706859334,12.929433529352586,12.153812628242331,3.140142507742381,5.491806213014358,4.2306351248666525,7.196622448152556,614,0.0,0.0,95,0.268,0.564,0.0,0
526,614,35766.0,3.0,3,4,1,2,0,1.6466850828729285,1.0,35.766,2,2.0,3,3,0,2,False,False,11.676545511260988,10.936045852748752,14.385309116590852,0.0,False,0,0,3,3,0,0,3,False,1,1,1,8.576050925817531,11.055432337461443,9.222469699628943,11.781524301430624,10.215175706859334,12.929433529352586,12.153812628242331,3.140142507742381,5.491806213014358,4.2306351248666525,7.196622448152556,614,0.0,0.0,95,0.268,0.564,0.0,0
527,614,20014.0,1.0,6,1,0,7,0,1.5684952978056426,1.0,20.014,1,1.0,1,1,0,0,False,False,11.404847174387433,11.118742808524122,14.748230701149495,0.0,False,0,0,1,1,0,0,1,False,1,1,1,8.576050925817531,11.055432337461443,9.222469699628943,11.781524301430624,10.215175706859334,12.929433529352586,12.153812628242331,3.140142507742381,5.491806213014358,4.2306351248666525,7.196622448152556,614,0.0,0.0,95,0.268,0.564,0.0,0
528,614,138333.0,3.0,3,2,2,8,0,6.368922651933701,1.0,138.333,4,1.0,3,3,0,0,False,False,11.762894002980794,10.972002005330346,14.719259530018334,0.0,False,0,0,3,3,0,0,3,False,1,1,1,8.576050925817531,11.055432337461443,9.222469699628943,11.781524301430624,10.215175706859334,12.929433529352586,12.153812628242331,3.140142507742381,5.491806213014358,4.2306351248666525,7.196622448152556,614,0.0,0.0,95,0.268,0.564,0.0,0
529,614,47092.0,2.0,1,1,1,2,0,2.731554524361949,1.0,47.092,2,1.0,2,2,0,1,True,False,11.640017949484385,10.936732305130525,14.6555245211398,0.0,True,0,0,2,2,0,0,2,False,1,1,1,8.576050925817531,11.055432337461443,9.222469699628943,11.781524301430624,10.215175706859334,12.929433529352586,12.153812628242331,3.140142507742381,5.491806213014358,4.2306351248666525,7.196622448152556,614,0.0,0.0,95,0.268,0.564,0.0,0
530,614,67863.0,2.0,1,1,1,5,0,3.936368909512761,1.0,67.863,3,1.0,2,2,0,1,False,False,11.908958930279145,11.024727016531862,14.698656514969496,0.0,False,1,0,2,2,0,0,2,True,1,1,1,8.576050925817531,11.055432337461443,9.222469699628943,11.781524301430624,10.215175706859334,12.929433529352586,12.153812628242331,3.140142507742381,5.491806213014358,4.2306351248666525,7.196622448152556,614,0.0,0.0,95,0.268,0.564,7.0,1
531,614,64068.0,3.0,1,3,1,2,0,2.949723756906077,1.0,64.068,3,2.0,3,3,0,0,False,False,11.798587916773077,10.94949690454917,14.562071385826682,0.0,False,1,0,3,3,0,0,3,True,1,1,1,8.576050925817531,11.055432337461443,9.222469699628943,11.781524301430624,10.215175706859334,12.929433529352586,12.153812628242331,3.140142507742381,5.491806213014358,4.2306351248666525,7.196622448152556,614,0.0,0.0,95,0.268,0.564,4.0,1
532,614,90237.0,3.0,1,4,1,2,0,4.154558011049724,1.0,90.237,3,2.0,3,3,0,2,False,False,11.798587916773077,10.94949690454917,14.562071385826682,0.0,False,0,0,2,2,0,0,2,False,1,1,1,8.576050925817531,11.055432337461443,9.222469699628943,11.781524301430624,10.215175706859334,12.929433529352586,12.153812628242331,3.140142507742381,5.491806213014358,4.2306351248666525,7.196622448152556,614,0.0,0.0,95,0.268,0.564,0.0,0
533,614,46461.0,1.0,6,1,1,7,0,3.641144200626959,1.0,46.461,2,0.0,1,1,0,0,False,False,11.640017949484385,10.936732305130525,14.6555245211398,0.0,False,0,0,1,1,0,0,1,False,1,1,1,8.576050925817531,11.055432337461443,9.222469699628943,11.781524301430624,10.215175706859334,12.929433529352586,12.153812628242331,3.140142507742381,5.491806213014358,4.2306351248666525,7.196622448152556,614,0.0,0.0,95,0.268,0.564,0.0,0
534,614,0.0,1.0,6,1,0,2,0,0.0,1.0,0.0,1,1.0,1,1,0,1,False,False,11.404847174387433,11.118742808524122,14.748230701149495,0.0,False,0,0,1,1,0,0,1,False,1,1,1,8.576050925817531,11.055432337461443,9.222469699628943,11.781524301430624,10.215175706859334,12.929433529352586,12.153812628242331,3.140142507742381,5.491806213014358,4.2306351248666525,7.196622448152556,614,0.0,0.0,95,0.268,0.564,0.0,0
535,614,136792.0,2.0,1,2,1,5,0,7.934570765661252,1.0,136.792,4,1.0,2,2,0,1,False,False,11.762894002980794,10.972002005330346,14.719259530018334,0.0,False,0,0,1,1,0,0,1,False,1,1,1,8.576050925817531,11.055432337461443,9.222469699628943,11.781524301430624,10.215175706859334,12.929433529352586,12.153812628242331,3.140142507742381,5.491806213014358,4.2306351248666525,7.196622448152556,614,0.0,0.0,95,0.268,0.564,0.0,0
536,614,155103.0,8.0,1,2,1,2,0,3.515480507706256,1.0,155.103,4,7.0,2,2,6,1,False,False,11.762894002980794,10.972002005330346,14.719259530018334,0.0,False,0,1,7,2,0,5,7,False,84,134,134,8.576050925817531,11.055432337461443,9.222469699628943,11.781524301430624,10.215175706859334,12.929433529352586,12.153812628242331,3.140142507742381,5.491806213014358,4.2306351248666525,7.196622448152556,614,0.0,0.0,95,0.268,0.564,0.0,0
537,614,65057.0,3.0,5,4,2,6,0,2.995257826887661,1.0,65.057,3,1.0,3,3,0,0,True,False,11.798587916773077,10.94949690454917,14.562071385826682,0.0,False,0,0,3,3,0,0,3,False,1,1,1,8.576050925817531,11.055432337461443,9.222469699628943,11.781524301430624,10.215175706859334,12.929433529352586,12.153812628242331,3.140142507742381,5.491806213014358,4.2306351248666525,7.196622448152556,614,0.0,0.0,95,0.268,0.564,0.0,0
538,614,59241.0,2.0,1,1,1,5,0,3.4362529002320183,1.0,59.241,2,1.0,2,2,0,1,False,False,11.640017949484385,10.936732305130525,14.6555245211398,0.0,False,0,0,2,2,0,0,2,False,1,1,1,8.576050925817531,11.055432337461443,9.222469699628943,11.781524301430624,10.215175706859334,12.929433529352586,12.153812628242331,3.140142507742381,5.491806213014358,4.2306351248666525,7.196622448152556,614,0.0,0.0,95,0.268,0.564,0.0,0
539,614,66780.0,2.0,7,2,1,6,0,3.87354988399072,1.0,66.78,3,1.0,2,2,0,1,False,False,11.798587916773077,10.94949690454917,14.562071385826682,0.0,False,0,0,2,2,0,0,2,False,1,1,1,8.576050925817531,11.055432337461443,9.222469699628943,11.781524301430624,10.215175706859334,12.929433529352586,12.153812628242331,3.140142507742381,5.491806213014358,4.2306351248666525,7.196622448152556,614,0.0,0.0,95,0.268,0.564,0.0,0
541,629,39065.0,3.0,3,3,3,9,0,1.798572744014733,1.0,39.065,2,0.0,3,3,0,0,False,False,11.715021161182648,10.47268587104727,14.09289679019613,0.0,False,0,0,1,1,0,0,1,False,1,1,1,8.481499461067676,10.963424639362229,9.235387383193627,11.783849716366465,10.97942728514964,13.64518332923926,12.89340869633084,1.4911295370835498,4.21881762868051,4.446665631136137,6.971179471400418,629,0.0,10.0,45,0.366,1.232,0.0,0
542,629,35292.0,1.0,4,1,0,2,0,2.7658307210031348,1.0,35.292,2,1.0,1,1,0,0,False,False,11.577844208159098,10.641113302090483,14.172114788788592,0.0,True,0,0,1,1,0,0,1,False,1,1,1,8.481499461067676,10.963424639362229,9.235387383193627,11.783849716366465,10.97942728514964,13.64518332923926,12.89340869633084,1.4911295370835498,4.21881762868051,4.446665631136137,6.971179471400418,629,0.0,10.0,45,0.366,1.232,0.0,0
543,629,180111.0,3.0,1,2,2,2,0,8.292403314917127,1.0,180.111,4,1.0,3,3,0,1,False,False,11.904064128350674,10.604594696151324,14.197885903298486,0.0,False,0,0,1,1,0,0,1,False,1,1,1,8.481499461067676,10.963424639362229,9.235387383193627,11.783849716366465,10.97942728514964,13.64518332923926,12.89340869633084,1.4911295370835498,4.21881762868051,4.446665631136137,6.971179471400418,629,0.0,10.0,45,0.366,1.232,0.0,0
544,629,18498.0,2.0,1,1,0,9,0,1.072969837587007,1.0,18.498,1,2.0,2,2,0,1,False,False,11.210832550875688,10.71925019586632,14.041662990884758,0.0,False,0,0,2,2,0,0,2,False,1,1,1,8.481499461067676,10.963424639362229,9.235387383193627,11.783849716366465,10.97942728514964,13.64518332923926,12.89340869633084,1.4911295370835498,4.21881762868051,4.446665631136137,6.971179471400418,629,0.0,10.0,45,0.366,1.232,0.0,0
545,629,91516.0,5.0,1,2,1,2,0,2.982920469361148,1.0,91.516,3,4.0,2,2,3,1,False,False,11.684384117237968,10.64276676397661,13.963430421832667,0.0,False,1,3,4,2,1,2,3,True,1,1,1,8.481499461067676,10.963424639362229,9.235387383193627,11.783849716366465,10.97942728514964,13.64518332923926,12.89340869633084,1.4911295370835498,4.21881762868051,4.446665631136137,6.971179471400418,629,0.0,10.0,45,0.366,1.232,144.0,2
546,629,121697.0,6.0,1,2,2,2,0,3.4612343572241184,1.0,121.697,4,4.0,3,2,4,0,False,False,11.904064128350674,10.604594696151324,14.197885903298486,0.0,True,0,1,5,2,0,3,5,False,17,9,36,8.481499461067676,10.963424639362229,9.235387383193627,11.783849716366465,10.97942728514964,13.64518332923926,12.89340869633084,1.4911295370835498,4.21881762868051,4.446665631136137,6.971179471400418,629,0.0,10.0,45,0.366,1.232,0.0,0
547,629,121697.0,6.0,1,3,2,2,0,3.4612343572241184,1.0,121.697,4,4.0,3,2,4,0,False,False,11.904064128350674,10.604594696151324,14.197885903298486,0.0,False,1,0,6,2,1,4,5,True,69,141,71,8.481499461067676,10.963424639362229,9.235387383193627,11.783849716366465,10.97942728514964,13.64518332923926,12.89340869633084,1.4911295370835498,4.21881762868051,4.446665631136137,6.971179471400418,629,0.0,10.0,45,0.366,1.232,13.0,1
548,629,83910.0,5.0,3,2,2,6,0,2.735006518904824,1.0,83.91,3,3.0,3,2,3,0,False,False,11.684384117237968,10.64276676397661,13.963430421832667,0.0,False,0,1,4,2,0,2,4,False,5,5,5,8.481499461067676,10.963424639362229,9.235387383193627,11.783849716366465,10.97942728514964,13.64518332923926,12.89340869633084,1.4911295370835498,4.21881762868051,4.446665631136137,6.971179471400418,629,0.0,10.0,45,0.366,1.232,0.0,0
549,629,83910.0,5.0,3,3,2,6,0,2.735006518904824,1.0,83.91,3,3.0,3,2,3,0,False,False,11.684384117237968,10.64276676397661,13.963430421832667,0.0,True,0,1,4,2,0,2,4,False,1,3,1,8.481499461067676,10.963424639362229,9.235387383193627,11.783849716366465,10.97942728514964,13.64518332923926,12.89340869633084,1.4911295370835498,4.21881762868051,4.446665631136137,6.971179471400418,629,0.0,10.0,45,0.366,1.232,0.0,0
550,629,83910.0,5.0,3,2,2,6,0,2.735006518904824,1.0,83.91,3,3.0,3,2,3,0,False,False,11.684384117237968,10.64276676397661,13.963430421832667,0.0,True,0,0,5,2,1,3,4,False,26,1,26,8.481499461067676,10.963424639362229,9.235387383193627,11.783849716366465,10.97942728514964,13.64518332923926,12.89340869633084,1.4911295370835498,4.21881762868051,4.446665631136137,6.971179471400418,629,0.0,10.0,45,0.366,1.232,0.0,0
551,629,41742.0,5.0,1,2,1,3,0,1.360560625814863,1.0,41.742,2,4.0,2,2,3,1,False,False,11.715021161182648,10.47268587104727,14.092896790196132,0.0,False,0,2,3,2,0,1,3,False,3,3,3,8.481499461067676,10.963424639362229,9.235387383193627,11.783849716366465,10.97942728514964,13.64518332923926,12.89340869633084,1.4911295370835498,4.21881762868051,4.446665631136137,6.971179471400418,629,0.0,10.0,45,0.366,1.232,0.0,0
552,629,41742.0,5.0,1,1,1,3,0,1.360560625814863,1.0,41.742,2,4.0,2,2,3,1,False,False,11.577844208159098,10.641113302090483,14.172114788788594,0.0,False,1,2,4,1,2,3,2,True,5,5,5,8.481499461067676,10.963424639362229,9.235387383193627,11.783849716366465,10.97942728514964,13.64518332923926,12.89340869633084,1.4911295370835498,4.21881762868051,4.446665631136137,6.971179471400418,629,0.0,10.0,45,0.366,1.232,3.0,1
553,629,83971.0,3.0,1,2,2,7,0,3.866068139963168,1.0,83.971,3,1.0,3,3,0,1,False,False,11.684384117237968,10.64276676397661,13.963430421832667,0.0,False,0,0,3,3,0,0,3,False,1,1,1,8.481499461067676,10.963424639362229,9.235387383193627,11.783849716366465,10.97942728514964,13.64518332923926,12.89340869633084,1.4911295370835498,4.21881762868051,4.446665631136137,6.971179471400418,629,0.0,10.0,45,0.366,1.232,0.0,0
554,629,18133.0,3.0,3,1,0,2,0,0.834852670349908,1.0,18.133,1,3.0,1,1,2,0,False,False,11.210832550875688,10.71925019586632,14.041662990884758,0.0,False,1,2,3,1,2,2,1,True,1,1,1,8.481499461067676,10.963424639362229,9.235387383193627,11.783849716366465,10.97942728514964,13.64518332923926,12.89340869633084,1.4911295370835498,4.21881762868051,4.446665631136137,6.971179471400418,629,0.0,10.0,45,0.366,1.232,6.0,1
555,629,57099.0,6.0,1,1,1,3,0,1.6239761092150171,1.0,57.099,2,5.0,2,2,4,1,False,False,11.577844208159098,10.641113302090483,14.172114788788592,0.0,False,0,1,4,1,1,3,3,False,1,1,1,8.481499461067676,10.963424639362229,9.235387383193627,11.783849716366465,10.97942728514964,13.64518332923926,12.89340869633084,1.4911295370835498,4.21881762868051,4.446665631136137,6.971179471400418,629,0.0,10.0,45,0.366,1.232,0.0,0
556,629,63574.0,6.0,1,3,1,4,0,1.8081342434584755,1.0,63.574,3,5.0,3,2,4,1,False,False,11.684384117237968,10.64276676397661,13.963430421832667,0.0,False,0,0,6,2,0,4,6,False,150,122,155,8.481499461067676,10.963424639362229,9.235387383193627,11.783849716366465,10.97942728514964,13.64518332923926,12.89340869633084,1.4911295370835498,4.21881762868051,4.446665631136137,6.971179471400418,629,0.0,10.0,45,0.366,1.232,0.0,0
557,629,0.0,4.0,3,0,0,2,0,0.0,1.0,0.0,1,4.0,1,1,3,1,True,False,12.07995490289372,11.551167354535757,14.395808671910142,0.0,False,0,1,3,0,1,3,2,False,1,1,1,8.481499461067676,10.963424639362229,9.235387383193627,11.783849716366465,10.97942728514964,13.64518332923926,12.89340869633084,1.4911295370835498,4.21881762868051,4.446665631136137,6.971179471400418,629,0.0,10.0,45,0.366,1.232,0.0,0
558,629,111844.0,5.0,1,2,1,3,0,3.645501955671447,1.0,111.844,4,4.0,2,2,3,1,False,False,11.904064128350674,10.604594696151324,14.197885903298488,0.0,False,1,1,5,2,1,3,4,True,3,3,5,8.481499461067676,10.963424639362229,9.235387383193627,11.783849716366465,10.97942728514964,13.64518332923926,12.89340869633084,1.4911295370835498,4.21881762868051,4.446665631136137,6.971179471400418,629,0.0,10.0,45,0.366,1.232,85.0,2
559,629,111844.0,5.0,1,2,1,3,0,3.645501955671447,1.0,111.844,4,4.0,2,2,3,1,False,False,11.904064128350674,10.604594696151324,14.197885903298488,0.0,True,0,0,5,2,1,3,4,False,134,84,86,8.481499461067676,10.963424639362229,9.235387383193627,11.783849716366465,10.97942728514964,13.64518332923926,12.89340869633084,1.4911295370835498,4.21881762868051,4.446665631136137,6.971179471400418,629,0.0,10.0,45,0.366,1.232,0.0,0
560,629,26018.0,5.0,2,0,1,4,0,0.8480443285528031,1.0,26.018,1,4.0,2,2,3,1,False,False,12.07995490289372,11.551167354535757,14.395808671910142,0.0,False,0,2,2,1,0,1,2,False,1,5,1,8.481499461067676,10.963424639362229,9.235387383193627,11.783849716366465,10.97942728514964,13.64518332923926,12.89340869633084,1.4911295370835498,4.21881762868051,4.446665631136137,6.971179471400418,629,0.0,10.0,45,0.366,1.232,0.0,0
562,629,32964.0,1.0,4,1,0,8,0,2.583385579937304,1.0,32.964,2,1.0,1,1,0,1,False,False,11.577844208159098,10.641113302090483,14.172114788788592,0.0,False,0,0,1,1,0,0,1,False,1,1,1,8.481499461067676,10.963424639362229,9.235387383193627,11.783849716366465,10.97942728514964,13.64518332923926,12.89340869633084,1.4911295370835498,4.21881762868051,4.446665631136137,6.971179471400418,629,0.0,10.0,45,0.366,1.232,0.0,0
563,629,21545.0,2.0,1,2,0,2,0,1.249709976798144,1.0,21.545,1,2.0,2,2,0,1,False,False,11.27434512195213,10.467101138513394,14.11347957586263,0.0,False,1,0,2,2,0,0,2,True,1,1,1,8.481499461067676,10.963424639362229,9.235387383193627,11.783849716366465,10.97942728514964,13.64518332923926,12.89340869633084,1.4911295370835498,4.21881762868051,4.446665631136137,6.971179471400418,629,0.0,10.0,45,0.366,1.232,7.0,1
564,629,48310.0,2.0,1,2,0,2,0,2.8022041763341066,1.0,48.31,2,2.0,2,2,0,2,False,False,11.715021161182648,10.47268587104727,14.092896790196132,0.0,False,0,0,1,1,0,0,1,False,1,1,1,8.481499461067676,10.963424639362229,9.235387383193627,11.783849716366465,10.97942728514964,13.64518332923926,12.89340869633084,1.4911295370835498,4.21881762868051,4.446665631136137,6.971179471400418,629,0.0,10.0,45,0.366,1.232,0.0,0
565,629,86267.0,4.0,1,2,1,8,0,3.29263358778626,1.0,86.267,3,3.0,2,2,2,1,True,False,11.684384117237968,10.64276676397661,13.963430421832667,0.0,True,1,2,4,2,2,2,2,True,1,1,1,8.481499461067676,10.963424639362229,9.235387383193627,11.783849716366465,10.97942728514964,13.64518332923926,12.89340869633084,1.4911295370835498,4.21881762868051,4.446665631136137,6.971179471400418,629,0.0,10.0,45,0.366,1.232,3.0,1
566,629,62917.0,3.0,1,3,2,2,0,2.896731123388582,1.0,62.917,3,1.0,3,3,0,1,False,False,11.684384117237968,10.64276676397661,13.963430421832667,0.0,False,0,0,2,2,0,0,2,False,1,1,1,8.481499461067676,10.963424639362229,9.235387383193627,11.783849716366465,10.97942728514964,13.64518332923926,12.89340869633084,1.4911295370835498,4.21881762868051,4.446665631136137,6.971179471400418,629,0.0,10.0,45,0.366,1.232,0.0,0
567,629,27197.0,5.0,1,2,1,8,0,0.8864732724902217,1.0,27.197,1,4.0,2,2,3,1,True,False,11.27434512195213,10.467101138513394,14.11347957586263,0.0,True,0,0,5,2,1,3,4,False,91,58,129,8.481499461067676,10.963424639362229,9.235387383193627,11.783849716366465,10.97942728514964,13.64518332923926,12.89340869633084,1.4911295370835498,4.21881762868051,4.446665631136137,6.971179471400418,629,0.0,10.0,45,0.366,1.232,0.0,0
568,629,62326.0,3.0,1,3,2,2,0,2.869521178637201,1.0,62.326,3,1.0,3,3,0,0,False,False,11.684384117237968,10.64276676397661,13.963430421832667,0.0,True,0,0,3,3,0,0,3,False,1,1,1,8.481499461067676,10.963424639362229,9.235387383193627,11.783849716366465,10.97942728514964,13.64518332923926,12.89340869633084,1.4911295370835498,4.21881762868051,4.446665631136137,6.971179471400418,629,0.0,10.0,45,0.366,1.232,0.0,0
569,629,63459.0,6.0,1,2,1,2,0,1.804863481228669,1.0,63.459,3,5.0,2,2,4,1,False,False,11.684384117237968,10.64276676397661,13.963430421832667,0.0,True,0,0,6,2,0,4,6,False,32,84,86,8.481499461067676,10.963424639362229,9.235387383193627,11.783849716366465,10.97942728514964,13.64518332923926,12.89340869633084,1.4911295370835498,4.21881762868051,4.446665631136137,6.971179471400418,629,0.0,10.0,45,0.366,1.232,0.0,0
570,629,68504.0,2.0,1,2,0,1,0,3.973549883990719,1.0,68.504,3,2.0,2,2,0,2,False,False,11.684384117237968,10.64276676397661,13.963430421832667,0.0,False,1,0,2,2,0,0,2,True,1,1,1,8.481499461067676,10.963424639362229,9.235387383193627,11.783849716366465,10.97942728514964,13.64518332923926,12.89340869633084,1.4911295370835498,4.21881762868051,4.446665631136137,6.971179471400418,629,0.0,10.0,45,0.366,1.232,1.0,1
571,629,68504.0,2.0,1,1,0,1,0,3.973549883990719,1.0,68.504,3,2.0,2,2,0,2,False,False,11.680030754785756,10.576822693069346,14.219111700387758,0.0,False,0,0,1,1,0,0,1,False,1,1,1,8.481499461067676,10.963424639362229,9.235387383193627,11.783849716366465,10.97942728514964,13.64518332923926,12.89340869633084,1.4911295370835498,4.21881762868051,4.446665631136137,6.971179471400418,629,0.0,10.0,45,0.366,1.232,0.0,0
572,629,46746.0,6.0,1,1,2,4,0,1.3295221843003413,1.0,46.746,2,4.0,2,2,4,0,False,False,11.577844208159098,10.641113302090483,14.172114788788592,0.0,False,0,1,4,1,2,3,2,False,84,84,84,8.481499461067676,10.963424639362229,9.235387383193627,11.783849716366465,10.97942728514964,13.64518332923926,12.89340869633084,1.4911295370835498,4.21881762868051,4.446665631136137,6.971179471400418,629,0.0,10.0,45,0.366,1.232,0.0,0
573,629,46746.0,6.0,1,2,2,4,0,1.3295221843003413,1.0,46.746,2,4.0,2,2,4,0,False,False,11.715021161182648,10.47268587104727,14.09289679019613,0.0,True,1,3,5,2,2,3,3,True,5,3,5,8.481499461067676,10.963424639362229,9.235387383193627,11.783849716366465,10.97942728514964,13.64518332923926,12.89340869633084,1.4911295370835498,4.21881762868051,4.446665631136137,6.971179471400418,629,0.0,10.0,45,0.366,1.232,15.0,1
574,629,46746.0,6.0,1,2,2,4,0,1.3295221843003413,1.0,46.746,2,4.0,2,2,4,0,False,False,11.715021161182648,10.47268587104727,14.09289679019613,0.0,False,0,0,6,2,3,4,3,False,115,120,148,8.481499461067676,10.963424639362229,9.235387383193627,11.783849716366465,10.97942728514964,13.64518332923926,12.89340869633084,1.4911295370835498,4.21881762868051,4.446665631136137,6.971179471400418,629,0.0,10.0,45,0.366,1.232,0.0,0
575,629,46746.0,6.0,1,2,2,4,0,1.3295221843003413,1.0,46.746,2,4.0,2,2,4,0,False,False,11.715021161182648,10.47268587104727,14.09289679019613,0.0,False,0,2,4,2,1,2,3,False,15,39,17,8.481499461067676,10.963424639362229,9.235387383193627,11.783849716366465,10.97942728514964,13.64518332923926,12.89340869633084,1.4911295370835498,4.21881762868051,4.446665631136137,6.971179471400418,629,0.0,10.0,45,0.366,1.232,0.0,0
576,629,47069.0,2.0,2,0,0,4,0,2.7302204176334106,1.0,47.069,2,2.0,2,2,0,0,False,False,12.551981049702672,11.923750482876246,14.598769221269684,0.0,False,0,0,2,2,0,0,2,False,1,1,1,8.481499461067676,10.963424639362229,9.235387383193627,11.783849716366465,10.97942728514964,13.64518332923926,12.89340869633084,1.4911295370835498,4.21881762868051,4.446665631136137,6.971179471400418,629,0.0,10.0,45,0.366,1.232,0.0,0
577,629,64626.0,2.0,3,3,1,7,0,3.7486078886310894,1.0,64.626,3,1.0,2,2,0,1,False,False,11.684384117237968,10.64276676397661,13.963430421832667,0.0,True,0,0,1,1,0,0,1,False,1,1,1,8.481499461067676,10.963424639362229,9.235387383193627,11.783849716366465,10.97942728514964,13.64518332923926,12.89340869633084,1.4911295370835498,4.21881762868051,4.446665631136137,6.971179471400418,629,0.0,10.0,45,0.366,1.232,0.0,0
578,629,43084.0,3.0,1,2,1,2,0,1.983609576427256,1.0,43.084,2,2.0,3,3,0,2,False,False,11.715021161182648,10.47268587104727,14.09289679019613,0.0,False,0,0,1,1,0,0,1,False,1,1,1,8.481499461067676,10.963424639362229,9.235387383193627,11.783849716366465,10.97942728514964,13.64518332923926,12.89340869633084,1.4911295370835498,4.21881762868051,4.446665631136137,6.971179471400418,629,0.0,10.0,45,0.366,1.232,0.0,0
579,629,8455.0,2.0,3,1,0,1,0,0.4904292343387471,1.0,8.455,1,2.0,2,2,0,1,False,False,11.210832550875688,10.71925019586632,14.041662990884758,0.0,False,0,0,2,2,0,0,2,False,1,1,1,8.481499461067676,10.963424639362229,9.235387383193627,11.783849716366465,10.97942728514964,13.64518332923926,12.89340869633084,1.4911295370835498,4.21881762868051,4.446665631136137,6.971179471400418,629,0.0,10.0,45,0.366,1.232,0.0,0
580,629,106202.0,6.0,3,2,1,3,0,3.020534698521047,1.0,106.202,4,5.0,4,2,4,0,False,False,11.904064128350674,10.604594696151324,14.197885903298486,0.0,False,0,1,6,2,1,4,5,False,3,5,3,8.481499461067676,10.963424639362229,9.235387383193627,11.783849716366465,10.97942728514964,13.64518332923926,12.89340869633084,1.4911295370835498,4.21881762868051,4.446665631136137,6.971179471400418,629,0.0,10.0,45,0.366,1.232,0.0,0
581,629,42653.0,1.0,4,1,0,7,0,3.3427115987460816,1.0,42.653,2,1.0,1,1,0,1,False,False,11.577844208159098,10.641113302090483,14.172114788788592,0.0,False,0,0,1,1,0,0,1,False,1,1,1,8.481499461067676,10.963424639362229,9.235387383193627,11.783849716366465,10.97942728514964,13.64518332923926,12.89340869633084,1.4911295370835498,4.21881762868051,4.446665631136137,6.971179471400418,629,0.0,10.0,45,0.366,1.232,0.0,0
583,629,26928.0,3.0,1,1,1,4,0,1.239779005524862,1.0,26.928,1,2.0,3,3,0,2,False,False,11.210832550875688,10.71925019586632,14.041662990884758,0.0,False,0,0,2,2,0,0,2,False,1,1,1,8.481499461067676,10.963424639362229,9.235387383193627,11.783849716366465,10.97942728514964,13.64518332923926,12.89340869633084,1.4911295370835498,4.21881762868051,4.446665631136137,6.971179471400418,629,0.0,10.0,45,0.366,1.232,0.0,0
584,629,26928.0,3.0,1,1,1,4,0,1.239779005524862,1.0,26.928,1,2.0,3,3,0,2,False,False,11.210832550875688,10.71925019586632,14.041662990884758,0.0,False,1,0,2,2,0,0,2,True,1,1,1,8.481499461067676,10.963424639362229,9.235387383193627,11.783849716366465,10.97942728514964,13.64518332923926,12.89340869633084,1.4911295370835498,4.21881762868051,4.446665631136137,6.971179471400418,629,0.0,10.0,45,0.366,1.232,1.0,1
586,638,26652.0,1.0,6,1,0,3,0,2.08871473354232,1.0,26.652,1,1.0,1,1,0,0,False,False,11.357549915918751,12.022683085709048,16.72179467379138,0.0,False,0,0,1,1,0,0,1,False,1,1,1,8.54879574040562,11.034702200202991,9.317464483040958,11.87042848208686,11.016426078082526,13.684074164721752,12.931734428933533,1.5052175804278352,4.241364119006551,5.021689597001096,7.6062144317100575,638,0.0,10.0,22,0.181,0.612,0.0,0
587,638,143237.0,2.0,1,1,0,9,0,8.308410672853828,1.0,143.237,4,2.0,2,2,0,0,False,False,11.823599662299968,11.46477918492922,16.503392860773392,0.0,False,0,0,2,2,0,0,2,False,1,1,1,8.54879574040562,11.034702200202991,9.317464483040958,11.87042848208686,11.016426078082526,13.684074164721752,12.931734428933533,1.5052175804278352,4.241364119006551,5.021689597001096,7.6062144317100575,638,0.0,10.0,22,0.181,0.612,0.0,0
588,638,164777.0,2.0,1,2,2,2,0,9.557830626450116,1.0,164.777,4,0.0,2,2,0,0,False,False,11.856920507850012,11.71600125889942,16.931424489819747,0.0,True,0,0,2,2,0,0,2,False,1,1,1,8.54879574040562,11.034702200202991,9.317464483040958,11.87042848208686,11.016426078082526,13.684074164721752,12.931734428933533,1.5052175804278352,4.241364119006551,5.021689597001096,7.6062144317100575,638,0.0,10.0,22,0.181,0.612,0.0,0
590,638,48269.0,1.0,6,1,1,6,0,3.7828369905956114,1.0,48.269,2,0.0,1,1,0,0,False,False,11.654980862083876,11.737481516001193,16.60255309548171,0.0,False,0,0,1,1,0,0,1,False,1,1,1,8.54879574040562,11.034702200202991,9.317464483040958,11.87042848208686,11.016426078082526,13.684074164721752,12.931734428933533,1.5052175804278352,4.241364119006551,5.021689597001096,7.6062144317100575,638,0.0,10.0,22,0.181,0.612,0.0,0
591,638,138333.0,3.0,3,2,2,8,0,6.368922651933701,1.0,138.333,4,1.0,3,3,0,0,False,False,11.856920507850012,11.71600125889942,16.931424489819747,0.0,True,0,0,3,3,0,0,3,False,1,1,1,8.54879574040562,11.034702200202991,9.317464483040958,11.87042848208686,11.016426078082526,13.684074164721752,12.931734428933533,1.5052175804278352,4.241364119006551,5.021689597001096,7.6062144317100575,638,0.0,10.0,22,0.181,0.612,0.0,0
592,638,111844.0,2.0,3,2,2,3,0,6.487470997679814,1.0,111.844,4,0.0,2,2,0,0,False,False,11.856920507850012,11.71600125889942,16.931424489819747,0.0,False,0,0,2,2,0,0,2,False,1,1,1,8.54879574040562,11.034702200202991,9.317464483040958,11.87042848208686,11.016426078082526,13.684074164721752,12.931734428933533,1.5052175804278352,4.241364119006551,5.021689597001096,7.6062144317100575,638,0.0,10.0,22,0.181,0.612,0.0,0
593,638,23546.0,2.0,2,2,1,2,0,1.3657772621809745,1.0,23.546,1,1.0,2,2,0,1,False,False,11.305396479298746,11.891267029264728,16.5944530798323,0.0,False,0,0,2,2,0,0,2,False,1,1,1,8.54879574040562,11.034702200202991,9.317464483040958,11.87042848208686,11.016426078082526,13.684074164721752,12.931734428933533,1.5052175804278352,4.241364119006551,5.021689597001096,7.6062144317100575,638,0.0,10.0,22,0.181,0.612,0.0,0
594,638,28756.0,1.0,6,0,1,2,0,2.253605015673981,1.0,28.756,1,0.0,1,1,0,0,False,False,12.42695472673072,13.270864901464776,16.485999771359516,0.0,False,0,0,1,1,0,0,1,False,1,1,1,8.54879574040562,11.034702200202991,9.317464483040958,11.87042848208686,11.016426078082526,13.684074164721752,12.931734428933533,1.5052175804278352,4.241364119006551,5.021689597001096,7.6062144317100575,638,0.0,10.0,22,0.181,0.612,0.0,0
595,638,67863.0,2.0,1,2,1,5,0,3.936368909512761,1.0,67.863,3,1.0,2,2,0,1,False,False,11.692982341464043,11.72652566861444,17.317305002709436,0.0,True,0,0,2,2,0,0,2,False,1,1,1,8.54879574040562,11.034702200202991,9.317464483040958,11.87042848208686,11.016426078082526,13.684074164721752,12.931734428933533,1.5052175804278352,4.241364119006551,5.021689597001096,7.6062144317100575,638,0.0,10.0,22,0.181,0.612,0.0,0
596,638,64068.0,3.0,1,2,1,2,0,2.949723756906077,1.0,64.068,3,2.0,3,3,0,0,False,False,11.692982341464043,11.726525668614435,17.317305002709436,0.0,False,1,0,2,2,0,0,2,True,1,1,1,8.54879574040562,11.034702200202991,9.317464483040958,11.87042848208686,11.016426078082526,13.684074164721752,12.931734428933533,1.5052175804278352,4.241364119006551,5.021689597001096,7.6062144317100575,638,0.0,10.0,22,0.181,0.612,10.0,1
597,638,91443.0,2.0,1,3,0,2,0,5.304118329466357,1.0,91.443,3,2.0,2,2,0,0,False,False,11.692982341464043,11.72652566861444,17.317305002709436,0.0,False,1,0,2,2,0,0,2,True,1,1,1,8.54879574040562,11.034702200202991,9.317464483040958,11.87042848208686,11.016426078082526,13.684074164721752,12.931734428933533,1.5052175804278352,4.241364119006551,5.021689597001096,7.6062144317100575,638,0.0,10.0,22,0.181,0.612,1.0,1
598,638,73658.0,2.0,1,3,1,9,0,4.272505800464037,1.0,73.658,3,1.0,2,2,0,1,False,False,11.692982341464043,11.72652566861444,17.317305002709436,0.0,True,0,0,1,1,0,0,1,False,1,1,1,8.54879574040562,11.034702200202991,9.317464483040958,11.87042848208686,11.016426078082526,13.684074164721752,12.931734428933533,1.5052175804278352,4.241364119006551,5.021689597001096,7.6062144317100575,638,0.0,10.0,22,0.181,0.612,0.0,0
599,638,58020.0,2.0,5,2,2,6,0,3.365429234338748,1.0,58.02,2,0.0,2,2,0,0,False,False,11.671365718844871,11.990169858956513,16.21220522028487,0.0,False,0,0,2,2,0,0,2,False,1,1,1,8.54879574040562,11.034702200202991,9.317464483040958,11.87042848208686,11.016426078082526,13.684074164721752,12.931734428933533,1.5052175804278352,4.241364119006551,5.021689597001096,7.6062144317100575,638,0.0,10.0,22,0.181,0.612,0.0,0
600,638,106181.0,4.0,1,2,2,3,0,4.052709923664122,1.0,106.181,4,2.0,2,2,2,0,False,False,11.856920507850012,11.71600125889942,16.931424489819747,0.0,True,0,0,4,2,0,2,4,False,1,1,8,8.54879574040562,11.034702200202991,9.317464483040958,11.87042848208686,11.016426078082526,13.684074164721752,12.931734428933533,1.5052175804278352,4.241364119006551,5.021689597001096,7.6062144317100575,638,0.0,10.0,22,0.181,0.612,0.0,0
601,638,59289.0,2.0,1,1,0,1,0,3.4390371229698378,1.0,59.289,2,2.0,2,2,0,0,False,False,11.654980862083876,11.737481516001193,16.60255309548171,0.0,False,0,0,1,1,0,0,1,False,1,1,1,8.54879574040562,11.034702200202991,9.317464483040958,11.87042848208686,11.016426078082526,13.684074164721752,12.931734428933533,1.5052175804278352,4.241364119006551,5.021689597001096,7.6062144317100575,638,0.0,10.0,22,0.181,0.612,0.0,0
602,638,46461.0,1.0,6,1,1,7,0,3.641144200626959,1.0,46.461,2,0.0,1,1,0,0,False,False,11.654980862083876,11.737481516001193,16.60255309548171,0.0,False,0,0,1,1,0,0,1,False,1,1,1,8.54879574040562,11.034702200202991,9.317464483040958,11.87042848208686,11.016426078082526,13.684074164721752,12.931734428933533,1.5052175804278352,4.241364119006551,5.021689597001096,7.6062144317100575,638,0.0,10.0,22,0.181,0.612,0.0,0
604,638,82724.0,2.0,7,2,1,2,0,4.798375870069606,1.0,82.724,3,1.0,2,2,0,1,False,False,11.692982341464043,11.72652566861444,17.317305002709436,0.0,False,0,0,2,2,0,0,2,False,1,1,1,8.54879574040562,11.034702200202991,9.317464483040958,11.87042848208686,11.016426078082526,13.684074164721752,12.931734428933533,1.5052175804278352,4.241364119006551,5.021689597001096,7.6062144317100575,638,0.0,10.0,22,0.181,0.612,0.0,0
605,638,13485.0,1.0,6,2,0,2,0,1.056818181818182,1.0,13.485,1,1.0,1,1,0,0,False,False,11.305396479298746,11.891267029264728,16.5944530798323,0.0,False,0,0,1,1,0,0,1,False,1,1,1,8.54879574040562,11.034702200202991,9.317464483040958,11.87042848208686,11.016426078082526,13.684074164721752,12.931734428933533,1.5052175804278352,4.241364119006551,5.021689597001096,7.6062144317100575,638,0.0,10.0,22,0.181,0.612,0.0,0
606,638,149356.0,3.0,1,2,2,2,0,6.876427255985267,1.0,149.356,4,1.0,3,3,0,1,False,False,11.856920507850012,11.71600125889942,16.931424489819747,0.0,False,1,0,3,3,0,0,3,True,1,1,1,8.54879574040562,11.034702200202991,9.317464483040958,11.87042848208686,11.016426078082526,13.684074164721752,12.931734428933533,1.5052175804278352,4.241364119006551,5.021689597001096,7.6062144317100575,638,0.0,10.0,22,0.181,0.612,1.0,1
607,638,23117.0,1.0,6,1,0,6,0,1.8116771159874607,1.0,23.117,1,1.0,1,1,0,0,False,False,11.357549915918751,12.022683085709048,16.72179467379138,0.0,False,0,0,1,1,0,0,1,False,1,1,1,8.54879574040562,11.034702200202991,9.317464483040958,11.87042848208686,11.016426078082526,13.684074164721752,12.931734428933533,1.5052175804278352,4.241364119006551,5.021689597001096,7.6062144317100575,638,0.0,10.0,22,0.181,0.612,0.0,0
608,638,166263.0,2.0,1,2,2,9,0,9.644025522041764,1.0,166.263,4,0.0,2,2,0,0,False,False,11.856920507850012,11.71600125889942,16.931424489819747,0.0,True,0,0,2,2,0,0,2,False,1,1,1,8.54879574040562,11.034702200202991,9.317464483040958,11.87042848208686,11.016426078082526,13.684074164721752,12.931734428933533,1.5052175804278352,4.241364119006551,5.021689597001096,7.6062144317100575,638,0.0,10.0,22,0.181,0.612,0.0,0
609,638,52127.0,4.0,1,1,1,2,0,1.989580152671756,1.0,52.127,2,3.0,2,2,2,1,False,False,11.654980862083876,11.737481516001193,16.60255309548171,0.0,True,0,0,4,2,0,2,4,False,39,39,30,8.54879574040562,11.034702200202991,9.317464483040958,11.87042848208686,11.016426078082526,13.684074164721752,12.931734428933533,1.5052175804278352,4.241364119006551,5.021689597001096,7.6062144317100575,638,0.0,10.0,22,0.181,0.612,0.0,0
610,638,90656.0,2.0,1,2,1,2,0,5.258468677494199,1.0,90.656,3,1.0,2,2,0,0,False,False,11.692982341464043,11.72652566861444,17.317305002709436,0.0,False,0,0,2,2,0,0,2,False,1,1,1,8.54879574040562,11.034702200202991,9.317464483040958,11.87042848208686,11.016426078082526,13.684074164721752,12.931734428933533,1.5052175804278352,4.241364119006551,5.021689597001096,7.6062144317100575,638,0.0,10.0,22,0.181,0.612,0.0,0
611,638,46315.0,1.0,6,1,1,9,0,3.629702194357367,1.0,46.315,2,0.0,1,1,0,0,False,False,11.654980862083876,11.737481516001193,16.60255309548171,0.0,False,0,0,1,1,0,0,1,False,1,1,1,8.54879574040562,11.034702200202991,9.317464483040958,11.87042848208686,11.016426078082526,13.684074164721752,12.931734428933533,1.5052175804278352,4.241364119006551,5.021689597001096,7.6062144317100575,638,0.0,10.0,22,0.181,0.612,0.0,0
612,638,12279.0,1.0,6,0,0,9,0,0.9623040752351096,1.0,12.279,1,1.0,1,1,0,1,False,False,12.42695472673072,13.270864901464776,16.485999771359516,0.0,False,0,0,1,1,0,0,1,False,1,1,1,8.54879574040562,11.034702200202991,9.317464483040958,11.87042848208686,11.016426078082526,13.684074164721752,12.931734428933533,1.5052175804278352,4.241364119006551,5.021689597001096,7.6062144317100575,638,0.0,10.0,22,0.181,0.612,0.0,0
613,638,16157.0,1.0,6,1,0,1,0,1.266222570532915,1.0,16.157,1,1.0,1,1,0,0,False,False,11.357549915918751,12.022683085709048,16.72179467379138,0.0,False,0,0,1,1,0,0,1,False,1,1,1,8.54879574040562,11.034702200202991,9.317464483040958,11.87042848208686,11.016426078082526,13.684074164721752,12.931734428933533,1.5052175804278352,4.241364119006551,5.021689597001096,7.6062144317100575,638,0.0,10.0,22,0.181,0.612,0.0,0
614,638,248811.0,2.0,5,3,2,2,0,14.432192575406033,1.0,248.811,4,0.0,2,2,0,0,False,False,11.856920507850012,11.71600125889942,16.931424489819747,0.0,True,0,0,1,1,0,0,1,False,1,1,1,8.54879574040562,11.034702200202991,9.317464483040958,11.87042848208686,11.016426078082526,13.684074164721752,12.931734428933533,1.5052175804278352,4.241364119006551,5.021689597001096,7.6062144317100575,638,0.0,10.0,22,0.181,0.612,0.0,0
615,638,70798.0,2.0,1,2,1,5,0,4.10661252900232,1.0,70.798,3,1.0,2,2,0,1,False,False,11.692982341464043,11.72652566861444,17.317305002709436,0.0,False,0,0,1,1,0,0,1,False,1,1,1,8.54879574040562,11.034702200202991,9.317464483040958,11.87042848208686,11.016426078082526,13.684074164721752,12.931734428933533,1.5052175804278352,4.241364119006551,5.021689597001096,7.6062144317100575,638,0.0,10.0,22,0.181,0.612,0.0,0
616,638,26928.0,2.0,1,2,1,3,0,1.5619489559164734,1.0,26.928,1,1.0,2,2,0,0,False,False,11.305396479298746,11.891267029264728,16.5944530798323,0.0,False,0,0,2,2,0,0,2,False,1,1,1,8.54879574040562,11.034702200202991,9.317464483040958,11.87042848208686,11.016426078082526,13.684074164721752,12.931734428933533,1.5052175804278352,4.241364119006551,5.021689597001096,7.6062144317100575,638,0.0,10.0,22,0.181,0.612,0.0,0
617,638,65057.0,3.0,5,4,2,6,0,2.995257826887661,1.0,65.057,3,1.0,3,3,0,0,False,False,11.692982341464043,11.726525668614435,17.317305002709436,0.0,False,0,0,3,3,0,0,3,False,1,1,1,8.54879574040562,11.034702200202991,9.317464483040958,11.87042848208686,11.016426078082526,13.684074164721752,12.931734428933533,1.5052175804278352,4.241364119006551,5.021689597001096,7.6062144317100575,638,0.0,10.0,22,0.181,0.612,0.0,0
618,638,105621.0,1.0,6,1,1,1,0,8.277507836990596,1.0,105.621,4,0.0,1,1,0,0,False,False,11.823599662299968,11.46477918492922,16.503392860773392,0.0,False,0,0,1,1,0,0,1,False,1,1,1,8.54879574040562,11.034702200202991,9.317464483040958,11.87042848208686,11.016426078082526,13.684074164721752,12.931734428933533,1.5052175804278352,4.241364119006551,5.021689597001096,7.6062144317100575,638,0.0,10.0,22,0.181,0.612,0.0,0
619,638,36622.0,1.0,6,1,0,7,0,2.870062695924765,1.0,36.622,2,1.0,1,1,0,0,True,False,11.654980862083876,11.737481516001193,16.60255309548171,0.0,False,0,0,1,1,0,0,1,False,1,1,1,8.54879574040562,11.034702200202991,9.317464483040958,11.87042848208686,11.016426078082526,13.684074164721752,12.931734428933533,1.5052175804278352,4.241364119006551,5.021689597001096,7.6062144317100575,638,0.0,10.0,22,0.181,0.612,0.0,0
620,638,263891.0,2.0,3,2,2,4,0,15.306902552204177,1.0,263.891,4,0.0,2,2,0,0,False,False,11.856920507850012,11.71600125889942,16.931424489819747,0.0,True,0,0,2,2,0,0,2,False,1,1,1,8.54879574040562,11.034702200202991,9.317464483040958,11.87042848208686,11.016426078082526,13.684074164721752,12.931734428933533,1.5052175804278352,4.241364119006551,5.021689597001096,7.6062144317100575,638,0.0,10.0,22,0.181,0.612,0.0,0
622,644,56844.0,1.0,6,1,0,3,0,4.454858934169279,1.0,56.844,2,1.0,1,1,0,0,False,False,11.841591812970504,11.504191400078543,14.170162424260502,0.0,False,0,0,1,1,0,0,1,False,1,1,1,8.827326147479111,11.188097272073763,9.39673911629421,11.886699992314504,10.303034248321037,13.006645756699852,12.26475949609462,4.906776611532062,7.84226298635131,5.99082615591021,7.140550773569763,644,0.0,0.0,129,0.5,1.129,0.0,0
623,644,46245.0,4.0,1,2,1,6,0,1.7650763358778625,1.0,46.245,2,3.0,2,2,2,0,False,False,11.764162828281313,11.536289964083457,14.072927032373304,0.0,False,0,2,3,1,1,2,2,False,1,1,1,8.827326147479111,11.188097272073763,9.39673911629421,11.886699992314504,10.303034248321037,13.006645756699852,12.26475949609462,4.906776611532062,7.84226298635131,5.99082615591021,7.140550773569763,644,0.0,0.0,129,0.5,1.129,0.0,0
625,644,145427.0,3.0,1,2,1,2,0,6.695534069981584,1.0,145.427,4,2.0,3,3,0,1,False,False,12.128789450213114,11.537482357105375,13.981495890930844,0.0,False,0,0,2,2,0,0,2,False,1,1,1,8.827326147479111,11.188097272073763,9.39673911629421,11.886699992314504,10.303034248321037,13.006645756699852,12.26475949609462,4.906776611532062,7.84226298635131,5.99082615591021,7.140550773569763,644,0.0,0.0,129,0.5,1.129,0.0,0
627,644,291971.0,4.0,1,2,2,2,0,11.143931297709925,1.0,291.971,4,2.0,4,4,0,0,False,False,12.128789450213116,11.537482357105375,13.981495890930844,0.0,False,0,0,2,2,0,0,2,False,1,1,1,8.827326147479111,11.188097272073763,9.39673911629421,11.886699992314504,10.303034248321037,13.006645756699852,12.26475949609462,4.906776611532062,7.84226298635131,5.99082615591021,7.140550773569763,644,0.0,0.0,129,0.5,1.129,0.0,0
628,644,1648.0,1.0,6,1,0,3,0,0.129153605015674,1.0,1.648,1,1.0,1,1,0,1,False,False,11.573377864493434,11.470225067927023,14.077213965506774,0.0,False,0,0,1,1,0,0,1,False,1,1,1,8.827326147479111,11.188097272073763,9.39673911629421,11.886699992314504,10.303034248321037,13.006645756699852,12.26475949609462,4.906776611532062,7.84226298635131,5.99082615591021,7.140550773569763,644,0.0,0.0,129,0.5,1.129,0.0,0
629,644,235460.0,2.0,5,3,1,2,0,13.657772621809745,1.0,235.46,4,1.0,2,2,0,1,False,False,12.128789450213116,11.537482357105375,13.981495890930844,0.0,True,0,0,2,2,0,0,2,False,1,1,1,8.827326147479111,11.188097272073763,9.39673911629421,11.886699992314504,10.303034248321037,13.006645756699852,12.26475949609462,4.906776611532062,7.84226298635131,5.99082615591021,7.140550773569763,644,0.0,0.0,129,0.5,1.129,0.0,0
630,644,217271.0,2.0,1,2,0,2,0,12.602726218097448,1.0,217.271,4,2.0,2,2,0,0,False,False,12.128789450213116,11.537482357105375,13.981495890930844,0.0,True,1,0,2,2,0,0,2,True,1,1,1,8.827326147479111,11.188097272073763,9.39673911629421,11.886699992314504,10.303034248321037,13.006645756699852,12.26475949609462,4.906776611532062,7.84226298635131,5.99082615591021,7.140550773569763,644,0.0,0.0,129,0.5,1.129,4.0,1
631,644,88298.0,4.0,3,1,1,2,0,3.3701526717557253,1.0,88.298,3,3.0,1,1,3,0,False,False,11.89585725498643,11.5773835316399,14.059338171452712,0.0,False,0,0,4,1,0,3,4,False,72,1,72,8.827326147479111,11.188097272073763,9.39673911629421,11.886699992314504,10.303034248321037,13.006645756699852,12.26475949609462,4.906776611532062,7.84226298635131,5.99082615591021,7.140550773569763,644,0.0,0.0,129,0.5,1.129,0.0,0
632,644,18013.0,1.0,6,1,0,1,0,1.4116771159874608,1.0,18.013,1,1.0,1,1,0,0,False,False,11.573377864493434,11.470225067927023,14.077213965506774,0.0,False,0,0,1,1,0,0,1,False,1,1,1,8.827326147479111,11.188097272073763,9.39673911629421,11.886699992314504,10.303034248321037,13.006645756699852,12.26475949609462,4.906776611532062,7.84226298635131,5.99082615591021,7.140550773569763,644,0.0,0.0,129,0.5,1.129,0.0,0
633,644,138333.0,3.0,3,1,2,8,0,6.368922651933701,1.0,138.333,4,1.0,3,3,0,0,False,False,12.182111321587556,11.526732075591134,13.996209623498077,0.0,False,0,0,2,2,0,0,2,False,1,1,1,8.827326147479111,11.188097272073763,9.39673911629421,11.886699992314504,10.303034248321037,13.006645756699852,12.26475949609462,4.906776611532062,7.84226298635131,5.99082615591021,7.140550773569763,644,0.0,0.0,129,0.5,1.129,0.0,0
634,644,31905.0,2.0,1,2,0,9,0,1.850638051044084,1.0,31.905,2,2.0,2,2,0,1,False,False,11.764162828281313,11.536289964083457,14.072927032373304,0.0,False,0,0,2,2,0,0,2,False,1,1,1,8.827326147479111,11.188097272073763,9.39673911629421,11.886699992314504,10.303034248321037,13.006645756699852,12.26475949609462,4.906776611532062,7.84226298635131,5.99082615591021,7.140550773569763,644,0.0,0.0,129,0.5,1.129,0.0,0
635,644,36496.0,4.0,1,2,1,4,0,1.3929770992366413,1.0,36.496,2,3.0,2,2,2,1,False,False,11.764162828281313,11.536289964083457,14.072927032373304,0.0,False,1,0,3,1,0,2,3,True,39,39,39,8.827326147479111,11.188097272073763,9.39673911629421,11.886699992314504,10.303034248321037,13.006645756699852,12.26475949609462,4.906776611532062,7.84226298635131,5.99082615591021,7.140550773569763,644,0.0,0.0,129,0.5,1.129,15.0,1
636,644,52680.0,3.0,3,3,1,2,0,2.425414364640884,1.0,52.68,2,2.0,3,3,0,1,False,False,11.764162828281313,11.536289964083457,14.072927032373306,0.0,False,0,0,3,3,0,0,3,False,1,1,1,8.827326147479111,11.188097272073763,9.39673911629421,11.886699992314504,10.303034248321037,13.006645756699852,12.26475949609462,4.906776611532062,7.84226298635131,5.99082615591021,7.140550773569763,644,0.0,0.0,129,0.5,1.129,0.0,0
637,644,236717.0,3.0,1,4,1,2,0,10.898572744014732,1.0,236.717,4,2.0,3,3,0,1,False,False,12.128789450213114,11.537482357105375,13.981495890930844,0.0,False,0,0,2,2,0,0,2,False,1,1,1,8.827326147479111,11.188097272073763,9.39673911629421,11.886699992314504,10.303034248321037,13.006645756699852,12.26475949609462,4.906776611532062,7.84226298635131,5.99082615591021,7.140550773569763,644,0.0,0.0,129,0.5,1.129,0.0,0
638,644,230391.0,4.0,1,4,2,2,0,8.793549618320611,1.0,230.391,4,2.0,3,2,2,0,False,False,12.128789450213116,11.537482357105375,13.981495890930844,0.0,True,0,0,4,2,0,2,4,False,1,1,1,8.827326147479111,11.188097272073763,9.39673911629421,11.886699992314504,10.303034248321037,13.006645756699852,12.26475949609462,4.906776611532062,7.84226298635131,5.99082615591021,7.140550773569763,644,0.0,0.0,129,0.5,1.129,0.0,0
639,644,57511.0,2.0,1,1,1,6,0,3.335904872389792,1.0,57.511,2,1.0,2,2,0,0,False,False,11.841591812970504,11.504191400078543,14.170162424260502,0.0,False,0,0,2,2,0,0,2,False,1,1,1,8.827326147479111,11.188097272073763,9.39673911629421,11.886699992314504,10.303034248321037,13.006645756699852,12.26475949609462,4.906776611532062,7.84226298635131,5.99082615591021,7.140550773569763,644,0.0,0.0,129,0.5,1.129,0.0,0
640,644,99722.0,5.0,1,2,2,3,0,3.250391134289439,1.0,99.722,3,3.0,3,2,3,0,False,False,11.992605264046006,11.52801425523978,14.116792707932271,0.0,True,0,0,5,2,0,3,5,False,30,26,30,8.827326147479111,11.188097272073763,9.39673911629421,11.886699992314504,10.303034248321037,13.006645756699852,12.26475949609462,4.906776611532062,7.84226298635131,5.99082615591021,7.140550773569763,644,0.0,0.0,129,0.5,1.129,0.0,0
641,644,99722.0,5.0,1,2,2,3,0,3.250391134289439,1.0,99.722,3,3.0,3,2,3,0,True,False,11.992605264046006,11.52801425523978,14.116792707932271,0.0,False,0,0,5,2,0,3,5,False,16,30,16,8.827326147479111,11.188097272073763,9.39673911629421,11.886699992314504,10.303034248321037,13.006645756699852,12.26475949609462,4.906776611532062,7.84226298635131,5.99082615591021,7.140550773569763,644,0.0,0.0,129,0.5,1.129,0.0,0
642,644,46461.0,1.0,6,1,1,7,0,3.641144200626959,1.0,46.461,2,0.0,1,1,0,0,False,False,11.841591812970504,11.504191400078543,14.170162424260502,0.0,False,0,0,1,1,0,0,1,False,1,1,1,8.827326147479111,11.188097272073763,9.39673911629421,11.886699992314504,10.303034248321037,13.006645756699852,12.26475949609462,4.906776611532062,7.84226298635131,5.99082615591021,7.140550773569763,644,0.0,0.0,129,0.5,1.129,0.0,0
643,644,90656.0,2.0,1,2,1,2,0,5.258468677494199,1.0,90.656,3,1.0,2,2,0,0,False,False,11.992605264046006,11.52801425523978,14.116792707932277,0.0,True,0,0,1,1,0,0,1,False,1,1,1,8.827326147479111,11.188097272073763,9.39673911629421,11.886699992314504,10.303034248321037,13.006645756699852,12.26475949609462,4.906776611532062,7.84226298635131,5.99082615591021,7.140550773569763,644,0.0,0.0,129,0.5,1.129,0.0,0
644,644,248811.0,2.0,5,2,2,2,0,14.432192575406033,1.0,248.811,4,0.0,2,2,0,0,False,False,12.128789450213116,11.537482357105375,13.981495890930844,0.0,True,0,0,2,2,0,0,2,False,1,1,1,8.827326147479111,11.188097272073763,9.39673911629421,11.886699992314504,10.303034248321037,13.006645756699852,12.26475949609462,4.906776611532062,7.84226298635131,5.99082615591021,7.140550773569763,644,0.0,0.0,129,0.5,1.129,0.0,0
645,644,80783.0,2.0,1,4,1,2,0,4.685788863109049,1.0,80.783,3,1.0,2,2,0,1,False,False,11.992605264046006,11.52801425523978,14.116792707932277,0.0,True,0,0,1,1,0,0,1,False,1,1,1,8.827326147479111,11.188097272073763,9.39673911629421,11.886699992314504,10.303034248321037,13.006645756699852,12.26475949609462,4.906776611532062,7.84226298635131,5.99082615591021,7.140550773569763,644,0.0,0.0,129,0.5,1.129,0.0,0
647,644,491160.0,3.0,1,2,1,2,0,22.613259668508288,1.0,491.16,4,2.0,3,3,0,2,False,False,12.128789450213114,11.537482357105375,13.981495890930844,0.0,True,0,0,1,1,0,0,1,False,1,1,1,8.827326147479111,11.188097272073763,9.39673911629421,11.886699992314504,10.303034248321037,13.006645756699852,12.26475949609462,4.906776611532062,7.84226298635131,5.99082615591021,7.140550773569763,644,0.0,0.0,129,0.5,1.129,0.0,0
648,644,129468.0,4.0,1,2,2,2,0,4.941526717557252,1.0,129.468,4,2.0,2,2,2,0,False,False,12.128789450213116,11.537482357105375,13.981495890930844,0.0,True,0,0,4,2,1,2,3,False,30,30,7,8.827326147479111,11.188097272073763,9.39673911629421,11.886699992314504,10.303034248321037,13.006645756699852,12.26475949609462,4.906776611532062,7.84226298635131,5.99082615591021,7.140550773569763,644,0.0,0.0,129,0.5,1.129,0.0,0
649,736,55098.0,2.0,1,2,0,1,0,3.195939675174014,1.0,55.098,2,2.0,2,2,0,2,False,False,11.74139371292636,11.46095743827031,16.315482367719344,0.0,True,1,0,2,2,0,0,2,True,1,1,1,8.554414170492597,11.03114366956319,9.241959116124946,11.790903592141722,11.036907259851294,13.70313722436909,12.948983774379254,1.4966322809553738,4.229847893999977,4.981172418210583,7.74749412144155,736,0.0,10.0,35,0.117,0.223,1.0,1
650,736,38380.0,2.0,1,4,0,2,0,2.226218097447796,1.0,38.38,2,2.0,2,2,0,1,False,False,11.74139371292636,11.46095743827031,16.315482367719344,0.0,False,1,0,2,2,0,0,2,True,1,1,1,8.554414170492597,11.03114366956319,9.241959116124946,11.790903592141722,11.036907259851294,13.70313722436909,12.948983774379254,1.4966322809553738,4.229847893999977,4.981172418210583,7.74749412144155,736,0.0,10.0,35,0.117,0.223,1.0,1
651,736,54061.0,2.0,1,2,1,6,0,3.135788863109049,1.0,54.061,2,1.0,2,2,0,1,False,False,11.74139371292636,11.46095743827031,16.315482367719344,0.0,False,0,0,2,2,0,0,2,False,1,1,1,8.554414170492597,11.03114366956319,9.241959116124946,11.790903592141722,11.036907259851294,13.70313722436909,12.948983774379254,1.4966322809553738,4.229847893999977,4.981172418210583,7.74749412144155,736,0.0,10.0,35,0.117,0.223,0.0,0
652,736,58020.0,2.0,5,2,2,6,0,3.365429234338748,1.0,58.02,2,0.0,2,2,0,0,False,False,11.74139371292636,11.46095743827031,16.315482367719344,0.0,False,0,0,2,2,0,0,2,False,1,1,1,8.554414170492597,11.03114366956319,9.241959116124946,11.790903592141722,11.036907259851294,13.70313722436909,12.948983774379254,1.4966322809553738,4.229847893999977,4.981172418210583,7.74749412144155,736,0.0,10.0,35,0.117,0.223,0.0,0
653,821,121818.0,2.0,1,3,1,2,0,7.06600928074246,1.0,121.818,4,1.0,2,2,0,1,False,False,11.935821626095862,11.755834157891528,17.14454160695284,0.0,True,0,0,1,1,0,0,1,False,1,1,1,8.549026026108695,11.030657441344797,9.302212152023513,11.846577502020018,11.03861978727801,13.718730520861564,12.960851098859132,1.4862795081589024,4.190313792009211,5.264927454500617,7.956886205094517,821,0.0,10.0,36,0.144,0.311,0.0,0
654,821,59875.0,1.0,6,1,0,5,0,4.692398119122257,1.0,59.875,2,1.0,1,1,0,0,False,False,11.626336999370436,11.474562592168695,17.13671955026946,0.0,False,0,0,1,1,0,0,1,False,1,1,1,8.549026026108695,11.030657441344797,9.302212152023513,11.846577502020018,11.03861978727801,13.718730520861564,12.960851098859132,1.4862795081589024,4.190313792009211,5.264927454500617,7.956886205094517,821,0.0,10.0,36,0.144,0.311,0.0,0
655,821,126564.0,2.0,1,2,2,2,0,7.341299303944315,1.0,126.564,4,0.0,2,2,0,0,False,False,11.935821626095862,11.755834157891528,17.14454160695284,0.0,True,0,0,1,1,0,0,1,False,1,1,1,8.549026026108695,11.030657441344797,9.302212152023513,11.846577502020018,11.03861978727801,13.718730520861564,12.960851098859132,1.4862795081589024,4.190313792009211,5.264927454500617,7.956886205094517,821,0.0,10.0,36,0.144,0.311,0.0,0
656,821,38334.0,2.0,2,2,2,7,0,2.223549883990719,1.0,38.334,2,0.0,2,2,0,0,False,False,11.63883632095369,11.823950465760356,16.42963258314655,0.0,False,0,0,2,2,0,0,2,False,1,1,1,8.549026026108695,11.030657441344797,9.302212152023513,11.846577502020018,11.03861978727801,13.718730520861564,12.960851098859132,1.4862795081589024,4.190313792009211,5.264927454500617,7.956886205094517,821,0.0,10.0,36,0.144,0.311,0.0,0
658,821,40647.0,1.0,6,1,0,3,0,3.185501567398119,1.0,40.647,2,1.0,1,1,0,0,False,False,11.626336999370436,11.474562592168695,17.13671955026946,0.0,False,0,0,1,1,0,0,1,False,1,1,1,8.549026026108695,11.030657441344797,9.302212152023513,11.846577502020018,11.03861978727801,13.718730520861564,12.960851098859132,1.4862795081589024,4.190313792009211,5.264927454500617,7.956886205094517,821,0.0,10.0,36,0.144,0.311,0.0,0
659,821,28842.0,1.0,6,0,0,9,0,2.260344827586207,1.0,28.842,1,1.0,1,1,0,0,False,False,12.085240990272151,12.91645599780064,16.98934713104334,0.0,False,0,0,1,1,0,0,1,False,1,1,1,8.549026026108695,11.030657441344797,9.302212152023513,11.846577502020018,11.03861978727801,13.718730520861564,12.960851098859132,1.4862795081589024,4.190313792009211,5.264927454500617,7.956886205094517,821,0.0,10.0,36,0.144,0.311,0.0,0
660,821,212969.0,2.0,1,2,2,2,0,12.353190255220415,1.0,212.969,4,0.0,2,2,0,0,False,False,11.935821626095862,11.755834157891528,17.14454160695284,0.0,True,0,0,2,2,0,0,2,False,1,1,1,8.549026026108695,11.030657441344797,9.302212152023513,11.846577502020018,11.03861978727801,13.718730520861564,12.960851098859132,1.4862795081589024,4.190313792009211,5.264927454500617,7.956886205094517,821,0.0,10.0,36,0.144,0.311,0.0,0
662,821,111844.0,2.0,5,2,2,6,0,6.487470997679814,1.0,111.844,4,0.0,2,2,0,0,False,False,11.935821626095862,11.755834157891528,17.14454160695284,0.0,True,0,0,2,2,0,0,2,False,1,1,1,8.549026026108695,11.030657441344797,9.302212152023513,11.846577502020018,11.03861978727801,13.718730520861564,12.960851098859132,1.4862795081589024,4.190313792009211,5.264927454500617,7.956886205094517,821,0.0,10.0,36,0.144,0.311,0.0,0
663,821,16482.0,1.0,4,1,0,1,0,1.291692789968652,1.0,16.482,1,1.0,1,1,0,0,False,False,11.307195901382034,11.250629832467126,16.390224281808294,0.0,False,0,0,1,1,0,0,1,False,1,1,1,8.549026026108695,11.030657441344797,9.302212152023513,11.846577502020018,11.03861978727801,13.718730520861564,12.960851098859132,1.4862795081589024,4.190313792009211,5.264927454500617,7.956886205094517,821,0.0,10.0,36,0.144,0.311,0.0,0
664,821,276666.0,2.0,1,1,2,2,0,16.047911832946635,1.0,276.666,4,0.0,2,2,0,0,False,False,11.868473675991702,11.292464330144004,16.713076625910436,0.0,False,0,0,2,2,0,0,2,False,1,1,1,8.549026026108695,11.030657441344797,9.302212152023513,11.846577502020018,11.03861978727801,13.718730520861564,12.960851098859132,1.4862795081589024,4.190313792009211,5.264927454500617,7.956886205094517,821,0.0,10.0,36,0.144,0.311,0.0,0
665,821,41206.0,1.0,6,1,1,5,0,3.2293103448275864,1.0,41.206,2,0.0,1,1,0,0,False,False,11.626336999370436,11.474562592168695,17.13671955026946,0.0,False,0,0,1,1,0,0,1,False,1,1,1,8.549026026108695,11.030657441344797,9.302212152023513,11.846577502020018,11.03861978727801,13.718730520861564,12.960851098859132,1.4862795081589024,4.190313792009211,5.264927454500617,7.956886205094517,821,0.0,10.0,36,0.144,0.311,0.0,0
666,821,149529.0,2.0,1,2,2,2,0,8.673375870069606,1.0,149.529,4,0.0,2,2,0,0,False,False,11.935821626095862,11.755834157891528,17.14454160695284,0.0,False,1,0,2,2,0,0,2,True,1,1,1,8.549026026108695,11.030657441344797,9.302212152023513,11.846577502020018,11.03861978727801,13.718730520861564,12.960851098859132,1.4862795081589024,4.190313792009211,5.264927454500617,7.956886205094517,821,0.0,10.0,36,0.144,0.311,1.0,1
667,821,136449.0,3.0,2,2,2,2,0,6.282182320441989,1.0,136.449,4,1.0,3,3,0,0,False,False,11.935821626095864,11.755834157891528,17.14454160695284,0.0,True,0,0,3,3,0,0,3,False,1,1,1,8.549026026108695,11.030657441344797,9.302212152023513,11.846577502020018,11.03861978727801,13.718730520861564,12.960851098859132,1.4862795081589024,4.190313792009211,5.264927454500617,7.956886205094517,821,0.0,10.0,36,0.144,0.311,0.0,0
668,821,0.0,6.0,3,2,0,2,0,0.0,1.0,0.0,1,6.0,1,1,5,1,False,False,11.418051310016502,11.342624798888016,17.02225530819238,0.0,False,0,3,4,0,2,4,2,False,1,1,1,8.549026026108695,11.030657441344797,9.302212152023513,11.846577502020018,11.03861978727801,13.718730520861564,12.960851098859132,1.4862795081589024,4.190313792009211,5.264927454500617,7.956886205094517,821,0.0,10.0,36,0.144,0.311,0.0,0
669,821,171886.0,1.0,4,3,1,2,0,13.470689655172414,1.0,171.886,4,0.0,1,1,0,0,False,False,11.935821626095862,11.755834157891528,17.14454160695284,0.0,False,0,0,1,1,0,0,1,False,1,1,1,8.549026026108695,11.030657441344797,9.302212152023513,11.846577502020018,11.03861978727801,13.718730520861564,12.960851098859132,1.4862795081589024,4.190313792009211,5.264927454500617,7.956886205094517,821,0.0,10.0,36,0.144,0.311,0.0,0
670,821,87591.0,3.0,7,2,2,1,0,4.0327348066298345,1.0,87.591,3,1.0,3,3,0,0,False,False,11.824527271852274,11.380588566055806,16.257857021501206,0.0,False,0,0,3,3,0,0,3,False,1,1,1,8.549026026108695,11.030657441344797,9.302212152023513,11.846577502020018,11.03861978727801,13.718730520861564,12.960851098859132,1.4862795081589024,4.190313792009211,5.264927454500617,7.956886205094517,821,0.0,10.0,36,0.144,0.311,0.0,0
671,821,103603.0,2.0,1,2,2,2,0,6.00945475638051,1.0,103.603,4,0.0,2,2,0,0,False,False,11.935821626095862,11.755834157891528,17.14454160695284,0.0,False,0,0,2,2,0,0,2,False,1,1,1,8.549026026108695,11.030657441344797,9.302212152023513,11.846577502020018,11.03861978727801,13.718730520861564,12.960851098859132,1.4862795081589024,4.190313792009211,5.264927454500617,7.956886205094517,821,0.0,10.0,36,0.144,0.311,0.0,0
672,821,164482.0,2.0,1,2,2,2,0,9.540719257540603,1.0,164.482,4,0.0,2,2,0,0,False,False,11.935821626095862,11.755834157891528,17.14454160695284,0.0,False,1,0,2,2,0,0,2,True,1,1,1,8.549026026108695,11.030657441344797,9.302212152023513,11.846577502020018,11.03861978727801,13.718730520861564,12.960851098859132,1.4862795081589024,4.190313792009211,5.264927454500617,7.956886205094517,821,0.0,10.0,36,0.144,0.311,7.0,1
673,821,135255.0,3.0,1,2,1,1,0,6.227209944751381,1.0,135.255,4,2.0,3,3,0,0,False,False,11.935821626095864,11.755834157891528,17.14454160695284,0.0,False,0,0,2,2,0,0,2,False,1,1,1,8.549026026108695,11.030657441344797,9.302212152023513,11.846577502020018,11.03861978727801,13.718730520861564,12.960851098859132,1.4862795081589024,4.190313792009211,5.264927454500617,7.956886205094517,821,0.0,10.0,36,0.144,0.311,0.0,0
675,821,110422.0,1.0,4,2,1,5,0,8.653761755485894,1.0,110.422,4,0.0,1,1,0,0,False,False,11.935821626095862,11.755834157891528,17.14454160695284,0.0,False,0,0,1,1,0,0,1,False,1,1,1,8.549026026108695,11.030657441344797,9.302212152023513,11.846577502020018,11.03861978727801,13.718730520861564,12.960851098859132,1.4862795081589024,4.190313792009211,5.264927454500617,7.956886205094517,821,0.0,10.0,36,0.144,0.311,0.0,0
676,821,44767.0,1.0,6,1,0,8,0,3.508385579937304,1.0,44.767,2,1.0,1,1,0,0,False,False,11.626336999370436,11.474562592168695,17.13671955026946,0.0,True,0,0,1,1,0,0,1,False,1,1,1,8.549026026108695,11.030657441344797,9.302212152023513,11.846577502020018,11.03861978727801,13.718730520861564,12.960851098859132,1.4862795081589024,4.190313792009211,5.264927454500617,7.956886205094517,821,0.0,10.0,36,0.144,0.311,0.0,0
677,821,86842.0,10.0,1,3,3,7,0,1.6360587792012058,1.0,86.842,3,7.0,5,4,6,1,False,False,11.824527271852274,11.380588566055806,16.257857021501206,0.0,False,0,2,8,3,1,5,7,False,1,1,1,8.549026026108695,11.030657441344797,9.302212152023513,11.846577502020018,11.03861978727801,13.718730520861564,12.960851098859132,1.4862795081589024,4.190313792009211,5.264927454500617,7.956886205094517,821,0.0,10.0,36,0.144,0.311,0.0,0
678,821,28756.0,1.0,6,1,1,2,0,2.253605015673981,1.0,28.756,1,0.0,1,1,0,0,False,False,11.307195901382034,11.250629832467126,16.390224281808294,0.0,False,0,0,1,1,0,0,1,False,1,1,1,8.549026026108695,11.030657441344797,9.302212152023513,11.846577502020018,11.03861978727801,13.718730520861564,12.960851098859132,1.4862795081589024,4.190313792009211,5.264927454500617,7.956886205094517,821,0.0,10.0,36,0.144,0.311,0.0,0
679,821,67863.0,2.0,1,1,1,5,0,3.936368909512761,1.0,67.863,3,1.0,2,2,0,1,False,False,11.616210929801866,11.14700624188519,17.03976722882419,0.0,False,0,0,1,1,0,0,1,False,1,1,1,8.549026026108695,11.030657441344797,9.302212152023513,11.846577502020018,11.03861978727801,13.718730520861564,12.960851098859132,1.4862795081589024,4.190313792009211,5.264927454500617,7.956886205094517,821,0.0,10.0,36,0.144,0.311,0.0,0
680,821,64068.0,3.0,1,0,1,2,0,2.949723756906077,1.0,64.068,3,2.0,3,3,0,0,False,False,13.072466212157195,12.891353503334487,17.240015467979365,0.0,False,0,0,1,1,0,0,1,False,1,1,1,8.549026026108695,11.030657441344797,9.302212152023513,11.846577502020018,11.03861978727801,13.718730520861564,12.960851098859132,1.4862795081589024,4.190313792009211,5.264927454500617,7.956886205094517,821,0.0,10.0,36,0.144,0.311,0.0,0
681,821,91443.0,2.0,1,2,0,2,0,5.304118329466357,1.0,91.443,3,2.0,2,2,0,0,False,False,11.824527271852274,11.380588566055806,16.257857021501206,0.0,False,1,0,2,2,0,0,2,True,1,1,1,8.549026026108695,11.030657441344797,9.302212152023513,11.846577502020018,11.03861978727801,13.718730520861564,12.960851098859132,1.4862795081589024,4.190313792009211,5.264927454500617,7.956886205094517,821,0.0,10.0,36,0.144,0.311,4.0,1
682,821,58020.0,2.0,5,1,2,6,0,3.365429234338748,1.0,58.02,2,0.0,2,2,0,0,False,False,11.626336999370436,11.474562592168695,17.13671955026946,0.0,False,0,0,2,2,0,0,2,False,1,1,1,8.549026026108695,11.030657441344797,9.302212152023513,11.846577502020018,11.03861978727801,13.718730520861564,12.960851098859132,1.4862795081589024,4.190313792009211,5.264927454500617,7.956886205094517,821,0.0,10.0,36,0.144,0.311,0.0,0
683,821,13825.0,1.0,4,0,0,9,0,1.08346394984326,1.0,13.825,1,1.0,1,1,0,1,False,False,12.085240990272151,12.91645599780064,16.98934713104334,0.0,False,0,0,1,1,0,0,1,False,1,1,1,8.549026026108695,11.030657441344797,9.302212152023513,11.846577502020018,11.03861978727801,13.718730520861564,12.960851098859132,1.4862795081589024,4.190313792009211,5.264927454500617,7.956886205094517,821,0.0,10.0,36,0.144,0.311,0.0,0
684,821,266982.0,2.0,1,2,1,2,0,15.486194895591648,1.0,266.982,4,1.0,2,2,0,1,False,False,11.935821626095862,11.755834157891528,17.14454160695284,0.0,False,0,0,2,2,0,0,2,False,1,1,1,8.549026026108695,11.030657441344797,9.302212152023513,11.846577502020018,11.03861978727801,13.718730520861564,12.960851098859132,1.4862795081589024,4.190313792009211,5.264927454500617,7.956886205094517,821,0.0,10.0,36,0.144,0.311,0.0,0
687,821,46461.0,1.0,6,0,1,7,0,3.641144200626959,1.0,46.461,2,0.0,1,1,0,0,False,False,12.69893517875064,12.817485122054723,17.15988721970732,0.0,False,0,0,1,1,0,0,1,False,1,1,1,8.549026026108695,11.030657441344797,9.302212152023513,11.846577502020018,11.03861978727801,13.718730520861564,12.960851098859132,1.4862795081589024,4.190313792009211,5.264927454500617,7.956886205094517,821,0.0,10.0,36,0.144,0.311,0.0,0
688,821,28330.0,1.0,4,1,1,3,0,2.220219435736677,1.0,28.33,1,0.0,1,1,0,0,False,False,11.307195901382034,11.250629832467126,16.390224281808294,0.0,False,0,0,1,1,0,0,1,False,1,1,1,8.549026026108695,11.030657441344797,9.302212152023513,11.846577502020018,11.03861978727801,13.718730520861564,12.960851098859132,1.4862795081589024,4.190313792009211,5.264927454500617,7.956886205094517,821,0.0,10.0,36,0.144,0.311,0.0,0
689,821,13485.0,1.0,6,1,0,2,0,1.056818181818182,1.0,13.485,1,1.0,1,1,0,0,False,False,11.307195901382034,11.250629832467126,16.390224281808294,0.0,False,0,0,1,1,0,0,1,False,1,1,1,8.549026026108695,11.030657441344797,9.302212152023513,11.846577502020018,11.03861978727801,13.718730520861564,12.960851098859132,1.4862795081589024,4.190313792009211,5.264927454500617,7.956886205094517,821,0.0,10.0,36,0.144,0.311,0.0,0
690,821,23117.0,1.0,6,1,0,6,0,1.8116771159874607,1.0,23.117,1,1.0,1,1,0,0,False,False,11.307195901382034,11.250629832467126,16.390224281808294,0.0,True,0,0,1,1,0,0,1,False,1,1,1,8.549026026108695,11.030657441344797,9.302212152023513,11.846577502020018,11.03861978727801,13.718730520861564,12.960851098859132,1.4862795081589024,4.190313792009211,5.264927454500617,7.956886205094517,821,0.0,10.0,36,0.144,0.311,0.0,0
691,821,90656.0,2.0,1,1,1,2,0,5.258468677494199,1.0,90.656,3,1.0,2,2,0,0,False,False,11.616210929801866,11.14700624188519,17.03976722882419,0.0,False,0,0,2,2,0,0,2,False,1,1,1,8.549026026108695,11.030657441344797,9.302212152023513,11.846577502020018,11.03861978727801,13.718730520861564,12.960851098859132,1.4862795081589024,4.190313792009211,5.264927454500617,7.956886205094517,821,0.0,10.0,36,0.144,0.311,0.0,0
692,821,46315.0,1.0,6,1,1,9,0,3.629702194357367,1.0,46.315,2,0.0,1,1,0,0,False,False,11.626336999370436,11.474562592168695,17.13671955026946,0.0,False,0,0,1,1,0,0,1,False,1,1,1,8.549026026108695,11.030657441344797,9.302212152023513,11.846577502020018,11.03861978727801,13.718730520861564,12.960851098859132,1.4862795081589024,4.190313792009211,5.264927454500617,7.956886205094517,821,0.0,10.0,36,0.144,0.311,0.0,0
693,821,74320.0,2.0,1,2,2,3,0,4.310904872389791,1.0,74.32,3,0.0,2,2,0,0,False,False,11.824527271852274,11.380588566055806,16.257857021501206,0.0,False,0,0,2,2,0,0,2,False,1,1,1,8.549026026108695,11.030657441344797,9.302212152023513,11.846577502020018,11.03861978727801,13.718730520861564,12.960851098859132,1.4862795081589024,4.190313792009211,5.264927454500617,7.956886205094517,821,0.0,10.0,36,0.144,0.311,0.0,0
694,821,25851.0,1.0,6,1,1,7,0,2.025940438871473,1.0,25.851,1,0.0,1,1,0,0,True,False,11.307195901382034,11.250629832467126,16.390224281808294,0.0,False,0,0,1,1,0,0,1,False,1,1,1,8.549026026108695,11.030657441344797,9.302212152023513,11.846577502020018,11.03861978727801,13.718730520861564,12.960851098859132,1.4862795081589024,4.190313792009211,5.264927454500617,7.956886205094517,821,0.0,10.0,36,0.144,0.311,0.0,0
695,821,86168.0,2.0,1,1,1,2,0,4.998143851508121,1.0,86.168,3,1.0,2,2,0,1,False,False,11.616210929801866,11.14700624188519,17.03976722882419,0.0,True,1,0,2,2,0,0,2,True,1,1,1,8.549026026108695,11.030657441344797,9.302212152023513,11.846577502020018,11.03861978727801,13.718730520861564,12.960851098859132,1.4862795081589024,4.190313792009211,5.264927454500617,7.956886205094517,821,0.0,10.0,36,0.144,0.311,1.0,1
696,821,46746.0,6.0,1,1,2,4,0,1.3295221843003413,1.0,46.746,2,4.0,2,2,4,0,False,False,11.626336999370436,11.474562592168695,17.13671955026946,0.0,False,1,4,6,2,3,4,3,True,1,1,1,8.549026026108695,11.030657441344797,9.302212152023513,11.846577502020018,11.03861978727801,13.718730520861564,12.960851098859132,1.4862795081589024,4.190313792009211,5.264927454500617,7.956886205094517,821,0.0,10.0,36,0.144,0.311,15.0,1
697,821,65057.0,3.0,5,1,2,6,0,2.995257826887661,1.0,65.057,3,1.0,3,3,0,0,False,False,11.616210929801866,11.147006241885189,17.03976722882419,0.0,False,0,0,3,3,0,0,3,False,1,1,1,8.549026026108695,11.030657441344797,9.302212152023513,11.846577502020018,11.03861978727801,13.718730520861564,12.960851098859132,1.4862795081589024,4.190313792009211,5.264927454500617,7.956886205094517,821,0.0,10.0,36,0.144,0.311,0.0,0
698,822,56844.0,1.0,6,1,0,3,0,4.454858934169279,1.0,56.844,2,1.0,1,1,0,0,False,False,11.626336999370436,11.474562592168695,17.13671955026946,0.0,False,0,0,1,1,0,0,1,False,1,1,1,8.549026026108695,11.030657441344797,9.302212152023513,11.846577502020018,11.02961993255158,13.709730530820876,12.95185112010978,1.4827992391145828,4.185882080113526,5.264927454500617,7.956886205094517,822,0.0,10.0,36,0.084,0.198,0.0,0
699,822,194593.0,2.0,2,2,1,2,0,11.2872969837587,1.0,194.593,4,1.0,2,2,0,0,False,False,11.935821626095862,11.755834157891528,17.14454160695284,0.0,True,0,0,2,2,0,0,2,False,1,1,1,8.549026026108695,11.030657441344797,9.302212152023513,11.846577502020018,11.02961993255158,13.709730530820876,12.95185112010978,1.4827992391145828,4.185882080113526,5.264927454500617,7.956886205094517,822,0.0,10.0,36,0.084,0.198,0.0,0
700,822,29937.0,2.0,3,2,1,6,0,1.7364849187935034,1.0,29.937,1,1.0,2,2,0,0,False,False,11.418051310016502,11.342624798888016,17.02225530819238,0.0,False,0,0,2,2,0,0,2,False,1,1,1,8.549026026108695,11.030657441344797,9.302212152023513,11.846577502020018,11.02961993255158,13.709730530820876,12.95185112010978,1.4827992391145828,4.185882080113526,5.264927454500617,7.956886205094517,822,0.0,10.0,36,0.084,0.198,0.0,0
701,822,0.0,1.0,4,0,0,10,0,0.0,1.0,0.0,1,1.0,1,1,0,1,False,False,12.085240990272151,12.91645599780064,16.98934713104334,0.0,False,0,0,1,1,0,0,1,False,1,1,1,8.549026026108695,11.030657441344797,9.302212152023513,11.846577502020018,11.02961993255158,13.709730530820876,12.95185112010978,1.4827992391145828,4.185882080113526,5.264927454500617,7.956886205094517,822,0.0,10.0,36,0.084,0.198,0.0,0
702,822,41206.0,1.0,6,1,1,5,0,3.2293103448275864,1.0,41.206,2,0.0,1,1,0,0,False,False,11.626336999370436,11.474562592168695,17.13671955026946,0.0,False,0,0,1,1,0,0,1,False,1,1,1,8.549026026108695,11.030657441344797,9.302212152023513,11.846577502020018,11.02961993255158,13.709730530820876,12.95185112010978,1.4827992391145828,4.185882080113526,5.264927454500617,7.956886205094517,822,0.0,10.0,36,0.084,0.198,0.0,0
703,822,201554.0,8.0,1,1,2,2,0,4.568313689936537,1.0,201.554,4,6.0,8,8,0,4,True,False,11.868473675991702,11.292464330144004,16.713076625910436,0.0,False,1,0,8,8,0,0,8,True,1,1,1,8.549026026108695,11.030657441344797,9.302212152023513,11.846577502020018,11.02961993255158,13.709730530820876,12.95185112010978,1.4827992391145828,4.185882080113526,5.264927454500617,7.956886205094517,822,0.0,10.0,36,0.084,0.198,1.0,1
704,822,108312.0,1.0,6,2,1,6,0,8.488401253918495,1.0,108.312,4,0.0,1,1,0,0,False,False,11.935821626095862,11.755834157891528,17.14454160695284,0.0,False,0,0,1,1,0,0,1,False,1,1,1,8.549026026108695,11.030657441344797,9.302212152023513,11.846577502020018,11.02961993255158,13.709730530820876,12.95185112010978,1.4827992391145828,4.185882080113526,5.264927454500617,7.956886205094517,822,0.0,10.0,36,0.084,0.198,0.0,0
705,822,111844.0,2.0,3,1,2,3,0,6.487470997679814,1.0,111.844,4,0.0,2,2,0,0,False,False,11.868473675991702,11.292464330144004,16.713076625910436,0.0,True,1,0,2,2,0,0,2,True,1,1,1,8.549026026108695,11.030657441344797,9.302212152023513,11.846577502020018,11.02961993255158,13.709730530820876,12.95185112010978,1.4827992391145828,4.185882080113526,5.264927454500617,7.956886205094517,822,0.0,10.0,36,0.084,0.198,10.0,1
706,822,40735.0,1.0,6,1,0,6,0,3.192398119122257,1.0,40.735,2,1.0,1,1,0,0,False,False,11.626336999370436,11.474562592168695,17.13671955026946,0.0,False,0,0,1,1,0,0,1,False,1,1,1,8.549026026108695,11.030657441344797,9.302212152023513,11.846577502020018,11.02961993255158,13.709730530820876,12.95185112010978,1.4827992391145828,4.185882080113526,5.264927454500617,7.956886205094517,822,0.0,10.0,36,0.084,0.198,0.0,0
708,822,112607.0,2.0,1,1,2,6,0,6.531728538283063,1.0,112.607,4,0.0,2,2,0,0,False,False,11.868473675991702,11.292464330144004,16.713076625910436,0.0,True,0,0,1,1,0,0,1,False,1,1,1,8.549026026108695,11.030657441344797,9.302212152023513,11.846577502020018,11.02961993255158,13.709730530820876,12.95185112010978,1.4827992391145828,4.185882080113526,5.264927454500617,7.956886205094517,822,0.0,10.0,36,0.084,0.198,0.0,0
709,822,108006.0,1.0,6,1,1,7,0,8.464420062695925,1.0,108.006,4,0.0,1,1,0,0,False,False,11.868473675991702,11.292464330144004,16.713076625910436,0.0,False,0,0,1,1,0,0,1,False,1,1,1,8.549026026108695,11.030657441344797,9.302212152023513,11.846577502020018,11.02961993255158,13.709730530820876,12.95185112010978,1.4827992391145828,4.185882080113526,5.264927454500617,7.956886205094517,822,0.0,10.0,36,0.084,0.198,0.0,0
710,822,67863.0,2.0,1,2,1,5,0,3.936368909512761,1.0,67.863,3,1.0,2,2,0,1,False,False,11.824527271852274,11.380588566055806,16.257857021501206,0.0,False,1,0,2,2,0,0,2,True,1,1,1,8.549026026108695,11.030657441344797,9.302212152023513,11.846577502020018,11.02961993255158,13.709730530820876,12.95185112010978,1.4827992391145828,4.185882080113526,5.264927454500617,7.956886205094517,822,0.0,10.0,36,0.084,0.198,4.0,1
711,822,64068.0,3.0,1,3,1,2,0,2.949723756906077,1.0,64.068,3,2.0,3,3,0,0,False,False,11.824527271852274,11.380588566055806,16.257857021501206,0.0,True,1,0,3,3,0,0,3,True,1,1,1,8.549026026108695,11.030657441344797,9.302212152023513,11.846577502020018,11.02961993255158,13.709730530820876,12.95185112010978,1.4827992391145828,4.185882080113526,5.264927454500617,7.956886205094517,822,0.0,10.0,36,0.084,0.198,13.0,1
712,822,90237.0,3.0,1,4,1,2,0,4.154558011049724,1.0,90.237,3,2.0,3,3,0,2,False,False,11.824527271852274,11.380588566055806,16.257857021501206,0.0,False,0,0,1,1,0,0,1,False,1,1,1,8.549026026108695,11.030657441344797,9.302212152023513,11.846577502020018,11.02961993255158,13.709730530820876,12.95185112010978,1.4827992391145828,4.185882080113526,5.264927454500617,7.956886205094517,822,0.0,10.0,36,0.084,0.198,0.0,0
713,822,23231.0,1.0,6,1,0,2,0,1.820611285266457,1.0,23.231,1,1.0,1,1,0,0,False,False,11.307195901382034,11.250629832467126,16.390224281808294,0.0,False,0,0,1,1,0,0,1,False,1,1,1,8.549026026108695,11.030657441344797,9.302212152023513,11.846577502020018,11.02961993255158,13.709730530820876,12.95185112010978,1.4827992391145828,4.185882080113526,5.264927454500617,7.956886205094517,822,0.0,10.0,36,0.084,0.198,0.0,0
714,822,46461.0,1.0,6,1,1,7,0,3.641144200626959,1.0,46.461,2,0.0,1,1,0,0,False,False,11.626336999370436,11.474562592168695,17.13671955026946,0.0,False,0,0,1,1,0,0,1,False,1,1,1,8.549026026108695,11.030657441344797,9.302212152023513,11.846577502020018,11.02961993255158,13.709730530820876,12.95185112010978,1.4827992391145828,4.185882080113526,5.264927454500617,7.956886205094517,822,0.0,10.0,36,0.084,0.198,0.0,0
715,822,90656.0,2.0,1,2,1,2,0,5.258468677494199,1.0,90.656,3,1.0,2,2,0,0,False,False,11.824527271852274,11.380588566055806,16.257857021501206,0.0,False,0,0,1,1,0,0,1,False,1,1,1,8.549026026108695,11.030657441344797,9.302212152023513,11.846577502020018,11.02961993255158,13.709730530820876,12.95185112010978,1.4827992391145828,4.185882080113526,5.264927454500617,7.956886205094517,822,0.0,10.0,36,0.084,0.198,0.0,0
717,822,24235.0,3.0,1,0,2,7,0,1.1157918968692448,1.0,24.235,1,1.0,3,3,0,1,False,False,12.08524099027215,12.91645599780064,16.98934713104334,0.0,False,1,0,3,3,0,0,3,True,1,1,1,8.549026026108695,11.030657441344797,9.302212152023513,11.846577502020018,11.02961993255158,13.709730530820876,12.95185112010978,1.4827992391145828,4.185882080113526,5.264927454500617,7.956886205094517,822,0.0,10.0,36,0.084,0.198,4.0,1
718,822,65057.0,3.0,5,2,2,6,0,2.995257826887661,1.0,65.057,3,1.0,3,3,0,0,False,False,11.824527271852274,11.380588566055806,16.257857021501206,0.0,False,0,0,3,3,0,0,3,False,1,1,1,8.549026026108695,11.030657441344797,9.302212152023513,11.846577502020018,11.02961993255158,13.709730530820876,12.95185112010978,1.4827992391145828,4.185882080113526,5.264927454500617,7.956886205094517,822,0.0,10.0,36,0.084,0.198,0.0,0
719,822,17018.0,1.0,6,1,0,3,0,1.3336990595611284,1.0,17.018,1,1.0,1,1,0,0,False,False,11.307195901382034,11.250629832467126,16.390224281808294,0.0,False,0,0,1,1,0,0,1,False,1,1,1,8.549026026108695,11.030657441344797,9.302212152023513,11.846577502020018,11.02961993255158,13.709730530820876,12.95185112010978,1.4827992391145828,4.185882080113526,5.264927454500617,7.956886205094517,822,0.0,10.0,36,0.084,0.198,0.0,0
720,822,117404.0,2.0,7,2,2,4,0,6.809976798143851,1.0,117.404,4,0.0,2,2,0,0,False,False,11.935821626095862,11.755834157891528,17.14454160695284,0.0,True,0,0,2,2,0,0,2,False,1,1,1,8.549026026108695,11.030657441344797,9.302212152023513,11.846577502020018,11.02961993255158,13.709730530820876,12.95185112010978,1.4827992391145828,4.185882080113526,5.264927454500617,7.956886205094517,822,0.0,10.0,36,0.084,0.198,0.0,0
721,822,43084.0,2.0,1,2,1,8,0,2.4990719257540603,1.0,43.084,2,1.0,2,2,0,0,False,False,11.63883632095369,11.823950465760356,16.42963258314655,0.0,False,0,0,2,2,0,0,2,False,1,1,1,8.549026026108695,11.030657441344797,9.302212152023513,11.846577502020018,11.02961993255158,13.709730530820876,12.95185112010978,1.4827992391145828,4.185882080113526,5.264927454500617,7.956886205094517,822,0.0,10.0,36,0.084,0.198,0.0,0
722,836,345618.0,2.0,1,3,2,2,0,20.047447795823665,1.0,345.618,4,0.0,2,2,0,0,False,False,12.098832136828891,12.02994408324286,15.49117080649354,0.0,False,1,0,2,2,0,0,2,True,1,1,1,8.898495483964135,11.304547250453526,9.43552338135913,11.96090392013016,0.0,0.0,0.0,0.0,0.0,5.082092553311152,7.403524426944653,836,0.0,10.0,70,0.153,0.784,13.0,1
724,836,133866.0,1.0,6,1,1,6,0,10.491065830721004,1.0,133.866,4,0.0,1,1,0,0,False,False,12.15147359297918,11.273722099682054,15.65230664750677,0.0,False,0,0,1,1,0,0,1,False,1,1,1,8.898495483964135,11.304547250453526,9.43552338135913,11.96090392013016,0.0,0.0,0.0,0.0,0.0,5.082092553311152,7.403524426944653,836,0.0,10.0,70,0.153,0.784,0.0,0
725,836,212969.0,2.0,1,4,2,2,0,12.353190255220415,1.0,212.969,4,0.0,2,2,0,0,False,False,12.098832136828891,12.02994408324286,15.49117080649354,0.0,True,0,0,2,2,0,0,2,False,1,1,1,8.898495483964135,11.304547250453526,9.43552338135913,11.96090392013016,0.0,0.0,0.0,0.0,0.0,5.082092553311152,7.403524426944653,836,0.0,10.0,70,0.153,0.784,0.0,0
726,836,66933.0,3.0,5,1,1,2,0,3.0816298342541435,1.0,66.933,3,2.0,3,3,0,2,False,False,11.956145206481455,11.68726768476426,14.933765805704908,0.0,False,0,0,1,1,0,0,1,False,1,1,1,8.898495483964135,11.304547250453526,9.43552338135913,11.96090392013016,0.0,0.0,0.0,0.0,0.0,5.082092553311152,7.403524426944653,836,0.0,10.0,70,0.153,0.784,0.0,0
727,836,156581.0,2.0,5,2,1,8,0,9.082424593967517,1.0,156.581,4,1.0,2,2,0,1,False,False,12.098832136828891,12.02994408324286,15.49117080649354,0.0,False,1,0,2,2,0,0,2,True,1,1,1,8.898495483964135,11.304547250453526,9.43552338135913,11.96090392013016,0.0,0.0,0.0,0.0,0.0,5.082092553311152,7.403524426944653,836,0.0,10.0,70,0.153,0.784,1.0,1
728,836,235460.0,2.0,5,3,1,2,0,13.657772621809745,1.0,235.46,4,1.0,2,2,0,1,False,False,12.098832136828891,12.02994408324286,15.49117080649354,0.0,True,0,0,2,2,0,0,2,False,1,1,1,8.898495483964135,11.304547250453526,9.43552338135913,11.96090392013016,0.0,0.0,0.0,0.0,0.0,5.082092553311152,7.403524426944653,836,0.0,10.0,70,0.153,0.784,0.0,0
729,836,52037.0,1.0,6,2,0,2,0,4.078134796238245,1.0,52.037,2,1.0,1,1,0,0,False,False,11.766329007696546,11.949547070934525,15.190665999276408,0.0,False,0,0,1,1,0,0,1,False,1,1,1,8.898495483964135,11.304547250453526,9.43552338135913,11.96090392013016,0.0,0.0,0.0,0.0,0.0,5.082092553311152,7.403524426944653,836,0.0,10.0,70,0.153,0.784,0.0,0
730,836,103603.0,1.0,6,1,1,9,0,8.11935736677116,1.0,103.603,4,0.0,1,1,0,0,False,False,12.15147359297918,11.273722099682054,15.65230664750677,0.0,False,0,0,1,1,0,0,1,False,1,1,1,8.898495483964135,11.304547250453526,9.43552338135913,11.96090392013016,0.0,0.0,0.0,0.0,0.0,5.082092553311152,7.403524426944653,836,0.0,10.0,70,0.153,0.784,0.0,0
731,836,66400.0,1.0,6,1,0,2,0,5.2037617554858935,1.0,66.4,3,1.0,1,1,0,0,False,False,11.956145206481455,11.687267684764262,14.933765805704908,0.0,False,0,0,1,1,0,0,1,False,1,1,1,8.898495483964135,11.304547250453526,9.43552338135913,11.96090392013016,0.0,0.0,0.0,0.0,0.0,5.082092553311152,7.403524426944653,836,0.0,10.0,70,0.153,0.784,0.0,0
732,836,23546.0,2.0,2,2,1,2,0,1.3657772621809745,1.0,23.546,1,1.0,2,2,0,1,False,False,11.658903166219616,11.714173923287229,15.751476887623442,0.0,False,0,0,2,2,0,0,2,False,1,1,1,8.898495483964135,11.304547250453526,9.43552338135913,11.96090392013016,0.0,0.0,0.0,0.0,0.0,5.082092553311152,7.403524426944653,836,0.0,10.0,70,0.153,0.784,0.0,0
733,836,30366.0,1.0,6,1,0,2,0,2.379780564263323,1.0,30.366,2,1.0,1,1,0,0,False,False,11.96961493626061,11.492406553198393,15.870156479094566,0.0,False,0,0,1,1,0,0,1,False,1,1,1,8.898495483964135,11.304547250453526,9.43552338135913,11.96090392013016,0.0,0.0,0.0,0.0,0.0,5.082092553311152,7.403524426944653,836,0.0,10.0,70,0.153,0.784,0.0,0
734,836,164482.0,2.0,1,2,2,2,0,9.540719257540603,1.0,164.482,4,0.0,2,2,0,0,False,False,12.098832136828891,12.02994408324286,15.49117080649354,0.0,False,0,0,2,2,0,0,2,False,1,1,1,8.898495483964135,11.304547250453526,9.43552338135913,11.96090392013016,0.0,0.0,0.0,0.0,0.0,5.082092553311152,7.403524426944653,836,0.0,10.0,70,0.153,0.784,0.0,0
735,836,110422.0,1.0,4,1,1,5,0,8.653761755485894,1.0,110.422,4,0.0,1,1,0,0,False,False,12.15147359297918,11.273722099682054,15.65230664750677,0.0,True,0,0,1,1,0,0,1,False,1,1,1,8.898495483964135,11.304547250453526,9.43552338135913,11.96090392013016,0.0,0.0,0.0,0.0,0.0,5.082092553311152,7.403524426944653,836,0.0,10.0,70,0.153,0.784,0.0,0
736,836,112607.0,2.0,1,2,2,6,0,6.531728538283063,1.0,112.607,4,0.0,2,2,0,0,False,False,12.098832136828891,12.02994408324286,15.49117080649354,0.0,False,0,0,2,2,0,0,2,False,1,1,1,8.898495483964135,11.304547250453526,9.43552338135913,11.96090392013016,0.0,0.0,0.0,0.0,0.0,5.082092553311152,7.403524426944653,836,0.0,10.0,70,0.153,0.784,0.0,0
737,836,179839.0,3.0,3,4,2,2,0,8.2798802946593,1.0,179.839,4,1.0,3,3,0,0,False,False,12.098832136828896,12.02994408324286,15.491170806493535,0.0,False,0,0,1,1,0,0,1,False,1,1,1,8.898495483964135,11.304547250453526,9.43552338135913,11.96090392013016,0.0,0.0,0.0,0.0,0.0,5.082092553311152,7.403524426944653,836,0.0,10.0,70,0.153,0.784,0.0,0
738,836,73658.0,2.0,1,3,1,9,0,4.272505800464037,1.0,73.658,3,1.0,2,2,0,1,True,False,12.039852977223603,11.854162818876008,15.102073640034163,0.0,False,0,0,2,2,0,0,2,False,1,1,1,8.898495483964135,11.304547250453526,9.43552338135913,11.96090392013016,0.0,0.0,0.0,0.0,0.0,5.082092553311152,7.403524426944653,836,0.0,10.0,70,0.153,0.784,0.0,0
740,836,23231.0,1.0,6,1,0,2,0,1.820611285266457,1.0,23.231,1,1.0,1,1,0,0,False,False,11.640650731378448,11.56318189428275,15.669746518527674,0.0,False,0,0,1,1,0,0,1,False,1,1,1,8.898495483964135,11.304547250453526,9.43552338135913,11.96090392013016,0.0,0.0,0.0,0.0,0.0,5.082092553311152,7.403524426944653,836,0.0,10.0,70,0.153,0.784,0.0,0
741,836,226640.0,2.0,1,4,1,2,0,13.146171693735498,1.0,226.64,4,1.0,2,2,0,0,False,False,12.098832136828891,12.02994408324286,15.49117080649354,0.0,True,0,0,2,2,0,0,2,False,1,1,1,8.898495483964135,11.304547250453526,9.43552338135913,11.96090392013016,0.0,0.0,0.0,0.0,0.0,5.082092553311152,7.403524426944653,836,0.0,10.0,70,0.153,0.784,0.0,0
742,836,82724.0,2.0,7,1,1,2,0,4.798375870069606,1.0,82.724,3,1.0,2,2,0,1,False,False,11.956145206481455,11.687267684764262,14.933765805704908,0.0,False,0,0,1,1,0,0,1,False,1,1,1,8.898495483964135,11.304547250453526,9.43552338135913,11.96090392013016,0.0,0.0,0.0,0.0,0.0,5.082092553311152,7.403524426944653,836,0.0,10.0,70,0.153,0.784,0.0,0
743,836,20511.0,1.0,6,1,0,3,0,1.6074451410658308,1.0,20.511,1,1.0,1,1,0,0,False,False,11.640650731378448,11.56318189428275,15.669746518527674,0.0,False,0,0,1,1,0,0,1,False,1,1,1,8.898495483964135,11.304547250453526,9.43552338135913,11.96090392013016,0.0,0.0,0.0,0.0,0.0,5.082092553311152,7.403524426944653,836,0.0,10.0,70,0.153,0.784,0.0,0
744,836,90656.0,2.0,1,2,1,2,0,5.258468677494199,1.0,90.656,3,1.0,2,2,0,0,False,False,12.039852977223603,11.854162818876008,15.102073640034163,0.0,False,0,0,2,2,0,0,2,False,1,1,1,8.898495483964135,11.304547250453526,9.43552338135913,11.96090392013016,0.0,0.0,0.0,0.0,0.0,5.082092553311152,7.403524426944653,836,0.0,10.0,70,0.153,0.784,0.0,0
745,836,90656.0,2.0,1,2,1,2,0,5.258468677494199,1.0,90.656,3,1.0,2,2,0,0,False,False,12.039852977223603,11.854162818876008,15.102073640034163,0.0,False,0,0,1,1,0,0,1,False,1,1,1,8.898495483964135,11.304547250453526,9.43552338135913,11.96090392013016,0.0,0.0,0.0,0.0,0.0,5.082092553311152,7.403524426944653,836,0.0,10.0,70,0.153,0.784,0.0,0
747,1031,231224.0,1.0,4,1,1,2,0,18.12100313479624,1.0,231.224,4,0.0,1,1,0,0,False,False,11.987330676575048,11.90124357703483,15.15039418908574,0.0,True,0,0,1,1,0,0,1,False,1,1,1,8.706072230182572,11.156001029905651,9.306186144261744,11.851493349625876,11.0498966847447,13.752159892236849,12.956607742538822,1.6008681701945515,4.416659880188705,5.084861809386473,7.571603458371696,1031,0.0,10.0,53,0.118,0.16,0.0,0
748,1031,153049.0,1.0,4,1,1,2,0,11.994435736677117,1.0,153.049,4,0.0,1,1,0,0,False,False,11.987330676575048,11.90124357703483,15.15039418908574,0.0,False,0,0,1,1,0,0,1,False,1,1,1,8.706072230182572,11.156001029905651,9.306186144261744,11.851493349625876,11.0498966847447,13.752159892236849,12.956607742538822,1.6008681701945515,4.416659880188705,5.084861809386473,7.571603458371696,1031,0.0,10.0,53,0.118,0.16,0.0,0
749,1031,77702.0,2.0,1,2,2,3,0,4.50707656612529,1.0,77.702,3,0.0,2,2,0,0,False,False,11.960628745652151,11.300714144442743,15.226525023061136,0.0,False,0,0,2,2,0,0,2,False,1,1,1,8.706072230182572,11.156001029905651,9.306186144261744,11.851493349625876,11.0498966847447,13.752159892236849,12.956607742538822,1.6008681701945515,4.416659880188705,5.084861809386473,7.571603458371696,1031,0.0,10.0,53,0.118,0.16,0.0,0
750,1031,51213.0,8.0,1,3,2,7,0,1.160766092475068,1.0,51.213,2,6.0,3,3,5,1,False,False,11.63952784469584,11.553055770705065,15.295336255315272,0.0,False,0,1,7,3,0,4,7,False,84,23,108,8.706072230182572,11.156001029905651,9.306186144261744,11.851493349625876,11.0498966847447,13.752159892236849,12.956607742538822,1.6008681701945515,4.416659880188705,5.084861809386473,7.571603458371696,1031,0.0,10.0,53,0.118,0.16,0.0,0
751,1031,0.0,6.0,3,1,0,2,0,0.0,1.0,0.0,1,6.0,1,1,5,1,False,False,11.597415840773593,12.01440647056168,15.49458203876446,0.0,False,0,2,5,1,1,4,4,False,148,69,148,8.706072230182572,11.156001029905651,9.306186144261744,11.851493349625876,11.0498966847447,13.752159892236849,12.956607742538822,1.6008681701945515,4.416659880188705,5.084861809386473,7.571603458371696,1031,0.0,10.0,53,0.118,0.16,0.0,0
752,1031,270303.0,2.0,1,1,1,6,0,15.6788283062645,1.0,270.303,4,1.0,2,2,0,1,False,False,11.987330676575048,11.90124357703483,15.15039418908574,0.0,True,0,0,1,1,0,0,1,False,1,1,1,8.706072230182572,11.156001029905651,9.306186144261744,11.851493349625876,11.0498966847447,13.752159892236849,12.956607742538822,1.6008681701945515,4.416659880188705,5.084861809386473,7.571603458371696,1031,0.0,10.0,53,0.118,0.16,0.0,0
753,1031,52910.0,3.0,1,3,2,2,0,2.4360036832412524,1.0,52.91,2,1.0,3,3,0,1,False,False,11.63952784469584,11.553055770705065,15.295336255315272,0.0,True,0,0,3,3,0,0,3,False,1,1,1,8.706072230182572,11.156001029905651,9.306186144261744,11.851493349625876,11.0498966847447,13.752159892236849,12.956607742538822,1.6008681701945515,4.416659880188705,5.084861809386473,7.571603458371696,1031,0.0,10.0,53,0.118,0.16,0.0,0
754,1031,66713.0,1.0,4,1,1,4,0,5.228291536050157,1.0,66.713,3,0.0,1,1,0,0,False,False,11.959106178644149,11.876797823560432,15.088550283355271,0.0,True,0,0,1,1,0,0,1,False,1,1,1,8.706072230182572,11.156001029905651,9.306186144261744,11.851493349625876,11.0498966847447,13.752159892236849,12.956607742538822,1.6008681701945515,4.416659880188705,5.084861809386473,7.571603458371696,1031,0.0,10.0,53,0.118,0.16,0.0,0
755,1031,115023.0,1.0,4,1,1,2,0,9.01434169278997,1.0,115.023,4,0.0,1,1,0,0,False,False,11.987330676575048,11.90124357703483,15.15039418908574,0.0,False,0,0,1,1,0,0,1,False,1,1,1,8.706072230182572,11.156001029905651,9.306186144261744,11.851493349625876,11.0498966847447,13.752159892236849,12.956607742538822,1.6008681701945515,4.416659880188705,5.084861809386473,7.571603458371696,1031,0.0,10.0,53,0.118,0.16,0.0,0
756,1031,73658.0,2.0,1,1,1,9,0,4.272505800464037,1.0,73.658,3,1.0,2,2,0,1,False,False,11.959106178644149,11.876797823560432,15.088550283355271,0.0,False,0,0,2,2,0,0,2,False,1,1,1,8.706072230182572,11.156001029905651,9.306186144261744,11.851493349625876,11.0498966847447,13.752159892236849,12.956607742538822,1.6008681701945515,4.416659880188705,5.084861809386473,7.571603458371696,1031,0.0,10.0,53,0.118,0.16,0.0,0
757,1031,112187.0,1.0,4,1,1,6,0,8.792084639498432,1.0,112.187,4,0.0,1,1,0,0,False,False,11.987330676575048,11.90124357703483,15.15039418908574,0.0,True,0,0,1,1,0,0,1,False,1,1,1,8.706072230182572,11.156001029905651,9.306186144261744,11.851493349625876,11.0498966847447,13.752159892236849,12.956607742538822,1.6008681701945515,4.416659880188705,5.084861809386473,7.571603458371696,1031,0.0,10.0,53,0.118,0.16,0.0,0
758,1031,237972.0,1.0,4,3,0,2,0,18.64984326018809,1.0,237.972,4,1.0,1,1,0,1,False,False,11.946328147124438,11.667317731824538,15.541183365585878,0.0,False,0,0,1,1,0,0,1,False,1,1,1,8.706072230182572,11.156001029905651,9.306186144261744,11.851493349625876,11.0498966847447,13.752159892236849,12.956607742538822,1.6008681701945515,4.416659880188705,5.084861809386473,7.571603458371696,1031,0.0,10.0,53,0.118,0.16,0.0,0
759,1031,24477.0,2.0,1,3,0,3,0,1.4197795823665893,1.0,24.477,1,2.0,2,2,0,2,False,False,11.43028573233309,11.690756559822294,15.964474775032569,0.0,False,0,0,2,2,0,0,2,False,1,1,1,8.706072230182572,11.156001029905651,9.306186144261744,11.851493349625876,11.0498966847447,13.752159892236849,12.956607742538822,1.6008681701945515,4.416659880188705,5.084861809386473,7.571603458371696,1031,0.0,10.0,53,0.118,0.16,0.0,0
760,1031,77552.0,3.0,3,4,1,2,0,3.570534069981584,1.0,77.552,3,2.0,3,3,0,0,False,False,11.960628745652151,11.300714144442743,15.226525023061136,0.0,True,0,0,2,2,0,0,2,False,1,1,1,8.706072230182572,11.156001029905651,9.306186144261744,11.851493349625876,11.0498966847447,13.752159892236849,12.956607742538822,1.6008681701945515,4.416659880188705,5.084861809386473,7.571603458371696,1031,0.0,10.0,53,0.118,0.16,0.0,0
761,1031,17234.0,3.0,3,1,1,7,0,0.7934622467771639,1.0,17.234,1,2.0,3,1,2,0,False,False,11.597415840773593,12.01440647056168,15.49458203876446,0.0,False,0,0,2,1,0,1,2,False,1,1,1,8.706072230182572,11.156001029905651,9.306186144261744,11.851493349625876,11.0498966847447,13.752159892236849,12.956607742538822,1.6008681701945515,4.416659880188705,5.084861809386473,7.571603458371696,1031,0.0,10.0,53,0.118,0.16,0.0,0
762,1031,75397.0,2.0,1,1,1,5,0,4.373375870069606,1.0,75.397,3,1.0,2,2,0,1,False,False,11.959106178644149,11.876797823560432,15.088550283355271,0.0,False,0,0,2,2,0,0,2,False,1,1,1,8.706072230182572,11.156001029905651,9.306186144261744,11.851493349625876,11.0498966847447,13.752159892236849,12.956607742538822,1.6008681701945515,4.416659880188705,5.084861809386473,7.571603458371696,1031,0.0,10.0,53,0.118,0.16,0.0,0
763,1031,8455.0,2.0,3,0,0,1,0,0.4904292343387471,1.0,8.455,1,2.0,2,2,0,1,False,False,12.304479756875407,13.050059517408634,15.52457806431272,0.0,False,0,0,2,2,0,0,2,False,1,1,1,8.706072230182572,11.156001029905651,9.306186144261744,11.851493349625876,11.0498966847447,13.752159892236849,12.956607742538822,1.6008681701945515,4.416659880188705,5.084861809386473,7.571603458371696,1031,0.0,10.0,53,0.118,0.16,0.0,0
764,1077,121818.0,2.0,1,2,1,2,0,7.06600928074246,1.0,121.818,4,1.0,2,2,0,1,False,False,11.762894002980794,10.972002005330346,14.719259530018334,0.0,True,0,0,1,1,0,0,1,False,1,1,1,8.576050925817531,11.055432337461443,9.222469699628943,11.781524301430624,10.183376889781046,12.897633607726052,12.12201279846481,3.124935865225901,5.475972248726641,4.2306351248666525,7.196622448152556,1077,0.0,0.0,95,0.151,0.815,0.0,0
765,1077,29207.0,1.0,4,1,0,3,0,2.288949843260188,1.0,29.207,1,1.0,1,1,0,1,False,False,11.404847174387433,11.118742808524122,14.748230701149495,0.0,True,0,0,1,1,0,0,1,False,1,1,1,8.576050925817531,11.055432337461443,9.222469699628943,11.781524301430624,10.183376889781046,12.897633607726052,12.12201279846481,3.124935865225901,5.475972248726641,4.2306351248666525,7.196622448152556,1077,0.0,0.0,95,0.151,0.815,0.0,0
766,1077,22149.0,3.0,1,3,0,2,0,1.0197513812154697,1.0,22.149,1,3.0,3,3,0,2,False,False,11.355442103844666,10.979987277600998,14.691898683657348,0.0,False,0,0,1,1,0,0,1,False,1,1,1,8.576050925817531,11.055432337461443,9.222469699628943,11.781524301430624,10.183376889781046,12.897633607726052,12.12201279846481,3.124935865225901,5.475972248726641,4.2306351248666525,7.196622448152556,1077,0.0,0.0,95,0.151,0.815,0.0,0
767,1077,180111.0,3.0,1,3,2,2,0,8.292403314917127,1.0,180.111,4,1.0,3,3,0,1,False,False,11.762894002980794,10.972002005330346,14.719259530018334,0.0,True,0,0,2,2,0,0,2,False,1,1,1,8.576050925817531,11.055432337461443,9.222469699628943,11.781524301430624,10.183376889781046,12.897633607726052,12.12201279846481,3.124935865225901,5.475972248726641,4.2306351248666525,7.196622448152556,1077,0.0,0.0,95,0.151,0.815,0.0,0
768,1077,208101.0,3.0,1,3,1,1,0,9.581077348066298,1.0,208.101,4,2.0,3,3,0,2,False,False,11.762894002980794,10.972002005330346,14.719259530018334,0.0,False,1,0,2,2,0,0,2,True,1,1,1,8.576050925817531,11.055432337461443,9.222469699628943,11.781524301430624,10.183376889781046,12.897633607726052,12.12201279846481,3.124935865225901,5.475972248726641,4.2306351248666525,7.196622448152556,1077,0.0,0.0,95,0.151,0.815,1.0,1
770,1077,345618.0,2.0,1,4,2,2,0,20.047447795823665,1.0,345.618,4,0.0,2,2,0,0,False,False,11.762894002980794,10.972002005330346,14.719259530018334,0.0,False,0,0,1,1,0,0,1,False,1,1,1,8.576050925817531,11.055432337461443,9.222469699628943,11.781524301430624,10.183376889781046,12.897633607726052,12.12201279846481,3.124935865225901,5.475972248726641,4.2306351248666525,7.196622448152556,1077,0.0,0.0,95,0.151,0.815,0.0,0
771,1077,82024.0,1.0,6,1,0,3,0,6.428213166144201,1.0,82.024,3,1.0,1,1,0,0,False,False,11.908958930279145,11.024727016531862,14.698656514969496,0.0,False,0,0,1,1,0,0,1,False,1,1,1,8.576050925817531,11.055432337461443,9.222469699628943,11.781524301430624,10.183376889781046,12.897633607726052,12.12201279846481,3.124935865225901,5.475972248726641,4.2306351248666525,7.196622448152556,1077,0.0,0.0,95,0.151,0.815,0.0,0
773,1077,145427.0,3.0,1,3,1,2,0,6.695534069981584,1.0,145.427,4,2.0,3,3,0,1,True,False,11.762894002980794,10.972002005330346,14.719259530018334,0.0,False,0,0,3,3,0,0,3,False,1,1,1,8.576050925817531,11.055432337461443,9.222469699628943,11.781524301430624,10.183376889781046,12.897633607726052,12.12201279846481,3.124935865225901,5.475972248726641,4.2306351248666525,7.196622448152556,1077,0.0,0.0,95,0.151,0.815,0.0,0
774,1077,182545.0,2.0,1,2,1,2,0,10.588457076566126,1.0,182.545,4,1.0,2,2,0,1,False,False,11.762894002980794,10.972002005330346,14.719259530018334,0.0,True,0,0,1,1,0,0,1,False,1,1,1,8.576050925817531,11.055432337461443,9.222469699628943,11.781524301430624,10.183376889781046,12.897633607726052,12.12201279846481,3.124935865225901,5.475972248726641,4.2306351248666525,7.196622448152556,1077,0.0,0.0,95,0.151,0.815,0.0,0
775,1077,88839.0,6.0,3,2,1,2,0,2.5267064846416383,1.0,88.839,3,5.0,2,1,5,0,False,False,11.798587916773077,10.94949690454917,14.562071385826682,0.0,False,0,0,6,1,0,5,6,False,134,84,134,8.576050925817531,11.055432337461443,9.222469699628943,11.781524301430624,10.183376889781046,12.897633607726052,12.12201279846481,3.124935865225901,5.475972248726641,4.2306351248666525,7.196622448152556,1077,0.0,0.0,95,0.151,0.815,0.0,0
776,1077,24826.0,2.0,7,1,0,3,0,1.4400232018561483,1.0,24.826,1,2.0,2,2,0,2,False,False,11.404847174387433,11.118742808524122,14.748230701149495,0.0,False,0,0,1,1,0,0,1,False,1,1,1,8.576050925817531,11.055432337461443,9.222469699628943,11.781524301430624,10.183376889781046,12.897633607726052,12.12201279846481,3.124935865225901,5.475972248726641,4.2306351248666525,7.196622448152556,1077,0.0,0.0,95,0.151,0.815,0.0,0
777,1077,17038.0,1.0,6,0,0,3,0,1.3352664576802509,1.0,17.038,1,1.0,1,1,0,0,False,False,12.191772612445789,12.026293980086391,14.810055813588292,0.0,False,0,0,1,1,0,0,1,False,1,1,1,8.576050925817531,11.055432337461443,9.222469699628943,11.781524301430624,10.183376889781046,12.897633607726052,12.12201279846481,3.124935865225901,5.475972248726641,4.2306351248666525,7.196622448152556,1077,0.0,0.0,95,0.151,0.815,0.0,0
778,1077,39430.0,1.0,6,1,0,2,0,3.0901253918495297,1.0,39.43,2,1.0,1,1,0,0,False,False,11.640017949484385,10.936732305130525,14.6555245211398,0.0,False,0,0,1,1,0,0,1,False,1,1,1,8.576050925817531,11.055432337461443,9.222469699628943,11.781524301430624,10.183376889781046,12.897633607726052,12.12201279846481,3.124935865225901,5.475972248726641,4.2306351248666525,7.196622448152556,1077,0.0,0.0,95,0.151,0.815,0.0,0
779,1077,108310.0,3.0,1,3,2,2,0,4.986648250460405,1.0,108.31,4,1.0,3,3,0,1,False,False,11.762894002980794,10.972002005330346,14.719259530018334,0.0,False,0,0,1,1,0,0,1,False,1,1,1,8.576050925817531,11.055432337461443,9.222469699628943,11.781524301430624,10.183376889781046,12.897633607726052,12.12201279846481,3.124935865225901,5.475972248726641,4.2306351248666525,7.196622448152556,1077,0.0,0.0,95,0.151,0.815,0.0,0
780,1077,46731.0,7.0,1,2,2,2,0,1.178884964682139,1.0,46.731,2,5.0,3,2,5,0,False,False,11.676545511260986,10.936045852748752,14.385309116590852,0.0,False,0,1,6,2,0,4,6,False,143,108,143,8.576050925817531,11.055432337461443,9.222469699628943,11.781524301430624,10.183376889781046,12.897633607726052,12.12201279846481,3.124935865225901,5.475972248726641,4.2306351248666525,7.196622448152556,1077,0.0,0.0,95,0.151,0.815,0.0,0
781,1077,64864.0,2.0,1,1,0,2,0,3.762412993039443,1.0,64.864,3,2.0,2,2,0,1,False,False,11.908958930279145,11.024727016531862,14.698656514969496,0.0,False,0,0,2,2,0,0,2,False,1,1,1,8.576050925817531,11.055432337461443,9.222469699628943,11.781524301430624,10.183376889781046,12.897633607726052,12.12201279846481,3.124935865225901,5.475972248726641,4.2306351248666525,7.196622448152556,1077,0.0,0.0,95,0.151,0.815,0.0,0
782,1077,194800.0,2.0,1,3,1,7,0,11.299303944315543,1.0,194.8,4,1.0,2,2,0,1,False,False,11.762894002980794,10.972002005330346,14.719259530018334,0.0,False,0,0,2,2,0,0,2,False,1,1,1,8.576050925817531,11.055432337461443,9.222469699628943,11.781524301430624,10.183376889781046,12.897633607726052,12.12201279846481,3.124935865225901,5.475972248726641,4.2306351248666525,7.196622448152556,1077,0.0,0.0,95,0.151,0.815,0.0,0
783,1077,21905.0,1.0,6,0,0,5,0,1.716692789968652,1.0,21.905,1,1.0,1,1,0,1,True,False,12.191772612445789,12.026293980086391,14.810055813588292,0.0,False,0,0,1,1,0,0,1,False,1,1,1,8.576050925817531,11.055432337461443,9.222469699628943,11.781524301430624,10.183376889781046,12.897633607726052,12.12201279846481,3.124935865225901,5.475972248726641,4.2306351248666525,7.196622448152556,1077,0.0,0.0,95,0.151,0.815,0.0,0
784,1077,120480.0,3.0,1,2,1,3,0,5.54696132596685,1.0,120.48,4,2.0,3,3,0,2,False,False,11.762894002980794,10.972002005330346,14.719259530018334,0.0,False,0,0,2,2,0,0,2,False,1,1,1,8.576050925817531,11.055432337461443,9.222469699628943,11.781524301430624,10.183376889781046,12.897633607726052,12.12201279846481,3.124935865225901,5.475972248726641,4.2306351248666525,7.196622448152556,1077,0.0,0.0,95,0.151,0.815,0.0,0
785,1077,57099.0,6.0,1,1,1,3,0,1.6239761092150171,1.0,57.099,2,5.0,2,2,4,1,False,False,11.640017949484385,10.936732305130525,14.6555245211398,0.0,False,1,2,6,2,2,4,4,True,30,32,39,8.576050925817531,11.055432337461443,9.222469699628943,11.781524301430624,10.183376889781046,12.897633607726052,12.12201279846481,3.124935865225901,5.475972248726641,4.2306351248666525,7.196622448152556,1077,0.0,0.0,95,0.151,0.815,2.0,1
786,1077,70638.0,3.0,3,3,3,1,0,3.2522099447513813,1.0,70.638,3,0.0,3,3,0,0,False,False,11.798587916773077,10.94949690454917,14.562071385826682,0.0,False,0,0,3,3,0,0,3,False,1,1,1,8.576050925817531,11.055432337461443,9.222469699628943,11.781524301430624,10.183376889781046,12.897633607726052,12.12201279846481,3.124935865225901,5.475972248726641,4.2306351248666525,7.196622448152556,1077,0.0,0.0,95,0.151,0.815,0.0,0
787,1077,42383.0,1.0,6,1,0,3,0,3.321551724137931,1.0,42.383,2,1.0,1,1,0,0,False,False,11.640017949484385,10.936732305130525,14.6555245211398,0.0,False,0,0,1,1,0,0,1,False,1,1,1,8.576050925817531,11.055432337461443,9.222469699628943,11.781524301430624,10.183376889781046,12.897633607726052,12.12201279846481,3.124935865225901,5.475972248726641,4.2306351248666525,7.196622448152556,1077,0.0,0.0,95,0.151,0.815,0.0,0
788,1077,276666.0,2.0,1,2,2,2,0,16.047911832946635,1.0,276.666,4,0.0,2,2,0,0,False,False,11.762894002980794,10.972002005330346,14.719259530018334,0.0,True,0,0,1,1,0,0,1,False,1,1,1,8.576050925817531,11.055432337461443,9.222469699628943,11.781524301430624,10.183376889781046,12.897633607726052,12.12201279846481,3.124935865225901,5.475972248726641,4.2306351248666525,7.196622448152556,1077,0.0,0.0,95,0.151,0.815,0.0,0
790,1077,129856.0,3.0,3,2,1,3,0,5.978637200736649,1.0,129.856,4,2.0,3,3,0,0,False,False,11.762894002980794,10.972002005330346,14.719259530018334,0.0,True,1,0,2,2,0,0,2,True,1,1,1,8.576050925817531,11.055432337461443,9.222469699628943,11.781524301430624,10.183376889781046,12.897633607726052,12.12201279846481,3.124935865225901,5.475972248726641,4.2306351248666525,7.196622448152556,1077,0.0,0.0,95,0.151,0.815,7.0,1
791,1077,156581.0,2.0,5,2,1,8,0,9.082424593967517,1.0,156.581,4,1.0,2,2,0,1,False,False,11.762894002980794,10.972002005330346,14.719259530018334,0.0,True,1,0,2,2,0,0,2,True,1,1,1,8.576050925817531,11.055432337461443,9.222469699628943,11.781524301430624,10.183376889781046,12.897633607726052,12.12201279846481,3.124935865225901,5.475972248726641,4.2306351248666525,7.196622448152556,1077,0.0,0.0,95,0.151,0.815,1.0,1
792,1077,0.0,4.0,3,1,0,2,0,0.0,1.0,0.0,1,4.0,1,1,3,1,False,False,11.404847174387433,11.118742808524122,14.748230701149495,0.0,False,1,1,4,1,1,3,3,True,30,30,30,8.576050925817531,11.055432337461443,9.222469699628943,11.781524301430624,10.183376889781046,12.897633607726052,12.12201279846481,3.124935865225901,5.475972248726641,4.2306351248666525,7.196622448152556,1077,0.0,0.0,95,0.151,0.815,3.0,1
793,1077,0.0,4.0,3,0,0,2,0,0.0,1.0,0.0,1,4.0,1,1,3,1,False,False,12.191772612445789,12.026293980086391,14.810055813588292,0.0,False,0,0,4,1,1,3,3,False,23,84,58,8.576050925817531,11.055432337461443,9.222469699628943,11.781524301430624,10.183376889781046,12.897633607726052,12.12201279846481,3.124935865225901,5.475972248726641,4.2306351248666525,7.196622448152556,1077,0.0,0.0,95,0.151,0.815,0.0,0
794,1077,76878.0,1.0,6,1,0,2,0,6.024921630094044,1.0,76.878,3,1.0,1,1,0,1,False,False,11.908958930279145,11.024727016531862,14.698656514969496,0.0,True,0,0,1,1,0,0,1,False,1,1,1,8.576050925817531,11.055432337461443,9.222469699628943,11.781524301430624,10.183376889781046,12.897633607726052,12.12201279846481,3.124935865225901,5.475972248726641,4.2306351248666525,7.196622448152556,1077,0.0,0.0,95,0.151,0.815,0.0,0
795,1077,235460.0,2.0,5,3,1,2,0,13.657772621809745,1.0,235.46,4,1.0,2,2,0,1,False,False,11.762894002980794,10.972002005330346,14.719259530018334,0.0,False,1,0,2,2,0,0,2,True,1,1,1,8.576050925817531,11.055432337461443,9.222469699628943,11.781524301430624,10.183376889781046,12.897633607726052,12.12201279846481,3.124935865225901,5.475972248726641,4.2306351248666525,7.196622448152556,1077,0.0,0.0,95,0.151,0.815,13.0,1
796,1077,94655.0,3.0,1,2,2,2,0,4.357965009208103,1.0,94.655,3,1.0,3,3,0,1,False,False,11.798587916773077,10.94949690454917,14.562071385826682,0.0,True,1,0,2,2,0,0,2,True,1,1,1,8.576050925817531,11.055432337461443,9.222469699628943,11.781524301430624,10.183376889781046,12.897633607726052,12.12201279846481,3.124935865225901,5.475972248726641,4.2306351248666525,7.196622448152556,1077,0.0,0.0,95,0.151,0.815,7.0,1
797,1077,138333.0,3.0,3,2,2,8,0,6.368922651933701,1.0,138.333,4,1.0,3,3,0,0,False,False,11.762894002980794,10.972002005330346,14.719259530018334,0.0,True,0,0,3,3,0,0,3,False,1,1,1,8.576050925817531,11.055432337461443,9.222469699628943,11.781524301430624,10.183376889781046,12.897633607726052,12.12201279846481,3.124935865225901,5.475972248726641,4.2306351248666525,7.196622448152556,1077,0.0,0.0,95,0.151,0.815,0.0,0
798,1077,41088.0,1.0,6,1,0,7,0,3.220062695924765,1.0,41.088,2,1.0,1,1,0,0,False,False,11.640017949484385,10.936732305130525,14.6555245211398,0.0,False,0,0,1,1,0,0,1,False,1,1,1,8.576050925817531,11.055432337461443,9.222469699628943,11.781524301430624,10.183376889781046,12.897633607726052,12.12201279846481,3.124935865225901,5.475972248726641,4.2306351248666525,7.196622448152556,1077,0.0,0.0,95,0.151,0.815,0.0,0
799,1077,123499.0,3.0,1,2,2,2,0,5.685957642725598,1.0,123.499,4,1.0,3,3,0,1,False,False,11.762894002980794,10.972002005330346,14.719259530018334,0.0,False,0,0,3,3,0,0,3,False,1,1,1,8.576050925817531,11.055432337461443,9.222469699628943,11.781524301430624,10.183376889781046,12.897633607726052,12.12201279846481,3.124935865225901,5.475972248726641,4.2306351248666525,7.196622448152556,1077,0.0,0.0,95,0.151,0.815,0.0,0
800,1077,47092.0,2.0,1,2,1,2,0,2.731554524361949,1.0,47.092,2,1.0,2,2,0,1,True,False,11.676545511260986,10.936045852748752,14.385309116590852,0.0,False,1,0,2,2,0,0,2,True,1,1,1,8.576050925817531,11.055432337461443,9.222469699628943,11.781524301430624,10.183376889781046,12.897633607726052,12.12201279846481,3.124935865225901,5.475972248726641,4.2306351248666525,7.196622448152556,1077,0.0,0.0,95,0.151,0.815,13.0,1
802,1077,68048.0,2.0,1,2,1,2,0,3.947099767981439,1.0,68.048,3,1.0,2,2,0,1,False,False,11.798587916773077,10.94949690454917,14.562071385826682,0.0,False,0,0,1,1,0,0,1,False,1,1,1,8.576050925817531,11.055432337461443,9.222469699628943,11.781524301430624,10.183376889781046,12.897633607726052,12.12201279846481,3.124935865225901,5.475972248726641,4.2306351248666525,7.196622448152556,1077,0.0,0.0,95,0.151,0.815,0.0,0
803,1077,40028.0,1.0,6,1,0,3,0,3.136990595611285,1.0,40.028,2,1.0,1,1,0,0,False,False,11.640017949484385,10.936732305130525,14.6555245211398,0.0,False,0,0,1,1,0,0,1,False,1,1,1,8.576050925817531,11.055432337461443,9.222469699628943,11.781524301430624,10.183376889781046,12.897633607726052,12.12201279846481,3.124935865225901,5.475972248726641,4.2306351248666525,7.196622448152556,1077,0.0,0.0,95,0.151,0.815,0.0,0
804,1077,184836.0,3.0,3,2,2,3,0,8.509944751381216,1.0,184.836,4,1.0,3,3,0,0,False,False,11.762894002980794,10.972002005330346,14.719259530018334,0.0,False,0,0,1,1,0,0,1,False,1,1,1,8.576050925817531,11.055432337461443,9.222469699628943,11.781524301430624,10.183376889781046,12.897633607726052,12.12201279846481,3.124935865225901,5.475972248726641,4.2306351248666525,7.196622448152556,1077,0.0,0.0,95,0.151,0.815,0.0,0
805,1077,118201.0,1.0,6,1,0,2,0,9.263401253918495,1.0,118.201,4,1.0,1,1,0,0,False,False,11.692380309286838,11.200684762378422,14.85114839738273,0.0,False,0,0,1,1,0,0,1,False,1,1,1,8.576050925817531,11.055432337461443,9.222469699628943,11.781524301430624,10.183376889781046,12.897633607726052,12.12201279846481,3.124935865225901,5.475972248726641,4.2306351248666525,7.196622448152556,1077,0.0,0.0,95,0.151,0.815,0.0,0
806,1077,59689.0,1.0,4,1,0,7,0,4.67782131661442,1.0,59.689,2,1.0,1,1,0,0,False,False,11.640017949484385,10.936732305130525,14.6555245211398,0.0,False,0,0,1,1,0,0,1,False,1,1,1,8.576050925817531,11.055432337461443,9.222469699628943,11.781524301430624,10.183376889781046,12.897633607726052,12.12201279846481,3.124935865225901,5.475972248726641,4.2306351248666525,7.196622448152556,1077,0.0,0.0,95,0.151,0.815,0.0,0
807,1077,130680.0,3.0,3,3,3,2,0,6.016574585635359,1.0,130.68,4,0.0,3,3,0,0,False,False,11.762894002980794,10.972002005330346,14.719259530018334,0.0,False,0,0,3,3,0,0,3,False,1,1,1,8.576050925817531,11.055432337461443,9.222469699628943,11.781524301430624,10.183376889781046,12.897633607726052,12.12201279846481,3.124935865225901,5.475972248726641,4.2306351248666525,7.196622448152556,1077,0.0,0.0,95,0.151,0.815,0.0,0
808,1077,130680.0,3.0,3,3,3,2,0,6.016574585635359,1.0,130.68,4,0.0,3,3,0,0,False,False,11.762894002980794,10.972002005330346,14.719259530018334,0.0,False,0,0,3,3,0,0,3,False,1,1,1,8.576050925817531,11.055432337461443,9.222469699628943,11.781524301430624,10.183376889781046,12.897633607726052,12.12201279846481,3.124935865225901,5.475972248726641,4.2306351248666525,7.196622448152556,1077,0.0,0.0,95,0.151,0.815,0.0,0
809,1077,9202.0,4.0,3,1,1,6,0,0.3512213740458015,1.0,9.202,1,3.0,1,1,3,0,False,False,11.404847174387433,11.118742808524122,14.748230701149495,0.0,False,0,1,4,1,2,3,2,False,15,30,7,8.576050925817531,11.055432337461443,9.222469699628943,11.781524301430624,10.183376889781046,12.897633607726052,12.12201279846481,3.124935865225901,5.475972248726641,4.2306351248666525,7.196622448152556,1077,0.0,0.0,95,0.151,0.815,0.0,0
811,1077,9202.0,4.0,3,1,1,6,0,0.3512213740458015,1.0,9.202,1,3.0,1,1,3,0,False,False,11.404847174387433,11.118742808524122,14.748230701149495,0.0,False,0,0,4,1,2,3,2,False,69,26,148,8.576050925817531,11.055432337461443,9.222469699628943,11.781524301430624,10.183376889781046,12.897633607726052,12.12201279846481,3.124935865225901,5.475972248726641,4.2306351248666525,7.196622448152556,1077,0.0,0.0,95,0.151,0.815,0.0,0
813,1077,164482.0,2.0,1,2,2,2,0,9.540719257540603,1.0,164.482,4,0.0,2,2,0,0,False,False,11.762894002980794,10.972002005330346,14.719259530018334,0.0,True,0,0,2,2,0,0,2,False,1,1,1,8.576050925817531,11.055432337461443,9.222469699628943,11.781524301430624,10.183376889781046,12.897633607726052,12.12201279846481,3.124935865225901,5.475972248726641,4.2306351248666525,7.196622448152556,1077,0.0,0.0,95,0.151,0.815,0.0,0
814,1077,52910.0,3.0,1,3,2,2,0,2.4360036832412524,1.0,52.91,2,1.0,3,3,0,1,False,False,11.676545511260988,10.936045852748752,14.385309116590852,0.0,False,0,0,3,3,0,0,3,False,1,1,1,8.576050925817531,11.055432337461443,9.222469699628943,11.781524301430624,10.183376889781046,12.897633607726052,12.12201279846481,3.124935865225901,5.475972248726641,4.2306351248666525,7.196622448152556,1077,0.0,0.0,95,0.151,0.815,0.0,0
816,1077,56821.0,3.0,3,4,0,2,0,2.616068139963168,1.0,56.821,2,3.0,3,3,0,1,False,False,11.676545511260988,10.936045852748752,14.385309116590852,0.0,True,0,0,2,2,0,0,2,False,1,1,1,8.576050925817531,11.055432337461443,9.222469699628943,11.781524301430624,10.183376889781046,12.897633607726052,12.12201279846481,3.124935865225901,5.475972248726641,4.2306351248666525,7.196622448152556,1077,0.0,0.0,95,0.151,0.815,0.0,0
817,1077,58201.0,6.0,1,2,2,3,0,1.6553185437997724,1.0,58.201,2,4.0,2,2,4,0,False,False,11.676545511260988,10.936045852748752,14.385309116590852,0.0,False,0,2,5,2,1,3,4,False,15,30,15,8.576050925817531,11.055432337461443,9.222469699628943,11.781524301430624,10.183376889781046,12.897633607726052,12.12201279846481,3.124935865225901,5.475972248726641,4.2306351248666525,7.196622448152556,1077,0.0,0.0,95,0.151,0.815,0.0,0
818,1077,58201.0,6.0,1,2,2,3,0,1.6553185437997724,1.0,58.201,2,4.0,2,2,4,0,False,False,11.676545511260988,10.936045852748752,14.385309116590852,0.0,True,0,1,5,2,1,3,4,False,97,1,97,8.576050925817531,11.055432337461443,9.222469699628943,11.781524301430624,10.183376889781046,12.897633607726052,12.12201279846481,3.124935865225901,5.475972248726641,4.2306351248666525,7.196622448152556,1077,0.0,0.0,95,0.151,0.815,0.0,0
819,1077,58201.0,6.0,1,1,2,3,0,1.6553185437997724,1.0,58.201,2,4.0,2,2,4,0,False,False,11.640017949484385,10.936732305130525,14.6555245211398,0.0,False,0,2,4,2,0,2,4,False,15,1,15,8.576050925817531,11.055432337461443,9.222469699628943,11.781524301430624,10.183376889781046,12.897633607726052,12.12201279846481,3.124935865225901,5.475972248726641,4.2306351248666525,7.196622448152556,1077,0.0,0.0,95,0.151,0.815,0.0,0
820,1077,58201.0,6.0,1,2,2,3,0,1.6553185437997724,1.0,58.201,2,4.0,2,2,4,0,False,False,11.676545511260988,10.936045852748752,14.385309116590852,0.0,False,0,1,6,2,2,4,4,False,84,134,84,8.576050925817531,11.055432337461443,9.222469699628943,11.781524301430624,10.183376889781046,12.897633607726052,12.12201279846481,3.124935865225901,5.475972248726641,4.2306351248666525,7.196622448152556,1077,0.0,0.0,95,0.151,0.815,0.0,0
821,1077,58201.0,6.0,1,2,2,3,0,1.6553185437997724,1.0,58.201,2,4.0,2,2,4,0,False,False,11.676545511260988,10.936045852748752,14.385309116590852,0.0,False,0,2,4,2,0,2,4,False,29,6,29,8.576050925817531,11.055432337461443,9.222469699628943,11.781524301430624,10.183376889781046,12.897633607726052,12.12201279846481,3.124935865225901,5.475972248726641,4.2306351248666525,7.196622448152556,1077,0.0,0.0,95,0.151,0.815,0.0,0
822,1077,58201.0,6.0,1,2,2,3,0,1.6553185437997724,1.0,58.201,2,4.0,2,2,4,0,False,False,11.676545511260988,10.936045852748752,14.385309116590852,0.0,False,0,1,5,2,1,3,4,False,2,1,2,8.576050925817531,11.055432337461443,9.222469699628943,11.781524301430624,10.183376889781046,12.897633607726052,12.12201279846481,3.124935865225901,5.475972248726641,4.2306351248666525,7.196622448152556,1077,0.0,0.0,95,0.151,0.815,0.0,0
823,1077,115023.0,2.0,1,2,2,2,0,6.671867749419953,1.0,115.023,4,0.0,2,2,0,0,False,False,11.762894002980794,10.972002005330346,14.719259530018334,0.0,False,1,0,2,2,0,0,2,True,1,1,1,8.576050925817531,11.055432337461443,9.222469699628943,11.781524301430624,10.183376889781046,12.897633607726052,12.12201279846481,3.124935865225901,5.475972248726641,4.2306351248666525,7.196622448152556,1077,0.0,0.0,95,0.151,0.815,7.0,1
824,1077,17299.0,1.0,6,1,0,7,0,1.3557210031347962,1.0,17.299,1,1.0,1,1,0,1,False,False,11.404847174387433,11.118742808524122,14.748230701149495,0.0,False,0,0,1,1,0,0,1,False,1,1,1,8.576050925817531,11.055432337461443,9.222469699628943,11.781524301430624,10.183376889781046,12.897633607726052,12.12201279846481,3.124935865225901,5.475972248726641,4.2306351248666525,7.196622448152556,1077,0.0,0.0,95,0.151,0.815,0.0,0
825,1077,42558.0,2.0,3,1,2,7,0,2.4685614849187933,1.0,42.558,2,0.0,2,2,0,0,False,False,11.640017949484385,10.936732305130525,14.6555245211398,0.0,False,1,0,2,2,0,0,2,True,1,1,1,8.576050925817531,11.055432337461443,9.222469699628943,11.781524301430624,10.183376889781046,12.897633607726052,12.12201279846481,3.124935865225901,5.475972248726641,4.2306351248666525,7.196622448152556,1077,0.0,0.0,95,0.151,0.815,1.0,1
826,1077,112607.0,2.0,1,2,2,6,0,6.531728538283063,1.0,112.607,4,0.0,2,2,0,0,False,False,11.762894002980794,10.972002005330346,14.719259530018334,0.0,True,1,0,2,2,0,0,2,True,1,1,1,8.576050925817531,11.055432337461443,9.222469699628943,11.781524301430624,10.183376889781046,12.897633607726052,12.12201279846481,3.124935865225901,5.475972248726641,4.2306351248666525,7.196622448152556,1077,0.0,0.0,95,0.151,0.815,10.0,1
827,1077,48310.0,4.0,3,2,0,2,0,1.8438931297709924,1.0,48.31,2,4.0,1,1,3,1,False,False,11.676545511260986,10.936045852748752,14.385309116590852,0.0,False,0,0,3,0,1,3,2,False,1,1,1,8.576050925817531,11.055432337461443,9.222469699628943,11.781524301430624,10.183376889781046,12.897633607726052,12.12201279846481,3.124935865225901,5.475972248726641,4.2306351248666525,7.196622448152556,1077,0.0,0.0,95,0.151,0.815,0.0,0
828,1077,68439.0,1.0,4,1,0,2,0,5.363557993730407,1.0,68.439,3,1.0,1,1,0,1,False,False,11.908958930279145,11.024727016531862,14.698656514969496,0.0,False,0,0,1,1,0,0,1,False,1,1,1,8.576050925817531,11.055432337461443,9.222469699628943,11.781524301430624,10.183376889781046,12.897633607726052,12.12201279846481,3.124935865225901,5.475972248726641,4.2306351248666525,7.196622448152556,1077,0.0,0.0,95,0.151,0.815,0.0,0
829,1077,95469.0,2.0,1,3,0,2,0,5.537645011600928,1.0,95.469,3,2.0,2,2,0,1,False,False,11.798587916773077,10.94949690454917,14.562071385826682,0.0,True,0,0,1,1,0,0,1,False,1,1,1,8.576050925817531,11.055432337461443,9.222469699628943,11.781524301430624,10.183376889781046,12.897633607726052,12.12201279846481,3.124935865225901,5.475972248726641,4.2306351248666525,7.196622448152556,1077,0.0,0.0,95,0.151,0.815,0.0,0
831,1077,67863.0,2.0,1,1,1,5,0,3.936368909512761,1.0,67.863,3,1.0,2,2,0,1,False,False,11.908958930279145,11.024727016531862,14.698656514969496,0.0,False,1,0,2,2,0,0,2,True,1,1,1,8.576050925817531,11.055432337461443,9.222469699628943,11.781524301430624,10.183376889781046,12.897633607726052,12.12201279846481,3.124935865225901,5.475972248726641,4.2306351248666525,7.196622448152556,1077,0.0,0.0,95,0.151,0.815,1.0,1
832,1077,67863.0,2.0,1,2,1,5,0,3.936368909512761,1.0,67.863,3,1.0,2,2,0,1,False,False,11.798587916773077,10.94949690454917,14.562071385826682,0.0,False,1,0,2,2,0,0,2,True,1,1,1,8.576050925817531,11.055432337461443,9.222469699628943,11.781524301430624,10.183376889781046,12.897633607726052,12.12201279846481,3.124935865225901,5.475972248726641,4.2306351248666525,7.196622448152556,1077,0.0,0.0,95,0.151,0.815,7.0,1
833,1077,67863.0,2.0,1,2,1,5,0,3.936368909512761,1.0,67.863,3,1.0,2,2,0,1,False,False,11.798587916773077,10.94949690454917,14.562071385826682,0.0,False,1,0,2,2,0,0,2,True,1,1,1,8.576050925817531,11.055432337461443,9.222469699628943,11.781524301430624,10.183376889781046,12.897633607726052,12.12201279846481,3.124935865225901,5.475972248726641,4.2306351248666525,7.196622448152556,1077,0.0,0.0,95,0.151,0.815,7.0,1
834,1077,62917.0,3.0,1,4,2,2,0,2.896731123388582,1.0,62.917,3,1.0,3,3,0,1,False,False,11.798587916773077,10.94949690454917,14.562071385826682,0.0,False,0,0,3,3,0,0,3,False,1,1,1,8.576050925817531,11.055432337461443,9.222469699628943,11.781524301430624,10.183376889781046,12.897633607726052,12.12201279846481,3.124935865225901,5.475972248726641,4.2306351248666525,7.196622448152556,1077,0.0,0.0,95,0.151,0.815,0.0,0
835,1077,62917.0,3.0,1,3,2,2,0,2.896731123388582,1.0,62.917,3,1.0,3,3,0,1,False,False,11.798587916773077,10.94949690454917,14.562071385826682,0.0,True,0,0,3,3,0,0,3,False,1,1,1,8.576050925817531,11.055432337461443,9.222469699628943,11.781524301430624,10.183376889781046,12.897633607726052,12.12201279846481,3.124935865225901,5.475972248726641,4.2306351248666525,7.196622448152556,1077,0.0,0.0,95,0.151,0.815,0.0,0
836,1077,54291.0,2.0,3,1,0,7,0,3.149129930394432,1.0,54.291,2,2.0,2,2,0,2,False,False,11.640017949484385,10.936732305130525,14.6555245211398,0.0,False,0,0,1,1,0,0,1,False,1,1,1,8.576050925817531,11.055432337461443,9.222469699628943,11.781524301430624,10.183376889781046,12.897633607726052,12.12201279846481,3.124935865225901,5.475972248726641,4.2306351248666525,7.196622448152556,1077,0.0,0.0,95,0.151,0.815,0.0,0
837,1077,149530.0,2.0,1,2,1,2,0,8.673433874709977,1.0,149.53,4,1.0,2,2,0,1,False,False,11.762894002980794,10.972002005330346,14.719259530018334,0.0,False,0,0,1,1,0,0,1,False,1,1,1,8.576050925817531,11.055432337461443,9.222469699628943,11.781524301430624,10.183376889781046,12.897633607726052,12.12201279846481,3.124935865225901,5.475972248726641,4.2306351248666525,7.196622448152556,1077,0.0,0.0,95,0.151,0.815,0.0,0
838,1077,73658.0,2.0,1,4,1,9,0,4.272505800464037,1.0,73.658,3,1.0,2,2,0,1,True,False,11.798587916773077,10.94949690454917,14.562071385826682,0.0,False,0,0,2,2,0,0,2,False,1,1,1,8.576050925817531,11.055432337461443,9.222469699628943,11.781524301430624,10.183376889781046,12.897633607726052,12.12201279846481,3.124935865225901,5.475972248726641,4.2306351248666525,7.196622448152556,1077,0.0,0.0,95,0.151,0.815,0.0,0
839,1077,40115.0,1.0,6,1,0,9,0,3.143808777429467,1.0,40.115,2,1.0,1,1,0,0,False,False,11.640017949484385,10.936732305130525,14.6555245211398,0.0,True,0,0,1,1,0,0,1,False,1,1,1,8.576050925817531,11.055432337461443,9.222469699628943,11.781524301430624,10.183376889781046,12.897633607726052,12.12201279846481,3.124935865225901,5.475972248726641,4.2306351248666525,7.196622448152556,1077,0.0,0.0,95,0.151,0.815,0.0,0
840,1077,266982.0,2.0,1,4,1,2,0,15.486194895591648,1.0,266.982,4,1.0,2,2,0,1,False,False,11.762894002980794,10.972002005330346,14.719259530018334,0.0,False,0,0,2,2,0,0,2,False,1,1,1,8.576050925817531,11.055432337461443,9.222469699628943,11.781524301430624,10.183376889781046,12.897633607726052,12.12201279846481,3.124935865225901,5.475972248726641,4.2306351248666525,7.196622448152556,1077,0.0,0.0,95,0.151,0.815,0.0,0
841,1077,53487.0,1.0,6,1,0,7,0,4.191771159874608,1.0,53.487,2,1.0,1,1,0,1,False,False,11.640017949484385,10.936732305130525,14.6555245211398,0.0,False,0,0,1,1,0,0,1,False,1,1,1,8.576050925817531,11.055432337461443,9.222469699628943,11.781524301430624,10.183376889781046,12.897633607726052,12.12201279846481,3.124935865225901,5.475972248726641,4.2306351248666525,7.196622448152556,1077,0.0,0.0,95,0.151,0.815,0.0,0
843,1077,141650.0,2.0,5,2,2,2,0,8.216357308584687,1.0,141.65,4,0.0,2,2,0,0,False,False,11.762894002980794,10.972002005330346,14.719259530018334,0.0,False,0,0,1,1,0,0,1,False,1,1,1,8.576050925817531,11.055432337461443,9.222469699628943,11.781524301430624,10.183376889781046,12.897633607726052,12.12201279846481,3.124935865225901,5.475972248726641,4.2306351248666525,7.196622448152556,1077,0.0,0.0,95,0.151,0.815,0.0,0
844,1077,23231.0,1.0,6,1,0,2,0,1.820611285266457,1.0,23.231,1,1.0,1,1,0,0,False,False,11.404847174387433,11.118742808524122,14.748230701149495,0.0,False,0,0,1,1,0,0,1,False,1,1,1,8.576050925817531,11.055432337461443,9.222469699628943,11.781524301430624,10.183376889781046,12.897633607726052,12.12201279846481,3.124935865225901,5.475972248726641,4.2306351248666525,7.196622448152556,1077,0.0,0.0,95,0.151,0.815,0.0,0
845,1077,46461.0,1.0,6,1,1,7,0,3.641144200626959,1.0,46.461,2,0.0,1,1,0,0,False,False,11.640017949484385,10.936732305130525,14.6555245211398,0.0,False,0,0,1,1,0,0,1,False,1,1,1,8.576050925817531,11.055432337461443,9.222469699628943,11.781524301430624,10.183376889781046,12.897633607726052,12.12201279846481,3.124935865225901,5.475972248726641,4.2306351248666525,7.196622448152556,1077,0.0,0.0,95,0.151,0.815,0.0,0
846,1077,169074.0,3.0,1,2,2,7,0,7.784254143646409,1.0,169.074,4,1.0,3,3,0,1,False,False,11.762894002980794,10.972002005330346,14.719259530018334,0.0,False,0,0,3,3,0,0,3,False,1,1,1,8.576050925817531,11.055432337461443,9.222469699628943,11.781524301430624,10.183376889781046,12.897633607726052,12.12201279846481,3.124935865225901,5.475972248726641,4.2306351248666525,7.196622448152556,1077,0.0,0.0,95,0.151,0.815,0.0,0
848,1077,203976.0,6.0,1,2,2,2,0,5.80136518771331,1.0,203.976,4,4.0,2,2,4,0,False,False,11.762894002980794,10.972002005330346,14.719259530018334,0.0,True,0,2,4,2,0,2,4,False,3,30,3,8.576050925817531,11.055432337461443,9.222469699628943,11.781524301430624,10.183376889781046,12.897633607726052,12.12201279846481,3.124935865225901,5.475972248726641,4.2306351248666525,7.196622448152556,1077,0.0,0.0,95,0.151,0.815,0.0,0
849,1077,87030.0,3.0,1,1,2,3,0,4.0069060773480665,1.0,87.03,3,1.0,3,3,0,0,False,False,11.908958930279145,11.024727016531862,14.698656514969494,0.0,False,0,0,3,3,0,0,3,False,1,1,1,8.576050925817531,11.055432337461443,9.222469699628943,11.781524301430624,10.183376889781046,12.897633607726052,12.12201279846481,3.124935865225901,5.475972248726641,4.2306351248666525,7.196622448152556,1077,0.0,0.0,95,0.151,0.815,0.0,0
850,1077,73885.0,3.0,3,2,3,2,0,3.40170349907919,1.0,73.885,3,0.0,3,3,0,0,False,False,11.798587916773077,10.94949690454917,14.562071385826682,0.0,True,0,0,3,3,0,0,3,False,1,1,1,8.576050925817531,11.055432337461443,9.222469699628943,11.781524301430624,10.183376889781046,12.897633607726052,12.12201279846481,3.124935865225901,5.475972248726641,4.2306351248666525,7.196622448152556,1077,0.0,0.0,95,0.151,0.815,0.0,0
851,1077,73658.0,3.0,1,3,2,2,0,3.3912523020257828,1.0,73.658,3,1.0,3,3,0,1,False,False,11.798587916773077,10.94949690454917,14.562071385826682,0.0,False,0,0,2,2,0,0,2,False,1,1,1,8.576050925817531,11.055432337461443,9.222469699628943,11.781524301430624,10.183376889781046,12.897633607726052,12.12201279846481,3.124935865225901,5.475972248726641,4.2306351248666525,7.196622448152556,1077,0.0,0.0,95,0.151,0.815,0.0,0
852,1077,41135.0,2.0,1,2,0,2,0,2.3860208816705337,1.0,41.135,2,2.0,2,2,0,1,False,False,11.676545511260986,10.936045852748752,14.385309116590852,0.0,False,0,0,1,1,0,0,1,False,1,1,1,8.576050925817531,11.055432337461443,9.222469699628943,11.781524301430624,10.183376889781046,12.897633607726052,12.12201279846481,3.124935865225901,5.475972248726641,4.2306351248666525,7.196622448152556,1077,0.0,0.0,95,0.151,0.815,0.0,0
853,1077,90656.0,2.0,1,3,1,2,0,5.258468677494199,1.0,90.656,3,1.0,2,2,0,0,False,False,11.798587916773077,10.94949690454917,14.562071385826682,0.0,False,0,0,2,2,0,0,2,False,1,1,1,8.576050925817531,11.055432337461443,9.222469699628943,11.781524301430624,10.183376889781046,12.897633607726052,12.12201279846481,3.124935865225901,5.475972248726641,4.2306351248666525,7.196622448152556,1077,0.0,0.0,95,0.151,0.815,0.0,0
854,1077,90656.0,2.0,1,2,1,2,0,5.258468677494199,1.0,90.656,3,1.0,2,2,0,0,False,False,11.798587916773077,10.94949690454917,14.562071385826682,0.0,False,0,0,2,2,0,0,2,False,1,1,1,8.576050925817531,11.055432337461443,9.222469699628943,11.781524301430624,10.183376889781046,12.897633607726052,12.12201279846481,3.124935865225901,5.475972248726641,4.2306351248666525,7.196622448152556,1077,0.0,0.0,95,0.151,0.815,0.0,0
855,1077,90656.0,2.0,1,2,1,2,0,5.258468677494199,1.0,90.656,3,1.0,2,2,0,0,False,False,11.798587916773077,10.94949690454917,14.562071385826682,0.0,False,0,0,2,2,0,0,2,False,1,1,1,8.576050925817531,11.055432337461443,9.222469699628943,11.781524301430624,10.183376889781046,12.897633607726052,12.12201279846481,3.124935865225901,5.475972248726641,4.2306351248666525,7.196622448152556,1077,0.0,0.0,95,0.151,0.815,0.0,0
856,1077,202496.0,2.0,3,2,2,6,0,11.74570765661253,1.0,202.496,4,0.0,2,2,0,0,False,False,11.762894002980794,10.972002005330346,14.719259530018334,0.0,False,0,0,2,2,0,0,2,False,1,1,1,8.576050925817531,11.055432337461443,9.222469699628943,11.781524301430624,10.183376889781046,12.897633607726052,12.12201279846481,3.124935865225901,5.475972248726641,4.2306351248666525,7.196622448152556,1077,0.0,0.0,95,0.151,0.815,0.0,0
857,1077,202496.0,2.0,3,1,2,6,0,11.74570765661253,1.0,202.496,4,0.0,2,2,0,0,True,False,11.692380309286838,11.200684762378422,14.85114839738273,0.0,True,0,0,2,2,0,0,2,False,1,1,1,8.576050925817531,11.055432337461443,9.222469699628943,11.781524301430624,10.183376889781046,12.897633607726052,12.12201279846481,3.124935865225901,5.475972248726641,4.2306351248666525,7.196622448152556,1077,0.0,0.0,95,0.151,0.815,0.0,0
858,1077,0.0,1.0,6,1,0,2,0,0.0,1.0,0.0,1,1.0,1,1,0,1,False,False,11.404847174387433,11.118742808524122,14.748230701149495,0.0,False,0,0,1,1,0,0,1,False,1,1,1,8.576050925817531,11.055432337461443,9.222469699628943,11.781524301430624,10.183376889781046,12.897633607726052,12.12201279846481,3.124935865225901,5.475972248726641,4.2306351248666525,7.196622448152556,1077,0.0,0.0,95,0.151,0.815,0.0,0
859,1077,136792.0,2.0,1,2,1,5,0,7.934570765661252,1.0,136.792,4,1.0,2,2,0,1,False,False,11.762894002980794,10.972002005330346,14.719259530018334,0.0,False,0,0,2,2,0,0,2,False,1,1,1,8.576050925817531,11.055432337461443,9.222469699628943,11.781524301430624,10.183376889781046,12.897633607726052,12.12201279846481,3.124935865225901,5.475972248726641,4.2306351248666525,7.196622448152556,1077,0.0,0.0,95,0.151,0.815,0.0,0
860,1077,21736.0,2.0,1,2,0,3,0,1.2607888631090487,1.0,21.736,1,2.0,2,2,0,1,False,False,11.355442103844666,10.979987277600998,14.691898683657348,0.0,False,0,0,2,2,0,0,2,False,1,1,1,8.576050925817531,11.055432337461443,9.222469699628943,11.781524301430624,10.183376889781046,12.897633607726052,12.12201279846481,3.124935865225901,5.475972248726641,4.2306351248666525,7.196622448152556,1077,0.0,0.0,95,0.151,0.815,0.0,0
861,1077,103079.0,3.0,3,4,1,2,0,4.7458103130755065,1.0,103.079,4,2.0,3,3,0,1,False,False,11.762894002980794,10.972002005330346,14.719259530018334,0.0,False,0,0,1,1,0,0,1,False,1,1,1,8.576050925817531,11.055432337461443,9.222469699628943,11.781524301430624,10.183376889781046,12.897633607726052,12.12201279846481,3.124935865225901,5.475972248726641,4.2306351248666525,7.196622448152556,1077,0.0,0.0,95,0.151,0.815,0.0,0
862,1077,80783.0,2.0,1,2,1,2,0,4.685788863109049,1.0,80.783,3,1.0,2,2,0,1,False,False,11.798587916773077,10.94949690454917,14.562071385826682,0.0,False,0,0,2,2,0,0,2,False,1,1,1,8.576050925817531,11.055432337461443,9.222469699628943,11.781524301430624,10.183376889781046,12.897633607726052,12.12201279846481,3.124935865225901,5.475972248726641,4.2306351248666525,7.196622448152556,1077,0.0,0.0,95,0.151,0.815,0.0,0
863,1077,158334.0,3.0,3,3,3,4,0,7.289779005524862,1.0,158.334,4,0.0,3,3,0,0,False,False,11.762894002980794,10.972002005330346,14.719259530018334,0.0,False,0,0,1,1,0,0,1,False,1,1,1,8.576050925817531,11.055432337461443,9.222469699628943,11.781524301430624,10.183376889781046,12.897633607726052,12.12201279846481,3.124935865225901,5.475972248726641,4.2306351248666525,7.196622448152556,1077,0.0,0.0,95,0.151,0.815,0.0,0
864,1077,86168.0,2.0,1,4,1,2,0,4.998143851508121,1.0,86.168,3,1.0,2,2,0,1,False,False,11.798587916773077,10.94949690454917,14.562071385826682,0.0,False,0,0,2,2,0,0,2,False,1,1,1,8.576050925817531,11.055432337461443,9.222469699628943,11.781524301430624,10.183376889781046,12.897633607726052,12.12201279846481,3.124935865225901,5.475972248726641,4.2306351248666525,7.196622448152556,1077,0.0,0.0,95,0.151,0.815,0.0,0
865,1077,46746.0,6.0,1,1,2,4,0,1.3295221843003413,1.0,46.746,2,4.0,2,2,4,0,False,False,11.640017949484385,10.936732305130525,14.6555245211398,0.0,False,1,3,5,2,2,3,3,True,3,5,3,8.576050925817531,11.055432337461443,9.222469699628943,11.781524301430624,10.183376889781046,12.897633607726052,12.12201279846481,3.124935865225901,5.475972248726641,4.2306351248666525,7.196622448152556,1077,0.0,0.0,95,0.151,0.815,3.0,1
866,1077,46746.0,6.0,1,3,2,4,0,1.3295221843003413,1.0,46.746,2,4.0,2,2,4,0,False,False,11.676545511260988,10.936045852748752,14.385309116590852,0.0,False,1,2,5,2,3,3,2,True,16,26,16,8.576050925817531,11.055432337461443,9.222469699628943,11.781524301430624,10.183376889781046,12.897633607726052,12.12201279846481,3.124935865225901,5.475972248726641,4.2306351248666525,7.196622448152556,1077,0.0,0.0,95,0.151,0.815,4.0,1
867,1077,59241.0,2.0,1,2,1,5,0,3.4362529002320183,1.0,59.241,2,1.0,2,2,0,1,False,False,11.676545511260986,10.936045852748752,14.385309116590852,0.0,False,0,0,1,1,0,0,1,False,1,1,1,8.576050925817531,11.055432337461443,9.222469699628943,11.781524301430624,10.183376889781046,12.897633607726052,12.12201279846481,3.124935865225901,5.475972248726641,4.2306351248666525,7.196622448152556,1077,0.0,0.0,95,0.151,0.815,0.0,0
868,1077,70120.0,2.0,1,2,1,2,0,4.067285382830627,1.0,70.12,3,1.0,2,2,0,1,False,False,11.798587916773077,10.94949690454917,14.562071385826682,0.0,False,0,0,2,2,0,0,2,False,1,1,1,8.576050925817531,11.055432337461443,9.222469699628943,11.781524301430624,10.183376889781046,12.897633607726052,12.12201279846481,3.124935865225901,5.475972248726641,4.2306351248666525,7.196622448152556,1077,0.0,0.0,95,0.151,0.815,0.0,0
869,1077,263891.0,2.0,3,2,2,4,0,15.306902552204177,1.0,263.891,4,0.0,2,2,0,0,False,False,11.762894002980794,10.972002005330346,14.719259530018334,0.0,True,0,0,2,2,0,0,2,False,1,1,1,8.576050925817531,11.055432337461443,9.222469699628943,11.781524301430624,10.183376889781046,12.897633607726052,12.12201279846481,3.124935865225901,5.475972248726641,4.2306351248666525,7.196622448152556,1077,0.0,0.0,95,0.151,0.815,0.0,0
870,1077,114173.0,2.0,1,2,1,2,0,6.6225638051044085,1.0,114.173,4,1.0,2,2,0,1,False,False,11.762894002980794,10.972002005330346,14.719259530018334,0.0,False,1,0,2,2,0,0,2,True,1,1,1,8.576050925817531,11.055432337461443,9.222469699628943,11.781524301430624,10.183376889781046,12.897633607726052,12.12201279846481,3.124935865225901,5.475972248726641,4.2306351248666525,7.196622448152556,1077,0.0,0.0,95,0.151,0.815,1.0,1
871,1077,64626.0,1.0,4,1,0,6,0,5.0647335423197495,1.0,64.626,3,1.0,1,1,0,0,False,False,11.908958930279145,11.024727016531862,14.698656514969496,0.0,True,0,0,1,1,0,0,1,False,1,1,1,8.576050925817531,11.055432337461443,9.222469699628943,11.781524301430624,10.183376889781046,12.897633607726052,12.12201279846481,3.124935865225901,5.475972248726641,4.2306351248666525,7.196622448152556,1077,0.0,0.0,95,0.151,0.815,0.0,0
872,1077,20680.0,1.0,6,1,0,2,0,1.6206896551724137,1.0,20.68,1,1.0,1,1,0,1,False,False,11.404847174387433,11.118742808524122,14.748230701149495,0.0,False,0,0,1,1,0,0,1,False,1,1,1,8.576050925817531,11.055432337461443,9.222469699628943,11.781524301430624,10.183376889781046,12.897633607726052,12.12201279846481,3.124935865225901,5.475972248726641,4.2306351248666525,7.196622448152556,1077,0.0,0.0,95,0.151,0.815,0.0,0
873,1077,42653.0,1.0,4,1,0,7,0,3.3427115987460816,1.0,42.653,2,1.0,1,1,0,1,False,False,11.640017949484385,10.936732305130525,14.6555245211398,0.0,True,0,0,1,1,0,0,1,False,1,1,1,8.576050925817531,11.055432337461443,9.222469699628943,11.781524301430624,10.183376889781046,12.897633607726052,12.12201279846481,3.124935865225901,5.475972248726641,4.2306351248666525,7.196622448152556,1077,0.0,0.0,95,0.151,0.815,0.0,0
874,1077,101248.0,3.0,3,2,1,3,0,4.661510128913444,1.0,101.248,4,2.0,2,1,2,0,False,False,11.762894002980794,10.972002005330346,14.719259530018334,0.0,False,0,0,3,1,0,2,3,False,3,3,3,8.576050925817531,11.055432337461443,9.222469699628943,11.781524301430624,10.183376889781046,12.897633607726052,12.12201279846481,3.124935865225901,5.475972248726641,4.2306351248666525,7.196622448152556,1077,0.0,0.0,95,0.151,0.815,0.0,0
875,1077,101248.0,3.0,3,3,1,3,0,4.661510128913444,1.0,101.248,4,2.0,2,1,2,0,False,False,11.762894002980794,10.972002005330346,14.719259530018334,0.0,False,0,0,3,1,0,2,3,False,2,1,1,8.576050925817531,11.055432337461443,9.222469699628943,11.781524301430624,10.183376889781046,12.897633607726052,12.12201279846481,3.124935865225901,5.475972248726641,4.2306351248666525,7.196622448152556,1077,0.0,0.0,95,0.151,0.815,0.0,0
876,1077,150795.0,1.0,6,1,1,2,0,11.817789968652038,1.0,150.795,4,0.0,1,1,0,0,False,False,11.692380309286838,11.200684762378422,14.85114839738273,0.0,False,0,0,1,1,0,0,1,False,1,1,1,8.576050925817531,11.055432337461443,9.222469699628943,11.781524301430624,10.183376889781046,12.897633607726052,12.12201279846481,3.124935865225901,5.475972248726641,4.2306351248666525,7.196622448152556,1077,0.0,0.0,95,0.151,0.815,0.0,0
877,1170,29937.0,1.0,6,1,0,7,0,2.3461598746081505,1.0,29.937,1,1.0,1,1,0,0,False,False,11.398698355713703,11.786024842912855,15.735859248813806,0.0,False,0,0,1,1,0,0,1,False,1,1,1,8.568536843978737,11.043786224380032,9.29908110109278,11.84832385155674,11.012436193272055,13.66110956756074,12.92079369020204,1.50297142237357,4.236830808408114,5.434321212680064,7.854130983373945,1170,0.0,10.0,32,0.242,0.812,0.0,0
878,1170,37312.0,1.0,6,1,0,2,0,2.924137931034483,1.0,37.312,2,1.0,1,1,0,0,False,False,11.757374600261771,12.113402938182478,16.38373512253095,0.0,False,0,0,1,1,0,0,1,False,1,1,1,8.568536843978737,11.043786224380032,9.29908110109278,11.84832385155674,11.012436193272055,13.66110956756074,12.92079369020204,1.50297142237357,4.236830808408114,5.434321212680064,7.854130983373945,1170,0.0,10.0,32,0.242,0.812,0.0,0
879,1170,345618.0,2.0,1,3,2,2,0,20.047447795823665,1.0,345.618,4,0.0,2,2,0,0,True,False,11.864398864292802,12.108221960661588,15.567568171179056,0.0,True,1,0,2,2,0,0,2,True,1,1,1,8.568536843978737,11.043786224380032,9.29908110109278,11.84832385155674,11.012436193272055,13.66110956756074,12.92079369020204,1.50297142237357,4.236830808408114,5.434321212680064,7.854130983373945,1170,0.0,10.0,32,0.242,0.812,10.0,1
880,1170,88839.0,6.0,3,2,1,2,0,2.5267064846416383,1.0,88.839,3,5.0,2,1,5,0,False,False,12.028882161760729,11.57567674871826,16.545188131631157,0.0,False,0,0,6,1,0,5,6,False,148,11,148,8.568536843978737,11.043786224380032,9.29908110109278,11.84832385155674,11.012436193272055,13.66110956756074,12.92079369020204,1.50297142237357,4.236830808408114,5.434321212680064,7.854130983373945,1170,0.0,10.0,32,0.242,0.812,0.0,0
882,1170,79711.0,2.0,3,2,1,6,0,4.62360788863109,1.0,79.711,3,1.0,2,2,0,0,False,False,12.02888216176073,11.575676748718262,16.545188131631157,0.0,False,0,0,2,2,0,0,2,False,1,1,1,8.568536843978737,11.043786224380032,9.29908110109278,11.84832385155674,11.012436193272055,13.66110956756074,12.92079369020204,1.50297142237357,4.236830808408114,5.434321212680064,7.854130983373945,1170,0.0,10.0,32,0.242,0.812,0.0,0
885,1170,0.0,6.0,3,0,0,2,0,0.0,1.0,0.0,1,6.0,1,1,5,1,False,False,12.308022054089172,13.551713413565356,17.16872737560639,0.0,False,1,2,5,1,1,4,4,True,19,84,44,8.568536843978737,11.043786224380032,9.29908110109278,11.84832385155674,11.012436193272055,13.66110956756074,12.92079369020204,1.50297142237357,4.236830808408114,5.434321212680064,7.854130983373945,1170,0.0,10.0,32,0.242,0.812,6.0,1
886,1170,41559.0,1.0,6,1,0,2,0,3.256974921630094,1.0,41.559,2,1.0,1,1,0,0,False,False,11.757374600261771,12.113402938182478,16.38373512253095,0.0,False,0,0,1,1,0,0,1,False,1,1,1,8.568536843978737,11.043786224380032,9.29908110109278,11.84832385155674,11.012436193272055,13.66110956756074,12.92079369020204,1.50297142237357,4.236830808408114,5.434321212680064,7.854130983373945,1170,0.0,10.0,32,0.242,0.812,0.0,0
888,1170,164482.0,2.0,1,2,2,2,0,9.540719257540603,1.0,164.482,4,0.0,2,2,0,0,False,False,11.864398864292802,12.108221960661588,15.567568171179056,0.0,True,0,0,1,1,0,0,1,False,1,1,1,8.568536843978737,11.043786224380032,9.29908110109278,11.84832385155674,11.012436193272055,13.66110956756074,12.92079369020204,1.50297142237357,4.236830808408114,5.434321212680064,7.854130983373945,1170,0.0,10.0,32,0.242,0.812,0.0,0
890,1170,110422.0,1.0,4,1,1,5,0,8.653761755485894,1.0,110.422,4,0.0,1,1,0,0,False,False,12.047147562931745,11.87968307783932,16.086365997742426,0.0,True,0,0,1,1,0,0,1,False,1,1,1,8.568536843978737,11.043786224380032,9.29908110109278,11.84832385155674,11.012436193272055,13.66110956756074,12.92079369020204,1.50297142237357,4.236830808408114,5.434321212680064,7.854130983373945,1170,0.0,10.0,32,0.242,0.812,0.0,0
892,1170,28756.0,1.0,6,1,1,2,0,2.253605015673981,1.0,28.756,1,0.0,1,1,0,0,False,False,11.398698355713703,11.786024842912855,15.735859248813806,0.0,False,0,0,1,1,0,0,1,False,1,1,1,8.568536843978737,11.043786224380032,9.29908110109278,11.84832385155674,11.012436193272055,13.66110956756074,12.92079369020204,1.50297142237357,4.236830808408114,5.434321212680064,7.854130983373945,1170,0.0,10.0,32,0.242,0.812,0.0,0
893,1170,73658.0,2.0,1,1,1,9,0,4.272505800464037,1.0,73.658,3,1.0,2,2,0,1,False,False,11.86970083331438,11.7043567416272,16.719972377737697,0.0,False,1,0,2,2,0,0,2,True,1,1,1,8.568536843978737,11.043786224380032,9.29908110109278,11.84832385155674,11.012436193272055,13.66110956756074,12.92079369020204,1.50297142237357,4.236830808408114,5.434321212680064,7.854130983373945,1170,0.0,10.0,32,0.242,0.812,7.0,1
894,1170,58020.0,2.0,5,2,2,6,0,3.365429234338748,1.0,58.02,2,0.0,2,2,0,0,False,False,11.648471841173423,12.082220992960297,15.46736659503345,0.0,False,0,0,2,2,0,0,2,False,1,1,1,8.568536843978737,11.043786224380032,9.29908110109278,11.84832385155674,11.012436193272055,13.66110956756074,12.92079369020204,1.50297142237357,4.236830808408114,5.434321212680064,7.854130983373945,1170,0.0,10.0,32,0.242,0.812,0.0,0
895,1170,254970.0,2.0,7,1,2,2,0,14.789443155452435,1.0,254.97,4,0.0,2,2,0,0,False,False,12.047147562931745,11.87968307783932,16.086365997742426,0.0,True,1,0,2,2,0,0,2,True,1,1,1,8.568536843978737,11.043786224380032,9.29908110109278,11.84832385155674,11.012436193272055,13.66110956756074,12.92079369020204,1.50297142237357,4.236830808408114,5.434321212680064,7.854130983373945,1170,0.0,10.0,32,0.242,0.812,10.0,1
897,1170,141650.0,2.0,5,2,2,2,0,8.216357308584687,1.0,141.65,4,0.0,2,2,0,0,False,False,11.864398864292802,12.108221960661588,15.567568171179056,0.0,False,0,0,2,2,0,0,2,False,1,1,1,8.568536843978737,11.043786224380032,9.29908110109278,11.84832385155674,11.012436193272055,13.66110956756074,12.92079369020204,1.50297142237357,4.236830808408114,5.434321212680064,7.854130983373945,1170,0.0,10.0,32,0.242,0.812,0.0,0
898,1170,46461.0,1.0,6,2,1,7,0,3.641144200626959,1.0,46.461,2,0.0,1,1,0,0,False,False,11.648471841173423,12.082220992960297,15.46736659503345,0.0,False,0,0,1,1,0,0,1,False,1,1,1,8.568536843978737,11.043786224380032,9.29908110109278,11.84832385155674,11.012436193272055,13.66110956756074,12.92079369020204,1.50297142237357,4.236830808408114,5.434321212680064,7.854130983373945,1170,0.0,10.0,32,0.242,0.812,0.0,0
899,1170,28330.0,1.0,4,1,1,3,0,2.220219435736677,1.0,28.33,1,0.0,1,1,0,0,False,False,11.398698355713703,11.786024842912855,15.735859248813806,0.0,False,0,0,1,1,0,0,1,False,1,1,1,8.568536843978737,11.043786224380032,9.29908110109278,11.84832385155674,11.012436193272055,13.66110956756074,12.92079369020204,1.50297142237357,4.236830808408114,5.434321212680064,7.854130983373945,1170,0.0,10.0,32,0.242,0.812,0.0,0
900,1170,82724.0,2.0,7,2,1,2,0,4.798375870069606,1.0,82.724,3,1.0,2,2,0,1,False,False,12.02888216176073,11.575676748718262,16.545188131631157,0.0,False,0,0,1,1,0,0,1,False,1,1,1,8.568536843978737,11.043786224380032,9.29908110109278,11.84832385155674,11.012436193272055,13.66110956756074,12.92079369020204,1.50297142237357,4.236830808408114,5.434321212680064,7.854130983373945,1170,0.0,10.0,32,0.242,0.812,0.0,0
902,1170,90656.0,2.0,1,1,1,2,0,5.258468677494199,1.0,90.656,3,1.0,2,2,0,0,False,False,11.86970083331438,11.7043567416272,16.719972377737697,0.0,True,0,0,2,2,0,0,2,False,1,1,1,8.568536843978737,11.043786224380032,9.29908110109278,11.84832385155674,11.012436193272055,13.66110956756074,12.92079369020204,1.50297142237357,4.236830808408114,5.434321212680064,7.854130983373945,1170,0.0,10.0,32,0.242,0.812,0.0,0
903,1170,24235.0,3.0,1,1,2,7,0,1.1157918968692448,1.0,24.235,1,1.0,3,3,0,1,False,False,11.398698355713703,11.786024842912855,15.735859248813805,0.0,False,1,0,2,2,0,0,2,True,1,1,1,8.568536843978737,11.043786224380032,9.29908110109278,11.84832385155674,11.012436193272055,13.66110956756074,12.92079369020204,1.50297142237357,4.236830808408114,5.434321212680064,7.854130983373945,1170,0.0,10.0,32,0.242,0.812,1.0,1
904,1170,65057.0,3.0,5,2,2,6,0,2.995257826887661,1.0,65.057,3,1.0,3,3,0,0,False,False,12.028882161760729,11.57567674871826,16.545188131631157,0.0,False,0,0,3,3,0,0,3,False,1,1,1,8.568536843978737,11.043786224380032,9.29908110109278,11.84832385155674,11.012436193272055,13.66110956756074,12.92079369020204,1.50297142237357,4.236830808408114,5.434321212680064,7.854130983373945,1170,0.0,10.0,32,0.242,0.812,0.0,0
905,1170,121713.0,1.0,4,1,1,5,0,9.538636363636364,1.0,121.713,4,0.0,1,1,0,0,False,False,12.047147562931745,11.87968307783932,16.086365997742426,0.0,True,0,0,1,1,0,0,1,False,1,1,1,8.568536843978737,11.043786224380032,9.29908110109278,11.84832385155674,11.012436193272055,13.66110956756074,12.92079369020204,1.50297142237357,4.236830808408114,5.434321212680064,7.854130983373945,1170,0.0,10.0,32,0.242,0.812,0.0,0
906,1217,44784.0,1.0,6,1,0,3,0,3.509717868338558,1.0,44.784,2,1.0,1,1,0,1,False,False,11.728281355446985,11.146094039851254,14.479159775404556,0.0,False,0,0,1,1,0,0,1,False,1,1,1,8.668322957432322,11.126828071260377,9.339459856473932,11.882189156734722,10.969810628416056,13.661162714263462,12.88759869388285,1.750280609272883,4.558931928365109,4.95324779706453,7.594946661313229,1217,0.0,10.0,54,0.156,0.674,0.0,0
907,1217,345618.0,2.0,1,2,2,2,0,20.047447795823665,1.0,345.618,4,0.0,2,2,0,0,False,False,11.97218725139509,11.08577304172485,14.68600899224952,0.0,True,0,0,1,1,0,0,1,False,1,1,1,8.668322957432322,11.126828071260377,9.339459856473932,11.882189156734722,10.969810628416056,13.661162714263462,12.88759869388285,1.750280609272883,4.558931928365109,4.95324779706453,7.594946661313229,1217,0.0,10.0,54,0.156,0.674,0.0,0
908,1217,102225.0,3.0,2,1,0,5,0,4.706491712707182,1.0,102.225,4,3.0,3,3,0,1,False,False,12.055404890433644,11.306836648905657,14.928535437242765,0.0,False,0,0,3,3,0,0,3,False,1,1,1,8.668322957432322,11.126828071260377,9.339459856473932,11.882189156734722,10.969810628416056,13.661162714263462,12.88759869388285,1.750280609272883,4.558931928365109,4.95324779706453,7.594946661313229,1217,0.0,10.0,54,0.156,0.674,0.0,0
909,1217,88839.0,6.0,3,3,1,2,0,2.5267064846416383,1.0,88.839,3,5.0,2,1,5,0,False,False,11.946016087830598,10.959292622755257,14.902180765678304,0.0,True,0,1,5,1,0,4,5,False,120,84,120,8.668322957432322,11.126828071260377,9.339459856473932,11.882189156734722,10.969810628416056,13.661162714263462,12.88759869388285,1.750280609272883,4.558931928365109,4.95324779706453,7.594946661313229,1217,0.0,10.0,54,0.156,0.674,0.0,0
910,1217,35292.0,1.0,4,1,0,2,0,2.7658307210031348,1.0,35.292,2,1.0,1,1,0,1,False,False,11.728281355446985,11.146094039851254,14.479159775404556,0.0,False,0,0,1,1,0,0,1,False,1,1,1,8.668322957432322,11.126828071260377,9.339459856473932,11.882189156734722,10.969810628416056,13.661162714263462,12.88759869388285,1.750280609272883,4.558931928365109,4.95324779706453,7.594946661313229,1217,0.0,10.0,54,0.156,0.674,0.0,0
912,1217,43324.0,1.0,6,2,0,2,0,3.3952978056426333,1.0,43.324,2,1.0,1,1,0,0,False,False,11.558909576990231,10.93562413856462,15.007261036957717,0.0,False,0,0,1,1,0,0,1,False,1,1,1,8.668322957432322,11.126828071260377,9.339459856473932,11.882189156734722,10.969810628416056,13.661162714263462,12.88759869388285,1.750280609272883,4.558931928365109,4.95324779706453,7.594946661313229,1217,0.0,10.0,54,0.156,0.674,0.0,0
913,1217,109527.0,2.0,1,2,1,4,0,6.353074245939675,1.0,109.527,4,1.0,2,2,0,0,False,False,11.97218725139509,11.08577304172485,14.68600899224952,0.0,False,0,0,2,2,0,0,2,False,1,1,1,8.668322957432322,11.126828071260377,9.339459856473932,11.882189156734722,10.969810628416056,13.661162714263462,12.88759869388285,1.750280609272883,4.558931928365109,4.95324779706453,7.594946661313229,1217,0.0,10.0,54,0.156,0.674,0.0,0
914,1217,170375.0,2.0,1,1,2,2,0,9.88254060324826,1.0,170.375,4,0.0,2,2,0,0,False,False,12.055404890433644,11.306836648905657,14.928535437242765,0.0,True,0,0,2,2,0,0,2,False,1,1,1,8.668322957432322,11.126828071260377,9.339459856473932,11.882189156734722,10.969810628416056,13.661162714263462,12.88759869388285,1.750280609272883,4.558931928365109,4.95324779706453,7.594946661313229,1217,0.0,10.0,54,0.156,0.674,0.0,0
915,1217,21905.0,1.0,6,1,0,5,0,1.716692789968652,1.0,21.905,1,1.0,1,1,0,1,False,False,11.34444907082958,11.044404791752209,14.512843015675312,0.0,False,0,0,1,1,0,0,1,False,1,1,1,8.668322957432322,11.126828071260377,9.339459856473932,11.882189156734722,10.969810628416056,13.661162714263462,12.88759869388285,1.750280609272883,4.558931928365109,4.95324779706453,7.594946661313229,1217,0.0,10.0,54,0.156,0.674,0.0,0
916,1217,120480.0,3.0,1,3,1,3,0,5.54696132596685,1.0,120.48,4,2.0,3,3,0,2,False,False,11.97218725139509,11.08577304172485,14.68600899224952,0.0,False,1,0,2,2,0,0,2,True,1,1,1,8.668322957432322,11.126828071260377,9.339459856473932,11.882189156734722,10.969810628416056,13.661162714263462,12.88759869388285,1.750280609272883,4.558931928365109,4.95324779706453,7.594946661313229,1217,0.0,10.0,54,0.156,0.674,7.0,1
917,1217,109527.0,2.0,1,3,2,2,0,6.353074245939675,1.0,109.527,4,0.0,2,2,0,0,False,False,11.97218725139509,11.08577304172485,14.68600899224952,0.0,False,0,0,1,1,0,0,1,False,1,1,1,8.668322957432322,11.126828071260377,9.339459856473932,11.882189156734722,10.969810628416056,13.661162714263462,12.88759869388285,1.750280609272883,4.558931928365109,4.95324779706453,7.594946661313229,1217,0.0,10.0,54,0.156,0.674,0.0,0
918,1217,276666.0,2.0,1,2,2,2,0,16.047911832946635,1.0,276.666,4,0.0,2,2,0,0,False,False,11.97218725139509,11.08577304172485,14.68600899224952,0.0,True,1,0,2,2,0,0,2,True,1,1,1,8.668322957432322,11.126828071260377,9.339459856473932,11.882189156734722,10.969810628416056,13.661162714263462,12.88759869388285,1.750280609272883,4.558931928365109,4.95324779706453,7.594946661313229,1217,0.0,10.0,54,0.156,0.674,10.0,1
920,1217,156581.0,2.0,5,2,1,8,0,9.082424593967517,1.0,156.581,4,1.0,2,2,0,1,False,False,11.97218725139509,11.08577304172485,14.68600899224952,0.0,True,0,0,2,2,0,0,2,False,1,1,1,8.668322957432322,11.126828071260377,9.339459856473932,11.882189156734722,10.969810628416056,13.661162714263462,12.88759869388285,1.750280609272883,4.558931928365109,4.95324779706453,7.594946661313229,1217,0.0,10.0,54,0.156,0.674,0.0,0
921,1217,51213.0,8.0,1,2,2,7,0,1.160766092475068,1.0,51.213,2,6.0,3,3,5,1,False,False,11.558909576990231,10.93562413856462,15.007261036957717,0.0,False,0,2,5,2,0,3,5,False,157,13,115,8.668322957432322,11.126828071260377,9.339459856473932,11.882189156734722,10.969810628416056,13.661162714263462,12.88759869388285,1.750280609272883,4.558931928365109,4.95324779706453,7.594946661313229,1217,0.0,10.0,54,0.156,0.674,0.0,0
922,1217,51213.0,8.0,1,1,2,7,0,1.160766092475068,1.0,51.213,2,6.0,3,3,5,1,False,False,11.728281355446985,11.146094039851254,14.479159775404556,0.0,True,0,0,8,3,1,5,7,False,152,113,152,8.668322957432322,11.126828071260377,9.339459856473932,11.882189156734722,10.969810628416056,13.661162714263462,12.88759869388285,1.750280609272883,4.558931928365109,4.95324779706453,7.594946661313229,1217,0.0,10.0,54,0.156,0.674,0.0,0
923,1217,51919.0,2.0,1,2,0,2,0,3.011542923433874,1.0,51.919,2,2.0,2,2,0,1,True,False,11.558909576990231,10.93562413856462,15.007261036957717,0.0,False,0,0,2,2,0,0,2,False,1,1,1,8.668322957432322,11.126828071260377,9.339459856473932,11.882189156734722,10.969810628416056,13.661162714263462,12.88759869388285,1.750280609272883,4.558931928365109,4.95324779706453,7.594946661313229,1217,0.0,10.0,54,0.156,0.674,0.0,0
924,1217,235460.0,2.0,5,1,1,2,0,13.657772621809745,1.0,235.46,4,1.0,2,2,0,1,False,False,12.055404890433644,11.306836648905657,14.928535437242765,0.0,False,0,0,2,2,0,0,2,False,1,1,1,8.668322957432322,11.126828071260377,9.339459856473932,11.882189156734722,10.969810628416056,13.661162714263462,12.88759869388285,1.750280609272883,4.558931928365109,4.95324779706453,7.594946661313229,1217,0.0,10.0,54,0.156,0.674,0.0,0
925,1217,52037.0,1.0,6,2,0,2,0,4.078134796238245,1.0,52.037,2,1.0,1,1,0,0,False,False,11.558909576990231,10.93562413856462,15.007261036957717,0.0,False,0,0,1,1,0,0,1,False,1,1,1,8.668322957432322,11.126828071260377,9.339459856473932,11.882189156734722,10.969810628416056,13.661162714263462,12.88759869388285,1.750280609272883,4.558931928365109,4.95324779706453,7.594946661313229,1217,0.0,10.0,54,0.156,0.674,0.0,0
926,1217,0.0,6.0,3,1,0,2,0,0.0,1.0,0.0,1,6.0,1,1,5,1,False,False,11.344449070829578,11.044404791752209,14.51284301567531,0.0,False,0,2,3,0,0,3,3,False,1,1,1,8.668322957432322,11.126828071260377,9.339459856473932,11.882189156734722,10.969810628416056,13.661162714263462,12.88759869388285,1.750280609272883,4.558931928365109,4.95324779706453,7.594946661313229,1217,0.0,10.0,54,0.156,0.674,0.0,0
927,1217,38851.0,3.0,1,2,1,3,0,1.788720073664825,1.0,38.851,2,2.0,3,3,0,2,False,False,11.558909576990231,10.93562413856462,15.007261036957717,0.0,True,0,0,1,1,0,0,1,False,1,1,1,8.668322957432322,11.126828071260377,9.339459856473932,11.882189156734722,10.969810628416056,13.661162714263462,12.88759869388285,1.750280609272883,4.558931928365109,4.95324779706453,7.594946661313229,1217,0.0,10.0,54,0.156,0.674,0.0,0
930,1217,47092.0,2.0,1,2,1,2,0,2.731554524361949,1.0,47.092,2,1.0,2,2,0,1,False,False,11.558909576990231,10.93562413856462,15.007261036957717,0.0,False,0,0,1,1,0,0,1,False,1,1,1,8.668322957432322,11.126828071260377,9.339459856473932,11.882189156734722,10.969810628416056,13.661162714263462,12.88759869388285,1.750280609272883,4.558931928365109,4.95324779706453,7.594946661313229,1217,0.0,10.0,54,0.156,0.674,0.0,0
931,1217,32964.0,1.0,4,1,0,8,0,2.583385579937304,1.0,32.964,2,1.0,1,1,0,1,False,False,11.728281355446985,11.146094039851254,14.479159775404556,0.0,False,0,0,1,1,0,0,1,False,1,1,1,8.668322957432322,11.126828071260377,9.339459856473932,11.882189156734722,10.969810628416056,13.661162714263462,12.88759869388285,1.750280609272883,4.558931928365109,4.95324779706453,7.594946661313229,1217,0.0,10.0,54,0.156,0.674,0.0,0
932,1217,32964.0,1.0,4,1,0,8,0,2.583385579937304,1.0,32.964,2,1.0,1,1,0,1,False,False,11.728281355446985,11.146094039851254,14.479159775404556,0.0,False,0,0,1,1,0,0,1,False,1,1,1,8.668322957432322,11.126828071260377,9.339459856473932,11.882189156734722,10.969810628416056,13.661162714263462,12.88759869388285,1.750280609272883,4.558931928365109,4.95324779706453,7.594946661313229,1217,0.0,10.0,54,0.156,0.674,0.0,0
934,1217,164482.0,2.0,1,3,2,2,0,9.540719257540603,1.0,164.482,4,0.0,2,2,0,0,False,False,11.97218725139509,11.08577304172485,14.68600899224952,0.0,False,0,0,2,2,0,0,2,False,1,1,1,8.668322957432322,11.126828071260377,9.339459856473932,11.882189156734722,10.969810628416056,13.661162714263462,12.88759869388285,1.750280609272883,4.558931928365109,4.95324779706453,7.594946661313229,1217,0.0,10.0,54,0.156,0.674,0.0,0
935,1217,54061.0,2.0,1,1,1,6,0,3.135788863109049,1.0,54.061,2,1.0,2,2,0,1,False,False,11.728281355446985,11.146094039851254,14.479159775404556,0.0,False,0,0,2,2,0,0,2,False,1,1,1,8.668322957432322,11.126828071260377,9.339459856473932,11.882189156734722,10.969810628416056,13.661162714263462,12.88759869388285,1.750280609272883,4.558931928365109,4.95324779706453,7.594946661313229,1217,0.0,10.0,54,0.156,0.674,0.0,0
936,1217,48310.0,2.0,1,3,0,2,0,2.8022041763341066,1.0,48.31,2,2.0,2,2,0,2,False,False,11.558909576990231,10.93562413856462,15.007261036957717,0.0,True,0,0,2,2,0,0,2,False,1,1,1,8.668322957432322,11.126828071260377,9.339459856473932,11.882189156734722,10.969810628416056,13.661162714263462,12.88759869388285,1.750280609272883,4.558931928365109,4.95324779706453,7.594946661313229,1217,0.0,10.0,54,0.156,0.674,0.0,0
937,1217,129976.0,3.0,5,3,2,6,0,5.984162062615101,1.0,129.976,4,1.0,3,3,0,1,False,False,11.97218725139509,11.08577304172485,14.68600899224952,0.0,False,0,0,3,3,0,0,3,False,1,1,1,8.668322957432322,11.126828071260377,9.339459856473932,11.882189156734722,10.969810628416056,13.661162714263462,12.88759869388285,1.750280609272883,4.558931928365109,4.95324779706453,7.594946661313229,1217,0.0,10.0,54,0.156,0.674,0.0,0
938,1217,75915.0,3.0,5,2,2,5,0,3.4951657458563536,1.0,75.915,3,1.0,3,3,0,0,False,False,11.946016087830598,10.959292622755257,14.902180765678304,0.0,False,0,0,3,3,0,0,3,False,1,1,1,8.668322957432322,11.126828071260377,9.339459856473932,11.882189156734722,10.969810628416056,13.661162714263462,12.88759869388285,1.750280609272883,4.558931928365109,4.95324779706453,7.594946661313229,1217,0.0,10.0,54,0.156,0.674,0.0,0
939,1217,112607.0,2.0,1,2,2,6,0,6.531728538283063,1.0,112.607,4,0.0,2,2,0,0,False,False,11.97218725139509,11.08577304172485,14.68600899224952,0.0,True,0,0,2,2,0,0,2,False,1,1,1,8.668322957432322,11.126828071260377,9.339459856473932,11.882189156734722,10.969810628416056,13.661162714263462,12.88759869388285,1.750280609272883,4.558931928365109,4.95324779706453,7.594946661313229,1217,0.0,10.0,54,0.156,0.674,0.0,0
940,1217,57511.0,2.0,1,2,1,6,0,3.335904872389792,1.0,57.511,2,1.0,2,2,0,0,False,False,11.558909576990231,10.93562413856462,15.007261036957717,0.0,False,1,0,2,2,0,0,2,True,1,1,1,8.668322957432322,11.126828071260377,9.339459856473932,11.882189156734722,10.969810628416056,13.661162714263462,12.88759869388285,1.750280609272883,4.558931928365109,4.95324779706453,7.594946661313229,1217,0.0,10.0,54,0.156,0.674,7.0,1
941,1217,299749.0,2.0,1,2,2,2,0,17.38683294663573,1.0,299.749,4,0.0,2,2,0,0,False,False,11.97218725139509,11.08577304172485,14.68600899224952,0.0,False,0,0,2,2,0,0,2,False,1,1,1,8.668322957432322,11.126828071260377,9.339459856473932,11.882189156734722,10.969810628416056,13.661162714263462,12.88759869388285,1.750280609272883,4.558931928365109,4.95324779706453,7.594946661313229,1217,0.0,10.0,54,0.156,0.674,0.0,0
942,1217,68439.0,1.0,4,2,0,2,0,5.363557993730407,1.0,68.439,3,1.0,1,1,0,1,True,False,11.946016087830598,10.959292622755257,14.902180765678304,0.0,True,0,0,1,1,0,0,1,False,1,1,1,8.668322957432322,11.126828071260377,9.339459856473932,11.882189156734722,10.969810628416056,13.661162714263462,12.88759869388285,1.750280609272883,4.558931928365109,4.95324779706453,7.594946661313229,1217,0.0,10.0,54,0.156,0.674,0.0,0
943,1217,25305.0,1.0,6,1,0,2,0,1.983150470219436,1.0,25.305,1,1.0,1,1,0,0,False,False,11.34444907082958,11.044404791752209,14.512843015675312,0.0,False,0,0,1,1,0,0,1,False,1,1,1,8.668322957432322,11.126828071260377,9.339459856473932,11.882189156734722,10.969810628416056,13.661162714263462,12.88759869388285,1.750280609272883,4.558931928365109,4.95324779706453,7.594946661313229,1217,0.0,10.0,54,0.156,0.674,0.0,0
944,1217,67863.0,2.0,1,1,1,5,0,3.936368909512761,1.0,67.863,3,1.0,2,2,0,1,False,False,11.827087446328994,11.176156104278142,14.562078772892836,0.0,False,0,0,2,2,0,0,2,False,1,1,1,8.668322957432322,11.126828071260377,9.339459856473932,11.882189156734722,10.969810628416056,13.661162714263462,12.88759869388285,1.750280609272883,4.558931928365109,4.95324779706453,7.594946661313229,1217,0.0,10.0,54,0.156,0.674,0.0,0
945,1217,124225.0,2.0,1,1,2,7,0,7.205626450116009,1.0,124.225,4,0.0,2,2,0,0,False,False,12.055404890433644,11.306836648905657,14.928535437242765,0.0,False,0,0,1,1,0,0,1,False,1,1,1,8.668322957432322,11.126828071260377,9.339459856473932,11.882189156734722,10.969810628416056,13.661162714263462,12.88759869388285,1.750280609272883,4.558931928365109,4.95324779706453,7.594946661313229,1217,0.0,10.0,54,0.156,0.674,0.0,0
946,1217,141423.0,3.0,3,3,3,6,0,6.511187845303867,1.0,141.423,4,0.0,3,3,0,0,False,False,11.97218725139509,11.08577304172485,14.68600899224952,0.0,False,1,0,3,3,0,0,3,True,1,1,1,8.668322957432322,11.126828071260377,9.339459856473932,11.882189156734722,10.969810628416056,13.661162714263462,12.88759869388285,1.750280609272883,4.558931928365109,4.95324779706453,7.594946661313229,1217,0.0,10.0,54,0.156,0.674,13.0,1
947,1217,39095.0,5.0,3,1,1,7,0,1.274282920469361,1.0,39.095,2,4.0,1,1,4,0,False,False,11.728281355446985,11.146094039851254,14.479159775404558,0.0,False,0,1,5,1,2,4,3,False,40,1,40,8.668322957432322,11.126828071260377,9.339459856473932,11.882189156734722,10.969810628416056,13.661162714263462,12.88759869388285,1.750280609272883,4.558931928365109,4.95324779706453,7.594946661313229,1217,0.0,10.0,54,0.156,0.674,0.0,0
948,1217,39095.0,5.0,3,1,1,7,0,1.274282920469361,1.0,39.095,2,4.0,1,1,4,0,False,False,11.728281355446985,11.146094039851254,14.479159775404558,0.0,False,0,0,5,1,2,4,3,False,14,10,14,8.668322957432322,11.126828071260377,9.339459856473932,11.882189156734722,10.969810628416056,13.661162714263462,12.88759869388285,1.750280609272883,4.558931928365109,4.95324779706453,7.594946661313229,1217,0.0,10.0,54,0.156,0.674,0.0,0
949,1217,58020.0,2.0,5,2,2,6,0,3.365429234338748,1.0,58.02,2,0.0,2,2,0,0,False,False,11.558909576990231,10.93562413856462,15.007261036957717,0.0,False,0,0,1,1,0,0,1,False,1,1,1,8.668322957432322,11.126828071260377,9.339459856473932,11.882189156734722,10.969810628416056,13.661162714263462,12.88759869388285,1.750280609272883,4.558931928365109,4.95324779706453,7.594946661313229,1217,0.0,10.0,54,0.156,0.674,0.0,0
950,1217,53487.0,1.0,6,1,0,7,0,4.191771159874608,1.0,53.487,2,1.0,1,1,0,1,False,False,11.728281355446985,11.146094039851254,14.479159775404556,0.0,False,0,0,1,1,0,0,1,False,1,1,1,8.668322957432322,11.126828071260377,9.339459856473932,11.882189156734722,10.969810628416056,13.661162714263462,12.88759869388285,1.750280609272883,4.558931928365109,4.95324779706453,7.594946661313229,1217,0.0,10.0,54,0.156,0.674,0.0,0
951,1217,188225.0,2.0,5,1,1,2,0,10.91792343387471,1.0,188.225,4,1.0,2,2,0,1,True,False,12.055404890433644,11.306836648905657,14.928535437242765,0.0,True,0,0,1,1,0,0,1,False,1,1,1,8.668322957432322,11.126828071260377,9.339459856473932,11.882189156734722,10.969810628416056,13.661162714263462,12.88759869388285,1.750280609272883,4.558931928365109,4.95324779706453,7.594946661313229,1217,0.0,10.0,54,0.156,0.674,0.0,0
952,1217,169074.0,3.0,1,3,2,7,0,7.784254143646409,1.0,169.074,4,1.0,3,3,0,1,False,False,11.97218725139509,11.08577304172485,14.68600899224952,0.0,False,0,0,3,3,0,0,3,False,1,1,1,8.668322957432322,11.126828071260377,9.339459856473932,11.882189156734722,10.969810628416056,13.661162714263462,12.88759869388285,1.750280609272883,4.558931928365109,4.95324779706453,7.594946661313229,1217,0.0,10.0,54,0.156,0.674,0.0,0
953,1217,226640.0,2.0,1,2,1,2,0,13.146171693735498,1.0,226.64,4,1.0,2,2,0,0,False,False,11.97218725139509,11.08577304172485,14.68600899224952,0.0,False,0,0,2,2,0,0,2,False,1,1,1,8.668322957432322,11.126828071260377,9.339459856473932,11.882189156734722,10.969810628416056,13.661162714263462,12.88759869388285,1.750280609272883,4.558931928365109,4.95324779706453,7.594946661313229,1217,0.0,10.0,54,0.156,0.674,0.0,0
954,1217,124652.0,2.0,1,2,2,2,0,7.230394431554524,1.0,124.652,4,0.0,2,2,0,0,False,False,11.97218725139509,11.08577304172485,14.68600899224952,0.0,False,0,0,2,2,0,0,2,False,1,1,1,8.668322957432322,11.126828071260377,9.339459856473932,11.882189156734722,10.969810628416056,13.661162714263462,12.88759869388285,1.750280609272883,4.558931928365109,4.95324779706453,7.594946661313229,1217,0.0,10.0,54,0.156,0.674,0.0,0
955,1217,54394.0,1.0,4,1,0,4,0,4.262852664576802,1.0,54.394,2,1.0,1,1,0,0,False,False,11.728281355446985,11.146094039851254,14.479159775404556,0.0,False,0,0,1,1,0,0,1,False,1,1,1,8.668322957432322,11.126828071260377,9.339459856473932,11.882189156734722,10.969810628416056,13.661162714263462,12.88759869388285,1.750280609272883,4.558931928365109,4.95324779706453,7.594946661313229,1217,0.0,10.0,54,0.156,0.674,0.0,0
956,1217,12805.0,1.0,4,1,0,8,0,1.003526645768025,1.0,12.805,1,1.0,1,1,0,1,False,False,11.34444907082958,11.044404791752209,14.512843015675312,0.0,False,0,0,1,1,0,0,1,False,1,1,1,8.668322957432322,11.126828071260377,9.339459856473932,11.882189156734722,10.969810628416056,13.661162714263462,12.88759869388285,1.750280609272883,4.558931928365109,4.95324779706453,7.594946661313229,1217,0.0,10.0,54,0.156,0.674,0.0,0
957,1217,190264.0,3.0,1,3,2,2,0,8.759852670349908,1.0,190.264,4,1.0,3,3,0,1,False,False,11.97218725139509,11.08577304172485,14.68600899224952,0.0,False,0,0,3,3,0,0,3,False,1,1,1,8.668322957432322,11.126828071260377,9.339459856473932,11.882189156734722,10.969810628416056,13.661162714263462,12.88759869388285,1.750280609272883,4.558931928365109,4.95324779706453,7.594946661313229,1217,0.0,10.0,54,0.156,0.674,0.0,0
958,1217,82384.0,6.0,1,2,1,2,0,2.34311717861206,1.0,82.384,3,5.0,2,2,4,1,False,False,11.946016087830598,10.959292622755257,14.902180765678304,0.0,True,0,1,5,2,1,3,4,False,23,58,58,8.668322957432322,11.126828071260377,9.339459856473932,11.882189156734722,10.969810628416056,13.661162714263462,12.88759869388285,1.750280609272883,4.558931928365109,4.95324779706453,7.594946661313229,1217,0.0,10.0,54,0.156,0.674,0.0,0
959,1217,82384.0,6.0,1,2,1,2,0,2.34311717861206,1.0,82.384,3,5.0,2,2,4,1,False,False,11.946016087830598,10.959292622755257,14.902180765678304,0.0,False,1,3,5,1,2,4,3,True,5,5,5,8.668322957432322,11.126828071260377,9.339459856473932,11.882189156734722,10.969810628416056,13.661162714263462,12.88759869388285,1.750280609272883,4.558931928365109,4.95324779706453,7.594946661313229,1217,0.0,10.0,54,0.156,0.674,12.0,1
960,1217,82384.0,6.0,1,2,1,2,0,2.34311717861206,1.0,82.384,3,5.0,2,2,4,1,False,False,11.946016087830598,10.959292622755257,14.902180765678304,0.0,False,0,1,3,0,1,3,2,False,1,1,1,8.668322957432322,11.126828071260377,9.339459856473932,11.882189156734722,10.969810628416056,13.661162714263462,12.88759869388285,1.750280609272883,4.558931928365109,4.95324779706453,7.594946661313229,1217,0.0,10.0,54,0.156,0.674,0.0,0
961,1217,82384.0,6.0,1,2,1,2,0,2.34311717861206,1.0,82.384,3,5.0,2,2,4,1,False,False,11.946016087830598,10.959292622755257,14.902180765678304,0.0,False,0,0,5,1,2,4,3,False,5,52,17,8.668322957432322,11.126828071260377,9.339459856473932,11.882189156734722,10.969810628416056,13.661162714263462,12.88759869388285,1.750280609272883,4.558931928365109,4.95324779706453,7.594946661313229,1217,0.0,10.0,54,0.156,0.674,0.0,0
962,1217,90656.0,2.0,1,2,1,2,0,5.258468677494199,1.0,90.656,3,1.0,2,2,0,0,False,False,11.946016087830598,10.959292622755257,14.902180765678304,0.0,False,0,0,2,2,0,0,2,False,1,1,1,8.668322957432322,11.126828071260377,9.339459856473932,11.882189156734722,10.969810628416056,13.661162714263462,12.88759869388285,1.750280609272883,4.558931928365109,4.95324779706453,7.594946661313229,1217,0.0,10.0,54,0.156,0.674,0.0,0
963,1217,151979.0,2.0,1,2,1,2,0,8.815487238979118,1.0,151.979,4,1.0,2,2,0,1,False,False,11.97218725139509,11.08577304172485,14.68600899224952,0.0,False,0,0,1,1,0,0,1,False,1,1,1,8.668322957432322,11.126828071260377,9.339459856473932,11.882189156734722,10.969810628416056,13.661162714263462,12.88759869388285,1.750280609272883,4.558931928365109,4.95324779706453,7.594946661313229,1217,0.0,10.0,54,0.156,0.674,0.0,0
965,1217,45023.0,1.0,4,1,0,2,0,3.5284482758620688,1.0,45.023,2,1.0,1,1,0,1,False,False,11.728281355446985,11.146094039851254,14.479159775404556,0.0,False,0,0,1,1,0,0,1,False,1,1,1,8.668322957432322,11.126828071260377,9.339459856473932,11.882189156734722,10.969810628416056,13.661162714263462,12.88759869388285,1.750280609272883,4.558931928365109,4.95324779706453,7.594946661313229,1217,0.0,10.0,54,0.156,0.674,0.0,0
966,1217,120636.0,3.0,2,2,2,7,0,5.55414364640884,1.0,120.636,4,1.0,3,3,0,1,False,False,11.97218725139509,11.08577304172485,14.68600899224952,0.0,False,1,0,3,3,0,0,3,True,1,1,1,8.668322957432322,11.126828071260377,9.339459856473932,11.882189156734722,10.969810628416056,13.661162714263462,12.88759869388285,1.750280609272883,4.558931928365109,4.95324779706453,7.594946661313229,1217,0.0,10.0,54,0.156,0.674,1.0,1
967,1217,116866.0,3.0,2,1,1,3,0,5.380570902394107,1.0,116.866,4,2.0,3,3,0,0,False,False,12.055404890433644,11.306836648905657,14.928535437242765,0.0,False,0,0,3,3,0,0,3,False,1,1,1,8.668322957432322,11.126828071260377,9.339459856473932,11.882189156734722,10.969810628416056,13.661162714263462,12.88759869388285,1.750280609272883,4.558931928365109,4.95324779706453,7.594946661313229,1217,0.0,10.0,54,0.156,0.674,0.0,0
969,1217,80783.0,2.0,1,2,1,2,0,4.685788863109049,1.0,80.783,3,1.0,2,2,0,1,False,False,11.946016087830598,10.959292622755257,14.902180765678304,0.0,False,0,0,2,2,0,0,2,False,1,1,1,8.668322957432322,11.126828071260377,9.339459856473932,11.882189156734722,10.969810628416056,13.661162714263462,12.88759869388285,1.750280609272883,4.558931928365109,4.95324779706453,7.594946661313229,1217,0.0,10.0,54,0.156,0.674,0.0,0
970,1217,32313.0,3.0,2,1,0,5,0,1.487707182320442,1.0,32.313,2,3.0,1,1,2,0,False,False,11.728281355446985,11.146094039851254,14.479159775404556,0.0,False,0,1,2,0,2,2,0,False,1,1,1,8.668322957432322,11.126828071260377,9.339459856473932,11.882189156734722,10.969810628416056,13.661162714263462,12.88759869388285,1.750280609272883,4.558931928365109,4.95324779706453,7.594946661313229,1217,0.0,10.0,54,0.156,0.674,0.0,0
971,1217,74751.0,3.0,5,2,0,4,0,3.441574585635359,1.0,74.751,3,3.0,3,3,0,3,False,False,11.946016087830598,10.959292622755257,14.902180765678304,0.0,False,0,0,3,3,0,0,3,False,1,1,1,8.668322957432322,11.126828071260377,9.339459856473932,11.882189156734722,10.969810628416056,13.661162714263462,12.88759869388285,1.750280609272883,4.558931928365109,4.95324779706453,7.594946661313229,1217,0.0,10.0,54,0.156,0.674,0.0,0
972,1217,158334.0,3.0,3,2,3,4,0,7.289779005524862,1.0,158.334,4,0.0,3,3,0,0,False,False,11.97218725139509,11.08577304172485,14.68600899224952,0.0,False,0,0,3,3,0,0,3,False,1,1,1,8.668322957432322,11.126828071260377,9.339459856473932,11.882189156734722,10.969810628416056,13.661162714263462,12.88759869388285,1.750280609272883,4.558931928365109,4.95324779706453,7.594946661313229,1217,0.0,10.0,54,0.156,0.674,0.0,0
973,1217,26928.0,2.0,1,2,1,3,0,1.5619489559164734,1.0,26.928,1,1.0,2,2,0,0,False,False,11.293024509309866,11.066040375832586,15.230938040113152,0.0,False,0,0,2,2,0,0,2,False,1,1,1,8.668322957432322,11.126828071260377,9.339459856473932,11.882189156734722,10.969810628416056,13.661162714263462,12.88759869388285,1.750280609272883,4.558931928365109,4.95324779706453,7.594946661313229,1217,0.0,10.0,54,0.156,0.674,0.0,0
974,1217,234809.0,2.0,1,3,2,9,0,13.620011600928072,1.0,234.809,4,0.0,2,2,0,0,False,False,11.97218725139509,11.08577304172485,14.68600899224952,0.0,True,0,0,2,2,0,0,2,False,1,1,1,8.668322957432322,11.126828071260377,9.339459856473932,11.882189156734722,10.969810628416056,13.661162714263462,12.88759869388285,1.750280609272883,4.558931928365109,4.95324779706453,7.594946661313229,1217,0.0,10.0,54,0.156,0.674,0.0,0
975,1217,234809.0,2.0,1,2,2,9,0,13.620011600928072,1.0,234.809,4,0.0,2,2,0,0,False,False,11.97218725139509,11.08577304172485,14.68600899224952,0.0,True,1,0,2,2,0,0,2,True,1,1,1,8.668322957432322,11.126828071260377,9.339459856473932,11.882189156734722,10.969810628416056,13.661162714263462,12.88759869388285,1.750280609272883,4.558931928365109,4.95324779706453,7.594946661313229,1217,0.0,10.0,54,0.156,0.674,1.0,1
976,1217,46746.0,6.0,1,2,2,4,0,1.3295221843003413,1.0,46.746,2,4.0,2,2,4,0,False,False,11.558909576990231,10.93562413856462,15.007261036957717,0.0,False,1,4,5,2,2,3,3,True,1,1,1,8.668322957432322,11.126828071260377,9.339459856473932,11.882189156734722,10.969810628416056,13.661162714263462,12.88759869388285,1.750280609272883,4.558931928365109,4.95324779706453,7.594946661313229,1217,0.0,10.0,54,0.156,0.674,12.0,1
977,1217,46746.0,6.0,1,2,2,4,0,1.3295221843003413,1.0,46.746,2,4.0,2,2,4,0,True,False,11.558909576990231,10.93562413856462,15.007261036957717,0.0,True,0,2,5,2,2,3,3,False,30,30,7,8.668322957432322,11.126828071260377,9.339459856473932,11.882189156734722,10.969810628416056,13.661162714263462,12.88759869388285,1.750280609272883,4.558931928365109,4.95324779706453,7.594946661313229,1217,0.0,10.0,54,0.156,0.674,0.0,0
978,1217,46746.0,6.0,1,2,2,4,0,1.3295221843003413,1.0,46.746,2,4.0,2,2,4,0,False,False,11.558909576990231,10.93562413856462,15.007261036957717,0.0,False,0,3,3,2,0,1,3,False,5,1,5,8.668322957432322,11.126828071260377,9.339459856473932,11.882189156734722,10.969810628416056,13.661162714263462,12.88759869388285,1.750280609272883,4.558931928365109,4.95324779706453,7.594946661313229,1217,0.0,10.0,54,0.156,0.674,0.0,0
979,1217,59241.0,2.0,1,0,1,5,0,3.4362529002320183,1.0,59.241,2,1.0,2,2,0,1,False,False,12.621734066598464,12.545796469077883,15.234721962558003,0.0,False,0,0,2,2,0,0,2,False,1,1,1,8.668322957432322,11.126828071260377,9.339459856473932,11.882189156734722,10.969810628416056,13.661162714263462,12.88759869388285,1.750280609272883,4.558931928365109,4.95324779706453,7.594946661313229,1217,0.0,10.0,54,0.156,0.674,0.0,0
980,1217,215421.0,2.0,1,3,2,3,0,12.495417633410671,1.0,215.421,4,0.0,2,2,0,0,False,False,11.97218725139509,11.08577304172485,14.68600899224952,0.0,True,0,0,2,2,0,0,2,False,1,1,1,8.668322957432322,11.126828071260377,9.339459856473932,11.882189156734722,10.969810628416056,13.661162714263462,12.88759869388285,1.750280609272883,4.558931928365109,4.95324779706453,7.594946661313229,1217,0.0,10.0,54,0.156,0.674,0.0,0
983,1217,455615.0,1.0,6,1,0,9,0,35.70650470219436,1.0,455.615,4,1.0,1,1,0,0,False,False,12.055404890433644,11.306836648905657,14.928535437242765,0.0,False,0,0,1,1,0,0,1,False,1,1,1,8.668322957432322,11.126828071260377,9.339459856473932,11.882189156734722,10.969810628416056,13.661162714263462,12.88759869388285,1.750280609272883,4.558931928365109,4.95324779706453,7.594946661313229,1217,0.0,10.0,54,0.156,0.674,0.0,0
984,1217,671898.0,2.0,1,3,0,2,0,38.97320185614849,1.0,671.898,4,2.0,2,2,0,2,False,False,11.97218725139509,11.08577304172485,14.68600899224952,0.0,True,0,0,2,2,0,0,2,False,1,1,1,8.668322957432322,11.126828071260377,9.339459856473932,11.882189156734722,10.969810628416056,13.661162714263462,12.88759869388285,1.750280609272883,4.558931928365109,4.95324779706453,7.594946661313229,1217,0.0,10.0,54,0.156,0.674,0.0,0
985,1217,26928.0,3.0,1,1,1,4,0,1.239779005524862,1.0,26.928,1,2.0,3,3,0,2,False,False,11.344449070829578,11.044404791752209,14.51284301567531,0.0,False,0,0,2,2,0,0,2,False,1,1,1,8.668322957432322,11.126828071260377,9.339459856473932,11.882189156734722,10.969810628416056,13.661162714263462,12.88759869388285,1.750280609272883,4.558931928365109,4.95324779706453,7.594946661313229,1217,0.0,10.0,54,0.156,0.674,0.0,0
986,1217,210035.0,6.0,1,3,1,2,0,5.973691695108077,1.0,210.035,4,5.0,2,2,4,1,False,False,11.97218725139509,11.08577304172485,14.68600899224952,0.0,True,0,1,5,2,1,3,4,False,58,91,115,8.668322957432322,11.126828071260377,9.339459856473932,11.882189156734722,10.969810628416056,13.661162714263462,12.88759869388285,1.750280609272883,4.558931928365109,4.95324779706453,7.594946661313229,1217,0.0,10.0,54,0.156,0.674,0.0,0
987,1276,98696.0,3.0,3,2,2,6,0,4.544014732965009,1.0,98.696,3,1.0,3,3,0,1,False,False,12.01518833391241,11.064765562589123,15.908204389877891,0.0,True,1,0,3,3,0,0,3,True,1,1,1,8.615804546228038,11.081165210936366,9.352390354416496,11.89752592824341,10.965867112350152,13.631471642800848,12.879826689298689,1.486291719307631,4.219666580271009,5.080097576450973,7.724100292801189,1276,0.0,10.0,48,0.043,0.43,10.0,1
989,1276,102225.0,3.0,2,1,0,5,0,4.706491712707182,1.0,102.225,4,3.0,3,3,0,1,False,False,11.932846900893573,11.17659602054752,16.015138358958378,0.0,True,0,0,1,1,0,0,1,False,1,1,1,8.615804546228038,11.081165210936366,9.352390354416496,11.89752592824341,10.965867112350152,13.631471642800848,12.879826689298689,1.486291719307631,4.219666580271009,5.080097576450973,7.724100292801189,1276,0.0,10.0,48,0.043,0.43,0.0,0
990,1276,88839.0,6.0,3,3,1,2,0,2.5267064846416383,1.0,88.839,3,5.0,2,1,5,0,False,False,12.01518833391241,11.064765562589123,15.908204389877891,0.0,False,0,0,6,1,0,5,6,False,148,84,84,8.615804546228038,11.081165210936366,9.352390354416496,11.89752592824341,10.965867112350152,13.631471642800848,12.879826689298689,1.486291719307631,4.219666580271009,5.080097576450973,7.724100292801189,1276,0.0,10.0,48,0.043,0.43,0.0,0
991,1276,88839.0,6.0,3,2,1,2,0,2.5267064846416383,1.0,88.839,3,5.0,2,1,5,0,False,False,12.01518833391241,11.064765562589123,15.908204389877891,0.0,False,0,0,6,1,0,5,6,False,1,1,1,8.615804546228038,11.081165210936366,9.352390354416496,11.89752592824341,10.965867112350152,13.631471642800848,12.879826689298689,1.486291719307631,4.219666580271009,5.080097576450973,7.724100292801189,1276,0.0,10.0,48,0.043,0.43,0.0,0
992,1276,35292.0,1.0,4,1,0,2,0,2.7658307210031348,1.0,35.292,2,1.0,1,1,0,1,False,False,11.850872264677353,10.93169114543449,15.644259462595068,0.0,False,0,0,1,1,0,0,1,False,1,1,1,8.615804546228038,11.081165210936366,9.352390354416496,11.89752592824341,10.965867112350152,13.631471642800848,12.879826689298689,1.486291719307631,4.219666580271009,5.080097576450973,7.724100292801189,1276,0.0,10.0,48,0.043,0.43,0.0,0
993,1276,43324.0,1.0,6,2,0,2,0,3.3952978056426333,1.0,43.324,2,1.0,1,1,0,0,False,False,11.858033965482058,11.01271145323968,15.813041154649554,0.0,False,0,0,1,1,0,0,1,False,1,1,1,8.615804546228038,11.081165210936366,9.352390354416496,11.89752592824341,10.965867112350152,13.631471642800848,12.879826689298689,1.486291719307631,4.219666580271009,5.080097576450973,7.724100292801189,1276,0.0,10.0,48,0.043,0.43,0.0,0
994,1276,109527.0,2.0,1,2,1,4,0,6.353074245939675,1.0,109.527,4,1.0,2,2,0,0,False,False,11.92971821977269,11.103290969431653,15.88875476565268,0.0,True,0,0,2,2,0,0,2,False,1,1,1,8.615804546228038,11.081165210936366,9.352390354416496,11.89752592824341,10.965867112350152,13.631471642800848,12.879826689298689,1.486291719307631,4.219666580271009,5.080097576450973,7.724100292801189,1276,0.0,10.0,48,0.043,0.43,0.0,0
995,1276,95597.0,1.0,4,3,0,2,0,7.49192789968652,1.0,95.597,3,1.0,1,1,0,1,False,False,12.01518833391241,11.064765562589123,15.908204389877891,0.0,False,0,0,1,1,0,0,1,False,1,1,1,8.615804546228038,11.081165210936366,9.352390354416496,11.89752592824341,10.965867112350152,13.631471642800848,12.879826689298689,1.486291719307631,4.219666580271009,5.080097576450973,7.724100292801189,1276,0.0,10.0,48,0.043,0.43,0.0,0
996,1276,51213.0,8.0,1,2,2,7,0,1.160766092475068,1.0,51.213,2,6.0,3,3,5,1,False,False,11.858033965482058,11.01271145323968,15.813041154649554,0.0,False,0,1,7,3,0,4,7,False,134,134,134,8.615804546228038,11.081165210936366,9.352390354416496,11.89752592824341,10.965867112350152,13.631471642800848,12.879826689298689,1.486291719307631,4.219666580271009,5.080097576450973,7.724100292801189,1276,0.0,10.0,48,0.043,0.43,0.0,0
997,1276,147398.0,2.0,3,2,2,2,0,8.549767981438515,1.0,147.398,4,0.0,2,2,0,0,False,False,11.92971821977269,11.103290969431653,15.88875476565268,0.0,False,0,0,2,2,0,0,2,False,1,1,1,8.615804546228038,11.081165210936366,9.352390354416496,11.89752592824341,10.965867112350152,13.631471642800848,12.879826689298689,1.486291719307631,4.219666580271009,5.080097576450973,7.724100292801189,1276,0.0,10.0,48,0.043,0.43,0.0,0
998,1276,17777.0,1.0,6,0,0,2,0,1.393181818181818,1.0,17.777,1,1.0,1,1,0,1,False,False,12.122177391907952,12.331133106728863,16.168233323394322,0.0,False,0,0,1,1,0,0,1,False,1,1,1,8.615804546228038,11.081165210936366,9.352390354416496,11.89752592824341,10.965867112350152,13.631471642800848,12.879826689298689,1.486291719307631,4.219666580271009,5.080097576450973,7.724100292801189,1276,0.0,10.0,48,0.043,0.43,0.0,0
999,1276,38851.0,3.0,1,2,1,3,0,1.788720073664825,1.0,38.851,2,2.0,3,3,0,2,False,False,11.858033965482058,11.01271145323968,15.813041154649554,0.0,True,0,0,3,3,0,0,3,False,1,1,1,8.615804546228038,11.081165210936366,9.352390354416496,11.89752592824341,10.965867112350152,13.631471642800848,12.879826689298689,1.486291719307631,4.219666580271009,5.080097576450973,7.724100292801189,1276,0.0,10.0,48,0.043,0.43,0.0,0
1000,1276,62162.0,2.0,1,1,0,2,0,3.6056844547563807,1.0,62.162,3,2.0,2,2,0,2,False,False,12.000478573490804,11.04701305607602,16.06032251547365,0.0,False,0,0,2,2,0,0,2,False,1,1,1,8.615804546228038,11.081165210936366,9.352390354416496,11.89752592824341,10.965867112350152,13.631471642800848,12.879826689298689,1.486291719307631,4.219666580271009,5.080097576450973,7.724100292801189,1276,0.0,10.0,48,0.043,0.43,0.0,0
1001,1276,32964.0,1.0,4,1,0,8,0,2.583385579937304,1.0,32.964,2,1.0,1,1,0,1,False,False,11.850872264677353,10.93169114543449,15.644259462595068,0.0,False,0,0,1,1,0,0,1,False,1,1,1,8.615804546228038,11.081165210936366,9.352390354416496,11.89752592824341,10.965867112350152,13.631471642800848,12.879826689298689,1.486291719307631,4.219666580271009,5.080097576450973,7.724100292801189,1276,0.0,10.0,48,0.043,0.43,0.0,0
1002,1276,54061.0,2.0,1,2,1,6,0,3.135788863109049,1.0,54.061,2,1.0,2,2,0,1,False,False,11.858033965482058,11.01271145323968,15.813041154649554,0.0,True,0,0,2,2,0,0,2,False,1,1,1,8.615804546228038,11.081165210936366,9.352390354416496,11.89752592824341,10.965867112350152,13.631471642800848,12.879826689298689,1.486291719307631,4.219666580271009,5.080097576450973,7.724100292801189,1276,0.0,10.0,48,0.043,0.43,0.0,0
1003,1276,112722.0,2.0,1,2,2,6,0,6.538399071925754,1.0,112.722,4,0.0,2,2,0,0,False,False,11.92971821977269,11.103290969431653,15.88875476565268,0.0,False,0,0,2,2,0,0,2,False,1,1,1,8.615804546228038,11.081165210936366,9.352390354416496,11.89752592824341,10.965867112350152,13.631471642800848,12.879826689298689,1.486291719307631,4.219666580271009,5.080097576450973,7.724100292801189,1276,0.0,10.0,48,0.043,0.43,0.0,0
1004,1276,48310.0,2.0,1,3,0,2,0,2.8022041763341066,1.0,48.31,2,2.0,2,2,0,2,False,False,11.858033965482058,11.01271145323968,15.813041154649554,0.0,False,0,0,1,1,0,0,1,False,1,1,1,8.615804546228038,11.081165210936366,9.352390354416496,11.89752592824341,10.965867112350152,13.631471642800848,12.879826689298689,1.486291719307631,4.219666580271009,5.080097576450973,7.724100292801189,1276,0.0,10.0,48,0.043,0.43,0.0,0
1007,1276,173684.0,2.0,1,2,2,5,0,10.07447795823666,1.0,173.684,4,0.0,2,2,0,0,False,False,11.92971821977269,11.103290969431653,15.88875476565268,0.0,False,0,0,2,2,0,0,2,False,1,1,1,8.615804546228038,11.081165210936366,9.352390354416496,11.89752592824341,10.965867112350152,13.631471642800848,12.879826689298689,1.486291719307631,4.219666580271009,5.080097576450973,7.724100292801189,1276,0.0,10.0,48,0.043,0.43,0.0,0
1008,1276,204395.0,2.0,1,1,0,2,0,11.855858468677496,1.0,204.395,4,2.0,2,2,0,2,False,False,11.932846900893573,11.17659602054752,16.015138358958378,0.0,True,1,0,2,2,0,0,2,True,1,1,1,8.615804546228038,11.081165210936366,9.352390354416496,11.89752592824341,10.965867112350152,13.631471642800848,12.879826689298689,1.486291719307631,4.219666580271009,5.080097576450973,7.724100292801189,1276,0.0,10.0,48,0.043,0.43,13.0,1
1010,1276,57511.0,2.0,1,1,1,6,0,3.335904872389792,1.0,57.511,2,1.0,2,2,0,0,False,False,11.850872264677353,10.93169114543449,15.644259462595068,0.0,False,0,0,1,1,0,0,1,False,1,1,1,8.615804546228038,11.081165210936366,9.352390354416496,11.89752592824341,10.965867112350152,13.631471642800848,12.879826689298689,1.486291719307631,4.219666580271009,5.080097576450973,7.724100292801189,1276,0.0,10.0,48,0.043,0.43,0.0,0
1011,1276,124570.0,2.0,1,1,2,6,0,7.225638051044084,1.0,124.57,4,0.0,2,2,0,0,False,False,11.932846900893573,11.17659602054752,16.015138358958378,0.0,False,0,0,2,2,0,0,2,False,1,1,1,8.615804546228038,11.081165210936366,9.352390354416496,11.89752592824341,10.965867112350152,13.631471642800848,12.879826689298689,1.486291719307631,4.219666580271009,5.080097576450973,7.724100292801189,1276,0.0,10.0,48,0.043,0.43,0.0,0
1012,1276,299749.0,2.0,1,3,2,2,0,17.38683294663573,1.0,299.749,4,0.0,2,2,0,0,False,False,11.92971821977269,11.103290969431653,15.88875476565268,0.0,False,0,0,2,2,0,0,2,False,1,1,1,8.615804546228038,11.081165210936366,9.352390354416496,11.89752592824341,10.965867112350152,13.631471642800848,12.879826689298689,1.486291719307631,4.219666580271009,5.080097576450973,7.724100292801189,1276,0.0,10.0,48,0.043,0.43,0.0,0
1013,1276,124225.0,2.0,1,2,2,7,0,7.205626450116009,1.0,124.225,4,0.0,2,2,0,0,True,False,11.92971821977269,11.103290969431653,15.88875476565268,0.0,True,0,0,2,2,0,0,2,False,1,1,1,8.615804546228038,11.081165210936366,9.352390354416496,11.89752592824341,10.965867112350152,13.631471642800848,12.879826689298689,1.486291719307631,4.219666580271009,5.080097576450973,7.724100292801189,1276,0.0,10.0,48,0.043,0.43,0.0,0
1014,1276,141423.0,3.0,3,4,3,6,0,6.511187845303867,1.0,141.423,4,0.0,3,3,0,0,False,False,11.92971821977269,11.103290969431653,15.888754765652685,0.0,False,0,0,3,3,0,0,3,False,1,1,1,8.615804546228038,11.081165210936366,9.352390354416496,11.89752592824341,10.965867112350152,13.631471642800848,12.879826689298689,1.486291719307631,4.219666580271009,5.080097576450973,7.724100292801189,1276,0.0,10.0,48,0.043,0.43,0.0,0
1015,1276,39095.0,5.0,3,2,1,7,0,1.274282920469361,1.0,39.095,2,4.0,1,1,4,0,False,False,11.858033965482058,11.01271145323968,15.813041154649554,0.0,False,1,4,5,1,2,4,3,True,1,1,1,8.615804546228038,11.081165210936366,9.352390354416496,11.89752592824341,10.965867112350152,13.631471642800848,12.879826689298689,1.486291719307631,4.219666580271009,5.080097576450973,7.724100292801189,1276,0.0,10.0,48,0.043,0.43,3.0,1
1016,1276,39095.0,5.0,3,1,1,7,0,1.274282920469361,1.0,39.095,2,4.0,1,1,4,0,False,False,11.850872264677353,10.93169114543449,15.644259462595068,0.0,False,1,3,5,1,2,4,3,True,3,3,3,8.615804546228038,11.081165210936366,9.352390354416496,11.89752592824341,10.965867112350152,13.631471642800848,12.879826689298689,1.486291719307631,4.219666580271009,5.080097576450973,7.724100292801189,1276,0.0,10.0,48,0.043,0.43,3.0,1
1017,1276,39095.0,5.0,3,1,1,7,0,1.274282920469361,1.0,39.095,2,4.0,1,1,4,0,False,False,11.850872264677353,10.93169114543449,15.644259462595068,0.0,False,0,3,5,1,2,4,3,False,3,1,3,8.615804546228038,11.081165210936366,9.352390354416496,11.89752592824341,10.965867112350152,13.631471642800848,12.879826689298689,1.486291719307631,4.219666580271009,5.080097576450973,7.724100292801189,1276,0.0,10.0,48,0.043,0.43,0.0,0
1018,1276,58020.0,2.0,5,2,2,6,0,3.365429234338748,1.0,58.02,2,0.0,2,2,0,0,False,False,11.858033965482058,11.01271145323968,15.813041154649554,0.0,False,0,0,2,2,0,0,2,False,1,1,1,8.615804546228038,11.081165210936366,9.352390354416496,11.89752592824341,10.965867112350152,13.631471642800848,12.879826689298689,1.486291719307631,4.219666580271009,5.080097576450973,7.724100292801189,1276,0.0,10.0,48,0.043,0.43,0.0,0
1020,1276,46461.0,1.0,6,0,1,7,0,3.641144200626959,1.0,46.461,2,0.0,1,1,0,0,False,False,12.544622224006336,12.456230810548464,16.375567554930115,0.0,False,0,0,1,1,0,0,1,False,1,1,1,8.615804546228038,11.081165210936366,9.352390354416496,11.89752592824341,10.965867112350152,13.631471642800848,12.879826689298689,1.486291719307631,4.219666580271009,5.080097576450973,7.724100292801189,1276,0.0,10.0,48,0.043,0.43,0.0,0
1021,1276,169074.0,3.0,1,2,2,7,0,7.784254143646409,1.0,169.074,4,1.0,3,3,0,1,False,False,11.92971821977269,11.103290969431653,15.888754765652685,0.0,False,0,0,3,3,0,0,3,False,1,1,1,8.615804546228038,11.081165210936366,9.352390354416496,11.89752592824341,10.965867112350152,13.631471642800848,12.879826689298689,1.486291719307631,4.219666580271009,5.080097576450973,7.724100292801189,1276,0.0,10.0,48,0.043,0.43,0.0,0
1022,1276,124652.0,2.0,1,3,2,2,0,7.230394431554524,1.0,124.652,4,0.0,2,2,0,0,True,False,11.92971821977269,11.103290969431653,15.88875476565268,0.0,False,0,0,2,2,0,0,2,False,1,1,1,8.615804546228038,11.081165210936366,9.352390354416496,11.89752592824341,10.965867112350152,13.631471642800848,12.879826689298689,1.486291719307631,4.219666580271009,5.080097576450973,7.724100292801189,1276,0.0,10.0,48,0.043,0.43,0.0,0
1023,1276,124652.0,2.0,1,2,2,2,0,7.230394431554524,1.0,124.652,4,0.0,2,2,0,0,False,False,11.92971821977269,11.103290969431653,15.88875476565268,0.0,False,0,0,2,2,0,0,2,False,1,1,1,8.615804546228038,11.081165210936366,9.352390354416496,11.89752592824341,10.965867112350152,13.631471642800848,12.879826689298689,1.486291719307631,4.219666580271009,5.080097576450973,7.724100292801189,1276,0.0,10.0,48,0.043,0.43,0.0,0
1024,1276,124652.0,2.0,1,2,2,2,0,7.230394431554524,1.0,124.652,4,0.0,2,2,0,0,False,False,11.92971821977269,11.103290969431653,15.88875476565268,0.0,True,0,0,2,2,0,0,2,False,1,1,1,8.615804546228038,11.081165210936366,9.352390354416496,11.89752592824341,10.965867112350152,13.631471642800848,12.879826689298689,1.486291719307631,4.219666580271009,5.080097576450973,7.724100292801189,1276,0.0,10.0,48,0.043,0.43,0.0,0
1026,1276,5439.0,1.0,6,1,0,3,0,0.4262539184952978,1.0,5.439,1,1.0,1,1,0,1,False,False,11.20720759419711,10.969668398194193,15.686573697410658,0.0,False,0,0,1,1,0,0,1,False,1,1,1,8.615804546228038,11.081165210936366,9.352390354416496,11.89752592824341,10.965867112350152,13.631471642800848,12.879826689298689,1.486291719307631,4.219666580271009,5.080097576450973,7.724100292801189,1276,0.0,10.0,48,0.043,0.43,0.0,0
1027,1276,39095.0,1.0,4,1,0,1,0,3.063871473354232,1.0,39.095,2,1.0,1,1,0,1,False,False,11.850872264677353,10.93169114543449,15.644259462595068,0.0,False,0,0,1,1,0,0,1,False,1,1,1,8.615804546228038,11.081165210936366,9.352390354416496,11.89752592824341,10.965867112350152,13.631471642800848,12.879826689298689,1.486291719307631,4.219666580271009,5.080097576450973,7.724100292801189,1276,0.0,10.0,48,0.043,0.43,0.0,0
1028,1276,151979.0,2.0,1,3,1,2,0,8.815487238979118,1.0,151.979,4,1.0,2,2,0,1,False,False,11.92971821977269,11.103290969431653,15.88875476565268,0.0,False,0,0,1,1,0,0,1,False,1,1,1,8.615804546228038,11.081165210936366,9.352390354416496,11.89752592824341,10.965867112350152,13.631471642800848,12.879826689298689,1.486291719307631,4.219666580271009,5.080097576450973,7.724100292801189,1276,0.0,10.0,48,0.043,0.43,0.0,0
1029,1276,151979.0,2.0,1,2,1,2,0,8.815487238979118,1.0,151.979,4,1.0,2,2,0,1,False,False,11.92971821977269,11.103290969431653,15.88875476565268,0.0,False,0,0,1,1,0,0,1,False,1,1,1,8.615804546228038,11.081165210936366,9.352390354416496,11.89752592824341,10.965867112350152,13.631471642800848,12.879826689298689,1.486291719307631,4.219666580271009,5.080097576450973,7.724100292801189,1276,0.0,10.0,48,0.043,0.43,0.0,0
1030,1276,80783.0,2.0,1,1,1,2,0,4.685788863109049,1.0,80.783,3,1.0,2,2,0,1,False,False,12.000478573490804,11.04701305607602,16.06032251547365,0.0,True,0,0,1,1,0,0,1,False,1,1,1,8.615804546228038,11.081165210936366,9.352390354416496,11.89752592824341,10.965867112350152,13.631471642800848,12.879826689298689,1.486291719307631,4.219666580271009,5.080097576450973,7.724100292801189,1276,0.0,10.0,48,0.043,0.43,0.0,0
1031,1276,32313.0,3.0,2,1,0,5,0,1.487707182320442,1.0,32.313,2,3.0,1,1,2,0,False,False,11.850872264677356,10.93169114543449,15.644259462595068,0.0,False,0,2,2,1,1,1,1,False,1,1,1,8.615804546228038,11.081165210936366,9.352390354416496,11.89752592824341,10.965867112350152,13.631471642800848,12.879826689298689,1.486291719307631,4.219666580271009,5.080097576450973,7.724100292801189,1276,0.0,10.0,48,0.043,0.43,0.0,0
1032,1276,185801.0,2.0,3,2,2,2,0,10.77732018561485,1.0,185.801,4,0.0,2,2,0,0,False,False,11.92971821977269,11.103290969431653,15.88875476565268,0.0,True,0,0,2,2,0,0,2,False,1,1,1,8.615804546228038,11.081165210936366,9.352390354416496,11.89752592824341,10.965867112350152,13.631471642800848,12.879826689298689,1.486291719307631,4.219666580271009,5.080097576450973,7.724100292801189,1276,0.0,10.0,48,0.043,0.43,0.0,0
1033,1276,188493.0,2.0,1,3,1,2,0,10.9334686774942,1.0,188.493,4,1.0,2,2,0,1,False,False,11.92971821977269,11.103290969431653,15.88875476565268,0.0,False,0,0,1,1,0,0,1,False,1,1,1,8.615804546228038,11.081165210936366,9.352390354416496,11.89752592824341,10.965867112350152,13.631471642800848,12.879826689298689,1.486291719307631,4.219666580271009,5.080097576450973,7.724100292801189,1276,0.0,10.0,48,0.043,0.43,0.0,0
1034,1276,26928.0,2.0,1,0,1,3,0,1.5619489559164734,1.0,26.928,1,1.0,2,2,0,0,False,False,12.122177391907952,12.331133106728863,16.168233323394322,0.0,False,0,0,1,1,0,0,1,False,1,1,1,8.615804546228038,11.081165210936366,9.352390354416496,11.89752592824341,10.965867112350152,13.631471642800848,12.879826689298689,1.486291719307631,4.219666580271009,5.080097576450973,7.724100292801189,1276,0.0,10.0,48,0.043,0.43,0.0,0
1035,1276,215421.0,2.0,1,2,2,3,0,12.495417633410671,1.0,215.421,4,0.0,2,2,0,0,False,False,11.92971821977269,11.103290969431653,15.88875476565268,0.0,True,0,0,2,2,0,0,2,False,1,1,1,8.615804546228038,11.081165210936366,9.352390354416496,11.89752592824341,10.965867112350152,13.631471642800848,12.879826689298689,1.486291719307631,4.219666580271009,5.080097576450973,7.724100292801189,1276,0.0,10.0,48,0.043,0.43,0.0,0
1037,1276,85597.0,3.0,3,4,2,2,0,3.940930018416206,1.0,85.597,3,1.0,3,3,0,1,False,False,12.01518833391241,11.064765562589123,15.908204389877891,0.0,False,0,0,3,3,0,0,3,False,1,1,1,8.615804546228038,11.081165210936366,9.352390354416496,11.89752592824341,10.965867112350152,13.631471642800848,12.879826689298689,1.486291719307631,4.219666580271009,5.080097576450973,7.724100292801189,1276,0.0,10.0,48,0.043,0.43,0.0,0
1040,1276,210035.0,6.0,1,2,1,2,0,5.973691695108077,1.0,210.035,4,5.0,2,2,4,1,False,False,11.92971821977269,11.103290969431653,15.888754765652685,0.0,False,0,0,5,1,2,4,3,False,101,1,153,8.615804546228038,11.081165210936366,9.352390354416496,11.89752592824341,10.965867112350152,13.631471642800848,12.879826689298689,1.486291719307631,4.219666580271009,5.080097576450973,7.724100292801189,1276,0.0,10.0,48,0.043,0.43,0.0,0
1041,1276,210035.0,6.0,1,4,1,2,0,5.973691695108077,1.0,210.035,4,5.0,2,2,4,1,False,False,11.92971821977269,11.103290969431653,15.888754765652685,0.0,False,1,2,4,1,1,3,3,True,39,39,39,8.615804546228038,11.081165210936366,9.352390354416496,11.89752592824341,10.965867112350152,13.631471642800848,12.879826689298689,1.486291719307631,4.219666580271009,5.080097576450973,7.724100292801189,1276,0.0,10.0,48,0.043,0.43,9.0,1
1042,1276,210035.0,6.0,1,2,1,2,0,5.973691695108077,1.0,210.035,4,5.0,2,2,4,1,False,False,11.92971821977269,11.103290969431653,15.888754765652685,0.0,False,0,0,6,2,2,4,4,False,115,53,113,8.615804546228038,11.081165210936366,9.352390354416496,11.89752592824341,10.965867112350152,13.631471642800848,12.879826689298689,1.486291719307631,4.219666580271009,5.080097576450973,7.724100292801189,1276,0.0,10.0,48,0.043,0.43,0.0,0
1043,1276,210035.0,6.0,1,2,1,2,0,5.973691695108077,1.0,210.035,4,5.0,2,2,4,1,False,False,11.92971821977269,11.103290969431653,15.888754765652685,0.0,False,1,3,6,2,2,4,4,True,5,3,3,8.615804546228038,11.081165210936366,9.352390354416496,11.89752592824341,10.965867112350152,13.631471642800848,12.879826689298689,1.486291719307631,4.219666580271009,5.080097576450973,7.724100292801189,1276,0.0,10.0,48,0.043,0.43,12.0,1
1044,1276,210035.0,6.0,1,4,1,2,0,5.973691695108077,1.0,210.035,4,5.0,2,2,4,1,False,False,11.92971821977269,11.103290969431653,15.888754765652685,0.0,False,0,2,6,2,2,4,4,False,37,32,37,8.615804546228038,11.081165210936366,9.352390354416496,11.89752592824341,10.965867112350152,13.631471642800848,12.879826689298689,1.486291719307631,4.219666580271009,5.080097576450973,7.724100292801189,1276,0.0,10.0,48,0.043,0.43,0.0,0
1045,1324,88839.0,6.0,3,2,1,2,0,2.5267064846416383,1.0,88.839,3,5.0,2,1,5,0,False,False,11.946016087830598,10.959292622755257,14.902180765678304,0.0,False,0,0,6,1,0,5,6,False,84,84,134,8.668322957432322,11.126828071260377,9.339459856473932,11.882189156734722,11.028652145245008,13.700140398095588,12.93872205789422,1.790521987929914,4.606935974393227,4.95324779706453,7.594946661313229,1324,0.0,10.0,54,0.336,0.821,0.0,0
1046,1324,121697.0,3.0,2,2,1,2,0,5.602992633517496,1.0,121.697,4,2.0,3,3,0,1,False,False,11.97218725139509,11.08577304172485,14.68600899224952,0.0,True,0,0,2,2,0,0,2,False,1,1,1,8.668322957432322,11.126828071260377,9.339459856473932,11.882189156734722,11.028652145245008,13.700140398095588,12.93872205789422,1.790521987929914,4.606935974393227,4.95324779706453,7.594946661313229,1324,0.0,10.0,54,0.336,0.821,0.0,0
1047,1324,129856.0,3.0,3,1,1,3,0,5.978637200736649,1.0,129.856,4,2.0,3,3,0,0,False,False,12.055404890433644,11.306836648905657,14.928535437242765,0.0,True,0,0,2,2,0,0,2,False,1,1,1,8.668322957432322,11.126828071260377,9.339459856473932,11.882189156734722,11.028652145245008,13.700140398095588,12.93872205789422,1.790521987929914,4.606935974393227,4.95324779706453,7.594946661313229,1324,0.0,10.0,54,0.336,0.821,0.0,0
1048,1324,235813.0,1.0,4,1,1,2,0,18.48064263322884,1.0,235.813,4,0.0,1,1,0,0,False,False,12.055404890433644,11.306836648905657,14.928535437242765,0.0,True,0,0,1,1,0,0,1,False,1,1,1,8.668322957432322,11.126828071260377,9.339459856473932,11.882189156734722,11.028652145245008,13.700140398095588,12.93872205789422,1.790521987929914,4.606935974393227,4.95324779706453,7.594946661313229,1324,0.0,10.0,54,0.336,0.821,0.0,0
1049,1324,24488.0,1.0,6,1,0,1,0,1.9191222570532915,1.0,24.488,1,1.0,1,1,0,0,False,False,11.34444907082958,11.044404791752209,14.512843015675312,0.0,False,0,0,1,1,0,0,1,False,1,1,1,8.668322957432322,11.126828071260377,9.339459856473932,11.882189156734722,11.028652145245008,13.700140398095588,12.93872205789422,1.790521987929914,4.606935974393227,4.95324779706453,7.594946661313229,1324,0.0,10.0,54,0.336,0.821,0.0,0
1050,1324,86532.0,4.0,3,2,2,9,0,3.3027480916030534,1.0,86.532,3,2.0,4,2,2,0,False,False,11.946016087830598,10.959292622755257,14.902180765678304,0.0,False,0,0,4,2,0,2,4,False,1,1,1,8.668322957432322,11.126828071260377,9.339459856473932,11.882189156734722,11.028652145245008,13.700140398095588,12.93872205789422,1.790521987929914,4.606935974393227,4.95324779706453,7.594946661313229,1324,0.0,10.0,54,0.336,0.821,0.0,0
1051,1324,42383.0,7.0,3,4,2,3,0,1.0691977800201815,1.0,42.383,2,5.0,4,2,5,1,False,False,11.558909576990231,10.93562413856462,15.007261036957717,0.0,False,1,2,7,2,0,5,7,True,5,5,5,8.668322957432322,11.126828071260377,9.339459856473932,11.882189156734722,11.028652145245008,13.700140398095588,12.93872205789422,1.790521987929914,4.606935974393227,4.95324779706453,7.594946661313229,1324,0.0,10.0,54,0.336,0.821,3.0,1
1052,1324,123879.0,2.0,1,2,1,1,0,7.185556844547564,1.0,123.879,4,1.0,2,2,0,1,False,False,11.97218725139509,11.08577304172485,14.68600899224952,0.0,True,0,0,2,2,0,0,2,False,1,1,1,8.668322957432322,11.126828071260377,9.339459856473932,11.882189156734722,11.028652145245008,13.700140398095588,12.93872205789422,1.790521987929914,4.606935974393227,4.95324779706453,7.594946661313229,1324,0.0,10.0,54,0.336,0.821,0.0,0
1053,1324,12998.0,1.0,6,0,0,1,0,1.018652037617555,1.0,12.998,1,1.0,1,1,0,1,False,False,12.364326215362096,12.286796394766878,15.004269207925224,0.0,False,0,0,1,1,0,0,1,False,1,1,1,8.668322957432322,11.126828071260377,9.339459856473932,11.882189156734722,11.028652145245008,13.700140398095588,12.93872205789422,1.790521987929914,4.606935974393227,4.95324779706453,7.594946661313229,1324,0.0,10.0,54,0.336,0.821,0.0,0
1055,1324,23231.0,1.0,6,1,0,2,0,1.820611285266457,1.0,23.231,1,1.0,1,1,0,0,False,False,11.34444907082958,11.044404791752209,14.512843015675312,0.0,False,0,0,1,1,0,0,1,False,1,1,1,8.668322957432322,11.126828071260377,9.339459856473932,11.882189156734722,11.028652145245008,13.700140398095588,12.93872205789422,1.790521987929914,4.606935974393227,4.95324779706453,7.594946661313229,1324,0.0,10.0,54,0.336,0.821,0.0,0
1056,1324,28330.0,1.0,4,0,1,3,0,2.220219435736677,1.0,28.33,1,0.0,1,1,0,0,False,False,12.364326215362096,12.286796394766878,15.004269207925224,0.0,False,0,0,1,1,0,0,1,False,1,1,1,8.668322957432322,11.126828071260377,9.339459856473932,11.882189156734722,11.028652145245008,13.700140398095588,12.93872205789422,1.790521987929914,4.606935974393227,4.95324779706453,7.594946661313229,1324,0.0,10.0,54,0.336,0.821,0.0,0
1057,1324,90656.0,2.0,1,2,1,2,0,5.258468677494199,1.0,90.656,3,1.0,2,2,0,0,False,False,11.946016087830598,10.959292622755257,14.902180765678304,0.0,True,1,0,2,2,0,0,2,True,1,1,1,8.668322957432322,11.126828071260377,9.339459856473932,11.882189156734722,11.028652145245008,13.700140398095588,12.93872205789422,1.790521987929914,4.606935974393227,4.95324779706453,7.594946661313229,1324,0.0,10.0,54,0.336,0.821,4.0,1
1058,1324,76905.0,4.0,1,1,2,8,0,2.9353053435114504,1.0,76.905,3,2.0,4,2,2,0,False,False,11.827087446328994,11.176156104278142,14.562078772892836,0.0,False,0,0,4,2,0,2,4,False,1,1,1,8.668322957432322,11.126828071260377,9.339459856473932,11.882189156734722,11.028652145245008,13.700140398095588,12.93872205789422,1.790521987929914,4.606935974393227,4.95324779706453,7.594946661313229,1324,0.0,10.0,54,0.336,0.821,0.0,0
1059,1324,38776.0,1.0,6,1,0,9,0,3.038871473354232,1.0,38.776,2,1.0,1,1,0,0,False,False,11.728281355446985,11.146094039851254,14.479159775404556,0.0,False,0,0,1,1,0,0,1,False,1,1,1,8.668322957432322,11.126828071260377,9.339459856473932,11.882189156734722,11.028652145245008,13.700140398095588,12.93872205789422,1.790521987929914,4.606935974393227,4.95324779706453,7.594946661313229,1324,0.0,10.0,54,0.336,0.821,0.0,0
1060,1324,202496.0,2.0,3,2,2,6,0,11.74570765661253,1.0,202.496,4,0.0,2,2,0,0,False,False,11.97218725139509,11.08577304172485,14.68600899224952,0.0,False,0,0,2,2,0,0,2,False,1,1,1,8.668322957432322,11.126828071260377,9.339459856473932,11.882189156734722,11.028652145245008,13.700140398095588,12.93872205789422,1.790521987929914,4.606935974393227,4.95324779706453,7.594946661313229,1324,0.0,10.0,54,0.336,0.821,0.0,0
1061,1324,0.0,1.0,6,0,0,2,0,0.0,1.0,0.0,1,1.0,1,1,0,1,True,False,12.364326215362096,12.286796394766878,15.004269207925224,0.0,False,0,0,1,1,0,0,1,False,1,1,1,8.668322957432322,11.126828071260377,9.339459856473932,11.882189156734722,11.028652145245008,13.700140398095588,12.93872205789422,1.790521987929914,4.606935974393227,4.95324779706453,7.594946661313229,1324,0.0,10.0,54,0.336,0.821,0.0,0
1062,1324,70120.0,2.0,1,2,1,2,0,4.067285382830627,1.0,70.12,3,1.0,2,2,0,1,False,False,11.946016087830598,10.959292622755257,14.902180765678304,0.0,False,0,0,1,1,0,0,1,False,1,1,1,8.668322957432322,11.126828071260377,9.339459856473932,11.882189156734722,11.028652145245008,13.700140398095588,12.93872205789422,1.790521987929914,4.606935974393227,4.95324779706453,7.594946661313229,1324,0.0,10.0,54,0.336,0.821,0.0,0
1063,1324,105621.0,1.0,6,1,1,1,0,8.277507836990596,1.0,105.621,4,0.0,1,1,0,0,False,False,12.055404890433644,11.306836648905657,14.928535437242765,0.0,False,0,0,1,1,0,0,1,False,1,1,1,8.668322957432322,11.126828071260377,9.339459856473932,11.882189156734722,11.028652145245008,13.700140398095588,12.93872205789422,1.790521987929914,4.606935974393227,4.95324779706453,7.594946661313229,1324,0.0,10.0,54,0.336,0.821,0.0,0
1064,1324,17234.0,3.0,3,1,1,7,0,0.7934622467771639,1.0,17.234,1,2.0,3,1,2,0,False,False,11.344449070829578,11.044404791752209,14.51284301567531,0.0,False,0,0,3,1,0,2,3,False,1,1,1,8.668322957432322,11.126828071260377,9.339459856473932,11.882189156734722,11.028652145245008,13.700140398095588,12.93872205789422,1.790521987929914,4.606935974393227,4.95324779706453,7.594946661313229,1324,0.0,10.0,54,0.336,0.821,0.0,0
1066,1347,345618.0,2.0,1,2,2,2,0,20.047447795823665,1.0,345.618,4,0.0,2,2,0,0,False,False,11.864398864292802,12.108221960661588,15.567568171179056,0.0,True,0,0,2,2,0,0,2,False,1,1,1,8.568536843978737,11.043786224380032,9.29908110109278,11.84832385155674,11.007567767581138,13.674380838542712,12.923997188295967,1.4861398705992404,4.215447823011402,5.434321212680064,7.854130983373945,1347,0.0,10.0,32,0.171,0.742,0.0,0
1067,1347,122670.0,7.0,1,4,1,2,0,3.0946014127144297,1.0,122.67,4,6.0,3,3,4,2,False,False,11.8643988642928,12.10822196066159,15.567568171179056,0.0,False,0,0,7,3,3,4,4,False,93,108,84,8.568536843978737,11.043786224380032,9.29908110109278,11.84832385155674,11.007567767581138,13.674380838542712,12.923997188295967,1.4861398705992404,4.215447823011402,5.434321212680064,7.854130983373945,1347,0.0,10.0,32,0.171,0.742,0.0,0
1068,1347,40735.0,1.0,6,1,0,6,0,3.192398119122257,1.0,40.735,2,1.0,1,1,0,0,False,False,11.757374600261771,12.113402938182478,16.38373512253095,0.0,False,0,0,1,1,0,0,1,False,1,1,1,8.568536843978737,11.043786224380032,9.29908110109278,11.84832385155674,11.007567767581138,13.674380838542712,12.923997188295967,1.4861398705992404,4.215447823011402,5.434321212680064,7.854130983373945,1347,0.0,10.0,32,0.171,0.742,0.0,0
1069,1347,111844.0,1.0,4,1,1,2,0,8.765203761755487,1.0,111.844,4,0.0,1,1,0,0,False,False,12.047147562931745,11.87968307783932,16.086365997742426,0.0,False,0,0,1,1,0,0,1,False,1,1,1,8.568536843978737,11.043786224380032,9.29908110109278,11.84832385155674,11.007567767581138,13.674380838542712,12.923997188295967,1.4861398705992404,4.215447823011402,5.434321212680064,7.854130983373945,1347,0.0,10.0,32,0.171,0.742,0.0,0
1070,1347,164482.0,2.0,1,3,2,2,0,9.540719257540603,1.0,164.482,4,0.0,2,2,0,0,False,False,11.864398864292802,12.108221960661588,15.567568171179056,0.0,False,0,0,2,2,0,0,2,False,1,1,1,8.568536843978737,11.043786224380032,9.29908110109278,11.84832385155674,11.007567767581138,13.674380838542712,12.923997188295967,1.4861398705992404,4.215447823011402,5.434321212680064,7.854130983373945,1347,0.0,10.0,32,0.171,0.742,0.0,0
1073,1347,42558.0,2.0,3,2,2,7,0,2.4685614849187933,1.0,42.558,2,0.0,2,2,0,0,False,False,11.648471841173423,12.082220992960297,15.46736659503345,0.0,False,0,0,2,2,0,0,2,False,1,1,1,8.568536843978737,11.043786224380032,9.29908110109278,11.84832385155674,11.007567767581138,13.674380838542712,12.923997188295967,1.4861398705992404,4.215447823011402,5.434321212680064,7.854130983373945,1347,0.0,10.0,32,0.171,0.742,0.0,0
1074,1347,25604.0,2.0,1,1,1,3,0,1.4851508120649652,1.0,25.604,1,1.0,2,2,0,1,False,False,11.398698355713703,11.786024842912855,15.735859248813806,0.0,False,0,0,1,1,0,0,1,False,1,1,1,8.568536843978737,11.043786224380032,9.29908110109278,11.84832385155674,11.007567767581138,13.674380838542712,12.923997188295967,1.4861398705992404,4.215447823011402,5.434321212680064,7.854130983373945,1347,0.0,10.0,32,0.171,0.742,0.0,0
1075,1347,86957.0,2.0,1,2,0,3,0,5.0439095127610205,1.0,86.957,3,2.0,2,2,0,0,False,False,12.02888216176073,11.575676748718262,16.545188131631157,0.0,False,0,0,1,1,0,0,1,False,1,1,1,8.568536843978737,11.043786224380032,9.29908110109278,11.84832385155674,11.007567767581138,13.674380838542712,12.923997188295967,1.4861398705992404,4.215447823011402,5.434321212680064,7.854130983373945,1347,0.0,10.0,32,0.171,0.742,0.0,0
1076,1347,28756.0,1.0,6,1,1,2,0,2.253605015673981,1.0,28.756,1,0.0,1,1,0,0,False,False,11.398698355713703,11.786024842912855,15.735859248813806,0.0,False,0,0,1,1,0,0,1,False,1,1,1,8.568536843978737,11.043786224380032,9.29908110109278,11.84832385155674,11.007567767581138,13.674380838542712,12.923997188295967,1.4861398705992404,4.215447823011402,5.434321212680064,7.854130983373945,1347,0.0,10.0,32,0.171,0.742,0.0,0
1077,1347,64068.0,3.0,1,4,1,2,0,2.949723756906077,1.0,64.068,3,2.0,3,3,0,0,False,False,12.028882161760729,11.57567674871826,16.545188131631157,0.0,True,1,0,3,3,0,0,3,True,1,1,1,8.568536843978737,11.043786224380032,9.29908110109278,11.84832385155674,11.007567767581138,13.674380838542712,12.923997188295967,1.4861398705992404,4.215447823011402,5.434321212680064,7.854130983373945,1347,0.0,10.0,32,0.171,0.742,4.0,1
1078,1347,23231.0,1.0,6,1,0,2,0,1.820611285266457,1.0,23.231,1,1.0,1,1,0,0,False,False,11.398698355713703,11.786024842912855,15.735859248813806,0.0,False,0,0,1,1,0,0,1,False,1,1,1,8.568536843978737,11.043786224380032,9.29908110109278,11.84832385155674,11.007567767581138,13.674380838542712,12.923997188295967,1.4861398705992404,4.215447823011402,5.434321212680064,7.854130983373945,1347,0.0,10.0,32,0.171,0.742,0.0,0
1079,1347,57340.0,2.0,2,2,1,8,0,3.3259860788863107,1.0,57.34,2,1.0,2,2,0,1,False,False,11.648471841173423,12.082220992960297,15.46736659503345,0.0,False,0,0,2,2,0,0,2,False,1,1,1,8.568536843978737,11.043786224380032,9.29908110109278,11.84832385155674,11.007567767581138,13.674380838542712,12.923997188295967,1.4861398705992404,4.215447823011402,5.434321212680064,7.854130983373945,1347,0.0,10.0,32,0.171,0.742,0.0,0
1080,1347,82724.0,2.0,7,1,1,2,0,4.798375870069606,1.0,82.724,3,1.0,2,2,0,1,True,False,11.86970083331438,11.7043567416272,16.719972377737697,0.0,True,0,0,2,2,0,0,2,False,1,1,1,8.568536843978737,11.043786224380032,9.29908110109278,11.84832385155674,11.007567767581138,13.674380838542712,12.923997188295967,1.4861398705992404,4.215447823011402,5.434321212680064,7.854130983373945,1347,0.0,10.0,32,0.171,0.742,0.0,0
1081,1347,16205.0,1.0,6,1,0,1,0,1.2699843260188088,1.0,16.205,1,1.0,1,1,0,0,True,False,11.398698355713703,11.786024842912855,15.735859248813806,0.0,False,0,0,1,1,0,0,1,False,1,1,1,8.568536843978737,11.043786224380032,9.29908110109278,11.84832385155674,11.007567767581138,13.674380838542712,12.923997188295967,1.4861398705992404,4.215447823011402,5.434321212680064,7.854130983373945,1347,0.0,10.0,32,0.171,0.742,0.0,0
1082,1347,90656.0,2.0,1,2,1,2,0,5.258468677494199,1.0,90.656,3,1.0,2,2,0,0,False,False,12.02888216176073,11.575676748718262,16.545188131631157,0.0,False,0,0,2,2,0,0,2,False,1,1,1,8.568536843978737,11.043786224380032,9.29908110109278,11.84832385155674,11.007567767581138,13.674380838542712,12.923997188295967,1.4861398705992404,4.215447823011402,5.434321212680064,7.854130983373945,1347,0.0,10.0,32,0.171,0.742,0.0,0
1083,1347,24235.0,3.0,1,3,2,7,0,1.1157918968692448,1.0,24.235,1,1.0,3,3,0,1,False,False,11.387527162647308,11.6288751790956,14.309979987878682,0.0,False,0,0,3,3,0,0,3,False,1,1,1,8.568536843978737,11.043786224380032,9.29908110109278,11.84832385155674,11.007567767581138,13.674380838542712,12.923997188295967,1.4861398705992404,4.215447823011402,5.434321212680064,7.854130983373945,1347,0.0,10.0,32,0.171,0.742,0.0,0
1084,1347,46746.0,6.0,1,2,2,4,0,1.3295221843003413,1.0,46.746,2,4.0,2,2,4,0,False,False,11.648471841173423,12.082220992960297,15.467366595033448,0.0,False,0,2,4,2,1,2,3,False,7,30,37,8.568536843978737,11.043786224380032,9.29908110109278,11.84832385155674,11.007567767581138,13.674380838542712,12.923997188295967,1.4861398705992404,4.215447823011402,5.434321212680064,7.854130983373945,1347,0.0,10.0,32,0.171,0.742,0.0,0
1085,1347,65057.0,3.0,5,2,2,6,0,2.995257826887661,1.0,65.057,3,1.0,3,3,0,0,False,False,12.028882161760729,11.57567674871826,16.545188131631157,0.0,False,0,0,2,2,0,0,2,False,1,1,1,8.568536843978737,11.043786224380032,9.29908110109278,11.84832385155674,11.007567767581138,13.674380838542712,12.923997188295967,1.4861398705992404,4.215447823011402,5.434321212680064,7.854130983373945,1347,0.0,10.0,32,0.171,0.742,0.0,0
1086,1347,17018.0,1.0,6,0,0,3,0,1.3336990595611284,1.0,17.018,1,1.0,1,1,0,0,False,False,12.308022054089172,13.551713413565356,17.16872737560639,0.0,False,0,0,1,1,0,0,1,False,1,1,1,8.568536843978737,11.043786224380032,9.29908110109278,11.84832385155674,11.007567767581138,13.674380838542712,12.923997188295967,1.4861398705992404,4.215447823011402,5.434321212680064,7.854130983373945,1347,0.0,10.0,32,0.171,0.742,0.0,0
1087,1347,121713.0,1.0,4,0,1,5,0,9.538636363636364,1.0,121.713,4,0.0,1,1,0,0,False,False,13.1926580034222,13.646714614447385,16.074577343533925,0.0,False,0,0,1,1,0,0,1,False,1,1,1,8.568536843978737,11.043786224380032,9.29908110109278,11.84832385155674,11.007567767581138,13.674380838542712,12.923997188295967,1.4861398705992404,4.215447823011402,5.434321212680064,7.854130983373945,1347,0.0,10.0,32,0.171,0.742,0.0,0
1088,1347,0.0,1.0,6,0,0,9,0,0.0,1.0,0.0,1,1.0,1,1,0,0,False,False,12.308022054089172,13.551713413565356,17.16872737560639,0.0,False,0,0,1,1,0,0,1,False,1,1,1,8.568536843978737,11.043786224380032,9.29908110109278,11.84832385155674,11.007567767581138,13.674380838542712,12.923997188295967,1.4861398705992404,4.215447823011402,5.434321212680064,7.854130983373945,1347,0.0,10.0,32,0.171,0.742,0.0,0
1089,1350,43263.0,2.0,3,2,0,2,0,2.5094547563805105,1.0,43.263,2,2.0,2,2,0,1,False,False,11.721004063440931,11.139125591441111,14.553454540113808,0.0,False,0,0,2,2,0,0,2,False,1,1,1,8.60462957905934,11.077874369147551,9.346706460797282,11.891355142030015,11.044367214381673,13.711130385295524,12.961012960583815,1.5156536234627576,4.256814152276722,5.25367990272112,7.69074921978803,1350,0.0,10.0,49,0.055,1.139,0.0,0
1090,1350,121697.0,6.0,1,2,2,2,0,3.4612343572241184,1.0,121.697,4,4.0,3,2,4,0,False,False,11.917631032186923,11.3002836665253,14.789712872988249,0.0,False,0,0,6,2,1,4,5,False,130,1,130,8.60462957905934,11.077874369147551,9.346706460797282,11.891355142030015,11.044367214381673,13.711130385295524,12.961012960583815,1.5156536234627576,4.256814152276722,5.25367990272112,7.69074921978803,1350,0.0,10.0,49,0.055,1.139,0.0,0
1091,1350,57099.0,6.0,1,2,1,3,0,1.6239761092150171,1.0,57.099,2,5.0,2,2,4,1,False,False,11.721004063440931,11.13912559144111,14.55345454011381,0.0,False,0,3,3,2,0,1,3,False,1,1,3,8.60462957905934,11.077874369147551,9.346706460797282,11.891355142030015,11.044367214381673,13.711130385295524,12.961012960583815,1.5156536234627576,4.256814152276722,5.25367990272112,7.69074921978803,1350,0.0,10.0,49,0.055,1.139,0.0,0
1092,1350,57099.0,6.0,1,2,1,3,0,1.6239761092150171,1.0,57.099,2,5.0,2,2,4,1,False,False,11.721004063440931,11.13912559144111,14.55345454011381,0.0,True,0,1,6,2,2,4,4,False,98,148,98,8.60462957905934,11.077874369147551,9.346706460797282,11.891355142030015,11.044367214381673,13.711130385295524,12.961012960583815,1.5156536234627576,4.256814152276722,5.25367990272112,7.69074921978803,1350,0.0,10.0,49,0.055,1.139,0.0,0
1093,1350,63574.0,6.0,1,3,1,4,0,1.8081342434584755,1.0,63.574,3,5.0,3,2,4,1,False,False,11.833013862248457,10.741752101213589,14.232937850510206,0.0,False,0,1,6,2,0,4,6,False,30,32,39,8.60462957905934,11.077874369147551,9.346706460797282,11.891355142030015,11.044367214381673,13.711130385295524,12.961012960583815,1.5156536234627576,4.256814152276722,5.25367990272112,7.69074921978803,1350,0.0,10.0,49,0.055,1.139,0.0,0
1094,1350,30021.0,3.0,1,2,0,7,0,1.382182320441989,1.0,30.021,2,3.0,3,3,0,2,False,False,11.721004063440931,11.13912559144111,14.55345454011381,0.0,True,0,0,1,1,0,0,1,False,1,1,1,8.60462957905934,11.077874369147551,9.346706460797282,11.891355142030015,11.044367214381673,13.711130385295524,12.961012960583815,1.5156536234627576,4.256814152276722,5.25367990272112,7.69074921978803,1350,0.0,10.0,49,0.055,1.139,0.0,0
1095,1350,26018.0,5.0,2,2,1,4,0,0.8480443285528031,1.0,26.018,1,4.0,2,2,3,1,False,False,11.388398807613331,11.108167811178747,14.858259271563544,0.0,False,1,3,5,2,2,3,3,True,1,1,1,8.60462957905934,11.077874369147551,9.346706460797282,11.891355142030015,11.044367214381673,13.711130385295524,12.961012960583815,1.5156536234627576,4.256814152276722,5.25367990272112,7.69074921978803,1350,0.0,10.0,49,0.055,1.139,15.0,1
1096,1350,26018.0,5.0,2,2,1,4,0,0.8480443285528031,1.0,26.018,1,4.0,2,2,3,1,False,False,11.388398807613331,11.108167811178747,14.858259271563544,0.0,False,0,0,5,2,2,3,3,False,84,148,84,8.60462957905934,11.077874369147551,9.346706460797282,11.891355142030015,11.044367214381673,13.711130385295524,12.961012960583815,1.5156536234627576,4.256814152276722,5.25367990272112,7.69074921978803,1350,0.0,10.0,49,0.055,1.139,0.0,0
1097,1350,101248.0,5.0,1,1,1,5,0,3.30013037809648,1.0,101.248,4,4.0,2,2,3,1,False,False,11.981439549670611,11.205789272510252,14.479698095843322,0.0,True,1,1,5,2,2,3,3,True,30,30,30,8.60462957905934,11.077874369147551,9.346706460797282,11.891355142030015,11.044367214381673,13.711130385295524,12.961012960583815,1.5156536234627576,4.256814152276722,5.25367990272112,7.69074921978803,1350,0.0,10.0,49,0.055,1.139,3.0,1
1098,1350,112607.0,2.0,1,1,2,6,0,6.531728538283063,1.0,112.607,4,0.0,2,2,0,0,False,False,11.981439549670611,11.205789272510252,14.47969809584332,0.0,True,0,0,2,2,0,0,2,False,1,1,1,8.60462957905934,11.077874369147551,9.346706460797282,11.891355142030015,11.044367214381673,13.711130385295524,12.961012960583815,1.5156536234627576,4.256814152276722,5.25367990272112,7.69074921978803,1350,0.0,10.0,49,0.055,1.139,0.0,0
1099,1350,62917.0,3.0,1,3,2,2,0,2.896731123388582,1.0,62.917,3,1.0,3,3,0,1,False,False,11.833013862248457,10.741752101213589,14.232937850510206,0.0,False,0,0,3,3,0,0,3,False,1,1,1,8.60462957905934,11.077874369147551,9.346706460797282,11.891355142030015,11.044367214381673,13.711130385295524,12.961012960583815,1.5156536234627576,4.256814152276722,5.25367990272112,7.69074921978803,1350,0.0,10.0,49,0.055,1.139,0.0,0
1100,1350,24590.0,1.0,4,1,0,5,0,1.927115987460815,1.0,24.59,1,1.0,1,1,0,1,False,False,11.382853823837506,11.239269697543827,14.81778127930148,0.0,False,0,0,1,1,0,0,1,False,1,1,1,8.60462957905934,11.077874369147551,9.346706460797282,11.891355142030015,11.044367214381673,13.711130385295524,12.961012960583815,1.5156536234627576,4.256814152276722,5.25367990272112,7.69074921978803,1350,0.0,10.0,49,0.055,1.139,0.0,0
1101,1350,38529.0,4.0,7,4,1,3,0,1.4705725190839696,1.0,38.529,2,3.0,4,4,0,1,False,False,11.721004063440931,11.139125591441111,14.553454540113808,0.0,False,0,0,3,3,0,0,3,False,1,1,1,8.60462957905934,11.077874369147551,9.346706460797282,11.891355142030015,11.044367214381673,13.711130385295524,12.961012960583815,1.5156536234627576,4.256814152276722,5.25367990272112,7.69074921978803,1350,0.0,10.0,49,0.055,1.139,0.0,0
1102,1350,63459.0,6.0,1,4,1,2,0,1.804863481228669,1.0,63.459,3,5.0,2,2,4,1,False,False,11.833013862248457,10.741752101213589,14.232937850510206,0.0,True,0,0,6,2,0,4,6,False,84,84,84,8.60462957905934,11.077874369147551,9.346706460797282,11.891355142030015,11.044367214381673,13.711130385295524,12.961012960583815,1.5156536234627576,4.256814152276722,5.25367990272112,7.69074921978803,1350,0.0,10.0,49,0.055,1.139,0.0,0
1103,1350,68504.0,2.0,1,2,0,1,0,3.973549883990719,1.0,68.504,3,2.0,2,2,0,2,False,False,11.833013862248457,10.741752101213589,14.232937850510208,0.0,False,0,0,1,1,0,0,1,False,1,1,1,8.60462957905934,11.077874369147551,9.346706460797282,11.891355142030015,11.044367214381673,13.711130385295524,12.961012960583815,1.5156536234627576,4.256814152276722,5.25367990272112,7.69074921978803,1350,0.0,10.0,49,0.055,1.139,0.0,0
1104,1350,60964.0,4.0,1,4,1,2,0,2.3268702290076337,1.0,60.964,3,3.0,4,4,0,0,False,False,11.833013862248457,10.741752101213589,14.232937850510208,0.0,True,0,0,3,3,0,0,3,False,1,1,1,8.60462957905934,11.077874369147551,9.346706460797282,11.891355142030015,11.044367214381673,13.711130385295524,12.961012960583815,1.5156536234627576,4.256814152276722,5.25367990272112,7.69074921978803,1350,0.0,10.0,49,0.055,1.139,0.0,0
1105,1350,59241.0,2.0,1,2,1,5,0,3.4362529002320183,1.0,59.241,2,1.0,2,2,0,1,True,False,11.721004063440931,11.139125591441111,14.553454540113808,0.0,True,0,0,1,1,0,0,1,False,1,1,1,8.60462957905934,11.077874369147551,9.346706460797282,11.891355142030015,11.044367214381673,13.711130385295524,12.961012960583815,1.5156536234627576,4.256814152276722,5.25367990272112,7.69074921978803,1350,0.0,10.0,49,0.055,1.139,0.0,0
1106,1350,43084.0,3.0,1,2,1,2,0,1.983609576427256,1.0,43.084,2,2.0,3,3,0,2,False,False,11.721004063440931,11.13912559144111,14.55345454011381,0.0,False,0,0,1,1,0,0,1,False,1,1,1,8.60462957905934,11.077874369147551,9.346706460797282,11.891355142030015,11.044367214381673,13.711130385295524,12.961012960583815,1.5156536234627576,4.256814152276722,5.25367990272112,7.69074921978803,1350,0.0,10.0,49,0.055,1.139,0.0,0
1107,1350,8455.0,2.0,3,1,0,1,0,0.4904292343387471,1.0,8.455,1,2.0,2,2,0,1,False,False,11.382853823837506,11.239269697543827,14.81778127930148,0.0,False,0,0,2,2,0,0,2,False,1,1,1,8.60462957905934,11.077874369147551,9.346706460797282,11.891355142030015,11.044367214381673,13.711130385295524,12.961012960583815,1.5156536234627576,4.256814152276722,5.25367990272112,7.69074921978803,1350,0.0,10.0,49,0.055,1.139,0.0,0
1108,1380,137517.0,4.0,1,2,2,2,0,5.248740458015267,1.0,137.517,4,2.0,2,2,2,0,False,False,10.439615807427522,6.438674731425421,11.471598512170669,0.0,False,0,1,3,1,2,2,1,False,5,5,5,4.297155073489027,9.336909235310952,6.570854930797443,9.99837498047458,11.638097381881783,14.304772352655972,13.622797757594466,0.0,0.0,0.0,0.0,1380,0.0,0.0,17,0.984,999999.0,0.0,0
1109,1380,103686.0,8.0,1,3,5,3,0,2.350090661831369,1.0,103.686,4,3.0,6,6,2,0,False,False,10.439615807427522,6.438674731425421,11.471598512170669,0.0,False,0,0,6,4,2,2,4,False,1,1,1,4.297155073489027,9.336909235310952,6.570854930797443,9.99837498047458,11.638097381881783,14.304772352655972,13.622797757594466,0.0,0.0,0.0,0.0,1380,0.0,0.0,17,0.984,999999.0,0.0,0
1110,1380,103686.0,8.0,1,4,5,3,0,2.350090661831369,1.0,103.686,4,3.0,6,6,2,0,False,False,10.439615807427522,6.438674731425421,11.471598512170669,0.0,False,0,0,7,5,2,2,5,False,39,1,39,4.297155073489027,9.336909235310952,6.570854930797443,9.99837498047458,11.638097381881783,14.304772352655972,13.622797757594466,0.0,0.0,0.0,0.0,1380,0.0,0.0,17,0.984,999999.0,0.0,0
1111,1380,103686.0,8.0,1,3,5,3,0,2.350090661831369,1.0,103.686,4,3.0,6,6,2,0,False,False,10.439615807427522,6.438674731425421,11.471598512170669,0.0,False,0,1,5,4,1,1,4,False,1,1,1,4.297155073489027,9.336909235310952,6.570854930797443,9.99837498047458,11.638097381881783,14.304772352655972,13.622797757594466,0.0,0.0,0.0,0.0,1380,0.0,0.0,17,0.984,999999.0,0.0,0
1112,1380,103686.0,8.0,1,3,5,3,0,2.350090661831369,1.0,103.686,4,3.0,6,6,2,0,False,False,10.439615807427522,6.438674731425421,11.471598512170669,0.0,False,0,0,8,6,2,2,6,False,34,30,34,4.297155073489027,9.336909235310952,6.570854930797443,9.99837498047458,11.638097381881783,14.304772352655972,13.622797757594466,0.0,0.0,0.0,0.0,1380,0.0,0.0,17,0.984,999999.0,0.0,0
1113,1380,103686.0,8.0,1,3,5,3,0,2.350090661831369,1.0,103.686,4,3.0,6,6,2,0,False,False,10.439615807427522,6.438674731425421,11.471598512170669,0.0,False,1,2,8,6,2,2,6,True,1,1,1,4.297155073489027,9.336909235310952,6.570854930797443,9.99837498047458,11.638097381881783,14.304772352655972,13.622797757594466,0.0,0.0,0.0,0.0,1380,0.0,0.0,17,0.984,999999.0,4.0,1
1114,1380,103686.0,8.0,1,2,5,3,0,2.350090661831369,1.0,103.686,4,3.0,6,6,2,0,False,False,10.439615807427522,6.438674731425421,11.471598512170669,0.0,False,1,2,7,5,2,2,5,True,1,1,1,4.297155073489027,9.336909235310952,6.570854930797443,9.99837498047458,11.638097381881783,14.304772352655972,13.622797757594466,0.0,0.0,0.0,0.0,1380,0.0,0.0,17,0.984,999999.0,7.0,1
1115,1380,103686.0,8.0,1,3,5,3,0,2.350090661831369,1.0,103.686,4,3.0,6,6,2,0,False,False,10.439615807427522,6.438674731425421,11.471598512170669,0.0,False,1,2,8,6,2,2,6,True,1,1,1,4.297155073489027,9.336909235310952,6.570854930797443,9.99837498047458,11.638097381881783,14.304772352655972,13.622797757594466,0.0,0.0,0.0,0.0,1380,0.0,0.0,17,0.984,999999.0,144.0,2
1116,1380,103686.0,8.0,1,4,5,3,0,2.350090661831369,1.0,103.686,4,3.0,6,6,2,0,True,False,10.439615807427522,6.438674731425421,11.471598512170669,0.0,False,0,2,7,5,2,2,5,False,1,1,1,4.297155073489027,9.336909235310952,6.570854930797443,9.99837498047458,11.638097381881783,14.304772352655972,13.622797757594466,0.0,0.0,0.0,0.0,1380,0.0,0.0,17,0.984,999999.0,0.0,0
1117,1380,46245.0,2.0,1,2,2,6,0,2.682424593967517,1.0,46.245,2,0.0,2,2,0,0,False,False,9.821106360066503,6.210308346257985,11.19084237824295,0.0,False,0,0,2,2,0,0,2,False,1,1,1,4.297155073489027,9.336909235310952,6.570854930797443,9.99837498047458,11.638097381881783,14.304772352655972,13.622797757594466,0.0,0.0,0.0,0.0,1380,0.0,0.0,17,0.984,999999.0,0.0,0
1118,1380,46245.0,2.0,1,1,2,6,0,2.682424593967517,1.0,46.245,2,0.0,2,2,0,0,False,False,10.179868271907544,6.198917061519737,11.361541292671095,0.0,True,0,0,2,2,0,0,2,False,1,1,1,4.297155073489027,9.336909235310952,6.570854930797443,9.99837498047458,11.638097381881783,14.304772352655972,13.622797757594466,0.0,0.0,0.0,0.0,1380,0.0,0.0,17,0.984,999999.0,0.0,0
1119,1380,46245.0,2.0,1,2,2,6,0,2.682424593967517,1.0,46.245,2,0.0,2,2,0,0,False,False,9.821106360066503,6.210308346257985,11.19084237824295,0.0,False,1,0,2,2,0,0,2,True,1,1,1,4.297155073489027,9.336909235310952,6.570854930797443,9.99837498047458,11.638097381881783,14.304772352655972,13.622797757594466,0.0,0.0,0.0,0.0,1380,0.0,0.0,17,0.984,999999.0,7.0,1
1120,1380,46245.0,2.0,1,2,2,6,0,2.682424593967517,1.0,46.245,2,0.0,2,2,0,0,False,False,9.821106360066503,6.210308346257985,11.19084237824295,0.0,False,0,0,1,1,0,0,1,False,1,1,1,4.297155073489027,9.336909235310952,6.570854930797443,9.99837498047458,11.638097381881783,14.304772352655972,13.622797757594466,0.0,0.0,0.0,0.0,1380,0.0,0.0,17,0.984,999999.0,0.0,0
1121,1380,43811.0,2.0,1,2,1,6,0,2.541241299303944,1.0,43.811,2,1.0,2,2,0,1,False,False,9.821106360066503,6.210308346257985,11.19084237824295,0.0,False,0,0,2,2,0,0,2,False,1,1,1,4.297155073489027,9.336909235310952,6.570854930797443,9.99837498047458,11.638097381881783,14.304772352655972,13.622797757594466,0.0,0.0,0.0,0.0,1380,0.0,0.0,17,0.984,999999.0,0.0,0
1122,1380,43811.0,2.0,1,2,1,6,0,2.541241299303944,1.0,43.811,2,1.0,2,2,0,1,False,False,9.821106360066503,6.210308346257985,11.19084237824295,0.0,False,0,0,1,1,0,0,1,False,1,1,1,4.297155073489027,9.336909235310952,6.570854930797443,9.99837498047458,11.638097381881783,14.304772352655972,13.622797757594466,0.0,0.0,0.0,0.0,1380,0.0,0.0,17,0.984,999999.0,0.0,0
1123,1380,43811.0,2.0,1,1,1,6,0,2.541241299303944,1.0,43.811,2,1.0,2,2,0,1,False,False,10.179868271907544,6.198917061519737,11.361541292671095,0.0,True,0,0,1,1,0,0,1,False,1,1,1,4.297155073489027,9.336909235310952,6.570854930797443,9.99837498047458,11.638097381881783,14.304772352655972,13.622797757594466,0.0,0.0,0.0,0.0,1380,0.0,0.0,17,0.984,999999.0,0.0,0
1124,1380,74843.0,6.0,1,3,3,3,0,2.128640500568828,1.0,74.843,3,3.0,5,4,2,1,False,False,10.444029311190592,6.755489098244673,11.292983685479433,0.0,False,0,0,6,4,0,2,6,False,3,3,3,4.297155073489027,9.336909235310952,6.570854930797443,9.99837498047458,11.638097381881783,14.304772352655972,13.622797757594466,0.0,0.0,0.0,0.0,1380,0.0,0.0,17,0.984,999999.0,0.0,0
1125,1380,74843.0,6.0,1,3,3,3,0,2.128640500568828,1.0,74.843,3,3.0,5,4,2,1,False,False,10.444029311190592,6.755489098244673,11.292983685479433,0.0,True,0,0,4,2,0,2,4,False,1,1,1,4.297155073489027,9.336909235310952,6.570854930797443,9.99837498047458,11.638097381881783,14.304772352655972,13.622797757594466,0.0,0.0,0.0,0.0,1380,0.0,0.0,17,0.984,999999.0,0.0,0
1126,1380,74843.0,6.0,1,1,3,3,0,2.128640500568828,1.0,74.843,3,3.0,5,4,2,1,True,False,10.10612292309639,6.36220045031141,11.445781341367146,0.0,True,0,0,5,3,0,2,5,False,1,1,1,4.297155073489027,9.336909235310952,6.570854930797443,9.99837498047458,11.638097381881783,14.304772352655972,13.622797757594466,0.0,0.0,0.0,0.0,1380,0.0,0.0,17,0.984,999999.0,0.0,0
1127,1380,74843.0,6.0,1,3,3,3,0,2.128640500568828,1.0,74.843,3,3.0,5,4,2,1,False,False,10.444029311190592,6.755489098244673,11.292983685479433,0.0,False,0,1,6,4,0,2,6,False,1,1,1,4.297155073489027,9.336909235310952,6.570854930797443,9.99837498047458,11.638097381881783,14.304772352655972,13.622797757594466,0.0,0.0,0.0,0.0,1380,0.0,0.0,17,0.984,999999.0,0.0,0
1128,1380,74843.0,6.0,1,4,3,3,0,2.128640500568828,1.0,74.843,3,3.0,5,4,2,1,False,False,10.444029311190592,6.755489098244673,11.292983685479433,0.0,False,0,0,6,4,0,2,6,False,5,5,5,4.297155073489027,9.336909235310952,6.570854930797443,9.99837498047458,11.638097381881783,14.304772352655972,13.622797757594466,0.0,0.0,0.0,0.0,1380,0.0,0.0,17,0.984,999999.0,0.0,0
1129,1380,74843.0,6.0,1,4,3,3,0,2.128640500568828,1.0,74.843,3,3.0,5,4,2,1,False,False,10.444029311190592,6.755489098244673,11.292983685479433,0.0,True,0,1,5,4,0,1,5,False,1,1,1,4.297155073489027,9.336909235310952,6.570854930797443,9.99837498047458,11.638097381881783,14.304772352655972,13.622797757594466,0.0,0.0,0.0,0.0,1380,0.0,0.0,17,0.984,999999.0,0.0,0
1130,1380,74843.0,6.0,1,3,3,3,0,2.128640500568828,1.0,74.843,3,3.0,5,4,2,1,True,False,10.444029311190592,6.755489098244673,11.292983685479433,0.0,False,0,0,6,4,0,2,6,False,3,3,3,4.297155073489027,9.336909235310952,6.570854930797443,9.99837498047458,11.638097381881783,14.304772352655972,13.622797757594466,0.0,0.0,0.0,0.0,1380,0.0,0.0,17,0.984,999999.0,0.0,0
1131,1380,74843.0,6.0,1,1,3,3,0,2.128640500568828,1.0,74.843,3,3.0,5,4,2,1,False,False,10.10612292309639,6.36220045031141,11.445781341367146,0.0,True,0,0,5,3,0,2,5,False,1,1,1,4.297155073489027,9.336909235310952,6.570854930797443,9.99837498047458,11.638097381881783,14.304772352655972,13.622797757594466,0.0,0.0,0.0,0.0,1380,0.0,0.0,17,0.984,999999.0,0.0,0
1132,1380,46245.0,4.0,1,2,1,6,0,1.7650763358778625,1.0,46.245,2,3.0,2,2,2,0,True,False,9.821106360066503,6.210308346257985,11.19084237824295,0.0,False,1,1,3,2,1,1,2,True,5,3,3,4.297155073489027,9.336909235310952,6.570854930797443,9.99837498047458,11.638097381881783,14.304772352655972,13.622797757594466,0.0,0.0,0.0,0.0,1380,0.0,0.0,17,0.984,999999.0,3.0,1
1133,1380,38334.0,2.0,1,2,2,3,0,2.223549883990719,1.0,38.334,2,0.0,2,2,0,0,False,False,9.821106360066503,6.210308346257985,11.19084237824295,0.0,False,1,0,2,2,0,0,2,True,1,1,1,4.297155073489027,9.336909235310952,6.570854930797443,9.99837498047458,11.638097381881783,14.304772352655972,13.622797757594466,0.0,0.0,0.0,0.0,1380,0.0,0.0,17,0.984,999999.0,7.0,1
1134,1380,38334.0,2.0,1,2,2,3,0,2.223549883990719,1.0,38.334,2,0.0,2,2,0,0,False,False,9.821106360066503,6.210308346257985,11.19084237824295,0.0,False,0,0,2,2,0,0,2,False,1,1,1,4.297155073489027,9.336909235310952,6.570854930797443,9.99837498047458,11.638097381881783,14.304772352655972,13.622797757594466,0.0,0.0,0.0,0.0,1380,0.0,0.0,17,0.984,999999.0,0.0,0
1135,1380,38334.0,2.0,1,1,2,3,0,2.223549883990719,1.0,38.334,2,0.0,2,2,0,0,True,False,10.179868271907544,6.198917061519737,11.361541292671095,0.0,False,0,0,2,2,0,0,2,False,1,1,1,4.297155073489027,9.336909235310952,6.570854930797443,9.99837498047458,11.638097381881783,14.304772352655972,13.622797757594466,0.0,0.0,0.0,0.0,1380,0.0,0.0,17,0.984,999999.0,0.0,0
1136,1380,38334.0,2.0,1,2,2,3,0,2.223549883990719,1.0,38.334,2,0.0,2,2,0,0,False,False,9.821106360066503,6.210308346257985,11.19084237824295,0.0,False,0,0,2,2,0,0,2,False,1,1,1,4.297155073489027,9.336909235310952,6.570854930797443,9.99837498047458,11.638097381881783,14.304772352655972,13.622797757594466,0.0,0.0,0.0,0.0,1380,0.0,0.0,17,0.984,999999.0,0.0,0
1137,1380,38334.0,2.0,1,2,2,3,0,2.223549883990719,1.0,38.334,2,0.0,2,2,0,0,False,False,9.821106360066503,6.210308346257985,11.19084237824295,0.0,True,0,0,2,2,0,0,2,False,1,1,1,4.297155073489027,9.336909235310952,6.570854930797443,9.99837498047458,11.638097381881783,14.304772352655972,13.622797757594466,0.0,0.0,0.0,0.0,1380,0.0,0.0,17,0.984,999999.0,0.0,0
1138,1380,38334.0,2.0,1,3,2,3,0,2.223549883990719,1.0,38.334,2,0.0,2,2,0,0,False,False,9.821106360066503,6.210308346257985,11.19084237824295,0.0,False,0,0,1,1,0,0,1,False,1,1,1,4.297155073489027,9.336909235310952,6.570854930797443,9.99837498047458,11.638097381881783,14.304772352655972,13.622797757594466,0.0,0.0,0.0,0.0,1380,0.0,0.0,17,0.984,999999.0,0.0,0
1142,1380,34075.0,1.0,6,1,0,6,0,2.6704545454545454,1.0,34.075,2,1.0,1,1,0,1,False,False,10.179868271907544,6.198917061519737,11.361541292671095,0.0,False,0,0,1,1,0,0,1,False,1,1,1,4.297155073489027,9.336909235310952,6.570854930797443,9.99837498047458,11.638097381881783,14.304772352655972,13.622797757594466,0.0,0.0,0.0,0.0,1380,0.0,0.0,17,0.984,999999.0,0.0,0
1143,1380,34075.0,1.0,6,1,0,6,0,2.6704545454545454,1.0,34.075,2,1.0,1,1,0,1,False,False,10.179868271907544,6.198917061519737,11.361541292671095,0.0,False,0,0,1,1,0,0,1,False,1,1,1,4.297155073489027,9.336909235310952,6.570854930797443,9.99837498047458,11.638097381881783,14.304772352655972,13.622797757594466,0.0,0.0,0.0,0.0,1380,0.0,0.0,17,0.984,999999.0,0.0,0
1144,1380,34075.0,1.0,6,1,0,6,0,2.6704545454545454,1.0,34.075,2,1.0,1,1,0,1,False,False,10.179868271907544,6.198917061519737,11.361541292671095,0.0,False,0,0,1,1,0,0,1,False,1,1,1,4.297155073489027,9.336909235310952,6.570854930797443,9.99837498047458,11.638097381881783,14.304772352655972,13.622797757594466,0.0,0.0,0.0,0.0,1380,0.0,0.0,17,0.984,999999.0,0.0,0
1145,1380,34075.0,1.0,6,1,0,6,0,2.6704545454545454,1.0,34.075,2,1.0,1,1,0,1,False,False,10.179868271907544,6.198917061519737,11.361541292671095,0.0,False,0,0,1,1,0,0,1,False,1,1,1,4.297155073489027,9.336909235310952,6.570854930797443,9.99837498047458,11.638097381881783,14.304772352655972,13.622797757594466,0.0,0.0,0.0,0.0,1380,0.0,0.0,17,0.984,999999.0,0.0,0
1146,1380,34075.0,1.0,6,1,0,6,0,2.6704545454545454,1.0,34.075,2,1.0,1,1,0,1,False,False,10.179868271907544,6.198917061519737,11.361541292671095,0.0,False,0,0,1,1,0,0,1,False,1,1,1,4.297155073489027,9.336909235310952,6.570854930797443,9.99837498047458,11.638097381881783,14.304772352655972,13.622797757594466,0.0,0.0,0.0,0.0,1380,0.0,0.0,17,0.984,999999.0,0.0,0
1147,1380,34075.0,1.0,6,1,0,6,0,2.6704545454545454,1.0,34.075,2,1.0,1,1,0,1,False,False,10.179868271907544,6.198917061519737,11.361541292671095,0.0,False,0,0,1,1,0,0,1,False,1,1,1,4.297155073489027,9.336909235310952,6.570854930797443,9.99837498047458,11.638097381881783,14.304772352655972,13.622797757594466,0.0,0.0,0.0,0.0,1380,0.0,0.0,17,0.984,999999.0,0.0,0
1148,1380,38334.0,2.0,2,1,2,7,0,2.223549883990719,1.0,38.334,2,0.0,2,2,0,0,False,False,10.179868271907544,6.198917061519737,11.361541292671095,0.0,False,0,0,2,2,0,0,2,False,1,1,1,4.297155073489027,9.336909235310952,6.570854930797443,9.99837498047458,11.638097381881783,14.304772352655972,13.622797757594466,0.0,0.0,0.0,0.0,1380,0.0,0.0,17,0.984,999999.0,0.0,0
1149,1380,67177.0,4.0,1,4,0,3,0,2.5640076335877864,1.0,67.177,3,4.0,3,2,2,2,False,False,10.444029311190592,6.755489098244673,11.292983685479433,0.0,False,0,0,3,1,0,2,3,False,3,3,3,4.297155073489027,9.336909235310952,6.570854930797443,9.99837498047458,11.638097381881783,14.304772352655972,13.622797757594466,0.0,0.0,0.0,0.0,1380,0.0,0.0,17,0.984,999999.0,0.0,0
1150,1380,67177.0,4.0,1,3,0,3,0,2.5640076335877864,1.0,67.177,3,4.0,3,2,2,2,False,False,10.444029311190592,6.755489098244673,11.292983685479433,0.0,False,1,1,4,2,0,2,4,True,1,1,1,4.297155073489027,9.336909235310952,6.570854930797443,9.99837498047458,11.638097381881783,14.304772352655972,13.622797757594466,0.0,0.0,0.0,0.0,1380,0.0,0.0,17,0.984,999999.0,31.0,2
1151,1380,67177.0,4.0,1,2,0,3,0,2.5640076335877864,1.0,67.177,3,4.0,3,2,2,2,False,False,10.444029311190592,6.755489098244673,11.292983685479433,0.0,False,0,0,3,1,0,2,3,False,5,5,5,4.297155073489027,9.336909235310952,6.570854930797443,9.99837498047458,11.638097381881783,14.304772352655972,13.622797757594466,0.0,0.0,0.0,0.0,1380,0.0,0.0,17,0.984,999999.0,0.0,0
1152,1380,67177.0,4.0,1,4,0,3,0,2.5640076335877864,1.0,67.177,3,4.0,3,2,2,2,False,False,10.444029311190592,6.755489098244673,11.292983685479433,0.0,False,0,0,3,1,0,2,3,False,3,3,3,4.297155073489027,9.336909235310952,6.570854930797443,9.99837498047458,11.638097381881783,14.304772352655972,13.622797757594466,0.0,0.0,0.0,0.0,1380,0.0,0.0,17,0.984,999999.0,0.0,0
1153,1380,67177.0,4.0,1,2,0,3,0,2.5640076335877864,1.0,67.177,3,4.0,3,2,2,2,False,False,10.444029311190592,6.755489098244673,11.292983685479433,0.0,True,0,1,4,2,0,2,4,False,1,1,1,4.297155073489027,9.336909235310952,6.570854930797443,9.99837498047458,11.638097381881783,14.304772352655972,13.622797757594466,0.0,0.0,0.0,0.0,1380,0.0,0.0,17,0.984,999999.0,0.0,0
1155,1380,33345.0,2.0,3,2,0,5,0,1.9341647331786544,1.0,33.345,2,2.0,2,2,0,2,False,False,9.821106360066503,6.210308346257985,11.19084237824295,0.0,False,0,0,2,2,0,0,2,False,1,1,1,4.297155073489027,9.336909235310952,6.570854930797443,9.99837498047458,11.638097381881783,14.304772352655972,13.622797757594466,0.0,0.0,0.0,0.0,1380,0.0,0.0,17,0.984,999999.0,0.0,0
1156,1380,33345.0,2.0,3,1,0,5,0,1.9341647331786544,1.0,33.345,2,2.0,2,2,0,2,False,False,10.179868271907544,6.198917061519737,11.361541292671095,0.0,False,0,0,1,1,0,0,1,False,1,1,1,4.297155073489027,9.336909235310952,6.570854930797443,9.99837498047458,11.638097381881783,14.304772352655972,13.622797757594466,0.0,0.0,0.0,0.0,1380,0.0,0.0,17,0.984,999999.0,0.0,0
1157,1380,30424.0,1.0,4,1,0,2,0,2.3843260188087774,1.0,30.424,2,1.0,1,1,0,1,False,False,10.179868271907544,6.198917061519737,11.361541292671095,0.0,False,0,0,1,1,0,0,1,False,1,1,1,4.297155073489027,9.336909235310952,6.570854930797443,9.99837498047458,11.638097381881783,14.304772352655972,13.622797757594466,0.0,0.0,0.0,0.0,1380,0.0,0.0,17,0.984,999999.0,0.0,0
1158,1380,30424.0,1.0,4,2,0,2,0,2.3843260188087774,1.0,30.424,2,1.0,1,1,0,1,False,False,9.821106360066503,6.210308346257985,11.19084237824295,0.0,False,0,0,1,1,0,0,1,False,1,1,1,4.297155073489027,9.336909235310952,6.570854930797443,9.99837498047458,11.638097381881783,14.304772352655972,13.622797757594466,0.0,0.0,0.0,0.0,1380,0.0,0.0,17,0.984,999999.0,0.0,0
1159,1380,30424.0,1.0,4,1,0,2,0,2.3843260188087774,1.0,30.424,2,1.0,1,1,0,1,False,False,10.179868271907544,6.198917061519737,11.361541292671095,0.0,False,0,0,1,1,0,0,1,False,1,1,1,4.297155073489027,9.336909235310952,6.570854930797443,9.99837498047458,11.638097381881783,14.304772352655972,13.622797757594466,0.0,0.0,0.0,0.0,1380,0.0,0.0,17,0.984,999999.0,0.0,0
1160,1380,47218.0,4.0,1,2,1,3,0,1.8022137404580152,1.0,47.218,2,3.0,2,2,2,1,False,False,9.821106360066503,6.210308346257985,11.19084237824295,0.0,False,0,0,3,1,1,2,2,False,39,5,9,4.297155073489027,9.336909235310952,6.570854930797443,9.99837498047458,11.638097381881783,14.304772352655972,13.622797757594466,0.0,0.0,0.0,0.0,1380,0.0,0.0,17,0.984,999999.0,0.0,0
1161,1380,47218.0,4.0,1,3,1,3,0,1.8022137404580152,1.0,47.218,2,3.0,2,2,2,1,False,False,9.821106360066503,6.210308346257985,11.19084237824295,0.0,False,0,0,3,1,1,2,2,False,4,1,4,4.297155073489027,9.336909235310952,6.570854930797443,9.99837498047458,11.638097381881783,14.304772352655972,13.622797757594466,0.0,0.0,0.0,0.0,1380,0.0,0.0,17,0.984,999999.0,0.0,0
1163,1380,17038.0,2.0,1,2,2,3,0,0.9882830626450116,1.0,17.038,1,0.0,2,2,0,0,False,False,9.573334880755851,5.68489992099569,11.113817165598846,0.0,False,0,0,1,1,0,0,1,False,1,1,1,4.297155073489027,9.336909235310952,6.570854930797443,9.99837498047458,11.638097381881783,14.304772352655972,13.622797757594466,0.0,0.0,0.0,0.0,1380,0.0,0.0,17,0.984,999999.0,0.0,0
1164,1380,17038.0,2.0,1,2,2,3,0,0.9882830626450116,1.0,17.038,1,0.0,2,2,0,0,False,False,9.573334880755851,5.68489992099569,11.113817165598846,0.0,True,0,0,2,2,0,0,2,False,1,1,1,4.297155073489027,9.336909235310952,6.570854930797443,9.99837498047458,11.638097381881783,14.304772352655972,13.622797757594466,0.0,0.0,0.0,0.0,1380,0.0,0.0,17,0.984,999999.0,0.0,0
1165,1380,17038.0,2.0,1,2,2,3,0,0.9882830626450116,1.0,17.038,1,0.0,2,2,0,0,False,False,9.573334880755851,5.68489992099569,11.113817165598846,0.0,False,0,0,2,2,0,0,2,False,1,1,1,4.297155073489027,9.336909235310952,6.570854930797443,9.99837498047458,11.638097381881783,14.304772352655972,13.622797757594466,0.0,0.0,0.0,0.0,1380,0.0,0.0,17,0.984,999999.0,0.0,0
1166,1380,17038.0,2.0,1,2,2,3,0,0.9882830626450116,1.0,17.038,1,0.0,2,2,0,0,False,False,9.573334880755851,5.68489992099569,11.113817165598846,0.0,False,0,0,2,2,0,0,2,False,1,1,1,4.297155073489027,9.336909235310952,6.570854930797443,9.99837498047458,11.638097381881783,14.304772352655972,13.622797757594466,0.0,0.0,0.0,0.0,1380,0.0,0.0,17,0.984,999999.0,0.0,0
1167,1380,17038.0,2.0,1,2,2,3,0,0.9882830626450116,1.0,17.038,1,0.0,2,2,0,0,False,False,9.573334880755851,5.68489992099569,11.113817165598846,0.0,False,0,0,2,2,0,0,2,False,1,1,1,4.297155073489027,9.336909235310952,6.570854930797443,9.99837498047458,11.638097381881783,14.304772352655972,13.622797757594466,0.0,0.0,0.0,0.0,1380,0.0,0.0,17,0.984,999999.0,0.0,0
1168,1380,17038.0,2.0,1,1,2,3,0,0.9882830626450116,1.0,17.038,1,0.0,2,2,0,0,False,False,9.12168545125418,6.014653038711729,10.748933166703896,0.0,False,0,0,2,2,0,0,2,False,1,1,1,4.297155073489027,9.336909235310952,6.570854930797443,9.99837498047458,11.638097381881783,14.304772352655972,13.622797757594466,0.0,0.0,0.0,0.0,1380,0.0,0.0,17,0.984,999999.0,0.0,0
1169,1380,17038.0,2.0,1,2,2,3,0,0.9882830626450116,1.0,17.038,1,0.0,2,2,0,0,False,False,9.573334880755851,5.68489992099569,11.113817165598846,0.0,False,1,0,2,2,0,0,2,True,1,1,1,4.297155073489027,9.336909235310952,6.570854930797443,9.99837498047458,11.638097381881783,14.304772352655972,13.622797757594466,0.0,0.0,0.0,0.0,1380,0.0,0.0,17,0.984,999999.0,4.0,1
1170,1380,17038.0,2.0,1,1,2,3,0,0.9882830626450116,1.0,17.038,1,0.0,2,2,0,0,False,False,9.12168545125418,6.014653038711729,10.748933166703896,0.0,False,0,0,2,2,0,0,2,False,1,1,1,4.297155073489027,9.336909235310952,6.570854930797443,9.99837498047458,11.638097381881783,14.304772352655972,13.622797757594466,0.0,0.0,0.0,0.0,1380,0.0,0.0,17,0.984,999999.0,0.0,0
1171,1380,17038.0,2.0,1,2,2,3,0,0.9882830626450116,1.0,17.038,1,0.0,2,2,0,0,False,False,9.573334880755851,5.68489992099569,11.113817165598846,0.0,False,0,0,2,2,0,0,2,False,1,1,1,4.297155073489027,9.336909235310952,6.570854930797443,9.99837498047458,11.638097381881783,14.304772352655972,13.622797757594466,0.0,0.0,0.0,0.0,1380,0.0,0.0,17,0.984,999999.0,0.0,0
1173,1380,17038.0,2.0,1,3,2,3,0,0.9882830626450116,1.0,17.038,1,0.0,2,2,0,0,False,False,9.573334880755851,5.68489992099569,11.113817165598846,0.0,False,0,0,2,2,0,0,2,False,1,1,1,4.297155073489027,9.336909235310952,6.570854930797443,9.99837498047458,11.638097381881783,14.304772352655972,13.622797757594466,0.0,0.0,0.0,0.0,1380,0.0,0.0,17,0.984,999999.0,0.0,0
1174,1380,17038.0,2.0,1,2,2,3,0,0.9882830626450116,1.0,17.038,1,0.0,2,2,0,0,False,False,9.573334880755851,5.68489992099569,11.113817165598846,0.0,False,0,0,2,2,0,0,2,False,1,1,1,4.297155073489027,9.336909235310952,6.570854930797443,9.99837498047458,11.638097381881783,14.304772352655972,13.622797757594466,0.0,0.0,0.0,0.0,1380,0.0,0.0,17,0.984,999999.0,0.0,0
1175,1380,17038.0,2.0,1,0,2,3,0,0.9882830626450116,1.0,17.038,1,0.0,2,2,0,0,False,False,10.126630453166085,6.468519826011527,11.032100166106506,0.0,False,0,0,1,1,0,0,1,False,1,1,1,4.297155073489027,9.336909235310952,6.570854930797443,9.99837498047458,11.638097381881783,14.304772352655972,13.622797757594466,0.0,0.0,0.0,0.0,1380,0.0,0.0,17,0.984,999999.0,0.0,0
1176,1380,76425.0,2.0,1,2,2,3,0,4.433004640371229,1.0,76.425,3,0.0,2,2,0,0,False,False,10.444029311190592,6.755489098244673,11.292983685479433,0.0,True,1,0,2,2,0,0,2,True,1,1,1,4.297155073489027,9.336909235310952,6.570854930797443,9.99837498047458,11.638097381881783,14.304772352655972,13.622797757594466,0.0,0.0,0.0,0.0,1380,0.0,0.0,17,0.984,999999.0,7.0,1
1177,1380,76425.0,2.0,1,2,2,3,0,4.433004640371229,1.0,76.425,3,0.0,2,2,0,0,False,False,10.444029311190592,6.755489098244673,11.292983685479433,0.0,False,0,0,2,2,0,0,2,False,1,1,1,4.297155073489027,9.336909235310952,6.570854930797443,9.99837498047458,11.638097381881783,14.304772352655972,13.622797757594466,0.0,0.0,0.0,0.0,1380,0.0,0.0,17,0.984,999999.0,0.0,0
1178,1380,73018.0,5.0,1,4,1,9,0,2.379986962190352,1.0,73.018,3,4.0,3,3,2,2,False,False,10.444029311190592,6.755489098244672,11.292983685479433,0.0,False,1,0,5,3,1,2,4,True,3,3,1,4.297155073489027,9.336909235310952,6.570854930797443,9.99837498047458,11.638097381881783,14.304772352655972,13.622797757594466,0.0,0.0,0.0,0.0,1380,0.0,0.0,17,0.984,999999.0,7.0,1
1179,1380,73018.0,5.0,1,4,1,9,0,2.379986962190352,1.0,73.018,3,4.0,3,3,2,2,False,False,10.444029311190592,6.755489098244672,11.292983685479433,0.0,False,0,0,4,2,1,2,3,False,8,9,1,4.297155073489027,9.336909235310952,6.570854930797443,9.99837498047458,11.638097381881783,14.304772352655972,13.622797757594466,0.0,0.0,0.0,0.0,1380,0.0,0.0,17,0.984,999999.0,0.0,0
1180,1380,73018.0,5.0,1,3,1,9,0,2.379986962190352,1.0,73.018,3,4.0,3,3,2,2,False,False,10.444029311190592,6.755489098244672,11.292983685479433,0.0,False,0,0,3,1,1,2,2,False,1,1,1,4.297155073489027,9.336909235310952,6.570854930797443,9.99837498047458,11.638097381881783,14.304772352655972,13.622797757594466,0.0,0.0,0.0,0.0,1380,0.0,0.0,17,0.984,999999.0,0.0,0
1181,1380,73018.0,5.0,1,2,1,9,0,2.379986962190352,1.0,73.018,3,4.0,3,3,2,2,False,False,10.444029311190592,6.755489098244672,11.292983685479433,0.0,False,1,1,3,2,0,1,3,True,5,5,5,4.297155073489027,9.336909235310952,6.570854930797443,9.99837498047458,11.638097381881783,14.304772352655972,13.622797757594466,0.0,0.0,0.0,0.0,1380,0.0,0.0,17,0.984,999999.0,7.0,1
1182,1380,73018.0,5.0,1,2,1,9,0,2.379986962190352,1.0,73.018,3,4.0,3,3,2,2,False,False,10.444029311190592,6.755489098244672,11.292983685479433,0.0,False,0,1,2,1,0,1,2,False,1,4,1,4.297155073489027,9.336909235310952,6.570854930797443,9.99837498047458,11.638097381881783,14.304772352655972,13.622797757594466,0.0,0.0,0.0,0.0,1380,0.0,0.0,17,0.984,999999.0,0.0,0
1183,1380,73018.0,5.0,1,2,1,9,0,2.379986962190352,1.0,73.018,3,4.0,3,3,2,2,False,False,10.444029311190592,6.755489098244672,11.292983685479433,0.0,True,0,0,4,2,1,2,3,False,30,30,30,4.297155073489027,9.336909235310952,6.570854930797443,9.99837498047458,11.638097381881783,14.304772352655972,13.622797757594466,0.0,0.0,0.0,0.0,1380,0.0,0.0,17,0.984,999999.0,0.0,0
1184,1380,73018.0,5.0,1,2,1,9,0,2.379986962190352,1.0,73.018,3,4.0,3,3,2,2,False,False,10.444029311190592,6.755489098244672,11.292983685479433,0.0,False,0,1,2,1,0,1,2,False,1,1,1,4.297155073489027,9.336909235310952,6.570854930797443,9.99837498047458,11.638097381881783,14.304772352655972,13.622797757594466,0.0,0.0,0.0,0.0,1380,0.0,0.0,17,0.984,999999.0,0.0,0
1185,1380,73018.0,5.0,1,3,1,9,0,2.379986962190352,1.0,73.018,3,4.0,3,3,2,2,False,False,10.444029311190592,6.755489098244672,11.292983685479433,0.0,True,1,1,5,3,1,2,4,True,5,5,5,4.297155073489027,9.336909235310952,6.570854930797443,9.99837498047458,11.638097381881783,14.304772352655972,13.622797757594466,0.0,0.0,0.0,0.0,1380,0.0,0.0,17,0.984,999999.0,7.0,1
1186,1380,73018.0,5.0,1,3,1,9,0,2.379986962190352,1.0,73.018,3,4.0,3,3,2,2,False,False,10.444029311190592,6.755489098244672,11.292983685479433,0.0,False,0,0,3,1,1,2,2,False,39,9,39,4.297155073489027,9.336909235310952,6.570854930797443,9.99837498047458,11.638097381881783,14.304772352655972,13.622797757594466,0.0,0.0,0.0,0.0,1380,0.0,0.0,17,0.984,999999.0,0.0,0
1187,1380,73018.0,5.0,1,4,1,9,0,2.379986962190352,1.0,73.018,3,4.0,3,3,2,2,False,False,10.444029311190592,6.755489098244672,11.292983685479433,0.0,False,1,0,5,3,1,2,4,True,17,39,39,4.297155073489027,9.336909235310952,6.570854930797443,9.99837498047458,11.638097381881783,14.304772352655972,13.622797757594466,0.0,0.0,0.0,0.0,1380,0.0,0.0,17,0.984,999999.0,7.0,1
1188,1380,60848.0,2.0,1,2,2,7,0,3.5294663573085847,1.0,60.848,3,0.0,2,2,0,0,False,False,10.444029311190592,6.755489098244673,11.292983685479433,0.0,False,0,0,1,1,0,0,1,False,1,1,1,4.297155073489027,9.336909235310952,6.570854930797443,9.99837498047458,11.638097381881783,14.304772352655972,13.622797757594466,0.0,0.0,0.0,0.0,1380,0.0,0.0,17,0.984,999999.0,0.0,0
1189,1380,60848.0,2.0,1,2,2,7,0,3.5294663573085847,1.0,60.848,3,0.0,2,2,0,0,False,False,10.444029311190592,6.755489098244673,11.292983685479433,0.0,True,0,0,2,2,0,0,2,False,1,1,1,4.297155073489027,9.336909235310952,6.570854930797443,9.99837498047458,11.638097381881783,14.304772352655972,13.622797757594466,0.0,0.0,0.0,0.0,1380,0.0,0.0,17,0.984,999999.0,0.0,0
1190,1380,0.0,1.0,4,1,0,10,0,0.0,1.0,0.0,1,1.0,1,1,0,1,False,False,9.12168545125418,6.014653038711729,10.748933166703896,0.0,True,0,0,1,1,0,0,1,False,1,1,1,4.297155073489027,9.336909235310952,6.570854930797443,9.99837498047458,11.638097381881783,14.304772352655972,13.622797757594466,0.0,0.0,0.0,0.0,1380,0.0,0.0,17,0.984,999999.0,0.0,0
1191,1380,72044.0,4.0,1,2,2,2,0,2.7497709923664124,1.0,72.044,3,2.0,2,2,2,0,False,False,10.444029311190592,6.755489098244673,11.292983685479433,0.0,False,0,0,4,2,2,2,2,False,2,39,2,4.297155073489027,9.336909235310952,6.570854930797443,9.99837498047458,11.638097381881783,14.304772352655972,13.622797757594466,0.0,0.0,0.0,0.0,1380,0.0,0.0,17,0.984,999999.0,0.0,0
1192,1380,85188.0,4.0,1,2,2,2,0,3.251450381679389,1.0,85.188,3,2.0,2,2,2,0,False,False,10.444029311190592,6.755489098244673,11.292983685479433,0.0,False,0,0,4,2,2,2,2,False,34,1,4,4.297155073489027,9.336909235310952,6.570854930797443,9.99837498047458,11.638097381881783,14.304772352655972,13.622797757594466,0.0,0.0,0.0,0.0,1380,0.0,0.0,17,0.984,999999.0,0.0,0
1193,1380,85188.0,4.0,1,3,2,2,0,3.251450381679389,1.0,85.188,3,2.0,2,2,2,0,False,False,10.444029311190592,6.755489098244673,11.292983685479433,0.0,False,1,0,4,2,2,2,2,True,17,30,17,4.297155073489027,9.336909235310952,6.570854930797443,9.99837498047458,11.638097381881783,14.304772352655972,13.622797757594466,0.0,0.0,0.0,0.0,1380,0.0,0.0,17,0.984,999999.0,3.0,1
1194,1380,21905.0,1.0,6,2,0,5,0,1.716692789968652,1.0,21.905,1,1.0,1,1,0,1,False,False,9.573334880755851,5.68489992099569,11.113817165598846,0.0,False,0,0,1,1,0,0,1,False,1,1,1,4.297155073489027,9.336909235310952,6.570854930797443,9.99837498047458,11.638097381881783,14.304772352655972,13.622797757594466,0.0,0.0,0.0,0.0,1380,0.0,0.0,17,0.984,999999.0,0.0,0
1195,1380,92489.0,4.0,1,2,1,3,0,3.530114503816794,1.0,92.489,3,3.0,2,2,2,0,False,False,10.444029311190592,6.755489098244673,11.292983685479433,0.0,False,0,1,3,2,0,1,3,False,5,5,5,4.297155073489027,9.336909235310952,6.570854930797443,9.99837498047458,11.638097381881783,14.304772352655972,13.622797757594466,0.0,0.0,0.0,0.0,1380,0.0,0.0,17,0.984,999999.0,0.0,0
1196,1380,92489.0,4.0,1,2,1,3,0,3.530114503816794,1.0,92.489,3,3.0,2,2,2,0,False,False,10.444029311190592,6.755489098244673,11.292983685479433,0.0,True,1,0,3,1,1,2,2,True,5,5,5,4.297155073489027,9.336909235310952,6.570854930797443,9.99837498047458,11.638097381881783,14.304772352655972,13.622797757594466,0.0,0.0,0.0,0.0,1380,0.0,0.0,17,0.984,999999.0,3.0,1
1197,1380,92489.0,4.0,1,2,1,3,0,3.530114503816794,1.0,92.489,3,3.0,2,2,2,0,False,False,10.444029311190592,6.755489098244673,11.292983685479433,0.0,False,0,1,3,2,0,1,3,False,3,3,3,4.297155073489027,9.336909235310952,6.570854930797443,9.99837498047458,11.638097381881783,14.304772352655972,13.622797757594466,0.0,0.0,0.0,0.0,1380,0.0,0.0,17,0.984,999999.0,0.0,0
1198,1380,92489.0,4.0,1,2,1,3,0,3.530114503816794,1.0,92.489,3,3.0,2,2,2,0,False,False,10.444029311190592,6.755489098244673,11.292983685479433,0.0,False,0,0,4,2,1,2,3,False,3,30,15,4.297155073489027,9.336909235310952,6.570854930797443,9.99837498047458,11.638097381881783,14.304772352655972,13.622797757594466,0.0,0.0,0.0,0.0,1380,0.0,0.0,17,0.984,999999.0,0.0,0
1199,1380,92489.0,4.0,1,2,1,3,0,3.530114503816794,1.0,92.489,3,3.0,2,2,2,0,False,False,10.444029311190592,6.755489098244673,11.292983685479433,0.0,False,0,0,4,2,1,2,3,False,1,1,1,4.297155073489027,9.336909235310952,6.570854930797443,9.99837498047458,11.638097381881783,14.304772352655972,13.622797757594466,0.0,0.0,0.0,0.0,1380,0.0,0.0,17,0.984,999999.0,0.0,0
1200,1380,92489.0,4.0,1,2,1,3,0,3.530114503816794,1.0,92.489,3,3.0,2,2,2,0,True,False,10.444029311190592,6.755489098244673,11.292983685479433,0.0,False,0,0,4,2,1,2,3,False,15,30,15,4.297155073489027,9.336909235310952,6.570854930797443,9.99837498047458,11.638097381881783,14.304772352655972,13.622797757594466,0.0,0.0,0.0,0.0,1380,0.0,0.0,17,0.984,999999.0,0.0,0
1201,1380,92489.0,4.0,1,3,1,3,0,3.530114503816794,1.0,92.489,3,3.0,2,2,2,0,False,False,10.444029311190592,6.755489098244673,11.292983685479433,0.0,False,1,2,4,2,1,2,3,True,1,1,1,4.297155073489027,9.336909235310952,6.570854930797443,9.99837498047458,11.638097381881783,14.304772352655972,13.622797757594466,0.0,0.0,0.0,0.0,1380,0.0,0.0,17,0.984,999999.0,9.0,1
1202,1380,92489.0,4.0,1,2,1,3,0,3.530114503816794,1.0,92.489,3,3.0,2,2,2,0,False,False,10.444029311190592,6.755489098244673,11.292983685479433,0.0,False,1,1,3,1,1,2,2,True,5,1,5,4.297155073489027,9.336909235310952,6.570854930797443,9.99837498047458,11.638097381881783,14.304772352655972,13.622797757594466,0.0,0.0,0.0,0.0,1380,0.0,0.0,17,0.984,999999.0,12.0,1
1203,1380,92489.0,4.0,1,3,1,3,0,3.530114503816794,1.0,92.489,3,3.0,2,2,2,0,False,False,10.444029311190592,6.755489098244673,11.292983685479433,0.0,False,0,0,4,2,1,2,3,False,30,30,39,4.297155073489027,9.336909235310952,6.570854930797443,9.99837498047458,11.638097381881783,14.304772352655972,13.622797757594466,0.0,0.0,0.0,0.0,1380,0.0,0.0,17,0.984,999999.0,0.0,0
1204,1380,92489.0,4.0,1,3,1,3,0,3.530114503816794,1.0,92.489,3,3.0,2,2,2,0,False,False,10.444029311190592,6.755489098244673,11.292983685479433,0.0,False,0,0,4,2,1,2,3,False,15,17,15,4.297155073489027,9.336909235310952,6.570854930797443,9.99837498047458,11.638097381881783,14.304772352655972,13.622797757594466,0.0,0.0,0.0,0.0,1380,0.0,0.0,17,0.984,999999.0,0.0,0
1205,1380,92489.0,4.0,1,3,1,3,0,3.530114503816794,1.0,92.489,3,3.0,2,2,2,0,False,False,10.444029311190592,6.755489098244673,11.292983685479433,0.0,False,0,0,4,2,1,2,3,False,32,37,37,4.297155073489027,9.336909235310952,6.570854930797443,9.99837498047458,11.638097381881783,14.304772352655972,13.622797757594466,0.0,0.0,0.0,0.0,1380,0.0,0.0,17,0.984,999999.0,0.0,0
1206,1380,92489.0,4.0,1,2,1,3,0,3.530114503816794,1.0,92.489,3,3.0,2,2,2,0,False,False,10.444029311190592,6.755489098244673,11.292983685479433,0.0,False,0,2,2,2,0,0,2,False,1,1,1,4.297155073489027,9.336909235310952,6.570854930797443,9.99837498047458,11.638097381881783,14.304772352655972,13.622797757594466,0.0,0.0,0.0,0.0,1380,0.0,0.0,17,0.984,999999.0,0.0,0
1207,1380,92489.0,4.0,1,2,1,3,0,3.530114503816794,1.0,92.489,3,3.0,2,2,2,0,False,False,10.444029311190592,6.755489098244673,11.292983685479433,0.0,True,0,0,4,2,1,2,3,False,15,30,15,4.297155073489027,9.336909235310952,6.570854930797443,9.99837498047458,11.638097381881783,14.304772352655972,13.622797757594466,0.0,0.0,0.0,0.0,1380,0.0,0.0,17,0.984,999999.0,0.0,0
1208,1380,92489.0,4.0,1,2,1,3,0,3.530114503816794,1.0,92.489,3,3.0,2,2,2,0,False,False,10.444029311190592,6.755489098244673,11.292983685479433,0.0,False,0,1,3,1,1,2,2,False,4,1,1,4.297155073489027,9.336909235310952,6.570854930797443,9.99837498047458,11.638097381881783,14.304772352655972,13.622797757594466,0.0,0.0,0.0,0.0,1380,0.0,0.0,17,0.984,999999.0,0.0,0
1209,1380,47097.0,4.0,3,2,2,3,0,1.7975954198473283,1.0,47.097,2,2.0,3,3,1,1,False,False,9.821106360066503,6.210308346257985,11.19084237824295,0.0,False,0,0,4,3,1,1,3,False,1,3,5,4.297155073489027,9.336909235310952,6.570854930797443,9.99837498047458,11.638097381881783,14.304772352655972,13.622797757594466,0.0,0.0,0.0,0.0,1380,0.0,0.0,17,0.984,999999.0,0.0,0
1210,1380,25921.0,2.0,2,1,0,8,0,1.503538283062645,1.0,25.921,1,2.0,1,1,1,1,False,False,9.12168545125418,6.014653038711729,10.748933166703896,0.0,False,0,0,2,1,0,1,2,False,3,3,3,4.297155073489027,9.336909235310952,6.570854930797443,9.99837498047458,11.638097381881783,14.304772352655972,13.622797757594466,0.0,0.0,0.0,0.0,1380,0.0,0.0,17,0.984,999999.0,0.0,0
1211,1380,30610.0,3.0,1,1,1,3,0,1.4093001841620627,1.0,30.61,2,2.0,2,2,1,1,False,False,10.179868271907544,6.198917061519737,11.361541292671095,0.0,False,0,1,2,2,0,0,2,False,1,1,1,4.297155073489027,9.336909235310952,6.570854930797443,9.99837498047458,11.638097381881783,14.304772352655972,13.622797757594466,0.0,0.0,0.0,0.0,1380,0.0,0.0,17,0.984,999999.0,0.0,0
1212,1380,30610.0,3.0,1,2,1,3,0,1.4093001841620627,1.0,30.61,2,2.0,2,2,1,1,False,False,9.821106360066503,6.210308346257985,11.19084237824295,0.0,False,0,1,2,2,0,0,2,False,1,1,1,4.297155073489027,9.336909235310952,6.570854930797443,9.99837498047458,11.638097381881783,14.304772352655972,13.622797757594466,0.0,0.0,0.0,0.0,1380,0.0,0.0,17,0.984,999999.0,0.0,0
1213,1380,30610.0,3.0,1,2,1,3,0,1.4093001841620627,1.0,30.61,2,2.0,2,2,1,1,False,False,9.821106360066503,6.210308346257985,11.19084237824295,0.0,True,1,1,2,2,0,0,2,True,1,1,1,4.297155073489027,9.336909235310952,6.570854930797443,9.99837498047458,11.638097381881783,14.304772352655972,13.622797757594466,0.0,0.0,0.0,0.0,1380,0.0,0.0,17,0.984,999999.0,13.0,1
1214,1380,30610.0,3.0,1,2,1,3,0,1.4093001841620627,1.0,30.61,2,2.0,2,2,1,1,False,False,9.821106360066503,6.210308346257985,11.19084237824295,0.0,False,1,1,3,2,1,1,2,True,1,1,1,4.297155073489027,9.336909235310952,6.570854930797443,9.99837498047458,11.638097381881783,14.304772352655972,13.622797757594466,0.0,0.0,0.0,0.0,1380,0.0,0.0,17,0.984,999999.0,3.0,1
1215,1380,30610.0,3.0,1,3,1,3,0,1.4093001841620627,1.0,30.61,2,2.0,2,2,1,1,False,False,9.821106360066503,6.210308346257985,11.19084237824295,0.0,False,0,1,2,2,0,0,2,False,1,1,1,4.297155073489027,9.336909235310952,6.570854930797443,9.99837498047458,11.638097381881783,14.304772352655972,13.622797757594466,0.0,0.0,0.0,0.0,1380,0.0,0.0,17,0.984,999999.0,0.0,0
1216,1380,30610.0,3.0,1,2,1,3,0,1.4093001841620627,1.0,30.61,2,2.0,2,2,1,1,False,False,9.821106360066503,6.210308346257985,11.19084237824295,0.0,True,0,1,2,2,0,0,2,False,1,1,1,4.297155073489027,9.336909235310952,6.570854930797443,9.99837498047458,11.638097381881783,14.304772352655972,13.622797757594466,0.0,0.0,0.0,0.0,1380,0.0,0.0,17,0.984,999999.0,0.0,0
1217,1380,30610.0,3.0,1,1,1,3,0,1.4093001841620627,1.0,30.61,2,2.0,2,2,1,1,False,False,10.179868271907544,6.198917061519737,11.361541292671095,0.0,True,1,1,2,2,0,0,2,True,1,1,1,4.297155073489027,9.336909235310952,6.570854930797443,9.99837498047458,11.638097381881783,14.304772352655972,13.622797757594466,0.0,0.0,0.0,0.0,1380,0.0,0.0,17,0.984,999999.0,7.0,1
1218,1380,30610.0,3.0,1,2,1,3,0,1.4093001841620627,1.0,30.61,2,2.0,2,2,1,1,False,False,9.821106360066503,6.210308346257985,11.19084237824295,0.0,False,0,1,2,1,1,1,1,False,1,1,1,4.297155073489027,9.336909235310952,6.570854930797443,9.99837498047458,11.638097381881783,14.304772352655972,13.622797757594466,0.0,0.0,0.0,0.0,1380,0.0,0.0,17,0.984,999999.0,0.0,0
1219,1380,30610.0,3.0,1,1,1,3,0,1.4093001841620627,1.0,30.61,2,2.0,2,2,1,1,False,False,10.179868271907544,6.198917061519737,11.361541292671095,0.0,False,0,0,3,2,1,1,2,False,1,4,3,4.297155073489027,9.336909235310952,6.570854930797443,9.99837498047458,11.638097381881783,14.304772352655972,13.622797757594466,0.0,0.0,0.0,0.0,1380,0.0,0.0,17,0.984,999999.0,0.0,0
1220,1380,30610.0,3.0,1,2,1,3,0,1.4093001841620627,1.0,30.61,2,2.0,2,2,1,1,False,False,9.821106360066503,6.210308346257985,11.19084237824295,0.0,False,0,0,2,1,1,1,1,False,5,5,5,4.297155073489027,9.336909235310952,6.570854930797443,9.99837498047458,11.638097381881783,14.304772352655972,13.622797757594466,0.0,0.0,0.0,0.0,1380,0.0,0.0,17,0.984,999999.0,0.0,0
1221,1380,30610.0,3.0,1,1,1,3,0,1.4093001841620627,1.0,30.61,2,2.0,2,2,1,1,False,False,10.179868271907544,6.198917061519737,11.361541292671095,0.0,False,1,1,2,2,0,0,2,True,1,1,1,4.297155073489027,9.336909235310952,6.570854930797443,9.99837498047458,11.638097381881783,14.304772352655972,13.622797757594466,0.0,0.0,0.0,0.0,1380,0.0,0.0,17,0.984,999999.0,1.0,1
