household_id,age,PNUM,sex,pemploy,pstudent,ptype,educ,soc2,is_student,school_segment,is_worker,is_internal_worker,is_external_worker,home_zone_id,time_factor_work,time_factor_nonwork,naics_code,occupation,work_from_home,is_out_of_home_worker,external_workplace_zone_id,external_workplace_location_logsum,external_workplace_modechoice_logsum,school_zone_id,school_location_logsum,school_modechoice_logsum,distance_to_school,roundtrip_auto_time_to_school,workplace_zone_id,workplace_location_logsum,workplace_modechoice_logsum,distance_to_work,work_zone_area_type,auto_time_home_to_work,roundtrip_auto_time_to_work,work_auto_savings,exp_daily_work,non_toll_time_work,toll_time_work,toll_dist_work,toll_cost_work,toll_travel_time_savings_work,transit_pass_subsidy,transit_pass_ownership,free_parking_at_work,telecommute_frequency,cdap_activity,travel_active,mandatory_tour_frequency,num_mand,num_work_tours,num_joint_tours,non_mandatory_tour_frequency,num_non_mand,num_escort_tours,num_eatout_tours,num_shop_tours,num_maint_tours,num_discr_tours,num_social_tours,num_add_shop_maint_tours,num_add_soc_discr_tours,person_id,miltary,grade,weeks,hours,race,hispanic
1,64.0,1.0,2,2,3,2,13,21.0,False,0,True,True,False,57,0.4073621165063801,0.6489025109188188,81,mngt_busi_scic_arts,False,True,-1,-9.0,-9.0,-1,-9.0,-9.0,-9.0,0.0,8690,10.466471904892591,-1.396360809040778,10.254968,6.0,26.568727,57.787018,0.0,0.0,26.568727,26.568727,0.0,0.0,0.0,0,0,False,No_Telecommute,M,True,work1,1,1,0,6,1,0,1,0,0,0,0,0,0,1,0,0,1,15,9,2
1,29.0,2.0,1,1,3,1,13,41.0,False,0,True,True,False,57,0.2797688933303479,0.6126540501183355,44,sales_office,False,True,-1,-9.0,-9.0,-1,-9.0,-9.0,-9.0,0.0,13311,12.708038184795974,-2.713818247058503,29.403673,3.0,54.38647,108.64776,0.0,0.0,56.904472,54.38647,0.0,0.0,2.5180016,0,0,False,No_Telecommute,N,True,,0,0,0,1,1,0,0,0,0,1,0,0,0,2,0,0,1,40,9,2
2,56.0,1.0,1,1,3,1,13,53.0,False,0,True,True,False,57,0.7591760399151327,0.3164268551393161,48,prod_trans_move,False,True,-1,-9.0,-9.0,-1,-9.0,-9.0,-9.0,0.0,14287,11.564962535570636,-5.088139498203306,29.18461,3.0,60.694794,118.289406,0.0,0.0,63.2128,59.08148,0.0,0.0,4.131321,0,0,False,2_3_days_week,M,True,work1,1,1,0,0,0,0,0,0,0,0,0,0,0,4,0,0,1,40,1,2
3,58.0,2.0,1,1,3,1,13,13.0,False,0,True,True,False,57,0.9364487583287426,0.5082236011051029,51,mngt_busi_scic_arts,False,True,-1,-9.0,-9.0,-1,-9.0,-9.0,-9.0,0.0,6527,11.005876749735034,-0.9435160514280276,0.9961333,6.0,3.1845531,6.3267217,0.0,7.839,3.1845531,3.1845531,0.0,0.0,0.0,0,0,False,No_Telecommute,N,True,,0,0,0,3,1,0,0,0,0,0,1,0,0,6,0,0,1,45,1,1
3,25.0,3.0,1,3,2,3,13,35.0,True,4,False,False,False,57,0.1345095522970489,2.528845165506757,722,services,False,False,-1,-9.0,-9.0,23114,7.525574426062572,-0.023871028786171,6.5141535,24.485706,-1,-9.0,-9.0,-9.0,-9.0,-9.0,0.0,0.0,0.0,0.0,0.0,0.0,0.0,0.0,0,0,False,,N,True,,0,0,0,89,1,1,0,0,0,0,0,0,0,7,0,6,3,32,1,1
4,62.0,1.0,1,3,3,4,13,23.0,False,0,False,False,False,57,3.1658684450055365,0.8174525963283321,54,mngt_busi_scic_arts,False,False,-1,-9.0,-9.0,-1,-9.0,-9.0,-9.0,0.0,-1,-9.0,-9.0,-9.0,-9.0,-9.0,0.0,0.0,0.0,0.0,0.0,0.0,0.0,0.0,0,0,False,,N,True,,0,0,0,18,2,0,1,0,1,0,0,0,0,8,0,0,0,0,1,2
5,31.0,1.0,1,3,3,4,13,41.0,False,0,False,False,False,57,1.5494617761962988,1.6932408654347932,44,sales_office,False,False,-1,-9.0,-9.0,-1,-9.0,-9.0,-9.0,0.0,-1,-9.0,-9.0,-9.0,-9.0,-9.0,0.0,0.0,0.0,0.0,0.0,0.0,0.0,0.0,0,0,False,,N,True,,0,0,0,36,3,1,0,1,0,1,0,0,0,9,0,0,0,0,1,1
5,30.0,2.0,2,3,3,4,13,0.0,False,0,False,False,False,57,0.3349412246490615,0.4492650544567176,0,,False,False,-1,-9.0,-9.0,-1,-9.0,-9.0,-9.0,0.0,-1,-9.0,-9.0,-9.0,-9.0,-9.0,0.0,0.0,0.0,0.0,0.0,0.0,0.0,0.0,0,0,False,,N,True,,0,0,0,2,7,4,0,0,0,3,0,0,2,10,0,0,0,0,1,1
5,7.0,3.0,2,4,1,7,0,0.0,True,2,False,False,False,57,0.6215653480134297,0.5802360926558261,0,,False,False,-1,-9.0,-9.0,4962,8.045969949297042,7.669021101839839,0.27698627,2.0040445,-1,-9.0,-9.0,-9.0,-9.0,-9.0,0.0,0.0,0.0,0.0,0.0,0.0,0.0,0.0,0,0,False,,M,True,school1,1,0,0,0,0,0,0,0,0,0,0,0,0,11,0,0,0,0,1,1
5,4.0,4.0,1,4,1,8,0,0.0,True,1,False,False,False,57,2.038295606813494,1.3849880175599512,0,,False,False,-1,-9.0,-9.0,3538,9.013366579878271,6.838974324383435,0.25051302,1.502539,-1,-9.0,-9.0,-9.0,-9.0,-9.0,0.0,0.0,0.0,0.0,0.0,0.0,0.0,0.0,0,0,False,,M,True,school1,1,0,0,0,0,0,0,0,0,0,0,0,0,12,0,0,0,0,1,1
5,4.0,5.0,2,4,1,8,0,0.0,True,1,False,False,False,57,0.6327615576648367,0.4368053482191077,0,,False,False,-1,-9.0,-9.0,18563,10.462967963467916,-0.95938136123957,7.0126896,22.270351,-1,-9.0,-9.0,-9.0,-9.0,-9.0,0.0,0.0,0.0,0.0,0.0,0.0,0.0,0.0,0,0,False,,M,True,school2,2,0,0,0,0,0,0,0,0,0,0,0,0,13,0,0,0,0,1,1
5,22.0,7.0,1,1,3,1,13,43.0,False,0,True,True,False,57,0.5513560420100004,1.1412364071682952,51,sales_office,False,True,-1,-9.0,-9.0,-1,-9.0,-9.0,-9.0,0.0,17406,12.014405622695357,-2.335909607713865,17.391472,7.0,42.61929,83.930595,0.0,0.0,42.61929,41.505356,0.0,0.0,1.1139336,0,0,False,No_Telecommute,M,True,work1,1,1,0,0,0,0,0,0,0,0,0,0,0,15,0,6,1,80,1,1
6,55.0,1.0,2,3,3,4,13,0.0,False,0,False,False,False,57,1.186246049668452,0.8982945783914281,0,,False,False,-1,-9.0,-9.0,-1,-9.0,-9.0,-9.0,0.0,-1,-9.0,-9.0,-9.0,-9.0,-9.0,0.0,0.0,0.0,0.0,0.0,0.0,0.0,0.0,0,0,False,,N,True,,0,0,0,36,2,0,0,1,0,1,0,0,0,16,0,0,0,0,1,1
6,58.0,2.0,1,3,3,4,13,11.0,False,0,False,False,False,57,1.0413312450788357,1.4350128974127652,92,mngt_busi_scic_arts,False,False,-1,-9.0,-9.0,-1,-9.0,-9.0,-9.0,0.0,-1,-9.0,-9.0,-9.0,-9.0,-9.0,0.0,0.0,0.0,0.0,0.0,0.0,0.0,0.0,0,0,False,,N,True,,0,0,0,6,1,0,1,0,0,0,0,0,0,17,0,0,2,40,9,1
7,85.0,1.0,1,3,3,5,13,0.0,False,0,False,False,False,57,0.2855679688631369,1.6746730224531068,0,,False,False,-1,-9.0,-9.0,-1,-9.0,-9.0,-9.0,0.0,-1,-9.0,-9.0,-9.0,-9.0,-9.0,0.0,0.0,0.0,0.0,0.0,0.0,0.0,0.0,0,0,False,,N,True,,0,0,0,35,1,0,0,1,0,0,0,0,0,18,0,0,0,0,8,2
7,62.0,2.0,1,1,3,1,13,47.0,False,0,True,True,False,57,0.7436710333137214,0.9618416810954016,92,constr_maint,False,True,-1,-9.0,-9.0,-1,-9.0,-9.0,-9.0,0.0,23042,10.582940453559884,-2.525311367011825,9.057913,6.0,22.980309,46.373085,0.0,0.0,26.052835,23.027763,0.0,0.0,3.025072,0,0,False,No_Telecommute,N,True,,0,0,0,89,1,1,0,0,0,0,0,0,0,19,0,0,1,40,8,2
8,33.0,1.0,1,1,3,1,13,51.0,False,0,True,True,False,57,0.8929716669698478,0.3518500465986156,32,prod_trans_move,False,True,-1,-9.0,-9.0,-1,-9.0,-9.0,-9.0,0.0,8539,10.955987774123036,-5.774378567720783,25.197485,3.0,53.068275,105.55941,0.0,0.0,55.58628,51.167892,0.0,0.0,4.4183884,0,0,True,2_3_days_week,M,True,work1,1,1,0,89,1,1,0,0,0,0,0,0,0,21,0,0,1,40,1,2
8,29.0,2.0,2,2,3,2,13,31.0,False,0,True,True,False,57,0.4122424104698225,1.6232269805887654,62,health,False,True,-1,-9.0,-9.0,-1,-9.0,-9.0,-9.0,0.0,13460,10.02451514096892,-0.2397576931119292,2.3517358,6.0,7.311471,14.609687,0.0,0.0,7.311471,7.311471,0.0,0.0,0.0,0,0,True,No_Telecommute,M,True,work1,1,1,0,0,2,2,0,0,0,0,0,0,0,22,0,0,6,9,1,2
8,14.0,3.0,1,4,1,7,0,0.0,True,2,False,False,False,57,1.34946478318491,0.5765199586905945,0,,False,False,-1,-9.0,-9.0,16377,4.139097641658191,-1.459805516483377,5.5772038,27.461845,-1,-9.0,-9.0,-9.0,-9.0,-9.0,0.0,0.0,0.0,0.0,0.0,0.0,0.0,0.0,0,0,False,,M,True,school1,1,0,0,0,0,0,0,0,0,0,0,0,0,23,0,2,0,0,1,2
8,9.0,4.0,1,4,1,7,0,0.0,True,2,False,False,False,57,2.189361938248893,0.917157962525064,0,,False,False,-1,-9.0,-9.0,4962,7.412840154532651,6.406588256857377,0.27698627,2.0040445,-1,-9.0,-9.0,-9.0,-9.0,-9.0,0.0,0.0,0.0,0.0,0.0,0.0,0.0,0.0,0,0,False,,M,True,school1,1,0,0,0,0,0,0,0,0,0,0,0,0,24,0,2,0,0,1,2
8,7.0,5.0,1,4,1,7,0,0.0,True,2,False,False,False,57,0.820957025970548,0.3564228946812666,0,,False,False,-1,-9.0,-9.0,16377,4.354935559663385,-0.7803521797477757,5.5772038,27.461845,-1,-9.0,-9.0,-9.0,-9.0,-9.0,0.0,0.0,0.0,0.0,0.0,0.0,0.0,0.0,0,0,False,,M,True,school1,1,0,0,0,0,0,0,0,0,0,0,0,0,25,0,2,0,0,1,2
9,62.0,1.0,1,1,3,1,13,15.0,False,0,True,True,False,57,0.289350344069276,1.2031882427246374,54,mngt_busi_scic_arts,False,True,-1,-9.0,-9.0,-1,-9.0,-9.0,-9.0,0.0,12778,12.63041660970881,-1.9016664120887985,21.530617,3.0,53.693474,107.118164,0.0,0.0,53.693474,53.693474,0.0,0.0,0.0,0,0,True,4_days_week,N,True,,0,0,0,47,2,0,0,1,1,0,0,1,0,29,0,0,1,45,1,1
9,62.0,2.0,2,3,3,4,13,0.0,False,0,False,False,False,57,0.3771332538342457,0.5863263818933065,0,,False,False,-1,-9.0,-9.0,-1,-9.0,-9.0,-9.0,0.0,-1,-9.0,-9.0,-9.0,-9.0,-9.0,0.0,0.0,0.0,0.0,0.0,0.0,0.0,0.0,0,1,False,,N,True,,0,0,0,101,2,1,0,0,1,0,0,0,0,30,0,0,0,0,1,1
10,56.0,2.0,1,3,3,4,13,25.0,False,0,False,False,False,57,0.8451660619843273,1.3848601974782506,61,services,False,False,-1,-9.0,-9.0,-1,-9.0,-9.0,-9.0,0.0,-1,-9.0,-9.0,-9.0,-9.0,-9.0,0.0,0.0,0.0,0.0,0.0,0.0,0.0,0.0,0,0,False,,N,True,,0,0,0,36,2,0,0,1,0,1,0,0,0,32,0,0,3,60,1,1
10,30.0,3.0,1,1,3,1,13,53.0,False,0,True,True,False,57,0.9289217429485888,1.6344777566941058,48,prod_trans_move,False,True,-1,-9.0,-9.0,-1,-9.0,-9.0,-9.0,0.0,23016,11.30430025008321,-2.943170054965526,8.763564,6.0,22.778536,46.462677,0.0,5.687,22.778536,22.825993,0.0,0.0,-0.04745674,0,0,False,4_days_week,N,True,,0,0,0,1,1,0,0,0,0,1,0,0,0,33,0,0,1,40,1,1
11,56.0,1.0,2,2,3,2,13,37.0,False,0,True,True,False,57,0.8387381323543976,0.5445728256287186,81,services,False,True,-1,-9.0,-9.0,-1,-9.0,-9.0,-9.0,0.0,23262,9.870790086413484,-1.4376308769060264,2.5011897,6.0,8.060856,16.528992,0.0,0.0,8.060856,8.060856,0.0,0.0,0.0,0,0,False,No_Telecommute,N,True,,0,0,1,0,0,0,1,0,0,0,0,0,0,34,0,0,2,30,1,2
12,61.0,1.0,1,1,3,1,13,11.0,False,0,True,True,False,57,2.7227543529792064,0.9093426355325668,53,mngt_busi_scic_arts,False,True,-1,-9.0,-9.0,-1,-9.0,-9.0,-9.0,0.0,23963,9.020922479601913,-6.0179108411215525,6.4616337,6.0,17.171768,35.121048,0.0,0.0,17.171768,17.171768,0.0,0.0,0.0,0,0,False,No_Telecommute,N,True,,0,0,1,0,0,0,0,0,1,0,0,0,0,37,0,0,1,40,1,2
13,62.0,1.0,2,3,3,4,13,33.0,False,0,False,False,False,57,0.1585255809164628,2.3420875052544656,92,services,False,False,-1,-9.0,-9.0,-1,-9.0,-9.0,-9.0,0.0,-1,-9.0,-9.0,-9.0,-9.0,-9.0,0.0,0.0,0.0,0.0,0.0,0.0,0.0,0.0,0,0,False,,N,True,,0,0,0,35,1,0,0,1,0,0,0,0,0,39,0,0,0,0,1,1
16,49.0,1.0,1,1,3,1,13,55.0,False,0,True,True,False,100,0.9147267455055262,1.2118865980082962,9000,military,False,True,-1,-9.0,-9.0,-1,-9.0,-9.0,-9.0,0.0,7369,10.385772340716752,-1.3569726396114214,3.0442617,6.0,6.819792,18.373049,0.0,0.0,6.819792,6.819792,0.0,0.0,0.0,0,0,True,No_Telecommute,N,True,,0,0,1,0,0,0,1,0,0,0,0,0,0,42,1,0,1,40,1,2
16,49.0,2.0,2,3,3,4,13,13.0,False,0,False,False,False,100,4.378849145172304,0.5101088564370648,54,mngt_busi_scic_arts,False,False,-1,-9.0,-9.0,-1,-9.0,-9.0,-9.0,0.0,-1,-9.0,-9.0,-9.0,-9.0,-9.0,0.0,0.0,0.0,0.0,0.0,0.0,0.0,0.0,0,0,False,,N,True,,0,0,1,90,2,1,0,0,0,1,0,0,0,43,0,0,0,0,1,2
16,26.0,3.0,1,3,2,3,13,0.0,True,4,False,False,False,100,0.8960024057647117,0.6980440531218941,0,,False,False,-1,-9.0,-9.0,19370,7.075094983806567,-2.14703097471552,14.647748,36.292282,-1,-9.0,-9.0,-9.0,-9.0,-9.0,0.0,0.0,0.0,0.0,0.0,0.0,0.0,0.0,0,1,False,,N,True,,0,0,0,1,1,0,0,0,0,1,0,0,0,44,0,6,0,0,1,2
17,49.0,1.0,1,1,3,1,13,55.0,False,0,True,True,False,100,1.1932056200610206,1.8421684395157905,9000,military,False,True,-1,-9.0,-9.0,-1,-9.0,-9.0,-9.0,0.0,7369,10.006875814033696,-1.7673718004010743,3.0442617,6.0,6.819792,18.373049,0.0,0.0,6.819792,6.819792,0.0,0.0,0.0,1,0,False,No_Telecommute,M,True,work2,2,2,0,0,0,0,0,0,0,0,0,0,0,46,1,0,1,40,1,2
17,49.0,2.0,2,3,3,4,13,13.0,False,0,False,False,False,100,0.7442194850006267,1.7680599535435972,54,mngt_busi_scic_arts,False,False,-1,-9.0,-9.0,-1,-9.0,-9.0,-9.0,0.0,-1,-9.0,-9.0,-9.0,-9.0,-9.0,0.0,0.0,0.0,0.0,0.0,0.0,0.0,0.0,0,0,False,,N,True,,0,0,0,12,1,0,0,0,1,0,0,0,0,47,0,0,0,0,1,2
17,26.0,3.0,1,3,2,3,13,0.0,True,4,False,False,False,100,0.4479621398224329,0.8110720766278843,0,,False,False,-1,-9.0,-9.0,23114,7.375362967883863,-0.4901769214668381,6.9806004,22.00858,-1,-9.0,-9.0,-9.0,-9.0,-9.0,0.0,0.0,0.0,0.0,0.0,0.0,0.0,0.0,0,0,False,,M,True,school1,1,0,0,0,0,0,0,0,0,0,0,0,0,48,0,6,0,0,1,2
17,28.0,4.0,1,1,3,1,13,13.0,False,0,True,True,False,100,0.982280900646582,0.3736134991088187,56,mngt_busi_scic_arts,False,True,-1,-9.0,-9.0,-1,-9.0,-9.0,-9.0,0.0,12798,11.25459591458083,-5.422111671497102,24.453024,3.0,54.64914,108.01611,0.0,0.0,54.64914,54.64914,0.0,0.0,0.0,1,1,True,No_Telecommute,M,True,work1,1,1,0,0,0,0,0,0,0,0,0,0,0,49,0,0,1,40,1,2
18,22.0,3.0,1,2,2,3,13,35.0,True,4,True,True,False,100,2.9838616222691896,2.8242510705256625,722,services,False,True,-1,-9.0,-9.0,23114,6.500696869750249,-4.699661294510821,6.9806004,22.00858,7616,9.084565558201982,-5.983759129498966,3.9655867,6.0,10.851292,21.280624,0.0,0.0,10.851292,10.851292,0.0,0.0,0.0,0,1,False,No_Telecommute,M,True,work_and_school,2,1,0,0,0,0,0,0,0,0,0,0,0,52,0,6,1,20,9,1
19,28.0,1.0,1,1,3,1,13,43.0,False,0,True,True,False,100,0.2803405357399805,1.8807794852408264,62,sales_office,False,True,-1,-9.0,-9.0,-1,-9.0,-9.0,-9.0,0.0,23062,12.63476671186914,-0.8994306992568466,6.6524286,6.0,17.20919,35.847393,0.0,0.0,17.20919,17.20919,0.0,0.0,0.0,0,1,False,No_Telecommute,M,True,work2,2,2,0,0,0,0,0,0,0,0,0,0,0,53,0,0,1,40,1,2
19,28.0,2.0,2,1,3,1,13,35.0,False,0,True,True,False,100,0.7758878810011899,1.2844047085525123,81,services,False,True,-1,-9.0,-9.0,-1,-9.0,-9.0,-9.0,0.0,15801,11.159781572888356,-2.86382458550786,12.776472,6.0,26.151869,53.450317,0.0,0.0,26.151869,26.151869,0.0,0.0,0.0,0,0,False,No_Telecommute,M,True,work1,1,1,0,0,0,0,0,0,0,0,0,0,0,54,0,0,1,40,1,2
19,28.0,3.0,1,1,3,1,13,51.0,False,0,True,True,False,100,1.1924230346671254,0.5466961392044963,32,prod_trans_move,False,True,-1,-9.0,-9.0,-1,-9.0,-9.0,-9.0,0.0,19574,10.646555343210194,-5.044468843104124,14.935237,7.0,31.182028,59.066994,0.0,0.0,33.69234,28.652206,0.0,0.0,5.0401344,0,1,False,No_Telecommute,M,True,work1,1,1,0,0,0,0,0,0,0,0,0,0,0,55,0,0,1,40,1,2
19,24.0,4.0,1,1,3,1,13,47.0,False,0,True,True,False,100,0.8081507128728885,1.2689202809168791,23,constr_maint,False,True,-1,-9.0,-9.0,-1,-9.0,-9.0,-9.0,0.0,3132,10.539776730655204,0.5158391676223169,0.7623371,6.0,2.7140052,4.9838853,0.0,7.221,2.7140052,2.7140052,0.0,0.0,0.0,0,1,True,No_Telecommute,N,True,,0,0,0,1,1,0,0,0,0,1,0,0,0,56,0,0,1,40,1,2
20,81.0,1.0,2,3,3,5,13,53.0,False,0,False,False,False,100,0.6871119748413392,0.791490340899068,44,prod_trans_move,False,False,-1,-9.0,-9.0,-1,-9.0,-9.0,-9.0,0.0,-1,-9.0,-9.0,-9.0,-9.0,-9.0,0.0,0.0,0.0,0.0,0.0,0.0,0.0,0.0,0,0,False,,N,True,,0,0,0,12,1,0,0,0,1,0,0,0,0,57,0,0,0,0,1,1
21,60.0,1.0,2,3,3,4,13,53.0,False,0,False,False,False,100,0.4243287275589589,1.390422467462048,42,prod_trans_move,False,False,-1,-9.0,-9.0,-1,-9.0,-9.0,-9.0,0.0,-1,-9.0,-9.0,-9.0,-9.0,-9.0,0.0,0.0,0.0,0.0,0.0,0.0,0.0,0.0,0,1,False,,N,True,,0,0,0,35,1,0,0,1,0,0,0,0,0,58,0,0,0,0,1,1
21,58.0,2.0,1,1,3,1,13,13.0,False,0,True,True,False,100,0.2757597592387068,0.5073873537217074,51,mngt_busi_scic_arts,False,True,-1,-9.0,-9.0,-1,-9.0,-9.0,-9.0,0.0,6760,12.520818523902118,-2.0242516760495817,22.127483,3.0,55.41125,110.738014,0.0,0.0,55.41125,55.41125,0.0,0.0,0.0,0,0,False,2_3_days_week,N,True,,0,0,0,6,1,0,1,0,0,0,0,0,0,59,0,0,1,45,1,1
21,25.0,3.0,1,3,2,3,13,35.0,True,4,False,False,False,100,0.2435395225191313,0.3138747268740062,722,services,False,False,-1,-9.0,-9.0,19370,7.4290941583553884,-0.8602639402071048,14.647748,36.292282,-1,-9.0,-9.0,-9.0,-9.0,-9.0,0.0,0.0,0.0,0.0,0.0,0.0,0.0,0.0,0,0,False,,M,True,school1,1,0,0,0,0,0,0,0,0,0,0,0,0,60,0,6,3,32,1,1
22,34.0,1.0,2,1,3,1,13,41.0,False,0,True,True,False,100,0.341329388620248,1.7927159172009874,33,sales_office,False,True,-1,-9.0,-9.0,-1,-9.0,-9.0,-9.0,0.0,23050,12.28464713160614,-0.6837242862081971,6.335389,6.0,16.366951,34.075672,0.0,0.0,16.366951,16.366951,0.0,0.0,0.0,0,0,True,No_Telecommute,M,True,work1,1,1,0,0,1,1,0,0,0,0,0,0,0,61,0,0,1,40,1,2
22,16.0,2.0,2,3,1,6,0,0.0,True,3,False,False,False,100,0.369813038961,0.3561797615642206,0,,False,False,-1,-9.0,-9.0,16496,10.794884248323685,-0.9446761556634564,18.039106,62.21222,-1,-9.0,-9.0,-9.0,-9.0,-9.0,0.0,0.0,0.0,0.0,0.0,0.0,0.0,0.0,0,0,False,,M,True,school1,1,0,0,0,0,0,0,0,0,0,0,0,0,62,0,5,0,0,1,2
22,15.0,3.0,2,4,1,7,0,0.0,True,3,False,False,False,100,1.1550123359789923,1.032144331802754,0,,False,False,-1,-9.0,-9.0,7004,10.705771297450982,5.157872729836782,0.18573597,1.19381,-1,-9.0,-9.0,-9.0,-9.0,-9.0,0.0,0.0,0.0,0.0,0.0,0.0,0.0,0.0,0,0,False,,M,True,school1,1,0,0,0,0,0,0,0,0,0,0,0,0,63,0,5,0,0,1,2
22,14.0,4.0,2,4,1,7,0,0.0,True,2,False,False,False,100,0.5600113532587467,0.7514571021633414,0,,False,False,-1,-9.0,-9.0,7296,6.833866050702956,2.6971285386820694,2.3713756,11.796459,-1,-9.0,-9.0,-9.0,-9.0,-9.0,0.0,0.0,0.0,0.0,0.0,0.0,0.0,0.0,0,0,False,,M,True,school1,1,0,0,0,0,0,0,0,0,0,0,0,0,64,0,5,0,0,1,2
22,8.0,6.0,1,4,1,7,0,0.0,True,2,False,False,False,100,0.9599928997278352,1.481417401229539,0,,False,False,-1,-9.0,-9.0,4962,6.595765576606717,4.640124143150235,0.605197,4.3422327,-1,-9.0,-9.0,-9.0,-9.0,-9.0,0.0,0.0,0.0,0.0,0.0,0.0,0.0,0.0,0,0,False,,M,True,school1,1,0,0,0,0,0,0,0,0,0,0,0,0,66,0,2,0,0,1,2
23,34.0,1.0,2,1,3,1,13,41.0,False,0,True,True,False,100,1.287749766496741,0.5721673807678539,33,sales_office,False,True,-1,-9.0,-9.0,-1,-9.0,-9.0,-9.0,0.0,23073,10.867290979499852,-4.045455203081217,9.496364,6.0,21.864529,43.599724,0.0,5.906,23.771553,21.864529,0.0,0.0,1.9070244,0,0,True,1_day_week,M,True,work1,1,1,0,0,0,0,0,0,0,0,0,0,0,67,0,0,1,40,1,2
23,16.0,2.0,2,3,1,6,0,0.0,True,3,False,False,False,100,2.314111462637036,0.5199023902777663,0,,False,False,-1,-9.0,-9.0,7004,10.586352959780143,4.713687196678499,0.18573597,1.19381,-1,-9.0,-9.0,-9.0,-9.0,-9.0,0.0,0.0,0.0,0.0,0.0,0.0,0.0,0.0,0,0,False,,M,True,school1,1,0,0,0,0,0,0,0,0,0,0,0,0,68,0,5,0,0,1,2
23,15.0,3.0,2,4,1,7,0,0.0,True,3,False,False,False,100,0.4377489138628708,0.8665518572433377,0,,False,False,-1,-9.0,-9.0,7004,10.923152688954612,5.828940995912576,0.18573597,1.19381,-1,-9.0,-9.0,-9.0,-9.0,-9.0,0.0,0.0,0.0,0.0,0.0,0.0,0.0,0.0,0,0,False,,M,True,school1,1,0,0,89,1,1,0,0,0,0,0,0,0,69,0,5,0,0,1,2
23,14.0,4.0,2,4,1,7,0,0.0,True,2,False,False,False,100,0.5275601235175729,1.0011028139607907,0,,False,False,-1,-9.0,-9.0,11793,6.7914066982497605,4.488677823877949,1.1491835,8.765608,-1,-9.0,-9.0,-9.0,-9.0,-9.0,0.0,0.0,0.0,0.0,0.0,0.0,0.0,0.0,0,0,False,,M,True,school1,1,0,0,0,0,0,0,0,0,0,0,0,0,70,0,5,0,0,1,2
23,12.0,5.0,1,4,1,7,0,0.0,True,2,False,False,False,100,0.6984535820328599,0.3646612011672922,0,,False,False,-1,-9.0,-9.0,16375,4.362555502358121,-0.1778758577598266,5.4485693,26.024529,-1,-9.0,-9.0,-9.0,-9.0,-9.0,0.0,0.0,0.0,0.0,0.0,0.0,0.0,0.0,0,0,False,,M,True,school1,1,0,0,0,0,0,0,0,0,0,0,0,0,71,0,2,0,0,1,2
23,8.0,6.0,1,4,1,7,0,0.0,True,2,False,False,False,100,1.4357031395173958,1.037221828960946,0,,False,False,-1,-9.0,-9.0,23265,4.011723082448372,1.2309810862618051,2.8370724,15.532795,-1,-9.0,-9.0,-9.0,-9.0,-9.0,0.0,0.0,0.0,0.0,0.0,0.0,0.0,0.0,0,0,False,,M,True,school1,1,0,0,0,0,0,0,0,0,0,0,0,0,72,0,2,0,0,1,2
24,34.0,1.0,2,1,3,1,13,41.0,False,0,True,True,False,100,0.5199419581041024,0.5795443267886191,33,sales_office,False,True,-1,-9.0,-9.0,-1,-9.0,-9.0,-9.0,0.0,19309,11.965953328663112,-1.944367987152157,13.033111,7.0,23.624552,46.411655,0.0,0.0,23.624552,23.624552,0.0,0.0,0.0,0,0,True,4_days_week,N,True,,0,0,0,1,4,3,0,0,0,1,0,0,0,73,0,0,1,40,1,2
24,16.0,2.0,2,3,1,6,0,0.0,True,3,False,False,False,100,0.5763178791080393,0.4629457279834544,0,,False,False,-1,-9.0,-9.0,7004,10.756718365591013,4.912898552967875,0.18573597,1.19381,-1,-9.0,-9.0,-9.0,-9.0,-9.0,0.0,0.0,0.0,0.0,0.0,0.0,0.0,0.0,0,0,False,,M,True,school1,1,0,0,0,0,0,0,0,0,0,0,0,0,74,0,5,0,0,1,2
24,15.0,3.0,2,4,1,7,0,0.0,True,3,False,False,False,100,0.621827962732107,0.7329852246470446,0,,False,False,-1,-9.0,-9.0,7004,10.804642753501586,5.6337053798550665,0.18573597,1.19381,-1,-9.0,-9.0,-9.0,-9.0,-9.0,0.0,0.0,0.0,0.0,0.0,0.0,0.0,0.0,0,0,False,,M,True,school1,1,0,0,0,0,0,0,0,0,0,0,0,0,75,0,5,0,0,1,2
24,14.0,4.0,2,4,1,7,0,0.0,True,2,False,False,False,100,0.8801962167529628,0.4325598547031219,0,,False,False,-1,-9.0,-9.0,11793,6.610316999566517,3.3942712552144005,1.1491835,8.765608,-1,-9.0,-9.0,-9.0,-9.0,-9.0,0.0,0.0,0.0,0.0,0.0,0.0,0.0,0.0,0,0,False,,M,True,school1,1,0,0,1,1,0,0,0,0,1,0,0,0,76,0,5,0,0,1,2
24,12.0,5.0,1,4,1,7,0,0.0,True,2,False,False,False,100,1.6086177043136185,0.6109090497177936,0,,False,False,-1,-9.0,-9.0,16377,6.509823471495703,-0.2628006200325722,5.4485693,26.024529,-1,-9.0,-9.0,-9.0,-9.0,-9.0,0.0,0.0,0.0,0.0,0.0,0.0,0.0,0.0,0,0,False,,M,True,school1,1,0,0,0,0,0,0,0,0,0,0,0,0,77,0,2,0,0,1,2
24,8.0,6.0,1,4,1,7,0,0.0,True,2,False,False,False,100,1.3981585880933804,1.2229964614830209,0,,False,False,-1,-9.0,-9.0,7204,6.545470442266933,1.3454848559595434,3.1772473,17.161837,-1,-9.0,-9.0,-9.0,-9.0,-9.0,0.0,0.0,0.0,0.0,0.0,0.0,0.0,0.0,0,0,False,,M,True,school1,1,0,0,0,0,0,0,0,0,0,0,0,0,78,0,2,0,0,1,2
26,62.0,1.0,1,3,3,4,13,0.0,False,0,False,False,False,100,1.2704528212390442,0.4272331856909946,0,,False,False,-1,-9.0,-9.0,-1,-9.0,-9.0,-9.0,0.0,-1,-9.0,-9.0,-9.0,-9.0,-9.0,0.0,0.0,0.0,0.0,0.0,0.0,0.0,0.0,0,0,False,,N,True,,0,0,0,1,1,0,0,0,0,1,0,0,0,80,0,0,0,0,1,1
27,34.0,1.0,1,1,3,1,13,41.0,False,0,True,False,True,100,1.3263097677201694,0.6118531052561288,42,sales_office,False,True,24331,5.126568334858331,-5.50120477537002,-1,-9.0,-9.0,-9.0,0.0,24331,5.126568334858331,-5.50120477537002,26.39097,-9.0,46.660557,91.7825,0.0,0.0,0.0,0.0,0.0,0.0,0.0,0,0,True,No_Telecommute,M,True,work1,1,1,0,89,1,1,0,0,0,0,0,0,0,81,0,0,1,50,1,1
27,32.0,2.0,2,3,3,4,13,31.0,False,0,False,False,False,100,1.2391047068362522,1.3001987230072367,62,health,False,False,-1,-9.0,-9.0,-1,-9.0,-9.0,-9.0,0.0,-1,-9.0,-9.0,-9.0,-9.0,-9.0,0.0,0.0,0.0,0.0,0.0,0.0,0.0,0.0,0,0,False,,N,True,,0,0,0,1,5,4,0,0,0,1,0,0,0,82,0,0,0,0,1,1
27,4.0,3.0,1,4,1,8,0,0.0,True,1,False,False,False,100,0.5918813724453557,0.5458916538820532,0,,False,False,-1,-9.0,-9.0,16230,11.170995805657096,1.0183016764873851,3.6510377,16.494312,-1,-9.0,-9.0,-9.0,-9.0,-9.0,0.0,0.0,0.0,0.0,0.0,0.0,0.0,0.0,0,0,False,,M,True,school2,2,0,0,0,0,0,0,0,0,0,0,0,0,83,0,0,0,0,1,1
27,2.0,4.0,1,4,1,8,0,0.0,True,1,False,False,False,100,0.9555543082489946,0.8117702821454714,0,,False,False,-1,-9.0,-9.0,9906,10.515392112788104,5.433938805814308,0.9487214,6.4382143,-1,-9.0,-9.0,-9.0,-9.0,-9.0,0.0,0.0,0.0,0.0,0.0,0.0,0.0,0.0,0,0,False,,M,True,school1,1,0,0,0,0,0,0,0,0,0,0,0,0,84,0,0,0,0,1,1
28,55.0,2.0,1,1,3,1,13,43.0,False,0,True,False,False,100,2.454282752632626,1.4332062089280695,49,sales_office,True,False,-1,-9.0,-9.0,-1,-9.0,-9.0,-9.0,0.0,-1,-9.0,-9.0,-9.0,-9.0,-9.0,0.0,0.0,0.0,0.0,0.0,0.0,0.0,0.0,0,0,False,,N,True,,0,0,0,12,1,0,0,0,1,0,0,0,0,87,0,5,1,45,8,2
29,58.0,2.0,1,3,3,4,13,11.0,False,0,False,False,False,100,1.367314916334648,0.483037562886348,92,mngt_busi_scic_arts,False,False,-1,-9.0,-9.0,-1,-9.0,-9.0,-9.0,0.0,-1,-9.0,-9.0,-9.0,-9.0,-9.0,0.0,0.0,0.0,0.0,0.0,0.0,0.0,0.0,0,0,False,,N,True,,0,0,0,1,1,0,0,0,0,1,0,0,0,90,0,0,2,40,9,1
30,32.0,1.0,1,1,3,1,13,33.0,False,0,True,True,False,100,0.2390154275484889,0.6567917468040562,92,services,False,True,-1,-9.0,-9.0,-1,-9.0,-9.0,-9.0,0.0,23060,12.469471082956048,-1.0497254261672624,7.2301483,6.0,18.005083,35.88308,0.0,9.102,18.005083,18.005083,0.0,0.0,0.0,0,1,False,No_Telecommute,N,True,,0,0,0,1,1,0,0,0,0,1,0,0,0,91,0,0,1,52,1,2
30,24.0,2.0,2,3,2,3,13,41.0,True,4,False,False,False,100,1.806061642158013,0.6353411902638745,44,sales_office,False,False,-1,-9.0,-9.0,5313,6.4785183858439135,0.9409933561661684,0.9830477,6.2380753,-1,-9.0,-9.0,-9.0,-9.0,-9.0,0.0,0.0,0.0,0.0,0.0,0.0,0.0,0.0,0,0,False,,M,True,school1,1,0,0,0,0,0,0,0,0,0,0,0,0,92,0,6,4,20,1,2
32,60.0,1.0,1,3,3,4,13,33.0,False,0,False,False,False,100,3.083125184819485,1.329944648750836,92,services,False,False,-1,-9.0,-9.0,-1,-9.0,-9.0,-9.0,0.0,-1,-9.0,-9.0,-9.0,-9.0,-9.0,0.0,0.0,0.0,0.0,0.0,0.0,0.0,0.0,0,0,False,,N,True,,0,0,1,13,2,0,1,0,1,1,0,0,0,94,0,0,0,0,9,1
32,57.0,2.0,2,3,3,4,13,0.0,False,0,False,False,False,100,1.1533872013334237,0.7445272608095952,0,,False,False,-1,-9.0,-9.0,-1,-9.0,-9.0,-9.0,0.0,-1,-9.0,-9.0,-9.0,-9.0,-9.0,0.0,0.0,0.0,0.0,0.0,0.0,0.0,0.0,0,0,False,,N,True,,0,0,1,6,1,0,1,0,0,0,0,0,0,95,0,0,0,0,1,1
34,37.0,1.0,1,1,3,1,13,11.0,False,0,True,True,False,100,0.6846579546940792,0.3519520109438218,54,mngt_busi_scic_arts,False,True,-1,-9.0,-9.0,-1,-9.0,-9.0,-9.0,0.0,10906,11.73558288564996,-3.649268440915701,20.875698,3.0,45.96267,89.31562,0.0,0.0,45.96267,43.514324,0.0,0.0,2.4483452,0,0,True,2_3_days_week,M,True,work1,1,1,0,0,0,0,0,0,0,0,0,0,0,97,0,0,2,80,1,1
34,32.0,2.0,2,3,3,4,13,35.0,False,0,False,False,False,100,0.591661601711527,1.0286617858040334,722,services,False,False,-1,-9.0,-9.0,-1,-9.0,-9.0,-9.0,0.0,-1,-9.0,-9.0,-9.0,-9.0,-9.0,0.0,0.0,0.0,0.0,0.0,0.0,0.0,0.0,0,0,False,,N,True,,0,0,0,35,1,0,0,1,0,0,0,0,0,98,0,0,4,30,8,2
35,8.0,2.0,1,4,1,7,0,0.0,True,2,False,False,False,100,0.6855607883336571,0.3195733399339679,0,,False,False,-1,-9.0,-9.0,17414,12.287503009615314,29.29071914240224,22.909327,73.82927,-1,-9.0,-9.0,-9.0,-9.0,-9.0,0.0,0.0,0.0,0.0,0.0,0.0,0.0,0.0,0,0,False,,M,True,school1,1,0,0,0,0,0,0,0,0,0,0,0,0,100,0,2,0,0,1,2
35,6.0,3.0,1,4,1,7,0,0.0,True,2,False,False,False,100,0.832255220746347,2.1720758504072823,0,,False,False,-1,-9.0,-9.0,16377,16.132197727586373,34.15283126533912,5.4485693,26.024529,-1,-9.0,-9.0,-9.0,-9.0,-9.0,0.0,0.0,0.0,0.0,0.0,0.0,0.0,0.0,0,0,False,,M,True,school1,1,0,0,0,0,0,0,0,0,0,0,0,0,101,0,2,0,0,1,2
35,1.0,4.0,1,4,1,8,0,0.0,True,1,False,False,False,100,2.4935091080532006,1.0394251946085578,0,,False,False,-1,-9.0,-9.0,5573,26.15207328783732,34.73220555641529,1.2707123,8.608454,-1,-9.0,-9.0,-9.0,-9.0,-9.0,0.0,0.0,0.0,0.0,0.0,0.0,0.0,0.0,0,0,False,,M,True,school1,1,0,0,0,0,0,0,0,0,0,0,0,0,102,0,0,0,0,1,2
36,33.0,1.0,2,3,3,4,13,25.0,False,0,False,False,False,100,0.4226418761306031,1.365059885160083,62,services,False,False,-1,-9.0,-9.0,-1,-9.0,-9.0,-9.0,0.0,-1,-9.0,-9.0,-9.0,-9.0,-9.0,0.0,0.0,0.0,0.0,0.0,0.0,0.0,0.0,0,1,False,,N,True,,0,0,0,6,5,4,1,0,0,0,0,0,0,103,0,0,0,0,1,2
36,8.0,2.0,1,4,1,7,0,0.0,True,2,False,False,False,100,0.8888020219048632,1.2287958190960293,0,,False,False,-1,-9.0,-9.0,11793,18.070123088726287,35.78373436721072,1.1491835,8.765608,-1,-9.0,-9.0,-9.0,-9.0,-9.0,0.0,0.0,0.0,0.0,0.0,0.0,0.0,0.0,0,0,False,,M,True,school1,1,0,0,0,0,0,0,0,0,0,0,0,0,104,0,2,0,0,1,2
36,6.0,3.0,1,4,1,7,0,0.0,True,2,False,False,False,100,0.4734145611055201,4.213321934668069,0,,False,False,-1,-9.0,-9.0,23872,18.37294469458736,35.953847266473915,1.3371154,9.250225,-1,-9.0,-9.0,-9.0,-9.0,-9.0,0.0,0.0,0.0,0.0,0.0,0.0,0.0,0.0,0,0,False,,M,True,school1,1,0,0,0,0,0,0,0,0,0,0,0,0,105,0,2,0,0,1,2
36,1.0,4.0,1,4,1,8,0,0.0,True,1,False,False,False,100,1.4384030961394658,0.7788467963689637,0,,False,False,-1,-9.0,-9.0,2234,24.030955270163705,34.69918325624776,2.7992496,12.775263,-1,-9.0,-9.0,-9.0,-9.0,-9.0,0.0,0.0,0.0,0.0,0.0,0.0,0.0,0.0,0,0,False,,M,True,school1,1,0,0,0,0,0,0,0,0,0,0,0,0,106,0,0,0,0,1,2
37,62.0,1.0,1,3,3,4,13,0.0,False,0,False,False,False,100,1.278840887711087,0.8811735813436494,0,,False,False,-1,-9.0,-9.0,-1,-9.0,-9.0,-9.0,0.0,-1,-9.0,-9.0,-9.0,-9.0,-9.0,0.0,0.0,0.0,0.0,0.0,0.0,0.0,0.0,0,0,False,,N,True,,0,0,1,156,2,2,0,0,0,0,1,0,0,107,0,0,0,0,1,1
37,59.0,2.0,2,3,3,4,13,0.0,False,0,False,False,False,100,0.7203044312778452,0.5757341932937692,0,,False,False,-1,-9.0,-9.0,-1,-9.0,-9.0,-9.0,0.0,-1,-9.0,-9.0,-9.0,-9.0,-9.0,0.0,0.0,0.0,0.0,0.0,0.0,0.0,0.0,0,0,False,,N,True,,0,0,1,6,1,0,1,0,0,0,0,0,0,108,0,0,0,0,1,1
38,54.0,1.0,2,3,3,4,13,41.0,False,0,False,False,False,100,0.6534508983982295,1.3326002181682006,54,sales_office,False,False,-1,-9.0,-9.0,-1,-9.0,-9.0,-9.0,0.0,-1,-9.0,-9.0,-9.0,-9.0,-9.0,0.0,0.0,0.0,0.0,0.0,0.0,0.0,0.0,0,0,False,,N,True,,0,0,1,0,0,0,0,1,0,0,0,0,0,109,0,0,6,40,1,1
39,36.0,1.0,1,1,3,1,13,11.0,False,0,True,True,False,100,1.8712171286342496,0.8692132157111927,53,mngt_busi_scic_arts,False,True,-1,-9.0,-9.0,-1,-9.0,-9.0,-9.0,0.0,3132,9.607364534205384,-1.1426776100468707,0.7623371,6.0,2.7140052,4.9838853,0.0,7.221,2.7140052,2.7140052,0.0,0.0,0.0,0,0,True,2_3_days_week,N,True,,0,0,1,2,2,0,0,1,0,2,0,0,1,112,0,0,1,60,1,1
40,56.0,1.0,2,2,3,2,13,37.0,False,0,True,True,False,100,2.5426789087667685,0.944528315035241,81,services,False,True,-1,-9.0,-9.0,-1,-9.0,-9.0,-9.0,0.0,16208,8.117275593441423,-5.876728060243302,4.0630827,6.0,12.197237,24.398544,0.0,0.0,12.197237,11.261837,0.0,0.0,0.9354,0,0,True,No_Telecommute,N,True,,0,0,1,0,0,0,1,0,0,0,0,0,0,114,0,0,2,30,1,2
41,56.0,1.0,2,2,3,2,13,37.0,False,0,True,True,False,100,1.409233885136565,0.4630611211431021,81,services,False,True,-1,-9.0,-9.0,-1,-9.0,-9.0,-9.0,0.0,12534,9.088888714864291,-1.5073506043039937,1.5050755,6.0,4.635394,9.546532,0.0,0.0,4.635394,4.635394,0.0,0.0,0.0,0,0,False,No_Telecommute,M,True,work1,1,1,0,89,1,1,0,0,0,0,0,0,0,117,0,0,2,30,1,2
41,26.0,3.0,1,3,3,4,13,99.0,False,0,False,False,False,100,1.316986080710122,1.05300427930696,99,,False,False,-1,-9.0,-9.0,-1,-9.0,-9.0,-9.0,0.0,-1,-9.0,-9.0,-9.0,-9.0,-9.0,0.0,0.0,0.0,0.0,0.0,0.0,0.0,0.0,0,1,False,,N,True,,0,0,0,1,1,0,0,0,0,1,0,0,0,119,0,0,0,0,1,2
42,56.0,1.0,2,2,3,2,13,37.0,False,0,True,True,False,100,0.5683956293491883,0.7229546784942511,81,services,False,True,-1,-9.0,-9.0,-1,-9.0,-9.0,-9.0,0.0,16089,10.201159192155435,-1.876665938091643,6.4559927,6.0,16.062641,33.648277,0.0,0.0,17.239529,16.062641,0.0,0.0,1.1768875,0,0,False,No_Telecommute,M,True,work1,1,1,0,0,0,0,0,0,0,0,0,0,0,120,0,0,2,30,1,2
43,56.0,1.0,2,2,3,2,13,37.0,False,0,True,True,False,100,0.384560219313059,0.8858379932776288,81,services,False,True,-1,-9.0,-9.0,-1,-9.0,-9.0,-9.0,0.0,3024,10.272286213148057,-0.4206754000324334,0.9700974,6.0,3.4600549,7.1163607,0.0,5.294,3.4600549,3.4600549,0.0,0.0,0.0,0,0,False,No_Telecommute,N,True,,0,0,0,12,1,0,0,0,1,0,0,0,0,123,0,0,2,30,1,2
43,57.0,2.0,1,3,3,4,13,0.0,False,0,False,False,False,100,0.6647366151225002,0.6970977660337515,0,,False,False,-1,-9.0,-9.0,-1,-9.0,-9.0,-9.0,0.0,-1,-9.0,-9.0,-9.0,-9.0,-9.0,0.0,0.0,0.0,0.0,0.0,0.0,0.0,0.0,0,0,False,,N,True,,0,0,0,1,1,0,0,0,0,1,0,0,0,124,0,0,0,0,1,2
46,25.0,1.0,1,1,3,1,13,53.0,False,0,True,True,False,100,0.6256641466167657,0.5380446455727638,81,prod_trans_move,False,True,-1,-9.0,-9.0,-1,-9.0,-9.0,-9.0,0.0,5704,11.238138812748488,-5.674019539116179,26.117064,3.0,56.805706,111.51396,0.0,0.0,56.805706,55.658485,0.0,0.0,1.1472206,0,0,False,2_3_days_week,N,True,,0,0,0,18,2,0,1,0,1,0,0,0,0,130,0,0,5,48,1,2
46,18.0,2.0,1,3,3,4,9,35.0,False,0,False,False,False,100,0.752706659137789,0.8696931411886702,722,services,False,False,-1,-9.0,-9.0,-1,-9.0,-9.0,-9.0,0.0,-1,-9.0,-9.0,-9.0,-9.0,-9.0,0.0,0.0,0.0,0.0,0.0,0.0,0.0,0.0,0,0,False,,N,True,,0,0,0,12,1,0,0,0,1,0,0,0,0,131,0,0,0,0,1,2
47,22.0,1.0,1,1,3,1,13,55.0,False,0,True,True,False,100,0.2248731289852908,0.8770382699834216,9000,military,False,True,-1,-9.0,-9.0,-1,-9.0,-9.0,-9.0,0.0,1380,11.41874689835247,-1.348712441265344,18.33328,6.0,47.512104,100.54799,0.0,0.0,47.512104,47.512104,0.0,0.0,0.0,0,0,False,No_Telecommute,M,True,work1,1,1,0,0,0,0,0,0,0,0,0,0,0,132,1,6,1,45,1,2
48,30.0,1.0,1,3,3,4,13,27.0,False,0,False,False,False,100,1.3007879423209152,0.5359597707874557,92,mngt_busi_scic_arts,False,False,-1,-9.0,-9.0,-1,-9.0,-9.0,-9.0,0.0,-1,-9.0,-9.0,-9.0,-9.0,-9.0,0.0,0.0,0.0,0.0,0.0,0.0,0.0,0.0,0,0,False,,N,True,,0,0,0,42,3,0,1,1,0,1,0,0,0,133,0,0,1,60,8,2
48,27.0,2.0,2,2,2,3,13,25.0,True,4,True,True,False,100,0.980346406694126,1.0025198872522172,61,services,False,True,-1,-9.0,-9.0,23114,6.7355088496402775,-2.3240203568470057,6.9806004,22.00858,20521,10.923417826136154,-5.254343942498633,19.01611,7.0,33.27216,65.34129,0.0,0.0,33.27216,33.27216,0.0,0.0,0.0,0,0,False,No_Telecommute,M,True,school1,1,0,0,0,0,0,0,0,0,0,0,0,0,134,0,6,1,30,8,2
49,34.0,1.0,1,1,3,1,13,15.0,False,0,True,True,False,100,1.552487715381074,0.6049867802542817,9000,mngt_busi_scic_arts,False,True,-1,-9.0,-9.0,-1,-9.0,-9.0,-9.0,0.0,11439,9.71415110866046,-10.339982793089089,33.23515,3.0,57.763737,114.68645,0.0,0.999,57.763737,57.763737,0.0,0.0,0.0,0,0,False,No_Telecommute,N,True,,0,0,0,58,6,3,0,1,2,0,0,2,0,135,1,0,1,50,1,1
49,33.0,2.0,2,2,3,2,13,41.0,False,0,True,True,False,100,0.1718508008928189,0.4794404768615771,45,sales_office,False,True,-1,-9.0,-9.0,-1,-9.0,-9.0,-9.0,0.0,17997,11.039593557785134,-0.5089752260847235,7.20145,6.0,17.976992,36.302402,0.0,0.0,17.976992,17.819721,0.0,0.0,0.15727043,0,0,False,No_Telecommute,M,True,work1,1,1,0,89,1,1,0,0,0,0,0,0,0,136,0,0,1,6,6,2
49,12.0,3.0,1,4,1,7,0,0.0,True,2,False,False,False,100,1.6939934244355273,1.0504403641060525,0,,False,False,-1,-9.0,-9.0,4962,5.876652167619282,2.7904482669672235,0.605197,4.3422327,-1,-9.0,-9.0,-9.0,-9.0,-9.0,0.0,0.0,0.0,0.0,0.0,0.0,0.0,0.0,0,0,False,,M,True,school1,1,0,0,0,0,0,0,0,0,0,0,0,0,137,0,2,0,0,9,1
49,6.0,4.0,1,4,1,7,0,0.0,True,2,False,False,False,100,2.722770877756959,1.5303258947355385,0,,False,False,-1,-9.0,-9.0,5878,5.305437689714281,-3.1752088382836448,9.933168,36.87023,-1,-9.0,-9.0,-9.0,-9.0,-9.0,0.0,0.0,0.0,0.0,0.0,0.0,0.0,0.0,0,0,False,,M,True,school1,1,0,0,0,0,0,0,0,0,0,0,0,0,138,0,2,0,0,9,1
49,4.0,5.0,1,4,1,8,0,0.0,True,1,False,False,False,100,0.2791381295018603,1.7160241711343407,0,,False,False,-1,-9.0,-9.0,8111,9.08527933641652,3.5483746929857007,3.1356552,11.081028,-1,-9.0,-9.0,-9.0,-9.0,-9.0,0.0,0.0,0.0,0.0,0.0,0.0,0.0,0.0,0,0,False,,N,True,,0,0,0,156,2,2,0,0,0,0,0,0,0,139,0,0,0,0,9,1
50,34.0,1.0,1,1,3,1,13,15.0,False,0,True,True,False,100,0.4821818251168495,0.6612252671187627,9000,mngt_busi_scic_arts,False,True,-1,-9.0,-9.0,-1,-9.0,-9.0,-9.0,0.0,14373,12.03003272722886,-2.6913519595067807,16.114803,6.0,38.94373,77.61701,0.0,0.0,38.94373,38.94373,0.0,0.0,0.0,1,0,True,No_Telecommute,N,True,,0,0,0,12,3,2,0,0,1,0,0,0,0,141,1,0,1,50,1,1
50,33.0,2.0,2,2,3,2,13,41.0,False,0,True,True,False,100,0.8264336163233281,0.4466706057923193,45,sales_office,False,True,-1,-9.0,-9.0,-1,-9.0,-9.0,-9.0,0.0,7226,10.250027091909397,-0.4764861454783379,1.2238859,6.0,4.2082305,8.36042,0.0,1.42,4.2082305,4.2082305,0.0,0.0,0.0,0,0,True,2_3_days_week,M,True,work1,1,1,0,12,3,2,0,0,1,0,0,0,0,142,0,0,1,6,6,2
50,12.0,3.0,1,4,1,7,0,0.0,True,2,False,False,False,100,0.9700328257992376,1.7683449925196766,0,,False,False,-1,-9.0,-9.0,23268,4.280185461222517,0.7206615751469613,3.5522366,12.006142,-1,-9.0,-9.0,-9.0,-9.0,-9.0,0.0,0.0,0.0,0.0,0.0,0.0,0.0,0.0,0,0,False,,M,True,school1,1,0,0,0,0,0,0,0,0,0,0,0,0,143,0,2,0,0,9,1
50,6.0,4.0,1,4,1,7,0,0.0,True,2,False,False,False,100,1.995178648196734,1.7166433751755168,0,,False,False,-1,-9.0,-9.0,20697,6.643778320889671,-6.976862781204948,20.885643,45.33258,-1,-9.0,-9.0,-9.0,-9.0,-9.0,0.0,0.0,0.0,0.0,0.0,0.0,0.0,0.0,0,0,False,,M,True,school1,1,0,0,0,0,0,0,0,0,0,0,0,0,144,0,2,0,0,9,1
50,4.0,5.0,1,4,1,8,0,0.0,True,1,False,False,False,100,0.3333720569143626,1.678906304886016,0,,False,False,-1,-9.0,-9.0,3218,8.23914999572194,4.536514412669367,3.361981,13.93449,-1,-9.0,-9.0,-9.0,-9.0,-9.0,0.0,0.0,0.0,0.0,0.0,0.0,0.0,0.0,0,0,False,,N,True,,0,0,0,35,1,0,0,1,0,0,0,0,0,145,0,0,0,0,9,1
50,2.0,6.0,2,4,1,8,0,0.0,True,1,False,False,False,100,1.664878626120611,1.0256086290372457,0,,False,False,-1,-9.0,-9.0,7299,7.88315529183622,0.3750970593751985,2.3713756,11.796459,-1,-9.0,-9.0,-9.0,-9.0,-9.0,0.0,0.0,0.0,0.0,0.0,0.0,0.0,0.0,0,0,False,,N,True,,0,0,0,3,1,0,0,0,0,0,1,0,0,146,0,0,0,0,9,1
51,12.0,3.0,1,4,1,7,0,0.0,True,2,False,False,False,100,0.969142756510232,0.4444930513334477,0,,False,False,-1,-9.0,-9.0,7296,6.616880566137184,1.1049213157276951,2.3713756,11.796459,-1,-9.0,-9.0,-9.0,-9.0,-9.0,0.0,0.0,0.0,0.0,0.0,0.0,0.0,0.0,0,0,False,,M,True,school1,1,0,0,0,0,0,0,0,0,0,0,0,0,149,0,2,0,0,9,1
51,6.0,4.0,1,4,1,7,0,0.0,True,2,False,False,False,100,2.1451542052598285,0.4718450176102841,0,,False,False,-1,-9.0,-9.0,16784,6.184954308249911,-4.816401917898595,13.337041,50.51408,-1,-9.0,-9.0,-9.0,-9.0,-9.0,0.0,0.0,0.0,0.0,0.0,0.0,0.0,0.0,0,0,False,,M,True,school1,1,0,0,0,0,0,0,0,0,0,0,0,0,150,0,2,0,0,9,1
51,4.0,5.0,1,4,1,8,0,0.0,True,1,False,False,False,100,0.3572805225106293,1.011837652758739,0,,False,False,-1,-9.0,-9.0,6643,8.543177890632487,4.846248503501803,1.8919271,10.909637,-1,-9.0,-9.0,-9.0,-9.0,-9.0,0.0,0.0,0.0,0.0,0.0,0.0,0.0,0.0,0,0,False,,M,True,school1,1,0,0,0,0,0,0,0,0,0,0,0,0,151,0,0,0,0,9,1
51,2.0,6.0,2,4,1,8,0,0.0,True,1,False,False,False,100,1.1284993022703158,0.4503265748866502,0,,False,False,-1,-9.0,-9.0,7925,8.523956142439541,3.745979924493371,0.9700974,6.8797584,-1,-9.0,-9.0,-9.0,-9.0,-9.0,0.0,0.0,0.0,0.0,0.0,0.0,0.0,0.0,0,0,False,,N,True,,0,0,0,89,1,1,0,0,0,0,0,0,0,152,0,0,0,0,9,1
52,34.0,1.0,1,1,3,1,13,15.0,False,0,True,True,False,100,1.3086497753213104,0.8523203109280635,9000,mngt_busi_scic_arts,False,True,-1,-9.0,-9.0,-1,-9.0,-9.0,-9.0,0.0,8977,10.389884318581146,-8.009671569134804,25.62642,3.0,50.047993,96.71136,0.0,2.497,50.047993,50.047993,0.0,0.0,0.0,0,0,False,4_days_week,M,True,work2,2,2,0,0,0,0,0,0,0,0,0,0,0,153,1,0,1,50,1,1
52,33.0,2.0,2,2,3,2,13,41.0,False,0,True,True,False,100,1.7198380172579617,0.7328132679889825,45,sales_office,False,True,-1,-9.0,-9.0,-1,-9.0,-9.0,-9.0,0.0,15801,9.044656939815214,-6.248928486254855,12.776472,6.0,26.151869,53.450317,0.0,0.0,26.151869,26.151869,0.0,0.0,0.0,0,0,False,No_Telecommute,M,True,work1,1,1,0,1,4,3,0,0,0,1,0,0,0,154,0,0,1,6,6,2
52,12.0,3.0,1,4,1,7,0,0.0,True,2,False,False,False,100,0.7192349341205881,0.2850584550914664,0,,False,False,-1,-9.0,-9.0,7204,6.993068537142211,1.3604375550382737,3.1772473,17.161837,-1,-9.0,-9.0,-9.0,-9.0,-9.0,0.0,0.0,0.0,0.0,0.0,0.0,0.0,0.0,0,0,False,,M,True,school1,1,0,0,0,0,0,0,0,0,0,0,0,0,155,0,2,0,0,9,1
52,6.0,4.0,1,4,1,7,0,0.0,True,2,False,False,False,100,0.6560845740278383,0.8922707223975607,0,,False,False,-1,-9.0,-9.0,20924,6.880478107830026,-3.821844317482724,25.471552,56.673347,-1,-9.0,-9.0,-9.0,-9.0,-9.0,0.0,0.0,0.0,0.0,0.0,0.0,0.0,0.0,0,0,False,,M,True,school1,1,0,0,0,0,0,0,0,0,0,0,0,0,156,0,2,0,0,9,1
53,22.0,1.0,1,3,3,4,13,53.0,False,0,False,False,False,100,0.8773484165340873,0.3719342801430333,48,prod_trans_move,False,False,-1,-9.0,-9.0,-1,-9.0,-9.0,-9.0,0.0,-1,-9.0,-9.0,-9.0,-9.0,-9.0,0.0,0.0,0.0,0.0,0.0,0.0,0.0,0.0,0,0,False,,N,True,,0,0,0,89,1,1,0,0,0,0,0,0,0,159,0,0,3,40,1,2
53,23.0,2.0,1,1,3,1,13,53.0,False,0,True,True,False,100,0.5024761743058901,0.7537088054979387,48,prod_trans_move,False,True,-1,-9.0,-9.0,-1,-9.0,-9.0,-9.0,0.0,13919,12.07423737459956,-3.81612037756905,30.944704,3.0,53.09828,104.50102,0.0,0.0,55.798267,53.09828,0.0,0.0,2.6999855,0,0,True,No_Telecommute,M,True,work1,1,1,0,0,0,0,0,0,0,0,0,0,0,160,0,0,5,40,1,2
53,23.0,3.0,2,1,3,1,13,31.0,False,0,True,False,False,100,1.544712489091994,0.6364078434805603,62,health,True,False,-1,-9.0,-9.0,-1,-9.0,-9.0,-9.0,0.0,-1,-9.0,-9.0,-9.0,-9.0,-9.0,0.0,0.0,0.0,0.0,0.0,0.0,0.0,0.0,0,0,False,,N,True,,0,0,0,12,1,0,0,0,1,0,0,0,0,161,0,0,1,40,1,2
54,22.0,1.0,1,3,3,4,13,53.0,False,0,False,False,False,100,0.937720023424348,0.3058776206453898,48,prod_trans_move,False,False,-1,-9.0,-9.0,-1,-9.0,-9.0,-9.0,0.0,-1,-9.0,-9.0,-9.0,-9.0,-9.0,0.0,0.0,0.0,0.0,0.0,0.0,0.0,0.0,0,0,False,,N,True,,0,0,0,6,1,0,1,0,0,0,0,0,0,162,0,0,3,40,1,2
54,23.0,2.0,1,1,3,1,13,53.0,False,0,True,True,False,100,0.2573651553183459,0.4637237945592282,48,prod_trans_move,False,True,-1,-9.0,-9.0,-1,-9.0,-9.0,-9.0,0.0,20390,12.398682597145513,-1.95895020676703,22.576454,7.0,37.416622,73.57068,0.0,0.0,37.718872,37.416622,0.0,0.0,0.3022499,0,0,True,No_Telecommute,M,True,work2,2,2,0,0,0,0,0,0,0,0,0,0,0,163,0,0,5,40,1,2
54,23.0,3.0,2,1,3,1,13,31.0,False,0,True,True,False,100,1.8007676899566467,0.6496173139804086,62,health,False,True,-1,-9.0,-9.0,-1,-9.0,-9.0,-9.0,0.0,23059,8.847774287774973,-5.913894312409694,9.90027,6.0,22.379305,44.28263,0.0,4.334,24.286331,22.379305,0.0,0.0,1.9070263,0,0,True,No_Telecommute,N,True,,0,0,0,6,1,0,1,0,0,0,0,0,0,164,0,0,1,40,1,2
55,32.0,1.0,1,1,3,1,13,29.0,False,0,True,True,False,100,0.3101359829404269,0.5518888255663823,62,health,False,True,-1,-9.0,-9.0,-1,-9.0,-9.0,-9.0,0.0,23050,11.93648605367984,-1.0518846326888684,6.335389,6.0,16.366951,34.075672,0.0,0.0,16.366951,16.366951,0.0,0.0,0.0,0,0,True,No_Telecommute,M,True,work1,1,1,0,1,1,0,0,0,0,1,0,0,0,165,0,6,1,40,1,2
55,21.0,3.0,2,1,3,1,9,35.0,False,0,True,True,False,100,0.7982503003644053,0.285373764997466,722,services,False,True,-1,-9.0,-9.0,-1,-9.0,-9.0,-9.0,0.0,7004,11.0078233678534,0.750015695726948,0.18573597,6.0,0.5977014,1.1957804,0.0,0.0,0.5977014,0.5977014,0.0,0.0,0.0,0,0,True,No_Telecommute,M,True,work1,1,1,0,0,0,0,0,0,0,0,0,0,0,167,0,6,1,40,1,2
56,28.0,1.0,2,2,2,3,13,43.0,True,4,True,True,False,100,0.4520653950706046,0.6003519885111,52,sales_office,False,True,-1,-9.0,-9.0,2594,1.3265274905744149,-2.683924212752355,32.34119,69.82353,23845,12.270384641199405,-0.582241743607483,2.801777,6.0,8.504959,16.833889,0.0,0.0,8.504959,8.504959,0.0,0.0,0.0,0,0,True,No_Telecommute,M,True,work_and_school,2,1,0,0,0,0,0,0,0,0,0,0,0,168,0,6,1,25,1,2
56,27.0,2.0,1,1,3,1,13,41.0,False,0,True,True,False,100,0.6698119086408996,1.5703023296216752,44,sales_office,False,True,-1,-9.0,-9.0,-1,-9.0,-9.0,-9.0,0.0,16857,11.944586722928683,-3.0967062729554846,19.441912,7.0,42.547314,83.64017,0.0,0.0,42.547314,42.105263,0.0,0.0,0.44205093,0,1,False,2_3_days_week,N,True,,0,0,0,89,1,1,0,0,0,0,0,0,0,169,0,0,1,40,1,1
57,31.0,1.0,2,1,3,1,13,19.0,False,0,True,True,False,100,1.424844990471804,0.6934049652147639,54,mngt_busi_scic_arts,False,True,-1,-9.0,-9.0,-1,-9.0,-9.0,-9.0,0.0,16196,10.294052544408778,-3.511438454216581,6.4559927,6.0,16.062641,33.648277,0.0,0.0,17.239529,16.062641,0.0,0.0,1.1768875,0,0,False,No_Telecommute,N,True,,0,0,1,89,1,1,0,1,0,0,0,0,0,171,0,0,1,40,8,2
57,38.0,2.0,1,1,3,1,13,35.0,False,0,True,True,False,100,0.4975154023956648,0.6244955612814682,722,services,False,True,-1,-9.0,-9.0,-1,-9.0,-9.0,-9.0,0.0,17869,12.20449305629398,-1.8012421490674726,10.074627,7.0,25.671795,51.77122,0.0,0.0,25.671795,25.595509,0.0,0.0,0.076286316,0,1,True,No_Telecommute,N,True,,0,0,1,156,2,2,0,0,0,0,0,0,0,172,0,0,1,40,8,2
57,26.0,3.0,2,1,3,1,13,43.0,False,0,True,False,True,100,0.942439712777804,0.5969419447322555,49,sales_office,False,True,24331,5.233852193796501,-3.97727193893215,-1,-9.0,-9.0,-9.0,0.0,24331,5.233852193796501,-3.97727193893215,26.39097,-9.0,46.660557,91.7825,0.0,0.0,0.0,0.0,0.0,0.0,0.0,0,1,False,No_Telecommute,M,True,work1,1,1,1,0,0,0,0,0,0,0,0,0,0,173,0,0,1,50,8,2
57,63.0,4.0,2,1,3,1,13,35.0,False,0,True,True,False,100,0.7072142551523215,0.8774595251137894,722,services,False,True,-1,-9.0,-9.0,-1,-9.0,-9.0,-9.0,0.0,23872,11.370490284764475,-0.6789869945942296,1.3371154,6.0,5.171408,10.062546,0.0,0.0,5.171408,5.171408,0.0,0.0,0.0,0,1,False,No_Telecommute,N,True,,0,0,1,101,2,1,0,0,1,0,0,0,0,174,0,0,1,40,8,2
58,58.0,1.0,1,1,3,1,13,41.0,False,0,True,True,False,100,1.447362004830152,1.3034458527783808,31,sales_office,False,True,-1,-9.0,-9.0,-1,-9.0,-9.0,-9.0,0.0,14359,10.136055071528965,-8.034450936108483,25.445456,3.0,51.913605,104.55555,0.0,1.827,51.913605,51.913605,0.0,0.0,0.0,0,1,True,2_3_days_week,M,True,work1,1,1,0,0,0,0,0,0,0,0,0,0,0,175,0,0,1,90,1,1
58,59.0,2.0,2,3,2,3,13,0.0,True,4,False,False,False,100,0.4837216494261516,0.7781093846871162,0,,False,False,-1,-9.0,-9.0,23075,7.180583487183013,-1.100602745960601,9.734732,28.702072,-1,-9.0,-9.0,-9.0,-9.0,-9.0,0.0,0.0,0.0,0.0,0.0,0.0,0.0,0.0,0,1,False,,N,True,,0,0,0,36,2,0,0,1,0,1,0,0,0,176,0,6,0,0,1,2
58,27.0,3.0,2,3,3,4,13,41.0,False,0,False,False,False,100,0.6394385584368404,1.0421306117993014,32,sales_office,False,False,-1,-9.0,-9.0,-1,-9.0,-9.0,-9.0,0.0,-1,-9.0,-9.0,-9.0,-9.0,-9.0,0.0,0.0,0.0,0.0,0.0,0.0,0.0,0.0,0,1,False,,N,True,,0,0,0,35,1,0,0,1,0,0,0,0,0,177,0,0,6,12,1,1
58,33.0,4.0,1,1,3,1,13,47.0,False,0,True,False,True,100,0.4751402220851819,1.0362512650383715,23,constr_maint,False,True,24331,5.304839907875907,-2.2106754960278576,-1,-9.0,-9.0,-9.0,0.0,24331,5.304839907875907,-2.2106754960278576,26.39097,-9.0,46.660557,91.7825,0.0,0.0,0.0,0.0,0.0,0.0,0.0,0,0,True,No_Telecommute,M,True,work1,1,1,0,0,0,0,0,0,0,0,0,0,0,178,0,0,1,80,1,1
59,60.0,1.0,2,3,3,4,13,0.0,False,0,False,False,False,100,0.8825074050808793,0.9393276536518208,0,,False,False,-1,-9.0,-9.0,-1,-9.0,-9.0,-9.0,0.0,-1,-9.0,-9.0,-9.0,-9.0,-9.0,0.0,0.0,0.0,0.0,0.0,0.0,0.0,0.0,0,0,False,,N,True,,0,0,0,6,1,0,1,0,0,0,0,0,0,179,0,0,0,0,1,1
59,62.0,2.0,1,3,3,4,13,0.0,False,0,False,False,False,100,0.7168466560337959,0.7192827894786524,0,,False,False,-1,-9.0,-9.0,-1,-9.0,-9.0,-9.0,0.0,-1,-9.0,-9.0,-9.0,-9.0,-9.0,0.0,0.0,0.0,0.0,0.0,0.0,0.0,0.0,0,0,False,,N,True,,0,0,0,1,1,0,0,0,0,1,0,0,0,180,0,0,0,0,1,1
60,23.0,1.0,1,1,3,1,13,13.0,False,0,True,True,False,100,0.7435693738337227,0.181467659401186,9000,mngt_busi_scic_arts,False,True,-1,-9.0,-9.0,-1,-9.0,-9.0,-9.0,0.0,6726,11.485735543758588,-6.259788253632012,37.08216,2.0,62.930477,123.09549,0.0,7.871,62.930477,61.818,0.0,0.0,1.1124763,0,1,True,No_Telecommute,M,True,work1,1,1,0,0,0,0,0,0,0,0,0,0,0,181,1,0,1,55,1,2
60,22.0,2.0,2,1,3,1,13,53.0,False,0,True,True,False,100,0.4424091066677404,0.3381075982199429,9000,prod_trans_move,False,True,-1,-9.0,-9.0,-1,-9.0,-9.0,-9.0,0.0,13643,11.706739689791304,-3.664626277440739,30.278852,3.0,56.174538,112.054214,0.0,0.0,56.174538,56.174538,0.0,0.0,0.0,0,0,True,No_Telecommute,M,True,work1,1,1,0,0,0,0,0,0,0,0,0,0,0,182,1,0,1,55,1,2
62,62.0,1.0,2,3,3,4,13,33.0,False,0,False,False,False,100,1.093394498239236,0.6617807510769677,92,services,False,False,-1,-9.0,-9.0,-1,-9.0,-9.0,-9.0,0.0,-1,-9.0,-9.0,-9.0,-9.0,-9.0,0.0,0.0,0.0,0.0,0.0,0.0,0.0,0.0,0,0,False,,N,True,,0,0,0,58,3,0,0,1,2,0,0,2,0,184,0,0,0,0,1,1
63,29.0,1.0,2,3,2,3,13,53.0,True,4,False,False,False,100,0.613092749175374,1.101729699686492,45,prod_trans_move,False,False,-1,-9.0,-9.0,23114,6.928227922819059,-1.3856994541463037,6.9806004,22.00858,-1,-9.0,-9.0,-9.0,-9.0,-9.0,0.0,0.0,0.0,0.0,0.0,0.0,0.0,0.0,0,0,False,,M,True,school1,1,0,0,0,0,0,0,0,0,0,0,0,0,185,0,6,0,0,1,1
64,34.0,1.0,2,3,3,4,13,43.0,False,0,False,False,False,100,1.1464697052319703,1.3898460144000702,32,sales_office,False,False,-1,-9.0,-9.0,-1,-9.0,-9.0,-9.0,0.0,-1,-9.0,-9.0,-9.0,-9.0,-9.0,0.0,0.0,0.0,0.0,0.0,0.0,0.0,0.0,0,0,False,,N,True,,0,0,1,0,3,3,1,0,0,0,0,0,0,187,0,0,5,40,1,2
64,15.0,2.0,1,4,1,7,0,0.0,True,3,False,False,False,100,0.8239074573181105,3.3338901484919017,0,,False,False,-1,-9.0,-9.0,7004,11.098550288520745,6.680308675098096,0.18573597,1.19381,-1,-9.0,-9.0,-9.0,-9.0,-9.0,0.0,0.0,0.0,0.0,0.0,0.0,0.0,0.0,0,0,False,,M,True,school1,1,0,1,0,0,0,0,0,0,0,0,0,0,188,0,0,0,0,1,2
64,12.0,3.0,2,4,1,7,0,0.0,True,2,False,False,False,100,0.9356310930502612,0.6439183252163522,0,,False,False,-1,-9.0,-9.0,7211,6.590362240592758,4.266519732511907,0.605197,4.3422327,-1,-9.0,-9.0,-9.0,-9.0,-9.0,0.0,0.0,0.0,0.0,0.0,0.0,0.0,0.0,0,0,False,,M,True,school1,1,0,1,0,0,0,0,0,0,0,0,0,0,189,0,0,0,0,1,2
65,72.0,1.0,2,3,3,5,13,0.0,False,0,False,False,False,100,3.413809896956998,1.118011725639391,0,,False,False,-1,-9.0,-9.0,-1,-9.0,-9.0,-9.0,0.0,-1,-9.0,-9.0,-9.0,-9.0,-9.0,0.0,0.0,0.0,0.0,0.0,0.0,0.0,0.0,0,0,False,,N,True,,0,0,0,2,2,0,0,0,0,2,0,0,1,191,0,0,0,0,1,1
66,28.0,1.0,1,1,3,1,13,13.0,False,0,True,True,False,100,1.52848942168428,0.8899684581781645,9000,mngt_busi_scic_arts,False,True,-1,-9.0,-9.0,-1,-9.0,-9.0,-9.0,0.0,16270,10.101924828828214,-3.740095859282987,5.6495576,6.0,14.57912,29.122612,0.0,0.0,14.57912,14.5419445,0.0,0.0,0.03717518,0,0,False,No_Telecommute,N,True,,0,0,0,89,1,1,0,0,0,0,0,0,0,192,1,0,1,60,9,2
66,28.0,2.0,2,1,3,1,13,25.0,False,0,True,True,False,100,0.4460725765193726,1.034991885649548,61,services,False,True,-1,-9.0,-9.0,-1,-9.0,-9.0,-9.0,0.0,19339,11.576573648687662,-2.295119979962032,14.9390745,7.0,29.062475,57.113636,0.0,0.0,34.81696,28.672815,0.0,0.0,6.144144,0,0,True,No_Telecommute,M,True,work1,1,1,0,0,0,0,0,0,0,0,0,0,0,193,0,0,1,40,9,2
67,29.0,1.0,2,3,3,4,13,35.0,False,0,False,False,False,100,1.603580130250262,0.4084896549502363,722,services,False,False,-1,-9.0,-9.0,-1,-9.0,-9.0,-9.0,0.0,-1,-9.0,-9.0,-9.0,-9.0,-9.0,0.0,0.0,0.0,0.0,0.0,0.0,0.0,0.0,0,0,False,,N,True,,0,0,0,149,5,1,1,2,0,1,0,1,0,194,0,0,6,20,9,2
67,37.0,2.0,1,1,3,1,13,33.0,False,0,True,True,False,100,0.2826644219160976,1.2746078273024537,92,services,False,True,-1,-9.0,-9.0,-1,-9.0,-9.0,-9.0,0.0,8766,12.588194199231838,-2.4258070487201886,32.958733,3.0,59.99491,116.65521,0.0,0.0,59.99491,59.806362,0.0,0.0,0.18854904,0,0,True,No_Telecommute,N,True,,0,0,0,1,1,0,0,0,0,1,0,0,0,195,0,0,1,99,9,1
68,29.0,1.0,2,3,3,4,13,35.0,False,0,False,False,False,100,1.1879469298950682,0.8855252229702015,722,services,False,False,-1,-9.0,-9.0,-1,-9.0,-9.0,-9.0,0.0,-1,-9.0,-9.0,-9.0,-9.0,-9.0,0.0,0.0,0.0,0.0,0.0,0.0,0.0,0.0,0,0,False,,N,True,,0,0,0,35,1,0,0,1,0,0,0,0,0,196,0,0,6,20,9,2
68,37.0,2.0,1,1,3,1,13,33.0,False,0,True,True,False,100,1.3395014616525172,0.7478140730324441,92,services,False,True,-1,-9.0,-9.0,-1,-9.0,-9.0,-9.0,0.0,23703,10.659576153379383,-5.828171943349819,17.30222,6.0,36.427242,73.42347,0.0,0.0,36.427242,36.427242,0.0,0.0,0.0,1,0,True,No_Telecommute,N,True,,0,0,0,89,1,1,0,0,0,0,0,0,0,197,0,0,1,99,9,1
69,37.0,2.0,1,1,3,1,13,33.0,False,0,True,True,False,100,0.584070721703682,0.7107238553922541,92,services,False,True,-1,-9.0,-9.0,-1,-9.0,-9.0,-9.0,0.0,23062,12.094268350007765,-1.6732537059165942,6.6524286,6.0,17.20919,35.847393,0.0,0.0,17.20919,17.20919,0.0,0.0,0.0,0,0,True,No_Telecommute,M,True,work1,1,1,0,0,0,0,0,0,0,0,0,0,0,199,0,0,1,99,9,1
70,29.0,1.0,2,3,3,4,13,35.0,False,0,False,False,False,100,1.721173720130377,0.7722518743262462,722,services,False,False,-1,-9.0,-9.0,-1,-9.0,-9.0,-9.0,0.0,-1,-9.0,-9.0,-9.0,-9.0,-9.0,0.0,0.0,0.0,0.0,0.0,0.0,0.0,0.0,0,0,False,,N,True,,0,0,0,3,1,0,0,0,0,0,1,0,0,200,0,0,6,20,9,2
70,37.0,2.0,1,1,3,1,13,33.0,False,0,True,True,False,100,0.8427271259169468,0.4423508371872268,92,services,False,True,-1,-9.0,-9.0,-1,-9.0,-9.0,-9.0,0.0,7873,11.44791554217095,-5.2884273848818815,29.158033,3.0,60.026955,118.741974,0.0,0.0,60.026955,60.026955,0.0,0.0,0.0,0,1,False,No_Telecommute,M,True,work2,2,2,0,0,0,0,0,0,0,0,0,0,0,201,0,0,1,99,9,1
71,60.0,1.0,2,3,3,4,13,31.0,False,0,False,False,False,100,1.3428327475562785,0.6830574717224425,62,health,False,False,-1,-9.0,-9.0,-1,-9.0,-9.0,-9.0,0.0,-1,-9.0,-9.0,-9.0,-9.0,-9.0,0.0,0.0,0.0,0.0,0.0,0.0,0.0,0.0,0,0,False,,N,True,,0,0,0,35,1,0,0,1,0,0,0,0,0,202,0,0,5,32,1,1
72,34.0,1.0,1,1,3,1,13,15.0,False,0,True,True,False,100,0.5472019393183358,0.9812645202243496,54,mngt_busi_scic_arts,False,True,-1,-9.0,-9.0,-1,-9.0,-9.0,-9.0,0.0,19244,12.23265626402089,-2.19067511264264,12.958912,6.0,28.43253,56.259438,0.0,0.0,32.384747,28.43253,0.0,0.0,3.952217,0,0,True,No_Telecommute,M,True,work1,1,1,0,0,0,0,0,0,0,0,0,0,0,203,0,0,1,50,9,1
73,30.0,1.0,2,1,3,1,13,43.0,False,0,True,True,False,100,0.5165182924329411,1.4004318959177042,33,sales_office,False,True,-1,-9.0,-9.0,-1,-9.0,-9.0,-9.0,0.0,16355,11.60303995738069,-1.5799767266291505,6.038559,6.0,17.09706,34.46361,0.0,0.0,17.09706,17.09706,0.0,0.0,0.0,0,0,False,No_Telecommute,M,True,work1,1,1,0,0,0,0,0,0,0,0,0,0,0,205,0,0,1,40,9,2
74,28.0,1.0,1,1,3,1,13,35.0,False,0,True,True,False,100,0.942057585489097,1.998357096707784,9000,services,False,True,-1,-9.0,-9.0,-1,-9.0,-9.0,-9.0,0.0,12791,11.154103078841322,-5.230644957777108,23.646395,3.0,50.625015,99.59456,0.0,0.0,50.625015,50.625015,0.0,0.0,0.0,0,0,False,No_Telecommute,N,True,,0,0,0,6,1,0,1,0,0,0,0,0,0,206,1,0,1,50,2,1
75,59.0,1.0,2,3,3,4,13,35.0,False,0,False,False,False,100,0.7641409980033456,0.9796314950982123,722,services,False,False,-1,-9.0,-9.0,-1,-9.0,-9.0,-9.0,0.0,-1,-9.0,-9.0,-9.0,-9.0,-9.0,0.0,0.0,0.0,0.0,0.0,0.0,0.0,0.0,0,1,False,,N,True,,0,0,0,1,1,0,0,0,0,1,0,0,0,209,0,0,1,14,6,1
75,36.0,2.0,2,3,2,3,13,31.0,True,4,False,False,False,100,0.9732193651751307,2.0057088003275974,62,health,False,False,-1,-9.0,-9.0,23114,7.025905790378208,-2.277982519097556,6.9806004,22.00858,-1,-9.0,-9.0,-9.0,-9.0,-9.0,0.0,0.0,0.0,0.0,0.0,0.0,0.0,0.0,0,0,False,,N,True,,0,0,0,7,2,0,1,0,0,1,0,0,0,210,0,6,0,0,9,1
76,29.0,1.0,2,1,3,1,13,11.0,False,0,True,True,False,100,0.4758880490678043,0.558321567865244,9000,mngt_busi_scic_arts,False,True,-1,-9.0,-9.0,-1,-9.0,-9.0,-9.0,0.0,11197,11.707316887583398,-0.4229924542695995,0.9700974,6.0,3.4600549,7.1163607,0.0,6.494,3.4600549,3.4600549,0.0,0.0,0.0,0,0,True,No_Telecommute,M,True,work1,1,1,0,0,0,0,0,0,0,0,0,0,0,211,1,0,1,50,1,2
76,30.0,2.0,1,1,3,1,13,55.0,False,0,True,True,False,100,0.8413557583952616,0.6393121050146285,9000,military,False,True,-1,-9.0,-9.0,-1,-9.0,-9.0,-9.0,0.0,1380,10.33642026686632,-3.0482835080471817,18.33328,6.0,47.512104,100.54799,0.0,0.0,47.512104,47.512104,0.0,0.0,0.0,0,0,True,No_Telecommute,N,True,,0,0,0,12,1,0,0,0,1,0,0,0,0,212,1,0,1,50,1,2
77,23.0,1.0,2,1,3,1,13,33.0,False,0,True,True,False,100,0.977775136173209,2.804931609909989,92,services,False,True,-1,-9.0,-9.0,-1,-9.0,-9.0,-9.0,0.0,19370,10.608998412034827,-3.8365935508775855,14.647748,7.0,27.613308,54.012,0.0,0.294,27.613308,27.613308,0.0,0.0,0.0,0,0,False,2_3_days_week,N,True,,0,0,0,37,3,0,0,1,0,2,0,0,1,213,0,0,1,60,1,1
77,25.0,2.0,2,3,2,3,13,49.0,True,4,False,False,False,100,0.8343068596592862,0.3720863028587265,92,constr_maint,False,False,-1,-9.0,-9.0,19370,6.98482198144037,-2.207645469940055,14.647748,36.292282,-1,-9.0,-9.0,-9.0,-9.0,-9.0,0.0,0.0,0.0,0.0,0.0,0.0,0.0,0.0,0,0,False,,N,True,,0,0,0,1,1,0,0,0,0,1,0,0,0,214,0,6,4,12,1,1
78,56.0,2.0,1,1,3,1,13,49.0,False,0,True,True,False,100,0.5559484458483848,0.8452312871760415,81,constr_maint,False,True,-1,-9.0,-9.0,-1,-9.0,-9.0,-9.0,0.0,20555,10.972067615638778,-2.987189868172257,20.446447,7.0,35.83606,69.92351,0.0,0.0,35.83606,35.300785,0.0,0.0,0.5352745,0,0,False,No_Telecommute,M,True,work1,1,1,0,0,0,0,0,0,0,0,0,0,0,217,0,0,1,40,1,1
78,29.0,3.0,1,3,2,3,13,35.0,True,4,False,False,False,100,0.7102612690662711,0.471860592000512,722,services,False,False,-1,-9.0,-9.0,19370,7.13451350784312,-2.1793470487453632,14.647748,36.292282,-1,-9.0,-9.0,-9.0,-9.0,-9.0,0.0,0.0,0.0,0.0,0.0,0.0,0.0,0.0,0,0,False,,N,True,,0,0,0,41,2,0,1,1,0,0,0,0,0,218,0,6,3,30,1,1
78,27.0,4.0,1,1,3,1,13,13.0,False,0,True,True,False,100,1.4144848320795704,0.8471537364855408,33,mngt_busi_scic_arts,False,True,-1,-9.0,-9.0,-1,-9.0,-9.0,-9.0,0.0,14290,10.603562220758064,-8.260110878885309,28.130796,3.0,58.46944,113.33607,0.0,0.0,58.46944,57.037807,0.0,0.0,1.431633,0,0,True,4_days_week,N,True,,0,0,0,35,1,0,0,1,0,0,0,0,0,219,0,0,1,40,1,1
80,36.0,1.0,2,3,3,4,13,39.0,False,0,False,False,False,100,1.3716276963004044,0.8303945949855657,62,services,False,False,-1,-9.0,-9.0,-1,-9.0,-9.0,-9.0,0.0,-1,-9.0,-9.0,-9.0,-9.0,-9.0,0.0,0.0,0.0,0.0,0.0,0.0,0.0,0.0,0,0,False,,N,True,,0,0,0,24,6,4,0,0,2,0,0,1,0,221,0,0,0,0,9,2
80,37.0,2.0,1,1,3,1,13,55.0,False,0,True,True,False,100,1.8841680496826447,0.3703238690780815,9000,military,False,True,-1,-9.0,-9.0,-1,-9.0,-9.0,-9.0,0.0,9909,8.745525917724432,-6.1007314700266,18.33328,6.0,47.512104,100.54799,0.0,0.0,47.512104,47.512104,0.0,0.0,0.0,0,0,False,No_Telecommute,N,True,,0,0,0,12,2,1,0,0,1,0,0,0,0,222,1,0,1,60,1,1
80,9.0,3.0,1,4,1,7,0,0.0,True,2,False,False,False,100,2.2504187339773085,0.6336857256558083,0,,False,False,-1,-9.0,-9.0,5878,2.897697476019853,0.3908596315239095,9.933168,36.87023,-1,-9.0,-9.0,-9.0,-9.0,-9.0,0.0,0.0,0.0,0.0,0.0,0.0,0.0,0.0,0,0,False,,M,True,school1,1,0,0,89,1,1,0,0,0,0,0,0,0,223,0,2,0,0,9,1
80,8.0,4.0,1,4,1,7,0,0.0,True,2,False,False,False,100,0.5586166725452067,0.8178224103926501,0,,False,False,-1,-9.0,-9.0,16364,4.456394752741578,0.5311846824573044,5.33693,25.297413,-1,-9.0,-9.0,-9.0,-9.0,-9.0,0.0,0.0,0.0,0.0,0.0,0.0,0.0,0.0,0,0,False,,M,True,school1,1,0,0,0,0,0,0,0,0,0,0,0,0,224,0,2,0,0,9,1
80,3.0,5.0,2,4,1,8,0,0.0,True,1,False,False,False,100,0.2671543634705536,0.5565072911456144,0,,False,False,-1,-9.0,-9.0,12534,11.48198929781559,5.3589533837582914,1.5050755,8.900316,-1,-9.0,-9.0,-9.0,-9.0,-9.0,0.0,0.0,0.0,0.0,0.0,0.0,0.0,0.0,0,0,False,,M,True,school1,1,0,0,0,0,0,0,0,0,0,0,0,0,225,0,0,0,0,9,1
80,2.0,6.0,2,4,1,8,0,0.0,True,1,False,False,False,100,0.2236668227750803,0.8960898748083926,0,,False,False,-1,-9.0,-9.0,16674,8.51170627893672,-1.0799520296818077,7.038035,35.0187,-1,-9.0,-9.0,-9.0,-9.0,-9.0,0.0,0.0,0.0,0.0,0.0,0.0,0.0,0.0,0,0,False,,M,True,school2,2,0,0,0,0,0,0,0,0,0,0,0,0,226,0,0,0,0,9,1
81,36.0,1.0,2,3,3,4,13,39.0,False,0,False,False,False,100,0.4987530403503912,1.2156465134833498,62,services,False,False,-1,-9.0,-9.0,-1,-9.0,-9.0,-9.0,0.0,-1,-9.0,-9.0,-9.0,-9.0,-9.0,0.0,0.0,0.0,0.0,0.0,0.0,0.0,0.0,0,0,False,,N,True,,0,0,0,35,4,3,0,1,0,0,0,0,0,227,0,0,0,0,9,2
81,37.0,2.0,1,1,3,1,13,55.0,False,0,True,True,False,100,0.3012834636931469,0.9868171960169512,9000,military,False,True,-1,-9.0,-9.0,-1,-9.0,-9.0,-9.0,0.0,5878,11.271025592989382,-0.9997673071046872,9.933168,6.0,25.308235,55.82447,0.0,0.0,25.308235,25.308235,0.0,0.0,0.0,0,0,True,No_Telecommute,N,True,,0,0,0,35,3,2,0,1,0,0,0,0,0,228,1,0,1,60,1,1
81,9.0,3.0,1,4,1,7,0,0.0,True,2,False,False,False,100,0.549930141738309,0.6970257301528177,0,,False,False,-1,-9.0,-9.0,18578,6.715590153698863,-0.6477137083810284,8.771524,24.744865,-1,-9.0,-9.0,-9.0,-9.0,-9.0,0.0,0.0,0.0,0.0,0.0,0.0,0.0,0.0,0,0,False,,M,True,school1,1,0,0,89,1,1,0,0,0,0,0,0,0,229,0,2,0,0,9,1
81,8.0,4.0,1,4,1,7,0,0.0,True,2,False,False,False,100,0.7552815930155045,1.2115643259767546,0,,False,False,-1,-9.0,-9.0,15852,4.331634078159776,-1.1758721064380386,11.13214,28.131983,-1,-9.0,-9.0,-9.0,-9.0,-9.0,0.0,0.0,0.0,0.0,0.0,0.0,0.0,0.0,0,0,False,,M,True,school1,1,0,0,0,0,0,0,0,0,0,0,0,0,230,0,2,0,0,9,1
81,3.0,5.0,2,4,1,8,0,0.0,True,1,False,False,False,100,1.150051942927,1.0249556596695668,0,,False,False,-1,-9.0,-9.0,15712,7.597684210777635,-1.7280203546102058,12.168427,30.337788,-1,-9.0,-9.0,-9.0,-9.0,-9.0,0.0,0.0,0.0,0.0,0.0,0.0,0.0,0.0,0,0,False,,M,True,school1,1,0,0,0,0,0,0,0,0,0,0,0,0,231,0,0,0,0,9,1
82,61.0,1.0,1,3,3,4,13,0.0,False,0,False,False,False,100,1.6931277824345927,0.7402125163672647,0,,False,False,-1,-9.0,-9.0,-1,-9.0,-9.0,-9.0,0.0,-1,-9.0,-9.0,-9.0,-9.0,-9.0,0.0,0.0,0.0,0.0,0.0,0.0,0.0,0.0,0,0,False,,N,True,,0,0,0,12,1,0,0,0,1,0,0,0,0,233,0,0,0,0,1,1
83,61.0,1.0,1,3,3,4,13,0.0,False,0,False,False,False,100,0.3102229933978853,0.7937404124731967,0,,False,False,-1,-9.0,-9.0,-1,-9.0,-9.0,-9.0,0.0,-1,-9.0,-9.0,-9.0,-9.0,-9.0,0.0,0.0,0.0,0.0,0.0,0.0,0.0,0.0,0,0,False,,N,True,,0,0,0,1,1,0,0,0,0,1,0,0,0,234,0,0,0,0,1,1
84,61.0,1.0,1,3,3,4,13,0.0,False,0,False,False,False,100,0.3973213016228507,1.1837809273608093,0,,False,False,-1,-9.0,-9.0,-1,-9.0,-9.0,-9.0,0.0,-1,-9.0,-9.0,-9.0,-9.0,-9.0,0.0,0.0,0.0,0.0,0.0,0.0,0.0,0.0,0,1,False,,N,True,,0,0,0,3,1,0,0,0,0,0,1,0,0,235,0,0,0,0,1,1
85,35.0,1.0,1,1,3,1,13,55.0,False,0,True,True,False,100,1.5333495796929093,1.062837298897554,9000,military,False,True,-1,-9.0,-9.0,-1,-9.0,-9.0,-9.0,0.0,7369,9.372088918975248,-2.354484985050759,3.0442617,6.0,6.819792,18.373049,0.0,0.0,6.819792,6.819792,0.0,0.0,0.0,1,0,True,1_day_week,M,True,work1,1,1,0,0,0,0,0,0,0,0,0,0,0,236,1,0,1,40,1,1
85,30.0,2.0,2,3,2,3,13,31.0,True,4,False,False,False,100,0.4008242711033018,1.6450152275198775,62,health,False,False,-1,-9.0,-9.0,23114,7.2627418003533,-0.8618027570951261,6.9806004,22.00858,-1,-9.0,-9.0,-9.0,-9.0,-9.0,0.0,0.0,0.0,0.0,0.0,0.0,0.0,0.0,0,1,False,,M,True,school1,1,0,0,0,0,0,0,0,0,0,0,0,0,237,0,6,0,0,1,1
86,31.0,2.0,1,3,2,3,13,47.0,True,4,False,False,False,100,0.4897929348216372,0.4255880129588293,23,constr_maint,False,False,-1,-9.0,-9.0,20261,7.198512703408217,-1.3238733616189884,16.441828,39.064632,-1,-9.0,-9.0,-9.0,-9.0,-9.0,0.0,0.0,0.0,0.0,0.0,0.0,0.0,0.0,0,1,False,,M,True,school1,1,0,0,2,2,0,0,0,0,2,0,0,1,239,0,6,6,30,1,1
87,32.0,1.0,1,1,3,1,13,43.0,False,0,True,True,False,100,1.6719910753698974,1.0248094247569848,62,sales_office,False,True,-1,-9.0,-9.0,-1,-9.0,-9.0,-9.0,0.0,1261,9.986558694717564,-1.1613031178971271,0.48983902,6.0,1.9027148,3.884749,0.0,7.175,1.9027148,1.9027148,0.0,0.0,0.0,0,1,False,No_Telecommute,N,True,,0,0,0,35,1,0,0,1,0,0,0,0,0,241,0,0,1,40,9,2
88,64.0,1.0,1,3,3,4,13,0.0,False,0,False,False,False,100,2.292065579246624,1.078194779951676,0,,False,False,-1,-9.0,-9.0,-1,-9.0,-9.0,-9.0,0.0,-1,-9.0,-9.0,-9.0,-9.0,-9.0,0.0,0.0,0.0,0.0,0.0,0.0,0.0,0.0,0,0,False,,N,True,,0,0,0,66,2,0,0,2,0,0,0,1,0,243,0,0,0,0,1,1
89,26.0,1.0,1,1,3,1,13,49.0,False,0,True,True,False,100,0.9424163147601098,0.3967861550757708,81,constr_maint,False,True,-1,-9.0,-9.0,-1,-9.0,-9.0,-9.0,0.0,23629,10.128983289982582,-6.120291514342088,21.129751,7.0,36.105103,69.81004,0.0,6.545,36.105103,35.85268,0.0,0.0,0.25242233,1,0,False,4_days_week,N,True,,0,0,0,35,1,0,0,1,0,0,0,0,0,244,0,0,1,42,1,1
89,28.0,2.0,2,3,3,4,13,35.0,False,0,False,False,False,100,0.9256745892744674,0.3314599056246321,722,services,False,False,-1,-9.0,-9.0,-1,-9.0,-9.0,-9.0,0.0,-1,-9.0,-9.0,-9.0,-9.0,-9.0,0.0,0.0,0.0,0.0,0.0,0.0,0.0,0.0,0,0,False,,N,True,,0,0,0,6,1,0,1,0,0,0,0,0,0,245,0,0,0,0,1,1
90,58.0,1.0,1,1,3,1,13,11.0,False,0,True,True,False,100,0.350244891623358,0.7088383570275256,42,mngt_busi_scic_arts,False,True,-1,-9.0,-9.0,-1,-9.0,-9.0,-9.0,0.0,5876,12.489816475452292,-3.335937908762366,35.02882,3.0,58.82395,114.52071,0.0,0.0,60.513153,58.82395,0.0,0.0,1.6892014,0,0,True,1_day_week,N,True,,0,0,0,1,1,0,0,0,0,1,0,0,0,246,0,0,1,40,1,1
90,26.0,2.0,1,3,2,3,13,41.0,True,4,False,False,False,100,0.6180147359166495,0.7701864997326654,44,sales_office,False,False,-1,-9.0,-9.0,12534,7.179204057496442,1.071481037036042,1.5050755,8.900316,-1,-9.0,-9.0,-9.0,-9.0,-9.0,0.0,0.0,0.0,0.0,0.0,0.0,0.0,0.0,0,0,False,,M,True,school1,1,0,0,35,1,0,0,1,0,0,0,0,0,247,0,6,0,0,9,2
90,21.0,3.0,2,3,2,3,9,25.0,True,4,False,False,False,100,0.8910290198174042,1.899695742125748,61,services,False,False,-1,-9.0,-9.0,20261,7.048716689170019,-2.47940279510948,16.441828,39.064632,-1,-9.0,-9.0,-9.0,-9.0,-9.0,0.0,0.0,0.0,0.0,0.0,0.0,0.0,0.0,0,1,False,,M,True,school1,1,0,0,0,0,0,0,0,0,0,0,0,0,248,0,6,5,16,9,2
91,58.0,1.0,1,1,3,1,13,11.0,False,0,True,True,False,100,1.1976959535453913,0.8499098828533628,42,mngt_busi_scic_arts,False,True,-1,-9.0,-9.0,-1,-9.0,-9.0,-9.0,0.0,6181,10.8214389098224,-6.352633779986198,21.48532,3.0,45.730167,89.130264,0.0,0.0,46.76021,45.730167,0.0,0.0,1.0300407,0,1,False,No_Telecommute,M,True,work1,1,1,0,0,0,0,0,0,0,0,0,0,0,249,0,0,1,40,1,1
91,26.0,2.0,1,3,2,3,13,41.0,True,4,False,False,False,100,0.4144904024620836,1.1462746003469722,44,sales_office,False,False,-1,-9.0,-9.0,12534,7.305852076513052,1.405202966906675,1.5050755,8.900316,-1,-9.0,-9.0,-9.0,-9.0,-9.0,0.0,0.0,0.0,0.0,0.0,0.0,0.0,0.0,0,0,False,,N,True,,0,0,0,35,1,0,0,1,0,0,0,0,0,250,0,6,0,0,9,2
92,36.0,1.0,1,1,3,1,13,41.0,False,0,True,True,False,100,0.6308465501601327,0.7564425191507783,44,sales_office,False,True,-1,-9.0,-9.0,-1,-9.0,-9.0,-9.0,0.0,20563,11.77172720729698,-3.602585201037355,19.967812,7.0,36.132263,71.26775,0.0,0.0,36.132263,35.91769,0.0,0.0,0.2145729,0,1,False,No_Telecommute,M,True,work1,1,1,0,0,0,0,0,0,0,0,0,0,0,252,0,0,1,50,9,1
93,27.0,1.0,1,1,3,1,13,47.0,False,0,True,True,False,100,1.0705976882948065,1.0011762479308537,23,constr_maint,False,True,-1,-9.0,-9.0,-1,-9.0,-9.0,-9.0,0.0,19500,10.072933651415765,-4.500994100538291,15.311733,7.0,26.495428,50.476986,0.0,0.0,26.495428,26.496855,0.0,0.0,-0.0014266968,0,0,True,4_days_week,N,True,,0,0,0,12,1,0,0,0,1,0,0,0,0,254,0,0,1,40,9,2
93,30.0,2.0,1,1,3,1,13,35.0,False,0,True,True,False,100,1.4278245391908455,0.7599889568488377,722,services,False,True,-1,-9.0,-9.0,-1,-9.0,-9.0,-9.0,0.0,13535,10.44831833179352,-3.0420453476915568,4.231937,6.0,12.504373,24.038242,0.0,0.0,12.504373,11.777485,0.0,0.0,0.7268877,0,1,True,No_Telecommute,N,True,,0,0,0,12,1,0,0,0,1,0,0,0,0,255,0,0,1,40,1,1
93,27.0,3.0,1,1,3,1,13,47.0,False,0,True,True,False,100,0.3167449413835396,0.5801664476798135,22,constr_maint,False,True,-1,-9.0,-9.0,-1,-9.0,-9.0,-9.0,0.0,20695,11.577343980277606,-2.012550578900879,20.87852,7.0,35.67396,69.09328,0.0,0.0,36.40308,35.67396,0.0,0.0,0.72911835,0,0,True,2_3_days_week,M,True,work1,1,1,0,0,0,0,0,0,0,0,0,0,0,256,0,0,1,40,9,2
93,26.0,4.0,1,1,3,1,13,47.0,False,0,True,True,False,100,0.621236469596352,3.993616862923397,23,constr_maint,False,True,-1,-9.0,-9.0,-1,-9.0,-9.0,-9.0,0.0,9109,10.858428802313185,-3.701381158924312,23.182362,3.0,47.721455,94.095276,0.0,0.0,47.721455,47.721455,0.0,0.0,0.0,0,0,True,No_Telecommute,M,True,work1,1,1,0,0,0,0,0,0,0,0,0,0,0,257,0,6,1,40,1,1
94,26.0,1.0,2,1,3,1,13,21.0,False,0,True,True,False,100,1.0110908059777897,0.7890806203778766,62,mngt_busi_scic_arts,False,True,-1,-9.0,-9.0,-1,-9.0,-9.0,-9.0,0.0,20262,10.475255901918588,-4.835589929051043,17.935429,7.0,31.610638,62.396233,0.0,0.0,31.610638,31.610638,0.0,0.0,0.0,0,0,True,1_day_week,N,True,,0,0,0,35,1,0,0,1,0,0,0,0,0,258,0,6,1,35,1,1
95,30.0,1.0,2,3,3,4,13,0.0,False,0,False,False,False,100,0.8499601171206805,2.017597533665301,0,,False,False,-1,-9.0,-9.0,-1,-9.0,-9.0,-9.0,0.0,-1,-9.0,-9.0,-9.0,-9.0,-9.0,0.0,0.0,0.0,0.0,0.0,0.0,0.0,0.0,0,0,False,,N,True,,0,0,0,13,2,0,0,0,1,1,0,0,0,260,0,0,0,0,1,2
96,22.0,1.0,2,1,3,1,13,43.0,False,0,True,False,True,100,0.3012945815624086,0.5357370765922667,52,sales_office,False,True,24333,5.296243610653295,-1.7275370777608152,-1,-9.0,-9.0,-9.0,0.0,24333,5.296243610653295,-1.7275370777608152,19.905638,-9.0,20.289734,39.26659,0.0,0.0,0.0,0.0,0.0,0.0,0.0,0,0,False,2_3_days_week,M,True,work1,1,1,0,0,0,0,0,0,0,0,0,0,0,262,0,6,1,35,1,1
96,29.0,2.0,1,1,3,1,13,43.0,False,0,True,True,False,100,1.0635119258917434,1.23678673079316,49,sales_office,False,True,-1,-9.0,-9.0,-1,-9.0,-9.0,-9.0,0.0,18857,10.94001602845609,-3.515549218693616,8.649861,6.0,23.410618,43.8409,0.0,0.0,23.5667,23.144012,0.0,0.0,0.42268753,0,0,False,4_days_week,N,True,,0,0,0,30,3,0,1,0,2,0,0,1,0,263,0,6,4,40,2,1
96,26.0,3.0,1,3,3,4,13,41.0,False,0,False,False,False,100,3.291304766962741,0.8277991210820708,54,sales_office,False,False,-1,-9.0,-9.0,-1,-9.0,-9.0,-9.0,0.0,-1,-9.0,-9.0,-9.0,-9.0,-9.0,0.0,0.0,0.0,0.0,0.0,0.0,0.0,0.0,0,1,False,,N,True,,0,0,0,35,1,0,0,1,0,0,0,0,0,264,0,0,3,30,1,1
97,59.0,1.0,2,3,3,4,13,0.0,False,0,False,False,False,100,0.5172502250659676,3.356283658471661,0,,False,False,-1,-9.0,-9.0,-1,-9.0,-9.0,-9.0,0.0,-1,-9.0,-9.0,-9.0,-9.0,-9.0,0.0,0.0,0.0,0.0,0.0,0.0,0.0,0.0,0,0,False,,N,True,,0,0,0,1,1,0,0,0,0,1,0,0,0,265,0,0,0,0,1,1
98,37.0,1.0,2,3,3,4,13,43.0,False,0,False,False,False,100,0.1798979362697501,0.7076233429816109,71,sales_office,False,False,-1,-9.0,-9.0,-1,-9.0,-9.0,-9.0,0.0,-1,-9.0,-9.0,-9.0,-9.0,-9.0,0.0,0.0,0.0,0.0,0.0,0.0,0.0,0.0,0,1,False,,N,True,,0,0,1,0,0,0,0,0,1,0,0,0,0,266,0,0,0,0,1,1
98,5.0,2.0,2,4,1,8,0,0.0,True,1,False,False,False,100,0.2271848235636158,0.6199234920846597,0,,False,False,-1,-9.0,-9.0,23917,24.81901637162563,35.87621803138668,3.2714825,17.321426,-1,-9.0,-9.0,-9.0,-9.0,-9.0,0.0,0.0,0.0,0.0,0.0,0.0,0.0,0.0,0,0,False,,M,True,school1,1,0,1,0,0,0,0,0,0,0,0,0,0,267,0,0,0,0,9,1
98,1.0,4.0,1,4,1,8,0,0.0,True,1,False,False,False,100,0.7554350443302897,1.5926153520124222,0,,False,False,-1,-9.0,-9.0,16051,25.20179979066553,34.3339430465648,4.739984,14.554148,-1,-9.0,-9.0,-9.0,-9.0,-9.0,0.0,0.0,0.0,0.0,0.0,0.0,0.0,0.0,0,0,False,,N,True,,0,0,1,3,1,0,0,0,0,0,1,0,0,269,0,0,0,0,1,1
99,36.0,1.0,1,1,3,1,13,13.0,False,0,True,True,False,100,0.8902986959815831,1.7324285457224229,62,mngt_busi_scic_arts,False,True,-1,-9.0,-9.0,-1,-9.0,-9.0,-9.0,0.0,19086,11.47619339621188,-3.2199204368685974,11.050661,6.0,25.230629,51.334457,0.0,0.0,28.160604,25.230629,0.0,0.0,2.9299755,0,0,False,No_Telecommute,N,True,,0,0,0,1,1,0,0,0,0,1,0,0,0,270,0,0,1,40,1,2
99,32.0,2.0,2,1,3,1,13,11.0,False,0,True,True,False,100,0.4783141652107984,0.9250366867049392,32,mngt_busi_scic_arts,False,True,-1,-9.0,-9.0,-1,-9.0,-9.0,-9.0,0.0,20863,11.788686817290936,-2.763113768408667,21.219547,7.0,35.92598,70.016815,0.0,8.172,35.92598,35.92598,0.0,0.0,0.0,0,1,False,No_Telecommute,N,True,,0,0,0,12,1,0,0,0,1,0,0,0,0,271,0,0,1,40,5,2
100,30.0,2.0,2,2,3,2,13,35.0,False,0,True,True,False,100,0.91272151045702,0.2364149596736637,722,services,False,True,-1,-9.0,-9.0,-1,-9.0,-9.0,-9.0,0.0,6527,9.895902904314456,-1.0059388496892547,1.0716645,6.0,3.7832134,7.9570894,0.0,7.839,3.7832134,3.7832134,0.0,0.0,0.0,0,0,False,No_Telecommute,N,True,,0,0,0,0,2,2,0,0,0,0,0,0,0,273,0,0,6,24,1,1
100,14.0,3.0,2,4,1,7,0,0.0,True,2,False,False,False,100,0.7254941162911256,3.635997549315515,0,,False,False,-1,-9.0,-9.0,15512,2.6693080562412588,-3.2176669305356214,17.002052,39.34858,-1,-9.0,-9.0,-9.0,-9.0,-9.0,0.0,0.0,0.0,0.0,0.0,0.0,0.0,0.0,0,0,False,,M,True,school1,1,0,0,0,0,0,0,0,0,0,0,0,0,274,0,2,0,0,9,2
101,29.0,1.0,1,1,3,1,13,55.0,False,0,True,True,False,100,0.8899520425122808,1.3014564187448987,9000,military,False,True,-1,-9.0,-9.0,-1,-9.0,-9.0,-9.0,0.0,5878,9.89763824468325,-2.3791908976035265,9.933168,6.0,25.308235,55.82447,0.0,0.0,25.308235,25.308235,0.0,0.0,0.0,0,0,True,No_Telecommute,M,True,work2,2,2,0,0,1,1,0,0,0,0,0,0,0,278,1,0,1,50,9,2
101,30.0,2.0,2,2,3,2,13,35.0,False,0,True,True,False,100,0.7646127004388255,2.908304746511314,722,services,False,True,-1,-9.0,-9.0,-1,-9.0,-9.0,-9.0,0.0,19278,10.095949331737438,-2.6892142003560053,11.540081,6.0,23.661716,47.577705,0.0,0.0,23.661716,23.661716,0.0,0.0,0.0,0,0,True,No_Telecommute,M,True,work1,1,1,0,0,0,0,0,0,0,0,0,0,0,279,0,0,6,24,1,1
101,14.0,3.0,2,4,1,7,0,0.0,True,2,False,False,False,100,0.339644569857287,0.5476235417860874,0,,False,False,-1,-9.0,-9.0,11793,7.266262937292359,5.432650259839352,1.1491835,8.765608,-1,-9.0,-9.0,-9.0,-9.0,-9.0,0.0,0.0,0.0,0.0,0.0,0.0,0.0,0.0,0,0,False,,M,True,school1,1,0,0,0,0,0,0,0,0,0,0,0,0,280,0,2,0,0,9,2
101,4.0,4.0,2,4,1,8,0,0.0,True,1,False,False,False,100,1.5233252762665712,0.7583145146638735,0,,False,False,-1,-9.0,-9.0,821,10.277260861753764,4.737143901560898,0.7623371,4.943638,-1,-9.0,-9.0,-9.0,-9.0,-9.0,0.0,0.0,0.0,0.0,0.0,0.0,0.0,0.0,0,0,False,,M,True,school1,1,0,0,0,0,0,0,0,0,0,0,0,0,281,0,0,0,0,9,2
101,2.0,5.0,2,4,1,8,0,0.0,True,1,False,False,False,100,0.5616668021318969,0.921833527535432,0,,False,False,-1,-9.0,-9.0,16195,7.979670145251412,-1.1600548311436427,6.4559927,18.821072,-1,-9.0,-9.0,-9.0,-9.0,-9.0,0.0,0.0,0.0,0.0,0.0,0.0,0.0,0.0,0,0,False,,M,True,school1,1,0,0,0,0,0,0,0,0,0,0,0,0,282,0,0,0,0,9,2
102,40.0,1.0,2,1,3,1,13,11.0,False,0,True,False,False,100,2.355841741987282,1.243202507127272,54,mngt_busi_scic_arts,True,False,-1,-9.0,-9.0,-1,-9.0,-9.0,-9.0,0.0,-1,-9.0,-9.0,-9.0,-9.0,-9.0,0.0,0.0,0.0,0.0,0.0,0.0,0.0,0.0,0,0,False,,N,True,,0,0,0,24,2,0,0,0,2,0,0,1,0,284,0,0,1,60,9,1
102,32.0,2.0,1,3,3,4,13,25.0,False,0,False,False,False,100,0.2516327389840991,0.5337769030047118,61,services,False,False,-1,-9.0,-9.0,-1,-9.0,-9.0,-9.0,0.0,-1,-9.0,-9.0,-9.0,-9.0,-9.0,0.0,0.0,0.0,0.0,0.0,0.0,0.0,0.0,0,0,False,,N,True,,0,0,0,14,3,0,0,0,1,2,0,0,1,285,0,0,6,40,1,1
103,40.0,1.0,2,1,3,1,13,11.0,False,0,True,True,False,100,1.2996767168041965,1.0452325015271462,54,mngt_busi_scic_arts,False,True,-1,-9.0,-9.0,-1,-9.0,-9.0,-9.0,0.0,17735,9.866188848721473,-5.925021640463375,20.130926,7.0,44.107147,84.45833,0.0,0.0,44.107147,44.0579,0.0,0.0,0.04924774,0,0,False,No_Telecommute,N,True,,0,0,1,1,1,0,0,0,0,2,0,0,1,287,0,0,1,60,9,1
103,32.0,2.0,1,3,3,4,13,25.0,False,0,False,False,False,100,0.2273526640648668,1.5318625898776934,61,services,False,False,-1,-9.0,-9.0,-1,-9.0,-9.0,-9.0,0.0,-1,-9.0,-9.0,-9.0,-9.0,-9.0,0.0,0.0,0.0,0.0,0.0,0.0,0.0,0.0,0,0,False,,N,True,,0,0,1,35,1,0,0,1,0,0,0,0,0,288,0,0,6,40,1,1
104,35.0,1.0,1,1,3,1,13,51.0,False,0,True,True,False,100,1.1787923521973809,0.685410452357343,9000,prod_trans_move,False,True,-1,-9.0,-9.0,-1,-9.0,-9.0,-9.0,0.0,20325,10.693389247659546,-6.217486736803275,19.710674,7.0,35.47897,69.89174,0.0,0.0,35.47897,35.2644,0.0,0.0,0.21456909,0,0,False,No_Telecommute,M,True,work1,1,1,0,0,0,0,0,0,0,0,0,0,0,290,1,0,1,50,9,1
104,33.0,2.0,2,3,3,4,13,43.0,False,0,False,False,False,100,0.997808436937832,0.7923070676369701,44,sales_office,False,False,-1,-9.0,-9.0,-1,-9.0,-9.0,-9.0,0.0,-1,-9.0,-9.0,-9.0,-9.0,-9.0,0.0,0.0,0.0,0.0,0.0,0.0,0.0,0.0,0,0,False,,N,True,,0,0,0,12,1,0,0,0,1,0,0,0,0,291,0,0,4,25,1,1
105,60.0,1.0,2,2,3,2,13,29.0,False,0,True,True,False,100,1.5099086028847089,1.1140294041484615,62,health,False,True,-1,-9.0,-9.0,-1,-9.0,-9.0,-9.0,0.0,1276,8.602885312643444,-0.2528210647223286,0.18573597,6.0,0.5977014,1.1957804,0.0,6.754,0.5977014,0.5977014,0.0,0.0,0.0,0,0,False,No_Telecommute,N,True,,0,0,1,12,1,0,0,1,1,0,0,1,0,292,0,0,4,16,1,2
105,30.0,2.0,2,3,3,4,13,0.0,False,0,False,False,False,100,0.3914406162454136,0.6883854912810475,0,,False,False,-1,-9.0,-9.0,-1,-9.0,-9.0,-9.0,0.0,-1,-9.0,-9.0,-9.0,-9.0,-9.0,0.0,0.0,0.0,0.0,0.0,0.0,0.0,0.0,0,0,False,,N,True,,0,0,0,58,3,0,0,1,2,0,0,2,0,293,0,0,0,0,1,2
106,64.0,1.0,2,3,3,4,13,0.0,False,0,False,False,False,100,0.8825036895361195,0.554187491804126,0,,False,False,-1,-9.0,-9.0,-1,-9.0,-9.0,-9.0,0.0,-1,-9.0,-9.0,-9.0,-9.0,-9.0,0.0,0.0,0.0,0.0,0.0,0.0,0.0,0.0,0,1,False,,N,True,,0,0,0,1,1,0,0,0,0,1,0,0,0,295,0,0,0,0,1,1
107,63.0,1.0,1,3,3,4,13,0.0,False,0,False,False,False,100,1.8467550063414715,0.6159327920545439,0,,False,False,-1,-9.0,-9.0,-1,-9.0,-9.0,-9.0,0.0,-1,-9.0,-9.0,-9.0,-9.0,-9.0,0.0,0.0,0.0,0.0,0.0,0.0,0.0,0.0,0,0,False,,N,True,,0,0,0,12,1,0,0,0,1,0,0,0,0,296,0,0,0,0,1,1
108,73.0,1.0,1,3,3,5,13,0.0,False,0,False,False,False,100,0.7346604303466426,0.6805107386158912,0,,False,False,-1,-9.0,-9.0,-1,-9.0,-9.0,-9.0,0.0,-1,-9.0,-9.0,-9.0,-9.0,-9.0,0.0,0.0,0.0,0.0,0.0,0.0,0.0,0.0,0,0,False,,N,True,,0,0,0,24,2,0,0,0,2,0,0,1,0,298,0,0,0,0,1,1
109,71.0,1.0,1,3,3,5,13,0.0,False,0,False,False,False,100,0.961377357643764,1.3221039349275734,0,,False,False,-1,-9.0,-9.0,-1,-9.0,-9.0,-9.0,0.0,-1,-9.0,-9.0,-9.0,-9.0,-9.0,0.0,0.0,0.0,0.0,0.0,0.0,0.0,0.0,0,0,False,,N,True,,0,0,0,89,1,1,0,0,0,0,0,0,0,299,0,0,0,0,9,2
111,21.0,1.0,1,1,3,1,9,55.0,False,0,True,True,False,100,0.6333858542398656,0.6527714164081296,9000,military,False,True,-1,-9.0,-9.0,-1,-9.0,-9.0,-9.0,0.0,5878,10.077230100820485,-2.215505034847613,9.933168,6.0,25.308235,55.82447,0.0,0.0,25.308235,25.308235,0.0,0.0,0.0,0,0,False,No_Telecommute,N,True,,0,0,0,24,2,0,0,0,2,0,0,1,0,301,1,0,1,42,9,2
112,64.0,1.0,2,2,3,2,13,21.0,False,0,True,True,False,165,0.8248459522104236,1.0507561146682074,81,mngt_busi_scic_arts,False,True,-1,-9.0,-9.0,-1,-9.0,-9.0,-9.0,0.0,5313,9.755909137176245,-0.5281834179259666,0.9830477,6.0,2.7043233,6.2881355,0.0,0.0,2.7043233,2.7043233,0.0,0.0,0.0,0,1,True,No_Telecommute,N,True,,0,0,0,12,1,0,0,0,1,0,0,0,0,304,0,0,1,15,9,2
112,29.0,2.0,1,1,3,1,13,41.0,False,0,True,True,False,165,0.3108643903041273,1.3358256445491927,44,sales_office,False,True,-1,-9.0,-9.0,-1,-9.0,-9.0,-9.0,0.0,19750,12.718155321586552,-1.686698012989338,14.840654,7.0,27.555574,52.583817,0.0,0.0,27.555574,27.555574,0.0,0.0,0.0,0,0,True,No_Telecommute,M,True,work1,1,1,0,0,0,0,0,0,0,0,0,0,0,305,0,0,1,40,9,2
112,62.0,3.0,2,3,3,4,13,0.0,False,0,False,False,False,165,1.2641595520712234,0.5397855481453858,0,,False,False,-1,-9.0,-9.0,-1,-9.0,-9.0,-9.0,0.0,-1,-9.0,-9.0,-9.0,-9.0,-9.0,0.0,0.0,0.0,0.0,0.0,0.0,0.0,0.0,0,1,False,,N,True,,0,0,0,89,1,1,0,0,0,0,0,0,0,306,0,0,0,0,9,2
113,60.0,1.0,2,3,3,4,13,53.0,False,0,False,False,False,165,0.3431616108831888,1.54209287795201,42,prod_trans_move,False,False,-1,-9.0,-9.0,-1,-9.0,-9.0,-9.0,0.0,-1,-9.0,-9.0,-9.0,-9.0,-9.0,0.0,0.0,0.0,0.0,0.0,0.0,0.0,0.0,0,0,False,,N,True,,0,0,0,2,3,0,0,0,0,3,0,0,2,307,0,0,0,0,1,1
113,58.0,2.0,1,1,3,1,13,13.0,False,0,True,True,False,165,0.4856192658578014,0.5263576930551694,51,mngt_busi_scic_arts,False,True,-1,-9.0,-9.0,-1,-9.0,-9.0,-9.0,0.0,8744,12.100857178695833,-3.572841106999983,29.639488,3.0,53.50596,103.46178,0.0,0.0,53.50596,52.783157,0.9624136,25.000002,0.7228012,0,1,True,2_3_days_week,N,True,,0,0,0,1,1,0,0,0,0,1,0,0,0,308,0,0,1,45,1,1
113,25.0,3.0,1,3,2,3,13,35.0,True,4,False,False,False,165,0.6265847345596541,0.7057691773449903,722,services,False,False,-1,-9.0,-9.0,23114,7.159587046103204,-1.1597437751123862,6.9806004,22.00858,-1,-9.0,-9.0,-9.0,-9.0,-9.0,0.0,0.0,0.0,0.0,0.0,0.0,0.0,0.0,0,1,False,,N,True,,0,0,0,36,2,0,0,1,0,1,0,0,0,309,0,6,3,32,1,1
114,34.0,1.0,2,1,3,1,13,41.0,False,0,True,True,False,165,1.9024961632208703,2.1865104575800043,33,sales_office,False,True,-1,-9.0,-9.0,-1,-9.0,-9.0,-9.0,0.0,6647,9.94916662714624,-1.707417469062655,1.0716645,6.0,3.7832134,7.9570894,0.0,7.826,3.7832134,3.7832134,0.0,0.0,0.0,0,0,False,No_Telecommute,M,True,work1,1,1,0,0,1,1,0,0,0,0,0,0,0,310,0,0,1,40,1,2
114,16.0,2.0,2,3,1,6,0,0.0,True,3,False,False,False,165,0.9109606343949036,0.5469317610469075,0,,False,False,-1,-9.0,-9.0,7004,10.835461632685492,5.355706071276072,0.18573597,1.19381,-1,-9.0,-9.0,-9.0,-9.0,-9.0,0.0,0.0,0.0,0.0,0.0,0.0,0.0,0.0,0,0,False,,M,True,school1,1,0,0,0,0,0,0,0,0,0,0,0,0,311,0,5,0,0,1,2
114,15.0,3.0,2,4,1,7,0,0.0,True,3,False,False,False,165,0.367822653868629,0.6413310902122005,0,,False,False,-1,-9.0,-9.0,7004,11.21265378194798,6.854346170280636,0.18573597,1.19381,-1,-9.0,-9.0,-9.0,-9.0,-9.0,0.0,0.0,0.0,0.0,0.0,0.0,0.0,0.0,0,0,False,,M,True,school1,1,0,0,0,0,0,0,0,0,0,0,0,0,312,0,5,0,0,1,2
114,14.0,4.0,2,4,1,7,0,0.0,True,2,False,False,False,165,0.1592675279702362,0.4068429614555197,0,,False,False,-1,-9.0,-9.0,23700,7.535321634730064,-1.647252304014749,17.493832,41.19639,-1,-9.0,-9.0,-9.0,-9.0,-9.0,0.0,0.0,0.0,0.0,0.0,0.0,0.0,0.0,0,0,False,,M,True,school1,1,0,0,0,0,0,0,0,0,0,0,0,0,313,0,5,0,0,1,2
114,12.0,5.0,1,4,1,7,0,0.0,True,2,False,False,False,165,0.6743281208122442,1.2922929731771895,0,,False,False,-1,-9.0,-9.0,16045,7.289602147992777,0.5066140804516513,4.772188,16.933733,-1,-9.0,-9.0,-9.0,-9.0,-9.0,0.0,0.0,0.0,0.0,0.0,0.0,0.0,0.0,0,0,False,,M,True,school1,1,0,0,0,0,0,0,0,0,0,0,0,0,314,0,2,0,0,1,2
114,8.0,6.0,1,4,1,7,0,0.0,True,2,False,False,False,165,0.9170313569451092,0.6683712405162632,0,,False,False,-1,-9.0,-9.0,7211,7.042235989751727,5.664185864478899,0.605197,4.3422327,-1,-9.0,-9.0,-9.0,-9.0,-9.0,0.0,0.0,0.0,0.0,0.0,0.0,0.0,0.0,0,0,False,,M,True,school2,2,0,0,0,0,0,0,0,0,0,0,0,0,315,0,2,0,0,1,2
115,34.0,1.0,1,1,3,1,13,41.0,False,0,True,True,False,165,1.9192326772725148,0.9087952881661572,42,sales_office,False,True,-1,-9.0,-9.0,-1,-9.0,-9.0,-9.0,0.0,735,9.670445356940894,-13.678764524620188,42.201504,2.0,65.33104,128.17926,0.0,0.0,65.33104,64.89578,0.0,0.0,0.43525696,0,0,True,No_Telecommute,N,True,,0,0,0,156,4,4,0,0,0,0,0,0,0,316,0,0,1,50,1,1
115,32.0,2.0,2,3,3,4,13,31.0,False,0,False,False,False,165,1.2877811897448808,1.8254846673276892,62,health,False,False,-1,-9.0,-9.0,-1,-9.0,-9.0,-9.0,0.0,-1,-9.0,-9.0,-9.0,-9.0,-9.0,0.0,0.0,0.0,0.0,0.0,0.0,0.0,0.0,0,0,False,,N,True,,0,0,1,0,0,0,1,0,0,0,0,0,0,317,0,0,0,0,1,1
115,2.0,4.0,1,4,1,8,0,0.0,True,1,False,False,False,165,0.4218594772314043,0.7035776171006195,0,,False,False,-1,-9.0,-9.0,23017,10.346004999266585,1.4155989808071148,6.74809,20.269062,-1,-9.0,-9.0,-9.0,-9.0,-9.0,0.0,0.0,0.0,0.0,0.0,0.0,0.0,0.0,0,0,False,,N,True,,0,0,1,92,2,1,0,0,0,0,1,0,0,319,0,0,0,0,1,1
118,35.0,1.0,2,3,3,4,13,0.0,False,0,False,False,False,165,0.8798909437477261,0.9576558425697383,0,,False,False,-1,-9.0,-9.0,-1,-9.0,-9.0,-9.0,0.0,-1,-9.0,-9.0,-9.0,-9.0,-9.0,0.0,0.0,0.0,0.0,0.0,0.0,0.0,0.0,0,0,False,,N,True,,0,0,0,35,4,3,0,1,0,0,0,0,0,324,0,0,0,0,1,1
118,15.0,2.0,2,4,1,7,0,0.0,True,3,False,False,False,165,1.608438571285277,0.5885880015128288,0,,False,False,-1,-9.0,-9.0,7004,18.87438809365027,36.90389089128264,0.18573597,1.19381,-1,-9.0,-9.0,-9.0,-9.0,-9.0,0.0,0.0,0.0,0.0,0.0,0.0,0.0,0.0,0,0,False,,M,True,school1,1,0,0,0,0,0,0,0,0,0,0,0,0,325,0,5,0,0,1,1
118,12.0,3.0,1,4,1,7,0,0.0,True,2,False,False,False,165,0.5968122359216441,0.4559960053083338,0,,False,False,-1,-9.0,-9.0,23872,18.325770480975905,35.86690170447473,1.3371154,9.250225,-1,-9.0,-9.0,-9.0,-9.0,-9.0,0.0,0.0,0.0,0.0,0.0,0.0,0.0,0.0,0,0,False,,M,True,school1,1,0,0,0,0,0,0,0,0,0,0,0,0,326,0,2,0,0,1,1
118,10.0,4.0,2,4,1,7,0,0.0,True,2,False,False,False,165,0.4303710637766786,1.0979496059923046,0,,False,False,-1,-9.0,-9.0,16315,18.302444807665804,35.02501698458838,5.142198,23.734894,-1,-9.0,-9.0,-9.0,-9.0,-9.0,0.0,0.0,0.0,0.0,0.0,0.0,0.0,0.0,0,0,False,,M,True,school1,1,0,0,0,0,0,0,0,0,0,0,0,0,327,0,2,0,0,1,1
118,4.0,5.0,2,4,1,8,0,0.0,True,1,False,False,False,165,3.3822504397693915,0.3343428387839867,0,,False,False,-1,-9.0,-9.0,1217,26.0807669503262,35.20253860385525,0.6174197,4.0103073,-1,-9.0,-9.0,-9.0,-9.0,-9.0,0.0,0.0,0.0,0.0,0.0,0.0,0.0,0.0,0,0,False,,M,True,school1,1,0,0,1,1,0,0,0,0,1,0,0,0,328,0,0,0,0,1,1
119,56.0,1.0,2,2,3,2,13,37.0,False,0,True,True,False,165,0.2915247510765264,0.7553332754532796,81,services,False,True,-1,-9.0,-9.0,-1,-9.0,-9.0,-9.0,0.0,24031,10.511036979216748,-0.7880979118821231,3.6510377,6.0,11.642874,24.286104,0.0,0.0,11.642874,11.642874,0.0,0.0,0.0,0,0,True,No_Telecommute,N,True,,0,0,0,1,1,0,0,0,0,1,0,0,0,330,0,0,2,30,1,2
119,57.0,2.0,1,3,3,4,13,0.0,False,0,False,False,False,165,0.7875076007023862,0.5080228925484498,0,,False,False,-1,-9.0,-9.0,-1,-9.0,-9.0,-9.0,0.0,-1,-9.0,-9.0,-9.0,-9.0,-9.0,0.0,0.0,0.0,0.0,0.0,0.0,0.0,0.0,0,0,False,,N,True,,0,0,0,1,1,0,0,0,0,1,0,0,0,331,0,0,0,0,1,2
119,26.0,3.0,1,3,3,4,13,99.0,False,0,False,False,False,165,0.6657837188876963,0.4213893184445732,99,,False,False,-1,-9.0,-9.0,-1,-9.0,-9.0,-9.0,0.0,-1,-9.0,-9.0,-9.0,-9.0,-9.0,0.0,0.0,0.0,0.0,0.0,0.0,0.0,0.0,0,0,False,,N,True,,0,0,0,12,1,0,0,0,1,0,0,0,0,332,0,0,0,0,1,2
120,56.0,1.0,2,2,3,2,13,37.0,False,0,True,True,False,165,1.2325197285028553,0.9641364619796068,81,services,False,True,-1,-9.0,-9.0,-1,-9.0,-9.0,-9.0,0.0,16133,9.538952479369268,-2.3296026456161845,3.0769155,6.0,10.077836,20.92308,0.0,0.0,10.077836,10.077836,0.0,0.0,0.0,0,1,False,No_Telecommute,N,True,,0,0,1,6,1,0,2,0,0,0,0,0,0,333,0,0,2,30,1,2
120,57.0,2.0,1,3,3,4,13,0.0,False,0,False,False,False,165,0.522622123460612,0.4913299416104658,0,,False,False,-1,-9.0,-9.0,-1,-9.0,-9.0,-9.0,0.0,-1,-9.0,-9.0,-9.0,-9.0,-9.0,0.0,0.0,0.0,0.0,0.0,0.0,0.0,0.0,0,1,False,,N,True,,0,0,0,89,1,1,0,0,0,0,0,0,0,334,0,0,0,0,1,2
121,62.0,1.0,1,1,3,1,13,41.0,False,0,True,False,False,165,3.844835512172035,0.8599973946517938,52,sales_office,True,False,-1,-9.0,-9.0,-1,-9.0,-9.0,-9.0,0.0,-1,-9.0,-9.0,-9.0,-9.0,-9.0,0.0,0.0,0.0,0.0,0.0,0.0,0.0,0.0,0,0,False,,N,True,,0,0,1,24,2,0,0,0,2,1,0,1,0,336,0,0,1,50,1,2
121,61.0,2.0,2,3,3,4,13,0.0,False,0,False,False,False,165,0.541162296878711,0.6223879169732578,0,,False,False,-1,-9.0,-9.0,-1,-9.0,-9.0,-9.0,0.0,-1,-9.0,-9.0,-9.0,-9.0,-9.0,0.0,0.0,0.0,0.0,0.0,0.0,0.0,0.0,0,1,False,,N,True,,0,0,1,35,1,0,0,1,0,0,0,0,0,337,0,0,0,0,1,2
122,59.0,1.0,1,3,3,4,13,43.0,False,0,False,False,False,165,1.734401148846433,0.4507751270528028,49,sales_office,False,False,-1,-9.0,-9.0,-1,-9.0,-9.0,-9.0,0.0,-1,-9.0,-9.0,-9.0,-9.0,-9.0,0.0,0.0,0.0,0.0,0.0,0.0,0.0,0.0,0,0,False,,N,True,,0,0,0,35,1,0,0,1,0,0,0,0,0,338,0,0,5,40,1,1
122,61.0,2.0,2,3,3,4,13,0.0,False,0,False,False,False,165,0.2133449145899307,1.4362246881949543,0,,False,False,-1,-9.0,-9.0,-1,-9.0,-9.0,-9.0,0.0,-1,-9.0,-9.0,-9.0,-9.0,-9.0,0.0,0.0,0.0,0.0,0.0,0.0,0.0,0.0,0,0,False,,N,True,,0,0,0,1,1,0,0,0,0,1,0,0,0,339,0,0,0,0,1,1
123,28.0,1.0,1,1,3,1,13,13.0,False,0,True,True,False,165,1.0591647837593432,0.7056760337840332,9000,mngt_busi_scic_arts,False,True,-1,-9.0,-9.0,-1,-9.0,-9.0,-9.0,0.0,19964,10.628095402994983,-6.167236074408591,20.802675,7.0,35.004646,68.33167,0.0,6.592,35.004646,34.989292,0.0,0.0,0.0153541565,0,0,False,No_Telecommute,M,True,work1,1,1,0,0,0,0,0,0,0,0,0,0,0,340,1,0,1,60,9,2
123,28.0,2.0,2,1,3,1,13,25.0,False,0,True,True,False,165,0.8665038729411051,3.0732040911465712,61,services,False,True,-1,-9.0,-9.0,-1,-9.0,-9.0,-9.0,0.0,20533,10.57817287966056,-4.883309575845805,20.626328,7.0,35.174305,68.78488,0.0,0.0,35.174305,34.65635,0.0,0.0,0.5179558,0,0,True,No_Telecommute,N,True,,0,0,0,12,1,0,0,0,1,0,0,0,0,341,0,0,1,40,9,2
124,59.0,1.0,1,1,3,1,13,47.0,False,0,True,True,False,165,0.5946469266282799,2.0000955420456745,23,constr_maint,False,True,-1,-9.0,-9.0,-1,-9.0,-9.0,-9.0,0.0,20529,10.801860857622694,-3.5668125017487937,20.626328,7.0,35.174305,68.78488,0.0,0.0,35.174305,34.65635,0.0,0.0,0.5179558,0,1,True,2_3_days_week,M,True,work1,1,1,0,0,0,0,0,0,0,0,0,0,0,342,0,0,1,40,8,2
124,64.0,2.0,2,3,3,4,13,45.0,False,0,False,False,False,165,0.5360937226299485,0.497284379172191,11,constr_maint,False,False,-1,-9.0,-9.0,-1,-9.0,-9.0,-9.0,0.0,-1,-9.0,-9.0,-9.0,-9.0,-9.0,0.0,0.0,0.0,0.0,0.0,0.0,0.0,0.0,0,0,False,,N,True,,0,0,0,59,4,0,0,1,2,1,0,2,0,343,0,0,6,25,8,2
125,61.0,1.0,2,1,3,1,13,11.0,False,0,True,True,False,165,0.5795509813638111,0.9854025589515572,62,mngt_busi_scic_arts,False,True,-1,-9.0,-9.0,-1,-9.0,-9.0,-9.0,0.0,2959,11.493263665124449,-4.246725600803116,29.132738,3.0,60.937386,119.01401,0.0,5.1,68.70807,60.937386,0.0,0.0,7.7706833,0,0,False,No_Telecommute,M,True,work1,1,1,0,35,1,0,0,1,0,0,0,0,0,345,0,0,1,50,8,2
126,71.0,1.0,1,3,3,5,13,0.0,False,0,False,False,False,218,0.5187420322631102,0.8054041221319244,0,,False,False,-1,-9.0,-9.0,-1,-9.0,-9.0,-9.0,0.0,-1,-9.0,-9.0,-9.0,-9.0,-9.0,0.0,0.0,0.0,0.0,0.0,0.0,0.0,0.0,0,0,False,,N,True,,0,0,1,1,1,0,0,1,0,1,0,0,0,347,0,0,0,0,8,2
127,34.0,1.0,2,1,3,1,13,41.0,False,0,True,True,False,218,1.1570483404588197,0.7137571887530993,33,sales_office,False,True,-1,-9.0,-9.0,-1,-9.0,-9.0,-9.0,0.0,16289,10.75200050517467,-1.6806226902893828,5.4526076,6.0,12.836707,25.896053,0.0,0.0,14.039199,12.836707,0.0,0.0,1.2024918,0,0,True,No_Telecommute,M,True,work2,2,2,0,89,2,2,0,0,0,0,0,0,0,349,0,0,1,40,1,2
127,16.0,2.0,2,3,1,6,0,0.0,True,3,False,False,False,218,0.6356686009691374,1.095364274446788,0,,False,False,-1,-9.0,-9.0,16374,9.687406117066097,-0.4823180946945378,4.3167133,21.744884,-1,-9.0,-9.0,-9.0,-9.0,-9.0,0.0,0.0,0.0,0.0,0.0,0.0,0.0,0.0,0,0,False,,M,True,school1,1,0,0,0,0,0,0,0,0,0,0,0,0,350,0,5,0,0,1,2
127,15.0,3.0,2,4,1,7,0,0.0,True,3,False,False,False,218,1.613148647985436,1.167279704222571,0,,False,False,-1,-9.0,-9.0,7004,9.260050255912548,1.899372032725362,0.8201139,6.442411,-1,-9.0,-9.0,-9.0,-9.0,-9.0,0.0,0.0,0.0,0.0,0.0,0.0,0.0,0.0,0,0,False,,M,True,school1,1,0,0,0,0,0,0,0,0,0,0,0,0,351,0,5,0,0,1,2
127,14.0,4.0,2,4,1,7,0,0.0,True,2,False,False,False,218,0.6004162861080055,0.5538155258139865,0,,False,False,-1,-9.0,-9.0,16364,4.118560972355664,-0.9066947855612424,4.9338665,23.425636,-1,-9.0,-9.0,-9.0,-9.0,-9.0,0.0,0.0,0.0,0.0,0.0,0.0,0.0,0.0,0,0,False,,M,True,school1,1,0,0,0,0,0,0,0,0,0,0,0,0,352,0,5,0,0,1,2
127,12.0,5.0,1,4,1,7,0,0.0,True,2,False,False,False,218,0.6797026921341616,0.7781892834323714,0,,False,False,-1,-9.0,-9.0,11793,6.901320933412844,4.064496490885937,0.62075037,4.206477,-1,-9.0,-9.0,-9.0,-9.0,-9.0,0.0,0.0,0.0,0.0,0.0,0.0,0.0,0.0,0,0,False,,M,True,school1,1,0,0,0,0,0,0,0,0,0,0,0,0,353,0,2,0,0,1,2
127,8.0,6.0,1,4,1,7,0,0.0,True,2,False,False,False,218,1.2632680977276125,1.2676419413709272,0,,False,False,-1,-9.0,-9.0,20049,4.216429143357279,-5.405399527852392,23.632717,54.657146,-1,-9.0,-9.0,-9.0,-9.0,-9.0,0.0,0.0,0.0,0.0,0.0,0.0,0.0,0.0,0,0,False,,M,True,school1,1,0,0,0,0,0,0,0,0,0,0,0,0,354,0,2,0,0,1,2
128,37.0,1.0,1,1,3,1,13,51.0,False,0,True,True,False,218,0.6478131648230835,0.7768501260255812,33,prod_trans_move,False,True,-1,-9.0,-9.0,-1,-9.0,-9.0,-9.0,0.0,23052,11.652461049270656,-2.390758014860861,10.075667,6.0,24.116392,46.953552,0.0,5.762,26.286451,24.116392,0.0,0.0,2.1700592,0,0,False,1_day_week,M,True,work1,1,1,0,89,2,2,0,0,0,0,0,0,0,355,0,0,1,40,1,2
128,41.0,2.0,2,1,3,1,13,43.0,False,0,True,True,False,218,0.5783575392364213,0.7437409022195732,52,sales_office,False,True,-1,-9.0,-9.0,-1,-9.0,-9.0,-9.0,0.0,569,12.219575606750483,-0.3904012483039819,2.0433874,6.0,5.5868998,11.321261,0.0,0.0,5.5868998,5.5868998,0.0,0.0,0.0,0,0,True,No_Telecommute,M,True,work1,1,1,0,0,1,1,0,0,0,0,0,0,0,356,0,0,1,40,1,2
128,10.0,3.0,2,4,1,7,0,0.0,True,2,False,False,False,218,0.72960126761531,1.0707052411259632,0,,False,False,-1,-9.0,-9.0,8972,2.7495936338794595,-3.9407272636417208,30.256844,67.99495,-1,-9.0,-9.0,-9.0,-9.0,-9.0,0.0,0.0,0.0,0.0,0.0,0.0,0.0,0.0,0,0,False,,M,True,school1,1,0,0,0,0,0,0,0,0,0,0,0,0,357,0,2,0,0,1,2
128,10.0,4.0,2,4,1,7,0,0.0,True,2,False,False,False,218,1.0317928659856277,0.419899604707544,0,,False,False,-1,-9.0,-9.0,8322,6.5937184604570165,0.2242724378497269,2.811214,11.371512,-1,-9.0,-9.0,-9.0,-9.0,-9.0,0.0,0.0,0.0,0.0,0.0,0.0,0.0,0.0,0,0,False,,M,True,school1,1,0,0,0,0,0,0,0,0,0,0,0,0,358,0,2,0,0,1,2
128,17.0,6.0,1,3,1,6,0,0.0,True,3,False,False,False,218,1.028951319203054,0.878406685921116,0,,False,False,-1,-9.0,-9.0,7004,9.814442695600778,3.947510981011584,0.8201139,6.442411,-1,-9.0,-9.0,-9.0,-9.0,-9.0,0.0,0.0,0.0,0.0,0.0,0.0,0.0,0.0,0,0,False,,M,True,school1,1,0,0,0,0,0,0,0,0,0,0,0,0,360,0,5,0,0,1,2
129,33.0,1.0,2,1,3,1,13,33.0,False,0,True,True,False,218,0.6896574797491312,2.095910573085759,9000,services,False,True,-1,-9.0,-9.0,-1,-9.0,-9.0,-9.0,0.0,1380,10.942911454311446,-2.840697361191467,18.230883,6.0,47.38008,100.45551,0.0,0.0,47.38008,47.38008,0.0,0.0,0.0,0,0,True,No_Telecommute,N,True,,0,0,0,12,1,0,0,0,1,0,0,0,0,361,1,0,1,45,1,1
129,43.0,2.0,1,3,3,4,13,0.0,False,0,False,False,False,218,1.0507446152555282,0.8440180210902729,0,,False,False,-1,-9.0,-9.0,-1,-9.0,-9.0,-9.0,0.0,-1,-9.0,-9.0,-9.0,-9.0,-9.0,0.0,0.0,0.0,0.0,0.0,0.0,0.0,0.0,0,0,False,,N,True,,0,0,0,48,5,2,0,1,1,1,0,1,0,362,0,0,0,0,1,2
129,8.0,3.0,1,4,1,7,0,0.0,True,2,False,False,False,218,0.8073096925903297,0.2654048531375227,0,,False,False,-1,-9.0,-9.0,16126,6.77252845453356,0.3347495369935364,4.692926,16.150505,-1,-9.0,-9.0,-9.0,-9.0,-9.0,0.0,0.0,0.0,0.0,0.0,0.0,0.0,0.0,0,0,False,,M,True,school1,1,0,0,35,1,0,0,1,0,0,0,0,0,363,0,2,0,0,1,1
129,1.0,4.0,1,4,1,8,0,0.0,True,1,False,False,False,218,1.018097496323889,0.8316463063355414,0,,False,False,-1,-9.0,-9.0,1399,6.714318759491075,3.5326676030682598,0.81027615,6.0264254,-1,-9.0,-9.0,-9.0,-9.0,-9.0,0.0,0.0,0.0,0.0,0.0,0.0,0.0,0.0,0,0,False,,N,True,,0,0,0,35,1,0,0,1,0,0,0,0,0,364,0,0,0,0,1,1
130,33.0,1.0,2,1,3,1,13,33.0,False,0,True,True,False,218,1.0845222389206672,0.5859921234949108,9000,services,False,True,-1,-9.0,-9.0,-1,-9.0,-9.0,-9.0,0.0,19554,10.37190480392439,-4.6223048421718,14.176328,7.0,26.829576,52.528603,0.0,0.0,32.69422,26.829576,0.0,0.0,5.864645,0,0,True,No_Telecommute,N,True,,0,0,1,35,3,2,1,1,0,0,0,0,0,366,1,0,1,45,1,1
130,8.0,3.0,1,4,1,7,0,0.0,True,2,False,False,False,218,1.0982224785219854,0.9710712456641828,0,,False,False,-1,-9.0,-9.0,23872,6.365227893714614,1.794334941256979,0.8030121,6.2828803,-1,-9.0,-9.0,-9.0,-9.0,-9.0,0.0,0.0,0.0,0.0,0.0,0.0,0.0,0.0,0,0,False,,M,True,school1,1,0,1,0,0,0,0,0,0,0,0,0,0,368,0,2,0,0,1,1
130,1.0,5.0,2,4,1,8,0,0.0,True,1,False,False,False,218,1.6288386470318568,0.797755024927429,0,,False,False,-1,-9.0,-9.0,7369,9.197119582499658,-0.8588563249048462,2.9418654,14.366509,-1,-9.0,-9.0,-9.0,-9.0,-9.0,0.0,0.0,0.0,0.0,0.0,0.0,0.0,0.0,0,0,False,,N,True,,0,0,1,19,3,0,1,0,1,1,0,0,0,370,0,0,0,0,1,1
131,48.0,1.0,2,1,3,1,13,37.0,False,0,True,True,False,218,0.374839477444252,0.9401523836702226,56,services,False,True,-1,-9.0,-9.0,-1,-9.0,-9.0,-9.0,0.0,16274,11.790407291800262,-1.000800485075732,5.551453,6.0,13.7067375,26.724457,0.0,0.0,13.7067375,13.7067375,0.0,0.0,0.0,0,0,False,No_Telecommute,N,True,,0,0,0,1,1,0,0,0,0,1,0,0,0,371,0,0,1,40,1,2
131,54.0,2.0,1,2,3,2,13,37.0,False,0,True,True,False,218,0.4435397135638314,0.9127109098424316,56,services,False,True,-1,-9.0,-9.0,-1,-9.0,-9.0,-9.0,0.0,1388,10.873664424369595,-0.5783452698834098,0.8201139,6.0,3.4369798,7.0892763,0.0,6.69,3.4369798,3.4369798,0.0,0.0,0.0,0,0,False,No_Telecommute,N,True,,0,0,0,35,1,0,0,1,0,0,0,0,0,372,0,0,1,30,1,2
132,43.0,1.0,2,3,2,3,13,55.0,True,4,False,False,False,218,0.4032626650232641,3.346108130487888,9000,military,False,False,-1,-9.0,-9.0,19370,5.588826967416295,-1.9311222392366936,14.979991,36.64235,-1,-9.0,-9.0,-9.0,-9.0,-9.0,0.0,0.0,0.0,0.0,0.0,0.0,0.0,0.0,0,1,False,,N,True,,0,0,0,89,1,1,0,0,0,0,0,0,0,374,0,6,0,0,1,2
132,2.0,2.0,2,4,1,8,0,0.0,True,1,False,False,False,218,1.154396368954371,0.918092175309736,0,,False,False,-1,-9.0,-9.0,23911,7.540788304578364,0.7791995118805672,1.8051143,10.452833,-1,-9.0,-9.0,-9.0,-9.0,-9.0,0.0,0.0,0.0,0.0,0.0,0.0,0.0,0.0,0,0,False,,N,True,,0,0,0,35,1,0,0,1,0,0,0,0,0,375,0,0,0,0,1,2
132,2.0,3.0,1,4,1,8,0,0.0,True,1,False,False,False,218,3.1419758921434218,0.5567190321152293,0,,False,False,-1,-9.0,-9.0,359,6.49061396093322,4.370591835931792,0.4400848,2.8886454,-1,-9.0,-9.0,-9.0,-9.0,-9.0,0.0,0.0,0.0,0.0,0.0,0.0,0.0,0.0,0,0,False,,N,True,,0,0,0,89,1,1,0,0,0,0,0,0,0,376,0,0,0,0,1,2
133,43.0,1.0,2,3,2,3,13,55.0,True,4,False,False,False,218,1.4884058375055396,0.8955576248186436,9000,military,False,False,-1,-9.0,-9.0,19370,4.624673391594054,-5.680474949827115,14.979991,36.64235,-1,-9.0,-9.0,-9.0,-9.0,-9.0,0.0,0.0,0.0,0.0,0.0,0.0,0.0,0.0,0,0,False,,N,True,,0,0,0,90,2,1,0,0,0,1,0,0,0,377,0,6,0,0,1,2
134,32.0,1.0,1,1,3,1,13,13.0,False,0,True,True,False,218,0.7475007916059411,1.5032920405178285,9000,mngt_busi_scic_arts,False,True,-1,-9.0,-9.0,-1,-9.0,-9.0,-9.0,0.0,13340,11.3215316785379,-5.303113734268039,26.524075,3.0,56.209564,112.658966,0.0,0.0,56.209564,56.209564,0.0,0.0,0.0,0,0,True,No_Telecommute,N,True,,0,0,0,101,6,5,0,0,1,0,0,0,0,380,1,0,1,50,1,2
134,30.0,2.0,2,3,3,4,13,41.0,False,0,False,False,False,218,0.8896976288117641,0.2860376060444562,51,sales_office,False,False,-1,-9.0,-9.0,-1,-9.0,-9.0,-9.0,0.0,-1,-9.0,-9.0,-9.0,-9.0,-9.0,0.0,0.0,0.0,0.0,0.0,0.0,0.0,0.0,0,0,False,,N,True,,0,0,0,105,5,2,0,0,1,1,1,0,1,381,0,0,0,0,1,1
134,13.0,3.0,2,4,1,7,0,0.0,True,2,False,False,False,218,2.227779133773618,1.3635203923954209,0,,False,False,-1,-9.0,-9.0,18496,5.974990779604262,-3.274443118001185,8.210134,35.434647,-1,-9.0,-9.0,-9.0,-9.0,-9.0,0.0,0.0,0.0,0.0,0.0,0.0,0.0,0.0,0,0,False,,M,True,school1,1,0,0,0,0,0,0,0,0,0,0,0,0,382,0,2,0,0,1,2
134,9.0,4.0,2,4,1,7,0,0.0,True,2,False,False,False,218,0.9471563637549096,1.1852514710052813,0,,False,False,-1,-9.0,-9.0,19476,3.930902099495573,-3.950286346331741,19.0764,45.51543,-1,-9.0,-9.0,-9.0,-9.0,-9.0,0.0,0.0,0.0,0.0,0.0,0.0,0.0,0.0,0,0,False,,M,True,school1,1,0,0,101,2,1,0,0,1,0,0,0,0,383,0,2,0,0,1,2
134,5.0,5.0,1,4,1,8,0,0.0,True,1,False,False,False,218,2.3659438590873365,1.303190674667043,0,,False,False,-1,-9.0,-9.0,7369,10.092879830562811,0.5550127021002137,2.9418654,14.366509,-1,-9.0,-9.0,-9.0,-9.0,-9.0,0.0,0.0,0.0,0.0,0.0,0.0,0.0,0.0,0,0,False,,M,True,school1,1,0,0,0,0,0,0,0,0,0,0,0,0,384,0,0,0,0,1,2
134,0.0,6.0,2,4,1,8,0,0.0,True,1,False,False,False,218,0.8656187507032123,2.663996908550597,0,,False,False,-1,-9.0,-9.0,1399,6.687374462765464,3.610486552299789,0.81027615,6.0264254,-1,-9.0,-9.0,-9.0,-9.0,-9.0,0.0,0.0,0.0,0.0,0.0,0.0,0.0,0.0,0,0,False,,N,True,,0,0,0,126,3,1,1,1,0,0,0,0,0,385,0,0,0,0,1,2
135,62.0,1.0,1,3,3,4,13,43.0,False,0,False,False,False,218,0.2763265645937515,0.5201789668872692,49,sales_office,False,False,-1,-9.0,-9.0,-1,-9.0,-9.0,-9.0,0.0,-1,-9.0,-9.0,-9.0,-9.0,-9.0,0.0,0.0,0.0,0.0,0.0,0.0,0.0,0.0,0,0,False,,N,True,,0,0,0,90,2,1,0,0,0,1,0,0,0,386,0,0,4,40,1,2
136,33.0,1.0,1,1,3,1,13,51.0,False,0,True,True,False,218,0.7235803500859178,1.6228823685576228,32,prod_trans_move,False,True,-1,-9.0,-9.0,-1,-9.0,-9.0,-9.0,0.0,23860,11.45382712998332,0.0164124421357431,0.4214877,6.0,2.2334824,4.6093845,0.0,0.0,2.2334824,2.2334824,0.0,0.0,0.0,0,0,False,No_Telecommute,M,True,work1,1,1,0,89,1,1,0,0,0,0,0,0,0,387,0,0,1,40,1,2
136,29.0,2.0,2,2,3,2,13,31.0,False,0,True,True,False,218,0.3869893672163079,1.3643926636978778,62,health,False,True,-1,-9.0,-9.0,-1,-9.0,-9.0,-9.0,0.0,8418,9.945435292153215,-0.0278891508544593,2.0433874,6.0,5.5868998,11.321261,0.0,0.0,5.5868998,5.5868998,0.0,0.0,0.0,0,0,True,No_Telecommute,N,True,,0,0,0,90,5,4,0,0,0,1,0,0,0,388,0,0,6,9,1,2
136,14.0,3.0,1,4,1,7,0,0.0,True,2,False,False,False,218,0.9941476299834432,0.234721324347057,0,,False,False,-1,-9.0,-9.0,16364,4.228008661835756,-0.934564952738015,4.9338665,23.425636,-1,-9.0,-9.0,-9.0,-9.0,-9.0,0.0,0.0,0.0,0.0,0.0,0.0,0.0,0.0,0,0,False,,M,True,school1,1,0,0,0,0,0,0,0,0,0,0,0,0,389,0,2,0,0,1,2
136,9.0,4.0,1,4,1,7,0,0.0,True,2,False,False,False,218,1.197913492679218,0.4205594493025272,0,,False,False,-1,-9.0,-9.0,19476,6.225891229271959,-3.14522203566544,19.0764,45.51543,-1,-9.0,-9.0,-9.0,-9.0,-9.0,0.0,0.0,0.0,0.0,0.0,0.0,0.0,0.0,0,0,False,,M,True,school1,1,0,0,0,0,0,0,0,0,0,0,0,0,390,0,2,0,0,1,2
136,7.0,5.0,1,4,1,7,0,0.0,True,2,False,False,False,218,0.5114853012755517,1.0460025987555597,0,,False,False,-1,-9.0,-9.0,11793,6.839034784913656,3.606247263360643,0.62075037,4.206477,-1,-9.0,-9.0,-9.0,-9.0,-9.0,0.0,0.0,0.0,0.0,0.0,0.0,0.0,0.0,0,0,False,,M,True,school1,1,0,0,0,0,0,0,0,0,0,0,0,0,391,0,2,0,0,1,2
136,6.0,6.0,1,4,1,7,0,0.0,True,2,False,False,False,218,2.1329271999532438,0.5772330113634958,0,,False,False,-1,-9.0,-9.0,23268,3.432320951713936,-2.261613687966257,3.8844807,12.356213,-1,-9.0,-9.0,-9.0,-9.0,-9.0,0.0,0.0,0.0,0.0,0.0,0.0,0.0,0.0,0,0,False,,M,True,school1,1,0,0,0,0,0,0,0,0,0,0,0,0,392,0,2,0,0,1,2
136,60.0,8.0,2,3,3,4,13,27.0,False,0,False,False,False,218,0.9123904435936586,0.6843485080355526,45,mngt_busi_scic_arts,False,False,-1,-9.0,-9.0,-1,-9.0,-9.0,-9.0,0.0,-1,-9.0,-9.0,-9.0,-9.0,-9.0,0.0,0.0,0.0,0.0,0.0,0.0,0.0,0.0,0,0,False,,N,True,,0,0,0,1,4,3,0,0,0,1,0,0,0,394,0,0,6,40,1,2
137,33.0,1.0,1,1,3,1,13,51.0,False,0,True,True,False,218,0.6274421594472225,1.2045702688778217,32,prod_trans_move,False,True,-1,-9.0,-9.0,-1,-9.0,-9.0,-9.0,0.0,23066,12.396325287389043,-1.3513482272704858,10.342872,6.0,23.233885,46.26531,0.0,5.708,23.233885,23.233885,0.0,0.0,0.0,0,0,True,No_Telecommute,M,True,work1,1,1,0,0,0,0,0,0,0,0,0,0,0,395,0,0,1,40,1,2
137,29.0,2.0,2,2,3,2,13,31.0,False,0,True,True,False,218,0.3824421081952037,0.4481732673083718,62,health,False,True,-1,-9.0,-9.0,-1,-9.0,-9.0,-9.0,0.0,1411,10.87039601250924,2.5911498586452044,0.4528088,6.0,1.3403522,2.714446,0.0,6.384,1.3403522,1.3403522,0.0,0.0,0.0,0,0,False,No_Telecommute,M,True,work1,1,1,0,0,1,1,0,0,0,0,0,0,0,396,0,0,6,9,1,2
137,14.0,3.0,1,4,1,7,0,0.0,True,2,False,False,False,218,0.5480904426396701,0.5218812292730822,0,,False,False,-1,-9.0,-9.0,20600,18.746012806090526,34.759727572891144,19.42696,42.498734,-1,-9.0,-9.0,-9.0,-9.0,-9.0,0.0,0.0,0.0,0.0,0.0,0.0,0.0,0.0,0,0,False,,M,True,school1,1,0,0,89,1,1,0,0,0,0,0,0,0,397,0,2,0,0,1,2
137,9.0,4.0,1,4,1,7,0,0.0,True,2,False,False,False,218,0.5322820381106006,1.7378332538587558,0,,False,False,-1,-9.0,-9.0,15238,14.720752380614286,34.77828965310122,18.807732,52.107437,-1,-9.0,-9.0,-9.0,-9.0,-9.0,0.0,0.0,0.0,0.0,0.0,0.0,0.0,0.0,0,0,False,,M,True,school1,1,0,0,0,0,0,0,0,0,0,0,0,0,398,0,2,0,0,1,2
137,7.0,5.0,1,4,1,7,0,0.0,True,2,False,False,False,218,0.7687888031825819,1.6257176364531234,0,,False,False,-1,-9.0,-9.0,20837,18.68660893460561,33.59023719157592,24.747683,63.184,-1,-9.0,-9.0,-9.0,-9.0,-9.0,0.0,0.0,0.0,0.0,0.0,0.0,0.0,0.0,0,0,False,,M,True,school1,1,0,0,89,1,1,0,0,0,0,0,0,0,399,0,2,0,0,1,2
137,6.0,6.0,1,4,1,7,0,0.0,True,2,False,False,False,218,0.432993829627271,0.8454002606715212,0,,False,False,-1,-9.0,-9.0,9910,13.972686198095383,35.4065402715573,18.230883,65.01631,-1,-9.0,-9.0,-9.0,-9.0,-9.0,0.0,0.0,0.0,0.0,0.0,0.0,0.0,0.0,0,0,False,,N,True,,0,0,0,35,1,0,0,1,0,0,0,0,0,400,0,2,0,0,1,2
137,3.0,7.0,2,4,1,8,0,0.0,True,1,False,False,False,218,1.3611841680996573,0.9159939539674912,0,,False,False,-1,-9.0,-9.0,16292,26.878958297682267,35.41856092128545,5.685882,24.196653,-1,-9.0,-9.0,-9.0,-9.0,-9.0,0.0,0.0,0.0,0.0,0.0,0.0,0.0,0.0,0,0,False,,M,True,school1,1,0,0,0,0,0,0,0,0,0,0,0,0,401,0,0,0,0,1,2
138,33.0,1.0,2,3,3,4,13,25.0,False,0,False,False,False,218,1.051014708170679,1.4380146635234512,62,services,False,False,-1,-9.0,-9.0,-1,-9.0,-9.0,-9.0,0.0,-1,-9.0,-9.0,-9.0,-9.0,-9.0,0.0,0.0,0.0,0.0,0.0,0.0,0.0,0.0,0,1,False,,N,True,,0,0,1,0,2,2,0,0,1,0,0,0,0,403,0,0,0,0,1,2
138,8.0,2.0,1,4,1,7,0,0.0,True,2,False,False,False,218,3.06201549465034,0.7920560484956538,0,,False,False,-1,-9.0,-9.0,16377,3.742663403322162,-0.8216981025425364,5.090109,24.168716,-1,-9.0,-9.0,-9.0,-9.0,-9.0,0.0,0.0,0.0,0.0,0.0,0.0,0.0,0.0,0,0,False,,M,True,school1,1,0,1,0,0,0,0,0,0,0,0,0,0,404,0,2,0,0,1,2
138,6.0,3.0,1,4,1,7,0,0.0,True,2,False,False,False,218,0.7429090736121509,0.7252115202697946,0,,False,False,-1,-9.0,-9.0,16375,4.062511352400929,-0.7637942109085588,5.090109,24.168716,-1,-9.0,-9.0,-9.0,-9.0,-9.0,0.0,0.0,0.0,0.0,0.0,0.0,0.0,0.0,0,0,False,,M,True,school1,1,0,1,0,0,0,0,0,0,0,0,0,0,405,0,2,0,0,1,2
139,68.0,1.0,2,3,3,5,13,99.0,False,0,False,False,False,218,0.3069273650074799,1.3965789467640517,99,,False,False,-1,-9.0,-9.0,-1,-9.0,-9.0,-9.0,0.0,-1,-9.0,-9.0,-9.0,-9.0,-9.0,0.0,0.0,0.0,0.0,0.0,0.0,0.0,0.0,0,0,False,,N,True,,0,0,0,1,1,0,0,0,0,1,0,0,0,407,0,0,0,0,1,1
140,36.0,1.0,2,1,3,1,13,41.0,False,0,True,False,False,218,1.082145057864491,0.3143641161901571,44,sales_office,True,False,-1,-9.0,-9.0,-1,-9.0,-9.0,-9.0,0.0,-1,-9.0,-9.0,-9.0,-9.0,-9.0,0.0,0.0,0.0,0.0,0.0,0.0,0.0,0.0,0,0,False,,N,True,,0,0,0,24,4,2,0,0,2,0,0,1,0,408,0,0,1,60,1,2
140,15.0,2.0,2,4,1,7,0,0.0,True,3,False,False,False,218,0.5504538235506967,0.800252168483336,0,,False,False,-1,-9.0,-9.0,7004,9.83241687679103,4.451949241979945,0.8201139,6.442411,-1,-9.0,-9.0,-9.0,-9.0,-9.0,0.0,0.0,0.0,0.0,0.0,0.0,0.0,0.0,0,0,False,,M,True,school1,1,0,0,0,0,0,0,0,0,0,0,0,0,409,0,5,0,0,1,2
140,13.0,3.0,1,4,1,7,0,0.0,True,2,False,False,False,218,1.7203654700322346,1.0705911585545194,0,,False,False,-1,-9.0,-9.0,6170,3.710503607547232,-8.43891774188638,34.030815,71.71888,-1,-9.0,-9.0,-9.0,-9.0,-9.0,0.0,0.0,0.0,0.0,0.0,0.0,0.0,0.0,0,0,False,,M,True,school1,1,0,0,0,0,0,0,0,0,0,0,0,0,410,0,2,0,0,1,2
141,75.0,1.0,1,3,3,5,13,0.0,False,0,False,False,False,218,0.3685109475591966,0.7505657192984337,0,,False,False,-1,-9.0,-9.0,-1,-9.0,-9.0,-9.0,0.0,-1,-9.0,-9.0,-9.0,-9.0,-9.0,0.0,0.0,0.0,0.0,0.0,0.0,0.0,0.0,0,0,False,,N,True,,0,0,0,6,1,0,1,0,0,0,0,0,0,411,0,0,0,0,1,1
142,73.0,1.0,1,3,3,5,13,0.0,False,0,False,False,False,218,0.4356419030534629,0.6848560525381923,0,,False,False,-1,-9.0,-9.0,-1,-9.0,-9.0,-9.0,0.0,-1,-9.0,-9.0,-9.0,-9.0,-9.0,0.0,0.0,0.0,0.0,0.0,0.0,0.0,0.0,0,0,False,,N,True,,0,0,1,1,1,0,0,0,1,1,0,0,0,413,0,0,0,0,1,1
142,66.0,2.0,2,3,3,5,13,99.0,False,0,False,False,False,218,0.5566203987207305,0.4570786141139253,99,,False,False,-1,-9.0,-9.0,-1,-9.0,-9.0,-9.0,0.0,-1,-9.0,-9.0,-9.0,-9.0,-9.0,0.0,0.0,0.0,0.0,0.0,0.0,0.0,0.0,0,0,False,,N,True,,0,0,1,1,1,0,0,0,0,1,0,0,0,414,0,0,0,0,1,2
143,38.0,1.0,1,1,3,1,13,35.0,False,0,True,True,False,218,0.3845530120893984,1.6023250281968269,722,services,False,True,-1,-9.0,-9.0,-1,-9.0,-9.0,-9.0,0.0,16274,11.976570526080176,-1.260803586843574,5.551453,6.0,13.7067375,26.724457,0.0,0.0,13.7067375,13.7067375,0.0,0.0,0.0,0,0,True,No_Telecommute,M,True,work1,1,1,0,0,1,1,0,0,0,0,0,0,0,415,0,0,1,40,5,2
143,9.0,3.0,2,4,1,7,0,0.0,True,2,False,False,False,218,1.373020019426695,1.761051228702578,0,,False,False,-1,-9.0,-9.0,23872,6.117549442658762,1.2854242943153449,0.8030121,6.2828803,-1,-9.0,-9.0,-9.0,-9.0,-9.0,0.0,0.0,0.0,0.0,0.0,0.0,0.0,0.0,0,0,False,,M,True,school1,1,0,0,0,0,0,0,0,0,0,0,0,0,417,0,2,0,0,5,2
143,6.0,4.0,2,4,1,7,0,0.0,True,2,False,False,False,218,1.569095004525509,0.59638934874062,0,,False,False,-1,-9.0,-9.0,20600,6.117027254180757,-3.9672999514830343,19.42696,42.498734,-1,-9.0,-9.0,-9.0,-9.0,-9.0,0.0,0.0,0.0,0.0,0.0,0.0,0.0,0.0,0,0,False,,M,True,school1,1,0,0,0,0,0,0,0,0,0,0,0,0,418,0,2,0,0,5,2
144,21.0,1.0,1,2,3,2,9,55.0,False,0,True,True,False,218,0.8838973540781258,1.2585136946156998,9000,military,False,True,-1,-9.0,-9.0,-1,-9.0,-9.0,-9.0,0.0,5878,8.813843244450135,-2.465630285972179,9.830771,6.0,25.176203,55.731987,0.0,0.0,25.176203,25.176203,0.0,0.0,0.0,0,0,True,No_Telecommute,M,True,work1,1,1,0,0,0,0,0,0,0,0,0,0,0,420,1,0,1,9,1,2
144,20.0,2.0,2,3,3,4,9,53.0,False,0,False,False,False,218,0.992794734467514,1.110573590522805,45,prod_trans_move,False,False,-1,-9.0,-9.0,-1,-9.0,-9.0,-9.0,0.0,-1,-9.0,-9.0,-9.0,-9.0,-9.0,0.0,0.0,0.0,0.0,0.0,0.0,0.0,0.0,0,0,False,,N,True,,0,0,0,6,1,0,1,0,0,0,0,0,0,421,0,0,6,30,1,1
145,46.0,1.0,2,2,2,3,13,27.0,True,4,True,True,False,218,0.5305589927142562,0.71089087474005,61,mngt_busi_scic_arts,False,True,-1,-9.0,-9.0,12534,7.258790230419133,0.9453535777598936,1.0685513,7.044506,13127,11.826040690208783,-0.6450359637555733,2.1425657,6.0,6.9654913,12.004214,0.0,0.0,6.9654913,6.879292,0.0,0.0,0.08619928,0,0,False,No_Telecommute,N,True,,0,0,0,12,1,0,0,0,1,0,0,0,0,422,0,6,3,30,3,2
145,48.0,2.0,1,3,2,3,13,51.0,True,4,False,False,False,218,0.97718136041945,0.7335535609742284,33,prod_trans_move,False,False,-1,-9.0,-9.0,20261,7.024787934470246,-4.03364804179653,16.774073,39.414703,-1,-9.0,-9.0,-9.0,-9.0,-9.0,0.0,0.0,0.0,0.0,0.0,0.0,0.0,0.0,0,1,False,,N,True,,0,0,0,1,1,0,0,0,0,1,0,0,0,423,0,6,0,0,3,2
145,21.0,3.0,1,2,2,3,9,53.0,True,4,True,True,False,218,0.5773220070475208,1.7945870345554489,44,prod_trans_move,False,True,-1,-9.0,-9.0,12534,7.234658000878364,2.4778770973656354,1.0685513,7.044506,8042,11.638898147680749,-6.414657896582366,44.633873,2.0,70.389114,137.31282,0.0,0.0,70.389114,68.499954,0.0,0.0,1.8891602,0,0,False,No_Telecommute,M,True,school1,1,0,0,66,2,0,0,2,0,0,0,1,0,424,0,6,1,30,3,2
146,63.0,1.0,1,3,3,4,13,39.0,False,0,False,False,False,218,1.482205677843692,1.3122889500871506,71,services,False,False,-1,-9.0,-9.0,-1,-9.0,-9.0,-9.0,0.0,-1,-9.0,-9.0,-9.0,-9.0,-9.0,0.0,0.0,0.0,0.0,0.0,0.0,0.0,0.0,0,0,False,,N,True,,0,0,1,0,0,0,0,1,0,0,0,0,0,425,0,0,1,30,9,2
147,36.0,1.0,1,1,3,1,13,29.0,False,0,True,True,False,218,0.7944908770148523,0.3284692473103613,62,health,False,True,-1,-9.0,-9.0,-1,-9.0,-9.0,-9.0,0.0,16858,10.938953630651444,-2.863215101117601,18.123314,7.0,40.46711,79.90077,0.0,0.0,40.46711,40.46711,0.0,0.0,0.0,0,0,False,4_days_week,M,True,work1,1,1,0,156,2,2,0,0,0,0,0,0,0,427,0,0,1,40,9,2
147,38.0,2.0,2,1,3,1,13,25.0,False,0,True,False,False,218,2.5371184847018404,1.4348379842538572,61,services,True,False,-1,-9.0,-9.0,-1,-9.0,-9.0,-9.0,0.0,-1,-9.0,-9.0,-9.0,-9.0,-9.0,0.0,0.0,0.0,0.0,0.0,0.0,0.0,0.0,0,0,False,,N,True,,0,0,1,0,3,3,0,0,1,0,0,0,0,428,0,0,1,40,9,1
147,10.0,3.0,1,4,1,7,0,0.0,True,2,False,False,False,218,1.0737020554943908,0.8275687636047239,0,,False,False,-1,-9.0,-9.0,16315,6.93575352617859,1.190284882659095,4.739135,21.863117,-1,-9.0,-9.0,-9.0,-9.0,-9.0,0.0,0.0,0.0,0.0,0.0,0.0,0.0,0.0,0,0,False,,M,True,school1,1,0,1,0,0,0,0,0,0,0,0,0,0,429,0,2,0,0,9,2
147,7.0,4.0,1,4,1,7,0,0.0,True,2,False,False,False,218,0.6839868729463637,1.9610187801102967,0,,False,False,-1,-9.0,-9.0,16375,7.050511304384032,0.2885863404651627,5.090109,24.168716,-1,-9.0,-9.0,-9.0,-9.0,-9.0,0.0,0.0,0.0,0.0,0.0,0.0,0.0,0.0,0,0,False,,M,True,school1,1,0,1,0,0,0,0,0,0,0,0,0,0,430,0,2,0,0,9,2
147,4.0,5.0,2,4,1,8,0,0.0,True,1,False,False,False,218,1.8743938114791208,1.1811991963330437,0,,False,False,-1,-9.0,-9.0,7004,8.907417884174986,2.2000291707573654,0.8201139,6.442411,-1,-9.0,-9.0,-9.0,-9.0,-9.0,0.0,0.0,0.0,0.0,0.0,0.0,0.0,0.0,0,0,False,,N,True,,0,0,0,1,1,0,0,0,0,1,0,0,0,431,0,0,0,0,9,2
148,51.0,1.0,1,1,3,1,13,49.0,False,0,True,True,False,218,0.5690217096291296,0.7237809811890528,51,constr_maint,False,True,-1,-9.0,-9.0,-1,-9.0,-9.0,-9.0,0.0,20259,11.175278805726194,-2.871583235117603,18.267675,7.0,32.228657,63.045452,0.0,0.0,32.228657,32.228657,0.0,0.0,0.0,0,0,False,2_3_days_week,N,True,,0,0,0,1,1,0,0,0,0,1,0,0,0,433,0,0,1,55,9,2
148,50.0,2.0,2,3,3,4,13,0.0,False,0,False,False,False,218,0.5464079227480111,0.7540395980560219,0,,False,False,-1,-9.0,-9.0,-1,-9.0,-9.0,-9.0,0.0,-1,-9.0,-9.0,-9.0,-9.0,-9.0,0.0,0.0,0.0,0.0,0.0,0.0,0.0,0.0,0,0,False,,N,True,,0,0,0,35,1,0,0,1,0,0,0,0,0,434,0,0,0,0,9,2
148,22.0,3.0,1,1,3,1,13,43.0,False,0,True,True,False,218,0.5528079210955953,0.9434345441116956,44,sales_office,False,True,-1,-9.0,-9.0,-1,-9.0,-9.0,-9.0,0.0,12982,11.908060360805685,-4.538730113154442,37.69094,3.0,65.12703,128.10382,0.0,0.0,65.12703,64.05057,0.0,0.0,1.0764618,0,1,True,No_Telecommute,M,True,work1,1,1,0,0,0,0,0,0,0,0,0,0,0,435,0,6,1,40,9,2
149,49.0,1.0,1,1,3,1,13,37.0,False,0,True,True,False,218,0.5946004737680974,0.5932053410120322,62,services,False,True,-1,-9.0,-9.0,-1,-9.0,-9.0,-9.0,0.0,18973,11.415615849102746,-2.5269780091107767,11.393289,6.0,25.868792,52.017193,0.0,0.0,28.798765,25.868792,0.0,0.0,2.9299736,0,0,False,No_Telecommute,M,True,work1,1,1,0,0,0,0,0,0,0,0,0,0,0,436,0,0,1,40,9,2
149,35.0,2.0,2,3,3,4,13,0.0,False,0,False,False,False,218,0.6973510578186548,1.7239093475606262,0,,False,False,-1,-9.0,-9.0,-1,-9.0,-9.0,-9.0,0.0,-1,-9.0,-9.0,-9.0,-9.0,-9.0,0.0,0.0,0.0,0.0,0.0,0.0,0.0,0.0,0,0,False,,N,True,,0,0,0,16,6,3,0,0,1,1,1,0,1,437,0,0,0,0,9,2
149,9.0,3.0,1,4,1,7,0,0.0,True,2,False,False,False,218,0.6533086105994537,1.2710014835685115,0,,False,False,-1,-9.0,-9.0,23872,6.563595718446942,2.5447351300703533,0.8030121,6.2828803,-1,-9.0,-9.0,-9.0,-9.0,-9.0,0.0,0.0,0.0,0.0,0.0,0.0,0.0,0.0,0,0,False,,M,True,school1,1,0,0,0,0,0,0,0,0,0,0,0,0,438,0,2,0,0,9,2
149,7.0,4.0,1,4,1,7,0,0.0,True,2,False,False,False,218,0.5762211914322036,1.882603972586815,0,,False,False,-1,-9.0,-9.0,19486,4.456440249213163,-1.5422750800590252,20.000423,52.180813,-1,-9.0,-9.0,-9.0,-9.0,-9.0,0.0,0.0,0.0,0.0,0.0,0.0,0.0,0.0,0,0,False,,M,True,school1,1,0,0,0,0,0,0,0,0,0,0,0,0,439,0,2,0,0,9,2
149,13.0,5.0,2,4,1,7,0,0.0,True,2,False,False,False,218,2.079146959433341,1.190074244126944,0,,False,False,-1,-9.0,-9.0,14325,5.829788958734411,-1.3777177671456795,5.0865607,23.414265,-1,-9.0,-9.0,-9.0,-9.0,-9.0,0.0,0.0,0.0,0.0,0.0,0.0,0.0,0.0,0,0,False,,M,True,school1,1,0,0,0,0,0,0,0,0,0,0,0,0,440,0,2,0,0,9,2
149,13.0,6.0,1,4,1,7,0,0.0,True,2,False,False,False,218,1.3877955194832632,0.593936598818848,0,,False,False,-1,-9.0,-9.0,23872,6.120952934271498,0.9155512025338692,0.8030121,6.2828803,-1,-9.0,-9.0,-9.0,-9.0,-9.0,0.0,0.0,0.0,0.0,0.0,0.0,0.0,0.0,0,0,False,,M,True,school1,1,0,0,0,0,0,0,0,0,0,0,0,0,441,0,2,0,0,9,2
151,23.0,1.0,1,1,3,1,13,55.0,False,0,True,True,False,218,0.4758188000064238,0.9156817682143864,9000,military,False,True,-1,-9.0,-9.0,-1,-9.0,-9.0,-9.0,0.0,5878,10.708026079289366,-1.538628509038946,9.830771,6.0,25.176203,55.731987,0.0,0.0,25.176203,25.176203,0.0,0.0,0.0,0,0,True,No_Telecommute,M,True,work1,1,1,0,0,0,0,0,0,0,0,0,0,0,444,1,0,1,40,8,2
151,22.0,2.0,2,1,3,1,13,31.0,False,0,True,True,False,218,0.6633327531256085,1.5581733213545217,62,health,False,True,-1,-9.0,-9.0,-1,-9.0,-9.0,-9.0,0.0,15668,10.577347802873623,-3.071903707528271,14.451159,6.0,29.359507,57.417316,0.0,0.0,29.359507,29.359507,0.0,0.0,0.0,0,0,False,No_Telecommute,M,True,work1,1,1,0,35,1,0,0,1,0,0,0,0,0,445,0,0,1,36,8,2
152,29.0,1.0,1,1,3,1,13,55.0,False,0,True,True,False,218,1.0789396730134224,1.1347744302432572,9000,military,False,True,-1,-9.0,-9.0,-1,-9.0,-9.0,-9.0,0.0,1380,9.836605274008098,-4.240077118078944,18.230883,6.0,47.38008,100.45551,0.0,0.0,47.38008,47.38008,0.0,0.0,0.0,0,0,False,No_Telecommute,M,True,work1,1,1,0,0,0,0,0,0,0,0,0,0,0,446,1,0,1,50,9,2
152,30.0,2.0,2,2,3,2,13,35.0,False,0,True,True,False,218,0.4407048710229423,1.0350899960186235,722,services,False,True,-1,-9.0,-9.0,-1,-9.0,-9.0,-9.0,0.0,23560,10.423807148771273,-0.5154613772021717,4.030999,6.0,9.539883,19.366158,0.0,0.0,10.452184,9.539883,0.0,0.0,0.91230106,0,0,False,No_Telecommute,M,True,work1,1,1,0,0,2,2,0,0,0,0,0,0,0,447,0,0,6,24,1,1
152,14.0,3.0,2,4,1,7,0,0.0,True,2,False,False,False,218,0.225231319700368,1.295254457457456,0,,False,False,-1,-9.0,-9.0,4962,7.281851329038091,4.71277286182438,1.3370054,9.604946,-1,-9.0,-9.0,-9.0,-9.0,-9.0,0.0,0.0,0.0,0.0,0.0,0.0,0.0,0.0,0,0,False,,M,True,school1,1,0,0,0,0,0,0,0,0,0,0,0,0,448,0,2,0,0,9,2
152,4.0,4.0,2,4,1,8,0,0.0,True,1,False,False,False,218,0.6351543282146945,0.9445048748810309,0,,False,False,-1,-9.0,-9.0,7574,6.696491770951126,3.858554967782207,0.8582708,5.873708,-1,-9.0,-9.0,-9.0,-9.0,-9.0,0.0,0.0,0.0,0.0,0.0,0.0,0.0,0.0,0,0,False,,M,True,school1,1,0,0,0,0,0,0,0,0,0,0,0,0,449,0,0,0,0,9,2
152,2.0,5.0,2,4,1,8,0,0.0,True,1,False,False,False,218,0.6261363018627102,1.625554992757004,0,,False,False,-1,-9.0,-9.0,9906,10.299864240414122,4.269060511307761,0.79811764,6.753166,-1,-9.0,-9.0,-9.0,-9.0,-9.0,0.0,0.0,0.0,0.0,0.0,0.0,0.0,0.0,0,0,False,,M,True,school1,1,0,0,0,0,0,0,0,0,0,0,0,0,450,0,0,0,0,9,2
153,53.0,1.0,2,3,3,4,13,0.0,False,0,False,False,False,218,1.2215366242765542,1.1487932047505338,0,,False,False,-1,-9.0,-9.0,-1,-9.0,-9.0,-9.0,0.0,-1,-9.0,-9.0,-9.0,-9.0,-9.0,0.0,0.0,0.0,0.0,0.0,0.0,0.0,0.0,0,0,False,,N,True,,0,0,0,35,1,0,0,1,0,0,0,0,0,452,0,0,0,0,9,2
153,52.0,2.0,1,1,3,1,13,51.0,False,0,True,False,False,218,1.0219676539365885,1.4921229578160684,22,prod_trans_move,True,False,-1,-9.0,-9.0,-1,-9.0,-9.0,-9.0,0.0,-1,-9.0,-9.0,-9.0,-9.0,-9.0,0.0,0.0,0.0,0.0,0.0,0.0,0.0,0.0,0,0,False,,N,True,,0,0,0,3,1,0,0,0,0,0,1,0,0,453,0,0,1,40,9,2
154,50.0,1.0,1,3,3,4,13,0.0,False,0,False,False,False,218,0.940678274207416,0.6806777735687978,0,,False,False,-1,-9.0,-9.0,-1,-9.0,-9.0,-9.0,0.0,-1,-9.0,-9.0,-9.0,-9.0,-9.0,0.0,0.0,0.0,0.0,0.0,0.0,0.0,0.0,0,0,False,,N,True,,0,0,1,0,0,0,1,0,0,0,0,0,0,454,0,0,0,0,8,2
155,45.0,1.0,1,3,2,3,13,39.0,True,4,False,False,False,218,2.664882167845316,0.8981470029248505,71,services,False,False,-1,-9.0,-9.0,12534,6.223170901689892,-1.766325031434616,1.0685513,7.044506,-1,-9.0,-9.0,-9.0,-9.0,-9.0,0.0,0.0,0.0,0.0,0.0,0.0,0.0,0.0,0,0,False,,N,True,,0,0,0,6,1,0,1,0,0,0,0,0,0,457,0,6,3,40,1,1
156,47.0,1.0,2,1,3,1,13,51.0,False,0,True,True,False,218,1.2549757802590682,0.5572325556915159,81,prod_trans_move,False,True,-1,-9.0,-9.0,-1,-9.0,-9.0,-9.0,0.0,18523,10.347982096516148,-3.774955182234715,7.2057395,7.0,18.834467,37.735138,0.0,0.0,18.97333,18.834467,0.0,0.0,0.13886261,0,0,False,No_Telecommute,N,True,,0,0,0,12,1,0,0,0,1,0,0,0,0,458,0,0,1,48,8,2
156,43.0,2.0,1,3,3,4,13,47.0,False,0,False,False,False,218,2.023787483177992,1.1416822508098945,23,constr_maint,False,False,-1,-9.0,-9.0,-1,-9.0,-9.0,-9.0,0.0,-1,-9.0,-9.0,-9.0,-9.0,-9.0,0.0,0.0,0.0,0.0,0.0,0.0,0.0,0.0,0,0,False,,N,True,,0,0,0,35,1,0,0,1,0,0,0,0,0,459,0,0,6,35,8,2
157,37.0,1.0,2,1,3,1,13,31.0,False,0,True,True,False,218,0.8749046718049619,0.3104377551706024,56,health,False,True,-1,-9.0,-9.0,-1,-9.0,-9.0,-9.0,0.0,19410,10.555138557198292,-3.718800596426798,16.495892,7.0,29.711119,57.575775,0.0,0.0,29.711119,29.400663,0.0,0.0,0.31045532,0,0,True,No_Telecommute,M,True,work1,1,1,0,0,2,2,0,0,0,0,0,0,0,460,0,0,1,40,1,1
157,17.0,3.0,2,3,1,6,0,0.0,True,3,False,False,False,218,0.2517207286252861,1.3337505903310718,0,,False,False,-1,-9.0,-9.0,7004,9.92309701508514,3.8868299195476057,0.8201139,6.442411,-1,-9.0,-9.0,-9.0,-9.0,-9.0,0.0,0.0,0.0,0.0,0.0,0.0,0.0,0.0,0,0,False,,M,True,school1,1,0,0,0,0,0,0,0,0,0,0,0,0,462,0,5,0,0,9,2
157,16.0,4.0,2,3,1,6,0,0.0,True,3,False,False,False,218,0.8048296716922828,3.7212975265361568,0,,False,False,-1,-9.0,-9.0,18835,9.68603194045274,-1.691423160930731,11.662971,35.995583,-1,-9.0,-9.0,-9.0,-9.0,-9.0,0.0,0.0,0.0,0.0,0.0,0.0,0.0,0.0,0,0,False,,M,True,school1,1,0,0,0,0,0,0,0,0,0,0,0,0,463,0,5,0,0,9,2
157,13.0,5.0,2,4,1,7,0,0.0,True,2,False,False,False,218,1.1023229305850022,1.0627652762349349,0,,False,False,-1,-9.0,-9.0,9910,0.585433200616068,-3.322480550268818,18.230883,65.01631,-1,-9.0,-9.0,-9.0,-9.0,-9.0,0.0,0.0,0.0,0.0,0.0,0.0,0.0,0.0,0,0,False,,M,True,school1,1,0,0,0,0,0,0,0,0,0,0,0,0,464,0,2,0,0,8,2
157,5.0,6.0,2,4,1,8,0,0.0,True,1,False,False,False,218,2.1336742053807454,0.5457301595044929,0,,False,False,-1,-9.0,-9.0,11592,9.654490148309035,2.3193065266487096,0.8582708,5.873708,-1,-9.0,-9.0,-9.0,-9.0,-9.0,0.0,0.0,0.0,0.0,0.0,0.0,0.0,0.0,0,0,False,,M,True,school2,2,0,0,0,0,0,0,0,0,0,0,0,0,465,0,2,0,0,9,2
158,37.0,1.0,2,1,3,1,13,31.0,False,0,True,True,False,218,0.8430739719388184,1.5594916638667191,56,health,False,True,-1,-9.0,-9.0,-1,-9.0,-9.0,-9.0,0.0,6449,10.583354921136516,-6.290772510540811,37.614212,3.0,63.38219,123.63678,0.0,0.0,63.38219,61.5212,0.0,0.0,1.8609924,0,0,True,No_Telecommute,M,True,work1,1,1,0,0,0,0,0,0,0,0,0,0,0,466,0,0,1,40,1,1
158,20.0,2.0,2,3,2,3,9,0.0,True,4,False,False,False,218,0.9001695503748917,0.3371979103372844,0,,False,False,-1,-9.0,-9.0,19370,7.215394564238319,-2.965764655618385,14.979991,36.64235,-1,-9.0,-9.0,-9.0,-9.0,-9.0,0.0,0.0,0.0,0.0,0.0,0.0,0.0,0.0,0,0,False,,M,True,school1,1,0,0,0,1,1,0,0,0,0,0,0,0,467,0,5,0,0,9,2
158,17.0,3.0,2,3,1,6,0,0.0,True,3,False,False,False,218,1.8135012027960296,0.7045494042225716,0,,False,False,-1,-9.0,-9.0,7004,9.366472808170696,2.084450742592354,0.8201139,6.442411,-1,-9.0,-9.0,-9.0,-9.0,-9.0,0.0,0.0,0.0,0.0,0.0,0.0,0.0,0.0,0,0,False,,M,True,school1,1,0,0,12,1,0,0,0,1,0,0,0,0,468,0,5,0,0,9,2
158,16.0,4.0,2,3,1,6,0,0.0,True,3,False,False,False,218,2.399990959912248,1.9351605005665995,0,,False,False,-1,-9.0,-9.0,7004,9.47715447340561,2.0514614478062625,0.8201139,6.442411,-1,-9.0,-9.0,-9.0,-9.0,-9.0,0.0,0.0,0.0,0.0,0.0,0.0,0.0,0.0,0,0,False,,M,True,school1,1,0,0,0,0,0,0,0,0,0,0,0,0,469,0,5,0,0,9,2
158,13.0,5.0,2,4,1,7,0,0.0,True,2,False,False,False,218,0.2716517365698624,0.97417172907262,0,,False,False,-1,-9.0,-9.0,23872,7.155530428470471,4.851003494223363,0.8030121,6.2828803,-1,-9.0,-9.0,-9.0,-9.0,-9.0,0.0,0.0,0.0,0.0,0.0,0.0,0.0,0.0,0,0,False,,M,True,school1,1,0,0,0,0,0,0,0,0,0,0,0,0,470,0,2,0,0,8,2
158,5.0,6.0,2,4,1,8,0,0.0,True,1,False,False,False,218,0.6192425750442492,1.109877935384751,0,,False,False,-1,-9.0,-9.0,13131,8.195093787368414,1.626520561833274,2.3231897,11.677803,-1,-9.0,-9.0,-9.0,-9.0,-9.0,0.0,0.0,0.0,0.0,0.0,0.0,0.0,0.0,0,0,False,,M,True,school1,1,0,0,0,0,0,0,0,0,0,0,0,0,471,0,2,0,0,9,2
159,37.0,1.0,2,1,3,1,13,31.0,False,0,True,True,False,218,0.6951427217899893,1.934594906200392,56,health,False,True,-1,-9.0,-9.0,-1,-9.0,-9.0,-9.0,0.0,19730,10.774991902115683,-2.7254074669845414,14.973276,7.0,28.5235,55.51378,0.0,0.0,28.5235,28.5235,0.0,0.0,0.0,0,0,True,No_Telecommute,M,True,work1,1,1,0,0,0,0,0,0,0,0,0,0,0,472,0,0,1,40,1,1
159,20.0,2.0,2,3,2,3,9,0.0,True,4,False,False,False,218,1.8399090618168368,0.6080868810146314,0,,False,False,-1,-9.0,-9.0,19370,6.5303505642430935,-6.115578524915621,14.979991,36.64235,-1,-9.0,-9.0,-9.0,-9.0,-9.0,0.0,0.0,0.0,0.0,0.0,0.0,0.0,0.0,0,0,False,,M,True,school1,1,0,0,24,3,1,0,0,2,0,0,1,0,473,0,5,0,0,9,2
159,16.0,4.0,2,3,1,6,0,0.0,True,3,False,False,False,218,0.8694577375336,3.5320180789289446,0,,False,False,-1,-9.0,-9.0,19446,9.649798585133912,-2.084805614158256,15.101783,40.315685,-1,-9.0,-9.0,-9.0,-9.0,-9.0,0.0,0.0,0.0,0.0,0.0,0.0,0.0,0.0,0,0,False,,M,True,school1,1,0,0,0,0,0,0,0,0,0,0,0,0,475,0,5,0,0,9,2
159,13.0,5.0,2,4,1,7,0,0.0,True,2,False,False,False,218,0.6680466838355201,0.7435196402205226,0,,False,False,-1,-9.0,-9.0,23265,4.222707001190281,-0.2886556665302829,3.6157448,14.994253,-1,-9.0,-9.0,-9.0,-9.0,-9.0,0.0,0.0,0.0,0.0,0.0,0.0,0.0,0.0,0,0,False,,M,True,school1,1,0,0,0,0,0,0,0,0,0,0,0,0,476,0,2,0,0,8,2
159,5.0,6.0,2,4,1,8,0,0.0,True,1,False,False,False,218,0.4993717289184406,1.0666053338829249,0,,False,False,-1,-9.0,-9.0,3402,8.724214523577585,4.428091532034868,0.7368865,4.414645,-1,-9.0,-9.0,-9.0,-9.0,-9.0,0.0,0.0,0.0,0.0,0.0,0.0,0.0,0.0,0,0,False,,M,True,school1,1,0,0,0,0,0,0,0,0,0,0,0,0,477,0,2,0,0,9,2
160,52.0,1.0,2,2,3,2,13,43.0,False,0,True,True,False,218,1.7862729181531325,1.1420496729991385,52,sales_office,False,True,-1,-9.0,-9.0,-1,-9.0,-9.0,-9.0,0.0,8220,9.93977143081914,0.1891006085815058,0.94154304,6.0,3.7042136,7.4929204,0.0,7.309,3.7042136,3.7042136,0.0,0.0,0.0,0,1,False,2_3_days_week,M,True,work1,1,1,0,2,4,2,0,0,0,2,0,0,1,478,0,0,1,25,6,1
160,15.0,2.0,1,4,1,7,0,0.0,True,3,False,False,False,218,1.339078969749417,2.196919225910606,0,,False,False,-1,-9.0,-9.0,7004,17.822592037482575,34.46817323373026,0.8201139,6.442411,-1,-9.0,-9.0,-9.0,-9.0,-9.0,0.0,0.0,0.0,0.0,0.0,0.0,0.0,0.0,0,0,False,,M,True,school1,1,0,0,89,1,1,0,0,0,0,0,0,0,479,0,5,0,0,6,1
160,13.0,3.0,1,4,1,7,0,0.0,True,2,False,False,False,218,1.196743662012808,1.2589220989024217,0,,False,False,-1,-9.0,-9.0,11793,17.92065049512399,34.77571879626138,0.62075037,4.206477,-1,-9.0,-9.0,-9.0,-9.0,-9.0,0.0,0.0,0.0,0.0,0.0,0.0,0.0,0.0,0,0,False,,M,True,school1,1,0,0,0,0,0,0,0,0,0,0,0,0,480,0,2,0,0,6,1
162,64.0,2.0,1,3,3,4,13,0.0,False,0,False,False,False,245,0.5054931282493257,0.9282609476537836,0,,False,False,-1,-9.0,-9.0,-1,-9.0,-9.0,-9.0,0.0,-1,-9.0,-9.0,-9.0,-9.0,-9.0,0.0,0.0,0.0,0.0,0.0,0.0,0.0,0.0,0,1,False,,N,True,,0,0,1,0,0,0,0,1,0,0,0,0,0,485,0,0,0,0,1,1
162,62.0,5.0,1,3,3,4,13,0.0,False,0,False,False,False,245,0.5925497470733108,0.5933632743216294,0,,False,False,-1,-9.0,-9.0,-1,-9.0,-9.0,-9.0,0.0,-1,-9.0,-9.0,-9.0,-9.0,-9.0,0.0,0.0,0.0,0.0,0.0,0.0,0.0,0.0,0,0,False,,N,True,,0,0,1,18,2,0,1,0,1,0,0,0,0,488,0,0,0,0,1,1
163,36.0,1.0,1,3,3,4,13,49.0,False,0,False,False,False,245,0.325280929542722,2.156676934386362,81,constr_maint,False,False,-1,-9.0,-9.0,-1,-9.0,-9.0,-9.0,0.0,-1,-9.0,-9.0,-9.0,-9.0,-9.0,0.0,0.0,0.0,0.0,0.0,0.0,0.0,0.0,0,1,False,,N,True,,0,0,0,12,1,0,0,0,1,0,0,0,0,489,0,0,0,0,1,2
163,31.0,2.0,2,1,3,1,13,43.0,False,0,True,True,False,245,0.5338241958122224,0.8950738399779807,23,sales_office,False,True,-1,-9.0,-9.0,-1,-9.0,-9.0,-9.0,0.0,18754,11.738518458748084,-1.7978526112762885,7.429254,7.0,12.969379,27.196918,0.0,0.0,12.969379,12.969379,0.0,0.0,0.0,0,0,True,4_days_week,N,True,,0,0,0,89,1,1,0,0,0,0,0,0,0,490,0,0,1,40,1,1
164,39.0,1.0,1,1,3,1,13,23.0,False,0,True,True,False,245,2.387515282401671,0.8986738807301747,54,mngt_busi_scic_arts,False,True,-1,-9.0,-9.0,-1,-9.0,-9.0,-9.0,0.0,23950,9.970260884668862,-4.774358749721101,5.6455226,6.0,13.987726,29.260311,0.0,8.723,13.987726,13.987726,0.0,0.0,0.0,0,0,True,2_3_days_week,N,True,,0,0,0,2,2,0,0,0,0,2,0,0,1,491,0,0,1,55,1,1
164,48.0,2.0,2,1,3,1,13,11.0,False,0,True,False,False,245,2.217150036180293,0.8546728315228511,53,mngt_busi_scic_arts,True,False,-1,-9.0,-9.0,-1,-9.0,-9.0,-9.0,0.0,-1,-9.0,-9.0,-9.0,-9.0,-9.0,0.0,0.0,0.0,0.0,0.0,0.0,0.0,0.0,0,0,False,,N,True,,0,0,0,25,3,0,0,0,2,1,0,1,0,492,0,0,1,60,1,2
165,64.0,1.0,1,1,3,1,13,15.0,False,0,True,False,False,245,0.5628876643148361,1.0265397084840124,54,mngt_busi_scic_arts,True,False,-1,-9.0,-9.0,-1,-9.0,-9.0,-9.0,0.0,-1,-9.0,-9.0,-9.0,-9.0,-9.0,0.0,0.0,0.0,0.0,0.0,0.0,0.0,0.0,0,0,False,,N,True,,0,0,0,35,1,0,0,1,0,0,0,0,0,493,0,0,6,60,1,1
165,63.0,2.0,2,1,3,1,13,11.0,False,0,True,True,False,245,0.3593115504448858,0.844354762486903,33,mngt_busi_scic_arts,False,True,-1,-9.0,-9.0,-1,-9.0,-9.0,-9.0,0.0,14295,11.865221776579965,-3.3615893202907787,26.146156,3.0,51.99485,102.4619,0.0,0.0,53.70294,51.99485,0.0,0.0,1.7080917,0,0,True,No_Telecommute,M,True,work1,1,1,0,0,0,0,0,0,0,0,0,0,0,494,0,0,1,40,1,1
165,44.0,3.0,1,3,3,4,13,99.0,False,0,False,False,False,245,0.4636966099595275,0.3437722514492654,99,,False,False,-1,-9.0,-9.0,-1,-9.0,-9.0,-9.0,0.0,-1,-9.0,-9.0,-9.0,-9.0,-9.0,0.0,0.0,0.0,0.0,0.0,0.0,0.0,0.0,0,0,False,,N,True,,0,0,0,14,3,0,0,0,1,2,0,0,1,495,0,0,0,0,1,1
166,29.0,1.0,2,1,3,1,13,41.0,False,0,True,True,False,245,0.2315629481298098,1.6718738463290812,56,sales_office,False,True,-1,-9.0,-9.0,-1,-9.0,-9.0,-9.0,0.0,17790,11.827920381190165,-4.017892120037063,35.37064,7.0,56.20331,111.87377,0.0,0.0,62.214684,55.110085,0.0,0.0,7.104599,0,0,True,No_Telecommute,M,True,work1,1,1,0,12,1,0,0,0,1,0,0,0,0,496,0,0,1,40,1,2
167,21.0,1.0,1,2,3,2,9,55.0,False,0,True,True,False,245,0.63300261437497,1.3429163681180265,9000,military,False,True,-1,-9.0,-9.0,-1,-9.0,-9.0,-9.0,0.0,7369,9.235953179352675,-1.5456230359715553,5.007447,6.0,9.719626,24.883633,0.0,0.0,9.719626,9.719626,0.0,0.0,0.0,0,0,True,No_Telecommute,N,True,,0,0,0,12,1,0,0,0,1,0,0,0,0,497,1,0,1,9,1,2
167,20.0,2.0,2,3,3,4,9,53.0,False,0,False,False,False,245,0.6428059578214789,0.4841868144991931,45,prod_trans_move,False,False,-1,-9.0,-9.0,-1,-9.0,-9.0,-9.0,0.0,-1,-9.0,-9.0,-9.0,-9.0,-9.0,0.0,0.0,0.0,0.0,0.0,0.0,0.0,0.0,0,0,False,,N,True,,0,0,0,89,1,1,0,0,0,0,0,0,0,498,0,0,6,30,1,1
168,74.0,1.0,2,3,3,5,13,0.0,False,0,False,False,False,245,0.6985323626190768,1.545549609364313,0,,False,False,-1,-9.0,-9.0,-1,-9.0,-9.0,-9.0,0.0,-1,-9.0,-9.0,-9.0,-9.0,-9.0,0.0,0.0,0.0,0.0,0.0,0.0,0.0,0.0,0,0,False,,N,True,,0,0,0,36,2,0,0,1,0,1,0,0,0,499,0,0,0,0,1,1
169,69.0,1.0,2,3,3,5,13,0.0,False,0,False,False,False,245,0.5667012855187314,1.1686667662148809,0,,False,False,-1,-9.0,-9.0,-1,-9.0,-9.0,-9.0,0.0,-1,-9.0,-9.0,-9.0,-9.0,-9.0,0.0,0.0,0.0,0.0,0.0,0.0,0.0,0.0,0,0,False,,N,True,,0,0,0,3,1,0,0,0,0,0,1,0,0,500,0,0,0,0,9,2
170,23.0,1.0,2,1,3,1,13,33.0,False,0,True,True,False,245,0.5124353890577841,0.8052803147246124,92,services,False,True,-1,-9.0,-9.0,-1,-9.0,-9.0,-9.0,0.0,23265,11.839076540539027,0.5833436452524594,1.0064582,6.0,2.82521,6.191416,0.0,0.0,2.82521,2.82521,0.0,0.0,0.0,0,0,False,No_Telecommute,N,True,,0,0,0,74,5,0,1,2,0,2,0,1,1,501,0,0,1,60,1,1
170,22.0,3.0,1,3,2,3,13,41.0,True,4,False,False,False,245,0.3347616158970815,1.1619156141735076,44,sales_office,False,False,-1,-9.0,-9.0,23114,7.632611344947327,-0.2975903738998514,5.1790795,19.33551,-1,-9.0,-9.0,-9.0,-9.0,-9.0,0.0,0.0,0.0,0.0,0.0,0.0,0.0,0.0,0,0,False,,N,True,,0,0,0,36,2,0,0,1,0,1,0,0,0,503,0,6,6,50,1,1
171,35.0,1.0,1,1,3,1,13,55.0,False,0,True,True,False,245,0.4027201381059508,1.0227717298403964,9000,military,False,True,-1,-9.0,-9.0,-1,-9.0,-9.0,-9.0,0.0,1380,10.962943134375063,-2.227902001350115,20.296461,6.0,50.41194,107.05856,0.0,0.0,50.41194,50.41194,0.0,0.0,0.0,0,0,True,No_Telecommute,N,True,,0,0,0,6,1,0,1,0,0,0,0,0,0,504,1,0,1,40,1,1
172,43.0,1.0,2,3,3,4,13,0.0,False,0,False,False,False,245,0.5849774304581049,1.114479932260611,0,,False,False,-1,-9.0,-9.0,-1,-9.0,-9.0,-9.0,0.0,-1,-9.0,-9.0,-9.0,-9.0,-9.0,0.0,0.0,0.0,0.0,0.0,0.0,0.0,0.0,0,0,False,,N,True,,0,0,0,35,1,0,0,1,0,0,0,0,0,506,0,0,0,0,1,2
173,31.0,1.0,2,1,3,1,13,29.0,False,0,True,True,False,245,0.4897362152341457,0.7219482370991737,9000,health,False,True,-1,-9.0,-9.0,-1,-9.0,-9.0,-9.0,0.0,16422,11.164494391188777,-1.254079059784872,5.0638337,6.0,10.296122,19.46351,0.0,0.0,10.296122,10.296122,0.0,0.0,0.0,0,0,True,No_Telecommute,N,True,,0,0,0,12,1,0,0,0,1,0,0,0,0,507,1,6,1,42,1,1
174,21.0,1.0,1,1,3,1,9,55.0,False,0,True,True,False,245,0.7268756694597579,0.6199998430433983,9000,military,False,True,-1,-9.0,-9.0,-1,-9.0,-9.0,-9.0,0.0,5878,10.168031173749032,-2.996768558946897,11.896355,6.0,28.208067,62.335052,0.0,0.0,28.208067,28.208067,0.0,0.0,0.0,0,0,True,No_Telecommute,M,True,work1,1,1,0,6,1,0,1,0,0,0,0,0,0,508,1,0,1,42,9,2
174,20.0,2.0,2,3,3,4,9,41.0,False,0,False,False,False,245,1.8526741309380117,0.5791813707568314,44,sales_office,False,False,-1,-9.0,-9.0,-1,-9.0,-9.0,-9.0,0.0,-1,-9.0,-9.0,-9.0,-9.0,-9.0,0.0,0.0,0.0,0.0,0.0,0.0,0.0,0.0,0,0,False,,N,True,,0,0,0,3,1,0,0,0,0,0,1,0,0,509,0,0,0,0,9,2
175,56.0,1.0,2,2,3,2,13,37.0,False,0,True,True,False,251,1.4960249674404194,0.3536821066174423,81,services,False,True,-1,-9.0,-9.0,-1,-9.0,-9.0,-9.0,0.0,18296,9.36115497392837,-4.180971943962304,6.3127203,6.0,15.604238,31.681877,0.0,0.0,15.806613,15.604238,0.0,0.0,0.20237541,0,0,True,No_Telecommute,M,True,work1,1,1,0,18,3,0,2,0,1,0,0,0,0,511,0,0,2,30,1,2
175,57.0,2.0,1,3,3,4,13,0.0,False,0,False,False,False,251,1.235863738853069,0.8155945629903961,0,,False,False,-1,-9.0,-9.0,-1,-9.0,-9.0,-9.0,0.0,-1,-9.0,-9.0,-9.0,-9.0,-9.0,0.0,0.0,0.0,0.0,0.0,0.0,0.0,0.0,0,0,False,,N,True,,0,0,0,2,2,0,0,0,0,2,0,0,1,512,0,0,0,0,1,2
176,57.0,1.0,1,3,3,4,13,53.0,False,0,False,False,False,251,0.3629658845600913,0.8711445986410903,48,prod_trans_move,False,False,-1,-9.0,-9.0,-1,-9.0,-9.0,-9.0,0.0,-1,-9.0,-9.0,-9.0,-9.0,-9.0,0.0,0.0,0.0,0.0,0.0,0.0,0.0,0.0,0,1,False,,N,True,,0,0,1,0,0,0,0,0,1,0,0,0,0,514,0,0,0,0,1,1
176,59.0,2.0,1,3,3,4,13,11.0,False,0,False,False,False,251,1.544551219675826,0.9854858395894048,71,mngt_busi_scic_arts,False,False,-1,-9.0,-9.0,-1,-9.0,-9.0,-9.0,0.0,-1,-9.0,-9.0,-9.0,-9.0,-9.0,0.0,0.0,0.0,0.0,0.0,0.0,0.0,0.0,0,1,False,,N,True,,0,0,1,14,3,0,0,0,1,2,0,0,1,515,0,0,0,0,1,1
177,27.0,1.0,1,1,3,1,13,15.0,False,0,True,True,False,251,0.494236978183005,1.6779555480662094,54,mngt_busi_scic_arts,False,True,-1,-9.0,-9.0,-1,-9.0,-9.0,-9.0,0.0,11155,12.20056654577475,-4.485062470568422,36.157944,2.0,60.194195,123.706024,0.0,10.132,62.712196,60.194195,0.0,0.0,2.5180016,1,1,True,1_day_week,M,True,work1,1,1,0,0,0,0,0,0,0,0,0,0,0,516,0,0,1,40,8,2
177,52.0,2.0,1,1,3,1,13,47.0,False,0,True,True,False,251,0.3945804941296387,0.3614538869311307,23,constr_maint,False,True,-1,-9.0,-9.0,-1,-9.0,-9.0,-9.0,0.0,18969,11.243302615555908,-1.7081409148377218,11.841368,7.0,26.743946,53.098576,0.0,0.0,26.743946,25.63004,0.0,0.0,1.1139069,0,0,True,No_Telecommute,M,True,work1,1,1,0,0,0,0,0,0,0,0,0,0,0,517,0,0,1,40,8,2
177,45.0,3.0,2,3,3,4,13,0.0,False,0,False,False,False,251,0.9638727344042992,1.341038134394724,0,,False,False,-1,-9.0,-9.0,-1,-9.0,-9.0,-9.0,0.0,-1,-9.0,-9.0,-9.0,-9.0,-9.0,0.0,0.0,0.0,0.0,0.0,0.0,0.0,0.0,0,0,False,,N,True,,0,0,0,6,1,0,1,0,0,0,0,0,0,518,0,0,0,0,8,2
178,41.0,1.0,2,1,3,1,13,11.0,False,0,True,False,False,251,2.1205123964492496,0.4661442807484641,92,mngt_busi_scic_arts,True,False,-1,-9.0,-9.0,-1,-9.0,-9.0,-9.0,0.0,-1,-9.0,-9.0,-9.0,-9.0,-9.0,0.0,0.0,0.0,0.0,0.0,0.0,0.0,0.0,0,0,False,,N,True,,0,0,0,1,1,0,0,0,0,1,0,0,0,519,0,0,1,36,9,2
178,38.0,2.0,2,1,3,1,13,13.0,False,0,True,False,False,251,0.8442844989086202,0.2945839266775621,92,mngt_busi_scic_arts,True,False,-1,-9.0,-9.0,-1,-9.0,-9.0,-9.0,0.0,-1,-9.0,-9.0,-9.0,-9.0,-9.0,0.0,0.0,0.0,0.0,0.0,0.0,0.0,0.0,0,0,False,,N,True,,0,0,0,12,1,0,0,0,1,0,0,0,0,520,0,0,1,40,9,2
179,27.0,2.0,1,3,3,4,13,47.0,False,0,False,False,False,251,0.5628312002620677,0.8996755257203009,23,constr_maint,False,False,-1,-9.0,-9.0,-1,-9.0,-9.0,-9.0,0.0,-1,-9.0,-9.0,-9.0,-9.0,-9.0,0.0,0.0,0.0,0.0,0.0,0.0,0.0,0.0,0,0,False,,N,True,,0,0,0,12,1,0,0,0,1,0,0,0,0,522,0,0,3,30,1,1
179,25.0,3.0,1,3,3,4,13,13.0,False,0,False,False,False,251,0.5863430228973793,2.3225122604684163,45,mngt_busi_scic_arts,False,False,-1,-9.0,-9.0,-1,-9.0,-9.0,-9.0,0.0,-1,-9.0,-9.0,-9.0,-9.0,-9.0,0.0,0.0,0.0,0.0,0.0,0.0,0.0,0.0,0,1,False,,N,True,,0,0,0,89,1,1,0,0,0,0,0,0,0,523,0,0,0,0,9,2
180,45.0,1.0,1,3,2,3,13,39.0,True,4,False,False,False,251,0.7194158373603944,0.1736042359408366,71,services,False,False,-1,-9.0,-9.0,19370,6.117255478689632,-0.3521163950251633,14.181299,38.76941,-1,-9.0,-9.0,-9.0,-9.0,-9.0,0.0,0.0,0.0,0.0,0.0,0.0,0.0,0.0,0,0,False,,M,True,school1,1,0,0,0,0,0,0,0,0,0,0,0,0,524,0,6,3,40,1,1
181,64.0,1.0,2,3,3,4,13,0.0,False,0,False,False,False,251,0.8667024634856425,2.7083885454211813,0,,False,False,-1,-9.0,-9.0,-1,-9.0,-9.0,-9.0,0.0,-1,-9.0,-9.0,-9.0,-9.0,-9.0,0.0,0.0,0.0,0.0,0.0,0.0,0.0,0.0,0,0,False,,N,True,,0,0,0,24,2,0,0,0,2,0,0,1,0,525,0,0,0,0,1,1
184,31.0,1.0,1,3,3,4,13,41.0,False,0,False,False,False,293,0.4845362487573242,0.3635647654695192,44,sales_office,False,False,-1,-9.0,-9.0,-1,-9.0,-9.0,-9.0,0.0,-1,-9.0,-9.0,-9.0,-9.0,-9.0,0.0,0.0,0.0,0.0,0.0,0.0,0.0,0.0,0,0,False,,N,True,,0,0,1,0,2,2,0,1,0,0,0,0,0,528,0,0,0,0,1,1
184,7.0,3.0,2,4,1,7,0,0.0,True,2,False,False,False,293,1.035720278946597,0.8218008956559655,0,,False,False,-1,-9.0,-9.0,5578,6.070552358711133,-2.2011872145422475,14.617454,33.915768,-1,-9.0,-9.0,-9.0,-9.0,-9.0,0.0,0.0,0.0,0.0,0.0,0.0,0.0,0.0,0,0,False,,N,True,,0,0,1,89,1,1,0,0,0,0,0,0,0,530,0,0,0,0,1,1
184,4.0,5.0,2,4,1,8,0,0.0,True,1,False,False,False,293,1.2032318282246774,0.5837854528697203,0,,False,False,-1,-9.0,-9.0,8111,8.746979542731092,1.7526666193917202,3.8284166,12.0523615,-1,-9.0,-9.0,-9.0,-9.0,-9.0,0.0,0.0,0.0,0.0,0.0,0.0,0.0,0.0,0,0,False,,M,True,school1,1,0,0,0,0,0,0,0,0,0,0,0,0,532,0,0,0,0,1,1
184,22.0,7.0,1,1,3,1,13,43.0,False,0,True,True,False,293,1.1690279985851182,0.8256476477178593,51,sales_office,False,True,-1,-9.0,-9.0,-1,-9.0,-9.0,-9.0,0.0,6478,10.7830420409953,-8.262688797303841,32.513573,3.0,60.087128,119.46103,0.0,4.756,60.087128,60.087128,0.0,0.0,0.0,0,0,True,No_Telecommute,N,True,,0,0,1,12,1,0,0,0,1,0,0,0,0,534,0,6,1,80,1,1
185,82.0,1.0,1,3,3,5,13,0.0,False,0,False,False,False,293,0.506269725950465,0.5369453517045081,0,,False,False,-1,-9.0,-9.0,-1,-9.0,-9.0,-9.0,0.0,-1,-9.0,-9.0,-9.0,-9.0,-9.0,0.0,0.0,0.0,0.0,0.0,0.0,0.0,0.0,0,0,False,,N,True,,0,0,0,12,1,0,0,0,1,0,0,0,0,535,0,0,0,0,1,2
186,70.0,1.0,1,3,3,5,13,0.0,False,0,False,False,False,293,1.3569465445252769,1.1916455660494667,0,,False,False,-1,-9.0,-9.0,-1,-9.0,-9.0,-9.0,0.0,-1,-9.0,-9.0,-9.0,-9.0,-9.0,0.0,0.0,0.0,0.0,0.0,0.0,0.0,0.0,0,0,False,,N,True,,0,0,0,6,1,0,1,0,0,0,0,0,0,537,0,0,0,0,1,2
187,74.0,1.0,2,3,3,5,13,0.0,False,0,False,False,False,293,0.2583385495667226,0.4875345661990422,0,,False,False,-1,-9.0,-9.0,-1,-9.0,-9.0,-9.0,0.0,-1,-9.0,-9.0,-9.0,-9.0,-9.0,0.0,0.0,0.0,0.0,0.0,0.0,0.0,0.0,0,0,False,,N,True,,0,0,0,3,1,0,0,0,0,0,1,0,0,538,0,0,0,0,1,1
188,36.0,1.0,1,3,3,4,13,49.0,False,0,False,False,False,293,0.2846921387247234,1.7392812622386202,81,constr_maint,False,False,-1,-9.0,-9.0,-1,-9.0,-9.0,-9.0,0.0,-1,-9.0,-9.0,-9.0,-9.0,-9.0,0.0,0.0,0.0,0.0,0.0,0.0,0.0,0.0,0,0,False,,N,True,,0,0,0,12,1,0,0,0,1,0,0,0,0,539,0,0,0,0,1,2
188,31.0,2.0,2,1,3,1,13,43.0,False,0,True,False,True,293,0.5093893420977103,0.6204588802013069,23,sales_office,False,True,24331,5.2928374125014095,-3.492947475018844,-1,-9.0,-9.0,-9.0,0.0,24331,5.2928374125014095,-3.492947475018844,25.704792,-9.0,43.9876,87.15436,0.0,0.0,0.0,0.0,0.0,0.0,0.0,0,0,False,No_Telecommute,M,True,work1,1,1,0,0,0,0,0,0,0,0,0,0,0,540,0,0,1,40,1,1
189,25.0,1.0,1,1,3,1,13,53.0,False,0,True,True,False,293,0.5982780460281601,0.6451891268435122,81,prod_trans_move,False,True,-1,-9.0,-9.0,-1,-9.0,-9.0,-9.0,0.0,14302,11.290761928274511,-5.789451041623922,26.912584,3.0,55.05155,112.10866,0.0,0.0,55.05155,55.05155,0.0,0.0,0.0,0,0,False,No_Telecommute,M,True,work1,1,1,0,0,0,0,0,0,0,0,0,0,0,541,0,0,5,48,1,2
192,39.0,1.0,1,1,3,1,13,23.0,False,0,True,False,False,293,0.4322051905238135,0.5671083858544428,54,mngt_busi_scic_arts,True,False,-1,-9.0,-9.0,-1,-9.0,-9.0,-9.0,0.0,-1,-9.0,-9.0,-9.0,-9.0,-9.0,0.0,0.0,0.0,0.0,0.0,0.0,0.0,0.0,0,0,False,,N,True,,0,0,0,77,3,0,0,2,1,0,0,2,0,545,0,0,1,55,1,1
192,48.0,2.0,2,1,3,1,13,11.0,False,0,True,False,True,293,1.0310285768586496,1.1704469914307136,53,mngt_busi_scic_arts,False,True,24331,5.2306003434855,-4.6339516834870285,-1,-9.0,-9.0,-9.0,0.0,24331,5.2306003434855,-4.6339516834870285,25.704792,-9.0,43.9876,87.15436,0.0,0.0,0.0,0.0,0.0,0.0,0.0,0,0,True,2_3_days_week,N,True,,0,0,0,12,1,0,0,0,1,0,0,0,0,546,0,0,1,60,1,2
193,77.0,1.0,2,3,2,3,13,0.0,True,4,False,False,False,293,0.6697608745350503,0.923792652682437,0,,False,False,-1,-9.0,-9.0,23114,6.801813679401814,-1.962929410743869,7.6733613,22.979916,-1,-9.0,-9.0,-9.0,-9.0,-9.0,0.0,0.0,0.0,0.0,0.0,0.0,0.0,0.0,0,0,False,,N,True,,0,0,0,36,2,0,0,1,0,1,0,0,0,547,0,6,0,0,1,1
194,64.0,1.0,1,1,3,1,13,15.0,False,0,True,True,False,293,0.999552548891068,1.560096735008898,54,mngt_busi_scic_arts,False,True,-1,-9.0,-9.0,-1,-9.0,-9.0,-9.0,0.0,7226,10.674461264784265,-1.546572640447012,1.6572169,6.0,5.659798,10.926841,0.0,1.42,5.8690886,5.659798,0.0,0.0,0.2092905,0,0,False,No_Telecommute,N,True,,0,0,0,47,2,0,0,1,1,0,0,1,0,548,0,0,6,60,1,1
194,63.0,2.0,2,1,3,1,13,11.0,False,0,True,True,False,293,1.7811638866369055,0.9200359177238954,33,mngt_busi_scic_arts,False,True,-1,-9.0,-9.0,-1,-9.0,-9.0,-9.0,0.0,16362,9.399437691205655,-4.294050679287722,7.223021,6.0,15.405405,31.201668,0.0,0.0,15.523888,15.363533,0.0,0.0,0.16035461,0,0,True,No_Telecommute,M,True,work1,1,1,0,0,0,0,0,0,0,0,0,0,0,549,0,0,1,40,1,1
194,44.0,3.0,1,3,3,4,13,99.0,False,0,False,False,False,293,0.3283388010524193,1.2803827775046683,99,,False,False,-1,-9.0,-9.0,-1,-9.0,-9.0,-9.0,0.0,-1,-9.0,-9.0,-9.0,-9.0,-9.0,0.0,0.0,0.0,0.0,0.0,0.0,0.0,0.0,0,0,False,,N,True,,0,0,0,89,1,1,0,0,0,0,0,0,0,550,0,0,0,0,1,1
195,22.0,1.0,1,1,3,1,13,55.0,False,0,True,False,True,293,1.481483347272589,1.5165497508249377,9000,military,False,True,24331,5.089645038616942,-6.588681289023522,-1,-9.0,-9.0,-9.0,0.0,24331,5.089645038616942,-6.588681289023522,25.704792,-9.0,43.9876,87.15436,0.0,0.0,0.0,0.0,0.0,0.0,0.0,0,1,True,No_Telecommute,M,True,work1,1,1,0,0,0,0,0,0,0,0,0,0,0,551,1,6,1,45,1,2
196,41.0,1.0,1,1,3,1,13,41.0,False,0,True,True,False,293,0.5817398288857345,0.4242019784411878,56,sales_office,False,True,-1,-9.0,-9.0,-1,-9.0,-9.0,-9.0,0.0,229,11.744791929158213,-0.4561647395015039,0.4265082,6.0,1.5064336,2.8786097,0.0,6.942,1.7157233,1.5064336,0.0,0.0,0.20928967,0,1,False,No_Telecommute,M,True,work1,1,1,0,0,0,0,0,0,0,0,0,0,0,552,0,0,1,50,8,2
197,21.0,1.0,1,1,3,1,9,15.0,False,0,True,False,True,293,1.505997506480524,1.1168878291743995,9000,mngt_busi_scic_arts,False,True,24331,5.028037492257538,-7.199963000080071,-1,-9.0,-9.0,-9.0,0.0,24331,5.028037492257538,-7.199963000080071,25.704792,-9.0,43.9876,87.15436,0.0,0.0,0.0,0.0,0.0,0.0,0.0,0,0,False,No_Telecommute,N,True,,0,0,0,35,1,0,0,1,0,0,0,0,0,553,1,0,1,54,2,2
197,22.0,2.0,2,1,3,1,13,51.0,False,0,True,True,False,293,1.1077842105368798,1.4656793769967456,44,prod_trans_move,False,True,-1,-9.0,-9.0,-1,-9.0,-9.0,-9.0,0.0,24118,10.51691635786597,-5.3735932465083,16.37751,6.0,40.004692,79.96539,0.0,0.0,40.21398,40.004692,0.0,0.0,0.20928955,0,1,False,No_Telecommute,M,True,work1,1,1,0,0,0,0,0,0,0,0,0,0,0,554,0,0,2,39,1,2
198,40.0,1.0,1,1,3,1,13,29.0,False,0,True,True,False,293,0.715281260056099,0.613876995665612,62,health,False,True,-1,-9.0,-9.0,-1,-9.0,-9.0,-9.0,0.0,2149,10.973384300323543,-0.469304599035862,0.4265082,6.0,1.5064336,2.8786097,0.0,6.635,1.7157233,1.5064336,0.0,0.0,0.20928967,0,0,False,No_Telecommute,N,True,,0,0,0,120,2,1,0,1,0,0,0,0,0,555,0,0,1,36,6,1
200,26.0,1.0,1,1,3,1,13,55.0,False,0,True,True,False,293,0.5541343966781956,0.6315844421126846,9000,military,False,True,-1,-9.0,-9.0,-1,-9.0,-9.0,-9.0,0.0,1380,10.46018307996133,-3.103342362986395,17.815851,6.0,46.04089,96.79558,0.0,0.0,46.04089,46.04089,0.0,0.0,0.0,0,0,False,No_Telecommute,N,True,,0,0,0,6,1,0,1,0,0,0,0,0,0,557,1,0,1,45,9,2
201,35.0,1.0,1,1,3,1,13,55.0,False,0,True,True,False,293,0.2724790517818429,0.6759450046324034,9000,military,False,True,-1,-9.0,-9.0,-1,-9.0,-9.0,-9.0,0.0,1380,11.309302795757358,-1.5148401501864737,17.815851,6.0,46.04089,96.79558,0.0,0.0,46.04089,46.04089,0.0,0.0,0.0,0,0,False,No_Telecommute,M,True,work1,1,1,0,0,0,0,0,0,0,0,0,0,0,558,1,0,1,40,1,1
201,30.0,2.0,2,3,2,3,13,31.0,True,4,False,False,False,293,1.0523195209223153,2.6762091866035416,62,health,False,False,-1,-9.0,-9.0,19370,6.506269174806449,-3.909376451292451,15.3405075,37.26361,-1,-9.0,-9.0,-9.0,-9.0,-9.0,0.0,0.0,0.0,0.0,0.0,0.0,0.0,0.0,0,0,False,,M,True,school1,1,0,0,0,0,0,0,0,0,0,0,0,0,559,0,6,0,0,1,1
202,41.0,1.0,2,1,3,1,13,11.0,False,0,True,True,False,293,0.6129830238882756,1.3552989711996226,92,mngt_busi_scic_arts,False,True,-1,-9.0,-9.0,-1,-9.0,-9.0,-9.0,0.0,2420,11.42285940768091,-1.5097618602373568,4.658347,6.0,11.2052765,22.985813,0.0,0.0,11.2052765,11.2052765,0.0,0.0,0.0,0,0,True,2_3_days_week,N,True,,0,0,0,13,2,0,0,0,1,1,0,0,0,560,0,0,1,36,9,2
202,38.0,2.0,2,1,3,1,13,13.0,False,0,True,True,False,293,1.2672316310115497,0.8305078794387387,92,mngt_busi_scic_arts,False,True,-1,-9.0,-9.0,-1,-9.0,-9.0,-9.0,0.0,245,10.393558583518043,-1.8530936827899616,2.575497,6.0,7.500049,14.921829,0.0,0.0,7.500049,7.500049,0.0,0.0,0.0,0,0,True,No_Telecommute,N,True,,0,0,0,95,2,1,1,0,0,0,0,0,0,561,0,0,1,40,9,2
203,43.0,1.0,2,3,3,4,13,0.0,False,0,False,False,False,293,1.3063269461563347,0.7084451308353199,0,,False,False,-1,-9.0,-9.0,-1,-9.0,-9.0,-9.0,0.0,-1,-9.0,-9.0,-9.0,-9.0,-9.0,0.0,0.0,0.0,0.0,0.0,0.0,0.0,0.0,0,1,False,,N,True,,0,0,0,3,1,0,0,0,0,0,1,0,0,562,0,0,0,0,1,2
204,44.0,1.0,2,2,3,2,13,31.0,False,0,True,True,False,293,0.9901600437841824,0.6408735131797068,62,health,False,True,-1,-9.0,-9.0,-1,-9.0,-9.0,-9.0,0.0,13527,8.595398133474514,-2.5111863211056398,3.9280117,6.0,9.469174,21.379444,0.0,0.0,9.469174,9.469174,0.0,0.0,0.0,0,0,True,1_day_week,M,True,work2,2,2,0,0,0,0,0,0,0,0,0,0,0,563,0,0,1,25,8,2
205,62.0,1.0,2,3,3,4,13,37.0,False,0,False,False,False,293,0.574176422301611,1.1463677498703415,56,services,False,False,-1,-9.0,-9.0,-1,-9.0,-9.0,-9.0,0.0,-1,-9.0,-9.0,-9.0,-9.0,-9.0,0.0,0.0,0.0,0.0,0.0,0.0,0.0,0.0,0,0,False,,N,True,,0,0,0,101,2,1,0,0,1,0,0,0,0,564,0,0,5,2,9,2
205,40.0,3.0,2,2,3,2,13,31.0,False,0,True,True,False,293,0.385880053038101,1.2172093183963568,62,health,False,True,-1,-9.0,-9.0,-1,-9.0,-9.0,-9.0,0.0,15747,9.58436517582728,-1.2113359602862117,4.5333056,6.0,10.377346,21.252697,0.0,0.0,10.377346,10.377346,0.0,0.0,0.0,0,0,False,No_Telecommute,N,True,,0,0,0,89,1,1,0,0,0,0,0,0,0,566,0,0,3,24,9,2
206,29.0,1.0,1,1,3,1,13,55.0,False,0,True,True,False,293,0.5707792863104507,1.2936308295706826,9000,military,False,True,-1,-9.0,-9.0,-1,-9.0,-9.0,-9.0,0.0,1380,10.78559044391909,-2.6180937194460894,17.815851,6.0,46.04089,96.79558,0.0,0.0,46.04089,46.04089,0.0,0.0,0.0,0,0,True,No_Telecommute,N,True,,0,0,1,1,3,2,1,0,0,1,0,0,0,567,1,0,1,50,9,2
206,30.0,2.0,2,2,3,2,13,35.0,False,0,True,False,True,293,1.0535172539754971,0.772104713894007,722,services,False,True,24333,5.181322452213698,-3.4180596536972323,-1,-9.0,-9.0,-9.0,0.0,24333,5.181322452213698,-3.4180596536972323,19.388208,-9.0,18.818518,36.732883,0.0,0.0,0.0,0.0,0.0,0.0,0.0,0,0,True,No_Telecommute,M,True,work1,1,1,1,89,1,1,0,0,0,0,0,0,0,568,0,0,6,24,1,1
206,14.0,3.0,2,4,1,7,0,0.0,True,2,False,False,False,293,1.4435252306443351,0.5928313099545189,0,,False,False,-1,-9.0,-9.0,19052,5.756243614648263,-2.387087333443753,7.623858,23.060408,-1,-9.0,-9.0,-9.0,-9.0,-9.0,0.0,0.0,0.0,0.0,0.0,0.0,0.0,0.0,0,0,False,,M,True,school1,1,0,1,0,0,0,0,0,0,0,0,0,0,569,0,2,0,0,9,2
207,38.0,1.0,1,1,3,1,13,15.0,False,0,True,True,False,293,1.6129466207844427,1.0080363119840394,61,mngt_busi_scic_arts,False,True,-1,-9.0,-9.0,-1,-9.0,-9.0,-9.0,0.0,12803,9.570455361365786,-10.100873968209168,26.699753,3.0,56.90941,112.8843,0.0,0.0,56.90941,55.762188,0.0,0.0,1.1472206,0,0,False,No_Telecommute,N,True,,0,0,1,1,1,0,1,0,0,1,0,0,0,573,0,0,1,40,1,2
208,60.0,1.0,1,1,3,1,13,51.0,False,0,True,True,False,293,2.029691935867514,0.3337068176980217,81,prod_trans_move,False,True,-1,-9.0,-9.0,-1,-9.0,-9.0,-9.0,0.0,1217,9.622965167773,-2.6109398345894825,1.5671839,6.0,5.483994,10.7786665,0.0,6.067,5.483994,5.483994,0.0,0.0,0.0,0,1,True,No_Telecommute,M,True,work1,1,1,0,0,0,0,0,0,0,0,0,0,0,575,0,0,1,40,8,2
208,77.0,2.0,1,3,3,5,13,0.0,False,0,False,False,False,293,1.227260679027639,0.5416934790300303,0,,False,False,-1,-9.0,-9.0,-1,-9.0,-9.0,-9.0,0.0,-1,-9.0,-9.0,-9.0,-9.0,-9.0,0.0,0.0,0.0,0.0,0.0,0.0,0.0,0.0,0,0,False,,N,True,,0,0,0,12,1,0,0,0,1,0,0,0,0,576,0,0,0,0,8,2
208,75.0,3.0,2,3,3,5,13,0.0,False,0,False,False,False,293,0.6641238932925319,0.3765467851552806,0,,False,False,-1,-9.0,-9.0,-1,-9.0,-9.0,-9.0,0.0,-1,-9.0,-9.0,-9.0,-9.0,-9.0,0.0,0.0,0.0,0.0,0.0,0.0,0.0,0.0,0,0,False,,N,True,,0,0,0,12,1,0,0,0,1,0,0,0,0,577,0,0,0,0,8,2
209,41.0,1.0,2,1,3,1,13,39.0,False,0,True,True,False,293,0.3912874553397869,0.9694028426957916,81,services,False,True,-1,-9.0,-9.0,-1,-9.0,-9.0,-9.0,0.0,18731,11.692160427699882,-1.7308818744011332,11.970715,7.0,21.083666,41.48336,0.0,0.0,21.083666,20.530306,0.0,0.0,0.55336,0,1,False,2_3_days_week,N,True,,0,0,1,24,2,0,1,0,2,0,0,1,0,578,0,0,5,40,1,2
209,38.0,2.0,1,1,3,1,13,41.0,False,0,True,True,False,293,0.3293321562630794,1.1397388108058355,44,sales_office,False,True,-1,-9.0,-9.0,-1,-9.0,-9.0,-9.0,0.0,14358,12.236472342903696,-2.78160766369542,26.138216,3.0,52.267586,106.260735,0.0,1.696,52.267586,52.267586,0.0,0.0,0.0,0,0,True,No_Telecommute,M,True,work1,1,1,1,0,0,0,0,0,0,0,0,0,0,579,0,0,1,50,1,1
210,38.0,1.0,1,1,3,1,13,11.0,False,0,True,True,False,293,0.9362030586043892,0.6541716481450156,33,mngt_busi_scic_arts,False,True,-1,-9.0,-9.0,-1,-9.0,-9.0,-9.0,0.0,359,10.946619366316384,-0.7778441448657537,0.615612,6.0,1.7421514,3.698647,0.0,6.05,1.7421514,1.7421514,0.0,0.0,0.0,0,0,False,2_3_days_week,M,True,work1,1,1,0,0,0,0,0,0,0,0,0,0,0,580,0,0,1,50,1,2
210,41.0,2.0,2,3,3,4,13,25.0,False,0,False,False,False,293,0.5910663560945958,0.8166937686142782,62,services,False,False,-1,-9.0,-9.0,-1,-9.0,-9.0,-9.0,0.0,-1,-9.0,-9.0,-9.0,-9.0,-9.0,0.0,0.0,0.0,0.0,0.0,0.0,0.0,0.0,0,0,False,,N,True,,0,0,0,12,1,0,0,0,1,0,0,0,0,581,0,0,0,0,1,1
211,20.0,1.0,1,1,3,1,9,51.0,False,0,True,True,False,305,0.4484455188849377,0.7427482564395287,32,prod_trans_move,False,True,-1,-9.0,-9.0,-1,-9.0,-9.0,-9.0,0.0,4853,11.695678293562294,-4.7081972520749815,28.91997,3.0,60.600204,117.79839,0.0,0.0,62.516922,58.32888,0.0,0.0,4.1880417,0,0,True,4_days_week,M,True,work1,1,1,0,0,0,0,0,0,0,0,0,0,0,582,0,0,2,40,1,2
212,36.0,1.0,1,3,3,4,13,49.0,False,0,False,False,False,305,1.0276970151403708,0.5586759612254619,81,constr_maint,False,False,-1,-9.0,-9.0,-1,-9.0,-9.0,-9.0,0.0,-1,-9.0,-9.0,-9.0,-9.0,-9.0,0.0,0.0,0.0,0.0,0.0,0.0,0.0,0.0,0,0,False,,N,True,,0,0,0,35,1,0,0,1,0,0,0,0,0,583,0,0,0,0,1,2
212,31.0,2.0,2,1,3,1,13,43.0,False,0,True,True,False,305,0.6571239470796716,0.3203524004778906,23,sales_office,False,True,-1,-9.0,-9.0,-1,-9.0,-9.0,-9.0,0.0,1805,11.457872548080683,-0.7620567823628946,0.6107747,6.0,2.4626818,4.933526,0.0,6.497,2.4626818,2.4447641,0.0,0.0,0.017917633,0,0,False,No_Telecommute,M,True,work1,1,1,0,0,0,0,0,0,0,0,0,0,0,584,0,0,1,40,1,1
214,39.0,1.0,1,1,3,1,13,29.0,False,0,True,True,False,305,0.4713848541606478,1.20764797617427,62,health,False,True,-1,-9.0,-9.0,-1,-9.0,-9.0,-9.0,0.0,24002,11.399090154623416,-1.759126152770815,8.158492,6.0,21.436672,43.728058,0.0,0.0,21.542658,21.436672,0.0,0.0,0.10598564,0,0,False,No_Telecommute,N,True,,0,0,0,12,1,0,0,0,1,0,0,0,0,586,0,0,1,50,6,1
215,84.0,1.0,2,3,3,5,13,0.0,False,0,False,False,False,305,1.35506725471422,0.5368786712367641,0,,False,False,-1,-9.0,-9.0,-1,-9.0,-9.0,-9.0,0.0,-1,-9.0,-9.0,-9.0,-9.0,-9.0,0.0,0.0,0.0,0.0,0.0,0.0,0.0,0.0,0,0,False,,N,True,,0,0,0,35,1,0,0,1,0,0,0,0,0,587,0,0,0,0,1,1
216,31.0,1.0,1,1,3,1,13,17.0,False,0,True,True,False,305,0.7708819181731783,2.608660426030489,51,mngt_busi_scic_arts,False,True,-1,-9.0,-9.0,-1,-9.0,-9.0,-9.0,0.0,23303,10.961663626205535,-3.267969840091617,11.589648,6.0,27.003181,54.51664,0.0,0.0,27.109167,27.003181,0.0,0.0,0.10598564,0,0,True,No_Telecommute,M,True,work1,1,1,0,0,0,0,0,0,0,0,0,0,0,588,0,0,5,40,1,2
217,64.0,1.0,1,1,3,1,13,15.0,False,0,True,False,False,305,1.0422672649359686,1.0624369418265385,54,mngt_busi_scic_arts,True,False,-1,-9.0,-9.0,-1,-9.0,-9.0,-9.0,0.0,-1,-9.0,-9.0,-9.0,-9.0,-9.0,0.0,0.0,0.0,0.0,0.0,0.0,0.0,0.0,0,0,False,,N,True,,0,0,0,13,2,0,0,0,1,1,0,0,0,589,0,0,6,60,1,1
217,63.0,2.0,2,1,3,1,13,11.0,False,0,True,True,False,305,1.1739258012971685,0.6749426817050418,33,mngt_busi_scic_arts,False,True,-1,-9.0,-9.0,-1,-9.0,-9.0,-9.0,0.0,24068,10.094444155217571,-8.08017243087744,27.688448,3.0,53.93611,107.46911,0.0,5.577,56.845413,53.096428,0.0,0.0,3.7489853,0,0,False,No_Telecommute,M,True,work1,1,1,0,0,0,0,0,0,0,0,0,0,0,590,0,0,1,40,1,1
218,22.0,1.0,1,1,3,1,13,55.0,False,0,True,True,False,305,2.2428410122996105,0.6805312375132148,9000,military,False,True,-1,-9.0,-9.0,-1,-9.0,-9.0,-9.0,0.0,7369,9.804507677895405,-0.3649393240402168,2.9997334,6.0,7.289332,18.728804,0.0,0.0,7.289332,7.289332,0.0,0.0,0.0,0,0,True,No_Telecommute,M,True,work1,1,1,0,0,0,0,0,0,0,0,0,0,0,592,1,6,1,45,1,2
219,46.0,2.0,1,2,3,2,13,35.0,False,0,True,True,False,305,0.4167180388282307,2.5441239181552304,722,services,False,True,-1,-9.0,-9.0,-1,-9.0,-9.0,-9.0,0.0,1144,10.39567551622463,-0.5574119886308769,0.5159023,6.0,2.2048783,4.4490194,0.0,7.044,2.2048783,2.2048783,0.0,0.0,0.0,0,0,False,No_Telecommute,M,True,work1,1,1,0,12,1,0,0,0,1,0,0,0,0,594,0,0,1,20,1,1
220,63.0,1.0,1,2,3,2,13,25.0,False,0,True,True,False,305,1.7448579970515294,0.6053984716506715,61,services,False,True,-1,-9.0,-9.0,-1,-9.0,-9.0,-9.0,0.0,13535,9.40299664185808,-3.665172992359414,4.4864902,6.0,12.605961,26.077435,0.0,0.0,12.711945,12.618086,0.0,0.0,0.09385872,0,0,True,No_Telecommute,M,True,work1,1,1,1,12,1,0,0,0,2,0,0,1,0,595,0,0,1,20,8,2
222,35.0,1.0,1,1,3,1,13,55.0,False,0,True,False,True,305,0.6916196793913102,1.946732480114036,9000,military,False,True,24331,5.232069399289058,-3.871876912659352,-1,-9.0,-9.0,-9.0,0.0,24331,5.232069399289058,-3.871876912659352,26.177689,-9.0,45.928352,91.26251,0.0,0.0,0.0,0.0,0.0,0.0,0.0,0,0,True,No_Telecommute,M,True,work1,1,1,0,0,0,0,0,0,0,0,0,0,0,598,1,0,1,40,1,1
224,41.0,1.0,2,1,3,1,13,11.0,False,0,True,False,True,305,0.7463128814080806,0.2074591746404737,92,mngt_busi_scic_arts,False,True,24333,5.285273924802755,-2.532586690020807,-1,-9.0,-9.0,-9.0,0.0,24333,5.285273924802755,-2.532586690020807,19.861105,-9.0,20.759268,40.84104,0.0,0.0,0.0,0.0,0.0,0.0,0.0,0,1,True,1_day_week,M,True,work1,1,1,0,0,0,0,0,0,0,0,0,0,0,601,0,0,1,36,9,2
224,38.0,2.0,2,1,3,1,13,13.0,False,0,True,True,False,305,1.2654137317166974,1.260889567996255,92,mngt_busi_scic_arts,False,True,-1,-9.0,-9.0,-1,-9.0,-9.0,-9.0,0.0,6750,10.2795938168459,-7.280497871882386,26.354149,3.0,56.03209,110.62207,0.0,0.0,60.003403,55.192406,0.0,0.0,4.810997,0,0,False,2_3_days_week,M,True,work1,1,1,0,0,0,0,0,0,0,0,0,0,0,602,0,0,1,40,9,2
225,23.0,1.0,2,2,3,2,13,43.0,False,0,True,True,False,305,4.5505732666598,0.3106411227171533,62,sales_office,False,True,-1,-9.0,-9.0,-1,-9.0,-9.0,-9.0,0.0,822,7.703389788164366,-1.990319913675328,0.24025114,6.0,0.87755394,1.7388537,0.0,7.201,0.87755394,0.87755394,0.0,0.0,0.0,0,0,False,No_Telecommute,M,True,work1,1,1,0,0,0,0,0,0,0,0,0,0,0,603,0,0,1,32,9,2
227,38.0,1.0,1,1,3,1,13,55.0,False,0,True,True,False,305,0.7113471881894391,0.850050798544451,9000,military,False,True,-1,-9.0,-9.0,-1,-9.0,-9.0,-9.0,0.0,1380,10.453331690536029,-2.6646158881647186,18.288748,6.0,47.981644,100.90374,0.0,0.0,47.981644,47.981644,0.0,0.0,0.0,0,0,True,No_Telecommute,N,True,,0,0,0,58,8,5,0,1,2,0,0,2,0,605,1,0,1,60,1,1
227,41.0,2.0,2,3,3,4,13,0.0,False,0,False,False,False,305,1.533311660795748,2.138740362259237,0,,False,False,-1,-9.0,-9.0,-1,-9.0,-9.0,-9.0,0.0,-1,-9.0,-9.0,-9.0,-9.0,-9.0,0.0,0.0,0.0,0.0,0.0,0.0,0.0,0.0,0,0,False,,N,True,,0,0,0,158,4,2,0,0,0,2,0,0,1,606,0,0,0,0,1,1
227,13.0,3.0,1,4,1,7,0,0.0,True,2,False,False,False,305,1.4987640298146965,0.6824357372064829,0,,False,False,-1,-9.0,-9.0,16077,6.632475185482197,1.2745416260303437,7.9700327,27.32191,-1,-9.0,-9.0,-9.0,-9.0,-9.0,0.0,0.0,0.0,0.0,0.0,0.0,0.0,0.0,0,0,False,,M,True,school1,1,0,0,0,0,0,0,0,0,0,0,0,0,607,0,2,0,0,1,1
227,11.0,4.0,1,4,1,7,0,0.0,True,2,False,False,False,305,0.8660520318278135,0.7922774767650368,0,,False,False,-1,-9.0,-9.0,4238,1.198991106728842,-3.847788622880042,21.368427,55.554443,-1,-9.0,-9.0,-9.0,-9.0,-9.0,0.0,0.0,0.0,0.0,0.0,0.0,0.0,0.0,0,0,False,,M,True,school1,1,0,0,0,0,0,0,0,0,0,0,0,0,608,0,2,0,0,1,1
227,11.0,5.0,1,4,1,7,0,0.0,True,2,False,False,False,305,0.8331706114897767,0.1880608424513271,0,,False,False,-1,-9.0,-9.0,7211,6.950579467886294,5.842764790074064,0.84824646,4.462903,-1,-9.0,-9.0,-9.0,-9.0,-9.0,0.0,0.0,0.0,0.0,0.0,0.0,0.0,0.0,0,0,False,,M,True,school1,1,0,0,0,0,0,0,0,0,0,0,0,0,609,0,2,0,0,1,1
227,9.0,6.0,1,4,1,7,0,0.0,True,2,False,False,False,305,2.0713154009509425,0.498467709403568,0,,False,False,-1,-9.0,-9.0,23872,6.74617686192221,4.476302588173459,1.7293692,11.404528,-1,-9.0,-9.0,-9.0,-9.0,-9.0,0.0,0.0,0.0,0.0,0.0,0.0,0.0,0.0,0,0,False,,M,True,school1,1,0,0,0,0,0,0,0,0,0,0,0,0,610,0,2,0,0,1,1
228,38.0,2.0,1,1,3,1,13,41.0,False,0,True,True,False,305,0.6959463140247824,0.983017860658968,44,sales_office,False,True,-1,-9.0,-9.0,-1,-9.0,-9.0,-9.0,0.0,18866,11.830284875090422,-2.813917474600326,11.053691,6.0,26.862648,55.08026,0.0,0.0,26.968634,26.862648,0.0,0.0,0.10598564,0,1,True,2_3_days_week,M,True,work1,1,1,0,0,0,0,0,0,0,0,0,0,0,614,0,0,1,50,1,1
229,38.0,1.0,1,1,3,1,13,11.0,False,0,True,True,False,305,0.680074689699704,0.6580144465670358,33,mngt_busi_scic_arts,False,True,-1,-9.0,-9.0,-1,-9.0,-9.0,-9.0,0.0,7236,11.500457963264472,-4.870743997362909,26.381264,3.0,56.847908,112.83305,0.0,0.0,59.214188,56.008224,0.0,0.0,3.2059631,0,0,True,2_3_days_week,N,True,,0,0,0,121,3,1,0,1,0,1,0,0,0,615,0,0,1,50,1,2
229,41.0,2.0,2,3,3,4,13,25.0,False,0,False,False,False,305,0.6884699298584176,0.6057171971084434,62,services,False,False,-1,-9.0,-9.0,-1,-9.0,-9.0,-9.0,0.0,-1,-9.0,-9.0,-9.0,-9.0,-9.0,0.0,0.0,0.0,0.0,0.0,0.0,0.0,0.0,0,0,False,,N,True,,0,0,0,89,1,1,0,0,0,0,0,0,0,616,0,0,0,0,1,1
230,64.0,1.0,2,3,3,4,13,0.0,False,0,False,False,False,322,0.6181895312030394,1.2252908337264337,0,,False,False,-1,-9.0,-9.0,-1,-9.0,-9.0,-9.0,0.0,-1,-9.0,-9.0,-9.0,-9.0,-9.0,0.0,0.0,0.0,0.0,0.0,0.0,0.0,0.0,0,1,False,,N,True,,0,0,0,35,1,0,0,1,0,0,0,0,0,617,0,0,0,0,1,1
231,44.0,1.0,2,1,3,1,13,41.0,False,0,True,False,False,322,0.5810879718120888,0.5889605954357026,44,sales_office,True,False,-1,-9.0,-9.0,-1,-9.0,-9.0,-9.0,0.0,-1,-9.0,-9.0,-9.0,-9.0,-9.0,0.0,0.0,0.0,0.0,0.0,0.0,0.0,0.0,0,0,False,,N,True,,0,0,0,89,1,1,0,0,0,0,0,0,0,618,0,0,1,50,8,2
231,46.0,2.0,1,1,3,1,13,53.0,False,0,True,True,False,322,0.5304589475326903,0.9927516033412428,92,prod_trans_move,False,True,-1,-9.0,-9.0,-1,-9.0,-9.0,-9.0,0.0,8609,11.947027806804025,-3.194277038551663,25.140495,3.0,53.287468,108.14854,0.0,0.0,53.287468,53.287468,0.0,0.0,0.0,0,0,False,4_days_week,M,True,work1,1,1,0,1,1,0,0,0,0,1,0,0,0,619,0,6,1,40,8,2
232,34.0,1.0,2,1,3,1,13,41.0,False,0,True,True,False,322,0.6065741173089423,0.8719613250625948,33,sales_office,False,True,-1,-9.0,-9.0,-1,-9.0,-9.0,-9.0,0.0,23052,11.597756430277151,-1.9117916237524537,9.150586,6.0,24.060196,48.66091,0.0,5.762,24.060196,24.060196,0.0,0.0,0.0,0,0,True,2_3_days_week,N,True,,0,0,0,24,7,5,0,0,2,0,0,1,0,620,0,0,1,40,1,2
232,16.0,2.0,2,3,1,6,0,0.0,True,3,False,False,False,322,0.8025936782030864,1.7626649511699974,0,,False,False,-1,-9.0,-9.0,7211,10.535192152961525,4.653800581490247,0.5264983,3.8679452,-1,-9.0,-9.0,-9.0,-9.0,-9.0,0.0,0.0,0.0,0.0,0.0,0.0,0.0,0.0,0,0,False,,M,True,school1,1,0,0,0,0,0,0,0,0,0,0,0,0,621,0,5,0,0,1,2
232,15.0,3.0,2,4,1,7,0,0.0,True,3,False,False,False,322,0.9003499106729004,0.9596507461377494,0,,False,False,-1,-9.0,-9.0,7004,10.703070766531228,6.555729227166589,0.42386383,2.8233786,-1,-9.0,-9.0,-9.0,-9.0,-9.0,0.0,0.0,0.0,0.0,0.0,0.0,0.0,0.0,0,0,False,,M,True,school1,1,0,0,89,1,1,0,0,0,0,0,0,0,622,0,5,0,0,1,2
232,14.0,4.0,2,4,1,7,0,0.0,True,2,False,False,False,322,0.432484076876901,0.9520120671748424,0,,False,False,-1,-9.0,-9.0,11793,7.280042758423545,5.841351506350649,1.4691851,10.648403,-1,-9.0,-9.0,-9.0,-9.0,-9.0,0.0,0.0,0.0,0.0,0.0,0.0,0.0,0.0,0,0,False,,M,True,school1,1,0,0,0,0,0,0,0,0,0,0,0,0,623,0,5,0,0,1,2
232,8.0,6.0,1,4,1,7,0,0.0,True,2,False,False,False,322,2.819480260436817,0.843438306685901,0,,False,False,-1,-9.0,-9.0,16126,6.635353226319638,2.3107159246859936,3.4716523,19.197605,-1,-9.0,-9.0,-9.0,-9.0,-9.0,0.0,0.0,0.0,0.0,0.0,0.0,0.0,0.0,0,0,False,,M,True,school1,1,0,0,12,1,0,0,0,1,0,0,0,0,625,0,2,0,0,1,2
233,34.0,1.0,2,1,3,1,13,41.0,False,0,True,True,False,322,0.9095655203787826,0.7084445089331473,33,sales_office,False,True,-1,-9.0,-9.0,-1,-9.0,-9.0,-9.0,0.0,16287,11.299684830900937,-1.8344762565150816,7.3178806,6.0,16.976246,36.043636,0.0,0.0,16.976246,16.073656,0.0,0.0,0.9025898,0,0,False,No_Telecommute,N,True,,0,0,1,0,6,6,0,0,1,0,0,0,0,626,0,0,1,40,1,2
233,16.0,2.0,2,3,1,6,0,0.0,True,3,False,False,False,322,0.9887503740269126,0.8379570828296787,0,,False,False,-1,-9.0,-9.0,7004,10.465199374211146,5.20889838689983,0.42386383,2.8233786,-1,-9.0,-9.0,-9.0,-9.0,-9.0,0.0,0.0,0.0,0.0,0.0,0.0,0.0,0.0,0,0,False,,M,True,school2,2,0,0,0,0,0,0,0,0,0,0,0,0,627,0,5,0,0,1,2
233,15.0,3.0,2,4,1,7,0,0.0,True,3,False,False,False,322,0.737611572765463,0.3356516671586068,0,,False,False,-1,-9.0,-9.0,7004,10.485081418461428,6.7539476510219565,0.42386383,2.8233786,-1,-9.0,-9.0,-9.0,-9.0,-9.0,0.0,0.0,0.0,0.0,0.0,0.0,0.0,0.0,0,0,False,,M,True,school1,1,0,1,0,0,0,0,0,0,0,0,0,0,628,0,5,0,0,1,2
233,14.0,4.0,2,4,1,7,0,0.0,True,2,False,False,False,322,1.0476154034031109,1.1478386530807043,0,,False,False,-1,-9.0,-9.0,6029,6.938888998803664,0.8328222560715431,2.6332607,13.816086,-1,-9.0,-9.0,-9.0,-9.0,-9.0,0.0,0.0,0.0,0.0,0.0,0.0,0.0,0.0,0,0,False,,M,True,school1,1,0,0,0,0,0,0,0,0,0,0,0,0,629,0,5,0,0,1,2
233,12.0,5.0,1,4,1,7,0,0.0,True,2,False,False,False,322,0.360614957236187,0.8502139259113245,0,,False,False,-1,-9.0,-9.0,6029,7.565918166986828,4.9489057003993135,2.6332607,13.816086,-1,-9.0,-9.0,-9.0,-9.0,-9.0,0.0,0.0,0.0,0.0,0.0,0.0,0.0,0.0,0,0,False,,M,True,school1,1,0,0,0,0,0,0,0,0,0,0,0,0,630,0,2,0,0,1,2
233,8.0,6.0,1,4,1,7,0,0.0,True,2,False,False,False,322,0.975024082376889,0.7557977121565259,0,,False,False,-1,-9.0,-9.0,8322,6.9495457329352055,3.1076645594520627,1.901372,9.940474,-1,-9.0,-9.0,-9.0,-9.0,-9.0,0.0,0.0,0.0,0.0,0.0,0.0,0.0,0.0,0,0,False,,M,True,school1,1,0,0,0,0,0,0,0,0,0,0,0,0,631,0,2,0,0,1,2
234,62.0,1.0,1,3,3,4,13,23.0,False,0,False,False,False,322,0.5451178886096373,0.9657160667252505,54,mngt_busi_scic_arts,False,False,-1,-9.0,-9.0,-1,-9.0,-9.0,-9.0,0.0,-1,-9.0,-9.0,-9.0,-9.0,-9.0,0.0,0.0,0.0,0.0,0.0,0.0,0.0,0.0,0,0,False,,N,True,,0,0,0,1,1,0,0,0,0,1,0,0,0,632,0,0,0,0,1,2
236,32.0,1.0,1,1,3,1,13,33.0,False,0,True,True,False,322,1.063228500952235,0.8272797104093541,92,services,False,True,-1,-9.0,-9.0,-1,-9.0,-9.0,-9.0,0.0,13127,10.782288144399272,-1.2248732102276223,1.475875,6.0,4.7760234,9.255061,0.0,0.0,4.7760234,4.7760234,0.0,0.0,0.0,0,0,True,No_Telecommute,M,True,work2,2,2,0,25,3,0,0,0,2,1,0,1,0,636,0,0,1,52,1,2
236,24.0,2.0,2,3,2,3,13,41.0,True,4,False,False,False,322,0.8795784810130958,2.3447784478071743,44,sales_office,False,False,-1,-9.0,-9.0,23114,7.082395600438221,-2.06646785249398,6.915377,24.599854,-1,-9.0,-9.0,-9.0,-9.0,-9.0,0.0,0.0,0.0,0.0,0.0,0.0,0.0,0.0,0,0,False,,M,True,school1,1,0,0,0,0,0,0,0,0,0,0,0,0,637,0,6,4,20,1,2
237,62.0,1.0,1,3,3,4,13,43.0,False,0,False,False,False,322,1.3617437686541871,0.8660466031921137,49,sales_office,False,False,-1,-9.0,-9.0,-1,-9.0,-9.0,-9.0,0.0,-1,-9.0,-9.0,-9.0,-9.0,-9.0,0.0,0.0,0.0,0.0,0.0,0.0,0.0,0.0,0,1,False,,N,True,,0,0,0,2,2,0,0,0,0,2,0,0,1,638,0,0,4,40,1,2
238,32.0,2.0,2,3,3,4,13,35.0,False,0,False,False,False,322,1.1730528861451497,1.2957618659970784,722,services,False,False,-1,-9.0,-9.0,-1,-9.0,-9.0,-9.0,0.0,-1,-9.0,-9.0,-9.0,-9.0,-9.0,0.0,0.0,0.0,0.0,0.0,0.0,0.0,0.0,0,1,False,,N,True,,0,0,0,78,4,0,0,2,1,1,0,2,0,640,0,0,4,30,8,2
239,35.0,1.0,2,3,3,4,13,0.0,False,0,False,False,False,322,0.3483048018556616,1.0785266977382597,0,,False,False,-1,-9.0,-9.0,-1,-9.0,-9.0,-9.0,0.0,-1,-9.0,-9.0,-9.0,-9.0,-9.0,0.0,0.0,0.0,0.0,0.0,0.0,0.0,0.0,0,0,False,,N,True,,0,0,1,12,3,2,0,0,1,0,1,0,0,641,0,0,0,0,1,1
239,12.0,3.0,1,4,1,7,0,0.0,True,2,False,False,False,322,0.2482925431424194,0.4814903777513872,0,,False,False,-1,-9.0,-9.0,23872,7.898988563916027,6.869509821076593,1.757023,11.5371895,-1,-9.0,-9.0,-9.0,-9.0,-9.0,0.0,0.0,0.0,0.0,0.0,0.0,0.0,0.0,0,0,False,,M,True,school1,1,0,1,12,1,0,0,0,1,0,0,0,0,643,0,2,0,0,1,1
239,10.0,4.0,2,4,1,7,0,0.0,True,2,False,False,False,322,0.5902070676947039,1.7263289756054978,0,,False,False,-1,-9.0,-9.0,15489,1.8921544315673893,-5.894932129350366,16.956625,42.08213,-1,-9.0,-9.0,-9.0,-9.0,-9.0,0.0,0.0,0.0,0.0,0.0,0.0,0.0,0.0,0,0,False,,N,True,,0,0,1,156,2,2,0,0,0,0,0,0,0,644,0,2,0,0,1,1
239,4.0,5.0,2,4,1,8,0,0.0,True,1,False,False,False,322,0.7796743719704085,2.411021735355976,0,,False,False,-1,-9.0,-9.0,1399,9.45280846994645,7.532952433373563,0.18641365,1.1182408,-1,-9.0,-9.0,-9.0,-9.0,-9.0,0.0,0.0,0.0,0.0,0.0,0.0,0.0,0.0,0,0,False,,N,True,,0,0,1,120,2,1,0,1,0,0,0,0,0,645,0,0,0,0,1,1
240,56.0,1.0,2,2,3,2,13,37.0,False,0,True,True,False,322,0.9071757624875272,2.2558523657938245,81,services,False,True,-1,-9.0,-9.0,-1,-9.0,-9.0,-9.0,0.0,8471,9.828053721272637,-0.7723789615415249,0.5264983,6.0,2.066677,3.920638,0.0,4.589,2.066677,2.066677,0.0,0.0,0.0,0,0,False,No_Telecommute,N,True,,0,0,0,35,1,0,0,1,0,0,0,0,0,647,0,0,2,30,1,2
240,57.0,2.0,1,3,3,4,13,0.0,False,0,False,False,False,322,0.864794902310766,0.5636648676377813,0,,False,False,-1,-9.0,-9.0,-1,-9.0,-9.0,-9.0,0.0,-1,-9.0,-9.0,-9.0,-9.0,-9.0,0.0,0.0,0.0,0.0,0.0,0.0,0.0,0.0,0,0,False,,N,True,,0,0,1,0,0,0,1,0,0,0,0,0,0,648,0,0,0,0,1,2
240,26.0,3.0,1,3,3,4,13,99.0,False,0,False,False,False,322,1.835135670689084,1.1304957018542756,99,,False,False,-1,-9.0,-9.0,-1,-9.0,-9.0,-9.0,0.0,-1,-9.0,-9.0,-9.0,-9.0,-9.0,0.0,0.0,0.0,0.0,0.0,0.0,0.0,0.0,0,1,False,,N,True,,0,0,1,12,1,0,0,0,1,0,0,0,0,649,0,0,0,0,1,2
241,57.0,2.0,1,3,3,4,13,0.0,False,0,False,False,False,322,0.3097125943800458,0.4591312971412363,0,,False,False,-1,-9.0,-9.0,-1,-9.0,-9.0,-9.0,0.0,-1,-9.0,-9.0,-9.0,-9.0,-9.0,0.0,0.0,0.0,0.0,0.0,0.0,0.0,0.0,0,1,False,,N,True,,0,0,0,120,2,1,0,1,0,0,0,0,0,651,0,0,0,0,1,2
242,56.0,1.0,2,2,3,2,13,37.0,False,0,True,True,False,322,2.0117696773187013,0.4590147838980879,81,services,False,True,-1,-9.0,-9.0,-1,-9.0,-9.0,-9.0,0.0,16337,9.111551083484342,-5.393149655607104,6.3349967,6.0,14.1465025,27.112267,0.0,0.0,14.1465025,13.809431,0.0,0.0,0.33707142,0,0,False,No_Telecommute,M,True,work1,1,1,0,0,0,0,0,0,0,0,0,0,0,653,0,0,2,30,1,2
243,63.0,1.0,1,3,3,4,13,0.0,False,0,False,False,False,322,4.432887169041113,0.3605582355179592,0,,False,False,-1,-9.0,-9.0,-1,-9.0,-9.0,-9.0,0.0,-1,-9.0,-9.0,-9.0,-9.0,-9.0,0.0,0.0,0.0,0.0,0.0,0.0,0.0,0.0,0,0,False,,N,True,,0,0,0,90,2,1,0,0,0,1,0,0,0,656,0,0,0,0,1,2
243,61.0,2.0,2,3,3,4,13,0.0,False,0,False,False,False,322,2.0111604077690792,0.775198637119775,0,,False,False,-1,-9.0,-9.0,-1,-9.0,-9.0,-9.0,0.0,-1,-9.0,-9.0,-9.0,-9.0,-9.0,0.0,0.0,0.0,0.0,0.0,0.0,0.0,0.0,0,0,False,,N,True,,0,0,0,89,1,1,0,0,0,0,0,0,0,657,0,0,0,0,1,1
244,73.0,1.0,2,3,3,5,13,99.0,False,0,False,False,False,322,0.4039855483532435,2.342262337164002,99,,False,False,-1,-9.0,-9.0,-1,-9.0,-9.0,-9.0,0.0,-1,-9.0,-9.0,-9.0,-9.0,-9.0,0.0,0.0,0.0,0.0,0.0,0.0,0.0,0.0,0,0,False,,N,True,,0,0,0,13,2,0,0,0,1,1,0,0,0,658,0,0,0,0,1,1
246,27.0,1.0,2,1,3,1,13,55.0,False,0,True,True,False,322,1.830891096883692,0.5079670688506501,9000,military,False,True,-1,-9.0,-9.0,-1,-9.0,-9.0,-9.0,0.0,4929,8.757852742240798,-9.704937683390702,35.038857,2.0,57.63718,116.27725,0.0,7.739,57.63718,57.63718,0.0,0.0,0.0,1,0,False,2_3_days_week,N,True,,0,0,0,13,2,0,0,0,1,1,0,0,0,660,1,0,1,70,1,1
246,27.0,2.0,1,1,3,1,13,25.0,False,0,True,True,False,322,0.7366226442936725,1.851589343708109,9000,services,False,True,-1,-9.0,-9.0,-1,-9.0,-9.0,-9.0,0.0,23358,11.487358438801472,-3.677474771859639,17.609436,6.0,36.275043,73.321144,0.0,0.0,36.275043,36.275043,0.0,0.0,0.0,0,0,True,No_Telecommute,N,True,,0,0,0,1,1,0,0,0,0,1,0,0,0,661,1,0,1,99,8,2
247,64.0,1.0,1,3,3,4,13,49.0,False,0,False,False,False,322,1.3428062131820224,0.3868514951587889,81,constr_maint,False,False,-1,-9.0,-9.0,-1,-9.0,-9.0,-9.0,0.0,-1,-9.0,-9.0,-9.0,-9.0,-9.0,0.0,0.0,0.0,0.0,0.0,0.0,0.0,0.0,0,0,False,,N,True,,0,0,1,0,0,0,0,0,1,0,0,0,0,662,0,0,0,0,1,2
248,25.0,2.0,1,1,3,1,13,11.0,False,0,True,True,False,322,0.5031081452792479,0.7410964558668389,42,mngt_busi_scic_arts,False,True,-1,-9.0,-9.0,-1,-9.0,-9.0,-9.0,0.0,12798,11.981079425706822,-3.420165564365558,24.3878,3.0,54.84962,109.09702,0.0,0.0,54.84962,54.84962,0.0,0.0,0.0,0,1,False,No_Telecommute,N,True,,0,0,1,6,1,0,2,0,0,0,0,0,0,665,0,0,1,40,3,1
248,25.0,3.0,1,1,3,1,13,35.0,False,0,True,False,False,322,0.7198466381699423,0.7182497036610224,722,services,True,False,-1,-9.0,-9.0,-1,-9.0,-9.0,-9.0,0.0,-1,-9.0,-9.0,-9.0,-9.0,-9.0,0.0,0.0,0.0,0.0,0.0,0.0,0.0,0.0,0,0,False,,N,True,,0,0,1,2,2,0,0,0,0,2,0,0,1,666,0,0,1,40,3,1
249,63.0,1.0,2,3,3,4,13,23.0,False,0,False,False,False,322,0.6441541521947378,1.628437405970044,53,mngt_busi_scic_arts,False,False,-1,-9.0,-9.0,-1,-9.0,-9.0,-9.0,0.0,-1,-9.0,-9.0,-9.0,-9.0,-9.0,0.0,0.0,0.0,0.0,0.0,0.0,0.0,0.0,0,1,False,,N,True,,0,0,0,1,1,0,0,0,0,1,0,0,0,667,0,0,0,0,1,1
250,32.0,1.0,1,1,3,1,13,13.0,False,0,True,False,False,322,1.2944807385954238,0.7891210543891685,54,mngt_busi_scic_arts,True,False,-1,-9.0,-9.0,-1,-9.0,-9.0,-9.0,0.0,-1,-9.0,-9.0,-9.0,-9.0,-9.0,0.0,0.0,0.0,0.0,0.0,0.0,0.0,0.0,0,0,False,,N,True,,0,0,0,7,2,0,1,0,0,1,0,0,0,668,0,0,1,65,1,2
250,31.0,2.0,2,1,3,1,13,13.0,False,0,True,True,False,322,0.5253994051734955,0.7666318882990152,22,mngt_busi_scic_arts,False,True,-1,-9.0,-9.0,-1,-9.0,-9.0,-9.0,0.0,2516,11.84625077664386,-4.830971353629004,44.693867,2.0,70.9573,141.70267,0.0,8.944,70.9573,70.93142,0.0,0.0,0.025878906,0,0,False,2_3_days_week,N,True,,0,0,0,3,1,0,0,0,0,0,1,0,0,669,0,0,1,55,1,2
251,29.0,1.0,2,1,3,1,13,43.0,False,0,True,True,False,322,0.9763109282660706,1.7817461068192364,42,sales_office,False,True,-1,-9.0,-9.0,-1,-9.0,-9.0,-9.0,0.0,19582,11.203803994346227,-3.954904133259781,12.239886,7.0,30.898369,62.3952,0.0,0.0,30.898369,30.898369,0.0,0.0,0.0,0,0,True,No_Telecommute,N,True,,0,0,0,58,5,2,0,1,2,0,0,2,0,670,0,0,4,45,1,2
251,10.0,2.0,1,4,1,7,0,0.0,True,2,False,False,False,322,0.2665145185469948,1.5402973893988336,0,,False,False,-1,-9.0,-9.0,7211,7.832079295005335,7.35139222039689,0.5264983,3.8679452,-1,-9.0,-9.0,-9.0,-9.0,-9.0,0.0,0.0,0.0,0.0,0.0,0.0,0.0,0.0,0,0,False,,M,True,school1,1,0,0,0,0,0,0,0,0,0,0,0,0,671,0,2,0,0,1,2
251,8.0,3.0,2,4,1,7,0,0.0,True,2,False,False,False,322,0.8528302919560153,0.6085029200942358,0,,False,False,-1,-9.0,-9.0,7211,6.889339458168579,6.1371936561824825,0.5264983,3.8679452,-1,-9.0,-9.0,-9.0,-9.0,-9.0,0.0,0.0,0.0,0.0,0.0,0.0,0.0,0.0,0,0,False,,M,True,school1,1,0,0,89,1,1,0,0,0,0,0,0,0,672,0,2,0,0,1,2
251,5.0,4.0,2,4,1,8,0,0.0,True,1,False,False,False,322,0.6506857522733662,0.4909753557858802,0,,False,False,-1,-9.0,-9.0,3538,9.114467915828849,7.547429090970688,0.09320682,0.55935264,-1,-9.0,-9.0,-9.0,-9.0,-9.0,0.0,0.0,0.0,0.0,0.0,0.0,0.0,0.0,0,0,False,,N,True,,0,0,0,156,2,2,0,0,0,0,0,0,0,673,0,2,0,0,8,2
252,28.0,2.0,2,1,3,1,13,25.0,False,0,True,True,False,322,0.7205777662603428,2.246471915121322,61,services,False,True,-1,-9.0,-9.0,-1,-9.0,-9.0,-9.0,0.0,19393,11.008603904701388,-3.7647584455849294,16.229532,7.0,29.933617,57.334145,0.0,0.0,29.933617,29.28609,0.0,0.0,0.6475258,0,0,True,4_days_week,N,True,,0,0,0,35,1,0,0,1,0,0,0,0,0,676,0,0,1,40,9,2
253,30.0,1.0,2,1,3,1,13,43.0,False,0,True,True,False,322,1.3702455243681797,0.7461902712414694,33,sales_office,False,True,-1,-9.0,-9.0,-1,-9.0,-9.0,-9.0,0.0,8600,10.815146730919508,-0.7396131992005409,0.5264983,6.0,2.066677,3.920638,0.0,2.387,2.066677,2.066677,0.0,0.0,0.0,0,0,False,2_3_days_week,N,True,,0,0,0,7,2,0,1,0,0,1,0,0,0,677,0,0,1,40,9,2
254,29.0,1.0,2,1,3,1,13,11.0,False,0,True,True,False,322,0.3271271555482346,0.4705963970247155,9000,mngt_busi_scic_arts,False,True,-1,-9.0,-9.0,-1,-9.0,-9.0,-9.0,0.0,16313,11.967008212153168,-0.8752266717877982,5.6849036,6.0,14.045497,28.50504,0.0,0.0,14.045497,14.045497,0.0,0.0,0.0,0,0,True,2_3_days_week,N,True,,0,0,1,12,1,0,0,0,1,1,0,0,0,678,1,0,1,50,1,2
254,30.0,2.0,1,1,3,1,13,55.0,False,0,True,True,False,322,2.4526129252238538,0.8471589356586882,9000,military,False,True,-1,-9.0,-9.0,-1,-9.0,-9.0,-9.0,0.0,5878,9.016576723051392,-5.047910957160063,10.233285,6.0,26.148651,57.0902,0.0,0.0,26.447796,26.148651,0.0,0.0,0.29914474,0,0,False,No_Telecommute,N,True,,0,0,1,1,1,0,0,0,0,1,0,0,0,679,1,0,1,50,1,2
255,51.0,1.0,1,1,3,1,13,49.0,False,0,True,True,False,322,0.4204107169183441,0.711227474725647,51,constr_maint,False,True,-1,-9.0,-9.0,-1,-9.0,-9.0,-9.0,0.0,23321,11.437891356804082,-1.762429480901084,13.066878,6.0,26.316257,53.88343,0.0,0.0,29.653986,26.316257,0.0,0.0,3.3377285,0,0,True,2_3_days_week,M,True,work1,1,1,0,0,0,0,0,0,0,0,0,0,0,680,0,0,1,55,9,2
255,50.0,2.0,2,3,3,4,13,0.0,False,0,False,False,False,322,1.1517060826955323,0.7276641841426034,0,,False,False,-1,-9.0,-9.0,-1,-9.0,-9.0,-9.0,0.0,-1,-9.0,-9.0,-9.0,-9.0,-9.0,0.0,0.0,0.0,0.0,0.0,0.0,0.0,0.0,0,0,False,,N,True,,0,0,0,36,2,0,0,1,0,1,0,0,0,681,0,0,0,0,9,2
255,22.0,3.0,1,1,3,1,13,43.0,False,0,True,True,False,322,0.6508427363955143,0.912986809028644,44,sales_office,False,True,-1,-9.0,-9.0,-1,-9.0,-9.0,-9.0,0.0,11769,11.976300362711152,-4.185512546149467,28.176994,3.0,50.11437,96.981514,0.0,0.0,50.11437,48.045246,0.9624136,25.000002,2.0691223,0,1,False,No_Telecommute,M,True,work1,1,1,0,0,0,0,0,0,0,0,0,0,0,682,0,6,1,40,9,2
256,32.0,1.0,1,1,3,1,13,43.0,False,0,True,False,False,322,0.9332304283456766,1.7505862076966947,62,sales_office,True,False,-1,-9.0,-9.0,-1,-9.0,-9.0,-9.0,0.0,-1,-9.0,-9.0,-9.0,-9.0,-9.0,0.0,0.0,0.0,0.0,0.0,0.0,0.0,0.0,0,0,False,,N,True,,0,0,0,24,2,0,0,0,2,0,0,1,0,683,0,0,1,40,9,2
256,31.0,2.0,2,3,3,4,13,41.0,False,0,False,False,False,322,1.315359392267378,1.8701756717708065,44,sales_office,False,False,-1,-9.0,-9.0,-1,-9.0,-9.0,-9.0,0.0,-1,-9.0,-9.0,-9.0,-9.0,-9.0,0.0,0.0,0.0,0.0,0.0,0.0,0.0,0.0,0,0,False,,N,True,,0,0,0,37,3,0,0,1,0,2,0,0,1,684,0,0,6,35,8,2
257,64.0,1.0,1,3,3,4,13,0.0,False,0,False,False,False,322,0.2753316758090108,1.070448884352112,0,,False,False,-1,-9.0,-9.0,-1,-9.0,-9.0,-9.0,0.0,-1,-9.0,-9.0,-9.0,-9.0,-9.0,0.0,0.0,0.0,0.0,0.0,0.0,0.0,0.0,0,0,False,,N,True,,0,0,0,4,2,0,0,0,0,1,1,0,1,685,0,0,0,0,1,1
258,27.0,1.0,1,1,3,1,13,15.0,False,0,True,True,False,322,2.1546159425357576,1.320400731062443,54,mngt_busi_scic_arts,False,True,-1,-9.0,-9.0,-1,-9.0,-9.0,-9.0,0.0,13129,9.622891372376904,-2.4839507961132408,1.475875,6.0,4.7760234,9.255061,0.0,0.0,4.7760234,4.7760234,0.0,0.0,0.0,0,0,False,No_Telecommute,N,True,,0,0,0,3,1,0,0,0,0,0,1,0,0,686,0,0,1,40,8,2
258,52.0,2.0,1,1,3,1,13,47.0,False,0,True,True,False,322,0.3530161131623162,1.7601046375159954,23,constr_maint,False,True,-1,-9.0,-9.0,-1,-9.0,-9.0,-9.0,0.0,13596,11.574380012909485,-1.1887277951544024,10.233285,6.0,26.148651,57.0902,0.0,0.0,26.447796,26.148651,0.0,0.0,0.29914474,0,1,False,No_Telecommute,N,True,,0,0,0,6,1,0,1,0,0,0,0,0,0,687,0,0,1,40,8,2
259,30.0,1.0,2,3,3,4,13,0.0,False,0,False,False,False,322,0.7961994693648834,1.0910184582704272,0,,False,False,-1,-9.0,-9.0,-1,-9.0,-9.0,-9.0,0.0,-1,-9.0,-9.0,-9.0,-9.0,-9.0,0.0,0.0,0.0,0.0,0.0,0.0,0.0,0.0,0,0,False,,N,True,,0,0,0,1,1,0,0,0,0,1,0,0,0,689,0,0,0,0,1,2
259,34.0,2.0,1,1,3,1,13,47.0,False,0,True,True,False,322,1.5386169595466133,0.8521219336280829,23,constr_maint,False,True,-1,-9.0,-9.0,-1,-9.0,-9.0,-9.0,0.0,6953,9.05523733727831,-2.2757574832499743,2.039468,6.0,7.043786,14.401051,0.0,0.0,7.043786,7.043786,0.0,0.0,0.0,0,0,False,No_Telecommute,M,True,work1,1,1,0,0,0,0,0,0,0,0,0,0,0,690,0,0,1,60,1,2
260,61.0,1.0,2,1,3,1,13,11.0,False,0,True,True,False,322,0.8324770627968362,0.2743422301348352,62,mngt_busi_scic_arts,False,True,-1,-9.0,-9.0,-1,-9.0,-9.0,-9.0,0.0,18866,11.078137837838373,-3.159347974144829,10.884597,6.0,26.571724,54.525436,0.0,0.0,26.571724,26.571724,0.0,0.0,0.0,0,0,False,4_days_week,N,True,,0,0,0,35,1,0,0,1,0,0,0,0,0,691,0,0,1,50,8,2
260,61.0,2.0,1,3,3,4,13,21.0,False,0,False,False,False,322,5.269039591931562,0.2800492092619374,81,mngt_busi_scic_arts,False,False,-1,-9.0,-9.0,-1,-9.0,-9.0,-9.0,0.0,-1,-9.0,-9.0,-9.0,-9.0,-9.0,0.0,0.0,0.0,0.0,0.0,0.0,0.0,0.0,0,0,False,,N,True,,0,0,0,2,3,0,0,0,0,3,0,0,2,692,0,0,0,0,8,2
261,27.0,1.0,1,1,3,1,13,11.0,False,0,True,True,False,322,1.4623507543561896,0.3950924014906015,9000,mngt_busi_scic_arts,False,True,-1,-9.0,-9.0,-1,-9.0,-9.0,-9.0,0.0,13000,10.453384778691536,-1.8522533184180716,1.5852506,6.0,4.7565136,9.086258,0.0,0.0,4.7565136,4.7565136,0.0,0.0,0.0,1,0,True,No_Telecommute,N,True,,0,0,0,1,1,0,0,0,0,1,0,0,0,693,1,0,1,40,9,2
261,27.0,2.0,2,3,2,3,13,21.0,True,4,False,False,False,322,1.777306240624679,0.6846170055937638,62,mngt_busi_scic_arts,False,False,-1,-9.0,-9.0,23114,6.479997302840342,-4.399346218112103,6.915377,24.599854,-1,-9.0,-9.0,-9.0,-9.0,-9.0,0.0,0.0,0.0,0.0,0.0,0.0,0.0,0.0,0,0,False,,N,True,,0,0,0,18,2,0,1,0,1,0,0,0,0,694,0,6,0,0,9,2
262,30.0,2.0,2,2,3,2,13,35.0,False,0,True,True,False,322,1.224324103022739,3.016620406768726,722,services,False,True,-1,-9.0,-9.0,-1,-9.0,-9.0,-9.0,0.0,13127,10.076228538498762,-1.0459680434116136,1.475875,6.0,4.7760234,9.255061,0.0,0.0,4.7760234,4.7760234,0.0,0.0,0.0,0,0,True,No_Telecommute,M,True,work1,1,1,0,156,2,2,0,0,0,0,0,0,0,696,0,0,6,24,1,1
262,14.0,3.0,2,4,1,7,0,0.0,True,2,False,False,False,322,0.2467973251510928,0.4149517844315011,0,,False,False,-1,-9.0,-9.0,6832,4.253685306945608,-2.68704922289542,29.56888,75.03175,-1,-9.0,-9.0,-9.0,-9.0,-9.0,0.0,0.0,0.0,0.0,0.0,0.0,0.0,0.0,0,0,False,,M,True,school1,1,0,0,0,0,0,0,0,0,0,0,0,0,697,0,2,0,0,9,2
262,4.0,4.0,2,4,1,8,0,0.0,True,1,False,False,False,322,0.8793052640148279,0.5430305810227208,0,,False,False,-1,-9.0,-9.0,11193,8.925554811203236,7.237023343043526,0.33203557,2.3145316,-1,-9.0,-9.0,-9.0,-9.0,-9.0,0.0,0.0,0.0,0.0,0.0,0.0,0.0,0.0,0,0,False,,N,True,,0,0,0,89,1,1,0,0,0,0,0,0,0,698,0,0,0,0,9,2
262,2.0,5.0,2,4,1,8,0,0.0,True,1,False,False,False,322,1.6974672668419215,0.3812476206292449,0,,False,False,-1,-9.0,-9.0,1399,9.234351359025917,7.003905860728604,0.18641365,1.1182408,-1,-9.0,-9.0,-9.0,-9.0,-9.0,0.0,0.0,0.0,0.0,0.0,0.0,0.0,0.0,0,0,False,,M,True,school2,2,0,0,0,0,0,0,0,0,0,0,0,0,699,0,0,0,0,9,2
263,60.0,1.0,2,2,3,2,13,29.0,False,0,True,True,False,322,0.615870706363538,0.8282477989968421,62,health,False,True,-1,-9.0,-9.0,-1,-9.0,-9.0,-9.0,0.0,23331,9.747195516913258,-3.103335257484398,15.781922,6.0,37.66518,75.41364,0.0,0.0,37.66518,37.66518,0.0,0.0,0.0,0,0,False,No_Telecommute,N,True,,0,0,0,12,1,0,0,0,1,0,0,0,0,701,0,0,4,16,1,2
263,30.0,2.0,2,3,3,4,13,0.0,False,0,False,False,False,322,1.00294094748978,1.991240596502922,0,,False,False,-1,-9.0,-9.0,-1,-9.0,-9.0,-9.0,0.0,-1,-9.0,-9.0,-9.0,-9.0,-9.0,0.0,0.0,0.0,0.0,0.0,0.0,0.0,0.0,0,0,False,,N,True,,0,0,0,13,2,0,0,0,1,1,0,0,0,702,0,0,0,0,1,2
263,26.0,3.0,1,1,3,1,13,51.0,False,0,True,True,False,322,0.3202135253594553,0.8504758111393618,33,prod_trans_move,False,True,-1,-9.0,-9.0,-1,-9.0,-9.0,-9.0,0.0,18443,12.20969364444134,-1.1156335302441756,7.340256,7.0,15.737538,31.149097,0.0,0.0,15.737538,15.400465,0.0,0.0,0.33707333,0,1,True,No_Telecommute,N,True,,0,0,0,12,1,0,0,0,1,0,0,0,0,703,0,0,6,40,1,2
264,45.0,1.0,1,3,2,3,13,39.0,True,4,False,False,False,322,0.7533902375703979,0.4126780876784476,71,services,False,False,-1,-9.0,-9.0,19370,5.35991048697676,-2.92753395562072,14.582525,38.883553,-1,-9.0,-9.0,-9.0,-9.0,-9.0,0.0,0.0,0.0,0.0,0.0,0.0,0.0,0.0,0,0,False,,N,True,,0,0,0,6,1,0,1,0,0,0,0,0,0,704,0,6,3,40,1,1
266,39.0,1.0,1,1,3,1,13,55.0,False,0,True,False,False,322,1.3860921531338397,1.010528518419758,9000,military,True,False,-1,-9.0,-9.0,-1,-9.0,-9.0,-9.0,0.0,-1,-9.0,-9.0,-9.0,-9.0,-9.0,0.0,0.0,0.0,0.0,0.0,0.0,0.0,0.0,0,1,False,,N,True,,0,0,1,103,5,2,0,0,1,2,1,0,2,707,1,0,1,50,9,1
266,37.0,2.0,2,3,3,4,13,0.0,False,0,False,False,False,322,1.4507782874044994,0.7139267026696547,0,,False,False,-1,-9.0,-9.0,-1,-9.0,-9.0,-9.0,0.0,-1,-9.0,-9.0,-9.0,-9.0,-9.0,0.0,0.0,0.0,0.0,0.0,0.0,0.0,0.0,0,0,False,,N,True,,0,0,2,91,4,2,0,1,0,2,0,0,1,708,0,0,0,0,1,1
266,9.0,3.0,2,4,1,7,0,0.0,True,2,False,False,False,322,0.5102424162728969,1.0167518912252402,0,,False,False,-1,-9.0,-9.0,7211,7.457811721519434,6.846363646674009,0.5264983,3.8679452,-1,-9.0,-9.0,-9.0,-9.0,-9.0,0.0,0.0,0.0,0.0,0.0,0.0,0.0,0.0,0,0,False,,N,True,,0,0,0,89,1,1,0,0,0,0,0,0,0,709,0,2,0,0,1,1
266,6.0,4.0,1,4,1,7,0,0.0,True,2,False,False,False,322,0.5110310868948613,0.9576021076373716,0,,False,False,-1,-9.0,-9.0,23268,5.003381493998046,2.842038535443327,3.487012,14.597416,-1,-9.0,-9.0,-9.0,-9.0,-9.0,0.0,0.0,0.0,0.0,0.0,0.0,0.0,0.0,0,0,False,,M,True,school1,1,0,1,0,0,0,0,0,0,0,0,0,0,710,0,2,0,0,1,1
266,4.0,6.0,2,4,1,8,0,0.0,True,1,False,False,False,322,0.7852158153377873,0.561914989640909,0,,False,False,-1,-9.0,-9.0,2922,9.301086784711176,6.507503594009377,0.5264983,3.8679452,-1,-9.0,-9.0,-9.0,-9.0,-9.0,0.0,0.0,0.0,0.0,0.0,0.0,0.0,0.0,0,0,False,,N,True,,0,0,1,102,3,1,0,0,1,1,0,0,0,712,0,0,0,0,1,1
267,39.0,1.0,1,1,3,1,13,55.0,False,0,True,True,False,322,2.1386679739030887,0.6840745731780908,9000,military,False,True,-1,-9.0,-9.0,-1,-9.0,-9.0,-9.0,0.0,1380,9.103771570853088,-6.799440636550745,18.633396,6.0,48.352524,101.81372,0.0,0.0,48.651672,48.352524,0.0,0.0,0.29914856,0,0,True,No_Telecommute,N,True,,0,0,0,89,4,4,0,0,0,0,0,0,0,713,1,0,1,50,9,1
267,37.0,2.0,2,3,3,4,13,0.0,False,0,False,False,False,322,1.5574667217108134,0.3540727953030374,0,,False,False,-1,-9.0,-9.0,-1,-9.0,-9.0,-9.0,0.0,-1,-9.0,-9.0,-9.0,-9.0,-9.0,0.0,0.0,0.0,0.0,0.0,0.0,0.0,0.0,0,0,False,,N,True,,0,0,0,35,3,2,0,1,0,0,0,0,0,714,0,0,0,0,1,1
267,9.0,3.0,2,4,1,7,0,0.0,True,2,False,False,False,322,0.4658609016630826,0.6890648083230085,0,,False,False,-1,-9.0,-9.0,7211,7.499803814274509,6.938100384883583,0.5264983,3.8679452,-1,-9.0,-9.0,-9.0,-9.0,-9.0,0.0,0.0,0.0,0.0,0.0,0.0,0.0,0.0,0,0,False,,M,True,school1,1,0,0,0,0,0,0,0,0,0,0,0,0,715,0,2,0,0,1,1
267,6.0,4.0,1,4,1,7,0,0.0,True,2,False,False,False,322,0.7796174764066232,1.5562195060823107,0,,False,False,-1,-9.0,-9.0,19089,7.360462292412714,0.0387378273875393,7.344192,24.287786,-1,-9.0,-9.0,-9.0,-9.0,-9.0,0.0,0.0,0.0,0.0,0.0,0.0,0.0,0.0,0,0,False,,M,True,school1,1,0,0,0,0,0,0,0,0,0,0,0,0,716,0,2,0,0,1,1
267,4.0,5.0,2,4,1,8,0,0.0,True,1,False,False,False,322,1.097321233539182,0.3636620150868414,0,,False,False,-1,-9.0,-9.0,16218,11.679776417566286,1.4526283446820336,3.4716523,19.197605,-1,-9.0,-9.0,-9.0,-9.0,-9.0,0.0,0.0,0.0,0.0,0.0,0.0,0.0,0.0,0,0,False,,M,True,school1,1,0,0,0,0,0,0,0,0,0,0,0,0,717,0,0,0,0,1,1
267,4.0,6.0,2,4,1,8,0,0.0,True,1,False,False,False,322,1.5418362682142792,0.9503528862800898,0,,False,False,-1,-9.0,-9.0,16111,10.69997578752458,2.0227261545516706,2.849712,15.079456,-1,-9.0,-9.0,-9.0,-9.0,-9.0,0.0,0.0,0.0,0.0,0.0,0.0,0.0,0.0,0,0,False,,N,True,,0,0,0,1,1,0,0,0,0,1,0,0,0,718,0,0,0,0,1,1
268,61.0,1.0,1,1,3,1,13,27.0,False,0,True,False,False,332,0.8876139456570078,0.6003556358284633,51,mngt_busi_scic_arts,True,False,-1,-9.0,-9.0,-1,-9.0,-9.0,-9.0,0.0,-1,-9.0,-9.0,-9.0,-9.0,-9.0,0.0,0.0,0.0,0.0,0.0,0.0,0.0,0.0,0,0,False,,N,True,,0,0,0,12,1,0,0,0,1,0,0,0,0,719,0,0,1,45,1,1
270,70.0,1.0,2,3,3,5,13,0.0,False,0,False,False,False,332,0.7024442177067755,0.9522321470358752,0,,False,False,-1,-9.0,-9.0,-1,-9.0,-9.0,-9.0,0.0,-1,-9.0,-9.0,-9.0,-9.0,-9.0,0.0,0.0,0.0,0.0,0.0,0.0,0.0,0.0,0,0,False,,N,True,,0,0,1,1,1,0,0,1,0,1,0,0,0,722,0,0,0,0,1,1
270,73.0,2.0,1,3,3,5,13,0.0,False,0,False,False,False,332,0.2931866569472126,0.7199113070121685,0,,False,False,-1,-9.0,-9.0,-1,-9.0,-9.0,-9.0,0.0,-1,-9.0,-9.0,-9.0,-9.0,-9.0,0.0,0.0,0.0,0.0,0.0,0.0,0.0,0.0,0,0,False,,N,True,,0,0,1,35,1,0,0,1,0,0,0,0,0,723,0,0,0,0,1,1
271,89.0,1.0,2,3,3,5,13,0.0,False,0,False,False,False,332,0.8899088812934852,1.0182144992059994,0,,False,False,-1,-9.0,-9.0,-1,-9.0,-9.0,-9.0,0.0,-1,-9.0,-9.0,-9.0,-9.0,-9.0,0.0,0.0,0.0,0.0,0.0,0.0,0.0,0.0,0,0,False,,N,True,,0,0,0,35,1,0,0,1,0,0,0,0,0,724,0,0,0,0,1,1
272,39.0,1.0,1,1,3,1,13,29.0,False,0,True,True,False,332,2.77060861402317,0.5501568579737325,62,health,False,True,-1,-9.0,-9.0,-1,-9.0,-9.0,-9.0,0.0,1805,9.040077764109666,-0.2804929873853853,0.06369499,6.0,0.19083762,0.38167524,0.0,6.497,0.19083762,0.19083762,0.0,0.0,0.0,0,1,False,No_Telecommute,M,True,work1,1,1,0,0,0,0,0,0,0,0,0,0,0,725,0,0,1,50,6,1
273,44.0,1.0,1,1,3,1,13,41.0,False,0,True,True,False,332,1.7722387111049922,1.5300476794509434,45,sales_office,False,True,-1,-9.0,-9.0,-1,-9.0,-9.0,-9.0,0.0,2465,10.32946070941886,-0.7381528497036408,0.3023786,6.0,1.1640917,2.3222198,0.0,5.797,1.1640917,1.1640917,0.0,0.0,0.0,0,0,False,No_Telecommute,M,True,work1,1,1,0,0,0,0,0,0,0,0,0,0,0,726,0,0,1,40,1,2
273,32.0,2.0,2,1,3,1,13,43.0,False,0,True,True,False,332,0.3075131342911771,1.2428907437795973,31,sales_office,False,True,-1,-9.0,-9.0,-1,-9.0,-9.0,-9.0,0.0,2317,12.102069457341926,-2.1461821869411466,18.253962,3.0,38.207977,81.38371,0.0,0.0,38.207977,38.207977,0.0,0.0,0.0,0,1,False,No_Telecommute,M,True,work1,1,1,0,0,0,0,0,0,0,0,0,0,0,727,0,0,1,41,1,1
275,73.0,1.0,1,3,3,5,13,0.0,False,0,False,False,False,332,0.3220112151424327,0.956842208212116,0,,False,False,-1,-9.0,-9.0,-1,-9.0,-9.0,-9.0,0.0,-1,-9.0,-9.0,-9.0,-9.0,-9.0,0.0,0.0,0.0,0.0,0.0,0.0,0.0,0.0,0,0,False,,N,True,,0,0,0,36,2,0,0,1,0,1,0,0,0,730,0,0,0,0,1,1
275,66.0,2.0,2,3,3,5,13,99.0,False,0,False,False,False,332,0.7831754009952883,0.3877543084923239,99,,False,False,-1,-9.0,-9.0,-1,-9.0,-9.0,-9.0,0.0,-1,-9.0,-9.0,-9.0,-9.0,-9.0,0.0,0.0,0.0,0.0,0.0,0.0,0.0,0.0,0,0,False,,N,True,,0,0,0,6,1,0,1,0,0,0,0,0,0,731,0,0,0,0,1,2
276,29.0,1.0,2,1,3,1,13,41.0,False,0,True,True,False,332,0.9333049632201218,0.8452710892465426,56,sales_office,False,True,-1,-9.0,-9.0,-1,-9.0,-9.0,-9.0,0.0,12799,10.584248186474058,-6.943690251193769,25.539284,3.0,52.13101,103.98263,0.0,0.0,52.13101,52.13101,0.0,0.0,0.0,0,0,False,No_Telecommute,M,True,work1,1,1,0,0,0,0,0,0,0,0,0,0,0,732,0,0,1,40,1,2
277,28.0,1.0,1,1,3,1,13,13.0,False,0,True,True,False,332,0.3683037750334865,0.5363899077738599,9000,mngt_busi_scic_arts,False,True,-1,-9.0,-9.0,-1,-9.0,-9.0,-9.0,0.0,20128,12.04659191426738,-2.9864620107755977,21.909967,7.0,37.358063,72.85329,0.0,0.0,37.358063,37.358868,0.0,0.0,-0.0008049011,0,0,True,2_3_days_week,N,True,,0,0,0,12,1,0,0,0,1,0,0,0,0,733,1,0,1,60,9,2
277,28.0,2.0,2,1,3,1,13,25.0,False,0,True,True,False,332,1.2515321965976167,2.0394553131649578,61,services,False,True,-1,-9.0,-9.0,-1,-9.0,-9.0,-9.0,0.0,19719,10.304801302561556,-5.412158393303041,14.893651,7.0,25.943233,52.47907,0.0,0.0,25.943233,25.943233,0.0,0.0,0.0,0,1,True,No_Telecommute,N,True,,0,0,0,12,1,0,0,0,1,0,0,0,0,734,0,0,1,40,9,2
278,30.0,1.0,2,1,3,1,13,43.0,False,0,True,True,False,332,0.5727216358523164,0.873004295232751,33,sales_office,False,True,-1,-9.0,-9.0,-1,-9.0,-9.0,-9.0,0.0,3579,11.470364175289838,-0.4389459320727722,0.26622662,6.0,1.1591878,2.3656917,0.0,7.115,1.1591878,1.1591878,0.0,0.0,0.0,0,0,False,No_Telecommute,M,True,work1,1,1,0,0,0,0,0,0,0,0,0,0,0,735,0,0,1,40,9,2
279,26.0,1.0,1,1,3,1,13,55.0,False,0,True,True,False,332,0.8901024070241614,0.5724088729897806,9000,military,False,True,-1,-9.0,-9.0,-1,-9.0,-9.0,-9.0,0.0,7369,9.86322909004316,-1.5253822669150696,2.6704443,6.0,5.871624,15.69117,0.0,0.0,5.871624,5.871624,0.0,0.0,0.0,0,0,True,No_Telecommute,N,True,,0,0,0,6,1,0,1,0,0,0,0,0,0,736,1,0,1,45,9,2
280,58.0,1.0,1,1,3,1,13,11.0,False,0,True,True,False,332,1.4495530374263224,1.172684226754506,92,mngt_busi_scic_arts,False,True,-1,-9.0,-9.0,-1,-9.0,-9.0,-9.0,0.0,23042,10.330286357009571,-4.824365767849746,9.103121,6.0,24.49621,47.80869,0.0,0.0,24.652292,24.229605,0.0,0.0,0.42268753,0,0,True,2_3_days_week,M,True,work1,1,1,0,0,0,0,0,0,0,0,0,0,0,737,0,0,1,65,1,1
281,88.0,1.0,2,3,3,5,13,0.0,False,0,False,False,False,332,0.5383553561321475,0.7429896741291256,0,,False,False,-1,-9.0,-9.0,-1,-9.0,-9.0,-9.0,0.0,-1,-9.0,-9.0,-9.0,-9.0,-9.0,0.0,0.0,0.0,0.0,0.0,0.0,0.0,0.0,0,0,False,,N,True,,0,0,0,6,1,0,1,0,0,0,0,0,0,738,0,0,0,0,9,2
282,34.0,1.0,1,2,3,2,13,35.0,False,0,True,True,False,332,1.1584230754884424,0.5652401148352342,722,services,False,True,-1,-9.0,-9.0,-1,-9.0,-9.0,-9.0,0.0,12534,9.451882688649563,-1.6510936564426288,1.668731,6.0,5.6437683,11.677068,0.0,0.0,5.6437683,5.640976,0.0,0.0,0.0027923584,0,0,True,No_Telecommute,N,True,,0,0,0,12,1,0,0,0,1,0,0,0,0,739,0,0,1,28,1,1
283,71.0,1.0,2,3,3,5,13,99.0,False,0,False,False,False,332,0.9387147716412608,0.8318507925912833,99,,False,False,-1,-9.0,-9.0,-1,-9.0,-9.0,-9.0,0.0,-1,-9.0,-9.0,-9.0,-9.0,-9.0,0.0,0.0,0.0,0.0,0.0,0.0,0.0,0.0,0,0,False,,N,True,,0,0,0,1,1,0,0,0,0,1,0,0,0,740,0,0,0,0,1,1
284,35.0,1.0,1,1,3,1,13,55.0,False,0,True,True,False,332,1.2263454718080145,0.5890002099109256,9000,military,False,True,-1,-9.0,-9.0,-1,-9.0,-9.0,-9.0,0.0,1380,9.793129111218954,-4.3747661417939,17.95946,6.0,46.563934,97.866104,0.0,0.0,46.563934,46.563934,0.0,0.0,0.0,0,0,False,No_Telecommute,M,True,work1,1,1,0,6,1,0,1,0,0,0,0,0,0,741,1,0,1,40,1,1
284,30.0,2.0,2,3,2,3,13,31.0,True,4,False,False,False,332,0.6640312656208935,1.3604379333407908,62,health,False,False,-1,-9.0,-9.0,19370,6.901793721683046,-2.4299757201403955,14.8894005,38.042046,-1,-9.0,-9.0,-9.0,-9.0,-9.0,0.0,0.0,0.0,0.0,0.0,0.0,0.0,0.0,0,0,False,,M,True,school2,2,0,0,0,0,0,0,0,0,0,0,0,0,742,0,6,0,0,1,1
285,66.0,2.0,1,2,3,2,13,47.0,False,0,True,True,False,332,0.7247884407569007,1.1711120486278106,23,constr_maint,False,True,-1,-9.0,-9.0,-1,-9.0,-9.0,-9.0,0.0,18642,9.013673609382964,-3.1189060719633006,10.435977,7.0,18.987066,37.663647,0.0,0.0,18.987066,18.392582,0.0,0.0,0.5944843,0,0,False,No_Telecommute,M,True,work1,1,1,0,0,0,0,0,0,0,0,0,0,0,744,0,0,4,24,9,2
286,40.0,2.0,1,1,3,1,13,11.0,False,0,True,False,False,332,2.671630824196323,1.40607629529132,53,mngt_busi_scic_arts,True,False,-1,-9.0,-9.0,-1,-9.0,-9.0,-9.0,0.0,-1,-9.0,-9.0,-9.0,-9.0,-9.0,0.0,0.0,0.0,0.0,0.0,0.0,0.0,0.0,0,1,False,,N,True,,0,0,1,0,0,0,0,0,0,1,0,0,0,747,0,0,5,45,8,2
286,9.0,3.0,2,4,1,7,0,0.0,True,2,False,False,False,332,1.330806146503444,1.0452397367969763,0,,False,False,-1,-9.0,-9.0,8972,18.335772970149925,32.03124443231087,30.166248,69.394646,-1,-9.0,-9.0,-9.0,-9.0,-9.0,0.0,0.0,0.0,0.0,0.0,0.0,0.0,0.0,0,0,False,,M,True,school1,1,0,0,0,0,0,0,0,0,0,0,0,0,748,0,2,0,0,9,2
286,2.0,4.0,1,4,1,8,0,0.0,True,1,False,False,False,332,0.6303537502057648,1.4216710264965189,0,,False,False,-1,-9.0,-9.0,611,27.633463177618417,36.30771505688604,1.1172527,7.227294,-1,-9.0,-9.0,-9.0,-9.0,-9.0,0.0,0.0,0.0,0.0,0.0,0.0,0.0,0.0,0,0,False,,N,True,,0,0,0,35,1,0,0,1,0,0,0,0,0,749,0,0,0,0,9,2
286,1.0,5.0,1,4,1,8,0,0.0,True,1,False,False,False,332,0.4031592409529542,1.2811132187916063,0,,False,False,-1,-9.0,-9.0,16034,26.43739944028685,35.677885640864915,11.6226015,33.097374,-1,-9.0,-9.0,-9.0,-9.0,-9.0,0.0,0.0,0.0,0.0,0.0,0.0,0.0,0.0,0,0,False,,N,True,,0,0,0,156,2,2,0,0,0,0,0,0,0,750,0,0,0,0,9,2
286,38.0,6.0,2,3,3,4,13,0.0,False,0,False,False,False,332,0.5074852843469009,0.962771001291517,0,,False,False,-1,-9.0,-9.0,-1,-9.0,-9.0,-9.0,0.0,-1,-9.0,-9.0,-9.0,-9.0,-9.0,0.0,0.0,0.0,0.0,0.0,0.0,0.0,0.0,0,1,False,,N,True,,0,0,1,1,2,1,0,0,0,1,0,0,0,751,0,0,0,0,6,1
287,40.0,1.0,1,1,3,1,13,43.0,False,0,True,True,False,332,1.0420308668368616,0.475766019499997,54,sales_office,False,True,-1,-9.0,-9.0,-1,-9.0,-9.0,-9.0,0.0,2465,11.01838372835541,-0.5585620821320721,0.3023786,6.0,1.1640917,2.3222198,0.0,5.797,1.1640917,1.1640917,0.0,0.0,0.0,0,0,True,1_day_week,N,True,,0,0,1,0,0,0,0,1,0,0,0,0,0,752,0,0,1,40,1,1
287,56.0,2.0,1,2,3,2,13,31.0,False,0,True,False,False,332,1.4772594540283668,1.5059513210825637,92,health,True,False,-1,-9.0,-9.0,-1,-9.0,-9.0,-9.0,0.0,-1,-9.0,-9.0,-9.0,-9.0,-9.0,0.0,0.0,0.0,0.0,0.0,0.0,0.0,0.0,0,0,False,,N,True,,0,0,1,12,1,0,0,0,1,0,0,0,0,753,0,0,1,33,2,1
288,61.0,1.0,1,1,3,1,13,49.0,False,0,True,True,False,332,0.8332310880984863,2.539528030896645,23,constr_maint,False,True,-1,-9.0,-9.0,-1,-9.0,-9.0,-9.0,0.0,18969,10.368588386530533,-3.361259111467435,12.54947,7.0,27.288311,53.37799,0.0,0.0,27.288311,26.174404,0.0,0.0,1.1139069,0,0,False,No_Telecommute,M,True,work2,2,2,0,1,1,0,0,0,0,1,0,0,0,755,0,0,1,40,1,1
288,65.0,2.0,2,3,3,5,13,0.0,False,0,False,False,False,332,1.7910323061258664,0.5872154339195715,0,,False,False,-1,-9.0,-9.0,-1,-9.0,-9.0,-9.0,0.0,-1,-9.0,-9.0,-9.0,-9.0,-9.0,0.0,0.0,0.0,0.0,0.0,0.0,0.0,0.0,0,0,False,,N,True,,0,0,0,13,2,0,0,0,1,1,0,0,0,756,0,0,0,0,1,1
289,46.0,1.0,2,3,3,4,13,0.0,False,0,False,False,False,359,3.6099554344565674,2.167253234652023,0,,False,False,-1,-9.0,-9.0,-1,-9.0,-9.0,-9.0,0.0,-1,-9.0,-9.0,-9.0,-9.0,-9.0,0.0,0.0,0.0,0.0,0.0,0.0,0.0,0.0,0,0,False,,N,True,,0,0,0,179,4,3,0,1,0,0,0,0,0,757,0,0,0,0,1,1
291,81.0,1.0,2,3,3,5,13,53.0,False,0,False,False,False,359,1.0563708691205778,0.3941051371368811,44,prod_trans_move,False,False,-1,-9.0,-9.0,-1,-9.0,-9.0,-9.0,0.0,-1,-9.0,-9.0,-9.0,-9.0,-9.0,0.0,0.0,0.0,0.0,0.0,0.0,0.0,0.0,0,0,False,,N,True,,0,0,0,12,1,0,0,0,1,0,0,0,0,760,0,0,0,0,1,1
292,34.0,1.0,2,1,3,1,13,41.0,False,0,True,True,False,359,0.4360081945297802,0.7641184026680459,33,sales_office,False,True,-1,-9.0,-9.0,-1,-9.0,-9.0,-9.0,0.0,15091,12.090037280459882,-1.7276601704277794,14.508199,6.0,29.813984,59.46462,0.0,0.0,29.813984,29.813984,0.0,0.0,0.0,0,0,True,2_3_days_week,N,True,,0,0,0,1,3,2,0,0,0,1,0,0,0,761,0,0,1,40,1,2
292,16.0,2.0,2,3,1,6,0,0.0,True,3,False,False,False,359,1.40105323742973,1.782024363104778,0,,False,False,-1,-9.0,-9.0,7004,9.8144484266493,4.335490108834004,0.71042335,5.948258,-1,-9.0,-9.0,-9.0,-9.0,-9.0,0.0,0.0,0.0,0.0,0.0,0.0,0.0,0.0,0,0,False,,M,True,school1,1,0,0,0,0,0,0,0,0,0,0,0,0,762,0,5,0,0,1,2
292,15.0,3.0,2,4,1,7,0,0.0,True,3,False,False,False,359,0.6192576042252338,0.7730591649244819,0,,False,False,-1,-9.0,-9.0,16496,5.9605606886324445,-2.445143814889285,17.68564,60.624146,-1,-9.0,-9.0,-9.0,-9.0,-9.0,0.0,0.0,0.0,0.0,0.0,0.0,0.0,0.0,0,0,False,,M,True,school1,1,0,0,0,0,0,0,0,0,0,0,0,0,763,0,5,0,0,1,2
292,14.0,4.0,2,4,1,7,0,0.0,True,2,False,False,False,359,0.5008673883748002,0.6258998548799228,0,,False,False,-1,-9.0,-9.0,11793,6.908257351406239,5.528189438085227,0.9020399,5.785059,-1,-9.0,-9.0,-9.0,-9.0,-9.0,0.0,0.0,0.0,0.0,0.0,0.0,0.0,0.0,0,0,False,,M,True,school1,1,0,0,1,1,0,0,0,0,1,0,0,0,764,0,5,0,0,1,2
292,12.0,5.0,1,4,1,7,0,0.0,True,2,False,False,False,359,2.1628048194035308,2.153987916999662,0,,False,False,-1,-9.0,-9.0,9910,-0.2851871704762496,-5.582624319271713,18.148563,63.766426,-1,-9.0,-9.0,-9.0,-9.0,-9.0,0.0,0.0,0.0,0.0,0.0,0.0,0.0,0.0,0,0,False,,M,True,school1,1,0,0,0,0,0,0,0,0,0,0,0,0,765,0,2,0,0,1,2
292,8.0,6.0,1,4,1,7,0,0.0,True,2,False,False,False,359,1.321450719503107,1.1023619865341234,0,,False,False,-1,-9.0,-9.0,18578,6.810114379624648,-1.692554904847514,8.9285755,26.061882,-1,-9.0,-9.0,-9.0,-9.0,-9.0,0.0,0.0,0.0,0.0,0.0,0.0,0.0,0.0,0,0,False,,M,True,school1,1,0,0,89,1,1,0,0,0,0,0,0,0,766,0,2,0,0,1,2
293,34.0,1.0,1,1,3,1,13,41.0,False,0,True,True,False,359,0.9203775084327654,2.739294115886333,42,sales_office,False,True,-1,-9.0,-9.0,-1,-9.0,-9.0,-9.0,0.0,19551,11.463833352568372,-3.6143025372342623,14.163283,7.0,29.492744,57.889774,0.0,0.0,29.492744,26.709229,0.0,0.0,2.783516,0,0,False,No_Telecommute,N,True,,0,0,1,89,1,1,0,1,0,0,0,0,0,767,0,0,1,50,1,1
294,39.0,1.0,1,2,3,2,13,41.0,False,0,True,True,False,359,0.7769828526980522,2.0654749497016103,53,sales_office,False,True,-1,-9.0,-9.0,-1,-9.0,-9.0,-9.0,0.0,23016,10.287838731628003,-2.870283535062943,9.472235,6.0,23.436724,47.819046,0.0,5.687,23.436724,23.436724,0.0,0.0,0.0,0,1,False,No_Telecommute,M,True,work1,1,1,0,6,1,0,1,0,0,0,0,0,0,772,0,0,1,30,1,1
295,70.0,1.0,2,3,3,5,13,0.0,False,0,False,False,False,359,2.010059855189277,0.8024837864007022,0,,False,False,-1,-9.0,-9.0,-1,-9.0,-9.0,-9.0,0.0,-1,-9.0,-9.0,-9.0,-9.0,-9.0,0.0,0.0,0.0,0.0,0.0,0.0,0.0,0.0,0,0,False,,N,True,,0,0,0,1,1,0,0,0,0,1,0,0,0,774,0,0,0,0,1,1
296,38.0,1.0,1,2,3,2,13,43.0,False,0,True,True,False,359,0.8251789572078828,0.3393070171404888,44,sales_office,False,True,-1,-9.0,-9.0,-1,-9.0,-9.0,-9.0,0.0,20428,10.209289119140353,-5.221024331511474,21.587103,7.0,37.414574,73.28606,0.0,8.593,37.414574,36.66201,0.0,0.0,0.7525635,0,0,True,No_Telecommute,N,True,,0,0,0,12,1,0,0,0,1,0,0,0,0,775,0,0,4,30,1,1
296,42.0,2.0,2,1,3,1,13,41.0,False,0,True,True,False,359,0.7351598132392101,0.7390675030587248,45,sales_office,False,True,-1,-9.0,-9.0,-1,-9.0,-9.0,-9.0,0.0,23012,11.248975500829964,-2.29288018427876,7.527847,6.0,18.985992,37.979195,0.0,0.0,18.985992,18.985992,0.0,0.0,0.0,0,0,True,No_Telecommute,N,True,,0,0,0,90,2,1,0,0,0,1,0,0,0,776,0,0,4,40,1,2
298,25.0,1.0,1,1,3,1,13,53.0,False,0,True,True,False,359,0.3182907462744274,0.80959816910169,81,prod_trans_move,False,True,-1,-9.0,-9.0,-1,-9.0,-9.0,-9.0,0.0,23066,11.840050745559358,-2.3409638540539524,10.16768,6.0,23.235954,47.042603,0.0,5.708,23.235954,23.235954,0.0,0.0,0.0,0,0,False,4_days_week,N,True,,0,0,0,12,1,0,0,0,1,0,0,0,0,780,0,0,5,48,1,2
298,18.0,2.0,1,3,3,4,9,35.0,False,0,False,False,False,359,0.5552511436083032,0.3524101947022911,722,services,False,False,-1,-9.0,-9.0,-1,-9.0,-9.0,-9.0,0.0,-1,-9.0,-9.0,-9.0,-9.0,-9.0,0.0,0.0,0.0,0.0,0.0,0.0,0.0,0.0,0,0,False,,N,True,,0,0,0,6,1,0,1,0,0,0,0,0,0,781,0,0,0,0,1,2
299,52.0,1.0,2,1,3,1,13,43.0,False,0,True,True,False,359,0.2766326958941712,0.916729727312232,62,sales_office,False,True,-1,-9.0,-9.0,-1,-9.0,-9.0,-9.0,0.0,10903,12.199763911756756,-2.4966378228009165,30.122068,3.0,56.33438,111.98944,0.0,0.0,56.33438,56.33438,0.0,0.0,0.0,0,0,True,No_Telecommute,M,True,work1,1,1,0,12,1,0,0,0,1,0,0,0,0,782,0,0,1,40,1,2
299,79.0,3.0,2,3,3,5,13,0.0,False,0,False,False,False,359,0.2085080022966349,0.7639806205004157,0,,False,False,-1,-9.0,-9.0,-1,-9.0,-9.0,-9.0,0.0,-1,-9.0,-9.0,-9.0,-9.0,-9.0,0.0,0.0,0.0,0.0,0.0,0.0,0.0,0.0,0,0,False,,N,True,,0,0,0,36,2,0,0,1,0,1,0,0,0,784,0,0,0,0,1,2
300,22.0,1.0,1,1,3,1,13,55.0,False,0,True,True,False,359,1.1485117439053896,0.76149508686569,9000,military,False,True,-1,-9.0,-9.0,-1,-9.0,-9.0,-9.0,0.0,5878,10.03174677296542,-2.901297555078016,9.748453,6.0,24.844515,53.880295,0.0,0.0,24.844515,24.844515,0.0,0.0,0.0,0,1,False,No_Telecommute,N,True,,0,0,0,41,2,0,1,1,0,0,0,0,0,785,1,6,1,45,1,2
301,30.0,2.0,2,3,2,3,13,31.0,True,4,False,False,False,359,1.6761394543823147,0.5343922971639387,62,health,False,False,-1,-9.0,-9.0,12534,6.343494466606966,-0.810258405912002,1.4535182,9.315014,-1,-9.0,-9.0,-9.0,-9.0,-9.0,0.0,0.0,0.0,0.0,0.0,0.0,0.0,0.0,0,0,False,,N,True,,0,0,0,5,3,0,0,0,0,2,1,0,2,787,0,6,0,0,1,1
302,40.0,1.0,1,1,3,1,13,33.0,False,0,True,True,False,359,1.2907745006242504,1.1451495342583846,92,services,False,True,-1,-9.0,-9.0,-1,-9.0,-9.0,-9.0,0.0,12316,10.338810235012463,-7.378121461388799,20.833899,3.0,45.452965,90.43016,0.0,0.0,45.452965,45.452965,0.0,0.0,0.0,0,0,False,No_Telecommute,M,True,work1,1,1,0,0,0,0,0,0,0,0,0,0,0,788,0,0,1,40,1,2
303,81.0,1.0,2,3,3,5,13,0.0,False,0,False,False,False,359,0.1739564112748079,0.385373494963098,0,,False,False,-1,-9.0,-9.0,-1,-9.0,-9.0,-9.0,0.0,-1,-9.0,-9.0,-9.0,-9.0,-9.0,0.0,0.0,0.0,0.0,0.0,0.0,0.0,0.0,0,0,False,,N,True,,0,0,0,1,1,0,0,0,0,1,0,0,0,789,0,0,0,0,1,1
305,42.0,1.0,1,1,3,1,13,55.0,False,0,True,False,True,359,0.5929553245540247,1.1234344738181643,9000,military,False,True,24331,5.255757127877742,-3.0013008000686514,-1,-9.0,-9.0,-9.0,0.0,24331,5.255757127877742,-3.0013008000686514,26.037504,-9.0,45.486618,89.63251,0.0,0.0,0.0,0.0,0.0,0.0,0.0,0,1,False,1_day_week,M,True,work1,1,1,0,0,0,0,0,0,0,0,0,0,0,791,1,6,1,40,8,2
305,44.0,2.0,2,1,3,1,13,29.0,False,0,True,True,False,359,0.7374821566851711,1.947074077277404,62,health,False,True,-1,-9.0,-9.0,-1,-9.0,-9.0,-9.0,0.0,23225,10.631944763711624,-1.8644454383575928,4.711695,6.0,12.817512,25.912655,0.0,0.0,14.287257,12.817512,0.0,0.0,1.4697456,0,1,False,No_Telecommute,M,True,work1,1,1,0,0,0,0,0,0,0,0,0,0,0,792,0,0,1,40,6,1
306,68.0,1.0,1,1,3,1,13,37.0,False,0,True,True,False,359,0.6840553114858016,3.4488721784489607,56,services,False,True,-1,-9.0,-9.0,-1,-9.0,-9.0,-9.0,0.0,23934,11.57861506429948,-1.6625570025753014,5.1465707,6.0,13.761817,27.713852,0.0,0.0,13.761817,13.759025,0.0,0.0,0.0027923584,0,0,True,No_Telecommute,N,True,,0,0,1,0,0,0,0,1,0,0,0,0,0,793,0,0,1,40,1,1
306,64.0,2.0,2,3,3,4,13,0.0,False,0,False,False,False,359,0.5642514106619114,0.4912879906344836,0,,False,False,-1,-9.0,-9.0,-1,-9.0,-9.0,-9.0,0.0,-1,-9.0,-9.0,-9.0,-9.0,-9.0,0.0,0.0,0.0,0.0,0.0,0.0,0.0,0.0,0,0,False,,N,True,,0,0,1,89,1,1,0,0,0,0,0,0,0,794,0,0,0,0,1,1
307,68.0,1.0,2,3,3,5,13,0.0,False,0,False,False,False,409,0.7244538244533032,1.839408948455312,0,,False,False,-1,-9.0,-9.0,-1,-9.0,-9.0,-9.0,0.0,-1,-9.0,-9.0,-9.0,-9.0,-9.0,0.0,0.0,0.0,0.0,0.0,0.0,0.0,0.0,0,0,False,,N,True,,0,0,0,1,1,0,0,0,0,1,0,0,0,797,0,0,0,0,1,1
307,45.0,2.0,1,3,3,4,13,0.0,False,0,False,False,False,409,2.676028951823693,1.2331032675155065,0,,False,False,-1,-9.0,-9.0,-1,-9.0,-9.0,-9.0,0.0,-1,-9.0,-9.0,-9.0,-9.0,-9.0,0.0,0.0,0.0,0.0,0.0,0.0,0.0,0.0,0,0,False,,N,True,,0,0,0,35,1,0,0,1,0,0,0,0,0,798,0,0,0,0,1,1
309,65.0,1.0,2,3,2,3,13,13.0,True,4,False,False,False,409,0.6496372984590868,0.9619619671507058,54,mngt_busi_scic_arts,False,False,-1,-9.0,-9.0,19370,5.583840662926268,-2.429947355941127,14.359599,36.549778,-1,-9.0,-9.0,-9.0,-9.0,-9.0,0.0,0.0,0.0,0.0,0.0,0.0,0.0,0.0,0,0,False,,N,True,,0,0,0,18,2,0,1,0,1,0,0,0,0,801,0,6,4,35,1,1
310,35.0,1.0,1,1,3,1,13,55.0,False,0,True,False,True,409,0.8711392085411936,1.5629875529987929,9000,military,False,True,24331,5.224338181706812,-4.350313749869509,-1,-9.0,-9.0,-9.0,0.0,24331,5.224338181706812,-4.350313749869509,25.810205,-9.0,47.863075,94.78458,0.0,0.0,0.0,0.0,0.0,0.0,0.0,0,0,True,No_Telecommute,M,True,work2,2,2,0,0,0,0,0,0,0,0,0,0,0,802,1,0,1,60,1,1
310,35.0,2.0,2,2,3,2,13,25.0,False,0,True,True,False,409,0.8311528449119785,0.2607106458932522,61,services,False,True,-1,-9.0,-9.0,-1,-9.0,-9.0,-9.0,0.0,8471,10.364446074990155,0.3462082228559577,0.13849314,6.0,0.50556165,1.0097388,0.0,4.589,0.50556165,0.50556165,0.0,0.0,0.0,0,0,True,No_Telecommute,M,True,work1,1,1,0,0,1,1,0,0,0,0,0,0,0,803,0,0,4,20,1,1
310,16.0,3.0,2,3,1,6,0,0.0,True,3,False,False,False,409,0.2754447279529684,2.933899372634915,0,,False,False,-1,-9.0,-9.0,723,6.554125435749731,-1.3470790151680905,29.61756,76.67354,-1,-9.0,-9.0,-9.0,-9.0,-9.0,0.0,0.0,0.0,0.0,0.0,0.0,0.0,0.0,0,0,False,,M,True,school1,1,0,0,0,0,0,0,0,0,0,0,0,0,804,0,5,0,0,1,1
310,13.0,4.0,2,4,1,7,0,0.0,True,2,False,False,False,409,0.3234776242626653,1.5571513745608798,0,,False,False,-1,-9.0,-9.0,16377,4.422234839439359,-0.4785759941968645,5.415847,25.24222,-1,-9.0,-9.0,-9.0,-9.0,-9.0,0.0,0.0,0.0,0.0,0.0,0.0,0.0,0.0,0,0,False,,M,True,school1,1,0,0,0,0,0,0,0,0,0,0,0,0,805,0,2,0,0,1,1
310,10.0,5.0,2,4,1,7,0,0.0,True,2,False,False,False,409,1.3461428757032652,1.4142821328015869,0,,False,False,-1,-9.0,-9.0,4962,8.285411524044866,6.946379987728029,0.13849314,1.0018296,-1,-9.0,-9.0,-9.0,-9.0,-9.0,0.0,0.0,0.0,0.0,0.0,0.0,0.0,0.0,0,0,False,,M,True,school1,1,0,0,0,0,0,0,0,0,0,0,0,0,806,0,2,0,0,1,1
311,40.0,1.0,2,1,3,1,13,31.0,False,0,True,True,False,409,1.461092035086485,1.1792083600644392,56,health,False,True,-1,-9.0,-9.0,-1,-9.0,-9.0,-9.0,0.0,19838,9.316853247252638,-6.90970069224195,21.618578,7.0,34.70448,67.83778,0.0,0.0,38.07075,33.947506,0.0,0.0,4.1232452,0,0,True,No_Telecommute,N,True,,0,0,1,12,1,0,1,0,1,0,0,0,0,807,0,0,1,40,1,1
311,65.0,3.0,2,3,3,5,13,29.0,False,0,False,False,False,409,0.6171381524655016,1.2012062560158518,62,health,False,False,-1,-9.0,-9.0,-1,-9.0,-9.0,-9.0,0.0,-1,-9.0,-9.0,-9.0,-9.0,-9.0,0.0,0.0,0.0,0.0,0.0,0.0,0.0,0.0,0,0,False,,N,True,,0,0,1,35,1,0,0,1,0,0,0,0,0,809,0,0,0,0,1,1
312,41.0,1.0,2,1,3,1,13,11.0,False,0,True,True,False,409,0.5923395197443891,0.9899791934927888,92,mngt_busi_scic_arts,False,True,-1,-9.0,-9.0,-1,-9.0,-9.0,-9.0,0.0,12790,11.63069724567531,-3.4032170523365046,22.50154,3.0,45.937607,92.429535,0.0,0.0,49.074924,45.937607,0.0,0.0,3.1373177,0,1,False,No_Telecommute,M,True,work1,1,1,0,0,0,0,0,0,0,0,0,0,0,810,0,0,1,36,9,2
312,38.0,2.0,2,1,3,1,13,13.0,False,0,True,True,False,409,0.3907414255752098,1.0523504357815947,92,mngt_busi_scic_arts,False,True,-1,-9.0,-9.0,-1,-9.0,-9.0,-9.0,0.0,8127,12.119513815549968,-3.200454748320438,34.451534,3.0,57.08428,114.43869,0.0,23.065,60.2216,57.08428,0.0,0.0,3.1373215,0,1,False,No_Telecommute,M,True,work1,1,1,0,0,0,0,0,0,0,0,0,0,0,811,0,0,1,40,9,2
313,43.0,1.0,2,3,3,4,13,0.0,False,0,False,False,False,409,0.274010560287891,1.2880352447905643,0,,False,False,-1,-9.0,-9.0,-1,-9.0,-9.0,-9.0,0.0,-1,-9.0,-9.0,-9.0,-9.0,-9.0,0.0,0.0,0.0,0.0,0.0,0.0,0.0,0.0,0,0,False,,N,True,,0,0,0,13,2,0,0,0,1,1,0,0,0,812,0,0,0,0,1,2
314,34.0,2.0,1,1,3,1,13,47.0,False,0,True,True,False,409,0.4223508038258258,1.358318589608207,23,constr_maint,False,True,-1,-9.0,-9.0,-1,-9.0,-9.0,-9.0,0.0,18969,11.254040287025235,-1.8919098096316345,12.019669,7.0,26.12467,50.87538,0.0,0.0,26.12467,24.253786,0.0,0.0,1.870884,0,0,True,No_Telecommute,N,True,,0,0,0,12,1,0,0,0,1,0,0,0,0,814,0,0,1,60,1,2
315,53.0,1.0,2,3,3,4,13,0.0,False,0,False,False,False,409,0.7027479007442201,0.3881661174667958,0,,False,False,-1,-9.0,-9.0,-1,-9.0,-9.0,-9.0,0.0,-1,-9.0,-9.0,-9.0,-9.0,-9.0,0.0,0.0,0.0,0.0,0.0,0.0,0.0,0.0,0,0,False,,N,True,,0,0,0,1,1,0,0,0,0,1,0,0,0,815,0,0,0,0,9,2
315,52.0,2.0,1,1,3,1,13,51.0,False,0,True,True,False,409,0.3482708481030523,1.2185691568830948,22,prod_trans_move,False,True,-1,-9.0,-9.0,-1,-9.0,-9.0,-9.0,0.0,19574,12.307218470541988,-1.9043243268416408,14.647088,7.0,30.763092,62.335396,0.0,0.0,30.763092,27.452015,0.0,0.0,3.311077,0,0,False,No_Telecommute,M,True,work2,2,2,0,0,0,0,0,0,0,0,0,0,0,816,0,0,1,40,9,2
316,46.0,1.0,2,2,3,2,13,31.0,False,0,True,True,False,409,0.9941283914801337,1.4654659888491155,62,health,False,True,-1,-9.0,-9.0,-1,-9.0,-9.0,-9.0,0.0,13539,9.01086891683648,-1.6806848220042834,3.288044,6.0,8.459797,17.242373,0.0,0.0,8.459797,8.459797,0.0,0.0,0.0,0,0,False,No_Telecommute,N,True,,0,0,0,35,1,0,0,1,0,0,0,0,0,817,0,0,1,30,8,2
316,17.0,2.0,1,3,1,6,0,0.0,True,3,False,False,False,409,0.9790832874396986,1.5222466774998142,0,,False,False,-1,-9.0,-9.0,16374,10.367949516266636,-0.1145541424069158,4.642452,22.818386,-1,-9.0,-9.0,-9.0,-9.0,-9.0,0.0,0.0,0.0,0.0,0.0,0.0,0.0,0.0,0,0,False,,M,True,school1,1,0,0,0,0,0,0,0,0,0,0,0,0,818,0,5,0,0,8,2
316,16.0,3.0,2,3,1,6,0,0.0,True,3,False,False,False,409,1.241611731472676,0.5340019413038058,0,,False,False,-1,-9.0,-9.0,7211,10.10174632837156,5.119840431440525,0.13849314,1.0018296,-1,-9.0,-9.0,-9.0,-9.0,-9.0,0.0,0.0,0.0,0.0,0.0,0.0,0.0,0.0,0,0,False,,M,True,school1,1,0,0,0,0,0,0,0,0,0,0,0,0,819,0,5,0,0,8,2
317,66.0,1.0,1,3,3,5,13,15.0,False,0,False,False,False,409,0.7367953271787391,1.6853970557672373,54,mngt_busi_scic_arts,False,False,-1,-9.0,-9.0,-1,-9.0,-9.0,-9.0,0.0,-1,-9.0,-9.0,-9.0,-9.0,-9.0,0.0,0.0,0.0,0.0,0.0,0.0,0.0,0.0,0,0,False,,N,True,,0,0,0,1,1,0,0,0,0,1,0,0,0,820,0,0,6,20,8,1
317,66.0,2.0,2,3,3,5,13,0.0,False,0,False,False,False,409,0.712144498707471,0.8089730213125519,0,,False,False,-1,-9.0,-9.0,-1,-9.0,-9.0,-9.0,0.0,-1,-9.0,-9.0,-9.0,-9.0,-9.0,0.0,0.0,0.0,0.0,0.0,0.0,0.0,0.0,0,0,False,,N,True,,0,0,0,3,1,0,0,0,0,0,1,0,0,821,0,0,0,0,1,1
318,64.0,1.0,2,3,3,4,13,0.0,False,0,False,False,False,468,0.5546808200972916,0.5195178914552624,0,,False,False,-1,-9.0,-9.0,-1,-9.0,-9.0,-9.0,0.0,-1,-9.0,-9.0,-9.0,-9.0,-9.0,0.0,0.0,0.0,0.0,0.0,0.0,0.0,0.0,0,0,False,,N,True,,0,0,0,7,2,0,1,0,0,1,0,0,0,822,0,0,0,0,1,1
319,34.0,1.0,2,1,3,1,13,41.0,False,0,True,True,False,468,0.7529672120410271,0.999365418313983,33,sales_office,False,True,-1,-9.0,-9.0,-1,-9.0,-9.0,-9.0,0.0,18988,11.517605830247126,-2.6725627584886578,12.842639,6.0,30.12265,60.307213,0.0,0.0,30.12265,29.950932,0.0,0.0,0.1717186,0,0,True,No_Telecommute,N,True,,0,0,0,101,6,5,0,0,1,0,0,0,0,823,0,0,1,40,1,2
319,16.0,2.0,2,3,1,6,0,0.0,True,3,False,False,False,468,0.7696246164227883,0.4650133641499427,0,,False,False,-1,-9.0,-9.0,7211,10.402957505394015,4.702316410598934,0.5264983,3.8679452,-1,-9.0,-9.0,-9.0,-9.0,-9.0,0.0,0.0,0.0,0.0,0.0,0.0,0.0,0.0,0,0,False,,M,True,school1,1,0,0,0,0,0,0,0,0,0,0,0,0,824,0,5,0,0,1,2
319,15.0,3.0,2,4,1,7,0,0.0,True,3,False,False,False,468,0.3554439985441012,1.0682798778434208,0,,False,False,-1,-9.0,-9.0,7004,10.770021701740982,7.040359426576456,0.42386383,2.8233786,-1,-9.0,-9.0,-9.0,-9.0,-9.0,0.0,0.0,0.0,0.0,0.0,0.0,0.0,0.0,0,0,False,,M,True,school1,1,0,0,0,0,0,0,0,0,0,0,0,0,825,0,5,0,0,1,2
319,14.0,4.0,2,4,1,7,0,0.0,True,2,False,False,False,468,0.3685924131413753,0.7546985692269401,0,,False,False,-1,-9.0,-9.0,11867,4.263908456042892,-2.5997380221809405,25.921564,69.28118,-1,-9.0,-9.0,-9.0,-9.0,-9.0,0.0,0.0,0.0,0.0,0.0,0.0,0.0,0.0,0,0,False,,N,True,,0,0,0,1,1,0,0,0,0,1,0,0,0,826,0,5,0,0,1,2
319,12.0,5.0,1,4,1,7,0,0.0,True,2,False,False,False,468,0.3100550134512647,0.5386041489674797,0,,False,False,-1,-9.0,-9.0,5878,4.600735674959335,1.1219915370561582,10.233285,39.35617,-1,-9.0,-9.0,-9.0,-9.0,-9.0,0.0,0.0,0.0,0.0,0.0,0.0,0.0,0.0,0,0,False,,M,True,school1,1,0,0,0,0,0,0,0,0,0,0,0,0,827,0,2,0,0,1,2
319,8.0,6.0,1,4,1,7,0,0.0,True,2,False,False,False,468,0.9906828002736732,2.368968640811952,0,,False,False,-1,-9.0,-9.0,7211,6.964554477258352,5.560787261455976,0.5264983,3.8679452,-1,-9.0,-9.0,-9.0,-9.0,-9.0,0.0,0.0,0.0,0.0,0.0,0.0,0.0,0.0,0,0,False,,M,True,school1,1,0,0,1,1,0,0,0,0,1,0,0,0,828,0,2,0,0,1,2
320,62.0,1.0,1,3,3,4,13,23.0,False,0,False,False,False,468,0.3604890493216375,1.4761233072127011,54,mngt_busi_scic_arts,False,False,-1,-9.0,-9.0,-1,-9.0,-9.0,-9.0,0.0,-1,-9.0,-9.0,-9.0,-9.0,-9.0,0.0,0.0,0.0,0.0,0.0,0.0,0.0,0.0,0,0,False,,N,True,,0,0,0,66,2,0,0,2,0,0,0,1,0,829,0,0,0,0,1,2
321,33.0,1.0,1,1,3,1,13,33.0,False,0,True,True,False,468,0.7446200947155163,0.7053920527071322,92,services,False,True,-1,-9.0,-9.0,-1,-9.0,-9.0,-9.0,0.0,15939,11.423642723285,-3.025520964614244,13.131433,6.0,27.788433,56.595325,0.0,0.0,27.788433,27.788433,0.0,0.0,0.0,0,0,True,No_Telecommute,N,True,,0,0,0,1,1,0,0,0,0,1,0,0,0,830,0,0,1,42,9,2
321,28.0,2.0,2,1,3,1,13,11.0,False,0,True,True,False,468,0.7728170104667341,0.281243789186729,45,mngt_busi_scic_arts,False,True,-1,-9.0,-9.0,-1,-9.0,-9.0,-9.0,0.0,16856,11.035357292381777,-3.472506713117506,19.504377,7.0,43.495117,86.179565,0.0,0.0,43.495117,42.588463,0.0,0.0,0.90665436,0,0,True,No_Telecommute,N,True,,0,0,0,77,3,0,0,2,1,0,0,2,0,831,0,0,1,40,1,1
322,37.0,1.0,1,1,3,1,13,11.0,False,0,True,True,False,468,2.4794260189977577,1.4275098388010887,54,mngt_busi_scic_arts,False,True,-1,-9.0,-9.0,-1,-9.0,-9.0,-9.0,0.0,15799,8.931620957942197,-7.354421696177781,12.412749,6.0,27.919144,57.61666,0.0,0.0,28.331884,25.624744,0.0,0.0,2.70714,0,0,True,2_3_days_week,N,True,,0,0,0,3,1,0,0,0,0,0,1,0,0,832,0,0,2,80,1,1
322,32.0,2.0,2,3,3,4,13,35.0,False,0,False,False,False,468,0.5566128560835982,0.8854702292777761,722,services,False,False,-1,-9.0,-9.0,-1,-9.0,-9.0,-9.0,0.0,-1,-9.0,-9.0,-9.0,-9.0,-9.0,0.0,0.0,0.0,0.0,0.0,0.0,0.0,0.0,0,1,False,,N,True,,0,0,0,12,1,0,0,0,1,0,0,0,0,833,0,0,4,30,8,2
323,54.0,1.0,2,3,3,4,13,41.0,False,0,False,False,False,468,0.5958522261134814,1.235117395017356,54,sales_office,False,False,-1,-9.0,-9.0,-1,-9.0,-9.0,-9.0,0.0,-1,-9.0,-9.0,-9.0,-9.0,-9.0,0.0,0.0,0.0,0.0,0.0,0.0,0.0,0.0,0,0,False,,N,True,,0,0,0,35,1,0,0,1,0,0,0,0,0,834,0,0,6,40,1,1
324,36.0,1.0,1,1,3,1,13,11.0,False,0,True,True,False,468,0.6418840580327027,1.0925497639648445,53,mngt_busi_scic_arts,False,True,-1,-9.0,-9.0,-1,-9.0,-9.0,-9.0,0.0,17448,12.085516309874723,-3.2455064610352427,20.157732,7.0,44.745632,86.08307,0.0,0.0,44.745632,44.359314,0.0,0.0,0.3863182,0,0,False,No_Telecommute,N,True,,0,0,0,6,1,0,1,0,0,0,0,0,0,837,0,0,1,60,1,1
325,56.0,1.0,2,2,3,2,13,37.0,False,0,True,True,False,468,0.5835424319189028,1.6626108704202418,81,services,False,True,-1,-9.0,-9.0,-1,-9.0,-9.0,-9.0,0.0,16099,10.273859677137326,-1.0495866877927913,2.7230675,6.0,8.508519,17.56129,0.0,0.0,8.508519,8.508519,0.0,0.0,0.0,0,0,False,4_days_week,M,True,work1,1,1,0,0,0,0,0,0,0,0,0,0,0,839,0,0,2,30,1,2
325,57.0,2.0,1,3,3,4,13,0.0,False,0,False,False,False,468,0.7963049778456608,0.273718164637409,0,,False,False,-1,-9.0,-9.0,-1,-9.0,-9.0,-9.0,0.0,-1,-9.0,-9.0,-9.0,-9.0,-9.0,0.0,0.0,0.0,0.0,0.0,0.0,0.0,0.0,0,0,False,,N,True,,0,0,0,66,2,0,0,2,0,0,0,1,0,840,0,0,0,0,1,2
325,26.0,3.0,1,3,3,4,13,99.0,False,0,False,False,False,468,0.4752960456293014,2.021679284411491,99,,False,False,-1,-9.0,-9.0,-1,-9.0,-9.0,-9.0,0.0,-1,-9.0,-9.0,-9.0,-9.0,-9.0,0.0,0.0,0.0,0.0,0.0,0.0,0.0,0.0,0,0,False,,N,True,,0,0,0,1,1,0,0,0,0,1,0,0,0,841,0,0,0,0,1,2
326,36.0,1.0,1,3,3,4,13,49.0,False,0,False,False,False,468,2.3666239690014894,1.2904831747497003,81,constr_maint,False,False,-1,-9.0,-9.0,-1,-9.0,-9.0,-9.0,0.0,-1,-9.0,-9.0,-9.0,-9.0,-9.0,0.0,0.0,0.0,0.0,0.0,0.0,0.0,0.0,0,1,False,,N,True,,0,0,0,47,2,0,0,1,1,0,0,1,0,842,0,0,0,0,1,2
326,31.0,2.0,2,1,3,1,13,43.0,False,0,True,True,False,468,0.6684445121607032,1.3560080857505354,23,sales_office,False,True,-1,-9.0,-9.0,-1,-9.0,-9.0,-9.0,0.0,4677,11.889031696021332,-3.923163308616467,26.78346,3.0,57.1165,115.64157,0.0,0.0,57.1165,57.1165,0.0,0.0,0.0,0,1,False,4_days_week,M,True,work1,1,1,0,0,0,0,0,0,0,0,0,0,0,843,0,0,1,40,1,1
327,31.0,1.0,1,1,3,1,13,33.0,False,0,True,True,False,468,0.1861312090667787,0.7789925691330164,92,services,False,True,-1,-9.0,-9.0,-1,-9.0,-9.0,-9.0,0.0,19535,12.88960003343612,-0.8994220909076511,11.565232,6.0,25.2839,52.29267,0.0,0.0,25.2839,25.2839,0.0,0.0,0.0,0,1,True,No_Telecommute,N,True,,0,0,0,13,2,0,0,0,1,1,0,0,0,844,0,6,1,40,1,2
327,29.0,2.0,2,1,3,1,13,41.0,False,0,True,True,False,468,3.6787667060783176,2.0858206114549724,44,sales_office,False,True,-1,-9.0,-9.0,-1,-9.0,-9.0,-9.0,0.0,18521,8.384518173094891,-7.005486429458722,7.5522056,7.0,18.679344,37.69488,0.0,0.0,18.679344,18.679344,0.0,0.0,0.0,0,0,True,No_Telecommute,M,True,work1,1,1,0,0,0,0,0,0,0,0,0,0,0,845,0,0,1,40,1,1
329,30.0,1.0,1,3,3,4,13,27.0,False,0,False,False,False,468,0.9056708799357838,0.9442802948907209,92,mngt_busi_scic_arts,False,False,-1,-9.0,-9.0,-1,-9.0,-9.0,-9.0,0.0,-1,-9.0,-9.0,-9.0,-9.0,-9.0,0.0,0.0,0.0,0.0,0.0,0.0,0.0,0.0,0,1,False,,N,True,,0,0,0,1,1,0,0,0,0,1,0,0,0,847,0,0,1,60,8,2
329,27.0,2.0,2,2,2,3,13,25.0,True,4,True,True,False,468,0.5511835539443274,1.0834542252439778,61,services,False,True,-1,-9.0,-9.0,23114,7.246876580698499,-1.2483996977173348,6.915377,24.599854,6181,11.688795112456992,-3.710743243421261,21.420095,3.0,45.93065,90.21118,0.0,0.0,46.96069,45.93065,0.0,0.0,1.0300407,0,0,False,No_Telecommute,N,True,,0,0,0,47,2,0,0,1,1,0,0,1,0,848,0,6,1,30,8,2
330,22.0,1.0,1,3,3,4,13,53.0,False,0,False,False,False,468,0.8921867254600713,1.8106519289207843,48,prod_trans_move,False,False,-1,-9.0,-9.0,-1,-9.0,-9.0,-9.0,0.0,-1,-9.0,-9.0,-9.0,-9.0,-9.0,0.0,0.0,0.0,0.0,0.0,0.0,0.0,0.0,0,0,False,,N,True,,0,0,1,0,0,0,0,0,0,1,0,0,0,849,0,0,3,40,1,2
330,23.0,3.0,2,1,3,1,13,31.0,False,0,True,True,False,468,1.6881145113051716,0.8919321581640672,62,health,False,True,-1,-9.0,-9.0,-1,-9.0,-9.0,-9.0,0.0,24227,8.959418895329398,-7.705820438146178,16.721256,7.0,30.77113,60.610172,0.0,4.252,30.77113,30.43406,0.0,0.0,0.33707047,0,0,True,2_3_days_week,N,True,,0,0,1,24,2,0,0,0,2,0,0,1,0,851,0,0,1,40,1,2
331,32.0,1.0,1,1,3,1,13,29.0,False,0,True,True,False,468,0.2126997613241089,2.057478495444934,62,health,False,True,-1,-9.0,-9.0,-1,-9.0,-9.0,-9.0,0.0,5548,11.958169637670904,-2.3360166334212145,24.665968,3.0,50.478725,102.500046,0.0,4.004,50.478725,50.478725,0.0,0.0,0.0,0,0,True,No_Telecommute,M,True,work1,1,1,0,0,0,0,0,0,0,0,0,0,0,852,0,6,1,40,1,2
331,22.0,2.0,1,3,2,3,13,47.0,True,4,False,False,False,468,1.2797132194858518,0.5071769641762229,23,constr_maint,False,False,-1,-9.0,-9.0,23114,6.810294860798487,-2.554917396243036,6.915377,24.599854,-1,-9.0,-9.0,-9.0,-9.0,-9.0,0.0,0.0,0.0,0.0,0.0,0.0,0.0,0.0,0,0,False,,M,True,school1,1,0,0,0,0,0,0,0,0,0,0,0,0,853,0,6,5,25,1,2
331,21.0,3.0,2,1,3,1,9,35.0,False,0,True,True,False,468,0.3474017499896795,1.0645062943511323,722,services,False,True,-1,-9.0,-9.0,-1,-9.0,-9.0,-9.0,0.0,5507,11.850059865736272,-3.3908404636781717,30.962645,3.0,57.462925,114.8065,0.0,0.0,57.749336,57.462925,0.0,0.0,0.2864113,0,1,True,No_Telecommute,M,True,work1,1,1,0,0,0,0,0,0,0,0,0,0,0,854,0,6,1,40,1,2
332,23.0,1.0,1,1,3,1,13,13.0,False,0,True,True,False,468,0.7970330527965966,0.8584679676086384,9000,mngt_busi_scic_arts,False,True,-1,-9.0,-9.0,-1,-9.0,-9.0,-9.0,0.0,16362,11.500420778333025,-2.07969636302668,5.933162,6.0,15.672991,31.24587,0.0,0.0,15.672991,15.672991,0.0,0.0,0.0,0,1,True,1_day_week,M,True,work1,1,1,0,0,0,0,0,0,0,0,0,0,0,855,1,0,1,55,1,2
332,22.0,2.0,2,1,3,1,13,53.0,False,0,True,True,False,468,0.5092115922228738,0.7476404422792227,9000,prod_trans_move,False,True,-1,-9.0,-9.0,-1,-9.0,-9.0,-9.0,0.0,20545,11.477928336078431,-2.967338624199757,19.926394,7.0,35.891582,70.61453,0.0,0.0,35.891582,35.019245,0.0,0.0,0.87233734,0,0,False,No_Telecommute,N,True,,0,0,0,35,1,0,0,1,0,0,0,0,0,856,1,0,1,55,1,2
333,29.0,1.0,2,3,2,3,13,53.0,True,4,False,False,False,468,1.5665731686474498,0.6869028949235387,45,prod_trans_move,False,False,-1,-9.0,-9.0,23114,6.377794202202331,-3.7804844189504423,6.915377,24.599854,-1,-9.0,-9.0,-9.0,-9.0,-9.0,0.0,0.0,0.0,0.0,0.0,0.0,0.0,0.0,0,1,False,,M,True,school1,1,0,0,35,1,0,0,1,0,0,0,0,0,857,0,6,0,0,1,1
333,29.0,2.0,1,1,3,1,13,29.0,False,0,True,True,False,468,0.2483056083696066,0.6291057652406992,9000,health,False,True,-1,-9.0,-9.0,-1,-9.0,-9.0,-9.0,0.0,16195,11.609703936339065,-0.904544496618049,5.9884276,6.0,15.894321,32.061577,0.0,0.0,15.894321,15.894321,0.0,0.0,0.0,0,0,True,No_Telecommute,M,True,work1,1,1,0,0,0,0,0,0,0,0,0,0,0,858,1,6,1,47,8,2
334,32.0,1.0,2,1,3,1,13,41.0,False,0,True,True,False,468,1.5627680551475858,0.3682830068601189,45,sales_office,False,True,-1,-9.0,-9.0,-1,-9.0,-9.0,-9.0,0.0,229,10.358666378077857,-1.0126872526373838,0.79504216,6.0,3.0220928,6.032033,0.0,6.942,3.1327085,3.0220928,0.0,0.0,0.11061573,0,0,True,No_Telecommute,N,True,,0,0,0,66,2,0,0,2,0,0,0,1,0,859,0,0,1,37,9,2
334,30.0,2.0,1,1,3,1,13,55.0,False,0,True,True,False,468,2.246398904228425,0.8070858126101506,9000,military,False,True,-1,-9.0,-9.0,-1,-9.0,-9.0,-9.0,0.0,5878,8.761563771427383,-5.400519520520293,10.233285,6.0,26.148651,57.0902,0.0,0.0,26.447796,26.148651,0.0,0.0,0.29914474,0,0,True,No_Telecommute,M,True,work2,2,2,0,0,0,0,0,0,0,0,0,0,0,860,1,0,1,60,9,2
334,25.0,3.0,2,1,3,1,13,41.0,False,0,True,True,False,468,2.307466226050092,1.078117403180317,45,sales_office,False,True,-1,-9.0,-9.0,-1,-9.0,-9.0,-9.0,0.0,19724,9.128992356467409,-8.716597207554695,14.4783945,7.0,25.909052,51.79869,0.0,0.0,25.909052,25.57198,0.0,0.0,0.33707237,0,1,False,No_Telecommute,M,True,work1,1,1,0,0,0,0,0,0,0,0,0,0,0,861,0,0,1,37,9,2
335,29.0,1.0,2,1,3,1,13,43.0,False,0,True,True,False,468,1.0683605714513724,0.455890859633942,42,sales_office,False,True,-1,-9.0,-9.0,-1,-9.0,-9.0,-9.0,0.0,13894,10.80027640586672,-7.520772660197044,30.001177,3.0,53.615776,105.531456,0.0,0.0,53.615776,53.615776,0.0,0.0,0.0,0,0,True,No_Telecommute,N,True,,0,0,0,58,6,3,0,1,2,0,0,2,0,862,0,0,4,45,1,2
335,10.0,2.0,1,4,1,7,0,0.0,True,2,False,False,False,468,0.1648262926089515,1.5284051253794797,0,,False,False,-1,-9.0,-9.0,13595,3.32522094722012,1.1262170327507903,10.233285,39.35617,-1,-9.0,-9.0,-9.0,-9.0,-9.0,0.0,0.0,0.0,0.0,0.0,0.0,0.0,0.0,0,0,False,,N,True,,0,0,0,89,1,1,0,0,0,0,0,0,0,863,0,2,0,0,1,2
335,8.0,3.0,2,4,1,7,0,0.0,True,2,False,False,False,468,0.6766571331841301,0.3575407122609951,0,,False,False,-1,-9.0,-9.0,23872,7.298498106025258,4.874194174467822,1.757023,11.5371895,-1,-9.0,-9.0,-9.0,-9.0,-9.0,0.0,0.0,0.0,0.0,0.0,0.0,0.0,0.0,0,0,False,,M,True,school1,1,0,0,0,0,0,0,0,0,0,0,0,0,864,0,2,0,0,1,2
335,5.0,4.0,2,4,1,8,0,0.0,True,1,False,False,False,468,0.9689969059731026,0.6116292659282133,0,,False,False,-1,-9.0,-9.0,3538,8.99252598487796,7.3791342287139825,0.09320682,0.55935264,-1,-9.0,-9.0,-9.0,-9.0,-9.0,0.0,0.0,0.0,0.0,0.0,0.0,0.0,0.0,0,0,False,,M,True,school1,1,0,0,0,0,0,0,0,0,0,0,0,0,865,0,2,0,0,8,2
336,28.0,1.0,1,1,3,1,13,13.0,False,0,True,True,False,468,2.041690541452528,0.9792764624246886,9000,mngt_busi_scic_arts,False,True,-1,-9.0,-9.0,-1,-9.0,-9.0,-9.0,0.0,11186,9.095798740005169,-1.8386569631103644,0.6070391,6.0,2.3638954,4.3493915,0.0,7.595,2.3638954,2.3638954,0.0,0.0,0.0,0,0,True,No_Telecommute,N,True,,0,0,0,12,1,0,0,0,1,0,0,0,0,867,1,0,1,60,9,2
336,28.0,2.0,2,1,3,1,13,25.0,False,0,True,True,False,468,0.9759814517307548,0.5690711245525255,61,services,False,True,-1,-9.0,-9.0,-1,-9.0,-9.0,-9.0,0.0,507,10.72023855246942,-0.8209671760136835,0.49132866,6.0,1.915767,4.0965233,0.0,6.926,1.915767,1.915767,0.0,0.0,0.0,0,0,True,No_Telecommute,N,True,,0,0,0,6,1,0,1,0,0,0,0,0,0,868,0,0,1,40,9,2
337,29.0,1.0,2,1,3,1,13,11.0,False,0,True,True,False,468,0.5187070990303639,1.2772323548512063,9000,mngt_busi_scic_arts,False,True,-1,-9.0,-9.0,-1,-9.0,-9.0,-9.0,0.0,1785,11.64111603908447,-4.197494910995443,32.977245,3.0,62.36523,126.94556,0.0,0.0,73.566986,62.36523,0.0,0.0,11.201756,0,0,False,No_Telecommute,M,True,work1,1,1,0,0,0,0,0,0,0,0,0,0,0,869,1,0,1,50,1,2
337,30.0,2.0,1,1,3,1,13,55.0,False,0,True,True,False,468,0.7870067758183723,1.606402618818049,9000,military,False,True,-1,-9.0,-9.0,-1,-9.0,-9.0,-9.0,0.0,1380,10.503971902461164,-3.087215392342445,18.633396,6.0,48.352524,101.81372,0.0,0.0,48.651672,48.352524,0.0,0.0,0.29914856,0,1,False,No_Telecommute,N,True,,0,0,0,14,3,0,0,0,1,2,0,0,1,870,1,0,1,50,1,2
338,37.0,2.0,1,1,3,1,13,55.0,False,0,True,True,False,468,0.6216716507892863,0.6508564506456723,9000,military,False,True,-1,-9.0,-9.0,-1,-9.0,-9.0,-9.0,0.0,1380,10.33071172927534,-2.62872634216672,18.633396,6.0,48.352524,101.81372,0.0,0.0,48.651672,48.352524,0.0,0.0,0.29914856,0,1,True,No_Telecommute,N,True,,0,0,1,0,3,3,1,0,0,0,0,0,0,872,1,0,1,60,1,1
338,9.0,3.0,1,4,1,7,0,0.0,True,2,False,False,False,468,1.4589034027891583,1.0017043835557615,0,,False,False,-1,-9.0,-9.0,4962,6.760633329248976,5.8586973110778855,0.5264983,3.8679452,-1,-9.0,-9.0,-9.0,-9.0,-9.0,0.0,0.0,0.0,0.0,0.0,0.0,0.0,0.0,0,0,False,,M,True,school1,1,0,1,0,0,0,0,0,0,0,0,0,0,873,0,2,0,0,9,1
338,8.0,4.0,1,4,1,7,0,0.0,True,2,False,False,False,468,0.983404420283314,0.6075651104664774,0,,False,False,-1,-9.0,-9.0,19660,7.133415945454932,-3.953206724807503,18.658882,44.61479,-1,-9.0,-9.0,-9.0,-9.0,-9.0,0.0,0.0,0.0,0.0,0.0,0.0,0.0,0.0,0,0,False,,M,True,school1,1,0,1,0,0,0,0,0,0,0,0,0,0,874,0,2,0,0,9,1
339,61.0,1.0,1,3,3,4,13,0.0,False,0,False,False,False,468,0.6125224664249811,0.87925386903799,0,,False,False,-1,-9.0,-9.0,-1,-9.0,-9.0,-9.0,0.0,-1,-9.0,-9.0,-9.0,-9.0,-9.0,0.0,0.0,0.0,0.0,0.0,0.0,0.0,0.0,0,0,False,,N,True,,0,0,0,1,1,0,0,0,0,1,0,0,0,877,0,0,0,0,1,1
340,79.0,1.0,1,3,3,5,13,11.0,False,0,False,False,False,468,0.6387147373330788,1.0696776081826078,44,mngt_busi_scic_arts,False,False,-1,-9.0,-9.0,-1,-9.0,-9.0,-9.0,0.0,-1,-9.0,-9.0,-9.0,-9.0,-9.0,0.0,0.0,0.0,0.0,0.0,0.0,0.0,0.0,0,0,False,,N,True,,0,0,0,6,1,0,1,0,0,0,0,0,0,878,0,0,0,0,1,1
340,44.0,2.0,1,3,3,4,13,0.0,False,0,False,False,False,468,1.160406232535202,0.6688185175267722,0,,False,False,-1,-9.0,-9.0,-1,-9.0,-9.0,-9.0,0.0,-1,-9.0,-9.0,-9.0,-9.0,-9.0,0.0,0.0,0.0,0.0,0.0,0.0,0.0,0.0,0,1,False,,N,True,,0,0,0,2,2,0,0,0,0,2,0,0,1,879,0,0,0,0,1,1
341,30.0,1.0,1,3,2,3,13,0.0,True,4,False,False,False,468,1.1909299645892708,1.0631432150296074,0,,False,False,-1,-9.0,-9.0,19370,6.702140946410817,-4.436070267278897,14.582525,38.883553,-1,-9.0,-9.0,-9.0,-9.0,-9.0,0.0,0.0,0.0,0.0,0.0,0.0,0.0,0.0,0,0,False,,N,True,,0,0,0,0,3,3,0,0,0,0,0,0,0,880,0,6,0,0,2,2
341,3.0,2.0,2,4,1,8,0,0.0,True,1,False,False,False,468,2.2061470935627217,0.8684555351162582,0,,False,False,-1,-9.0,-9.0,6631,8.355935928240054,4.988328114062459,0.3229072,2.2601466,-1,-9.0,-9.0,-9.0,-9.0,-9.0,0.0,0.0,0.0,0.0,0.0,0.0,0.0,0.0,0,0,False,,M,True,school1,1,0,0,0,0,0,0,0,0,0,0,0,0,881,0,0,0,0,2,2
341,0.0,3.0,2,4,1,8,0,0.0,True,1,False,False,False,468,0.231299755125034,1.762304713225915,0,,False,False,-1,-9.0,-9.0,16015,9.359737385474224,-0.9381101404681472,4.787247,19.001654,-1,-9.0,-9.0,-9.0,-9.0,-9.0,0.0,0.0,0.0,0.0,0.0,0.0,0.0,0.0,0,0,False,,M,True,school1,1,0,0,0,0,0,0,0,0,0,0,0,0,882,0,0,0,0,2,2
342,27.0,2.0,1,3,3,4,13,47.0,False,0,False,False,False,468,0.574855412086534,0.3495014313431701,23,constr_maint,False,False,-1,-9.0,-9.0,-1,-9.0,-9.0,-9.0,0.0,-1,-9.0,-9.0,-9.0,-9.0,-9.0,0.0,0.0,0.0,0.0,0.0,0.0,0.0,0.0,0,0,False,,N,True,,0,0,0,1,1,0,0,0,0,1,0,0,0,884,0,0,3,30,1,1
342,25.0,3.0,1,3,3,4,13,13.0,False,0,False,False,False,468,0.4152399861724145,1.2352684048752576,45,mngt_busi_scic_arts,False,False,-1,-9.0,-9.0,-1,-9.0,-9.0,-9.0,0.0,-1,-9.0,-9.0,-9.0,-9.0,-9.0,0.0,0.0,0.0,0.0,0.0,0.0,0.0,0.0,0,0,False,,N,True,,0,0,0,1,1,0,0,0,0,1,0,0,0,885,0,0,0,0,9,2
343,27.0,1.0,1,1,3,1,13,11.0,False,0,True,False,True,468,0.9134838182472788,1.3089562810662698,9000,mngt_busi_scic_arts,False,True,24331,5.14231207024578,-5.615048297183964,-1,-9.0,-9.0,-9.0,0.0,24331,5.14231207024578,-5.615048297183964,26.360434,-9.0,47.500977,93.998405,0.0,0.0,0.0,0.0,0.0,0.0,0.0,0,1,True,No_Telecommute,M,True,work1,1,1,0,0,0,0,0,0,0,0,0,0,0,886,1,0,1,40,9,2
343,27.0,2.0,2,3,2,3,13,21.0,True,4,False,False,False,468,0.5941408219733333,2.813931847944854,62,mngt_busi_scic_arts,False,False,-1,-9.0,-9.0,19607,6.395955261255405,0.7144556638443194,15.844972,44.555695,-1,-9.0,-9.0,-9.0,-9.0,-9.0,0.0,0.0,0.0,0.0,0.0,0.0,0.0,0.0,0,1,False,,N,True,,0,0,0,35,1,0,0,1,0,0,0,0,0,887,0,6,0,0,9,2
344,36.0,1.0,1,1,3,1,13,13.0,False,0,True,True,False,468,0.2660496088338859,0.5250487809755714,62,mngt_busi_scic_arts,False,True,-1,-9.0,-9.0,-1,-9.0,-9.0,-9.0,0.0,18952,12.732370637740658,-1.1046440590903317,11.569524,7.0,20.541147,41.139664,0.0,0.0,20.541147,20.204071,0.0,0.0,0.3370762,0,0,False,No_Telecommute,M,True,work1,1,1,0,0,0,0,0,0,0,0,0,0,0,888,0,0,1,40,1,2
344,32.0,2.0,2,1,3,1,13,11.0,False,0,True,True,False,468,0.14262451686487,1.6366194527090667,32,mngt_busi_scic_arts,False,True,-1,-9.0,-9.0,-1,-9.0,-9.0,-9.0,0.0,11778,12.599263790300824,-1.387618659772646,28.410019,3.0,48.833714,93.74751,0.0,0.0,52.06715,48.496643,0.9624136,25.000002,3.570507,0,0,False,2_3_days_week,N,True,,0,0,0,2,2,0,0,0,0,2,0,0,1,889,0,0,1,40,5,2
345,71.0,1.0,2,3,3,5,13,0.0,False,0,False,False,False,468,0.5823566664604054,0.5446280534793992,0,,False,False,-1,-9.0,-9.0,-1,-9.0,-9.0,-9.0,0.0,-1,-9.0,-9.0,-9.0,-9.0,-9.0,0.0,0.0,0.0,0.0,0.0,0.0,0.0,0.0,0,0,False,,N,True,,0,0,0,35,1,0,0,1,0,0,0,0,0,890,0,0,0,0,1,1
346,71.0,1.0,1,3,3,5,13,0.0,False,0,False,False,False,468,1.3189951940693332,0.5087985136469743,0,,False,False,-1,-9.0,-9.0,-1,-9.0,-9.0,-9.0,0.0,-1,-9.0,-9.0,-9.0,-9.0,-9.0,0.0,0.0,0.0,0.0,0.0,0.0,0.0,0.0,0,0,False,,N,True,,0,0,0,35,1,0,0,1,0,0,0,0,0,891,0,0,0,0,9,2
347,39.0,1.0,1,1,3,1,13,55.0,False,0,True,True,False,468,0.2481864471128358,1.2581300057326783,9000,military,False,True,-1,-9.0,-9.0,-1,-9.0,-9.0,-9.0,0.0,8925,11.503507245129608,-1.2589451926128932,25.119785,6.0,38.199062,75.77904,0.0,0.0,38.49821,38.199062,0.0,0.0,0.29914856,0,0,False,No_Telecommute,N,True,,0,0,1,167,4,3,1,0,1,0,0,0,0,892,1,0,1,50,9,1
347,37.0,2.0,2,3,3,4,13,0.0,False,0,False,False,False,468,0.4660599273721371,0.737802150262326,0,,False,False,-1,-9.0,-9.0,-1,-9.0,-9.0,-9.0,0.0,-1,-9.0,-9.0,-9.0,-9.0,-9.0,0.0,0.0,0.0,0.0,0.0,0.0,0.0,0.0,0,0,False,,N,True,,0,0,1,0,3,3,0,0,0,0,0,0,0,893,0,0,0,0,1,1
347,9.0,3.0,2,4,1,7,0,0.0,True,2,False,False,False,468,0.912430867286156,1.1096272702275085,0,,False,False,-1,-9.0,-9.0,5878,6.906622278607819,0.265059802859116,10.233285,39.35617,-1,-9.0,-9.0,-9.0,-9.0,-9.0,0.0,0.0,0.0,0.0,0.0,0.0,0.0,0.0,0,0,False,,M,True,school1,1,0,0,0,0,0,0,0,0,0,0,0,0,894,0,2,0,0,1,1
347,6.0,4.0,1,4,1,7,0,0.0,True,2,False,False,False,468,0.5908213105978896,1.0619987145781349,0,,False,False,-1,-9.0,-9.0,16042,4.890093382264804,2.3106428336314058,4.706964,19.52501,-1,-9.0,-9.0,-9.0,-9.0,-9.0,0.0,0.0,0.0,0.0,0.0,0.0,0.0,0.0,0,0,False,,M,True,school1,1,0,0,0,0,0,0,0,0,0,0,0,0,895,0,2,0,0,1,1
347,4.0,5.0,2,4,1,8,0,0.0,True,1,False,False,False,468,0.2785196955152653,1.5818719284185156,0,,False,False,-1,-9.0,-9.0,13556,10.274742673863626,5.662170449015895,2.8681424,16.047009,-1,-9.0,-9.0,-9.0,-9.0,-9.0,0.0,0.0,0.0,0.0,0.0,0.0,0.0,0.0,0,0,False,,N,True,,0,0,0,12,1,0,0,0,1,0,0,0,0,896,0,0,0,0,1,1
348,43.0,1.0,2,3,3,4,13,43.0,False,0,False,False,False,469,1.3708881092294107,0.660194065900247,722,sales_office,False,False,-1,-9.0,-9.0,-1,-9.0,-9.0,-9.0,0.0,-1,-9.0,-9.0,-9.0,-9.0,-9.0,0.0,0.0,0.0,0.0,0.0,0.0,0.0,0.0,0,0,False,,N,True,,0,0,0,4,2,0,0,0,0,1,1,0,1,898,0,0,5,25,9,1
349,34.0,1.0,2,1,3,1,13,41.0,False,0,True,True,False,469,1.0552280142405988,0.9756459390100632,33,sales_office,False,True,-1,-9.0,-9.0,-1,-9.0,-9.0,-9.0,0.0,19554,11.077809861080398,-4.004910567037565,13.377636,7.0,26.38762,53.451447,0.0,0.0,30.705336,26.38762,0.0,0.0,4.3177147,0,0,True,1_day_week,M,True,work1,1,1,0,0,2,2,0,0,0,0,0,0,0,899,0,0,1,40,1,2
349,16.0,2.0,2,3,1,6,0,0.0,True,3,False,False,False,469,0.5460497573494627,0.7360406786724304,0,,False,False,-1,-9.0,-9.0,7004,10.531185680728909,5.156621818947543,0.43978083,2.9292252,-1,-9.0,-9.0,-9.0,-9.0,-9.0,0.0,0.0,0.0,0.0,0.0,0.0,0.0,0.0,0,0,False,,M,True,school1,1,0,0,0,0,0,0,0,0,0,0,0,0,900,0,5,0,0,1,2
349,15.0,3.0,2,4,1,7,0,0.0,True,3,False,False,False,469,0.7395946176372197,0.3601784983652802,0,,False,False,-1,-9.0,-9.0,7211,10.609116164024597,6.20308247619702,0.27698627,2.0040445,-1,-9.0,-9.0,-9.0,-9.0,-9.0,0.0,0.0,0.0,0.0,0.0,0.0,0.0,0.0,0,0,False,,M,True,school1,1,0,0,12,1,0,0,0,1,0,0,0,0,901,0,5,0,0,1,2
349,14.0,4.0,2,4,1,7,0,0.0,True,2,False,False,False,469,0.7509666240871896,0.6273086557134158,0,,False,False,-1,-9.0,-9.0,7211,7.40565325360676,6.187899943063221,0.27698627,2.0040445,-1,-9.0,-9.0,-9.0,-9.0,-9.0,0.0,0.0,0.0,0.0,0.0,0.0,0.0,0.0,0,0,False,,M,True,school1,1,0,0,89,1,1,0,0,0,0,0,0,0,902,0,5,0,0,1,2
349,12.0,5.0,1,4,1,7,0,0.0,True,2,False,False,False,469,0.3429813182508726,1.0422554110396332,0,,False,False,-1,-9.0,-9.0,16364,4.6093425827114665,1.3050688282955212,5.1074743,24.986603,-1,-9.0,-9.0,-9.0,-9.0,-9.0,0.0,0.0,0.0,0.0,0.0,0.0,0.0,0.0,0,0,False,,M,True,school1,1,0,0,0,0,0,0,0,0,0,0,0,0,903,0,2,0,0,1,2
349,8.0,6.0,1,4,1,7,0,0.0,True,2,False,False,False,469,1.7756113343134816,0.9356685327649964,0,,False,False,-1,-9.0,-9.0,16377,4.693228547430275,0.8595032155957584,5.5772038,27.461845,-1,-9.0,-9.0,-9.0,-9.0,-9.0,0.0,0.0,0.0,0.0,0.0,0.0,0.0,0.0,0,0,False,,M,True,school1,1,0,0,0,0,0,0,0,0,0,0,0,0,904,0,2,0,0,1,2
350,27.0,1.0,1,1,3,1,13,41.0,False,0,True,True,False,469,0.4610180908025532,0.9258391560352436,45,sales_office,False,True,-1,-9.0,-9.0,-1,-9.0,-9.0,-9.0,0.0,18633,12.030879625428671,-1.976452693399919,9.295706,7.0,19.642786,39.545387,0.0,0.0,19.642786,19.642786,0.0,0.0,0.0,0,0,True,No_Telecommute,M,True,work1,1,1,0,0,0,0,0,0,0,0,0,0,0,905,0,0,1,40,8,2
350,26.0,2.0,2,1,3,1,13,37.0,False,0,True,True,False,469,2.1066561645567243,0.9000512270871697,56,services,False,True,-1,-9.0,-9.0,-1,-9.0,-9.0,-9.0,0.0,16124,9.05331283743983,-3.796652963227251,3.294532,6.0,11.209098,22.15501,0.0,0.0,11.209098,11.209098,0.0,0.0,0.0,0,1,False,No_Telecommute,N,True,,0,0,0,89,1,1,0,0,0,0,0,0,0,906,0,0,1,35,8,2
351,73.0,1.0,2,3,3,5,13,99.0,False,0,False,False,False,469,0.6557524904837669,0.8092967328310493,99,,False,False,-1,-9.0,-9.0,-1,-9.0,-9.0,-9.0,0.0,-1,-9.0,-9.0,-9.0,-9.0,-9.0,0.0,0.0,0.0,0.0,0.0,0.0,0.0,0.0,0,0,False,,N,True,,0,0,0,35,1,0,0,1,0,0,0,0,0,907,0,0,0,0,1,1
352,27.0,2.0,2,2,2,3,13,25.0,True,4,True,True,False,469,0.8393843745756583,1.4587994845133727,61,services,False,True,-1,-9.0,-9.0,23114,7.004251253383922,-1.9938317775944008,6.5141535,24.485706,16224,11.090059204202074,-1.6072993629689158,3.155497,6.0,9.936185,20.883331,0.0,0.0,9.936185,9.936185,0.0,0.0,0.0,0,0,True,No_Telecommute,M,True,school1,1,0,0,0,0,0,0,0,0,0,0,0,0,909,0,6,1,30,8,2
354,29.0,1.0,2,1,3,1,13,11.0,False,0,True,True,False,469,0.342104329890075,1.0186581978396314,9000,mngt_busi_scic_arts,False,True,-1,-9.0,-9.0,-1,-9.0,-9.0,-9.0,0.0,627,11.987052749179425,-3.149755104628076,31.731512,3.0,58.90023,119.84793,0.0,4.113,63.372803,58.90023,0.0,0.0,4.4725723,0,0,True,No_Telecommute,N,True,,0,0,0,6,1,0,1,0,0,0,0,0,0,912,1,0,1,50,1,2
354,30.0,2.0,1,1,3,1,13,55.0,False,0,True,True,False,469,0.8019092066430208,2.087043104002862,9000,military,False,True,-1,-9.0,-9.0,-1,-9.0,-9.0,-9.0,0.0,7369,10.300016505849271,-1.6071424089778767,3.3660603,6.0,8.080289,20.335598,0.0,0.0,8.080289,8.080289,0.0,0.0,0.0,1,0,False,No_Telecommute,M,True,work1,1,1,0,0,0,0,0,0,0,0,0,0,0,913,1,0,1,50,1,2
355,26.0,1.0,1,1,3,1,13,51.0,False,0,True,True,False,469,0.8748879588998113,2.031952551233593,56,prod_trans_move,False,True,-1,-9.0,-9.0,-1,-9.0,-9.0,-9.0,0.0,10747,10.65546928294793,-8.823268508922645,43.33186,2.0,68.12254,135.12088,0.0,0.0,70.64053,66.23339,0.0,0.0,4.4071426,0,1,True,4_days_week,N,True,,0,0,0,6,1,0,1,0,0,0,0,0,0,914,0,0,1,40,8,2
355,28.0,2.0,2,3,3,4,13,0.0,False,0,False,False,False,469,0.9075776021647473,0.9396997436756636,0,,False,False,-1,-9.0,-9.0,-1,-9.0,-9.0,-9.0,0.0,-1,-9.0,-9.0,-9.0,-9.0,-9.0,0.0,0.0,0.0,0.0,0.0,0.0,0.0,0.0,0,0,False,,N,True,,0,0,0,1,1,0,0,0,0,1,0,0,0,915,0,0,0,0,8,2
356,72.0,2.0,1,3,3,5,13,45.0,False,0,False,False,False,469,1.3189089553891091,0.5840378558767886,11,constr_maint,False,False,-1,-9.0,-9.0,-1,-9.0,-9.0,-9.0,0.0,-1,-9.0,-9.0,-9.0,-9.0,-9.0,0.0,0.0,0.0,0.0,0.0,0.0,0.0,0.0,0,0,False,,N,True,,0,0,0,1,1,0,0,0,0,1,0,0,0,917,0,0,0,0,9,2
356,37.0,3.0,1,1,3,1,13,37.0,False,0,True,True,False,469,0.3354436571140183,0.9315382256386128,61,services,False,True,-1,-9.0,-9.0,-1,-9.0,-9.0,-9.0,0.0,16120,12.197033344908965,-0.4824928919068579,2.9969325,6.0,10.490548,20.995771,0.0,0.0,10.490548,10.490548,0.0,0.0,0.0,0,0,False,No_Telecommute,N,True,,0,0,0,12,1,0,0,0,1,0,0,0,0,918,0,0,1,40,9,2
357,27.0,1.0,1,1,3,1,13,15.0,False,0,True,True,False,469,0.7202735683095546,0.9325561996838826,54,mngt_busi_scic_arts,False,True,-1,-9.0,-9.0,-1,-9.0,-9.0,-9.0,0.0,14358,11.521192510938397,-4.632507804788195,25.318663,3.0,51.952015,105.52733,0.0,1.696,54.470016,51.952015,0.0,0.0,2.5180016,0,0,False,No_Telecommute,M,True,work2,2,2,0,0,0,0,0,0,0,0,0,0,0,920,0,0,1,40,8,2
357,52.0,2.0,1,1,3,1,13,47.0,False,0,True,True,False,469,0.9180858145710444,1.9530577350208624,23,constr_maint,False,True,-1,-9.0,-9.0,-1,-9.0,-9.0,-9.0,0.0,18648,10.210603690351745,-2.8448744460394213,8.613805,7.0,16.779364,33.231735,0.0,0.0,16.779364,16.779364,0.0,0.0,0.0,0,1,False,No_Telecommute,M,True,work1,1,1,0,0,0,0,0,0,0,0,0,0,0,921,0,0,1,40,8,2
358,34.0,1.0,1,3,3,4,13,53.0,False,0,False,False,False,469,0.6067457691025877,0.6123480827569364,48,prod_trans_move,False,False,-1,-9.0,-9.0,-1,-9.0,-9.0,-9.0,0.0,-1,-9.0,-9.0,-9.0,-9.0,-9.0,0.0,0.0,0.0,0.0,0.0,0.0,0.0,0.0,0,0,False,,N,True,,0,0,0,12,1,0,0,0,1,0,0,0,0,923,0,0,0,0,9,1
358,34.0,2.0,1,1,3,1,13,47.0,False,0,True,True,False,469,0.5195159434440375,1.1553868371146976,23,constr_maint,False,True,-1,-9.0,-9.0,-1,-9.0,-9.0,-9.0,0.0,18492,11.62184935584093,-1.7593395212467529,9.829197,6.0,25.503435,50.99738,0.0,0.0,25.503435,25.503435,0.0,0.0,0.0,0,1,True,No_Telecommute,N,True,,0,0,0,1,1,0,0,0,0,1,0,0,0,924,0,0,1,40,9,1
359,38.0,1.0,1,1,3,1,13,55.0,False,0,True,True,False,469,0.6006990844558439,1.0923474941580669,9000,military,False,True,-1,-9.0,-9.0,-1,-9.0,-9.0,-9.0,0.0,1380,10.82848610125392,-2.378930537996011,18.655075,6.0,48.7726,102.51053,0.0,0.0,48.7726,48.7726,0.0,0.0,0.0,0,0,False,No_Telecommute,N,True,,0,0,0,156,6,6,0,0,0,0,0,0,0,925,1,0,1,60,1,1
359,41.0,2.0,2,3,3,4,13,0.0,False,0,False,False,False,469,0.3682548791508687,0.9140987734304056,0,,False,False,-1,-9.0,-9.0,-1,-9.0,-9.0,-9.0,0.0,-1,-9.0,-9.0,-9.0,-9.0,-9.0,0.0,0.0,0.0,0.0,0.0,0.0,0.0,0.0,0,0,False,,N,True,,0,0,0,89,3,3,0,0,0,0,0,0,0,926,0,0,0,0,1,1
359,13.0,3.0,1,4,1,7,0,0.0,True,2,False,False,False,469,0.7184817366449153,0.381035755297734,0,,False,False,-1,-9.0,-9.0,5878,3.0289490033394,1.674051667765753,10.254968,40.070557,-1,-9.0,-9.0,-9.0,-9.0,-9.0,0.0,0.0,0.0,0.0,0.0,0.0,0.0,0.0,0,0,False,,M,True,school1,1,0,0,0,0,0,0,0,0,0,0,0,0,927,0,2,0,0,1,1
359,11.0,4.0,1,4,1,7,0,0.0,True,2,False,False,False,469,0.9839836289508372,0.8819309188995157,0,,False,False,-1,-9.0,-9.0,11793,8.034575695609767,4.401641848174474,1.6591103,11.660419,-1,-9.0,-9.0,-9.0,-9.0,-9.0,0.0,0.0,0.0,0.0,0.0,0.0,0.0,0.0,0,0,False,,M,True,school1,1,0,0,0,0,0,0,0,0,0,0,0,0,928,0,2,0,0,1,1
359,11.0,5.0,1,4,1,7,0,0.0,True,2,False,False,False,469,0.7076070707629809,0.809290426497523,0,,False,False,-1,-9.0,-9.0,15238,1.589869432870624,-3.3491622318770813,17.920715,54.234497,-1,-9.0,-9.0,-9.0,-9.0,-9.0,0.0,0.0,0.0,0.0,0.0,0.0,0.0,0.0,0,0,False,,M,True,school1,1,0,0,0,0,0,0,0,0,0,0,0,0,929,0,2,0,0,1,1
359,7.0,7.0,2,4,1,7,0,0.0,True,2,False,False,False,469,1.0958173152079025,1.222253742254636,0,,False,False,-1,-9.0,-9.0,20600,4.233908463476996,-3.898602566505896,18.628267,44.625793,-1,-9.0,-9.0,-9.0,-9.0,-9.0,0.0,0.0,0.0,0.0,0.0,0.0,0.0,0.0,0,0,False,,M,True,school1,1,0,0,0,0,0,0,0,0,0,0,0,0,931,0,2,0,0,1,1
360,60.0,1.0,1,3,3,4,13,53.0,False,0,False,False,False,469,1.692551801769251,0.7131363778459217,48,prod_trans_move,False,False,-1,-9.0,-9.0,-1,-9.0,-9.0,-9.0,0.0,-1,-9.0,-9.0,-9.0,-9.0,-9.0,0.0,0.0,0.0,0.0,0.0,0.0,0.0,0.0,0,0,False,,N,True,,0,0,0,6,1,0,1,0,0,0,0,0,0,933,0,0,6,40,9,1
360,62.0,2.0,2,3,3,4,13,0.0,False,0,False,False,False,469,0.5888558676966534,1.1901250855177692,0,,False,False,-1,-9.0,-9.0,-1,-9.0,-9.0,-9.0,0.0,-1,-9.0,-9.0,-9.0,-9.0,-9.0,0.0,0.0,0.0,0.0,0.0,0.0,0.0,0.0,0,0,False,,N,True,,0,0,0,2,2,0,0,0,0,2,0,0,1,934,0,0,0,0,9,1
360,30.0,3.0,2,2,2,3,13,29.0,True,4,True,True,False,469,0.302901262597112,0.990145840513444,62,health,False,True,-1,-9.0,-9.0,19370,5.990666923345874,-0.8240686547998851,14.181299,38.76941,13606,11.671520527839204,-3.704753902272384,34.034904,3.0,62.832794,125.823845,0.0,0.0,65.3508,61.354206,0.0,0.0,3.9965935,0,0,False,No_Telecommute,N,True,,0,0,0,35,1,0,0,1,0,0,0,0,0,935,0,6,4,20,9,1
362,29.0,1.0,1,1,3,1,13,11.0,False,0,True,True,False,565,0.984534986800877,0.5980705088863603,62,mngt_busi_scic_arts,False,True,-1,-9.0,-9.0,-1,-9.0,-9.0,-9.0,0.0,2026,10.791820631608635,-0.5905101366123866,0.3023786,6.0,1.1640917,2.3222198,0.0,6.05,1.1640917,1.1640917,0.0,0.0,0.0,0,0,False,2_3_days_week,M,True,work1,1,1,0,0,0,0,0,0,0,0,0,0,0,937,0,0,1,40,1,2
362,25.0,2.0,2,1,3,1,13,35.0,False,0,True,True,False,565,0.6834410766656023,0.5069123028193537,44,services,False,True,-1,-9.0,-9.0,-1,-9.0,-9.0,-9.0,0.0,13130,10.996429000273215,-0.9912752571038402,2.428913,6.0,7.477454,13.616028,0.0,0.0,7.514247,6.9356585,0.0,0.0,0.5785885,0,0,True,No_Telecommute,M,True,work1,1,1,0,0,0,0,0,0,0,0,0,0,0,938,0,0,1,40,1,1
363,62.0,1.0,1,3,3,4,13,0.0,False,0,False,False,False,565,0.5517566373300553,1.1955148648752596,0,,False,False,-1,-9.0,-9.0,-1,-9.0,-9.0,-9.0,0.0,-1,-9.0,-9.0,-9.0,-9.0,-9.0,0.0,0.0,0.0,0.0,0.0,0.0,0.0,0.0,0,0,False,,N,True,,0,0,0,66,2,0,0,2,0,0,0,1,0,939,0,0,0,0,1,1
364,62.0,1.0,2,1,3,1,13,51.0,False,0,True,True,False,565,0.7886479716160455,0.54675839027215,33,prod_trans_move,False,True,-1,-9.0,-9.0,-1,-9.0,-9.0,-9.0,0.0,19015,10.985586735124809,-3.8192743776049,13.43571,6.0,29.259012,58.1547,0.0,0.0,33.211235,29.259012,0.0,0.0,3.9522228,0,0,False,1_day_week,M,True,work2,2,2,0,0,0,0,0,0,0,0,0,0,0,940,0,0,2,40,6,1
364,33.0,2.0,1,3,3,4,13,51.0,False,0,False,False,False,565,0.776051924970724,5.555453358786067,33,prod_trans_move,False,False,-1,-9.0,-9.0,-1,-9.0,-9.0,-9.0,0.0,-1,-9.0,-9.0,-9.0,-9.0,-9.0,0.0,0.0,0.0,0.0,0.0,0.0,0.0,0.0,0,1,False,,N,True,,0,0,0,18,2,0,1,0,1,0,0,0,0,941,0,0,0,0,6,1
364,22.0,3.0,1,2,3,2,13,39.0,False,0,True,True,False,565,2.003188059614756,0.5804815352655264,61,services,False,True,-1,-9.0,-9.0,-1,-9.0,-9.0,-9.0,0.0,23050,8.938416400040847,-5.5076671844244505,6.577043,6.0,17.087378,35.927147,0.0,0.0,17.087378,17.087378,0.0,0.0,0.0,0,0,False,No_Telecommute,M,True,work1,1,1,0,0,0,0,0,0,0,0,0,0,0,942,0,0,6,28,6,1
366,70.0,1.0,2,3,3,5,13,0.0,False,0,False,False,False,565,0.7189128368363048,0.507855430592087,0,,False,False,-1,-9.0,-9.0,-1,-9.0,-9.0,-9.0,0.0,-1,-9.0,-9.0,-9.0,-9.0,-9.0,0.0,0.0,0.0,0.0,0.0,0.0,0.0,0.0,0,0,False,,N,True,,0,0,0,1,1,0,0,0,0,1,0,0,0,944,0,0,0,0,1,1
367,34.0,1.0,2,1,3,1,13,43.0,False,0,True,True,False,565,0.2758721876373931,0.5620848499414915,62,sales_office,False,True,-1,-9.0,-9.0,-1,-9.0,-9.0,-9.0,0.0,16287,12.514319885733553,-0.1195730466802415,6.8058453,6.0,13.985922,30.270126,0.0,0.0,13.985922,13.985922,0.0,0.0,0.0,0,0,False,No_Telecommute,M,True,work1,1,1,0,0,0,0,0,0,0,0,0,0,0,945,0,0,1,40,1,2
368,87.0,1.0,2,3,3,5,13,0.0,False,0,False,False,False,565,0.5189018580869611,2.9086563047734724,0,,False,False,-1,-9.0,-9.0,-1,-9.0,-9.0,-9.0,0.0,-1,-9.0,-9.0,-9.0,-9.0,-9.0,0.0,0.0,0.0,0.0,0.0,0.0,0.0,0.0,0,0,False,,N,True,,0,0,0,1,1,0,0,0,0,1,0,0,0,946,0,0,0,0,1,1
369,15.0,2.0,2,4,1,7,0,0.0,True,3,False,False,False,565,0.8968403034585238,2.541415512890718,0,,False,False,-1,-9.0,-9.0,7004,18.12241544958001,36.30066078395234,0.79502493,6.102871,-1,-9.0,-9.0,-9.0,-9.0,-9.0,0.0,0.0,0.0,0.0,0.0,0.0,0.0,0.0,0,0,False,,M,True,school1,1,0,0,89,1,1,0,0,0,0,0,0,0,948,0,5,0,0,1,1
369,12.0,3.0,1,4,1,7,0,0.0,True,2,False,False,False,565,1.9421718529639669,1.4758135417284326,0,,False,False,-1,-9.0,-9.0,19486,17.273535193328208,27.32875441041825,19.909828,53.580513,-1,-9.0,-9.0,-9.0,-9.0,-9.0,0.0,0.0,0.0,0.0,0.0,0.0,0.0,0.0,0,0,False,,M,True,school1,1,0,0,0,0,0,0,0,0,0,0,0,0,949,0,2,0,0,1,1
369,10.0,4.0,2,4,1,7,0,0.0,True,2,False,False,False,565,1.0351185725551058,0.637051862736227,0,,False,False,-1,-9.0,-9.0,7296,17.94553999060844,35.236087291375114,3.1565268,13.680004,-1,-9.0,-9.0,-9.0,-9.0,-9.0,0.0,0.0,0.0,0.0,0.0,0.0,0.0,0.0,0,0,False,,M,True,school1,1,0,0,3,1,0,0,0,0,0,1,0,0,950,0,2,0,0,1,1
370,15.0,2.0,2,4,1,7,0,0.0,True,3,False,False,False,565,1.829063382772407,1.2426516318859997,0,,False,False,-1,-9.0,-9.0,7004,9.469962724516924,4.378428891329492,0.79502493,6.102871,-1,-9.0,-9.0,-9.0,-9.0,-9.0,0.0,0.0,0.0,0.0,0.0,0.0,0.0,0.0,0,0,False,,M,True,school1,1,0,0,0,0,0,0,0,0,0,0,0,0,954,0,5,0,0,1,1
370,12.0,3.0,1,4,1,7,0,0.0,True,2,False,False,False,565,0.1253338802772918,0.8711176883887989,0,,False,False,-1,-9.0,-9.0,16301,7.429638851426424,-0.0362171516394053,7.753203,29.806938,-1,-9.0,-9.0,-9.0,-9.0,-9.0,0.0,0.0,0.0,0.0,0.0,0.0,0.0,0.0,0,0,False,,M,True,school1,1,0,0,0,0,0,0,0,0,0,0,0,0,955,0,2,0,0,1,1
370,10.0,4.0,2,4,1,7,0,0.0,True,2,False,False,False,565,1.1602079177466598,0.6034970503338568,0,,False,False,-1,-9.0,-9.0,23872,6.196296101779565,2.371796689427728,1.2995143,9.303697,-1,-9.0,-9.0,-9.0,-9.0,-9.0,0.0,0.0,0.0,0.0,0.0,0.0,0.0,0.0,0,0,False,,M,True,school1,1,0,0,0,0,0,0,0,0,0,0,0,0,956,0,2,0,0,1,1
370,4.0,5.0,2,4,1,8,0,0.0,True,1,False,False,False,565,0.4215392085787193,0.6987096786458017,0,,False,False,-1,-9.0,-9.0,7369,11.86567546540642,3.5801270956590425,2.6704443,12.367118,-1,-9.0,-9.0,-9.0,-9.0,-9.0,0.0,0.0,0.0,0.0,0.0,0.0,0.0,0.0,0,0,False,,M,True,school1,1,0,0,0,0,0,0,0,0,0,0,0,0,957,0,0,0,0,1,1
371,35.0,1.0,2,3,3,4,13,0.0,False,0,False,False,False,565,0.9159794745024183,0.8837753687514222,0,,False,False,-1,-9.0,-9.0,-1,-9.0,-9.0,-9.0,0.0,-1,-9.0,-9.0,-9.0,-9.0,-9.0,0.0,0.0,0.0,0.0,0.0,0.0,0.0,0.0,0,0,False,,N,True,,0,0,0,6,5,4,1,0,0,0,0,0,0,959,0,0,0,0,1,1
371,15.0,2.0,2,4,1,7,0,0.0,True,3,False,False,False,565,0.989807708232636,0.4802390973617982,0,,False,False,-1,-9.0,-9.0,7004,10.051097404973696,5.527113205800267,0.79502493,6.102871,-1,-9.0,-9.0,-9.0,-9.0,-9.0,0.0,0.0,0.0,0.0,0.0,0.0,0.0,0.0,0,0,False,,M,True,school1,1,0,0,0,0,0,0,0,0,0,0,0,0,960,0,5,0,0,1,1
371,12.0,3.0,1,4,1,7,0,0.0,True,2,False,False,False,565,0.6200656323463762,0.3661864695512014,0,,False,False,-1,-9.0,-9.0,23872,6.592389277798715,4.442156017229839,1.2995143,9.303697,-1,-9.0,-9.0,-9.0,-9.0,-9.0,0.0,0.0,0.0,0.0,0.0,0.0,0.0,0.0,0,0,False,,M,True,school1,1,0,0,0,0,0,0,0,0,0,0,0,0,961,0,2,0,0,1,1
371,10.0,4.0,2,4,1,7,0,0.0,True,2,False,False,False,565,0.8540502701536352,1.1813377958119111,0,,False,False,-1,-9.0,-9.0,5878,3.622895406792111,0.6126996763711103,9.559349,35.56791,-1,-9.0,-9.0,-9.0,-9.0,-9.0,0.0,0.0,0.0,0.0,0.0,0.0,0.0,0.0,0,0,False,,M,True,school1,1,0,0,0,0,0,0,0,0,0,0,0,0,962,0,2,0,0,1,1
372,75.0,1.0,2,3,3,5,13,0.0,False,0,False,False,False,565,1.0655200729147518,1.1388480497100948,0,,False,False,-1,-9.0,-9.0,-1,-9.0,-9.0,-9.0,0.0,-1,-9.0,-9.0,-9.0,-9.0,-9.0,0.0,0.0,0.0,0.0,0.0,0.0,0.0,0.0,0,1,False,,N,True,,0,0,0,36,2,0,0,1,0,1,0,0,0,965,0,0,0,0,6,1
372,35.0,2.0,1,1,3,1,13,47.0,False,0,True,True,False,565,0.4040835563796765,1.4530734484074712,23,constr_maint,False,True,-1,-9.0,-9.0,-1,-9.0,-9.0,-9.0,0.0,23303,11.306595984513192,-1.8972910663683211,11.984737,6.0,28.804895,58.21978,0.0,0.0,28.804895,28.804895,0.0,0.0,0.0,0,0,True,No_Telecommute,N,True,,0,0,0,12,1,0,0,0,1,0,0,0,0,966,0,0,1,35,1,2
372,32.0,3.0,1,1,3,1,13,39.0,False,0,True,True,False,565,1.5969309099416926,0.998078102559326,71,services,False,True,-1,-9.0,-9.0,-1,-9.0,-9.0,-9.0,0.0,229,9.914952355114623,0.1220755151884009,0.06369499,6.0,0.19083762,0.38167524,0.0,6.942,0.19083762,0.19083762,0.0,0.0,0.0,0,1,False,1_day_week,N,True,,0,0,0,24,2,0,0,0,2,0,0,1,0,967,0,0,1,50,9,1
373,25.0,1.0,1,1,3,1,13,53.0,False,0,True,True,False,565,0.4437170907899377,0.5819140228079551,81,prod_trans_move,False,True,-1,-9.0,-9.0,-1,-9.0,-9.0,-9.0,0.0,6476,11.558399870487568,-4.720228719545669,25.347647,3.0,53.33913,107.14813,0.0,0.0,53.44391,53.33913,0.0,0.0,0.10477829,0,0,False,No_Telecommute,N,True,,0,0,0,47,2,0,0,1,1,0,0,1,0,968,0,0,5,48,1,2
374,39.0,1.0,1,1,3,1,13,23.0,False,0,True,False,True,565,0.675242192157427,0.8236592171601245,54,mngt_busi_scic_arts,False,True,24333,5.240035010347521,-2.295031960119253,-1,-9.0,-9.0,-9.0,0.0,24333,5.240035010347521,-2.295031960119253,19.531816,-9.0,19.341562,37.80341,0.0,0.0,0.0,0.0,0.0,0.0,0.0,0,0,False,2_3_days_week,N,True,,0,0,0,24,2,0,0,0,2,0,0,1,0,970,0,0,1,55,1,1
374,48.0,2.0,2,1,3,1,13,11.0,False,0,True,True,False,565,1.0480937537865962,1.4835578519174646,53,mngt_busi_scic_arts,False,True,-1,-9.0,-9.0,-1,-9.0,-9.0,-9.0,0.0,16099,10.704810780998676,-2.2747459677631428,3.2872488,6.0,10.601154,21.819248,0.0,0.0,10.601154,10.601154,0.0,0.0,0.0,0,0,False,No_Telecommute,N,True,,0,0,0,90,2,1,0,0,0,1,0,0,0,971,0,0,1,60,1,2
375,74.0,1.0,2,3,3,5,13,43.0,False,0,False,False,False,565,0.5690900088368414,0.3185150339857531,52,sales_office,False,False,-1,-9.0,-9.0,-1,-9.0,-9.0,-9.0,0.0,-1,-9.0,-9.0,-9.0,-9.0,-9.0,0.0,0.0,0.0,0.0,0.0,0.0,0.0,0.0,0,0,False,,N,True,,0,0,0,6,1,0,1,0,0,0,0,0,0,972,0,0,0,0,1,1
376,47.0,1.0,1,1,3,1,13,11.0,False,0,True,True,False,565,1.6228790593222333,1.2743977792776564,23,mngt_busi_scic_arts,False,True,-1,-9.0,-9.0,-1,-9.0,-9.0,-9.0,0.0,23019,9.935592256467917,-5.445101905586284,9.341102,6.0,22.218163,44.83593,0.0,5.111,24.152197,22.218163,0.0,0.0,1.9340343,0,0,True,2_3_days_week,M,True,work2,2,2,0,0,0,0,0,0,0,0,0,0,0,973,0,0,1,60,2,1
377,22.0,1.0,1,1,3,1,13,55.0,False,0,True,True,False,565,3.60319878438902,0.5499789386422507,9000,military,False,True,-1,-9.0,-9.0,-1,-9.0,-9.0,-9.0,0.0,5878,7.586257572347613,-5.171842210565195,9.559349,6.0,24.360064,53.142586,0.0,0.0,24.360064,24.360064,0.0,0.0,0.0,0,0,False,No_Telecommute,M,True,work1,1,1,0,0,0,0,0,0,0,0,0,0,0,974,1,6,1,45,1,2
378,31.0,1.0,1,1,3,1,13,11.0,False,0,True,True,False,565,2.227366689619217,1.6414818432841851,31,mngt_busi_scic_arts,False,True,-1,-9.0,-9.0,-1,-9.0,-9.0,-9.0,0.0,23097,9.003271341847327,-7.141122450695969,11.158302,6.0,24.555637,48.93839,0.0,0.0,24.555637,24.555637,0.0,0.0,0.0,0,0,True,2_3_days_week,N,True,,0,0,0,1,1,0,0,0,0,1,0,0,0,975,0,0,1,55,1,1
379,37.0,1.0,1,1,3,1,13,51.0,False,0,True,False,False,565,0.2588353825469354,0.9022964901114704,32,prod_trans_move,True,False,-1,-9.0,-9.0,-1,-9.0,-9.0,-9.0,0.0,-1,-9.0,-9.0,-9.0,-9.0,-9.0,0.0,0.0,0.0,0.0,0.0,0.0,0.0,0.0,0,0,False,,N,True,,0,0,1,0,0,0,0,0,1,0,0,0,0,976,0,0,1,40,9,2
379,32.0,2.0,2,2,2,3,13,25.0,True,4,True,True,False,565,0.4418180991591347,1.5399053332695236,61,services,False,True,-1,-9.0,-9.0,23114,7.159658560406686,-0.7651250648233424,7.2222543,23.758347,229,12.152059199113353,0.3306860270235673,0.06369499,6.0,0.19083762,0.38167524,0.0,6.942,0.19083762,0.19083762,0.0,0.0,0.0,0,1,True,No_Telecommute,M,True,work2,2,2,1,0,0,0,0,0,0,0,0,0,0,977,0,6,6,8,6,1
380,32.0,1.0,1,1,3,1,13,29.0,False,0,True,True,False,565,0.2579631706467131,0.691762936738858,62,health,False,True,-1,-9.0,-9.0,-1,-9.0,-9.0,-9.0,0.0,23358,11.81939326378137,-1.8770084665276443,17.916311,6.0,36.795,74.09172,0.0,0.0,36.795,36.795,0.0,0.0,0.0,0,0,True,No_Telecommute,M,True,work1,1,1,1,0,0,0,0,1,0,0,0,0,0,978,0,6,1,40,1,2
380,22.0,2.0,1,3,2,3,13,47.0,True,4,False,False,False,565,0.9123776550691532,0.6550457511219352,23,constr_maint,False,False,-1,-9.0,-9.0,5313,6.938790483517211,1.717886673055791,1.2597373,9.381315,-1,-9.0,-9.0,-9.0,-9.0,-9.0,0.0,0.0,0.0,0.0,0.0,0.0,0.0,0.0,0,0,False,,N,True,,0,0,1,37,3,0,0,1,0,2,0,0,1,979,0,6,5,25,1,2
380,21.0,3.0,2,1,3,1,9,35.0,False,0,True,True,False,565,2.267172984891503,0.8657654284042657,722,services,False,True,-1,-9.0,-9.0,-1,-9.0,-9.0,-9.0,0.0,23872,9.435241329673795,-2.054339741886681,1.2995143,6.0,4.6285005,9.484531,0.0,0.0,4.6285005,4.6285005,0.0,0.0,0.0,0,0,True,No_Telecommute,N,True,,0,0,1,18,2,0,1,0,1,0,0,0,0,980,0,6,1,40,1,2
381,23.0,1.0,1,1,3,1,13,13.0,False,0,True,True,False,565,1.4110784028943073,1.5951949785201376,9000,mngt_busi_scic_arts,False,True,-1,-9.0,-9.0,-1,-9.0,-9.0,-9.0,0.0,1380,10.321935210493464,-4.834776768040018,17.95946,6.0,46.563934,97.866104,0.0,0.0,46.563934,46.563934,0.0,0.0,0.0,0,0,False,1_day_week,N,True,,0,0,0,36,2,0,0,1,0,1,0,0,0,981,1,0,1,55,1,2
381,22.0,2.0,2,1,3,1,13,53.0,False,0,True,True,False,565,0.6469522879835402,1.093067426557917,9000,prod_trans_move,False,True,-1,-9.0,-9.0,-1,-9.0,-9.0,-9.0,0.0,4288,11.155672186787548,-5.176926200217569,32.125,3.0,61.35688,122.86946,0.0,0.0,61.35688,61.35688,0.0,0.0,0.0,0,0,True,No_Telecommute,N,True,,0,0,0,47,2,0,0,1,1,0,0,1,0,982,1,0,1,55,1,2
382,31.0,1.0,2,2,3,2,13,11.0,False,0,True,False,True,565,0.748868403165025,0.3077382318539799,54,mngt_busi_scic_arts,False,True,24331,5.282194469117985,-3.705000098685041,-1,-9.0,-9.0,-9.0,0.0,24331,5.282194469117985,-3.705000098685041,25.8484,-9.0,44.510643,88.224884,0.0,0.0,0.0,0.0,0.0,0.0,0.0,0,0,True,2_3_days_week,N,True,,0,0,0,12,1,0,0,0,1,0,0,0,0,983,0,0,4,20,1,1
382,34.0,2.0,1,1,3,1,13,55.0,False,0,True,True,False,565,1.0500146193209268,0.8753955554753031,9000,military,False,True,-1,-9.0,-9.0,-1,-9.0,-9.0,-9.0,0.0,7369,9.98454671671236,-1.6906452258344455,2.6704443,6.0,5.871624,15.69117,0.0,0.0,5.871624,5.871624,0.0,0.0,0.0,0,0,False,No_Telecommute,M,True,work1,1,1,0,0,0,0,0,0,0,0,0,0,0,984,1,0,1,45,1,2
383,29.0,1.0,2,1,3,1,13,41.0,False,0,True,True,False,565,0.4709016342600974,0.6467177046373619,56,sales_office,False,True,-1,-9.0,-9.0,-1,-9.0,-9.0,-9.0,0.0,19299,11.310398561580872,-2.589915520000021,12.283999,7.0,21.190151,42.086372,0.0,0.0,21.190151,21.190151,0.0,0.0,0.0,0,0,False,No_Telecommute,M,True,work1,1,1,0,0,0,0,0,0,0,0,0,0,0,985,0,0,1,40,1,2
384,33.0,1.0,2,2,2,3,13,41.0,True,4,True,True,False,565,1.5226393026310352,0.5395656265403402,53,sales_office,False,True,-1,-9.0,-9.0,19370,5.0035255831786944,-4.213344453683892,14.8894005,38.042046,11186,10.615629427506883,-0.8428752020609629,0.41023868,6.0,2.0896583,4.4085026,0.0,7.595,2.0896583,2.0896583,0.0,0.0,0.0,0,0,True,No_Telecommute,M,True,school1,1,0,0,0,0,0,0,0,0,0,0,0,0,986,0,6,4,30,1,2
384,38.0,2.0,1,3,3,4,13,41.0,False,0,False,False,False,565,0.5180393545245398,0.6099373663766352,53,sales_office,False,False,-1,-9.0,-9.0,-1,-9.0,-9.0,-9.0,0.0,-1,-9.0,-9.0,-9.0,-9.0,-9.0,0.0,0.0,0.0,0.0,0.0,0.0,0.0,0.0,0,0,False,,N,True,,0,0,0,12,1,0,0,0,1,0,0,0,0,987,0,0,4,40,2,1
385,21.0,1.0,1,2,3,2,9,55.0,False,0,True,True,False,565,0.8577843365052629,0.5661053704379171,9000,military,False,True,-1,-9.0,-9.0,-1,-9.0,-9.0,-9.0,0.0,7369,9.01399584731164,-1.4545460748508194,2.6704443,6.0,5.871624,15.69117,0.0,0.0,5.871624,5.871624,0.0,0.0,0.0,0,0,True,No_Telecommute,M,True,work1,1,1,0,1,1,0,0,0,0,1,0,0,0,988,1,0,1,9,1,2
385,20.0,2.0,2,3,3,4,9,53.0,False,0,False,False,False,565,0.7251525611960546,0.9151517192215012,45,prod_trans_move,False,False,-1,-9.0,-9.0,-1,-9.0,-9.0,-9.0,0.0,-1,-9.0,-9.0,-9.0,-9.0,-9.0,0.0,0.0,0.0,0.0,0.0,0.0,0.0,0.0,0,0,False,,N,True,,0,0,0,35,1,0,0,1,0,0,0,0,0,989,0,0,6,30,1,1
386,28.0,1.0,1,1,3,1,13,13.0,False,0,True,True,False,565,0.6927867535066361,0.9991096184156608,9000,mngt_busi_scic_arts,False,True,-1,-9.0,-9.0,-1,-9.0,-9.0,-9.0,0.0,6190,11.278699850683347,-4.994272613327759,24.955702,3.0,55.925518,110.94293,0.0,0.0,55.925518,55.871796,0.0,0.0,0.05372238,0,0,True,No_Telecommute,N,True,,0,0,0,12,1,0,0,0,1,0,0,0,0,990,1,0,1,60,9,2
386,28.0,2.0,2,1,3,1,13,25.0,False,0,True,True,False,565,0.9136643125959344,1.1450191041999096,61,services,False,True,-1,-9.0,-9.0,-1,-9.0,-9.0,-9.0,0.0,18767,10.492671328354428,-3.1264322792777306,9.378936,7.0,17.223145,34.117252,0.0,0.0,17.223145,17.223145,0.0,0.0,0.0,0,0,True,No_Telecommute,M,True,work1,1,1,0,0,0,0,0,0,0,0,0,0,0,991,0,0,1,40,9,2
387,29.0,1.0,2,3,3,4,13,35.0,False,0,False,False,False,565,0.6714014150300727,0.4230401690053137,722,services,False,False,-1,-9.0,-9.0,-1,-9.0,-9.0,-9.0,0.0,-1,-9.0,-9.0,-9.0,-9.0,-9.0,0.0,0.0,0.0,0.0,0.0,0.0,0.0,0.0,0,0,False,,N,True,,0,0,0,13,2,0,0,0,1,1,0,0,0,992,0,0,6,20,9,2
387,37.0,2.0,1,1,3,1,13,33.0,False,0,True,False,True,565,0.8125170391082482,0.3289705182764467,92,services,False,True,24333,5.247165352096144,-2.499542729014278,-1,-9.0,-9.0,-9.0,0.0,24333,5.247165352096144,-2.499542729014278,19.531816,-9.0,19.341562,37.80341,0.0,0.0,0.0,0.0,0.0,0.0,0.0,0,0,False,2_3_days_week,N,True,,0,0,0,1,1,0,0,0,0,1,0,0,0,993,0,0,1,99,9,1
388,80.0,1.0,2,3,3,5,13,0.0,False,0,False,False,False,565,0.4390345480481506,0.9987719805370412,0,,False,False,-1,-9.0,-9.0,-1,-9.0,-9.0,-9.0,0.0,-1,-9.0,-9.0,-9.0,-9.0,-9.0,0.0,0.0,0.0,0.0,0.0,0.0,0.0,0.0,0,0,False,,N,True,,0,0,0,66,2,0,0,2,0,0,0,1,0,994,0,0,0,0,1,1
389,49.0,1.0,1,1,3,1,13,17.0,False,0,True,True,False,565,0.4173540700751926,0.6063105351641958,54,mngt_busi_scic_arts,False,True,-1,-9.0,-9.0,-1,-9.0,-9.0,-9.0,0.0,6681,12.35943972212387,-2.9974732026002684,25.451574,3.0,53.891197,106.58829,0.0,0.0,53.891197,53.891197,0.0,0.0,0.0,0,0,True,4_days_week,N,True,,0,0,1,0,0,0,0,0,0,1,0,0,0,995,0,0,1,40,6,1
390,69.0,1.0,2,3,3,5,13,0.0,False,0,False,False,False,565,0.7934221833994334,2.062233968777661,0,,False,False,-1,-9.0,-9.0,-1,-9.0,-9.0,-9.0,0.0,-1,-9.0,-9.0,-9.0,-9.0,-9.0,0.0,0.0,0.0,0.0,0.0,0.0,0.0,0.0,0,0,False,,N,True,,0,0,0,13,2,0,0,0,1,1,0,0,0,997,0,0,0,0,9,2
391,30.0,1.0,2,1,3,1,13,43.0,False,0,True,True,False,565,1.3507332553566644,1.2086820817717412,33,sales_office,False,True,-1,-9.0,-9.0,-1,-9.0,-9.0,-9.0,0.0,16412,11.679561619798912,-1.434361497650655,5.756432,6.0,15.973677,30.9604,0.0,0.0,15.973677,15.970885,0.0,0.0,0.0027914047,0,0,False,No_Telecommute,M,True,work1,1,1,0,0,0,0,0,0,0,0,0,0,0,998,0,0,1,40,9,2
393,32.0,1.0,1,1,3,1,13,51.0,False,0,True,True,False,565,0.7656004924665395,0.6046054820121369,33,prod_trans_move,False,True,-1,-9.0,-9.0,-1,-9.0,-9.0,-9.0,0.0,7979,11.049769960201129,-0.524396022491089,1.0101073,6.0,3.0168116,6.493019,0.0,1.182,3.0168116,3.0168116,0.0,0.0,0.0,0,0,False,No_Telecommute,M,True,work2,2,2,0,0,0,0,0,0,0,0,0,0,0,1000,0,0,1,40,6,1
393,31.0,2.0,2,2,3,2,13,39.0,False,0,True,True,False,565,0.2733613958281747,0.6659293321557203,81,services,False,True,-1,-9.0,-9.0,-1,-9.0,-9.0,-9.0,0.0,19398,11.014012177710905,-2.1155323472057983,17.769018,7.0,33.033295,63.94334,0.0,0.0,33.033295,32.72284,0.0,0.0,0.31045532,0,0,False,No_Telecommute,M,True,work2,2,2,0,0,0,0,0,0,0,0,0,0,0,1001,0,0,1,25,6,1
393,54.0,3.0,2,1,3,1,13,39.0,False,0,True,True,False,565,0.8653966950160236,0.4658692988801149,81,services,False,True,-1,-9.0,-9.0,-1,-9.0,-9.0,-9.0,0.0,17074,10.70213918925768,-4.097345941787847,19.045456,7.0,40.54746,80.77717,0.0,0.0,40.54746,40.54746,0.0,0.0,0.0,0,1,False,2_3_days_week,N,True,,0,0,0,35,1,0,0,1,0,0,0,0,0,1002,0,0,1,40,6,1
394,30.0,1.0,2,1,3,1,13,19.0,False,0,True,True,False,565,0.1846781278668905,1.9483996242815744,62,mngt_busi_scic_arts,False,True,-1,-9.0,-9.0,-1,-9.0,-9.0,-9.0,0.0,14361,12.127624732847206,-1.472210258046076,16.666283,6.0,39.578754,79.54584,0.0,0.264,39.578754,39.578754,0.0,0.0,0.0,0,0,True,No_Telecommute,M,True,work1,1,1,0,0,0,0,0,0,0,0,0,0,0,1003,0,0,1,36,1,1
394,32.0,2.0,1,3,3,4,13,99.0,False,0,False,False,False,565,1.986596023448251,0.7886393227647696,99,,False,False,-1,-9.0,-9.0,-1,-9.0,-9.0,-9.0,0.0,-1,-9.0,-9.0,-9.0,-9.0,-9.0,0.0,0.0,0.0,0.0,0.0,0.0,0.0,0.0,0,0,False,,N,True,,0,0,0,24,2,0,0,0,2,0,0,1,0,1004,0,0,0,0,1,1
395,35.0,1.0,1,1,3,1,13,55.0,False,0,True,True,False,565,0.7643136294076412,1.954754048992668,9000,military,False,True,-1,-9.0,-9.0,-1,-9.0,-9.0,-9.0,0.0,5878,10.397910132972251,-2.0710049866576443,9.559349,6.0,24.360064,53.142586,0.0,0.0,24.360064,24.360064,0.0,0.0,0.0,0,0,True,No_Telecommute,M,True,work1,1,1,0,0,0,0,0,0,0,0,0,0,0,1005,1,0,1,40,1,1
395,30.0,2.0,2,3,2,3,13,31.0,True,4,False,False,False,565,0.7019994640879685,2.427360719091835,62,health,False,False,-1,-9.0,-9.0,9001,2.412304881799081,-4.431820952478636,32.37174,69.693565,-1,-9.0,-9.0,-9.0,-9.0,-9.0,0.0,0.0,0.0,0.0,0.0,0.0,0.0,0.0,0,0,False,,N,True,,0,0,0,36,2,0,0,1,0,1,0,0,0,1006,0,6,0,0,1,1
396,64.0,1.0,1,3,3,4,13,0.0,False,0,False,False,False,565,1.529930914177946,1.456377239326698,0,,False,False,-1,-9.0,-9.0,-1,-9.0,-9.0,-9.0,0.0,-1,-9.0,-9.0,-9.0,-9.0,-9.0,0.0,0.0,0.0,0.0,0.0,0.0,0.0,0.0,0,1,False,,N,True,,0,0,0,25,3,0,0,0,2,1,0,1,0,1007,0,0,0,0,1,1
397,36.0,1.0,1,1,3,1,13,41.0,False,0,True,True,False,565,0.4153543184957085,0.5653786369489837,44,sales_office,False,True,-1,-9.0,-9.0,-1,-9.0,-9.0,-9.0,0.0,1031,12.469175873112908,-0.5910980014254619,1.4696467,6.0,4.95566,9.854794,0.0,1.787,4.95566,4.95566,0.0,0.0,0.0,0,0,True,No_Telecommute,M,True,work1,1,1,0,0,0,0,0,0,0,0,0,0,0,1008,0,0,1,50,9,1
398,30.0,1.0,2,3,3,4,13,0.0,False,0,False,False,False,565,2.313257486789245,0.4227867190483116,0,,False,False,-1,-9.0,-9.0,-1,-9.0,-9.0,-9.0,0.0,-1,-9.0,-9.0,-9.0,-9.0,-9.0,0.0,0.0,0.0,0.0,0.0,0.0,0.0,0.0,0,0,False,,N,True,,0,0,1,0,0,0,1,0,0,0,0,0,0,1010,0,0,0,0,1,2
398,34.0,2.0,1,1,3,1,13,47.0,False,0,True,True,False,565,0.6896029996714795,2.1642143683871744,23,constr_maint,False,True,-1,-9.0,-9.0,-1,-9.0,-9.0,-9.0,0.0,5424,10.674994887212996,-0.7062008321306534,0.8147941,6.0,3.1651077,5.818554,0.0,7.43,3.1651077,3.0876193,0.0,0.0,0.07748842,0,0,True,No_Telecommute,N,True,,0,0,1,6,1,0,1,0,0,0,0,0,0,1011,0,0,1,60,1,2
399,59.0,1.0,2,3,3,4,13,0.0,False,0,False,False,False,565,0.2340416636394749,2.6609676657253063,0,,False,False,-1,-9.0,-9.0,-1,-9.0,-9.0,-9.0,0.0,-1,-9.0,-9.0,-9.0,-9.0,-9.0,0.0,0.0,0.0,0.0,0.0,0.0,0.0,0.0,0,0,False,,N,True,,0,0,0,6,1,0,1,0,0,0,0,0,0,1012,0,0,0,0,1,1
400,35.0,1.0,1,1,3,1,13,51.0,False,0,True,True,False,565,0.7537145738113179,0.8508770002597601,9000,prod_trans_move,False,True,-1,-9.0,-9.0,-1,-9.0,-9.0,-9.0,0.0,23020,11.3496787243086,-2.945481923061911,9.341102,6.0,22.218163,44.83593,0.0,4.742,24.152197,22.218163,0.0,0.0,1.9340343,0,1,False,No_Telecommute,N,True,,0,0,1,0,0,0,0,1,0,0,0,0,0,1013,1,0,1,50,9,1
402,44.0,2.0,1,1,3,1,13,19.0,False,0,True,True,False,599,1.3134156742556249,0.4456472878711318,62,mngt_busi_scic_arts,False,True,-1,-9.0,-9.0,-1,-9.0,-9.0,-9.0,0.0,16365,10.149652211564293,-3.224909782338051,5.6156354,6.0,15.262041,30.606678,0.0,0.0,15.262041,15.25925,0.0,0.0,0.0027914047,0,1,True,No_Telecommute,N,True,,0,0,0,1,1,0,0,0,0,1,0,0,0,1017,0,0,1,48,1,1
403,44.0,1.0,2,1,3,1,13,41.0,False,0,True,True,False,599,1.353940335584962,0.2272769133332688,44,sales_office,False,True,-1,-9.0,-9.0,-1,-9.0,-9.0,-9.0,0.0,1331,10.477616067192969,-5.393565324741347,14.8989935,6.0,30.467281,61.53237,0.0,0.0,34.607807,30.467281,0.0,0.0,4.140526,0,0,True,No_Telecommute,M,True,work1,1,1,0,0,0,0,0,0,0,0,0,0,0,1018,0,0,1,50,8,2
403,46.0,2.0,1,1,3,1,13,53.0,False,0,True,True,False,599,1.0650886907678114,1.141240094480149,92,prod_trans_move,False,True,-1,-9.0,-9.0,-1,-9.0,-9.0,-9.0,0.0,19311,11.020372298031267,-4.222842674415814,13.736672,7.0,25.254204,50.290573,0.0,0.0,25.254204,25.254204,0.0,0.0,0.0,0,1,False,No_Telecommute,N,True,,0,0,0,12,1,0,0,0,1,0,0,0,0,1019,0,6,1,40,8,2
404,37.0,1.0,1,1,3,1,13,11.0,False,0,True,True,False,599,0.6352383825823077,0.9806255536371776,9000,mngt_busi_scic_arts,False,True,-1,-9.0,-9.0,-1,-9.0,-9.0,-9.0,0.0,23567,11.280904240574625,-3.007337684501585,12.385509,6.0,30.338963,61.74125,0.0,0.0,30.338963,30.338963,0.0,0.0,0.0,0,0,True,No_Telecommute,M,True,work1,1,1,0,0,0,0,0,0,0,0,0,0,0,1020,1,0,1,42,6,1
405,62.0,1.0,1,3,3,4,13,0.0,False,0,False,False,False,599,0.4978314783309419,1.0991902560795392,0,,False,False,-1,-9.0,-9.0,-1,-9.0,-9.0,-9.0,0.0,-1,-9.0,-9.0,-9.0,-9.0,-9.0,0.0,0.0,0.0,0.0,0.0,0.0,0.0,0.0,0,0,False,,N,True,,0,0,0,7,2,0,1,0,0,1,0,0,0,1021,0,0,0,0,1,1
406,78.0,1.0,2,3,3,5,13,0.0,False,0,False,False,False,599,0.5992874294440879,2.303901913379623,0,,False,False,-1,-9.0,-9.0,-1,-9.0,-9.0,-9.0,0.0,-1,-9.0,-9.0,-9.0,-9.0,-9.0,0.0,0.0,0.0,0.0,0.0,0.0,0.0,0.0,0,0,False,,N,True,,0,0,0,1,1,0,0,0,0,1,0,0,0,1022,0,0,0,0,1,1
407,43.0,1.0,2,1,3,1,13,29.0,False,0,True,True,False,599,1.963566416042405,1.1384249343540422,62,health,False,True,-1,-9.0,-9.0,-1,-9.0,-9.0,-9.0,0.0,629,8.717018458762094,-1.868584029320365,1.1988415,6.0,3.8747725,7.492305,0.0,0.0,3.8747725,3.8747725,0.0,0.0,0.0,1,1,False,2_3_days_week,N,True,,0,0,0,13,2,0,0,0,1,1,0,0,0,1023,0,0,1,45,1,1
408,33.0,2.0,2,1,3,1,13,35.0,False,0,True,True,False,599,0.3811642037407219,0.5425907745535591,722,services,False,True,-1,-9.0,-9.0,-1,-9.0,-9.0,-9.0,0.0,16138,11.834866753996767,-1.0349916809616817,5.191429,6.0,12.755675,27.147434,0.0,0.0,14.558237,12.755675,0.0,0.0,1.8025618,0,0,True,2_3_days_week,N,True,,0,0,0,12,1,0,0,0,1,0,0,0,0,1025,0,0,1,40,1,1
409,37.0,1.0,1,1,3,1,13,13.0,False,0,True,True,False,599,0.9876296621981732,1.1649977878993507,54,mngt_busi_scic_arts,False,True,-1,-9.0,-9.0,-1,-9.0,-9.0,-9.0,0.0,20128,10.879907493134022,-5.448692656703527,21.991558,7.0,37.435215,72.99835,0.0,0.0,37.435215,37.43602,0.0,0.0,-0.0008049011,0,0,True,No_Telecommute,N,True,,0,0,0,101,2,1,0,0,1,0,0,0,0,1026,0,0,1,40,1,1
409,32.0,2.0,2,1,3,1,13,13.0,False,0,True,False,False,599,0.815905490086913,2.3821824665626177,54,mngt_busi_scic_arts,True,False,-1,-9.0,-9.0,-1,-9.0,-9.0,-9.0,0.0,-1,-9.0,-9.0,-9.0,-9.0,-9.0,0.0,0.0,0.0,0.0,0.0,0.0,0.0,0.0,0,1,False,,N,True,,0,0,0,35,1,0,0,1,0,0,0,0,0,1027,0,0,1,40,1,1
410,38.0,1.0,1,2,3,2,13,43.0,False,0,True,True,False,599,0.8038710271622111,0.2931725658487886,44,sales_office,False,True,-1,-9.0,-9.0,-1,-9.0,-9.0,-9.0,0.0,11181,10.343786206471348,-0.7996824514875844,0.533626,6.0,1.9184413,3.9369805,0.0,5.951,1.9184413,1.9184413,0.0,0.0,0.0,0,0,False,No_Telecommute,M,True,work1,1,1,0,0,0,0,0,0,0,0,0,0,0,1028,0,0,4,30,1,1
410,42.0,2.0,2,1,3,1,13,41.0,False,0,True,True,False,599,0.8062331746999014,2.621886200313912,45,sales_office,False,True,-1,-9.0,-9.0,-1,-9.0,-9.0,-9.0,0.0,23860,11.07596452868914,-0.8605475489806074,1.1031907,6.0,4.1038213,8.654037,0.0,0.0,4.1038213,4.1038213,0.0,0.0,0.0,0,0,True,No_Telecommute,M,True,work2,2,2,0,0,0,0,0,0,0,0,0,0,0,1029,0,0,4,40,1,2
410,20.0,3.0,2,3,3,4,9,41.0,False,0,False,False,False,599,0.4735629552375132,0.5753918294651692,722,sales_office,False,False,-1,-9.0,-9.0,-1,-9.0,-9.0,-9.0,0.0,-1,-9.0,-9.0,-9.0,-9.0,-9.0,0.0,0.0,0.0,0.0,0.0,0.0,0.0,0.0,0,0,False,,N,True,,0,0,0,2,3,0,0,0,0,3,0,0,2,1030,0,0,3,25,1,2
411,83.0,1.0,2,3,3,5,13,0.0,False,0,False,False,False,599,0.3953197833332637,0.5623215956590123,0,,False,False,-1,-9.0,-9.0,-1,-9.0,-9.0,-9.0,0.0,-1,-9.0,-9.0,-9.0,-9.0,-9.0,0.0,0.0,0.0,0.0,0.0,0.0,0.0,0.0,0,0,False,,N,True,,0,0,0,1,1,0,0,0,0,1,0,0,0,1031,0,0,0,0,1,1
412,35.0,1.0,2,3,3,4,13,0.0,False,0,False,False,False,599,0.9774658661445916,0.2346698852038221,0,,False,False,-1,-9.0,-9.0,-1,-9.0,-9.0,-9.0,0.0,-1,-9.0,-9.0,-9.0,-9.0,-9.0,0.0,0.0,0.0,0.0,0.0,0.0,0.0,0.0,0,0,False,,N,True,,0,0,0,7,5,3,1,0,0,1,0,0,0,1032,0,0,0,0,1,1
412,15.0,2.0,2,4,1,7,0,0.0,True,3,False,False,False,599,0.6753072151217844,0.8699402915094324,0,,False,False,-1,-9.0,-9.0,7211,9.772618661949,3.503903174529968,1.236304,8.895767,-1,-9.0,-9.0,-9.0,-9.0,-9.0,0.0,0.0,0.0,0.0,0.0,0.0,0.0,0.0,0,0,False,,M,True,school1,1,0,0,0,0,0,0,0,0,0,0,0,0,1033,0,5,0,0,1,1
412,12.0,3.0,1,4,1,7,0,0.0,True,2,False,False,False,599,2.389268565347209,1.1414818083173353,0,,False,False,-1,-9.0,-9.0,18752,6.314947337819843,-2.459517455456037,9.027994,28.503733,-1,-9.0,-9.0,-9.0,-9.0,-9.0,0.0,0.0,0.0,0.0,0.0,0.0,0.0,0.0,0,0,False,,M,True,school1,1,0,0,0,0,0,0,0,0,0,0,0,0,1034,0,2,0,0,1,1
412,10.0,4.0,2,4,1,7,0,0.0,True,2,False,False,False,599,0.4920199615594832,1.186113960212334,0,,False,False,-1,-9.0,-9.0,19120,6.255534181625068,-3.781119434891044,9.063631,30.344772,-1,-9.0,-9.0,-9.0,-9.0,-9.0,0.0,0.0,0.0,0.0,0.0,0.0,0.0,0.0,0,0,False,,M,True,school1,1,0,0,0,0,0,0,0,0,0,0,0,0,1035,0,2,0,0,1,1
412,2.0,6.0,1,4,1,8,0,0.0,True,1,False,False,False,599,1.146457228236512,0.4712752547483626,0,,False,False,-1,-9.0,-9.0,599,10.878592164419535,6.940366241522786,0.06369499,0.3824947,-1,-9.0,-9.0,-9.0,-9.0,-9.0,0.0,0.0,0.0,0.0,0.0,0.0,0.0,0.0,0,0,False,,M,True,school1,1,0,0,0,0,0,0,0,0,0,0,0,0,1037,0,0,0,0,1,1
413,25.0,1.0,1,1,3,1,13,53.0,False,0,True,True,False,599,0.8635162283070983,1.0070934034861077,81,prod_trans_move,False,True,-1,-9.0,-9.0,-1,-9.0,-9.0,-9.0,0.0,23021,10.559286638214475,-3.9923092554267514,9.819605,6.0,22.662117,45.596268,0.0,4.885,22.662117,22.662117,0.0,0.0,0.0,0,1,True,No_Telecommute,M,True,work1,1,1,0,0,0,0,0,0,0,0,0,0,0,1038,0,0,5,48,1,2
413,18.0,2.0,1,3,3,4,9,35.0,False,0,False,False,False,599,0.7380604093155994,0.2522543881001697,722,services,False,False,-1,-9.0,-9.0,-1,-9.0,-9.0,-9.0,0.0,-1,-9.0,-9.0,-9.0,-9.0,-9.0,0.0,0.0,0.0,0.0,0.0,0.0,0.0,0.0,0,0,False,,N,True,,0,0,0,89,1,1,0,0,0,0,0,0,0,1039,0,0,0,0,1,2
414,39.0,1.0,1,1,3,1,13,23.0,False,0,True,False,False,599,1.6557124108440957,0.6751399687207759,54,mngt_busi_scic_arts,True,False,-1,-9.0,-9.0,-1,-9.0,-9.0,-9.0,0.0,-1,-9.0,-9.0,-9.0,-9.0,-9.0,0.0,0.0,0.0,0.0,0.0,0.0,0.0,0.0,0,0,False,,N,True,,0,0,1,1,1,0,0,0,0,2,0,0,1,1040,0,0,1,55,1,1
414,48.0,2.0,2,1,3,1,13,11.0,False,0,True,False,False,599,0.9156061065241204,2.343888321469451,53,mngt_busi_scic_arts,True,False,-1,-9.0,-9.0,-1,-9.0,-9.0,-9.0,0.0,-1,-9.0,-9.0,-9.0,-9.0,-9.0,0.0,0.0,0.0,0.0,0.0,0.0,0.0,0.0,0,0,False,,N,True,,0,0,1,35,1,0,0,1,0,0,0,0,0,1041,0,0,1,60,1,2
415,79.0,1.0,2,3,3,5,13,0.0,False,0,False,False,False,599,1.8278789696191824,1.667999680523882,0,,False,False,-1,-9.0,-9.0,-1,-9.0,-9.0,-9.0,0.0,-1,-9.0,-9.0,-9.0,-9.0,-9.0,0.0,0.0,0.0,0.0,0.0,0.0,0.0,0.0,0,0,False,,N,True,,0,0,1,0,0,0,0,0,1,0,0,0,0,1042,0,0,0,0,1,1
415,32.0,3.0,2,1,3,1,13,11.0,False,0,True,True,False,599,0.9924666174651308,0.6205899668296727,53,mngt_busi_scic_arts,False,True,-1,-9.0,-9.0,-1,-9.0,-9.0,-9.0,0.0,10518,10.573137728367344,-5.400522235028349,23.060017,3.0,47.48038,93.962814,0.0,0.0,47.48038,47.48038,0.0,0.0,0.0,0,1,False,No_Telecommute,M,True,work1,1,1,1,0,0,0,0,0,0,0,0,0,0,1044,0,0,1,40,3,1
416,22.0,1.0,1,1,3,1,13,55.0,False,0,True,True,False,599,0.5427480340792221,1.2131856630742173,9000,military,False,True,-1,-9.0,-9.0,-1,-9.0,-9.0,-9.0,0.0,7369,10.606298185961728,-0.9157733314896483,2.5939476,6.0,5.83618,15.466852,0.0,0.0,5.83618,5.83618,0.0,0.0,0.0,0,0,False,No_Telecommute,M,True,work1,1,1,0,1,1,0,0,0,0,1,0,0,0,1045,1,6,1,45,1,2
417,63.0,1.0,2,3,3,4,13,23.0,False,0,False,False,False,599,0.6438669867307082,0.1771033346473905,53,mngt_busi_scic_arts,False,False,-1,-9.0,-9.0,-1,-9.0,-9.0,-9.0,0.0,-1,-9.0,-9.0,-9.0,-9.0,-9.0,0.0,0.0,0.0,0.0,0.0,0.0,0.0,0.0,0,1,False,,N,True,,0,0,0,66,2,0,0,2,0,0,0,1,0,1046,0,0,0,0,1,1
418,68.0,1.0,1,3,3,5,13,55.0,False,0,False,False,False,599,1.988408841854076,0.5914795575771237,9000,military,False,False,-1,-9.0,-9.0,-1,-9.0,-9.0,-9.0,0.0,-1,-9.0,-9.0,-9.0,-9.0,-9.0,0.0,0.0,0.0,0.0,0.0,0.0,0.0,0.0,0,0,False,,N,True,,0,0,0,12,1,0,0,0,1,0,0,0,0,1047,0,0,0,0,1,1
419,32.0,1.0,1,1,3,1,13,29.0,False,0,True,True,False,599,1.8649876975728972,1.217690581235661,62,health,False,True,-1,-9.0,-9.0,-1,-9.0,-9.0,-9.0,0.0,15922,9.399585585325832,-6.980160072598466,12.867746,6.0,25.895838,53.665413,0.0,0.0,25.895838,25.895838,0.0,0.0,0.0,0,0,True,No_Telecommute,M,True,work1,1,1,0,0,0,0,0,0,0,0,0,0,0,1048,0,6,1,40,1,2
419,22.0,2.0,1,3,2,3,13,47.0,True,4,False,False,False,599,0.4405255938963424,0.5451896059475354,23,constr_maint,False,False,-1,-9.0,-9.0,9001,1.2348724048159925,-2.6065651245113792,32.45332,69.83461,-1,-9.0,-9.0,-9.0,-9.0,-9.0,0.0,0.0,0.0,0.0,0.0,0.0,0.0,0.0,0,0,False,,M,True,school1,1,0,0,0,0,0,0,0,0,0,0,0,0,1049,0,6,5,25,1,2
419,21.0,3.0,2,1,3,1,9,35.0,False,0,True,True,False,599,0.402300216296146,1.0186971913466296,722,services,False,True,-1,-9.0,-9.0,-1,-9.0,-9.0,-9.0,0.0,15983,11.89207856812601,-1.789364406312678,11.853673,6.0,26.658096,54.733444,0.0,0.0,27.070835,24.10781,0.0,0.0,2.963026,0,0,True,No_Telecommute,M,True,work1,1,1,0,0,0,0,0,0,0,0,0,0,0,1050,0,6,1,40,1,2
421,44.0,1.0,2,3,3,4,13,0.0,False,0,False,False,False,599,0.3117447115994873,0.7488965323414454,0,,False,False,-1,-9.0,-9.0,-1,-9.0,-9.0,-9.0,0.0,-1,-9.0,-9.0,-9.0,-9.0,-9.0,0.0,0.0,0.0,0.0,0.0,0.0,0.0,0.0,0,0,False,,N,True,,0,0,0,89,3,3,0,0,0,0,0,0,0,1053,0,0,0,0,1,2
421,43.0,2.0,1,1,3,1,13,47.0,False,0,True,True,False,599,1.91751031733392,1.1877499120085564,23,constr_maint,False,True,-1,-9.0,-9.0,-1,-9.0,-9.0,-9.0,0.0,229,8.961154942944109,-0.1020750140672998,0.12738998,6.0,0.3824947,0.76416993,0.0,6.942,0.3824947,0.3824947,0.0,0.0,0.0,0,0,True,No_Telecommute,M,True,work1,1,1,0,156,2,2,0,0,0,0,0,0,0,1054,0,0,1,40,1,2
421,20.0,3.0,1,2,2,3,9,47.0,True,4,True,True,False,599,0.9263454057069134,1.269101592943309,23,constr_maint,False,True,-1,-9.0,-9.0,23114,6.914282745929885,-2.014447046005569,7.3038435,23.899395,20254,10.300408980100435,-4.505727826872184,16.09164,7.0,27.5188,53.68138,0.0,5.252,27.5188,27.5188,0.0,0.0,0.0,0,0,False,No_Telecommute,M,True,work2,2,2,0,89,1,1,0,0,0,0,0,0,0,1055,0,5,1,20,1,2
421,17.0,4.0,2,3,1,6,0,0.0,True,3,False,False,False,599,0.3051240834820713,1.3010151430070562,0,,False,False,-1,-9.0,-9.0,7004,9.93935063356302,4.146897076733446,0.8766139,6.5220566,-1,-9.0,-9.0,-9.0,-9.0,-9.0,0.0,0.0,0.0,0.0,0.0,0.0,0.0,0.0,0,0,False,,M,True,school1,1,0,0,0,0,0,0,0,0,0,0,0,0,1056,0,5,0,0,1,2
421,13.0,5.0,1,4,1,7,0,0.0,True,2,False,False,False,599,1.0972464547856162,0.5339696729525482,0,,False,False,-1,-9.0,-9.0,11793,5.932823722437461,2.592351126496665,1.1988415,7.311059,-1,-9.0,-9.0,-9.0,-9.0,-9.0,0.0,0.0,0.0,0.0,0.0,0.0,0.0,0.0,0,0,False,,M,True,school1,1,0,0,0,0,0,0,0,0,0,0,0,0,1057,0,2,0,0,1,2
421,8.0,6.0,2,4,1,7,0,0.0,True,2,False,False,False,599,0.8927542928326145,0.3922240292981412,0,,False,False,-1,-9.0,-9.0,15489,2.7737853565202304,-3.394077489456251,17.34509,41.381668,-1,-9.0,-9.0,-9.0,-9.0,-9.0,0.0,0.0,0.0,0.0,0.0,0.0,0.0,0.0,0,0,False,,M,True,school1,1,0,0,0,0,0,0,0,0,0,0,0,0,1058,0,2,0,0,1,2
421,7.0,7.0,2,4,1,7,0,0.0,True,2,False,False,False,599,1.179978727960506,0.8571129271050223,0,,False,False,-1,-9.0,-9.0,11793,5.652498879250329,2.0636017205561044,1.1988415,7.311059,-1,-9.0,-9.0,-9.0,-9.0,-9.0,0.0,0.0,0.0,0.0,0.0,0.0,0.0,0.0,0,0,False,,N,True,,0,0,0,35,1,0,0,1,0,0,0,0,0,1059,0,2,0,0,1,2
422,29.0,1.0,2,1,3,1,13,41.0,False,0,True,True,False,599,0.5627665637986164,0.9803641640696896,56,sales_office,False,True,-1,-9.0,-9.0,-1,-9.0,-9.0,-9.0,0.0,4276,11.216432228064118,-5.527396060008815,25.77368,3.0,60.02057,119.33576,0.0,6.282,60.02057,53.00738,0.0,0.0,7.0131874,0,0,False,1_day_week,M,True,work1,1,1,0,0,0,0,0,0,0,0,0,0,0,1063,0,0,1,40,1,2
423,61.0,1.0,2,3,3,4,13,0.0,False,0,False,False,False,599,2.251579204850771,0.8798814543244993,0,,False,False,-1,-9.0,-9.0,-1,-9.0,-9.0,-9.0,0.0,-1,-9.0,-9.0,-9.0,-9.0,-9.0,0.0,0.0,0.0,0.0,0.0,0.0,0.0,0.0,0,0,False,,N,True,,0,0,0,1,1,0,0,0,0,1,0,0,0,1064,0,0,0,0,1,1
424,33.0,1.0,2,2,2,3,13,41.0,True,4,True,True,False,599,0.9357134453010224,0.4666128494909385,53,sales_office,False,True,-1,-9.0,-9.0,23075,7.575340164719358,0.2525359016889903,10.057973,30.592886,19553,12.020236740571656,-2.3854207913487016,14.3294735,7.0,29.670244,58.45981,0.0,0.0,29.670244,26.886728,0.0,0.0,2.783516,0,1,True,No_Telecommute,N,True,,0,0,0,1,1,0,0,0,0,1,0,0,0,1065,0,6,4,30,1,2
424,38.0,2.0,1,3,3,4,13,41.0,False,0,False,False,False,599,0.6964492275421399,0.369572059291347,53,sales_office,False,False,-1,-9.0,-9.0,-1,-9.0,-9.0,-9.0,0.0,-1,-9.0,-9.0,-9.0,-9.0,-9.0,0.0,0.0,0.0,0.0,0.0,0.0,0.0,0.0,0,1,False,,N,True,,0,0,0,35,1,0,0,1,0,0,0,0,0,1066,0,0,4,40,2,1
425,37.0,1.0,2,1,3,1,13,25.0,False,0,True,True,False,599,1.635192631388808,0.9140869132020956,61,services,False,True,-1,-9.0,-9.0,-1,-9.0,-9.0,-9.0,0.0,18212,10.07188967412171,-6.407831771684776,10.905149,7.0,27.755714,56.18242,0.0,0.0,28.294659,27.752918,0.0,0.0,0.5417404,0,0,True,2_3_days_week,N,True,,0,0,0,35,1,0,0,1,0,0,0,0,0,1067,0,0,3,50,1,1
426,29.0,1.0,2,1,3,1,13,43.0,False,0,True,True,False,599,1.0368915337634192,0.4941708564735195,42,sales_office,False,True,-1,-9.0,-9.0,-1,-9.0,-9.0,-9.0,0.0,16355,10.724509811382507,-2.197047734480721,6.6844277,6.0,15.006851,31.010345,0.0,0.0,15.006851,15.006851,0.0,0.0,0.0,0,0,True,No_Telecommute,N,True,,0,0,1,89,1,1,0,1,0,0,0,0,0,1068,0,0,4,45,1,2
429,30.0,1.0,2,1,3,1,13,43.0,False,0,True,True,False,599,2.140544608151019,0.5982876896104842,33,sales_office,False,True,-1,-9.0,-9.0,-1,-9.0,-9.0,-9.0,0.0,19393,8.983780729689686,-9.663686933793423,16.617998,7.0,30.193657,57.912712,0.0,0.0,30.193657,29.883202,0.0,0.0,0.31045532,0,0,False,No_Telecommute,M,True,work1,1,1,0,0,0,0,0,0,0,0,0,0,0,1075,0,0,1,40,9,2
430,26.0,1.0,1,1,3,1,13,55.0,False,0,True,True,False,599,1.481782571227497,1.3899069937284474,9000,military,False,True,-1,-9.0,-9.0,-1,-9.0,-9.0,-9.0,0.0,7369,9.726720671265667,-1.2427646091701343,2.5939476,6.0,5.83618,15.466852,0.0,0.0,5.83618,5.83618,0.0,0.0,0.0,0,1,False,No_Telecommute,N,True,,0,0,0,1,1,0,0,0,0,1,0,0,0,1076,1,0,1,45,9,2
431,89.0,1.0,2,3,3,5,13,0.0,False,0,False,False,False,599,0.6280374494058033,1.6621159708876263,0,,False,False,-1,-9.0,-9.0,-1,-9.0,-9.0,-9.0,0.0,-1,-9.0,-9.0,-9.0,-9.0,-9.0,0.0,0.0,0.0,0.0,0.0,0.0,0.0,0.0,0,0,False,,N,True,,0,0,0,89,1,1,0,0,0,0,0,0,0,1077,0,0,0,0,1,1
433,35.0,1.0,1,1,3,1,13,55.0,False,0,True,True,False,599,0.4862415890581532,0.6970376870660903,9000,military,False,True,-1,-9.0,-9.0,-1,-9.0,-9.0,-9.0,0.0,8925,10.725538689838594,-2.397463451302807,24.36935,6.0,36.37503,71.87565,0.0,0.0,36.37503,36.37503,0.0,0.0,0.0,0,0,False,2_3_days_week,N,True,,0,0,1,0,0,0,1,0,0,0,0,0,0,1079,1,0,1,40,1,1
433,30.0,2.0,2,3,2,3,13,31.0,True,4,False,False,False,599,0.7093923104134684,0.4488654537951962,62,health,False,False,-1,-9.0,-9.0,12534,7.006500507930215,0.4767603171640842,1.7503197,10.777702,-1,-9.0,-9.0,-9.0,-9.0,-9.0,0.0,0.0,0.0,0.0,0.0,0.0,0.0,0.0,0,1,False,,N,True,,0,0,1,1,1,0,0,0,0,1,0,0,0,1080,0,6,0,0,1,1
434,35.0,1.0,1,1,3,1,13,55.0,False,0,True,True,False,599,0.7506121060378614,0.6323569384902819,9000,military,False,True,-1,-9.0,-9.0,-1,-9.0,-9.0,-9.0,0.0,7369,10.34242816567452,-1.2421582165638965,2.5939476,6.0,5.83618,15.466852,0.0,0.0,5.83618,5.83618,0.0,0.0,0.0,0,0,True,No_Telecommute,M,True,work1,1,1,0,0,0,0,0,0,0,0,0,0,0,1081,1,0,1,40,1,1
434,30.0,2.0,2,3,2,3,13,31.0,True,4,False,False,False,599,1.0640914953965843,0.8614552361982107,62,health,False,False,-1,-9.0,-9.0,23114,6.754097832171008,-2.616725269018482,7.3038435,23.899395,-1,-9.0,-9.0,-9.0,-9.0,-9.0,0.0,0.0,0.0,0.0,0.0,0.0,0.0,0.0,0,1,False,,M,True,school1,1,0,0,0,0,0,0,0,0,0,0,0,0,1082,0,6,0,0,1,1
435,30.0,2.0,2,3,2,3,13,31.0,True,4,False,False,False,599,0.3039422004888543,0.98034258897529,62,health,False,False,-1,-9.0,-9.0,9001,1.3520760608997329,-2.1641088054897075,32.45332,69.83461,-1,-9.0,-9.0,-9.0,-9.0,-9.0,0.0,0.0,0.0,0.0,0.0,0.0,0.0,0.0,0,0,False,,N,True,,0,0,0,89,1,1,0,0,0,0,0,0,0,1084,0,6,0,0,1,1
436,40.0,1.0,2,1,3,1,13,31.0,False,0,True,False,False,599,0.4211507762952587,1.0185393519859514,56,health,True,False,-1,-9.0,-9.0,-1,-9.0,-9.0,-9.0,0.0,-1,-9.0,-9.0,-9.0,-9.0,-9.0,0.0,0.0,0.0,0.0,0.0,0.0,0.0,0.0,0,0,False,,N,True,,0,0,0,38,2,0,0,1,0,0,1,0,0,1085,0,0,1,40,1,1
436,43.0,2.0,1,1,3,1,13,13.0,False,0,True,True,False,599,0.6909709609605463,2.539632508128528,92,mngt_busi_scic_arts,False,True,-1,-9.0,-9.0,-1,-9.0,-9.0,-9.0,0.0,20305,11.812698315340857,-3.548428366760048,19.129429,7.0,33.362865,66.10091,0.0,0.0,33.362865,33.362865,0.0,0.0,0.0,0,0,True,1_day_week,M,True,work1,1,1,0,0,0,0,0,0,0,0,0,0,0,1086,0,6,1,40,1,1
436,65.0,3.0,2,3,3,5,13,29.0,False,0,False,False,False,599,0.7522538826128662,0.4291578026020263,62,health,False,False,-1,-9.0,-9.0,-1,-9.0,-9.0,-9.0,0.0,-1,-9.0,-9.0,-9.0,-9.0,-9.0,0.0,0.0,0.0,0.0,0.0,0.0,0.0,0.0,0,0,False,,N,True,,0,0,0,1,1,0,0,0,0,1,0,0,0,1087,0,0,0,0,1,1
437,67.0,1.0,2,3,3,5,13,43.0,False,0,False,False,False,599,0.9751658072124194,0.3970179149275921,44,sales_office,False,False,-1,-9.0,-9.0,-1,-9.0,-9.0,-9.0,0.0,-1,-9.0,-9.0,-9.0,-9.0,-9.0,0.0,0.0,0.0,0.0,0.0,0.0,0.0,0.0,0,0,False,,N,True,,0,0,0,24,2,0,0,0,2,0,0,1,0,1088,0,0,0,0,1,1
438,41.0,1.0,2,1,3,1,13,11.0,False,0,True,True,False,599,0.6746840022854106,0.2564583223930007,92,mngt_busi_scic_arts,False,True,-1,-9.0,-9.0,-1,-9.0,-9.0,-9.0,0.0,5906,11.219950334288912,-4.022964094934743,25.2152,3.0,58.9767,117.28107,0.0,0.0,58.9767,51.29955,0.0,0.0,7.6771507,1,1,False,No_Telecommute,M,True,work1,1,1,0,0,0,0,0,0,0,0,0,0,0,1089,0,0,1,36,9,2
438,38.0,2.0,2,1,3,1,13,13.0,False,0,True,True,False,599,0.3722768112727058,1.0968589521930514,92,mngt_busi_scic_arts,False,True,-1,-9.0,-9.0,-1,-9.0,-9.0,-9.0,0.0,19551,11.927148958015293,-1.590565092660877,14.3294735,7.0,29.670244,58.45981,0.0,0.0,29.670244,26.886728,0.0,0.0,2.783516,0,1,False,No_Telecommute,N,True,,0,0,0,89,1,1,0,0,0,0,0,0,0,1090,0,0,1,40,9,2
439,43.0,1.0,2,3,3,4,13,0.0,False,0,False,False,False,599,0.6109125045381865,0.6411691896080577,0,,False,False,-1,-9.0,-9.0,-1,-9.0,-9.0,-9.0,0.0,-1,-9.0,-9.0,-9.0,-9.0,-9.0,0.0,0.0,0.0,0.0,0.0,0.0,0.0,0.0,0,0,False,,N,True,,0,0,0,12,1,0,0,0,1,0,0,0,0,1091,0,0,0,0,1,2
440,76.0,1.0,2,3,3,5,13,0.0,False,0,False,False,False,599,0.8013702754870493,0.5085809223569536,0,,False,False,-1,-9.0,-9.0,-1,-9.0,-9.0,-9.0,0.0,-1,-9.0,-9.0,-9.0,-9.0,-9.0,0.0,0.0,0.0,0.0,0.0,0.0,0.0,0.0,0,0,False,,N,True,,0,0,0,1,1,0,0,0,0,1,0,0,0,1092,0,0,0,0,1,1
441,39.0,1.0,2,1,3,1,13,25.0,False,0,True,False,True,599,0.5821552127900913,0.4184647234909452,61,services,False,True,24331,5.292065319813071,-3.005258716452923,-1,-9.0,-9.0,-9.0,0.0,24331,5.292065319813071,-3.005258716452923,25.771902,-9.0,44.4752,88.000565,0.0,0.0,0.0,0.0,0.0,0.0,0.0,0,0,True,No_Telecommute,N,True,,0,0,0,35,1,0,0,1,0,0,0,0,0,1093,0,0,1,50,1,1
441,61.0,2.0,1,3,3,4,13,41.0,False,0,False,False,False,599,0.8599370854614777,2.19497631651889,45,sales_office,False,False,-1,-9.0,-9.0,-1,-9.0,-9.0,-9.0,0.0,-1,-9.0,-9.0,-9.0,-9.0,-9.0,0.0,0.0,0.0,0.0,0.0,0.0,0.0,0.0,0,0,False,,N,True,,0,0,0,66,2,0,0,2,0,0,0,1,0,1094,0,0,0,0,2,1
442,44.0,2.0,2,1,3,1,13,29.0,False,0,True,True,False,599,0.2517400609874401,1.2363774970959385,62,health,False,True,-1,-9.0,-9.0,-1,-9.0,-9.0,-9.0,0.0,16249,11.37712036370237,-0.6416940007883559,6.268216,6.0,12.823124,25.862682,0.0,0.0,12.823124,12.823124,0.0,0.0,0.0,0,0,False,4_days_week,N,True,,0,0,0,1,1,0,0,0,0,1,0,0,0,1096,0,0,1,40,6,1
443,40.0,3.0,2,2,3,2,13,31.0,False,0,True,True,False,599,2.109011714214265,0.7999404721176122,62,health,False,True,-1,-9.0,-9.0,-1,-9.0,-9.0,-9.0,0.0,8847,7.996795710067473,-1.3166027150732196,0.29556644,6.0,1.3284998,2.5802684,0.0,7.238,1.3284998,1.3284998,0.0,0.0,0.0,0,0,False,No_Telecommute,M,True,work1,1,1,0,0,0,0,0,0,0,0,0,0,0,1099,0,0,3,24,9,2
444,81.0,1.0,2,3,3,5,13,0.0,False,0,False,False,False,599,0.5600835671807475,0.5868544074532857,0,,False,False,-1,-9.0,-9.0,-1,-9.0,-9.0,-9.0,0.0,-1,-9.0,-9.0,-9.0,-9.0,-9.0,0.0,0.0,0.0,0.0,0.0,0.0,0.0,0.0,0,0,False,,N,True,,0,0,0,35,1,0,0,1,0,0,0,0,0,1100,0,0,0,0,1,1
445,32.0,1.0,2,3,2,3,13,55.0,True,4,False,False,False,599,0.3899667769535928,1.0364025936141863,9000,military,False,False,-1,-9.0,-9.0,5313,7.851919890029215,2.87185520373155,1.341326,9.522364,-1,-9.0,-9.0,-9.0,-9.0,-9.0,0.0,0.0,0.0,0.0,0.0,0.0,0.0,0.0,0,1,False,,N,True,,0,0,0,89,1,1,0,0,0,0,0,0,0,1101,0,6,0,0,8,1
445,28.0,2.0,1,1,3,1,13,13.0,False,0,True,True,False,599,0.6263896687058678,0.4324969459681957,9000,mngt_busi_scic_arts,False,True,-1,-9.0,-9.0,-1,-9.0,-9.0,-9.0,0.0,11768,12.04101435528982,-4.3239880797513255,28.56546,3.0,50.374405,97.560074,0.0,0.0,50.374405,48.642353,0.9624136,25.000002,1.7320518,0,0,True,2_3_days_week,N,True,,0,0,0,1,1,0,0,0,0,1,0,0,0,1102,1,0,1,50,8,1
446,32.0,1.0,2,3,2,3,13,55.0,True,4,False,False,False,599,0.6339044436812857,0.3308869076605528,9000,military,False,False,-1,-9.0,-9.0,12534,7.011390772006953,0.7848963015776513,1.7503197,10.777702,-1,-9.0,-9.0,-9.0,-9.0,-9.0,0.0,0.0,0.0,0.0,0.0,0.0,0.0,0.0,0,0,False,,N,True,,0,0,0,7,2,0,1,0,0,1,0,0,0,1103,0,6,0,0,8,1
446,28.0,2.0,1,1,3,1,13,13.0,False,0,True,True,False,599,0.4419819932272384,1.2192830248513138,9000,mngt_busi_scic_arts,False,True,-1,-9.0,-9.0,-1,-9.0,-9.0,-9.0,0.0,15702,11.954630949642311,-2.409328899165013,12.947,6.0,27.301443,55.929085,0.0,0.0,27.301443,27.301443,0.0,0.0,0.0,1,1,True,No_Telecommute,N,True,,0,0,0,66,2,0,0,2,0,0,0,1,0,1104,1,0,1,50,8,1
448,81.0,1.0,2,3,3,5,13,0.0,False,0,False,False,False,611,3.030692518263087,0.4883944237329357,0,,False,False,-1,-9.0,-9.0,-1,-9.0,-9.0,-9.0,0.0,-1,-9.0,-9.0,-9.0,-9.0,-9.0,0.0,0.0,0.0,0.0,0.0,0.0,0.0,0.0,0,0,False,,N,True,,0,0,1,0,0,0,0,0,1,0,0,0,0,1107,0,0,0,0,1,2
448,37.0,2.0,2,3,3,4,13,0.0,False,0,False,False,False,611,0.4295814788199642,0.5968492443307365,0,,False,False,-1,-9.0,-9.0,-1,-9.0,-9.0,-9.0,0.0,-1,-9.0,-9.0,-9.0,-9.0,-9.0,0.0,0.0,0.0,0.0,0.0,0.0,0.0,0.0,0,0,False,,N,True,,0,0,1,35,1,0,0,1,0,0,0,0,0,1108,0,0,0,0,1,2
450,17.0,3.0,1,3,1,6,0,0.0,True,3,False,False,False,611,0.3386252371083225,1.3109116686198492,0,,False,False,-1,-9.0,-9.0,8551,9.73681898365639,-1.1651657561036883,30.520508,68.4989,-1,-9.0,-9.0,-9.0,-9.0,-9.0,0.0,0.0,0.0,0.0,0.0,0.0,0.0,0.0,0,0,False,,M,True,school1,1,0,0,0,0,0,0,0,0,0,0,0,0,1113,0,5,0,0,9,2
450,7.0,4.0,2,4,1,7,0,0.0,True,2,False,False,False,611,1.1594559555421526,0.615223575739714,0,,False,False,-1,-9.0,-9.0,11793,6.840846632196802,2.7621440231335077,0.28483966,1.7762281,-1,-9.0,-9.0,-9.0,-9.0,-9.0,0.0,0.0,0.0,0.0,0.0,0.0,0.0,0.0,0,0,False,,M,True,school1,1,0,0,0,0,0,0,0,0,0,0,0,0,1114,0,2,0,0,9,2
451,37.0,1.0,1,1,3,1,13,51.0,False,0,True,True,False,611,0.4633624140558572,0.9286385296795754,33,prod_trans_move,False,True,-1,-9.0,-9.0,-1,-9.0,-9.0,-9.0,0.0,17480,12.191324346599128,-2.964889099396533,34.486427,7.0,62.57962,122.0211,0.0,0.0,62.57962,60.075462,0.0,0.0,2.504158,0,0,False,No_Telecommute,N,True,,0,0,0,35,3,2,0,1,0,0,0,0,0,1115,0,0,1,40,1,2
451,41.0,2.0,2,1,3,1,13,43.0,False,0,True,True,False,611,0.8902337744219379,1.532295026978475,52,sales_office,False,True,-1,-9.0,-9.0,-1,-9.0,-9.0,-9.0,0.0,13127,11.113187606779292,-1.0219440011800542,2.4413342,6.0,7.511966,14.021694,0.0,0.0,7.511966,7.422975,0.0,0.0,0.088991165,0,0,True,2_3_days_week,N,True,,0,0,0,156,2,2,0,0,0,0,0,0,0,1116,0,0,1,40,1,2
451,10.0,3.0,2,4,1,7,0,0.0,True,2,False,False,False,611,0.6770986509215152,0.5386503787042322,0,,False,False,-1,-9.0,-9.0,1624,4.054158304634483,-4.578792862235902,47.34249,99.42653,-1,-9.0,-9.0,-9.0,-9.0,-9.0,0.0,0.0,0.0,0.0,0.0,0.0,0.0,0.0,0,0,False,,M,True,school1,1,0,0,0,0,0,0,0,0,0,0,0,0,1117,0,2,0,0,1,2
451,10.0,4.0,2,4,1,7,0,0.0,True,2,False,False,False,611,1.193410746215491,1.5781180097156322,0,,False,False,-1,-9.0,-9.0,11793,7.585294108549408,5.251234046255531,0.28483966,1.7762281,-1,-9.0,-9.0,-9.0,-9.0,-9.0,0.0,0.0,0.0,0.0,0.0,0.0,0.0,0.0,0,0,False,,M,True,school1,1,0,0,0,0,0,0,0,0,0,0,0,0,1118,0,2,0,0,1,2
451,17.0,6.0,1,3,1,6,0,0.0,True,3,False,False,False,611,0.7921702286052774,1.9518069837921548,0,,False,False,-1,-9.0,-9.0,16014,9.807109286273974,0.7622564547748962,4.9775586,17.317127,-1,-9.0,-9.0,-9.0,-9.0,-9.0,0.0,0.0,0.0,0.0,0.0,0.0,0.0,0.0,0,0,False,,M,True,school1,1,0,0,0,0,0,0,0,0,0,0,0,0,1120,0,5,0,0,1,2
452,35.0,1.0,2,1,3,1,13,43.0,False,0,True,True,False,611,0.1659673114782042,2.096500991680726,92,sales_office,False,True,-1,-9.0,-9.0,-1,-9.0,-9.0,-9.0,0.0,13926,12.57526791307974,-1.6840153838237089,28.227259,3.0,51.965153,102.85197,0.0,0.0,51.965153,51.965153,0.0,0.0,0.0,0,0,False,2_3_days_week,N,True,,0,0,0,12,3,2,0,0,1,0,0,0,0,1121,0,0,1,40,1,2
452,16.0,2.0,1,3,1,6,0,0.0,True,3,False,False,False,611,2.8744954443758437,0.442664702097783,0,,False,False,-1,-9.0,-9.0,16014,9.577460394132968,-0.3980563638232003,4.9775586,17.317127,-1,-9.0,-9.0,-9.0,-9.0,-9.0,0.0,0.0,0.0,0.0,0.0,0.0,0.0,0.0,0,0,False,,M,True,school1,1,0,0,0,0,0,0,0,0,0,0,0,0,1122,0,5,0,0,1,2
452,10.0,3.0,2,4,1,7,0,0.0,True,2,False,False,False,611,1.7646767088235484,1.4347043175147305,0,,False,False,-1,-9.0,-9.0,23934,3.613549134250186,-1.744382003805179,5.0603724,23.565079,-1,-9.0,-9.0,-9.0,-9.0,-9.0,0.0,0.0,0.0,0.0,0.0,0.0,0.0,0.0,0,0,False,,M,True,school1,1,0,0,0,0,0,0,0,0,0,0,0,0,1123,0,2,0,0,1,2
452,2.0,4.0,2,4,1,8,0,0.0,True,1,False,False,False,611,2.474794092787558,1.714932088325034,0,,False,False,-1,-9.0,-9.0,6073,6.716808520031842,2.5783149522699085,0.7505571,6.463584,-1,-9.0,-9.0,-9.0,-9.0,-9.0,0.0,0.0,0.0,0.0,0.0,0.0,0.0,0.0,0,0,False,,N,True,,0,0,0,2,2,0,0,0,0,2,0,0,1,1124,0,0,0,0,1,2
452,49.0,5.0,1,1,3,1,13,47.0,False,0,True,True,False,611,1.1140126915682589,0.9617373344723346,23,constr_maint,False,True,-1,-9.0,-9.0,-1,-9.0,-9.0,-9.0,0.0,14304,9.477966240660196,-7.2138739119850515,27.420927,3.0,53.323593,106.18512,0.0,0.0,53.323593,53.323593,0.0,0.0,0.0,0,0,False,2_3_days_week,N,True,,0,0,0,101,2,1,0,0,1,0,0,0,0,1125,0,0,1,40,1,2
453,35.0,1.0,2,1,3,1,13,43.0,False,0,True,True,False,611,2.111536193469989,1.044697731693624,92,sales_office,False,True,-1,-9.0,-9.0,-1,-9.0,-9.0,-9.0,0.0,5313,9.771745353311532,-1.2680299783401967,0.9583259,6.0,3.5001583,7.6103654,0.0,0.0,3.5001583,3.5001583,0.0,0.0,0.0,0,0,False,No_Telecommute,M,True,work2,2,2,0,0,0,0,0,0,0,0,0,0,0,1126,0,0,1,40,1,2
453,16.0,2.0,1,3,1,6,0,0.0,True,3,False,False,False,611,0.6501954024819427,0.8704710996967921,0,,False,False,-1,-9.0,-9.0,16014,9.720964064545427,0.0420758164742312,4.9775586,17.317127,-1,-9.0,-9.0,-9.0,-9.0,-9.0,0.0,0.0,0.0,0.0,0.0,0.0,0.0,0.0,0,0,False,,M,True,school1,1,0,0,1,1,0,0,0,0,1,0,0,0,1127,0,5,0,0,1,2
453,10.0,3.0,2,4,1,7,0,0.0,True,2,False,False,False,611,1.3789691065256071,0.3634093186887516,0,,False,False,-1,-9.0,-9.0,9910,0.2409194680052707,-3.860339784551677,18.560831,66.49536,-1,-9.0,-9.0,-9.0,-9.0,-9.0,0.0,0.0,0.0,0.0,0.0,0.0,0.0,0.0,0,0,False,,M,True,school1,1,0,0,0,0,0,0,0,0,0,0,0,0,1128,0,2,0,0,1,2
453,49.0,5.0,1,1,3,1,13,47.0,False,0,True,True,False,611,0.8448466416026179,0.6839130560262758,23,constr_maint,False,True,-1,-9.0,-9.0,-1,-9.0,-9.0,-9.0,0.0,16526,10.586173243466517,-3.3547879975567283,17.926008,7.0,38.454483,76.20608,0.0,0.0,38.454483,38.454483,0.0,0.0,0.0,0,0,False,No_Telecommute,M,True,work1,1,1,0,89,1,1,0,0,0,0,0,0,0,1130,0,0,1,40,1,2
454,35.0,1.0,2,1,3,1,13,43.0,False,0,True,True,False,611,0.5163053911665066,0.7108804162642888,92,sales_office,False,True,-1,-9.0,-9.0,-1,-9.0,-9.0,-9.0,0.0,19535,11.835660271067544,-1.800595323810099,12.415583,6.0,25.8283,51.940086,0.0,0.0,25.8283,25.8283,0.0,0.0,0.0,1,0,True,2_3_days_week,M,True,work1,1,1,0,0,0,0,0,0,0,0,0,0,0,1131,0,0,1,40,1,2
454,16.0,2.0,1,3,1,6,0,0.0,True,3,False,False,False,611,0.4860596583276849,0.7423824147680048,0,,False,False,-1,-9.0,-9.0,16374,9.77531073050528,0.2590889124632813,4.615482,23.078943,-1,-9.0,-9.0,-9.0,-9.0,-9.0,0.0,0.0,0.0,0.0,0.0,0.0,0.0,0.0,0,0,False,,M,True,school1,1,0,0,0,0,0,0,0,0,0,0,0,0,1132,0,5,0,0,1,2
454,10.0,3.0,2,4,1,7,0,0.0,True,2,False,False,False,611,0.7272492150120436,1.230270010796689,0,,False,False,-1,-9.0,-9.0,11793,7.305553292585937,4.544748502424919,0.28483966,1.7762281,-1,-9.0,-9.0,-9.0,-9.0,-9.0,0.0,0.0,0.0,0.0,0.0,0.0,0.0,0.0,0,0,False,,M,True,school1,1,0,0,0,0,0,0,0,0,0,0,0,0,1133,0,2,0,0,1,2
454,2.0,4.0,2,4,1,8,0,0.0,True,1,False,False,False,611,1.308746739658354,0.666999318954767,0,,False,False,-1,-9.0,-9.0,1380,7.642667722031765,-3.735834816182916,18.560831,66.49536,-1,-9.0,-9.0,-9.0,-9.0,-9.0,0.0,0.0,0.0,0.0,0.0,0.0,0.0,0.0,0,0,False,,M,True,school2,2,0,0,0,0,0,0,0,0,0,0,0,0,1134,0,0,0,0,1,2
454,49.0,5.0,1,1,3,1,13,47.0,False,0,True,True,False,611,0.4625563546638804,0.6179477525540306,23,constr_maint,False,True,-1,-9.0,-9.0,-1,-9.0,-9.0,-9.0,0.0,13349,10.998708760489029,-3.686302078019336,27.51,3.0,58.823986,117.970825,0.0,0.0,58.823986,58.823986,0.0,0.0,0.0,0,0,True,2_3_days_week,M,True,work1,1,1,0,0,0,0,0,0,0,0,0,0,0,1135,0,0,1,40,1,2
455,35.0,1.0,2,1,3,1,13,43.0,False,0,True,True,False,611,0.520475360823042,0.3196351614095637,92,sales_office,False,True,-1,-9.0,-9.0,-1,-9.0,-9.0,-9.0,0.0,7616,11.824238014330888,-0.8704884119013715,4.6269007,6.0,12.759256,24.690792,0.0,0.0,12.759256,12.759256,0.0,0.0,0.0,0,0,False,No_Telecommute,M,True,work1,1,1,0,0,2,2,0,0,0,0,0,0,0,1136,0,0,1,40,1,2
455,16.0,2.0,1,3,1,6,0,0.0,True,3,False,False,False,611,0.5583274479279827,1.2588082438852333,0,,False,False,-1,-9.0,-9.0,16374,9.6649034308693,0.2253871122887271,4.615482,23.078943,-1,-9.0,-9.0,-9.0,-9.0,-9.0,0.0,0.0,0.0,0.0,0.0,0.0,0.0,0.0,0,0,False,,M,True,school1,1,0,0,3,3,0,0,0,0,0,3,0,2,1137,0,5,0,0,1,2
455,10.0,3.0,2,4,1,7,0,0.0,True,2,False,False,False,611,0.3803446526504419,2.0802251128918754,0,,False,False,-1,-9.0,-9.0,11793,7.399359631951007,4.82102586861006,0.28483966,1.7762281,-1,-9.0,-9.0,-9.0,-9.0,-9.0,0.0,0.0,0.0,0.0,0.0,0.0,0.0,0.0,0,0,False,,M,True,school1,1,0,0,0,0,0,0,0,0,0,0,0,0,1138,0,2,0,0,1,2
455,2.0,4.0,2,4,1,8,0,0.0,True,1,False,False,False,611,0.2395198434122902,0.7438551802462627,0,,False,False,-1,-9.0,-9.0,13124,8.807037248878656,3.3615032400063334,3.1443634,12.066026,-1,-9.0,-9.0,-9.0,-9.0,-9.0,0.0,0.0,0.0,0.0,0.0,0.0,0.0,0.0,0,0,False,,M,True,school1,1,0,0,0,0,0,0,0,0,0,0,0,0,1139,0,0,0,0,1,2
455,49.0,5.0,1,1,3,1,13,47.0,False,0,True,False,True,611,0.7320675182569436,1.0003870196500753,23,constr_maint,False,True,24333,5.236027997067265,-2.7258561784482245,-1,-9.0,-9.0,-9.0,0.0,24333,5.236027997067265,-2.7258561784482245,20.133188,-9.0,20.921583,41.38546,0.0,0.0,0.0,0.0,0.0,0.0,0.0,0,0,True,1_day_week,M,True,work1,1,1,0,0,2,2,0,0,0,0,0,0,0,1140,0,0,1,40,1,2
456,35.0,1.0,2,1,3,1,13,43.0,False,0,True,False,False,611,0.6993313258332121,1.2069138637231034,92,sales_office,True,False,-1,-9.0,-9.0,-1,-9.0,-9.0,-9.0,0.0,-1,-9.0,-9.0,-9.0,-9.0,-9.0,0.0,0.0,0.0,0.0,0.0,0.0,0.0,0.0,0,0,False,,N,True,,0,0,0,25,7,4,0,0,2,1,0,1,0,1141,0,0,1,40,1,2
456,16.0,2.0,1,3,1,6,0,0.0,True,3,False,False,False,611,0.7859764770581593,1.1079012538132225,0,,False,False,-1,-9.0,-9.0,16374,9.748524840742562,0.1291979012528399,4.615482,23.078943,-1,-9.0,-9.0,-9.0,-9.0,-9.0,0.0,0.0,0.0,0.0,0.0,0.0,0.0,0.0,0,0,False,,M,True,school1,1,0,0,0,0,0,0,0,0,0,0,0,0,1142,0,5,0,0,1,2
456,10.0,3.0,2,4,1,7,0,0.0,True,2,False,False,False,611,0.7325983222331962,0.380211328212848,0,,False,False,-1,-9.0,-9.0,11793,7.3548978404414544,4.541244470482688,0.28483966,1.7762281,-1,-9.0,-9.0,-9.0,-9.0,-9.0,0.0,0.0,0.0,0.0,0.0,0.0,0.0,0.0,0,0,False,,M,True,school1,1,0,0,0,0,0,0,0,0,0,0,0,0,1143,0,2,0,0,1,2
456,2.0,4.0,2,4,1,8,0,0.0,True,1,False,False,False,611,0.4928411794706693,0.9879841352163654,0,,False,False,-1,-9.0,-9.0,2149,10.373907376371236,4.24048802266532,1.11879,7.227294,-1,-9.0,-9.0,-9.0,-9.0,-9.0,0.0,0.0,0.0,0.0,0.0,0.0,0.0,0.0,0,0,False,,M,True,school1,1,0,0,0,0,0,0,0,0,0,0,0,0,1144,0,0,0,0,1,2
456,49.0,5.0,1,1,3,1,13,47.0,False,0,True,True,False,611,1.8787752781033469,1.0242181793217815,23,constr_maint,False,True,-1,-9.0,-9.0,-1,-9.0,-9.0,-9.0,0.0,8527,8.18377086787492,-9.09657233410788,38.018497,1.0,62.49456,125.24226,0.0,22.638,62.49456,62.49456,0.0,0.0,0.0,0,0,True,4_days_week,M,True,work2,2,2,0,0,0,0,0,0,0,0,0,0,0,1145,0,0,1,40,1,2
457,41.0,1.0,2,2,3,2,13,35.0,False,0,True,True,False,611,2.1057070237029656,0.5132537239446183,722,services,False,True,-1,-9.0,-9.0,-1,-9.0,-9.0,-9.0,0.0,5313,8.537904993089105,-1.4768918420094217,0.9583259,6.0,3.5001583,7.6103654,0.0,0.0,3.5001583,3.5001583,0.0,0.0,0.0,0,0,True,No_Telecommute,N,True,,0,0,0,89,2,2,0,0,0,0,0,0,0,1146,0,0,1,27,1,2
457,19.0,2.0,1,1,3,1,9,35.0,False,0,True,True,False,611,3.0201114585048674,1.6966503452963062,722,services,False,True,-1,-9.0,-9.0,-1,-9.0,-9.0,-9.0,0.0,100,8.828432736307816,-3.30147936551065,1.1491834,6.0,4.726927,9.850229,0.0,6.123,4.726927,4.726927,0.0,0.0,0.0,0,0,False,No_Telecommute,N,True,,0,0,0,101,5,4,0,0,1,0,0,0,0,1147,0,0,6,50,1,2
457,13.0,3.0,2,4,1,7,0,0.0,True,2,False,False,False,611,0.453495045175895,1.0670191560533329,0,,False,False,-1,-9.0,-9.0,19120,7.249685881062267,-0.415108688840743,9.401703,31.127224,-1,-9.0,-9.0,-9.0,-9.0,-9.0,0.0,0.0,0.0,0.0,0.0,0.0,0.0,0.0,0,0,False,,M,True,school1,1,0,0,6,1,0,1,0,0,0,0,0,0,1148,0,2,0,0,1,2
457,6.0,4.0,1,4,1,7,0,0.0,True,2,False,False,False,611,0.3424041867511769,0.7017448867710103,0,,False,False,-1,-9.0,-9.0,23872,7.318511296529171,3.591540723565245,0.99810296,6.9250126,-1,-9.0,-9.0,-9.0,-9.0,-9.0,0.0,0.0,0.0,0.0,0.0,0.0,0.0,0.0,0,0,False,,M,True,school1,1,0,0,0,0,0,0,0,0,0,0,0,0,1149,0,2,0,0,1,2
457,1.0,5.0,1,4,1,8,0,0.0,True,1,False,False,False,611,0.5587460499135972,0.6600602145681662,0,,False,False,-1,-9.0,-9.0,2566,7.790911135026331,3.8326906163513694,0.90357727,5.785059,-1,-9.0,-9.0,-9.0,-9.0,-9.0,0.0,0.0,0.0,0.0,0.0,0.0,0.0,0.0,0,0,False,,M,True,school2,2,0,0,0,0,0,0,0,0,0,0,0,0,1150,0,0,0,0,1,2
458,62.0,1.0,2,1,3,1,13,51.0,False,0,True,True,False,611,1.2351155459924197,0.2367323261737706,33,prod_trans_move,False,True,-1,-9.0,-9.0,-1,-9.0,-9.0,-9.0,0.0,17747,9.973322126257004,-5.486980408723087,20.89267,7.0,46.001076,90.126595,0.0,0.0,46.001076,46.001076,0.0,0.0,0.0,0,0,True,No_Telecommute,N,True,,0,0,1,47,2,0,0,2,1,0,0,2,0,1151,0,0,2,40,6,1
458,22.0,3.0,1,2,3,2,13,39.0,False,0,True,True,False,611,0.8019412620832023,1.860103250561558,61,services,False,True,-1,-9.0,-9.0,-1,-9.0,-9.0,-9.0,0.0,18149,9.826837093829855,-3.002691544654033,8.7585335,7.0,22.605427,45.78056,0.0,0.0,22.605427,22.602633,0.0,0.0,0.0027942657,0,0,True,No_Telecommute,N,True,,0,0,0,24,2,0,0,0,2,0,0,1,0,1153,0,0,6,28,6,1
459,33.0,1.0,2,1,3,1,13,33.0,False,0,True,True,False,611,1.491607192742479,0.3592597490548613,9000,services,False,True,-1,-9.0,-9.0,-1,-9.0,-9.0,-9.0,0.0,17976,10.123016182105845,-4.183742513703808,7.9361277,6.0,20.47531,41.3983,0.0,0.0,21.159742,20.472515,0.0,0.0,0.68722725,0,0,True,No_Telecommute,M,True,work1,1,1,0,0,0,0,0,0,0,0,0,0,0,1154,1,0,1,45,1,1
459,43.0,2.0,1,3,3,4,13,0.0,False,0,False,False,False,611,1.1739965578424614,0.9171218641794346,0,,False,False,-1,-9.0,-9.0,-1,-9.0,-9.0,-9.0,0.0,-1,-9.0,-9.0,-9.0,-9.0,-9.0,0.0,0.0,0.0,0.0,0.0,0.0,0.0,0.0,0,0,False,,N,True,,0,0,1,0,0,0,0,0,0,0,1,0,0,1155,0,0,0,0,1,2
460,33.0,1.0,2,1,3,1,13,33.0,False,0,True,True,False,611,0.5606469016860899,1.2775627401651135,9000,services,False,True,-1,-9.0,-9.0,-1,-9.0,-9.0,-9.0,0.0,16114,11.082173160856891,-1.1877086060667104,4.7243967,6.0,13.169802,25.450375,0.0,0.0,13.169802,13.169802,0.0,0.0,0.0,0,1,False,2_3_days_week,N,True,,0,0,1,91,3,1,1,0,0,2,0,0,1,1159,1,0,1,45,1,1
460,43.0,2.0,1,3,3,4,13,0.0,False,0,False,False,False,611,1.0211288151440767,2.417671653790534,0,,False,False,-1,-9.0,-9.0,-1,-9.0,-9.0,-9.0,0.0,-1,-9.0,-9.0,-9.0,-9.0,-9.0,0.0,0.0,0.0,0.0,0.0,0.0,0.0,0.0,0,0,False,,N,True,,0,0,1,156,2,2,0,0,0,0,0,0,0,1160,0,0,0,0,1,2
460,1.0,4.0,1,4,1,8,0,0.0,True,1,False,False,False,611,0.9955204550622152,0.5955062232550465,0,,False,False,-1,-9.0,-9.0,16128,6.769576024382837,0.4755099797287315,4.319081,18.228926,-1,-9.0,-9.0,-9.0,-9.0,-9.0,0.0,0.0,0.0,0.0,0.0,0.0,0.0,0.0,0,0,False,,N,True,,0,0,1,90,2,1,0,0,0,1,0,0,0,1162,0,0,0,0,1,1
461,43.0,2.0,1,3,3,4,13,0.0,False,0,False,False,False,611,0.7739490919857577,0.2791097349553467,0,,False,False,-1,-9.0,-9.0,-1,-9.0,-9.0,-9.0,0.0,-1,-9.0,-9.0,-9.0,-9.0,-9.0,0.0,0.0,0.0,0.0,0.0,0.0,0.0,0.0,0,0,False,,N,True,,0,0,0,18,4,2,1,0,1,0,0,0,0,1165,0,0,0,0,1,2
461,8.0,3.0,1,4,1,7,0,0.0,True,2,False,False,False,611,1.0755871239378134,0.6641851344795151,0,,False,False,-1,-9.0,-9.0,23872,7.686029026760441,2.890171831433258,0.99810296,6.9250126,-1,-9.0,-9.0,-9.0,-9.0,-9.0,0.0,0.0,0.0,0.0,0.0,0.0,0.0,0.0,0,0,False,,M,True,school1,1,0,0,0,0,0,0,0,0,0,0,0,0,1166,0,2,0,0,1,1
461,1.0,4.0,1,4,1,8,0,0.0,True,1,False,False,False,611,1.606104871247784,1.1918857076403313,0,,False,False,-1,-9.0,-9.0,16231,7.32910769640689,0.5922854687383838,5.1548786,19.167582,-1,-9.0,-9.0,-9.0,-9.0,-9.0,0.0,0.0,0.0,0.0,0.0,0.0,0.0,0.0,0,0,False,,M,True,school2,2,0,0,0,0,0,0,0,0,0,0,0,0,1167,0,0,0,0,1,1
461,1.0,5.0,2,4,1,8,0,0.0,True,1,False,False,False,611,1.36212200343942,0.7380021691520812,0,,False,False,-1,-9.0,-9.0,6008,9.637212545599487,4.2688988589982895,0.28483966,1.7762281,-1,-9.0,-9.0,-9.0,-9.0,-9.0,0.0,0.0,0.0,0.0,0.0,0.0,0.0,0.0,0,0,False,,M,True,school2,2,0,0,0,0,0,0,0,0,0,0,0,0,1168,0,0,0,0,1,1
462,33.0,1.0,2,1,3,1,13,33.0,False,0,True,True,False,611,1.2365642856003076,1.0405992985925518,9000,services,False,True,-1,-9.0,-9.0,-1,-9.0,-9.0,-9.0,0.0,229,10.412468055332472,-0.8438434827976296,1.11879,6.0,3.6140447,7.468284,0.0,6.942,3.6140447,3.6140447,0.0,0.0,0.0,0,0,False,No_Telecommute,N,True,,0,0,0,101,2,1,0,0,1,0,0,0,0,1169,1,0,1,45,1,1
462,43.0,2.0,1,3,3,4,13,0.0,False,0,False,False,False,611,0.7073847799080083,0.9399364146611424,0,,False,False,-1,-9.0,-9.0,-1,-9.0,-9.0,-9.0,0.0,-1,-9.0,-9.0,-9.0,-9.0,-9.0,0.0,0.0,0.0,0.0,0.0,0.0,0.0,0.0,0,0,False,,N,True,,0,0,1,1,1,0,0,1,0,1,0,0,0,1170,0,0,0,0,1,2
462,8.0,3.0,1,4,1,7,0,0.0,True,2,False,False,False,611,0.1147815833027396,0.9949294310285272,0,,False,False,-1,-9.0,-9.0,11793,8.02026327718188,6.196550965561372,0.28483966,1.7762281,-1,-9.0,-9.0,-9.0,-9.0,-9.0,0.0,0.0,0.0,0.0,0.0,0.0,0.0,0.0,0,0,False,,N,True,,0,0,0,3,1,0,0,0,0,0,1,0,0,1171,0,2,0,0,1,1
463,33.0,1.0,2,1,3,1,13,33.0,False,0,True,True,False,611,1.3854223280432107,0.880182061801968,9000,services,False,True,-1,-9.0,-9.0,-1,-9.0,-9.0,-9.0,0.0,23872,10.288440146140868,-0.6722230786680407,0.99810296,6.0,3.4732347,7.1565123,0.0,0.0,3.4732347,3.4732347,0.0,0.0,0.0,0,0,False,No_Telecommute,M,True,work1,1,1,0,12,3,2,0,0,1,0,0,0,0,1174,1,0,1,45,1,1
463,8.0,3.0,1,4,1,7,0,0.0,True,2,False,False,False,611,2.563752170199067,2.0412807067976804,0,,False,False,-1,-9.0,-9.0,15303,3.14751867809412,-5.554159732116977,14.940177,41.281788,-1,-9.0,-9.0,-9.0,-9.0,-9.0,0.0,0.0,0.0,0.0,0.0,0.0,0.0,0.0,0,0,False,,M,True,school1,1,0,0,0,0,0,0,0,0,0,0,0,0,1176,0,2,0,0,1,1
463,1.0,4.0,1,4,1,8,0,0.0,True,1,False,False,False,611,0.5042366486107125,0.7710987021113775,0,,False,False,-1,-9.0,-9.0,1399,7.1376295357985775,4.4010011384974765,1.2737687,8.922839,-1,-9.0,-9.0,-9.0,-9.0,-9.0,0.0,0.0,0.0,0.0,0.0,0.0,0.0,0.0,0,0,False,,M,True,school1,1,0,0,0,0,0,0,0,0,0,0,0,0,1177,0,0,0,0,1,1
463,1.0,5.0,2,4,1,8,0,0.0,True,1,False,False,False,611,0.9390482105866108,2.0021987895987463,0,,False,False,-1,-9.0,-9.0,8184,9.870600522842585,4.758044236934103,0.28483966,1.7762281,-1,-9.0,-9.0,-9.0,-9.0,-9.0,0.0,0.0,0.0,0.0,0.0,0.0,0.0,0.0,0,0,False,,M,True,school1,1,0,0,0,0,0,0,0,0,0,0,0,0,1178,0,0,0,0,1,1
464,48.0,1.0,2,1,3,1,13,37.0,False,0,True,True,False,611,0.7076683110999682,0.4408517769900333,56,services,False,True,-1,-9.0,-9.0,-1,-9.0,-9.0,-9.0,0.0,23861,11.137910729737792,-1.0944910756128698,2.9725146,6.0,8.951967,17.804733,0.0,0.0,8.951967,8.949175,0.0,0.0,0.0027923584,0,0,True,No_Telecommute,M,True,work1,1,1,0,89,1,1,0,0,0,0,0,0,0,1179,0,0,1,40,1,2
464,54.0,2.0,1,2,3,2,13,37.0,False,0,True,True,False,611,0.5233987393660574,0.6380564646838942,56,services,False,True,-1,-9.0,-9.0,-1,-9.0,-9.0,-9.0,0.0,23060,10.394878105598186,-2.3842698163869573,7.891462,6.0,19.913052,39.29325,0.0,9.102,19.913052,19.913052,0.0,0.0,0.0,0,0,True,No_Telecommute,M,True,work1,1,1,0,0,0,0,0,0,0,0,0,0,0,1180,0,0,1,30,1,2
464,18.0,3.0,1,3,3,4,9,47.0,False,0,False,False,False,611,0.6865227002250013,0.993886980233578,23,constr_maint,False,False,-1,-9.0,-9.0,-1,-9.0,-9.0,-9.0,0.0,-1,-9.0,-9.0,-9.0,-9.0,-9.0,0.0,0.0,0.0,0.0,0.0,0.0,0.0,0.0,0,0,False,,N,True,,0,0,0,41,2,0,1,1,0,0,0,0,0,1181,0,0,1,40,1,2
465,13.0,3.0,2,4,1,7,0,0.0,True,2,False,False,False,611,0.473480805374608,1.1899048482962455,0,,False,False,-1,-9.0,-9.0,7296,7.262773657686604,1.461748182602111,2.621958,13.468897,-1,-9.0,-9.0,-9.0,-9.0,-9.0,0.0,0.0,0.0,0.0,0.0,0.0,0.0,0.0,0,0,False,,M,True,school1,1,0,0,0,0,0,0,0,0,0,0,0,0,1184,0,2,0,0,1,2
465,9.0,4.0,2,4,1,7,0,0.0,True,2,False,False,False,611,0.9997467854464482,0.6901228992555444,0,,False,False,-1,-9.0,-9.0,11793,7.010947489363362,3.267171851567775,0.28483966,1.7762281,-1,-9.0,-9.0,-9.0,-9.0,-9.0,0.0,0.0,0.0,0.0,0.0,0.0,0.0,0.0,0,0,False,,M,True,school1,1,0,0,0,0,0,0,0,0,0,0,0,0,1185,0,2,0,0,1,2
465,5.0,5.0,1,4,1,8,0,0.0,True,1,False,False,False,611,1.6562385712526484,1.1606742804540826,0,,False,False,-1,-9.0,-9.0,5795,9.038246447999578,3.9943070291140095,0.28483966,1.7762281,-1,-9.0,-9.0,-9.0,-9.0,-9.0,0.0,0.0,0.0,0.0,0.0,0.0,0.0,0.0,0,0,False,,N,True,,0,0,0,89,1,1,0,0,0,0,0,0,0,1186,0,0,0,0,1,2
465,0.0,6.0,2,4,1,8,0,0.0,True,1,False,False,False,611,0.9201311816395428,0.2434963069926731,0,,False,False,-1,-9.0,-9.0,6272,7.140085639744508,1.5423619320307564,1.8247323,12.468337,-1,-9.0,-9.0,-9.0,-9.0,-9.0,0.0,0.0,0.0,0.0,0.0,0.0,0.0,0.0,0,0,False,,N,True,,0,0,0,179,5,4,0,1,0,0,0,0,0,1187,0,0,0,0,1,2
466,32.0,1.0,1,1,3,1,13,13.0,False,0,True,False,False,611,0.5123414542506448,1.212774098205667,9000,mngt_busi_scic_arts,True,False,-1,-9.0,-9.0,-1,-9.0,-9.0,-9.0,0.0,-1,-9.0,-9.0,-9.0,-9.0,-9.0,0.0,0.0,0.0,0.0,0.0,0.0,0.0,0.0,0,0,False,,N,True,,0,0,1,89,1,1,0,0,0,0,1,0,0,1188,1,0,1,50,1,2
466,30.0,2.0,2,3,3,4,13,41.0,False,0,False,False,False,611,1.4161524316332763,2.336638982948608,51,sales_office,False,False,-1,-9.0,-9.0,-1,-9.0,-9.0,-9.0,0.0,-1,-9.0,-9.0,-9.0,-9.0,-9.0,0.0,0.0,0.0,0.0,0.0,0.0,0.0,0.0,0,0,False,,N,True,,0,0,1,0,4,4,0,0,0,0,0,0,0,1189,0,0,0,0,1,1
466,13.0,3.0,2,4,1,7,0,0.0,True,2,False,False,False,611,0.7322000035925008,0.2507663089668994,0,,False,False,-1,-9.0,-9.0,11793,7.01917892490916,3.5898146848439927,0.28483966,1.7762281,-1,-9.0,-9.0,-9.0,-9.0,-9.0,0.0,0.0,0.0,0.0,0.0,0.0,0.0,0.0,0,0,False,,M,True,school1,1,0,0,1,1,0,0,0,0,1,0,0,0,1190,0,2,0,0,1,2
466,9.0,4.0,2,4,1,7,0,0.0,True,2,False,False,False,611,1.0678488802544066,1.5857177490661742,0,,False,False,-1,-9.0,-9.0,19660,6.970540161591089,-2.482022536255532,19.385422,44.696785,-1,-9.0,-9.0,-9.0,-9.0,-9.0,0.0,0.0,0.0,0.0,0.0,0.0,0.0,0.0,0,0,False,,M,True,school1,1,0,0,0,0,0,0,0,0,0,0,0,0,1191,0,2,0,0,1,2
466,5.0,5.0,1,4,1,8,0,0.0,True,1,False,False,False,611,1.2171275248247324,1.1184685450628564,0,,False,False,-1,-9.0,-9.0,7574,5.8456439865045615,1.941140220434374,0.5696793,4.2285404,-1,-9.0,-9.0,-9.0,-9.0,-9.0,0.0,0.0,0.0,0.0,0.0,0.0,0.0,0.0,0,0,False,,N,True,,0,0,0,156,2,2,0,0,0,0,0,0,0,1192,0,0,0,0,1,2
466,0.0,6.0,2,4,1,8,0,0.0,True,1,False,False,False,611,0.9297825820369298,0.6377133055116315,0,,False,False,-1,-9.0,-9.0,23890,6.852885826676871,-0.0638149641753285,2.8245814,15.233186,-1,-9.0,-9.0,-9.0,-9.0,-9.0,0.0,0.0,0.0,0.0,0.0,0.0,0.0,0.0,0,0,False,,N,True,,0,0,0,89,1,1,0,0,0,0,0,0,0,1193,0,0,0,0,1,2
467,30.0,2.0,2,3,3,4,13,41.0,False,0,False,False,False,611,1.056750602288277,1.2202381535276063,51,sales_office,False,False,-1,-9.0,-9.0,-1,-9.0,-9.0,-9.0,0.0,-1,-9.0,-9.0,-9.0,-9.0,-9.0,0.0,0.0,0.0,0.0,0.0,0.0,0.0,0.0,0,0,False,,N,True,,0,0,0,12,6,5,0,0,1,0,0,0,0,1195,0,0,0,0,1,1
467,13.0,3.0,2,4,1,7,0,0.0,True,2,False,False,False,611,0.4168078422677236,0.5497605549423501,0,,False,False,-1,-9.0,-9.0,16253,7.309567357666119,0.2831181855350423,4.743838,20.2835,-1,-9.0,-9.0,-9.0,-9.0,-9.0,0.0,0.0,0.0,0.0,0.0,0.0,0.0,0.0,0,0,False,,M,True,school1,1,0,0,0,0,0,0,0,0,0,0,0,0,1196,0,2,0,0,1,2
467,9.0,4.0,2,4,1,7,0,0.0,True,2,False,False,False,611,0.9119089113466762,0.8145527357773023,0,,False,False,-1,-9.0,-9.0,19616,7.025658085008129,-1.7436146075037722,16.288008,40.28891,-1,-9.0,-9.0,-9.0,-9.0,-9.0,0.0,0.0,0.0,0.0,0.0,0.0,0.0,0.0,0,0,False,,M,True,school1,1,0,0,0,0,0,0,0,0,0,0,0,0,1197,0,2,0,0,1,2
467,5.0,5.0,1,4,1,8,0,0.0,True,1,False,False,False,611,0.8592083363603474,1.7685761010137175,0,,False,False,-1,-9.0,-9.0,7574,6.191502742841218,2.657262107831724,0.5696793,4.2285404,-1,-9.0,-9.0,-9.0,-9.0,-9.0,0.0,0.0,0.0,0.0,0.0,0.0,0.0,0.0,0,0,False,,M,True,school1,1,0,0,0,0,0,0,0,0,0,0,0,0,1198,0,0,0,0,1,2
468,32.0,1.0,1,1,3,1,13,13.0,False,0,True,False,True,611,1.3368511995672414,0.8703212022091746,9000,mngt_busi_scic_arts,False,True,24331,5.095536064196781,-6.218645583871874,-1,-9.0,-9.0,-9.0,0.0,24331,5.095536064196781,-6.218645583871874,25.26746,-9.0,44.984253,88.81557,0.0,0.0,0.0,0.0,0.0,0.0,0.0,0,0,True,No_Telecommute,N,True,,0,0,1,12,1,0,0,0,1,0,1,0,0,1200,1,0,1,50,1,2
468,0.0,6.0,2,4,1,8,0,0.0,True,1,False,False,False,611,0.5576087490700847,1.8858119621445533,0,,False,False,-1,-9.0,-9.0,6647,10.078072244907512,3.75901382279923,1.6877983,11.781073,-1,-9.0,-9.0,-9.0,-9.0,-9.0,0.0,0.0,0.0,0.0,0.0,0.0,0.0,0.0,0,0,False,,N,True,,0,0,1,6,1,0,1,0,0,0,0,0,0,1205,0,0,0,0,1,2
469,32.0,1.0,1,1,3,1,13,13.0,False,0,True,True,False,611,0.1731579907727511,0.9009609823114832,9000,mngt_busi_scic_arts,False,True,-1,-9.0,-9.0,-1,-9.0,-9.0,-9.0,0.0,14361,12.45379153074575,-1.5849144721633388,17.91929,6.0,40.88215,78.65561,0.0,0.264,42.232697,40.88215,0.0,0.0,1.3505478,0,0,False,No_Telecommute,M,True,work1,1,1,0,0,0,0,0,0,0,0,0,0,0,1206,1,0,1,50,1,2
469,30.0,2.0,2,3,3,4,13,41.0,False,0,False,False,False,611,0.9116342865684456,2.014427735638223,51,sales_office,False,False,-1,-9.0,-9.0,-1,-9.0,-9.0,-9.0,0.0,-1,-9.0,-9.0,-9.0,-9.0,-9.0,0.0,0.0,0.0,0.0,0.0,0.0,0.0,0.0,0,0,False,,N,True,,0,0,0,0,4,4,0,0,0,0,0,0,0,1207,0,0,0,0,1,1
469,13.0,3.0,2,4,1,7,0,0.0,True,2,False,False,False,611,1.7213802399050215,0.4790191358999535,0,,False,False,-1,-9.0,-9.0,16375,3.0370761421037886,-2.304496683290775,5.3888774,25.502777,-1,-9.0,-9.0,-9.0,-9.0,-9.0,0.0,0.0,0.0,0.0,0.0,0.0,0.0,0.0,0,0,False,,M,True,school1,1,0,0,0,0,0,0,0,0,0,0,0,0,1208,0,2,0,0,1,2
469,9.0,4.0,2,4,1,7,0,0.0,True,2,False,False,False,611,2.424874844341756,0.7114604307897214,0,,False,False,-1,-9.0,-9.0,11793,7.112716926050557,4.201905449538266,0.28483966,1.7762281,-1,-9.0,-9.0,-9.0,-9.0,-9.0,0.0,0.0,0.0,0.0,0.0,0.0,0.0,0.0,0,0,False,,M,True,school1,1,0,0,35,1,0,0,1,0,0,0,0,0,1209,0,2,0,0,1,2
470,32.0,1.0,1,1,3,1,13,13.0,False,0,True,True,False,611,0.4229073366273279,0.3324329694013415,9000,mngt_busi_scic_arts,False,True,-1,-9.0,-9.0,-1,-9.0,-9.0,-9.0,0.0,23849,11.984292132180633,-0.3573296451308034,1.3673198,6.0,4.4885025,9.349048,0.0,0.0,4.4885025,4.48571,0.0,0.0,0.0027923584,0,0,True,No_Telecommute,N,True,,0,0,0,6,5,4,1,0,0,0,0,0,0,1212,1,0,1,50,1,2
470,13.0,3.0,2,4,1,7,0,0.0,True,2,False,False,False,611,1.46293111236063,0.7411968144032491,0,,False,False,-1,-9.0,-9.0,16364,3.733722582427621,-1.4319494001061026,5.232635,24.759695,-1,-9.0,-9.0,-9.0,-9.0,-9.0,0.0,0.0,0.0,0.0,0.0,0.0,0.0,0.0,0,0,False,,M,True,school1,1,0,0,0,0,0,0,0,0,0,0,0,0,1214,0,2,0,0,1,2
470,9.0,4.0,2,4,1,7,0,0.0,True,2,False,False,False,611,0.9077297026538348,1.1078612488930752,0,,False,False,-1,-9.0,-9.0,19486,3.851419052348553,-3.975604383957681,20.329493,54.504013,-1,-9.0,-9.0,-9.0,-9.0,-9.0,0.0,0.0,0.0,0.0,0.0,0.0,0.0,0.0,0,0,False,,M,True,school1,1,0,0,0,0,0,0,0,0,0,0,0,0,1215,0,2,0,0,1,2
470,5.0,5.0,1,4,1,8,0,0.0,True,1,False,False,False,611,0.6983357916603845,1.7559700930860822,0,,False,False,-1,-9.0,-9.0,11592,10.38491936729566,3.9576801302776814,0.5696793,4.2285404,-1,-9.0,-9.0,-9.0,-9.0,-9.0,0.0,0.0,0.0,0.0,0.0,0.0,0.0,0.0,0,0,False,,N,True,,0,0,0,35,1,0,0,1,0,0,0,0,0,1216,0,0,0,0,1,2
470,0.0,6.0,2,4,1,8,0,0.0,True,1,False,False,False,611,0.958178553017652,1.7842407736754482,0,,False,False,-1,-9.0,-9.0,12535,7.506816260087337,2.661091034295603,1.2635157,8.090406,-1,-9.0,-9.0,-9.0,-9.0,-9.0,0.0,0.0,0.0,0.0,0.0,0.0,0.0,0.0,0,0,False,,N,True,,0,0,0,1,1,0,0,0,0,1,0,0,0,1217,0,0,0,0,1,2
471,30.0,2.0,2,3,3,4,13,41.0,False,0,False,False,False,611,0.6598673837067139,0.5803398076607874,51,sales_office,False,False,-1,-9.0,-9.0,-1,-9.0,-9.0,-9.0,0.0,-1,-9.0,-9.0,-9.0,-9.0,-9.0,0.0,0.0,0.0,0.0,0.0,0.0,0.0,0.0,0,0,False,,N,True,,0,0,0,36,6,4,0,1,0,1,0,0,0,1219,0,0,0,0,1,1
471,13.0,3.0,2,4,1,7,0,0.0,True,2,False,False,False,611,1.2309870109345682,0.4398698444862148,0,,False,False,-1,-9.0,-9.0,11793,7.11769797216725,4.416263086326567,0.28483966,1.7762281,-1,-9.0,-9.0,-9.0,-9.0,-9.0,0.0,0.0,0.0,0.0,0.0,0.0,0.0,0.0,0,0,False,,M,True,school1,1,0,0,0,0,0,0,0,0,0,0,0,0,1220,0,2,0,0,1,2
471,9.0,4.0,2,4,1,7,0,0.0,True,2,False,False,False,611,0.7190467103221334,0.3366436828290041,0,,False,False,-1,-9.0,-9.0,14116,1.4240772419491636,-4.545563126498975,38.241283,88.750946,-1,-9.0,-9.0,-9.0,-9.0,-9.0,0.0,0.0,0.0,0.0,0.0,0.0,0.0,0.0,0,0,False,,M,True,school1,1,0,0,0,0,0,0,0,0,0,0,0,0,1221,0,2,0,0,1,2
471,0.0,6.0,2,4,1,8,0,0.0,True,1,False,False,False,611,0.4034573679118919,1.4983175211636666,0,,False,False,-1,-9.0,-9.0,1450,10.426887230792165,4.372401905116512,1.1491834,8.765608,-1,-9.0,-9.0,-9.0,-9.0,-9.0,0.0,0.0,0.0,0.0,0.0,0.0,0.0,0.0,0,0,False,,M,True,school1,1,0,0,0,0,0,0,0,0,0,0,0,0,1223,0,0,0,0,1,2
472,61.0,1.0,1,3,2,3,13,15.0,True,4,False,False,False,611,0.6357060757597393,1.105957484857098,51,mngt_busi_scic_arts,False,False,-1,-9.0,-9.0,23114,7.1232342521782055,-1.4396845401914846,5.8822956,25.831776,-1,-9.0,-9.0,-9.0,-9.0,-9.0,0.0,0.0,0.0,0.0,0.0,0.0,0.0,0.0,0,0,False,,M,True,school2,2,0,0,0,0,0,0,0,0,0,0,0,0,1224,0,6,0,0,1,1
473,36.0,1.0,1,1,3,1,13,55.0,False,0,True,True,False,611,0.7490983199611508,0.8795685226047536,9000,military,False,True,-1,-9.0,-9.0,-1,-9.0,-9.0,-9.0,0.0,5878,10.525834482901596,-1.9057714560599148,10.160726,6.0,25.940084,57.171143,0.0,0.0,25.940084,25.940084,0.0,0.0,0.0,0,0,True,No_Telecommute,N,True,,0,0,0,89,2,2,0,0,0,0,0,0,0,1226,1,6,1,50,9,1
473,43.0,2.0,2,3,3,4,13,39.0,False,0,False,False,False,611,0.6046880338319015,1.913350464939783,81,services,False,False,-1,-9.0,-9.0,-1,-9.0,-9.0,-9.0,0.0,-1,-9.0,-9.0,-9.0,-9.0,-9.0,0.0,0.0,0.0,0.0,0.0,0.0,0.0,0.0,0,0,False,,N,True,,0,0,0,2,4,2,0,0,0,2,0,0,1,1227,0,0,0,0,8,2
473,15.0,4.0,1,4,1,7,0,0.0,True,3,False,False,False,611,0.4753498208522074,0.5146786346427419,0,,False,False,-1,-9.0,-9.0,7004,9.925676560123106,4.6985088609781895,1.1491834,8.765608,-1,-9.0,-9.0,-9.0,-9.0,-9.0,0.0,0.0,0.0,0.0,0.0,0.0,0.0,0.0,0,0,False,,M,True,school1,1,0,0,0,0,0,0,0,0,0,0,0,0,1229,0,5,0,0,8,2
473,12.0,5.0,2,4,1,7,0,0.0,True,2,False,False,False,611,0.7576979620199563,0.4639969317341829,0,,False,False,-1,-9.0,-9.0,16375,4.043013293104162,-1.224743188874704,5.3888774,25.502777,-1,-9.0,-9.0,-9.0,-9.0,-9.0,0.0,0.0,0.0,0.0,0.0,0.0,0.0,0.0,0,0,False,,M,True,school1,1,0,0,0,0,0,0,0,0,0,0,0,0,1230,0,2,0,0,8,2
474,36.0,1.0,1,1,3,1,13,55.0,False,0,True,True,False,611,0.1758755180488188,1.4529535848103818,9000,military,False,True,-1,-9.0,-9.0,-1,-9.0,-9.0,-9.0,0.0,1380,11.655016279958025,-1.0859423562185735,18.560831,6.0,48.143955,101.89465,0.0,0.0,48.143955,48.143955,0.0,0.0,0.0,0,0,False,1_day_week,N,True,,0,0,0,1,5,4,0,0,0,1,0,0,0,1231,1,6,1,50,9,1
474,43.0,2.0,2,3,3,4,13,39.0,False,0,False,False,False,611,0.3293291884591305,0.8112008347088281,81,services,False,False,-1,-9.0,-9.0,-1,-9.0,-9.0,-9.0,0.0,-1,-9.0,-9.0,-9.0,-9.0,-9.0,0.0,0.0,0.0,0.0,0.0,0.0,0.0,0.0,0,0,False,,N,True,,0,0,0,90,2,1,0,0,0,1,0,0,0,1232,0,0,0,0,8,2
474,4.0,3.0,1,4,1,8,0,0.0,True,1,False,False,False,611,1.614014069362426,0.7036052806521045,0,,False,False,-1,-9.0,-9.0,611,10.844967742001389,7.132641670745124,0.28483966,1.7762281,-1,-9.0,-9.0,-9.0,-9.0,-9.0,0.0,0.0,0.0,0.0,0.0,0.0,0.0,0.0,0,0,False,,N,True,,0,0,0,1,1,0,0,0,0,1,0,0,0,1233,0,0,0,0,9,2
474,15.0,4.0,1,4,1,7,0,0.0,True,3,False,False,False,611,1.7553181377273133,0.878934147604792,0,,False,False,-1,-9.0,-9.0,7004,9.883585133341528,4.005749582882043,1.1491834,8.765608,-1,-9.0,-9.0,-9.0,-9.0,-9.0,0.0,0.0,0.0,0.0,0.0,0.0,0.0,0.0,0,0,False,,M,True,school1,1,0,0,0,0,0,0,0,0,0,0,0,0,1234,0,5,0,0,8,2
474,12.0,5.0,2,4,1,7,0,0.0,True,2,False,False,False,611,1.6290966532814577,0.9170889114012846,0,,False,False,-1,-9.0,-9.0,11793,7.509946961475037,5.225020325768996,0.28483966,1.7762281,-1,-9.0,-9.0,-9.0,-9.0,-9.0,0.0,0.0,0.0,0.0,0.0,0.0,0.0,0.0,0,0,False,,M,True,school1,1,0,0,0,0,0,0,0,0,0,0,0,0,1235,0,2,0,0,8,2
475,36.0,1.0,1,1,3,1,13,55.0,False,0,True,True,False,611,1.436285154947463,1.7354244144181314,9000,military,False,True,-1,-9.0,-9.0,-1,-9.0,-9.0,-9.0,0.0,5878,9.837711317651072,-3.402457733401908,10.160726,6.0,25.940084,57.171143,0.0,0.0,25.940084,25.940084,0.0,0.0,0.0,0,0,True,No_Telecommute,N,True,,0,0,0,156,4,4,0,0,0,0,0,0,0,1236,1,6,1,50,9,1
475,43.0,2.0,2,3,3,4,13,39.0,False,0,False,False,False,611,0.4566375712146102,0.6207878638713773,81,services,False,False,-1,-9.0,-9.0,-1,-9.0,-9.0,-9.0,0.0,-1,-9.0,-9.0,-9.0,-9.0,-9.0,0.0,0.0,0.0,0.0,0.0,0.0,0.0,0.0,0,1,False,,N,True,,0,0,1,12,3,2,0,1,1,0,0,1,0,1237,0,0,0,0,8,2
475,15.0,4.0,1,4,1,7,0,0.0,True,3,False,False,False,611,2.3982716335555905,0.7310589900275005,0,,False,False,-1,-9.0,-9.0,16014,9.74416040042576,0.6089365218959324,4.9775586,17.317127,-1,-9.0,-9.0,-9.0,-9.0,-9.0,0.0,0.0,0.0,0.0,0.0,0.0,0.0,0.0,0,0,False,,M,True,school1,1,0,1,0,0,0,0,0,0,0,0,0,0,1239,0,5,0,0,8,2
475,12.0,5.0,2,4,1,7,0,0.0,True,2,False,False,False,611,1.4939788765730595,0.7291159605407298,0,,False,False,-1,-9.0,-9.0,11793,7.406232623897353,5.230392415697718,0.28483966,1.7762281,-1,-9.0,-9.0,-9.0,-9.0,-9.0,0.0,0.0,0.0,0.0,0.0,0.0,0.0,0.0,0,0,False,,M,True,school1,1,0,1,0,0,0,0,0,0,0,0,0,0,1240,0,2,0,0,8,2
476,26.0,1.0,2,3,3,4,13,43.0,False,0,False,False,False,611,1.9436255671982905,0.7017588405774904,44,sales_office,False,False,-1,-9.0,-9.0,-1,-9.0,-9.0,-9.0,0.0,-1,-9.0,-9.0,-9.0,-9.0,-9.0,0.0,0.0,0.0,0.0,0.0,0.0,0.0,0.0,0,0,False,,N,True,,0,0,1,0,2,2,0,1,0,0,0,0,0,1241,0,0,0,0,1,2
476,26.0,2.0,1,1,3,1,13,33.0,False,0,True,True,False,611,0.8355432688163549,2.5506762693346503,23,services,False,True,-1,-9.0,-9.0,-1,-9.0,-9.0,-9.0,0.0,19095,11.526495787188772,-2.7255576398733825,9.586684,6.0,23.550049,43.830147,0.0,0.0,23.550049,23.037918,0.0,0.0,0.51213074,0,0,True,No_Telecommute,N,True,,0,0,0,12,3,2,0,0,1,0,0,0,0,1242,0,0,1,55,1,2
476,6.0,3.0,2,4,1,7,0,0.0,True,2,False,False,False,611,0.7273973105717368,1.206320223318537,0,,False,False,-1,-9.0,-9.0,11793,7.443388712044059,5.332451380967137,0.28483966,1.7762281,-1,-9.0,-9.0,-9.0,-9.0,-9.0,0.0,0.0,0.0,0.0,0.0,0.0,0.0,0.0,0,0,False,,M,True,school1,1,0,1,0,0,0,0,0,0,0,0,0,0,1243,0,2,0,0,1,2
476,1.0,5.0,2,4,1,8,0,0.0,True,1,False,False,False,611,0.6226576277808227,1.0420861168024405,0,,False,False,-1,-9.0,-9.0,16268,10.430545199578846,-1.1329837837350754,6.696359,29.452038,-1,-9.0,-9.0,-9.0,-9.0,-9.0,0.0,0.0,0.0,0.0,0.0,0.0,0.0,0.0,0,0,False,,M,True,school1,1,0,1,0,0,0,0,0,0,0,0,0,0,1245,0,0,0,0,1,2
477,26.0,2.0,1,1,3,1,13,33.0,False,0,True,True,False,611,0.8749657649258743,1.3837673689546557,23,services,False,True,-1,-9.0,-9.0,-1,-9.0,-9.0,-9.0,0.0,24068,11.29979708519201,-5.9287531721026046,27.857035,3.0,54.445988,107.26036,0.0,5.577,55.438572,54.445988,0.0,0.0,0.9925842,0,0,True,No_Telecommute,M,True,work1,1,1,0,6,1,0,1,0,0,0,0,0,0,1247,0,0,1,55,1,2
478,82.0,1.0,2,3,3,5,13,0.0,False,0,False,False,False,611,1.0644734958950195,1.0366109914209596,0,,False,False,-1,-9.0,-9.0,-1,-9.0,-9.0,-9.0,0.0,-1,-9.0,-9.0,-9.0,-9.0,-9.0,0.0,0.0,0.0,0.0,0.0,0.0,0.0,0.0,0,1,False,,N,True,,0,0,1,0,0,0,0,0,1,0,0,0,0,1251,0,0,0,0,6,1
479,52.0,1.0,1,3,3,4,13,0.0,False,0,False,False,False,611,0.4541526460451037,0.6310727631485846,0,,False,False,-1,-9.0,-9.0,-1,-9.0,-9.0,-9.0,0.0,-1,-9.0,-9.0,-9.0,-9.0,-9.0,0.0,0.0,0.0,0.0,0.0,0.0,0.0,0.0,0,0,False,,N,True,,0,0,0,41,2,0,1,1,0,0,0,0,0,1253,0,0,0,0,1,2
480,35.0,1.0,1,1,3,1,13,47.0,False,0,True,True,False,611,1.2498483303319785,0.8030420148002161,23,constr_maint,False,True,-1,-9.0,-9.0,-1,-9.0,-9.0,-9.0,0.0,6705,9.211168715499555,-1.6527540582686295,2.0509603,6.0,7.039244,14.3157215,0.0,0.0,7.039244,7.036453,0.0,0.0,0.0027914047,0,0,True,1_day_week,M,True,work1,1,1,0,24,4,2,0,0,2,0,0,1,0,1254,0,0,1,40,1,2
480,29.0,2.0,2,3,3,4,13,0.0,False,0,False,False,False,611,0.7208277220407845,0.3954190092047132,0,,False,False,-1,-9.0,-9.0,-1,-9.0,-9.0,-9.0,0.0,-1,-9.0,-9.0,-9.0,-9.0,-9.0,0.0,0.0,0.0,0.0,0.0,0.0,0.0,0.0,0,0,False,,N,True,,0,0,0,35,3,2,0,1,0,0,0,0,0,1255,0,0,0,0,1,2
480,10.0,3.0,1,4,1,7,0,0.0,True,2,False,False,False,611,1.291063599780245,1.124244010322089,0,,False,False,-1,-9.0,-9.0,19291,6.782578294275482,-2.8327878612099227,14.328638,38.52475,-1,-9.0,-9.0,-9.0,-9.0,-9.0,0.0,0.0,0.0,0.0,0.0,0.0,0.0,0.0,0,0,False,,M,True,school1,1,0,0,0,0,0,0,0,0,0,0,0,0,1256,0,2,0,0,1,2
480,6.0,4.0,1,4,1,7,0,0.0,True,2,False,False,False,611,0.753231510395577,0.316871209087775,0,,False,False,-1,-9.0,-9.0,16784,2.8424588319425577,-1.1323716874135905,12.213539,47.98956,-1,-9.0,-9.0,-9.0,-9.0,-9.0,0.0,0.0,0.0,0.0,0.0,0.0,0.0,0.0,0,0,False,,M,True,school1,1,0,0,89,1,1,0,0,0,0,0,0,0,1257,0,2,0,0,1,2
481,53.0,1.0,1,3,3,4,13,13.0,False,0,False,False,False,611,0.9560589975806872,0.547670577774166,53,mngt_busi_scic_arts,False,False,-1,-9.0,-9.0,-1,-9.0,-9.0,-9.0,0.0,-1,-9.0,-9.0,-9.0,-9.0,-9.0,0.0,0.0,0.0,0.0,0.0,0.0,0.0,0.0,0,0,False,,N,True,,0,0,0,156,2,2,0,0,0,0,0,0,0,1259,0,0,6,40,8,2
482,53.0,1.0,1,3,3,4,13,13.0,False,0,False,False,False,611,0.2967613177220081,1.188115017508569,53,mngt_busi_scic_arts,False,False,-1,-9.0,-9.0,-1,-9.0,-9.0,-9.0,0.0,-1,-9.0,-9.0,-9.0,-9.0,-9.0,0.0,0.0,0.0,0.0,0.0,0.0,0.0,0.0,0,0,False,,N,True,,0,0,0,42,3,0,1,1,0,1,0,0,0,1260,0,0,6,40,8,2
483,64.0,2.0,2,3,3,4,13,0.0,False,0,False,False,False,611,0.7406856482807408,0.2451019362932593,0,,False,False,-1,-9.0,-9.0,-1,-9.0,-9.0,-9.0,0.0,-1,-9.0,-9.0,-9.0,-9.0,-9.0,0.0,0.0,0.0,0.0,0.0,0.0,0.0,0.0,0,0,False,,N,True,,0,0,0,1,1,0,0,0,0,1,0,0,0,1262,0,0,0,0,6,1
484,75.0,1.0,1,3,3,5,13,0.0,False,0,False,False,False,611,0.2639244480573643,1.27737191712779,0,,False,False,-1,-9.0,-9.0,-1,-9.0,-9.0,-9.0,0.0,-1,-9.0,-9.0,-9.0,-9.0,-9.0,0.0,0.0,0.0,0.0,0.0,0.0,0.0,0.0,0,0,False,,N,True,,0,0,0,12,1,0,0,0,1,0,0,0,0,1263,0,0,0,0,1,1
484,20.0,2.0,1,3,2,3,9,99.0,True,4,False,False,False,611,0.6710486284430025,0.4470239765817286,99,,False,False,-1,-9.0,-9.0,5313,7.319825171775077,2.7025854938979594,0.9583259,7.123227,-1,-9.0,-9.0,-9.0,-9.0,-9.0,0.0,0.0,0.0,0.0,0.0,0.0,0.0,0.0,0,0,False,,M,True,school1,1,0,0,1,1,0,0,0,0,1,0,0,0,1264,0,6,0,0,1,1
485,72.0,1.0,2,3,3,5,13,0.0,False,0,False,False,False,611,1.153339638459112,0.3975611192265281,0,,False,False,-1,-9.0,-9.0,-1,-9.0,-9.0,-9.0,0.0,-1,-9.0,-9.0,-9.0,-9.0,-9.0,0.0,0.0,0.0,0.0,0.0,0.0,0.0,0.0,0,0,False,,N,True,,0,0,0,36,2,0,0,1,0,1,0,0,0,1265,0,0,0,0,1,2
485,41.0,2.0,2,3,3,4,13,0.0,False,0,False,False,False,611,2.0615192632416397,1.2479772458537182,0,,False,False,-1,-9.0,-9.0,-1,-9.0,-9.0,-9.0,0.0,-1,-9.0,-9.0,-9.0,-9.0,-9.0,0.0,0.0,0.0,0.0,0.0,0.0,0.0,0.0,0,0,False,,N,True,,0,0,0,14,3,0,0,0,1,2,0,0,1,1266,0,0,0,0,1,2
486,40.0,2.0,2,3,3,4,13,29.0,False,0,False,False,False,611,1.1447340949583389,0.4016975230909028,62,health,False,False,-1,-9.0,-9.0,-1,-9.0,-9.0,-9.0,0.0,-1,-9.0,-9.0,-9.0,-9.0,-9.0,0.0,0.0,0.0,0.0,0.0,0.0,0.0,0.0,0,0,False,,N,True,,0,0,0,6,1,0,1,0,0,0,0,0,0,1269,0,0,0,0,6,1
486,4.0,3.0,2,4,1,8,0,0.0,True,1,False,False,False,611,0.9260065640827106,1.325854439399173,0,,False,False,-1,-9.0,-9.0,1450,9.55094786333344,1.6456529766955743,1.1491834,8.765608,-1,-9.0,-9.0,-9.0,-9.0,-9.0,0.0,0.0,0.0,0.0,0.0,0.0,0.0,0.0,0,0,False,,N,True,,0,0,0,2,2,0,0,0,0,2,0,0,1,1270,0,0,0,0,9,2
486,0.0,4.0,2,4,1,8,0,0.0,True,1,False,False,False,611,0.23354235382771,0.9675283854560658,0,,False,False,-1,-9.0,-9.0,18874,8.884055335636418,0.2353300856883095,8.070729,24.369778,-1,-9.0,-9.0,-9.0,-9.0,-9.0,0.0,0.0,0.0,0.0,0.0,0.0,0.0,0.0,0,0,False,,N,True,,0,0,0,156,2,2,0,0,0,0,0,0,0,1271,0,0,0,0,9,2
487,32.0,1.0,1,1,3,1,13,29.0,False,0,True,True,False,611,1.0292574499118587,1.909977033880131,62,health,False,True,-1,-9.0,-9.0,-1,-9.0,-9.0,-9.0,0.0,15891,10.730019728181038,-3.908235920281917,11.914599,6.0,24.591621,49.70656,0.0,0.0,24.591621,24.591621,0.0,0.0,0.0,0,0,True,2_3_days_week,N,True,,0,0,0,12,1,0,0,0,1,0,0,0,0,1272,0,6,1,40,1,2
487,21.0,3.0,2,1,3,1,9,35.0,False,0,True,True,False,611,0.4010796872349202,0.692225875219652,722,services,False,True,-1,-9.0,-9.0,-1,-9.0,-9.0,-9.0,0.0,17094,11.515571730863387,-2.025716126416833,18.119461,7.0,40.27815,79.67038,0.0,0.0,40.27815,40.27815,0.0,0.0,0.0,0,0,True,2_3_days_week,N,True,,0,0,0,36,2,0,0,1,0,1,0,0,0,1274,0,6,1,40,1,2
488,32.0,1.0,1,1,3,1,13,29.0,False,0,True,True,False,611,0.8985506482339227,0.3222810270837999,62,health,False,True,-1,-9.0,-9.0,-1,-9.0,-9.0,-9.0,0.0,16337,10.445496965237542,-2.6219715237513657,7.0615335,6.0,15.516914,29.104452,0.0,0.0,15.516914,15.516914,0.0,0.0,0.0,0,1,False,No_Telecommute,M,True,work1,1,1,0,0,0,0,0,0,0,0,0,0,0,1275,0,6,1,40,1,2
488,22.0,2.0,1,3,2,3,13,47.0,True,4,False,False,False,611,0.4778417579390181,0.3764937401263922,23,constr_maint,False,False,-1,-9.0,-9.0,19370,5.6229333098137575,-1.6151762900911728,15.309061,38.96555,-1,-9.0,-9.0,-9.0,-9.0,-9.0,0.0,0.0,0.0,0.0,0.0,0.0,0.0,0.0,0,1,False,,M,True,school1,1,0,0,0,0,0,0,0,0,0,0,0,0,1276,0,6,5,25,1,2
488,21.0,3.0,2,1,3,1,9,35.0,False,0,True,True,False,611,1.2768030001662447,2.011946063796993,722,services,False,True,-1,-9.0,-9.0,-1,-9.0,-9.0,-9.0,0.0,16364,10.546239024571909,-2.9273397479528844,5.232635,6.0,14.0296135,28.158142,0.0,0.0,14.0296135,14.026823,0.0,0.0,0.002790451,0,0,True,No_Telecommute,N,True,,0,0,0,101,2,1,0,0,1,0,0,0,0,1277,0,6,1,40,1,2
489,24.0,1.0,1,2,2,3,13,27.0,True,4,True,True,False,611,4.605483267034071,0.3135093649269546,61,mngt_busi_scic_arts,False,True,-1,-9.0,-9.0,23114,5.409715625806391,-8.647576435699776,5.8822956,25.831776,18862,8.894593293409361,-8.475588476514979,10.444787,6.0,27.066044,51.990135,0.0,0.0,27.22213,26.72874,0.0,0.0,0.49338913,0,0,True,No_Telecommute,N,True,,0,0,0,12,1,0,0,0,1,0,0,0,0,1278,0,6,1,20,1,2
489,33.0,2.0,2,1,3,1,13,15.0,False,0,True,False,False,611,0.9794031432939324,2.6719416996097034,33,mngt_busi_scic_arts,True,False,-1,-9.0,-9.0,-1,-9.0,-9.0,-9.0,0.0,-1,-9.0,-9.0,-9.0,-9.0,-9.0,0.0,0.0,0.0,0.0,0.0,0.0,0.0,0.0,0,0,False,,N,True,,0,0,0,13,4,2,0,0,1,1,0,0,0,1279,0,6,1,40,1,2
489,11.0,3.0,2,4,1,7,0,0.0,True,2,False,False,False,611,1.0530720065719374,0.8159484110418949,0,,False,False,-1,-9.0,-9.0,5878,4.083878746538232,-0.8978732438855974,10.160726,39.04635,-1,-9.0,-9.0,-9.0,-9.0,-9.0,0.0,0.0,0.0,0.0,0.0,0.0,0.0,0.0,0,0,False,,M,True,school1,1,0,0,0,0,0,0,0,0,0,0,0,0,1280,0,2,0,0,1,2
489,3.0,4.0,1,4,1,8,0,0.0,True,1,False,False,False,611,0.4505217070860057,1.0331197325463928,0,,False,False,-1,-9.0,-9.0,3218,7.401309565836746,3.3564074617115365,2.2384782,11.484369,-1,-9.0,-9.0,-9.0,-9.0,-9.0,0.0,0.0,0.0,0.0,0.0,0.0,0.0,0.0,0,0,False,,N,True,,0,0,0,101,2,1,0,0,1,0,0,0,0,1281,0,0,0,0,1,2
489,2.0,5.0,1,4,1,8,0,0.0,True,1,False,False,False,611,0.1689155871733065,2.174769347566595,0,,False,False,-1,-9.0,-9.0,6643,8.365500344438418,4.366109886505642,3.1340919,16.213259,-1,-9.0,-9.0,-9.0,-9.0,-9.0,0.0,0.0,0.0,0.0,0.0,0.0,0.0,0.0,0,0,False,,M,True,school1,1,0,0,0,0,0,0,0,0,0,0,0,0,1282,0,0,0,0,1,2
490,24.0,1.0,1,2,2,3,13,27.0,True,4,True,True,False,611,1.8241691906176825,1.173935420059388,61,mngt_busi_scic_arts,False,True,-1,-9.0,-9.0,19370,4.488201056407696,-6.150790519046136,15.309061,38.96555,19554,9.883461039482896,-7.317417165821971,14.505398,7.0,28.119526,55.289555,0.0,0.0,33.984165,28.119526,0.0,0.0,5.8646393,0,0,True,No_Telecommute,N,True,,0,0,0,156,7,7,0,0,0,0,0,0,0,1283,0,6,1,20,1,2
490,33.0,2.0,2,1,3,1,13,15.0,False,0,True,True,False,611,0.3885531317522729,1.0186463102006602,33,mngt_busi_scic_arts,False,True,-1,-9.0,-9.0,-1,-9.0,-9.0,-9.0,0.0,20544,12.090185287769735,-1.9656557118797584,20.31394,7.0,36.91719,72.61757,0.0,0.0,36.91719,36.91719,0.0,0.0,0.0,0,0,True,No_Telecommute,M,True,work1,1,1,0,0,0,0,0,0,0,0,0,0,0,1284,0,6,1,40,1,2
490,11.0,3.0,2,4,1,7,0,0.0,True,2,False,False,False,611,1.6367606246104225,1.05453280313007,0,,False,False,-1,-9.0,-9.0,7296,7.511722307397456,0.8931964607557896,2.621958,13.468897,-1,-9.0,-9.0,-9.0,-9.0,-9.0,0.0,0.0,0.0,0.0,0.0,0.0,0.0,0.0,0,0,False,,M,True,school1,1,0,0,1,1,0,0,0,0,1,0,0,0,1285,0,2,0,0,1,2
490,3.0,4.0,1,4,1,8,0,0.0,True,1,False,False,False,611,0.9223948491835394,1.5367519101479494,0,,False,False,-1,-9.0,-9.0,2792,7.3197090901258175,3.519005483485018,1.8834925,11.730011,-1,-9.0,-9.0,-9.0,-9.0,-9.0,0.0,0.0,0.0,0.0,0.0,0.0,0.0,0.0,0,0,False,,M,True,school1,1,0,0,0,0,0,0,0,0,0,0,0,0,1286,0,0,0,0,1,2
490,2.0,5.0,1,4,1,8,0,0.0,True,1,False,False,False,611,0.6109431826420316,0.7574921844366269,0,,False,False,-1,-9.0,-9.0,23867,8.801186045790528,1.1353579226132746,3.3519266,18.866247,-1,-9.0,-9.0,-9.0,-9.0,-9.0,0.0,0.0,0.0,0.0,0.0,0.0,0.0,0.0,0,0,False,,M,True,school1,1,0,0,0,0,0,0,0,0,0,0,0,0,1287,0,0,0,0,1,2
491,29.0,1.0,1,1,3,1,13,49.0,False,0,True,True,False,611,0.61987499514434,0.4418315613914807,81,constr_maint,False,True,-1,-9.0,-9.0,-1,-9.0,-9.0,-9.0,0.0,20561,10.945962129536593,-3.403552217681713,20.629128,7.0,38.04023,74.67792,0.0,0.0,38.04023,37.825657,0.0,0.0,0.2145729,0,0,True,No_Telecommute,N,True,,0,0,1,89,1,1,0,1,0,0,0,0,0,1288,0,0,1,45,1,2
491,29.0,2.0,2,2,3,2,13,29.0,False,0,True,True,False,611,0.5768637537863835,0.8177270020269577,62,health,False,True,-1,-9.0,-9.0,-1,-9.0,-9.0,-9.0,0.0,19730,9.87094155029674,-2.221644787997864,15.302346,7.0,29.81345,58.274734,0.0,0.0,29.81345,29.81345,0.0,0.0,0.0,0,0,True,No_Telecommute,M,True,work1,1,1,0,0,0,0,0,0,0,0,0,0,0,1289,0,0,1,32,1,2
491,1.0,4.0,1,4,1,8,0,0.0,True,1,False,False,False,611,0.7143554514857163,1.7772240366307412,0,,False,False,-1,-9.0,-9.0,23881,10.5215241342876,2.246187537453995,2.31495,12.271715,-1,-9.0,-9.0,-9.0,-9.0,-9.0,0.0,0.0,0.0,0.0,0.0,0.0,0.0,0.0,0,0,False,,M,True,school1,1,0,1,0,0,0,0,0,0,0,0,0,0,1291,0,0,0,0,1,2
492,37.0,1.0,2,1,3,1,13,13.0,False,0,True,True,False,611,1.7181601596830764,0.8494469367425675,52,mngt_busi_scic_arts,False,True,-1,-9.0,-9.0,-1,-9.0,-9.0,-9.0,0.0,13129,9.726379882459112,-2.162260801853036,2.4413342,6.0,7.511966,14.021694,0.0,0.0,7.511966,7.422975,0.0,0.0,0.088991165,1,0,False,No_Telecommute,M,True,work1,1,1,0,89,1,1,0,0,0,0,0,0,0,1292,0,0,1,35,1,1
492,37.0,2.0,1,2,3,2,13,11.0,False,0,True,True,False,611,0.3243679676186047,0.8012199715042924,23,mngt_busi_scic_arts,False,True,-1,-9.0,-9.0,-1,-9.0,-9.0,-9.0,0.0,4681,10.81222314626125,-2.8320570366299846,26.88114,3.0,56.605537,113.813644,0.0,0.0,56.605537,56.605537,0.0,0.0,0.0,0,0,False,No_Telecommute,M,True,work1,1,1,0,0,0,0,0,0,0,0,0,0,0,1293,0,0,1,30,1,2
492,10.0,3.0,2,4,1,7,0,0.0,True,2,False,False,False,611,0.2064065841676752,1.7013586928102546,0,,False,False,-1,-9.0,-9.0,16377,7.428941536887105,0.4062973832001951,5.3888774,25.502777,-1,-9.0,-9.0,-9.0,-9.0,-9.0,0.0,0.0,0.0,0.0,0.0,0.0,0.0,0.0,0,0,False,,M,True,school1,1,0,0,0,0,0,0,0,0,0,0,0,0,1294,0,2,0,0,1,2
492,7.0,4.0,1,4,1,7,0,0.0,True,2,False,False,False,611,0.4949825751443407,0.6003143524341215,0,,False,False,-1,-9.0,-9.0,17365,2.048737681162589,-1.1571462432099695,25.463448,82.85257,-1,-9.0,-9.0,-9.0,-9.0,-9.0,0.0,0.0,0.0,0.0,0.0,0.0,0.0,0.0,0,0,False,,M,True,school1,1,0,0,0,0,0,0,0,0,0,0,0,0,1295,0,2,0,0,1,2
492,1.0,5.0,1,4,1,8,0,0.0,True,1,False,False,False,611,0.9807687519353926,2.078857701636548,0,,False,False,-1,-9.0,-9.0,11181,9.366716352814676,0.7518974304715614,1.8839699,9.257265,-1,-9.0,-9.0,-9.0,-9.0,-9.0,0.0,0.0,0.0,0.0,0.0,0.0,0.0,0.0,0,0,False,,M,True,school1,1,0,0,0,0,0,0,0,0,0,0,0,0,1296,0,0,0,0,1,2
493,52.0,1.0,1,1,3,1,13,49.0,False,0,True,True,False,611,0.8134900494364524,0.5698394097978794,81,constr_maint,False,True,-1,-9.0,-9.0,-1,-9.0,-9.0,-9.0,0.0,7951,10.371874312099118,-0.983565366400791,2.2384782,6.0,5.9907975,12.0937195,0.0,0.0,5.9907975,5.9907975,0.0,0.0,0.0,0,0,True,1_day_week,M,True,work1,1,1,0,0,0,0,0,0,0,0,0,0,0,1297,0,0,1,40,1,2
493,45.0,2.0,2,1,3,1,13,51.0,False,0,True,True,False,611,0.8409744591973136,1.0797299058288718,33,prod_trans_move,False,True,-1,-9.0,-9.0,-1,-9.0,-9.0,-9.0,0.0,14372,11.062559201584085,-4.299358402309576,17.442945,6.0,40.60395,78.00313,0.0,0.0,41.9545,40.60395,0.0,0.0,1.3505478,0,0,False,No_Telecommute,M,True,work1,1,1,0,0,0,0,0,0,0,0,0,0,0,1298,0,0,5,40,1,2
493,18.0,3.0,2,3,3,4,9,51.0,False,0,False,False,False,611,0.6738818613751539,1.2072307273842522,56,prod_trans_move,False,False,-1,-9.0,-9.0,-1,-9.0,-9.0,-9.0,0.0,-1,-9.0,-9.0,-9.0,-9.0,-9.0,0.0,0.0,0.0,0.0,0.0,0.0,0.0,0.0,0,0,False,,N,True,,0,0,0,6,1,0,1,0,0,0,0,0,0,1299,0,0,6,40,1,2
494,54.0,1.0,2,3,3,4,13,0.0,False,0,False,False,False,611,1.6769542019792714,1.0317935346647105,0,,False,False,-1,-9.0,-9.0,-1,-9.0,-9.0,-9.0,0.0,-1,-9.0,-9.0,-9.0,-9.0,-9.0,0.0,0.0,0.0,0.0,0.0,0.0,0.0,0.0,0,0,False,,N,True,,0,0,0,12,1,0,0,0,1,0,0,0,0,1300,0,0,0,0,2,1
494,56.0,2.0,2,3,3,4,13,41.0,False,0,False,False,False,611,0.3047466489123822,1.314586675755957,45,sales_office,False,False,-1,-9.0,-9.0,-1,-9.0,-9.0,-9.0,0.0,-1,-9.0,-9.0,-9.0,-9.0,-9.0,0.0,0.0,0.0,0.0,0.0,0.0,0.0,0.0,0,1,False,,N,True,,0,0,0,89,1,1,0,0,0,0,0,0,0,1301,0,0,5,40,2,1
495,21.0,1.0,2,1,3,1,9,41.0,False,0,True,True,False,611,0.2253374912053588,0.4725578257682274,722,sales_office,False,True,-1,-9.0,-9.0,-1,-9.0,-9.0,-9.0,0.0,13459,12.853115362130668,3.358271744103892,2.4768963,6.0,7.6243434,15.136304,0.0,0.0,7.6243434,7.621552,0.0,0.0,0.0027914047,0,1,False,No_Telecommute,M,True,work1,1,1,0,0,0,0,0,0,0,0,0,0,0,1302,0,6,1,35,8,2
495,19.0,2.0,1,1,3,1,9,55.0,False,0,True,True,False,611,0.2268148592232359,1.6328652895031637,9000,military,False,True,-1,-9.0,-9.0,-1,-9.0,-9.0,-9.0,0.0,5878,11.553519959530078,-0.7724518714358185,10.160726,6.0,25.940084,57.171143,0.0,0.0,25.940084,25.940084,0.0,0.0,0.0,0,1,False,No_Telecommute,M,True,work1,1,1,0,0,0,0,0,0,0,0,0,0,0,1303,1,0,1,55,6,1
495,20.0,3.0,1,1,3,1,9,35.0,False,0,True,True,False,611,0.7175416307653512,0.9412928141011636,722,services,False,True,-1,-9.0,-9.0,-1,-9.0,-9.0,-9.0,0.0,6607,11.801330084523332,-2.784725225189474,17.435404,6.0,40.21364,76.811844,0.0,0.0,41.564186,40.21364,0.0,0.0,1.3505478,0,1,False,No_Telecommute,M,True,work1,1,1,0,0,0,0,0,0,0,0,0,0,0,1304,0,0,1,35,8,2
496,46.0,1.0,2,2,2,3,13,27.0,True,4,True,True,False,611,0.3397265802870834,0.7187054700265297,61,mngt_busi_scic_arts,False,True,-1,-9.0,-9.0,23114,7.210525140958672,-0.7470354434780992,5.8822956,25.831776,15797,12.335164169097588,-1.821261195466758,13.437785,6.0,28.059837,56.86049,0.0,0.0,28.059837,28.059837,0.0,0.0,0.0,0,0,False,No_Telecommute,M,True,work1,1,1,0,0,0,0,0,0,0,0,0,0,0,1305,0,6,3,30,3,2
496,48.0,2.0,1,3,2,3,13,51.0,True,4,False,False,False,611,0.683599657859115,1.6720329101374476,33,prod_trans_move,False,False,-1,-9.0,-9.0,23114,7.153522264076315,-1.536260309836185,5.8822956,25.831776,-1,-9.0,-9.0,-9.0,-9.0,-9.0,0.0,0.0,0.0,0.0,0.0,0.0,0.0,0.0,0,0,False,,M,True,school2,2,0,0,0,0,0,0,0,0,0,0,0,0,1306,0,6,0,0,3,2
496,21.0,3.0,1,2,2,3,9,53.0,True,4,True,True,False,611,0.6980666942477601,1.5427271593470002,44,prod_trans_move,False,True,-1,-9.0,-9.0,23114,7.271858412505489,-1.5685429272791531,5.8822956,25.831776,18861,11.471639815767643,-3.069957580903318,11.934251,6.0,32.048992,61.298004,0.0,0.0,32.205074,31.687645,0.0,0.0,0.51742935,0,0,True,No_Telecommute,N,True,,0,0,0,35,1,0,0,1,0,0,0,0,0,1307,0,6,1,30,3,2
497,79.0,1.0,2,3,3,5,13,0.0,False,0,False,False,False,611,2.027035200645873,0.4960610866850694,0,,False,False,-1,-9.0,-9.0,-1,-9.0,-9.0,-9.0,0.0,-1,-9.0,-9.0,-9.0,-9.0,-9.0,0.0,0.0,0.0,0.0,0.0,0.0,0.0,0.0,0,0,False,,N,True,,0,0,0,12,1,0,0,0,1,0,0,0,0,1308,0,0,0,0,9,2
498,59.0,1.0,2,3,3,4,13,35.0,False,0,False,False,False,611,3.1836443955079243,0.9125077402146748,722,services,False,False,-1,-9.0,-9.0,-1,-9.0,-9.0,-9.0,0.0,-1,-9.0,-9.0,-9.0,-9.0,-9.0,0.0,0.0,0.0,0.0,0.0,0.0,0.0,0.0,0,0,False,,N,True,,0,0,1,0,0,0,0,0,1,0,0,0,0,1310,0,0,1,14,6,1
498,36.0,2.0,2,3,2,3,13,31.0,True,4,False,False,False,611,0.468869351710568,1.5836666807316315,62,health,False,False,-1,-9.0,-9.0,19370,5.529847809986837,-2.003434079356836,15.309061,38.96555,-1,-9.0,-9.0,-9.0,-9.0,-9.0,0.0,0.0,0.0,0.0,0.0,0.0,0.0,0.0,0,0,False,,N,True,,0,0,1,95,2,1,1,0,0,0,0,0,0,1311,0,6,0,0,9,1
499,33.0,1.0,1,3,3,4,13,0.0,False,0,False,False,False,611,1.0536180149046954,1.4561776893882212,0,,False,False,-1,-9.0,-9.0,-1,-9.0,-9.0,-9.0,0.0,-1,-9.0,-9.0,-9.0,-9.0,-9.0,0.0,0.0,0.0,0.0,0.0,0.0,0.0,0.0,0,1,False,,N,True,,0,0,0,12,1,0,0,0,1,0,0,0,0,1312,0,0,0,0,8,2
500,51.0,1.0,1,3,3,4,13,0.0,False,0,False,False,False,611,0.8521791961594529,1.0118811535661778,0,,False,False,-1,-9.0,-9.0,-1,-9.0,-9.0,-9.0,0.0,-1,-9.0,-9.0,-9.0,-9.0,-9.0,0.0,0.0,0.0,0.0,0.0,0.0,0.0,0.0,0,0,False,,N,True,,0,0,0,12,1,0,0,0,1,0,0,0,0,1313,0,0,0,0,1,1
501,50.0,2.0,2,3,3,4,13,0.0,False,0,False,False,False,611,0.4613847533740634,0.7458982361779004,0,,False,False,-1,-9.0,-9.0,-1,-9.0,-9.0,-9.0,0.0,-1,-9.0,-9.0,-9.0,-9.0,-9.0,0.0,0.0,0.0,0.0,0.0,0.0,0.0,0.0,0,0,False,,N,True,,0,0,0,24,2,0,0,0,2,0,0,1,0,1315,0,0,0,0,9,2
501,22.0,3.0,1,1,3,1,13,43.0,False,0,True,True,False,611,0.513224230655776,1.1577837306558063,44,sales_office,False,True,-1,-9.0,-9.0,-1,-9.0,-9.0,-9.0,0.0,18412,12.203461950521731,-1.971058668351377,10.369976,7.0,26.354986,53.106434,0.0,0.0,26.354986,26.352192,0.0,0.0,0.0027942657,0,0,False,No_Telecommute,M,True,work2,2,2,0,0,0,0,0,0,0,0,0,0,0,1316,0,6,1,40,9,2
502,49.0,1.0,1,1,3,1,13,37.0,False,0,True,True,False,611,0.8459118118894038,0.1664996491709431,62,services,False,True,-1,-9.0,-9.0,-1,-9.0,-9.0,-9.0,0.0,18315,11.217649467282504,-2.551026222896715,8.699379,6.0,22.30193,44.1257,0.0,0.0,22.30193,22.299135,0.0,0.0,0.0027942657,0,0,True,2_3_days_week,N,True,,0,0,1,1,3,2,0,0,0,2,0,0,1,1317,0,0,1,40,9,2
502,35.0,2.0,2,3,3,4,13,0.0,False,0,False,False,False,611,0.6449147244901497,4.647123030847997,0,,False,False,-1,-9.0,-9.0,-1,-9.0,-9.0,-9.0,0.0,-1,-9.0,-9.0,-9.0,-9.0,-9.0,0.0,0.0,0.0,0.0,0.0,0.0,0.0,0.0,0,0,False,,N,True,,0,0,2,0,2,2,0,0,1,0,0,0,0,1318,0,0,0,0,9,2
502,9.0,3.0,1,4,1,7,0,0.0,True,2,False,False,False,611,0.406968846642224,0.6984880893178073,0,,False,False,-1,-9.0,-9.0,11793,7.872032047103172,6.1197799456048365,0.28483966,1.7762281,-1,-9.0,-9.0,-9.0,-9.0,-9.0,0.0,0.0,0.0,0.0,0.0,0.0,0.0,0.0,0,0,False,,M,True,school1,1,0,1,0,0,0,0,0,0,0,0,0,0,1319,0,2,0,0,9,2
502,7.0,4.0,1,4,1,7,0,0.0,True,2,False,False,False,611,0.5311628053384352,1.123893137198253,0,,False,False,-1,-9.0,-9.0,16364,4.292747888021546,0.3368921328770446,5.232635,24.759695,-1,-9.0,-9.0,-9.0,-9.0,-9.0,0.0,0.0,0.0,0.0,0.0,0.0,0.0,0.0,0,0,False,,M,True,school1,1,0,0,0,0,0,0,0,0,0,0,0,0,1320,0,2,0,0,9,2
502,13.0,5.0,2,4,1,7,0,0.0,True,2,False,False,False,611,0.865301182063443,3.112178218301763,0,,False,False,-1,-9.0,-9.0,11793,7.1582577310954685,4.461914744446018,0.28483966,1.7762281,-1,-9.0,-9.0,-9.0,-9.0,-9.0,0.0,0.0,0.0,0.0,0.0,0.0,0.0,0.0,0,0,False,,M,True,school1,1,0,1,0,0,0,0,0,0,0,0,0,0,1321,0,2,0,0,9,2
502,13.0,6.0,1,4,1,7,0,0.0,True,2,False,False,False,611,1.1137817526558542,0.7780514909592019,0,,False,False,-1,-9.0,-9.0,11793,7.734695874777915,6.098469761952906,0.28483966,1.7762281,-1,-9.0,-9.0,-9.0,-9.0,-9.0,0.0,0.0,0.0,0.0,0.0,0.0,0.0,0.0,0,0,False,,M,True,school1,1,0,1,0,0,0,0,0,0,0,0,0,0,1322,0,2,0,0,9,2
503,64.0,1.0,1,3,3,4,13,41.0,False,0,False,False,False,611,0.4841440882019026,0.5829192029897116,52,sales_office,False,False,-1,-9.0,-9.0,-1,-9.0,-9.0,-9.0,0.0,-1,-9.0,-9.0,-9.0,-9.0,-9.0,0.0,0.0,0.0,0.0,0.0,0.0,0.0,0.0,0,0,False,,N,True,,0,0,0,156,3,3,0,0,0,0,0,0,0,1323,0,0,6,16,1,1
504,64.0,1.0,1,3,3,4,13,41.0,False,0,False,False,False,611,0.8785744858455138,0.4273104651809757,52,sales_office,False,False,-1,-9.0,-9.0,-1,-9.0,-9.0,-9.0,0.0,-1,-9.0,-9.0,-9.0,-9.0,-9.0,0.0,0.0,0.0,0.0,0.0,0.0,0.0,0.0,0,0,False,,N,True,,0,0,1,35,1,0,1,1,0,0,0,0,0,1325,0,0,6,16,1,1
506,64.0,1.0,1,3,3,4,13,41.0,False,0,False,False,False,611,1.4237617881302465,0.7937986226980766,52,sales_office,False,False,-1,-9.0,-9.0,-1,-9.0,-9.0,-9.0,0.0,-1,-9.0,-9.0,-9.0,-9.0,-9.0,0.0,0.0,0.0,0.0,0.0,0.0,0.0,0.0,0,0,False,,N,True,,0,0,0,1,1,0,0,0,0,1,0,0,0,1329,0,0,6,16,1,1
507,87.0,2.0,2,3,3,5,13,0.0,False,0,False,False,False,611,0.3453008354331712,1.0097070337698313,0,,False,False,-1,-9.0,-9.0,-1,-9.0,-9.0,-9.0,0.0,-1,-9.0,-9.0,-9.0,-9.0,-9.0,0.0,0.0,0.0,0.0,0.0,0.0,0.0,0.0,0,0,False,,N,True,,0,0,0,1,1,0,0,0,0,1,0,0,0,1332,0,0,0,0,9,2
507,57.0,3.0,1,3,3,4,13,51.0,False,0,False,False,False,611,1.297140377806295,0.5107659922877704,3000,prod_trans_move,False,False,-1,-9.0,-9.0,-1,-9.0,-9.0,-9.0,0.0,-1,-9.0,-9.0,-9.0,-9.0,-9.0,0.0,0.0,0.0,0.0,0.0,0.0,0.0,0.0,0,1,False,,N,True,,0,0,0,1,1,0,0,0,0,1,0,0,0,1333,0,0,0,0,9,2
509,29.0,1.0,1,1,3,1,13,55.0,False,0,True,False,False,611,0.4239878307455668,0.6697644280863115,9000,military,True,False,-1,-9.0,-9.0,-1,-9.0,-9.0,-9.0,0.0,-1,-9.0,-9.0,-9.0,-9.0,-9.0,0.0,0.0,0.0,0.0,0.0,0.0,0.0,0.0,0,0,False,,N,True,,0,0,0,89,1,1,0,0,0,0,0,0,0,1337,1,0,1,50,9,2
509,30.0,2.0,2,2,3,2,13,35.0,False,0,True,False,True,611,0.9450315824861276,0.3878011703493386,722,services,False,True,24331,5.166337453296848,-4.631343281839924,-1,-9.0,-9.0,-9.0,0.0,24331,5.166337453296848,-4.631343281839924,25.26746,-9.0,44.984253,88.81557,0.0,0.0,0.0,0.0,0.0,0.0,0.0,0,0,False,No_Telecommute,N,True,,0,0,1,0,2,2,0,1,0,0,0,0,0,1338,0,0,6,24,1,1
509,14.0,3.0,2,4,1,7,0,0.0,True,2,False,False,False,611,0.6890133705097744,0.5944210985419137,0,,False,False,-1,-9.0,-9.0,11793,7.379791632840183,4.7908524030832815,0.28483966,1.7762281,-1,-9.0,-9.0,-9.0,-9.0,-9.0,0.0,0.0,0.0,0.0,0.0,0.0,0.0,0.0,0,0,False,,M,True,school1,1,0,0,0,0,0,0,0,0,0,0,0,0,1339,0,2,0,0,9,2
510,74.0,1.0,1,3,3,5,13,0.0,False,0,False,False,False,611,2.4691343382371054,1.2299231688159449,0,,False,False,-1,-9.0,-9.0,-1,-9.0,-9.0,-9.0,0.0,-1,-9.0,-9.0,-9.0,-9.0,-9.0,0.0,0.0,0.0,0.0,0.0,0.0,0.0,0.0,0,0,False,,N,True,,0,0,0,2,2,0,0,0,0,2,0,0,1,1343,0,0,0,0,1,1
511,28.0,1.0,2,1,3,1,13,21.0,False,0,True,True,False,611,1.3029883777656397,1.4949099722586705,92,mngt_busi_scic_arts,False,True,-1,-9.0,-9.0,-1,-9.0,-9.0,-9.0,0.0,16313,10.32958052191794,-2.7010878995895284,5.748497,6.0,14.196302,28.922522,0.0,0.0,14.196302,14.193512,0.0,0.0,0.002790451,0,0,True,No_Telecommute,M,True,work1,1,1,0,0,1,1,0,0,0,0,0,0,0,1345,0,0,1,56,8,2
511,29.0,2.0,1,1,3,1,13,47.0,False,0,True,True,False,611,0.3915346468004232,0.7851891896796116,42,constr_maint,False,True,-1,-9.0,-9.0,-1,-9.0,-9.0,-9.0,0.0,17844,11.17592133329816,-3.149828992345077,34.232224,7.0,59.875114,117.44261,0.0,0.0,66.30602,59.713947,0.0,0.0,6.5920753,0,0,True,2_3_days_week,N,True,,0,0,0,12,4,3,0,0,1,0,0,0,0,1346,0,0,1,40,8,2
511,8.0,3.0,2,4,1,7,0,0.0,True,2,False,False,False,611,0.5401143346451462,0.6430951307136303,0,,False,False,-1,-9.0,-9.0,11793,7.741207067471272,5.395010794980553,0.28483966,1.7762281,-1,-9.0,-9.0,-9.0,-9.0,-9.0,0.0,0.0,0.0,0.0,0.0,0.0,0.0,0.0,0,0,False,,M,True,school1,1,0,0,0,0,0,0,0,0,0,0,0,0,1347,0,2,0,0,8,2
511,3.0,4.0,1,4,1,8,0,0.0,True,1,False,False,False,611,0.7439942767969161,0.2797983767502762,0,,False,False,-1,-9.0,-9.0,629,10.985159738493577,7.129791355254474,0.28483966,1.7762281,-1,-9.0,-9.0,-9.0,-9.0,-9.0,0.0,0.0,0.0,0.0,0.0,0.0,0.0,0.0,0,0,False,,M,True,school2,2,0,0,0,0,0,0,0,0,0,0,0,0,1348,0,0,0,0,8,2
511,2.0,5.0,2,4,1,8,0,0.0,True,1,False,False,False,611,1.3694867280171912,0.3807565964676299,0,,False,False,-1,-9.0,-9.0,6342,6.415799900635143,0.2020438551980225,3.049832,14.4477005,-1,-9.0,-9.0,-9.0,-9.0,-9.0,0.0,0.0,0.0,0.0,0.0,0.0,0.0,0.0,0,0,False,,M,True,school1,1,0,0,89,1,1,0,0,0,0,0,0,0,1349,0,0,0,0,8,2
512,19.0,3.0,1,1,3,1,9,49.0,False,0,True,True,False,611,0.2993573519134415,0.6917507157273948,23,constr_maint,False,True,-1,-9.0,-9.0,-1,-9.0,-9.0,-9.0,0.0,7926,11.19287120837584,-4.255691731776727,37.376236,3.0,65.70335,128.76662,0.0,0.0,65.70335,63.139786,0.0,0.0,2.5635605,0,0,False,No_Telecommute,M,True,work1,1,1,0,0,0,0,0,0,0,0,0,0,0,1352,0,0,1,35,8,2
513,45.0,1.0,1,3,2,3,13,39.0,True,4,False,False,False,611,1.1143576779302506,0.6274259223072876,71,services,False,False,-1,-9.0,-9.0,23114,6.8079157631625336,-2.681170012289153,5.8822956,25.831776,-1,-9.0,-9.0,-9.0,-9.0,-9.0,0.0,0.0,0.0,0.0,0.0,0.0,0.0,0.0,0,0,False,,N,True,,0,0,0,12,1,0,0,0,1,0,0,0,0,1353,0,6,3,40,1,1
514,42.0,2.0,1,1,3,1,13,53.0,False,0,True,True,False,611,0.7295910904309986,0.5912889280160676,4000,prod_trans_move,False,True,-1,-9.0,-9.0,-1,-9.0,-9.0,-9.0,0.0,23239,11.041054339568303,-2.044813896790113,7.017938,6.0,16.55811,33.867485,0.0,0.0,16.55811,16.55811,0.0,0.0,0.0,0,0,False,4_days_week,M,True,work1,1,1,0,0,0,0,0,0,0,0,0,0,0,1355,0,0,1,40,8,2
514,17.0,3.0,2,3,1,6,0,0.0,True,3,False,False,False,611,1.5683851703449896,0.8966914988022953,0,,False,False,-1,-9.0,-9.0,5374,9.147712234302722,-5.176899728971654,28.42925,63.36212,-1,-9.0,-9.0,-9.0,-9.0,-9.0,0.0,0.0,0.0,0.0,0.0,0.0,0.0,0.0,0,0,False,,M,True,school1,1,0,0,0,0,0,0,0,0,0,0,0,0,1356,0,5,0,0,9,2
514,16.0,4.0,1,3,1,6,0,0.0,True,3,False,False,False,611,0.8340850888502936,3.862910168975688,0,,False,False,-1,-9.0,-9.0,7004,9.336123121413909,1.6664541050390398,1.1491834,8.765608,-1,-9.0,-9.0,-9.0,-9.0,-9.0,0.0,0.0,0.0,0.0,0.0,0.0,0.0,0.0,0,0,False,,M,True,school1,1,0,0,1,1,0,0,0,0,1,0,0,0,1357,0,5,0,0,9,2
514,13.0,5.0,1,4,1,7,0,0.0,True,2,False,False,False,611,1.086975513497651,0.9857420031216024,0,,False,False,-1,-9.0,-9.0,5878,4.073711972856537,-1.4090023041399016,10.160726,39.04635,-1,-9.0,-9.0,-9.0,-9.0,-9.0,0.0,0.0,0.0,0.0,0.0,0.0,0.0,0.0,0,0,False,,M,True,school1,1,0,0,0,0,0,0,0,0,0,0,0,0,1358,0,2,0,0,9,2
515,52.0,1.0,2,2,3,2,13,43.0,False,0,True,True,False,611,0.4986096619562266,0.8240665908589737,52,sales_office,False,True,-1,-9.0,-9.0,-1,-9.0,-9.0,-9.0,0.0,1676,10.181094458503518,-0.3029484089568223,0.63340235,6.0,2.1921117,4.5887914,0.0,0.0,2.1921117,2.1921117,0.0,0.0,0.0,0,0,True,4_days_week,M,True,work2,2,2,0,0,1,1,0,0,0,0,0,0,0,1359,0,0,1,25,6,1
515,15.0,2.0,1,4,1,7,0,0.0,True,3,False,False,False,611,1.5611199885823843,1.4436884389355715,0,,False,False,-1,-9.0,-9.0,7004,9.400328506350592,3.0441051281315445,1.1491834,8.765608,-1,-9.0,-9.0,-9.0,-9.0,-9.0,0.0,0.0,0.0,0.0,0.0,0.0,0.0,0.0,0,0,False,,M,True,school1,1,0,0,12,1,0,0,0,1,0,0,0,0,1360,0,5,0,0,6,1
515,13.0,3.0,1,4,1,7,0,0.0,True,2,False,False,False,611,1.2605724007974586,0.8266082044341966,0,,False,False,-1,-9.0,-9.0,11793,7.776991597736274,6.099700826199266,0.28483966,1.7762281,-1,-9.0,-9.0,-9.0,-9.0,-9.0,0.0,0.0,0.0,0.0,0.0,0.0,0.0,0.0,0,0,False,,M,True,school1,1,0,0,89,1,1,0,0,0,0,0,0,0,1361,0,2,0,0,6,1
516,20.0,2.0,2,3,3,4,9,41.0,False,0,False,False,False,611,2.298038577798707,1.376909960805636,44,sales_office,False,False,-1,-9.0,-9.0,-1,-9.0,-9.0,-9.0,0.0,-1,-9.0,-9.0,-9.0,-9.0,-9.0,0.0,0.0,0.0,0.0,0.0,0.0,0.0,0.0,0,0,False,,N,True,,0,0,0,1,1,0,0,0,0,1,0,0,0,1363,0,0,0,0,9,2
516,22.0,3.0,1,3,3,4,13,45.0,False,0,False,False,False,611,0.6797586666131695,2.074747543942702,42,constr_maint,False,False,-1,-9.0,-9.0,-1,-9.0,-9.0,-9.0,0.0,-1,-9.0,-9.0,-9.0,-9.0,-9.0,0.0,0.0,0.0,0.0,0.0,0.0,0.0,0.0,0,0,False,,N,True,,0,0,0,89,1,1,0,0,0,0,0,0,0,1364,0,0,5,40,9,2
517,21.0,1.0,1,1,3,1,9,55.0,False,0,True,True,False,611,0.5529028256479124,0.8320371086461418,9000,military,False,True,-1,-9.0,-9.0,-1,-9.0,-9.0,-9.0,0.0,5878,10.629413731175244,-2.136874921019737,10.160726,6.0,25.940084,57.171143,0.0,0.0,25.940084,25.940084,0.0,0.0,0.0,0,1,True,No_Telecommute,N,True,,0,0,1,0,0,0,0,0,1,0,0,0,0,1365,1,0,1,42,9,2
519,21.0,1.0,1,1,3,1,9,55.0,False,0,True,True,False,611,0.6796970817633903,2.335016878831394,9000,military,False,True,-1,-9.0,-9.0,-1,-9.0,-9.0,-9.0,0.0,1380,10.121640928466226,-3.657333589471085,18.560831,6.0,48.143955,101.89465,0.0,0.0,48.143955,48.143955,0.0,0.0,0.0,0,0,False,1_day_week,M,True,work1,1,1,0,0,0,0,0,0,0,0,0,0,0,1371,1,0,1,42,9,2
519,20.0,2.0,2,3,3,4,9,41.0,False,0,False,False,False,611,0.7424879102938787,0.3080263484412244,44,sales_office,False,False,-1,-9.0,-9.0,-1,-9.0,-9.0,-9.0,0.0,-1,-9.0,-9.0,-9.0,-9.0,-9.0,0.0,0.0,0.0,0.0,0.0,0.0,0.0,0.0,0,0,False,,N,True,,0,0,0,6,1,0,1,0,0,0,0,0,0,1372,0,0,0,0,9,2
520,21.0,1.0,1,1,3,1,9,55.0,False,0,True,True,False,611,1.1012126823475947,0.4597323808976178,9000,military,False,True,-1,-9.0,-9.0,-1,-9.0,-9.0,-9.0,0.0,1380,9.854862505632564,-4.914487390250532,18.560831,6.0,48.143955,101.89465,0.0,0.0,48.143955,48.143955,0.0,0.0,0.0,0,0,False,No_Telecommute,M,True,work1,1,1,0,0,0,0,0,0,0,0,0,0,0,1374,1,0,1,42,9,2
520,20.0,2.0,2,3,3,4,9,41.0,False,0,False,False,False,611,0.7644719872262846,0.4003457443322082,44,sales_office,False,False,-1,-9.0,-9.0,-1,-9.0,-9.0,-9.0,0.0,-1,-9.0,-9.0,-9.0,-9.0,-9.0,0.0,0.0,0.0,0.0,0.0,0.0,0.0,0.0,0,0,False,,N,True,,0,0,0,1,1,0,0,0,0,1,0,0,0,1375,0,0,0,0,9,2
520,22.0,3.0,1,3,3,4,13,45.0,False,0,False,False,False,611,1.1102426611026863,0.8790078740586085,42,constr_maint,False,False,-1,-9.0,-9.0,-1,-9.0,-9.0,-9.0,0.0,-1,-9.0,-9.0,-9.0,-9.0,-9.0,0.0,0.0,0.0,0.0,0.0,0.0,0.0,0.0,0,0,False,,N,True,,0,0,0,12,1,0,0,0,1,0,0,0,0,1376,0,0,5,40,9,2
521,46.0,1.0,2,3,3,4,13,0.0,False,0,False,False,False,614,0.9579048417865093,0.3309083147504529,0,,False,False,-1,-9.0,-9.0,-1,-9.0,-9.0,-9.0,0.0,-1,-9.0,-9.0,-9.0,-9.0,-9.0,0.0,0.0,0.0,0.0,0.0,0.0,0.0,0.0,0,1,False,,N,True,,0,0,1,6,1,0,1,0,0,0,1,0,0,1377,0,0,0,0,1,1
521,44.0,2.0,1,1,3,1,13,19.0,False,0,True,True,False,614,1.1208731828009868,1.3181828548310706,62,mngt_busi_scic_arts,False,True,-1,-9.0,-9.0,-1,-9.0,-9.0,-9.0,0.0,23069,10.929487554009594,-3.966863927862684,10.253042,6.0,24.449715,48.78092,0.0,0.0,27.496244,23.847855,0.0,0.0,3.6483898,0,0,True,No_Telecommute,N,True,,0,0,1,1,1,0,0,0,0,1,0,0,0,1378,0,0,1,48,1,1
522,74.0,1.0,2,3,3,5,13,0.0,False,0,False,False,False,614,0.3517919316680296,0.5491563605855724,0,,False,False,-1,-9.0,-9.0,-1,-9.0,-9.0,-9.0,0.0,-1,-9.0,-9.0,-9.0,-9.0,-9.0,0.0,0.0,0.0,0.0,0.0,0.0,0.0,0.0,0,0,False,,N,True,,0,0,0,1,1,0,0,0,0,1,0,0,0,1379,0,0,0,0,1,2
524,44.0,1.0,2,1,3,1,13,41.0,False,0,True,True,False,614,0.5366868101355013,0.9166298066105082,44,sales_office,False,True,-1,-9.0,-9.0,-1,-9.0,-9.0,-9.0,0.0,10514,11.802043048886492,-2.968694534481389,22.929863,3.0,48.368656,94.83511,0.0,0.0,48.368656,47.766785,0.0,0.0,0.6018715,0,1,True,No_Telecommute,N,True,,0,0,1,7,2,0,2,0,0,1,0,0,0,1381,0,0,1,50,8,2
524,46.0,2.0,1,1,3,1,13,53.0,False,0,True,True,False,614,0.1777913607368146,1.8982054734179703,92,prod_trans_move,False,True,-1,-9.0,-9.0,-1,-9.0,-9.0,-9.0,0.0,15937,12.873125780625369,-0.8464442828604679,13.0618925,6.0,29.15318,58.85392,0.0,0.0,29.15318,28.55132,0.0,0.0,0.60186005,0,0,False,No_Telecommute,M,True,work1,1,1,1,0,0,0,0,0,0,0,0,0,0,1382,0,6,1,40,8,2
525,33.0,1.0,1,1,3,1,13,51.0,False,0,True,True,False,614,1.4545749510750845,0.9166724297014494,32,prod_trans_move,False,True,-1,-9.0,-9.0,-1,-9.0,-9.0,-9.0,0.0,18398,10.02026990457327,-4.245160204923806,6.8549857,7.0,20.231194,37.53981,0.0,0.0,20.231194,20.231194,0.0,0.0,0.0,0,0,True,No_Telecommute,M,True,work1,1,1,0,0,0,0,0,0,0,0,0,0,0,1383,0,0,1,40,1,2
525,29.0,2.0,2,2,3,2,13,31.0,False,0,True,True,False,614,0.4483777645987996,0.2764237249510704,62,health,False,True,-1,-9.0,-9.0,-1,-9.0,-9.0,-9.0,0.0,6315,9.97983746920459,-0.3183559263525812,2.9041362,6.0,8.139535,17.0676,0.0,0.0,8.403418,8.139535,0.0,0.0,0.26388264,0,0,False,No_Telecommute,M,True,work2,2,2,0,89,1,1,0,0,0,0,0,0,0,1384,0,0,6,9,1,2
525,14.0,3.0,1,4,1,7,0,0.0,True,2,False,False,False,614,0.835914566376437,2.106328816037883,0,,False,False,-1,-9.0,-9.0,7204,6.345861850434002,0.6757032444646248,1.5588796,9.419096,-1,-9.0,-9.0,-9.0,-9.0,-9.0,0.0,0.0,0.0,0.0,0.0,0.0,0.0,0.0,0,0,False,,M,True,school1,1,0,0,0,0,0,0,0,0,0,0,0,0,1385,0,2,0,0,1,2
525,9.0,4.0,1,4,1,7,0,0.0,True,2,False,False,False,614,0.5707123749685205,0.7369353434064115,0,,False,False,-1,-9.0,-9.0,18706,4.344547161452122,-2.007620677884773,9.807646,41.852238,-1,-9.0,-9.0,-9.0,-9.0,-9.0,0.0,0.0,0.0,0.0,0.0,0.0,0.0,0.0,0,0,False,,M,True,school1,1,0,0,0,0,0,0,0,0,0,0,0,0,1386,0,2,0,0,1,2
525,7.0,5.0,1,4,1,7,0,0.0,True,2,False,False,False,614,1.1158772007800335,0.5606895940459486,0,,False,False,-1,-9.0,-9.0,7204,6.065006886770517,-0.4156589043684673,1.5588796,9.419096,-1,-9.0,-9.0,-9.0,-9.0,-9.0,0.0,0.0,0.0,0.0,0.0,0.0,0.0,0.0,0,0,False,,M,True,school1,1,0,0,0,0,0,0,0,0,0,0,0,0,1387,0,2,0,0,1,2
525,6.0,6.0,1,4,1,7,0,0.0,True,2,False,False,False,614,3.686848057662772,0.8910926277507507,0,,False,False,-1,-9.0,-9.0,16377,3.453698421026957,-2.4867353394638148,3.6540282,15.60989,-1,-9.0,-9.0,-9.0,-9.0,-9.0,0.0,0.0,0.0,0.0,0.0,0.0,0.0,0.0,0,0,False,,M,True,school1,1,0,0,0,0,0,0,0,0,0,0,0,0,1388,0,2,0,0,1,2
525,60.0,8.0,2,3,3,4,13,27.0,False,0,False,False,False,614,0.4372639989843513,0.6817836507696954,45,mngt_busi_scic_arts,False,False,-1,-9.0,-9.0,-1,-9.0,-9.0,-9.0,0.0,-1,-9.0,-9.0,-9.0,-9.0,-9.0,0.0,0.0,0.0,0.0,0.0,0.0,0.0,0.0,0,0,False,,N,True,,0,0,0,35,6,5,0,1,0,0,0,0,0,1390,0,0,6,40,1,2
526,66.0,1.0,2,2,3,2,13,53.0,False,0,True,False,False,614,0.3357284101489095,0.3384482376332791,44,prod_trans_move,True,False,-1,-9.0,-9.0,-1,-9.0,-9.0,-9.0,0.0,-1,-9.0,-9.0,-9.0,-9.0,-9.0,0.0,0.0,0.0,0.0,0.0,0.0,0.0,0.0,0,0,False,,N,True,,0,0,0,24,2,0,0,0,2,0,0,1,0,1391,0,0,1,20,2,1
526,46.0,2.0,2,3,3,4,13,0.0,False,0,False,False,False,614,0.7181860505205925,1.072867105189458,0,,False,False,-1,-9.0,-9.0,-1,-9.0,-9.0,-9.0,0.0,-1,-9.0,-9.0,-9.0,-9.0,-9.0,0.0,0.0,0.0,0.0,0.0,0.0,0.0,0.0,0,0,False,,N,True,,0,0,0,1,1,0,0,0,0,1,0,0,0,1392,0,0,0,0,1,1
526,44.0,3.0,2,3,3,4,13,99.0,False,0,False,False,False,614,0.8190539945172696,4.385551361225261,99,,False,False,-1,-9.0,-9.0,-1,-9.0,-9.0,-9.0,0.0,-1,-9.0,-9.0,-9.0,-9.0,-9.0,0.0,0.0,0.0,0.0,0.0,0.0,0.0,0.0,0,0,False,,N,True,,0,0,0,35,1,0,0,1,0,0,0,0,0,1393,0,0,0,0,1,1
527,89.0,1.0,2,3,3,5,13,0.0,False,0,False,False,False,614,0.5708498478488568,0.746841733989004,0,,False,False,-1,-9.0,-9.0,-1,-9.0,-9.0,-9.0,0.0,-1,-9.0,-9.0,-9.0,-9.0,-9.0,0.0,0.0,0.0,0.0,0.0,0.0,0.0,0.0,0,0,False,,N,True,,0,0,0,3,1,0,0,0,0,0,1,0,0,1394,0,0,0,0,1,1
528,73.0,1.0,2,3,3,5,13,0.0,False,0,False,False,False,614,0.8708356956138266,0.2685782389789103,0,,False,False,-1,-9.0,-9.0,-1,-9.0,-9.0,-9.0,0.0,-1,-9.0,-9.0,-9.0,-9.0,-9.0,0.0,0.0,0.0,0.0,0.0,0.0,0.0,0.0,0,0,False,,N,True,,0,0,0,156,2,2,0,0,0,0,0,0,0,1395,0,0,0,0,1,1
528,53.0,2.0,2,1,3,1,13,29.0,False,0,True,True,False,614,0.2584551176889015,1.0871439441907405,62,health,False,True,-1,-9.0,-9.0,-1,-9.0,-9.0,-9.0,0.0,23047,11.397526377731843,-1.0203656249064836,7.665832,6.0,24.239233,48.739395,0.0,6.956,24.239233,24.239233,0.0,0.0,0.0,0,0,False,No_Telecommute,M,True,work1,1,1,0,0,0,0,0,0,0,0,0,0,0,1396,0,0,1,45,1,1
528,50.0,3.0,2,1,3,1,13,31.0,False,0,True,True,False,614,0.7445979477353344,0.7216615418627286,81,health,False,True,-1,-9.0,-9.0,-1,-9.0,-9.0,-9.0,0.0,19064,10.815478864306902,-1.948501499318412,7.2490196,6.0,17.834848,36.25383,0.0,0.0,17.834848,16.148602,0.0,0.0,1.6862469,0,0,True,No_Telecommute,M,True,work1,1,1,0,0,0,0,0,0,0,0,0,0,0,1397,0,0,1,45,1,1
529,36.0,1.0,1,3,3,4,13,49.0,False,0,False,False,False,614,0.227543824206395,0.6391636749623462,81,constr_maint,False,False,-1,-9.0,-9.0,-1,-9.0,-9.0,-9.0,0.0,-1,-9.0,-9.0,-9.0,-9.0,-9.0,0.0,0.0,0.0,0.0,0.0,0.0,0.0,0.0,0,0,False,,N,True,,0,0,0,69,3,0,0,2,0,0,1,1,0,1398,0,0,0,0,1,2
529,31.0,2.0,2,1,3,1,13,43.0,False,0,True,True,False,614,0.8702301151448796,1.1178949701270735,23,sales_office,False,True,-1,-9.0,-9.0,-1,-9.0,-9.0,-9.0,0.0,13127,11.000408262182225,-0.5132579103590087,0.8883534,6.0,3.0943582,6.452878,0.0,0.0,3.0943582,3.0943582,0.0,0.0,0.0,0,0,True,4_days_week,M,True,work1,1,1,0,0,0,0,0,0,0,0,0,0,0,1399,0,0,1,40,1,1
530,33.0,1.0,2,2,2,3,13,41.0,True,4,True,True,False,614,1.604391418827634,1.04974783500624,53,sales_office,False,True,-1,-9.0,-9.0,23114,6.933225429671217,-2.4473662597083776,3.9317698,18.435081,18394,9.915159175554532,-4.883501868831424,7.6299243,7.0,19.357624,40.217712,0.0,0.0,20.8078,19.357624,0.0,0.0,1.4501762,0,0,False,No_Telecommute,N,True,,0,0,1,0,0,0,1,0,0,0,0,0,0,1400,0,6,4,30,1,2
530,38.0,2.0,1,3,3,4,13,41.0,False,0,False,False,False,614,1.1829895985194,0.7634854876489658,53,sales_office,False,False,-1,-9.0,-9.0,-1,-9.0,-9.0,-9.0,0.0,-1,-9.0,-9.0,-9.0,-9.0,-9.0,0.0,0.0,0.0,0.0,0.0,0.0,0.0,0.0,0,1,False,,N,True,,0,0,1,18,2,0,1,0,1,0,0,0,0,1401,0,0,4,40,2,1
531,71.0,1.0,1,3,3,5,13,0.0,False,0,False,False,False,614,0.468940426454834,0.5835457987797745,0,,False,False,-1,-9.0,-9.0,-1,-9.0,-9.0,-9.0,0.0,-1,-9.0,-9.0,-9.0,-9.0,-9.0,0.0,0.0,0.0,0.0,0.0,0.0,0.0,0.0,0,0,False,,N,True,,0,0,1,0,0,0,0,0,1,0,0,0,0,1402,0,0,0,0,1,2
531,37.0,3.0,2,1,3,1,13,43.0,False,0,True,True,False,614,0.6349729305165528,0.9734060128624036,33,sales_office,False,True,-1,-9.0,-9.0,-1,-9.0,-9.0,-9.0,0.0,18868,11.359042554961562,-2.519925611538248,10.352992,6.0,31.086126,62.12361,0.0,0.0,31.547785,31.086126,0.0,0.0,0.46165848,0,0,False,No_Telecommute,N,True,,0,0,1,24,2,0,0,0,2,0,0,1,0,1404,0,0,4,40,1,2
532,65.0,1.0,1,1,3,1,13,33.0,False,0,True,True,False,614,1.728311861847045,0.7022756714035874,62,services,False,True,-1,-9.0,-9.0,-1,-9.0,-9.0,-9.0,0.0,23934,9.817602789848657,-2.885619818243649,3.1440558,6.0,7.7451863,15.84388,0.0,0.0,7.7451863,7.7451863,0.0,0.0,0.0,0,0,False,No_Telecommute,M,True,work2,2,2,0,0,0,0,0,0,0,0,0,0,0,1405,0,0,1,40,2,1
532,35.0,3.0,2,3,3,4,13,27.0,False,0,False,False,False,614,1.3775649624233317,2.0403782348961257,71,mngt_busi_scic_arts,False,False,-1,-9.0,-9.0,-1,-9.0,-9.0,-9.0,0.0,-1,-9.0,-9.0,-9.0,-9.0,-9.0,0.0,0.0,0.0,0.0,0.0,0.0,0.0,0.0,0,0,False,,N,True,,0,0,0,35,1,0,0,1,0,0,0,0,0,1407,0,0,4,40,2,1
533,30.0,1.0,2,1,3,1,13,43.0,False,0,True,True,False,614,0.6798147557815368,2.087936002453773,33,sales_office,False,True,-1,-9.0,-9.0,-1,-9.0,-9.0,-9.0,0.0,19716,11.26826277269866,-3.3797321922372707,12.312033,7.0,36.566174,71.10916,0.0,0.0,36.566174,36.48172,0.0,0.0,0.08445358,0,0,False,No_Telecommute,N,True,,0,0,0,6,1,0,1,0,0,0,0,0,0,1408,0,0,1,40,9,2
534,43.0,1.0,2,3,3,4,13,0.0,False,0,False,False,False,614,1.051936834951996,0.4499246193455701,0,,False,False,-1,-9.0,-9.0,-1,-9.0,-9.0,-9.0,0.0,-1,-9.0,-9.0,-9.0,-9.0,-9.0,0.0,0.0,0.0,0.0,0.0,0.0,0.0,0.0,0,0,False,,N,True,,0,0,0,24,2,0,0,0,2,0,0,1,0,1409,0,0,0,0,1,2
535,61.0,2.0,1,3,3,4,13,41.0,False,0,False,False,False,614,1.2422284639128427,0.9375193315378,45,sales_office,False,False,-1,-9.0,-9.0,-1,-9.0,-9.0,-9.0,0.0,-1,-9.0,-9.0,-9.0,-9.0,-9.0,0.0,0.0,0.0,0.0,0.0,0.0,0.0,0.0,0,0,False,,N,True,,0,0,0,12,1,0,0,0,1,0,0,0,0,1411,0,0,0,0,2,1
536,38.0,1.0,1,1,3,1,13,55.0,False,0,True,True,False,614,1.1326557256693883,1.005084097417403,9000,military,False,True,-1,-9.0,-9.0,-1,-9.0,-9.0,-9.0,0.0,5878,9.838184700601447,-3.165721554900947,11.366224,6.0,28.099182,62.783916,0.0,0.0,28.099182,28.099182,0.0,0.0,0.0,0,0,True,No_Telecommute,M,True,work1,1,1,0,156,2,2,0,0,0,0,0,0,0,1412,1,0,1,60,1,1
536,41.0,2.0,2,3,3,4,13,0.0,False,0,False,False,False,614,1.5827623481964486,0.7516490379965273,0,,False,False,-1,-9.0,-9.0,-1,-9.0,-9.0,-9.0,0.0,-1,-9.0,-9.0,-9.0,-9.0,-9.0,0.0,0.0,0.0,0.0,0.0,0.0,0.0,0.0,0,0,False,,N,True,,0,0,0,12,5,4,0,0,1,0,0,0,0,1413,0,0,0,0,1,1
536,13.0,3.0,1,4,1,7,0,0.0,True,2,False,False,False,614,0.831356592358485,0.3360779554556336,0,,False,False,-1,-9.0,-9.0,23884,6.407692002570257,1.7739755877572942,1.496851,9.286422,-1,-9.0,-9.0,-9.0,-9.0,-9.0,0.0,0.0,0.0,0.0,0.0,0.0,0.0,0.0,0,0,False,,M,True,school1,1,0,0,0,0,0,0,0,0,0,0,0,0,1414,0,2,0,0,1,1
536,11.0,4.0,1,4,1,7,0,0.0,True,2,False,False,False,614,1.066474559557118,0.8298190381863194,0,,False,False,-1,-9.0,-9.0,9910,0.1584619742765981,-3.760872852887048,19.766335,70.092804,-1,-9.0,-9.0,-9.0,-9.0,-9.0,0.0,0.0,0.0,0.0,0.0,0.0,0.0,0.0,0,0,False,,M,True,school1,1,0,0,0,0,0,0,0,0,0,0,0,0,1415,0,2,0,0,1,1
536,11.0,5.0,1,4,1,7,0,0.0,True,2,False,False,False,614,0.574072747087195,0.442794509958468,0,,False,False,-1,-9.0,-9.0,23884,6.610081291072083,2.7125086306678687,1.496851,9.286422,-1,-9.0,-9.0,-9.0,-9.0,-9.0,0.0,0.0,0.0,0.0,0.0,0.0,0.0,0.0,0,0,False,,M,True,school1,1,0,0,0,0,0,0,0,0,0,0,0,0,1416,0,2,0,0,1,1
536,9.0,6.0,1,4,1,7,0,0.0,True,2,False,False,False,614,3.5251518897621184,3.4509861073695736,0,,False,False,-1,-9.0,-9.0,16315,6.117493238856233,0.7002468618789659,3.0873775,13.3228035,-1,-9.0,-9.0,-9.0,-9.0,-9.0,0.0,0.0,0.0,0.0,0.0,0.0,0.0,0.0,0,0,False,,M,True,school1,1,0,0,89,1,1,0,0,0,0,0,0,0,1417,0,2,0,0,1,1
536,7.0,7.0,2,4,1,7,0,0.0,True,2,False,False,False,614,1.0675506495616924,0.5488081593503398,0,,False,False,-1,-9.0,-9.0,7204,6.100535529550463,-0.2648707921269996,1.5588796,9.419096,-1,-9.0,-9.0,-9.0,-9.0,-9.0,0.0,0.0,0.0,0.0,0.0,0.0,0.0,0.0,0,0,False,,M,True,school1,1,0,0,0,0,0,0,0,0,0,0,0,0,1418,0,2,0,0,1,1
537,40.0,1.0,1,1,3,1,13,43.0,False,0,True,True,False,614,1.087587757018902,1.0813487991102035,54,sales_office,False,True,-1,-9.0,-9.0,-1,-9.0,-9.0,-9.0,0.0,18625,10.734175786457032,-3.2842343814189072,6.8549857,7.0,20.231194,37.53981,0.0,0.0,20.231194,20.231194,0.0,0.0,0.0,0,0,True,4_days_week,M,True,work1,1,1,0,6,1,0,1,0,0,0,0,0,0,1420,0,0,1,40,1,1
537,56.0,2.0,1,2,3,2,13,31.0,False,0,True,True,False,614,1.066479784564465,2.930692895193669,92,health,False,True,-1,-9.0,-9.0,-1,-9.0,-9.0,-9.0,0.0,16198,9.351433024330856,-3.248107757265302,7.551484,6.0,19.291916,38.262096,0.0,0.0,19.291916,18.690054,0.0,0.0,0.60186195,0,0,False,4_days_week,N,True,,0,0,0,19,3,0,1,0,1,1,0,0,0,1421,0,0,1,33,2,1
537,72.0,3.0,2,3,3,5,13,0.0,False,0,False,False,False,614,0.9882601889066244,0.5931936555514793,0,,False,False,-1,-9.0,-9.0,-1,-9.0,-9.0,-9.0,0.0,-1,-9.0,-9.0,-9.0,-9.0,-9.0,0.0,0.0,0.0,0.0,0.0,0.0,0.0,0.0,0,0,False,,N,True,,0,0,0,8,3,0,1,0,0,2,0,0,1,1422,0,0,0,0,2,1
538,53.0,1.0,2,3,3,4,13,0.0,False,0,False,False,False,614,0.8165696959473857,0.4368451886167642,0,,False,False,-1,-9.0,-9.0,-1,-9.0,-9.0,-9.0,0.0,-1,-9.0,-9.0,-9.0,-9.0,-9.0,0.0,0.0,0.0,0.0,0.0,0.0,0.0,0.0,0,0,False,,N,True,,0,0,0,1,1,0,0,0,0,1,0,0,0,1423,0,0,0,0,9,2
538,52.0,2.0,1,1,3,1,13,51.0,False,0,True,True,False,614,0.8064318210518939,1.2429343347827932,22,prod_trans_move,False,True,-1,-9.0,-9.0,-1,-9.0,-9.0,-9.0,0.0,13348,10.845430144007643,-5.820316187028419,27.041773,3.0,58.601883,117.42951,0.0,0.0,58.601883,58.00001,0.0,0.0,0.6018715,0,0,True,No_Telecommute,N,True,,0,0,0,24,2,0,0,0,2,0,0,1,0,1424,0,0,1,40,9,2
539,44.0,1.0,2,3,3,4,13,35.0,False,0,False,False,False,614,1.632419024599479,1.644680913170544,722,services,False,False,-1,-9.0,-9.0,-1,-9.0,-9.0,-9.0,0.0,-1,-9.0,-9.0,-9.0,-9.0,-9.0,0.0,0.0,0.0,0.0,0.0,0.0,0.0,0.0,0,0,False,,N,True,,0,0,0,35,1,0,0,1,0,0,0,0,0,1425,0,0,0,0,1,1
539,35.0,2.0,1,1,3,1,13,35.0,False,0,True,True,False,614,0.2876538338995615,0.7800947160459337,722,services,False,True,-1,-9.0,-9.0,-1,-9.0,-9.0,-9.0,0.0,5111,12.033865724028436,-0.4733128863909422,2.4061112,6.0,9.496814,20.098412,0.0,0.0,9.496814,9.375184,0.0,0.0,0.121629715,0,0,False,No_Telecommute,M,True,work1,1,1,0,0,0,0,0,0,0,0,0,0,0,1426,0,0,1,50,8,2
541,49.0,1.0,2,1,3,1,13,37.0,False,0,True,True,False,629,0.3967903690297633,1.2467057173210516,722,services,False,True,-1,-9.0,-9.0,-1,-9.0,-9.0,-9.0,0.0,15983,11.520429604074051,-2.077819021564206,12.191745,6.0,25.21819,51.015137,0.0,0.0,25.326984,25.21819,0.0,0.0,0.108795166,0,1,True,No_Telecommute,M,True,work1,1,1,0,0,0,0,0,0,0,0,0,0,0,1428,0,0,1,35,1,2
542,69.0,1.0,1,3,3,5,13,0.0,False,0,False,False,False,629,0.2724194680409362,1.2692995636496194,0,,False,False,-1,-9.0,-9.0,-1,-9.0,-9.0,-9.0,0.0,-1,-9.0,-9.0,-9.0,-9.0,-9.0,0.0,0.0,0.0,0.0,0.0,0.0,0.0,0.0,0,0,False,,N,True,,0,0,0,1,1,0,0,0,0,1,0,0,0,1431,0,0,0,0,1,2
543,22.0,3.0,1,2,2,3,13,35.0,True,4,True,True,False,629,1.3126934957954182,0.9847530304207882,722,services,False,True,-1,-9.0,-9.0,5313,6.9105884729190965,2.147413309326571,0.9583259,7.123227,19924,10.433149886680454,-7.41286821862662,24.176035,7.0,43.602425,84.749115,0.0,0.0,43.633366,43.52933,0.0,0.0,0.104034424,0,1,True,2_3_days_week,N,True,,0,0,0,24,2,0,0,0,2,0,0,1,0,1434,0,6,1,20,9,1
544,71.0,1.0,1,3,3,5,13,0.0,False,0,False,False,False,629,0.6258506487646612,0.5757810050009355,0,,False,False,-1,-9.0,-9.0,-1,-9.0,-9.0,-9.0,0.0,-1,-9.0,-9.0,-9.0,-9.0,-9.0,0.0,0.0,0.0,0.0,0.0,0.0,0.0,0.0,0,0,False,,N,True,,0,0,0,35,1,0,0,1,0,0,0,0,0,1435,0,0,0,0,8,2
544,50.0,2.0,2,3,3,4,13,0.0,False,0,False,False,False,629,0.4207810671937042,0.833946292672202,0,,False,False,-1,-9.0,-9.0,-1,-9.0,-9.0,-9.0,0.0,-1,-9.0,-9.0,-9.0,-9.0,-9.0,0.0,0.0,0.0,0.0,0.0,0.0,0.0,0.0,0,0,False,,N,True,,0,0,0,35,1,0,0,1,0,0,0,0,0,1436,0,0,0,0,8,2
545,37.0,1.0,2,3,3,4,13,0.0,False,0,False,False,False,629,0.7430972932127172,0.5256852879869561,0,,False,False,-1,-9.0,-9.0,-1,-9.0,-9.0,-9.0,0.0,-1,-9.0,-9.0,-9.0,-9.0,-9.0,0.0,0.0,0.0,0.0,0.0,0.0,0.0,0.0,0,0,False,,N,True,,0,0,2,0,0,0,0,0,0,2,0,0,1,1437,0,0,0,0,1,1
545,4.0,4.0,1,4,1,8,0,0.0,True,1,False,False,False,629,0.6211928328667458,0.9396084689831876,0,,False,False,-1,-9.0,-9.0,5536,8.093844175448334,3.0351809959835063,1.666075,11.928143,-1,-9.0,-9.0,-9.0,-9.0,-9.0,0.0,0.0,0.0,0.0,0.0,0.0,0.0,0.0,0,0,False,,N,True,,0,0,1,120,2,1,0,1,0,0,0,0,0,1440,0,0,0,0,1,1
546,37.0,1.0,1,1,3,1,13,51.0,False,0,True,True,False,629,0.3626508203617944,0.4990107066422155,33,prod_trans_move,False,True,-1,-9.0,-9.0,-1,-9.0,-9.0,-9.0,0.0,18521,12.272219487846376,-1.1036593629429434,7.615799,7.0,18.830153,38.11237,0.0,0.0,18.830153,18.82736,0.0,0.0,0.0027923584,0,0,True,No_Telecommute,M,True,work1,1,1,0,0,2,2,0,0,0,0,0,0,0,1442,0,0,1,40,1,2
546,41.0,2.0,2,1,3,1,13,43.0,False,0,True,True,False,629,1.1619641713086823,1.8598741491636404,52,sales_office,False,True,-1,-9.0,-9.0,-1,-9.0,-9.0,-9.0,0.0,19607,10.49453112769002,-4.873249708271235,16.571507,7.0,32.78343,62.701294,0.0,0.0,32.78343,32.78343,0.0,0.0,0.0,0,0,True,4_days_week,M,True,work1,1,1,0,156,3,3,0,0,0,0,0,0,0,1443,0,0,1,40,1,2
546,10.0,3.0,2,4,1,7,0,0.0,True,2,False,False,False,629,0.9256290926614936,1.4675143863821394,0,,False,False,-1,-9.0,-9.0,9910,1.1656401959515104,-2.985106646327209,18.560831,66.49536,-1,-9.0,-9.0,-9.0,-9.0,-9.0,0.0,0.0,0.0,0.0,0.0,0.0,0.0,0.0,0,0,False,,M,True,school1,1,0,0,0,0,0,0,0,0,0,0,0,0,1444,0,2,0,0,1,2
546,10.0,4.0,2,4,1,7,0,0.0,True,2,False,False,False,629,0.382321837827816,0.7425324998342429,0,,False,False,-1,-9.0,-9.0,11793,7.827225791105383,5.527963637520128,0.28483966,1.7762281,-1,-9.0,-9.0,-9.0,-9.0,-9.0,0.0,0.0,0.0,0.0,0.0,0.0,0.0,0.0,0,0,False,,M,True,school1,1,0,0,0,0,0,0,0,0,0,0,0,0,1445,0,2,0,0,1,2
546,17.0,6.0,1,3,1,6,0,0.0,True,3,False,False,False,629,0.6022183321756924,2.098995202000917,0,,False,False,-1,-9.0,-9.0,7004,9.772962018210103,4.011815861282242,1.1491834,8.765608,-1,-9.0,-9.0,-9.0,-9.0,-9.0,0.0,0.0,0.0,0.0,0.0,0.0,0.0,0.0,0,0,False,,M,True,school1,1,0,0,0,0,0,0,0,0,0,0,0,0,1447,0,5,0,0,1,2
547,37.0,1.0,1,1,3,1,13,51.0,False,0,True,True,False,629,0.8628729332935882,1.2412336690507468,33,prod_trans_move,False,True,-1,-9.0,-9.0,-1,-9.0,-9.0,-9.0,0.0,7779,11.19790664717439,-5.596947623013355,28.792112,3.0,60.377407,116.74624,0.0,0.0,60.377407,58.945774,0.0,0.0,1.431633,0,0,True,No_Telecommute,N,True,,0,0,1,0,2,2,0,0,0,1,0,0,0,1448,0,0,1,40,1,2
547,41.0,2.0,2,1,3,1,13,43.0,False,0,True,True,False,629,1.3584349905744364,0.8051917228774128,52,sales_office,False,True,-1,-9.0,-9.0,-1,-9.0,-9.0,-9.0,0.0,13130,10.143127355761,-1.7023867711588452,2.4413342,6.0,7.511966,14.021694,0.0,0.0,7.511966,7.422975,0.0,0.0,0.088991165,0,0,False,No_Telecommute,N,True,,0,0,1,156,3,3,0,0,0,0,0,0,0,1449,0,0,1,40,1,2
547,10.0,3.0,2,4,1,7,0,0.0,True,2,False,False,False,629,4.62767266607776,0.3828612816908281,0,,False,False,-1,-9.0,-9.0,23268,3.643492431352104,-1.3962064031207044,4.2135506,14.679411,-1,-9.0,-9.0,-9.0,-9.0,-9.0,0.0,0.0,0.0,0.0,0.0,0.0,0.0,0.0,0,0,False,,M,True,school1,1,0,0,3,1,0,0,0,0,0,1,0,0,1450,0,2,0,0,1,2
547,10.0,4.0,2,4,1,7,0,0.0,True,2,False,False,False,629,1.3369622125406722,1.4921135607523828,0,,False,False,-1,-9.0,-9.0,11793,7.363836341398644,5.041935689184998,0.28483966,1.7762281,-1,-9.0,-9.0,-9.0,-9.0,-9.0,0.0,0.0,0.0,0.0,0.0,0.0,0.0,0.0,0,0,False,,M,True,school1,1,0,0,0,0,0,0,0,0,0,0,0,0,1451,0,2,0,0,1,2
547,5.0,5.0,1,4,1,8,0,0.0,True,1,False,False,False,629,1.559534458722435,0.963055522221686,0,,False,False,-1,-9.0,-9.0,3538,7.0115985345415535,3.217018852088672,1.4707224,10.648403,-1,-9.0,-9.0,-9.0,-9.0,-9.0,0.0,0.0,0.0,0.0,0.0,0.0,0.0,0.0,0,0,False,,M,True,school1,1,0,0,0,0,0,0,0,0,0,0,0,0,1452,0,2,0,0,1,2
547,17.0,6.0,1,3,1,6,0,0.0,True,3,False,False,False,629,0.982069896140019,1.7717884983706909,0,,False,False,-1,-9.0,-9.0,19095,9.261797282288889,-1.7792085716922228,9.586684,32.150414,-1,-9.0,-9.0,-9.0,-9.0,-9.0,0.0,0.0,0.0,0.0,0.0,0.0,0.0,0.0,0,0,False,,M,True,school1,1,0,0,0,0,0,0,0,0,0,0,0,0,1453,0,5,0,0,1,2
548,35.0,1.0,2,1,3,1,13,43.0,False,0,True,True,False,629,0.8706261521141957,0.8452807286123621,92,sales_office,False,True,-1,-9.0,-9.0,-1,-9.0,-9.0,-9.0,0.0,16365,11.042447108047195,-1.652350803246692,5.232635,6.0,14.0296135,28.158142,0.0,0.0,14.0296135,14.026823,0.0,0.0,0.002790451,0,0,False,No_Telecommute,M,True,work1,1,1,0,0,0,0,0,0,0,0,0,0,0,1454,0,0,1,40,1,2
548,16.0,2.0,1,3,1,6,0,0.0,True,3,False,False,False,629,0.4364365526516162,0.5342036425016784,0,,False,False,-1,-9.0,-9.0,7004,9.784476788209844,3.621962095302743,1.1491834,8.765608,-1,-9.0,-9.0,-9.0,-9.0,-9.0,0.0,0.0,0.0,0.0,0.0,0.0,0.0,0.0,0,0,False,,M,True,school1,1,0,0,0,0,0,0,0,0,0,0,0,0,1455,0,5,0,0,1,2
548,10.0,3.0,2,4,1,7,0,0.0,True,2,False,False,False,629,0.8773006915975838,1.0879418264561291,0,,False,False,-1,-9.0,-9.0,13595,3.846543086237857,-1.6980535776337606,10.160726,39.04635,-1,-9.0,-9.0,-9.0,-9.0,-9.0,0.0,0.0,0.0,0.0,0.0,0.0,0.0,0.0,0,0,False,,M,True,school1,1,0,0,35,1,0,0,1,0,0,0,0,0,1456,0,2,0,0,1,2
548,49.0,5.0,1,1,3,1,13,47.0,False,0,True,True,False,629,1.1697209476037762,0.6536625576432515,23,constr_maint,False,True,-1,-9.0,-9.0,-1,-9.0,-9.0,-9.0,0.0,13596,9.7605603671191,-2.9944553704179966,10.160726,6.0,25.940084,57.171143,0.0,0.0,25.940084,25.940084,0.0,0.0,0.0,0,0,False,No_Telecommute,N,True,,0,0,0,24,4,2,0,0,2,0,0,1,0,1458,0,0,1,40,1,2
549,35.0,1.0,2,1,3,1,13,43.0,False,0,True,True,False,629,0.4617055470966007,0.9043424930540828,92,sales_office,False,True,-1,-9.0,-9.0,-1,-9.0,-9.0,-9.0,0.0,18803,11.83747061734282,-1.1171267402617755,7.721606,6.0,18.078735,35.0634,0.0,0.0,18.078735,17.597427,0.0,0.0,0.48130798,0,0,True,No_Telecommute,M,True,work2,2,2,0,0,1,1,0,0,0,0,0,0,0,1459,0,0,1,40,1,2
549,16.0,2.0,1,3,1,6,0,0.0,True,3,False,False,False,629,1.3050955903925174,0.7221424049356125,0,,False,False,-1,-9.0,-9.0,7118,9.530739785957293,-4.349624498679597,25.141533,59.96992,-1,-9.0,-9.0,-9.0,-9.0,-9.0,0.0,0.0,0.0,0.0,0.0,0.0,0.0,0.0,0,0,False,,M,True,school1,1,0,0,0,0,0,0,0,0,0,0,0,0,1460,0,5,0,0,1,2
549,10.0,3.0,2,4,1,7,0,0.0,True,2,False,False,False,629,2.0945429366074846,1.110019527300614,0,,False,False,-1,-9.0,-9.0,13595,2.071671129775916,-2.191661040043261,10.160726,39.04635,-1,-9.0,-9.0,-9.0,-9.0,-9.0,0.0,0.0,0.0,0.0,0.0,0.0,0.0,0.0,0,0,False,,M,True,school1,1,0,0,0,0,0,0,0,0,0,0,0,0,1461,0,2,0,0,1,2
549,49.0,5.0,1,1,3,1,13,47.0,False,0,True,True,False,629,0.3464607365148429,0.6883231669177062,23,constr_maint,False,True,-1,-9.0,-9.0,-1,-9.0,-9.0,-9.0,0.0,14278,11.272009178421929,-3.30943652814618,30.14755,3.0,61.24441,120.02671,0.0,0.0,61.24441,61.24441,0.0,0.0,0.0,0,0,True,No_Telecommute,M,True,work1,1,1,0,0,0,0,0,0,0,0,0,0,0,1463,0,0,1,40,1,2
550,35.0,1.0,2,1,3,1,13,43.0,False,0,True,True,False,629,1.1190234744848615,0.4022853063271416,92,sales_office,False,True,-1,-9.0,-9.0,-1,-9.0,-9.0,-9.0,0.0,18443,10.850374520061532,-2.9984088791678394,8.066793,7.0,17.10795,33.14128,0.0,0.0,17.10795,17.10795,0.0,0.0,0.0,0,0,True,No_Telecommute,M,True,work1,1,1,0,0,1,1,0,0,0,0,0,0,0,1464,0,0,1,40,1,2
550,16.0,2.0,1,3,1,6,0,0.0,True,3,False,False,False,629,0.6477303668895323,0.7938899302119629,0,,False,False,-1,-9.0,-9.0,7912,6.336047989723823,-2.791392089960326,32.03075,76.859665,-1,-9.0,-9.0,-9.0,-9.0,-9.0,0.0,0.0,0.0,0.0,0.0,0.0,0.0,0.0,0,0,False,,M,True,school1,1,0,0,0,0,0,0,0,0,0,0,0,0,1465,0,5,0,0,1,2
550,10.0,3.0,2,4,1,7,0,0.0,True,2,False,False,False,629,3.165810219249957,1.843558479689753,0,,False,False,-1,-9.0,-9.0,19062,3.202089724749434,-3.661520302160262,7.0372577,20.63724,-1,-9.0,-9.0,-9.0,-9.0,-9.0,0.0,0.0,0.0,0.0,0.0,0.0,0.0,0.0,0,0,False,,M,True,school1,1,0,0,0,0,0,0,0,0,0,0,0,0,1466,0,2,0,0,1,2
550,2.0,4.0,2,4,1,8,0,0.0,True,1,False,False,False,629,1.2681708034929606,1.053385691490922,0,,False,False,-1,-9.0,-9.0,7574,6.592460927221617,2.7504082203199056,0.5696793,4.2285404,-1,-9.0,-9.0,-9.0,-9.0,-9.0,0.0,0.0,0.0,0.0,0.0,0.0,0.0,0.0,0,0,False,,M,True,school1,1,0,0,0,0,0,0,0,0,0,0,0,0,1467,0,0,0,0,1,2
550,49.0,5.0,1,1,3,1,13,47.0,False,0,True,True,False,629,0.2405240335316925,0.4718089232131825,23,constr_maint,False,True,-1,-9.0,-9.0,-1,-9.0,-9.0,-9.0,0.0,1306,11.724771903189978,-3.439665130503485,37.102425,2.0,60.288345,122.74625,0.0,14.53,60.288345,60.288345,0.0,0.0,0.0,1,0,False,No_Telecommute,M,True,work1,1,1,0,0,0,0,0,0,0,0,0,0,0,1468,0,0,1,40,1,2
551,33.0,1.0,2,1,3,1,13,33.0,False,0,True,True,False,629,1.5063677075829751,0.9817983331036156,9000,services,False,True,-1,-9.0,-9.0,-1,-9.0,-9.0,-9.0,0.0,2171,9.887289101797718,-8.945206250947045,38.01616,1.0,62.150627,124.9968,0.0,23.207,62.150627,62.150627,0.0,0.0,0.0,0,0,True,1_day_week,M,True,work1,1,1,0,0,0,0,0,0,0,0,0,0,0,1469,1,0,1,45,1,1
551,43.0,2.0,1,3,3,4,13,0.0,False,0,False,False,False,629,0.3187336595544822,1.3892519911053969,0,,False,False,-1,-9.0,-9.0,-1,-9.0,-9.0,-9.0,0.0,-1,-9.0,-9.0,-9.0,-9.0,-9.0,0.0,0.0,0.0,0.0,0.0,0.0,0.0,0.0,0,0,False,,N,True,,0,0,0,89,3,3,0,0,0,0,0,0,0,1470,0,0,0,0,1,2
551,8.0,3.0,1,4,1,7,0,0.0,True,2,False,False,False,629,1.1521193104910863,1.492625241701338,0,,False,False,-1,-9.0,-9.0,11793,7.787981491453217,5.875582449430867,0.28483966,1.7762281,-1,-9.0,-9.0,-9.0,-9.0,-9.0,0.0,0.0,0.0,0.0,0.0,0.0,0.0,0.0,0,0,False,,M,True,school1,1,0,0,0,0,0,0,0,0,0,0,0,0,1471,0,2,0,0,1,1
552,33.0,1.0,2,1,3,1,13,33.0,False,0,True,True,False,629,0.5755938251417315,0.855409869394148,9000,services,False,True,-1,-9.0,-9.0,-1,-9.0,-9.0,-9.0,0.0,23053,11.429136971229244,-2.3226998845089764,9.976497,6.0,24.724602,49.802704,0.0,5.415,24.724602,24.724602,0.0,0.0,0.0,0,0,False,No_Telecommute,N,True,,0,0,1,6,3,2,1,1,0,0,0,0,0,1474,1,0,1,45,1,1
552,8.0,3.0,1,4,1,7,0,0.0,True,2,False,False,False,629,1.0337476523278084,0.8301754491085648,0,,False,False,-1,-9.0,-9.0,11793,7.000439855351615,3.4567256989674857,0.28483966,1.7762281,-1,-9.0,-9.0,-9.0,-9.0,-9.0,0.0,0.0,0.0,0.0,0.0,0.0,0.0,0.0,0,0,False,,M,True,school1,1,0,0,0,0,0,0,0,0,0,0,0,0,1476,0,2,0,0,1,1
552,1.0,4.0,1,4,1,8,0,0.0,True,1,False,False,False,629,1.5034032665915145,1.015792155349508,0,,False,False,-1,-9.0,-9.0,6179,5.55589332905617,0.578155443893054,1.8247323,12.468337,-1,-9.0,-9.0,-9.0,-9.0,-9.0,0.0,0.0,0.0,0.0,0.0,0.0,0.0,0.0,0,0,False,,N,True,,0,0,1,89,1,1,0,0,0,0,0,0,0,1477,0,0,0,0,1,1
553,48.0,1.0,2,1,3,1,13,37.0,False,0,True,True,False,629,4.152027423529912,0.4761163708389464,56,services,False,True,-1,-9.0,-9.0,-1,-9.0,-9.0,-9.0,0.0,94,8.722896761506599,-8.481529037514456,37.20808,2.0,60.51909,120.286964,0.0,16.278,60.51909,60.51909,0.0,0.0,0.0,0,0,True,No_Telecommute,N,True,,0,0,0,35,1,0,0,1,0,0,0,0,0,1479,0,0,1,40,1,2
553,54.0,2.0,1,2,3,2,13,37.0,False,0,True,True,False,629,2.421256490561087,0.5369027000051885,56,services,False,True,-1,-9.0,-9.0,-1,-9.0,-9.0,-9.0,0.0,229,8.261761796241057,-2.430359203624929,1.11879,6.0,3.6140447,7.468284,0.0,6.942,3.6140447,3.6140447,0.0,0.0,0.0,0,0,True,4_days_week,M,True,work1,1,1,0,7,2,0,1,0,0,1,0,0,0,1480,0,0,1,30,1,2
553,18.0,3.0,1,3,3,4,9,47.0,False,0,False,False,False,629,0.6114324143471999,0.8731379749570651,23,constr_maint,False,False,-1,-9.0,-9.0,-1,-9.0,-9.0,-9.0,0.0,-1,-9.0,-9.0,-9.0,-9.0,-9.0,0.0,0.0,0.0,0.0,0.0,0.0,0.0,0.0,0,0,False,,N,True,,0,0,0,1,1,0,0,0,0,1,0,0,0,1481,0,0,1,40,1,2
554,43.0,1.0,2,3,2,3,13,55.0,True,4,False,False,False,629,0.8828992189170487,1.5230675847080288,9000,military,False,False,-1,-9.0,-9.0,23114,6.94833396379038,-2.1484975999309057,5.8822956,25.831776,-1,-9.0,-9.0,-9.0,-9.0,-9.0,0.0,0.0,0.0,0.0,0.0,0.0,0.0,0.0,0,0,False,,N,True,,0,0,1,0,0,0,0,0,1,0,0,0,0,1482,0,6,0,0,1,2
554,2.0,2.0,2,4,1,8,0,0.0,True,1,False,False,False,629,1.1800269380397612,2.9858332568239248,0,,False,False,-1,-9.0,-9.0,13554,7.05675055930802,1.9447629560515567,1.5777676,10.476482,-1,-9.0,-9.0,-9.0,-9.0,-9.0,0.0,0.0,0.0,0.0,0.0,0.0,0.0,0.0,0,0,False,,N,True,,0,0,1,89,1,1,0,0,0,0,0,0,0,1483,0,0,0,0,1,2
555,32.0,1.0,1,1,3,1,13,13.0,False,0,True,True,False,629,0.3076771687351515,0.4183179104977047,9000,mngt_busi_scic_arts,False,True,-1,-9.0,-9.0,-1,-9.0,-9.0,-9.0,0.0,13312,12.257982057199431,-3.3769736768789604,30.562498,3.0,57.70621,112.714676,0.0,0.0,57.70621,57.70621,0.0,0.0,0.0,1,0,True,2_3_days_week,M,True,work1,1,1,0,0,0,0,0,0,0,0,0,0,0,1485,1,0,1,50,1,2
555,13.0,3.0,2,4,1,7,0,0.0,True,2,False,False,False,629,0.4253509486586629,0.7697843614374008,0,,False,False,-1,-9.0,-9.0,20816,4.688498922680063,-1.1335374333215629,26.067411,58.658844,-1,-9.0,-9.0,-9.0,-9.0,-9.0,0.0,0.0,0.0,0.0,0.0,0.0,0.0,0.0,0,0,False,,M,True,school1,1,0,0,0,0,0,0,0,0,0,0,0,0,1487,0,2,0,0,1,2
555,9.0,4.0,2,4,1,7,0,0.0,True,2,False,False,False,629,0.5206992156868955,1.0693342813035602,0,,False,False,-1,-9.0,-9.0,23872,7.288757609157906,3.558990041500365,0.99810296,6.9250126,-1,-9.0,-9.0,-9.0,-9.0,-9.0,0.0,0.0,0.0,0.0,0.0,0.0,0.0,0.0,0,0,False,,M,True,school1,1,0,0,0,0,0,0,0,0,0,0,0,0,1488,0,2,0,0,1,2
555,0.0,6.0,2,4,1,8,0,0.0,True,1,False,False,False,629,0.5887052288841715,0.9947160940992366,0,,False,False,-1,-9.0,-9.0,229,9.018256393366448,3.82038761018725,1.11879,7.227294,-1,-9.0,-9.0,-9.0,-9.0,-9.0,0.0,0.0,0.0,0.0,0.0,0.0,0.0,0.0,0,0,False,,M,True,school1,1,0,0,0,0,0,0,0,0,0,0,0,0,1490,0,0,0,0,1,2
556,48.0,1.0,1,1,3,1,13,51.0,False,0,True,True,False,629,0.2845520119690509,1.63747426973692,23,prod_trans_move,False,True,-1,-9.0,-9.0,-1,-9.0,-9.0,-9.0,0.0,13311,12.470914370938008,-3.158637922673206,30.191782,3.0,56.256027,111.08615,0.0,0.0,56.256027,56.256027,0.0,0.0,0.0,1,0,True,No_Telecommute,N,True,,0,0,0,12,3,2,0,0,1,0,0,0,0,1491,0,0,1,40,1,2
556,44.0,2.0,2,3,3,4,13,0.0,False,0,False,False,False,629,1.129845944671953,1.513399074910629,0,,False,False,-1,-9.0,-9.0,-1,-9.0,-9.0,-9.0,0.0,-1,-9.0,-9.0,-9.0,-9.0,-9.0,0.0,0.0,0.0,0.0,0.0,0.0,0.0,0.0,0,0,False,,N,True,,0,0,0,1,3,2,0,0,0,1,0,0,0,1492,0,0,0,0,1,2
556,16.0,3.0,2,3,1,6,0,0.0,True,3,False,False,False,629,0.6523891427535641,1.4145083777666176,0,,False,False,-1,-9.0,-9.0,7004,9.63101822478692,3.0905972315515653,1.1491834,8.765608,-1,-9.0,-9.0,-9.0,-9.0,-9.0,0.0,0.0,0.0,0.0,0.0,0.0,0.0,0.0,0,0,False,,M,True,school1,1,0,0,1,1,0,0,0,0,1,0,0,0,1493,0,5,0,0,1,2
556,13.0,4.0,2,4,1,7,0,0.0,True,2,False,False,False,629,1.4889446984252466,1.7638915865152491,0,,False,False,-1,-9.0,-9.0,11793,7.14178835289997,4.108366828957293,0.28483966,1.7762281,-1,-9.0,-9.0,-9.0,-9.0,-9.0,0.0,0.0,0.0,0.0,0.0,0.0,0.0,0.0,0,0,False,,M,True,school1,1,0,0,0,0,0,0,0,0,0,0,0,0,1494,0,2,0,0,1,2
556,12.0,5.0,1,4,1,7,0,0.0,True,2,False,False,False,629,1.61014578924682,0.8759184199815191,0,,False,False,-1,-9.0,-9.0,11793,7.736772070048256,5.857920685676,0.28483966,1.7762281,-1,-9.0,-9.0,-9.0,-9.0,-9.0,0.0,0.0,0.0,0.0,0.0,0.0,0.0,0.0,0,0,False,,M,True,school1,1,0,0,0,0,0,0,0,0,0,0,0,0,1495,0,2,0,0,1,2
556,8.0,6.0,2,4,1,7,0,0.0,True,2,False,False,False,629,0.5791771574397945,0.9505749815952984,0,,False,False,-1,-9.0,-9.0,11793,7.398259733358543,4.802930982622569,0.28483966,1.7762281,-1,-9.0,-9.0,-9.0,-9.0,-9.0,0.0,0.0,0.0,0.0,0.0,0.0,0.0,0.0,0,0,False,,M,True,school1,1,0,0,0,0,0,0,0,0,0,0,0,0,1496,0,2,0,0,1,2
557,8.0,2.0,1,4,1,7,0,0.0,True,2,False,False,False,629,0.5220218428097284,0.8190134526183045,0,,False,False,-1,-9.0,-9.0,15085,18.725946532151628,31.623676043190883,14.659116,41.766685,-1,-9.0,-9.0,-9.0,-9.0,-9.0,0.0,0.0,0.0,0.0,0.0,0.0,0.0,0.0,0,0,False,,M,True,school1,1,0,0,0,0,0,0,0,0,0,0,0,0,1498,0,2,0,0,1,2
557,6.0,3.0,1,4,1,7,0,0.0,True,2,False,False,False,629,0.8943803117145727,1.2270534698565705,0,,False,False,-1,-9.0,-9.0,7296,18.720978302219105,35.253845756681926,2.621958,13.468897,-1,-9.0,-9.0,-9.0,-9.0,-9.0,0.0,0.0,0.0,0.0,0.0,0.0,0.0,0.0,0,0,False,,M,True,school1,1,0,0,0,0,0,0,0,0,0,0,0,0,1499,0,2,0,0,1,2
557,1.0,4.0,1,4,1,8,0,0.0,True,1,False,False,False,629,0.4175428829576228,1.486704798175912,0,,False,False,-1,-9.0,-9.0,23905,24.86429636291024,35.64927162680205,2.6439967,12.648729,-1,-9.0,-9.0,-9.0,-9.0,-9.0,0.0,0.0,0.0,0.0,0.0,0.0,0.0,0.0,0,0,False,,N,True,,0,0,0,89,1,1,0,0,0,0,0,0,0,1500,0,0,0,0,1,2
558,36.0,1.0,1,1,3,1,13,55.0,False,0,True,False,False,629,0.7277458384011689,1.0772480376582725,9000,military,True,False,-1,-9.0,-9.0,-1,-9.0,-9.0,-9.0,0.0,-1,-9.0,-9.0,-9.0,-9.0,-9.0,0.0,0.0,0.0,0.0,0.0,0.0,0.0,0.0,0,0,False,,N,True,,0,0,1,89,2,2,0,0,0,0,1,0,0,1501,1,6,1,50,9,1
558,43.0,2.0,2,3,3,4,13,39.0,False,0,False,False,False,629,0.3625487701979363,1.5090668641257428,81,services,False,False,-1,-9.0,-9.0,-1,-9.0,-9.0,-9.0,0.0,-1,-9.0,-9.0,-9.0,-9.0,-9.0,0.0,0.0,0.0,0.0,0.0,0.0,0.0,0.0,0,0,False,,N,True,,0,0,2,12,2,1,0,0,2,0,0,1,0,1502,0,0,0,0,8,2
558,4.0,3.0,1,4,1,8,0,0.0,True,1,False,False,False,629,0.9057757321187871,0.3203431490744307,0,,False,False,-1,-9.0,-9.0,13123,7.500739602975552,1.5260455687286725,3.1443634,12.066026,-1,-9.0,-9.0,-9.0,-9.0,-9.0,0.0,0.0,0.0,0.0,0.0,0.0,0.0,0.0,0,0,False,,N,True,,0,0,1,89,1,1,0,0,0,0,0,0,0,1503,0,0,0,0,9,2
558,15.0,4.0,1,4,1,7,0,0.0,True,3,False,False,False,629,1.224682382890948,0.5208278648456915,0,,False,False,-1,-9.0,-9.0,723,5.5768619190219,-5.935943052767184,30.567026,79.08931,-1,-9.0,-9.0,-9.0,-9.0,-9.0,0.0,0.0,0.0,0.0,0.0,0.0,0.0,0.0,0,0,False,,M,True,school1,1,0,0,0,0,0,0,0,0,0,0,0,0,1504,0,5,0,0,8,2
558,12.0,5.0,2,4,1,7,0,0.0,True,2,False,False,False,629,1.0477266624934505,1.2988990777835847,0,,False,False,-1,-9.0,-9.0,11793,7.40091137872588,5.114519683611448,0.28483966,1.7762281,-1,-9.0,-9.0,-9.0,-9.0,-9.0,0.0,0.0,0.0,0.0,0.0,0.0,0.0,0.0,0,0,False,,M,True,school1,1,0,0,0,0,0,0,0,0,0,0,0,0,1505,0,2,0,0,8,2
559,36.0,1.0,1,1,3,1,13,55.0,False,0,True,True,False,629,0.7643527997861249,0.301248526930006,9000,military,False,True,-1,-9.0,-9.0,-1,-9.0,-9.0,-9.0,0.0,5878,10.762353811558176,-1.94087089294433,10.160726,6.0,25.940084,57.171143,0.0,0.0,25.940084,25.940084,0.0,0.0,0.0,0,0,False,No_Telecommute,M,True,work1,1,1,0,0,1,1,0,0,0,0,0,0,0,1506,1,6,1,50,9,1
559,43.0,2.0,2,3,3,4,13,39.0,False,0,False,False,False,629,0.4220140523975549,1.0217161558106145,81,services,False,False,-1,-9.0,-9.0,-1,-9.0,-9.0,-9.0,0.0,-1,-9.0,-9.0,-9.0,-9.0,-9.0,0.0,0.0,0.0,0.0,0.0,0.0,0.0,0.0,0,0,False,,N,True,,0,0,0,15,7,5,0,0,1,0,1,0,0,1507,0,0,0,0,8,2
559,4.0,3.0,1,4,1,8,0,0.0,True,1,False,False,False,629,0.4397646300738831,0.8773206522715569,0,,False,False,-1,-9.0,-9.0,1877,8.777590578315168,4.336131443877526,1.666075,11.928143,-1,-9.0,-9.0,-9.0,-9.0,-9.0,0.0,0.0,0.0,0.0,0.0,0.0,0.0,0.0,0,0,False,,M,True,school1,1,0,0,0,0,0,0,0,0,0,0,0,0,1508,0,0,0,0,9,2
559,15.0,4.0,1,4,1,7,0,0.0,True,3,False,False,False,629,0.8073383112775275,0.6031650921265307,0,,False,False,-1,-9.0,-9.0,7004,9.52597556767906,4.470485465338018,1.1491834,8.765608,-1,-9.0,-9.0,-9.0,-9.0,-9.0,0.0,0.0,0.0,0.0,0.0,0.0,0.0,0.0,0,0,False,,M,True,school1,1,0,0,89,1,1,0,0,0,0,0,0,0,1509,0,5,0,0,8,2
559,12.0,5.0,2,4,1,7,0,0.0,True,2,False,False,False,629,0.3614769751174222,0.9901665284304618,0,,False,False,-1,-9.0,-9.0,11793,7.663041863965558,5.547330991986025,0.28483966,1.7762281,-1,-9.0,-9.0,-9.0,-9.0,-9.0,0.0,0.0,0.0,0.0,0.0,0.0,0.0,0.0,0,0,False,,M,True,school1,1,0,0,0,0,0,0,0,0,0,0,0,0,1510,0,2,0,0,8,2
560,50.0,1.0,1,1,3,1,13,51.0,False,0,True,True,False,629,0.5070472291488339,1.0185019062244354,31,prod_trans_move,False,True,-1,-9.0,-9.0,-1,-9.0,-9.0,-9.0,0.0,7846,12.04090470073094,-3.712301951810223,21.060314,3.0,45.962765,91.83503,0.0,0.0,45.962765,45.962765,0.0,0.0,0.0,0,0,False,No_Telecommute,N,True,,0,0,0,12,2,1,0,0,1,0,0,0,0,1511,0,0,1,70,1,2
560,14.0,4.0,2,4,1,7,0,0.0,True,2,False,False,False,629,2.44418158065204,0.4780689676216054,0,,False,False,-1,-9.0,-9.0,20816,18.77666855804752,28.65964705508524,26.067411,58.658844,-1,-9.0,-9.0,-9.0,-9.0,-9.0,0.0,0.0,0.0,0.0,0.0,0.0,0.0,0.0,0,0,False,,M,True,school1,1,0,0,0,0,0,0,0,0,0,0,0,0,1514,0,5,0,0,1,2
562,53.0,1.0,1,3,3,4,13,13.0,False,0,False,False,False,629,0.2736908355440466,0.9664552496837784,53,mngt_busi_scic_arts,False,False,-1,-9.0,-9.0,-1,-9.0,-9.0,-9.0,0.0,-1,-9.0,-9.0,-9.0,-9.0,-9.0,0.0,0.0,0.0,0.0,0.0,0.0,0.0,0.0,0,0,False,,N,True,,0,0,0,35,1,0,0,1,0,0,0,0,0,1517,0,0,6,40,8,2
563,72.0,1.0,1,3,3,5,13,0.0,False,0,False,False,False,629,1.1737816702214765,1.2846371471200286,0,,False,False,-1,-9.0,-9.0,-1,-9.0,-9.0,-9.0,0.0,-1,-9.0,-9.0,-9.0,-9.0,-9.0,0.0,0.0,0.0,0.0,0.0,0.0,0.0,0.0,0,0,False,,N,True,,0,0,1,0,0,0,1,0,0,0,0,0,0,1518,0,0,0,0,6,1
563,64.0,2.0,2,3,3,4,13,0.0,False,0,False,False,False,629,0.3568392564063039,0.5074761250682366,0,,False,False,-1,-9.0,-9.0,-1,-9.0,-9.0,-9.0,0.0,-1,-9.0,-9.0,-9.0,-9.0,-9.0,0.0,0.0,0.0,0.0,0.0,0.0,0.0,0.0,0,0,False,,N,True,,0,0,1,18,2,0,1,0,1,0,0,0,0,1519,0,0,0,0,6,1
564,60.0,2.0,2,3,3,4,13,0.0,False,0,False,False,False,629,1.4878651012725808,0.6874092415806479,0,,False,False,-1,-9.0,-9.0,-1,-9.0,-9.0,-9.0,0.0,-1,-9.0,-9.0,-9.0,-9.0,-9.0,0.0,0.0,0.0,0.0,0.0,0.0,0.0,0.0,0,0,False,,N,True,,0,0,0,12,1,0,0,0,1,0,0,0,0,1521,0,0,0,0,1,2
565,41.0,1.0,1,1,3,1,13,27.0,False,0,True,False,False,629,0.4265576929215708,1.033813284099015,54,mngt_busi_scic_arts,True,False,-1,-9.0,-9.0,-1,-9.0,-9.0,-9.0,0.0,-1,-9.0,-9.0,-9.0,-9.0,-9.0,0.0,0.0,0.0,0.0,0.0,0.0,0.0,0.0,0,0,False,,N,True,,0,0,0,13,2,0,0,0,1,1,0,0,0,1522,0,0,3,40,8,2
565,40.0,2.0,2,3,3,4,13,29.0,False,0,False,False,False,629,0.5892104239928536,0.811651185646886,62,health,False,False,-1,-9.0,-9.0,-1,-9.0,-9.0,-9.0,0.0,-1,-9.0,-9.0,-9.0,-9.0,-9.0,0.0,0.0,0.0,0.0,0.0,0.0,0.0,0.0,0,0,False,,N,True,,0,0,1,120,2,1,0,2,0,0,0,1,0,1523,0,0,0,0,6,1
566,52.0,1.0,1,1,3,1,13,49.0,False,0,True,True,False,629,0.836344769601482,0.2624123030889688,81,constr_maint,False,True,-1,-9.0,-9.0,-1,-9.0,-9.0,-9.0,0.0,14381,10.456772286987423,-4.041786702788801,15.740002,6.0,35.237915,68.54544,0.0,0.0,36.588463,35.237915,0.0,0.0,1.3505478,0,0,False,No_Telecommute,N,True,,0,0,0,12,1,0,0,0,1,0,0,0,0,1526,0,0,1,40,1,2
566,45.0,2.0,2,1,3,1,13,51.0,False,0,True,True,False,629,1.1095583562722031,0.9864477198613208,33,prod_trans_move,False,True,-1,-9.0,-9.0,-1,-9.0,-9.0,-9.0,0.0,13876,10.492830510358706,-7.3732765891073955,28.1129,3.0,50.759308,98.500885,0.0,0.0,50.759308,50.759308,0.0,0.0,0.0,0,0,True,2_3_days_week,N,True,,0,0,0,47,2,0,0,1,1,0,0,1,0,1527,0,0,5,40,1,2
567,38.0,1.0,1,1,3,1,13,35.0,False,0,True,False,False,629,2.337315285933864,1.3155153047710988,722,services,True,False,-1,-9.0,-9.0,-1,-9.0,-9.0,-9.0,0.0,-1,-9.0,-9.0,-9.0,-9.0,-9.0,0.0,0.0,0.0,0.0,0.0,0.0,0.0,0.0,0,0,False,,N,True,,0,0,0,58,7,2,0,1,4,0,0,4,0,1529,0,0,1,40,5,2
567,37.0,2.0,2,3,3,4,13,0.0,False,0,False,False,False,629,1.7344840671414563,1.1014859337193956,0,,False,False,-1,-9.0,-9.0,-1,-9.0,-9.0,-9.0,0.0,-1,-9.0,-9.0,-9.0,-9.0,-9.0,0.0,0.0,0.0,0.0,0.0,0.0,0.0,0.0,0,0,False,,N,True,,0,0,0,89,3,3,0,0,0,0,0,0,0,1530,0,0,0,0,5,2
567,9.0,3.0,2,4,1,7,0,0.0,True,2,False,False,False,629,1.863658631044855,0.9676603114269184,0,,False,False,-1,-9.0,-9.0,11793,6.7770831452494535,3.407645314280364,0.28483966,1.7762281,-1,-9.0,-9.0,-9.0,-9.0,-9.0,0.0,0.0,0.0,0.0,0.0,0.0,0.0,0.0,0,0,False,,M,True,school1,1,0,0,0,0,0,0,0,0,0,0,0,0,1531,0,2,0,0,5,2
567,6.0,4.0,2,4,1,7,0,0.0,True,2,False,False,False,629,0.7287852175434733,1.0142619179830186,0,,False,False,-1,-9.0,-9.0,11793,7.450463090730778,4.85977864619717,0.28483966,1.7762281,-1,-9.0,-9.0,-9.0,-9.0,-9.0,0.0,0.0,0.0,0.0,0.0,0.0,0.0,0.0,0,0,False,,M,True,school1,1,0,0,0,0,0,0,0,0,0,0,0,0,1532,0,2,0,0,5,2
567,1.0,5.0,1,4,1,8,0,0.0,True,1,False,False,False,629,0.5109537260229469,0.6891944235189916,0,,False,False,-1,-9.0,-9.0,5313,9.267806446445634,5.087619042309972,0.9583259,7.123227,-1,-9.0,-9.0,-9.0,-9.0,-9.0,0.0,0.0,0.0,0.0,0.0,0.0,0.0,0.0,0,0,False,,M,True,school2,2,0,0,0,0,0,0,0,0,0,0,0,0,1533,0,0,0,0,5,2
568,46.0,1.0,2,2,2,3,13,27.0,True,4,True,True,False,629,0.7486127996577391,0.2910973350798216,61,mngt_busi_scic_arts,False,True,-1,-9.0,-9.0,23114,6.999751154988388,-1.6847525493838538,5.8822956,25.831776,19639,11.635958797709472,-3.868451161328843,16.82496,7.0,31.001068,60.336727,0.0,0.0,31.001068,30.690613,0.0,0.0,0.31045532,0,0,False,No_Telecommute,N,True,,0,0,0,13,2,0,0,0,1,1,0,0,0,1534,0,6,3,30,3,2
568,48.0,2.0,1,3,2,3,13,51.0,True,4,False,False,False,629,1.0520188074745394,0.6698104369684488,33,prod_trans_move,False,False,-1,-9.0,-9.0,23114,6.947628814649342,-2.3778172107643503,5.8822956,25.831776,-1,-9.0,-9.0,-9.0,-9.0,-9.0,0.0,0.0,0.0,0.0,0.0,0.0,0.0,0.0,0,0,False,,N,True,,0,0,0,24,2,0,0,0,2,0,0,1,0,1535,0,6,0,0,3,2
568,21.0,3.0,1,2,2,3,9,53.0,True,4,True,True,False,629,0.9035851058004456,0.9288945768436616,44,prod_trans_move,False,True,-1,-9.0,-9.0,19370,7.196774764057637,-3.3703530447350856,15.309061,38.96555,3430,10.655016054164433,-0.9776162865207092,1.2611766,6.0,4.0470567,8.176352,0.0,6.651,4.0470567,4.0470567,0.0,0.0,0.0,0,0,True,No_Telecommute,M,True,school1,1,0,0,0,0,0,0,0,0,0,0,0,0,1536,0,6,1,30,3,2
569,49.0,1.0,1,1,3,1,13,37.0,False,0,True,True,False,629,1.0957625668492346,1.1822491534352202,62,services,False,True,-1,-9.0,-9.0,-1,-9.0,-9.0,-9.0,0.0,18622,10.813184192151478,-3.825321883970165,10.102162,7.0,19.579624,37.961437,0.0,0.0,24.39959,19.579624,0.0,0.0,4.8199654,0,0,True,4_days_week,M,True,work1,1,1,0,0,1,1,0,0,0,0,0,0,0,1537,0,0,1,40,9,2
569,35.0,2.0,2,3,3,4,13,0.0,False,0,False,False,False,629,0.7717739397677799,1.6328319280400867,0,,False,False,-1,-9.0,-9.0,-1,-9.0,-9.0,-9.0,0.0,-1,-9.0,-9.0,-9.0,-9.0,-9.0,0.0,0.0,0.0,0.0,0.0,0.0,0.0,0.0,0,0,False,,N,True,,0,0,0,36,7,5,0,1,0,1,0,0,0,1538,0,0,0,0,9,2
569,9.0,3.0,1,4,1,7,0,0.0,True,2,False,False,False,629,2.456498215191815,0.9313628740518568,0,,False,False,-1,-9.0,-9.0,11793,7.668225987051057,5.855277596242197,0.28483966,1.7762281,-1,-9.0,-9.0,-9.0,-9.0,-9.0,0.0,0.0,0.0,0.0,0.0,0.0,0.0,0.0,0,0,False,,M,True,school1,1,0,0,0,0,0,0,0,0,0,0,0,0,1539,0,2,0,0,9,2
569,7.0,4.0,1,4,1,7,0,0.0,True,2,False,False,False,629,1.4700803559535036,1.0924114240583256,0,,False,False,-1,-9.0,-9.0,23268,3.882250603741266,-0.4557422188672269,4.2135506,14.679411,-1,-9.0,-9.0,-9.0,-9.0,-9.0,0.0,0.0,0.0,0.0,0.0,0.0,0.0,0.0,0,0,False,,M,True,school1,1,0,0,0,0,0,0,0,0,0,0,0,0,1540,0,2,0,0,9,2
569,13.0,5.0,2,4,1,7,0,0.0,True,2,False,False,False,629,1.0708183874774049,1.5817449486427744,0,,False,False,-1,-9.0,-9.0,5878,3.5522840856059785,-1.82976759469294,10.160726,39.04635,-1,-9.0,-9.0,-9.0,-9.0,-9.0,0.0,0.0,0.0,0.0,0.0,0.0,0.0,0.0,0,0,False,,M,True,school1,1,0,0,0,0,0,0,0,0,0,0,0,0,1541,0,2,0,0,9,2
569,13.0,6.0,1,4,1,7,0,0.0,True,2,False,False,False,629,1.2815151534616278,0.5340177548450551,0,,False,False,-1,-9.0,-9.0,11793,7.6267541878328835,5.862174531716859,0.28483966,1.7762281,-1,-9.0,-9.0,-9.0,-9.0,-9.0,0.0,0.0,0.0,0.0,0.0,0.0,0.0,0.0,0,0,False,,M,True,school1,1,0,0,0,0,0,0,0,0,0,0,0,0,1542,0,2,0,0,9,2
570,64.0,1.0,1,3,3,4,13,41.0,False,0,False,False,False,629,0.6981683443298868,0.3354522996958176,52,sales_office,False,False,-1,-9.0,-9.0,-1,-9.0,-9.0,-9.0,0.0,-1,-9.0,-9.0,-9.0,-9.0,-9.0,0.0,0.0,0.0,0.0,0.0,0.0,0.0,0.0,0,0,False,,N,True,,0,0,1,35,1,0,0,2,0,0,0,1,0,1543,0,0,6,16,1,1
570,41.0,2.0,2,3,3,4,13,0.0,False,0,False,False,False,629,0.4866720821469618,1.62087459448668,0,,False,False,-1,-9.0,-9.0,-1,-9.0,-9.0,-9.0,0.0,-1,-9.0,-9.0,-9.0,-9.0,-9.0,0.0,0.0,0.0,0.0,0.0,0.0,0.0,0.0,0,0,False,,N,True,,0,0,1,95,2,1,1,0,0,0,0,0,0,1544,0,0,0,0,6,1
571,41.0,2.0,2,3,3,4,13,0.0,False,0,False,False,False,629,1.5146235190557549,0.9259177457433938,0,,False,False,-1,-9.0,-9.0,-1,-9.0,-9.0,-9.0,0.0,-1,-9.0,-9.0,-9.0,-9.0,-9.0,0.0,0.0,0.0,0.0,0.0,0.0,0.0,0.0,0,1,False,,N,True,,0,0,0,12,1,0,0,0,1,0,0,0,0,1546,0,0,0,0,6,1
572,30.0,2.0,2,2,3,2,13,35.0,False,0,True,True,False,629,0.695538141006402,0.3060256502755146,722,services,False,True,-1,-9.0,-9.0,-1,-9.0,-9.0,-9.0,0.0,18803,10.021905117467558,-2.045311588883133,7.721606,6.0,18.078735,35.0634,0.0,0.0,18.078735,17.597427,0.0,0.0,0.48130798,0,0,False,No_Telecommute,N,True,,0,0,0,0,6,6,0,0,0,0,0,0,0,1548,0,0,6,24,1,1
572,14.0,3.0,2,4,1,7,0,0.0,True,2,False,False,False,629,0.4177114142896043,0.3677171652198763,0,,False,False,-1,-9.0,-9.0,15804,4.615968597102674,-0.5262740902080413,13.971719,34.251167,-1,-9.0,-9.0,-9.0,-9.0,-9.0,0.0,0.0,0.0,0.0,0.0,0.0,0.0,0.0,0,0,False,,M,True,school1,1,0,0,0,0,0,0,0,0,0,0,0,0,1549,0,2,0,0,9,2
572,4.0,4.0,2,4,1,8,0,0.0,True,1,False,False,False,629,0.7135277153960183,0.5721887263036056,0,,False,False,-1,-9.0,-9.0,7369,9.89699553942757,-0.0024217463860163,3.2718174,15.845555,-1,-9.0,-9.0,-9.0,-9.0,-9.0,0.0,0.0,0.0,0.0,0.0,0.0,0.0,0.0,0,0,False,,M,True,school1,1,0,0,0,0,0,0,0,0,0,0,0,0,1550,0,0,0,0,9,2
572,2.0,5.0,2,4,1,8,0,0.0,True,1,False,False,False,629,1.271257817741002,0.6218548527491393,0,,False,False,-1,-9.0,-9.0,629,9.3683954065196,4.555464983154872,0.28483966,1.7762281,-1,-9.0,-9.0,-9.0,-9.0,-9.0,0.0,0.0,0.0,0.0,0.0,0.0,0.0,0.0,0,0,False,,M,True,school1,1,0,0,0,0,0,0,0,0,0,0,0,0,1551,0,0,0,0,9,2
573,29.0,1.0,1,1,3,1,13,55.0,False,0,True,True,False,629,1.5893842135696377,0.6719892678552234,9000,military,False,True,-1,-9.0,-9.0,-1,-9.0,-9.0,-9.0,0.0,1380,9.54847715098239,-5.761133023657388,18.560831,6.0,48.143955,101.89465,0.0,0.0,48.143955,48.143955,0.0,0.0,0.0,0,0,True,No_Telecommute,N,True,,0,0,0,120,3,2,0,1,0,0,0,0,0,1553,1,0,1,50,9,2
573,30.0,2.0,2,2,3,2,13,35.0,False,0,True,True,False,629,1.4262619758898665,0.5580323281920766,722,services,False,True,-1,-9.0,-9.0,-1,-9.0,-9.0,-9.0,0.0,23044,9.198035465615678,-4.487286046929227,9.64732,6.0,22.99543,46.05948,0.0,0.0,22.99543,22.99543,0.0,0.0,0.0,0,0,True,No_Telecommute,N,True,,0,0,1,6,2,1,1,0,0,1,0,0,0,1554,0,0,6,24,1,1
573,14.0,3.0,2,4,1,7,0,0.0,True,2,False,False,False,629,1.2681563916223442,1.080609085270622,0,,False,False,-1,-9.0,-9.0,7211,7.15692888678744,0.491376261700756,1.666075,11.928143,-1,-9.0,-9.0,-9.0,-9.0,-9.0,0.0,0.0,0.0,0.0,0.0,0.0,0.0,0.0,0,0,False,,M,True,school1,1,0,1,0,0,0,0,0,0,0,0,0,0,1555,0,2,0,0,9,2
573,4.0,4.0,2,4,1,8,0,0.0,True,1,False,False,False,629,0.4050288887175783,0.7373779325265928,0,,False,False,-1,-9.0,-9.0,629,10.62601764434976,5.832220982473342,0.28483966,1.7762281,-1,-9.0,-9.0,-9.0,-9.0,-9.0,0.0,0.0,0.0,0.0,0.0,0.0,0.0,0.0,0,0,False,,N,True,,0,0,1,92,2,1,0,0,0,0,1,0,0,1556,0,0,0,0,9,2
574,29.0,1.0,1,1,3,1,13,55.0,False,0,True,True,False,629,1.1063726399054332,1.881058759423485,9000,military,False,True,-1,-9.0,-9.0,-1,-9.0,-9.0,-9.0,0.0,5878,10.133596991828584,-2.972532263930622,10.160726,6.0,25.940084,57.171143,0.0,0.0,25.940084,25.940084,0.0,0.0,0.0,0,0,True,No_Telecommute,N,True,,0,0,0,89,1,1,0,0,0,0,0,0,0,1559,1,0,1,50,9,2
574,30.0,2.0,2,2,3,2,13,35.0,False,0,True,True,False,629,0.9226137737261942,1.4526934265917923,722,services,False,True,-1,-9.0,-9.0,-1,-9.0,-9.0,-9.0,0.0,7930,9.848199251354089,-0.2489870989778898,0.7505571,6.0,3.5234292,7.3703365,0.0,0.0,3.5234292,3.5234292,0.0,0.0,0.0,0,0,False,4_days_week,M,True,work1,1,1,0,0,4,4,0,0,0,0,0,0,0,1560,0,0,6,24,1,1
574,14.0,3.0,2,4,1,7,0,0.0,True,2,False,False,False,629,4.700281338427457,0.9475710788399626,0,,False,False,-1,-9.0,-9.0,11793,7.007689828973829,3.9506414581200033,0.28483966,1.7762281,-1,-9.0,-9.0,-9.0,-9.0,-9.0,0.0,0.0,0.0,0.0,0.0,0.0,0.0,0.0,0,0,False,,M,True,school1,1,0,0,0,0,0,0,0,0,0,0,0,0,1561,0,2,0,0,9,2
574,4.0,4.0,2,4,1,8,0,0.0,True,1,False,False,False,629,0.7817041129830377,0.9686048629392529,0,,False,False,-1,-9.0,-9.0,7574,6.948210368761005,4.133914207330193,0.5696793,4.2285404,-1,-9.0,-9.0,-9.0,-9.0,-9.0,0.0,0.0,0.0,0.0,0.0,0.0,0.0,0.0,0,0,False,,M,True,school1,1,0,0,0,0,0,0,0,0,0,0,0,0,1562,0,0,0,0,9,2
574,2.0,5.0,2,4,1,8,0,0.0,True,1,False,False,False,629,0.4915545175811932,0.8973849646533815,0,,False,False,-1,-9.0,-9.0,23905,8.02897874788456,2.4805401706554235,2.6439967,12.648729,-1,-9.0,-9.0,-9.0,-9.0,-9.0,0.0,0.0,0.0,0.0,0.0,0.0,0.0,0.0,0,0,False,,M,True,school1,1,0,0,0,0,0,0,0,0,0,0,0,0,1563,0,0,0,0,9,2
574,1.0,6.0,2,4,1,8,0,0.0,True,1,False,False,False,629,1.3271111581130348,0.8449367024613949,0,,False,False,-1,-9.0,-9.0,3538,5.923476026414587,1.818200424579576,1.4707224,10.648403,-1,-9.0,-9.0,-9.0,-9.0,-9.0,0.0,0.0,0.0,0.0,0.0,0.0,0.0,0.0,0,0,False,,M,True,school2,2,0,0,0,0,0,0,0,0,0,0,0,0,1564,0,0,0,0,9,2
575,29.0,1.0,1,1,3,1,13,55.0,False,0,True,True,False,629,2.551710425790516,0.4323774578783601,9000,military,False,True,-1,-9.0,-9.0,-1,-9.0,-9.0,-9.0,0.0,5878,8.352286843743455,-5.920499513743282,10.160726,6.0,25.940084,57.171143,0.0,0.0,25.940084,25.940084,0.0,0.0,0.0,0,0,False,No_Telecommute,N,True,,0,0,0,12,4,3,0,0,1,0,0,0,0,1565,1,0,1,50,9,2
575,30.0,2.0,2,2,3,2,13,35.0,False,0,True,True,False,629,0.7605149318808719,0.4305448275053494,722,services,False,True,-1,-9.0,-9.0,-1,-9.0,-9.0,-9.0,0.0,6073,10.13130016048484,-0.1235810135891596,0.7505571,6.0,3.5234292,7.3703365,0.0,0.0,3.5234292,3.5234292,0.0,0.0,0.0,0,0,True,No_Telecommute,N,True,,0,0,0,89,1,1,0,0,0,0,0,0,0,1566,0,0,6,24,1,1
575,14.0,3.0,2,4,1,7,0,0.0,True,2,False,False,False,629,1.0737622289306286,1.0563569720320782,0,,False,False,-1,-9.0,-9.0,11793,7.3237614639178386,4.556508287069256,0.28483966,1.7762281,-1,-9.0,-9.0,-9.0,-9.0,-9.0,0.0,0.0,0.0,0.0,0.0,0.0,0.0,0.0,0,0,False,,M,True,school1,1,0,0,0,0,0,0,0,0,0,0,0,0,1567,0,2,0,0,9,2
575,2.0,5.0,2,4,1,8,0,0.0,True,1,False,False,False,629,1.100792263163179,3.7626807349451807,0,,False,False,-1,-9.0,-9.0,629,9.904429973690974,5.628025365872196,0.28483966,1.7762281,-1,-9.0,-9.0,-9.0,-9.0,-9.0,0.0,0.0,0.0,0.0,0.0,0.0,0.0,0.0,0,0,False,,M,True,school1,1,0,0,0,0,0,0,0,0,0,0,0,0,1569,0,0,0,0,9,2
576,74.0,1.0,1,3,3,5,13,0.0,False,0,False,False,False,629,1.612288820919539,0.4862299729879476,0,,False,False,-1,-9.0,-9.0,-1,-9.0,-9.0,-9.0,0.0,-1,-9.0,-9.0,-9.0,-9.0,-9.0,0.0,0.0,0.0,0.0,0.0,0.0,0.0,0.0,0,1,False,,N,True,,0,0,0,67,3,0,0,2,0,1,0,1,0,1571,0,0,0,0,1,1
576,45.0,2.0,1,3,2,3,13,53.0,True,4,False,False,False,629,0.7410652192892673,2.9254392653207653,48,prod_trans_move,False,False,-1,-9.0,-9.0,5313,7.788324930555554,2.735161849175594,0.9583259,7.123227,-1,-9.0,-9.0,-9.0,-9.0,-9.0,0.0,0.0,0.0,0.0,0.0,0.0,0.0,0.0,0,1,False,,M,True,school1,1,0,0,0,0,0,0,0,0,0,0,0,0,1572,0,6,0,0,1,1
577,19.0,2.0,1,3,3,4,9,35.0,False,0,False,False,False,629,0.6417455946080072,2.891105770721824,722,services,False,False,-1,-9.0,-9.0,-1,-9.0,-9.0,-9.0,0.0,-1,-9.0,-9.0,-9.0,-9.0,-9.0,0.0,0.0,0.0,0.0,0.0,0.0,0.0,0.0,0,0,False,,N,True,,0,0,0,35,1,0,0,1,0,0,0,0,0,1574,0,0,1,30,9,1
578,19.0,3.0,1,1,3,1,9,49.0,False,0,True,True,False,629,0.5332961414645355,0.4527345072331398,23,constr_maint,False,True,-1,-9.0,-9.0,-1,-9.0,-9.0,-9.0,0.0,19060,10.76247137019008,-1.8013219388428272,7.0972447,6.0,14.774759,28.658829,0.0,0.0,14.774759,14.774759,0.0,0.0,0.0,0,0,True,2_3_days_week,M,True,work2,2,2,0,0,0,0,0,0,0,0,0,0,0,1577,0,0,1,35,8,2
579,63.0,1.0,2,3,2,3,13,37.0,True,4,False,False,False,629,0.641706469510712,0.9879808178638376,56,services,False,False,-1,-9.0,-9.0,19370,6.992922584051764,-3.08402332782883,15.309061,38.96555,-1,-9.0,-9.0,-9.0,-9.0,-9.0,0.0,0.0,0.0,0.0,0.0,0.0,0.0,0.0,0,0,False,,M,True,school1,1,0,0,0,0,0,0,0,0,0,0,0,0,1578,0,6,0,0,8,2
579,35.0,2.0,2,3,3,4,13,0.0,False,0,False,False,False,629,0.4944572922460684,0.7154734788675119,0,,False,False,-1,-9.0,-9.0,-1,-9.0,-9.0,-9.0,0.0,-1,-9.0,-9.0,-9.0,-9.0,-9.0,0.0,0.0,0.0,0.0,0.0,0.0,0.0,0.0,0,0,False,,N,True,,0,0,0,35,1,0,0,1,0,0,0,0,0,1579,0,0,0,0,8,2
580,37.0,1.0,2,1,3,1,13,31.0,False,0,True,True,False,629,0.6787090023931605,1.5369446482259606,56,health,False,True,-1,-9.0,-9.0,-1,-9.0,-9.0,-9.0,0.0,20871,10.722224189986044,-3.658833308931028,22.286196,7.0,39.035263,75.95033,0.0,0.0,39.035263,39.035263,0.0,0.0,0.0,0,0,True,No_Telecommute,N,True,,0,0,0,89,2,2,0,0,0,0,0,0,0,1580,0,0,1,40,1,1
580,20.0,2.0,2,3,2,3,9,0.0,True,4,False,False,False,629,1.0878347611754091,0.6355461928852022,0,,False,False,-1,-9.0,-9.0,5313,6.880817484818066,2.3849123848957925,0.9583259,7.123227,-1,-9.0,-9.0,-9.0,-9.0,-9.0,0.0,0.0,0.0,0.0,0.0,0.0,0.0,0.0,0,0,False,,M,True,school1,1,0,0,0,1,1,0,0,0,0,0,0,0,1581,0,5,0,0,9,2
580,17.0,3.0,2,3,1,6,0,0.0,True,3,False,False,False,629,0.221475859770632,0.4878959379116176,0,,False,False,-1,-9.0,-9.0,7912,9.927137781687554,-1.2237334085737228,32.03075,76.859665,-1,-9.0,-9.0,-9.0,-9.0,-9.0,0.0,0.0,0.0,0.0,0.0,0.0,0.0,0.0,0,0,False,,M,True,school1,1,0,0,0,0,0,0,0,0,0,0,0,0,1582,0,5,0,0,9,2
580,16.0,4.0,2,3,1,6,0,0.0,True,3,False,False,False,629,3.0458158518451977,0.4465574033856472,0,,False,False,-1,-9.0,-9.0,7004,9.342319316325788,1.876172777330727,1.1491834,8.765608,-1,-9.0,-9.0,-9.0,-9.0,-9.0,0.0,0.0,0.0,0.0,0.0,0.0,0.0,0.0,0,0,False,,M,True,school1,1,0,0,0,0,0,0,0,0,0,0,0,0,1583,0,5,0,0,9,2
580,13.0,5.0,2,4,1,7,0,0.0,True,2,False,False,False,629,0.5256533250305047,0.8421818728050564,0,,False,False,-1,-9.0,-9.0,11793,7.468110762001992,5.404923398799903,0.28483966,1.7762281,-1,-9.0,-9.0,-9.0,-9.0,-9.0,0.0,0.0,0.0,0.0,0.0,0.0,0.0,0.0,0,0,False,,M,True,school1,1,0,0,0,0,0,0,0,0,0,0,0,0,1584,0,2,0,0,8,2
580,5.0,6.0,2,4,1,8,0,0.0,True,1,False,False,False,629,0.9898189344926585,0.7412333942756237,0,,False,False,-1,-9.0,-9.0,19277,10.2236970317041,-3.1503740994587446,13.319891,35.126923,-1,-9.0,-9.0,-9.0,-9.0,-9.0,0.0,0.0,0.0,0.0,0.0,0.0,0.0,0.0,0,0,False,,N,True,,0,0,0,101,2,1,0,0,1,0,0,0,0,1585,0,2,0,0,9,2
581,64.0,1.0,1,3,3,4,13,0.0,False,0,False,False,False,629,1.3353294771989492,1.6424966642303895,0,,False,False,-1,-9.0,-9.0,-1,-9.0,-9.0,-9.0,0.0,-1,-9.0,-9.0,-9.0,-9.0,-9.0,0.0,0.0,0.0,0.0,0.0,0.0,0.0,0.0,0,0,False,,N,True,,0,0,0,2,3,0,0,0,0,3,0,0,2,1586,0,0,0,0,2,1
583,21.0,1.0,1,1,3,1,9,55.0,False,0,True,True,False,629,1.7478797755411448,0.9226617650674568,9000,military,False,True,-1,-9.0,-9.0,-1,-9.0,-9.0,-9.0,0.0,1380,8.905235262729718,-6.827567324997074,18.560831,6.0,48.143955,101.89465,0.0,0.0,48.143955,48.143955,0.0,0.0,0.0,0,0,False,1_day_week,M,True,work1,1,1,0,0,0,0,0,0,0,0,0,0,0,1590,1,0,1,42,9,2
583,22.0,3.0,1,3,3,4,13,45.0,False,0,False,False,False,629,0.4956370894593307,1.0483386292141028,42,constr_maint,False,False,-1,-9.0,-9.0,-1,-9.0,-9.0,-9.0,0.0,-1,-9.0,-9.0,-9.0,-9.0,-9.0,0.0,0.0,0.0,0.0,0.0,0.0,0.0,0.0,0,0,False,,N,True,,0,0,0,89,1,1,0,0,0,0,0,0,0,1592,0,0,5,40,9,2
584,21.0,1.0,1,1,3,1,9,55.0,False,0,True,False,True,629,1.0739913832916148,1.4304252025190385,9000,military,False,True,24331,5.080769610393209,-6.192259596699239,-1,-9.0,-9.0,-9.0,0.0,24331,5.080769610393209,-6.192259596699239,25.26746,-9.0,44.984253,88.81557,0.0,0.0,0.0,0.0,0.0,0.0,0.0,0,0,True,4_days_week,N,True,,0,0,1,0,0,0,0,1,0,0,0,0,0,1593,1,0,1,42,9,2
586,72.0,1.0,2,3,3,5,13,13.0,False,0,False,False,False,638,2.435776364799517,1.7362622706181905,54,mngt_busi_scic_arts,False,False,-1,-9.0,-9.0,-1,-9.0,-9.0,-9.0,0.0,-1,-9.0,-9.0,-9.0,-9.0,-9.0,0.0,0.0,0.0,0.0,0.0,0.0,0.0,0.0,0,0,False,,N,True,,0,0,0,1,1,0,0,0,0,1,0,0,0,1597,0,0,0,0,1,1
587,72.0,1.0,1,3,3,5,13,17.0,False,0,False,False,False,638,0.9118464162199802,0.4525544781721509,51,mngt_busi_scic_arts,False,False,-1,-9.0,-9.0,-1,-9.0,-9.0,-9.0,0.0,-1,-9.0,-9.0,-9.0,-9.0,-9.0,0.0,0.0,0.0,0.0,0.0,0.0,0.0,0.0,0,0,False,,N,True,,0,0,0,35,1,0,0,1,0,0,0,0,0,1598,0,0,0,0,1,1
587,71.0,2.0,2,3,3,5,13,0.0,False,0,False,False,False,638,0.6455492743763502,0.4657424444771473,0,,False,False,-1,-9.0,-9.0,-1,-9.0,-9.0,-9.0,0.0,-1,-9.0,-9.0,-9.0,-9.0,-9.0,0.0,0.0,0.0,0.0,0.0,0.0,0.0,0.0,0,0,False,,N,True,,0,0,0,1,1,0,0,0,0,1,0,0,0,1599,0,0,0,0,1,1
588,31.0,1.0,1,1,3,1,13,13.0,False,0,True,True,False,638,0.4411716859086221,1.1435434912602145,53,mngt_busi_scic_arts,False,True,-1,-9.0,-9.0,-1,-9.0,-9.0,-9.0,0.0,646,12.146607713189876,-2.1102726189160688,14.806109,6.0,28.62507,58.25792,0.0,0.0,28.62507,28.62507,0.0,0.0,0.0,0,1,True,No_Telecommute,N,True,,0,0,0,24,2,0,0,0,2,0,0,1,0,1600,0,0,1,50,1,1
588,26.0,2.0,2,1,3,1,13,31.0,False,0,True,False,True,638,0.457423016662364,0.7591842441416788,62,health,False,True,24333,5.3162234887669335,-1.6572617074807938,-1,-9.0,-9.0,-9.0,0.0,24333,5.3162234887669335,-1.6572617074807938,19.388208,-9.0,18.818518,36.732883,0.0,0.0,0.0,0.0,0.0,0.0,0.0,0,0,True,No_Telecommute,N,True,,0,0,0,35,1,0,0,1,0,0,0,0,0,1601,0,6,1,35,1,1
590,34.0,1.0,2,1,3,1,13,43.0,False,0,True,True,False,638,2.3953041505348978,1.4044791565221382,62,sales_office,False,True,-1,-9.0,-9.0,-1,-9.0,-9.0,-9.0,0.0,3451,9.045263414767271,-0.1756335412398732,0.09524892,6.0,0.38068378,0.76141,0.0,6.0,0.38068378,0.38068378,0.0,0.0,0.0,0,0,True,No_Telecommute,M,True,work2,2,2,0,0,0,0,0,0,0,0,0,0,0,1603,0,0,1,40,1,2
591,73.0,1.0,2,3,3,5,13,0.0,False,0,False,False,False,638,1.9676755665870655,0.9406778361236736,0,,False,False,-1,-9.0,-9.0,-1,-9.0,-9.0,-9.0,0.0,-1,-9.0,-9.0,-9.0,-9.0,-9.0,0.0,0.0,0.0,0.0,0.0,0.0,0.0,0.0,0,0,False,,N,True,,0,0,0,89,1,1,0,0,0,0,0,0,0,1604,0,0,0,0,1,1
591,53.0,2.0,2,1,3,1,13,29.0,False,0,True,True,False,638,0.4233030463680368,0.9698591770858422,62,health,False,True,-1,-9.0,-9.0,-1,-9.0,-9.0,-9.0,0.0,18654,10.970751899881614,-1.5103751185983498,9.773013,7.0,16.957281,33.364853,0.0,0.0,16.957281,16.957281,0.0,0.0,0.0,0,1,False,No_Telecommute,M,True,work1,1,1,0,0,0,0,0,0,0,0,0,0,0,1605,0,0,1,45,1,1
591,50.0,3.0,2,1,3,1,13,31.0,False,0,True,True,False,638,0.6609525313977014,0.6102774137748989,81,health,False,True,-1,-9.0,-9.0,-1,-9.0,-9.0,-9.0,0.0,19535,10.587446777856046,-2.587398989559083,12.447029,6.0,24.274317,50.2351,0.0,0.0,24.274317,24.274317,0.0,0.0,0.0,0,0,True,No_Telecommute,N,True,,0,0,0,1,1,0,0,0,0,1,0,0,0,1606,0,0,1,45,1,1
592,57.0,1.0,2,1,3,1,13,11.0,False,0,True,True,False,638,0.6607483783525226,0.5145460950938431,722,mngt_busi_scic_arts,False,True,-1,-9.0,-9.0,-1,-9.0,-9.0,-9.0,0.0,7170,11.050488637426811,-4.653313252855467,28.278755,3.0,45.000526,87.30876,0.0,0.0,49.486,45.000526,0.9624136,25.000002,4.4854736,0,0,True,No_Telecommute,M,True,work1,1,1,0,0,0,0,0,0,0,0,0,0,0,1607,0,0,1,40,1,1
592,29.0,2.0,2,1,3,1,13,43.0,False,0,True,False,True,638,1.7213586712379454,1.257988720054441,53,sales_office,False,True,24333,5.042804496691405,-4.998884761831982,-1,-9.0,-9.0,-9.0,0.0,24333,5.042804496691405,-4.998884761831982,19.388208,-9.0,18.818518,36.732883,0.0,0.0,0.0,0.0,0.0,0.0,0.0,0,1,True,No_Telecommute,M,True,work2,2,2,0,12,1,0,0,0,1,0,0,0,0,1608,0,0,1,40,1,2
593,25.0,1.0,1,1,3,1,13,53.0,False,0,True,True,False,638,0.462317579191975,0.8519594390179116,81,prod_trans_move,False,True,-1,-9.0,-9.0,-1,-9.0,-9.0,-9.0,0.0,1261,11.444174959731376,-0.7189184303181148,0.67026716,6.0,2.788032,5.251608,0.0,7.175,3.0063365,2.788032,0.0,0.0,0.2183044,0,1,True,No_Telecommute,M,True,work1,1,1,0,0,0,0,0,0,0,0,0,0,0,1609,0,0,5,48,1,2
593,18.0,2.0,1,3,3,4,9,35.0,False,0,False,False,False,638,1.345600356726267,1.33557623847661,722,services,False,False,-1,-9.0,-9.0,-1,-9.0,-9.0,-9.0,0.0,-1,-9.0,-9.0,-9.0,-9.0,-9.0,0.0,0.0,0.0,0.0,0.0,0.0,0.0,0.0,0,0,False,,N,True,,0,0,0,30,3,0,1,0,2,0,0,1,0,1610,0,0,0,0,1,2
594,29.0,1.0,2,1,3,1,13,41.0,False,0,True,True,False,638,1.0065414071290142,1.952452493832377,56,sales_office,False,True,-1,-9.0,-9.0,-1,-9.0,-9.0,-9.0,0.0,16857,11.517760214790878,-4.509405109460973,18.755733,7.0,39.874355,79.012024,0.0,0.0,39.874355,39.874355,0.0,0.0,0.0,0,1,False,No_Telecommute,M,True,work1,1,1,0,0,0,0,0,0,0,0,0,0,0,1611,0,0,1,40,1,2
595,33.0,1.0,2,2,2,3,13,41.0,True,4,True,True,False,638,1.5773962012185556,0.9199230517693738,53,sales_office,False,True,-1,-9.0,-9.0,23114,6.202782420973335,-4.149844261643723,7.6733613,22.979916,6673,10.502413024662784,-1.9996383061311236,1.7678522,6.0,5.9844255,12.630287,0.0,0.0,5.9844255,5.9844255,0.0,0.0,0.0,0,0,True,No_Telecommute,N,True,,0,0,0,3,1,0,0,0,0,0,1,0,0,1612,0,6,4,30,1,2
595,38.0,2.0,1,3,3,4,13,41.0,False,0,False,False,False,638,0.7506983634672972,0.4134318107153266,53,sales_office,False,False,-1,-9.0,-9.0,-1,-9.0,-9.0,-9.0,0.0,-1,-9.0,-9.0,-9.0,-9.0,-9.0,0.0,0.0,0.0,0.0,0.0,0.0,0.0,0.0,0,0,False,,N,True,,0,0,0,1,1,0,0,0,0,1,0,0,0,1613,0,0,4,40,2,1
596,71.0,1.0,1,3,3,5,13,0.0,False,0,False,False,False,638,0.7190118319793026,1.581332496490462,0,,False,False,-1,-9.0,-9.0,-1,-9.0,-9.0,-9.0,0.0,-1,-9.0,-9.0,-9.0,-9.0,-9.0,0.0,0.0,0.0,0.0,0.0,0.0,0.0,0.0,0,0,False,,N,True,,0,0,1,0,0,0,0,0,0,0,1,0,0,1614,0,0,0,0,1,2
596,37.0,3.0,2,1,3,1,13,43.0,False,0,True,True,False,638,0.4661850175102088,1.0381656687616871,33,sales_office,False,True,-1,-9.0,-9.0,-1,-9.0,-9.0,-9.0,0.0,23892,11.653576608046958,-0.8710668201835811,4.305018,6.0,10.947646,21.917805,0.0,0.0,10.947646,9.8919935,0.0,0.0,1.0556526,0,1,False,1_day_week,N,True,,0,0,1,12,1,0,0,0,1,0,0,0,0,1616,0,0,4,40,1,2
597,72.0,1.0,1,3,3,5,13,17.0,False,0,False,False,False,638,0.3722326226791456,0.7349702005661451,54,mngt_busi_scic_arts,False,False,-1,-9.0,-9.0,-1,-9.0,-9.0,-9.0,0.0,-1,-9.0,-9.0,-9.0,-9.0,-9.0,0.0,0.0,0.0,0.0,0.0,0.0,0.0,0.0,0,0,False,,N,True,,0,0,1,0,0,0,0,1,0,0,0,0,0,1617,0,0,0,0,1,1
597,69.0,2.0,2,3,3,5,13,0.0,False,0,False,False,False,638,1.272254277588389,0.7908398212674062,0,,False,False,-1,-9.0,-9.0,-1,-9.0,-9.0,-9.0,0.0,-1,-9.0,-9.0,-9.0,-9.0,-9.0,0.0,0.0,0.0,0.0,0.0,0.0,0.0,0.0,0,0,False,,N,True,,0,0,1,36,2,0,0,1,0,1,0,0,0,1618,0,0,0,0,1,1
598,21.0,1.0,1,2,3,2,9,55.0,False,0,True,True,False,638,0.548014543444398,0.358054619821533,9000,military,False,True,-1,-9.0,-9.0,-1,-9.0,-9.0,-9.0,0.0,5878,9.457407986917142,-1.550278337806326,9.415742,6.0,23.837019,52.07206,0.0,0.0,23.837019,23.837019,0.0,0.0,0.0,0,0,False,No_Telecommute,M,True,work1,1,1,0,12,1,0,0,0,1,0,0,0,0,1619,1,0,1,9,1,2
599,28.0,1.0,1,1,3,1,13,13.0,False,0,True,True,False,638,3.157294945346476,0.4478625769931502,9000,mngt_busi_scic_arts,False,True,-1,-9.0,-9.0,-1,-9.0,-9.0,-9.0,0.0,7951,8.814180041850628,-4.013911745601206,2.6758096,6.0,4.994143,10.432508,0.0,0.0,4.994143,4.994143,0.0,0.0,0.0,0,0,True,No_Telecommute,M,True,work1,1,1,0,0,0,0,0,0,0,0,0,0,0,1621,1,0,1,60,9,2
599,28.0,2.0,2,1,3,1,13,25.0,False,0,True,True,False,638,0.2035519048014143,0.9494651206432948,61,services,False,True,-1,-9.0,-9.0,-1,-9.0,-9.0,-9.0,0.0,13596,11.815436735636364,-0.872316792450254,9.415742,6.0,23.837019,52.07206,0.0,0.0,23.837019,23.837019,0.0,0.0,0.0,0,0,True,No_Telecommute,N,True,,0,0,0,12,1,0,0,0,1,0,0,0,0,1622,0,0,1,40,9,2
600,38.0,1.0,1,1,3,1,13,55.0,False,0,True,True,False,638,1.4876173951455387,0.6446381673227547,9000,military,False,True,-1,-9.0,-9.0,-1,-9.0,-9.0,-9.0,0.0,5878,9.64511302019472,-3.169285405432149,9.415742,6.0,23.837019,52.07206,0.0,0.0,23.837019,23.837019,0.0,0.0,0.0,0,0,True,No_Telecommute,M,True,work1,1,1,0,157,3,2,0,0,0,1,0,0,0,1623,1,0,1,48,1,1
600,44.0,2.0,2,1,3,1,13,25.0,False,0,True,True,False,638,0.4095549280952098,0.8444871455622056,62,services,False,True,-1,-9.0,-9.0,-1,-9.0,-9.0,-9.0,0.0,11387,11.915363834116786,-2.572751757577935,24.57349,3.0,51.886463,100.16523,0.0,0.0,51.886463,47.864,0.0,0.0,4.0224648,0,0,True,No_Telecommute,M,True,work1,1,1,0,1,1,0,0,0,0,1,0,0,0,1624,0,0,3,35,3,2
600,14.0,3.0,1,4,1,7,0,0.0,True,2,False,False,False,638,2.5950149854065523,1.232415823169034,0,,False,False,-1,-9.0,-9.0,7296,6.715523194060189,3.823464940675975,3.1964881,12.901573,-1,-9.0,-9.0,-9.0,-9.0,-9.0,0.0,0.0,0.0,0.0,0.0,0.0,0.0,0.0,0,0,False,,M,True,school1,1,0,0,0,0,0,0,0,0,0,0,0,0,1625,0,2,0,0,3,2
600,12.0,4.0,2,4,1,7,0,0.0,True,2,False,False,False,638,2.7588438798053043,1.8804279341996455,0,,False,False,-1,-9.0,-9.0,15662,6.194656446143205,-4.911791868053796,15.356315,34.85775,-1,-9.0,-9.0,-9.0,-9.0,-9.0,0.0,0.0,0.0,0.0,0.0,0.0,0.0,0.0,0,0,False,,M,True,school1,1,0,0,0,0,0,0,0,0,0,0,0,0,1626,0,2,0,0,3,2
601,69.0,2.0,1,3,3,5,13,53.0,False,0,False,False,False,638,1.4002897758971675,0.3366345947143021,42,prod_trans_move,False,False,-1,-9.0,-9.0,-1,-9.0,-9.0,-9.0,0.0,-1,-9.0,-9.0,-9.0,-9.0,-9.0,0.0,0.0,0.0,0.0,0.0,0.0,0.0,0.0,0,0,False,,N,True,,0,0,0,1,1,0,0,0,0,1,0,0,0,1628,0,0,5,4,1,1
602,30.0,1.0,2,1,3,1,13,43.0,False,0,True,True,False,638,0.8171804739647902,0.3653307448319225,33,sales_office,False,True,-1,-9.0,-9.0,-1,-9.0,-9.0,-9.0,0.0,3537,10.93504030304787,-3.18405510122958,10.408849,6.0,24.081316,49.129646,0.0,0.0,24.290606,24.081316,0.0,0.0,0.20928955,0,1,False,No_Telecommute,M,True,work1,1,1,0,13,2,0,0,0,1,1,0,0,0,1629,0,0,1,40,9,2
604,30.0,1.0,2,1,3,1,13,19.0,False,0,True,True,False,638,0.312054320727889,1.08200569297215,62,mngt_busi_scic_arts,False,True,-1,-9.0,-9.0,-1,-9.0,-9.0,-9.0,0.0,16196,11.945310066506377,-1.1198983006162373,7.1487536,6.0,16.416628,35.11712,0.0,0.0,18.900389,16.416628,0.0,0.0,2.4837608,0,0,True,2_3_days_week,M,True,work1,1,1,0,0,0,0,0,0,0,0,0,0,0,1631,0,0,1,36,1,1
604,32.0,2.0,1,3,3,4,13,99.0,False,0,False,False,False,638,1.484194151911175,1.3061729173904109,99,,False,False,-1,-9.0,-9.0,-1,-9.0,-9.0,-9.0,0.0,-1,-9.0,-9.0,-9.0,-9.0,-9.0,0.0,0.0,0.0,0.0,0.0,0.0,0.0,0.0,0,0,False,,N,True,,0,0,0,12,1,0,0,0,1,0,0,0,0,1632,0,0,0,0,1,1
605,88.0,1.0,2,3,3,5,13,0.0,False,0,False,False,False,638,0.9630605984132892,1.31366730075119,0,,False,False,-1,-9.0,-9.0,-1,-9.0,-9.0,-9.0,0.0,-1,-9.0,-9.0,-9.0,-9.0,-9.0,0.0,0.0,0.0,0.0,0.0,0.0,0.0,0.0,0,0,False,,N,True,,0,0,0,1,1,0,0,0,0,1,0,0,0,1633,0,0,0,0,9,2
606,60.0,1.0,2,1,3,1,13,25.0,False,0,True,True,False,638,1.6366616059397563,1.0664910633754272,61,services,False,True,-1,-9.0,-9.0,-1,-9.0,-9.0,-9.0,0.0,229,9.597648205101764,-0.7857326153094333,0.4265082,6.0,1.5064336,2.8786097,0.0,6.942,1.7157233,1.5064336,0.0,0.0,0.20928967,0,0,False,No_Telecommute,N,True,,0,0,0,12,1,0,0,0,1,0,0,0,0,1634,0,0,1,50,1,1
606,68.0,2.0,1,2,3,2,13,37.0,False,0,True,True,False,638,1.324885438043758,0.8518014753876588,56,services,False,True,-1,-9.0,-9.0,-1,-9.0,-9.0,-9.0,0.0,16337,9.158613780398191,-3.8370506901030392,7.092981,6.0,13.962936,27.399473,0.0,0.0,13.962936,13.962936,0.0,0.0,0.0,0,0,True,1_day_week,N,True,,0,0,1,2,2,0,0,1,0,2,0,0,1,1635,0,0,2,18,1,1
607,84.0,1.0,2,3,3,5,13,0.0,False,0,False,False,False,638,1.956664271178732,0.7871951792514151,0,,False,False,-1,-9.0,-9.0,-1,-9.0,-9.0,-9.0,0.0,-1,-9.0,-9.0,-9.0,-9.0,-9.0,0.0,0.0,0.0,0.0,0.0,0.0,0.0,0.0,0,0,False,,N,True,,0,0,0,3,1,0,0,0,0,0,1,0,0,1637,0,0,0,0,1,1
608,31.0,1.0,1,1,3,1,13,17.0,False,0,True,True,False,638,0.4935354498518163,1.219571416704858,54,mngt_busi_scic_arts,False,True,-1,-9.0,-9.0,-1,-9.0,-9.0,-9.0,0.0,4681,12.082046618181597,-3.448985676181848,26.912584,3.0,55.05155,112.10866,0.0,0.0,55.05155,55.05155,0.0,0.0,0.0,0,0,False,4_days_week,N,True,,0,0,0,12,1,0,0,0,1,0,0,0,0,1638,0,0,1,40,6,1
608,32.0,2.0,2,1,3,1,13,19.0,False,0,True,True,False,638,0.4561416284718717,0.5614072437038055,54,mngt_busi_scic_arts,False,True,-1,-9.0,-9.0,-1,-9.0,-9.0,-9.0,0.0,19081,11.85422018187794,-1.8830032288244385,12.1872425,6.0,28.162436,56.24166,0.0,0.0,28.318521,26.692453,0.0,0.0,1.6260681,0,0,False,2_3_days_week,M,True,work1,1,1,0,0,0,0,0,0,0,0,0,0,0,1639,0,0,1,40,6,1
609,40.0,1.0,2,1,3,1,13,11.0,False,0,True,True,False,638,0.6819106005571437,0.6456609760239906,61,mngt_busi_scic_arts,False,True,-1,-9.0,-9.0,-1,-9.0,-9.0,-9.0,0.0,15946,11.0875105427812,-3.163395224199294,14.637749,6.0,29.317636,60.779854,0.0,0.0,29.317636,29.317636,0.0,0.0,0.0,0,0,False,No_Telecommute,N,True,,0,0,0,15,4,2,0,0,1,0,1,0,0,1640,0,0,3,40,1,1
609,40.0,2.0,1,3,3,4,13,45.0,False,0,False,False,False,638,0.9541192466593544,2.137395643685105,11,constr_maint,False,False,-1,-9.0,-9.0,-1,-9.0,-9.0,-9.0,0.0,-1,-9.0,-9.0,-9.0,-9.0,-9.0,0.0,0.0,0.0,0.0,0.0,0.0,0.0,0.0,0,0,False,,N,True,,0,0,0,35,3,2,0,1,0,0,0,0,0,1641,0,0,6,8,9,2
609,12.0,3.0,2,4,1,7,0,0.0,True,2,False,False,False,638,0.3968485203023992,0.698489246887377,0,,False,False,-1,-9.0,-9.0,16377,6.218200051901404,0.1420187220298886,6.3373785,23.318344,-1,-9.0,-9.0,-9.0,-9.0,-9.0,0.0,0.0,0.0,0.0,0.0,0.0,0.0,0.0,0,0,False,,M,True,school1,1,0,0,0,0,0,0,0,0,0,0,0,0,1642,0,2,0,0,9,2
609,10.0,4.0,2,4,1,7,0,0.0,True,2,False,False,False,638,0.3867587936785913,0.6713970791967665,0,,False,False,-1,-9.0,-9.0,16301,6.300095048834473,0.0849739852170669,7.6095963,28.74808,-1,-9.0,-9.0,-9.0,-9.0,-9.0,0.0,0.0,0.0,0.0,0.0,0.0,0.0,0.0,0,0,False,,M,True,school1,1,0,0,0,0,0,0,0,0,0,0,0,0,1643,0,2,0,0,9,2
610,35.0,1.0,1,1,3,1,13,55.0,False,0,True,True,False,638,0.4844026029954523,0.6581594238444306,9000,military,False,True,-1,-9.0,-9.0,-1,-9.0,-9.0,-9.0,0.0,5878,10.737377657837577,-1.373756430916982,9.415742,6.0,23.837019,52.07206,0.0,0.0,23.837019,23.837019,0.0,0.0,0.0,0,0,True,No_Telecommute,N,True,,0,0,0,66,2,0,0,2,0,0,0,1,0,1644,1,0,1,40,1,1
610,30.0,2.0,2,3,2,3,13,31.0,True,4,False,False,False,638,2.1895507313769222,0.6475936713084931,62,health,False,False,-1,-9.0,-9.0,23114,5.770652096997204,-5.74199175302273,7.6733613,22.979916,-1,-9.0,-9.0,-9.0,-9.0,-9.0,0.0,0.0,0.0,0.0,0.0,0.0,0.0,0.0,0,0,False,,M,True,school1,1,0,0,0,0,0,0,0,0,0,0,0,0,1645,0,6,0,0,1,1
611,30.0,1.0,2,1,3,1,13,43.0,False,0,True,False,False,638,1.7139480551518274,2.171315884342353,55,sales_office,True,False,-1,-9.0,-9.0,-1,-9.0,-9.0,-9.0,0.0,-1,-9.0,-9.0,-9.0,-9.0,-9.0,0.0,0.0,0.0,0.0,0.0,0.0,0.0,0.0,0,0,False,,N,True,,0,0,0,3,1,0,0,0,0,0,1,0,0,1646,0,0,1,45,2,1
612,62.0,1.0,2,3,3,4,13,0.0,False,0,False,False,False,638,0.7297908437258473,0.4585893426170476,0,,False,False,-1,-9.0,-9.0,-1,-9.0,-9.0,-9.0,0.0,-1,-9.0,-9.0,-9.0,-9.0,-9.0,0.0,0.0,0.0,0.0,0.0,0.0,0.0,0.0,0,0,False,,N,True,,0,0,0,47,2,0,0,1,1,0,0,1,0,1647,0,0,0,0,1,1
613,85.0,1.0,2,3,3,5,13,0.0,False,0,False,False,False,638,0.2710596181930035,1.3251435233298947,0,,False,False,-1,-9.0,-9.0,-1,-9.0,-9.0,-9.0,0.0,-1,-9.0,-9.0,-9.0,-9.0,-9.0,0.0,0.0,0.0,0.0,0.0,0.0,0.0,0.0,0,0,False,,N,True,,0,0,0,12,1,0,0,0,1,0,0,0,0,1648,0,0,0,0,1,1
614,30.0,2.0,2,1,3,1,13,13.0,False,0,True,False,True,638,0.3685276141867745,0.9367660129260568,32,mngt_busi_scic_arts,False,True,24331,5.3187918661934175,-1.921668305529396,-1,-9.0,-9.0,-9.0,0.0,24331,5.3187918661934175,-1.921668305529396,25.704792,-9.0,43.9876,87.15436,0.0,0.0,0.0,0.0,0.0,0.0,0.0,0,0,True,No_Telecommute,M,True,work1,1,1,0,35,1,0,0,1,0,0,0,0,0,1650,0,0,1,50,1,1
615,32.0,2.0,2,3,3,4,13,41.0,False,0,False,False,False,638,0.7666168577930833,1.7949674105263365,49,sales_office,False,False,-1,-9.0,-9.0,-1,-9.0,-9.0,-9.0,0.0,-1,-9.0,-9.0,-9.0,-9.0,-9.0,0.0,0.0,0.0,0.0,0.0,0.0,0.0,0.0,0,1,False,,N,True,,0,0,0,89,1,1,0,0,0,0,0,0,0,1652,0,0,6,5,9,2
616,27.0,1.0,1,1,3,1,13,11.0,False,0,True,True,False,638,0.8989967708240768,1.3405989565583527,9000,mngt_busi_scic_arts,False,True,-1,-9.0,-9.0,-1,-9.0,-9.0,-9.0,0.0,18857,10.598833466644765,-3.6784557618859424,9.342621,6.0,23.7646,45.54609,0.0,0.0,23.920683,23.497995,0.0,0.0,0.42268753,0,0,True,No_Telecommute,M,True,work1,1,1,0,35,1,0,0,1,0,0,0,0,0,1653,1,0,1,40,9,2
616,27.0,2.0,2,3,2,3,13,21.0,True,4,False,False,False,638,1.1126825047339073,0.8405283178120229,62,mngt_busi_scic_arts,False,False,-1,-9.0,-9.0,19370,6.570459202201721,-4.427228520953962,15.3405075,37.26361,-1,-9.0,-9.0,-9.0,-9.0,-9.0,0.0,0.0,0.0,0.0,0.0,0.0,0.0,0.0,0,0,False,,N,True,,0,0,0,14,3,0,0,0,1,2,0,0,1,1654,0,6,0,0,9,2
617,40.0,1.0,1,1,3,1,13,43.0,False,0,True,True,False,638,0.4678571631197246,0.5186279281798742,54,sales_office,False,True,-1,-9.0,-9.0,-1,-9.0,-9.0,-9.0,0.0,10542,11.94271914242599,-2.8945273196403463,17.69334,3.0,42.58484,85.27748,0.0,0.0,42.79413,42.58484,0.0,0.0,0.20928955,0,0,True,4_days_week,M,True,work1,1,1,0,0,0,0,0,0,0,0,0,0,0,1655,0,0,1,40,1,1
617,56.0,2.0,1,2,3,2,13,31.0,False,0,True,True,False,638,0.5717677713946193,0.779004446476682,92,health,False,True,-1,-9.0,-9.0,-1,-9.0,-9.0,-9.0,0.0,24147,9.537640289156377,-2.668982674491992,12.991929,6.0,25.387712,52.395912,0.0,0.0,25.387712,25.387712,0.0,0.0,0.0,0,0,True,No_Telecommute,M,True,work1,1,1,0,0,0,0,0,0,0,0,0,0,0,1656,0,0,1,33,2,1
617,72.0,3.0,2,3,3,5,13,0.0,False,0,False,False,False,638,1.4497841472844322,1.7322223468111726,0,,False,False,-1,-9.0,-9.0,-1,-9.0,-9.0,-9.0,0.0,-1,-9.0,-9.0,-9.0,-9.0,-9.0,0.0,0.0,0.0,0.0,0.0,0.0,0.0,0.0,0,0,False,,N,True,,0,0,0,12,1,0,0,0,1,0,0,0,0,1657,0,0,0,0,2,1
618,60.0,1.0,2,1,3,1,13,11.0,False,0,True,True,False,638,1.0804656396321106,1.1584124512459586,53,mngt_busi_scic_arts,False,True,-1,-9.0,-9.0,-1,-9.0,-9.0,-9.0,0.0,24010,10.219864344640126,-2.389448449959886,6.4414,6.0,13.172747,27.072449,0.0,0.0,15.475377,13.172747,0.0,0.0,2.3026304,0,0,True,No_Telecommute,M,True,work1,1,1,0,0,0,0,0,0,0,0,0,0,0,1658,0,0,1,40,1,1
619,71.0,1.0,2,3,3,5,13,0.0,False,0,False,False,False,638,1.3165449815294763,0.6670966295079952,0,,False,False,-1,-9.0,-9.0,-1,-9.0,-9.0,-9.0,0.0,-1,-9.0,-9.0,-9.0,-9.0,-9.0,0.0,0.0,0.0,0.0,0.0,0.0,0.0,0.0,0,0,False,,N,True,,0,0,0,12,1,0,0,0,1,0,0,0,0,1659,0,0,0,0,1,1
620,51.0,1.0,2,1,3,1,13,29.0,False,0,True,True,False,638,0.7756249668124163,0.6403607658394704,92,health,False,True,-1,-9.0,-9.0,-1,-9.0,-9.0,-9.0,0.0,19123,10.416101549047598,-2.625010583148281,9.433149,6.0,19.301867,39.255157,0.0,0.0,19.301867,19.301867,0.0,0.0,0.0,0,0,True,No_Telecommute,M,True,work1,1,1,0,0,0,0,0,0,0,0,0,0,0,1660,0,0,1,40,9,2
620,55.0,2.0,2,1,3,1,13,25.0,False,0,True,True,False,638,1.5758244691452037,0.9621727192048528,61,services,False,True,-1,-9.0,-9.0,-1,-9.0,-9.0,-9.0,0.0,19962,9.46205298043478,-8.216210711939988,21.95816,7.0,36.05257,71.25929,0.0,6.126,36.05257,36.05257,0.0,0.0,0.0,1,1,True,1_day_week,M,True,work1,1,1,0,0,0,0,0,0,0,0,0,0,0,1661,0,0,1,40,9,2
622,74.0,1.0,2,3,3,5,13,43.0,False,0,False,False,False,644,0.3235266385608071,1.209837604218201,62,sales_office,False,False,-1,-9.0,-9.0,-1,-9.0,-9.0,-9.0,0.0,-1,-9.0,-9.0,-9.0,-9.0,-9.0,0.0,0.0,0.0,0.0,0.0,0.0,0.0,0.0,0,0,False,,N,True,,0,0,0,35,1,0,0,1,0,0,0,0,0,1663,0,0,0,0,1,1
623,33.0,2.0,1,1,3,1,13,43.0,False,0,True,True,False,644,0.6969975865000563,1.625685035948622,45,sales_office,False,True,-1,-9.0,-9.0,-1,-9.0,-9.0,-9.0,0.0,10531,11.846199984459252,-3.979407406240551,18.794893,3.0,44.86274,90.9358,0.0,0.0,44.86274,40.192043,0.0,0.0,4.6706963,0,0,True,No_Telecommute,M,True,work1,1,1,0,89,1,1,0,0,0,0,0,0,0,1665,0,0,1,40,1,1
623,7.0,3.0,2,4,1,7,0,0.0,True,2,False,False,False,644,0.3559786953098885,0.7076965089170747,0,,False,False,-1,-9.0,-9.0,15852,4.609609470566907,-1.9318099488605536,10.24653,29.049484,-1,-9.0,-9.0,-9.0,-9.0,-9.0,0.0,0.0,0.0,0.0,0.0,0.0,0.0,0.0,0,0,False,,N,True,,0,0,0,89,1,1,0,0,0,0,0,0,0,1666,0,2,0,0,1,2
623,2.0,4.0,1,4,1,8,0,0.0,True,1,False,False,False,644,1.432419579510646,1.0892521150868988,0,,False,False,-1,-9.0,-9.0,23894,8.89594353938103,2.8880133138987465,0.28743815,1.8815715,-1,-9.0,-9.0,-9.0,-9.0,-9.0,0.0,0.0,0.0,0.0,0.0,0.0,0.0,0.0,0,0,False,,N,True,,0,0,0,89,1,1,0,0,0,0,0,0,0,1667,0,0,0,0,1,2
625,60.0,1.0,2,3,3,4,13,53.0,False,0,False,False,False,644,0.3429687989328527,1.097484879812753,42,prod_trans_move,False,False,-1,-9.0,-9.0,-1,-9.0,-9.0,-9.0,0.0,-1,-9.0,-9.0,-9.0,-9.0,-9.0,0.0,0.0,0.0,0.0,0.0,0.0,0.0,0.0,0,0,False,,N,True,,0,0,0,6,1,0,1,0,0,0,0,0,0,1669,0,0,0,0,1,1
625,58.0,2.0,1,1,3,1,13,13.0,False,0,True,True,False,644,0.9364899799419408,0.5953797101203544,51,mngt_busi_scic_arts,False,True,-1,-9.0,-9.0,-1,-9.0,-9.0,-9.0,0.0,4679,11.257999493884991,-5.600257528227039,25.306213,3.0,54.032677,110.05507,0.0,0.0,54.614758,54.032677,0.0,0.0,0.58208084,0,0,True,No_Telecommute,N,True,,0,0,0,12,1,0,0,0,1,0,0,0,0,1670,0,0,1,45,1,1
627,58.0,1.0,1,1,3,1,13,37.0,False,0,True,True,False,644,0.7057084133238314,1.1779692169215814,56,services,False,True,-1,-9.0,-9.0,-1,-9.0,-9.0,-9.0,0.0,19414,11.55209742950631,-2.845416806864262,13.716768,7.0,26.236635,53.030617,0.0,0.0,26.236635,25.926182,0.0,0.0,0.31045341,0,0,True,2_3_days_week,N,True,,0,0,0,36,2,0,0,1,0,1,0,0,0,1675,0,0,1,60,8,2
627,53.0,2.0,2,1,3,1,13,41.0,False,0,True,True,False,644,1.5057898550004634,0.8322496224933571,54,sales_office,False,True,-1,-9.0,-9.0,-1,-9.0,-9.0,-9.0,0.0,7616,10.319102031126858,-1.561624037010969,1.3221931,6.0,5.207352,11.332221,0.0,0.0,5.207352,5.207352,0.0,0.0,0.0,0,0,False,2_3_days_week,M,True,work1,1,1,0,101,2,1,0,0,1,0,0,0,0,1676,0,0,1,40,8,2
628,63.0,1.0,2,3,3,4,13,0.0,False,0,False,False,False,644,0.3425936311377917,0.676061109054947,0,,False,False,-1,-9.0,-9.0,-1,-9.0,-9.0,-9.0,0.0,-1,-9.0,-9.0,-9.0,-9.0,-9.0,0.0,0.0,0.0,0.0,0.0,0.0,0.0,0.0,0,0,False,,N,True,,0,0,0,8,3,0,1,0,0,2,0,0,1,1679,0,0,0,0,1,1
629,36.0,1.0,1,1,3,1,13,11.0,False,0,True,True,False,644,0.4114779700246462,0.7275831262643525,53,mngt_busi_scic_arts,False,True,-1,-9.0,-9.0,-1,-9.0,-9.0,-9.0,0.0,24068,12.54846404239196,-2.84154028351118,26.310104,3.0,50.979156,101.89551,0.0,5.577,52.55382,50.979156,0.0,0.0,1.5746651,0,0,False,No_Telecommute,M,True,work1,1,1,0,0,0,0,0,0,0,0,0,0,0,1680,0,0,1,60,1,1
629,34.0,2.0,2,3,3,4,13,11.0,False,0,False,False,False,644,2.1356118049894337,0.5135802261610576,54,mngt_busi_scic_arts,False,False,-1,-9.0,-9.0,-1,-9.0,-9.0,-9.0,0.0,-1,-9.0,-9.0,-9.0,-9.0,-9.0,0.0,0.0,0.0,0.0,0.0,0.0,0.0,0.0,0,0,False,,N,True,,0,0,0,89,1,1,0,0,0,0,0,0,0,1681,0,0,3,50,1,1
630,76.0,1.0,1,3,3,5,13,0.0,False,0,False,False,False,644,0.5319409339565417,1.592553928600044,0,,False,False,-1,-9.0,-9.0,-1,-9.0,-9.0,-9.0,0.0,-1,-9.0,-9.0,-9.0,-9.0,-9.0,0.0,0.0,0.0,0.0,0.0,0.0,0.0,0.0,0,0,False,,N,True,,0,0,1,31,4,0,1,0,3,1,0,2,0,1682,0,0,0,0,1,1
631,41.0,1.0,2,1,3,1,13,13.0,False,0,True,True,False,644,0.533696545749978,1.2106810131230246,62,mngt_busi_scic_arts,False,True,-1,-9.0,-9.0,-1,-9.0,-9.0,-9.0,0.0,20334,11.68498405144462,-2.750340677100684,17.827675,7.0,32.9026,65.743835,0.0,0.0,32.9026,32.9026,0.0,0.0,0.0,0,0,True,4_days_week,M,True,work1,1,1,0,0,2,2,0,0,0,0,0,0,0,1684,0,0,1,40,1,1
631,14.0,2.0,1,4,1,7,0,0.0,True,2,False,False,False,644,2.0917140585768794,0.7571012618867297,0,,False,False,-1,-9.0,-9.0,7296,5.834754075650045,-0.3944082966990981,1.0258399,7.2918797,-1,-9.0,-9.0,-9.0,-9.0,-9.0,0.0,0.0,0.0,0.0,0.0,0.0,0.0,0.0,0,0,False,,M,True,school1,1,0,0,0,0,0,0,0,0,0,0,0,0,1685,0,5,0,0,1,1
631,12.0,3.0,2,4,1,7,0,0.0,True,2,False,False,False,644,0.4869400433564961,0.8972411688913987,0,,False,False,-1,-9.0,-9.0,17816,1.4352473586480623,-3.097501025647704,30.026365,85.41371,-1,-9.0,-9.0,-9.0,-9.0,-9.0,0.0,0.0,0.0,0.0,0.0,0.0,0.0,0.0,0,0,False,,M,True,school1,1,0,0,0,0,0,0,0,0,0,0,0,0,1686,0,2,0,0,1,1
631,7.0,4.0,1,4,1,7,0,0.0,True,2,False,False,False,644,1.1350657702670768,0.2273550456915527,0,,False,False,-1,-9.0,-9.0,7296,5.92095311324935,0.9201835995467672,1.0258399,7.2918797,-1,-9.0,-9.0,-9.0,-9.0,-9.0,0.0,0.0,0.0,0.0,0.0,0.0,0.0,0.0,0,0,False,,M,True,school1,1,0,0,0,0,0,0,0,0,0,0,0,0,1687,0,2,0,0,1,1
632,74.0,1.0,2,3,3,5,13,0.0,False,0,False,False,False,644,0.6660795403066172,0.7883655453277987,0,,False,False,-1,-9.0,-9.0,-1,-9.0,-9.0,-9.0,0.0,-1,-9.0,-9.0,-9.0,-9.0,-9.0,0.0,0.0,0.0,0.0,0.0,0.0,0.0,0.0,0,0,False,,N,True,,0,0,0,36,2,0,0,1,0,1,0,0,0,1688,0,0,0,0,1,1
633,53.0,2.0,2,1,3,1,13,29.0,False,0,True,True,False,644,0.9729962926030268,0.9257644261262232,62,health,False,True,-1,-9.0,-9.0,-1,-9.0,-9.0,-9.0,0.0,5878,10.404186004559262,-2.9927095729295887,12.217138,6.0,29.680864,65.77752,0.0,0.0,29.680864,29.584106,0.0,0.0,0.09675789,0,0,False,No_Telecommute,M,True,work2,2,2,0,0,0,0,0,0,0,0,0,0,0,1690,0,0,1,45,1,1
633,50.0,3.0,2,1,3,1,13,31.0,False,0,True,False,False,644,1.3078324912998511,1.061541333486871,81,health,True,False,-1,-9.0,-9.0,-1,-9.0,-9.0,-9.0,0.0,-1,-9.0,-9.0,-9.0,-9.0,-9.0,0.0,0.0,0.0,0.0,0.0,0.0,0.0,0.0,0,1,False,,N,True,,0,0,0,2,2,0,0,0,0,2,0,0,1,1691,0,0,1,45,1,1
634,69.0,1.0,1,3,3,5,13,0.0,False,0,False,False,False,644,1.171560537787702,0.9226088733933192,0,,False,False,-1,-9.0,-9.0,-1,-9.0,-9.0,-9.0,0.0,-1,-9.0,-9.0,-9.0,-9.0,-9.0,0.0,0.0,0.0,0.0,0.0,0.0,0.0,0.0,0,0,False,,N,True,,0,0,0,35,1,0,0,1,0,0,0,0,0,1692,0,0,0,0,1,1
634,64.0,2.0,2,3,3,4,13,0.0,False,0,False,False,False,644,2.141932821092649,0.716733742113562,0,,False,False,-1,-9.0,-9.0,-1,-9.0,-9.0,-9.0,0.0,-1,-9.0,-9.0,-9.0,-9.0,-9.0,0.0,0.0,0.0,0.0,0.0,0.0,0.0,0.0,0,0,False,,N,True,,0,0,0,35,1,0,0,1,0,0,0,0,0,1693,0,0,0,0,1,1
635,44.0,1.0,1,2,3,2,13,47.0,False,0,True,True,False,644,0.7230426488871139,1.3811518467092403,23,constr_maint,False,True,-1,-9.0,-9.0,-1,-9.0,-9.0,-9.0,0.0,11199,9.148539052382247,-1.6281649519792996,2.9543583,6.0,8.155818,16.03651,0.0,4.923,8.155818,8.155818,0.0,0.0,0.0,0,0,True,No_Telecommute,N,True,,0,0,1,0,4,4,0,0,0,1,0,0,0,1694,0,0,3,30,1,2
635,15.0,3.0,2,4,1,7,0,0.0,True,3,False,False,False,644,1.1269833271502998,0.9000841166134889,0,,False,False,-1,-9.0,-9.0,15833,8.995021315571012,-3.5322357282713424,12.6479225,31.877115,-1,-9.0,-9.0,-9.0,-9.0,-9.0,0.0,0.0,0.0,0.0,0.0,0.0,0.0,0.0,0,0,False,,M,True,school1,1,0,1,0,0,0,0,0,0,0,0,0,0,1696,0,5,0,0,1,2
635,12.0,4.0,2,4,1,7,0,0.0,True,2,False,False,False,644,0.935697227641187,1.4955442412097852,0,,False,False,-1,-9.0,-9.0,16045,6.163443037162457,-1.3601141060254685,2.6851432,16.13302,-1,-9.0,-9.0,-9.0,-9.0,-9.0,0.0,0.0,0.0,0.0,0.0,0.0,0.0,0.0,0,0,False,,M,True,school1,1,0,1,0,0,0,0,0,0,0,0,0,0,1697,0,2,0,0,1,2
636,64.0,1.0,2,1,3,1,13,31.0,False,0,True,True,False,644,1.1340075141123762,1.7635920409120014,62,health,False,True,-1,-9.0,-9.0,-1,-9.0,-9.0,-9.0,0.0,19414,9.860120917676966,-4.90565583039503,13.716768,7.0,26.236635,53.030617,0.0,0.0,26.236635,25.926182,0.0,0.0,0.31045341,0,0,True,No_Telecommute,N,True,,0,0,0,6,1,0,1,0,0,0,0,0,0,1698,0,0,1,60,1,1
636,22.0,2.0,2,3,3,4,13,0.0,False,0,False,False,False,644,0.5153839152721702,0.9296404281739186,0,,False,False,-1,-9.0,-9.0,-1,-9.0,-9.0,-9.0,0.0,-1,-9.0,-9.0,-9.0,-9.0,-9.0,0.0,0.0,0.0,0.0,0.0,0.0,0.0,0.0,0,0,False,,N,True,,0,0,0,12,1,0,0,0,1,0,0,0,0,1699,0,0,0,0,1,1
636,66.0,3.0,2,3,3,5,13,0.0,False,0,False,False,False,644,1.3355747827415445,0.5630219664281496,0,,False,False,-1,-9.0,-9.0,-1,-9.0,-9.0,-9.0,0.0,-1,-9.0,-9.0,-9.0,-9.0,-9.0,0.0,0.0,0.0,0.0,0.0,0.0,0.0,0.0,0,0,False,,N,True,,0,0,0,1,1,0,0,0,0,1,0,0,0,1700,0,0,0,0,1,1
637,48.0,1.0,1,1,3,1,13,25.0,False,0,True,True,False,644,0.2886474174508086,0.9484253210510394,9000,services,False,True,-1,-9.0,-9.0,-1,-9.0,-9.0,-9.0,0.0,16254,12.617230433000232,-0.724263880901669,5.2328224,6.0,13.871653,29.35765,0.0,0.0,13.871653,13.871653,0.0,0.0,0.0,0,0,True,No_Telecommute,N,True,,0,0,0,42,3,0,1,1,0,1,0,0,0,1701,1,0,1,45,1,1
637,70.0,2.0,2,3,3,5,13,0.0,False,0,False,False,False,644,0.627363434902241,1.3662633155016244,0,,False,False,-1,-9.0,-9.0,-1,-9.0,-9.0,-9.0,0.0,-1,-9.0,-9.0,-9.0,-9.0,-9.0,0.0,0.0,0.0,0.0,0.0,0.0,0.0,0.0,0,0,False,,N,True,,0,0,0,12,1,0,0,0,1,0,0,0,0,1702,0,0,0,0,1,1
638,46.0,1.0,2,2,3,2,13,29.0,False,0,True,True,False,644,1.5572353232988465,0.7248133501881032,62,health,False,True,-1,-9.0,-9.0,-1,-9.0,-9.0,-9.0,0.0,23876,9.06361371031407,-1.2253351562157715,1.5509773,6.0,5.2187257,10.55216,0.0,0.0,5.2187257,5.2187257,0.0,0.0,0.0,0,0,True,No_Telecommute,M,True,work1,1,1,0,35,1,0,0,1,0,0,0,0,0,1704,0,0,1,21,1,1
638,47.0,2.0,1,1,3,1,13,33.0,False,0,True,True,False,644,0.8790924286544827,1.073039068729993,92,services,False,True,-1,-9.0,-9.0,-1,-9.0,-9.0,-9.0,0.0,23020,11.151379576457636,-2.660582252440439,8.213839,6.0,19.938868,41.029778,0.0,4.742,20.520945,19.938868,0.0,0.0,0.582077,0,0,True,No_Telecommute,M,True,work1,1,1,0,0,0,0,0,0,0,0,0,0,0,1705,0,0,1,45,1,1
638,16.0,3.0,2,3,1,6,0,27.0,True,3,False,False,False,644,1.0824461773010507,0.382203993958788,71,mngt_busi_scic_arts,False,False,-1,-9.0,-9.0,8039,9.282645011154749,-3.75680408962449,28.68214,75.377205,-1,-9.0,-9.0,-9.0,-9.0,-9.0,0.0,0.0,0.0,0.0,0.0,0.0,0.0,0.0,0,0,False,,M,True,school1,1,0,0,0,0,0,0,0,0,0,0,0,0,1706,0,5,6,3,1,1
638,13.0,4.0,2,4,1,7,0,0.0,True,2,False,False,False,644,1.010748445204653,2.85718615649674,0,,False,False,-1,-9.0,-9.0,8688,6.158208130465954,-5.313152253797261,38.647717,82.587494,-1,-9.0,-9.0,-9.0,-9.0,-9.0,0.0,0.0,0.0,0.0,0.0,0.0,0.0,0.0,0,0,False,,M,True,school1,1,0,0,0,0,0,0,0,0,0,0,0,0,1707,0,2,0,0,1,1
639,29.0,1.0,2,3,2,3,13,53.0,True,4,False,False,False,644,0.7530943569647951,0.4735095297036984,45,prod_trans_move,False,False,-1,-9.0,-9.0,19370,7.574905542814386,-1.980174889124347,12.010886,33.772964,-1,-9.0,-9.0,-9.0,-9.0,-9.0,0.0,0.0,0.0,0.0,0.0,0.0,0.0,0.0,0,0,False,,M,True,school1,1,0,0,0,0,0,0,0,0,0,0,0,0,1708,0,6,0,0,1,1
639,29.0,2.0,1,1,3,1,13,29.0,False,0,True,True,False,644,0.6076998912087471,1.1981996200810594,9000,health,False,True,-1,-9.0,-9.0,-1,-9.0,-9.0,-9.0,0.0,14332,11.08460032891755,-1.6396109503141456,5.538868,6.0,14.989544,31.804852,0.0,0.0,14.989544,14.989544,0.0,0.0,0.0,0,0,True,No_Telecommute,M,True,work1,1,1,0,0,0,0,0,0,0,0,0,0,0,1709,1,6,1,47,8,2
640,35.0,1.0,1,1,3,1,13,55.0,False,0,True,True,False,644,0.6636658616126073,1.1944472374907975,9000,military,False,True,-1,-9.0,-9.0,-1,-9.0,-9.0,-9.0,0.0,1535,10.496121829585208,-4.841528359521647,35.84259,3.0,59.32966,117.746864,0.0,0.0,59.91174,55.665295,0.0,0.0,4.2464447,0,0,False,No_Telecommute,M,True,work1,1,1,0,1,1,0,0,0,0,1,0,0,0,1710,1,0,1,60,1,1
640,35.0,2.0,2,2,3,2,13,25.0,False,0,True,True,False,644,0.8997001605292754,1.684917363968638,61,services,False,True,-1,-9.0,-9.0,-1,-9.0,-9.0,-9.0,0.0,16049,10.298546185498088,-1.2290520228499495,3.1004648,6.0,9.21942,19.246048,0.0,0.0,9.21942,9.21942,0.0,0.0,0.0,0,0,True,No_Telecommute,M,True,work1,1,1,0,1,4,3,0,0,0,1,0,0,0,1711,0,0,4,20,1,1
640,16.0,3.0,2,3,1,6,0,0.0,True,3,False,False,False,644,3.704381896345934,0.8700591004248601,0,,False,False,-1,-9.0,-9.0,7004,7.4257026896987375,-2.948694012757567,3.0449355,16.624626,-1,-9.0,-9.0,-9.0,-9.0,-9.0,0.0,0.0,0.0,0.0,0.0,0.0,0.0,0.0,0,0,False,,M,True,school1,1,0,0,0,0,0,0,0,0,0,0,0,0,1712,0,5,0,0,1,1
640,13.0,4.0,2,4,1,7,0,0.0,True,2,False,False,False,644,0.7255642852218286,0.5787612984118229,0,,False,False,-1,-9.0,-9.0,23884,6.314505309666196,1.9822497124796732,0.7775182,5.568881,-1,-9.0,-9.0,-9.0,-9.0,-9.0,0.0,0.0,0.0,0.0,0.0,0.0,0.0,0.0,0,0,False,,M,True,school1,1,0,0,0,0,0,0,0,0,0,0,0,0,1713,0,2,0,0,1,1
640,10.0,5.0,2,4,1,7,0,0.0,True,2,False,False,False,644,0.4707870073618055,0.8666479147822161,0,,False,False,-1,-9.0,-9.0,7296,6.466497227291967,2.87284013084234,1.0258399,7.2918797,-1,-9.0,-9.0,-9.0,-9.0,-9.0,0.0,0.0,0.0,0.0,0.0,0.0,0.0,0.0,0,0,False,,M,True,school1,1,0,0,0,0,0,0,0,0,0,0,0,0,1714,0,2,0,0,1,1
641,35.0,1.0,1,1,3,1,13,55.0,False,0,True,True,False,644,0.3715004862883805,0.9697071677089428,9000,military,False,True,-1,-9.0,-9.0,-1,-9.0,-9.0,-9.0,0.0,5878,11.28728168742255,-1.3612095546173557,12.217138,6.0,29.680864,65.77752,0.0,0.0,29.680864,29.584106,0.0,0.0,0.09675789,0,0,False,No_Telecommute,M,True,work1,1,1,0,0,0,0,0,0,0,0,0,0,0,1715,1,0,1,60,1,1
641,35.0,2.0,2,2,3,2,13,25.0,False,0,True,True,False,644,2.5276729997066725,0.556212492419695,61,services,False,True,-1,-9.0,-9.0,-1,-9.0,-9.0,-9.0,0.0,23262,8.81639704761788,-3.1163068554917936,2.488545,6.0,7.983443,16.903048,0.0,0.0,7.983443,7.983443,0.0,0.0,0.0,0,0,True,No_Telecommute,M,True,work1,1,1,0,0,2,2,0,0,0,0,0,0,0,1716,0,0,4,20,1,1
641,16.0,3.0,2,3,1,6,0,0.0,True,3,False,False,False,644,0.4644587326408582,0.635970535264701,0,,False,False,-1,-9.0,-9.0,16014,9.592284178982576,0.6149310082610905,2.129072,12.689072,-1,-9.0,-9.0,-9.0,-9.0,-9.0,0.0,0.0,0.0,0.0,0.0,0.0,0.0,0.0,0,0,False,,M,True,school1,1,0,0,0,0,0,0,0,0,0,0,0,0,1717,0,5,0,0,1,1
641,13.0,4.0,2,4,1,7,0,0.0,True,2,False,False,False,644,1.119282325985236,1.5522560946570392,0,,False,False,-1,-9.0,-9.0,7296,5.990335831681774,1.0061081736055015,1.0258399,7.2918797,-1,-9.0,-9.0,-9.0,-9.0,-9.0,0.0,0.0,0.0,0.0,0.0,0.0,0.0,0.0,0,0,False,,M,True,school1,1,0,0,0,0,0,0,0,0,0,0,0,0,1718,0,2,0,0,1,1
641,10.0,5.0,2,4,1,7,0,0.0,True,2,False,False,False,644,0.3845321160950182,0.596584072344633,0,,False,False,-1,-9.0,-9.0,7296,6.562026541836122,3.1386730398973963,1.0258399,7.2918797,-1,-9.0,-9.0,-9.0,-9.0,-9.0,0.0,0.0,0.0,0.0,0.0,0.0,0.0,0.0,0,0,False,,M,True,school1,1,0,0,0,0,0,0,0,0,0,0,0,0,1719,0,2,0,0,1,1
642,30.0,1.0,2,1,3,1,13,43.0,False,0,True,True,False,644,0.5776749564874255,1.3250683894019466,33,sales_office,False,True,-1,-9.0,-9.0,-1,-9.0,-9.0,-9.0,0.0,18971,11.557785141503016,-2.0323228052388105,7.515018,6.0,22.746931,45.450535,0.0,0.0,22.746931,22.746931,0.0,0.0,0.0,0,0,True,No_Telecommute,N,True,,0,0,0,35,1,0,0,1,0,0,0,0,0,1720,0,0,1,40,9,2
643,35.0,1.0,1,1,3,1,13,55.0,False,0,True,True,False,644,1.9855824721224669,0.6203451373661258,9000,military,False,True,-1,-9.0,-9.0,-1,-9.0,-9.0,-9.0,0.0,7369,8.496008259771031,-4.439099320630089,5.3282313,6.0,11.192425,28.326097,0.0,0.0,11.192425,11.095661,0.0,0.0,0.09676361,0,0,False,No_Telecommute,N,True,,0,0,0,12,1,0,0,0,1,0,0,0,0,1721,1,0,1,40,1,1
644,29.0,1.0,1,1,3,1,13,33.0,False,0,True,True,False,644,1.0186371166292243,0.994070025858514,92,services,False,True,-1,-9.0,-9.0,-1,-9.0,-9.0,-9.0,0.0,15936,11.29497110930516,-3.529414712637073,11.983199,6.0,25.90846,54.030407,0.0,0.0,26.490541,25.90846,0.0,0.0,0.58208084,1,0,True,4_days_week,N,True,,0,0,0,12,1,0,0,0,1,0,0,0,0,1723,0,0,1,96,1,1
644,30.0,2.0,2,1,3,1,13,13.0,False,0,True,False,True,644,0.8769304227066701,2.191905607523449,32,mngt_busi_scic_arts,False,True,24333,5.189590231455004,-3.0935564766991783,-1,-9.0,-9.0,-9.0,0.0,24333,5.189590231455004,-3.0935564766991783,22.189602,-9.0,24.662363,49.219635,0.0,0.0,0.0,0.0,0.0,0.0,0.0,0,0,True,No_Telecommute,M,True,work2,2,2,0,0,0,0,0,0,0,0,0,0,0,1724,0,0,1,50,1,1
645,34.0,2.0,1,1,3,1,13,47.0,False,0,True,True,False,644,2.436308031281804,0.4963391935771242,23,constr_maint,False,True,-1,-9.0,-9.0,-1,-9.0,-9.0,-9.0,0.0,18524,7.699598379312692,-6.263826250260567,6.867055,7.0,16.439293,33.422783,0.0,0.0,16.578154,16.439293,0.0,0.0,0.1388607,1,1,True,No_Telecommute,M,True,work1,1,1,0,0,0,0,0,0,0,0,0,0,0,1726,0,0,1,60,1,2
647,29.0,3.0,2,1,3,1,13,11.0,False,0,True,True,False,644,0.6728854688747589,0.3569266796774725,23,mngt_busi_scic_arts,False,True,-1,-9.0,-9.0,-1,-9.0,-9.0,-9.0,0.0,4864,11.795076978613428,-3.480817402639201,24.006344,3.0,48.943096,105.331985,0.0,0.0,56.585938,48.943096,0.0,0.0,7.6428413,0,0,False,No_Telecommute,M,True,work1,1,1,0,0,0,0,0,0,0,0,0,0,0,1733,0,0,1,40,1,1
648,39.0,1.0,1,1,3,1,13,55.0,False,0,True,True,False,644,1.281832224461701,1.0716987439758618,9000,military,False,True,-1,-9.0,-9.0,-1,-9.0,-9.0,-9.0,0.0,1380,9.570721424227822,-4.99104697525082,20.617245,6.0,51.88474,110.50104,0.0,0.0,51.88474,51.78798,0.0,0.0,0.096759796,0,0,False,No_Telecommute,M,True,work1,1,1,0,0,0,0,0,0,0,0,0,0,0,1734,1,0,1,70,1,1
648,34.0,2.0,2,2,2,3,13,25.0,True,4,True,True,False,644,1.5149676184010488,1.3163178085749685,61,services,False,True,-1,-9.0,-9.0,23114,7.203324880418408,-2.0634275989823614,3.294937,18.23117,23883,10.725723436533809,-0.4328851755060474,0.58426774,6.0,2.5313058,5.642585,0.0,0.0,2.5313058,2.5313058,0.0,0.0,0.0,0,0,True,1_day_week,N,True,,0,0,0,120,5,4,0,1,0,0,0,0,0,1735,0,6,1,25,9,2
648,7.0,3.0,1,4,1,7,0,0.0,True,2,False,False,False,644,0.2655390860467582,1.444701218982332,0,,False,False,-1,-9.0,-9.0,7296,6.978574854471872,3.845205735928222,1.0258399,7.2918797,-1,-9.0,-9.0,-9.0,-9.0,-9.0,0.0,0.0,0.0,0.0,0.0,0.0,0.0,0.0,0,0,False,,M,True,school1,1,0,0,0,0,0,0,0,0,0,0,0,0,1736,0,2,0,0,9,2
648,4.0,4.0,2,4,1,8,0,0.0,True,1,False,False,False,644,1.230257105244533,1.082427955631783,0,,False,False,-1,-9.0,-9.0,13517,7.000937216421993,2.5466270647422062,0.7775182,5.568881,-1,-9.0,-9.0,-9.0,-9.0,-9.0,0.0,0.0,0.0,0.0,0.0,0.0,0.0,0.0,0,0,False,,M,True,school2,2,0,0,0,0,0,0,0,0,0,0,0,0,1737,0,0,0,0,9,2
649,61.0,1.0,2,3,3,4,13,0.0,False,0,False,False,False,736,1.19010139980226,0.8610079868943695,0,,False,False,-1,-9.0,-9.0,-1,-9.0,-9.0,-9.0,0.0,-1,-9.0,-9.0,-9.0,-9.0,-9.0,0.0,0.0,0.0,0.0,0.0,0.0,0.0,0.0,0,0,False,,N,True,,0,0,1,0,0,0,0,1,0,0,0,0,0,1738,0,0,0,0,1,1
650,63.0,1.0,2,3,3,4,13,0.0,False,0,False,False,False,736,0.7507899658211161,0.7806536512516347,0,,False,False,-1,-9.0,-9.0,-1,-9.0,-9.0,-9.0,0.0,-1,-9.0,-9.0,-9.0,-9.0,-9.0,0.0,0.0,0.0,0.0,0.0,0.0,0.0,0.0,0,0,False,,N,True,,0,0,1,0,0,0,0,1,0,0,0,0,0,1740,0,0,0,0,1,1
650,67.0,2.0,1,3,3,5,13,0.0,False,0,False,False,False,736,1.947433241527775,1.1161389044644825,0,,False,False,-1,-9.0,-9.0,-1,-9.0,-9.0,-9.0,0.0,-1,-9.0,-9.0,-9.0,-9.0,-9.0,0.0,0.0,0.0,0.0,0.0,0.0,0.0,0.0,0,0,False,,N,True,,0,0,1,90,2,1,0,0,0,1,0,0,0,1741,0,0,0,0,1,1
651,30.0,1.0,1,3,3,4,13,27.0,False,0,False,False,False,736,0.3760342608267609,1.1668694287214894,92,mngt_busi_scic_arts,False,False,-1,-9.0,-9.0,-1,-9.0,-9.0,-9.0,0.0,-1,-9.0,-9.0,-9.0,-9.0,-9.0,0.0,0.0,0.0,0.0,0.0,0.0,0.0,0.0,0,0,False,,N,True,,0,0,0,89,1,1,0,0,0,0,0,0,0,1742,0,0,1,60,8,2
651,27.0,2.0,2,2,2,3,13,25.0,True,4,True,True,False,736,0.3607168214854227,0.6156682322550991,61,services,False,True,-1,-9.0,-9.0,23114,7.223255235964317,-0.8415417603354541,6.680212,24.546642,13340,11.781162532310429,-3.325170845338393,26.504404,3.0,56.57474,114.822296,0.0,0.0,58.38547,55.71221,0.0,0.0,2.6732597,0,0,True,No_Telecommute,M,True,work2,2,2,0,0,0,0,0,0,0,0,0,0,0,1743,0,6,1,30,8,2
652,28.0,1.0,1,1,3,1,13,13.0,False,0,True,True,False,736,1.3911192744200669,0.6104771641071811,9000,mngt_busi_scic_arts,False,True,-1,-9.0,-9.0,-1,-9.0,-9.0,-9.0,0.0,16631,9.99270241121654,-6.340152379259645,20.019245,7.0,43.73016,86.918495,0.0,0.0,43.87412,43.73016,0.0,0.0,0.14395905,0,0,False,1_day_week,M,True,work1,1,1,0,0,0,0,0,0,0,0,0,0,0,1744,1,0,1,60,9,2
652,28.0,2.0,2,1,3,1,13,25.0,False,0,True,True,False,736,0.5050101209564679,3.296914653509959,61,services,False,True,-1,-9.0,-9.0,-1,-9.0,-9.0,-9.0,0.0,13130,11.653866959091616,-0.6858600189524561,1.8536699,6.0,4.719059,9.541492,0.0,0.0,4.719059,4.6962104,0.0,0.0,0.022848606,0,0,True,2_3_days_week,M,True,work2,2,2,0,0,0,0,0,0,0,0,0,0,0,1745,0,0,1,40,9,2
653,44.0,2.0,1,1,3,1,13,19.0,False,0,True,True,False,821,0.3615220575899824,1.4499870626875926,62,mngt_busi_scic_arts,False,True,-1,-9.0,-9.0,-1,-9.0,-9.0,-9.0,0.0,14361,12.341726406538196,-2.0575473873866663,16.338306,6.0,37.960636,76.104546,0.0,0.264,37.960636,37.919525,0.0,0.0,0.041110992,0,0,False,No_Telecommute,N,True,,0,0,0,1,1,0,0,0,0,1,0,0,0,1747,0,0,1,48,1,1
654,74.0,1.0,2,3,3,5,13,0.0,False,0,False,False,False,821,0.6495700395110096,1.3951828071052343,0,,False,False,-1,-9.0,-9.0,-1,-9.0,-9.0,-9.0,0.0,-1,-9.0,-9.0,-9.0,-9.0,-9.0,0.0,0.0,0.0,0.0,0.0,0.0,0.0,0.0,0,0,False,,N,True,,0,0,0,1,1,0,0,0,0,1,0,0,0,1748,0,0,0,0,1,1
655,54.0,1.0,1,1,3,1,13,41.0,False,0,True,True,False,821,1.24637655924457,0.5999567989343496,44,sales_office,False,True,-1,-9.0,-9.0,-1,-9.0,-9.0,-9.0,0.0,16364,10.29614178756423,-3.1196861061467223,5.794104,6.0,14.420325,29.398918,0.0,0.0,14.827689,14.379217,0.0,0.0,0.44847202,0,0,True,No_Telecommute,M,True,work1,1,1,0,0,0,0,0,0,0,0,0,0,0,1749,0,0,1,55,1,2
656,20.0,1.0,1,2,2,3,9,37.0,True,4,True,True,False,821,0.6313673351765419,0.7196734512664273,32,services,False,True,-1,-9.0,-9.0,12534,7.088164265147809,2.076265703905752,1.635429,10.049099,6527,11.156748648112996,-0.745472393869508,0.6429393,6.0,2.4555817,4.860542,0.0,7.839,2.4555817,2.4555817,0.0,0.0,0.0,0,0,False,No_Telecommute,N,True,,0,0,0,27,3,0,0,0,2,0,1,1,0,1751,0,6,1,20,1,2
656,24.0,2.0,2,1,3,1,13,43.0,False,0,True,True,False,821,0.4001865582120481,1.312025007596553,92,sales_office,False,True,-1,-9.0,-9.0,-1,-9.0,-9.0,-9.0,0.0,18969,11.577662797760418,-2.171813299639489,12.516235,7.0,27.57995,53.33805,0.0,0.0,27.57995,25.725779,0.0,0.0,1.8541718,0,0,True,No_Telecommute,N,True,,0,0,0,3,1,0,0,0,0,0,1,0,0,1752,0,0,1,40,1,2
658,82.0,1.0,2,3,2,3,13,0.0,True,4,False,False,False,821,0.8777154303628204,0.240801970547512,0,,False,False,-1,-9.0,-9.0,19370,6.714089297820242,-3.5020716196162907,14.856166,37.441063,-1,-9.0,-9.0,-9.0,-9.0,-9.0,0.0,0.0,0.0,0.0,0.0,0.0,0.0,0.0,0,0,False,,N,True,,0,0,0,12,1,0,0,0,1,0,0,0,0,1754,0,6,0,0,1,1
659,86.0,1.0,2,3,3,5,13,0.0,False,0,False,False,False,821,1.5214392326227482,1.0769148365827077,0,,False,False,-1,-9.0,-9.0,-1,-9.0,-9.0,-9.0,0.0,-1,-9.0,-9.0,-9.0,-9.0,-9.0,0.0,0.0,0.0,0.0,0.0,0.0,0.0,0.0,0,1,False,,N,True,,0,0,0,66,2,0,0,2,0,0,0,1,0,1755,0,0,0,0,1,1
660,39.0,1.0,1,1,3,1,13,41.0,False,0,True,True,False,821,0.5654710693171032,1.0100409029238815,42,sales_office,False,True,-1,-9.0,-9.0,-1,-9.0,-9.0,-9.0,0.0,6227,12.151576634197408,-0.4309918366149396,0.43742573,6.0,1.7558541,3.2808833,0.0,7.329,1.7558541,1.7558541,0.0,0.0,0.0,0,0,False,No_Telecommute,M,True,work2,2,2,0,90,2,1,0,0,0,1,0,0,0,1756,0,0,1,40,1,1
660,34.0,2.0,2,1,3,1,13,11.0,False,0,True,True,False,821,0.8352634100554034,0.2247982265328296,54,mngt_busi_scic_arts,False,True,-1,-9.0,-9.0,-1,-9.0,-9.0,-9.0,0.0,17438,11.004501200473726,-3.1884032943657754,18.124128,7.0,44.123993,86.53742,0.0,0.0,44.123993,43.181973,0.0,0.0,0.9420204,0,0,False,4_days_week,N,True,,0,0,0,12,1,0,0,0,1,0,0,0,0,1757,0,0,1,40,1,1
662,36.0,1.0,1,1,3,1,13,41.0,False,0,True,True,False,821,0.3441652680555326,0.8264471941853814,42,sales_office,False,True,-1,-9.0,-9.0,-1,-9.0,-9.0,-9.0,0.0,23020,12.531040862001738,-1.4866193599558093,8.742817,6.0,22.534077,46.1577,0.0,4.742,22.534077,22.49297,0.0,0.0,0.041107178,0,0,True,No_Telecommute,M,True,work1,1,1,0,6,1,0,1,0,0,0,0,0,0,1759,0,0,1,40,1,1
662,33.0,2.0,2,1,3,1,13,35.0,False,0,True,True,False,821,1.8313048852569296,0.6375620820364007,722,services,False,True,-1,-9.0,-9.0,-1,-9.0,-9.0,-9.0,0.0,6272,9.55510407310949,-1.962900396635087,1.0998712,6.0,3.8405828,7.730791,0.0,8.105,3.8780017,3.8405828,0.0,0.0,0.037418842,0,0,False,No_Telecommute,N,True,,0,0,0,2,2,0,0,0,0,2,0,0,1,1760,0,0,1,40,1,1
663,70.0,1.0,1,3,3,5,13,0.0,False,0,False,False,False,821,0.6584711251868393,0.753483146459841,0,,False,False,-1,-9.0,-9.0,-1,-9.0,-9.0,-9.0,0.0,-1,-9.0,-9.0,-9.0,-9.0,-9.0,0.0,0.0,0.0,0.0,0.0,0.0,0.0,0.0,0,0,False,,N,True,,0,0,0,35,1,0,0,1,0,0,0,0,0,1761,0,0,0,0,1,2
664,50.0,1.0,2,1,3,1,13,13.0,False,0,True,True,False,821,1.4840620313745576,0.8789856488359401,56,mngt_busi_scic_arts,False,True,-1,-9.0,-9.0,-1,-9.0,-9.0,-9.0,0.0,15389,10.088185461551952,-6.5059965165369,17.510637,6.0,40.833294,81.7939,0.0,0.0,40.833294,36.699043,0.0,0.0,4.1342506,0,0,False,No_Telecommute,N,True,,0,0,0,89,1,1,0,0,0,0,0,0,0,1762,0,0,1,40,8,2
664,51.0,2.0,1,1,3,1,13,49.0,False,0,True,True,False,821,1.1631202791565425,0.5605755561709457,81,constr_maint,False,True,-1,-9.0,-9.0,-1,-9.0,-9.0,-9.0,0.0,1250,10.41395686613702,-4.605519122720635,13.870557,6.0,31.380856,63.9956,0.0,0.0,31.793596,31.339748,0.0,0.0,0.4538479,0,1,False,No_Telecommute,M,True,work1,1,1,0,0,0,0,0,0,0,0,0,0,0,1763,0,0,1,40,8,2
665,22.0,1.0,2,1,3,1,13,25.0,False,0,True,True,False,821,0.402683071181214,0.6612636859077342,92,services,False,True,-1,-9.0,-9.0,-1,-9.0,-9.0,-9.0,0.0,8220,11.576504111683528,-0.4591271181038108,0.43742573,6.0,1.7558541,3.2808833,0.0,7.309,1.7558541,1.7558541,0.0,0.0,0.0,0,1,True,No_Telecommute,M,True,work1,1,1,0,0,0,0,0,0,0,0,0,0,0,1764,0,6,1,40,2,1
666,37.0,1.0,1,1,3,1,13,13.0,False,0,True,True,False,821,1.0685163033051055,0.5332165516154969,54,mngt_busi_scic_arts,False,True,-1,-9.0,-9.0,-1,-9.0,-9.0,-9.0,0.0,12312,10.88814234157948,-5.536806297147492,20.86995,3.0,44.98694,91.38838,0.0,0.0,48.107555,44.98694,0.0,0.0,3.120617,0,1,False,2_3_days_week,N,True,,0,0,1,6,1,0,1,1,0,0,0,0,0,1765,0,0,1,40,1,1
666,32.0,2.0,2,1,3,1,13,13.0,False,0,True,False,False,821,0.5143908246843827,0.8508896007574056,54,mngt_busi_scic_arts,True,False,-1,-9.0,-9.0,-1,-9.0,-9.0,-9.0,0.0,-1,-9.0,-9.0,-9.0,-9.0,-9.0,0.0,0.0,0.0,0.0,0.0,0.0,0.0,0.0,0,1,False,,N,True,,0,0,1,1,1,0,0,0,0,1,0,0,0,1766,0,0,1,40,1,1
667,85.0,1.0,1,3,3,5,13,0.0,False,0,False,False,False,821,0.523831565868708,0.765571213271168,0,,False,False,-1,-9.0,-9.0,-1,-9.0,-9.0,-9.0,0.0,-1,-9.0,-9.0,-9.0,-9.0,-9.0,0.0,0.0,0.0,0.0,0.0,0.0,0.0,0.0,0,0,False,,N,True,,0,0,0,2,2,0,0,0,0,2,0,0,1,1767,0,0,0,0,1,1
667,54.0,2.0,1,2,3,2,13,49.0,False,0,True,True,False,821,0.7667478499524291,0.293861929477603,23,constr_maint,False,True,-1,-9.0,-9.0,-1,-9.0,-9.0,-9.0,0.0,16364,9.14027801514358,-1.989228675196849,5.794104,6.0,14.420325,29.398918,0.0,0.0,14.827689,14.379217,0.0,0.0,0.44847202,0,0,False,No_Telecommute,N,True,,0,0,0,78,4,0,0,2,1,1,0,2,0,1768,0,0,6,12,1,1
667,35.0,3.0,2,1,3,1,13,53.0,False,0,True,False,False,821,1.068246090834423,0.7529928473268993,45,prod_trans_move,True,False,-1,-9.0,-9.0,-1,-9.0,-9.0,-9.0,0.0,-1,-9.0,-9.0,-9.0,-9.0,-9.0,0.0,0.0,0.0,0.0,0.0,0.0,0.0,0.0,0,0,False,,N,True,,0,0,0,12,1,0,0,0,1,0,0,0,0,1769,0,0,1,35,1,1
668,15.0,2.0,2,4,1,7,0,0.0,True,3,False,False,False,821,1.972503738901969,1.1848947349709864,0,,False,False,-1,-9.0,-9.0,7912,4.425342416139302,-16.260486464695223,31.577852,75.335175,-1,-9.0,-9.0,-9.0,-9.0,-9.0,0.0,0.0,0.0,0.0,0.0,0.0,0.0,0.0,0,0,False,,M,True,school1,1,0,0,0,0,0,0,0,0,0,0,0,0,1771,0,5,0,0,1,1
668,10.0,4.0,2,4,1,7,0,0.0,True,2,False,False,False,821,1.637266524829974,0.9489691794290344,0,,False,False,-1,-9.0,-9.0,7296,5.987246481825631,1.2966367882511296,2.8285506,12.6874075,-1,-9.0,-9.0,-9.0,-9.0,-9.0,0.0,0.0,0.0,0.0,0.0,0.0,0.0,0.0,0,0,False,,M,True,school1,1,0,0,89,1,1,0,0,0,0,0,0,0,1773,0,2,0,0,1,1
668,4.0,5.0,2,4,1,8,0,0.0,True,1,False,False,False,821,1.556390772338479,2.641003373627043,0,,False,False,-1,-9.0,-9.0,8010,11.136027919194245,2.7807694409854253,1.4791296,9.757235,-1,-9.0,-9.0,-9.0,-9.0,-9.0,0.0,0.0,0.0,0.0,0.0,0.0,0.0,0.0,0,0,False,,N,True,,0,0,0,91,3,1,0,0,0,2,0,0,1,1774,0,0,0,0,1,1
668,2.0,6.0,1,4,1,8,0,0.0,True,1,False,False,False,821,1.9161694020542772,0.8715909979108537,0,,False,False,-1,-9.0,-9.0,2143,9.013465784587344,8.010872906943314,0.11319945,0.67909086,-1,-9.0,-9.0,-9.0,-9.0,-9.0,0.0,0.0,0.0,0.0,0.0,0.0,0.0,0.0,0,0,False,,N,True,,0,0,0,1,1,0,0,0,0,1,0,0,0,1775,0,0,0,0,1,1
669,54.0,1.0,1,1,3,1,13,13.0,False,0,True,False,False,821,0.6326681753943806,0.6611095983283283,56,mngt_busi_scic_arts,True,False,-1,-9.0,-9.0,-1,-9.0,-9.0,-9.0,0.0,-1,-9.0,-9.0,-9.0,-9.0,-9.0,0.0,0.0,0.0,0.0,0.0,0.0,0.0,0.0,0,1,False,,N,True,,0,0,0,2,2,0,0,0,0,2,0,0,1,1776,0,0,1,60,1,1
670,75.0,1.0,2,3,3,5,13,0.0,False,0,False,False,False,821,1.4617622242340802,0.6699027650159083,0,,False,False,-1,-9.0,-9.0,-1,-9.0,-9.0,-9.0,0.0,-1,-9.0,-9.0,-9.0,-9.0,-9.0,0.0,0.0,0.0,0.0,0.0,0.0,0.0,0.0,0,0,False,,N,True,,0,0,0,91,3,1,0,0,0,2,0,0,1,1777,0,0,0,0,6,1
670,35.0,2.0,1,1,3,1,13,47.0,False,0,True,True,False,821,0.4258894651587429,0.6354038892670204,23,constr_maint,False,True,-1,-9.0,-9.0,-1,-9.0,-9.0,-9.0,0.0,20695,11.181704622541409,-2.8113420206581146,21.086937,7.0,36.68603,70.904816,0.0,0.0,37.415157,35.945763,0.0,0.0,1.4693947,0,0,False,1_day_week,M,True,work1,1,1,0,0,0,0,0,0,0,0,0,0,0,1778,0,0,1,35,1,2
670,32.0,3.0,1,1,3,1,13,39.0,False,0,True,False,False,821,0.8819132694418159,0.9728938182396336,71,services,True,False,-1,-9.0,-9.0,-1,-9.0,-9.0,-9.0,0.0,-1,-9.0,-9.0,-9.0,-9.0,-9.0,0.0,0.0,0.0,0.0,0.0,0.0,0.0,0.0,0,1,False,,N,True,,0,0,0,35,1,0,0,1,0,0,0,0,0,1779,0,0,1,50,9,1
671,54.0,1.0,2,2,3,2,13,29.0,False,0,True,True,False,821,0.4844277706834952,1.215630999188396,62,health,False,True,-1,-9.0,-9.0,-1,-9.0,-9.0,-9.0,0.0,14371,9.744796121260354,-2.548464287224341,15.861966,6.0,37.682438,75.45206,0.0,0.0,37.682438,37.641327,0.0,0.0,0.041110992,0,0,True,1_day_week,M,True,work1,1,1,0,0,0,0,0,0,0,0,0,0,0,1780,0,0,1,20,1,1
671,52.0,2.0,1,1,3,1,13,43.0,False,0,True,True,False,821,1.1049942976672296,0.7834655245668922,23,sales_office,False,True,-1,-9.0,-9.0,-1,-9.0,-9.0,-9.0,0.0,16269,11.019820759697236,-3.0291026066857016,6.5582237,6.0,16.214508,32.90413,0.0,0.0,16.621872,16.173399,0.0,0.0,0.44847298,0,0,True,No_Telecommute,N,True,,0,0,0,35,1,0,0,1,0,0,0,0,0,1781,0,0,1,40,1,1
672,39.0,1.0,1,1,3,1,13,23.0,False,0,True,False,True,821,0.2978385247047782,1.3188789611718506,54,mngt_busi_scic_arts,False,True,24331,5.322808565253013,-1.9439944324813527,-1,-9.0,-9.0,-9.0,0.0,24331,5.322808565253013,-1.9439944324813527,26.190823,-9.0,46.932358,92.85378,0.0,0.0,0.0,0.0,0.0,0.0,0.0,0,1,False,No_Telecommute,N,True,,0,0,1,0,0,0,1,0,0,0,0,0,0,1782,0,0,1,55,1,1
672,48.0,2.0,2,1,3,1,13,11.0,False,0,True,True,False,821,1.0568767781441606,0.6303889289383129,53,mngt_busi_scic_arts,False,True,-1,-9.0,-9.0,-1,-9.0,-9.0,-9.0,0.0,23065,10.748459023101368,-3.59753961654584,8.742817,6.0,22.534077,46.1577,0.0,5.441,22.534077,22.49297,0.0,0.0,0.041107178,0,0,True,1_day_week,N,True,,0,0,1,12,1,0,0,0,1,0,0,0,0,1783,0,0,1,60,1,2
673,82.0,2.0,1,3,3,5,13,0.0,False,0,False,False,False,821,1.4009431714815357,1.0901948328516589,0,,False,False,-1,-9.0,-9.0,-1,-9.0,-9.0,-9.0,0.0,-1,-9.0,-9.0,-9.0,-9.0,-9.0,0.0,0.0,0.0,0.0,0.0,0.0,0.0,0.0,0,0,False,,N,True,,0,0,0,12,1,0,0,0,1,0,0,0,0,1785,0,0,0,0,1,1
673,32.0,3.0,2,1,3,1,13,11.0,False,0,True,True,False,821,1.6689123646095154,0.6258073096990772,53,mngt_busi_scic_arts,False,True,-1,-9.0,-9.0,-1,-9.0,-9.0,-9.0,0.0,19473,9.516702428158386,-7.838120101203509,18.952572,7.0,33.39638,65.3054,0.0,0.0,33.578613,32.65611,0.0,0.0,0.9225044,0,0,False,No_Telecommute,N,True,,0,0,0,18,2,0,1,0,1,0,0,0,0,1786,0,0,1,40,3,1
675,22.0,1.0,1,1,3,1,13,55.0,False,0,True,True,False,821,0.2615290164399775,0.8910557871176458,9000,military,False,True,-1,-9.0,-9.0,-1,-9.0,-9.0,-9.0,0.0,1380,11.287092470561722,-1.5010931627266817,18.541698,6.0,48.04363,101.04436,0.0,0.0,48.04363,47.783905,0.0,0.0,0.25972366,0,1,False,No_Telecommute,M,True,work1,1,1,0,0,0,0,0,0,0,0,0,0,0,1788,1,6,1,45,1,2
676,94.0,1.0,2,3,3,5,13,0.0,False,0,False,False,False,821,1.482727570641542,1.0492938960316411,0,,False,False,-1,-9.0,-9.0,-1,-9.0,-9.0,-9.0,0.0,-1,-9.0,-9.0,-9.0,-9.0,-9.0,0.0,0.0,0.0,0.0,0.0,0.0,0.0,0.0,0,0,False,,N,True,,0,0,0,25,4,0,0,0,3,1,0,2,0,1789,0,0,0,0,1,1
677,43.0,2.0,1,1,3,1,13,47.0,False,0,True,True,False,821,0.5971039100118104,0.3167442508791975,23,constr_maint,False,True,-1,-9.0,-9.0,-1,-9.0,-9.0,-9.0,0.0,225,10.775702338698135,-4.235830027829663,26.556835,3.0,60.41303,120.39679,0.0,0.0,60.41303,53.21852,0.0,0.0,7.1945076,0,0,False,No_Telecommute,N,True,,0,0,0,175,4,2,0,0,2,0,0,1,0,1791,0,0,1,40,1,2
677,20.0,3.0,1,2,2,3,9,47.0,True,4,True,True,False,821,0.3364297593063483,1.3322548245206276,23,constr_maint,False,True,-1,-9.0,-9.0,23114,7.373942727608327,-0.2820381011403721,7.1890182,23.15736,14362,11.435425642279036,-2.048368181048118,16.338306,6.0,37.960636,76.104546,0.0,0.263,37.960636,37.919525,0.0,0.0,0.041110992,0,0,False,1_day_week,M,True,work_and_school,2,1,0,89,1,1,0,0,0,0,0,0,0,1792,0,5,1,20,1,2
677,17.0,4.0,2,3,1,6,0,0.0,True,3,False,False,False,821,0.5492608309727446,0.6391289145795221,0,,False,False,-1,-9.0,-9.0,7004,10.187219345353087,4.854697199019223,0.62025934,4.943638,-1,-9.0,-9.0,-9.0,-9.0,-9.0,0.0,0.0,0.0,0.0,0.0,0.0,0.0,0.0,0,0,False,,M,True,school1,1,0,0,0,0,0,0,0,0,0,0,0,0,1793,0,5,0,0,1,2
677,13.0,5.0,1,4,1,7,0,0.0,True,2,False,False,False,821,0.381170448612569,0.7584891568754246,0,,False,False,-1,-9.0,-9.0,8322,7.0479957760782,4.462287770357121,2.1375768,10.731296,-1,-9.0,-9.0,-9.0,-9.0,-9.0,0.0,0.0,0.0,0.0,0.0,0.0,0.0,0.0,0,0,False,,M,True,school1,1,0,0,0,0,0,0,0,0,0,0,0,0,1794,0,2,0,0,1,2
677,8.0,6.0,2,4,1,7,0,0.0,True,2,False,False,False,821,0.3443136165742464,0.6545297783005952,0,,False,False,-1,-9.0,-9.0,11793,7.10017018926983,5.251633592561388,1.3774855,9.510221,-1,-9.0,-9.0,-9.0,-9.0,-9.0,0.0,0.0,0.0,0.0,0.0,0.0,0.0,0.0,0,0,False,,M,True,school1,1,0,0,0,0,0,0,0,0,0,0,0,0,1795,0,2,0,0,1,2
677,7.0,7.0,2,4,1,7,0,0.0,True,2,False,False,False,821,0.2229833047296764,0.8370516634838511,0,,False,False,-1,-9.0,-9.0,11793,7.04941415407924,5.690218158524874,1.3774855,9.510221,-1,-9.0,-9.0,-9.0,-9.0,-9.0,0.0,0.0,0.0,0.0,0.0,0.0,0.0,0.0,0,0,False,,M,True,school1,1,0,0,0,0,0,0,0,0,0,0,0,0,1796,0,2,0,0,1,2
677,0.0,8.0,1,4,1,8,0,0.0,True,1,False,False,False,821,1.4158210449611464,0.2817166658724316,0,,False,False,-1,-9.0,-9.0,4962,7.756772620946454,4.874552869493331,0.9153585,4.7533402,-1,-9.0,-9.0,-9.0,-9.0,-9.0,0.0,0.0,0.0,0.0,0.0,0.0,0.0,0.0,0,0,False,,N,True,,0,0,0,89,1,1,0,0,0,0,0,0,0,1797,0,0,0,0,1,2
677,25.0,10.0,1,1,3,1,13,37.0,False,0,True,True,False,821,1.0193934228848671,0.8755360496165935,56,services,False,True,-1,-9.0,-9.0,-1,-9.0,-9.0,-9.0,0.0,19319,11.093020863446966,-4.246588641629456,14.872495,7.0,31.000038,62.758408,0.0,0.0,31.000038,28.558687,0.0,0.0,2.441351,0,0,False,No_Telecommute,N,True,,0,0,0,167,4,3,0,0,1,0,0,0,0,1799,0,0,1,40,1,2
678,29.0,1.0,2,1,3,1,13,41.0,False,0,True,True,False,821,0.5633540751503718,0.3894957561910435,56,sales_office,False,True,-1,-9.0,-9.0,-1,-9.0,-9.0,-9.0,0.0,229,11.31282313084128,-0.6638501582144949,0.59465265,6.0,2.4215894,4.845321,0.0,6.942,2.4215894,2.3224506,0.0,0.0,0.09913874,0,0,True,No_Telecommute,M,True,work1,1,1,0,0,0,0,0,0,0,0,0,0,0,1800,0,0,1,40,1,2
679,33.0,1.0,2,2,2,3,13,41.0,True,4,True,True,False,821,0.9625997691096692,0.457792401361644,53,sales_office,False,True,-1,-9.0,-9.0,19370,6.958532517672992,-2.4929386414488794,14.856166,37.441063,12799,11.052199693421546,-6.091620718037751,25.50605,3.0,51.682373,103.20242,0.0,0.0,54.80299,51.682373,0.0,0.0,3.120617,0,1,False,No_Telecommute,M,True,school1,1,0,0,0,0,0,0,0,0,0,0,0,0,1801,0,6,4,30,1,2
680,37.0,3.0,2,1,3,1,13,43.0,False,0,True,True,False,821,0.4508049504051601,0.6766133632144746,33,sales_office,False,True,-1,-9.0,-9.0,-1,-9.0,-9.0,-9.0,0.0,14304,12.6768879197186,-2.418164606543267,26.968029,3.0,51.687428,103.84622,0.0,0.0,54.80804,51.687428,0.0,0.0,3.120613,0,1,False,No_Telecommute,N,True,,0,0,0,1,1,0,0,0,0,1,0,0,0,1805,0,0,4,40,1,2
681,72.0,1.0,1,3,3,5,13,17.0,False,0,False,False,False,821,1.5048436357641188,0.5893961122397376,54,mngt_busi_scic_arts,False,False,-1,-9.0,-9.0,-1,-9.0,-9.0,-9.0,0.0,-1,-9.0,-9.0,-9.0,-9.0,-9.0,0.0,0.0,0.0,0.0,0.0,0.0,0.0,0.0,0,0,False,,N,True,,0,0,1,1,1,0,0,0,1,1,0,0,0,1806,0,0,0,0,1,1
682,28.0,1.0,1,1,3,1,13,13.0,False,0,True,True,False,821,1.3578331005064626,0.4732266991986146,9000,mngt_busi_scic_arts,False,True,-1,-9.0,-9.0,-1,-9.0,-9.0,-9.0,0.0,12794,10.505695197624105,-8.040618325223045,24.248135,3.0,53.906044,107.130936,0.0,0.0,57.02666,53.906044,0.0,0.0,3.120617,1,1,False,No_Telecommute,N,True,,0,0,0,6,1,0,1,0,0,0,0,0,0,1808,1,0,1,60,9,2
682,28.0,2.0,2,1,3,1,13,25.0,False,0,True,True,False,821,0.3075173664941033,0.845082229715251,61,services,False,True,-1,-9.0,-9.0,-1,-9.0,-9.0,-9.0,0.0,14404,11.843410431059448,-2.9918475150051416,25.653873,3.0,52.185406,105.62683,0.0,0.0,55.30602,52.185406,0.0,0.0,3.120613,0,1,False,4_days_week,M,True,work1,1,1,0,1,1,0,0,0,0,1,0,0,0,1809,0,0,1,40,9,2
683,58.0,1.0,1,3,3,4,13,0.0,False,0,False,False,False,821,0.7168424758046682,0.3855428973803697,0,,False,False,-1,-9.0,-9.0,-1,-9.0,-9.0,-9.0,0.0,-1,-9.0,-9.0,-9.0,-9.0,-9.0,0.0,0.0,0.0,0.0,0.0,0.0,0.0,0.0,0,1,False,,N,True,,0,0,0,41,2,0,1,1,0,0,0,0,0,1810,0,0,0,0,2,1
684,29.0,1.0,2,3,3,4,13,35.0,False,0,False,False,False,821,1.5214382963971331,0.6915559960763625,722,services,False,False,-1,-9.0,-9.0,-1,-9.0,-9.0,-9.0,0.0,-1,-9.0,-9.0,-9.0,-9.0,-9.0,0.0,0.0,0.0,0.0,0.0,0.0,0.0,0.0,0,0,False,,N,True,,0,0,0,6,1,0,1,0,0,0,0,0,0,1811,0,0,6,20,9,2
684,37.0,2.0,1,1,3,1,13,33.0,False,0,True,True,False,821,0.7268351232387306,1.2569894282205567,92,services,False,True,-1,-9.0,-9.0,-1,-9.0,-9.0,-9.0,0.0,12315,11.58448268698071,-3.7760520295139433,20.86995,3.0,44.98694,91.38838,0.0,0.0,48.107555,44.98694,0.0,0.0,3.120617,0,0,True,4_days_week,N,True,,0,0,0,12,1,0,0,0,1,0,0,0,0,1812,0,0,1,99,9,1
687,30.0,1.0,2,1,3,1,13,43.0,False,0,True,True,False,821,0.2377002731778054,0.3989287447352285,33,sales_office,False,True,-1,-9.0,-9.0,-1,-9.0,-9.0,-9.0,0.0,14002,12.276906368503235,-1.5579933919810545,26.347002,3.0,52.06676,105.449814,0.0,5.923,56.664143,52.06676,0.0,0.0,4.5973816,0,0,False,No_Telecommute,N,True,,0,0,0,25,3,0,0,0,2,1,0,1,0,1815,0,0,1,40,9,2
688,26.0,1.0,1,1,3,1,13,55.0,False,0,True,True,False,821,0.8369588340591902,1.632811806726914,9000,military,False,True,-1,-9.0,-9.0,-1,-9.0,-9.0,-9.0,0.0,1380,10.103615823633122,-4.1466210713615945,18.541698,6.0,48.04363,101.04436,0.0,0.0,48.04363,47.783905,0.0,0.0,0.25972366,0,0,True,1_day_week,M,True,work1,1,1,0,0,0,0,0,0,0,0,0,0,0,1816,1,0,1,45,9,2
689,88.0,1.0,2,3,3,5,13,0.0,False,0,False,False,False,821,0.865908317123026,0.5856230698092822,0,,False,False,-1,-9.0,-9.0,-1,-9.0,-9.0,-9.0,0.0,-1,-9.0,-9.0,-9.0,-9.0,-9.0,0.0,0.0,0.0,0.0,0.0,0.0,0.0,0.0,0,0,False,,N,True,,0,0,0,24,2,0,0,0,2,0,0,1,0,1817,0,0,0,0,9,2
690,84.0,1.0,2,3,3,5,13,0.0,False,0,False,False,False,821,0.4501941737871171,1.0852110157198902,0,,False,False,-1,-9.0,-9.0,-1,-9.0,-9.0,-9.0,0.0,-1,-9.0,-9.0,-9.0,-9.0,-9.0,0.0,0.0,0.0,0.0,0.0,0.0,0.0,0.0,0,0,False,,N,True,,0,0,0,12,1,0,0,0,1,0,0,0,0,1818,0,0,0,0,1,1
691,35.0,1.0,1,1,3,1,13,55.0,False,0,True,True,False,821,0.8760929047931844,0.6417604377741915,9000,military,False,True,-1,-9.0,-9.0,-1,-9.0,-9.0,-9.0,0.0,5878,10.442415722180147,-2.5292967811597205,10.141586,6.0,25.839754,56.32083,0.0,0.0,25.839754,25.580036,0.0,0.0,0.25971794,0,0,True,No_Telecommute,N,True,,0,0,0,36,2,0,0,1,0,1,0,0,0,1819,1,0,1,40,1,1
691,30.0,2.0,2,3,2,3,13,31.0,True,4,False,False,False,821,1.1398922198573516,0.3892161092431835,62,health,False,False,-1,-9.0,-9.0,23114,6.772815855125657,-2.351579866148765,7.1890182,23.15736,-1,-9.0,-9.0,-9.0,-9.0,-9.0,0.0,0.0,0.0,0.0,0.0,0.0,0.0,0.0,0,0,False,,M,True,school1,1,0,0,0,0,0,0,0,0,0,0,0,0,1820,0,6,0,0,1,1
692,30.0,1.0,2,1,3,1,13,43.0,False,0,True,True,False,821,0.7582090134910769,0.3107031644413192,55,sales_office,False,True,-1,-9.0,-9.0,-1,-9.0,-9.0,-9.0,0.0,13350,10.92869691894976,-5.97460351865844,28.48016,3.0,59.55729,117.32481,0.0,0.0,63.05695,59.55729,0.0,0.0,3.4996605,0,0,True,4_days_week,M,True,work1,1,1,0,0,0,0,0,0,0,0,0,0,0,1821,0,0,1,45,2,1
693,23.0,1.0,1,1,3,1,13,55.0,False,0,True,True,False,821,0.9938988762962032,0.499821229547484,9000,military,False,True,-1,-9.0,-9.0,-1,-9.0,-9.0,-9.0,0.0,5878,10.01798176892451,-2.8381828136900764,10.141586,6.0,25.839754,56.32083,0.0,0.0,25.839754,25.580036,0.0,0.0,0.25971794,0,0,True,No_Telecommute,N,True,,0,0,0,12,1,0,0,0,1,0,0,0,0,1822,1,0,1,40,8,2
693,22.0,2.0,2,1,3,1,13,31.0,False,0,True,True,False,821,1.0420181774376784,0.9896220184208896,62,health,False,True,-1,-9.0,-9.0,-1,-9.0,-9.0,-9.0,0.0,6271,10.002766876584522,-1.210364404770491,1.0998712,6.0,3.8405828,7.730791,0.0,6.154,3.8780017,3.8405828,0.0,0.0,0.037418842,0,1,False,2_3_days_week,N,True,,0,0,0,15,2,0,0,0,1,0,1,0,0,1823,0,0,1,36,8,2
694,23.0,1.0,2,2,3,2,13,43.0,False,0,True,True,False,821,1.1333169807641488,2.551554830175858,62,sales_office,False,True,-1,-9.0,-9.0,-1,-9.0,-9.0,-9.0,0.0,23019,9.362449105103286,-4.853865259058439,8.742817,6.0,22.534077,46.1577,0.0,5.111,22.534077,22.49297,0.0,0.0,0.041107178,0,0,True,No_Telecommute,M,True,work1,1,1,0,0,0,0,0,0,0,0,0,0,0,1824,0,0,1,32,9,2
695,54.0,1.0,1,1,3,1,13,21.0,False,0,True,True,False,821,0.5480883164515111,2.6211689993336797,9000,mngt_busi_scic_arts,False,True,-1,-9.0,-9.0,-1,-9.0,-9.0,-9.0,0.0,7317,11.848242852288069,-4.726259059229721,31.554745,3.0,60.17464,121.6526,0.0,0.0,63.295254,60.17464,0.0,0.0,3.120613,0,0,True,4_days_week,N,True,,0,0,1,12,1,0,0,1,1,0,0,1,0,1825,1,0,1,40,2,1
696,29.0,1.0,1,1,3,1,13,55.0,False,0,True,True,False,821,0.8477764324309369,0.9620538991169006,9000,military,False,True,-1,-9.0,-9.0,-1,-9.0,-9.0,-9.0,0.0,1380,10.296115038195444,-3.679401519546454,18.541698,6.0,48.04363,101.04436,0.0,0.0,48.04363,47.783905,0.0,0.0,0.25972366,0,0,True,No_Telecommute,N,True,,0,0,1,0,0,0,0,0,0,1,0,0,0,1827,1,0,1,50,9,2
696,4.0,4.0,2,4,1,8,0,0.0,True,1,False,False,False,821,1.5981534188847095,0.8906574424000397,0,,False,False,-1,-9.0,-9.0,2979,10.487121055973146,5.405198604298671,0.37552115,2.503891,-1,-9.0,-9.0,-9.0,-9.0,-9.0,0.0,0.0,0.0,0.0,0.0,0.0,0.0,0.0,0,0,False,,N,True,,0,0,1,156,2,2,0,0,0,0,0,0,0,1830,0,0,0,0,9,2
696,2.0,5.0,2,4,1,8,0,0.0,True,1,False,False,False,821,0.3464519031622826,0.5658132165142834,0,,False,False,-1,-9.0,-9.0,23868,10.057454723438177,4.930192892364376,3.3327882,18.44062,-1,-9.0,-9.0,-9.0,-9.0,-9.0,0.0,0.0,0.0,0.0,0.0,0.0,0.0,0.0,0,0,False,,N,True,,0,0,1,1,1,0,0,0,0,1,0,0,0,1831,0,0,0,0,9,2
697,40.0,1.0,1,1,3,1,13,43.0,False,0,True,True,False,821,0.9635631256481768,0.7843183035946171,54,sales_office,False,True,-1,-9.0,-9.0,-1,-9.0,-9.0,-9.0,0.0,6955,11.26345108838442,-5.059172441475188,18.22722,3.0,43.785473,87.463165,0.0,0.0,43.785473,43.74436,0.0,0.0,0.041110992,0,0,True,No_Telecommute,M,True,work1,1,1,0,0,0,0,0,0,0,0,0,0,0,1833,0,0,1,40,1,1
697,56.0,2.0,1,2,3,2,13,31.0,False,0,True,True,False,821,0.5050137861808444,0.6629907496285816,92,health,False,True,-1,-9.0,-9.0,-1,-9.0,-9.0,-9.0,0.0,23061,9.94533791593213,-2.482173266762097,6.6956573,6.0,18.116524,36.654243,0.0,9.241,18.116524,18.075417,0.0,0.0,0.041107178,0,0,False,No_Telecommute,M,True,work1,1,1,0,0,0,0,0,0,0,0,0,0,0,1834,0,0,1,33,2,1
697,72.0,3.0,2,3,3,5,13,0.0,False,0,False,False,False,821,0.6894210257935655,1.313716029313151,0,,False,False,-1,-9.0,-9.0,-1,-9.0,-9.0,-9.0,0.0,-1,-9.0,-9.0,-9.0,-9.0,-9.0,0.0,0.0,0.0,0.0,0.0,0.0,0.0,0.0,0,0,False,,N,True,,0,0,0,1,1,0,0,0,0,1,0,0,0,1835,0,0,0,0,2,1
698,74.0,1.0,2,3,3,5,13,43.0,False,0,False,False,False,822,0.8202545022730143,0.2747057395312007,62,sales_office,False,False,-1,-9.0,-9.0,-1,-9.0,-9.0,-9.0,0.0,-1,-9.0,-9.0,-9.0,-9.0,-9.0,0.0,0.0,0.0,0.0,0.0,0.0,0.0,0.0,0,0,False,,N,True,,0,0,0,36,2,0,0,1,0,1,0,0,0,1836,0,0,0,0,1,1
699,49.0,1.0,1,1,3,1,13,17.0,False,0,True,True,False,822,0.249656336928176,0.7874177092263756,54,mngt_busi_scic_arts,False,True,-1,-9.0,-9.0,-1,-9.0,-9.0,-9.0,0.0,24068,12.717049994579709,-2.130960907851105,27.404137,3.0,52.809822,104.92146,0.0,5.577,56.923023,52.809822,0.0,0.0,4.113201,0,1,True,2_3_days_week,N,True,,0,0,0,13,2,0,0,0,1,1,0,0,0,1837,0,0,1,40,2,1
699,21.0,2.0,1,3,2,3,9,99.0,True,4,False,False,False,822,1.535616692244909,1.1455694939920933,99,,False,False,-1,-9.0,-9.0,19370,6.496341062571966,-5.279855547140641,14.856166,37.441063,-1,-9.0,-9.0,-9.0,-9.0,-9.0,0.0,0.0,0.0,0.0,0.0,0.0,0.0,0.0,0,0,False,,N,True,,0,0,0,36,2,0,0,1,0,1,0,0,0,1838,0,6,0,0,2,1
700,45.0,1.0,2,1,3,1,13,11.0,False,0,True,False,False,822,0.8798438415185504,1.8540817888845451,62,mngt_busi_scic_arts,True,False,-1,-9.0,-9.0,-1,-9.0,-9.0,-9.0,0.0,-1,-9.0,-9.0,-9.0,-9.0,-9.0,0.0,0.0,0.0,0.0,0.0,0.0,0.0,0.0,0,0,False,,N,True,,0,0,0,89,1,1,0,0,0,0,0,0,0,1839,0,0,1,60,8,2
700,19.0,2.0,2,3,2,3,9,0.0,True,4,False,False,False,822,0.6063981543089298,1.116839297851449,0,,False,False,-1,-9.0,-9.0,5313,7.1214166975968896,2.3708014887680364,1.3603518,8.79376,-1,-9.0,-9.0,-9.0,-9.0,-9.0,0.0,0.0,0.0,0.0,0.0,0.0,0.0,0.0,0,1,False,,M,True,school1,1,0,0,1,1,0,0,0,0,1,0,0,0,1840,0,6,0,0,2,1
701,31.0,1.0,1,3,3,4,13,49.0,False,0,False,False,False,822,0.3201504610411754,1.9228276652962963,81,constr_maint,False,False,-1,-9.0,-9.0,-1,-9.0,-9.0,-9.0,0.0,-1,-9.0,-9.0,-9.0,-9.0,-9.0,0.0,0.0,0.0,0.0,0.0,0.0,0.0,0.0,0,1,False,,N,True,,0,0,0,1,1,0,0,0,0,1,0,0,0,1841,0,0,0,0,1,2
702,22.0,1.0,2,1,3,1,13,25.0,False,0,True,True,False,822,0.8709345540773961,0.6913713022098182,92,services,False,True,-1,-9.0,-9.0,-1,-9.0,-9.0,-9.0,0.0,6760,10.964758428513935,-5.669046164933933,22.045267,3.0,54.54056,108.79109,0.0,0.0,54.54056,54.49945,0.0,0.0,0.041110992,0,0,True,No_Telecommute,N,True,,0,0,0,66,2,0,0,2,0,0,0,1,0,1842,0,6,1,40,2,1
703,74.0,1.0,1,3,3,5,13,0.0,False,0,False,False,False,822,1.4063341481683227,0.7534527668931873,0,,False,False,-1,-9.0,-9.0,-1,-9.0,-9.0,-9.0,0.0,-1,-9.0,-9.0,-9.0,-9.0,-9.0,0.0,0.0,0.0,0.0,0.0,0.0,0.0,0.0,0,1,False,,N,True,,0,0,1,0,0,0,0,1,0,0,0,0,0,1843,0,0,0,0,1,1
703,49.0,3.0,2,1,3,1,13,41.0,False,0,True,False,False,822,1.3575107385031833,0.7606460038598437,45,sales_office,True,False,-1,-9.0,-9.0,-1,-9.0,-9.0,-9.0,0.0,-1,-9.0,-9.0,-9.0,-9.0,-9.0,0.0,0.0,0.0,0.0,0.0,0.0,0.0,0.0,0,1,False,,N,True,,0,0,1,12,1,0,0,0,1,0,0,0,0,1845,0,0,1,40,1,1
703,45.0,4.0,2,3,3,4,13,13.0,False,0,False,False,False,822,2.3260622537231668,1.5720153193792603,54,mngt_busi_scic_arts,False,False,-1,-9.0,-9.0,-1,-9.0,-9.0,-9.0,0.0,-1,-9.0,-9.0,-9.0,-9.0,-9.0,0.0,0.0,0.0,0.0,0.0,0.0,0.0,0.0,0,0,False,,N,True,,0,0,1,120,2,1,0,1,0,0,0,0,0,1846,0,0,0,0,1,1
703,46.0,7.0,1,3,3,4,13,0.0,False,0,False,False,False,822,0.389617693959488,1.0991127916251195,0,,False,False,-1,-9.0,-9.0,-1,-9.0,-9.0,-9.0,0.0,-1,-9.0,-9.0,-9.0,-9.0,-9.0,0.0,0.0,0.0,0.0,0.0,0.0,0.0,0.0,0,0,False,,N,True,,0,0,1,121,3,1,0,1,0,1,0,0,0,1849,0,0,0,0,1,1
703,21.0,8.0,1,1,3,1,9,25.0,False,0,True,True,False,822,0.3446468426321853,0.4901573205854795,61,services,False,True,-1,-9.0,-9.0,-1,-9.0,-9.0,-9.0,0.0,229,12.326281132613872,1.016353753598744,0.59465265,6.0,2.4215894,4.845321,0.0,6.942,2.4215894,2.3224506,0.0,0.0,0.09913874,0,1,False,4_days_week,N,True,,0,0,1,1,1,0,0,0,0,1,0,0,0,1850,0,0,1,40,1,1
704,53.0,1.0,2,1,3,1,13,13.0,False,0,True,True,False,822,0.9070491147966696,0.5639590515678528,92,mngt_busi_scic_arts,False,True,-1,-9.0,-9.0,-1,-9.0,-9.0,-9.0,0.0,6760,10.40433730644847,-5.135836444480177,22.045267,3.0,54.54056,108.79109,0.0,0.0,54.54056,54.49945,0.0,0.0,0.041110992,0,0,True,No_Telecommute,M,True,work1,1,1,0,0,0,0,0,0,0,0,0,0,0,1851,0,0,1,40,1,2
705,57.0,1.0,2,1,3,1,13,11.0,False,0,True,True,False,822,1.321351188212761,1.2140109298747452,722,mngt_busi_scic_arts,False,True,-1,-9.0,-9.0,-1,-9.0,-9.0,-9.0,0.0,16218,10.1446209924091,-3.014764306173838,3.7078574,6.0,12.045098,23.610863,0.0,0.0,12.045098,12.00399,0.0,0.0,0.04110813,0,1,False,No_Telecommute,N,True,,0,0,1,13,2,0,0,0,1,1,1,0,1,1852,0,0,1,40,1,1
706,68.0,1.0,2,3,3,5,13,99.0,False,0,False,False,False,822,0.5659458269553954,1.1107582478588505,99,,False,False,-1,-9.0,-9.0,-1,-9.0,-9.0,-9.0,0.0,-1,-9.0,-9.0,-9.0,-9.0,-9.0,0.0,0.0,0.0,0.0,0.0,0.0,0.0,0.0,0,0,False,,N,True,,0,0,0,1,1,0,0,0,0,1,0,0,0,1854,0,0,0,0,1,1
708,23.0,1.0,1,1,3,1,13,13.0,False,0,True,True,False,822,1.1475514765378578,0.4548117730886538,9000,mngt_busi_scic_arts,False,True,-1,-9.0,-9.0,-1,-9.0,-9.0,-9.0,0.0,20561,10.697907083320272,-5.94438269765595,20.17623,7.0,37.144337,73.0793,0.0,0.0,37.144337,36.18949,0.0,0.0,0.9548454,1,0,False,No_Telecommute,N,True,,0,0,0,18,2,0,1,0,1,0,0,0,0,1856,1,0,1,55,1,2
709,38.0,1.0,2,1,3,1,13,25.0,False,0,True,True,False,822,0.6994073458393623,0.7828433815576985,61,services,False,True,-1,-9.0,-9.0,-1,-9.0,-9.0,-9.0,0.0,23860,11.350294027252808,-0.796832529845997,0.98836565,6.0,3.5780332,7.7287607,0.0,0.0,3.5780332,3.5780332,0.0,0.0,0.0,0,0,True,4_days_week,M,True,work1,1,1,0,7,2,0,1,0,0,1,0,0,0,1858,0,0,1,45,1,2
710,33.0,1.0,2,2,2,3,13,41.0,True,4,True,True,False,822,0.7077878582137964,0.2537332846202806,53,sales_office,False,True,-1,-9.0,-9.0,19370,6.886351057655767,-2.626895198997605,14.856166,37.441063,7846,11.808536080392658,-4.194322374530309,20.607416,3.0,44.3266,89.49613,0.0,0.0,47.447216,44.3266,0.0,0.0,3.120617,0,0,True,No_Telecommute,N,True,,0,0,1,6,1,0,1,0,1,0,0,0,0,1859,0,6,4,30,1,2
710,38.0,2.0,1,3,3,4,13,41.0,False,0,False,False,False,822,1.0960785223243732,0.9705307273954566,53,sales_office,False,False,-1,-9.0,-9.0,-1,-9.0,-9.0,-9.0,0.0,-1,-9.0,-9.0,-9.0,-9.0,-9.0,0.0,0.0,0.0,0.0,0.0,0.0,0.0,0.0,0,0,False,,N,True,,0,0,1,66,2,0,0,2,0,0,0,1,0,1860,0,0,4,40,2,1
711,71.0,1.0,1,3,3,5,13,0.0,False,0,False,False,False,822,0.4533603593167314,1.8280029972369936,0,,False,False,-1,-9.0,-9.0,-1,-9.0,-9.0,-9.0,0.0,-1,-9.0,-9.0,-9.0,-9.0,-9.0,0.0,0.0,0.0,0.0,0.0,0.0,0.0,0.0,0,0,False,,N,True,,0,0,1,12,1,0,0,0,1,1,0,0,0,1861,0,0,0,0,1,2
711,37.0,3.0,2,1,3,1,13,43.0,False,0,True,True,False,822,0.5422332131398461,0.661968499234016,33,sales_office,False,True,-1,-9.0,-9.0,-1,-9.0,-9.0,-9.0,0.0,16361,11.707503397500409,-1.3115838064038978,5.4554596,6.0,14.372897,29.002584,0.0,0.0,14.372897,14.372897,0.0,0.0,0.0,0,0,False,No_Telecommute,N,True,,0,0,1,3,1,0,0,0,0,0,1,0,0,1863,0,0,4,40,1,2
712,65.0,1.0,1,1,3,1,13,33.0,False,0,True,True,False,822,1.4953567099205862,0.7028045153399248,62,services,False,True,-1,-9.0,-9.0,-1,-9.0,-9.0,-9.0,0.0,5456,10.078097253128163,-2.1415452628463183,2.0580053,6.0,5.4760637,11.25375,0.0,0.0,5.4760637,5.434955,0.0,0.0,0.04110861,0,0,False,No_Telecommute,M,True,work1,1,1,0,0,0,0,0,0,0,0,0,0,0,1864,0,0,1,40,2,1
713,69.0,1.0,2,3,3,5,13,0.0,False,0,False,False,False,822,0.4509575949664342,1.250228714421144,0,,False,False,-1,-9.0,-9.0,-1,-9.0,-9.0,-9.0,0.0,-1,-9.0,-9.0,-9.0,-9.0,-9.0,0.0,0.0,0.0,0.0,0.0,0.0,0.0,0.0,0,0,False,,N,True,,0,0,0,1,1,0,0,0,0,1,0,0,0,1867,0,0,0,0,9,2
714,30.0,1.0,2,1,3,1,13,43.0,False,0,True,False,False,822,1.750889655404786,0.5683885553121806,33,sales_office,True,False,-1,-9.0,-9.0,-1,-9.0,-9.0,-9.0,0.0,-1,-9.0,-9.0,-9.0,-9.0,-9.0,0.0,0.0,0.0,0.0,0.0,0.0,0.0,0.0,0,0,False,,N,True,,0,0,0,13,2,0,0,0,1,1,0,0,0,1868,0,0,1,40,9,2
715,30.0,2.0,2,3,2,3,13,31.0,True,4,False,False,False,822,0.5897006883512225,0.9118577064503652,62,health,False,False,-1,-9.0,-9.0,19370,5.5759544162149925,-2.1623622960519397,14.856166,37.441063,-1,-9.0,-9.0,-9.0,-9.0,-9.0,0.0,0.0,0.0,0.0,0.0,0.0,0.0,0.0,0,0,False,,M,True,school1,1,0,0,0,0,0,0,0,0,0,0,0,0,1870,0,6,0,0,1,1
717,62.0,1.0,2,3,3,4,13,37.0,False,0,False,False,False,822,0.69931319498062,0.5829252687693484,56,services,False,False,-1,-9.0,-9.0,-1,-9.0,-9.0,-9.0,0.0,-1,-9.0,-9.0,-9.0,-9.0,-9.0,0.0,0.0,0.0,0.0,0.0,0.0,0.0,0.0,0,1,False,,N,True,,0,0,1,0,0,0,0,0,1,0,0,0,0,1872,0,0,5,2,9,2
718,40.0,1.0,1,1,3,1,13,43.0,False,0,True,True,False,822,0.911095998167634,0.6140029558025661,54,sales_office,False,True,-1,-9.0,-9.0,-1,-9.0,-9.0,-9.0,0.0,12315,11.21179286403744,-5.219895321096999,20.86995,3.0,44.98694,91.38838,0.0,0.0,48.107555,44.98694,0.0,0.0,3.120617,0,0,True,2_3_days_week,N,True,,0,0,0,12,1,0,0,0,1,0,0,0,0,1875,0,0,1,40,1,1
718,56.0,2.0,1,2,3,2,13,31.0,False,0,True,True,False,822,1.4471987605589816,1.4432883225685815,92,health,False,True,-1,-9.0,-9.0,-1,-9.0,-9.0,-9.0,0.0,17877,8.796281739567593,-5.343578338656861,10.175306,7.0,24.694973,50.651703,0.0,0.0,25.10234,24.653866,0.0,0.0,0.44847488,0,0,True,No_Telecommute,N,True,,0,0,0,12,1,0,0,0,1,0,0,0,0,1876,0,0,1,33,2,1
718,72.0,3.0,2,3,3,5,13,0.0,False,0,False,False,False,822,2.183903313091129,0.9967323625781934,0,,False,False,-1,-9.0,-9.0,-1,-9.0,-9.0,-9.0,0.0,-1,-9.0,-9.0,-9.0,-9.0,-9.0,0.0,0.0,0.0,0.0,0.0,0.0,0.0,0.0,0,0,False,,N,True,,0,0,0,3,1,0,0,0,0,0,1,0,0,1877,0,0,0,0,2,1
719,83.0,1.0,2,3,3,5,13,0.0,False,0,False,False,False,822,0.3327844478062148,0.7500903082987703,0,,False,False,-1,-9.0,-9.0,-1,-9.0,-9.0,-9.0,0.0,-1,-9.0,-9.0,-9.0,-9.0,-9.0,0.0,0.0,0.0,0.0,0.0,0.0,0.0,0.0,0,0,False,,N,True,,0,0,0,7,2,0,1,0,0,1,0,0,0,1878,0,0,0,0,1,1
720,41.0,1.0,2,1,3,1,13,39.0,False,0,True,True,False,822,0.9580935832980731,1.4669248732536482,81,services,False,True,-1,-9.0,-9.0,-1,-9.0,-9.0,-9.0,0.0,6089,10.825288132076208,-7.340024832571956,36.763466,3.0,61.09499,123.90246,0.0,0.0,68.328575,61.09499,0.0,0.0,7.2335854,0,0,True,No_Telecommute,M,True,work1,1,1,0,12,1,0,0,0,1,0,0,0,0,1879,0,0,5,40,1,2
720,38.0,2.0,1,1,3,1,13,41.0,False,0,True,False,False,822,1.1942378189326242,0.6274614082776218,44,sales_office,True,False,-1,-9.0,-9.0,-1,-9.0,-9.0,-9.0,0.0,-1,-9.0,-9.0,-9.0,-9.0,-9.0,0.0,0.0,0.0,0.0,0.0,0.0,0.0,0.0,0,1,False,,N,True,,0,0,0,35,1,0,0,1,0,0,0,0,0,1880,0,0,1,50,1,1
721,32.0,1.0,2,3,2,3,13,55.0,True,4,False,False,False,822,1.4596690063876523,0.7727260679352199,9000,military,False,False,-1,-9.0,-9.0,5682,6.418489685431566,-7.942793828566153,26.116846,57.90111,-1,-9.0,-9.0,-9.0,-9.0,-9.0,0.0,0.0,0.0,0.0,0.0,0.0,0.0,0.0,0,0,False,,N,True,,0,0,0,35,1,0,0,1,0,0,0,0,0,1881,0,6,0,0,8,1
721,28.0,2.0,1,1,3,1,13,13.0,False,0,True,True,False,822,0.9592933995956292,0.555181167506297,9000,mngt_busi_scic_arts,False,True,-1,-9.0,-9.0,-1,-9.0,-9.0,-9.0,0.0,15952,10.957831285170798,-4.476679621131988,14.153407,6.0,29.235455,63.297527,0.0,0.0,32.12563,29.235455,0.0,0.0,2.8901749,1,1,True,No_Telecommute,M,True,work1,1,1,0,0,0,0,0,0,0,0,0,0,0,1882,1,0,1,50,8,1
722,44.0,1.0,2,1,3,1,13,41.0,False,0,True,False,True,836,1.81044834244223,0.5358289607479985,44,sales_office,False,True,24331,4.973898418021068,-8.07658983303181,-1,-9.0,-9.0,-9.0,0.0,24331,4.973898418021068,-8.07658983303181,28.35415,-9.0,50.200874,100.41322,0.0,0.0,0.0,0.0,0.0,0.0,0.0,0,0,True,No_Telecommute,N,True,,0,0,1,0,0,0,0,0,0,1,0,0,0,1883,0,0,1,50,8,2
724,39.0,1.0,2,1,3,1,13,27.0,False,0,True,True,False,836,0.6739806430053678,0.8069114365484346,33,mngt_busi_scic_arts,False,True,-1,-9.0,-9.0,-1,-9.0,-9.0,-9.0,0.0,8609,11.3828894690624,-4.041670392320337,23.670412,3.0,49.12388,100.09376,0.0,0.0,50.831974,49.12388,0.0,0.0,1.7080956,0,0,False,2_3_days_week,N,True,,0,0,0,12,1,0,0,0,1,0,0,0,0,1886,0,0,1,55,6,1
725,39.0,1.0,1,1,3,1,13,41.0,False,0,True,True,False,836,0.6595495016165815,1.7153507496530092,42,sales_office,False,True,-1,-9.0,-9.0,-1,-9.0,-9.0,-9.0,0.0,23097,12.157020059795483,-2.0230263995239786,9.05304,6.0,20.591028,41.29496,0.0,0.0,20.591028,20.074646,0.0,0.0,0.5163822,0,0,False,No_Telecommute,N,True,,0,0,0,1,1,0,0,0,0,1,0,0,0,1887,0,0,1,40,1,1
725,34.0,2.0,2,1,3,1,13,11.0,False,0,True,True,False,836,1.2030487823495657,0.5079533932411349,54,mngt_busi_scic_arts,False,True,-1,-9.0,-9.0,-1,-9.0,-9.0,-9.0,0.0,18853,10.211774501368945,-4.082526385250785,10.50563,6.0,21.578144,43.90116,0.0,0.0,21.578144,20.464237,0.0,0.0,1.1139069,0,0,False,2_3_days_week,M,True,work1,1,1,0,2,2,0,0,0,0,2,0,0,1,1888,0,0,1,40,1,1
726,55.0,1.0,1,1,3,1,13,11.0,False,0,True,True,False,836,1.5514199703503295,0.671106473662125,62,mngt_busi_scic_arts,False,True,-1,-9.0,-9.0,-1,-9.0,-9.0,-9.0,0.0,23876,10.285184580366009,-2.455018101212666,2.2079654,6.0,6.083076,12.633699,0.0,0.0,6.083076,6.083076,0.0,0.0,0.0,0,0,False,2_3_days_week,N,True,,0,0,0,42,3,0,1,1,0,1,0,0,0,1889,0,0,1,60,1,1
727,37.0,1.0,1,1,3,1,13,11.0,False,0,True,False,False,836,0.6437548759073739,1.136027803931235,54,mngt_busi_scic_arts,True,False,-1,-9.0,-9.0,-1,-9.0,-9.0,-9.0,0.0,-1,-9.0,-9.0,-9.0,-9.0,-9.0,0.0,0.0,0.0,0.0,0.0,0.0,0.0,0.0,0,0,False,,N,True,,0,0,1,12,1,0,0,1,1,0,0,1,0,1892,0,0,2,80,1,1
728,36.0,1.0,1,1,3,1,13,11.0,False,0,True,True,False,836,1.1837848740848622,0.6604368946274146,53,mngt_busi_scic_arts,False,True,-1,-9.0,-9.0,-1,-9.0,-9.0,-9.0,0.0,6608,10.987980953976916,-6.316431464269048,24.088266,3.0,49.800484,100.52761,0.0,0.0,51.599224,49.786354,0.0,0.0,1.81287,1,0,False,No_Telecommute,N,True,,0,0,0,24,2,0,0,0,2,0,0,1,0,1894,0,0,1,60,1,1
728,34.0,2.0,2,3,3,4,13,11.0,False,0,False,False,False,836,0.7056998222383171,0.5797940808509578,54,mngt_busi_scic_arts,False,False,-1,-9.0,-9.0,-1,-9.0,-9.0,-9.0,0.0,-1,-9.0,-9.0,-9.0,-9.0,-9.0,0.0,0.0,0.0,0.0,0.0,0.0,0.0,0.0,0,0,False,,N,True,,0,0,0,89,1,1,0,0,0,0,0,0,0,1895,0,0,3,50,1,1
729,78.0,1.0,2,3,3,5,13,0.0,False,0,False,False,False,836,1.8103905846741104,0.6236425706806132,0,,False,False,-1,-9.0,-9.0,-1,-9.0,-9.0,-9.0,0.0,-1,-9.0,-9.0,-9.0,-9.0,-9.0,0.0,0.0,0.0,0.0,0.0,0.0,0.0,0.0,0,0,False,,N,True,,0,0,0,1,1,0,0,0,0,1,0,0,0,1896,0,0,0,0,1,1
730,35.0,1.0,2,1,3,1,13,41.0,False,0,True,False,False,836,0.3899663275177433,0.6210207999131151,45,sales_office,True,False,-1,-9.0,-9.0,-1,-9.0,-9.0,-9.0,0.0,-1,-9.0,-9.0,-9.0,-9.0,-9.0,0.0,0.0,0.0,0.0,0.0,0.0,0.0,0.0,0,0,False,,N,True,,0,0,0,14,3,0,0,0,1,2,0,0,1,1897,0,0,1,40,1,1
731,73.0,1.0,2,3,2,3,13,0.0,True,4,False,False,False,836,0.5689134786589803,1.654710980038798,0,,False,False,-1,-9.0,-9.0,23017,7.224264292140232,-1.303572322548327,4.8613973,18.384922,-1,-9.0,-9.0,-9.0,-9.0,-9.0,0.0,0.0,0.0,0.0,0.0,0.0,0.0,0.0,0,0,False,,N,True,,0,0,0,12,1,0,0,0,1,0,0,0,0,1898,0,6,0,0,1,1
732,25.0,1.0,1,1,3,1,13,53.0,False,0,True,True,False,836,0.969151726965092,0.6131516475784369,81,prod_trans_move,False,True,-1,-9.0,-9.0,-1,-9.0,-9.0,-9.0,0.0,16859,10.791340821332843,-5.547555571170848,21.149866,7.0,45.297554,90.82271,0.0,0.0,46.510216,44.21502,0.0,0.0,2.2951965,0,0,False,2_3_days_week,N,True,,0,0,0,12,1,0,0,0,1,0,0,0,0,1899,0,0,5,48,1,2
732,18.0,2.0,1,3,3,4,9,35.0,False,0,False,False,False,836,0.9114824831557198,1.095300072997481,722,services,False,False,-1,-9.0,-9.0,-1,-9.0,-9.0,-9.0,0.0,-1,-9.0,-9.0,-9.0,-9.0,-9.0,0.0,0.0,0.0,0.0,0.0,0.0,0.0,0.0,0,0,False,,N,True,,0,0,0,167,3,2,0,0,1,0,0,0,0,1900,0,0,0,0,1,2
733,71.0,1.0,2,3,3,5,13,0.0,False,0,False,False,False,836,1.3429868570496168,0.7800751379642621,0,,False,False,-1,-9.0,-9.0,-1,-9.0,-9.0,-9.0,0.0,-1,-9.0,-9.0,-9.0,-9.0,-9.0,0.0,0.0,0.0,0.0,0.0,0.0,0.0,0.0,0,0,False,,N,True,,0,0,0,89,1,1,0,0,0,0,0,0,0,1901,0,0,0,0,1,1
734,39.0,1.0,1,1,3,1,13,23.0,False,0,True,True,False,836,1.2841885412195395,1.7286682401831748,54,mngt_busi_scic_arts,False,True,-1,-9.0,-9.0,-1,-9.0,-9.0,-9.0,0.0,16857,10.585752645873606,-5.461838980628921,21.405092,7.0,46.08763,92.270874,0.0,0.0,47.3003,45.005104,0.0,0.0,2.2951965,0,0,True,1_day_week,M,True,work1,1,1,0,0,0,0,0,0,0,0,0,0,0,1902,0,0,1,55,1,1
734,48.0,2.0,2,1,3,1,13,11.0,False,0,True,True,False,836,1.386605400918827,1.8278091996808556,53,mngt_busi_scic_arts,False,True,-1,-9.0,-9.0,-1,-9.0,-9.0,-9.0,0.0,18528,10.491157407934898,-3.857819294138594,6.717427,7.0,16.289534,33.20867,0.0,0.0,16.289534,16.289534,0.0,0.0,0.0,0,0,True,2_3_days_week,M,True,work2,2,2,0,0,0,0,0,0,0,0,0,0,0,1903,0,0,1,60,1,2
735,22.0,1.0,1,1,3,1,13,55.0,False,0,True,True,False,836,0.9045562426750324,0.928995894011696,9000,military,False,True,-1,-9.0,-9.0,-1,-9.0,-9.0,-9.0,0.0,5878,9.786099757895212,-2.8467046710936152,11.896355,6.0,28.208067,62.335052,0.0,0.0,28.208067,28.208067,0.0,0.0,0.0,0,0,True,No_Telecommute,N,True,,0,0,0,24,2,0,0,0,2,0,0,1,0,1904,1,6,1,45,1,2
736,23.0,1.0,1,1,3,1,13,13.0,False,0,True,True,False,836,0.8225347943952583,0.3827418408282681,9000,mngt_busi_scic_arts,False,True,-1,-9.0,-9.0,-1,-9.0,-9.0,-9.0,0.0,5878,11.441225219932344,-2.617046125346832,11.896355,6.0,28.208067,62.335052,0.0,0.0,28.208067,28.208067,0.0,0.0,0.0,0,0,False,No_Telecommute,N,True,,0,0,0,13,2,0,0,0,1,1,0,0,0,1905,1,0,1,55,1,2
736,22.0,2.0,2,1,3,1,13,53.0,False,0,True,True,False,836,2.6389598574702537,0.4055704000719373,9000,prod_trans_move,False,True,-1,-9.0,-9.0,-1,-9.0,-9.0,-9.0,0.0,10518,8.501421134305089,-9.793008454382196,21.201468,3.0,42.71969,84.9924,0.0,0.0,44.42778,42.71969,0.0,0.0,1.7080917,0,1,False,2_3_days_week,N,True,,0,0,0,18,2,0,1,0,1,0,0,0,0,1906,1,0,1,55,1,2
737,53.0,1.0,2,1,3,1,13,43.0,False,0,True,True,False,836,0.998057273801747,0.5034281718886415,92,sales_office,False,True,-1,-9.0,-9.0,-1,-9.0,-9.0,-9.0,0.0,16352,11.042230252581566,-2.563928494469197,9.287269,6.0,19.447283,40.39353,0.0,0.0,20.659958,18.364761,0.0,0.0,2.2951965,0,0,True,2_3_days_week,M,True,work1,1,1,0,0,0,0,0,0,0,0,0,0,0,1907,0,0,1,40,1,1
738,21.0,1.0,1,2,3,2,9,55.0,False,0,True,True,False,836,0.7298114901615932,0.5640733475335615,9000,military,False,True,-1,-9.0,-9.0,-1,-9.0,-9.0,-9.0,0.0,5878,9.090506758217002,-2.5289840866801114,11.896355,6.0,28.208067,62.335052,0.0,0.0,28.208067,28.208067,0.0,0.0,0.0,0,0,True,No_Telecommute,N,True,,0,0,0,1,1,0,0,0,0,1,0,0,0,1910,1,0,1,9,1,2
738,20.0,2.0,2,3,3,4,9,53.0,False,0,False,False,False,836,0.6001513528508852,0.4211490717726402,45,prod_trans_move,False,False,-1,-9.0,-9.0,-1,-9.0,-9.0,-9.0,0.0,-1,-9.0,-9.0,-9.0,-9.0,-9.0,0.0,0.0,0.0,0.0,0.0,0.0,0.0,0.0,0,1,False,,N,True,,0,0,0,14,3,0,0,0,1,2,0,0,1,1911,0,0,6,30,1,1
740,69.0,1.0,2,3,3,5,13,0.0,False,0,False,False,False,836,0.4371267442468505,0.8169034829451473,0,,False,False,-1,-9.0,-9.0,-1,-9.0,-9.0,-9.0,0.0,-1,-9.0,-9.0,-9.0,-9.0,-9.0,0.0,0.0,0.0,0.0,0.0,0.0,0.0,0.0,0,0,False,,N,True,,0,0,0,6,2,0,2,0,0,0,0,0,0,1913,0,0,0,0,9,2
741,27.0,1.0,2,3,2,3,13,55.0,True,4,False,False,False,836,1.1311004217784333,0.5515237522833634,9000,military,False,False,-1,-9.0,-9.0,9001,0.8746919898423966,-6.223980433147802,30.594776,66.05968,-1,-9.0,-9.0,-9.0,-9.0,-9.0,0.0,0.0,0.0,0.0,0.0,0.0,0.0,0.0,0,0,False,,N,True,,0,0,0,1,1,0,0,0,0,1,0,0,0,1914,0,6,1,50,1,1
741,35.0,2.0,1,1,3,1,13,53.0,False,0,True,True,False,836,1.3199625923345764,0.6762852307620738,9000,prod_trans_move,False,True,-1,-9.0,-9.0,-1,-9.0,-9.0,-9.0,0.0,19283,10.653121696457236,-4.028056629806111,11.217245,6.0,22.683828,47.344604,0.0,0.0,22.683828,22.683828,0.0,0.0,0.0,0,0,False,1_day_week,M,True,work1,1,1,0,0,0,0,0,0,0,0,0,0,0,1915,1,0,1,55,1,1
742,30.0,1.0,2,1,3,1,13,19.0,False,0,True,True,False,836,0.6083485933282894,0.7408514272155883,62,mngt_busi_scic_arts,False,True,-1,-9.0,-9.0,-1,-9.0,-9.0,-9.0,0.0,13127,11.540624373886596,-0.7176756885288278,1.945869,6.0,5.2982297,10.816122,0.0,0.0,5.2982297,5.2982297,0.0,0.0,0.0,0,0,False,No_Telecommute,M,True,work1,1,1,0,0,0,0,0,0,0,0,0,0,0,1916,0,0,1,36,1,1
743,94.0,1.0,2,3,3,5,13,0.0,False,0,False,False,False,836,1.9504976773949136,0.3403045629693437,0,,False,False,-1,-9.0,-9.0,-1,-9.0,-9.0,-9.0,0.0,-1,-9.0,-9.0,-9.0,-9.0,-9.0,0.0,0.0,0.0,0.0,0.0,0.0,0.0,0.0,0,0,False,,N,True,,0,0,0,36,2,0,0,1,0,1,0,0,0,1918,0,0,0,0,1,1
744,35.0,1.0,1,1,3,1,13,55.0,False,0,True,True,False,836,0.9776014814231716,1.505986176734206,9000,military,False,True,-1,-9.0,-9.0,-1,-9.0,-9.0,-9.0,0.0,1380,10.181221601951137,-4.165653504327139,20.296461,6.0,50.41194,107.05856,0.0,0.0,50.41194,50.41194,0.0,0.0,0.0,0,0,True,No_Telecommute,N,True,,0,0,0,89,1,1,0,0,0,0,0,0,0,1919,1,0,1,40,1,1
744,30.0,2.0,2,3,2,3,13,31.0,True,4,False,False,False,836,1.1006315623952172,0.4603868968797364,62,health,False,False,-1,-9.0,-9.0,23114,6.939502334845412,-2.198596320844896,5.1790795,19.33551,-1,-9.0,-9.0,-9.0,-9.0,-9.0,0.0,0.0,0.0,0.0,0.0,0.0,0.0,0.0,0,0,False,,N,True,,0,0,0,1,1,0,0,0,0,1,0,0,0,1920,0,6,0,0,1,1
745,35.0,1.0,1,1,3,1,13,55.0,False,0,True,True,False,836,2.384342386904326,1.413584218130734,9000,military,False,True,-1,-9.0,-9.0,-1,-9.0,-9.0,-9.0,0.0,5878,8.057355744912929,-6.10848563571481,11.896355,6.0,28.208067,62.335052,0.0,0.0,28.208067,28.208067,0.0,0.0,0.0,0,0,True,No_Telecommute,M,True,work1,1,1,0,0,0,0,0,0,0,0,0,0,0,1921,1,0,1,40,1,1
747,56.0,1.0,1,1,3,1,13,53.0,False,0,True,True,False,1031,0.997829408614178,0.6535182769037173,48,prod_trans_move,False,True,-1,-9.0,-9.0,-1,-9.0,-9.0,-9.0,0.0,15937,10.967909610981671,-3.4995770363839163,12.167558,6.0,27.20756,56.036495,0.0,0.0,28.194517,27.146214,0.0,0.0,1.0483036,0,0,True,No_Telecommute,M,True,work1,1,1,0,0,0,0,0,0,0,0,0,0,0,1924,0,0,1,40,1,2
748,43.0,1.0,1,1,3,1,13,33.0,False,0,True,True,False,1031,0.2823725287028649,0.461996421273186,92,services,False,True,-1,-9.0,-9.0,-1,-9.0,-9.0,-9.0,0.0,18857,12.438914793641825,-0.99275929693994,7.533117,6.0,21.931273,43.352753,0.0,0.0,23.858446,21.931273,0.0,0.0,1.9271736,0,1,False,4_days_week,N,True,,0,0,0,35,1,0,0,1,0,0,0,0,0,1925,0,0,1,40,1,2
749,24.0,1.0,2,2,2,3,13,41.0,True,4,True,True,False,1031,0.3133600198575353,1.7362712232667583,45,sales_office,False,True,-1,-9.0,-9.0,23114,7.300279718056742,-0.6693210110096299,5.9247365,22.997334,19716,12.563465590252502,-1.7387953241376537,12.806624,7.0,32.592518,64.63415,0.0,0.0,32.592518,32.592518,0.0,0.0,0.0,0,0,False,No_Telecommute,M,True,work1,1,1,0,0,0,0,0,0,0,0,0,0,0,1926,0,6,1,25,1,2
749,22.0,2.0,1,1,3,1,13,51.0,False,0,True,True,False,1031,0.4288219808011063,1.2918733837303489,31,prod_trans_move,False,True,-1,-9.0,-9.0,-1,-9.0,-9.0,-9.0,0.0,20325,12.005680036880593,-2.7886298093777597,18.654808,7.0,33.82581,67.61142,0.0,0.0,33.82581,33.61124,0.0,0.0,0.21456909,0,0,False,4_days_week,N,True,,0,0,0,12,1,0,0,0,1,0,0,0,0,1927,0,0,1,60,1,2
750,33.0,1.0,1,1,3,1,13,51.0,False,0,True,True,False,1031,0.8979584021770656,1.1995771703477642,32,prod_trans_move,False,True,-1,-9.0,-9.0,-1,-9.0,-9.0,-9.0,0.0,18212,11.100774370952031,-3.5011919566096394,10.177314,7.0,24.731543,50.582397,0.0,0.0,25.270487,24.731543,0.0,0.0,0.53894424,0,0,False,No_Telecommute,M,True,work1,1,1,0,89,1,1,0,0,0,0,0,0,0,1928,0,0,1,40,1,2
750,29.0,2.0,2,2,3,2,13,31.0,False,0,True,True,False,1031,2.455790173097774,1.458605289320606,62,health,False,True,-1,-9.0,-9.0,-1,-9.0,-9.0,-9.0,0.0,23271,7.839428260996375,-2.8234526471525245,1.9565303,6.0,6.317811,13.069721,0.0,0.0,6.317811,6.317811,0.0,0.0,0.0,0,0,True,No_Telecommute,M,True,work1,1,1,0,0,2,2,0,0,0,0,0,0,0,1929,0,0,6,9,1,2
750,14.0,3.0,1,4,1,7,0,0.0,True,2,False,False,False,1031,1.4201891891271552,0.4233909792025049,0,,False,False,-1,-9.0,-9.0,8322,7.1275956124485536,3.93202437577944,1.1348354,6.180513,-1,-9.0,-9.0,-9.0,-9.0,-9.0,0.0,0.0,0.0,0.0,0.0,0.0,0.0,0.0,0,0,False,,M,True,school1,1,0,0,0,0,0,0,0,0,0,0,0,0,1930,0,2,0,0,1,2
750,9.0,4.0,1,4,1,7,0,0.0,True,2,False,False,False,1031,0.5503382887835455,1.0357503684856824,0,,False,False,-1,-9.0,-9.0,16246,7.181870564665123,0.2337883025931909,8.528703,33.061695,-1,-9.0,-9.0,-9.0,-9.0,-9.0,0.0,0.0,0.0,0.0,0.0,0.0,0.0,0.0,0,0,False,,M,True,school1,1,0,0,0,0,0,0,0,0,0,0,0,0,1931,0,2,0,0,1,2
750,7.0,5.0,1,4,1,7,0,0.0,True,2,False,False,False,1031,0.791458996468304,3.3135987219781557,0,,False,False,-1,-9.0,-9.0,16673,7.189093069400798,-0.617043500690632,9.92984,40.32486,-1,-9.0,-9.0,-9.0,-9.0,-9.0,0.0,0.0,0.0,0.0,0.0,0.0,0.0,0.0,0,0,False,,M,True,school1,1,0,0,0,0,0,0,0,0,0,0,0,0,1932,0,2,0,0,1,2
750,6.0,6.0,1,4,1,7,0,0.0,True,2,False,False,False,1031,1.4461505863875863,1.4871694941630458,0,,False,False,-1,-9.0,-9.0,7296,7.067489034522627,4.079271666204987,1.922244,9.7425165,-1,-9.0,-9.0,-9.0,-9.0,-9.0,0.0,0.0,0.0,0.0,0.0,0.0,0.0,0.0,0,0,False,,M,True,school1,1,0,0,0,0,0,0,0,0,0,0,0,0,1933,0,2,0,0,1,2
750,60.0,8.0,2,3,3,4,13,27.0,False,0,False,False,False,1031,0.310148319014855,1.4065753630115805,45,mngt_busi_scic_arts,False,False,-1,-9.0,-9.0,-1,-9.0,-9.0,-9.0,0.0,-1,-9.0,-9.0,-9.0,-9.0,-9.0,0.0,0.0,0.0,0.0,0.0,0.0,0.0,0.0,0,0,False,,N,True,,0,0,0,12,3,2,0,0,1,0,0,0,0,1935,0,0,6,40,1,2
751,35.0,1.0,2,3,3,4,13,0.0,False,0,False,False,False,1031,1.3097500039076322,1.896300657125385,0,,False,False,-1,-9.0,-9.0,-1,-9.0,-9.0,-9.0,0.0,-1,-9.0,-9.0,-9.0,-9.0,-9.0,0.0,0.0,0.0,0.0,0.0,0.0,0.0,0.0,0,0,False,,N,True,,0,0,0,12,4,3,0,0,1,0,0,0,0,1936,0,0,0,0,1,1
751,15.0,2.0,2,4,1,7,0,0.0,True,3,False,False,False,1031,0.5718244218591059,0.58640210717862,0,,False,False,-1,-9.0,-9.0,16374,9.812901559769424,-0.2385418566197635,4.584132,22.508413,-1,-9.0,-9.0,-9.0,-9.0,-9.0,0.0,0.0,0.0,0.0,0.0,0.0,0.0,0.0,0,0,False,,N,True,,0,0,0,89,1,1,0,0,0,0,0,0,0,1937,0,5,0,0,1,1
751,12.0,3.0,1,4,1,7,0,0.0,True,2,False,False,False,1031,2.560617382930916,1.1200055158019817,0,,False,False,-1,-9.0,-9.0,18358,7.209033812003862,1.0429876504552922,7.3241925,24.82669,-1,-9.0,-9.0,-9.0,-9.0,-9.0,0.0,0.0,0.0,0.0,0.0,0.0,0.0,0.0,0,0,False,,M,True,school1,1,0,0,0,0,0,0,0,0,0,0,0,0,1938,0,2,0,0,1,1
751,10.0,4.0,2,4,1,7,0,0.0,True,2,False,False,False,1031,0.5561426611344377,1.0703920711022723,0,,False,False,-1,-9.0,-9.0,13595,6.9482100939866696,-1.0227287742206317,11.13779,39.58955,-1,-9.0,-9.0,-9.0,-9.0,-9.0,0.0,0.0,0.0,0.0,0.0,0.0,0.0,0.0,0,0,False,,M,True,school1,1,0,0,0,0,0,0,0,0,0,0,0,0,1939,0,2,0,0,1,1
751,4.0,5.0,2,4,1,8,0,0.0,True,1,False,False,False,1031,0.3834495497066321,0.7525451544558837,0,,False,False,-1,-9.0,-9.0,6647,11.106279612294834,4.927600393192431,1.5312259,8.923492,-1,-9.0,-9.0,-9.0,-9.0,-9.0,0.0,0.0,0.0,0.0,0.0,0.0,0.0,0.0,0,0,False,,M,True,school2,2,0,0,89,1,1,0,0,0,0,0,0,0,1940,0,0,0,0,1,1
752,61.0,1.0,1,1,3,1,13,11.0,False,0,True,True,False,1031,1.51108074307289,0.6051315236696091,53,mngt_busi_scic_arts,False,True,-1,-9.0,-9.0,-1,-9.0,-9.0,-9.0,0.0,16313,10.415664023338548,-3.457364597630233,5.403659,6.0,12.404565,25.771046,0.0,0.0,12.404565,12.404565,0.0,0.0,0.0,0,0,True,2_3_days_week,M,True,work1,1,1,0,1,1,0,0,0,0,1,0,0,0,1942,0,0,1,40,1,2
753,64.0,1.0,1,1,3,1,13,15.0,False,0,True,True,False,1031,1.2144627107959092,0.5199634158674429,54,mngt_busi_scic_arts,False,True,-1,-9.0,-9.0,-1,-9.0,-9.0,-9.0,0.0,6760,10.64680209883564,-6.795693124301393,21.042522,3.0,51.87533,103.48285,0.0,0.0,51.87533,51.87533,0.0,0.0,0.0,0,0,True,No_Telecommute,N,True,,0,0,0,12,1,0,0,0,1,0,0,0,0,1944,0,0,6,60,1,1
753,63.0,2.0,2,1,3,1,13,11.0,False,0,True,True,False,1031,0.2423152908525592,0.5889211862270314,33,mngt_busi_scic_arts,False,True,-1,-9.0,-9.0,-1,-9.0,-9.0,-9.0,0.0,6527,12.07651630557686,-0.5362979095674162,1.5312259,6.0,4.585131,9.2202425,0.0,7.839,4.585131,4.52285,0.0,0.0,0.06228113,0,0,False,No_Telecommute,M,True,work1,1,1,0,0,0,0,0,0,0,0,0,0,0,1945,0,0,1,40,1,1
753,44.0,3.0,1,3,3,4,13,99.0,False,0,False,False,False,1031,1.2315333028730162,0.3070181998567352,99,,False,False,-1,-9.0,-9.0,-1,-9.0,-9.0,-9.0,0.0,-1,-9.0,-9.0,-9.0,-9.0,-9.0,0.0,0.0,0.0,0.0,0.0,0.0,0.0,0.0,0,0,False,,N,True,,0,0,0,1,1,0,0,0,0,1,0,0,0,1946,0,0,0,0,1,1
754,37.0,1.0,1,1,3,1,13,55.0,False,0,True,True,False,1031,1.847126918558987,1.4599893595153357,9000,military,False,True,-1,-9.0,-9.0,-1,-9.0,-9.0,-9.0,0.0,1380,8.734766311428226,-6.877854388297726,19.537897,6.0,48.753555,103.9518,0.0,0.0,48.753555,48.753555,0.0,0.0,0.0,0,0,True,No_Telecommute,M,True,work1,1,1,0,0,0,0,0,0,0,0,0,0,0,1947,1,0,1,45,2,1
755,41.0,1.0,1,1,3,1,13,41.0,False,0,True,True,False,1031,0.7356136335165561,0.2621974920642341,56,sales_office,False,True,-1,-9.0,-9.0,-1,-9.0,-9.0,-9.0,0.0,23321,11.889784324625207,-2.846822825515621,12.095891,6.0,27.050537,56.015923,0.0,0.0,27.463276,27.050537,0.0,0.0,0.4127388,0,0,True,No_Telecommute,M,True,work1,1,1,0,0,0,0,0,0,0,0,0,0,0,1948,0,0,1,50,8,2
756,21.0,1.0,1,2,3,2,9,55.0,False,0,True,True,False,1031,0.6270046913747181,0.7795709356005328,9000,military,False,True,-1,-9.0,-9.0,-1,-9.0,-9.0,-9.0,0.0,7369,8.838490408154232,-1.369075629360189,4.24888,6.0,8.061241,21.776863,0.0,0.0,8.061241,8.061241,0.0,0.0,0.0,0,0,True,No_Telecommute,N,True,,0,0,0,41,2,0,1,1,0,0,0,0,0,1949,1,0,1,9,1,2
756,20.0,2.0,2,3,3,4,9,53.0,False,0,False,False,False,1031,0.4916366670444596,0.5588881722375574,45,prod_trans_move,False,False,-1,-9.0,-9.0,-1,-9.0,-9.0,-9.0,0.0,-1,-9.0,-9.0,-9.0,-9.0,-9.0,0.0,0.0,0.0,0.0,0.0,0.0,0.0,0.0,0,1,False,,N,True,,0,0,0,6,1,0,1,0,0,0,0,0,0,1950,0,0,6,30,1,1
757,38.0,1.0,1,1,3,1,13,11.0,False,0,True,True,False,1031,0.5745730628509578,0.6686367201526923,45,mngt_busi_scic_arts,False,True,-1,-9.0,-9.0,-1,-9.0,-9.0,-9.0,0.0,18912,12.046048349856076,-2.2932788522033847,11.232896,7.0,19.419336,40.7537,0.0,0.0,19.419336,19.419336,0.0,0.0,0.0,0,0,True,No_Telecommute,N,True,,0,0,0,6,1,0,1,0,0,0,0,0,0,1951,0,0,1,40,6,1
758,60.0,1.0,1,3,3,4,13,15.0,False,0,False,False,False,1031,0.8184475492010077,2.747654762231507,54,mngt_busi_scic_arts,False,False,-1,-9.0,-9.0,-1,-9.0,-9.0,-9.0,0.0,-1,-9.0,-9.0,-9.0,-9.0,-9.0,0.0,0.0,0.0,0.0,0.0,0.0,0.0,0.0,0,1,False,,N,True,,0,0,0,6,1,0,1,0,0,0,0,0,0,1952,0,0,3,40,1,1
759,28.0,1.0,1,3,3,4,13,55.0,False,0,False,False,False,1031,0.2505924573548029,1.2502028452685428,9000,military,False,False,-1,-9.0,-9.0,-1,-9.0,-9.0,-9.0,0.0,-1,-9.0,-9.0,-9.0,-9.0,-9.0,0.0,0.0,0.0,0.0,0.0,0.0,0.0,0.0,0,0,False,,N,True,,0,0,0,18,2,0,1,0,1,0,0,0,0,1953,0,0,0,0,1,1
759,26.0,2.0,2,3,3,4,13,39.0,False,0,False,False,False,1031,1.3598015595948405,0.2879335632523925,56,services,False,False,-1,-9.0,-9.0,-1,-9.0,-9.0,-9.0,0.0,-1,-9.0,-9.0,-9.0,-9.0,-9.0,0.0,0.0,0.0,0.0,0.0,0.0,0.0,0.0,0,0,False,,N,True,,0,0,0,41,2,0,1,1,0,0,0,0,0,1954,0,0,6,30,1,1
760,19.0,2.0,2,3,2,3,9,99.0,True,4,False,False,False,1031,1.6796384370724389,0.9083147767526856,99,,False,False,-1,-9.0,-9.0,19370,6.586276723287748,-5.628889127684247,13.591884,37.28103,-1,-9.0,-9.0,-9.0,-9.0,-9.0,0.0,0.0,0.0,0.0,0.0,0.0,0.0,0.0,0,0,False,,N,True,,0,0,0,6,1,0,1,0,0,0,0,0,0,1956,0,6,0,0,1,1
760,57.0,3.0,2,2,2,3,13,29.0,True,4,True,True,False,1031,0.4286713848261137,0.6272863012219111,61,health,False,True,-1,-9.0,-9.0,19607,7.27316357507332,-1.6253023407988407,14.854329,42.95317,23321,11.473663032148869,-1.9107749332303607,12.095891,6.0,27.050537,56.015923,0.0,0.0,27.463276,27.050537,0.0,0.0,0.4127388,0,0,False,No_Telecommute,N,True,,0,0,0,3,1,0,0,0,0,0,1,0,0,1957,0,6,6,30,1,1
761,46.0,1.0,2,2,3,2,13,31.0,False,0,True,True,False,1031,0.7224111241514889,2.9000788322474764,62,health,False,True,-1,-9.0,-9.0,-1,-9.0,-9.0,-9.0,0.0,16098,9.485887183438244,-1.036769026582884,1.9565303,6.0,6.317811,13.069721,0.0,0.0,6.317811,6.317811,0.0,0.0,0.0,0,0,True,No_Telecommute,N,True,,0,0,0,3,1,0,0,0,0,0,1,0,0,1958,0,0,1,30,8,2
761,16.0,3.0,2,3,1,6,0,0.0,True,3,False,False,False,1031,0.6001953170924067,1.3885406071682933,0,,False,False,-1,-9.0,-9.0,16014,9.95166094599958,0.7392460435147271,3.4914997,15.735993,-1,-9.0,-9.0,-9.0,-9.0,-9.0,0.0,0.0,0.0,0.0,0.0,0.0,0.0,0.0,0,0,False,,M,True,school1,1,0,0,0,0,0,0,0,0,0,0,0,0,1960,0,5,0,0,8,2
762,38.0,1.0,1,1,3,1,13,11.0,False,0,True,True,False,1031,0.6745790147730959,0.6392089385625491,33,mngt_busi_scic_arts,False,True,-1,-9.0,-9.0,-1,-9.0,-9.0,-9.0,0.0,23883,11.644555336420648,-0.8450556627706169,2.2121067,6.0,6.529584,13.032382,0.0,0.0,6.529584,6.3622236,0.0,0.0,0.1673603,0,0,True,No_Telecommute,M,True,work1,1,1,0,0,0,0,0,0,0,0,0,0,0,1961,0,0,1,50,1,2
762,41.0,2.0,2,3,3,4,13,25.0,False,0,False,False,False,1031,1.0154608638860811,1.1366130565415933,62,services,False,False,-1,-9.0,-9.0,-1,-9.0,-9.0,-9.0,0.0,-1,-9.0,-9.0,-9.0,-9.0,-9.0,0.0,0.0,0.0,0.0,0.0,0.0,0.0,0.0,0,0,False,,N,True,,0,0,0,1,1,0,0,0,0,1,0,0,0,1962,0,0,0,0,1,1
763,63.0,1.0,2,3,2,3,13,37.0,True,4,False,False,False,1031,0.6546078118605042,0.7994535139264658,56,services,False,False,-1,-9.0,-9.0,23114,7.857450160412465,1.4124404479734038,5.9247365,22.997334,-1,-9.0,-9.0,-9.0,-9.0,-9.0,0.0,0.0,0.0,0.0,0.0,0.0,0.0,0.0,0,1,False,,N,True,,0,0,0,1,1,0,0,0,0,1,0,0,0,1963,0,6,0,0,8,2
763,35.0,2.0,2,3,3,4,13,0.0,False,0,False,False,False,1031,1.568996201693215,1.096069047201735,0,,False,False,-1,-9.0,-9.0,-1,-9.0,-9.0,-9.0,0.0,-1,-9.0,-9.0,-9.0,-9.0,-9.0,0.0,0.0,0.0,0.0,0.0,0.0,0.0,0.0,0,1,False,,N,True,,0,0,0,41,2,0,1,1,0,0,0,0,0,1964,0,0,0,0,8,2
764,44.0,2.0,1,1,3,1,13,19.0,False,0,True,True,False,1077,0.8277614031075051,0.182380461546879,62,mngt_busi_scic_arts,False,True,-1,-9.0,-9.0,-1,-9.0,-9.0,-9.0,0.0,16645,11.768268631985029,-1.869882889235618,5.587088,6.0,14.957453,31.08974,0.0,0.0,15.221335,14.736467,0.0,0.0,0.48486805,0,1,True,No_Telecommute,M,True,work1,1,1,0,0,0,0,0,0,0,0,0,0,0,1966,0,0,1,48,1,1
765,57.0,1.0,1,3,3,4,13,53.0,False,0,False,False,False,1077,0.3739024019877084,0.5961228774195685,81,prod_trans_move,False,False,-1,-9.0,-9.0,-1,-9.0,-9.0,-9.0,0.0,-1,-9.0,-9.0,-9.0,-9.0,-9.0,0.0,0.0,0.0,0.0,0.0,0.0,0.0,0.0,0,0,False,,N,True,,0,0,0,35,1,0,0,1,0,0,0,0,0,1967,0,0,0,0,1,1
766,35.0,3.0,2,3,3,4,13,41.0,False,0,False,False,False,1077,0.6362093260806214,2.106684262645897,45,sales_office,False,False,-1,-9.0,-9.0,-1,-9.0,-9.0,-9.0,0.0,-1,-9.0,-9.0,-9.0,-9.0,-9.0,0.0,0.0,0.0,0.0,0.0,0.0,0.0,0.0,0,0,False,,N,True,,0,0,0,35,1,0,0,1,0,0,0,0,0,1970,0,0,4,16,1,1
767,40.0,2.0,2,3,3,4,13,0.0,False,0,False,False,False,1077,1.3639473199489904,1.1452270659650452,0,,False,False,-1,-9.0,-9.0,-1,-9.0,-9.0,-9.0,0.0,-1,-9.0,-9.0,-9.0,-9.0,-9.0,0.0,0.0,0.0,0.0,0.0,0.0,0.0,0.0,0,0,False,,N,True,,0,0,0,35,1,0,0,1,0,0,0,0,0,1972,0,0,0,0,1,2
767,22.0,3.0,1,2,2,3,13,35.0,True,4,True,True,False,1077,0.5108908140763585,0.5298139783420878,722,services,False,True,-1,-9.0,-9.0,2594,2.7141373230161903,-3.1145088113799577,32.53427,72.8253,15943,12.011483617459914,-2.1386350950843176,13.662087,6.0,30.282743,61.00419,0.0,0.0,30.282743,29.680883,0.0,0.0,0.60186005,0,1,True,No_Telecommute,N,True,,0,0,0,1,1,0,0,0,0,1,0,0,0,1973,0,6,1,20,9,1
768,64.0,1.0,1,3,3,4,13,41.0,False,0,False,False,False,1077,0.1977623283068227,0.7029326435415802,44,sales_office,False,False,-1,-9.0,-9.0,-1,-9.0,-9.0,-9.0,0.0,-1,-9.0,-9.0,-9.0,-9.0,-9.0,0.0,0.0,0.0,0.0,0.0,0.0,0.0,0.0,0,0,False,,N,True,,0,0,1,0,0,0,0,1,0,0,0,0,0,1974,0,0,0,0,1,1
770,46.0,2.0,1,1,3,1,13,53.0,False,0,True,True,False,1077,1.3249275456149492,1.350191543512851,92,prod_trans_move,False,True,-1,-9.0,-9.0,-1,-9.0,-9.0,-9.0,0.0,18767,10.827273699294272,-3.940300173711564,9.330366,7.0,18.532448,35.478493,0.0,0.0,18.532448,17.586706,0.0,0.0,0.94574165,0,0,True,No_Telecommute,M,True,work1,1,1,0,0,0,0,0,0,0,0,0,0,0,1979,0,6,1,40,8,2
771,70.0,1.0,2,3,3,5,13,29.0,False,0,False,False,False,1077,0.6549643553223948,1.5763366495355997,62,health,False,False,-1,-9.0,-9.0,-1,-9.0,-9.0,-9.0,0.0,-1,-9.0,-9.0,-9.0,-9.0,-9.0,0.0,0.0,0.0,0.0,0.0,0.0,0.0,0.0,0,0,False,,N,True,,0,0,0,12,1,0,0,0,1,0,0,0,0,1980,0,0,0,0,1,1
773,60.0,1.0,2,3,3,4,13,53.0,False,0,False,False,False,1077,0.945546391573598,0.9718785078501616,42,prod_trans_move,False,False,-1,-9.0,-9.0,-1,-9.0,-9.0,-9.0,0.0,-1,-9.0,-9.0,-9.0,-9.0,-9.0,0.0,0.0,0.0,0.0,0.0,0.0,0.0,0.0,0,0,False,,N,True,,0,0,0,6,1,0,1,0,0,0,0,0,0,1983,0,0,0,0,1,1
773,58.0,2.0,1,1,3,1,13,13.0,False,0,True,False,False,1077,0.6585710871583186,0.8338795875895308,51,mngt_busi_scic_arts,True,False,-1,-9.0,-9.0,-1,-9.0,-9.0,-9.0,0.0,-1,-9.0,-9.0,-9.0,-9.0,-9.0,0.0,0.0,0.0,0.0,0.0,0.0,0.0,0.0,0,0,False,,N,True,,0,0,0,36,2,0,0,1,0,1,0,0,0,1984,0,0,1,45,1,1
773,25.0,3.0,1,3,2,3,13,35.0,True,4,False,False,False,1077,0.4850587090322759,1.00185525882322,722,services,False,False,-1,-9.0,-9.0,23114,7.522277002670573,-0.7202518617027341,3.9317698,18.435081,-1,-9.0,-9.0,-9.0,-9.0,-9.0,0.0,0.0,0.0,0.0,0.0,0.0,0.0,0.0,0,0,False,,M,True,school1,1,0,0,0,0,0,0,0,0,0,0,0,0,1985,0,6,3,32,1,1
774,48.0,1.0,1,1,3,1,13,13.0,False,0,True,True,False,1077,0.2952405185588908,0.9246878141622722,22,mngt_busi_scic_arts,False,True,-1,-9.0,-9.0,-1,-9.0,-9.0,-9.0,0.0,19729,12.42070502267246,-1.444455216076008,15.014157,7.0,28.626507,56.63761,0.0,0.0,28.626507,27.6522,0.0,0.0,0.9743061,0,0,True,No_Telecommute,M,True,work1,1,1,0,0,0,0,0,0,0,0,0,0,0,1986,0,0,1,40,1,1
775,34.0,1.0,2,1,3,1,13,41.0,False,0,True,True,False,1077,0.3477918502884593,1.1396195068085566,33,sales_office,False,True,-1,-9.0,-9.0,-1,-9.0,-9.0,-9.0,0.0,23062,12.29625899021512,-0.7295092677183888,6.8455124,6.0,18.895042,38.716232,0.0,0.0,18.895042,18.29318,0.0,0.0,0.60186195,0,0,True,No_Telecommute,N,True,,0,0,0,47,7,5,0,1,1,0,0,1,0,1988,0,0,1,40,1,2
775,16.0,2.0,2,3,1,6,0,0.0,True,3,False,False,False,1077,0.829227029437919,6.851641157318168,0,,False,False,-1,-9.0,-9.0,16374,9.339358744597032,-0.5120952475613376,2.8806324,13.186056,-1,-9.0,-9.0,-9.0,-9.0,-9.0,0.0,0.0,0.0,0.0,0.0,0.0,0.0,0.0,0,0,False,,M,True,school1,1,0,0,0,0,0,0,0,0,0,0,0,0,1989,0,5,0,0,1,2
775,15.0,3.0,2,4,1,7,0,0.0,True,3,False,False,False,1077,1.2481019576079726,0.5444842922093633,0,,False,False,-1,-9.0,-9.0,10913,9.005186980469356,-5.560200216887224,29.274092,66.81528,-1,-9.0,-9.0,-9.0,-9.0,-9.0,0.0,0.0,0.0,0.0,0.0,0.0,0.0,0.0,0,0,False,,M,True,school1,1,0,0,0,0,0,0,0,0,0,0,0,0,1990,0,5,0,0,1,2
775,14.0,4.0,2,4,1,7,0,0.0,True,2,False,False,False,1077,0.5711223804517224,1.150709813200224,0,,False,False,-1,-9.0,-9.0,23872,6.3158437467900885,2.2441062663431186,1.1110445,7.9336796,-1,-9.0,-9.0,-9.0,-9.0,-9.0,0.0,0.0,0.0,0.0,0.0,0.0,0.0,0.0,0,0,False,,M,True,school1,1,0,0,0,0,0,0,0,0,0,0,0,0,1991,0,5,0,0,1,2
775,12.0,5.0,1,4,1,7,0,0.0,True,2,False,False,False,1077,0.189849979828723,0.8912676372365635,0,,False,False,-1,-9.0,-9.0,7211,6.766872548590337,3.4097694460349306,1.9480288,10.678801,-1,-9.0,-9.0,-9.0,-9.0,-9.0,0.0,0.0,0.0,0.0,0.0,0.0,0.0,0.0,0,0,False,,M,True,school1,1,0,0,0,0,0,0,0,0,0,0,0,0,1992,0,2,0,0,1,2
775,8.0,6.0,1,4,1,7,0,0.0,True,2,False,False,False,1077,0.7561555375131274,2.168814186060141,0,,False,False,-1,-9.0,-9.0,23872,6.198527840606614,1.5969490777146538,1.1110445,7.9336796,-1,-9.0,-9.0,-9.0,-9.0,-9.0,0.0,0.0,0.0,0.0,0.0,0.0,0.0,0.0,0,0,False,,M,True,school1,1,0,0,0,0,0,0,0,0,0,0,0,0,1993,0,2,0,0,1,2
776,63.0,1.0,2,3,3,4,13,35.0,False,0,False,False,False,1077,0.3635371681047028,0.6448356475963793,722,services,False,False,-1,-9.0,-9.0,-1,-9.0,-9.0,-9.0,0.0,-1,-9.0,-9.0,-9.0,-9.0,-9.0,0.0,0.0,0.0,0.0,0.0,0.0,0.0,0.0,0,0,False,,N,True,,0,0,0,1,1,0,0,0,0,1,0,0,0,1994,0,0,0,0,1,1
777,70.0,1.0,2,3,3,5,13,0.0,False,0,False,False,False,1077,2.087375229191012,0.6282105143968945,0,,False,False,-1,-9.0,-9.0,-1,-9.0,-9.0,-9.0,0.0,-1,-9.0,-9.0,-9.0,-9.0,-9.0,0.0,0.0,0.0,0.0,0.0,0.0,0.0,0.0,0,1,False,,N,True,,0,0,0,2,2,0,0,0,0,2,0,0,1,1996,0,0,0,0,1,1
778,71.0,1.0,2,3,3,5,13,0.0,False,0,False,False,False,1077,1.0747305971161805,0.4374223875128178,0,,False,False,-1,-9.0,-9.0,-1,-9.0,-9.0,-9.0,0.0,-1,-9.0,-9.0,-9.0,-9.0,-9.0,0.0,0.0,0.0,0.0,0.0,0.0,0.0,0.0,0,0,False,,N,True,,0,0,0,1,1,0,0,0,0,1,0,0,0,1997,0,0,0,0,1,2
779,53.0,1.0,2,3,3,4,13,37.0,False,0,False,False,False,1077,0.5208679308900146,0.4724037799785751,721,services,False,False,-1,-9.0,-9.0,-1,-9.0,-9.0,-9.0,0.0,-1,-9.0,-9.0,-9.0,-9.0,-9.0,0.0,0.0,0.0,0.0,0.0,0.0,0.0,0.0,0,0,False,,N,True,,0,0,0,12,1,0,0,0,1,0,0,0,0,1998,0,0,0,0,8,2
780,36.0,1.0,1,1,3,1,13,47.0,False,0,True,True,False,1077,0.5288748773177971,0.5650333271839457,23,constr_maint,False,True,-1,-9.0,-9.0,-1,-9.0,-9.0,-9.0,0.0,18293,11.00901718199544,-1.2116239343866055,5.097989,6.0,11.677694,24.208525,0.0,0.0,12.1490345,11.677694,0.0,0.0,0.47134018,0,0,True,No_Telecommute,N,True,,0,0,0,24,6,4,0,0,2,0,0,1,0,2001,0,0,1,40,5,1
780,36.0,2.0,2,2,3,2,13,39.0,False,0,True,True,False,1077,0.6830481195162285,0.3495254719654152,61,services,False,True,-1,-9.0,-9.0,-1,-9.0,-9.0,-9.0,0.0,15946,10.337732784655945,-2.8842546862275027,14.138072,6.0,30.649502,61.9435,0.0,0.0,30.649502,30.047642,0.0,0.0,0.60186005,0,0,True,4_days_week,M,True,work1,1,1,0,0,1,1,0,0,0,0,0,0,0,2002,0,0,3,25,8,2
780,17.0,3.0,1,3,1,6,0,0.0,True,3,False,False,False,1077,0.9483673049361416,1.1001191537737516,0,,False,False,-1,-9.0,-9.0,19095,9.381053077149112,-1.7235520018738943,7.4042344,31.665728,-1,-9.0,-9.0,-9.0,-9.0,-9.0,0.0,0.0,0.0,0.0,0.0,0.0,0.0,0.0,0,0,False,,M,True,school1,1,0,0,0,0,0,0,0,0,0,0,0,0,2003,0,5,0,0,5,1
780,14.0,4.0,1,4,1,7,0,0.0,True,2,False,False,False,1077,1.4818332273612154,0.6423832019933496,0,,False,False,-1,-9.0,-9.0,23872,5.882793112370746,0.6187793735138185,1.1110445,7.9336796,-1,-9.0,-9.0,-9.0,-9.0,-9.0,0.0,0.0,0.0,0.0,0.0,0.0,0.0,0.0,0,0,False,,M,True,school1,1,0,0,0,0,0,0,0,0,0,0,0,0,2004,0,2,0,0,5,1
780,13.0,5.0,1,4,1,7,0,0.0,True,2,False,False,False,1077,2.0261511040464426,0.913965057164622,0,,False,False,-1,-9.0,-9.0,7296,5.751077859011242,-0.4212711652076037,1.0689771,7.355773,-1,-9.0,-9.0,-9.0,-9.0,-9.0,0.0,0.0,0.0,0.0,0.0,0.0,0.0,0.0,0,0,False,,M,True,school1,1,0,0,0,0,0,0,0,0,0,0,0,0,2005,0,2,0,0,5,1
780,11.0,6.0,1,4,1,7,0,0.0,True,2,False,False,False,1077,0.4936678057829101,1.5255629640728847,0,,False,False,-1,-9.0,-9.0,23872,6.62593680454357,2.888976914957042,1.1110445,7.9336796,-1,-9.0,-9.0,-9.0,-9.0,-9.0,0.0,0.0,0.0,0.0,0.0,0.0,0.0,0.0,0,0,False,,M,True,school1,1,0,0,0,0,0,0,0,0,0,0,0,0,2006,0,2,0,0,5,1
781,69.0,1.0,1,3,3,5,13,0.0,False,0,False,False,False,1077,1.5977586839133435,0.7062864440628747,0,,False,False,-1,-9.0,-9.0,-1,-9.0,-9.0,-9.0,0.0,-1,-9.0,-9.0,-9.0,-9.0,-9.0,0.0,0.0,0.0,0.0,0.0,0.0,0.0,0.0,0,0,False,,N,True,,0,0,0,25,4,0,0,0,3,1,0,2,0,2008,0,0,0,0,1,1
781,63.0,2.0,2,3,3,4,13,0.0,False,0,False,False,False,1077,0.6287569385318913,1.4475205821002577,0,,False,False,-1,-9.0,-9.0,-1,-9.0,-9.0,-9.0,0.0,-1,-9.0,-9.0,-9.0,-9.0,-9.0,0.0,0.0,0.0,0.0,0.0,0.0,0.0,0.0,0,0,False,,N,True,,0,0,0,47,2,0,0,1,1,0,0,1,0,2009,0,0,0,0,1,1
782,39.0,1.0,1,2,3,2,13,41.0,False,0,True,True,False,1077,0.4011727463868945,0.6378834596364095,53,sales_office,False,True,-1,-9.0,-9.0,-1,-9.0,-9.0,-9.0,0.0,24011,10.951354341109289,-0.6595285522504948,3.005271,6.0,7.3421535,15.042261,0.0,0.0,7.3421535,7.260265,0.0,0.0,0.081888676,0,0,True,No_Telecommute,N,True,,0,0,0,13,2,0,0,0,1,1,0,0,0,2010,0,0,1,30,1,1
782,37.0,2.0,2,3,3,4,13,11.0,False,0,False,False,False,1077,0.5695851439101887,0.4904626308723374,53,mngt_busi_scic_arts,False,False,-1,-9.0,-9.0,-1,-9.0,-9.0,-9.0,0.0,-1,-9.0,-9.0,-9.0,-9.0,-9.0,0.0,0.0,0.0,0.0,0.0,0.0,0.0,0.0,0,1,False,,N,True,,0,0,0,12,1,0,0,0,1,0,0,0,0,2011,0,0,4,20,6,1
783,58.0,1.0,2,3,3,4,13,0.0,False,0,False,False,False,1077,0.6995800956243278,0.4107452845701415,0,,False,False,-1,-9.0,-9.0,-1,-9.0,-9.0,-9.0,0.0,-1,-9.0,-9.0,-9.0,-9.0,-9.0,0.0,0.0,0.0,0.0,0.0,0.0,0.0,0.0,0,0,False,,N,True,,0,0,0,12,1,0,0,0,1,0,0,0,0,2012,0,0,0,0,1,1
784,50.0,1.0,1,1,3,1,13,51.0,False,0,True,True,False,1077,0.5106039648350592,0.7918654469469514,92,prod_trans_move,False,True,-1,-9.0,-9.0,-1,-9.0,-9.0,-9.0,0.0,18863,12.05797737873825,-1.852514967648162,7.489429,6.0,23.483324,46.43889,0.0,7.137,23.483324,23.483324,0.0,0.0,0.0,0,1,False,No_Telecommute,M,True,work1,1,1,0,0,0,0,0,0,0,0,0,0,0,2013,0,6,1,40,8,2
784,48.0,2.0,2,3,3,4,13,0.0,False,0,False,False,False,1077,0.3213717235680312,2.8051321226287818,0,,False,False,-1,-9.0,-9.0,-1,-9.0,-9.0,-9.0,0.0,-1,-9.0,-9.0,-9.0,-9.0,-9.0,0.0,0.0,0.0,0.0,0.0,0.0,0.0,0.0,0,0,False,,N,True,,0,0,0,13,2,0,0,0,1,1,0,0,0,2014,0,0,0,0,1,1
785,32.0,1.0,1,1,3,1,13,13.0,False,0,True,True,False,1077,1.3740384427673031,0.5143378114748233,9000,mngt_busi_scic_arts,False,True,-1,-9.0,-9.0,-1,-9.0,-9.0,-9.0,0.0,14969,10.45306969006002,-5.793150440889878,15.037362,6.0,33.920357,67.328995,0.0,0.0,33.920357,33.318493,0.0,0.0,0.60186386,0,0,True,No_Telecommute,N,True,,0,0,0,89,4,4,0,0,0,0,0,0,0,2016,1,0,1,50,1,2
785,30.0,2.0,2,3,3,4,13,41.0,False,0,False,False,False,1077,1.466403555501144,1.1344628104520131,51,sales_office,False,False,-1,-9.0,-9.0,-1,-9.0,-9.0,-9.0,0.0,-1,-9.0,-9.0,-9.0,-9.0,-9.0,0.0,0.0,0.0,0.0,0.0,0.0,0.0,0.0,0,0,False,,N,True,,0,0,0,101,3,2,0,0,1,0,0,0,0,2017,0,0,0,0,1,1
785,13.0,3.0,2,4,1,7,0,0.0,True,2,False,False,False,1077,0.7995721286534424,0.840699329218734,0,,False,False,-1,-9.0,-9.0,7296,6.258974760071922,0.958978675449969,1.0689771,7.355773,-1,-9.0,-9.0,-9.0,-9.0,-9.0,0.0,0.0,0.0,0.0,0.0,0.0,0.0,0.0,0,0,False,,M,True,school1,1,0,1,0,0,0,0,1,0,0,0,0,0,2018,0,2,0,0,1,2
785,9.0,4.0,2,4,1,7,0,0.0,True,2,False,False,False,1077,0.8067047945647239,0.2232319614146921,0,,False,False,-1,-9.0,-9.0,9910,1.0810324062901622,-1.3263776907500633,19.766335,70.092804,-1,-9.0,-9.0,-9.0,-9.0,-9.0,0.0,0.0,0.0,0.0,0.0,0.0,0.0,0.0,0,0,False,,M,True,school1,1,0,1,0,0,0,0,0,0,0,0,0,0,2019,0,2,0,0,1,2
786,56.0,1.0,2,1,3,1,13,41.0,False,0,True,True,False,1077,1.4409103556100693,1.591856258141382,44,sales_office,False,True,-1,-9.0,-9.0,-1,-9.0,-9.0,-9.0,0.0,13130,10.137375217036212,-1.1735380692349424,0.8883534,6.0,3.0943582,6.452878,0.0,0.0,3.0943582,3.0943582,0.0,0.0,0.0,0,0,False,1_day_week,N,True,,0,0,0,12,1,0,0,0,1,0,0,0,0,2022,0,0,1,45,6,1
786,35.0,2.0,2,1,3,1,13,41.0,False,0,True,True,False,1077,1.8456551018784948,0.8908749906863482,45,sales_office,False,True,-1,-9.0,-9.0,-1,-9.0,-9.0,-9.0,0.0,11186,9.30175927266068,-3.3367931395112502,2.6059175,6.0,8.271191,16.58107,0.0,7.595,8.806973,8.271191,0.0,0.0,0.5357828,0,0,True,No_Telecommute,N,True,,0,0,0,12,1,0,0,0,1,0,0,0,0,2023,0,0,1,40,6,1
786,52.0,3.0,2,1,3,1,13,51.0,False,0,True,True,False,1077,0.5485083228333818,0.9423722557605556,33,prod_trans_move,False,True,-1,-9.0,-9.0,-1,-9.0,-9.0,-9.0,0.0,20694,11.595321150346813,-3.2298174538368087,20.345095,7.0,37.39635,72.8593,0.0,0.0,37.39635,36.45061,0.0,0.0,0.94573975,0,0,True,No_Telecommute,M,True,work1,1,1,0,0,0,0,0,0,0,0,0,0,0,2024,0,0,1,45,6,1
787,70.0,1.0,2,3,3,5,13,39.0,False,0,False,False,False,1077,0.6296716384260935,0.7977188129387208,62,services,False,False,-1,-9.0,-9.0,-1,-9.0,-9.0,-9.0,0.0,-1,-9.0,-9.0,-9.0,-9.0,-9.0,0.0,0.0,0.0,0.0,0.0,0.0,0.0,0.0,0,0,False,,N,True,,0,0,0,107,3,1,1,0,1,0,0,0,0,2025,0,0,0,0,1,1
788,50.0,1.0,2,1,3,1,13,13.0,False,0,True,True,False,1077,0.4538255060365694,0.8422438571024027,56,mngt_busi_scic_arts,False,True,-1,-9.0,-9.0,-1,-9.0,-9.0,-9.0,0.0,6608,11.850512585102114,-2.8538144812337958,25.816662,3.0,55.449455,110.37033,0.0,0.0,55.5401,54.83345,0.0,0.0,0.7066498,0,1,False,No_Telecommute,N,True,,0,0,0,12,1,0,0,0,1,0,0,0,0,2026,0,0,1,40,8,2
790,58.0,2.0,1,1,3,1,13,49.0,False,0,True,True,False,1077,0.4312857042155518,2.3791435058646604,56,constr_maint,False,True,-1,-9.0,-9.0,-1,-9.0,-9.0,-9.0,0.0,16366,11.1719328874926,-0.8798499597568532,3.8996959,6.0,8.313441,16.72374,0.0,0.0,8.313441,8.313441,0.0,0.0,0.0,0,0,True,1_day_week,M,True,work1,1,1,1,0,0,0,1,0,0,0,0,0,0,2030,0,0,1,80,1,1
791,37.0,1.0,1,1,3,1,13,11.0,False,0,True,True,False,1077,0.3883387938570588,0.6403994598664943,54,mngt_busi_scic_arts,False,True,-1,-9.0,-9.0,-1,-9.0,-9.0,-9.0,0.0,11504,12.339767174696828,-3.309050983342581,29.95864,3.0,65.390724,127.65451,0.0,5.116,65.390724,64.78885,0.0,0.0,0.6018753,0,0,True,No_Telecommute,M,True,work1,1,1,1,35,1,0,0,2,0,0,0,1,0,2032,0,0,2,80,1,1
791,32.0,2.0,2,3,3,4,13,35.0,False,0,False,False,False,1077,0.6779350503608558,1.264234015528484,722,services,False,False,-1,-9.0,-9.0,-1,-9.0,-9.0,-9.0,0.0,-1,-9.0,-9.0,-9.0,-9.0,-9.0,0.0,0.0,0.0,0.0,0.0,0.0,0.0,0.0,0,0,False,,N,True,,0,0,1,12,1,0,0,0,1,0,0,0,0,2033,0,0,4,30,8,2
792,33.0,1.0,2,3,3,4,13,25.0,False,0,False,False,False,1077,0.5908709134725436,0.3931894426368348,62,services,False,False,-1,-9.0,-9.0,-1,-9.0,-9.0,-9.0,0.0,-1,-9.0,-9.0,-9.0,-9.0,-9.0,0.0,0.0,0.0,0.0,0.0,0.0,0.0,0.0,0,0,False,,N,True,,0,0,1,0,4,4,0,1,0,0,0,0,0,2034,0,0,0,0,1,2
792,8.0,2.0,1,4,1,7,0,0.0,True,2,False,False,False,1077,0.6950986964056225,1.3451464911625906,0,,False,False,-1,-9.0,-9.0,7204,6.253038960799434,1.035567710981,1.5588796,9.419096,-1,-9.0,-9.0,-9.0,-9.0,-9.0,0.0,0.0,0.0,0.0,0.0,0.0,0.0,0.0,0,0,False,,M,True,school1,1,0,1,0,0,0,0,0,0,0,0,0,0,2035,0,2,0,0,1,2
792,6.0,3.0,1,4,1,7,0,0.0,True,2,False,False,False,1077,1.0390891237572832,0.9799188544305568,0,,False,False,-1,-9.0,-9.0,7296,5.987388188635142,0.3441209140860479,1.0689771,7.355773,-1,-9.0,-9.0,-9.0,-9.0,-9.0,0.0,0.0,0.0,0.0,0.0,0.0,0.0,0.0,0,0,False,,M,True,school1,1,0,0,0,0,0,0,0,0,0,0,0,0,2036,0,2,0,0,1,2
793,33.0,1.0,2,3,3,4,13,25.0,False,0,False,False,False,1077,0.6059524786401788,1.3663679525368846,62,services,False,False,-1,-9.0,-9.0,-1,-9.0,-9.0,-9.0,0.0,-1,-9.0,-9.0,-9.0,-9.0,-9.0,0.0,0.0,0.0,0.0,0.0,0.0,0.0,0.0,0,1,False,,N,True,,0,0,0,35,6,5,0,1,0,0,0,0,0,2038,0,0,0,0,1,2
793,8.0,2.0,1,4,1,7,0,0.0,True,2,False,False,False,1077,0.4324786076354268,0.9028345691527476,0,,False,False,-1,-9.0,-9.0,16354,18.449857350708303,35.346036381287725,3.408854,18.4507,-1,-9.0,-9.0,-9.0,-9.0,-9.0,0.0,0.0,0.0,0.0,0.0,0.0,0.0,0.0,0,0,False,,M,True,school1,1,0,0,0,0,0,0,0,0,0,0,0,0,2039,0,2,0,0,1,2
793,6.0,3.0,1,4,1,7,0,0.0,True,2,False,False,False,1077,0.8741779733776639,2.151622529451549,0,,False,False,-1,-9.0,-9.0,20049,13.879540767121878,29.307516244381297,23.493559,59.139336,-1,-9.0,-9.0,-9.0,-9.0,-9.0,0.0,0.0,0.0,0.0,0.0,0.0,0.0,0.0,0,0,False,,M,True,school1,1,0,0,0,0,0,0,0,0,0,0,0,0,2040,0,2,0,0,1,2
793,1.0,4.0,1,4,1,8,0,0.0,True,1,False,False,False,1077,1.6088015806974862,0.3591373323591797,0,,False,False,-1,-9.0,-9.0,13130,24.139529876718445,35.644095457781376,0.8883534,5.575951,-1,-9.0,-9.0,-9.0,-9.0,-9.0,0.0,0.0,0.0,0.0,0.0,0.0,0.0,0.0,0,0,False,,M,True,school2,2,0,0,0,0,0,0,0,0,0,0,0,0,2041,0,0,0,0,1,2
794,58.0,1.0,2,3,3,4,13,0.0,False,0,False,False,False,1077,0.739864596143154,0.8982989903998646,0,,False,False,-1,-9.0,-9.0,-1,-9.0,-9.0,-9.0,0.0,-1,-9.0,-9.0,-9.0,-9.0,-9.0,0.0,0.0,0.0,0.0,0.0,0.0,0.0,0.0,0,0,False,,N,True,,0,0,0,90,2,1,0,0,0,1,0,0,0,2042,0,0,0,0,6,1
795,36.0,1.0,1,1,3,1,13,11.0,False,0,True,True,False,1077,0.8029016482254443,0.5004751012109464,53,mngt_busi_scic_arts,False,True,-1,-9.0,-9.0,-1,-9.0,-9.0,-9.0,0.0,4087,11.564578998638348,-4.195078320396877,21.837658,3.0,45.81669,90.21405,0.0,0.0,45.81669,45.214817,0.0,0.0,0.6018715,0,0,True,No_Telecommute,N,True,,0,0,1,0,0,0,0,0,0,1,0,0,0,2043,0,0,1,60,1,1
795,34.0,2.0,2,3,3,4,13,11.0,False,0,False,False,False,1077,1.7853347608050103,0.9703437761922618,54,mngt_busi_scic_arts,False,False,-1,-9.0,-9.0,-1,-9.0,-9.0,-9.0,0.0,-1,-9.0,-9.0,-9.0,-9.0,-9.0,0.0,0.0,0.0,0.0,0.0,0.0,0.0,0.0,0,0,False,,N,True,,0,0,1,12,1,0,0,0,1,0,0,0,0,2044,0,0,3,50,1,1
796,42.0,2.0,2,1,3,1,13,41.0,False,0,True,True,False,1077,0.433870201451534,0.529625341134722,45,sales_office,False,True,-1,-9.0,-9.0,-1,-9.0,-9.0,-9.0,0.0,23050,11.873815469085471,-1.280309968541536,6.528473,6.0,18.052803,36.94451,0.0,0.0,18.052803,17.450941,0.0,0.0,0.60186195,0,0,True,No_Telecommute,N,True,,0,0,1,0,0,0,1,0,0,0,0,0,0,2046,0,0,4,40,1,2
796,20.0,3.0,2,3,3,4,9,41.0,False,0,False,False,False,1077,1.846318049370165,0.5473007884542475,722,sales_office,False,False,-1,-9.0,-9.0,-1,-9.0,-9.0,-9.0,0.0,-1,-9.0,-9.0,-9.0,-9.0,-9.0,0.0,0.0,0.0,0.0,0.0,0.0,0.0,0.0,0,0,False,,N,True,,0,0,1,1,1,0,0,0,0,1,0,0,0,2047,0,0,3,25,1,2
797,73.0,1.0,2,3,3,5,13,0.0,False,0,False,False,False,1077,1.594950910400414,1.5309952928393151,0,,False,False,-1,-9.0,-9.0,-1,-9.0,-9.0,-9.0,0.0,-1,-9.0,-9.0,-9.0,-9.0,-9.0,0.0,0.0,0.0,0.0,0.0,0.0,0.0,0.0,0,0,False,,N,True,,0,0,0,89,1,1,0,0,0,0,0,0,0,2048,0,0,0,0,1,1
797,53.0,2.0,2,1,3,1,13,29.0,False,0,True,True,False,1077,1.241961070171226,1.703023793695426,62,health,False,True,-1,-9.0,-9.0,-1,-9.0,-9.0,-9.0,0.0,3153,9.5400630514295,-1.8858654953778493,2.3426816,6.0,7.2891912,14.319605,0.0,0.0,7.2891912,7.2891912,0.0,0.0,0.0,0,0,False,1_day_week,M,True,work1,1,1,0,0,0,0,0,0,0,0,0,0,0,2049,0,0,1,45,1,1
797,50.0,3.0,2,1,3,1,13,31.0,False,0,True,True,False,1077,0.4156714875278512,0.3674073172315844,81,health,False,True,-1,-9.0,-9.0,-1,-9.0,-9.0,-9.0,0.0,16066,11.19402238496646,-1.3132640869789731,7.6595516,6.0,19.252832,37.949074,0.0,0.0,19.252832,18.650969,0.0,0.0,0.60186386,0,0,False,No_Telecommute,M,True,work1,1,1,0,35,1,0,0,1,0,0,0,0,0,2050,0,0,1,45,1,1
798,71.0,1.0,2,3,3,5,13,25.0,False,0,False,False,False,1077,1.0525825779096574,2.078913213164361,61,services,False,False,-1,-9.0,-9.0,-1,-9.0,-9.0,-9.0,0.0,-1,-9.0,-9.0,-9.0,-9.0,-9.0,0.0,0.0,0.0,0.0,0.0,0.0,0.0,0.0,0,0,False,,N,True,,0,0,0,41,2,0,1,1,0,0,0,0,0,2051,0,0,0,0,1,1
799,48.0,1.0,2,1,3,1,13,41.0,False,0,True,True,False,1077,0.7168974784024256,1.666736970118584,45,sales_office,False,True,-1,-9.0,-9.0,-1,-9.0,-9.0,-9.0,0.0,10837,11.472294480001374,-2.1930626910331426,11.366224,6.0,28.099182,62.783916,0.0,0.0,28.099182,28.099182,0.0,0.0,0.0,0,0,False,No_Telecommute,M,True,work1,1,1,0,0,0,0,0,0,0,0,0,0,0,2052,0,0,1,40,1,1
799,52.0,2.0,1,3,3,4,13,0.0,False,0,False,False,False,1077,0.9424329593618574,1.5731303297481882,0,,False,False,-1,-9.0,-9.0,-1,-9.0,-9.0,-9.0,0.0,-1,-9.0,-9.0,-9.0,-9.0,-9.0,0.0,0.0,0.0,0.0,0.0,0.0,0.0,0.0,0,0,False,,N,True,,0,0,0,2,3,0,0,0,0,3,0,0,2,2053,0,0,0,0,1,1
799,28.0,3.0,1,2,3,2,13,41.0,False,0,True,True,False,1077,0.7958979734443885,0.3176626623387471,45,sales_office,False,True,-1,-9.0,-9.0,-1,-9.0,-9.0,-9.0,0.0,8216,10.415140350696758,-0.0069085684201049,0.7899149,6.0,2.5066261,5.0707808,0.0,0.0,2.5066261,2.4494429,0.0,0.0,0.057183266,0,0,False,No_Telecommute,M,True,work1,1,1,0,0,0,0,0,0,0,0,0,0,0,2054,0,0,1,20,1,1
800,36.0,1.0,1,3,3,4,13,49.0,False,0,False,False,False,1077,0.3302341875123107,0.7876363189159326,81,constr_maint,False,False,-1,-9.0,-9.0,-1,-9.0,-9.0,-9.0,0.0,-1,-9.0,-9.0,-9.0,-9.0,-9.0,0.0,0.0,0.0,0.0,0.0,0.0,0.0,0.0,0,0,False,,N,True,,0,0,1,0,0,0,0,0,0,1,0,0,0,2055,0,0,0,0,1,2
802,47.0,1.0,2,1,3,1,13,43.0,False,0,True,True,False,1077,0.7726708780915716,0.2072587229634278,62,sales_office,False,True,-1,-9.0,-9.0,-1,-9.0,-9.0,-9.0,0.0,13130,11.074159101800158,-0.6279618652508921,0.8883534,6.0,3.0943582,6.452878,0.0,0.0,3.0943582,3.0943582,0.0,0.0,0.0,0,0,False,No_Telecommute,M,True,work1,1,1,0,0,0,0,0,0,0,0,0,0,0,2058,0,0,1,40,9,2
803,77.0,1.0,2,3,3,5,13,0.0,False,0,False,False,False,1077,0.9416864993178256,0.6680714826943691,0,,False,False,-1,-9.0,-9.0,-1,-9.0,-9.0,-9.0,0.0,-1,-9.0,-9.0,-9.0,-9.0,-9.0,0.0,0.0,0.0,0.0,0.0,0.0,0.0,0.0,0,0,False,,N,True,,0,0,0,18,2,0,1,0,1,0,0,0,0,2060,0,0,0,0,1,1
804,25.0,3.0,2,2,2,3,13,29.0,True,4,True,True,False,1077,0.8799755291965841,0.937348696154068,62,health,False,True,-1,-9.0,-9.0,19370,5.492911807199272,-2.3276467908981417,14.840831,41.124535,7846,10.624972339142928,-4.405558229653974,20.592087,3.0,45.74066,91.29371,0.0,0.0,45.74066,45.13879,0.0,0.0,0.6018715,0,0,False,No_Telecommute,N,True,,0,0,0,12,1,0,0,0,1,0,0,0,0,2063,0,6,2,4,1,1
805,87.0,1.0,2,3,3,5,13,0.0,False,0,False,False,False,1077,1.076281978087703,0.4713395032005326,0,,False,False,-1,-9.0,-9.0,-1,-9.0,-9.0,-9.0,0.0,-1,-9.0,-9.0,-9.0,-9.0,-9.0,0.0,0.0,0.0,0.0,0.0,0.0,0.0,0.0,0,0,False,,N,True,,0,0,0,12,1,0,0,0,1,0,0,0,0,2064,0,0,0,0,1,1
806,68.0,1.0,1,3,3,5,13,0.0,False,0,False,False,False,1077,1.9123305140878948,0.7706289250425157,0,,False,False,-1,-9.0,-9.0,-1,-9.0,-9.0,-9.0,0.0,-1,-9.0,-9.0,-9.0,-9.0,-9.0,0.0,0.0,0.0,0.0,0.0,0.0,0.0,0.0,0,0,False,,N,True,,0,0,0,1,1,0,0,0,0,1,0,0,0,2065,0,0,0,0,1,1
807,30.0,1.0,2,1,3,1,13,41.0,False,0,True,True,False,1077,1.193697309782782,1.0991305539226486,48,sales_office,False,True,-1,-9.0,-9.0,-1,-9.0,-9.0,-9.0,0.0,23062,10.55617977583127,-3.2152301763278524,6.8455124,6.0,18.895042,38.716232,0.0,0.0,18.895042,18.29318,0.0,0.0,0.60186195,0,1,True,No_Telecommute,M,True,work1,1,1,0,0,0,0,0,0,0,0,0,0,0,2066,0,0,1,45,8,2
807,39.0,2.0,2,1,3,1,13,43.0,False,0,True,True,False,1077,0.7199553685437957,1.315535430267505,62,sales_office,False,True,-1,-9.0,-9.0,-1,-9.0,-9.0,-9.0,0.0,19203,11.193759088452312,-2.289749378169048,12.270822,7.0,24.279215,46.312412,0.0,0.0,24.279215,21.467323,0.0,0.0,2.8118916,0,1,False,No_Telecommute,M,True,work1,1,1,0,0,0,0,0,0,0,0,0,0,0,2067,0,0,1,35,8,2
807,37.0,3.0,2,1,3,1,13,13.0,False,0,True,True,False,1077,0.267412353970742,0.4840331239737891,3000,mngt_busi_scic_arts,False,True,-1,-9.0,-9.0,-1,-9.0,-9.0,-9.0,0.0,18968,12.320999242723463,-1.095480628654396,13.11501,7.0,25.310038,48.838074,0.0,0.0,25.310038,24.364296,0.0,0.0,0.94574165,0,1,False,No_Telecommute,M,True,work1,1,1,0,0,0,0,0,0,0,0,0,0,0,2068,0,0,1,45,8,2
808,30.0,1.0,2,1,3,1,13,41.0,False,0,True,True,False,1077,0.4001586801487325,1.232349289127966,48,sales_office,False,True,-1,-9.0,-9.0,-1,-9.0,-9.0,-9.0,0.0,16791,12.066773802198336,-1.052148718034103,11.133315,7.0,27.87183,56.171562,0.0,0.0,28.13571,27.87183,0.0,0.0,0.26387978,0,0,False,No_Telecommute,M,True,work1,1,1,0,0,0,0,0,0,0,0,0,0,0,2069,0,0,1,45,8,2
808,39.0,2.0,2,1,3,1,13,43.0,False,0,True,True,False,1077,0.7969658016961993,3.02557838037278,62,sales_office,False,True,-1,-9.0,-9.0,-1,-9.0,-9.0,-9.0,0.0,23876,11.478199492211829,-0.3230601908266837,0.6353292,6.0,2.4964507,5.6292677,0.0,0.0,2.4964507,2.4964507,0.0,0.0,0.0,0,0,True,No_Telecommute,M,True,work2,2,2,0,0,0,0,0,0,0,0,0,0,0,2070,0,0,1,35,8,2
808,37.0,3.0,2,1,3,1,13,13.0,False,0,True,True,False,1077,0.7098182806829307,0.3077689913481288,3000,mngt_busi_scic_arts,False,True,-1,-9.0,-9.0,-1,-9.0,-9.0,-9.0,0.0,23069,11.392282628460592,-2.377344922535682,10.253042,6.0,24.449715,48.78092,0.0,0.0,27.496244,23.847855,0.0,0.0,3.6483898,0,1,True,No_Telecommute,M,True,work1,1,1,0,35,1,0,0,1,0,0,0,0,0,2071,0,0,1,45,8,2
809,33.0,1.0,2,1,3,1,13,43.0,False,0,True,False,False,1077,0.687239877281361,0.5816482648199913,54,sales_office,True,False,-1,-9.0,-9.0,-1,-9.0,-9.0,-9.0,0.0,-1,-9.0,-9.0,-9.0,-9.0,-9.0,0.0,0.0,0.0,0.0,0.0,0.0,0.0,0.0,0,0,False,,N,True,,0,0,0,58,6,3,0,1,2,0,0,2,0,2072,0,0,1,40,9,1
809,7.0,2.0,2,4,1,7,0,0.0,True,2,False,False,False,1077,1.5867263733642198,0.4556276483572964,0,,False,False,-1,-9.0,-9.0,7296,5.584808396335912,-1.2442414583534525,1.0689771,7.355773,-1,-9.0,-9.0,-9.0,-9.0,-9.0,0.0,0.0,0.0,0.0,0.0,0.0,0.0,0.0,0,0,False,,M,True,school1,1,0,0,0,0,0,0,0,0,0,0,0,0,2073,0,2,0,0,9,2
809,5.0,3.0,2,4,1,8,0,0.0,True,1,False,False,False,1077,0.492554593892873,1.1410362096381514,0,,False,False,-1,-9.0,-9.0,23909,7.525962510586682,3.513173328126158,0.5653733,4.016732,-1,-9.0,-9.0,-9.0,-9.0,-9.0,0.0,0.0,0.0,0.0,0.0,0.0,0.0,0.0,0,0,False,,N,True,,0,0,0,35,1,0,0,1,0,0,0,0,0,2074,0,2,0,0,9,2
809,3.0,4.0,1,4,1,8,0,0.0,True,1,False,False,False,1077,1.0386956806579155,0.7535026093801069,0,,False,False,-1,-9.0,-9.0,8805,6.983983629427184,3.165247052784752,0.20060448,1.3096098,-1,-9.0,-9.0,-9.0,-9.0,-9.0,0.0,0.0,0.0,0.0,0.0,0.0,0.0,0.0,0,0,False,,M,True,school1,1,0,0,0,0,0,0,0,0,0,0,0,0,2075,0,0,0,0,9,2
811,33.0,1.0,2,1,3,1,13,43.0,False,0,True,True,False,1077,0.9815432444731856,0.6116417606849636,54,sales_office,False,True,-1,-9.0,-9.0,-1,-9.0,-9.0,-9.0,0.0,19698,10.299355120125602,-6.063635428779794,20.442717,7.0,43.68307,82.93965,0.0,0.0,43.68307,37.745125,0.0,0.0,5.9379463,0,0,True,4_days_week,M,True,work1,1,1,0,0,3,3,0,0,0,0,0,0,0,2080,0,0,1,40,9,1
811,7.0,2.0,2,4,1,7,0,0.0,True,2,False,False,False,1077,1.199295492225339,1.3323267430280124,0,,False,False,-1,-9.0,-9.0,5878,5.646114344299704,-3.646277780118757,11.366224,42.6438,-1,-9.0,-9.0,-9.0,-9.0,-9.0,0.0,0.0,0.0,0.0,0.0,0.0,0.0,0.0,0,0,False,,M,True,school1,1,0,0,1,1,0,0,0,0,1,0,0,0,2081,0,2,0,0,9,2
811,5.0,3.0,2,4,1,8,0,0.0,True,1,False,False,False,1077,0.2682165025259134,1.354110830025943,0,,False,False,-1,-9.0,-9.0,24047,7.652675531814099,2.8412161779855785,2.2523887,12.532191,-1,-9.0,-9.0,-9.0,-9.0,-9.0,0.0,0.0,0.0,0.0,0.0,0.0,0.0,0.0,0,0,False,,M,True,school1,1,0,0,0,0,0,0,0,0,0,0,0,0,2082,0,2,0,0,9,2
811,3.0,4.0,1,4,1,8,0,0.0,True,1,False,False,False,1077,0.1751472597998399,0.4196449220493857,0,,False,False,-1,-9.0,-9.0,6795,8.173212065421247,3.5295113202627317,2.6059175,14.915613,-1,-9.0,-9.0,-9.0,-9.0,-9.0,0.0,0.0,0.0,0.0,0.0,0.0,0.0,0.0,0,0,False,,M,True,school1,1,0,0,0,0,0,0,0,0,0,0,0,0,2083,0,0,0,0,9,2
813,39.0,1.0,1,1,3,1,13,23.0,False,0,True,True,False,1077,0.5657148663484842,0.4275582318323307,54,mngt_busi_scic_arts,False,True,-1,-9.0,-9.0,-1,-9.0,-9.0,-9.0,0.0,23845,11.959503542394955,-0.5596691375984962,1.695701,6.0,5.2492323,11.178343,0.0,0.0,5.513115,5.2492323,0.0,0.0,0.26388264,0,0,False,1_day_week,M,True,work1,1,1,0,0,0,0,0,0,0,0,0,0,0,2085,0,0,1,55,1,1
813,48.0,2.0,2,1,3,1,13,11.0,False,0,True,True,False,1077,0.2540836421844813,1.2853639910128836,53,mngt_busi_scic_arts,False,True,-1,-9.0,-9.0,-1,-9.0,-9.0,-9.0,0.0,15747,11.930092914505774,-0.6074189209663584,4.0336285,6.0,11.709214,22.416348,0.0,0.0,11.709214,11.107351,0.0,0.0,0.6018629,0,0,True,No_Telecommute,N,True,,0,0,0,12,1,0,0,0,1,0,0,0,0,2086,0,0,1,60,1,2
814,64.0,1.0,1,1,3,1,13,15.0,False,0,True,True,False,1077,0.9668999666942032,0.2713622752688007,54,mngt_busi_scic_arts,False,True,-1,-9.0,-9.0,-1,-9.0,-9.0,-9.0,0.0,18741,10.840732895010545,-3.0327070929974416,8.671259,7.0,19.09013,37.053097,0.0,0.0,19.09013,18.144386,0.0,0.0,0.94574356,1,1,False,2_3_days_week,N,True,,0,0,0,89,1,1,0,0,0,0,0,0,0,2087,0,0,6,60,1,1
814,63.0,2.0,2,1,3,1,13,11.0,False,0,True,True,False,1077,0.4638931211873938,0.6338572417719592,33,mngt_busi_scic_arts,False,True,-1,-9.0,-9.0,-1,-9.0,-9.0,-9.0,0.0,4092,11.507661636577994,-3.534905623820165,22.929863,3.0,48.368656,94.83511,0.0,0.0,48.368656,47.766785,0.0,0.0,0.6018715,0,0,False,No_Telecommute,N,True,,0,0,0,12,1,0,0,0,1,0,0,0,0,2088,0,0,1,40,1,1
814,44.0,3.0,1,3,3,4,13,99.0,False,0,False,False,False,1077,0.4428806499830503,0.7625746651870144,99,,False,False,-1,-9.0,-9.0,-1,-9.0,-9.0,-9.0,0.0,-1,-9.0,-9.0,-9.0,-9.0,-9.0,0.0,0.0,0.0,0.0,0.0,0.0,0.0,0.0,0,1,False,,N,True,,0,0,0,89,1,1,0,0,0,0,0,0,0,2089,0,0,0,0,1,1
816,41.0,2.0,2,3,3,4,13,0.0,False,0,False,False,False,1077,0.5821856082725816,2.375023412083139,0,,False,False,-1,-9.0,-9.0,-1,-9.0,-9.0,-9.0,0.0,-1,-9.0,-9.0,-9.0,-9.0,-9.0,0.0,0.0,0.0,0.0,0.0,0.0,0.0,0.0,0,0,False,,N,True,,0,0,0,1,1,0,0,0,0,1,0,0,0,2092,0,0,0,0,1,2
816,94.0,3.0,1,3,3,5,13,0.0,False,0,False,False,False,1077,1.2263623023944237,1.7690710333300657,0,,False,False,-1,-9.0,-9.0,-1,-9.0,-9.0,-9.0,0.0,-1,-9.0,-9.0,-9.0,-9.0,-9.0,0.0,0.0,0.0,0.0,0.0,0.0,0.0,0.0,0,0,False,,N,True,,0,0,0,1,1,0,0,0,0,1,0,0,0,2093,0,0,0,0,8,2
817,34.0,1.0,1,1,3,1,13,15.0,False,0,True,True,False,1077,1.3090783140397149,0.951719618916236,9000,mngt_busi_scic_arts,False,True,-1,-9.0,-9.0,-1,-9.0,-9.0,-9.0,0.0,12315,10.197018450010216,-6.916457899415698,20.85462,3.0,46.401,93.18596,0.0,0.0,46.401,45.79913,0.0,0.0,0.6018715,0,0,True,No_Telecommute,N,True,,0,0,0,167,3,2,0,0,1,0,0,0,0,2094,1,0,1,50,1,1
817,33.0,2.0,2,2,3,2,13,41.0,False,0,True,True,False,1077,0.3996372680913491,1.0340162769303547,45,sales_office,False,True,-1,-9.0,-9.0,-1,-9.0,-9.0,-9.0,0.0,16110,10.772102886998544,-0.5857330096425801,4.0021443,6.0,11.78913,22.710548,0.0,0.0,11.78913,11.187268,0.0,0.0,0.60186195,0,0,True,No_Telecommute,N,True,,0,0,0,0,3,3,0,0,0,0,0,0,0,2095,0,0,1,6,6,2
817,12.0,3.0,1,4,1,7,0,0.0,True,2,False,False,False,1077,2.0583170093953123,0.5780963350784294,0,,False,False,-1,-9.0,-9.0,15443,3.938189503551461,-5.954382709509311,13.821449,36.56891,-1,-9.0,-9.0,-9.0,-9.0,-9.0,0.0,0.0,0.0,0.0,0.0,0.0,0.0,0.0,0,0,False,,M,True,school1,1,0,0,0,0,0,0,0,0,0,0,0,0,2096,0,2,0,0,9,1
817,6.0,4.0,1,4,1,7,0,0.0,True,2,False,False,False,1077,0.6321847278900364,0.7410913032962495,0,,False,False,-1,-9.0,-9.0,7296,6.259569485531344,1.965324035164932,1.0689771,7.355773,-1,-9.0,-9.0,-9.0,-9.0,-9.0,0.0,0.0,0.0,0.0,0.0,0.0,0.0,0.0,0,0,False,,M,True,school1,1,0,0,0,0,0,0,0,0,0,0,0,0,2097,0,2,0,0,9,1
817,4.0,5.0,1,4,1,8,0,0.0,True,1,False,False,False,1077,0.3613533611075247,1.0692598909420226,0,,False,False,-1,-9.0,-9.0,23911,10.132670421285187,4.103448709964809,0.6699319,4.4331646,-1,-9.0,-9.0,-9.0,-9.0,-9.0,0.0,0.0,0.0,0.0,0.0,0.0,0.0,0.0,0,0,False,,N,True,,0,0,0,89,1,1,0,0,0,0,0,0,0,2098,0,0,0,0,9,1
818,34.0,1.0,1,1,3,1,13,15.0,False,0,True,True,False,1077,0.7899906013874297,3.756125182265714,9000,mngt_busi_scic_arts,False,True,-1,-9.0,-9.0,-1,-9.0,-9.0,-9.0,0.0,773,11.308958444596788,-3.3577035661579133,12.541828,6.0,30.146713,59.71608,0.0,0.0,30.146713,30.146713,0.0,0.0,0.0,0,0,False,No_Telecommute,M,True,work1,1,1,0,1,1,0,0,0,0,1,0,0,0,2100,1,0,1,50,1,1
818,33.0,2.0,2,2,3,2,13,41.0,False,0,True,True,False,1077,0.8612098036836766,3.018386350891725,45,sales_office,False,True,-1,-9.0,-9.0,-1,-9.0,-9.0,-9.0,0.0,13127,10.30237090014574,-0.2691345057560285,0.8883534,6.0,3.0943582,6.452878,0.0,0.0,3.0943582,3.0943582,0.0,0.0,0.0,0,0,True,No_Telecommute,M,True,work1,1,1,0,12,3,2,0,0,1,0,0,0,0,2101,0,0,1,6,6,2
818,12.0,3.0,1,4,1,7,0,0.0,True,2,False,False,False,1077,0.8455210173233315,1.6364671078749995,0,,False,False,-1,-9.0,-9.0,11793,6.127934370577019,0.1644543319986102,2.2632318,12.932661,-1,-9.0,-9.0,-9.0,-9.0,-9.0,0.0,0.0,0.0,0.0,0.0,0.0,0.0,0.0,0,0,False,,M,True,school1,1,0,0,0,0,0,0,0,0,0,0,0,0,2102,0,2,0,0,9,1
818,6.0,4.0,1,4,1,7,0,0.0,True,2,False,False,False,1077,0.6107926427862228,1.1512583689640237,0,,False,False,-1,-9.0,-9.0,20924,4.346048344509831,-3.701507896690493,25.66464,61.5056,-1,-9.0,-9.0,-9.0,-9.0,-9.0,0.0,0.0,0.0,0.0,0.0,0.0,0.0,0.0,0,0,False,,M,True,school1,1,0,0,0,0,0,0,0,0,0,0,0,0,2103,0,2,0,0,9,1
818,4.0,5.0,1,4,1,8,0,0.0,True,1,False,False,False,1077,0.84665788204128,0.7169890380866343,0,,False,False,-1,-9.0,-9.0,23876,9.412306953949797,2.454684283595184,0.6353292,4.864131,-1,-9.0,-9.0,-9.0,-9.0,-9.0,0.0,0.0,0.0,0.0,0.0,0.0,0.0,0.0,0,0,False,,M,True,school1,1,0,0,0,0,0,0,0,0,0,0,0,0,2104,0,0,0,0,9,1
819,34.0,1.0,1,1,3,1,13,15.0,False,0,True,True,False,1077,0.8467777774981902,0.6956379397724652,9000,mngt_busi_scic_arts,False,True,-1,-9.0,-9.0,-1,-9.0,-9.0,-9.0,0.0,16283,11.12160630077045,-1.407889294032205,3.902181,6.0,9.509742,19.217293,0.0,0.0,9.509742,9.509742,0.0,0.0,0.0,0,0,False,No_Telecommute,M,True,work1,1,1,0,0,0,0,0,0,0,0,0,0,0,2106,1,0,1,50,1,1
819,33.0,2.0,2,2,3,2,13,41.0,False,0,True,True,False,1077,0.73335320562549,0.3557734623394513,45,sales_office,False,True,-1,-9.0,-9.0,-1,-9.0,-9.0,-9.0,0.0,23235,10.410744648816111,-0.8280720595874492,2.41645,6.0,8.221648,16.023062,0.0,0.0,8.221648,8.221648,0.0,0.0,0.0,0,0,False,No_Telecommute,M,True,work1,1,1,0,101,3,2,0,0,1,0,0,0,0,2107,0,0,1,6,6,2
819,12.0,3.0,1,4,1,7,0,0.0,True,2,False,False,False,1077,0.3161985652296311,1.52458729427201,0,,False,False,-1,-9.0,-9.0,7296,6.674351923520709,2.416269836360733,1.0689771,7.355773,-1,-9.0,-9.0,-9.0,-9.0,-9.0,0.0,0.0,0.0,0.0,0.0,0.0,0.0,0.0,0,0,False,,M,True,school1,1,0,0,0,0,0,0,0,0,0,0,0,0,2108,0,2,0,0,9,1
819,6.0,4.0,1,4,1,7,0,0.0,True,2,False,False,False,1077,0.480028160844436,1.154265150453424,0,,False,False,-1,-9.0,-9.0,23872,6.572787994652829,2.065046916515821,1.1110445,7.9336796,-1,-9.0,-9.0,-9.0,-9.0,-9.0,0.0,0.0,0.0,0.0,0.0,0.0,0.0,0.0,0,0,False,,M,True,school1,1,0,0,0,0,0,0,0,0,0,0,0,0,2109,0,2,0,0,9,1
820,34.0,1.0,1,1,3,1,13,15.0,False,0,True,True,False,1077,0.6259290831192694,0.4838406955882702,9000,mngt_busi_scic_arts,False,True,-1,-9.0,-9.0,-1,-9.0,-9.0,-9.0,0.0,16290,11.588724365837608,-1.249979111589713,4.5674744,6.0,11.856222,24.530346,0.0,0.0,12.120105,11.661175,0.0,0.0,0.45893002,0,0,True,No_Telecommute,M,True,work1,1,1,0,1,1,0,0,0,0,1,0,0,0,2112,1,0,1,50,1,1
820,33.0,2.0,2,2,3,2,13,41.0,False,0,True,False,True,1077,1.1055863301254474,0.4009577703976308,45,sales_office,False,True,24333,5.159982011930039,-3.934600460736746,-1,-9.0,-9.0,-9.0,0.0,24333,5.159982011930039,-3.934600460736746,21.338692,-9.0,23.08068,46.226036,0.0,0.0,0.0,0.0,0.0,0.0,0.0,0,0,False,No_Telecommute,N,True,,0,0,0,1,6,5,0,0,0,1,0,0,0,2113,0,0,1,6,6,2
820,12.0,3.0,1,4,1,7,0,0.0,True,2,False,False,False,1077,1.8641909074826783,0.991266555302308,0,,False,False,-1,-9.0,-9.0,23872,5.851674083132076,0.586481681458182,1.1110445,7.9336796,-1,-9.0,-9.0,-9.0,-9.0,-9.0,0.0,0.0,0.0,0.0,0.0,0.0,0.0,0.0,0,0,False,,M,True,school1,1,0,0,0,0,0,0,0,0,0,0,0,0,2114,0,2,0,0,9,1
820,6.0,4.0,1,4,1,7,0,0.0,True,2,False,False,False,1077,0.5834072747808741,0.8295422272043649,0,,False,False,-1,-9.0,-9.0,7296,6.272589859042969,2.1731932533134373,1.0689771,7.355773,-1,-9.0,-9.0,-9.0,-9.0,-9.0,0.0,0.0,0.0,0.0,0.0,0.0,0.0,0.0,0,0,False,,M,True,school1,1,0,0,0,0,0,0,0,0,0,0,0,0,2115,0,2,0,0,9,1
820,4.0,5.0,1,4,1,8,0,0.0,True,1,False,False,False,1077,1.2593688142530666,0.9842584412397162,0,,False,False,-1,-9.0,-9.0,12516,5.6356525170987695,-0.3771023198206207,1.5116329,7.947737,-1,-9.0,-9.0,-9.0,-9.0,-9.0,0.0,0.0,0.0,0.0,0.0,0.0,0.0,0.0,0,0,False,,M,True,school1,1,0,0,0,0,0,0,0,0,0,0,0,0,2116,0,0,0,0,9,1
820,2.0,6.0,2,4,1,8,0,0.0,True,1,False,False,False,1077,1.6182726160354892,0.9251290715065644,0,,False,False,-1,-9.0,-9.0,23909,6.2145831067258985,0.7598101802864687,0.5653733,4.016732,-1,-9.0,-9.0,-9.0,-9.0,-9.0,0.0,0.0,0.0,0.0,0.0,0.0,0.0,0.0,0,0,False,,N,True,,0,0,0,156,2,2,0,0,0,0,0,0,0,2117,0,0,0,0,9,1
821,34.0,1.0,1,1,3,1,13,15.0,False,0,True,True,False,1077,0.3763541113102259,1.1999884791016726,9000,mngt_busi_scic_arts,False,True,-1,-9.0,-9.0,-1,-9.0,-9.0,-9.0,0.0,23072,12.25529670929304,-1.6631983300424276,9.124006,6.0,23.027126,45.078976,0.0,5.784,23.027126,22.425264,0.0,0.0,0.60186195,0,0,True,1_day_week,M,True,work1,1,1,0,89,1,1,0,0,0,0,0,0,0,2118,1,0,1,50,1,1
821,33.0,2.0,2,2,3,2,13,41.0,False,0,True,True,False,1077,0.3341435154652195,2.245398230157135,45,sales_office,False,True,-1,-9.0,-9.0,-1,-9.0,-9.0,-9.0,0.0,23056,11.033471133042976,-0.7339149833099818,6.528473,6.0,18.052803,36.94451,0.0,0.0,18.052803,17.450941,0.0,0.0,0.60186195,0,0,True,No_Telecommute,M,True,work1,1,1,0,89,2,2,0,0,0,0,0,0,0,2119,0,0,1,6,6,2
821,12.0,3.0,1,4,1,7,0,0.0,True,2,False,False,False,1077,0.2439864982656119,1.4564007697997916,0,,False,False,-1,-9.0,-9.0,7296,6.876643014524251,3.640698583431416,1.0689771,7.355773,-1,-9.0,-9.0,-9.0,-9.0,-9.0,0.0,0.0,0.0,0.0,0.0,0.0,0.0,0.0,0,0,False,,M,True,school1,1,0,0,0,0,0,0,0,0,0,0,0,0,2120,0,2,0,0,9,1
821,6.0,4.0,1,4,1,7,0,0.0,True,2,False,False,False,1077,0.8641145690997238,0.3458354401440221,0,,False,False,-1,-9.0,-9.0,18227,6.103881992827543,-2.74660527473433,8.114433,34.21368,-1,-9.0,-9.0,-9.0,-9.0,-9.0,0.0,0.0,0.0,0.0,0.0,0.0,0.0,0.0,0,0,False,,M,True,school1,1,0,0,0,0,0,0,0,0,0,0,0,0,2121,0,2,0,0,9,1
822,34.0,1.0,1,1,3,1,13,15.0,False,0,True,True,False,1077,1.4461232338529788,1.5093979181035655,9000,mngt_busi_scic_arts,False,True,-1,-9.0,-9.0,-1,-9.0,-9.0,-9.0,0.0,16962,10.1916317421249,-6.454534475732481,24.383224,7.0,48.63293,95.9501,0.0,0.0,48.89681,48.63293,0.0,0.0,0.26387787,0,0,False,No_Telecommute,M,True,work2,2,2,0,0,0,0,0,0,0,0,0,0,0,2124,1,0,1,50,1,1
822,33.0,2.0,2,2,3,2,13,41.0,False,0,True,True,False,1077,1.143368592286699,1.1554421072187775,45,sales_office,False,True,-1,-9.0,-9.0,-1,-9.0,-9.0,-9.0,0.0,19234,9.927156997327618,-4.306663765082491,10.922699,6.0,33.027763,64.79988,0.0,0.0,33.027763,32.94331,0.0,0.0,0.08445358,0,0,False,No_Telecommute,M,True,work1,1,1,0,0,0,0,0,0,0,0,0,0,0,2125,0,0,1,6,6,2
822,12.0,3.0,1,4,1,7,0,0.0,True,2,False,False,False,1077,0.8367892050757281,1.9028335540406736,0,,False,False,-1,-9.0,-9.0,7296,6.095182352720036,1.1161077978887055,1.0689771,7.355773,-1,-9.0,-9.0,-9.0,-9.0,-9.0,0.0,0.0,0.0,0.0,0.0,0.0,0.0,0.0,0,0,False,,M,True,school1,1,0,0,0,0,0,0,0,0,0,0,0,0,2126,0,2,0,0,9,1
822,6.0,4.0,1,4,1,7,0,0.0,True,2,False,False,False,1077,0.3402292360600618,1.4691970100391103,0,,False,False,-1,-9.0,-9.0,7296,6.506078096850981,3.222300396273389,1.0689771,7.355773,-1,-9.0,-9.0,-9.0,-9.0,-9.0,0.0,0.0,0.0,0.0,0.0,0.0,0.0,0.0,0,0,False,,M,True,school1,1,0,0,0,0,0,0,0,0,0,0,0,0,2127,0,2,0,0,9,1
822,4.0,5.0,1,4,1,8,0,0.0,True,1,False,False,False,1077,0.876280306031925,0.622985028158358,0,,False,False,-1,-9.0,-9.0,12538,9.181421361857746,2.708208891525627,0.40120897,2.742407,-1,-9.0,-9.0,-9.0,-9.0,-9.0,0.0,0.0,0.0,0.0,0.0,0.0,0.0,0.0,0,0,False,,M,True,school1,1,0,0,0,0,0,0,0,0,0,0,0,0,2128,0,0,0,0,9,1
823,61.0,1.0,1,1,3,1,13,53.0,False,0,True,False,False,1077,0.8025231047393491,2.411225213977197,56,prod_trans_move,True,False,-1,-9.0,-9.0,-1,-9.0,-9.0,-9.0,0.0,-1,-9.0,-9.0,-9.0,-9.0,-9.0,0.0,0.0,0.0,0.0,0.0,0.0,0.0,0.0,0,0,False,,N,True,,0,0,1,1,1,0,1,0,0,1,0,0,0,2130,0,0,1,52,1,2
824,63.0,1.0,2,3,3,4,13,23.0,False,0,False,False,False,1077,0.4763427574656414,0.8351645850963689,53,mngt_busi_scic_arts,False,False,-1,-9.0,-9.0,-1,-9.0,-9.0,-9.0,0.0,-1,-9.0,-9.0,-9.0,-9.0,-9.0,0.0,0.0,0.0,0.0,0.0,0.0,0.0,0.0,0,0,False,,N,True,,0,0,0,35,1,0,0,1,0,0,0,0,0,2132,0,0,0,0,1,1
825,44.0,1.0,2,2,3,2,13,37.0,False,0,True,True,False,1077,1.887025888437132,0.5036351305596426,81,services,False,True,-1,-9.0,-9.0,-1,-9.0,-9.0,-9.0,0.0,19061,9.041822153052482,-4.70614330533402,6.6772165,6.0,14.97376,31.502888,0.0,0.0,14.97376,14.028018,0.0,0.0,0.94574165,0,0,True,1_day_week,N,True,,0,0,1,0,0,0,0,1,0,0,0,0,0,2133,0,0,1,30,1,2
826,23.0,1.0,1,1,3,1,13,13.0,False,0,True,True,False,1077,1.354471563878883,0.985200882850876,9000,mngt_busi_scic_arts,False,True,-1,-9.0,-9.0,-1,-9.0,-9.0,-9.0,0.0,13000,10.357844708696836,-1.7571065105539754,2.0621586,6.0,6.963356,14.282148,0.0,0.0,6.963356,6.963356,0.0,0.0,0.0,1,0,False,No_Telecommute,M,True,work1,1,1,1,0,0,0,0,0,0,0,1,0,0,2135,1,0,1,55,1,2
826,22.0,2.0,2,1,3,1,13,53.0,False,0,True,True,False,1077,0.470516938310617,0.6947891779471754,9000,prod_trans_move,False,True,-1,-9.0,-9.0,-1,-9.0,-9.0,-9.0,0.0,19513,11.47743539960896,-2.0229737545693167,14.017337,7.0,26.725122,50.818058,0.0,0.489,26.725122,25.779383,0.0,0.0,0.94573975,0,0,True,No_Telecommute,N,True,,0,0,1,12,1,0,0,0,1,0,0,0,0,2136,1,0,1,55,1,2
827,15.0,2.0,1,4,1,7,0,0.0,True,3,False,False,False,1077,1.0535095135015868,2.7478462964628743,0,,False,False,-1,-9.0,-9.0,20799,8.982850919492272,-4.988796095822553,25.26001,59.123302,-1,-9.0,-9.0,-9.0,-9.0,-9.0,0.0,0.0,0.0,0.0,0.0,0.0,0.0,0.0,0,0,False,,M,True,school1,1,0,0,0,0,0,0,0,0,0,0,0,0,2138,0,0,0,0,1,2
827,12.0,3.0,2,4,1,7,0,0.0,True,2,False,False,False,1077,1.829958553494397,1.5675520716420277,0,,False,False,-1,-9.0,-9.0,16347,5.40893728046143,-3.2730408143398044,4.866114,25.393793,-1,-9.0,-9.0,-9.0,-9.0,-9.0,0.0,0.0,0.0,0.0,0.0,0.0,0.0,0.0,0,0,False,,M,True,school1,1,0,0,0,0,0,0,0,0,0,0,0,0,2139,0,0,0,0,1,2
827,4.0,4.0,2,4,1,8,0,0.0,True,1,False,False,False,1077,0.6893605931217041,0.7682072809256065,0,,False,False,-1,-9.0,-9.0,12538,9.564474076331145,3.137531717249789,0.40120897,2.742407,-1,-9.0,-9.0,-9.0,-9.0,-9.0,0.0,0.0,0.0,0.0,0.0,0.0,0.0,0.0,0,0,False,,M,True,school1,1,0,0,0,0,0,0,0,0,0,0,0,0,2140,0,0,0,0,1,2
828,63.0,1.0,1,3,3,4,13,47.0,False,0,False,False,False,1077,0.7942324081633595,0.6721397867337061,23,constr_maint,False,False,-1,-9.0,-9.0,-1,-9.0,-9.0,-9.0,0.0,-1,-9.0,-9.0,-9.0,-9.0,-9.0,0.0,0.0,0.0,0.0,0.0,0.0,0.0,0.0,0,0,False,,N,True,,0,0,0,12,1,0,0,0,1,0,0,0,0,2141,0,0,6,15,1,1
829,64.0,2.0,2,3,2,3,13,0.0,True,4,False,False,False,1077,1.336744898380618,1.8346665774643751,0,,False,False,-1,-9.0,-9.0,23114,7.02566455752878,-2.260644106903777,3.9317698,18.435081,-1,-9.0,-9.0,-9.0,-9.0,-9.0,0.0,0.0,0.0,0.0,0.0,0.0,0.0,0.0,0,0,False,,M,True,school1,1,0,0,0,0,0,0,0,0,0,0,0,0,2143,0,6,0,0,1,1
831,33.0,1.0,2,2,2,3,13,41.0,True,4,True,True,False,1077,0.6675697693126408,1.4690913475511416,53,sales_office,False,True,-1,-9.0,-9.0,2594,0.9496611451745568,-3.936537855688222,32.53427,72.8253,12553,11.647802246120886,-4.950655239626767,27.913862,3.0,54.419098,114.56079,0.0,0.0,54.419098,53.817226,0.0,0.0,0.6018715,0,0,True,1_day_week,N,True,,0,0,1,0,0,0,0,1,0,0,0,0,0,2145,0,6,4,30,1,2
831,38.0,2.0,1,3,3,4,13,41.0,False,0,False,False,False,1077,0.7810813755816493,1.0501223417340029,53,sales_office,False,False,-1,-9.0,-9.0,-1,-9.0,-9.0,-9.0,0.0,-1,-9.0,-9.0,-9.0,-9.0,-9.0,0.0,0.0,0.0,0.0,0.0,0.0,0.0,0.0,0,0,False,,N,True,,0,0,1,6,1,0,1,0,0,0,0,0,0,2146,0,0,4,40,2,1
832,33.0,1.0,2,2,2,3,13,41.0,True,4,True,True,False,1077,0.6589353021184459,5.241876616874861,53,sales_office,False,True,-1,-9.0,-9.0,23114,7.34418021872359,-1.0806460653731171,3.9317698,18.435081,16791,11.754094173324898,-1.977568023179144,11.133315,7.0,27.87183,56.171562,0.0,0.0,28.13571,27.87183,0.0,0.0,0.26387978,0,0,True,2_3_days_week,N,True,,0,0,1,41,2,0,2,1,0,0,0,0,0,2147,0,6,4,30,1,2
833,33.0,1.0,2,2,2,3,13,41.0,True,4,True,True,False,1077,0.7107152739994701,0.7530622155719706,53,sales_office,False,True,-1,-9.0,-9.0,23114,7.409576088272004,-1.1722232771237513,3.9317698,18.435081,7101,11.884230010434532,-5.053790166921905,26.737745,3.0,58.15629,115.850746,0.0,0.0,58.15629,57.554417,0.0,0.0,0.6018715,0,0,True,No_Telecommute,N,True,,0,0,1,89,1,1,1,0,0,0,0,0,0,2149,0,6,4,30,1,2
834,52.0,1.0,1,1,3,1,13,49.0,False,0,True,True,False,1077,0.5086831949416113,0.65150139615561,81,constr_maint,False,True,-1,-9.0,-9.0,-1,-9.0,-9.0,-9.0,0.0,10635,11.24866247574942,-5.803111529463497,37.55026,1.0,62.272457,124.70095,0.0,22.487,62.272457,61.670586,0.0,0.0,0.6018715,0,0,True,2_3_days_week,N,True,,0,0,0,6,1,0,1,0,0,0,0,0,0,2151,0,0,1,40,1,2
834,45.0,2.0,2,1,3,1,13,51.0,False,0,True,True,False,1077,1.2260767179818968,1.114408440094002,33,prod_trans_move,False,True,-1,-9.0,-9.0,-1,-9.0,-9.0,-9.0,0.0,18853,10.422945006508565,-4.554680323927924,12.500232,6.0,28.243233,55.04323,0.0,0.0,28.243233,26.183586,0.0,0.0,2.0596466,0,0,False,No_Telecommute,N,True,,0,0,0,12,1,0,0,0,1,0,0,0,0,2152,0,0,5,40,1,2
834,18.0,3.0,2,3,3,4,9,51.0,False,0,False,False,False,1077,0.3898922199226114,0.7661749021418076,56,prod_trans_move,False,False,-1,-9.0,-9.0,-1,-9.0,-9.0,-9.0,0.0,-1,-9.0,-9.0,-9.0,-9.0,-9.0,0.0,0.0,0.0,0.0,0.0,0.0,0.0,0.0,0,0,False,,N,True,,0,0,0,12,1,0,0,0,1,0,0,0,0,2153,0,0,6,40,1,2
835,52.0,1.0,1,1,3,1,13,49.0,False,0,True,False,True,1077,0.3516784615639904,1.0527268848181863,81,constr_maint,False,True,24333,5.274469890338242,-2.1311375972782782,-1,-9.0,-9.0,-9.0,0.0,24333,5.274469890338242,-2.1311375972782782,21.338692,-9.0,23.08068,46.226036,0.0,0.0,0.0,0.0,0.0,0.0,0.0,0,0,False,No_Telecommute,N,True,,0,0,0,66,2,0,0,2,0,0,0,1,0,2154,0,0,1,40,1,2
835,45.0,2.0,2,1,3,1,13,51.0,False,0,True,True,False,1077,0.4424992207548592,1.011853366651922,33,prod_trans_move,False,True,-1,-9.0,-9.0,-1,-9.0,-9.0,-9.0,0.0,19549,11.658628470401366,-2.089168474709333,13.606514,7.0,26.486343,51.50674,0.0,0.0,26.486343,25.540604,0.0,0.0,0.94573975,0,0,False,No_Telecommute,N,True,,0,0,0,12,1,0,0,0,1,0,0,0,0,2155,0,0,5,40,1,2
835,18.0,3.0,2,3,3,4,9,51.0,False,0,False,False,False,1077,0.8328583454103816,1.563273486236492,56,prod_trans_move,False,False,-1,-9.0,-9.0,-1,-9.0,-9.0,-9.0,0.0,-1,-9.0,-9.0,-9.0,-9.0,-9.0,0.0,0.0,0.0,0.0,0.0,0.0,0.0,0.0,0,0,False,,N,True,,0,0,0,47,2,0,0,1,1,0,0,1,0,2156,0,0,6,40,1,2
836,56.0,2.0,2,3,3,4,13,41.0,False,0,False,False,False,1077,0.706322419424339,0.9434636146852906,45,sales_office,False,False,-1,-9.0,-9.0,-1,-9.0,-9.0,-9.0,0.0,-1,-9.0,-9.0,-9.0,-9.0,-9.0,0.0,0.0,0.0,0.0,0.0,0.0,0.0,0.0,0,0,False,,N,True,,0,0,0,36,2,0,0,1,0,1,0,0,0,2158,0,0,5,40,2,1
837,48.0,2.0,1,1,3,1,13,41.0,False,0,True,True,False,1077,1.8204761806210463,0.6364472811621888,53,sales_office,False,True,-1,-9.0,-9.0,-1,-9.0,-9.0,-9.0,0.0,23863,10.301155559584227,-0.9004897471561584,0.5653733,6.0,2.025445,4.0492043,0.0,0.0,2.025445,2.025445,0.0,0.0,0.0,0,0,True,No_Telecommute,N,True,,0,0,0,1,1,0,0,0,0,1,0,0,0,2160,0,0,1,72,1,1
838,21.0,1.0,1,2,3,2,9,55.0,False,0,True,True,False,1077,1.7658381779321366,0.5861083560996897,9000,military,False,True,-1,-9.0,-9.0,-1,-9.0,-9.0,-9.0,0.0,7369,7.506967043118352,-3.673127706650429,4.477317,6.0,9.610743,25.332497,0.0,0.0,9.610743,9.610743,0.0,0.0,0.0,0,0,True,No_Telecommute,N,True,,0,0,0,1,1,0,0,0,0,1,0,0,0,2161,1,0,1,9,1,2
838,20.0,2.0,2,3,3,4,9,53.0,False,0,False,False,False,1077,1.5025933991102312,1.0343697258410192,45,prod_trans_move,False,False,-1,-9.0,-9.0,-1,-9.0,-9.0,-9.0,0.0,-1,-9.0,-9.0,-9.0,-9.0,-9.0,0.0,0.0,0.0,0.0,0.0,0.0,0.0,0.0,0,1,False,,N,True,,0,0,0,1,1,0,0,0,0,1,0,0,0,2162,0,0,6,30,1,1
839,94.0,1.0,2,3,3,5,13,0.0,False,0,False,False,False,1077,0.8264416877118406,3.307109850707114,0,,False,False,-1,-9.0,-9.0,-1,-9.0,-9.0,-9.0,0.0,-1,-9.0,-9.0,-9.0,-9.0,-9.0,0.0,0.0,0.0,0.0,0.0,0.0,0.0,0.0,0,0,False,,N,True,,0,0,0,35,1,0,0,1,0,0,0,0,0,2163,0,0,0,0,1,1
840,29.0,1.0,2,3,3,4,13,35.0,False,0,False,False,False,1077,0.8027808086263263,0.3046066923865758,722,services,False,False,-1,-9.0,-9.0,-1,-9.0,-9.0,-9.0,0.0,-1,-9.0,-9.0,-9.0,-9.0,-9.0,0.0,0.0,0.0,0.0,0.0,0.0,0.0,0.0,0,1,False,,N,True,,0,0,0,35,1,0,0,1,0,0,0,0,0,2164,0,0,6,20,9,2
840,37.0,2.0,1,1,3,1,13,33.0,False,0,True,True,False,1077,1.086974192495991,0.6635419041107603,92,services,False,True,-1,-9.0,-9.0,-1,-9.0,-9.0,-9.0,0.0,5190,10.995715867157855,-6.7038297599094925,30.857653,3.0,54.781105,109.92462,0.0,0.0,54.781105,54.179234,0.0,0.0,0.6018715,0,0,False,No_Telecommute,M,True,work1,1,1,0,0,0,0,0,0,0,0,0,0,0,2165,0,0,1,99,9,1
841,60.0,1.0,2,3,3,4,13,31.0,False,0,False,False,False,1077,0.1242469662573824,0.2037739449090511,62,health,False,False,-1,-9.0,-9.0,-1,-9.0,-9.0,-9.0,0.0,-1,-9.0,-9.0,-9.0,-9.0,-9.0,0.0,0.0,0.0,0.0,0.0,0.0,0.0,0.0,0,0,False,,N,True,,0,0,0,77,3,0,0,2,1,0,0,2,0,2166,0,0,5,32,1,1
843,42.0,2.0,2,2,3,2,13,31.0,False,0,True,True,False,1077,0.6168717866707295,0.7755321393186828,92,health,False,True,-1,-9.0,-9.0,-1,-9.0,-9.0,-9.0,0.0,5878,9.73089628676657,-1.9518470484403336,11.366224,6.0,28.099182,62.783916,0.0,0.0,28.099182,28.099182,0.0,0.0,0.0,0,0,False,4_days_week,N,True,,0,0,0,89,1,1,0,0,0,0,0,0,0,2169,0,0,1,13,6,1
844,69.0,1.0,2,3,3,5,13,0.0,False,0,False,False,False,1077,0.7312943827498674,0.77285345818306,0,,False,False,-1,-9.0,-9.0,-1,-9.0,-9.0,-9.0,0.0,-1,-9.0,-9.0,-9.0,-9.0,-9.0,0.0,0.0,0.0,0.0,0.0,0.0,0.0,0.0,0,1,False,,N,True,,0,0,0,66,2,0,0,2,0,0,0,1,0,2170,0,0,0,0,9,2
845,30.0,1.0,2,1,3,1,13,43.0,False,0,True,True,False,1077,0.7501225303374108,0.4029408061591951,33,sales_office,False,True,-1,-9.0,-9.0,-1,-9.0,-9.0,-9.0,0.0,19451,11.128764092036125,-3.582450229644412,15.240008,7.0,28.491543,54.888336,0.0,0.0,28.491543,27.316893,0.0,0.0,1.1746502,0,0,False,4_days_week,M,True,work1,1,1,0,0,0,0,0,0,0,0,0,0,0,2171,0,0,1,40,9,2
846,28.0,1.0,1,1,3,1,13,35.0,False,0,True,True,False,1077,0.4058764968560531,1.8472227486348085,9000,services,False,True,-1,-9.0,-9.0,-1,-9.0,-9.0,-9.0,0.0,15817,12.23581370281612,-1.75338949119165,13.6455555,6.0,28.596422,56.547806,0.0,0.0,28.596422,27.994562,0.0,0.0,0.60186005,0,0,False,No_Telecommute,M,True,work1,1,1,0,0,0,0,0,0,0,0,0,0,0,2172,1,0,1,50,2,1
846,24.0,2.0,2,2,2,3,13,43.0,True,4,True,True,False,1077,0.2966574379465291,1.1409793789600386,61,sales_office,False,True,-1,-9.0,-9.0,12534,7.816307719494486,2.776143776421347,0.86102486,5.442926,13348,12.70633896319203,-2.287443910405793,27.041773,3.0,58.601883,117.42951,0.0,0.0,58.601883,58.00001,0.0,0.0,0.6018715,0,1,True,No_Telecommute,N,True,,0,0,0,89,1,1,0,0,0,0,0,0,0,2173,0,6,1,20,1,2
846,30.0,3.0,2,3,3,4,13,25.0,False,0,False,False,False,1077,0.7500524731961308,0.3156860068403365,62,services,False,False,-1,-9.0,-9.0,-1,-9.0,-9.0,-9.0,0.0,-1,-9.0,-9.0,-9.0,-9.0,-9.0,0.0,0.0,0.0,0.0,0.0,0.0,0.0,0.0,0,1,False,,N,True,,0,0,0,35,1,0,0,1,0,0,0,0,0,2174,0,0,4,40,2,1
848,36.0,1.0,1,1,3,1,13,29.0,False,0,True,True,False,1077,0.6330055202722701,0.5417786330875138,62,health,False,True,-1,-9.0,-9.0,-1,-9.0,-9.0,-9.0,0.0,20536,11.392824163489395,-3.156881440290673,19.45993,7.0,36.173485,70.733795,0.0,0.0,36.173485,35.22774,0.0,0.0,0.94574356,0,0,False,No_Telecommute,M,True,work2,2,2,0,0,0,0,0,0,0,0,0,0,0,2176,0,0,1,40,9,2
848,38.0,2.0,2,1,3,1,13,25.0,False,0,True,False,False,1077,0.4886996458823604,2.23700385359617,61,services,True,False,-1,-9.0,-9.0,-1,-9.0,-9.0,-9.0,0.0,-1,-9.0,-9.0,-9.0,-9.0,-9.0,0.0,0.0,0.0,0.0,0.0,0.0,0.0,0.0,0,0,False,,N,True,,0,0,0,167,7,6,0,0,1,0,0,0,0,2177,0,0,1,40,9,1
848,10.0,3.0,1,4,1,7,0,0.0,True,2,False,False,False,1077,1.2498610885262305,0.989488119302954,0,,False,False,-1,-9.0,-9.0,23872,6.20835612230315,1.6009963220799366,1.1110445,7.9336796,-1,-9.0,-9.0,-9.0,-9.0,-9.0,0.0,0.0,0.0,0.0,0.0,0.0,0.0,0.0,0,0,False,,M,True,school1,1,0,0,0,0,0,0,0,0,0,0,0,0,2178,0,2,0,0,9,2
848,7.0,4.0,1,4,1,7,0,0.0,True,2,False,False,False,1077,1.177786582544558,0.6602005106289096,0,,False,False,-1,-9.0,-9.0,16896,4.308152314343512,-3.913481864925717,19.546816,68.76888,-1,-9.0,-9.0,-9.0,-9.0,-9.0,0.0,0.0,0.0,0.0,0.0,0.0,0.0,0.0,0,0,False,,M,True,school1,1,0,0,0,0,0,0,0,0,0,0,0,0,2179,0,2,0,0,9,2
849,50.0,1.0,1,1,3,1,13,49.0,False,0,True,True,False,1077,1.012166829932548,2.2605849308984705,33,constr_maint,False,True,-1,-9.0,-9.0,-1,-9.0,-9.0,-9.0,0.0,23855,10.162788663558212,-2.260655347464867,4.557426,6.0,10.330039,27.927422,0.0,0.0,10.330039,10.330039,0.0,0.0,0.0,0,0,False,No_Telecommute,N,True,,0,0,0,12,1,0,0,0,1,0,0,0,0,2182,0,0,1,40,8,2
849,43.0,2.0,2,3,2,3,13,43.0,True,4,False,False,False,1077,0.6812166624702279,0.4225341629283188,44,sales_office,False,False,-1,-9.0,-9.0,23114,7.413668721571334,-0.8990897184016953,3.9317698,18.435081,-1,-9.0,-9.0,-9.0,-9.0,-9.0,0.0,0.0,0.0,0.0,0.0,0.0,0.0,0.0,0,0,False,,M,True,school1,1,0,0,0,0,0,0,0,0,0,0,0,0,2183,0,5,6,40,8,2
849,22.0,3.0,2,1,3,1,13,35.0,False,0,True,True,False,1077,0.2904298760876117,0.7414842328023188,721,services,False,True,-1,-9.0,-9.0,-1,-9.0,-9.0,-9.0,0.0,9161,11.736800148234249,-3.948614454267671,43.160744,2.0,68.66635,137.18445,0.0,0.0,68.66635,68.0645,0.0,0.0,0.6018524,0,1,False,No_Telecommute,M,True,work1,1,1,0,0,0,0,0,0,0,0,0,0,0,2184,0,0,1,40,8,2
850,50.0,1.0,2,1,3,1,13,43.0,False,0,True,True,False,1077,0.2490745719618083,1.1985092892681173,33,sales_office,False,True,-1,-9.0,-9.0,-1,-9.0,-9.0,-9.0,0.0,17071,12.304042914698783,-1.5532165008115817,17.524553,7.0,39.77318,79.273315,0.0,0.0,40.037056,39.77318,0.0,0.0,0.26387787,0,0,True,1_day_week,M,True,work1,1,1,0,0,0,0,0,0,0,0,0,0,0,2185,0,0,1,40,8,2
850,27.0,2.0,2,1,3,1,13,53.0,False,0,True,True,False,1077,0.8677023656971604,1.37821774157274,53,prod_trans_move,False,True,-1,-9.0,-9.0,-1,-9.0,-9.0,-9.0,0.0,4588,11.027226420196564,-5.067421662770927,22.929863,3.0,48.368656,94.83511,0.0,0.0,48.368656,47.766785,0.0,0.0,0.6018715,0,1,True,No_Telecommute,N,True,,0,0,0,6,1,0,1,0,0,0,0,0,0,2186,0,0,1,35,8,2
850,21.0,3.0,2,2,2,3,9,25.0,True,4,True,True,False,1077,0.7935463005153834,0.3902289141904057,61,services,False,True,-1,-9.0,-9.0,23114,7.44899306072182,-1.028079383622324,3.9317698,18.435081,13459,11.326622407027257,0.164833430855842,0.7899149,6.0,2.5066261,5.0707808,0.0,0.0,2.5066261,2.4494429,0.0,0.0,0.057183266,0,0,True,No_Telecommute,N,True,,0,0,0,1,1,0,0,0,0,1,0,0,0,2187,0,6,1,30,8,2
851,60.0,2.0,2,3,3,4,13,0.0,False,0,False,False,False,1077,1.2001355611887154,0.4656470679880975,0,,False,False,-1,-9.0,-9.0,-1,-9.0,-9.0,-9.0,0.0,-1,-9.0,-9.0,-9.0,-9.0,-9.0,0.0,0.0,0.0,0.0,0.0,0.0,0.0,0.0,0,0,False,,N,True,,0,0,0,66,2,0,0,2,0,0,0,1,0,2189,0,0,0,0,8,2
851,21.0,3.0,1,2,2,3,9,47.0,True,4,True,True,False,1077,1.2607902053039637,1.3820121731322768,23,constr_maint,False,True,-1,-9.0,-9.0,23114,6.998793300018233,-2.139857012532888,3.9317698,18.435081,18274,9.543702317317088,-3.288926781106676,6.705603,6.0,16.242727,33.155518,0.0,0.0,16.242727,16.242727,0.0,0.0,0.0,0,0,False,No_Telecommute,N,True,,0,0,0,12,1,0,0,0,1,0,0,0,0,2190,0,6,5,30,8,2
852,59.0,2.0,2,3,3,4,13,17.0,False,0,False,False,False,1077,0.95289310974187,1.9814088797683644,33,mngt_busi_scic_arts,False,False,-1,-9.0,-9.0,-1,-9.0,-9.0,-9.0,0.0,-1,-9.0,-9.0,-9.0,-9.0,-9.0,0.0,0.0,0.0,0.0,0.0,0.0,0.0,0.0,0,0,False,,N,True,,0,0,0,53,3,0,1,1,1,0,0,1,0,2192,0,0,0,0,1,1
853,35.0,1.0,1,1,3,1,13,55.0,False,0,True,True,False,1077,3.5635925864462457,0.8656553526621198,9000,military,False,True,-1,-9.0,-9.0,-1,-9.0,-9.0,-9.0,0.0,5878,6.576100059417097,-8.987699099893154,11.366224,6.0,28.099182,62.783916,0.0,0.0,28.099182,28.099182,0.0,0.0,0.0,0,1,True,No_Telecommute,N,True,,0,0,0,89,1,1,0,0,0,0,0,0,0,2193,1,0,1,40,1,1
853,30.0,2.0,2,3,2,3,13,31.0,True,4,False,False,False,1077,1.1505970496791953,0.8915388684944658,62,health,False,False,-1,-9.0,-9.0,23114,6.990443020249022,-1.935022685544903,3.9317698,18.435081,-1,-9.0,-9.0,-9.0,-9.0,-9.0,0.0,0.0,0.0,0.0,0.0,0.0,0.0,0.0,0,0,False,,N,True,,0,0,0,6,1,0,1,0,0,0,0,0,0,2194,0,6,0,0,1,1
854,35.0,1.0,1,1,3,1,13,55.0,False,0,True,True,False,1077,0.8835602539342494,0.7738619656841317,9000,military,False,True,-1,-9.0,-9.0,-1,-9.0,-9.0,-9.0,0.0,5878,10.18612322308616,-2.7841312018396867,11.366224,6.0,28.099182,62.783916,0.0,0.0,28.099182,28.099182,0.0,0.0,0.0,0,0,False,2_3_days_week,N,True,,0,0,0,89,1,1,0,0,0,0,0,0,0,2195,1,0,1,40,1,1
854,30.0,2.0,2,3,2,3,13,31.0,True,4,False,False,False,1077,1.987629204744105,0.5815704055691794,62,health,False,False,-1,-9.0,-9.0,19370,6.574965734304247,-6.783306900749621,14.840831,41.124535,-1,-9.0,-9.0,-9.0,-9.0,-9.0,0.0,0.0,0.0,0.0,0.0,0.0,0.0,0.0,0,1,False,,N,True,,0,0,0,1,1,0,0,0,0,1,0,0,0,2196,0,6,0,0,1,1
855,35.0,1.0,1,1,3,1,13,55.0,False,0,True,True,False,1077,1.208490192000913,1.4750064247151269,9000,military,False,True,-1,-9.0,-9.0,-1,-9.0,-9.0,-9.0,0.0,1380,9.646625963091044,-4.848082863481517,19.766335,6.0,50.30306,104.463715,0.0,0.0,50.30306,50.30306,0.0,0.0,0.0,0,0,True,No_Telecommute,M,True,work1,1,1,0,0,0,0,0,0,0,0,0,0,0,2197,1,0,1,40,1,1
855,30.0,2.0,2,3,2,3,13,31.0,True,4,False,False,False,1077,0.1860514953668877,0.9064362877662506,62,health,False,False,-1,-9.0,-9.0,23114,7.655062933082204,-0.2273505672937125,3.9317698,18.435081,-1,-9.0,-9.0,-9.0,-9.0,-9.0,0.0,0.0,0.0,0.0,0.0,0.0,0.0,0.0,0,0,False,,N,True,,0,0,0,14,3,0,0,0,1,2,0,0,1,2198,0,6,0,0,1,1
856,41.0,1.0,2,1,3,1,13,11.0,False,0,True,True,False,1077,1.1109399487636369,0.5229139309909661,92,mngt_busi_scic_arts,False,True,-1,-9.0,-9.0,-1,-9.0,-9.0,-9.0,0.0,23054,10.39580510468683,-3.688232763738835,8.074479,6.0,25.08322,50.364723,0.0,5.666,25.08322,25.08322,0.0,0.0,0.0,1,0,False,No_Telecommute,M,True,work1,1,1,0,0,0,0,0,0,0,0,0,0,0,2199,0,0,1,36,9,2
856,38.0,2.0,2,1,3,1,13,13.0,False,0,True,True,False,1077,0.5842230160123282,1.0132857583807862,92,mngt_busi_scic_arts,False,True,-1,-9.0,-9.0,-1,-9.0,-9.0,-9.0,0.0,23069,11.562943783859952,-2.0486799563885927,10.253042,6.0,24.449715,48.78092,0.0,0.0,27.496244,23.847855,0.0,0.0,3.6483898,0,1,True,No_Telecommute,N,True,,0,0,0,89,1,1,0,0,0,0,0,0,0,2200,0,0,1,40,9,2
857,41.0,1.0,2,1,3,1,13,11.0,False,0,True,False,False,1077,0.7176989688407492,0.7094858189001704,92,mngt_busi_scic_arts,True,False,-1,-9.0,-9.0,-1,-9.0,-9.0,-9.0,0.0,-1,-9.0,-9.0,-9.0,-9.0,-9.0,0.0,0.0,0.0,0.0,0.0,0.0,0.0,0.0,0,0,False,,N,True,,0,0,0,35,1,0,0,1,0,0,0,0,0,2201,0,0,1,36,9,2
857,38.0,2.0,2,1,3,1,13,13.0,False,0,True,True,False,1077,0.6189083605776309,0.7286593228274456,92,mngt_busi_scic_arts,False,True,-1,-9.0,-9.0,-1,-9.0,-9.0,-9.0,0.0,18376,11.510885486891452,-1.7728853103897748,7.3349214,7.0,18.207283,37.636612,0.0,0.0,18.7563,18.207283,0.0,0.0,0.54901695,1,1,False,No_Telecommute,N,True,,0,0,0,19,3,0,1,0,1,1,0,0,0,2202,0,0,1,40,9,2
858,43.0,1.0,2,3,3,4,13,0.0,False,0,False,False,False,1077,0.9504222716017348,1.5024589698909632,0,,False,False,-1,-9.0,-9.0,-1,-9.0,-9.0,-9.0,0.0,-1,-9.0,-9.0,-9.0,-9.0,-9.0,0.0,0.0,0.0,0.0,0.0,0.0,0.0,0.0,0,0,False,,N,True,,0,0,0,66,2,0,0,2,0,0,0,1,0,2203,0,0,0,0,1,2
859,39.0,1.0,2,1,3,1,13,25.0,False,0,True,True,False,1077,1.7248545527235692,1.108417082957475,61,services,False,True,-1,-9.0,-9.0,-1,-9.0,-9.0,-9.0,0.0,2965,9.499089187767964,-2.639493814503385,2.5359578,6.0,7.9310927,16.232931,0.0,6.459,8.466877,7.9310927,0.0,0.0,0.53578424,0,1,False,No_Telecommute,M,True,work1,1,1,0,0,0,0,0,0,0,0,0,0,0,2204,0,0,1,50,1,1
859,61.0,2.0,1,3,3,4,13,41.0,False,0,False,False,False,1077,1.0358325442590133,0.4774319868754961,45,sales_office,False,False,-1,-9.0,-9.0,-1,-9.0,-9.0,-9.0,0.0,-1,-9.0,-9.0,-9.0,-9.0,-9.0,0.0,0.0,0.0,0.0,0.0,0.0,0.0,0.0,0,0,False,,N,True,,0,0,0,6,1,0,1,0,0,0,0,0,0,2205,0,0,0,0,2,1
860,60.0,1.0,2,3,3,4,13,43.0,False,0,False,False,False,1077,1.1030778966303212,0.7942333135812852,92,sales_office,False,False,-1,-9.0,-9.0,-1,-9.0,-9.0,-9.0,0.0,-1,-9.0,-9.0,-9.0,-9.0,-9.0,0.0,0.0,0.0,0.0,0.0,0.0,0.0,0.0,0,0,False,,N,True,,0,0,0,8,3,0,1,0,0,2,0,0,1,2206,0,0,0,0,2,1
860,65.0,2.0,1,3,3,5,13,0.0,False,0,False,False,False,1077,0.5918672504225296,0.938233521790611,0,,False,False,-1,-9.0,-9.0,-1,-9.0,-9.0,-9.0,0.0,-1,-9.0,-9.0,-9.0,-9.0,-9.0,0.0,0.0,0.0,0.0,0.0,0.0,0.0,0.0,0,0,False,,N,True,,0,0,0,35,1,0,0,1,0,0,0,0,0,2207,0,0,0,0,2,1
861,61.0,2.0,1,1,3,1,13,35.0,False,0,True,True,False,1077,0.3465154543211518,0.6419651414843681,722,services,False,True,-1,-9.0,-9.0,-1,-9.0,-9.0,-9.0,0.0,8687,12.184991639508508,-3.530504094965728,34.626595,3.0,63.441063,124.46074,0.0,0.0,63.441063,62.876743,0.0,0.0,0.5643196,0,0,True,No_Telecommute,M,True,work1,1,1,0,0,0,0,0,0,0,0,0,0,0,2209,0,0,5,40,2,1
862,30.0,1.0,2,3,3,4,13,0.0,False,0,False,False,False,1077,1.316206412766537,0.9036329605819704,0,,False,False,-1,-9.0,-9.0,-1,-9.0,-9.0,-9.0,0.0,-1,-9.0,-9.0,-9.0,-9.0,-9.0,0.0,0.0,0.0,0.0,0.0,0.0,0.0,0.0,0,0,False,,N,True,,0,0,0,6,1,0,1,0,0,0,0,0,0,2211,0,0,0,0,1,2
862,34.0,2.0,1,1,3,1,13,47.0,False,0,True,True,False,1077,1.678124673557466,0.5121833016673196,23,constr_maint,False,True,-1,-9.0,-9.0,-1,-9.0,-9.0,-9.0,0.0,18871,9.490195061952427,-6.388694110388316,10.470629,6.0,31.585516,62.705605,0.0,0.0,31.585516,31.404291,0.0,0.0,0.18122482,0,0,False,1_day_week,M,True,work1,1,1,0,0,0,0,0,0,0,0,0,0,0,2212,0,0,1,60,1,2
863,33.0,1.0,2,1,3,1,13,13.0,False,0,True,True,False,1077,0.3450911220306352,1.127473380792618,52,mngt_busi_scic_arts,False,True,-1,-9.0,-9.0,-1,-9.0,-9.0,-9.0,0.0,23052,11.917816424919508,-1.154904276364983,8.074479,6.0,25.08322,50.364723,0.0,5.762,25.08322,25.08322,0.0,0.0,0.0,0,0,False,No_Telecommute,M,True,work1,1,1,0,0,0,0,0,0,0,0,0,0,0,2213,0,0,1,40,8,2
864,54.0,1.0,1,1,3,1,13,21.0,False,0,True,True,False,1077,0.7966249876647928,0.4482001957720222,9000,mngt_busi_scic_arts,False,True,-1,-9.0,-9.0,-1,-9.0,-9.0,-9.0,0.0,14290,11.226042400503529,-5.570503909541915,28.323885,3.0,60.155304,116.204926,0.0,0.0,60.155304,58.1218,0.0,0.0,2.0335045,0,1,True,No_Telecommute,M,True,work1,1,1,0,0,0,0,0,0,0,0,0,0,0,2216,1,0,1,40,2,1
864,56.0,2.0,2,3,3,4,13,0.0,False,0,False,False,False,1077,2.8173465484606046,0.8109418977090695,0,,False,False,-1,-9.0,-9.0,-1,-9.0,-9.0,-9.0,0.0,-1,-9.0,-9.0,-9.0,-9.0,-9.0,0.0,0.0,0.0,0.0,0.0,0.0,0.0,0.0,0,0,False,,N,True,,0,0,0,4,2,0,0,0,0,1,1,0,1,2217,0,0,0,0,2,1
865,29.0,1.0,1,1,3,1,13,55.0,False,0,True,True,False,1077,0.4602355997569137,1.2291772684988458,9000,military,False,True,-1,-9.0,-9.0,-1,-9.0,-9.0,-9.0,0.0,5878,10.4862919935859,-1.848490715636877,11.366224,6.0,28.099182,62.783916,0.0,0.0,28.099182,28.099182,0.0,0.0,0.0,0,0,True,No_Telecommute,N,True,,0,0,0,187,5,3,0,1,1,0,0,1,0,2218,1,0,1,50,9,2
865,30.0,2.0,2,2,3,2,13,35.0,False,0,True,True,False,1077,0.7149129317984798,0.7736063776801704,722,services,False,True,-1,-9.0,-9.0,-1,-9.0,-9.0,-9.0,0.0,16368,10.155458930610417,-0.8796907740887336,3.394972,6.0,8.484377,17.133865,0.0,0.0,8.484377,8.484377,0.0,0.0,0.0,0,0,False,No_Telecommute,N,True,,0,0,1,0,1,1,0,1,0,0,0,0,0,2219,0,0,6,24,1,1
865,14.0,3.0,2,4,1,7,0,0.0,True,2,False,False,False,1077,0.8374056767702458,3.2031713318681634,0,,False,False,-1,-9.0,-9.0,7296,6.27559456952689,0.8741247918375448,1.0689771,7.355773,-1,-9.0,-9.0,-9.0,-9.0,-9.0,0.0,0.0,0.0,0.0,0.0,0.0,0.0,0.0,0,0,False,,M,True,school1,1,0,0,0,0,0,0,0,0,0,0,0,0,2220,0,2,0,0,9,2
866,29.0,1.0,1,1,3,1,13,55.0,False,0,True,True,False,1077,0.7904223294351995,0.3795006633018368,9000,military,False,True,-1,-9.0,-9.0,-1,-9.0,-9.0,-9.0,0.0,1380,10.147075138772747,-3.755752133672599,19.766335,6.0,50.30306,104.463715,0.0,0.0,50.30306,50.30306,0.0,0.0,0.0,0,0,True,No_Telecommute,M,True,work1,1,1,1,0,0,0,0,0,1,0,0,0,0,2224,1,0,1,50,9,2
866,30.0,2.0,2,2,3,2,13,35.0,False,0,True,True,False,1077,2.107050216304549,0.8873836230393117,722,services,False,True,-1,-9.0,-9.0,-1,-9.0,-9.0,-9.0,0.0,13130,8.800405732231885,-1.2929213207450556,0.8883534,6.0,3.0943582,6.452878,0.0,0.0,3.0943582,3.0943582,0.0,0.0,0.0,0,0,False,No_Telecommute,M,True,work1,1,1,1,156,3,3,0,0,0,0,0,0,0,2225,0,0,6,24,1,1
866,4.0,4.0,2,4,1,8,0,0.0,True,1,False,False,False,1077,2.352834585179308,0.9785821314319574,0,,False,False,-1,-9.0,-9.0,16302,8.272855309639075,-3.2698969779686538,5.5527782,24.181385,-1,-9.0,-9.0,-9.0,-9.0,-9.0,0.0,0.0,0.0,0.0,0.0,0.0,0.0,0.0,0,0,False,,N,True,,0,0,0,89,1,1,0,0,0,0,0,0,0,2227,0,0,0,0,9,2
866,2.0,5.0,2,4,1,8,0,0.0,True,1,False,False,False,1077,0.6744854716597145,1.4941458545918425,0,,False,False,-1,-9.0,-9.0,24011,7.068977816851133,0.4718368267990812,3.005271,12.91309,-1,-9.0,-9.0,-9.0,-9.0,-9.0,0.0,0.0,0.0,0.0,0.0,0.0,0.0,0.0,0,0,False,,M,True,school1,1,0,0,0,0,0,0,0,0,0,0,0,0,2228,0,0,0,0,9,2
866,1.0,6.0,2,4,1,8,0,0.0,True,1,False,False,False,1077,0.9645273464347524,0.3598873897659377,0,,False,False,-1,-9.0,-9.0,23910,6.343404836329283,3.262386549086895,0.6699319,4.4331646,-1,-9.0,-9.0,-9.0,-9.0,-9.0,0.0,0.0,0.0,0.0,0.0,0.0,0.0,0.0,0,0,False,,M,True,school1,1,0,0,0,0,0,0,0,0,0,0,0,0,2229,0,0,0,0,9,2
867,52.0,2.0,1,1,3,1,13,51.0,False,0,True,True,False,1077,1.364263822297306,0.7920052340278745,22,prod_trans_move,False,True,-1,-9.0,-9.0,-1,-9.0,-9.0,-9.0,0.0,15626,10.18628740813588,-5.972592487004534,14.343836,6.0,31.020754,62.162437,0.0,0.0,31.020754,30.418894,0.0,0.0,0.60186005,0,0,False,No_Telecommute,M,True,work1,1,1,0,0,0,0,0,0,0,0,0,0,0,2231,0,0,1,40,9,2
868,38.0,1.0,2,1,3,1,13,27.0,False,0,True,True,False,1077,1.0827711575147387,0.732934073545358,71,mngt_busi_scic_arts,False,True,-1,-9.0,-9.0,-1,-9.0,-9.0,-9.0,0.0,14361,10.74776378019501,-5.198248949502041,17.086351,6.0,40.574398,78.02864,0.0,0.264,40.574398,40.574398,0.0,0.0,0.0,0,0,True,No_Telecommute,M,True,work1,1,1,0,0,0,0,0,0,0,0,0,0,0,2232,0,0,5,35,1,1
868,46.0,2.0,1,3,3,4,13,11.0,False,0,False,False,False,1077,0.8753449257404144,0.7113027579188603,71,mngt_busi_scic_arts,False,False,-1,-9.0,-9.0,-1,-9.0,-9.0,-9.0,0.0,-1,-9.0,-9.0,-9.0,-9.0,-9.0,0.0,0.0,0.0,0.0,0.0,0.0,0.0,0.0,0,0,False,,N,True,,0,0,0,13,2,0,0,0,1,1,0,0,0,2233,0,0,6,25,1,1
869,51.0,1.0,2,1,3,1,13,29.0,False,0,True,True,False,1077,0.4332630403554947,1.7511694914881712,92,health,False,True,-1,-9.0,-9.0,-1,-9.0,-9.0,-9.0,0.0,15286,11.337693759385758,-1.8245890336488084,13.769497,6.0,31.013618,62.603516,0.0,0.0,31.013618,30.411758,0.0,0.0,0.60186005,0,1,True,1_day_week,M,True,work1,1,1,0,0,0,0,0,0,0,0,0,0,0,2234,0,0,1,40,9,2
869,55.0,2.0,2,1,3,1,13,25.0,False,0,True,True,False,1077,1.0823639283268929,0.784137912893757,61,services,False,True,-1,-9.0,-9.0,-1,-9.0,-9.0,-9.0,0.0,10543,10.61397679127277,-5.016380180121279,18.582214,3.0,39.74536,78.52446,0.0,0.0,39.74536,39.14349,0.0,0.0,0.6018715,0,0,False,No_Telecommute,M,True,work1,1,1,0,0,0,0,0,0,0,0,0,0,0,2235,0,0,1,40,9,2
870,47.0,1.0,1,1,3,1,13,55.0,False,0,True,True,False,1077,0.6539703371326842,1.3410766364039692,9000,military,False,True,-1,-9.0,-9.0,-1,-9.0,-9.0,-9.0,0.0,1380,10.398232059285617,-2.908595466566368,19.766335,6.0,50.30306,104.463715,0.0,0.0,50.30306,50.30306,0.0,0.0,0.0,0,0,False,No_Telecommute,N,True,,0,0,1,0,0,0,0,1,0,0,0,0,0,2236,1,0,1,50,1,1
870,50.0,2.0,2,3,3,4,13,25.0,False,0,False,False,False,1077,0.5082250965283112,0.8369924012362657,44,services,False,False,-1,-9.0,-9.0,-1,-9.0,-9.0,-9.0,0.0,-1,-9.0,-9.0,-9.0,-9.0,-9.0,0.0,0.0,0.0,0.0,0.0,0.0,0.0,0.0,0,0,False,,N,True,,0,0,1,19,3,0,1,0,1,1,0,0,0,2237,0,0,0,0,1,1
871,45.0,1.0,1,3,2,3,13,39.0,True,4,False,False,False,1077,0.3306158400506735,1.0923075321510176,71,services,False,False,-1,-9.0,-9.0,23114,7.515466850782501,-0.6664895623769146,3.9317698,18.435081,-1,-9.0,-9.0,-9.0,-9.0,-9.0,0.0,0.0,0.0,0.0,0.0,0.0,0.0,0.0,0,0,False,,M,True,school1,1,0,0,0,0,0,0,0,0,0,0,0,0,2238,0,6,3,40,1,1
872,63.0,1.0,2,3,3,4,13,15.0,False,0,False,False,False,1077,0.8211095309563936,2.7402459091977898,56,mngt_busi_scic_arts,False,False,-1,-9.0,-9.0,-1,-9.0,-9.0,-9.0,0.0,-1,-9.0,-9.0,-9.0,-9.0,-9.0,0.0,0.0,0.0,0.0,0.0,0.0,0.0,0.0,0,0,False,,N,True,,0,0,0,1,1,0,0,0,0,1,0,0,0,2239,0,0,0,0,1,1
873,64.0,1.0,1,3,3,4,13,0.0,False,0,False,False,False,1077,0.5251224384654866,0.9527594395421743,0,,False,False,-1,-9.0,-9.0,-1,-9.0,-9.0,-9.0,0.0,-1,-9.0,-9.0,-9.0,-9.0,-9.0,0.0,0.0,0.0,0.0,0.0,0.0,0.0,0.0,0,0,False,,N,True,,0,0,0,1,1,0,0,0,0,1,0,0,0,2240,0,0,0,0,2,1
874,36.0,1.0,2,1,3,1,13,19.0,False,0,True,True,False,1077,0.6149281317400868,0.9306472129229644,92,mngt_busi_scic_arts,False,True,-1,-9.0,-9.0,-1,-9.0,-9.0,-9.0,0.0,8091,11.492679022288325,-4.094970318895966,26.3381,3.0,54.79951,104.92568,0.0,5.667,54.79951,53.39189,0.0,0.0,1.4076195,0,0,True,No_Telecommute,N,True,,0,0,0,24,4,2,0,0,2,0,0,1,0,2241,0,0,1,40,1,2
874,17.0,2.0,2,3,1,6,0,0.0,True,3,False,False,False,1077,1.458100863383741,0.7795996528625155,0,,False,False,-1,-9.0,-9.0,22211,5.612926804539962,-6.997137424164604,78.79088,225.94968,-1,-9.0,-9.0,-9.0,-9.0,-9.0,0.0,0.0,0.0,0.0,0.0,0.0,0.0,0.0,0,0,False,,M,True,school1,1,0,0,0,0,0,0,0,0,0,0,0,0,2242,0,5,0,0,8,2
874,13.0,3.0,2,4,1,7,0,0.0,True,2,False,False,False,1077,0.3623819484775589,0.279487708771687,0,,False,False,-1,-9.0,-9.0,18706,4.094952826544339,-3.329064614835955,9.807646,41.852238,-1,-9.0,-9.0,-9.0,-9.0,-9.0,0.0,0.0,0.0,0.0,0.0,0.0,0.0,0.0,0,0,False,,M,True,school1,1,0,0,0,0,0,0,0,0,0,0,0,0,2243,0,2,0,0,8,2
875,36.0,1.0,2,1,3,1,13,19.0,False,0,True,True,False,1077,1.0034138103111154,0.4815393175669544,92,mngt_busi_scic_arts,False,True,-1,-9.0,-9.0,-1,-9.0,-9.0,-9.0,0.0,15862,10.78794389588274,-3.398945377118412,11.970279,6.0,24.820166,50.20303,0.0,0.0,24.820166,24.218306,0.0,0.0,0.60186005,0,0,False,4_days_week,M,True,work1,1,1,0,1,1,0,0,0,0,1,0,0,0,2244,0,0,1,40,1,2
875,17.0,2.0,2,3,1,6,0,0.0,True,3,False,False,False,1077,0.5982287504031523,2.0439361110804177,0,,False,False,-1,-9.0,-9.0,6452,9.405214271309704,-3.34997553223455,38.778973,84.53741,-1,-9.0,-9.0,-9.0,-9.0,-9.0,0.0,0.0,0.0,0.0,0.0,0.0,0.0,0.0,0,0,False,,M,True,school1,1,0,0,0,0,0,0,0,0,0,0,0,0,2245,0,5,0,0,8,2
875,13.0,3.0,2,4,1,7,0,0.0,True,2,False,False,False,1077,0.4815475920249413,1.4401561084470151,0,,False,False,-1,-9.0,-9.0,16315,6.485102341661749,1.2985556852906732,3.0873775,13.3228035,-1,-9.0,-9.0,-9.0,-9.0,-9.0,0.0,0.0,0.0,0.0,0.0,0.0,0.0,0.0,0,0,False,,M,True,school1,1,0,0,0,0,0,0,0,0,0,0,0,0,2246,0,2,0,0,8,2
876,48.0,1.0,2,1,3,1,13,11.0,False,0,True,True,False,1077,0.6275596604678271,0.4044112062327594,32,mngt_busi_scic_arts,False,True,-1,-9.0,-9.0,-1,-9.0,-9.0,-9.0,0.0,6607,11.480544795970092,-3.0309177336830424,16.602465,6.0,39.90589,76.184875,0.0,0.0,39.90589,39.90589,0.0,0.0,0.0,0,1,False,No_Telecommute,M,True,work1,1,1,0,0,0,0,0,0,0,0,0,0,0,2247,0,0,1,40,1,1
877,74.0,1.0,2,3,3,5,13,0.0,False,0,False,False,False,1170,0.6093214986580261,1.258051569556726,0,,False,False,-1,-9.0,-9.0,-1,-9.0,-9.0,-9.0,0.0,-1,-9.0,-9.0,-9.0,-9.0,-9.0,0.0,0.0,0.0,0.0,0.0,0.0,0.0,0.0,0,0,False,,N,True,,0,0,0,1,1,0,0,0,0,1,0,0,0,2248,0,0,0,0,1,2
878,75.0,1.0,2,3,3,5,13,41.0,False,0,False,False,False,1170,0.457893463691518,0.5039002981681072,53,sales_office,False,False,-1,-9.0,-9.0,-1,-9.0,-9.0,-9.0,0.0,-1,-9.0,-9.0,-9.0,-9.0,-9.0,0.0,0.0,0.0,0.0,0.0,0.0,0.0,0.0,0,0,False,,N,True,,0,0,0,12,1,0,0,0,1,0,0,0,0,2249,0,0,0,0,1,1
879,44.0,1.0,2,1,3,1,13,41.0,False,0,True,True,False,1170,1.8523768000739156,1.1957379554099117,44,sales_office,False,True,-1,-9.0,-9.0,-1,-9.0,-9.0,-9.0,0.0,229,9.554740914800346,-0.9952726231707713,0.36923322,6.0,1.1836796,2.1514885,0.0,6.942,1.1836796,1.1836796,0.0,0.0,0.0,0,0,True,No_Telecommute,N,True,,0,0,1,1,1,0,0,0,0,1,1,0,1,2250,0,0,1,50,8,2
879,46.0,2.0,1,1,3,1,13,53.0,False,0,True,True,False,1170,2.5340115392997165,0.5426995717637971,92,prod_trans_move,False,True,-1,-9.0,-9.0,-1,-9.0,-9.0,-9.0,0.0,3430,8.830654357819201,-1.490635678866196,0.5023671,6.0,1.989444,3.6011481,0.0,6.651,1.989444,1.989444,0.0,0.0,0.0,1,0,True,No_Telecommute,M,True,work1,1,1,1,0,0,0,0,0,0,0,0,0,0,2251,0,6,1,40,8,2
880,34.0,1.0,2,1,3,1,13,41.0,False,0,True,True,False,1170,1.0204063642278691,1.3855315322760309,33,sales_office,False,True,-1,-9.0,-9.0,-1,-9.0,-9.0,-9.0,0.0,19718,10.920565111590989,-3.846707378545561,14.405098,7.0,26.541079,51.322838,0.0,0.0,26.541079,26.097794,0.0,0.0,0.443285,0,0,True,1_day_week,M,True,work1,1,1,0,0,3,3,0,0,0,0,0,0,0,2252,0,0,1,40,1,2
880,16.0,2.0,2,3,1,6,0,0.0,True,3,False,False,False,1170,0.2594260403212577,0.4139462871305422,0,,False,False,-1,-9.0,-9.0,7211,10.22969119918976,4.380026275066058,1.0701135,8.738756,-1,-9.0,-9.0,-9.0,-9.0,-9.0,0.0,0.0,0.0,0.0,0.0,0.0,0.0,0.0,0,0,False,,M,True,school1,1,0,0,0,0,0,0,0,0,0,0,0,0,2253,0,5,0,0,1,2
880,15.0,3.0,2,4,1,7,0,0.0,True,3,False,False,False,1170,0.7940029029458094,0.7627288617496542,0,,False,False,-1,-9.0,-9.0,7004,10.17527118396136,5.752679141371958,0.71042335,5.948258,-1,-9.0,-9.0,-9.0,-9.0,-9.0,0.0,0.0,0.0,0.0,0.0,0.0,0.0,0.0,0,0,False,,M,True,school1,1,0,0,0,0,0,0,0,0,0,0,0,0,2254,0,5,0,0,1,2
880,14.0,4.0,2,4,1,7,0,0.0,True,2,False,False,False,1170,0.4638848423361356,1.4009242406007,0,,False,False,-1,-9.0,-9.0,5878,4.224967058816495,2.912758128350309,9.748453,36.317413,-1,-9.0,-9.0,-9.0,-9.0,-9.0,0.0,0.0,0.0,0.0,0.0,0.0,0.0,0.0,0,0,False,,M,True,school1,1,0,0,0,0,0,0,0,0,0,0,0,0,2255,0,5,0,0,1,2
880,12.0,5.0,1,4,1,7,0,0.0,True,2,False,False,False,1170,0.4615593966881001,0.9943991599509874,0,,False,False,-1,-9.0,-9.0,11793,7.149932243540214,5.300679486093037,0.9020399,5.785059,-1,-9.0,-9.0,-9.0,-9.0,-9.0,0.0,0.0,0.0,0.0,0.0,0.0,0.0,0.0,0,0,False,,M,True,school1,1,0,0,1,1,0,0,0,0,1,0,0,0,2256,0,2,0,0,1,2
880,8.0,6.0,1,4,1,7,0,0.0,True,2,False,False,False,1170,0.5156341204345556,1.083001502190276,0,,False,False,-1,-9.0,-9.0,23872,6.9472542506995,4.733343784365968,1.0843015,7.8614616,-1,-9.0,-9.0,-9.0,-9.0,-9.0,0.0,0.0,0.0,0.0,0.0,0.0,0.0,0.0,0,0,False,,M,True,school1,1,0,0,0,0,0,0,0,0,0,0,0,0,2257,0,2,0,0,1,2
882,65.0,1.0,2,3,3,5,13,0.0,False,0,False,False,False,1170,1.1325071234590622,2.457037174638519,0,,False,False,-1,-9.0,-9.0,-1,-9.0,-9.0,-9.0,0.0,-1,-9.0,-9.0,-9.0,-9.0,-9.0,0.0,0.0,0.0,0.0,0.0,0.0,0.0,0.0,0,0,False,,N,True,,0,0,0,1,1,0,0,0,0,1,0,0,0,2259,0,0,0,0,1,2
882,37.0,2.0,2,1,3,1,13,41.0,False,0,True,True,False,1170,0.5163066814524168,0.6414439974193841,4000,sales_office,False,True,-1,-9.0,-9.0,-1,-9.0,-9.0,-9.0,0.0,18636,11.735682503872608,-1.9664560761076613,10.796015,7.0,20.202618,39.283737,0.0,0.0,20.202618,19.727198,0.0,0.0,0.47542,0,0,True,No_Telecommute,M,True,work1,1,1,0,0,0,0,0,0,0,0,0,0,0,2260,0,0,1,35,1,2
885,35.0,1.0,2,3,3,4,13,0.0,False,0,False,False,False,1170,0.2245977453337221,1.3713209362109942,0,,False,False,-1,-9.0,-9.0,-1,-9.0,-9.0,-9.0,0.0,-1,-9.0,-9.0,-9.0,-9.0,-9.0,0.0,0.0,0.0,0.0,0.0,0.0,0.0,0.0,0,0,False,,N,True,,0,0,1,0,5,5,0,0,1,0,0,0,0,2263,0,0,0,0,1,1
885,15.0,2.0,2,4,1,7,0,0.0,True,3,False,False,False,1170,0.7848616324752198,0.3693934110477525,0,,False,False,-1,-9.0,-9.0,7211,18.08827784257499,35.963012775212,1.0701135,8.738756,-1,-9.0,-9.0,-9.0,-9.0,-9.0,0.0,0.0,0.0,0.0,0.0,0.0,0.0,0.0,0,0,False,,M,True,school1,1,0,0,0,0,0,0,0,0,0,0,0,0,2264,0,5,0,0,1,1
885,12.0,3.0,1,4,1,7,0,0.0,True,2,False,False,False,1170,1.2015249605657088,1.4957164462752637,0,,False,False,-1,-9.0,-9.0,16042,15.68652059244724,33.70029406754487,4.9292407,18.25075,-1,-9.0,-9.0,-9.0,-9.0,-9.0,0.0,0.0,0.0,0.0,0.0,0.0,0.0,0.0,0,0,False,,M,True,school1,1,0,0,0,0,0,0,0,0,0,0,0,0,2265,0,2,0,0,1,1
885,10.0,4.0,2,4,1,7,0,0.0,True,2,False,False,False,1170,0.750724013575386,2.017465019126625,0,,False,False,-1,-9.0,-9.0,23268,16.12736847985475,35.035344310807524,3.7092881,13.323158,-1,-9.0,-9.0,-9.0,-9.0,-9.0,0.0,0.0,0.0,0.0,0.0,0.0,0.0,0.0,0,0,False,,M,True,school1,1,0,1,0,0,0,0,0,0,0,0,0,0,2266,0,2,0,0,1,1
885,4.0,5.0,2,4,1,8,0,0.0,True,1,False,False,False,1170,0.5129468046011684,0.759557205326604,0,,False,False,-1,-9.0,-9.0,7574,23.88350120104292,36.4023561806339,1.1395602,7.452289,-1,-9.0,-9.0,-9.0,-9.0,-9.0,0.0,0.0,0.0,0.0,0.0,0.0,0.0,0.0,0,0,False,,N,True,,0,0,1,156,2,2,0,0,0,0,0,0,0,2267,0,0,0,0,1,1
886,73.0,1.0,2,3,3,5,13,99.0,False,0,False,False,False,1170,0.4390173636226018,0.6185338558495174,99,,False,False,-1,-9.0,-9.0,-1,-9.0,-9.0,-9.0,0.0,-1,-9.0,-9.0,-9.0,-9.0,-9.0,0.0,0.0,0.0,0.0,0.0,0.0,0.0,0.0,0,0,False,,N,True,,0,0,0,1,1,0,0,0,0,1,0,0,0,2269,0,0,0,0,1,1
888,39.0,1.0,1,1,3,1,13,23.0,False,0,True,True,False,1170,0.7385998026897477,1.9835653508541933,54,mngt_busi_scic_arts,False,True,-1,-9.0,-9.0,-1,-9.0,-9.0,-9.0,0.0,461,11.625292972546216,-5.560145161059995,40.533997,5.0,64.64733,126.760895,0.0,0.0,64.64733,62.813805,0.0,0.0,1.8335266,0,0,True,2_3_days_week,N,True,,0,0,0,6,1,0,1,0,0,0,0,0,0,2272,0,0,1,55,1,1
890,22.0,1.0,1,1,3,1,13,55.0,False,0,True,True,False,1170,0.47749120245445,0.7872369163804591,9000,military,False,True,-1,-9.0,-9.0,-1,-9.0,-9.0,-9.0,0.0,1380,10.867646753338274,-2.087244145551857,18.148563,6.0,47.04839,98.60381,0.0,0.0,47.04839,47.04839,0.0,0.0,0.0,0,0,True,No_Telecommute,N,True,,0,0,0,13,2,0,0,0,1,1,0,0,0,2275,1,6,1,45,1,2
892,29.0,1.0,2,1,3,1,13,41.0,False,0,True,True,False,1170,0.7023992335247392,1.42399580954969,56,sales_office,False,True,-1,-9.0,-9.0,-1,-9.0,-9.0,-9.0,0.0,19059,10.719834403986948,-2.4074845991023213,7.0137115,6.0,14.494177,30.037868,0.0,0.0,14.494177,14.494177,0.0,0.0,0.0,0,0,True,2_3_days_week,N,True,,0,0,0,7,2,0,1,0,0,1,0,0,0,2278,0,0,1,40,1,2
893,21.0,1.0,1,2,3,2,9,55.0,False,0,True,True,False,1170,1.0376863665483451,1.5280032539965052,9000,military,False,True,-1,-9.0,-9.0,-1,-9.0,-9.0,-9.0,0.0,7369,8.758997328299877,-1.739363004494113,2.859548,6.0,6.356077,16.428879,0.0,0.0,6.356077,6.356077,0.0,0.0,0.0,0,0,True,No_Telecommute,N,True,,0,0,1,0,0,0,1,0,0,0,0,0,0,2279,1,0,1,9,1,2
894,28.0,1.0,1,1,3,1,13,13.0,False,0,True,True,False,1170,1.849992024101169,0.6036590682718047,9000,mngt_busi_scic_arts,False,True,-1,-9.0,-9.0,-1,-9.0,-9.0,-9.0,0.0,229,9.711181060917507,-1.1553066051093366,0.36923322,6.0,1.1836796,2.1514885,0.0,6.942,1.1836796,1.1836796,0.0,0.0,0.0,0,1,True,No_Telecommute,M,True,work2,2,2,0,0,0,0,0,0,0,0,0,0,0,2281,1,0,1,60,9,2
894,28.0,2.0,2,1,3,1,13,25.0,False,0,True,True,False,1170,0.4375415135696953,1.6069829059973113,61,services,False,True,-1,-9.0,-9.0,-1,-9.0,-9.0,-9.0,0.0,2135,11.466061773303124,-4.232641566378607,29.150011,3.0,61.2981,120.2666,0.0,5.333,69.792435,61.2981,0.0,0.0,8.494335,1,1,True,No_Telecommute,M,True,work1,1,1,0,0,0,0,0,0,0,0,0,0,0,2282,0,0,1,40,9,2
895,35.0,1.0,2,1,3,1,13,13.0,False,0,True,True,False,1170,3.674169451044979,1.870490991130344,54,mngt_busi_scic_arts,False,True,-1,-9.0,-9.0,-1,-9.0,-9.0,-9.0,0.0,23863,7.904419720746072,-4.204982711373563,1.663966,6.0,6.0794654,12.215173,0.0,0.0,6.0794654,6.076673,0.0,0.0,0.0027923584,1,1,False,2_3_days_week,N,True,,0,0,1,112,3,1,0,0,2,0,1,1,0,2283,0,0,1,40,1,1
897,49.0,1.0,1,1,3,1,13,17.0,False,0,True,True,False,1170,0.7330921550269256,2.334642671112439,54,mngt_busi_scic_arts,False,True,-1,-9.0,-9.0,-1,-9.0,-9.0,-9.0,0.0,20325,11.318185820242732,-4.001302670209986,19.867725,7.0,36.099064,71.31825,0.0,0.0,36.099064,35.884495,0.0,0.0,0.21456909,0,1,True,2_3_days_week,M,True,work1,1,1,0,0,0,0,0,0,0,0,0,0,0,2286,0,0,1,40,6,1
897,42.0,2.0,2,2,3,2,13,31.0,False,0,True,True,False,1170,1.1882506398938557,0.7518213322318825,92,health,False,True,-1,-9.0,-9.0,-1,-9.0,-9.0,-9.0,0.0,16236,8.960078315248243,-2.5216450558696724,7.3921213,6.0,15.908883,35.555508,0.0,0.0,15.908883,15.417365,0.0,0.0,0.49151802,0,1,True,No_Telecommute,M,True,work1,1,1,0,0,0,0,0,0,0,0,0,0,0,2287,0,0,1,13,6,1
898,30.0,1.0,2,1,3,1,13,43.0,False,0,True,True,False,1170,0.9601912298879826,0.3343038444640472,33,sales_office,False,True,-1,-9.0,-9.0,-1,-9.0,-9.0,-9.0,0.0,2983,10.28664632744236,-4.351694054215056,12.902417,6.0,31.338879,63.276215,0.0,0.0,31.338879,31.162205,0.0,0.0,0.17667389,0,0,True,1_day_week,N,True,,0,0,0,12,1,0,0,0,1,0,0,0,0,2288,0,0,1,40,9,2
899,26.0,1.0,1,1,3,1,13,55.0,False,0,True,True,False,1170,1.1341798624281956,1.1170222007965134,9000,military,False,True,-1,-9.0,-9.0,-1,-9.0,-9.0,-9.0,0.0,5878,9.45012225893552,-3.27291442646108,9.748453,6.0,24.844515,53.880295,0.0,0.0,24.844515,24.844515,0.0,0.0,0.0,0,0,True,2_3_days_week,M,True,work1,1,1,0,0,0,0,0,0,0,0,0,0,0,2289,1,0,1,45,9,2
900,32.0,2.0,1,3,3,4,13,99.0,False,0,False,False,False,1170,1.6570925950050135,1.037088511010118,99,,False,False,-1,-9.0,-9.0,-1,-9.0,-9.0,-9.0,0.0,-1,-9.0,-9.0,-9.0,-9.0,-9.0,0.0,0.0,0.0,0.0,0.0,0.0,0.0,0.0,0,0,False,,N,True,,0,0,0,1,1,0,0,0,0,1,0,0,0,2291,0,0,0,0,1,1
902,35.0,1.0,1,1,3,1,13,55.0,False,0,True,True,False,1170,1.1554613972800862,0.7307219785986575,9000,military,False,True,-1,-9.0,-9.0,-1,-9.0,-9.0,-9.0,0.0,1380,9.884115373745578,-4.224364246281146,18.148563,6.0,47.04839,98.60381,0.0,0.0,47.04839,47.04839,0.0,0.0,0.0,0,0,False,No_Telecommute,N,True,,0,0,0,12,1,0,0,0,1,0,0,0,0,2293,1,0,1,40,1,1
902,30.0,2.0,2,3,2,3,13,31.0,True,4,False,False,False,1170,0.3584558491254589,0.6712160627304695,62,health,False,False,-1,-9.0,-9.0,23114,7.304158324287294,-0.5799585459585904,7.137653,23.325596,-1,-9.0,-9.0,-9.0,-9.0,-9.0,0.0,0.0,0.0,0.0,0.0,0.0,0.0,0.0,0,0,False,,N,True,,0,0,0,35,1,0,0,1,0,0,0,0,0,2294,0,6,0,0,1,1
903,62.0,1.0,2,3,3,4,13,37.0,False,0,False,False,False,1170,0.6511181392976022,0.6821805798727636,56,services,False,False,-1,-9.0,-9.0,-1,-9.0,-9.0,-9.0,0.0,-1,-9.0,-9.0,-9.0,-9.0,-9.0,0.0,0.0,0.0,0.0,0.0,0.0,0.0,0.0,0,0,False,,N,True,,0,0,1,0,0,0,0,1,0,0,0,0,0,2295,0,0,5,2,9,2
903,66.0,2.0,1,2,3,2,13,47.0,False,0,True,True,False,1170,0.462753715894742,3.1284260518583227,23,constr_maint,False,True,-1,-9.0,-9.0,-1,-9.0,-9.0,-9.0,0.0,18272,9.376162995269542,-2.929211347426461,13.432362,7.0,27.91531,54.569088,0.0,0.0,27.91531,27.86606,0.0,0.0,0.04924965,0,0,True,2_3_days_week,M,True,work1,1,1,1,1,1,0,0,0,0,1,0,0,0,2296,0,0,4,24,9,2
904,40.0,1.0,1,1,3,1,13,43.0,False,0,True,True,False,1170,0.4794313585100276,0.4743201266245659,54,sales_office,False,True,-1,-9.0,-9.0,-1,-9.0,-9.0,-9.0,0.0,8216,12.061145744224303,-0.6154984816063299,2.5630949,6.0,8.126706,15.953243,0.0,0.0,8.126706,8.123914,0.0,0.0,0.0027923584,0,0,True,1_day_week,M,True,work2,2,2,0,3,1,0,0,0,0,0,1,0,0,2298,0,0,1,40,1,1
904,56.0,2.0,1,2,3,2,13,31.0,False,0,True,True,False,1170,0.539621274061091,0.4404885902321604,92,health,False,True,-1,-9.0,-9.0,-1,-9.0,-9.0,-9.0,0.0,23257,9.824167480950978,-1.51156998782869,4.7116413,6.0,12.704138,25.333612,0.0,0.0,12.704138,12.704138,0.0,0.0,0.0,0,0,True,4_days_week,N,True,,0,0,0,19,3,0,1,0,1,1,0,0,0,2299,0,0,1,33,2,1
904,72.0,3.0,2,3,3,5,13,0.0,False,0,False,False,False,1170,0.94122580667917,2.556508590087756,0,,False,False,-1,-9.0,-9.0,-1,-9.0,-9.0,-9.0,0.0,-1,-9.0,-9.0,-9.0,-9.0,-9.0,0.0,0.0,0.0,0.0,0.0,0.0,0.0,0.0,0,0,False,,N,True,,0,0,0,1,1,0,0,0,0,1,0,0,0,2300,0,0,0,0,2,1
905,48.0,1.0,1,1,3,1,13,41.0,False,0,True,True,False,1170,2.170926543693336,1.1820465800079747,52,sales_office,False,True,-1,-9.0,-9.0,-1,-9.0,-9.0,-9.0,0.0,2465,10.062871341466629,-0.7898581510011282,0.19206263,6.0,0.72111315,1.231029,0.0,5.797,0.72111315,0.72111315,0.0,0.0,0.0,0,0,False,1_day_week,M,True,work1,1,1,0,0,0,0,0,0,0,0,0,0,0,2301,0,0,1,55,8,2
906,64.0,1.0,2,3,3,4,13,0.0,False,0,False,False,False,1217,0.8807656578103655,0.1249318419677624,0,,False,False,-1,-9.0,-9.0,-1,-9.0,-9.0,-9.0,0.0,-1,-9.0,-9.0,-9.0,-9.0,-9.0,0.0,0.0,0.0,0.0,0.0,0.0,0.0,0.0,0,0,False,,N,True,,0,0,0,36,2,0,0,1,0,1,0,0,0,2302,0,0,0,0,1,1
907,44.0,1.0,2,1,3,1,13,41.0,False,0,True,False,False,1217,0.4594457370103311,1.0741915094465,44,sales_office,True,False,-1,-9.0,-9.0,-1,-9.0,-9.0,-9.0,0.0,-1,-9.0,-9.0,-9.0,-9.0,-9.0,0.0,0.0,0.0,0.0,0.0,0.0,0.0,0.0,0,0,False,,N,True,,0,0,0,6,1,0,1,0,0,0,0,0,0,2303,0,0,1,50,8,2
908,55.0,1.0,1,3,3,4,13,0.0,False,0,False,False,False,1217,1.1863842806661495,0.7704862400755067,0,,False,False,-1,-9.0,-9.0,-1,-9.0,-9.0,-9.0,0.0,-1,-9.0,-9.0,-9.0,-9.0,-9.0,0.0,0.0,0.0,0.0,0.0,0.0,0.0,0.0,0,0,False,,N,True,,0,0,0,25,3,0,0,0,2,1,0,1,0,2305,0,0,0,0,9,2
908,94.0,2.0,2,3,3,5,13,0.0,False,0,False,False,False,1217,0.7796090565926752,0.6080219975790678,0,,False,False,-1,-9.0,-9.0,-1,-9.0,-9.0,-9.0,0.0,-1,-9.0,-9.0,-9.0,-9.0,-9.0,0.0,0.0,0.0,0.0,0.0,0.0,0.0,0.0,0,1,False,,N,True,,0,0,0,12,1,0,0,0,1,0,0,0,0,2306,0,0,0,0,9,2
908,88.0,3.0,1,3,3,5,13,0.0,False,0,False,False,False,1217,0.5722244537905966,1.0212281135346075,0,,False,False,-1,-9.0,-9.0,-1,-9.0,-9.0,-9.0,0.0,-1,-9.0,-9.0,-9.0,-9.0,-9.0,0.0,0.0,0.0,0.0,0.0,0.0,0.0,0.0,0,0,False,,N,True,,0,0,0,66,2,0,0,2,0,0,0,1,0,2307,0,0,0,0,9,2
909,34.0,1.0,2,1,3,1,13,41.0,False,0,True,True,False,1217,0.589919551062875,1.2529708262522237,33,sales_office,False,True,-1,-9.0,-9.0,-1,-9.0,-9.0,-9.0,0.0,3243,11.730165951850315,-5.045221662843394,36.670517,2.0,63.408234,126.37412,0.0,8.94,63.408234,62.231945,0.0,0.0,1.1762886,0,0,True,No_Telecommute,N,True,,0,0,0,113,9,6,0,0,2,1,0,1,0,2308,0,0,1,40,1,2
909,16.0,2.0,2,3,1,6,0,0.0,True,3,False,False,False,1217,1.0641726188532812,2.3449138474377764,0,,False,False,-1,-9.0,-9.0,7004,10.148603842762766,4.15235824058518,0.6421475,4.0103073,-1,-9.0,-9.0,-9.0,-9.0,-9.0,0.0,0.0,0.0,0.0,0.0,0.0,0.0,0.0,0,0,False,,M,True,school1,1,0,0,0,0,0,0,0,0,0,0,0,0,2309,0,5,0,0,1,2
909,15.0,3.0,2,4,1,7,0,0.0,True,3,False,False,False,1217,1.4200247956766667,1.0163258057218043,0,,False,False,-1,-9.0,-9.0,7004,10.085260576895822,4.882217408100099,0.6421475,4.0103073,-1,-9.0,-9.0,-9.0,-9.0,-9.0,0.0,0.0,0.0,0.0,0.0,0.0,0.0,0.0,0,0,False,,M,True,school1,1,0,0,0,0,0,0,0,0,0,0,0,0,2310,0,5,0,0,1,2
909,12.0,5.0,1,4,1,7,0,0.0,True,2,False,False,False,1217,0.2476269928682768,1.5414330832727494,0,,False,False,-1,-9.0,-9.0,7211,7.740847819948473,6.290360518174627,0.3803308,2.2819924,-1,-9.0,-9.0,-9.0,-9.0,-9.0,0.0,0.0,0.0,0.0,0.0,0.0,0.0,0.0,0,0,False,,M,True,school1,1,0,0,0,0,0,0,0,0,0,0,0,0,2312,0,2,0,0,1,2
909,8.0,6.0,1,4,1,7,0,0.0,True,2,False,False,False,1217,0.7970285687140487,0.4677909003723632,0,,False,False,-1,-9.0,-9.0,4962,7.248596771470816,5.855481581038894,0.3803308,2.2819924,-1,-9.0,-9.0,-9.0,-9.0,-9.0,0.0,0.0,0.0,0.0,0.0,0.0,0.0,0.0,0,0,False,,M,True,school1,1,0,0,6,1,0,1,0,0,0,0,0,0,2313,0,2,0,0,1,2
910,62.0,1.0,1,3,3,4,13,23.0,False,0,False,False,False,1217,0.912330553219053,0.7088155801967271,54,mngt_busi_scic_arts,False,False,-1,-9.0,-9.0,-1,-9.0,-9.0,-9.0,0.0,-1,-9.0,-9.0,-9.0,-9.0,-9.0,0.0,0.0,0.0,0.0,0.0,0.0,0.0,0.0,0,0,False,,N,True,,0,0,0,101,2,1,0,0,1,0,0,0,0,2314,0,0,0,0,1,2
912,66.0,1.0,2,3,3,5,13,29.0,False,0,False,False,False,1217,1.2332393830415724,0.4878215645715019,62,health,False,False,-1,-9.0,-9.0,-1,-9.0,-9.0,-9.0,0.0,-1,-9.0,-9.0,-9.0,-9.0,-9.0,0.0,0.0,0.0,0.0,0.0,0.0,0.0,0.0,0,0,False,,N,True,,0,0,0,1,1,0,0,0,0,1,0,0,0,2316,0,0,0,0,1,1
913,32.0,1.0,1,1,3,1,13,33.0,False,0,True,False,True,1217,0.7312403153926009,1.1125125615065328,92,services,False,True,24333,5.251656276756599,-2.7052799626432096,-1,-9.0,-9.0,-9.0,0.0,24333,5.251656276756599,-2.7052799626432096,20.258041,-9.0,21.042528,42.366158,0.0,0.0,0.0,0.0,0.0,0.0,0.0,0,0,False,No_Telecommute,M,True,work1,1,1,0,0,0,0,0,0,0,0,0,0,0,2317,0,0,1,52,1,2
913,24.0,2.0,2,3,2,3,13,41.0,True,4,False,False,False,1217,1.473418174728114,0.6808054258002867,44,sales_office,False,False,-1,-9.0,-9.0,5313,6.827669455898789,1.3978083235554988,0.84038675,5.270445,-1,-9.0,-9.0,-9.0,-9.0,-9.0,0.0,0.0,0.0,0.0,0.0,0.0,0.0,0.0,0,0,False,,M,True,school1,1,0,0,101,2,1,0,0,1,0,0,0,0,2318,0,6,4,20,1,2
914,34.0,1.0,1,1,3,1,13,35.0,False,0,True,True,False,1217,0.8787897115650164,0.9521837344780972,722,services,False,True,-1,-9.0,-9.0,-1,-9.0,-9.0,-9.0,0.0,18973,11.451494522771023,-3.164513431721043,10.631934,6.0,24.333685,50.179123,0.0,0.0,27.263659,24.333685,0.0,0.0,2.9299736,0,1,False,No_Telecommute,M,True,work1,1,1,0,0,0,0,0,0,0,0,0,0,0,2319,0,0,1,40,1,1
914,34.0,2.0,2,1,3,1,13,35.0,False,0,True,True,False,1217,0.6760025775652925,1.004884238862639,722,services,False,True,-1,-9.0,-9.0,-1,-9.0,-9.0,-9.0,0.0,5313,11.36748477142672,-0.1534837187020048,0.84038675,6.0,2.426598,5.2930465,0.0,0.0,2.426598,2.426598,0.0,0.0,0.0,0,0,False,No_Telecommute,N,True,,0,0,0,13,2,0,0,0,1,1,0,0,0,2320,0,0,1,40,1,1
915,58.0,1.0,2,3,3,4,13,0.0,False,0,False,False,False,1217,0.6018285786660952,0.7837892636026681,0,,False,False,-1,-9.0,-9.0,-1,-9.0,-9.0,-9.0,0.0,-1,-9.0,-9.0,-9.0,-9.0,-9.0,0.0,0.0,0.0,0.0,0.0,0.0,0.0,0.0,0,0,False,,N,True,,0,0,0,7,2,0,1,0,0,1,0,0,0,2321,0,0,0,0,1,1
916,50.0,1.0,1,1,3,1,13,51.0,False,0,True,True,False,1217,0.2489345712449661,0.9358137342678886,92,prod_trans_move,False,True,-1,-9.0,-9.0,-1,-9.0,-9.0,-9.0,0.0,19143,12.505573254884476,-1.1785542109652911,11.682879,7.0,20.323387,39.500214,0.0,0.0,20.323387,20.323387,0.0,0.0,0.0,0,0,True,No_Telecommute,N,True,,0,0,1,35,1,0,1,1,0,0,0,0,0,2322,0,6,1,40,8,2
916,48.0,2.0,2,3,3,4,13,0.0,False,0,False,False,False,1217,1.6343557217395652,0.3901067995354995,0,,False,False,-1,-9.0,-9.0,-1,-9.0,-9.0,-9.0,0.0,-1,-9.0,-9.0,-9.0,-9.0,-9.0,0.0,0.0,0.0,0.0,0.0,0.0,0.0,0.0,0,1,False,,N,True,,0,0,1,89,1,1,0,0,0,0,0,0,0,2323,0,0,0,0,1,1
917,33.0,1.0,1,1,3,1,13,33.0,False,0,True,True,False,1217,0.5832130769680941,1.052418557322501,92,services,False,True,-1,-9.0,-9.0,-1,-9.0,-9.0,-9.0,0.0,16424,11.649410931496591,-1.6639636004377896,7.082702,6.0,14.169947,27.122639,0.0,0.0,14.169947,13.707375,0.0,0.0,0.4625721,0,0,True,No_Telecommute,M,True,work1,1,1,0,0,0,0,0,0,0,0,0,0,0,2325,0,0,1,42,9,2
918,50.0,1.0,2,1,3,1,13,13.0,False,0,True,True,False,1217,0.5564569012082672,0.9245949014290844,56,mngt_busi_scic_arts,False,True,-1,-9.0,-9.0,-1,-9.0,-9.0,-9.0,0.0,18950,11.728542270688374,-1.9122193540337384,11.205635,7.0,19.086506,38.53283,0.0,0.0,19.086506,19.086506,0.0,0.0,0.0,0,0,True,No_Telecommute,M,True,work1,1,1,1,0,0,0,0,0,0,0,1,0,0,2327,0,0,1,40,8,2
918,51.0,2.0,1,1,3,1,13,49.0,False,0,True,False,True,1217,1.4947254432269577,0.4752009897690071,81,constr_maint,False,True,24331,5.109964372970492,-6.328873132235652,-1,-9.0,-9.0,-9.0,0.0,24331,5.109964372970492,-6.328873132235652,25.389652,-9.0,46.47263,91.7479,0.0,0.0,0.0,0.0,0.0,0.0,0.0,0,0,False,1_day_week,M,True,work1,1,1,1,0,0,0,0,0,0,0,0,0,0,2328,0,0,1,40,8,2
920,37.0,1.0,1,1,3,1,13,11.0,False,0,True,True,False,1217,0.7199008082414156,0.2842708228332958,54,mngt_busi_scic_arts,False,True,-1,-9.0,-9.0,-1,-9.0,-9.0,-9.0,0.0,5313,11.792163254240563,-0.4603590581515828,0.84038675,6.0,2.426598,5.2930465,0.0,0.0,2.426598,2.426598,0.0,0.0,0.0,0,0,False,No_Telecommute,N,True,,0,0,0,12,1,0,0,0,1,0,0,0,0,2330,0,0,2,80,1,1
920,32.0,2.0,2,3,3,4,13,35.0,False,0,False,False,False,1217,1.4582143535261023,0.9378317930256947,722,services,False,False,-1,-9.0,-9.0,-1,-9.0,-9.0,-9.0,0.0,-1,-9.0,-9.0,-9.0,-9.0,-9.0,0.0,0.0,0.0,0.0,0.0,0.0,0.0,0.0,0,0,False,,N,True,,0,0,0,12,1,0,0,0,1,0,0,0,0,2331,0,0,4,30,8,2
921,33.0,1.0,1,1,3,1,13,51.0,False,0,True,True,False,1217,1.0299814746959073,1.1505606792053555,32,prod_trans_move,False,True,-1,-9.0,-9.0,-1,-9.0,-9.0,-9.0,0.0,23069,10.891437537765228,-3.6784673328492734,9.630848,6.0,21.846777,44.723232,0.0,0.0,21.846777,21.846777,0.0,0.0,0.0,0,0,False,No_Telecommute,M,True,work1,1,1,0,0,0,0,0,0,0,0,0,0,0,2332,0,0,1,40,1,2
921,29.0,2.0,2,2,3,2,13,31.0,False,0,True,True,False,1217,1.5388415635206294,0.70173469504063,62,health,False,True,-1,-9.0,-9.0,-1,-9.0,-9.0,-9.0,0.0,12534,8.914362917568273,-1.011271584731088,1.3624145,6.0,4.357669,8.791107,0.0,0.0,4.357669,4.357669,0.0,0.0,0.0,0,0,False,No_Telecommute,M,True,work1,1,1,0,35,5,4,0,1,0,0,0,0,0,2333,0,0,6,9,1,2
921,14.0,3.0,1,4,1,7,0,0.0,True,2,False,False,False,1217,0.8564465122223934,1.547791425471558,0,,False,False,-1,-9.0,-9.0,23872,7.171491432477764,3.0608705589485385,1.4334533,9.453911,-1,-9.0,-9.0,-9.0,-9.0,-9.0,0.0,0.0,0.0,0.0,0.0,0.0,0.0,0.0,0,0,False,,M,True,school1,1,0,0,0,0,0,0,0,0,0,0,0,0,2334,0,2,0,0,1,2
921,9.0,4.0,1,4,1,7,0,0.0,True,2,False,False,False,1217,0.2518474308096463,0.6710476598025882,0,,False,False,-1,-9.0,-9.0,4962,7.463213932604449,5.83440021059949,0.3803308,2.2819924,-1,-9.0,-9.0,-9.0,-9.0,-9.0,0.0,0.0,0.0,0.0,0.0,0.0,0.0,0.0,0,0,False,,M,True,school1,1,0,0,0,0,0,0,0,0,0,0,0,0,2335,0,2,0,0,1,2
921,7.0,5.0,1,4,1,7,0,0.0,True,2,False,False,False,1217,1.4495417547895564,0.6170827175486537,0,,False,False,-1,-9.0,-9.0,18906,3.848932907847663,-2.438000987438076,11.042799,29.880053,-1,-9.0,-9.0,-9.0,-9.0,-9.0,0.0,0.0,0.0,0.0,0.0,0.0,0.0,0.0,0,0,False,,M,True,school1,1,0,0,0,0,0,0,0,0,0,0,0,0,2336,0,2,0,0,1,2
922,33.0,1.0,1,1,3,1,13,51.0,False,0,True,True,False,1217,1.4110706828214257,0.5903947416664217,32,prod_trans_move,False,True,-1,-9.0,-9.0,-1,-9.0,-9.0,-9.0,0.0,2465,10.143151039088757,-0.924212867302182,0.9872202,6.0,3.9064054,7.5476794,0.0,5.797,3.9064054,3.9064054,0.0,0.0,0.0,0,0,True,No_Telecommute,M,True,work1,1,1,0,0,0,0,0,0,0,0,0,0,0,2340,0,0,1,40,1,2
922,29.0,2.0,2,2,3,2,13,31.0,False,0,True,True,False,1217,2.7872466897104204,1.1278914172702237,62,health,False,True,-1,-9.0,-9.0,-1,-9.0,-9.0,-9.0,0.0,23860,8.09605407183507,-1.2207874303258524,0.7110348,6.0,2.0850916,4.3960047,0.0,0.0,2.0850916,2.0850916,0.0,0.0,0.0,1,1,True,No_Telecommute,M,True,work1,1,1,0,1,3,2,0,0,0,1,0,0,0,2341,0,0,6,9,1,2
922,14.0,3.0,1,4,1,7,0,0.0,True,2,False,False,False,1217,0.563824841328375,1.0249870738881597,0,,False,False,-1,-9.0,-9.0,16377,4.522816381343329,-0.4033481225108198,5.544907,25.34067,-1,-9.0,-9.0,-9.0,-9.0,-9.0,0.0,0.0,0.0,0.0,0.0,0.0,0.0,0.0,0,0,False,,M,True,school1,1,0,0,156,2,2,0,0,0,0,0,0,0,2342,0,2,0,0,1,2
922,9.0,4.0,1,4,1,7,0,0.0,True,2,False,False,False,1217,0.4471967988350249,1.0024453465817489,0,,False,False,-1,-9.0,-9.0,15484,4.616406615204037,-1.0173154870479308,16.296787,38.496197,-1,-9.0,-9.0,-9.0,-9.0,-9.0,0.0,0.0,0.0,0.0,0.0,0.0,0.0,0.0,0,0,False,,M,True,school1,1,0,0,89,1,1,0,0,0,0,0,0,0,2343,0,2,0,0,1,2
922,7.0,5.0,1,4,1,7,0,0.0,True,2,False,False,False,1217,0.844102135544522,0.3236050084626216,0,,False,False,-1,-9.0,-9.0,11793,7.115318472078313,3.407480675567739,1.2455213,8.969295,-1,-9.0,-9.0,-9.0,-9.0,-9.0,0.0,0.0,0.0,0.0,0.0,0.0,0.0,0.0,0,0,False,,M,True,school1,1,0,0,0,0,0,0,0,0,0,0,0,0,2344,0,2,0,0,1,2
922,6.0,6.0,1,4,1,7,0,0.0,True,2,False,False,False,1217,1.0484026521144825,1.003824154272683,0,,False,False,-1,-9.0,-9.0,15288,6.817897699215289,-2.237329566225087,13.925735,42.053947,-1,-9.0,-9.0,-9.0,-9.0,-9.0,0.0,0.0,0.0,0.0,0.0,0.0,0.0,0.0,0,0,False,,M,True,school1,1,0,0,89,1,1,0,0,0,0,0,0,0,2345,0,2,0,0,1,2
922,3.0,7.0,2,4,1,8,0,0.0,True,1,False,False,False,1217,0.1850408583659413,0.5498447510796297,0,,False,False,-1,-9.0,-9.0,23265,9.265202018430358,4.962896785022654,2.6776054,13.654749,-1,-9.0,-9.0,-9.0,-9.0,-9.0,0.0,0.0,0.0,0.0,0.0,0.0,0.0,0.0,0,0,False,,M,True,school1,1,0,0,0,0,0,0,0,0,0,0,0,0,2346,0,0,0,0,1,2
922,60.0,8.0,2,3,3,4,13,27.0,False,0,False,False,False,1217,1.5507663365063848,1.395288913655836,45,mngt_busi_scic_arts,False,False,-1,-9.0,-9.0,-1,-9.0,-9.0,-9.0,0.0,-1,-9.0,-9.0,-9.0,-9.0,-9.0,0.0,0.0,0.0,0.0,0.0,0.0,0.0,0.0,0,0,False,,N,True,,0,0,0,89,3,3,0,0,0,0,0,0,0,2347,0,0,6,40,1,2
923,61.0,1.0,1,3,2,3,13,15.0,True,4,False,False,False,1217,1.0491309982722763,1.4307206945778028,51,mngt_busi_scic_arts,False,False,-1,-9.0,-9.0,19370,6.954421896522282,-3.693972897310847,14.2186365,36.64823,-1,-9.0,-9.0,-9.0,-9.0,-9.0,0.0,0.0,0.0,0.0,0.0,0.0,0.0,0.0,0,0,False,,N,True,,0,0,0,35,1,0,0,1,0,0,0,0,0,2348,0,6,0,0,1,1
923,53.0,2.0,2,3,3,4,13,11.0,False,0,False,False,False,1217,0.7493071813506098,0.2208603153048135,56,mngt_busi_scic_arts,False,False,-1,-9.0,-9.0,-1,-9.0,-9.0,-9.0,0.0,-1,-9.0,-9.0,-9.0,-9.0,-9.0,0.0,0.0,0.0,0.0,0.0,0.0,0.0,0.0,0,0,False,,N,True,,0,0,0,2,2,0,0,0,0,2,0,0,1,2349,0,0,3,40,1,1
924,36.0,1.0,1,1,3,1,13,11.0,False,0,True,True,False,1217,0.8937561855680805,0.2506815098569265,53,mngt_busi_scic_arts,False,True,-1,-9.0,-9.0,-1,-9.0,-9.0,-9.0,0.0,19278,11.324233353684129,-3.0015743734711897,11.11097,6.0,22.744627,46.388855,0.0,0.0,22.744627,22.744627,0.0,0.0,0.0,0,0,True,No_Telecommute,M,True,work1,1,1,0,0,0,0,0,0,0,0,0,0,0,2350,0,0,1,60,1,1
924,34.0,2.0,2,3,3,4,13,11.0,False,0,False,False,False,1217,1.8963164456240256,0.7161564558807573,54,mngt_busi_scic_arts,False,False,-1,-9.0,-9.0,-1,-9.0,-9.0,-9.0,0.0,-1,-9.0,-9.0,-9.0,-9.0,-9.0,0.0,0.0,0.0,0.0,0.0,0.0,0.0,0.0,0,1,False,,N,True,,0,0,0,12,1,0,0,0,1,0,0,0,0,2351,0,0,3,50,1,1
925,78.0,1.0,2,3,3,5,13,0.0,False,0,False,False,False,1217,0.7072208399998913,1.1355545166314969,0,,False,False,-1,-9.0,-9.0,-1,-9.0,-9.0,-9.0,0.0,-1,-9.0,-9.0,-9.0,-9.0,-9.0,0.0,0.0,0.0,0.0,0.0,0.0,0.0,0.0,0,0,False,,N,True,,0,0,0,35,1,0,0,1,0,0,0,0,0,2352,0,0,0,0,1,1
926,15.0,2.0,2,4,1,7,0,0.0,True,3,False,False,False,1217,0.248950081200636,2.12813878267192,0,,False,False,-1,-9.0,-9.0,7211,10.603554180047402,6.642460896056028,0.3803308,2.2819924,-1,-9.0,-9.0,-9.0,-9.0,-9.0,0.0,0.0,0.0,0.0,0.0,0.0,0.0,0.0,0,0,False,,M,True,school1,1,0,0,0,0,0,0,0,0,0,0,0,0,2354,0,5,0,0,1,1
926,12.0,3.0,1,4,1,7,0,0.0,True,2,False,False,False,1217,0.9259564208148856,0.4992809809910348,0,,False,False,-1,-9.0,-9.0,4962,7.407725530000936,6.057311237770446,0.3803308,2.2819924,-1,-9.0,-9.0,-9.0,-9.0,-9.0,0.0,0.0,0.0,0.0,0.0,0.0,0.0,0.0,0,0,False,,M,True,school1,1,0,0,0,0,0,0,0,0,0,0,0,0,2355,0,2,0,0,1,1
926,10.0,4.0,2,4,1,7,0,0.0,True,2,False,False,False,1217,0.8957494450637299,0.5364342734065409,0,,False,False,-1,-9.0,-9.0,16377,3.294583130294942,-1.7970712592455025,5.544907,25.34067,-1,-9.0,-9.0,-9.0,-9.0,-9.0,0.0,0.0,0.0,0.0,0.0,0.0,0.0,0.0,0,0,False,,M,True,school1,1,0,0,0,0,0,0,0,0,0,0,0,0,2356,0,2,0,0,1,1
927,56.0,1.0,2,2,3,2,13,37.0,False,0,True,True,False,1217,0.8871528054738747,0.362929139182772,81,services,False,True,-1,-9.0,-9.0,-1,-9.0,-9.0,-9.0,0.0,16108,9.766211662263736,-1.636035274173002,3.0086653,6.0,9.787571,19.309002,0.0,0.0,9.787571,9.787571,0.0,0.0,0.0,0,0,True,No_Telecommute,M,True,work1,1,1,0,0,0,0,0,0,0,0,0,0,0,2359,0,0,2,30,1,2
930,31.0,2.0,2,1,3,1,13,43.0,False,0,True,True,False,1217,1.3746207364899117,0.8323432426614233,23,sales_office,False,True,-1,-9.0,-9.0,-1,-9.0,-9.0,-9.0,0.0,12314,10.111356266980618,-7.158250852416669,19.741665,3.0,42.221626,84.943535,0.0,0.0,42.221626,42.221626,0.0,0.0,0.0,0,1,False,No_Telecommute,M,True,work1,1,1,0,0,0,0,0,0,0,0,0,0,0,2366,0,0,1,40,1,1
931,53.0,1.0,1,3,3,4,13,13.0,False,0,False,False,False,1217,2.557392474791435,1.1516600017340206,53,mngt_busi_scic_arts,False,False,-1,-9.0,-9.0,-1,-9.0,-9.0,-9.0,0.0,-1,-9.0,-9.0,-9.0,-9.0,-9.0,0.0,0.0,0.0,0.0,0.0,0.0,0.0,0.0,0,0,False,,N,True,,0,0,0,47,2,0,0,1,1,0,0,1,0,2367,0,0,6,40,8,2
932,53.0,1.0,1,3,3,4,13,13.0,False,0,False,False,False,1217,0.4831470352560138,1.8437805268722067,53,mngt_busi_scic_arts,False,False,-1,-9.0,-9.0,-1,-9.0,-9.0,-9.0,0.0,-1,-9.0,-9.0,-9.0,-9.0,-9.0,0.0,0.0,0.0,0.0,0.0,0.0,0.0,0.0,0,0,False,,N,True,,0,0,0,90,2,1,0,0,0,1,0,0,0,2368,0,0,6,40,8,2
934,39.0,1.0,1,1,3,1,13,23.0,False,0,True,True,False,1217,3.2033633669665966,1.8550670610790971,54,mngt_busi_scic_arts,False,True,-1,-9.0,-9.0,-1,-9.0,-9.0,-9.0,0.0,15297,9.012524526219396,-8.644535712107798,13.80549,6.0,28.699957,58.730934,0.0,0.0,28.699957,28.699957,0.0,0.0,0.0,0,0,True,No_Telecommute,M,True,work1,1,1,0,0,0,0,0,0,0,0,0,0,0,2370,0,0,1,55,1,1
934,48.0,2.0,2,1,3,1,13,11.0,False,0,True,True,False,1217,1.4353130732558073,0.805067579819486,53,mngt_busi_scic_arts,False,True,-1,-9.0,-9.0,-1,-9.0,-9.0,-9.0,0.0,13130,10.166984650970155,-1.5124721636095206,1.1119875,6.0,3.6584563,6.985302,0.0,0.0,3.6584563,3.6584563,0.0,0.0,0.0,0,0,False,No_Telecommute,N,True,,0,0,0,13,2,0,0,0,1,1,0,0,0,2371,0,0,1,60,1,2
935,30.0,1.0,1,3,3,4,13,27.0,False,0,False,False,False,1217,0.817679671742207,1.4172055545155735,92,mngt_busi_scic_arts,False,False,-1,-9.0,-9.0,-1,-9.0,-9.0,-9.0,0.0,-1,-9.0,-9.0,-9.0,-9.0,-9.0,0.0,0.0,0.0,0.0,0.0,0.0,0.0,0.0,0,0,False,,N,True,,0,0,0,2,2,0,0,0,0,2,0,0,1,2372,0,0,1,60,8,2
935,27.0,2.0,2,2,2,3,13,25.0,True,4,True,True,False,1217,0.4438090296374956,0.2039392061632731,61,services,False,True,-1,-9.0,-9.0,5313,7.357728709124104,1.5959665220708914,0.84038675,5.270445,1380,12.13128650226322,-2.410095649343261,18.685684,6.0,48.2649,103.49184,0.0,0.0,48.2649,48.2649,0.0,0.0,0.0,0,0,False,No_Telecommute,M,True,work_and_school,2,1,0,0,0,0,0,0,0,0,0,0,0,2373,0,6,1,30,8,2
936,64.0,1.0,1,3,3,4,13,49.0,False,0,False,False,False,1217,0.8743928382198842,1.2504082394130522,81,constr_maint,False,False,-1,-9.0,-9.0,-1,-9.0,-9.0,-9.0,0.0,-1,-9.0,-9.0,-9.0,-9.0,-9.0,0.0,0.0,0.0,0.0,0.0,0.0,0.0,0.0,0,0,False,,N,True,,0,0,0,90,2,1,0,0,0,1,0,0,0,2374,0,0,0,0,1,2
936,60.0,2.0,2,3,3,4,13,0.0,False,0,False,False,False,1217,1.8028710716867664,1.4686749846614848,0,,False,False,-1,-9.0,-9.0,-1,-9.0,-9.0,-9.0,0.0,-1,-9.0,-9.0,-9.0,-9.0,-9.0,0.0,0.0,0.0,0.0,0.0,0.0,0.0,0.0,0,0,False,,N,True,,0,0,0,14,4,0,0,0,1,3,0,0,2,2375,0,0,0,0,1,2
937,22.0,1.0,1,3,3,4,13,53.0,False,0,False,False,False,1217,0.3747885682851294,1.0110185433051084,48,prod_trans_move,False,False,-1,-9.0,-9.0,-1,-9.0,-9.0,-9.0,0.0,-1,-9.0,-9.0,-9.0,-9.0,-9.0,0.0,0.0,0.0,0.0,0.0,0.0,0.0,0.0,0,0,False,,N,True,,0,0,0,77,3,0,0,2,1,0,0,2,0,2376,0,0,3,40,1,2
937,23.0,2.0,1,1,3,1,13,53.0,False,0,True,False,True,1217,0.993118916178526,0.4132513046219451,48,prod_trans_move,False,True,24333,5.185822394340597,-3.311095680005705,-1,-9.0,-9.0,-9.0,0.0,24333,5.185822394340597,-3.311095680005705,20.258041,-9.0,21.042528,42.366158,0.0,0.0,0.0,0.0,0.0,0.0,0.0,0,0,True,2_3_days_week,N,True,,0,0,0,24,2,0,0,0,2,0,0,1,0,2377,0,0,5,40,1,2
937,23.0,3.0,2,1,3,1,13,31.0,False,0,True,True,False,1217,0.9807372686690506,0.7920416806274477,62,health,False,True,-1,-9.0,-9.0,-1,-9.0,-9.0,-9.0,0.0,16337,10.3816296450303,-2.374894271437265,5.971109,6.0,12.691864,24.505436,0.0,0.0,12.691864,12.691864,0.0,0.0,0.0,0,0,False,No_Telecommute,N,True,,0,0,0,12,1,0,0,0,1,0,0,0,0,2378,0,0,1,40,1,2
938,32.0,1.0,1,1,3,1,13,29.0,False,0,True,True,False,1217,1.0662942185922708,0.775041436692731,62,health,False,True,-1,-9.0,-9.0,-1,-9.0,-9.0,-9.0,0.0,8551,9.955365044541365,-7.17426218227991,29.430082,3.0,51.081112,99.409454,0.0,0.0,51.081112,51.081112,0.0,0.0,0.0,0,1,False,No_Telecommute,N,True,,0,0,0,35,1,0,0,1,0,0,0,0,0,2379,0,6,1,40,1,2
938,22.0,2.0,1,3,2,3,13,47.0,True,4,False,False,False,1217,2.082707936374121,0.7415797747228496,23,constr_maint,False,False,-1,-9.0,-9.0,12534,6.558707954231437,-0.4972951721018442,1.3624145,8.636465,-1,-9.0,-9.0,-9.0,-9.0,-9.0,0.0,0.0,0.0,0.0,0.0,0.0,0.0,0.0,0,1,False,,M,True,school2,2,0,0,0,0,0,0,0,0,0,0,0,0,2380,0,6,5,25,1,2
938,21.0,3.0,2,1,3,1,9,35.0,False,0,True,True,False,1217,0.1685376286163875,0.4233009645247509,722,services,False,True,-1,-9.0,-9.0,-1,-9.0,-9.0,-9.0,0.0,10917,12.3220492014858,-2.132838258185376,26.275814,3.0,52.386337,104.39532,0.0,4.804,52.386337,52.323803,0.0,0.0,0.06253433,0,0,True,No_Telecommute,M,True,work1,1,1,0,0,0,0,0,0,0,0,0,0,0,2381,0,6,1,40,1,2
939,23.0,1.0,1,1,3,1,13,13.0,False,0,True,True,False,1217,1.385293617265861,1.0850196856644394,9000,mngt_busi_scic_arts,False,True,-1,-9.0,-9.0,-1,-9.0,-9.0,-9.0,0.0,23876,10.4668471261565,-1.590462293701577,1.3740836,6.0,4.4433026,8.802879,0.0,0.0,4.4433026,4.4433026,0.0,0.0,0.0,0,0,True,No_Telecommute,M,True,work1,1,1,0,6,1,0,1,0,0,0,0,0,0,2382,1,0,1,55,1,2
939,22.0,2.0,2,1,3,1,13,53.0,False,0,True,True,False,1217,0.9812013636282092,1.8606843311341843,9000,prod_trans_move,False,True,-1,-9.0,-9.0,-1,-9.0,-9.0,-9.0,0.0,19551,10.563198611389064,-3.768716480973943,13.577121,7.0,27.955566,55.27441,0.0,0.0,27.955566,25.17205,0.0,0.0,2.783516,0,1,False,No_Telecommute,M,True,work1,1,1,0,0,0,0,0,0,0,0,0,0,0,2383,1,0,1,55,1,2
940,29.0,1.0,2,3,2,3,13,53.0,True,4,False,False,False,1217,1.306929130121659,1.2407047629991486,45,prod_trans_move,False,False,-1,-9.0,-9.0,19370,6.813828444344536,-4.525805013363952,14.2186365,36.64823,-1,-9.0,-9.0,-9.0,-9.0,-9.0,0.0,0.0,0.0,0.0,0.0,0.0,0.0,0.0,0,0,False,,M,True,school1,1,0,1,0,0,0,1,0,0,0,0,0,0,2384,0,6,0,0,1,1
941,32.0,1.0,1,1,3,1,13,13.0,False,0,True,True,False,1217,1.2261342901647605,1.2031024736706344,54,mngt_busi_scic_arts,False,True,-1,-9.0,-9.0,-1,-9.0,-9.0,-9.0,0.0,16010,10.952021246492611,-2.7954217538314383,4.4233594,6.0,11.781506,22.906132,0.0,0.0,11.781506,11.336091,0.0,0.0,0.44541454,0,1,True,4_days_week,M,True,work1,1,1,0,0,0,0,0,0,0,0,0,0,0,2386,0,0,1,65,1,2
941,31.0,2.0,2,1,3,1,13,13.0,False,0,True,True,False,1217,0.2872770635930251,0.4931093916547198,22,mngt_busi_scic_arts,False,True,-1,-9.0,-9.0,-1,-9.0,-9.0,-9.0,0.0,23061,12.375726700860344,-0.8866663874187385,6.40484,6.0,16.35407,33.640335,0.0,9.241,16.35407,16.35407,0.0,0.0,0.0,0,0,False,No_Telecommute,M,True,work2,2,2,0,0,0,0,0,0,0,0,0,0,0,2387,0,0,1,55,1,2
942,63.0,1.0,1,3,3,4,13,47.0,False,0,False,False,False,1217,0.5196469108116115,0.5464872618817529,23,constr_maint,False,False,-1,-9.0,-9.0,-1,-9.0,-9.0,-9.0,0.0,-1,-9.0,-9.0,-9.0,-9.0,-9.0,0.0,0.0,0.0,0.0,0.0,0.0,0.0,0.0,0,0,False,,N,True,,0,0,0,24,2,0,0,0,2,0,0,1,0,2388,0,0,6,15,1,1
943,65.0,1.0,2,3,3,5,13,0.0,False,0,False,False,False,1217,1.279491828096374,2.107015026554273,0,,False,False,-1,-9.0,-9.0,-1,-9.0,-9.0,-9.0,0.0,-1,-9.0,-9.0,-9.0,-9.0,-9.0,0.0,0.0,0.0,0.0,0.0,0.0,0.0,0.0,0,0,False,,N,True,,0,0,0,120,2,1,0,1,0,0,0,0,0,2389,0,0,0,0,1,2
944,33.0,1.0,2,2,2,3,13,41.0,True,4,True,True,False,1217,0.5771616690179138,0.2484175298673068,53,sales_office,False,True,-1,-9.0,-9.0,23114,7.303524346165759,-1.0028844722539694,6.5514894,22.364532,5691,12.010380837521888,-0.8175034254365746,2.505153,6.0,7.4633503,14.813267,0.0,0.0,7.4633503,7.4633503,0.0,0.0,0.0,0,0,False,No_Telecommute,M,True,work_and_school,2,1,0,0,0,0,0,0,0,0,0,0,0,2390,0,6,4,30,1,2
944,38.0,2.0,1,3,3,4,13,41.0,False,0,False,False,False,1217,1.4026048770451025,0.9192258042369538,53,sales_office,False,False,-1,-9.0,-9.0,-1,-9.0,-9.0,-9.0,0.0,-1,-9.0,-9.0,-9.0,-9.0,-9.0,0.0,0.0,0.0,0.0,0.0,0.0,0.0,0.0,0,0,False,,N,True,,0,0,0,1,1,0,0,0,0,1,0,0,0,2391,0,0,4,40,2,1
945,30.0,1.0,1,1,3,1,13,25.0,False,0,True,True,False,1217,1.124795068411809,0.5069775276446108,61,services,False,True,-1,-9.0,-9.0,-1,-9.0,-9.0,-9.0,0.0,17037,10.675231818460318,-4.769932302900262,19.058088,7.0,43.626503,86.05992,0.0,0.0,43.626503,43.626503,0.0,0.0,0.0,0,1,True,No_Telecommute,N,True,,0,0,0,6,1,0,1,0,0,0,0,0,0,2392,0,0,1,40,8,2
946,32.0,1.0,2,1,3,1,13,41.0,False,0,True,True,False,1217,0.3657922675105149,0.5260368277491634,45,sales_office,False,True,-1,-9.0,-9.0,-1,-9.0,-9.0,-9.0,0.0,13356,12.29954208870657,-2.471439523564383,25.790714,3.0,53.780487,109.21463,0.0,0.0,53.780487,53.780487,0.0,0.0,0.0,0,0,False,No_Telecommute,N,True,,0,0,1,12,1,0,0,0,1,1,0,0,0,2394,0,0,1,37,9,2
946,30.0,2.0,1,1,3,1,13,55.0,False,0,True,True,False,1217,1.973846098736848,0.5730705431184376,9000,military,False,True,-1,-9.0,-9.0,-1,-9.0,-9.0,-9.0,0.0,5878,9.023292612936787,-4.7082762844462245,10.285569,6.0,26.06103,58.76832,0.0,0.0,26.06103,26.06103,0.0,0.0,0.0,0,0,False,No_Telecommute,N,True,,0,0,1,6,1,0,1,0,0,0,0,0,0,2395,1,0,1,60,9,2
947,29.0,1.0,2,1,3,1,13,43.0,False,0,True,True,False,1217,0.4549442120473916,0.801533499151735,42,sales_office,False,True,-1,-9.0,-9.0,-1,-9.0,-9.0,-9.0,0.0,15297,11.97164241784766,-2.2203676628186884,13.80549,6.0,28.699957,58.730934,0.0,0.0,28.699957,28.699957,0.0,0.0,0.0,0,0,False,No_Telecommute,M,True,work1,1,1,0,0,1,1,0,0,0,0,0,0,0,2397,0,0,4,45,1,2
947,10.0,2.0,1,4,1,7,0,0.0,True,2,False,False,False,1217,0.7212450330444652,0.6557586259944076,0,,False,False,-1,-9.0,-9.0,4962,7.392316828864802,6.299381424971498,0.3803308,2.2819924,-1,-9.0,-9.0,-9.0,-9.0,-9.0,0.0,0.0,0.0,0.0,0.0,0.0,0.0,0.0,0,0,False,,M,True,school1,1,0,0,0,0,0,0,0,0,0,0,0,0,2398,0,2,0,0,1,2
947,8.0,3.0,2,4,1,7,0,0.0,True,2,False,False,False,1217,2.001884747199386,0.432473840705972,0,,False,False,-1,-9.0,-9.0,16509,3.810434128030546,-5.554626938053588,18.349007,66.3295,-1,-9.0,-9.0,-9.0,-9.0,-9.0,0.0,0.0,0.0,0.0,0.0,0.0,0.0,0.0,0,0,False,,M,True,school1,1,0,0,0,0,0,0,0,0,0,0,0,0,2399,0,2,0,0,1,2
947,5.0,4.0,2,4,1,8,0,0.0,True,1,False,False,False,1217,3.4279849073468527,0.4456464334886431,0,,False,False,-1,-9.0,-9.0,3481,6.999720345773794,4.068918644794779,0.43876505,2.974381,-1,-9.0,-9.0,-9.0,-9.0,-9.0,0.0,0.0,0.0,0.0,0.0,0.0,0.0,0.0,0,0,False,,N,True,,0,0,0,89,1,1,0,0,0,0,0,0,0,2400,0,2,0,0,8,2
947,1.0,5.0,1,4,1,8,0,0.0,True,1,False,False,False,1217,1.7202198184602095,0.6513670705834996,0,,False,False,-1,-9.0,-9.0,1217,10.761189661269158,7.281180182082517,0.1901654,1.1411643,-1,-9.0,-9.0,-9.0,-9.0,-9.0,0.0,0.0,0.0,0.0,0.0,0.0,0.0,0.0,0,0,False,,M,True,school1,1,0,0,0,0,0,0,0,0,0,0,0,0,2401,0,0,0,0,8,2
948,29.0,1.0,2,1,3,1,13,43.0,False,0,True,True,False,1217,1.1512532289481234,1.0084257581942284,42,sales_office,False,True,-1,-9.0,-9.0,-1,-9.0,-9.0,-9.0,0.0,24001,10.915718807850055,-3.720031836988632,8.622619,6.0,20.290503,41.206295,0.0,5.541,20.290503,20.290503,0.0,0.0,0.0,0,0,False,No_Telecommute,M,True,work1,1,1,0,1,1,0,0,0,0,1,0,0,0,2402,0,0,4,45,1,2
948,10.0,2.0,1,4,1,7,0,0.0,True,2,False,False,False,1217,0.3415508621153196,1.2890002935748797,0,,False,False,-1,-9.0,-9.0,16049,7.8761453897955,1.010853266433846,3.9024227,14.663528,-1,-9.0,-9.0,-9.0,-9.0,-9.0,0.0,0.0,0.0,0.0,0.0,0.0,0.0,0.0,0,0,False,,M,True,school1,1,0,0,0,0,0,0,0,0,0,0,0,0,2403,0,2,0,0,1,2
948,8.0,3.0,2,4,1,7,0,0.0,True,2,False,False,False,1217,0.3845688170191864,1.0540053067762534,0,,False,False,-1,-9.0,-9.0,7211,7.841151438986603,6.374924753377681,0.3803308,2.2819924,-1,-9.0,-9.0,-9.0,-9.0,-9.0,0.0,0.0,0.0,0.0,0.0,0.0,0.0,0.0,0,0,False,,M,True,school1,1,0,0,0,0,0,0,0,0,0,0,0,0,2404,0,2,0,0,1,2
948,5.0,4.0,2,4,1,8,0,0.0,True,1,False,False,False,1217,1.3095770590518874,0.6706283735551793,0,,False,False,-1,-9.0,-9.0,3834,8.781039173740774,3.7626507090308254,1.2455213,8.969295,-1,-9.0,-9.0,-9.0,-9.0,-9.0,0.0,0.0,0.0,0.0,0.0,0.0,0.0,0.0,0,0,False,,M,True,school1,1,0,0,0,0,0,0,0,0,0,0,0,0,2405,0,2,0,0,8,2
948,1.0,5.0,1,4,1,8,0,0.0,True,1,False,False,False,1217,3.9667172018128416,1.829147858584532,0,,False,False,-1,-9.0,-9.0,12536,7.446329865205349,3.2255501946162104,0.9843593,6.853464,-1,-9.0,-9.0,-9.0,-9.0,-9.0,0.0,0.0,0.0,0.0,0.0,0.0,0.0,0.0,0,0,False,,M,True,school1,1,0,0,0,0,0,0,0,0,0,0,0,0,2406,0,0,0,0,8,2
949,28.0,1.0,1,1,3,1,13,13.0,False,0,True,True,False,1217,1.2866002773727687,0.5064652273239126,9000,mngt_busi_scic_arts,False,True,-1,-9.0,-9.0,-1,-9.0,-9.0,-9.0,0.0,4092,10.278496891345249,-7.245466573168362,22.307665,3.0,45.76571,90.77742,0.0,0.0,45.76571,45.76571,0.0,0.0,0.0,0,0,True,No_Telecommute,M,True,work1,1,1,0,0,0,0,0,0,0,0,0,0,0,2407,1,0,1,60,9,2
950,60.0,1.0,2,3,3,4,13,31.0,False,0,False,False,False,1217,1.3350770691828506,2.584195424856787,62,health,False,False,-1,-9.0,-9.0,-1,-9.0,-9.0,-9.0,0.0,-1,-9.0,-9.0,-9.0,-9.0,-9.0,0.0,0.0,0.0,0.0,0.0,0.0,0.0,0.0,0,0,False,,N,True,,0,0,0,67,3,0,0,2,0,1,0,1,0,2409,0,0,5,32,1,1
951,30.0,1.0,1,1,3,1,13,33.0,False,0,True,True,False,1217,1.0208197794831912,0.5080024594463427,92,services,False,True,-1,-9.0,-9.0,-1,-9.0,-9.0,-9.0,0.0,16131,11.174863495565685,-1.712012467291714,2.893799,6.0,9.218521,18.770447,0.0,0.0,9.218521,9.218521,0.0,0.0,0.0,0,0,True,No_Telecommute,N,True,,0,0,0,1,1,0,0,0,0,1,0,0,0,2410,0,0,1,60,1,1
952,28.0,1.0,1,1,3,1,13,35.0,False,0,True,True,False,1217,0.637285794072861,1.1205178745819184,9000,services,False,True,-1,-9.0,-9.0,-1,-9.0,-9.0,-9.0,0.0,5536,11.79905232771627,-0.0134439770937889,0.3803308,6.0,1.1411643,2.2819924,0.0,4.617,1.1411643,1.1411643,0.0,0.0,0.0,0,1,False,No_Telecommute,M,True,work1,1,1,0,1,1,0,0,0,0,1,0,0,0,2412,1,0,1,50,2,1
952,24.0,2.0,2,2,2,3,13,43.0,True,4,True,True,False,1217,1.016046352540446,0.5202568504929281,61,sales_office,False,True,-1,-9.0,-9.0,15666,2.350739429813589,-3.4481621122834305,14.4734535,35.3117,18854,11.216322546853664,-3.458764011881076,10.260297,6.0,26.324686,52.262493,0.0,0.0,26.480768,26.058077,0.0,0.0,0.42269135,0,0,True,No_Telecommute,M,True,school1,1,0,0,0,0,0,0,0,0,0,0,0,0,2413,0,6,1,20,1,2
952,30.0,3.0,2,3,3,4,13,25.0,False,0,False,False,False,1217,0.6171553714757935,0.4870186701994768,62,services,False,False,-1,-9.0,-9.0,-1,-9.0,-9.0,-9.0,0.0,-1,-9.0,-9.0,-9.0,-9.0,-9.0,0.0,0.0,0.0,0.0,0.0,0.0,0.0,0.0,0,0,False,,N,True,,0,0,0,1,1,0,0,0,0,1,0,0,0,2414,0,0,4,40,2,1
953,27.0,1.0,2,3,2,3,13,55.0,True,4,False,False,False,1217,1.7691329495952066,1.0740313929121386,9000,military,False,False,-1,-9.0,-9.0,5313,6.527724397423312,-0.0579453115660007,0.84038675,5.270445,-1,-9.0,-9.0,-9.0,-9.0,-9.0,0.0,0.0,0.0,0.0,0.0,0.0,0.0,0.0,0,1,False,,M,True,school1,1,0,0,0,0,0,0,0,0,0,0,0,0,2415,0,6,1,50,1,1
953,35.0,2.0,1,1,3,1,13,53.0,False,0,True,True,False,1217,2.8112901845626976,1.3143127273210942,9000,prod_trans_move,False,True,-1,-9.0,-9.0,-1,-9.0,-9.0,-9.0,0.0,4588,8.55664442589226,-8.124984384024847,22.307665,3.0,45.76571,90.77742,0.0,0.0,45.76571,45.76571,0.0,0.0,0.0,1,1,True,1_day_week,M,True,work1,1,1,0,0,0,0,0,0,0,0,0,0,0,2416,1,0,1,55,1,1
954,29.0,1.0,2,1,3,1,13,11.0,False,0,True,True,False,1217,1.079543930040378,0.4915539065576099,9000,mngt_busi_scic_arts,False,True,-1,-9.0,-9.0,-1,-9.0,-9.0,-9.0,0.0,18860,10.4834268374289,-3.422291923718525,8.581455,6.0,22.995365,44.7549,0.0,0.0,23.151447,22.72876,0.0,0.0,0.42268753,0,0,False,4_days_week,N,True,,0,0,0,12,1,0,0,0,1,0,0,0,0,2417,1,0,1,50,1,2
954,30.0,2.0,1,1,3,1,13,55.0,False,0,True,True,False,1217,2.5950961901727703,0.4830139595896138,9000,military,False,True,-1,-9.0,-9.0,-1,-9.0,-9.0,-9.0,0.0,5878,8.231756180695477,-5.6693582420417945,10.285569,6.0,26.06103,58.76832,0.0,0.0,26.06103,26.06103,0.0,0.0,0.0,0,0,True,2_3_days_week,N,True,,0,0,0,6,1,0,1,0,0,0,0,0,0,2418,1,0,1,50,1,2
955,68.0,1.0,1,3,3,5,13,43.0,False,0,False,False,False,1217,0.4988952734695683,1.2968905789967056,44,sales_office,False,False,-1,-9.0,-9.0,-1,-9.0,-9.0,-9.0,0.0,-1,-9.0,-9.0,-9.0,-9.0,-9.0,0.0,0.0,0.0,0.0,0.0,0.0,0.0,0.0,0,0,False,,N,True,,0,0,0,1,1,0,0,0,0,1,0,0,0,2419,0,0,0,0,1,2
956,33.0,1.0,1,3,3,4,13,0.0,False,0,False,False,False,1217,0.7773537967218878,0.3854222207894819,0,,False,False,-1,-9.0,-9.0,-1,-9.0,-9.0,-9.0,0.0,-1,-9.0,-9.0,-9.0,-9.0,-9.0,0.0,0.0,0.0,0.0,0.0,0.0,0.0,0.0,0,1,False,,N,True,,0,0,0,47,2,0,0,1,1,0,0,1,0,2420,0,0,0,0,8,2
957,51.0,1.0,1,1,3,1,13,49.0,False,0,True,True,False,1217,0.8130793706353645,2.9299779798697965,51,constr_maint,False,True,-1,-9.0,-9.0,-1,-9.0,-9.0,-9.0,0.0,20264,10.701688842769151,-3.901091606677772,17.987644,7.0,31.874907,63.83963,0.0,0.0,31.874907,31.874907,0.0,0.0,0.0,0,0,True,No_Telecommute,M,True,work1,1,1,0,0,0,0,0,0,0,0,0,0,0,2421,0,0,1,55,9,2
957,50.0,2.0,2,3,3,4,13,0.0,False,0,False,False,False,1217,3.1707512244206093,0.5313117819704349,0,,False,False,-1,-9.0,-9.0,-1,-9.0,-9.0,-9.0,0.0,-1,-9.0,-9.0,-9.0,-9.0,-9.0,0.0,0.0,0.0,0.0,0.0,0.0,0.0,0.0,0,0,False,,N,True,,0,0,0,89,1,1,0,0,0,0,0,0,0,2422,0,0,0,0,9,2
957,22.0,3.0,1,1,3,1,13,43.0,False,0,True,True,False,1217,0.2744908012882038,0.5817948941268483,44,sales_office,False,True,-1,-9.0,-9.0,-1,-9.0,-9.0,-9.0,0.0,6750,12.912446407946405,-2.0548342076739243,25.43231,3.0,53.71692,105.814316,0.0,0.0,55.77151,53.71692,0.0,0.0,2.0545921,0,1,False,No_Telecommute,M,True,work1,1,1,0,0,0,0,0,0,0,0,0,0,0,2423,0,6,1,40,9,2
958,36.0,1.0,2,3,3,4,13,39.0,False,0,False,False,False,1217,0.960689908882677,1.1197731305136005,62,services,False,False,-1,-9.0,-9.0,-1,-9.0,-9.0,-9.0,0.0,-1,-9.0,-9.0,-9.0,-9.0,-9.0,0.0,0.0,0.0,0.0,0.0,0.0,0.0,0.0,0,0,False,,N,True,,0,0,0,35,5,4,0,1,0,0,0,0,0,2424,0,0,0,0,9,2
958,37.0,2.0,1,1,3,1,13,55.0,False,0,True,True,False,1217,0.6473832291266078,0.4143978728270344,9000,military,False,True,-1,-9.0,-9.0,-1,-9.0,-9.0,-9.0,0.0,7369,10.812718351613212,-1.1043302442110676,3.3966637,6.0,7.572586,21.316898,0.0,0.0,7.572586,7.572586,0.0,0.0,0.0,0,0,False,No_Telecommute,M,True,work1,1,1,0,0,0,0,0,0,0,0,0,0,0,2425,1,0,1,60,1,1
958,9.0,3.0,1,4,1,7,0,0.0,True,2,False,False,False,1217,0.7808351889300824,1.8350123628383548,0,,False,False,-1,-9.0,-9.0,7296,7.245955894897354,3.280659326255743,1.8396002,10.165498,-1,-9.0,-9.0,-9.0,-9.0,-9.0,0.0,0.0,0.0,0.0,0.0,0.0,0.0,0.0,0,0,False,,M,True,school1,1,0,0,0,0,0,0,0,0,0,0,0,0,2426,0,2,0,0,9,1
958,8.0,4.0,1,4,1,7,0,0.0,True,2,False,False,False,1217,1.0443192647919626,1.3711610855511938,0,,False,False,-1,-9.0,-9.0,24277,4.189495512789296,-1.7394760078424971,10.974832,30.894262,-1,-9.0,-9.0,-9.0,-9.0,-9.0,0.0,0.0,0.0,0.0,0.0,0.0,0.0,0.0,0,0,False,,M,True,school1,1,0,0,0,0,0,0,0,0,0,0,0,0,2427,0,2,0,0,9,1
958,2.0,6.0,2,4,1,8,0,0.0,True,1,False,False,False,1217,0.7415544425633405,0.6943076512583678,0,,False,False,-1,-9.0,-9.0,12519,10.946803153224446,5.987188318068928,0.50094235,3.0165603,-1,-9.0,-9.0,-9.0,-9.0,-9.0,0.0,0.0,0.0,0.0,0.0,0.0,0.0,0.0,0,0,False,,M,True,school1,1,0,0,1,1,0,0,0,0,1,0,0,0,2429,0,0,0,0,9,1
959,37.0,2.0,1,1,3,1,13,55.0,False,0,True,True,False,1217,0.6482163355524438,0.8991259470642771,9000,military,False,True,-1,-9.0,-9.0,-1,-9.0,-9.0,-9.0,0.0,5878,10.825942565716758,-1.836727337558892,10.285569,6.0,26.06103,58.76832,0.0,0.0,26.06103,26.06103,0.0,0.0,0.0,0,0,True,No_Telecommute,N,True,,0,0,1,156,4,4,0,0,0,0,1,0,0,2431,1,0,1,60,1,1
959,9.0,3.0,1,4,1,7,0,0.0,True,2,False,False,False,1217,0.5113591202916778,1.3178380546133386,0,,False,False,-1,-9.0,-9.0,19486,4.493861315531914,-3.067197947703384,19.239067,52.186695,-1,-9.0,-9.0,-9.0,-9.0,-9.0,0.0,0.0,0.0,0.0,0.0,0.0,0.0,0.0,0,0,False,,N,True,,0,0,0,89,1,1,0,0,0,0,0,0,0,2432,0,2,0,0,9,1
959,8.0,4.0,1,4,1,7,0,0.0,True,2,False,False,False,1217,0.6096914819928473,0.9899376417946214,0,,False,False,-1,-9.0,-9.0,23884,7.379616579271817,3.447577628760665,2.2674742,11.92375,-1,-9.0,-9.0,-9.0,-9.0,-9.0,0.0,0.0,0.0,0.0,0.0,0.0,0.0,0.0,0,0,False,,M,True,school1,1,0,0,0,0,0,0,0,0,0,0,0,0,2433,0,2,0,0,9,1
959,3.0,5.0,2,4,1,8,0,0.0,True,1,False,False,False,1217,0.6972915710982907,1.4242121560337435,0,,False,False,-1,-9.0,-9.0,1411,8.550413717206087,5.642955775076747,0.9872202,7.3732686,-1,-9.0,-9.0,-9.0,-9.0,-9.0,0.0,0.0,0.0,0.0,0.0,0.0,0.0,0.0,0,0,False,,N,True,,0,0,1,89,1,1,0,0,0,0,0,0,0,2434,0,0,0,0,9,1
960,9.0,3.0,1,4,1,7,0,0.0,True,2,False,False,False,1217,1.1806762009358758,0.974000439714624,0,,False,False,-1,-9.0,-9.0,7296,7.161933988512284,3.186219851346764,1.8396002,10.165498,-1,-9.0,-9.0,-9.0,-9.0,-9.0,0.0,0.0,0.0,0.0,0.0,0.0,0.0,0.0,0,0,False,,M,True,school1,1,0,0,0,0,0,0,0,0,0,0,0,0,2438,0,2,0,0,9,1
960,8.0,4.0,1,4,1,7,0,0.0,True,2,False,False,False,1217,0.8856748484823737,1.3048683515712904,0,,False,False,-1,-9.0,-9.0,4962,7.263365101311804,5.751191293072343,0.3803308,2.2819924,-1,-9.0,-9.0,-9.0,-9.0,-9.0,0.0,0.0,0.0,0.0,0.0,0.0,0.0,0.0,0,0,False,,M,True,school1,1,0,0,0,0,0,0,0,0,0,0,0,0,2439,0,2,0,0,9,1
960,3.0,5.0,2,4,1,8,0,0.0,True,1,False,False,False,1217,0.9012963639306808,2.982397981118352,0,,False,False,-1,-9.0,-9.0,2306,10.712368597780577,3.773191216438788,1.3670502,8.812139,-1,-9.0,-9.0,-9.0,-9.0,-9.0,0.0,0.0,0.0,0.0,0.0,0.0,0.0,0.0,0,0,False,,M,True,school1,1,0,0,0,0,0,0,0,0,0,0,0,0,2440,0,0,0,0,9,1
961,37.0,2.0,1,1,3,1,13,55.0,False,0,True,True,False,1217,0.4734730492417965,1.2121292414120783,9000,military,False,True,-1,-9.0,-9.0,-1,-9.0,-9.0,-9.0,0.0,7369,10.738409285143794,-0.8069825349947841,3.3966637,6.0,7.572586,21.316898,0.0,0.0,7.572586,7.572586,0.0,0.0,0.0,0,0,False,1_day_week,M,True,work1,1,1,0,0,2,2,0,0,0,0,0,0,0,2443,1,0,1,60,1,1
961,9.0,3.0,1,4,1,7,0,0.0,True,2,False,False,False,1217,1.0706201192963558,1.204089047062107,0,,False,False,-1,-9.0,-9.0,5878,2.6241633592646547,0.2588363869031684,10.285569,39.6268,-1,-9.0,-9.0,-9.0,-9.0,-9.0,0.0,0.0,0.0,0.0,0.0,0.0,0.0,0.0,0,0,False,,M,True,school1,1,0,0,0,0,0,0,0,0,0,0,0,0,2444,0,2,0,0,9,1
961,8.0,4.0,1,4,1,7,0,0.0,True,2,False,False,False,1217,0.7580872012975705,0.9138150767646348,0,,False,False,-1,-9.0,-9.0,11793,7.235840447610495,4.384835724520904,1.2455213,8.969295,-1,-9.0,-9.0,-9.0,-9.0,-9.0,0.0,0.0,0.0,0.0,0.0,0.0,0.0,0.0,0,0,False,,M,True,school1,1,0,0,0,0,0,0,0,0,0,0,0,0,2445,0,2,0,0,9,1
961,3.0,5.0,2,4,1,8,0,0.0,True,1,False,False,False,1217,0.9899944456264156,0.4319191987887008,0,,False,False,-1,-9.0,-9.0,13129,8.91914210369197,4.03338534489138,1.1119875,6.509948,-1,-9.0,-9.0,-9.0,-9.0,-9.0,0.0,0.0,0.0,0.0,0.0,0.0,0.0,0.0,0,0,False,,M,True,school1,1,0,0,0,0,0,0,0,0,0,0,0,0,2446,0,0,0,0,9,1
961,2.0,6.0,2,4,1,8,0,0.0,True,1,False,False,False,1217,0.851155677121478,0.3685296539085502,0,,False,False,-1,-9.0,-9.0,14319,10.902151356633452,0.1715254084640662,3.2505283,17.095032,-1,-9.0,-9.0,-9.0,-9.0,-9.0,0.0,0.0,0.0,0.0,0.0,0.0,0.0,0.0,0,0,False,,M,True,school1,1,0,0,0,0,0,0,0,0,0,0,0,0,2447,0,0,0,0,9,1
962,35.0,1.0,1,1,3,1,13,55.0,False,0,True,True,False,1217,2.112293415378767,0.7316437141169534,9000,military,False,True,-1,-9.0,-9.0,-1,-9.0,-9.0,-9.0,0.0,5878,8.854927191025386,-5.227095311653009,10.285569,6.0,26.06103,58.76832,0.0,0.0,26.06103,26.06103,0.0,0.0,0.0,0,0,True,No_Telecommute,M,True,work1,1,1,0,12,1,0,0,0,1,0,0,0,0,2448,1,0,1,40,1,1
962,30.0,2.0,2,3,2,3,13,31.0,True,4,False,False,False,1217,0.775809846649639,0.4727672311978856,62,health,False,False,-1,-9.0,-9.0,5682,6.941003432867306,-4.1343934862877685,25.479319,57.108284,-1,-9.0,-9.0,-9.0,-9.0,-9.0,0.0,0.0,0.0,0.0,0.0,0.0,0.0,0.0,0,0,False,,M,True,school1,1,0,0,1,1,0,0,0,0,1,0,0,0,2449,0,6,0,0,1,1
963,32.0,1.0,1,1,3,1,13,43.0,False,0,True,True,False,1217,2.33715157564212,0.5806239132963662,62,sales_office,False,True,-1,-9.0,-9.0,-1,-9.0,-9.0,-9.0,0.0,4588,8.967284049272632,-8.56659840959879,22.307665,3.0,45.76571,90.77742,0.0,0.0,45.76571,45.76571,0.0,0.0,0.0,0,1,True,2_3_days_week,M,True,work2,2,2,0,0,0,0,0,0,0,0,0,0,0,2450,0,0,1,40,9,2
965,64.0,1.0,1,3,3,4,13,0.0,False,0,False,False,False,1217,1.0582589821511084,0.7809545438822593,0,,False,False,-1,-9.0,-9.0,-1,-9.0,-9.0,-9.0,0.0,-1,-9.0,-9.0,-9.0,-9.0,-9.0,0.0,0.0,0.0,0.0,0.0,0.0,0.0,0.0,0,0,False,,N,True,,0,0,0,30,3,0,1,0,2,0,0,1,0,2453,0,0,0,0,1,1
966,27.0,1.0,1,1,3,1,13,15.0,False,0,True,True,False,1217,0.4442840611026915,0.7261087773873054,54,mngt_busi_scic_arts,False,True,-1,-9.0,-9.0,-1,-9.0,-9.0,-9.0,0.0,12315,12.285777237847745,-2.652464952210204,20.232422,3.0,43.798054,89.128265,0.0,0.0,43.798054,43.798054,0.0,0.0,0.0,0,1,True,No_Telecommute,N,True,,0,0,1,0,0,0,0,1,0,0,0,0,0,2454,0,0,1,40,8,2
966,52.0,2.0,1,1,3,1,13,47.0,False,0,True,True,False,1217,0.1862997166181392,0.7336236602682156,23,constr_maint,False,True,-1,-9.0,-9.0,-1,-9.0,-9.0,-9.0,0.0,7362,12.018522677876648,-2.146569678587985,28.795189,3.0,59.874428,117.78473,0.0,5.272,67.76924,59.651806,0.0,0.0,8.117435,0,0,True,1_day_week,M,True,work1,1,1,1,0,0,0,0,0,0,0,0,0,0,2455,0,0,1,40,8,2
967,58.0,1.0,1,1,3,1,13,11.0,False,0,True,False,False,1217,0.1857423948748982,1.7587685989440542,42,mngt_busi_scic_arts,True,False,-1,-9.0,-9.0,-1,-9.0,-9.0,-9.0,0.0,-1,-9.0,-9.0,-9.0,-9.0,-9.0,0.0,0.0,0.0,0.0,0.0,0.0,0.0,0.0,0,0,False,,N,True,,0,0,0,1,1,0,0,0,0,1,0,0,0,2457,0,0,1,40,1,1
967,26.0,2.0,1,3,2,3,13,41.0,True,4,False,False,False,1217,0.418339692163077,0.8643373830349292,44,sales_office,False,False,-1,-9.0,-9.0,5313,7.3663352677628895,1.6326844735179782,0.84038675,5.270445,-1,-9.0,-9.0,-9.0,-9.0,-9.0,0.0,0.0,0.0,0.0,0.0,0.0,0.0,0.0,0,0,False,,N,True,,0,0,0,25,3,0,0,0,2,1,0,1,0,2458,0,6,0,0,9,2
967,21.0,3.0,2,3,2,3,9,25.0,True,4,False,False,False,1217,1.8671110057660911,1.1723659545083385,61,services,False,False,-1,-9.0,-9.0,4276,6.70657698548703,-6.177780272120042,25.021328,56.656578,-1,-9.0,-9.0,-9.0,-9.0,-9.0,0.0,0.0,0.0,0.0,0.0,0.0,0.0,0.0,0,0,False,,M,True,school1,1,0,0,0,0,0,0,0,0,0,0,0,0,2459,0,6,5,16,9,2
969,30.0,1.0,2,3,3,4,13,0.0,False,0,False,False,False,1217,0.5668012684819467,1.5455484847445529,0,,False,False,-1,-9.0,-9.0,-1,-9.0,-9.0,-9.0,0.0,-1,-9.0,-9.0,-9.0,-9.0,-9.0,0.0,0.0,0.0,0.0,0.0,0.0,0.0,0.0,0,0,False,,N,True,,0,0,0,35,1,0,0,1,0,0,0,0,0,2462,0,0,0,0,1,2
969,34.0,2.0,1,1,3,1,13,47.0,False,0,True,True,False,1217,0.9215174649920392,0.7619055856793424,23,constr_maint,False,True,-1,-9.0,-9.0,-1,-9.0,-9.0,-9.0,0.0,19554,10.312074460475172,-3.8615174434091375,13.414973,7.0,25.29447,50.690533,0.0,0.0,31.159111,25.29447,0.0,0.0,5.864641,0,0,True,No_Telecommute,M,True,work1,1,1,0,0,0,0,0,0,0,0,0,0,0,2463,0,0,1,60,1,2
970,3.0,2.0,2,4,1,8,0,0.0,True,1,False,False,False,1217,0.8569823739973346,2.752380373337096,0,,False,False,-1,-9.0,-9.0,1676,10.75046596860678,5.058405419923118,0.9290628,6.734488,-1,-9.0,-9.0,-9.0,-9.0,-9.0,0.0,0.0,0.0,0.0,0.0,0.0,0.0,0.0,0,0,False,,N,True,,0,0,0,6,1,0,1,0,0,0,0,0,0,2465,0,0,0,0,2,2
970,0.0,3.0,2,4,1,8,0,0.0,True,1,False,False,False,1217,0.3807332464968811,1.0969480900565778,0,,False,False,-1,-9.0,-9.0,6344,8.71070392014544,5.447246719430209,1.3624145,8.636465,-1,-9.0,-9.0,-9.0,-9.0,-9.0,0.0,0.0,0.0,0.0,0.0,0.0,0.0,0.0,0,0,False,,M,True,school1,1,0,0,89,1,1,0,0,0,0,0,0,0,2466,0,0,0,0,2,2
971,26.0,1.0,1,3,3,4,13,47.0,False,0,False,False,False,1217,1.1543189309450612,1.2304680411874176,23,constr_maint,False,False,-1,-9.0,-9.0,-1,-9.0,-9.0,-9.0,0.0,-1,-9.0,-9.0,-9.0,-9.0,-9.0,0.0,0.0,0.0,0.0,0.0,0.0,0.0,0.0,0,0,False,,N,True,,0,0,0,66,2,0,0,2,0,0,0,1,0,2467,0,0,6,40,9,2
971,27.0,2.0,1,3,3,4,13,47.0,False,0,False,False,False,1217,0.6018137009218398,0.5919201781069608,23,constr_maint,False,False,-1,-9.0,-9.0,-1,-9.0,-9.0,-9.0,0.0,-1,-9.0,-9.0,-9.0,-9.0,-9.0,0.0,0.0,0.0,0.0,0.0,0.0,0.0,0.0,0,0,False,,N,True,,0,0,0,12,1,0,0,0,1,0,0,0,0,2468,0,0,3,30,1,1
971,25.0,3.0,1,3,3,4,13,13.0,False,0,False,False,False,1217,0.5017238150258488,1.6084096810822317,45,mngt_busi_scic_arts,False,False,-1,-9.0,-9.0,-1,-9.0,-9.0,-9.0,0.0,-1,-9.0,-9.0,-9.0,-9.0,-9.0,0.0,0.0,0.0,0.0,0.0,0.0,0.0,0.0,0,0,False,,N,True,,0,0,0,12,1,0,0,0,1,0,0,0,0,2469,0,0,0,0,9,2
972,33.0,1.0,2,1,3,1,13,13.0,False,0,True,True,False,1217,0.2007776755945421,0.6074455306505598,52,mngt_busi_scic_arts,False,True,-1,-9.0,-9.0,-1,-9.0,-9.0,-9.0,0.0,7545,12.512809407320685,-1.686674114755574,25.715902,3.0,52.196564,100.86798,0.0,5.006,52.196564,51.390816,0.0,0.0,0.805748,0,0,False,1_day_week,M,True,work1,1,1,0,1,1,0,0,0,0,1,0,0,0,2470,0,0,1,40,8,2
972,29.0,2.0,1,1,3,1,13,11.0,False,0,True,True,False,1217,1.4257083043151428,0.8335515257578552,32,mngt_busi_scic_arts,False,True,-1,-9.0,-9.0,-1,-9.0,-9.0,-9.0,0.0,23271,10.580451953071943,-2.620403066984139,2.882021,6.0,9.060778,18.260176,0.0,0.0,9.060778,9.060778,0.0,0.0,0.0,0,1,True,2_3_days_week,M,True,work1,1,1,0,0,0,0,0,0,0,0,0,0,0,2471,0,0,1,40,8,2
972,58.0,3.0,2,1,3,1,13,35.0,False,0,True,True,False,1217,0.9191754693973668,0.5529338048829485,722,services,False,True,-1,-9.0,-9.0,-1,-9.0,-9.0,-9.0,0.0,2965,10.886248643217234,-0.8274023948232904,1.1901933,6.0,4.428502,8.847911,0.0,6.459,4.428502,4.428502,0.0,0.0,0.0,0,1,False,No_Telecommute,N,True,,0,0,0,89,1,1,0,0,0,0,0,0,0,2472,0,0,1,40,8,2
973,27.0,1.0,1,1,3,1,13,11.0,False,0,True,True,False,1217,0.7081946405336167,1.130173065511401,9000,mngt_busi_scic_arts,False,True,-1,-9.0,-9.0,-1,-9.0,-9.0,-9.0,0.0,19317,11.52857385842906,-3.457607850949544,13.854237,7.0,31.177797,61.163517,0.0,0.0,31.33388,26.483961,0.0,0.0,4.8499184,0,0,True,No_Telecommute,M,True,work1,1,1,0,0,0,0,0,0,0,0,0,0,0,2473,1,0,1,40,9,2
973,27.0,2.0,2,3,2,3,13,21.0,True,4,False,False,False,1217,0.4405395178026546,0.5549617461617175,62,mngt_busi_scic_arts,False,False,-1,-9.0,-9.0,23114,7.305879656176838,-1.028185188049444,6.5514894,22.364532,-1,-9.0,-9.0,-9.0,-9.0,-9.0,0.0,0.0,0.0,0.0,0.0,0.0,0.0,0.0,0,0,False,,M,True,school1,1,0,0,0,0,0,0,0,0,0,0,0,0,2474,0,6,0,0,9,2
974,36.0,1.0,1,1,3,1,13,13.0,False,0,True,True,False,1217,0.7654880598785937,0.6636290812557963,62,mngt_busi_scic_arts,False,True,-1,-9.0,-9.0,-1,-9.0,-9.0,-9.0,0.0,4181,11.732375679780729,-6.242496102742188,40.86661,2.0,65.22916,130.39877,0.0,0.0,65.22916,64.31921,0.0,0.0,0.90995026,0,0,True,4_days_week,M,True,work1,1,1,0,0,0,0,0,0,0,0,0,0,0,2475,0,0,1,40,1,2
974,32.0,2.0,2,1,3,1,13,11.0,False,0,True,True,False,1217,0.5419393648806415,0.9994174349084772,32,mngt_busi_scic_arts,False,True,-1,-9.0,-9.0,-1,-9.0,-9.0,-9.0,0.0,5313,11.776448812717264,-0.2894988100384131,0.84038675,6.0,2.426598,5.2930465,0.0,0.0,2.426598,2.426598,0.0,0.0,0.0,0,1,True,No_Telecommute,M,True,work1,1,1,0,1,1,0,0,0,0,1,0,0,0,2476,0,0,1,40,5,2
975,36.0,1.0,1,1,3,1,13,13.0,False,0,True,True,False,1217,3.414262258449358,2.007651890735888,62,mngt_busi_scic_arts,False,True,-1,-9.0,-9.0,-1,-9.0,-9.0,-9.0,0.0,13596,8.738679577985929,-6.123119015197197,10.285569,6.0,26.06103,58.76832,0.0,0.0,26.06103,26.06103,0.0,0.0,0.0,0,1,False,2_3_days_week,N,True,,0,0,1,12,1,0,0,1,1,0,0,1,0,2477,0,0,1,40,1,2
975,32.0,2.0,2,1,3,1,13,11.0,False,0,True,True,False,1217,0.8591546517982672,0.4625755623298512,32,mngt_busi_scic_arts,False,True,-1,-9.0,-9.0,-1,-9.0,-9.0,-9.0,0.0,1411,11.073210654347948,-0.7629903324590209,0.9872202,6.0,3.9064054,7.5476794,0.0,6.384,3.9064054,3.9064054,0.0,0.0,0.0,0,0,False,No_Telecommute,M,True,work1,1,1,1,0,0,0,0,0,0,0,0,0,0,2478,0,0,1,40,5,2
976,29.0,1.0,1,1,3,1,13,55.0,False,0,True,True,False,1217,1.1738324166575644,1.1108476707965895,9000,military,False,True,-1,-9.0,-9.0,-1,-9.0,-9.0,-9.0,0.0,5878,9.719619765157542,-3.245124810077046,10.285569,6.0,26.06103,58.76832,0.0,0.0,26.06103,26.06103,0.0,0.0,0.0,0,0,False,No_Telecommute,M,True,work1,1,1,0,0,0,0,0,0,0,0,0,0,0,2479,1,0,1,50,9,2
976,30.0,2.0,2,2,3,2,13,35.0,False,0,True,True,False,1217,1.073041843486352,0.9614022262007992,722,services,False,True,-1,-9.0,-9.0,-1,-9.0,-9.0,-9.0,0.0,9901,9.764032957212054,-0.6637928915366684,1.0690557,6.0,3.8169785,7.629344,0.0,0.0,3.8169785,3.8169785,0.0,0.0,0.0,0,0,False,No_Telecommute,M,True,work2,2,2,1,156,2,2,0,0,0,0,1,0,0,2480,0,0,6,24,1,1
976,14.0,3.0,2,4,1,7,0,0.0,True,2,False,False,False,1217,0.4856827582626335,1.005533818345189,0,,False,False,-1,-9.0,-9.0,16896,4.284006870183587,-2.6497136378879165,20.749233,73.79108,-1,-9.0,-9.0,-9.0,-9.0,-9.0,0.0,0.0,0.0,0.0,0.0,0.0,0.0,0.0,0,0,False,,N,True,,0,0,0,3,1,0,0,0,0,0,1,0,0,2481,0,2,0,0,9,2
976,2.0,5.0,2,4,1,8,0,0.0,True,1,False,False,False,1217,0.5644475228973181,1.6168419006569397,0,,False,False,-1,-9.0,-9.0,1399,8.087105902922485,6.544027974465218,0.7014243,4.607211,-1,-9.0,-9.0,-9.0,-9.0,-9.0,0.0,0.0,0.0,0.0,0.0,0.0,0.0,0.0,0,0,False,,N,True,,0,0,1,179,3,2,0,1,0,0,0,0,0,2483,0,0,0,0,9,2
977,29.0,1.0,1,1,3,1,13,55.0,False,0,True,True,False,1217,1.8428724089608308,0.7339830891564836,9000,military,False,True,-1,-9.0,-9.0,-1,-9.0,-9.0,-9.0,0.0,1380,9.181007022849812,-6.703019403651294,18.685684,6.0,48.2649,103.49184,0.0,0.0,48.2649,48.2649,0.0,0.0,0.0,0,0,False,No_Telecommute,M,True,work1,1,1,0,89,1,1,0,0,0,0,0,0,0,2485,1,0,1,50,9,2
977,30.0,2.0,2,2,3,2,13,35.0,False,0,True,False,True,1217,0.7358387465796815,2.038586354119248,722,services,False,True,24333,5.209589353771044,-2.800049400120213,-1,-9.0,-9.0,-9.0,0.0,24333,5.209589353771044,-2.800049400120213,20.258041,-9.0,21.042528,42.366158,0.0,0.0,0.0,0.0,0.0,0.0,0.0,0,0,True,No_Telecommute,N,True,,0,0,0,12,4,3,0,0,1,0,0,0,0,2486,0,0,6,24,1,1
977,14.0,3.0,2,4,1,7,0,0.0,True,2,False,False,False,1217,0.5160533180263802,0.9791443906752212,0,,False,False,-1,-9.0,-9.0,16315,7.493775304107977,-0.7212023636767072,4.6104226,21.302906,-1,-9.0,-9.0,-9.0,-9.0,-9.0,0.0,0.0,0.0,0.0,0.0,0.0,0.0,0.0,0,0,False,,M,True,school1,1,0,0,0,0,0,0,0,0,0,0,0,0,2487,0,2,0,0,9,2
977,4.0,4.0,2,4,1,8,0,0.0,True,1,False,False,False,1217,0.4946066095933282,0.9867796738692904,0,,False,False,-1,-9.0,-9.0,2306,11.330526463031449,5.478229760378944,1.3670502,8.812139,-1,-9.0,-9.0,-9.0,-9.0,-9.0,0.0,0.0,0.0,0.0,0.0,0.0,0.0,0.0,0,0,False,,N,True,,0,0,0,156,2,2,0,0,0,0,0,0,0,2488,0,0,0,0,9,2
977,2.0,5.0,2,4,1,8,0,0.0,True,1,False,False,False,1217,1.0729828885039263,0.5967922554979381,0,,False,False,-1,-9.0,-9.0,3481,7.795797090415496,6.203313445807549,0.43876505,2.974381,-1,-9.0,-9.0,-9.0,-9.0,-9.0,0.0,0.0,0.0,0.0,0.0,0.0,0.0,0.0,0,0,False,,M,True,school1,1,0,0,0,0,0,0,0,0,0,0,0,0,2489,0,0,0,0,9,2
978,29.0,1.0,1,1,3,1,13,55.0,False,0,True,True,False,1217,0.3908423709575512,0.2419975450595135,9000,military,False,True,-1,-9.0,-9.0,-1,-9.0,-9.0,-9.0,0.0,5878,10.981258829647167,-1.428744104042125,10.285569,6.0,26.06103,58.76832,0.0,0.0,26.06103,26.06103,0.0,0.0,0.0,0,0,False,2_3_days_week,M,True,work1,1,1,0,0,1,1,0,0,0,0,0,0,0,2491,1,0,1,50,9,2
978,30.0,2.0,2,2,3,2,13,35.0,False,0,True,True,False,1217,0.4409545638609271,1.3999137346002086,722,services,False,True,-1,-9.0,-9.0,-1,-9.0,-9.0,-9.0,0.0,23926,10.597378804841728,-0.5094230289436459,3.6357894,6.0,9.716517,19.414139,0.0,0.0,9.716517,9.716517,0.0,0.0,0.0,0,0,False,No_Telecommute,M,True,work2,2,2,0,156,2,2,0,0,0,0,0,0,0,2492,0,0,6,24,1,1
978,14.0,3.0,2,4,1,7,0,0.0,True,2,False,False,False,1217,0.539191435326962,0.921587639107803,0,,False,False,-1,-9.0,-9.0,4962,7.597127136999464,6.514010101443172,0.3803308,2.2819924,-1,-9.0,-9.0,-9.0,-9.0,-9.0,0.0,0.0,0.0,0.0,0.0,0.0,0.0,0.0,0,0,False,,M,True,school1,1,0,0,0,0,0,0,0,0,0,0,0,0,2493,0,2,0,0,9,2
979,53.0,1.0,2,3,3,4,13,0.0,False,0,False,False,False,1217,0.2528811835556656,0.535861551091568,0,,False,False,-1,-9.0,-9.0,-1,-9.0,-9.0,-9.0,0.0,-1,-9.0,-9.0,-9.0,-9.0,-9.0,0.0,0.0,0.0,0.0,0.0,0.0,0.0,0.0,0,1,False,,N,True,,0,0,0,35,1,0,0,1,0,0,0,0,0,2497,0,0,0,0,9,2
979,52.0,2.0,1,1,3,1,13,51.0,False,0,True,True,False,1217,0.9154730579080916,1.2416695350673028,22,prod_trans_move,False,True,-1,-9.0,-9.0,-1,-9.0,-9.0,-9.0,0.0,13532,11.940404826701975,-0.0579265093773846,3.480519,6.0,10.999303,21.180828,0.0,0.0,10.999303,10.076998,0.0,0.0,0.9223051,0,1,True,No_Telecommute,M,True,work1,1,1,0,35,1,0,0,1,0,0,0,0,0,2498,0,0,1,40,9,2
980,30.0,1.0,1,1,3,1,13,29.0,False,0,True,True,False,1217,1.108116837600842,1.1092636758963443,9000,health,False,True,-1,-9.0,-9.0,-1,-9.0,-9.0,-9.0,0.0,18412,10.323060606089076,-4.017714583923998,10.459376,7.0,25.08661,48.699394,0.0,0.0,25.08661,23.8065,0.0,0.0,1.2801113,0,1,True,No_Telecommute,M,True,work1,1,1,0,0,0,0,0,0,0,0,0,0,0,2499,1,0,1,40,8,2
980,31.0,2.0,2,1,3,1,13,11.0,False,0,True,True,False,1217,0.5480726107943786,0.8899938852756274,32,mngt_busi_scic_arts,False,True,-1,-9.0,-9.0,-1,-9.0,-9.0,-9.0,0.0,23571,11.706768399836474,-2.9858010979102296,21.135172,7.0,36.250645,71.21971,0.0,0.0,36.250645,36.250645,0.0,0.0,0.0,0,0,False,No_Telecommute,M,True,work1,1,1,0,0,0,0,0,0,0,0,0,0,0,2500,0,0,1,40,8,2
983,80.0,1.0,2,3,3,5,13,0.0,False,0,False,False,False,1217,0.6770224946515554,1.0507157760783057,0,,False,False,-1,-9.0,-9.0,-1,-9.0,-9.0,-9.0,0.0,-1,-9.0,-9.0,-9.0,-9.0,-9.0,0.0,0.0,0.0,0.0,0.0,0.0,0.0,0.0,0,0,False,,N,True,,0,0,0,6,1,0,1,0,0,0,0,0,0,2503,0,0,0,0,1,1
984,63.0,1.0,1,3,3,4,13,0.0,False,0,False,False,False,1217,1.2343928724594448,2.3801179862297066,0,,False,False,-1,-9.0,-9.0,-1,-9.0,-9.0,-9.0,0.0,-1,-9.0,-9.0,-9.0,-9.0,-9.0,0.0,0.0,0.0,0.0,0.0,0.0,0.0,0.0,0,1,False,,N,True,,0,0,0,12,1,0,0,0,1,0,0,0,0,2504,0,0,0,0,1,1
984,63.0,2.0,2,3,3,4,13,0.0,False,0,False,False,False,1217,1.087572508530548,1.3461656226038374,0,,False,False,-1,-9.0,-9.0,-1,-9.0,-9.0,-9.0,0.0,-1,-9.0,-9.0,-9.0,-9.0,-9.0,0.0,0.0,0.0,0.0,0.0,0.0,0.0,0.0,0,0,False,,N,True,,0,0,0,1,1,0,0,0,0,1,0,0,0,2505,0,0,0,0,1,1
985,21.0,1.0,1,1,3,1,9,55.0,False,0,True,True,False,1217,0.7161567225375881,0.451021534573561,9000,military,False,True,-1,-9.0,-9.0,-1,-9.0,-9.0,-9.0,0.0,7369,10.237534682008093,-1.494996053708819,3.3966637,6.0,7.572586,21.316898,0.0,0.0,7.572586,7.572586,0.0,0.0,0.0,0,0,True,No_Telecommute,M,True,work1,1,1,0,0,0,0,0,0,0,0,0,0,0,2506,1,0,1,42,9,2
985,20.0,2.0,2,3,3,4,9,41.0,False,0,False,False,False,1217,0.5434333683232668,0.5581529588105598,44,sales_office,False,False,-1,-9.0,-9.0,-1,-9.0,-9.0,-9.0,0.0,-1,-9.0,-9.0,-9.0,-9.0,-9.0,0.0,0.0,0.0,0.0,0.0,0.0,0.0,0.0,0,0,False,,N,True,,0,0,0,1,1,0,0,0,0,1,0,0,0,2507,0,0,0,0,9,2
986,39.0,1.0,1,1,3,1,13,55.0,False,0,True,True,False,1217,1.0714680753005337,0.7090316166164052,9000,military,False,True,-1,-9.0,-9.0,-1,-9.0,-9.0,-9.0,0.0,5878,10.354794432861464,-2.6365943685889524,10.285569,6.0,26.06103,58.76832,0.0,0.0,26.06103,26.06103,0.0,0.0,0.0,0,0,True,No_Telecommute,N,True,,0,0,0,12,5,4,0,0,1,0,0,0,0,2509,1,0,1,50,9,1
986,37.0,2.0,2,3,3,4,13,0.0,False,0,False,False,False,1217,1.612408391919143,0.7922776536640809,0,,False,False,-1,-9.0,-9.0,-1,-9.0,-9.0,-9.0,0.0,-1,-9.0,-9.0,-9.0,-9.0,-9.0,0.0,0.0,0.0,0.0,0.0,0.0,0.0,0.0,0,0,False,,N,True,,0,0,0,77,5,2,0,2,1,0,0,2,0,2510,0,0,0,0,1,1
986,9.0,3.0,2,4,1,7,0,0.0,True,2,False,False,False,1217,1.5244776821915336,0.7182132836650692,0,,False,False,-1,-9.0,-9.0,7211,7.054060784443802,4.14617304735764,0.3803308,2.2819924,-1,-9.0,-9.0,-9.0,-9.0,-9.0,0.0,0.0,0.0,0.0,0.0,0.0,0.0,0.0,0,0,False,,M,True,school1,1,0,0,0,0,0,0,0,0,0,0,0,0,2511,0,2,0,0,1,1
986,6.0,4.0,1,4,1,7,0,0.0,True,2,False,False,False,1217,0.5138295423204768,0.7917694793846,0,,False,False,-1,-9.0,-9.0,16064,4.764199994832124,0.2298031197174999,6.2193036,22.630795,-1,-9.0,-9.0,-9.0,-9.0,-9.0,0.0,0.0,0.0,0.0,0.0,0.0,0.0,0.0,0,0,False,,M,True,school1,1,0,0,0,0,0,0,0,0,0,0,0,0,2512,0,2,0,0,1,1
986,4.0,6.0,2,4,1,8,0,0.0,True,1,False,False,False,1217,1.3306736196176991,0.4959513530332987,0,,False,False,-1,-9.0,-9.0,4962,7.479018306919923,5.577106825213083,0.3803308,2.2819924,-1,-9.0,-9.0,-9.0,-9.0,-9.0,0.0,0.0,0.0,0.0,0.0,0.0,0.0,0.0,0,0,False,,M,True,school1,1,0,0,0,0,0,0,0,0,0,0,0,0,2514,0,0,0,0,1,1
987,64.0,1.0,2,2,3,2,13,21.0,False,0,True,True,False,1276,0.5188990799734152,0.9991734268155916,81,mngt_busi_scic_arts,False,True,-1,-9.0,-9.0,-1,-9.0,-9.0,-9.0,0.0,14290,10.263252865005397,-3.895089497253394,28.130796,3.0,58.46944,113.33607,0.0,0.0,58.46944,57.037807,0.0,0.0,1.431633,0,0,True,No_Telecommute,N,True,,0,0,1,120,2,1,0,1,0,0,1,0,0,2515,0,0,1,15,9,2
987,29.0,2.0,1,1,3,1,13,41.0,False,0,True,True,False,1276,0.523727492789328,0.763109090428009,44,sales_office,False,True,-1,-9.0,-9.0,-1,-9.0,-9.0,-9.0,0.0,6190,12.082900860172282,-3.630815005492918,24.71405,3.0,55.205082,109.091446,0.0,0.0,55.205082,55.15136,0.0,0.0,0.05372238,1,0,True,No_Telecommute,M,True,work1,1,1,1,0,0,0,0,0,0,0,0,0,0,2516,0,0,1,40,9,2
989,94.0,2.0,2,3,3,5,13,0.0,False,0,False,False,False,1276,0.4248547039381252,0.4794125240309049,0,,False,False,-1,-9.0,-9.0,-1,-9.0,-9.0,-9.0,0.0,-1,-9.0,-9.0,-9.0,-9.0,-9.0,0.0,0.0,0.0,0.0,0.0,0.0,0.0,0.0,0,0,False,,N,True,,0,0,0,89,1,1,0,0,0,0,0,0,0,2520,0,0,0,0,9,2
990,34.0,1.0,2,1,3,1,13,41.0,False,0,True,True,False,1276,0.9827200702603176,0.8373703912172173,33,sales_office,False,True,-1,-9.0,-9.0,-1,-9.0,-9.0,-9.0,0.0,13129,11.25749650024878,-0.7530122095301879,1.643763,6.0,5.020234,9.736048,0.0,0.0,5.020234,4.9439473,0.0,0.0,0.07628679,0,0,False,2_3_days_week,N,True,,0,0,0,35,7,6,0,1,0,0,0,0,0,2522,0,0,1,40,1,2
990,16.0,2.0,2,3,1,6,0,0.0,True,3,False,False,False,1276,2.073414680633896,0.4483353225864055,0,,False,False,-1,-9.0,-9.0,7004,10.70945441199119,5.182638029453421,0.18573597,1.19381,-1,-9.0,-9.0,-9.0,-9.0,-9.0,0.0,0.0,0.0,0.0,0.0,0.0,0.0,0.0,0,0,False,,M,True,school1,1,0,0,12,1,0,0,0,1,0,0,0,0,2523,0,5,0,0,1,2
990,15.0,3.0,2,4,1,7,0,0.0,True,3,False,False,False,1276,0.4240778459079843,0.8720351231913129,0,,False,False,-1,-9.0,-9.0,7004,11.233455958890966,6.968298044532636,0.18573597,1.19381,-1,-9.0,-9.0,-9.0,-9.0,-9.0,0.0,0.0,0.0,0.0,0.0,0.0,0.0,0.0,0,0,False,,M,True,school1,1,0,0,0,0,0,0,0,0,0,0,0,0,2524,0,5,0,0,1,2
990,14.0,4.0,2,4,1,7,0,0.0,True,2,False,False,False,1276,0.8442508328991639,0.7602238622985709,0,,False,False,-1,-9.0,-9.0,16784,4.166876241506919,-2.5971561808427954,13.337041,50.51408,-1,-9.0,-9.0,-9.0,-9.0,-9.0,0.0,0.0,0.0,0.0,0.0,0.0,0.0,0.0,0,0,False,,M,True,school1,1,0,0,0,0,0,0,0,0,0,0,0,0,2525,0,5,0,0,1,2
990,12.0,5.0,1,4,1,7,0,0.0,True,2,False,False,False,1276,1.7495535019058794,0.9426995888319948,0,,False,False,-1,-9.0,-9.0,9910,0.348480527405126,-4.7263086811563975,18.33328,64.319244,-1,-9.0,-9.0,-9.0,-9.0,-9.0,0.0,0.0,0.0,0.0,0.0,0.0,0.0,0.0,0,0,False,,M,True,school1,1,0,0,0,0,0,0,0,0,0,0,0,0,2526,0,2,0,0,1,2
990,8.0,6.0,1,4,1,7,0,0.0,True,2,False,False,False,1276,1.2654550717277937,0.8751599522485135,0,,False,False,-1,-9.0,-9.0,5702,4.16643292654685,-3.42331245828728,19.572674,40.80777,-1,-9.0,-9.0,-9.0,-9.0,-9.0,0.0,0.0,0.0,0.0,0.0,0.0,0.0,0.0,0,0,False,,M,True,school1,1,0,0,0,0,0,0,0,0,0,0,0,0,2527,0,2,0,0,1,2
991,34.0,1.0,2,1,3,1,13,41.0,False,0,True,True,False,1276,0.5958376193149257,0.7749187224483322,33,sales_office,False,True,-1,-9.0,-9.0,-1,-9.0,-9.0,-9.0,0.0,6926,11.924986737324105,-4.193551746020672,29.919542,3.0,55.47939,109.08919,0.0,0.0,55.56076,55.47939,0.0,0.0,0.08137131,0,0,True,No_Telecommute,M,True,work1,1,1,0,89,1,1,0,0,0,0,0,0,0,2528,0,0,1,40,1,2
991,16.0,2.0,2,3,1,6,0,0.0,True,3,False,False,False,1276,1.025117586080747,0.4550221843487522,0,,False,False,-1,-9.0,-9.0,7004,10.912713669744914,5.51266783716112,0.18573597,1.19381,-1,-9.0,-9.0,-9.0,-9.0,-9.0,0.0,0.0,0.0,0.0,0.0,0.0,0.0,0.0,0,0,False,,M,True,school1,1,0,0,1,1,0,0,0,0,1,0,0,0,2529,0,5,0,0,1,2
991,15.0,3.0,2,4,1,7,0,0.0,True,3,False,False,False,1276,1.594472504702814,0.702767232640609,0,,False,False,-1,-9.0,-9.0,7004,10.983717141629384,6.140716786563345,0.18573597,1.19381,-1,-9.0,-9.0,-9.0,-9.0,-9.0,0.0,0.0,0.0,0.0,0.0,0.0,0.0,0.0,0,0,False,,M,True,school1,1,0,0,89,1,1,0,0,0,0,0,0,0,2530,0,5,0,0,1,2
991,14.0,4.0,2,4,1,7,0,0.0,True,2,False,False,False,1276,1.0789612561875366,0.948354086749404,0,,False,False,-1,-9.0,-9.0,5702,3.832238576239647,-2.849219517590568,19.572674,40.80777,-1,-9.0,-9.0,-9.0,-9.0,-9.0,0.0,0.0,0.0,0.0,0.0,0.0,0.0,0.0,0,0,False,,M,True,school1,1,0,0,0,0,0,0,0,0,0,0,0,0,2531,0,5,0,0,1,2
991,12.0,5.0,1,4,1,7,0,0.0,True,2,False,False,False,1276,0.5608255935930141,1.7666654536128656,0,,False,False,-1,-9.0,-9.0,23872,7.179581390869673,5.098230211390822,1.3371154,9.250225,-1,-9.0,-9.0,-9.0,-9.0,-9.0,0.0,0.0,0.0,0.0,0.0,0.0,0.0,0.0,0,0,False,,M,True,school1,1,0,0,0,0,0,0,0,0,0,0,0,0,2532,0,2,0,0,1,2
991,8.0,6.0,1,4,1,7,0,0.0,True,2,False,False,False,1276,0.396425487878892,0.6439653165952777,0,,False,False,-1,-9.0,-9.0,23872,7.454025017888672,5.698650055814831,1.3371154,9.250225,-1,-9.0,-9.0,-9.0,-9.0,-9.0,0.0,0.0,0.0,0.0,0.0,0.0,0.0,0.0,0,0,False,,M,True,school1,1,0,0,0,0,0,0,0,0,0,0,0,0,2533,0,2,0,0,1,2
992,62.0,1.0,1,3,3,4,13,23.0,False,0,False,False,False,1276,0.8164920047097312,1.7064780606953618,54,mngt_busi_scic_arts,False,False,-1,-9.0,-9.0,-1,-9.0,-9.0,-9.0,0.0,-1,-9.0,-9.0,-9.0,-9.0,-9.0,0.0,0.0,0.0,0.0,0.0,0.0,0.0,0.0,0,0,False,,N,True,,0,0,0,47,2,0,0,1,1,0,0,1,0,2534,0,0,0,0,1,2
993,66.0,1.0,2,3,3,5,13,29.0,False,0,False,False,False,1276,0.3601765867539619,0.6187390574869723,62,health,False,False,-1,-9.0,-9.0,-1,-9.0,-9.0,-9.0,0.0,-1,-9.0,-9.0,-9.0,-9.0,-9.0,0.0,0.0,0.0,0.0,0.0,0.0,0.0,0.0,0,0,False,,N,True,,0,0,0,2,2,0,0,0,0,2,0,0,1,2535,0,0,0,0,1,1
994,32.0,1.0,1,1,3,1,13,33.0,False,0,True,True,False,1276,1.0547002939644057,1.2795825301823005,92,services,False,True,-1,-9.0,-9.0,-1,-9.0,-9.0,-9.0,0.0,12707,10.995714893290648,-6.73305775207939,25.920044,3.0,52.063934,102.47354,0.0,6.906,60.19576,52.063934,0.0,0.0,8.1318245,0,0,True,No_Telecommute,M,True,work1,1,1,0,0,0,0,0,0,0,0,0,0,0,2536,0,0,1,52,1,2
994,24.0,2.0,2,3,2,3,13,41.0,True,4,False,False,False,1276,0.4419748225406584,1.103172410969999,44,sales_office,False,False,-1,-9.0,-9.0,19370,7.2237798894484015,-1.5742619182563848,14.647748,36.292282,-1,-9.0,-9.0,-9.0,-9.0,-9.0,0.0,0.0,0.0,0.0,0.0,0.0,0.0,0.0,0,0,False,,M,True,school1,1,0,0,0,0,0,0,0,0,0,0,0,0,2537,0,6,4,20,1,2
995,62.0,1.0,1,3,3,4,13,43.0,False,0,False,False,False,1276,1.491240070116573,0.4831217884295731,49,sales_office,False,False,-1,-9.0,-9.0,-1,-9.0,-9.0,-9.0,0.0,-1,-9.0,-9.0,-9.0,-9.0,-9.0,0.0,0.0,0.0,0.0,0.0,0.0,0.0,0.0,0,0,False,,N,True,,0,0,0,12,1,0,0,0,1,0,0,0,0,2538,0,0,4,40,1,2
996,33.0,1.0,1,1,3,1,13,51.0,False,0,True,True,False,1276,1.0335606332857017,0.6359103582219636,32,prod_trans_move,False,True,-1,-9.0,-9.0,-1,-9.0,-9.0,-9.0,0.0,23041,10.650090050592112,-3.440672181398692,9.032948,6.0,21.212412,42.892754,0.0,0.0,21.212412,21.212412,0.0,0.0,0.0,0,0,True,No_Telecommute,M,True,work1,1,1,0,156,2,2,0,0,0,0,0,0,0,2539,0,0,1,40,1,2
996,29.0,2.0,2,2,3,2,13,31.0,False,0,True,True,False,1276,0.8756967619944729,0.2185692670877847,62,health,False,True,-1,-9.0,-9.0,-1,-9.0,-9.0,-9.0,0.0,18844,9.413339040912511,-2.407409006552865,7.1257067,6.0,18.291458,35.104874,0.0,0.0,18.291458,18.02485,0.0,0.0,0.26660728,0,0,True,No_Telecommute,M,True,work1,1,1,0,0,0,0,0,0,0,0,0,0,0,2540,0,0,6,9,1,2
996,14.0,3.0,1,4,1,7,0,0.0,True,2,False,False,False,1276,0.5095427867635568,0.8992721097274065,0,,False,False,-1,-9.0,-9.0,4962,7.045390605816946,5.801998896725584,0.605197,4.3422327,-1,-9.0,-9.0,-9.0,-9.0,-9.0,0.0,0.0,0.0,0.0,0.0,0.0,0.0,0.0,0,0,False,,M,True,school1,1,0,0,0,0,0,0,0,0,0,0,0,0,2541,0,2,0,0,1,2
996,9.0,4.0,1,4,1,7,0,0.0,True,2,False,False,False,1276,0.6654495974298709,0.7633287499748672,0,,False,False,-1,-9.0,-9.0,23872,6.92034555031422,4.010366124245206,1.3371154,9.250225,-1,-9.0,-9.0,-9.0,-9.0,-9.0,0.0,0.0,0.0,0.0,0.0,0.0,0.0,0.0,0,0,False,,M,True,school1,1,0,0,0,0,0,0,0,0,0,0,0,0,2542,0,2,0,0,1,2
996,7.0,5.0,1,4,1,7,0,0.0,True,2,False,False,False,1276,1.0541971085436967,0.1847609466303349,0,,False,False,-1,-9.0,-9.0,12376,4.192667319784812,-3.0309897876877296,21.728374,47.81598,-1,-9.0,-9.0,-9.0,-9.0,-9.0,0.0,0.0,0.0,0.0,0.0,0.0,0.0,0.0,0,0,False,,M,True,school1,1,0,0,0,0,0,0,0,0,0,0,0,0,2543,0,2,0,0,1,2
996,6.0,6.0,1,4,1,7,0,0.0,True,2,False,False,False,1276,0.70240199753918,0.723176838355616,0,,False,False,-1,-9.0,-9.0,23872,6.828008219201943,3.871490628445507,1.3371154,9.250225,-1,-9.0,-9.0,-9.0,-9.0,-9.0,0.0,0.0,0.0,0.0,0.0,0.0,0.0,0.0,0,0,False,,M,True,school1,1,0,0,0,0,0,0,0,0,0,0,0,0,2544,0,2,0,0,1,2
996,60.0,8.0,2,3,3,4,13,27.0,False,0,False,False,False,1276,2.18526765094028,0.7584170359117367,45,mngt_busi_scic_arts,False,False,-1,-9.0,-9.0,-1,-9.0,-9.0,-9.0,0.0,-1,-9.0,-9.0,-9.0,-9.0,-9.0,0.0,0.0,0.0,0.0,0.0,0.0,0.0,0.0,0,0,False,,N,True,,0,0,0,48,7,4,0,1,1,1,0,1,0,2546,0,0,6,40,1,2
997,50.0,1.0,2,1,3,1,13,41.0,False,0,True,True,False,1276,2.898719012572431,1.939281807854446,52,sales_office,False,True,-1,-9.0,-9.0,-1,-9.0,-9.0,-9.0,0.0,13127,8.578774677281348,-3.404953369759349,1.643763,6.0,5.020234,9.736048,0.0,0.0,5.020234,4.9439473,0.0,0.0,0.07628679,0,0,False,2_3_days_week,N,True,,0,0,0,1,1,0,0,0,0,1,0,0,0,2547,0,0,1,40,1,2
997,26.0,2.0,2,2,3,2,13,43.0,False,0,True,True,False,1276,0.3618567349044845,0.8876150306198411,56,sales_office,False,True,-1,-9.0,-9.0,-1,-9.0,-9.0,-9.0,0.0,23883,10.808850640836882,-0.5444632024321203,2.8935785,6.0,8.913189,17.074572,0.0,0.0,8.913189,8.913189,0.0,0.0,0.0,0,0,False,2_3_days_week,N,True,,0,0,0,35,1,0,0,1,0,0,0,0,0,2548,0,0,3,12,1,2
998,63.0,1.0,2,3,3,4,13,0.0,False,0,False,False,False,1276,0.7786606835900307,0.8847466240224933,0,,False,False,-1,-9.0,-9.0,-1,-9.0,-9.0,-9.0,0.0,-1,-9.0,-9.0,-9.0,-9.0,-9.0,0.0,0.0,0.0,0.0,0.0,0.0,0.0,0.0,0,1,False,,N,True,,0,0,0,1,1,0,0,0,0,1,0,0,0,2549,0,0,0,0,1,2
999,56.0,1.0,2,2,3,2,13,37.0,False,0,True,True,False,1276,1.3752997074255178,0.9638829280760488,81,services,False,True,-1,-9.0,-9.0,-1,-9.0,-9.0,-9.0,0.0,13130,9.274352128578544,-1.645703280643077,1.643763,6.0,5.020234,9.736048,0.0,0.0,5.020234,4.9439473,0.0,0.0,0.07628679,0,0,True,1_day_week,N,True,,0,0,0,2,2,0,0,0,0,2,0,0,1,2550,0,0,2,30,1,2
999,57.0,2.0,1,3,3,4,13,0.0,False,0,False,False,False,1276,0.6756740334965651,0.5256721716218737,0,,False,False,-1,-9.0,-9.0,-1,-9.0,-9.0,-9.0,0.0,-1,-9.0,-9.0,-9.0,-9.0,-9.0,0.0,0.0,0.0,0.0,0.0,0.0,0.0,0.0,0,0,False,,N,True,,0,0,0,3,1,0,0,0,0,0,1,0,0,2551,0,0,0,0,1,2
999,26.0,3.0,1,3,3,4,13,99.0,False,0,False,False,False,1276,0.4423464996052031,0.5004929506143968,99,,False,False,-1,-9.0,-9.0,-1,-9.0,-9.0,-9.0,0.0,-1,-9.0,-9.0,-9.0,-9.0,-9.0,0.0,0.0,0.0,0.0,0.0,0.0,0.0,0.0,0,0,False,,N,True,,0,0,0,15,2,0,0,0,1,0,1,0,0,2552,0,0,0,0,1,2
1000,63.0,1.0,1,3,3,4,13,0.0,False,0,False,False,False,1276,1.3091992666550127,0.533956710752754,0,,False,False,-1,-9.0,-9.0,-1,-9.0,-9.0,-9.0,0.0,-1,-9.0,-9.0,-9.0,-9.0,-9.0,0.0,0.0,0.0,0.0,0.0,0.0,0.0,0.0,0,1,False,,N,True,,0,0,0,13,2,0,0,0,1,1,0,0,0,2553,0,0,0,0,1,2
1000,61.0,2.0,2,3,3,4,13,0.0,False,0,False,False,False,1276,0.9204332230197484,2.5551099236682933,0,,False,False,-1,-9.0,-9.0,-1,-9.0,-9.0,-9.0,0.0,-1,-9.0,-9.0,-9.0,-9.0,-9.0,0.0,0.0,0.0,0.0,0.0,0.0,0.0,0.0,0,0,False,,N,True,,0,0,0,1,1,0,0,0,0,1,0,0,0,2554,0,0,0,0,1,1
1001,53.0,1.0,1,3,3,4,13,13.0,False,0,False,False,False,1276,0.2904441696039885,1.473743350002229,53,mngt_busi_scic_arts,False,False,-1,-9.0,-9.0,-1,-9.0,-9.0,-9.0,0.0,-1,-9.0,-9.0,-9.0,-9.0,-9.0,0.0,0.0,0.0,0.0,0.0,0.0,0.0,0.0,0,0,False,,N,True,,0,0,0,35,1,0,0,1,0,0,0,0,0,2555,0,0,6,40,8,2
1002,30.0,1.0,1,3,3,4,13,27.0,False,0,False,False,False,1276,0.6544206519189504,0.4091490495560052,92,mngt_busi_scic_arts,False,False,-1,-9.0,-9.0,-1,-9.0,-9.0,-9.0,0.0,-1,-9.0,-9.0,-9.0,-9.0,-9.0,0.0,0.0,0.0,0.0,0.0,0.0,0.0,0.0,0,0,False,,N,True,,0,0,0,12,1,0,0,0,1,0,0,0,0,2556,0,0,1,60,8,2
1002,27.0,2.0,2,2,2,3,13,25.0,True,4,True,True,False,1276,0.3714572830899121,0.5689272412088751,61,services,False,True,-1,-9.0,-9.0,20261,7.216073900385848,-1.6955696008405936,16.441828,39.064632,15673,12.04004907539724,-1.934588314024824,12.477972,6.0,25.424267,51.51287,0.0,0.0,25.424267,25.424267,0.0,0.0,0.0,0,0,True,No_Telecommute,M,True,work2,2,2,0,0,0,0,0,0,0,0,0,0,0,2557,0,6,1,30,8,2
1003,27.0,1.0,2,1,3,1,13,55.0,False,0,True,True,False,1276,0.3479879794530837,0.7136698987277246,9000,military,False,True,-1,-9.0,-9.0,-1,-9.0,-9.0,-9.0,0.0,5878,10.602046954182104,-1.041334684163204,9.933168,6.0,25.308235,55.82447,0.0,0.0,25.308235,25.308235,0.0,0.0,0.0,0,0,False,No_Telecommute,M,True,work1,1,1,0,0,0,0,0,0,0,0,0,0,0,2558,1,0,1,70,1,1
1003,27.0,2.0,1,1,3,1,13,25.0,False,0,True,True,False,1276,1.0864021881718935,1.7016675047048502,9000,services,False,True,-1,-9.0,-9.0,-1,-9.0,-9.0,-9.0,0.0,7004,11.052823513232884,0.1194032940330845,0.18573597,6.0,0.5977014,1.1957804,0.0,0.0,0.5977014,0.5977014,0.0,0.0,0.0,0,0,False,No_Telecommute,N,True,,0,0,0,24,2,0,0,0,2,0,0,1,0,2559,1,0,1,99,8,2
1004,60.0,2.0,2,3,3,4,13,0.0,False,0,False,False,False,1276,1.7988190207621393,0.4768556045711296,0,,False,False,-1,-9.0,-9.0,-1,-9.0,-9.0,-9.0,0.0,-1,-9.0,-9.0,-9.0,-9.0,-9.0,0.0,0.0,0.0,0.0,0.0,0.0,0.0,0.0,0,0,False,,N,True,,0,0,0,12,1,0,0,0,1,0,0,0,0,2561,0,0,0,0,1,2
1007,29.0,1.0,1,1,3,1,13,43.0,False,0,True,True,False,1276,0.5585555796110757,0.4015025516613504,54,sales_office,False,True,-1,-9.0,-9.0,-1,-9.0,-9.0,-9.0,0.0,18820,12.194103163038756,-1.586930554874697,6.856659,6.0,13.874088,28.611357,0.0,0.0,13.874088,13.874088,0.0,0.0,0.0,0,1,True,No_Telecommute,M,True,work1,1,1,0,0,0,0,0,0,0,0,0,0,0,2565,0,6,1,80,8,2
1007,28.0,2.0,2,1,3,1,13,29.0,False,0,True,True,False,1276,0.6250501279478643,1.211118962244462,62,health,False,True,-1,-9.0,-9.0,-1,-9.0,-9.0,-9.0,0.0,18739,10.912411377791576,-1.92615645740314,8.478175,7.0,17.060398,33.840378,0.0,0.0,17.060398,17.060398,0.0,0.0,0.0,1,1,True,No_Telecommute,M,True,work2,2,2,0,0,0,0,0,0,0,0,0,0,0,2566,0,6,1,36,8,2
1008,60.0,1.0,2,3,3,4,13,0.0,False,0,False,False,False,1276,0.4604032687953583,0.7797216158379628,0,,False,False,-1,-9.0,-9.0,-1,-9.0,-9.0,-9.0,0.0,-1,-9.0,-9.0,-9.0,-9.0,-9.0,0.0,0.0,0.0,0.0,0.0,0.0,0.0,0.0,0,0,False,,N,True,,0,0,1,14,3,0,0,0,1,3,0,0,2,2567,0,0,0,0,1,1
1010,29.0,2.0,1,1,3,1,13,29.0,False,0,True,True,False,1276,0.3758457215163537,1.2906288966232426,9000,health,False,True,-1,-9.0,-9.0,-1,-9.0,-9.0,-9.0,0.0,13312,11.562732900065848,-3.776944025265736,29.901182,3.0,55.798244,109.304504,0.0,0.0,55.798244,55.798244,0.0,0.0,0.0,0,0,False,No_Telecommute,M,True,work1,1,1,0,0,0,0,0,0,0,0,0,0,0,2571,1,6,1,47,8,2
1011,31.0,1.0,2,2,3,2,13,11.0,False,0,True,True,False,1276,1.4871861570098066,0.8817750523519254,54,mngt_busi_scic_arts,False,True,-1,-9.0,-9.0,-1,-9.0,-9.0,-9.0,0.0,12535,9.362440950098492,-1.0517559221157238,1.1270202,6.0,3.723823,7.872595,0.0,0.0,3.723823,3.723823,0.0,0.0,0.0,1,1,False,No_Telecommute,M,True,work2,2,2,0,0,0,0,0,0,0,0,0,0,0,2572,0,0,4,20,1,1
1011,34.0,2.0,1,1,3,1,13,55.0,False,0,True,True,False,1276,0.3010690732116926,1.136811326639135,9000,military,False,True,-1,-9.0,-9.0,-1,-9.0,-9.0,-9.0,0.0,9909,11.135542935353676,-1.502973847830166,18.33328,6.0,47.512104,100.54799,0.0,0.0,47.512104,47.512104,0.0,0.0,0.0,0,0,False,No_Telecommute,M,True,work1,1,1,0,0,0,0,0,0,0,0,0,0,0,2573,1,0,1,45,1,2
1012,32.0,1.0,1,1,3,1,13,13.0,False,0,True,True,False,1276,1.3464796677761182,0.986735767483294,54,mngt_busi_scic_arts,False,True,-1,-9.0,-9.0,-1,-9.0,-9.0,-9.0,0.0,23041,10.33163200357672,-4.017324727794469,9.032948,6.0,21.212412,42.892754,0.0,0.0,21.212412,21.212412,0.0,0.0,0.0,0,0,True,2_3_days_week,M,True,work1,1,1,0,0,0,0,0,0,0,0,0,0,0,2574,0,0,1,65,1,2
1012,31.0,2.0,2,1,3,1,13,13.0,False,0,True,True,False,1276,0.4517908729263748,1.2269636585394883,22,mngt_busi_scic_arts,False,True,-1,-9.0,-9.0,-1,-9.0,-9.0,-9.0,0.0,4722,11.906702438682412,-2.8217462586492483,26.77527,3.0,46.898857,91.434296,0.0,0.0,46.898857,46.898857,0.0,0.0,0.0,0,0,True,No_Telecommute,N,True,,0,0,0,187,4,2,0,1,1,0,0,1,0,2575,0,0,1,55,1,2
1013,30.0,1.0,1,1,3,1,13,25.0,False,0,True,True,False,1276,0.6434219514023011,0.7593109025453092,61,services,False,True,-1,-9.0,-9.0,-1,-9.0,-9.0,-9.0,0.0,12712,11.65551081838949,-4.406781697947893,25.895784,3.0,52.11152,103.33384,0.0,5.678,53.040104,52.11152,0.0,0.0,0.92858505,0,1,False,No_Telecommute,M,True,work1,1,1,0,1,1,0,0,0,0,1,0,0,0,2576,0,0,1,40,8,2
1013,26.0,2.0,2,1,3,1,13,25.0,False,0,True,True,False,1276,0.3941336759895051,1.2606728146659445,61,services,False,True,-1,-9.0,-9.0,-1,-9.0,-9.0,-9.0,0.0,18530,11.837352464003429,-1.1079155003541232,6.167565,7.0,15.269832,30.868404,0.0,0.0,15.269832,15.193544,0.0,0.0,0.07628727,0,0,False,No_Telecommute,M,True,work1,1,1,0,0,0,0,0,0,0,0,0,0,0,2577,0,0,1,40,1,1
1014,32.0,1.0,2,1,3,1,13,41.0,False,0,True,True,False,1276,0.6561246750260933,0.4625148383690109,45,sales_office,False,True,-1,-9.0,-9.0,-1,-9.0,-9.0,-9.0,0.0,18854,11.707607706316558,-2.255121192401522,10.689408,6.0,27.241776,53.451347,0.0,0.0,27.397858,26.975166,0.0,0.0,0.42269135,0,0,False,No_Telecommute,N,True,,0,0,0,89,1,1,0,0,0,0,0,0,0,2578,0,0,1,37,9,2
1014,30.0,2.0,1,1,3,1,13,55.0,False,0,True,True,False,1276,0.5534763853321296,1.0310786044973308,9000,military,False,True,-1,-9.0,-9.0,-1,-9.0,-9.0,-9.0,0.0,1380,10.77070824363573,-2.1224153063171247,18.33328,6.0,47.512104,100.54799,0.0,0.0,47.512104,47.512104,0.0,0.0,0.0,0,0,False,No_Telecommute,M,True,work1,1,1,0,0,0,0,0,0,0,0,0,0,0,2579,1,0,1,60,9,2
1014,25.0,3.0,2,1,3,1,13,41.0,False,0,True,True,False,1276,0.3697533092089581,0.7760036771074408,45,sales_office,False,True,-1,-9.0,-9.0,-1,-9.0,-9.0,-9.0,0.0,18462,12.08799677507677,-1.0962678141969748,9.191885,7.0,17.190386,32.987587,0.0,0.0,17.190386,16.928165,0.0,0.0,0.26222038,0,0,False,No_Telecommute,M,True,work1,1,1,0,0,0,0,0,0,0,0,0,0,0,2580,0,0,1,37,9,2
1015,29.0,1.0,2,1,3,1,13,43.0,False,0,True,True,False,1276,3.0369079390091573,1.2503935112231628,42,sales_office,False,True,-1,-9.0,-9.0,-1,-9.0,-9.0,-9.0,0.0,229,9.280044594551445,-2.413937118693804,0.7935525,6.0,3.0090408,6.2584305,0.0,6.942,3.0090408,3.0090408,0.0,0.0,0.0,0,0,True,No_Telecommute,N,True,,0,0,1,156,2,2,0,1,0,0,0,0,0,2581,0,0,4,45,1,2
1015,1.0,5.0,1,4,1,8,0,0.0,True,1,False,False,False,1276,1.187642006574916,0.4550942971929588,0,,False,False,-1,-9.0,-9.0,1399,8.315790775979245,6.994568568199796,0.37147194,2.3877902,-1,-9.0,-9.0,-9.0,-9.0,-9.0,0.0,0.0,0.0,0.0,0.0,0.0,0.0,0.0,0,0,False,,N,True,,0,0,1,89,1,1,0,0,0,0,0,0,0,2585,0,0,0,0,8,2
1016,29.0,1.0,2,1,3,1,13,43.0,False,0,True,True,False,1276,0.3618207158987644,0.5720414985988315,42,sales_office,False,True,-1,-9.0,-9.0,-1,-9.0,-9.0,-9.0,0.0,15937,12.115997802816992,-1.693993654351407,12.86881,6.0,27.46733,55.985092,0.0,0.0,27.46733,27.46733,0.0,0.0,0.0,0,0,False,No_Telecommute,N,True,,0,0,1,0,2,2,0,1,0,0,0,0,0,2586,0,0,4,45,1,2
1016,10.0,2.0,1,4,1,7,0,0.0,True,2,False,False,False,1276,0.8780086966217203,0.6202455350630663,0,,False,False,-1,-9.0,-9.0,13595,7.243234386221055,0.7458537224453703,9.933168,36.87023,-1,-9.0,-9.0,-9.0,-9.0,-9.0,0.0,0.0,0.0,0.0,0.0,0.0,0.0,0.0,0,0,False,,M,True,school1,1,0,1,0,0,0,0,0,0,0,0,0,0,2587,0,2,0,0,1,2
1016,5.0,4.0,2,4,1,8,0,0.0,True,1,False,False,False,1276,0.8794322644027969,0.571974524813788,0,,False,False,-1,-9.0,-9.0,1399,8.908781105833357,7.143372539789146,0.37147194,2.3877902,-1,-9.0,-9.0,-9.0,-9.0,-9.0,0.0,0.0,0.0,0.0,0.0,0.0,0.0,0.0,0,0,False,,N,True,,0,0,1,89,1,1,0,0,0,0,0,0,0,2589,0,2,0,0,8,2
1017,29.0,1.0,2,1,3,1,13,43.0,False,0,True,True,False,1276,0.3101078212904596,0.7002299484601986,42,sales_office,False,True,-1,-9.0,-9.0,-1,-9.0,-9.0,-9.0,0.0,18846,12.264461521495573,-0.8103248096663402,6.968726,6.0,16.848656,32.351963,0.0,0.0,17.065725,16.58205,0.0,0.0,0.483675,0,0,True,No_Telecommute,M,True,work2,2,2,0,89,2,2,0,0,0,0,0,0,0,2591,0,0,4,45,1,2
1017,10.0,2.0,1,4,1,7,0,0.0,True,2,False,False,False,1276,1.1673885268042512,1.0466821307599306,0,,False,False,-1,-9.0,-9.0,4962,7.048480690486915,5.894775579855541,0.605197,4.3422327,-1,-9.0,-9.0,-9.0,-9.0,-9.0,0.0,0.0,0.0,0.0,0.0,0.0,0.0,0.0,0,0,False,,N,True,,0,0,0,89,1,1,0,0,0,0,0,0,0,2592,0,2,0,0,1,2
1017,8.0,3.0,2,4,1,7,0,0.0,True,2,False,False,False,1276,1.0868047065665756,0.7590157932721284,0,,False,False,-1,-9.0,-9.0,13595,6.51254741469165,-0.9991268447314874,9.933168,36.87023,-1,-9.0,-9.0,-9.0,-9.0,-9.0,0.0,0.0,0.0,0.0,0.0,0.0,0.0,0.0,0,0,False,,M,True,school1,1,0,0,0,0,0,0,0,0,0,0,0,0,2593,0,2,0,0,1,2
1017,5.0,4.0,2,4,1,8,0,0.0,True,1,False,False,False,1276,2.699727786886911,2.0410124379830026,0,,False,False,-1,-9.0,-9.0,322,8.787334630871017,6.232577476336222,0.44330168,2.8233786,-1,-9.0,-9.0,-9.0,-9.0,-9.0,0.0,0.0,0.0,0.0,0.0,0.0,0.0,0.0,0,0,False,,N,True,,0,0,0,89,1,1,0,0,0,0,0,0,0,2594,0,2,0,0,8,2
1017,1.0,5.0,1,4,1,8,0,0.0,True,1,False,False,False,1276,0.6096676641261312,0.6287195258502233,0,,False,False,-1,-9.0,-9.0,5846,11.533951118705994,7.236709764425338,0.18573597,1.19381,-1,-9.0,-9.0,-9.0,-9.0,-9.0,0.0,0.0,0.0,0.0,0.0,0.0,0.0,0.0,0,0,False,,N,True,,0,0,0,1,1,0,0,0,0,1,0,0,0,2595,0,0,0,0,8,2
1018,28.0,1.0,1,1,3,1,13,13.0,False,0,True,True,False,1276,0.7647393680812152,0.4209546928564475,9000,mngt_busi_scic_arts,False,True,-1,-9.0,-9.0,-1,-9.0,-9.0,-9.0,0.0,18527,11.481475469503852,-2.53360008955483,7.6088023,7.0,19.474348,39.269882,0.0,0.0,19.613209,19.398064,0.0,0.0,0.21514511,0,0,False,No_Telecommute,M,True,work1,1,1,0,0,0,0,0,0,0,0,0,0,0,2596,1,0,1,60,9,2
1018,28.0,2.0,2,1,3,1,13,25.0,False,0,True,True,False,1276,0.7313573254129422,0.5817188488909043,61,services,False,True,-1,-9.0,-9.0,-1,-9.0,-9.0,-9.0,0.0,23047,11.035320969273563,-2.813644768549525,9.315184,6.0,22.816635,46.392532,0.0,6.956,22.816635,22.816635,0.0,0.0,0.0,0,0,True,No_Telecommute,M,True,work1,1,1,0,0,0,0,0,0,0,0,0,0,0,2597,0,0,1,40,9,2
1020,30.0,1.0,2,1,3,1,13,43.0,False,0,True,True,False,1276,0.5496553820729008,0.6412423540450953,33,sales_office,False,True,-1,-9.0,-9.0,-1,-9.0,-9.0,-9.0,0.0,16108,12.115604723836643,0.197892379034781,3.1681323,6.0,10.58052,21.373703,0.0,0.0,10.58052,10.58052,0.0,0.0,0.0,0,1,True,No_Telecommute,N,True,,0,0,0,12,1,0,0,0,1,0,0,0,0,2599,0,0,1,40,9,2
1021,28.0,1.0,1,1,3,1,13,35.0,False,0,True,True,False,1276,0.8765589823312933,2.340486528111716,9000,services,False,True,-1,-9.0,-9.0,-1,-9.0,-9.0,-9.0,0.0,15865,11.297862554608862,-3.221572149890368,12.544438,6.0,25.811235,53.008953,0.0,0.0,25.811235,25.811235,0.0,0.0,0.0,0,1,True,No_Telecommute,M,True,work1,1,1,0,0,0,0,0,0,0,0,0,0,0,2600,1,0,1,50,2,1
1021,24.0,2.0,2,2,2,3,13,43.0,True,4,True,True,False,1276,2.619388429191717,0.9198998537814844,61,sales_office,False,True,-1,-9.0,-9.0,19370,4.845896924511177,-5.192300651099195,14.647748,36.292282,23860,9.934609347319055,-1.479909817482466,0.85369575,6.0,2.3628163,5.3910933,0.0,0.0,2.3628163,2.3628163,0.0,0.0,0.0,0,0,True,No_Telecommute,N,True,,0,0,0,6,1,0,1,0,0,0,0,0,0,2601,0,6,1,20,1,2
1021,30.0,3.0,2,3,3,4,13,25.0,False,0,False,False,False,1276,0.5211182089334168,2.2924059244171544,62,services,False,False,-1,-9.0,-9.0,-1,-9.0,-9.0,-9.0,0.0,-1,-9.0,-9.0,-9.0,-9.0,-9.0,0.0,0.0,0.0,0.0,0.0,0.0,0.0,0.0,0,0,False,,N,True,,0,0,0,12,1,0,0,0,1,0,0,0,0,2602,0,0,4,40,2,1
1022,29.0,1.0,2,1,3,1,13,11.0,False,0,True,True,False,1276,1.5478191773397585,0.7046424546827633,9000,mngt_busi_scic_arts,False,True,-1,-9.0,-9.0,-1,-9.0,-9.0,-9.0,0.0,16378,9.81423810585938,-3.1627478485478004,7.348409,6.0,16.13583,33.827744,0.0,0.0,16.13583,15.693789,0.0,0.0,0.4420414,0,0,True,No_Telecommute,N,True,,0,0,0,35,1,0,0,1,0,0,0,0,0,2603,1,0,1,50,1,2
1022,30.0,2.0,1,1,3,1,13,55.0,False,0,True,True,False,1276,1.3200892604715817,2.0669756013689944,9000,military,False,True,-1,-9.0,-9.0,-1,-9.0,-9.0,-9.0,0.0,5878,9.877736956943432,-3.0873106596824678,9.933168,6.0,25.308235,55.82447,0.0,0.0,25.308235,25.308235,0.0,0.0,0.0,0,0,False,No_Telecommute,M,True,work2,2,2,0,0,0,0,0,0,0,0,0,0,0,2604,1,0,1,50,1,2
1023,29.0,1.0,2,1,3,1,13,11.0,False,0,True,True,False,1276,0.5753880094852022,0.8511482156971856,9000,mngt_busi_scic_arts,False,True,-1,-9.0,-9.0,-1,-9.0,-9.0,-9.0,0.0,23934,11.527039354203083,-1.349111237998747,5.1200643,6.0,13.78573,27.386703,0.0,0.0,13.78573,13.78573,0.0,0.0,0.0,0,0,False,No_Telecommute,N,True,,0,0,0,13,2,0,0,0,1,1,0,0,0,2605,1,0,1,50,1,2
1023,30.0,2.0,1,1,3,1,13,55.0,False,0,True,True,False,1276,0.6315730668219635,0.9377927110189508,9000,military,False,True,-1,-9.0,-9.0,-1,-9.0,-9.0,-9.0,0.0,7369,10.578184391262674,-1.007647645118105,3.0442617,6.0,6.819792,18.373049,0.0,0.0,6.819792,6.819792,0.0,0.0,0.0,0,0,False,No_Telecommute,N,True,,0,0,0,35,1,0,0,1,0,0,0,0,0,2606,1,0,1,50,1,2
1024,29.0,1.0,2,1,3,1,13,11.0,False,0,True,True,False,1276,0.327186710831411,1.294481262333618,9000,mngt_busi_scic_arts,False,True,-1,-9.0,-9.0,-1,-9.0,-9.0,-9.0,0.0,5906,12.085821119284354,-2.3971453168801955,24.891958,3.0,57.555393,114.74348,0.0,0.0,57.555393,50.50196,0.0,0.0,7.0534325,0,0,False,No_Telecommute,M,True,work1,1,1,0,0,0,0,0,0,0,0,0,0,0,2607,1,0,1,50,1,2
1024,30.0,2.0,1,1,3,1,13,55.0,False,0,True,True,False,1276,0.4654771462864039,1.2433394829223408,9000,military,False,True,-1,-9.0,-9.0,-1,-9.0,-9.0,-9.0,0.0,1380,10.946549098379595,-1.9684959598547915,18.33328,6.0,47.512104,100.54799,0.0,0.0,47.512104,47.512104,0.0,0.0,0.0,0,0,True,No_Telecommute,N,True,,0,0,0,1,1,0,0,0,0,1,0,0,0,2608,1,0,1,50,1,2
1026,55.0,1.0,2,3,3,4,13,41.0,False,0,False,False,False,1276,2.133208120574312,0.8954455765884448,44,sales_office,False,False,-1,-9.0,-9.0,-1,-9.0,-9.0,-9.0,0.0,-1,-9.0,-9.0,-9.0,-9.0,-9.0,0.0,0.0,0.0,0.0,0.0,0.0,0.0,0.0,0,0,False,,N,True,,0,0,0,24,2,0,0,0,2,0,0,1,0,2610,0,0,0,0,9,2
1027,61.0,1.0,1,3,3,4,13,0.0,False,0,False,False,False,1276,0.4246235244292382,1.0430022521792566,0,,False,False,-1,-9.0,-9.0,-1,-9.0,-9.0,-9.0,0.0,-1,-9.0,-9.0,-9.0,-9.0,-9.0,0.0,0.0,0.0,0.0,0.0,0.0,0.0,0.0,0,0,False,,N,True,,0,0,0,41,2,0,1,1,0,0,0,0,0,2611,0,0,0,0,1,1
1028,32.0,1.0,1,1,3,1,13,43.0,False,0,True,True,False,1276,2.284773095668612,1.0549140071638428,62,sales_office,False,True,-1,-9.0,-9.0,-1,-9.0,-9.0,-9.0,0.0,5616,10.13798431917908,-2.6995443303036915,1.5609299,6.0,6.00508,11.668011,0.0,0.0,6.00508,6.00508,0.0,0.0,0.0,0,1,False,No_Telecommute,M,True,work1,1,1,0,1,1,0,0,0,0,1,0,0,0,2612,0,0,1,40,9,2
1029,32.0,1.0,1,1,3,1,13,43.0,False,0,True,True,False,1276,1.829359916722678,1.130365768672266,62,sales_office,False,True,-1,-9.0,-9.0,-1,-9.0,-9.0,-9.0,0.0,19064,10.111918593486452,-4.788716341654661,7.055936,6.0,15.064613,29.89906,0.0,0.0,15.898991,15.064613,0.0,0.0,0.8343773,0,1,True,No_Telecommute,M,True,work1,1,1,0,0,0,0,0,0,0,0,0,0,0,2614,0,0,1,40,9,2
1030,34.0,2.0,1,1,3,1,13,47.0,False,0,True,True,False,1276,0.99212939135584,2.048927206964001,23,constr_maint,False,True,-1,-9.0,-9.0,-1,-9.0,-9.0,-9.0,0.0,5682,10.0586537712134,-6.4672215525433785,25.908428,3.0,51.977386,102.36162,0.0,4.495,51.977386,51.977386,0.0,0.0,0.0,0,0,False,No_Telecommute,M,True,work1,1,1,0,0,0,0,0,0,0,0,0,0,0,2617,0,0,1,60,1,2
1031,30.0,1.0,1,3,2,3,13,0.0,True,4,False,False,False,1276,1.9171134770891136,1.1868972371504107,0,,False,False,-1,-9.0,-9.0,19370,4.455328487382093,-6.78289041982299,14.647748,36.292282,-1,-9.0,-9.0,-9.0,-9.0,-9.0,0.0,0.0,0.0,0.0,0.0,0.0,0.0,0.0,0,0,False,,M,True,school1,1,0,0,36,2,0,0,1,0,1,0,0,0,2618,0,6,0,0,2,2
1031,3.0,2.0,2,4,1,8,0,0.0,True,1,False,False,False,1276,1.474193810717657,0.5044843025428674,0,,False,False,-1,-9.0,-9.0,3538,7.998344853789722,6.335971779873675,0.44330168,2.8233786,-1,-9.0,-9.0,-9.0,-9.0,-9.0,0.0,0.0,0.0,0.0,0.0,0.0,0.0,0.0,0,0,False,,N,True,,0,0,0,1,1,0,0,0,0,1,0,0,0,2619,0,0,0,0,2,2
1032,56.0,1.0,2,1,3,1,13,11.0,False,0,True,True,False,1276,0.6935518300536834,1.7002632241416755,51,mngt_busi_scic_arts,False,True,-1,-9.0,-9.0,-1,-9.0,-9.0,-9.0,0.0,1399,11.21591309422158,-0.4232630555489956,0.37147194,6.0,1.1954027,2.389392,0.0,7.018,1.1954027,1.1954027,0.0,0.0,0.0,0,0,True,No_Telecommute,M,True,work1,1,1,0,0,0,0,0,0,0,0,0,0,0,2621,0,0,1,45,8,2
1032,33.0,2.0,1,1,3,1,13,17.0,False,0,True,True,False,1276,1.6073416961096418,1.5801025359804215,33,mngt_busi_scic_arts,False,True,-1,-9.0,-9.0,-1,-9.0,-9.0,-9.0,0.0,16099,9.78937094315095,-3.0198392280491797,3.041488,6.0,9.853725,20.324875,0.0,0.0,9.853725,9.853725,0.0,0.0,0.0,0,0,True,No_Telecommute,M,True,work1,1,1,0,0,0,0,0,0,0,0,0,0,0,2622,0,0,1,40,8,2
1033,61.0,1.0,2,1,3,1,13,11.0,False,0,True,True,False,1276,0.4972678108375553,0.7570893207976166,62,mngt_busi_scic_arts,False,True,-1,-9.0,-9.0,-1,-9.0,-9.0,-9.0,0.0,13054,11.599522438487757,-3.354203406201961,26.220469,3.0,56.744987,112.21835,0.0,0.0,58.663242,56.744987,0.0,0.0,1.9182549,0,0,True,4_days_week,N,True,,0,0,0,66,2,0,0,2,0,0,0,1,0,2623,0,0,1,50,8,2
1034,27.0,1.0,1,1,3,1,13,11.0,False,0,True,True,False,1276,1.6181545237822048,0.6783499769118764,9000,mngt_busi_scic_arts,False,True,-1,-9.0,-9.0,-1,-9.0,-9.0,-9.0,0.0,3579,10.5371472686731,1.6332706784474078,0.48983902,6.0,1.9027148,3.884749,0.0,7.115,1.9027148,1.9027148,0.0,0.0,0.0,0,1,False,No_Telecommute,N,True,,0,0,0,24,2,0,0,0,2,0,0,1,0,2625,1,0,1,40,9,2
1035,30.0,1.0,1,1,3,1,13,29.0,False,0,True,True,False,1276,1.0987021888158106,1.0662448089147027,9000,health,False,True,-1,-9.0,-9.0,-1,-9.0,-9.0,-9.0,0.0,11280,10.226126499038454,-7.571479344185154,35.20714,2.0,59.624245,117.78063,0.0,0.0,60.227127,59.624245,0.0,0.0,0.6028824,0,1,False,2_3_days_week,N,True,,0,0,0,1,1,0,0,0,0,1,0,0,0,2627,1,0,1,40,8,2
1035,31.0,2.0,2,1,3,1,13,11.0,False,0,True,True,False,1276,0.299382320526208,0.7013296373852318,32,mngt_busi_scic_arts,False,True,-1,-9.0,-9.0,-1,-9.0,-9.0,-9.0,0.0,16370,12.109918164188173,-0.6001770393679965,5.8340087,6.0,12.828527,25.421791,0.0,0.0,12.828527,12.386488,0.0,0.0,0.4420395,0,0,False,4_days_week,N,True,,0,0,0,36,2,0,0,1,0,1,0,0,0,2628,0,0,1,40,8,2
1037,60.0,1.0,2,2,3,2,13,29.0,False,0,True,True,False,1276,0.6969036257096444,1.251394214260588,62,health,False,True,-1,-9.0,-9.0,-1,-9.0,-9.0,-9.0,0.0,20149,9.281462788760184,-4.473949304774931,23.286522,7.0,40.55793,78.94086,0.0,0.0,40.55793,40.472733,0.0,0.0,0.08519745,0,0,False,No_Telecommute,N,True,,0,0,0,13,2,0,0,0,1,1,0,0,0,2632,0,0,4,16,1,2
1037,30.0,2.0,2,3,3,4,13,0.0,False,0,False,False,False,1276,1.9360145194856808,1.927541976662694,0,,False,False,-1,-9.0,-9.0,-1,-9.0,-9.0,-9.0,0.0,-1,-9.0,-9.0,-9.0,-9.0,-9.0,0.0,0.0,0.0,0.0,0.0,0.0,0.0,0.0,0,0,False,,N,True,,0,0,0,6,1,0,1,0,0,0,0,0,0,2633,0,0,0,0,1,2
1037,26.0,3.0,1,1,3,1,13,51.0,False,0,True,True,False,1276,1.2098898974877317,0.6356208694907964,33,prod_trans_move,False,True,-1,-9.0,-9.0,-1,-9.0,-9.0,-9.0,0.0,2465,11.002303654507667,-0.6400915925009827,0.46289176,6.0,2.2450528,4.040798,0.0,5.797,2.2450528,2.2450528,0.0,0.0,0.0,0,0,False,1_day_week,M,True,work1,1,1,0,35,1,0,0,1,0,0,0,0,0,2634,0,0,6,40,1,2
1040,39.0,1.0,1,1,3,1,13,55.0,False,0,True,True,False,1276,0.7473352824401441,1.581917965851296,9000,military,False,True,-1,-9.0,-9.0,-1,-9.0,-9.0,-9.0,0.0,1380,10.589903206223507,-2.47404555590988,18.33328,6.0,47.512104,100.54799,0.0,0.0,47.512104,47.512104,0.0,0.0,0.0,0,0,True,No_Telecommute,M,True,work1,1,1,0,0,1,1,0,0,0,0,0,0,0,2637,1,0,1,50,9,1
1040,9.0,3.0,2,4,1,7,0,0.0,True,2,False,False,False,1276,1.4418569143328284,0.7470529859042033,0,,False,False,-1,-9.0,-9.0,16375,3.8784484820037353,-0.7267431264734397,5.4485693,26.024529,-1,-9.0,-9.0,-9.0,-9.0,-9.0,0.0,0.0,0.0,0.0,0.0,0.0,0.0,0.0,0,0,False,,M,True,school1,1,0,0,0,0,0,0,0,0,0,0,0,0,2639,0,2,0,0,1,1
1040,6.0,4.0,1,4,1,7,0,0.0,True,2,False,False,False,1276,0.8466684513537718,0.4301159869829937,0,,False,False,-1,-9.0,-9.0,4962,7.203632550018296,6.353481955450572,0.605197,4.3422327,-1,-9.0,-9.0,-9.0,-9.0,-9.0,0.0,0.0,0.0,0.0,0.0,0.0,0.0,0.0,0,0,False,,M,True,school2,2,0,0,0,0,0,0,0,0,0,0,0,0,2640,0,2,0,0,1,1
1040,4.0,5.0,2,4,1,8,0,0.0,True,1,False,False,False,1276,0.408981325463659,0.9607593456776058,0,,False,False,-1,-9.0,-9.0,6331,8.978383367262376,4.731892689642614,2.2949257,13.764606,-1,-9.0,-9.0,-9.0,-9.0,-9.0,0.0,0.0,0.0,0.0,0.0,0.0,0.0,0.0,0,0,False,,M,True,school2,2,0,0,0,0,0,0,0,0,0,0,0,0,2641,0,0,0,0,1,1
1040,4.0,6.0,2,4,1,8,0,0.0,True,1,False,False,False,1276,0.5040372813815169,0.4214429040971968,0,,False,False,-1,-9.0,-9.0,6532,9.866249605279954,7.061416896079581,0.94849765,5.9491587,-1,-9.0,-9.0,-9.0,-9.0,-9.0,0.0,0.0,0.0,0.0,0.0,0.0,0.0,0.0,0,0,False,,M,True,school1,1,0,0,0,0,0,0,0,0,0,0,0,0,2642,0,0,0,0,1,1
1041,39.0,1.0,1,1,3,1,13,55.0,False,0,True,True,False,1276,1.3259564354481346,0.8840945103656594,9000,military,False,True,-1,-9.0,-9.0,-1,-9.0,-9.0,-9.0,0.0,1380,9.922277488837954,-4.136248523752636,18.33328,6.0,47.512104,100.54799,0.0,0.0,47.512104,47.512104,0.0,0.0,0.0,0,0,False,No_Telecommute,N,True,,0,0,1,12,5,4,1,0,1,0,0,0,0,2643,1,0,1,50,9,1
1041,9.0,3.0,2,4,1,7,0,0.0,True,2,False,False,False,1276,0.5620193887170234,0.5069643099738604,0,,False,False,-1,-9.0,-9.0,18327,7.080457013187634,-0.7514552128196558,7.870213,35.302223,-1,-9.0,-9.0,-9.0,-9.0,-9.0,0.0,0.0,0.0,0.0,0.0,0.0,0.0,0.0,0,0,False,,M,True,school1,1,0,1,0,0,0,0,0,0,0,0,0,0,2645,0,2,0,0,1,1
1041,6.0,4.0,1,4,1,7,0,0.0,True,2,False,False,False,1276,0.9679881646658166,0.7503522311159038,0,,False,False,-1,-9.0,-9.0,16375,4.634804762957041,1.0801139290777992,5.4485693,26.024529,-1,-9.0,-9.0,-9.0,-9.0,-9.0,0.0,0.0,0.0,0.0,0.0,0.0,0.0,0.0,0,0,False,,M,True,school1,1,0,0,0,0,0,0,0,0,0,0,0,0,2646,0,2,0,0,1,1
1042,39.0,1.0,1,1,3,1,13,55.0,False,0,True,True,False,1276,1.128047747345147,0.413102274801506,9000,military,False,True,-1,-9.0,-9.0,-1,-9.0,-9.0,-9.0,0.0,1380,9.940733233731606,-3.5677176397378263,18.33328,6.0,47.512104,100.54799,0.0,0.0,47.512104,47.512104,0.0,0.0,0.0,0,0,True,No_Telecommute,N,True,,0,0,0,89,5,5,0,0,0,0,0,0,0,2649,1,0,1,50,9,1
1042,37.0,2.0,2,3,3,4,13,0.0,False,0,False,False,False,1276,0.4131635879223622,0.9620005809110768,0,,False,False,-1,-9.0,-9.0,-1,-9.0,-9.0,-9.0,0.0,-1,-9.0,-9.0,-9.0,-9.0,-9.0,0.0,0.0,0.0,0.0,0.0,0.0,0.0,0.0,0,0,False,,N,True,,0,0,0,35,2,1,0,1,0,0,0,0,0,2650,0,0,0,0,1,1
1042,9.0,3.0,2,4,1,7,0,0.0,True,2,False,False,False,1276,1.037711751669331,1.2464482038354552,0,,False,False,-1,-9.0,-9.0,7211,6.898595764199559,5.24045715221063,0.605197,4.3422327,-1,-9.0,-9.0,-9.0,-9.0,-9.0,0.0,0.0,0.0,0.0,0.0,0.0,0.0,0.0,0,0,False,,M,True,school1,1,0,0,0,0,0,0,0,0,0,0,0,0,2651,0,2,0,0,1,1
1042,6.0,4.0,1,4,1,7,0,0.0,True,2,False,False,False,1276,0.5319666340192986,1.5848463202025758,0,,False,False,-1,-9.0,-9.0,16126,7.376689956259918,2.3468227284720724,4.3606815,15.800432,-1,-9.0,-9.0,-9.0,-9.0,-9.0,0.0,0.0,0.0,0.0,0.0,0.0,0.0,0.0,0,0,False,,M,True,school1,1,0,0,0,0,0,0,0,0,0,0,0,0,2652,0,2,0,0,1,1
1042,4.0,5.0,2,4,1,8,0,0.0,True,1,False,False,False,1276,0.5499403797619036,1.1636727760588337,0,,False,False,-1,-9.0,-9.0,638,9.481311029103376,6.116368596600024,1.1280745,7.5506897,-1,-9.0,-9.0,-9.0,-9.0,-9.0,0.0,0.0,0.0,0.0,0.0,0.0,0.0,0.0,0,0,False,,M,True,school2,2,0,0,0,0,0,0,0,0,0,0,0,0,2653,0,0,0,0,1,1
1042,4.0,6.0,2,4,1,8,0,0.0,True,1,False,False,False,1276,0.6666578668142877,0.8545177548734898,0,,False,False,-1,-9.0,-9.0,1469,9.196958712899608,5.781756333375477,1.1491835,8.765608,-1,-9.0,-9.0,-9.0,-9.0,-9.0,0.0,0.0,0.0,0.0,0.0,0.0,0.0,0.0,0,0,False,,M,True,school1,1,0,0,0,0,0,0,0,0,0,0,0,0,2654,0,0,0,0,1,1
1043,39.0,1.0,1,1,3,1,13,55.0,False,0,True,False,False,1276,1.1367953936154214,0.7542929348665959,9000,military,True,False,-1,-9.0,-9.0,-1,-9.0,-9.0,-9.0,0.0,-1,-9.0,-9.0,-9.0,-9.0,-9.0,0.0,0.0,0.0,0.0,0.0,0.0,0.0,0.0,0,0,False,,N,True,,0,0,0,101,2,1,0,0,1,0,0,0,0,2655,1,0,1,50,9,1
1043,37.0,2.0,2,3,3,4,13,0.0,False,0,False,False,False,1276,2.111071279304451,1.6130421898644147,0,,False,False,-1,-9.0,-9.0,-1,-9.0,-9.0,-9.0,0.0,-1,-9.0,-9.0,-9.0,-9.0,-9.0,0.0,0.0,0.0,0.0,0.0,0.0,0.0,0.0,0,0,False,,N,True,,0,0,1,0,2,2,0,0,0,0,1,0,0,2656,0,0,0,0,1,1
1043,6.0,4.0,1,4,1,7,0,0.0,True,2,False,False,False,1276,0.3779296192061926,0.7243953128150111,0,,False,False,-1,-9.0,-9.0,16364,4.784369529957807,1.8445517621310772,5.33693,25.297413,-1,-9.0,-9.0,-9.0,-9.0,-9.0,0.0,0.0,0.0,0.0,0.0,0.0,0.0,0.0,0,0,False,,M,True,school1,1,0,1,0,0,0,0,0,0,0,0,0,0,2658,0,2,0,0,1,1
1044,39.0,1.0,1,1,3,1,13,55.0,False,0,True,True,False,1276,0.8375900568807978,1.1712893599005174,9000,military,False,True,-1,-9.0,-9.0,-1,-9.0,-9.0,-9.0,0.0,1380,10.444860530780982,-2.733320707644515,18.33328,6.0,47.512104,100.54799,0.0,0.0,47.512104,47.512104,0.0,0.0,0.0,0,0,False,No_Telecommute,N,True,,0,0,0,14,5,2,0,0,1,2,0,0,1,2661,1,0,1,50,9,1
1044,37.0,2.0,2,3,3,4,13,0.0,False,0,False,False,False,1276,0.7605404834357028,1.080828239263783,0,,False,False,-1,-9.0,-9.0,-1,-9.0,-9.0,-9.0,0.0,-1,-9.0,-9.0,-9.0,-9.0,-9.0,0.0,0.0,0.0,0.0,0.0,0.0,0.0,0.0,0,0,False,,N,True,,0,0,0,36,4,2,0,1,0,1,0,0,0,2662,0,0,0,0,1,1
1044,9.0,3.0,2,4,1,7,0,0.0,True,2,False,False,False,1276,1.562009690572096,1.1535765153344917,0,,False,False,-1,-9.0,-9.0,18526,0.8460509794677081,-0.311866114554183,7.0563035,31.190641,-1,-9.0,-9.0,-9.0,-9.0,-9.0,0.0,0.0,0.0,0.0,0.0,0.0,0.0,0.0,0,0,False,,M,True,school1,1,0,0,0,0,0,0,0,0,0,0,0,0,2663,0,2,0,0,1,1
1044,6.0,4.0,1,4,1,7,0,0.0,True,2,False,False,False,1276,0.7667965946758909,0.7558168883012856,0,,False,False,-1,-9.0,-9.0,5878,4.639894320154211,1.757424269892662,9.933168,36.87023,-1,-9.0,-9.0,-9.0,-9.0,-9.0,0.0,0.0,0.0,0.0,0.0,0.0,0.0,0.0,0,0,False,,M,True,school1,1,0,0,0,0,0,0,0,0,0,0,0,0,2664,0,2,0,0,1,1
1044,4.0,5.0,2,4,1,8,0,0.0,True,1,False,False,False,1276,0.4696346522374637,0.7601027673423173,0,,False,False,-1,-9.0,-9.0,6008,11.577764133076355,5.799449326378915,1.1491835,8.765608,-1,-9.0,-9.0,-9.0,-9.0,-9.0,0.0,0.0,0.0,0.0,0.0,0.0,0.0,0.0,0,0,False,,N,True,,0,0,0,89,1,1,0,0,0,0,0,0,0,2665,0,0,0,0,1,1
1044,4.0,6.0,2,4,1,8,0,0.0,True,1,False,False,False,1276,0.373982908275779,0.77614942598801,0,,False,False,-1,-9.0,-9.0,7925,9.882237165522604,6.690078702202497,0.9700974,6.8797584,-1,-9.0,-9.0,-9.0,-9.0,-9.0,0.0,0.0,0.0,0.0,0.0,0.0,0.0,0.0,0,0,False,,N,True,,0,0,0,89,1,1,0,0,0,0,0,0,0,2666,0,0,0,0,1,1
1045,34.0,1.0,2,1,3,1,13,41.0,False,0,True,True,False,1324,1.4682865083340235,1.34658091686876,33,sales_office,False,True,-1,-9.0,-9.0,-1,-9.0,-9.0,-9.0,0.0,23334,10.025075238258076,-5.908799190282642,15.940875,6.0,38.21744,76.11253,0.0,0.0,38.21744,38.21744,0.0,0.0,0.0,0,0,True,4_days_week,N,True,,0,0,0,14,8,5,0,0,1,2,0,0,1,2667,0,0,1,40,1,2
1045,16.0,2.0,2,3,1,6,0,0.0,True,3,False,False,False,1324,0.6306081029908217,1.511803296819383,0,,False,False,-1,-9.0,-9.0,7004,10.176376332318082,4.183161076594342,0.6421475,4.0103073,-1,-9.0,-9.0,-9.0,-9.0,-9.0,0.0,0.0,0.0,0.0,0.0,0.0,0.0,0.0,0,0,False,,M,True,school1,1,0,0,0,0,0,0,0,0,0,0,0,0,2668,0,5,0,0,1,2
1045,15.0,3.0,2,4,1,7,0,0.0,True,3,False,False,False,1324,0.6420344118757257,0.9081879615850496,0,,False,False,-1,-9.0,-9.0,5924,10.376172260386832,-3.6387797856860495,31.1838,67.7148,-1,-9.0,-9.0,-9.0,-9.0,-9.0,0.0,0.0,0.0,0.0,0.0,0.0,0.0,0.0,0,0,False,,M,True,school1,1,0,0,0,0,0,0,0,0,0,0,0,0,2669,0,5,0,0,1,2
1045,14.0,4.0,2,4,1,7,0,0.0,True,2,False,False,False,1324,0.8103765425410921,0.2351784388956261,0,,False,False,-1,-9.0,-9.0,16045,7.065670088350616,-1.28633072136094,4.343076,17.289684,-1,-9.0,-9.0,-9.0,-9.0,-9.0,0.0,0.0,0.0,0.0,0.0,0.0,0.0,0.0,0,0,False,,M,True,school1,1,0,0,0,0,0,0,0,0,0,0,0,0,2670,0,5,0,0,1,2
1045,12.0,5.0,1,4,1,7,0,0.0,True,2,False,False,False,1324,1.4636495944534114,2.3626322160762205,0,,False,False,-1,-9.0,-9.0,11793,6.932771809799867,3.277827192488329,1.2455213,8.969295,-1,-9.0,-9.0,-9.0,-9.0,-9.0,0.0,0.0,0.0,0.0,0.0,0.0,0.0,0.0,0,0,False,,M,True,school1,1,0,0,0,0,0,0,0,0,0,0,0,0,2671,0,2,0,0,1,2
1045,8.0,6.0,1,4,1,7,0,0.0,True,2,False,False,False,1324,0.9100446148862064,0.2984967531718978,0,,False,False,-1,-9.0,-9.0,8322,7.18437367894477,2.1810038131342844,2.0603254,10.252331,-1,-9.0,-9.0,-9.0,-9.0,-9.0,0.0,0.0,0.0,0.0,0.0,0.0,0.0,0.0,0,0,False,,M,True,school1,1,0,0,0,0,0,0,0,0,0,0,0,0,2672,0,2,0,0,1,2
1046,62.0,2.0,1,1,3,1,13,47.0,False,0,True,True,False,1324,0.4043958988454738,0.6364051007312391,92,constr_maint,False,True,-1,-9.0,-9.0,-1,-9.0,-9.0,-9.0,0.0,18867,11.35645924682886,-1.7783887944562715,11.657926,6.0,28.076454,57.295418,0.0,0.0,30.16423,28.076454,0.0,0.0,2.0877762,0,0,True,No_Telecommute,N,True,,0,0,0,58,3,0,0,1,2,0,0,2,0,2674,0,0,1,40,8,2
1046,60.0,3.0,1,3,3,4,13,0.0,False,0,False,False,False,1324,0.5247007108849424,1.3325938572419624,0,,False,False,-1,-9.0,-9.0,-1,-9.0,-9.0,-9.0,0.0,-1,-9.0,-9.0,-9.0,-9.0,-9.0,0.0,0.0,0.0,0.0,0.0,0.0,0.0,0.0,0,0,False,,N,True,,0,0,0,12,1,0,0,0,1,0,0,0,0,2675,0,0,0,0,8,2
1047,86.0,1.0,2,3,3,5,13,0.0,False,0,False,False,False,1324,1.2576849470185107,1.2594905336834064,0,,False,False,-1,-9.0,-9.0,-1,-9.0,-9.0,-9.0,0.0,-1,-9.0,-9.0,-9.0,-9.0,-9.0,0.0,0.0,0.0,0.0,0.0,0.0,0.0,0.0,0,0,False,,N,True,,0,0,0,12,1,0,0,0,1,0,0,0,0,2676,0,0,0,0,1,1
1047,58.0,2.0,1,1,3,1,13,49.0,False,0,True,False,False,1324,1.4507208335696875,1.2262937710651989,56,constr_maint,True,False,-1,-9.0,-9.0,-1,-9.0,-9.0,-9.0,0.0,-1,-9.0,-9.0,-9.0,-9.0,-9.0,0.0,0.0,0.0,0.0,0.0,0.0,0.0,0.0,0,0,False,,N,True,,0,0,0,35,1,0,0,1,0,0,0,0,0,2677,0,0,1,80,1,1
1048,50.0,1.0,1,1,3,1,13,15.0,False,0,True,True,False,1324,0.7150490044804588,0.6222427550628885,54,mngt_busi_scic_arts,False,True,-1,-9.0,-9.0,-1,-9.0,-9.0,-9.0,0.0,15043,11.833314115217394,-2.8531807215731027,13.889538,6.0,30.482452,62.0029,0.0,0.0,30.482452,30.482452,0.0,0.0,0.0,0,1,True,No_Telecommute,M,True,work1,1,1,0,0,0,0,0,0,0,0,0,0,0,2679,0,0,1,50,1,1
1049,89.0,1.0,2,3,3,5,13,0.0,False,0,False,False,False,1324,0.9459526911609092,0.9384341640761812,0,,False,False,-1,-9.0,-9.0,-1,-9.0,-9.0,-9.0,0.0,-1,-9.0,-9.0,-9.0,-9.0,-9.0,0.0,0.0,0.0,0.0,0.0,0.0,0.0,0.0,0,0,False,,N,True,,0,0,0,2,2,0,0,0,0,2,0,0,1,2680,0,0,0,0,1,1
1050,46.0,1.0,2,1,3,1,13,43.0,False,0,True,True,False,1324,2.9027427084021173,2.411597635805342,54,sales_office,False,True,-1,-9.0,-9.0,-1,-9.0,-9.0,-9.0,0.0,8022,8.503255053422837,-1.9652891225691371,0.854005,6.0,2.6502829,5.5455294,0.0,7.419,2.6502829,2.6502829,0.0,0.0,0.0,0,0,False,1_day_week,M,True,work1,1,1,0,0,0,0,0,0,0,0,0,0,0,2681,0,0,1,40,1,1
1050,16.0,2.0,2,3,1,6,0,0.0,True,3,False,False,False,1324,3.915590281071551,0.4004658847873823,0,,False,False,-1,-9.0,-9.0,7211,9.566016371398986,1.564087522984705,0.3803308,2.2819924,-1,-9.0,-9.0,-9.0,-9.0,-9.0,0.0,0.0,0.0,0.0,0.0,0.0,0.0,0.0,0,0,False,,M,True,school1,1,0,0,0,0,0,0,0,0,0,0,0,0,2682,0,5,0,0,1,2
1050,16.0,3.0,2,3,1,6,0,0.0,True,3,False,False,False,1324,0.5647545224964255,0.9962225512313988,0,,False,False,-1,-9.0,-9.0,7004,10.191767138175994,4.300771459817593,0.6421475,4.0103073,-1,-9.0,-9.0,-9.0,-9.0,-9.0,0.0,0.0,0.0,0.0,0.0,0.0,0.0,0.0,0,0,False,,M,True,school1,1,0,0,0,0,0,0,0,0,0,0,0,0,2683,0,5,0,0,1,2
1050,42.0,4.0,1,1,3,1,13,53.0,False,0,True,True,False,1324,1.0656658207440433,0.7680522340320031,33,prod_trans_move,False,True,-1,-9.0,-9.0,-1,-9.0,-9.0,-9.0,0.0,19574,10.866854394270838,-4.389165500714625,14.506125,7.0,30.264938,57.878143,0.0,0.0,32.775257,27.735117,0.0,0.0,5.04014,0,0,True,2_3_days_week,M,True,work1,1,1,0,0,0,0,0,0,0,0,0,0,0,2684,0,0,1,40,1,2
1051,50.0,1.0,2,1,3,1,13,43.0,False,0,True,True,False,1324,1.9279919888229808,0.5106803378118107,721,sales_office,False,True,-1,-9.0,-9.0,-1,-9.0,-9.0,-9.0,0.0,19236,9.93401353986593,-6.846235196892432,10.9493885,6.0,25.300768,52.041718,0.0,0.0,28.230743,25.300768,0.0,0.0,2.9299755,0,0,False,No_Telecommute,N,True,,0,0,0,91,5,3,0,0,0,2,0,0,1,2685,0,0,5,40,1,1
1051,17.0,2.0,1,3,1,6,0,99.0,True,3,False,False,False,1324,2.2693981546990614,0.5897098155896716,99,,False,False,-1,-9.0,-9.0,5524,4.922247671492807,-8.752060059926098,29.184174,74.85827,-1,-9.0,-9.0,-9.0,-9.0,-9.0,0.0,0.0,0.0,0.0,0.0,0.0,0.0,0.0,0,0,False,,N,True,,0,0,1,0,0,0,0,1,0,0,0,0,0,2686,0,5,0,0,1,1
1051,14.0,4.0,1,4,1,7,0,0.0,True,2,False,False,False,1324,2.499891369055,0.4980269802496355,0,,False,False,-1,-9.0,-9.0,11793,6.998608644874445,3.261812564420668,1.2455213,8.969295,-1,-9.0,-9.0,-9.0,-9.0,-9.0,0.0,0.0,0.0,0.0,0.0,0.0,0.0,0.0,0,0,False,,M,True,school1,1,0,0,0,0,0,0,0,0,0,0,0,0,2688,0,2,0,0,1,1
1051,43.0,6.0,2,3,3,4,13,11.0,False,0,False,False,False,1324,0.6843073061362749,1.304964345931624,54,mngt_busi_scic_arts,False,False,-1,-9.0,-9.0,-1,-9.0,-9.0,-9.0,0.0,-1,-9.0,-9.0,-9.0,-9.0,-9.0,0.0,0.0,0.0,0.0,0.0,0.0,0.0,0.0,0,0,False,,N,True,,0,0,1,104,3,1,0,0,1,0,1,0,0,2690,0,0,6,4,1,1
1051,16.0,7.0,2,2,1,6,0,41.0,True,3,True,False,False,1324,0.320414069763797,0.8647123306120569,722,sales_office,True,False,-1,-9.0,-9.0,7004,10.270206306445932,5.092080592066197,0.6421475,4.0103073,-1,-9.0,-9.0,-9.0,-9.0,-9.0,0.0,0.0,0.0,0.0,0.0,0.0,0.0,0.0,0,0,False,,N,True,,0,0,0,89,1,1,0,0,0,0,0,0,0,2691,0,5,2,25,1,1
1052,63.0,1.0,1,2,3,2,13,25.0,False,0,True,True,False,1324,1.7002336044334638,1.8589205293557427,61,services,False,True,-1,-9.0,-9.0,-1,-9.0,-9.0,-9.0,0.0,18506,9.490729578497612,-4.735051641871234,7.077027,7.0,18.112572,36.519135,0.0,0.0,18.251432,18.112572,0.0,0.0,0.1388607,0,0,False,No_Telecommute,M,True,work1,1,1,0,0,0,0,0,0,0,0,0,0,0,2692,0,0,1,20,8,2
1052,63.0,2.0,2,3,3,4,13,0.0,False,0,False,False,False,1324,1.538012177129941,1.424044949402295,0,,False,False,-1,-9.0,-9.0,-1,-9.0,-9.0,-9.0,0.0,-1,-9.0,-9.0,-9.0,-9.0,-9.0,0.0,0.0,0.0,0.0,0.0,0.0,0.0,0.0,0,0,False,,N,True,,0,0,0,35,1,0,0,1,0,0,0,0,0,2693,0,0,0,0,8,1
1053,61.0,1.0,2,3,3,4,13,0.0,False,0,False,False,False,1324,1.046150205818546,0.8903395668037806,0,,False,False,-1,-9.0,-9.0,-1,-9.0,-9.0,-9.0,0.0,-1,-9.0,-9.0,-9.0,-9.0,-9.0,0.0,0.0,0.0,0.0,0.0,0.0,0.0,0.0,0,1,False,,N,True,,0,0,0,13,2,0,0,0,1,1,0,0,0,2694,0,0,0,0,1,1
1055,69.0,1.0,2,3,3,5,13,0.0,False,0,False,False,False,1324,0.8154593060075911,0.4363335789687841,0,,False,False,-1,-9.0,-9.0,-1,-9.0,-9.0,-9.0,0.0,-1,-9.0,-9.0,-9.0,-9.0,-9.0,0.0,0.0,0.0,0.0,0.0,0.0,0.0,0.0,0,0,False,,N,True,,0,0,0,112,3,1,0,0,2,0,0,1,0,2697,0,0,0,0,9,2
1056,26.0,1.0,1,1,3,1,13,55.0,False,0,True,True,False,1324,0.4351131965118125,1.4035064556500356,9000,military,False,True,-1,-9.0,-9.0,-1,-9.0,-9.0,-9.0,0.0,5878,10.899107878526628,-1.7828785879337072,10.285569,6.0,26.06103,58.76832,0.0,0.0,26.06103,26.06103,0.0,0.0,0.0,0,1,False,2_3_days_week,N,True,,0,0,0,12,1,0,0,0,1,0,0,0,0,2698,1,0,1,45,9,2
1057,35.0,1.0,1,1,3,1,13,55.0,False,0,True,True,False,1324,1.4332443145947211,0.5905758859074209,9000,military,False,True,-1,-9.0,-9.0,-1,-9.0,-9.0,-9.0,0.0,5878,9.414781099129936,-3.788290749934174,10.285569,6.0,26.06103,58.76832,0.0,0.0,26.06103,26.06103,0.0,0.0,0.0,0,0,False,1_day_week,N,True,,0,0,1,24,2,0,0,0,3,0,0,2,0,2699,1,0,1,40,1,1
1057,30.0,2.0,2,3,2,3,13,31.0,True,4,False,False,False,1324,0.4634415959987487,0.7034145231155071,62,health,False,False,-1,-9.0,-9.0,19370,7.239051054003844,-1.636524695054145,14.2186365,36.64823,-1,-9.0,-9.0,-9.0,-9.0,-9.0,0.0,0.0,0.0,0.0,0.0,0.0,0.0,0.0,0,0,False,,M,True,school2,2,0,1,89,1,1,0,0,0,0,0,0,0,2700,0,6,0,0,1,1
1058,44.0,1.0,2,1,3,1,13,31.0,False,0,True,True,False,1324,0.4473225001683698,0.6818466132630687,62,health,False,True,-1,-9.0,-9.0,-1,-9.0,-9.0,-9.0,0.0,20536,11.074134801936657,-2.6757567877398647,18.837732,7.0,33.226665,66.33223,0.0,0.0,33.226665,33.226665,0.0,0.0,0.0,0,0,False,2_3_days_week,N,True,,0,0,0,35,1,0,0,1,0,0,0,0,0,2701,0,0,1,35,8,2
1058,36.0,2.0,1,1,3,1,13,43.0,False,0,True,True,False,1324,0.3718058046090127,1.311718904275132,32,sales_office,False,True,-1,-9.0,-9.0,-1,-9.0,-9.0,-9.0,0.0,18665,12.241803727001525,-1.6504735036359384,11.91916,7.0,24.542936,47.320335,0.0,0.0,26.749802,23.346638,0.0,0.0,3.403164,0,0,False,No_Telecommute,M,True,work1,1,1,0,0,0,0,0,0,0,0,0,0,0,2702,0,0,1,45,8,2
1058,17.0,3.0,1,3,1,6,0,0.0,True,3,False,False,False,1324,0.7782900505596299,1.7886630973694395,0,,False,False,-1,-9.0,-9.0,16496,6.253134990245627,-1.2147547229117726,17.037786,62.415905,-1,-9.0,-9.0,-9.0,-9.0,-9.0,0.0,0.0,0.0,0.0,0.0,0.0,0.0,0.0,0,0,False,,M,True,school1,1,0,0,0,0,0,0,0,0,0,0,0,0,2703,0,2,0,0,8,2
1058,16.0,4.0,1,3,1,6,0,25.0,True,3,False,False,False,1324,2.2115974208604703,0.8613622747959829,61,services,False,False,-1,-9.0,-9.0,16496,9.339496062673277,-3.936670636221098,17.037786,62.415905,-1,-9.0,-9.0,-9.0,-9.0,-9.0,0.0,0.0,0.0,0.0,0.0,0.0,0.0,0.0,0,0,False,,M,True,school1,1,0,0,0,0,0,0,0,0,0,0,0,0,2704,0,5,6,6,8,2
1059,67.0,1.0,2,3,3,5,13,43.0,False,0,False,False,False,1324,2.613112865752927,1.572319409041832,44,sales_office,False,False,-1,-9.0,-9.0,-1,-9.0,-9.0,-9.0,0.0,-1,-9.0,-9.0,-9.0,-9.0,-9.0,0.0,0.0,0.0,0.0,0.0,0.0,0.0,0.0,0,0,False,,N,True,,0,0,0,12,1,0,0,0,1,0,0,0,0,2705,0,0,0,0,1,1
1060,41.0,1.0,2,1,3,1,13,11.0,False,0,True,True,False,1324,0.1652125493427084,0.8536680460718284,92,mngt_busi_scic_arts,False,True,-1,-9.0,-9.0,-1,-9.0,-9.0,-9.0,0.0,12703,12.307518358554434,-1.915808639590414,34.73779,2.0,57.8982,117.04578,0.0,2.297,57.8982,57.31826,0.0,0.0,0.5799408,0,0,True,No_Telecommute,N,True,,0,0,0,12,1,0,0,0,1,0,0,0,0,2706,0,0,1,36,9,2
1060,38.0,2.0,2,1,3,1,13,13.0,False,0,True,True,False,1324,0.448930585306124,0.6719400622446716,92,mngt_busi_scic_arts,False,True,-1,-9.0,-9.0,-1,-9.0,-9.0,-9.0,0.0,13930,11.91610764840839,-2.981526511341891,26.839115,3.0,48.656578,98.017975,0.0,0.0,48.656578,48.656578,0.0,0.0,0.0,0,1,False,2_3_days_week,M,True,work1,1,1,0,6,1,0,1,0,0,0,0,0,0,2707,0,0,1,40,9,2
1061,43.0,1.0,2,3,3,4,13,0.0,False,0,False,False,False,1324,0.7869571226713163,1.0470190873876903,0,,False,False,-1,-9.0,-9.0,-1,-9.0,-9.0,-9.0,0.0,-1,-9.0,-9.0,-9.0,-9.0,-9.0,0.0,0.0,0.0,0.0,0.0,0.0,0.0,0.0,0,1,False,,N,True,,0,0,0,12,1,0,0,0,1,0,0,0,0,2708,0,0,0,0,1,2
1062,46.0,2.0,1,3,3,4,13,11.0,False,0,False,False,False,1324,1.0125123866832144,0.8488111908062035,71,mngt_busi_scic_arts,False,False,-1,-9.0,-9.0,-1,-9.0,-9.0,-9.0,0.0,-1,-9.0,-9.0,-9.0,-9.0,-9.0,0.0,0.0,0.0,0.0,0.0,0.0,0.0,0.0,0,0,False,,N,True,,0,0,0,66,2,0,0,2,0,0,0,1,0,2710,0,0,6,25,1,1
1063,60.0,1.0,2,1,3,1,13,11.0,False,0,True,True,False,1324,0.5592627516502511,0.5767799046498229,53,mngt_busi_scic_arts,False,True,-1,-9.0,-9.0,-1,-9.0,-9.0,-9.0,0.0,13318,11.514421074864364,-4.314444224705936,29.472206,3.0,55.09212,109.6412,0.0,0.0,55.09212,54.898235,0.0,0.0,0.1938858,0,0,True,No_Telecommute,N,True,,0,0,0,6,1,0,1,0,0,0,0,0,0,2711,0,0,1,40,1,1
1064,46.0,1.0,2,2,3,2,13,31.0,False,0,True,True,False,1324,1.0427345739799585,0.5253176269076314,62,health,False,True,-1,-9.0,-9.0,-1,-9.0,-9.0,-9.0,0.0,16337,8.876179952853288,-2.987529964395546,5.971109,6.0,12.691864,24.505436,0.0,0.0,12.691864,12.691864,0.0,0.0,0.0,0,0,False,No_Telecommute,N,True,,0,0,0,12,1,0,0,0,1,0,0,0,0,2712,0,0,1,30,8,2
1064,17.0,2.0,1,3,1,6,0,0.0,True,3,False,False,False,1324,0.4565007590676545,1.0451182520176547,0,,False,False,-1,-9.0,-9.0,7004,10.272022353586287,4.870222812282351,0.6421475,4.0103073,-1,-9.0,-9.0,-9.0,-9.0,-9.0,0.0,0.0,0.0,0.0,0.0,0.0,0.0,0.0,0,0,False,,M,True,school1,1,0,0,0,0,0,0,0,0,0,0,0,0,2713,0,5,0,0,8,2
1064,16.0,3.0,2,3,1,6,0,0.0,True,3,False,False,False,1324,0.3958380222792095,0.6036374014339553,0,,False,False,-1,-9.0,-9.0,13061,10.22437772541017,-2.66420603672479,33.442596,65.79047,-1,-9.0,-9.0,-9.0,-9.0,-9.0,0.0,0.0,0.0,0.0,0.0,0.0,0.0,0.0,0,0,False,,M,True,school1,1,0,0,0,0,0,0,0,0,0,0,0,0,2714,0,5,0,0,8,2
1066,44.0,1.0,2,1,3,1,13,41.0,False,0,True,True,False,1347,0.6149808759322781,2.270297289976438,44,sales_office,False,True,-1,-9.0,-9.0,-1,-9.0,-9.0,-9.0,0.0,19451,11.453403617320587,-2.659243897961989,15.203977,7.0,27.081903,53.102135,0.0,0.0,27.081903,26.852993,0.0,0.0,0.22891045,0,0,False,No_Telecommute,M,True,work1,1,1,0,0,0,0,0,0,0,0,0,0,0,2716,0,0,1,50,8,2
1066,46.0,2.0,1,1,3,1,13,53.0,False,0,True,True,False,1347,1.158448517405743,0.5159586190674904,92,prod_trans_move,False,True,-1,-9.0,-9.0,-1,-9.0,-9.0,-9.0,0.0,2465,10.744275373923587,-0.4010613401012127,0.19206263,6.0,0.72111315,1.231029,0.0,5.797,0.72111315,0.72111315,0.0,0.0,0.0,0,0,False,No_Telecommute,M,True,work1,1,1,0,0,0,0,0,0,0,0,0,0,0,2717,0,6,1,40,8,2
1067,31.0,1.0,1,3,3,4,13,41.0,False,0,False,False,False,1347,0.4467106907122705,0.3865014082048039,44,sales_office,False,False,-1,-9.0,-9.0,-1,-9.0,-9.0,-9.0,0.0,-1,-9.0,-9.0,-9.0,-9.0,-9.0,0.0,0.0,0.0,0.0,0.0,0.0,0.0,0.0,0,0,False,,N,True,,0,0,0,1,3,2,0,0,0,1,0,0,0,2718,0,0,0,0,1,1
1067,30.0,2.0,2,3,3,4,13,0.0,False,0,False,False,False,1347,2.338482829668603,1.3197934901334705,0,,False,False,-1,-9.0,-9.0,-1,-9.0,-9.0,-9.0,0.0,-1,-9.0,-9.0,-9.0,-9.0,-9.0,0.0,0.0,0.0,0.0,0.0,0.0,0.0,0.0,0,0,False,,N,True,,0,0,0,1,5,4,0,0,0,1,0,0,0,2719,0,0,0,0,1,1
1067,7.0,3.0,2,4,1,7,0,0.0,True,2,False,False,False,1347,0.8832599635502641,0.317460110582946,0,,False,False,-1,-9.0,-9.0,23872,6.884663536473801,4.345358023755283,1.0843015,7.8614616,-1,-9.0,-9.0,-9.0,-9.0,-9.0,0.0,0.0,0.0,0.0,0.0,0.0,0.0,0.0,0,0,False,,M,True,school1,1,0,0,1,1,0,0,0,0,1,0,0,0,2720,0,0,0,0,1,1
1067,4.0,4.0,1,4,1,8,0,0.0,True,1,False,False,False,1347,1.044198629876799,0.4850908504921115,0,,False,False,-1,-9.0,-9.0,1170,9.522706691680495,8.422176654261435,0.096031316,0.72074276,-1,-9.0,-9.0,-9.0,-9.0,-9.0,0.0,0.0,0.0,0.0,0.0,0.0,0.0,0.0,0,0,False,,M,True,school1,1,0,0,0,0,0,0,0,0,0,0,0,0,2721,0,0,0,0,1,1
1067,4.0,5.0,2,4,1,8,0,0.0,True,1,False,False,False,1347,1.1280807747675032,1.2070537832361634,0,,False,False,-1,-9.0,-9.0,11794,10.653116048551048,4.541307472276495,0.9020399,5.785059,-1,-9.0,-9.0,-9.0,-9.0,-9.0,0.0,0.0,0.0,0.0,0.0,0.0,0.0,0.0,0,0,False,,M,True,school1,1,0,0,0,0,0,0,0,0,0,0,0,0,2722,0,0,0,0,1,1
1067,2.0,6.0,1,4,1,8,0,0.0,True,1,False,False,False,1347,0.4277405520713793,0.7120654187242639,0,,False,False,-1,-9.0,-9.0,1399,9.37188627726911,7.009245051648776,0.51495916,4.4470577,-1,-9.0,-9.0,-9.0,-9.0,-9.0,0.0,0.0,0.0,0.0,0.0,0.0,0.0,0.0,0,0,False,,M,True,school1,1,0,0,0,0,0,0,0,0,0,0,0,0,2723,0,0,0,0,1,1
1067,22.0,7.0,1,1,3,1,13,43.0,False,0,True,True,False,1347,0.8041196145071394,1.4999991874621,51,sales_office,False,True,-1,-9.0,-9.0,-1,-9.0,-9.0,-9.0,0.0,20320,11.448706111537724,-4.303023524934529,19.423893,7.0,34.763844,68.9476,0.0,0.0,34.763844,34.763844,0.0,0.0,0.0,0,0,True,No_Telecommute,M,True,work1,1,1,0,1,1,0,0,0,0,1,0,0,0,2724,0,6,1,80,1,1
1068,68.0,1.0,2,3,3,5,13,99.0,False,0,False,False,False,1347,0.2103549520011568,1.3130553015111432,99,,False,False,-1,-9.0,-9.0,-1,-9.0,-9.0,-9.0,0.0,-1,-9.0,-9.0,-9.0,-9.0,-9.0,0.0,0.0,0.0,0.0,0.0,0.0,0.0,0.0,0,0,False,,N,True,,0,0,0,12,1,0,0,0,1,0,0,0,0,2725,0,0,0,0,1,1
1069,39.0,1.0,1,1,3,1,13,29.0,False,0,True,True,False,1347,0.3971388475064427,0.93952369215615,62,health,False,True,-1,-9.0,-9.0,-1,-9.0,-9.0,-9.0,0.0,24131,11.454237686491544,-4.3192019661064425,42.16089,5.0,68.32303,135.07608,0.0,0.0,69.4803,68.32303,0.0,0.0,1.1572723,0,0,True,1_day_week,N,True,,0,0,0,12,1,0,0,0,1,0,0,0,0,2726,0,0,1,50,6,1
1070,39.0,1.0,1,1,3,1,13,23.0,False,0,True,True,False,1347,0.8374036275521318,0.4848849431996189,54,mngt_busi_scic_arts,False,True,-1,-9.0,-9.0,-1,-9.0,-9.0,-9.0,0.0,13308,11.850102429730224,-5.667081834983066,29.76819,3.0,55.06731,108.65028,0.0,0.0,55.06731,55.06731,0.0,0.0,0.0,0,0,True,4_days_week,M,True,work1,1,1,0,1,1,0,0,0,0,1,0,0,0,2727,0,0,1,55,1,1
1070,48.0,2.0,2,1,3,1,13,11.0,False,0,True,False,False,1347,0.3818873834896473,1.2938479255050594,53,mngt_busi_scic_arts,True,False,-1,-9.0,-9.0,-1,-9.0,-9.0,-9.0,0.0,-1,-9.0,-9.0,-9.0,-9.0,-9.0,0.0,0.0,0.0,0.0,0.0,0.0,0.0,0.0,0,0,False,,N,True,,0,0,0,1,1,0,0,0,0,1,0,0,0,2728,0,0,1,60,1,2
1073,44.0,1.0,2,2,3,2,13,37.0,False,0,True,True,False,1347,1.0023288758765776,2.429669527249606,81,services,False,True,-1,-9.0,-9.0,-1,-9.0,-9.0,-9.0,0.0,229,9.643036761804613,-1.173755206562929,0.36923322,6.0,1.1836796,2.1514885,0.0,6.942,1.1836796,1.1836796,0.0,0.0,0.0,0,0,True,No_Telecommute,M,True,work2,2,2,0,1,1,0,0,0,0,1,0,0,0,2731,0,0,1,30,1,2
1073,24.0,2.0,2,1,3,1,13,15.0,False,0,True,True,False,1347,0.9543193148715332,1.509953290467993,3000,mngt_busi_scic_arts,False,True,-1,-9.0,-9.0,-1,-9.0,-9.0,-9.0,0.0,23934,10.21355982163985,-2.2551978185613297,5.1465707,6.0,13.761817,27.713852,0.0,0.0,13.761817,13.759025,0.0,0.0,0.0027923584,0,0,True,No_Telecommute,M,True,work1,1,1,0,0,0,0,0,0,0,0,0,0,0,2732,0,0,1,40,1,2
1074,46.0,2.0,1,2,3,2,13,35.0,False,0,True,True,False,1347,0.8262877973369659,1.8846430363703437,722,services,False,True,-1,-9.0,-9.0,-1,-9.0,-9.0,-9.0,0.0,15881,9.95105381860741,-3.844205851212712,11.912211,6.0,24.756409,50.845,0.0,0.0,24.756409,24.756409,0.0,0.0,0.0,0,0,False,No_Telecommute,N,True,,0,0,0,1,1,0,0,0,0,1,0,0,0,2734,0,0,1,20,1,1
1075,73.0,1.0,1,3,3,5,13,0.0,False,0,False,False,False,1347,0.6027294285476154,2.320169641475486,0,,False,False,-1,-9.0,-9.0,-1,-9.0,-9.0,-9.0,0.0,-1,-9.0,-9.0,-9.0,-9.0,-9.0,0.0,0.0,0.0,0.0,0.0,0.0,0.0,0.0,0,0,False,,N,True,,0,0,0,7,2,0,1,0,0,1,0,0,0,2735,0,0,0,0,1,1
1076,29.0,1.0,2,1,3,1,13,41.0,False,0,True,True,False,1347,0.636656724441491,1.0066248131102555,56,sales_office,False,True,-1,-9.0,-9.0,-1,-9.0,-9.0,-9.0,0.0,18861,11.019465205725831,-3.144709588751776,11.429989,6.0,30.761114,59.314346,0.0,0.0,30.917196,30.399767,0.0,0.0,0.51742935,0,0,False,No_Telecommute,M,True,work1,1,1,0,35,1,0,0,1,0,0,0,0,0,2737,0,0,1,40,1,2
1077,71.0,1.0,1,3,3,5,13,0.0,False,0,False,False,False,1347,0.4236811104375243,0.7256284808275805,0,,False,False,-1,-9.0,-9.0,-1,-9.0,-9.0,-9.0,0.0,-1,-9.0,-9.0,-9.0,-9.0,-9.0,0.0,0.0,0.0,0.0,0.0,0.0,0.0,0.0,0,0,False,,N,True,,0,0,1,89,1,1,0,0,1,0,0,0,0,2738,0,0,0,0,1,2
1077,76.0,2.0,2,3,3,5,13,0.0,False,0,False,False,False,1347,0.7470778014241718,1.2923329905370065,0,,False,False,-1,-9.0,-9.0,-1,-9.0,-9.0,-9.0,0.0,-1,-9.0,-9.0,-9.0,-9.0,-9.0,0.0,0.0,0.0,0.0,0.0,0.0,0.0,0.0,0,0,False,,N,True,,0,0,1,2,2,0,0,0,0,2,0,0,1,2739,0,0,0,0,1,2
1077,37.0,3.0,2,1,3,1,13,43.0,False,0,True,True,False,1347,0.5563503181919218,0.4624778379727901,33,sales_office,False,True,-1,-9.0,-9.0,-1,-9.0,-9.0,-9.0,0.0,19079,11.581075711728891,-2.2612282349703645,12.799681,6.0,30.031168,58.43257,0.0,0.0,30.187252,28.352322,0.0,0.0,1.8349304,0,0,False,No_Telecommute,M,True,work1,1,1,1,0,0,0,0,0,0,0,0,0,0,2740,0,0,4,40,1,2
1078,69.0,1.0,2,3,3,5,13,0.0,False,0,False,False,False,1347,0.8430438590437779,3.6566311502224575,0,,False,False,-1,-9.0,-9.0,-1,-9.0,-9.0,-9.0,0.0,-1,-9.0,-9.0,-9.0,-9.0,-9.0,0.0,0.0,0.0,0.0,0.0,0.0,0.0,0.0,0,0,False,,N,True,,0,0,0,12,1,0,0,0,1,0,0,0,0,2741,0,0,0,0,9,2
1079,63.0,1.0,1,3,3,4,13,39.0,False,0,False,False,False,1347,0.407683625038462,0.9724765882713532,71,services,False,False,-1,-9.0,-9.0,-1,-9.0,-9.0,-9.0,0.0,-1,-9.0,-9.0,-9.0,-9.0,-9.0,0.0,0.0,0.0,0.0,0.0,0.0,0.0,0.0,0,0,False,,N,True,,0,0,0,112,3,1,0,0,2,0,0,1,0,2742,0,0,1,30,9,2
1079,50.0,2.0,1,1,3,1,13,51.0,False,0,True,True,False,1347,0.5340068379579498,1.3927538990122632,33,prod_trans_move,False,True,-1,-9.0,-9.0,-1,-9.0,-9.0,-9.0,0.0,19547,11.832417209042672,-2.5842928136760333,12.765816,7.0,23.143866,45.30987,0.0,0.0,23.143866,23.143866,0.0,0.0,0.0,0,0,False,1_day_week,M,True,work1,1,1,0,0,0,0,0,0,0,0,0,0,0,2743,0,0,1,40,9,2
1080,30.0,1.0,2,1,3,1,13,19.0,False,0,True,True,False,1347,0.2678662325648497,0.3987238445675898,62,mngt_busi_scic_arts,False,True,-1,-9.0,-9.0,-1,-9.0,-9.0,-9.0,0.0,19642,12.130891565359187,-1.8830736559235064,17.450233,7.0,32.58013,63.389313,0.0,0.0,32.58013,32.269676,0.0,0.0,0.31045532,0,0,True,No_Telecommute,N,True,,0,0,0,1,1,0,0,0,0,1,0,0,0,2744,0,0,1,36,1,1
1080,32.0,2.0,1,3,3,4,13,99.0,False,0,False,False,False,1347,0.4928687470469947,0.8038637141762656,99,,False,False,-1,-9.0,-9.0,-1,-9.0,-9.0,-9.0,0.0,-1,-9.0,-9.0,-9.0,-9.0,-9.0,0.0,0.0,0.0,0.0,0.0,0.0,0.0,0.0,0,0,False,,N,True,,0,0,0,89,1,1,0,0,0,0,0,0,0,2745,0,0,0,0,1,1
1081,89.0,1.0,2,3,3,5,13,0.0,False,0,False,False,False,1347,0.825948891936117,0.5292560903192728,0,,False,False,-1,-9.0,-9.0,-1,-9.0,-9.0,-9.0,0.0,-1,-9.0,-9.0,-9.0,-9.0,-9.0,0.0,0.0,0.0,0.0,0.0,0.0,0.0,0.0,0,0,False,,N,True,,0,0,0,1,1,0,0,0,0,1,0,0,0,2746,0,0,0,0,1,1
1082,35.0,1.0,1,1,3,1,13,55.0,False,0,True,True,False,1347,0.3635849162067815,0.6812121189276026,9000,military,False,True,-1,-9.0,-9.0,-1,-9.0,-9.0,-9.0,0.0,1380,10.994193524748525,-1.820818830787413,18.148563,6.0,47.04839,98.60381,0.0,0.0,47.04839,47.04839,0.0,0.0,0.0,0,0,False,No_Telecommute,M,True,work1,1,1,0,0,0,0,0,0,0,0,0,0,0,2747,1,0,1,40,1,1
1082,30.0,2.0,2,3,2,3,13,31.0,True,4,False,False,False,1347,0.9836531782911118,0.5689237909630329,62,health,False,False,-1,-9.0,-9.0,19370,5.218839395906958,-3.519405910282416,14.804799,37.6093,-1,-9.0,-9.0,-9.0,-9.0,-9.0,0.0,0.0,0.0,0.0,0.0,0.0,0.0,0.0,0,0,False,,N,True,,0,0,0,89,1,1,0,0,0,0,0,0,0,2748,0,6,0,0,1,1
1083,62.0,1.0,2,3,3,4,13,37.0,False,0,False,False,False,1347,0.5175771982576955,0.5968772488964629,56,services,False,False,-1,-9.0,-9.0,-1,-9.0,-9.0,-9.0,0.0,-1,-9.0,-9.0,-9.0,-9.0,-9.0,0.0,0.0,0.0,0.0,0.0,0.0,0.0,0.0,0,0,False,,N,True,,0,0,0,35,1,0,0,1,0,0,0,0,0,2749,0,0,5,2,9,2
1083,66.0,2.0,1,2,3,2,13,47.0,False,0,True,True,False,1347,2.8485617864145025,1.9517664275007955,23,constr_maint,False,True,-1,-9.0,-9.0,-1,-9.0,-9.0,-9.0,0.0,1261,7.276955802805206,-2.640543617899545,0.5023671,6.0,1.989444,3.6011481,0.0,7.175,1.989444,1.989444,0.0,0.0,0.0,0,1,True,No_Telecommute,M,True,work2,2,2,0,12,1,0,0,0,1,0,0,0,0,2750,0,0,4,24,9,2
1083,40.0,3.0,2,2,3,2,13,31.0,False,0,True,True,False,1347,0.1389979984508009,0.8674689216373772,62,health,False,True,-1,-9.0,-9.0,-1,-9.0,-9.0,-9.0,0.0,13539,9.920554035395536,-0.3954412003645592,4.0156384,6.0,12.160378,23.366215,0.0,0.0,12.160378,12.071386,0.0,0.0,0.08899212,0,0,True,No_Telecommute,M,True,work1,1,1,0,47,2,0,0,1,1,0,0,1,0,2751,0,0,3,24,9,2
1084,29.0,1.0,1,1,3,1,13,55.0,False,0,True,True,False,1347,0.2369638984226097,0.5566809425851914,9000,military,False,True,-1,-9.0,-9.0,-1,-9.0,-9.0,-9.0,0.0,895,11.075038888123288,-3.8020788886826935,36.888702,2.0,66.72257,131.84616,0.0,0.0,66.72257,66.52497,0.0,0.0,0.19760132,0,0,True,No_Telecommute,N,True,,0,0,0,156,4,4,0,0,0,0,0,0,0,2752,1,0,1,50,9,2
1084,30.0,2.0,2,2,3,2,13,35.0,False,0,True,True,False,1347,1.0872207946309955,0.4111291298423696,722,services,False,True,-1,-9.0,-9.0,-1,-9.0,-9.0,-9.0,0.0,229,9.966283064398713,-0.5129820088072555,0.36923322,6.0,1.1836796,2.1514885,0.0,6.942,1.1836796,1.1836796,0.0,0.0,0.0,0,0,True,No_Telecommute,N,True,,0,0,0,0,3,3,0,0,0,0,0,0,0,2753,0,0,6,24,1,1
1084,14.0,3.0,2,4,1,7,0,0.0,True,2,False,False,False,1347,0.4193717632225417,0.632971656359702,0,,False,False,-1,-9.0,-9.0,11793,7.282789550276761,6.260830788836046,0.9020399,5.785059,-1,-9.0,-9.0,-9.0,-9.0,-9.0,0.0,0.0,0.0,0.0,0.0,0.0,0.0,0.0,0,0,False,,M,True,school1,1,0,0,0,0,0,0,0,0,0,0,0,0,2754,0,2,0,0,9,2
1084,2.0,5.0,2,4,1,8,0,0.0,True,1,False,False,False,1347,0.6639647943814684,1.432825940796381,0,,False,False,-1,-9.0,-9.0,359,8.29533816646222,7.300716216553482,0.096031316,0.72074276,-1,-9.0,-9.0,-9.0,-9.0,-9.0,0.0,0.0,0.0,0.0,0.0,0.0,0.0,0.0,0,0,False,,M,True,school1,1,0,0,1,1,0,0,0,0,1,0,0,0,2756,0,0,0,0,9,2
1085,40.0,1.0,1,1,3,1,13,43.0,False,0,True,True,False,1347,0.4251585460966868,1.8517342192677324,54,sales_office,False,True,-1,-9.0,-9.0,-1,-9.0,-9.0,-9.0,0.0,20183,12.04616695311331,-3.137928108653215,20.605343,7.0,34.460346,67.186066,0.0,7.388,34.460346,34.460346,0.0,0.0,0.0,0,0,True,4_days_week,N,True,,0,0,0,18,2,0,1,0,1,0,0,0,0,2758,0,0,1,40,1,1
1085,56.0,2.0,1,2,3,2,13,31.0,False,0,True,True,False,1347,0.4880993519894072,0.9776272379918878,92,health,False,True,-1,-9.0,-9.0,-1,-9.0,-9.0,-9.0,0.0,19535,10.004496962277058,-2.214302351913742,11.911321,6.0,24.54042,49.956425,0.0,0.0,24.54042,24.54042,0.0,0.0,0.0,0,0,True,No_Telecommute,M,True,work1,1,1,0,0,0,0,0,0,0,0,0,0,0,2759,0,0,1,33,2,1
1086,83.0,1.0,2,3,3,5,13,0.0,False,0,False,False,False,1347,0.9100080032126444,1.4720527382971489,0,,False,False,-1,-9.0,-9.0,-1,-9.0,-9.0,-9.0,0.0,-1,-9.0,-9.0,-9.0,-9.0,-9.0,0.0,0.0,0.0,0.0,0.0,0.0,0.0,0.0,0,1,False,,N,True,,0,0,0,35,1,0,0,1,0,0,0,0,0,2761,0,0,0,0,1,1
1087,48.0,1.0,1,1,3,1,13,41.0,False,0,True,True,False,1347,0.8075411974218633,0.4771860442256865,52,sales_office,False,True,-1,-9.0,-9.0,-1,-9.0,-9.0,-9.0,0.0,19414,12.695456815794712,-1.673186936987981,16.510681,7.0,30.344837,60.09623,0.0,0.0,30.344837,30.034384,0.0,0.0,0.31045341,0,1,False,No_Telecommute,M,True,work1,1,1,0,0,0,0,0,0,0,0,0,0,0,2762,0,0,1,55,8,2
1088,85.0,1.0,2,3,3,5,13,0.0,False,0,False,False,False,1347,0.5801382440658406,1.5572410160441008,0,,False,False,-1,-9.0,-9.0,-1,-9.0,-9.0,-9.0,0.0,-1,-9.0,-9.0,-9.0,-9.0,-9.0,0.0,0.0,0.0,0.0,0.0,0.0,0.0,0.0,0,0,False,,N,True,,0,0,0,6,1,0,1,0,0,0,0,0,0,2763,0,0,0,0,8,2
1089,81.0,1.0,2,3,3,5,13,0.0,False,0,False,False,False,1350,0.9267472526599542,1.408187722725623,0,,False,False,-1,-9.0,-9.0,-1,-9.0,-9.0,-9.0,0.0,-1,-9.0,-9.0,-9.0,-9.0,-9.0,0.0,0.0,0.0,0.0,0.0,0.0,0.0,0.0,0,0,False,,N,True,,0,0,0,15,2,0,0,0,1,0,1,0,0,2764,0,0,0,0,1,2
1089,37.0,2.0,2,3,3,4,13,0.0,False,0,False,False,False,1350,0.4691782945476176,0.8467106689534586,0,,False,False,-1,-9.0,-9.0,-1,-9.0,-9.0,-9.0,0.0,-1,-9.0,-9.0,-9.0,-9.0,-9.0,0.0,0.0,0.0,0.0,0.0,0.0,0.0,0.0,0,0,False,,N,True,,0,0,0,12,1,0,0,0,1,0,0,0,0,2765,0,0,0,0,1,2
1090,37.0,1.0,1,1,3,1,13,51.0,False,0,True,True,False,1350,0.9638250170641935,1.252529622026615,33,prod_trans_move,False,True,-1,-9.0,-9.0,-1,-9.0,-9.0,-9.0,0.0,13607,10.728683126684704,-7.0069474799068825,33.868423,3.0,62.936886,125.28403,0.0,0.0,62.936886,61.827663,0.0,0.0,1.1092224,0,0,True,4_days_week,M,True,work1,1,1,0,0,0,0,0,0,0,0,0,0,0,2766,0,0,1,40,1,2
1090,41.0,2.0,2,1,3,1,13,43.0,False,0,True,True,False,1350,0.2898141866920118,1.417582995590883,52,sales_office,False,True,-1,-9.0,-9.0,-1,-9.0,-9.0,-9.0,0.0,16407,12.305045607159984,-0.6062233691191186,5.633698,6.0,15.439041,30.676706,0.0,0.0,15.439041,15.439041,0.0,0.0,0.0,0,0,False,No_Telecommute,M,True,work1,1,1,0,0,1,1,0,0,0,0,0,0,0,2767,0,0,1,40,1,2
1090,10.0,3.0,2,4,1,7,0,0.0,True,2,False,False,False,1350,0.3240465880938102,0.896020557660952,0,,False,False,-1,-9.0,-9.0,7211,7.532074239889582,5.088578246708057,1.3370054,9.604946,-1,-9.0,-9.0,-9.0,-9.0,-9.0,0.0,0.0,0.0,0.0,0.0,0.0,0.0,0.0,0,0,False,,M,True,school1,1,0,0,0,0,0,0,0,0,0,0,0,0,2768,0,2,0,0,1,2
1090,10.0,4.0,2,4,1,7,0,0.0,True,2,False,False,False,1350,0.6366600290694433,0.9234078207046822,0,,False,False,-1,-9.0,-9.0,11793,7.248443128227873,5.50731029418214,0.62075037,4.206477,-1,-9.0,-9.0,-9.0,-9.0,-9.0,0.0,0.0,0.0,0.0,0.0,0.0,0.0,0.0,0,0,False,,M,True,school1,1,0,0,0,0,0,0,0,0,0,0,0,0,2769,0,2,0,0,1,2
1090,5.0,5.0,1,4,1,8,0,0.0,True,1,False,False,False,1350,0.6772116466495067,1.4227752082171532,0,,False,False,-1,-9.0,-9.0,8184,10.968509019643973,5.69815003502874,0.62075037,4.206477,-1,-9.0,-9.0,-9.0,-9.0,-9.0,0.0,0.0,0.0,0.0,0.0,0.0,0.0,0.0,0,0,False,,M,True,school1,1,0,0,0,0,0,0,0,0,0,0,0,0,2770,0,2,0,0,1,2
1090,17.0,6.0,1,3,1,6,0,0.0,True,3,False,False,False,1350,0.301190318460202,1.1159814572392504,0,,False,False,-1,-9.0,-9.0,723,6.542506555564821,-1.473100106103835,30.237957,76.7661,-1,-9.0,-9.0,-9.0,-9.0,-9.0,0.0,0.0,0.0,0.0,0.0,0.0,0.0,0.0,0,0,False,,M,True,school1,1,0,0,0,0,0,0,0,0,0,0,0,0,2771,0,5,0,0,1,2
1091,32.0,1.0,1,1,3,1,13,13.0,False,0,True,True,False,1350,0.4295701226186011,1.0271949611444822,9000,mngt_busi_scic_arts,False,True,-1,-9.0,-9.0,-1,-9.0,-9.0,-9.0,0.0,991,12.254848349510304,-5.270326544305235,37.6145,1.0,60.507126,120.64238,0.0,22.893,60.507126,60.507126,0.0,0.0,0.0,0,0,False,No_Telecommute,M,True,work1,1,1,0,0,0,0,0,0,0,0,0,0,0,2772,1,0,1,50,1,2
1091,30.0,2.0,2,3,3,4,13,41.0,False,0,False,False,False,1350,0.2456365474108963,0.3711776657548629,51,sales_office,False,False,-1,-9.0,-9.0,-1,-9.0,-9.0,-9.0,0.0,-1,-9.0,-9.0,-9.0,-9.0,-9.0,0.0,0.0,0.0,0.0,0.0,0.0,0.0,0.0,0,0,False,,N,True,,0,0,0,120,3,2,0,1,0,0,0,0,0,2773,0,0,0,0,1,1
1091,9.0,4.0,2,4,1,7,0,0.0,True,2,False,False,False,1350,1.6907156512240331,0.4453846920849391,0,,False,False,-1,-9.0,-9.0,8322,6.418789235223656,-1.1850104259944776,2.811214,11.371512,-1,-9.0,-9.0,-9.0,-9.0,-9.0,0.0,0.0,0.0,0.0,0.0,0.0,0.0,0.0,0,0,False,,M,True,school1,1,0,0,1,1,0,0,0,0,1,0,0,0,2775,0,2,0,0,1,2
1092,32.0,1.0,1,1,3,1,13,13.0,False,0,True,True,False,1350,0.4606392839212452,0.5930803718001519,9000,mngt_busi_scic_arts,False,True,-1,-9.0,-9.0,-1,-9.0,-9.0,-9.0,0.0,15896,12.094815888889944,-2.1087610845633487,12.50067,6.0,25.341318,51.511818,0.0,0.0,25.341318,25.341318,0.0,0.0,0.0,1,1,False,No_Telecommute,M,True,work1,1,1,0,0,1,1,0,0,0,0,0,0,0,2778,1,0,1,50,1,2
1092,30.0,2.0,2,3,3,4,13,41.0,False,0,False,False,False,1350,0.4211872251097602,0.5092029016675106,51,sales_office,False,False,-1,-9.0,-9.0,-1,-9.0,-9.0,-9.0,0.0,-1,-9.0,-9.0,-9.0,-9.0,-9.0,0.0,0.0,0.0,0.0,0.0,0.0,0.0,0.0,0,0,False,,N,True,,0,0,0,12,4,3,0,0,1,0,0,0,0,2779,0,0,0,0,1,1
1092,13.0,3.0,2,4,1,7,0,0.0,True,2,False,False,False,1350,2.0834385944145635,0.660538949527186,0,,False,False,-1,-9.0,-9.0,23872,6.359922305184432,2.2198866493256526,0.8030121,6.2828803,-1,-9.0,-9.0,-9.0,-9.0,-9.0,0.0,0.0,0.0,0.0,0.0,0.0,0.0,0.0,0,0,False,,M,True,school1,1,0,0,0,0,0,0,0,0,0,0,0,0,2780,0,2,0,0,1,2
1092,9.0,4.0,2,4,1,7,0,0.0,True,2,False,False,False,1350,0.4789164986044248,0.9645263748025572,0,,False,False,-1,-9.0,-9.0,23872,7.4831578429844035,5.420982526636961,0.8030121,6.2828803,-1,-9.0,-9.0,-9.0,-9.0,-9.0,0.0,0.0,0.0,0.0,0.0,0.0,0.0,0.0,0,0,False,,M,True,school1,1,0,0,0,0,0,0,0,0,0,0,0,0,2781,0,2,0,0,1,2
1092,5.0,5.0,1,4,1,8,0,0.0,True,1,False,False,False,1350,0.5237169084034641,0.4847200486179379,0,,False,False,-1,-9.0,-9.0,9906,10.998584169526705,5.636529094437429,0.79811764,6.753166,-1,-9.0,-9.0,-9.0,-9.0,-9.0,0.0,0.0,0.0,0.0,0.0,0.0,0.0,0.0,0,0,False,,N,True,,0,0,0,89,1,1,0,0,0,0,0,0,0,2782,0,0,0,0,1,2
1092,0.0,6.0,2,4,1,8,0,0.0,True,1,False,False,False,1350,1.1412551184737092,0.8360197944342906,0,,False,False,-1,-9.0,-9.0,5515,7.824661223927368,6.303140386881818,0.21074384,1.3379806,-1,-9.0,-9.0,-9.0,-9.0,-9.0,0.0,0.0,0.0,0.0,0.0,0.0,0.0,0.0,0,0,False,,M,True,school1,1,0,0,0,0,0,0,0,0,0,0,0,0,2783,0,0,0,0,1,2
1093,48.0,1.0,1,1,3,1,13,51.0,False,0,True,True,False,1350,1.5603010099016563,0.645806448458845,23,prod_trans_move,False,True,-1,-9.0,-9.0,-1,-9.0,-9.0,-9.0,0.0,10518,10.013921463882776,-8.608213810500155,23.069021,3.0,47.300816,92.61549,0.0,0.0,47.300816,47.300816,0.0,0.0,0.0,0,0,True,No_Telecommute,N,True,,0,0,0,1,4,3,0,0,0,1,0,0,0,2784,0,0,1,40,1,2
1093,44.0,2.0,2,3,3,4,13,0.0,False,0,False,False,False,1350,0.8865952031354025,2.075942650570667,0,,False,False,-1,-9.0,-9.0,-1,-9.0,-9.0,-9.0,0.0,-1,-9.0,-9.0,-9.0,-9.0,-9.0,0.0,0.0,0.0,0.0,0.0,0.0,0.0,0.0,0,0,False,,N,True,,0,0,0,90,3,2,0,0,0,1,0,0,0,2785,0,0,0,0,1,2
1093,16.0,3.0,2,3,1,6,0,0.0,True,3,False,False,False,1350,0.2682830427322601,0.4810470937797953,0,,False,False,-1,-9.0,-9.0,7004,10.032026786415567,4.377732247788593,0.8201139,6.442411,-1,-9.0,-9.0,-9.0,-9.0,-9.0,0.0,0.0,0.0,0.0,0.0,0.0,0.0,0.0,0,0,False,,M,True,school1,1,0,0,0,0,0,0,0,0,0,0,0,0,2786,0,5,0,0,1,2
1093,13.0,4.0,2,4,1,7,0,0.0,True,2,False,False,False,1350,0.7028496290113494,0.9307827453642098,0,,False,False,-1,-9.0,-9.0,16634,6.920039214799355,-1.3268102862595017,5.9138246,26.370369,-1,-9.0,-9.0,-9.0,-9.0,-9.0,0.0,0.0,0.0,0.0,0.0,0.0,0.0,0.0,0,0,False,,N,True,,0,0,0,6,1,0,1,0,0,0,0,0,0,2787,0,2,0,0,1,2
1093,12.0,5.0,1,4,1,7,0,0.0,True,2,False,False,False,1350,1.6672816316428265,1.590527971351722,0,,False,False,-1,-9.0,-9.0,11793,6.594663948411264,3.926724557372054,0.62075037,4.206477,-1,-9.0,-9.0,-9.0,-9.0,-9.0,0.0,0.0,0.0,0.0,0.0,0.0,0.0,0.0,0,0,False,,M,True,school1,1,0,0,89,1,1,0,0,0,0,0,0,0,2788,0,2,0,0,1,2
1093,8.0,6.0,2,4,1,7,0,0.0,True,2,False,False,False,1350,0.777688391002127,3.905815644199647,0,,False,False,-1,-9.0,-9.0,23872,6.883045542322398,4.465182098822986,0.8030121,6.2828803,-1,-9.0,-9.0,-9.0,-9.0,-9.0,0.0,0.0,0.0,0.0,0.0,0.0,0.0,0.0,0,0,False,,M,True,school1,1,0,0,0,0,0,0,0,0,0,0,0,0,2789,0,2,0,0,1,2
1094,20.0,3.0,2,3,2,3,9,0.0,True,4,False,False,False,1350,0.4624627064814846,0.7918696988968689,0,,False,False,-1,-9.0,-9.0,5313,7.608936276225664,3.262681302699613,0.65955746,5.7891674,-1,-9.0,-9.0,-9.0,-9.0,-9.0,0.0,0.0,0.0,0.0,0.0,0.0,0.0,0.0,0,0,False,,M,True,school1,1,0,0,0,0,0,0,0,0,0,0,0,0,2792,0,6,0,0,1,1
1095,50.0,1.0,1,1,3,1,13,51.0,False,0,True,True,False,1350,1.4815737921735923,0.785558960508496,31,prod_trans_move,False,True,-1,-9.0,-9.0,-1,-9.0,-9.0,-9.0,0.0,6073,9.869760184461244,-0.739340050183772,0.4214877,6.0,2.2334824,4.6093845,0.0,0.0,2.2334824,2.2334824,0.0,0.0,0.0,0,0,True,No_Telecommute,M,True,work1,1,1,0,0,0,0,0,0,0,0,0,0,0,2793,0,0,1,70,1,2
1095,5.0,2.0,1,4,1,8,0,0.0,True,1,False,False,False,1350,1.4661013504593394,0.9744561442505424,0,,False,False,-1,-9.0,-9.0,9902,8.327835446878794,1.6834720449223943,0.9836366,7.2171717,-1,-9.0,-9.0,-9.0,-9.0,-9.0,0.0,0.0,0.0,0.0,0.0,0.0,0.0,0.0,0,0,False,,N,True,,0,0,1,2,2,0,0,0,0,3,0,0,2,2794,0,2,0,0,1,2
1095,39.0,5.0,2,3,3,4,13,51.0,False,0,False,False,False,1350,1.0102905644995634,2.6374057082826865,31,prod_trans_move,False,False,-1,-9.0,-9.0,-1,-9.0,-9.0,-9.0,0.0,-1,-9.0,-9.0,-9.0,-9.0,-9.0,0.0,0.0,0.0,0.0,0.0,0.0,0.0,0.0,0,0,False,,N,True,,0,0,1,156,2,2,0,0,0,0,0,0,0,2797,0,0,0,0,1,2
1096,50.0,1.0,1,1,3,1,13,51.0,False,0,True,True,False,1350,1.2455381548841813,0.9629887326655776,31,prod_trans_move,False,True,-1,-9.0,-9.0,-1,-9.0,-9.0,-9.0,0.0,16009,10.4142507162435,-3.231467741167186,5.1847153,6.0,13.316611,24.744198,0.0,0.0,13.316611,12.871198,0.0,0.0,0.4454136,0,0,True,No_Telecommute,M,True,work1,1,1,0,0,0,0,0,0,0,0,0,0,0,2798,0,0,1,70,1,2
1096,5.0,2.0,1,4,1,8,0,0.0,True,1,False,False,False,1350,1.1748324292696406,0.6733078099251509,0,,False,False,-1,-9.0,-9.0,1983,8.216887083161048,0.5512242693953591,2.811214,11.371512,-1,-9.0,-9.0,-9.0,-9.0,-9.0,0.0,0.0,0.0,0.0,0.0,0.0,0.0,0.0,0,0,False,,M,True,school1,1,0,0,0,0,0,0,0,0,0,0,0,0,2799,0,2,0,0,1,2
1096,2.0,3.0,2,4,1,8,0,0.0,True,1,False,False,False,1350,2.2344582703059306,1.0513659045408816,0,,False,False,-1,-9.0,-9.0,1399,5.839736114899599,2.024218113016212,0.81027615,6.0264254,-1,-9.0,-9.0,-9.0,-9.0,-9.0,0.0,0.0,0.0,0.0,0.0,0.0,0.0,0.0,0,0,False,,M,True,school1,1,0,0,0,0,0,0,0,0,0,0,0,0,2800,0,0,0,0,1,2
1096,14.0,4.0,2,4,1,7,0,0.0,True,2,False,False,False,1350,1.2918851789633057,0.3418617499152471,0,,False,False,-1,-9.0,-9.0,23872,6.799242977596457,3.788532254947544,0.8030121,6.2828803,-1,-9.0,-9.0,-9.0,-9.0,-9.0,0.0,0.0,0.0,0.0,0.0,0.0,0.0,0.0,0,0,False,,M,True,school1,1,0,0,0,0,0,0,0,0,0,0,0,0,2801,0,5,0,0,1,2
1096,39.0,5.0,2,3,3,4,13,51.0,False,0,False,False,False,1350,0.4213702748338679,0.6968775104888203,31,prod_trans_move,False,False,-1,-9.0,-9.0,-1,-9.0,-9.0,-9.0,0.0,-1,-9.0,-9.0,-9.0,-9.0,-9.0,0.0,0.0,0.0,0.0,0.0,0.0,0.0,0.0,0,0,False,,N,True,,0,0,0,1,6,5,0,0,0,1,0,0,0,2802,0,0,0,0,1,2
1097,26.0,1.0,2,3,3,4,13,43.0,False,0,False,False,False,1350,0.9989306260472932,0.5148922528222073,44,sales_office,False,False,-1,-9.0,-9.0,-1,-9.0,-9.0,-9.0,0.0,-1,-9.0,-9.0,-9.0,-9.0,-9.0,0.0,0.0,0.0,0.0,0.0,0.0,0.0,0.0,0,0,False,,N,True,,0,0,1,1,5,4,0,1,0,1,0,0,0,2803,0,0,0,0,1,2
1097,26.0,2.0,1,1,3,1,13,33.0,False,0,True,True,False,1350,1.0995498819090728,0.6764103464504616,23,services,False,True,-1,-9.0,-9.0,-1,-9.0,-9.0,-9.0,0.0,6421,10.693910281950792,-6.861378679504842,26.633492,3.0,53.65595,105.762924,0.0,6.811,53.65595,53.65595,0.0,0.0,0.0,0,1,True,No_Telecommute,M,True,work2,2,2,0,0,0,0,0,0,0,0,0,0,0,2804,0,0,1,55,1,2
1097,6.0,3.0,2,4,1,7,0,0.0,True,2,False,False,False,1350,0.5663347523060643,1.584741395060795,0,,False,False,-1,-9.0,-9.0,23872,7.081841673405493,4.243903875082996,0.8030121,6.2828803,-1,-9.0,-9.0,-9.0,-9.0,-9.0,0.0,0.0,0.0,0.0,0.0,0.0,0.0,0.0,0,0,False,,M,True,school1,1,0,1,0,0,0,0,0,0,0,0,0,0,2805,0,2,0,0,1,2
1097,3.0,4.0,1,4,1,8,0,0.0,True,1,False,False,False,1350,1.3779988163184445,0.4282222953776144,0,,False,False,-1,-9.0,-9.0,3509,9.979936258927657,4.497678816006456,0.62075037,4.206477,-1,-9.0,-9.0,-9.0,-9.0,-9.0,0.0,0.0,0.0,0.0,0.0,0.0,0.0,0.0,0,0,False,,M,True,school1,1,0,1,0,0,0,0,0,0,0,0,0,0,2806,0,0,0,0,1,2
1098,23.0,1.0,1,1,3,1,13,13.0,False,0,True,True,False,1350,0.2098736334370698,0.7478019531582669,9000,mngt_busi_scic_arts,False,True,-1,-9.0,-9.0,-1,-9.0,-9.0,-9.0,0.0,16709,12.694260421568265,-0.982540539468762,12.440552,7.0,30.183279,59.95865,0.0,0.0,30.183279,30.183279,0.0,0.0,0.0,0,1,False,No_Telecommute,M,True,work1,1,1,0,0,0,0,0,0,0,0,0,0,0,2808,1,0,1,55,1,2
1098,22.0,2.0,2,1,3,1,13,53.0,False,0,True,True,False,1350,0.8286443433803349,2.8137642552716824,9000,prod_trans_move,False,True,-1,-9.0,-9.0,-1,-9.0,-9.0,-9.0,0.0,19190,11.01463549132218,-2.918166031776639,12.045936,7.0,23.459066,45.86509,0.0,0.0,23.459066,20.513208,0.0,0.0,2.945858,0,0,False,No_Telecommute,M,True,work1,1,1,0,0,0,0,0,0,0,0,0,0,0,2809,1,0,1,55,1,2
1099,52.0,1.0,1,1,3,1,13,49.0,False,0,True,True,False,1350,0.2679530919675669,0.6167651395955953,81,constr_maint,False,True,-1,-9.0,-9.0,-1,-9.0,-9.0,-9.0,0.0,12782,11.353517153548436,-2.93192225904182,25.513037,3.0,53.407803,106.994446,0.0,5.014,58.852207,51.9158,0.0,0.0,6.936409,1,1,True,No_Telecommute,M,True,work1,1,1,0,0,0,0,0,0,0,0,0,0,0,2810,0,0,1,40,1,2
1099,45.0,2.0,2,1,3,1,13,51.0,False,0,True,True,False,1350,0.3559085918996059,1.496611056114144,33,prod_trans_move,False,True,-1,-9.0,-9.0,-1,-9.0,-9.0,-9.0,0.0,18862,11.913192333254758,-1.5203397085328798,10.115717,6.0,25.776094,49.229183,0.0,0.0,25.93218,25.438791,0.0,0.0,0.49338913,0,0,True,No_Telecommute,N,True,,0,0,0,12,1,0,0,0,1,0,0,0,0,2811,0,0,5,40,1,2
1099,18.0,3.0,2,3,3,4,9,51.0,False,0,False,False,False,1350,0.2087890564652075,0.8426402114690223,56,prod_trans_move,False,False,-1,-9.0,-9.0,-1,-9.0,-9.0,-9.0,0.0,-1,-9.0,-9.0,-9.0,-9.0,-9.0,0.0,0.0,0.0,0.0,0.0,0.0,0.0,0.0,0,0,False,,N,True,,0,0,0,1,1,0,0,0,0,1,0,0,0,2812,0,0,6,40,1,2
1100,46.0,1.0,1,3,3,4,13,0.0,False,0,False,False,False,1350,0.6567328487576334,0.6466696173726052,0,,False,False,-1,-9.0,-9.0,-1,-9.0,-9.0,-9.0,0.0,-1,-9.0,-9.0,-9.0,-9.0,-9.0,0.0,0.0,0.0,0.0,0.0,0.0,0.0,0.0,0,0,False,,N,True,,0,0,0,6,1,0,1,0,0,0,0,0,0,2813,0,0,0,0,1,1
1101,25.0,1.0,2,2,3,2,13,11.0,False,0,True,True,False,1350,0.3861001561186221,0.8935953947642965,71,mngt_busi_scic_arts,False,True,-1,-9.0,-9.0,-1,-9.0,-9.0,-9.0,0.0,16106,10.467333238310577,-0.6891811397884658,4.1957846,6.0,10.918639,21.079508,0.0,0.0,11.3859415,10.918639,0.0,0.0,0.46730232,0,0,True,1_day_week,M,True,work1,1,1,0,6,1,0,1,0,0,0,0,0,0,2814,0,0,4,30,6,1
1101,24.0,2.0,1,3,2,3,13,0.0,True,4,False,False,False,1350,0.6347125999658805,0.9400061410773268,0,,False,False,-1,-9.0,-9.0,23114,7.253643074341582,-1.1947367897163566,5.583527,24.040682,-1,-9.0,-9.0,-9.0,-9.0,-9.0,0.0,0.0,0.0,0.0,0.0,0.0,0.0,0.0,0,0,False,,N,True,,0,0,0,66,2,0,0,2,0,0,0,1,0,2815,0,6,0,0,9,2
1101,23.0,4.0,2,3,2,3,13,17.0,True,4,False,False,False,1350,0.3481052583006754,0.459112952515648,61,mngt_busi_scic_arts,False,False,-1,-9.0,-9.0,19370,7.502622442206281,-1.2517589200866026,14.979991,36.64235,-1,-9.0,-9.0,-9.0,-9.0,-9.0,0.0,0.0,0.0,0.0,0.0,0.0,0.0,0.0,0,0,False,,N,True,,0,0,0,47,2,0,0,1,1,0,0,1,0,2817,0,6,0,0,1,1
1102,49.0,1.0,1,1,3,1,13,37.0,False,0,True,True,False,1350,1.1981271368913382,0.6919415236519918,62,services,False,True,-1,-9.0,-9.0,-1,-9.0,-9.0,-9.0,0.0,16418,10.603690410521288,-3.384638201392704,6.091494,6.0,17.257368,35.935535,0.0,0.0,17.257368,17.257368,0.0,0.0,0.0,0,0,True,No_Telecommute,M,True,work1,1,1,0,0,0,0,0,0,0,0,0,0,0,2818,0,0,1,40,9,2
1102,35.0,2.0,2,3,3,4,13,0.0,False,0,False,False,False,1350,0.3663470830201281,1.2160883903678148,0,,False,False,-1,-9.0,-9.0,-1,-9.0,-9.0,-9.0,0.0,-1,-9.0,-9.0,-9.0,-9.0,-9.0,0.0,0.0,0.0,0.0,0.0,0.0,0.0,0.0,0,0,False,,N,True,,0,0,0,35,7,6,0,1,0,0,0,0,0,2819,0,0,0,0,9,2
1102,9.0,3.0,1,4,1,7,0,0.0,True,2,False,False,False,1350,0.8443703912607006,1.821883959916032,0,,False,False,-1,-9.0,-9.0,19291,6.985385439481127,-3.214407602284795,13.999568,36.201553,-1,-9.0,-9.0,-9.0,-9.0,-9.0,0.0,0.0,0.0,0.0,0.0,0.0,0.0,0.0,0,0,False,,M,True,school2,2,0,0,0,0,0,0,0,0,0,0,0,0,2820,0,2,0,0,9,2
1102,7.0,4.0,1,4,1,7,0,0.0,True,2,False,False,False,1350,0.9446468104665292,0.6442659412263965,0,,False,False,-1,-9.0,-9.0,11793,6.935243030346694,4.778270328171892,0.62075037,4.206477,-1,-9.0,-9.0,-9.0,-9.0,-9.0,0.0,0.0,0.0,0.0,0.0,0.0,0.0,0.0,0,0,False,,M,True,school1,1,0,0,0,0,0,0,0,0,0,0,0,0,2821,0,2,0,0,9,2
1102,13.0,5.0,2,4,1,7,0,0.0,True,2,False,False,False,1350,0.4506335496151014,0.9725609963521532,0,,False,False,-1,-9.0,-9.0,11793,7.065798873033224,5.381754049414848,0.62075037,4.206477,-1,-9.0,-9.0,-9.0,-9.0,-9.0,0.0,0.0,0.0,0.0,0.0,0.0,0.0,0.0,0,0,False,,M,True,school1,1,0,0,0,0,0,0,0,0,0,0,0,0,2822,0,2,0,0,9,2
1102,13.0,6.0,1,4,1,7,0,0.0,True,2,False,False,False,1350,1.3319072669206358,1.3406924142628374,0,,False,False,-1,-9.0,-9.0,11793,6.750419926540082,4.312977863955052,0.62075037,4.206477,-1,-9.0,-9.0,-9.0,-9.0,-9.0,0.0,0.0,0.0,0.0,0.0,0.0,0.0,0.0,0,0,False,,M,True,school1,1,0,0,0,0,0,0,0,0,0,0,0,0,2823,0,2,0,0,9,2
1103,41.0,2.0,2,3,3,4,13,0.0,False,0,False,False,False,1350,2.3095455890975507,0.8215134819263337,0,,False,False,-1,-9.0,-9.0,-1,-9.0,-9.0,-9.0,0.0,-1,-9.0,-9.0,-9.0,-9.0,-9.0,0.0,0.0,0.0,0.0,0.0,0.0,0.0,0.0,0,0,False,,N,True,,0,0,0,25,3,0,0,0,2,1,0,1,0,2825,0,0,0,0,6,1
1104,70.0,1.0,2,3,3,5,13,37.0,False,0,False,False,False,1350,0.6430690311718084,0.3764227594086715,56,services,False,False,-1,-9.0,-9.0,-1,-9.0,-9.0,-9.0,0.0,-1,-9.0,-9.0,-9.0,-9.0,-9.0,0.0,0.0,0.0,0.0,0.0,0.0,0.0,0.0,0,0,False,,N,True,,0,0,0,89,1,1,0,0,0,0,0,0,0,2826,0,0,0,0,9,2
1104,37.0,3.0,1,1,3,1,13,37.0,False,0,True,True,False,1350,1.1184712216272874,0.760765748659735,61,services,False,True,-1,-9.0,-9.0,-1,-9.0,-9.0,-9.0,0.0,23217,10.734493331145242,-2.0977941162368525,5.0867314,6.0,12.653033,26.671265,0.0,0.0,13.565335,12.653033,0.0,0.0,0.912302,0,0,False,No_Telecommute,N,True,,0,0,0,12,1,0,0,0,1,0,0,0,0,2828,0,0,1,40,9,2
1104,34.0,4.0,1,3,2,3,13,99.0,True,4,False,False,False,1350,0.4759426908684931,1.5102405783003745,99,,False,False,-1,-9.0,-9.0,19370,7.374075284746069,-1.5923003606752462,14.979991,36.64235,-1,-9.0,-9.0,-9.0,-9.0,-9.0,0.0,0.0,0.0,0.0,0.0,0.0,0.0,0.0,0,0,False,,M,True,school1,1,0,0,1,1,0,0,0,0,1,0,0,0,2829,0,6,0,0,9,2
1105,52.0,2.0,1,1,3,1,13,51.0,False,0,True,True,False,1350,0.444469863199905,0.5374675885140465,22,prod_trans_move,False,True,-1,-9.0,-9.0,-1,-9.0,-9.0,-9.0,0.0,23050,11.96146311202441,-1.5152039509462671,6.667633,6.0,16.984968,34.724888,0.0,0.0,16.984968,16.984968,0.0,0.0,0.0,0,0,True,No_Telecommute,M,True,work1,1,1,0,0,0,0,0,0,0,0,0,0,0,2831,0,0,1,40,9,2
1106,19.0,3.0,1,1,3,1,9,49.0,False,0,True,True,False,1350,0.5287701037469935,1.0319846877685328,23,constr_maint,False,True,-1,-9.0,-9.0,-1,-9.0,-9.0,-9.0,0.0,16055,10.87429492871739,-1.6715447118452074,5.937269,6.0,14.594637,27.29294,0.0,0.0,14.594637,14.594637,0.0,0.0,0.0,0,0,False,No_Telecommute,N,True,,0,0,0,47,2,0,0,1,1,0,0,1,0,2834,0,0,1,35,8,2
1107,63.0,1.0,2,3,2,3,13,37.0,True,4,False,False,False,1350,0.5063760805155221,0.5853776847127692,56,services,False,False,-1,-9.0,-9.0,23114,7.294744458673837,-1.2360282135471186,5.583527,24.040682,-1,-9.0,-9.0,-9.0,-9.0,-9.0,0.0,0.0,0.0,0.0,0.0,0.0,0.0,0.0,0,1,False,,N,True,,0,0,0,35,1,0,0,1,0,0,0,0,0,2835,0,6,0,0,8,2
1107,35.0,2.0,2,3,3,4,13,0.0,False,0,False,False,False,1350,0.3518603510037386,1.2070879670059718,0,,False,False,-1,-9.0,-9.0,-1,-9.0,-9.0,-9.0,0.0,-1,-9.0,-9.0,-9.0,-9.0,-9.0,0.0,0.0,0.0,0.0,0.0,0.0,0.0,0.0,0,0,False,,N,True,,0,0,0,14,3,0,0,0,1,2,0,0,1,2836,0,0,0,0,8,2
1108,34.0,2.0,1,1,3,1,13,43.0,False,0,True,True,False,1380,1.557277112505962,1.6113451841159383,44,sales_office,False,True,-1,-9.0,-9.0,-1,-9.0,-9.0,-9.0,0.0,16254,9.161662117488302,-5.803587463293469,19.782543,6.0,53.358955,104.12508,0.0,0.0,53.358955,52.615753,0.0,0.0,0.7432022,0,0,False,No_Telecommute,N,True,,0,0,0,120,4,3,0,1,0,0,0,0,0,2838,0,0,1,40,1,1
1108,5.0,3.0,1,4,1,8,0,0.0,True,1,False,False,False,1380,0.869697142114594,0.3222003220566421,0,,False,False,-1,-9.0,-9.0,1380,8.615167827894638,2.120911677079079,5.3886447,17.219353,-1,-9.0,-9.0,-9.0,-9.0,-9.0,0.0,0.0,0.0,0.0,0.0,0.0,0.0,0.0,0,0,False,,M,True,school2,2,0,0,0,0,0,0,0,0,0,0,0,0,2839,0,2,0,0,1,1
1108,3.0,4.0,2,4,1,8,0,0.0,True,1,False,False,False,1380,0.5694779223848895,0.4283519694845546,0,,False,False,-1,-9.0,-9.0,1380,8.636247700742175,2.6827620295539103,5.3886447,17.219353,-1,-9.0,-9.0,-9.0,-9.0,-9.0,0.0,0.0,0.0,0.0,0.0,0.0,0.0,0.0,0,0,False,,N,True,,0,0,0,89,1,1,0,0,0,0,0,0,0,2840,0,0,0,0,1,1
1109,51.0,1.0,1,2,3,2,13,53.0,False,0,True,True,False,1380,4.3295826230041525,1.5768231724336197,722,prod_trans_move,False,True,-1,-9.0,-9.0,-1,-9.0,-9.0,-9.0,0.0,1380,6.264579503707844,-1.398160619776639,5.3886447,6.0,9.334169,18.719086,0.0,0.0,9.334169,9.334169,0.0,0.0,0.0,0,1,False,No_Telecommute,M,True,work1,1,1,0,1,1,0,0,0,0,1,0,0,0,2841,0,0,6,20,2,1
1109,47.0,2.0,2,1,3,1,13,27.0,False,0,True,True,False,1380,2.114567361093908,0.3344226802467645,54,mngt_busi_scic_arts,False,True,-1,-9.0,-9.0,-1,-9.0,-9.0,-9.0,0.0,1380,8.600425703685152,-0.5837151956404869,5.3886447,6.0,9.334169,18.719086,0.0,0.0,9.334169,9.334169,0.0,0.0,0.0,0,0,True,No_Telecommute,M,True,work1,1,1,0,0,0,0,0,0,0,0,0,0,0,2842,0,0,1,40,2,1
1109,28.0,3.0,2,1,3,1,13,33.0,False,0,True,True,False,1380,2.6037583367878154,1.0806956553345326,56,services,False,True,-1,-9.0,-9.0,-1,-9.0,-9.0,-9.0,0.0,1380,8.793585889684955,-0.5840611659446667,5.3886447,6.0,9.334169,18.719086,0.0,0.0,9.334169,9.334169,0.0,0.0,0.0,0,1,True,2_3_days_week,N,True,,0,0,0,12,1,0,0,0,1,0,0,0,0,2843,0,0,4,40,2,1
1109,26.0,4.0,1,2,3,2,13,43.0,False,0,True,True,False,1380,0.336626142907826,1.4762215386361108,33,sales_office,False,True,-1,-9.0,-9.0,-1,-9.0,-9.0,-9.0,0.0,1380,8.937874022774615,0.1327383700865398,5.3886447,6.0,9.334169,18.719086,0.0,0.0,9.334169,9.334169,0.0,0.0,0.0,0,1,False,No_Telecommute,M,True,work1,1,1,0,35,1,0,0,1,0,0,0,0,0,2844,0,0,3,10,2,1
1109,3.0,6.0,2,4,1,8,0,0.0,True,1,False,False,False,1380,0.8782526011372075,0.8089069914808086,0,,False,False,-1,-9.0,-9.0,1380,8.159550165313261,1.5109535456478451,5.3886447,17.219353,-1,-9.0,-9.0,-9.0,-9.0,-9.0,0.0,0.0,0.0,0.0,0.0,0.0,0.0,0.0,0,0,False,,M,True,school1,1,0,0,0,0,0,0,0,0,0,0,0,0,2846,0,0,0,0,9,2
1109,0.0,7.0,2,4,1,8,0,0.0,True,1,False,False,False,1380,1.3719958863495718,0.6854444648292995,0,,False,False,-1,-9.0,-9.0,1380,8.05985538575634,0.9739342269101704,5.3886447,17.219353,-1,-9.0,-9.0,-9.0,-9.0,-9.0,0.0,0.0,0.0,0.0,0.0,0.0,0.0,0.0,0,0,False,,M,True,school2,2,0,0,0,0,0,0,0,0,0,0,0,0,2847,0,0,0,0,9,2
1110,51.0,1.0,1,2,3,2,13,53.0,False,0,True,True,False,1380,0.6674287716904026,0.7812202063724561,722,prod_trans_move,False,True,-1,-9.0,-9.0,-1,-9.0,-9.0,-9.0,0.0,20722,7.681918030487524,-5.545439036317289,37.91308,7.0,87.42211,168.94324,0.0,6.448,87.462135,85.988655,0.0,0.0,1.4734802,0,1,False,No_Telecommute,M,True,work1,1,1,0,1,1,0,0,0,0,1,0,0,0,2849,0,0,6,20,2,1
1110,47.0,2.0,2,1,3,1,13,27.0,False,0,True,True,False,1380,0.7475076344334486,1.0535453331751277,54,mngt_busi_scic_arts,False,True,-1,-9.0,-9.0,-1,-9.0,-9.0,-9.0,0.0,5906,9.360827690792672,-6.429556278093421,44.893044,3.0,98.8138,209.72041,0.0,0.0,115.07369,98.8138,0.0,0.0,16.259895,0,0,True,No_Telecommute,M,True,work1,1,1,0,0,0,0,0,0,0,0,0,0,0,2850,0,0,1,40,2,1
1110,28.0,3.0,2,1,3,1,13,33.0,False,0,True,True,False,1380,1.655586440147076,0.7153360426050481,56,services,False,True,-1,-9.0,-9.0,-1,-9.0,-9.0,-9.0,0.0,16131,8.55328705143908,-6.9534030339390265,24.121809,6.0,60.2727,130.33098,0.0,0.0,67.52977,59.795086,0.0,0.0,7.734684,0,1,False,No_Telecommute,M,True,work1,1,1,0,0,0,0,0,0,0,0,0,0,0,2851,0,0,4,40,2,1
1110,26.0,4.0,1,2,3,2,13,43.0,False,0,True,True,False,1380,0.1556308082606816,0.3120268783128633,33,sales_office,False,True,-1,-9.0,-9.0,-1,-9.0,-9.0,-9.0,0.0,23892,9.139817751973572,-1.2880582918993295,21.33737,6.0,58.789513,117.198074,0.0,0.0,58.789513,58.65395,0.0,0.0,0.1355629,0,1,False,No_Telecommute,M,True,work1,1,1,0,0,0,0,0,0,0,0,0,0,0,2852,0,0,3,10,2,1
1110,3.0,6.0,2,4,1,8,0,0.0,True,1,False,False,False,1380,0.8292522334356314,3.183714910898373,0,,False,False,-1,-9.0,-9.0,9910,5.541865614001691,0.8826202770267619,5.3886447,17.219353,-1,-9.0,-9.0,-9.0,-9.0,-9.0,0.0,0.0,0.0,0.0,0.0,0.0,0.0,0.0,0,0,False,,M,True,school2,2,0,0,0,0,0,0,0,0,0,0,0,0,2854,0,0,0,0,9,2
1110,0.0,7.0,2,4,1,8,0,0.0,True,1,False,False,False,1380,0.8641932301888277,2.127156342861164,0,,False,False,-1,-9.0,-9.0,13596,8.23465691290477,-0.1210976478757016,10.777289,33.78858,-1,-9.0,-9.0,-9.0,-9.0,-9.0,0.0,0.0,0.0,0.0,0.0,0.0,0.0,0.0,0,0,False,,M,True,school1,1,0,0,0,0,0,0,0,0,0,0,0,0,2855,0,0,0,0,9,2
1110,26.0,8.0,2,2,3,2,13,43.0,False,0,True,True,False,1380,7.572728830042477,0.2352929069230274,81,sales_office,False,True,-1,-9.0,-9.0,-1,-9.0,-9.0,-9.0,0.0,23753,6.1943214632567125,-2.0530794100169336,5.3886447,6.0,9.334169,18.719086,0.0,0.0,9.334169,9.334169,0.0,0.0,0.0,0,0,False,No_Telecommute,M,True,work1,1,1,0,0,2,2,0,0,0,0,0,0,0,2856,0,0,1,30,8,2
1111,51.0,1.0,1,2,3,2,13,53.0,False,0,True,True,False,1380,0.1879040615790705,2.573856549504664,722,prod_trans_move,False,True,-1,-9.0,-9.0,-1,-9.0,-9.0,-9.0,0.0,19120,8.621413689023525,-1.767984560536478,28.741476,6.0,73.419945,143.93216,0.0,0.0,73.419945,67.25973,0.0,0.0,6.1602173,0,0,False,No_Telecommute,M,True,work2,2,2,0,0,0,0,0,0,0,0,0,0,0,2857,0,0,6,20,2,1
1111,47.0,2.0,2,1,3,1,13,27.0,False,0,True,True,False,1380,1.6754684177521295,1.6461637379858676,54,mngt_busi_scic_arts,False,True,-1,-9.0,-9.0,-1,-9.0,-9.0,-9.0,0.0,13596,8.679509413695287,-2.474389168979884,10.777289,6.0,24.275745,50.675114,0.0,0.0,24.275745,24.275745,0.0,0.0,0.0,0,0,False,2_3_days_week,M,True,work1,1,1,0,0,0,0,0,0,0,0,0,0,0,2858,0,0,1,40,2,1
1111,28.0,3.0,2,1,3,1,13,33.0,False,0,True,True,False,1380,1.436675960123589,0.977620829600712,56,services,False,True,-1,-9.0,-9.0,-1,-9.0,-9.0,-9.0,0.0,1380,9.43186225137995,-0.1761178414750821,5.3886447,6.0,9.334169,18.719086,0.0,0.0,9.334169,9.334169,0.0,0.0,0.0,0,0,False,No_Telecommute,M,True,work2,2,2,0,0,0,0,0,0,0,0,0,0,0,2859,0,0,4,40,2,1
1111,0.0,7.0,2,4,1,8,0,0.0,True,1,False,False,False,1380,0.8204519631491228,2.396200131649116,0,,False,False,-1,-9.0,-9.0,1380,8.282054615743093,1.5850274343956186,5.3886447,17.219353,-1,-9.0,-9.0,-9.0,-9.0,-9.0,0.0,0.0,0.0,0.0,0.0,0.0,0.0,0.0,0,0,False,,M,True,school1,1,0,0,0,0,0,0,0,0,0,0,0,0,2863,0,0,0,0,9,2
1111,26.0,8.0,2,2,3,2,13,43.0,False,0,True,True,False,1380,1.2569976891306978,0.696998974455781,81,sales_office,False,True,-1,-9.0,-9.0,-1,-9.0,-9.0,-9.0,0.0,8979,7.94017542128236,-0.211141986704798,5.3886447,6.0,9.334169,18.719086,0.0,0.0,9.334169,9.334169,0.0,0.0,0.0,0,0,False,No_Telecommute,M,True,work1,1,1,0,0,0,0,0,0,0,0,0,0,0,2864,0,0,1,30,8,2
1112,51.0,1.0,1,2,3,2,13,53.0,False,0,True,True,False,1380,0.730839334836239,0.5664045664129601,722,prod_trans_move,False,True,-1,-9.0,-9.0,-1,-9.0,-9.0,-9.0,0.0,23072,7.752310059325981,-4.774990543611985,28.932009,6.0,69.65311,147.18939,0.0,5.784,76.585014,69.65311,0.0,0.0,6.9319077,0,0,False,No_Telecommute,M,True,work1,1,1,0,0,0,0,0,0,0,0,0,0,0,2865,0,0,6,20,2,1
1112,47.0,2.0,2,1,3,1,13,27.0,False,0,True,True,False,1380,0.932486493900578,0.6712178407323288,54,mngt_busi_scic_arts,False,True,-1,-9.0,-9.0,-1,-9.0,-9.0,-9.0,0.0,1380,9.34211819303229,-0.1590913013142929,5.3886447,6.0,9.334169,18.719086,0.0,0.0,9.334169,9.334169,0.0,0.0,0.0,0,1,False,4_days_week,M,True,work1,1,1,0,90,2,1,0,0,0,1,0,0,0,2866,0,0,1,40,2,1
1112,28.0,3.0,2,1,3,1,13,33.0,False,0,True,True,False,1380,0.7799837365023067,0.3429353703524042,56,services,False,True,-1,-9.0,-9.0,-1,-9.0,-9.0,-9.0,0.0,23044,9.840964034240152,-4.290273649368807,28.987093,6.0,69.3993,145.04025,0.0,0.0,76.25483,69.3993,0.0,0.0,6.85553,0,0,False,No_Telecommute,M,True,work1,1,1,0,0,0,0,0,0,0,0,0,0,0,2867,0,0,4,40,2,1
1112,26.0,4.0,1,2,3,2,13,43.0,False,0,True,True,False,1380,2.20718804342108,0.8000996509213394,33,sales_office,False,True,-1,-9.0,-9.0,-1,-9.0,-9.0,-9.0,0.0,1380,8.046188360645015,-0.6735274758629777,5.3886447,6.0,9.334169,18.719086,0.0,0.0,9.334169,9.334169,0.0,0.0,0.0,0,0,True,No_Telecommute,M,True,work1,1,1,0,0,0,0,0,0,0,0,0,0,0,2868,0,0,3,10,2,1
1112,70.0,5.0,2,3,3,5,13,0.0,False,0,False,False,False,1380,1.3873380949390215,0.4824070246629707,0,,False,False,-1,-9.0,-9.0,-1,-9.0,-9.0,-9.0,0.0,-1,-9.0,-9.0,-9.0,-9.0,-9.0,0.0,0.0,0.0,0.0,0.0,0.0,0.0,0.0,0,1,False,,N,True,,0,0,0,6,4,3,1,0,0,0,0,0,0,2869,0,0,0,0,2,1
1112,3.0,6.0,2,4,1,8,0,0.0,True,1,False,False,False,1380,0.7639121319485929,1.656602364644904,0,,False,False,-1,-9.0,-9.0,1380,8.513020428254729,1.6596030655148069,5.3886447,17.219353,-1,-9.0,-9.0,-9.0,-9.0,-9.0,0.0,0.0,0.0,0.0,0.0,0.0,0.0,0.0,0,0,False,,M,True,school1,1,0,0,0,0,0,0,0,0,0,0,0,0,2870,0,0,0,0,9,2
1112,0.0,7.0,2,4,1,8,0,0.0,True,1,False,False,False,1380,4.19233153065453,2.1274284039699465,0,,False,False,-1,-9.0,-9.0,1380,7.386462983703872,-0.0851530867981538,5.3886447,17.219353,-1,-9.0,-9.0,-9.0,-9.0,-9.0,0.0,0.0,0.0,0.0,0.0,0.0,0.0,0.0,0,0,False,,M,True,school1,1,0,0,0,0,0,0,0,0,0,0,0,0,2871,0,0,0,0,9,2
1112,26.0,8.0,2,2,3,2,13,43.0,False,0,True,True,False,1380,0.7569404127765325,0.2634109120088521,81,sales_office,False,True,-1,-9.0,-9.0,-1,-9.0,-9.0,-9.0,0.0,13596,7.989828252993165,-1.1029944819945805,10.777289,6.0,24.275745,50.675114,0.0,0.0,24.275745,24.275745,0.0,0.0,0.0,0,0,False,No_Telecommute,M,True,work1,1,1,0,0,0,0,0,0,0,0,0,0,0,2872,0,0,1,30,8,2
1113,51.0,1.0,1,2,3,2,13,53.0,False,0,True,True,False,1380,1.1120610638496098,0.911254799092158,722,prod_trans_move,False,True,-1,-9.0,-9.0,-1,-9.0,-9.0,-9.0,0.0,1380,7.69797737894966,-0.3508467184779819,5.3886447,6.0,9.334169,18.719086,0.0,0.0,9.334169,9.334169,0.0,0.0,0.0,0,0,False,No_Telecommute,M,True,work1,1,1,1,89,1,1,0,0,1,0,0,0,0,2873,0,0,6,20,2,1
1113,28.0,3.0,2,1,3,1,13,33.0,False,0,True,True,False,1380,0.4270980519970656,0.4552037709918078,56,services,False,True,-1,-9.0,-9.0,-1,-9.0,-9.0,-9.0,0.0,1380,10.672530711539638,0.2604953044715731,5.3886447,6.0,9.334169,18.719086,0.0,0.0,9.334169,9.334169,0.0,0.0,0.0,0,0,True,No_Telecommute,N,True,,0,0,0,35,1,0,0,1,0,0,0,0,0,2875,0,0,4,40,2,1
1113,26.0,4.0,1,2,3,2,13,43.0,False,0,True,True,False,1380,1.245530228871816,1.7092974758745945,33,sales_office,False,True,-1,-9.0,-9.0,-1,-9.0,-9.0,-9.0,0.0,1380,7.824532726482919,-0.3042172084186108,5.3886447,6.0,9.334169,18.719086,0.0,0.0,9.334169,9.334169,0.0,0.0,0.0,0,1,False,No_Telecommute,N,True,,0,0,1,12,1,0,0,0,1,0,0,0,0,2876,0,0,3,10,2,1
1113,70.0,5.0,2,3,3,5,13,0.0,False,0,False,False,False,1380,1.5781305652431616,1.4288382019836867,0,,False,False,-1,-9.0,-9.0,-1,-9.0,-9.0,-9.0,0.0,-1,-9.0,-9.0,-9.0,-9.0,-9.0,0.0,0.0,0.0,0.0,0.0,0.0,0.0,0.0,0,0,False,,N,True,,0,0,1,156,2,2,0,0,0,0,0,0,0,2877,0,0,0,0,2,1
1113,0.0,7.0,2,4,1,8,0,0.0,True,1,False,False,False,1380,1.9452774910352224,2.124636247780258,0,,False,False,-1,-9.0,-9.0,1380,7.769733317474352,0.5602174508246479,5.3886447,17.219353,-1,-9.0,-9.0,-9.0,-9.0,-9.0,0.0,0.0,0.0,0.0,0.0,0.0,0.0,0.0,0,0,False,,N,True,,0,0,0,89,1,1,0,0,0,0,0,0,0,2879,0,0,0,0,9,2
1114,51.0,1.0,1,2,3,2,13,53.0,False,0,True,True,False,1380,0.1865301155354884,0.8684220374269401,722,prod_trans_move,False,True,-1,-9.0,-9.0,-1,-9.0,-9.0,-9.0,0.0,1380,8.644301000365418,0.0609121933765855,5.3886447,6.0,9.334169,18.719086,0.0,0.0,9.334169,9.334169,0.0,0.0,0.0,0,0,False,No_Telecommute,M,True,work2,2,2,1,0,0,0,1,0,0,0,0,0,0,2881,0,0,6,20,2,1
1114,3.0,6.0,2,4,1,8,0,0.0,True,1,False,False,False,1380,0.5328657661109035,1.2002289985135046,0,,False,False,-1,-9.0,-9.0,9909,8.664075310831677,0.5654151211976454,5.3886447,17.219353,-1,-9.0,-9.0,-9.0,-9.0,-9.0,0.0,0.0,0.0,0.0,0.0,0.0,0.0,0.0,0,0,False,,N,True,,0,0,0,89,1,1,0,0,0,0,0,0,0,2886,0,0,0,0,9,2
1114,0.0,7.0,2,4,1,8,0,0.0,True,1,False,False,False,1380,0.727053799486066,1.9251097525331995,0,,False,False,-1,-9.0,-9.0,1380,8.384167595259632,1.709314757376016,5.3886447,17.219353,-1,-9.0,-9.0,-9.0,-9.0,-9.0,0.0,0.0,0.0,0.0,0.0,0.0,0.0,0.0,0,0,False,,N,True,,0,0,0,6,1,0,1,0,0,0,0,0,0,2887,0,0,0,0,9,2
1115,51.0,1.0,1,2,3,2,13,53.0,False,0,True,True,False,1380,0.7639255171937618,0.4794821409515953,722,prod_trans_move,False,True,-1,-9.0,-9.0,-1,-9.0,-9.0,-9.0,0.0,18858,8.053497696955858,-4.566070204912108,29.011652,6.0,72.22429,148.3347,0.0,0.0,77.05314,71.95768,0.0,0.0,5.095459,0,0,False,No_Telecommute,N,True,,0,0,1,1,1,0,0,0,0,2,0,0,1,2889,0,0,6,20,2,1
1115,47.0,2.0,2,1,3,1,13,27.0,False,0,True,True,False,1380,0.8649674860583089,2.38067709237444,54,mngt_busi_scic_arts,False,True,-1,-9.0,-9.0,-1,-9.0,-9.0,-9.0,0.0,8690,9.365520067175677,-1.393789439314756,10.777289,6.0,24.275745,50.675114,0.0,0.0,24.275745,24.275745,0.0,0.0,0.0,0,0,False,No_Telecommute,M,True,work1,1,1,0,0,0,0,0,0,0,0,0,0,0,2890,0,0,1,40,2,1
1115,28.0,3.0,2,1,3,1,13,33.0,False,0,True,False,True,1380,0.9199944722334424,0.6495069901982119,56,services,False,True,24331,5.202825830220727,-5.206710198365298,-1,-9.0,-9.0,-9.0,0.0,24331,5.202825830220727,-5.206710198365298,35.132202,-9.0,70.7594,139.19177,0.0,0.0,0.0,0.0,0.0,0.0,0.0,0,0,False,2_3_days_week,N,True,,0,0,1,1,1,0,0,0,0,1,0,0,0,2891,0,0,4,40,2,1
1115,26.0,4.0,1,2,3,2,13,43.0,False,0,True,True,False,1380,0.7176850395756748,0.3750297354388485,33,sales_office,False,True,-1,-9.0,-9.0,-1,-9.0,-9.0,-9.0,0.0,9910,8.480028651947615,-0.1945819095445295,5.3886447,6.0,9.334169,18.719086,0.0,0.0,9.334169,9.334169,0.0,0.0,0.0,0,0,True,No_Telecommute,N,True,,0,0,1,35,1,0,0,1,0,0,0,0,0,2892,0,0,3,10,2,1
1115,70.0,5.0,2,3,3,5,13,0.0,False,0,False,False,False,1380,0.5211533512795012,0.9157673697249048,0,,False,False,-1,-9.0,-9.0,-1,-9.0,-9.0,-9.0,0.0,-1,-9.0,-9.0,-9.0,-9.0,-9.0,0.0,0.0,0.0,0.0,0.0,0.0,0.0,0.0,0,0,False,,N,True,,0,0,1,89,1,1,0,0,0,0,0,0,0,2893,0,0,0,0,2,1
1115,3.0,6.0,2,4,1,8,0,0.0,True,1,False,False,False,1380,1.260420927551193,0.3837257181063379,0,,False,False,-1,-9.0,-9.0,1380,8.116487574351735,1.0799199858361663,5.3886447,17.219353,-1,-9.0,-9.0,-9.0,-9.0,-9.0,0.0,0.0,0.0,0.0,0.0,0.0,0.0,0.0,0,0,False,,N,True,,0,0,1,0,0,0,0,0,0,1,0,0,0,2894,0,0,0,0,9,2
1115,0.0,7.0,2,4,1,8,0,0.0,True,1,False,False,False,1380,0.3839148965046753,0.448681428382861,0,,False,False,-1,-9.0,-9.0,1380,8.665594419165318,2.209585742637904,5.3886447,17.219353,-1,-9.0,-9.0,-9.0,-9.0,-9.0,0.0,0.0,0.0,0.0,0.0,0.0,0.0,0.0,0,0,False,,N,True,,0,0,1,1,1,0,0,0,0,1,0,0,0,2895,0,0,0,0,9,2
1115,26.0,8.0,2,2,3,2,13,43.0,False,0,True,True,False,1380,0.9856806988682716,0.466692161159651,81,sales_office,False,True,-1,-9.0,-9.0,-1,-9.0,-9.0,-9.0,0.0,1380,8.023583203241785,0.0056294310090832,5.3886447,6.0,9.334169,18.719086,0.0,0.0,9.334169,9.334169,0.0,0.0,0.0,0,1,True,No_Telecommute,M,True,work1,1,1,2,0,0,0,0,0,0,0,0,0,0,2896,0,0,1,30,8,2
1116,51.0,1.0,1,2,3,2,13,53.0,False,0,True,False,False,1380,1.9269634408973475,1.2460783812121126,722,prod_trans_move,True,False,-1,-9.0,-9.0,-1,-9.0,-9.0,-9.0,0.0,-1,-9.0,-9.0,-9.0,-9.0,-9.0,0.0,0.0,0.0,0.0,0.0,0.0,0.0,0.0,0,0,False,,N,True,,0,0,0,1,1,0,0,0,0,1,0,0,0,2897,0,0,6,20,2,1
1116,47.0,2.0,2,1,3,1,13,27.0,False,0,True,True,False,1380,1.0119255674346948,0.6568817622083201,54,mngt_busi_scic_arts,False,True,-1,-9.0,-9.0,-1,-9.0,-9.0,-9.0,0.0,8926,9.086180804857246,-1.4093968922242048,12.499739,6.0,18.668339,37.276577,0.0,0.0,18.668339,18.668339,0.0,0.0,0.0,0,0,False,4_days_week,M,True,work1,1,1,0,0,0,0,0,0,0,0,0,0,0,2898,0,0,1,40,2,1
1116,28.0,3.0,2,1,3,1,13,33.0,False,0,True,True,False,1380,0.161504352164596,1.910571558818518,56,services,False,True,-1,-9.0,-9.0,-1,-9.0,-9.0,-9.0,0.0,13539,10.983130886087553,-1.1435085843240549,23.812292,6.0,61.22804,121.293,0.0,0.0,61.22804,60.190105,0.0,0.0,1.0379333,0,0,False,No_Telecommute,M,True,work1,1,1,0,0,0,0,0,0,0,0,0,0,0,2899,0,0,4,40,2,1
1116,26.0,4.0,1,2,3,2,13,43.0,False,0,True,True,False,1380,0.2899259648308863,0.40226380012174,33,sales_office,False,True,-1,-9.0,-9.0,-1,-9.0,-9.0,-9.0,0.0,13596,9.01502037714708,-0.7164049426975736,10.777289,6.0,24.275745,50.675114,0.0,0.0,24.275745,24.275745,0.0,0.0,0.0,0,1,False,No_Telecommute,M,True,work1,1,1,0,0,0,0,0,0,0,0,0,0,0,2900,0,0,3,10,2,1
1116,3.0,6.0,2,4,1,8,0,0.0,True,1,False,False,False,1380,1.5648769461454568,1.5801803894949973,0,,False,False,-1,-9.0,-9.0,1380,8.137043789633886,0.8154669583101254,5.3886447,17.219353,-1,-9.0,-9.0,-9.0,-9.0,-9.0,0.0,0.0,0.0,0.0,0.0,0.0,0.0,0.0,0,0,False,,N,True,,0,0,0,1,1,0,0,0,0,1,0,0,0,2902,0,0,0,0,9,2
1116,0.0,7.0,2,4,1,8,0,0.0,True,1,False,False,False,1380,2.0908499811138426,1.3581548862601018,0,,False,False,-1,-9.0,-9.0,1380,7.847441666769294,0.4884635493537073,5.3886447,17.219353,-1,-9.0,-9.0,-9.0,-9.0,-9.0,0.0,0.0,0.0,0.0,0.0,0.0,0.0,0.0,0,0,False,,N,True,,0,0,0,3,1,0,0,0,0,0,1,0,0,2903,0,0,0,0,9,2
1116,26.0,8.0,2,2,3,2,13,43.0,False,0,True,True,False,1380,0.8295754981403365,0.3695776623978674,81,sales_office,False,True,-1,-9.0,-9.0,-1,-9.0,-9.0,-9.0,0.0,1380,7.983974392210504,0.0737909002494634,5.3886447,6.0,9.334169,18.719086,0.0,0.0,9.334169,9.334169,0.0,0.0,0.0,0,1,True,No_Telecommute,M,True,work1,1,1,0,1,1,0,0,0,0,1,0,0,0,2904,0,0,1,30,8,2
1117,21.0,1.0,1,1,3,1,9,11.0,False,0,True,True,False,1380,1.0534236976964433,0.9092240090010008,9000,mngt_busi_scic_arts,False,True,-1,-9.0,-9.0,-1,-9.0,-9.0,-9.0,0.0,18376,8.951707430593851,-5.627085770669205,21.8719,7.0,65.35892,128.82335,0.0,0.0,65.35892,65.35892,0.0,0.0,0.0,0,0,True,No_Telecommute,N,True,,0,0,0,90,2,1,0,0,0,1,0,0,0,2905,1,0,2,40,1,1
1117,21.0,2.0,2,2,3,2,9,39.0,False,0,True,True,False,1380,1.4739435663431846,0.7376666502110789,71,services,False,True,-1,-9.0,-9.0,-1,-9.0,-9.0,-9.0,0.0,8979,7.535982323795292,-0.7208735133053673,5.3886447,6.0,9.334169,18.719086,0.0,0.0,9.334169,9.334169,0.0,0.0,0.0,0,1,False,No_Telecommute,M,True,work1,1,1,0,0,0,0,0,0,0,0,0,0,0,2906,0,0,1,30,1,1
1118,21.0,1.0,1,1,3,1,9,11.0,False,0,True,True,False,1380,0.6681808497761861,1.2910812319623566,9000,mngt_busi_scic_arts,False,True,-1,-9.0,-9.0,-1,-9.0,-9.0,-9.0,0.0,18369,9.890280576405596,-4.138717795453246,21.99889,7.0,66.154526,131.26138,0.0,0.0,66.154526,66.154526,0.0,0.0,0.0,0,0,False,1_day_week,M,True,work2,2,2,0,0,0,0,0,0,0,0,0,0,0,2907,1,0,2,40,1,1
1118,21.0,2.0,2,2,3,2,9,39.0,False,0,True,True,False,1380,1.1390023877207336,0.6317948097554329,71,services,False,True,-1,-9.0,-9.0,-1,-9.0,-9.0,-9.0,0.0,1380,7.888528852420677,0.066063941515002,5.3886447,6.0,9.334169,18.719086,0.0,0.0,9.334169,9.334169,0.0,0.0,0.0,0,0,True,No_Telecommute,N,True,,0,0,0,35,1,0,0,1,0,0,0,0,0,2908,0,0,1,30,1,1
1119,21.0,1.0,1,1,3,1,9,11.0,False,0,True,True,False,1380,0.5395203507308395,1.238293581072873,9000,mngt_busi_scic_arts,False,True,-1,-9.0,-9.0,-1,-9.0,-9.0,-9.0,0.0,14325,10.755081094715058,-2.7285870838622666,17.95453,6.0,44.57804,89.37883,0.0,0.0,44.57804,44.57804,0.0,0.0,0.0,0,0,True,2_3_days_week,N,True,,0,0,1,0,0,0,1,0,0,0,0,0,0,2909,1,0,2,40,1,1
1119,21.0,2.0,2,2,3,2,9,39.0,False,0,True,True,False,1380,0.5161895902296955,1.0853961812146005,71,services,False,True,-1,-9.0,-9.0,-1,-9.0,-9.0,-9.0,0.0,13596,7.908169009910245,-1.3396080677716975,10.777289,6.0,24.275745,50.675114,0.0,0.0,24.275745,24.275745,0.0,0.0,0.0,0,0,True,2_3_days_week,N,True,,0,0,1,12,1,0,0,0,1,0,0,0,0,2910,0,0,1,30,1,1
1120,21.0,1.0,1,1,3,1,9,11.0,False,0,True,True,False,1380,0.2597800792871415,1.190903642538297,9000,mngt_busi_scic_arts,False,True,-1,-9.0,-9.0,-1,-9.0,-9.0,-9.0,0.0,6760,10.406726690138203,-4.270752367091921,43.744606,3.0,99.641815,208.6871,0.0,0.0,112.92956,98.918976,0.0,0.0,14.010582,0,0,True,No_Telecommute,M,True,work2,2,2,0,0,0,0,0,0,0,0,0,0,0,2911,1,0,2,40,1,1
1121,32.0,1.0,2,3,3,4,13,43.0,False,0,False,False,False,1380,0.9760932910423392,1.3574619251349462,56,sales_office,False,False,-1,-9.0,-9.0,-1,-9.0,-9.0,-9.0,0.0,-1,-9.0,-9.0,-9.0,-9.0,-9.0,0.0,0.0,0.0,0.0,0.0,0.0,0.0,0.0,0,0,False,,N,True,,0,0,0,1,1,0,0,0,0,1,0,0,0,2913,0,0,0,0,1,1
1121,31.0,2.0,1,1,3,1,13,55.0,False,0,True,True,False,1380,1.6163499997227169,0.7408982666451518,9000,military,False,True,-1,-9.0,-9.0,-1,-9.0,-9.0,-9.0,0.0,1380,10.82932171237226,-0.7935816115553549,5.3886447,6.0,9.334169,18.719086,0.0,0.0,9.334169,9.334169,0.0,0.0,0.0,0,0,True,No_Telecommute,M,True,work1,1,1,0,1,1,0,0,0,0,1,0,0,0,2914,1,0,1,60,2,1
1122,31.0,2.0,1,1,3,1,13,55.0,False,0,True,True,False,1380,0.7049615795235069,0.4714018158635155,9000,military,False,True,-1,-9.0,-9.0,-1,-9.0,-9.0,-9.0,0.0,1380,11.310674553417538,-0.5233435482841181,5.3886447,6.0,9.334169,18.719086,0.0,0.0,9.334169,9.334169,0.0,0.0,0.0,0,0,False,No_Telecommute,N,True,,0,0,0,35,1,0,0,1,0,0,0,0,0,2916,1,0,1,60,2,1
1123,31.0,2.0,1,1,3,1,13,55.0,False,0,True,True,False,1380,1.627071250507369,0.52480834526875,9000,military,False,True,-1,-9.0,-9.0,-1,-9.0,-9.0,-9.0,0.0,1380,10.953845997801576,-0.658139218058265,5.3886447,6.0,9.334169,18.719086,0.0,0.0,9.334169,9.334169,0.0,0.0,0.0,0,0,False,4_days_week,N,True,,0,0,0,12,1,0,0,0,1,0,0,0,0,2918,1,0,1,60,2,1
1124,40.0,1.0,1,1,3,1,13,43.0,False,0,True,True,False,1380,0.6351305995669301,0.8439717885785154,9000,sales_office,False,True,-1,-9.0,-9.0,-1,-9.0,-9.0,-9.0,0.0,18366,9.81964092839387,-3.5392963290315693,21.771555,7.0,65.28278,129.33089,0.0,0.0,65.28278,65.216095,0.0,0.0,0.06668854,0,0,False,No_Telecommute,M,True,work1,1,1,0,0,0,0,0,0,0,0,0,0,0,2919,1,0,1,50,1,1
1124,42.0,2.0,2,3,3,4,13,37.0,False,0,False,False,False,1380,1.035315776403751,0.3702659423343023,71,services,False,False,-1,-9.0,-9.0,-1,-9.0,-9.0,-9.0,0.0,-1,-9.0,-9.0,-9.0,-9.0,-9.0,0.0,0.0,0.0,0.0,0.0,0.0,0.0,0.0,0,0,False,,N,True,,0,0,0,12,3,2,0,0,1,0,0,0,0,2920,0,0,6,28,1,2
1124,21.0,3.0,2,2,2,3,9,41.0,True,4,True,True,False,1380,0.7329269292670226,0.8950326528584802,722,sales_office,False,True,-1,-9.0,-9.0,9001,-7.404680137008211,-5.734963499756069,52.13117,124.79367,16643,9.835315514460763,-2.614728655729184,16.424555,6.0,41.568165,82.99722,0.0,0.0,41.568165,41.568165,0.0,0.0,0.0,0,0,True,No_Telecommute,N,True,,0,0,0,3,1,0,0,0,0,0,1,0,0,2921,0,6,1,28,9,2
1124,18.0,4.0,1,2,1,6,9,41.0,True,3,True,True,False,1380,0.8663044522999584,1.0656284001153455,722,sales_office,False,True,-1,-9.0,-9.0,16496,7.373367725226774,-1.931368367729695,26.717031,91.50372,16182,10.0028342257335,-5.625944466092961,27.08712,6.0,65.333374,139.37564,0.0,8.701,72.26527,65.333374,0.0,0.0,6.9318924,0,0,True,No_Telecommute,M,True,work2,2,2,0,0,0,0,0,0,0,0,0,0,0,2922,0,5,6,20,9,2
1124,16.0,5.0,1,3,1,6,0,0.0,True,3,False,False,False,1380,0.7166148385411604,0.5331150959540745,0,,False,False,-1,-9.0,-9.0,16490,7.538902426981238,-1.2146885733712218,19.295544,71.30402,-1,-9.0,-9.0,-9.0,-9.0,-9.0,0.0,0.0,0.0,0.0,0.0,0.0,0.0,0.0,0,0,False,,M,True,school1,1,0,0,0,0,0,0,0,0,0,0,0,0,2923,0,5,0,0,9,2
1124,6.0,6.0,1,4,1,7,0,0.0,True,2,False,False,False,1380,0.6590623778758392,0.885455942474349,0,,False,False,-1,-9.0,-9.0,9910,2.2766382055368,0.7830954112557179,5.3886447,17.219353,-1,-9.0,-9.0,-9.0,-9.0,-9.0,0.0,0.0,0.0,0.0,0.0,0.0,0.0,0.0,0,0,False,,M,True,school1,1,0,0,1,1,0,0,0,0,1,0,0,0,2924,0,2,0,0,9,2
1125,40.0,1.0,1,1,3,1,13,43.0,False,0,True,True,False,1380,0.6964099421629895,1.81476258916868,9000,sales_office,False,True,-1,-9.0,-9.0,-1,-9.0,-9.0,-9.0,0.0,18822,10.47879513548564,-3.991121708222462,26.857744,6.0,69.47648,137.56125,0.0,0.0,69.47648,62.185932,0.0,0.0,7.2905464,0,0,True,No_Telecommute,N,True,,0,0,0,47,2,0,0,1,1,0,0,1,0,2925,1,0,1,50,1,1
1125,18.0,4.0,1,2,1,6,9,41.0,True,3,True,False,True,1380,0.1990189824318536,0.6551347656340464,722,sales_office,False,True,24333,5.349400088517494,-1.1808679269116713,5110,7.894997845609068,-0.9997929411548792,44.44126,113.14767,24333,5.349400088517494,-1.1808679269116713,16.919893,-9.0,33.53963,66.96462,0.0,0.0,0.0,0.0,0.0,0.0,0.0,0,0,False,No_Telecommute,M,True,work2,2,2,0,0,0,0,0,0,0,0,0,0,0,2928,0,5,6,20,9,2
1125,16.0,5.0,1,3,1,6,0,0.0,True,3,False,False,False,1380,0.4617748942872355,0.8794391816691673,0,,False,False,-1,-9.0,-9.0,19641,7.608850257274677,-1.642207994197043,37.29427,106.42235,-1,-9.0,-9.0,-9.0,-9.0,-9.0,0.0,0.0,0.0,0.0,0.0,0.0,0.0,0.0,0,0,False,,M,True,school1,1,0,0,0,0,0,0,0,0,0,0,0,0,2929,0,5,0,0,9,2
1125,6.0,6.0,1,4,1,7,0,0.0,True,2,False,False,False,1380,0.3963756613681006,1.5487969660637526,0,,False,False,-1,-9.0,-9.0,16634,4.024505886189663,-0.5410712695286818,16.739305,57.930843,-1,-9.0,-9.0,-9.0,-9.0,-9.0,0.0,0.0,0.0,0.0,0.0,0.0,0.0,0.0,0,0,False,,M,True,school1,1,0,0,0,0,0,0,0,0,0,0,0,0,2930,0,2,0,0,9,2
1126,40.0,1.0,1,1,3,1,13,43.0,False,0,True,True,False,1380,0.3244489391763329,0.8987753840634117,9000,sales_office,False,True,-1,-9.0,-9.0,-1,-9.0,-9.0,-9.0,0.0,14008,10.559417962987377,-4.330879679079966,45.399128,3.0,101.10686,210.12857,0.0,6.477,108.03875,101.10686,0.0,0.0,6.9318924,0,0,True,No_Telecommute,M,True,work1,1,1,0,0,0,0,0,0,0,0,0,0,0,2931,1,0,1,50,1,1
1126,21.0,3.0,2,2,2,3,9,41.0,True,4,True,True,False,1380,0.8232111815257552,0.45859505389568,722,sales_office,False,True,-1,-9.0,-9.0,23114,3.039438632399987,-3.1909480534447363,22.80189,81.47257,7616,10.20274820554609,-4.061496425950391,23.966671,6.0,59.163136,126.25987,0.0,0.0,66.09503,59.163136,0.0,0.0,6.931896,0,1,True,No_Telecommute,M,True,work_and_school,2,1,0,0,0,0,0,0,0,0,0,0,0,2933,0,6,1,28,9,2
1126,18.0,4.0,1,2,1,6,9,41.0,True,3,True,True,False,1380,1.3820661603684696,0.9417999805320556,722,sales_office,False,True,-1,-9.0,-9.0,16374,7.016581736287641,-2.7573829584960743,20.493671,74.41267,6453,9.254582149013192,-5.47662529624061,21.932726,6.0,55.39744,118.78424,0.0,1.804,61.726532,55.39744,0.0,0.0,6.32909,0,0,False,No_Telecommute,M,True,work2,2,2,0,0,0,0,0,0,0,0,0,0,0,2934,0,5,6,20,9,2
1126,16.0,5.0,1,3,1,6,0,0.0,True,3,False,False,False,1380,1.629056963017724,0.6090536785102874,0,,False,False,-1,-9.0,-9.0,20799,6.879506387253425,-5.920918826257389,41.694603,117.11471,-1,-9.0,-9.0,-9.0,-9.0,-9.0,0.0,0.0,0.0,0.0,0.0,0.0,0.0,0.0,0,0,False,,M,True,school1,1,0,0,0,0,0,0,0,0,0,0,0,0,2935,0,5,0,0,9,2
1126,6.0,6.0,1,4,1,7,0,0.0,True,2,False,False,False,1380,0.8372774312189448,2.068126272227548,0,,False,False,-1,-9.0,-9.0,18371,3.8732780864418968,-2.191515582163836,21.949827,83.595215,-1,-9.0,-9.0,-9.0,-9.0,-9.0,0.0,0.0,0.0,0.0,0.0,0.0,0.0,0.0,0,0,False,,M,True,school1,1,0,0,0,0,0,0,0,0,0,0,0,0,2936,0,2,0,0,9,2
1127,40.0,1.0,1,1,3,1,13,43.0,False,0,True,True,False,1380,0.9041743101786536,1.9103726732336164,9000,sales_office,False,True,-1,-9.0,-9.0,-1,-9.0,-9.0,-9.0,0.0,19965,9.62323421896879,-6.444637421621692,37.335968,7.0,82.6791,161.62885,0.0,0.0,82.6791,81.91642,0.0,0.0,0.76268005,0,0,False,No_Telecommute,N,True,,0,0,0,12,1,0,0,0,1,0,0,0,0,2937,1,0,1,50,1,1
1127,42.0,2.0,2,3,3,4,13,37.0,False,0,False,False,False,1380,1.5923451267813384,0.4860608334402587,71,services,False,False,-1,-9.0,-9.0,-1,-9.0,-9.0,-9.0,0.0,-1,-9.0,-9.0,-9.0,-9.0,-9.0,0.0,0.0,0.0,0.0,0.0,0.0,0.0,0.0,0,0,False,,N,True,,0,0,0,91,3,1,0,0,0,2,0,0,1,2938,0,0,6,28,1,2
1127,21.0,3.0,2,2,2,3,9,41.0,True,4,True,True,False,1380,2.0034620870502304,1.1718374156892617,722,sales_office,False,True,-1,-9.0,-9.0,19607,1.9567671785875764,-9.382603811096535,33.099865,104.788086,23753,8.641866956343794,-0.7205513166196609,5.3886447,6.0,9.334169,18.719086,0.0,0.0,9.334169,9.334169,0.0,0.0,0.0,0,0,True,No_Telecommute,M,True,work2,2,2,0,0,0,0,0,0,0,0,0,0,0,2939,0,6,1,28,9,2
1127,18.0,4.0,1,2,1,6,9,41.0,True,3,True,True,False,1380,2.2732502134654857,0.7398793641647203,722,sales_office,False,True,-1,-9.0,-9.0,18978,6.332367218647633,-6.810702338054117,31.658276,93.344894,13596,8.114898815185997,-3.5160473927062283,10.777289,6.0,24.275745,50.675114,0.0,0.0,24.275745,24.275745,0.0,0.0,0.0,0,0,True,No_Telecommute,M,True,school1,1,0,0,0,0,0,0,0,0,0,0,0,0,2940,0,5,6,20,9,2
1127,16.0,5.0,1,3,1,6,0,0.0,True,3,False,False,False,1380,0.7628588007969463,1.5045278850574049,0,,False,False,-1,-9.0,-9.0,7211,7.469705085933119,-1.2935007464217174,21.247818,68.97655,-1,-9.0,-9.0,-9.0,-9.0,-9.0,0.0,0.0,0.0,0.0,0.0,0.0,0.0,0.0,0,0,False,,M,True,school1,1,0,0,0,0,0,0,0,0,0,0,0,0,2941,0,5,0,0,9,2
1127,6.0,6.0,1,4,1,7,0,0.0,True,2,False,False,False,1380,0.7332017425741926,1.1206146591982784,0,,False,False,-1,-9.0,-9.0,18327,3.9848243101481415,-1.6751588761352525,20.97825,80.69223,-1,-9.0,-9.0,-9.0,-9.0,-9.0,0.0,0.0,0.0,0.0,0.0,0.0,0.0,0.0,0,0,False,,N,True,,0,0,0,89,1,1,0,0,0,0,0,0,0,2942,0,2,0,0,9,2
1128,40.0,1.0,1,1,3,1,13,43.0,False,0,True,True,False,1380,1.5476438897471627,0.6645912926279822,9000,sales_office,False,True,-1,-9.0,-9.0,-1,-9.0,-9.0,-9.0,0.0,8926,9.112898976333383,-2.136756193245587,12.499739,6.0,18.668339,37.276577,0.0,0.0,18.668339,18.668339,0.0,0.0,0.0,0,0,True,No_Telecommute,N,True,,0,0,0,12,1,0,0,0,1,0,0,0,0,2943,1,0,1,50,1,1
1128,42.0,2.0,2,3,3,4,13,37.0,False,0,False,False,False,1380,0.5629037635187842,0.4499469618184135,71,services,False,False,-1,-9.0,-9.0,-1,-9.0,-9.0,-9.0,0.0,-1,-9.0,-9.0,-9.0,-9.0,-9.0,0.0,0.0,0.0,0.0,0.0,0.0,0.0,0.0,0,0,False,,N,True,,0,0,0,1,1,0,0,0,0,1,0,0,0,2944,0,0,6,28,1,2
1128,21.0,3.0,2,2,2,3,9,41.0,True,4,True,True,False,1380,1.8804984672858351,0.6454134755835729,722,sales_office,False,True,-1,-9.0,-9.0,23114,2.0620673809833283,-7.342341711673052,22.80189,81.47257,8418,9.006724664913161,-6.360417377442883,22.155869,6.0,55.842613,111.65303,0.0,0.0,55.842613,54.939365,0.0,0.0,0.90324783,0,0,True,No_Telecommute,N,True,,0,0,0,13,4,2,0,0,1,1,0,0,0,2945,0,6,1,28,9,2
1128,18.0,4.0,1,2,1,6,9,41.0,True,3,True,True,False,1380,0.6967359283301768,1.8115550195146424,722,sales_office,False,True,-1,-9.0,-9.0,19095,7.472981936317132,-2.379499329180928,28.926456,86.32703,1380,10.280132530361463,-0.3646687842084462,5.3886447,6.0,9.334169,18.719086,0.0,0.0,9.334169,9.334169,0.0,0.0,0.0,0,0,False,No_Telecommute,M,True,work2,2,2,0,0,0,0,0,0,0,0,0,0,0,2946,0,5,6,20,9,2
1128,16.0,5.0,1,3,1,6,0,0.0,True,3,False,False,False,1380,1.4016256541021892,1.2137307496370542,0,,False,False,-1,-9.0,-9.0,16496,6.828377814462688,-3.733848784143539,26.717031,91.50372,-1,-9.0,-9.0,-9.0,-9.0,-9.0,0.0,0.0,0.0,0.0,0.0,0.0,0.0,0.0,0,0,False,,M,True,school1,1,0,0,0,0,0,0,0,0,0,0,0,0,2947,0,5,0,0,9,2
1128,6.0,6.0,1,4,1,7,0,0.0,True,2,False,False,False,1380,0.2335383987820968,0.417040500093586,0,,False,False,-1,-9.0,-9.0,5878,3.238055358349852,-1.79027179751648,10.777289,33.78858,-1,-9.0,-9.0,-9.0,-9.0,-9.0,0.0,0.0,0.0,0.0,0.0,0.0,0.0,0.0,0,0,False,,M,True,school1,1,0,0,35,1,0,0,1,0,0,0,0,0,2948,0,2,0,0,9,2
1129,40.0,1.0,1,1,3,1,13,43.0,False,0,True,True,False,1380,2.7833941265251525,0.3877397049739364,9000,sales_office,False,True,-1,-9.0,-9.0,-1,-9.0,-9.0,-9.0,0.0,16378,5.991148774247964,-9.417073511180382,17.729624,6.0,50.34978,100.21855,0.0,0.0,50.34978,50.34978,0.0,0.0,0.0,0,0,True,No_Telecommute,N,True,,0,0,0,95,2,1,1,0,0,0,0,0,0,2949,1,0,1,50,1,1
1129,42.0,2.0,2,3,3,4,13,37.0,False,0,False,False,False,1380,0.7026329357180807,0.6143185174489962,71,services,False,False,-1,-9.0,-9.0,-1,-9.0,-9.0,-9.0,0.0,-1,-9.0,-9.0,-9.0,-9.0,-9.0,0.0,0.0,0.0,0.0,0.0,0.0,0.0,0.0,0,0,False,,N,True,,0,0,0,101,2,1,0,0,1,0,0,0,0,2950,0,0,6,28,1,2
1129,21.0,3.0,2,2,2,3,9,41.0,True,4,True,True,False,1380,0.56156245097879,0.927005700329381,722,sales_office,False,True,-1,-9.0,-9.0,23114,3.2811802938369854,-2.2429582302238926,22.80189,81.47257,17877,10.590800776476398,-3.161132107462442,21.82454,7.0,64.76756,127.701355,0.0,0.0,64.76756,64.76756,0.0,0.0,0.0,0,0,False,No_Telecommute,M,True,work2,2,2,0,0,0,0,0,0,0,0,0,0,0,2951,0,6,1,28,9,2
1129,18.0,4.0,1,2,1,6,9,41.0,True,3,True,True,False,1380,1.6917188534408505,0.7212338436149589,722,sales_office,False,True,-1,-9.0,-9.0,16490,6.61080156253143,-3.724673124349137,19.295544,71.30402,12315,8.705625298013842,-12.015283701354324,40.66262,3.0,93.02698,195.29639,0.0,0.0,99.958885,93.02698,0.0,0.0,6.9319077,0,0,True,No_Telecommute,M,True,school1,1,0,0,0,0,0,0,0,0,0,0,0,0,2952,0,5,6,20,9,2
1129,16.0,5.0,1,3,1,6,0,0.0,True,3,False,False,False,1380,0.9600694049699676,0.8845890451593946,0,,False,False,-1,-9.0,-9.0,7004,7.181812195639703,-2.013432538801694,20.5895,64.319244,-1,-9.0,-9.0,-9.0,-9.0,-9.0,0.0,0.0,0.0,0.0,0.0,0.0,0.0,0.0,0,0,False,,M,True,school1,1,0,0,0,0,0,0,0,0,0,0,0,0,2953,0,5,0,0,9,2
1130,40.0,1.0,1,1,3,1,13,43.0,False,0,True,True,False,1380,0.494626883225831,0.7735010963389346,9000,sales_office,False,True,-1,-9.0,-9.0,-1,-9.0,-9.0,-9.0,0.0,20771,10.665533258635389,-4.74597947329121,40.508457,7.0,93.24859,182.24234,0.0,0.0,93.24859,92.48589,0.0,0.0,0.7626953,0,0,False,No_Telecommute,N,True,,0,0,0,89,1,1,0,0,0,0,0,0,0,2955,1,0,1,50,1,1
1130,42.0,2.0,2,3,3,4,13,37.0,False,0,False,False,False,1380,0.6261424900570881,0.940587153186463,71,services,False,False,-1,-9.0,-9.0,-1,-9.0,-9.0,-9.0,0.0,-1,-9.0,-9.0,-9.0,-9.0,-9.0,0.0,0.0,0.0,0.0,0.0,0.0,0.0,0.0,0,0,False,,N,True,,0,0,0,2,4,2,0,0,0,2,0,0,1,2956,0,0,6,28,1,2
1130,21.0,3.0,2,2,2,3,9,41.0,True,4,True,True,False,1380,0.3838181283337719,0.9337833485107272,722,sales_office,False,True,-1,-9.0,-9.0,23075,3.4823111628897605,-1.854530691836093,29.735817,85.55195,16254,10.794688625045731,-2.0623037813325373,19.782543,6.0,53.358955,104.12508,0.0,0.0,53.358955,52.615753,0.0,0.0,0.7432022,0,0,True,No_Telecommute,M,True,work2,2,2,0,1,1,0,0,0,0,1,0,0,0,2957,0,6,1,28,9,2
1130,18.0,4.0,1,2,1,6,9,41.0,True,3,True,True,False,1380,0.7708161078393497,0.620279301724058,722,sales_office,False,True,-1,-9.0,-9.0,17871,7.453909410741963,-1.5518612451610725,20.905176,80.46452,23926,9.783433714522204,-3.3912860538050844,19.672834,6.0,49.55198,99.43739,0.0,0.0,50.63021,49.55198,0.0,0.0,1.0782318,0,0,False,No_Telecommute,M,True,work2,2,2,0,0,0,0,0,0,0,0,0,0,0,2958,0,5,6,20,9,2
1130,16.0,5.0,1,3,1,6,0,0.0,True,3,False,False,False,1380,0.6315610829640448,0.5797231384140386,0,,False,False,-1,-9.0,-9.0,16490,7.581407600004042,-1.045686882593897,19.295544,71.30402,-1,-9.0,-9.0,-9.0,-9.0,-9.0,0.0,0.0,0.0,0.0,0.0,0.0,0.0,0.0,0,0,False,,M,True,school1,1,0,0,0,0,0,0,0,0,0,0,0,0,2959,0,5,0,0,9,2
1130,6.0,6.0,1,4,1,7,0,0.0,True,2,False,False,False,1380,0.6294581819537207,1.0413540853267982,0,,False,False,-1,-9.0,-9.0,9910,3.993571726035595,0.8423554683478629,5.3886447,17.219353,-1,-9.0,-9.0,-9.0,-9.0,-9.0,0.0,0.0,0.0,0.0,0.0,0.0,0.0,0.0,0,0,False,,M,True,school1,1,0,0,89,1,1,0,0,0,0,0,0,0,2960,0,2,0,0,9,2
1131,40.0,1.0,1,1,3,1,13,43.0,False,0,True,True,False,1380,0.7858002564621263,0.3480810308805835,9000,sales_office,False,True,-1,-9.0,-9.0,-1,-9.0,-9.0,-9.0,0.0,18594,10.000470741642332,-4.061135996426505,21.677668,7.0,64.75569,127.240265,0.0,0.0,64.75569,64.68036,0.0,0.0,0.07533264,0,0,True,1_day_week,N,True,,0,0,0,95,2,1,1,0,0,0,0,0,0,2961,1,0,1,50,1,1
1131,21.0,3.0,2,2,2,3,9,41.0,True,4,True,False,False,1380,0.992155048345374,1.434415453153276,722,sales_office,True,False,-1,-9.0,-9.0,19370,0.0222092089601981,-5.102187823622962,34.648834,99.11592,-1,-9.0,-9.0,-9.0,-9.0,-9.0,0.0,0.0,0.0,0.0,0.0,0.0,0.0,0.0,0,0,False,,M,True,school1,1,0,0,0,0,0,0,0,0,0,0,0,0,2963,0,6,1,28,9,2
1131,18.0,4.0,1,2,1,6,9,41.0,True,3,True,True,False,1380,1.3479840455692087,0.9012440392741484,722,sales_office,False,True,-1,-9.0,-9.0,10525,7.0294514446446525,-5.0338115980804,41.403717,104.567184,1896,9.129555336396589,-5.709944964353745,22.385696,6.0,56.735317,121.39543,0.0,0.0,63.064407,56.735317,0.0,0.0,6.32909,0,0,True,No_Telecommute,M,True,work2,2,2,0,1,1,0,0,0,0,1,0,0,0,2964,0,5,6,20,9,2
1131,16.0,5.0,1,3,1,6,0,0.0,True,3,False,False,False,1380,1.4847789161009388,1.1329792641197165,0,,False,False,-1,-9.0,-9.0,8245,6.874762930778359,-9.161317823682134,72.536896,174.89578,-1,-9.0,-9.0,-9.0,-9.0,-9.0,0.0,0.0,0.0,0.0,0.0,0.0,0.0,0.0,0,0,False,,M,True,school1,1,0,0,0,0,0,0,0,0,0,0,0,0,2965,0,5,0,0,9,2
1131,6.0,6.0,1,4,1,7,0,0.0,True,2,False,False,False,1380,1.061492224636155,0.4941863907727315,0,,False,False,-1,-9.0,-9.0,16253,3.584006402171376,-1.882848157246954,18.458275,64.52976,-1,-9.0,-9.0,-9.0,-9.0,-9.0,0.0,0.0,0.0,0.0,0.0,0.0,0.0,0.0,0,0,False,,M,True,school1,1,0,0,0,0,0,0,0,0,0,0,0,0,2966,0,2,0,0,9,2
1132,30.0,1.0,2,3,2,3,13,0.0,True,4,False,False,False,1380,0.3424149303138196,0.6528748463914439,0,,False,False,-1,-9.0,-9.0,20261,3.4557795905578765,-2.369370064612826,36.442917,101.888275,-1,-9.0,-9.0,-9.0,-9.0,-9.0,0.0,0.0,0.0,0.0,0.0,0.0,0.0,0.0,0,0,False,,N,True,,0,0,1,0,2,2,0,1,0,0,0,0,0,2967,0,6,0,0,1,2
1132,33.0,2.0,1,1,3,1,13,43.0,False,0,True,True,False,1380,0.3462768417972217,0.5918213381029996,45,sales_office,False,True,-1,-9.0,-9.0,-1,-9.0,-9.0,-9.0,0.0,19455,10.888492690843837,-3.862425749669866,36.12691,7.0,87.58097,168.84955,0.0,3.895,87.58097,76.62642,0.0,0.0,10.954552,0,0,True,No_Telecommute,N,True,,0,0,0,89,1,1,0,0,0,0,0,0,0,2968,0,0,1,40,1,1
1132,2.0,4.0,1,4,1,8,0,0.0,True,1,False,False,False,1380,0.4146062922957412,0.6836932327365361,0,,False,False,-1,-9.0,-9.0,1380,8.283905751119308,2.970349125480898,5.3886447,17.219353,-1,-9.0,-9.0,-9.0,-9.0,-9.0,0.0,0.0,0.0,0.0,0.0,0.0,0.0,0.0,0,0,False,,M,True,school1,1,0,1,0,0,0,0,0,0,0,0,0,0,2970,0,0,0,0,1,2
1133,19.0,1.0,1,1,3,1,9,55.0,False,0,True,True,False,1380,0.5841607502599592,0.4136196219942002,9000,military,False,True,-1,-9.0,-9.0,-1,-9.0,-9.0,-9.0,0.0,1380,11.27180356963269,-0.4706294854850169,5.3886447,6.0,9.334169,18.719086,0.0,0.0,9.334169,9.334169,0.0,0.0,0.0,0,0,False,No_Telecommute,M,True,work1,1,1,1,0,0,0,1,0,0,0,0,0,0,2971,1,0,1,60,1,2
1134,19.0,1.0,1,1,3,1,9,55.0,False,0,True,True,False,1380,0.8383876270173022,2.08973289601215,9000,military,False,True,-1,-9.0,-9.0,-1,-9.0,-9.0,-9.0,0.0,1380,11.313163289731245,-0.5579421200560816,5.3886447,6.0,9.334169,18.719086,0.0,0.0,9.334169,9.334169,0.0,0.0,0.0,0,0,False,2_3_days_week,M,True,work1,1,1,0,0,0,0,0,0,0,0,0,0,0,2973,1,0,1,60,1,2
1134,18.0,2.0,2,2,3,2,9,35.0,False,0,True,True,False,1380,1.5547056710801934,0.6230209374084583,722,services,False,True,-1,-9.0,-9.0,-1,-9.0,-9.0,-9.0,0.0,1380,7.625565675652073,-0.7600336326268693,5.3886447,6.0,9.334169,18.719086,0.0,0.0,9.334169,9.334169,0.0,0.0,0.0,0,0,True,No_Telecommute,M,True,work1,1,1,0,1,1,0,0,0,0,1,0,0,0,2974,0,0,6,18,1,1
1135,19.0,1.0,1,1,3,1,9,55.0,False,0,True,True,False,1380,0.6113151155074658,1.0122011838991258,9000,military,False,True,-1,-9.0,-9.0,-1,-9.0,-9.0,-9.0,0.0,1380,11.5101797354222,0.4587607111751769,5.3886447,6.0,9.334169,18.719086,0.0,0.0,9.334169,9.334169,0.0,0.0,0.0,0,1,False,No_Telecommute,M,True,work1,1,1,0,0,0,0,0,0,0,0,0,0,0,2975,1,0,1,60,1,2
1135,18.0,2.0,2,2,3,2,9,35.0,False,0,True,True,False,1380,0.415212542326053,0.9272268478458456,722,services,False,True,-1,-9.0,-9.0,-1,-9.0,-9.0,-9.0,0.0,1380,8.454387716262731,0.6372280993904068,5.3886447,6.0,9.334169,18.719086,0.0,0.0,9.334169,9.334169,0.0,0.0,0.0,0,0,False,No_Telecommute,M,True,work1,1,1,0,89,1,1,0,0,0,0,0,0,0,2976,0,0,6,18,1,1
1136,19.0,1.0,1,1,3,1,9,55.0,False,0,True,False,True,1380,0.8758615480840586,0.5209336082370866,9000,military,False,True,24333,5.101315062486302,-3.3069940779436977,-1,-9.0,-9.0,-9.0,0.0,24333,5.101315062486302,-3.3069940779436977,16.919893,-9.0,33.53963,66.96462,0.0,0.0,0.0,0.0,0.0,0.0,0.0,0,0,False,No_Telecommute,M,True,work1,1,1,0,0,0,0,0,0,0,0,0,0,0,2977,1,0,1,60,1,2
1136,18.0,2.0,2,2,3,2,9,35.0,False,0,True,True,False,1380,0.9029204478666945,0.6508160061802449,722,services,False,True,-1,-9.0,-9.0,-1,-9.0,-9.0,-9.0,0.0,13596,7.965697225455214,-1.9383313003805411,10.777289,6.0,24.275745,50.675114,0.0,0.0,24.275745,24.275745,0.0,0.0,0.0,0,0,True,No_Telecommute,M,True,work1,1,1,0,0,0,0,0,0,0,0,0,0,0,2978,0,0,6,18,1,1
1137,19.0,1.0,1,1,3,1,9,55.0,False,0,True,True,False,1380,0.3791472920693733,0.64087764035864,9000,military,False,True,-1,-9.0,-9.0,-1,-9.0,-9.0,-9.0,0.0,24046,11.440171586415303,-1.303194905860062,12.499739,6.0,18.668339,37.276577,0.0,0.0,18.668339,18.668339,0.0,0.0,0.0,0,0,False,No_Telecommute,N,True,,0,0,0,12,1,0,0,0,1,0,0,0,0,2979,1,0,1,60,1,2
1137,18.0,2.0,2,2,3,2,9,35.0,False,0,True,True,False,1380,0.4420685461758952,1.793190756041121,722,services,False,True,-1,-9.0,-9.0,-1,-9.0,-9.0,-9.0,0.0,1380,8.098369295155717,-0.3911815316886305,5.3886447,6.0,9.334169,18.719086,0.0,0.0,9.334169,9.334169,0.0,0.0,0.0,0,0,True,No_Telecommute,M,True,work1,1,1,0,12,1,0,0,0,1,0,0,0,0,2980,0,0,6,18,1,1
1138,19.0,1.0,1,1,3,1,9,55.0,False,0,True,True,False,1380,0.4927626803611695,0.5269390453485593,9000,military,False,True,-1,-9.0,-9.0,-1,-9.0,-9.0,-9.0,0.0,1380,11.346152793798804,-0.4384564844816812,5.3886447,6.0,9.334169,18.719086,0.0,0.0,9.334169,9.334169,0.0,0.0,0.0,0,0,False,No_Telecommute,N,True,,0,0,0,24,2,0,0,0,2,0,0,1,0,2981,1,0,1,60,1,2
1142,43.0,1.0,2,3,3,4,13,43.0,False,0,False,False,False,1380,0.8705521912342739,0.4013671918408174,722,sales_office,False,False,-1,-9.0,-9.0,-1,-9.0,-9.0,-9.0,0.0,-1,-9.0,-9.0,-9.0,-9.0,-9.0,0.0,0.0,0.0,0.0,0.0,0.0,0.0,0.0,0,0,False,,N,True,,0,0,0,95,2,1,1,0,0,0,0,0,0,2986,0,0,5,25,9,1
1143,43.0,1.0,2,3,3,4,13,43.0,False,0,False,False,False,1380,0.9035556795776588,0.2483087448183505,722,sales_office,False,False,-1,-9.0,-9.0,-1,-9.0,-9.0,-9.0,0.0,-1,-9.0,-9.0,-9.0,-9.0,-9.0,0.0,0.0,0.0,0.0,0.0,0.0,0.0,0.0,0,0,False,,N,True,,0,0,0,1,1,0,0,0,0,1,0,0,0,2987,0,0,5,25,9,1
1144,43.0,1.0,2,3,3,4,13,43.0,False,0,False,False,False,1380,3.5137311149598243,1.204271308701218,722,sales_office,False,False,-1,-9.0,-9.0,-1,-9.0,-9.0,-9.0,0.0,-1,-9.0,-9.0,-9.0,-9.0,-9.0,0.0,0.0,0.0,0.0,0.0,0.0,0.0,0.0,0,0,False,,N,True,,0,0,0,1,1,0,0,0,0,1,0,0,0,2988,0,0,5,25,9,1
1145,43.0,1.0,2,3,3,4,13,43.0,False,0,False,False,False,1380,0.5519242505477663,0.889785155172739,722,sales_office,False,False,-1,-9.0,-9.0,-1,-9.0,-9.0,-9.0,0.0,-1,-9.0,-9.0,-9.0,-9.0,-9.0,0.0,0.0,0.0,0.0,0.0,0.0,0.0,0.0,0,0,False,,N,True,,0,0,0,4,2,0,0,0,0,1,1,0,1,2989,0,0,5,25,9,1
1146,43.0,1.0,2,3,3,4,13,43.0,False,0,False,False,False,1380,0.6983070692506467,1.3896406930776335,722,sales_office,False,False,-1,-9.0,-9.0,-1,-9.0,-9.0,-9.0,0.0,-1,-9.0,-9.0,-9.0,-9.0,-9.0,0.0,0.0,0.0,0.0,0.0,0.0,0.0,0.0,0,0,False,,N,True,,0,0,0,41,2,0,1,1,0,0,0,0,0,2990,0,0,5,25,9,1
1147,43.0,1.0,2,3,3,4,13,43.0,False,0,False,False,False,1380,0.8078316689447409,1.9304131092205543,722,sales_office,False,False,-1,-9.0,-9.0,-1,-9.0,-9.0,-9.0,0.0,-1,-9.0,-9.0,-9.0,-9.0,-9.0,0.0,0.0,0.0,0.0,0.0,0.0,0.0,0.0,0,0,False,,N,True,,0,0,0,12,1,0,0,0,1,0,0,0,0,2991,0,0,5,25,9,1
1148,20.0,1.0,1,2,2,3,9,37.0,True,4,True,True,False,1380,0.4971028523378711,2.6341526904206014,32,services,False,True,-1,-9.0,-9.0,23114,3.2322914406421224,-2.431799459456506,22.80189,81.47257,7004,10.383670304754604,-2.828243917289819,20.5895,6.0,53.06065,113.798676,0.0,0.0,59.992546,53.06065,0.0,0.0,6.931896,0,0,True,1_day_week,M,True,work1,1,1,0,3,1,0,0,0,0,0,1,0,0,2992,0,6,1,20,1,2
1148,24.0,2.0,2,1,3,1,13,43.0,False,0,True,True,False,1380,0.511007812611508,0.9173743418204284,92,sales_office,False,True,-1,-9.0,-9.0,-1,-9.0,-9.0,-9.0,0.0,18628,9.608997238243196,-3.823957037038357,29.214027,7.0,68.98242,134.52863,0.0,0.0,68.98242,65.043076,0.0,0.0,3.9393463,0,1,False,No_Telecommute,M,True,work1,1,1,0,0,0,0,0,0,0,0,0,0,0,2993,0,0,1,40,1,2
1149,35.0,1.0,2,3,3,4,13,0.0,False,0,False,False,False,1380,0.6287807515023389,1.0077190540223948,0,,False,False,-1,-9.0,-9.0,-1,-9.0,-9.0,-9.0,0.0,-1,-9.0,-9.0,-9.0,-9.0,-9.0,0.0,0.0,0.0,0.0,0.0,0.0,0.0,0.0,0,0,False,,N,True,,0,0,0,12,3,2,0,0,1,0,0,0,0,2994,0,0,0,0,9,2
1149,17.0,3.0,1,3,1,6,0,0.0,True,3,False,False,False,1380,0.1,2.2653438382581155,0,,False,False,-1,-9.0,-9.0,19095,7.763362803264052,-0.7963865859853585,28.926456,86.32703,-1,-9.0,-9.0,-9.0,-9.0,-9.0,0.0,0.0,0.0,0.0,0.0,0.0,0.0,0.0,0,0,False,,M,True,school1,1,0,0,1,1,0,0,0,0,1,0,0,0,2996,0,5,0,0,9,2
1149,7.0,4.0,2,4,1,7,0,0.0,True,2,False,False,False,1380,1.7902264917873028,0.6687102701211586,0,,False,False,-1,-9.0,-9.0,14325,2.703481432316025,-4.57640053292228,17.95453,62.99578,-1,-9.0,-9.0,-9.0,-9.0,-9.0,0.0,0.0,0.0,0.0,0.0,0.0,0.0,0.0,0,0,False,,M,True,school1,1,0,0,0,0,0,0,0,0,0,0,0,0,2997,0,2,0,0,9,2
1150,35.0,1.0,2,3,3,4,13,0.0,False,0,False,False,False,1380,0.770530455820287,1.1078456853295544,0,,False,False,-1,-9.0,-9.0,-1,-9.0,-9.0,-9.0,0.0,-1,-9.0,-9.0,-9.0,-9.0,-9.0,0.0,0.0,0.0,0.0,0.0,0.0,0.0,0.0,0,0,False,,N,True,,0,0,2,0,0,0,0,1,1,0,0,1,0,2998,0,0,0,0,9,2
1150,37.0,2.0,1,3,3,4,13,33.0,False,0,False,False,False,1380,0.8880820320602971,0.4949892004428101,9000,services,False,False,-1,-9.0,-9.0,-1,-9.0,-9.0,-9.0,0.0,-1,-9.0,-9.0,-9.0,-9.0,-9.0,0.0,0.0,0.0,0.0,0.0,0.0,0.0,0.0,0,0,False,,N,True,,0,0,2,89,1,1,0,0,0,0,0,0,0,2999,0,0,0,0,1,1
1150,17.0,3.0,1,3,1,6,0,0.0,True,3,False,False,False,1380,0.7750836428171785,0.3394847266337267,0,,False,False,-1,-9.0,-9.0,10525,7.348098558720942,-3.608103200076631,41.403717,104.567184,-1,-9.0,-9.0,-9.0,-9.0,-9.0,0.0,0.0,0.0,0.0,0.0,0.0,0.0,0.0,0,0,False,,M,True,school1,1,0,1,0,0,0,0,0,0,0,0,0,0,3000,0,5,0,0,9,2
1151,37.0,2.0,1,3,3,4,13,33.0,False,0,False,False,False,1380,0.904848410631178,1.983966439207561,9000,services,False,False,-1,-9.0,-9.0,-1,-9.0,-9.0,-9.0,0.0,-1,-9.0,-9.0,-9.0,-9.0,-9.0,0.0,0.0,0.0,0.0,0.0,0.0,0.0,0.0,0,1,False,,N,True,,0,0,0,89,3,3,0,0,0,0,0,0,0,3003,0,0,0,0,1,1
1151,17.0,3.0,1,3,1,6,0,0.0,True,3,False,False,False,1380,2.579254174724135,0.4638486457635969,0,,False,False,-1,-9.0,-9.0,19095,6.241726260947591,-7.449050893319281,28.926456,86.32703,-1,-9.0,-9.0,-9.0,-9.0,-9.0,0.0,0.0,0.0,0.0,0.0,0.0,0.0,0.0,0,0,False,,M,True,school1,1,0,0,0,0,0,0,0,0,0,0,0,0,3004,0,5,0,0,9,2
1151,7.0,4.0,2,4,1,7,0,0.0,True,2,False,False,False,1380,1.184580557433645,1.5118946826176334,0,,False,False,-1,-9.0,-9.0,5878,3.48905053326889,-2.240387546661684,10.777289,33.78858,-1,-9.0,-9.0,-9.0,-9.0,-9.0,0.0,0.0,0.0,0.0,0.0,0.0,0.0,0.0,0,0,False,,M,True,school1,1,0,0,0,0,0,0,0,0,0,0,0,0,3005,0,2,0,0,9,2
1152,35.0,1.0,2,3,3,4,13,0.0,False,0,False,False,False,1380,0.5119789168055789,0.9293356280196604,0,,False,False,-1,-9.0,-9.0,-1,-9.0,-9.0,-9.0,0.0,-1,-9.0,-9.0,-9.0,-9.0,-9.0,0.0,0.0,0.0,0.0,0.0,0.0,0.0,0.0,0,0,False,,N,True,,0,0,0,24,4,2,0,0,2,0,0,1,0,3006,0,0,0,0,9,2
1152,17.0,3.0,1,3,1,6,0,0.0,True,3,False,False,False,1380,0.9647620090726784,2.0039070264213663,0,,False,False,-1,-9.0,-9.0,16572,7.148695934539312,-2.603359362628669,24.928879,88.47385,-1,-9.0,-9.0,-9.0,-9.0,-9.0,0.0,0.0,0.0,0.0,0.0,0.0,0.0,0.0,0,0,False,,N,True,,0,0,0,1,1,0,0,0,0,1,0,0,0,3008,0,5,0,0,9,2
1152,7.0,4.0,2,4,1,7,0,0.0,True,2,False,False,False,1380,0.6649305528807691,1.602895348924997,0,,False,False,-1,-9.0,-9.0,9910,2.3694828322276744,1.0712727794884218,5.3886447,17.219353,-1,-9.0,-9.0,-9.0,-9.0,-9.0,0.0,0.0,0.0,0.0,0.0,0.0,0.0,0.0,0,0,False,,M,True,school1,1,0,0,0,0,0,0,0,0,0,0,0,0,3009,0,2,0,0,9,2
1153,35.0,1.0,2,3,3,4,13,0.0,False,0,False,False,False,1380,0.275368830013302,0.862295325000624,0,,False,False,-1,-9.0,-9.0,-1,-9.0,-9.0,-9.0,0.0,-1,-9.0,-9.0,-9.0,-9.0,-9.0,0.0,0.0,0.0,0.0,0.0,0.0,0.0,0.0,0,0,False,,N,True,,0,0,0,101,2,1,0,0,1,0,0,0,0,3010,0,0,0,0,9,2
1153,37.0,2.0,1,3,3,4,13,33.0,False,0,False,False,False,1380,1.1753330880447423,1.655854086979426,9000,services,False,False,-1,-9.0,-9.0,-1,-9.0,-9.0,-9.0,0.0,-1,-9.0,-9.0,-9.0,-9.0,-9.0,0.0,0.0,0.0,0.0,0.0,0.0,0.0,0.0,0,0,False,,N,True,,0,0,0,90,2,1,0,0,0,1,0,0,0,3011,0,0,0,0,1,1
1153,17.0,3.0,1,3,1,6,0,0.0,True,3,False,False,False,1380,0.6944254085678351,0.8728810919215444,0,,False,False,-1,-9.0,-9.0,18835,7.342873913893161,-2.6365569395022783,31.331814,98.45111,-1,-9.0,-9.0,-9.0,-9.0,-9.0,0.0,0.0,0.0,0.0,0.0,0.0,0.0,0.0,0,0,False,,N,True,,0,0,0,1,1,0,0,0,0,1,0,0,0,3012,0,5,0,0,9,2
1153,7.0,4.0,2,4,1,7,0,0.0,True,2,False,False,False,1380,1.0404182938390245,2.745507373875315,0,,False,False,-1,-9.0,-9.0,19052,3.3758261667970144,-4.26037537035814,26.932182,78.93895,-1,-9.0,-9.0,-9.0,-9.0,-9.0,0.0,0.0,0.0,0.0,0.0,0.0,0.0,0.0,0,0,False,,N,True,,0,0,0,89,1,1,0,0,0,0,0,0,0,3013,0,2,0,0,9,2
1155,59.0,1.0,2,3,3,4,13,0.0,False,0,False,False,False,1380,0.8481317045429613,3.051092867369144,0,,False,False,-1,-9.0,-9.0,-1,-9.0,-9.0,-9.0,0.0,-1,-9.0,-9.0,-9.0,-9.0,-9.0,0.0,0.0,0.0,0.0,0.0,0.0,0.0,0.0,0,0,False,,N,True,,0,0,0,1,1,0,0,0,0,1,0,0,0,3016,0,0,0,0,1,1
1155,23.0,2.0,2,3,3,4,13,0.0,False,0,False,False,False,1380,0.48050107333624,0.8693275225226555,0,,False,False,-1,-9.0,-9.0,-1,-9.0,-9.0,-9.0,0.0,-1,-9.0,-9.0,-9.0,-9.0,-9.0,0.0,0.0,0.0,0.0,0.0,0.0,0.0,0.0,0,0,False,,N,True,,0,0,0,35,1,0,0,1,0,0,0,0,0,3017,0,0,0,0,1,1
1156,23.0,2.0,2,3,3,4,13,0.0,False,0,False,False,False,1380,2.9499150706449746,0.4689133987887814,0,,False,False,-1,-9.0,-9.0,-1,-9.0,-9.0,-9.0,0.0,-1,-9.0,-9.0,-9.0,-9.0,-9.0,0.0,0.0,0.0,0.0,0.0,0.0,0.0,0.0,0,0,False,,N,True,,0,0,0,6,1,0,1,0,0,0,0,0,0,3019,0,0,0,0,1,1
1157,22.0,1.0,1,3,3,4,13,51.0,False,0,False,False,False,1380,1.1317644711848136,1.598268377638953,23,prod_trans_move,False,False,-1,-9.0,-9.0,-1,-9.0,-9.0,-9.0,0.0,-1,-9.0,-9.0,-9.0,-9.0,-9.0,0.0,0.0,0.0,0.0,0.0,0.0,0.0,0.0,0,0,False,,N,True,,0,0,0,12,1,0,0,0,1,0,0,0,0,3020,0,0,5,50,1,2
1158,22.0,1.0,1,3,3,4,13,51.0,False,0,False,False,False,1380,0.5268593770352352,1.5559487798863547,23,prod_trans_move,False,False,-1,-9.0,-9.0,-1,-9.0,-9.0,-9.0,0.0,-1,-9.0,-9.0,-9.0,-9.0,-9.0,0.0,0.0,0.0,0.0,0.0,0.0,0.0,0.0,0,0,False,,N,True,,0,0,0,35,1,0,0,1,0,0,0,0,0,3021,0,0,5,50,1,2
1159,22.0,1.0,1,3,3,4,13,51.0,False,0,False,False,False,1380,0.794983518511327,1.4056956086318906,23,prod_trans_move,False,False,-1,-9.0,-9.0,-1,-9.0,-9.0,-9.0,0.0,-1,-9.0,-9.0,-9.0,-9.0,-9.0,0.0,0.0,0.0,0.0,0.0,0.0,0.0,0.0,0,0,False,,N,True,,0,0,0,1,1,0,0,0,0,1,0,0,0,3022,0,0,5,50,1,2
1160,34.0,1.0,1,1,3,1,13,55.0,False,0,True,True,False,1380,1.331503361470203,0.7394895189887648,9000,military,False,True,-1,-9.0,-9.0,-1,-9.0,-9.0,-9.0,0.0,1380,11.174920704717946,-0.567127943689847,5.3886447,6.0,9.334169,18.719086,0.0,0.0,9.334169,9.334169,0.0,0.0,0.0,0,0,False,No_Telecommute,M,True,work1,1,1,0,12,3,2,0,0,1,0,0,0,0,3023,1,0,1,60,1,1
1160,10.0,3.0,2,4,1,7,0,0.0,True,2,False,False,False,1380,0.4773978480598617,0.5033210347128588,0,,False,False,-1,-9.0,-9.0,9910,4.09461950950187,2.0441767242403275,5.3886447,17.219353,-1,-9.0,-9.0,-9.0,-9.0,-9.0,0.0,0.0,0.0,0.0,0.0,0.0,0.0,0.0,0,0,False,,M,True,school1,1,0,0,1,1,0,0,0,0,1,0,0,0,3025,0,2,0,0,1,1
1160,2.0,4.0,2,4,1,8,0,0.0,True,1,False,False,False,1380,0.573284757141336,0.8028879281962215,0,,False,False,-1,-9.0,-9.0,1380,8.230084468224502,2.6743940140265106,5.3886447,17.219353,-1,-9.0,-9.0,-9.0,-9.0,-9.0,0.0,0.0,0.0,0.0,0.0,0.0,0.0,0.0,0,0,False,,M,True,school1,1,0,0,0,0,0,0,0,0,0,0,0,0,3026,0,0,0,0,1,1
1161,34.0,1.0,1,1,3,1,13,55.0,False,0,True,True,False,1380,0.3264956506838927,0.8205276715056051,9000,military,False,True,-1,-9.0,-9.0,-1,-9.0,-9.0,-9.0,0.0,1380,11.560748262778452,-0.2675498155640625,5.3886447,6.0,9.334169,18.719086,0.0,0.0,9.334169,9.334169,0.0,0.0,0.0,0,0,True,No_Telecommute,M,True,work1,1,1,0,0,0,0,0,0,0,0,0,0,0,3027,1,0,1,60,1,1
1161,10.0,3.0,2,4,1,7,0,0.0,True,2,False,False,False,1380,2.0094952676981848,0.6182990942843934,0,,False,False,-1,-9.0,-9.0,16253,2.567700673126601,-5.211232569888162,18.458275,64.52976,-1,-9.0,-9.0,-9.0,-9.0,-9.0,0.0,0.0,0.0,0.0,0.0,0.0,0.0,0.0,0,0,False,,M,True,school1,1,0,0,0,0,0,0,0,0,0,0,0,0,3029,0,2,0,0,1,1
1161,2.0,4.0,2,4,1,8,0,0.0,True,1,False,False,False,1380,1.223078000227846,0.4452215957784476,0,,False,False,-1,-9.0,-9.0,1380,7.619526869797327,1.486783295376482,5.3886447,17.219353,-1,-9.0,-9.0,-9.0,-9.0,-9.0,0.0,0.0,0.0,0.0,0.0,0.0,0.0,0.0,0,0,False,,M,True,school1,1,0,0,0,0,0,0,0,0,0,0,0,0,3030,0,0,0,0,1,1
1163,23.0,2.0,2,1,3,1,13,43.0,False,0,True,True,False,1380,0.6465797914030096,0.9497417432883792,62,sales_office,False,True,-1,-9.0,-9.0,-1,-9.0,-9.0,-9.0,0.0,5878,8.912061509110554,-2.0858114528865386,10.777289,6.0,24.275745,50.675114,0.0,0.0,24.275745,24.275745,0.0,0.0,0.0,0,1,False,No_Telecommute,N,True,,0,0,0,24,2,0,0,0,2,0,0,1,0,3036,0,0,2,35,1,1
1164,24.0,1.0,1,1,3,1,13,53.0,False,0,True,True,False,1380,1.0452655798022696,0.6121252232412834,9000,prod_trans_move,False,True,-1,-9.0,-9.0,-1,-9.0,-9.0,-9.0,0.0,16269,8.930530509879034,-5.850892217886676,19.535608,6.0,55.01232,108.11595,0.0,0.0,55.01232,55.01232,0.0,0.0,0.0,0,0,True,No_Telecommute,M,True,work1,1,1,0,0,0,0,0,0,0,0,0,0,0,3037,1,0,1,50,9,1
1164,23.0,2.0,2,1,3,1,13,43.0,False,0,True,True,False,1380,0.4421828519059701,0.8983547191738037,62,sales_office,False,True,-1,-9.0,-9.0,-1,-9.0,-9.0,-9.0,0.0,3837,9.719031759310152,-0.7157185238043776,5.3886447,6.0,9.334169,18.719086,0.0,0.0,9.334169,9.334169,0.0,0.0,0.0,0,0,False,No_Telecommute,M,True,work1,1,1,0,0,0,0,0,0,0,0,0,0,0,3038,0,0,2,35,1,1
1165,24.0,1.0,1,1,3,1,13,53.0,False,0,True,True,False,1380,0.6755065651872582,2.2367947822957084,9000,prod_trans_move,False,True,-1,-9.0,-9.0,-1,-9.0,-9.0,-9.0,0.0,8558,8.441285437307958,-4.472365373467616,20.626137,6.0,54.36419,108.11876,0.0,0.0,54.36419,54.36419,0.0,0.0,0.0,0,0,True,No_Telecommute,M,True,work1,1,1,0,0,0,0,0,0,0,0,0,0,0,3039,1,0,1,50,9,1
1165,23.0,2.0,2,1,3,1,13,43.0,False,0,True,True,False,1380,0.9015469844824348,0.542285250378974,62,sales_office,False,True,-1,-9.0,-9.0,-1,-9.0,-9.0,-9.0,0.0,23753,8.960480254990992,-0.8475994971154717,5.3886447,6.0,9.334169,18.719086,0.0,0.0,9.334169,9.334169,0.0,0.0,0.0,0,0,True,No_Telecommute,M,True,work1,1,1,0,0,0,0,0,0,0,0,0,0,0,3040,0,0,2,35,1,1
1166,24.0,1.0,1,1,3,1,13,53.0,False,0,True,True,False,1380,0.1,1.7730941936989253,9000,prod_trans_move,False,True,-1,-9.0,-9.0,-1,-9.0,-9.0,-9.0,0.0,1380,10.572158092396064,-0.5106663054594534,5.3886447,6.0,9.334169,18.719086,0.0,0.0,9.334169,9.334169,0.0,0.0,0.0,0,0,False,2_3_days_week,M,True,work1,1,1,0,0,0,0,0,0,0,0,0,0,0,3041,1,0,1,50,9,1
1166,23.0,2.0,2,1,3,1,13,43.0,False,0,True,True,False,1380,1.6684468784524302,0.7152211096988665,62,sales_office,False,True,-1,-9.0,-9.0,-1,-9.0,-9.0,-9.0,0.0,16236,6.317140226261819,-6.866379613640532,17.087322,6.0,45.73924,93.5583,0.0,0.0,45.73924,45.73924,0.0,0.0,0.0,0,0,False,2_3_days_week,M,True,work1,1,1,0,0,0,0,0,0,0,0,0,0,0,3042,0,0,2,35,1,1
1167,24.0,1.0,1,1,3,1,13,53.0,False,0,True,True,False,1380,0.531062366328525,0.9164162323195516,9000,prod_trans_move,False,True,-1,-9.0,-9.0,-1,-9.0,-9.0,-9.0,0.0,1261,9.096375074101044,-4.226634366465007,20.727976,6.0,53.683285,114.26662,0.0,7.175,58.863777,53.484493,0.0,0.0,5.379284,0,0,False,1_day_week,N,True,,0,0,0,19,3,0,1,0,1,1,0,0,0,3043,1,0,1,50,9,1
1167,23.0,2.0,2,1,3,1,13,43.0,False,0,True,True,False,1380,0.9445036527731856,2.319341321424333,62,sales_office,False,True,-1,-9.0,-9.0,-1,-9.0,-9.0,-9.0,0.0,15537,8.788409716899057,-9.473064578667875,37.27673,6.0,84.59294,177.00354,0.0,0.0,91.52483,84.59294,0.0,0.0,6.9318924,0,0,True,No_Telecommute,M,True,work1,1,1,0,0,0,0,0,0,0,0,0,0,0,3044,0,0,2,35,1,1
1168,24.0,1.0,1,1,3,1,13,53.0,False,0,True,True,False,1380,1.9441055804721084,1.2847844100590953,9000,prod_trans_move,False,True,-1,-9.0,-9.0,-1,-9.0,-9.0,-9.0,0.0,16000,6.587433234411921,-10.124641254175923,23.841629,6.0,58.3352,124.526764,0.0,0.0,65.267105,58.3352,0.0,0.0,6.931904,0,1,False,No_Telecommute,M,True,work1,1,1,0,0,0,0,0,0,0,0,0,0,0,3045,1,0,1,50,9,1
1168,23.0,2.0,2,1,3,1,13,43.0,False,0,True,True,False,1380,0.9147304736474352,0.6048322086575756,62,sales_office,False,True,-1,-9.0,-9.0,-1,-9.0,-9.0,-9.0,0.0,13596,8.793631640257342,-2.455064210579192,10.777289,6.0,24.275745,50.675114,0.0,0.0,24.275745,24.275745,0.0,0.0,0.0,0,0,False,No_Telecommute,N,True,,0,0,0,47,2,0,0,1,1,0,0,1,0,3046,0,0,2,35,1,1
1169,24.0,1.0,1,1,3,1,13,53.0,False,0,True,True,False,1380,0.9285858237874044,1.411792873692188,9000,prod_trans_move,False,True,-1,-9.0,-9.0,-1,-9.0,-9.0,-9.0,0.0,13551,8.631526273425342,-5.345857413009917,20.475681,6.0,52.869667,106.04053,0.0,0.0,52.869667,52.051353,0.0,0.0,0.8183136,0,0,True,2_3_days_week,N,True,,0,0,1,0,0,0,0,0,1,0,0,0,0,3047,1,0,1,50,9,1
1170,24.0,1.0,1,1,3,1,13,53.0,False,0,True,True,False,1380,0.6857074851451613,1.583171828457749,9000,prod_trans_move,False,True,-1,-9.0,-9.0,-1,-9.0,-9.0,-9.0,0.0,16361,8.780019641364778,-4.829735626346617,21.232855,6.0,57.29131,112.48886,0.0,0.0,57.29131,56.82331,0.0,0.0,0.4679985,0,0,False,2_3_days_week,N,True,,0,0,0,12,1,0,0,0,1,0,0,0,0,3049,1,0,1,50,9,1
1170,23.0,2.0,2,1,3,1,13,43.0,False,0,True,True,False,1380,0.2161554348316441,1.842420056915306,62,sales_office,False,True,-1,-9.0,-9.0,-1,-9.0,-9.0,-9.0,0.0,16128,9.638709356674743,-3.325233964159176,24.145458,6.0,60.33907,130.4189,0.0,0.0,67.59614,59.861454,0.0,0.0,7.734684,0,0,False,No_Telecommute,M,True,work1,1,1,0,0,0,0,0,0,0,0,0,0,0,3050,0,0,2,35,1,1
1171,24.0,1.0,1,1,3,1,13,53.0,False,0,True,True,False,1380,0.7808095841891058,0.4894534829756302,9000,prod_trans_move,False,True,-1,-9.0,-9.0,-1,-9.0,-9.0,-9.0,0.0,16270,8.99627158555275,-5.02712918419598,19.63294,6.0,55.82117,109.51053,0.0,0.0,55.82117,55.82117,0.0,0.0,0.0,0,0,True,No_Telecommute,M,True,work1,1,1,0,0,0,0,0,0,0,0,0,0,0,3051,1,0,1,50,9,1
1171,23.0,2.0,2,1,3,1,13,43.0,False,0,True,True,False,1380,0.2852157611749716,2.095634057892325,62,sales_office,False,True,-1,-9.0,-9.0,-1,-9.0,-9.0,-9.0,0.0,23320,9.639910862636288,-5.0348520439396935,33.2576,6.0,78.449814,164.8341,0.0,0.0,87.51342,78.27314,0.0,0.0,9.24028,0,0,False,No_Telecommute,N,True,,0,0,0,35,1,0,0,1,0,0,0,0,0,3052,0,0,2,35,1,1
1173,24.0,1.0,1,1,3,1,13,53.0,False,0,True,True,False,1380,0.7721746047960663,0.7859787652534073,9000,prod_trans_move,False,True,-1,-9.0,-9.0,-1,-9.0,-9.0,-9.0,0.0,12791,8.906873848531111,-9.92155236169545,43.64748,3.0,98.93686,204.57385,0.0,0.0,105.86877,98.93686,0.0,0.0,6.9319077,0,0,False,1_day_week,N,True,,0,0,0,12,1,0,0,0,1,0,0,0,0,3055,1,0,1,50,9,1
1173,23.0,2.0,2,1,3,1,13,43.0,False,0,True,True,False,1380,0.8401578109071495,0.1458560995224415,62,sales_office,False,True,-1,-9.0,-9.0,-1,-9.0,-9.0,-9.0,0.0,16269,9.052548774689296,-5.11996199474874,19.535608,6.0,55.01232,108.11595,0.0,0.0,55.01232,55.01232,0.0,0.0,0.0,0,0,False,2_3_days_week,N,True,,0,0,0,12,1,0,0,0,1,0,0,0,0,3056,0,0,2,35,1,1
1174,24.0,1.0,1,1,3,1,13,53.0,False,0,True,True,False,1380,0.7945278861982493,0.2039753285704353,9000,prod_trans_move,False,True,-1,-9.0,-9.0,-1,-9.0,-9.0,-9.0,0.0,15320,8.110566242903854,-8.670185219599958,37.746002,6.0,89.495895,186.98543,0.0,0.0,96.42779,89.495895,0.0,0.0,6.9318924,0,0,True,No_Telecommute,M,True,work1,1,1,0,0,0,0,0,0,0,0,0,0,0,3057,1,0,1,50,9,1
1174,23.0,2.0,2,1,3,1,13,43.0,False,0,True,True,False,1380,1.5664136782443483,0.5263070540047556,62,sales_office,False,True,-1,-9.0,-9.0,-1,-9.0,-9.0,-9.0,0.0,16361,7.586167878842688,-7.94733936243767,21.232855,6.0,57.29131,112.48886,0.0,0.0,57.29131,56.82331,0.0,0.0,0.4679985,0,0,True,2_3_days_week,N,True,,0,0,0,12,1,0,0,0,1,0,0,0,0,3058,0,0,2,35,1,1
1175,23.0,2.0,2,1,3,1,13,43.0,False,0,True,True,False,1380,0.4910798881531057,0.6644927529918234,62,sales_office,False,True,-1,-9.0,-9.0,-1,-9.0,-9.0,-9.0,0.0,13596,9.684316459659176,-1.3371440253277258,10.777289,6.0,24.275745,50.675114,0.0,0.0,24.275745,24.275745,0.0,0.0,0.0,0,0,True,No_Telecommute,M,True,work1,1,1,0,12,1,0,0,0,1,0,0,0,0,3060,0,0,2,35,1,1
1176,25.0,1.0,1,1,3,1,13,55.0,False,0,True,False,True,1380,3.0866169101520797,0.8124789521390071,9000,military,False,True,24333,4.687346474726392,-8.431035441334398,-1,-9.0,-9.0,-9.0,0.0,24333,4.687346474726392,-8.431035441334398,16.919893,-9.0,33.53963,66.96462,0.0,0.0,0.0,0.0,0.0,0.0,0.0,0,0,True,No_Telecommute,N,True,,0,0,1,35,1,0,1,1,0,0,0,0,0,3061,1,0,1,50,1,1
1177,25.0,1.0,1,1,3,1,13,55.0,False,0,True,True,False,1380,2.846364991326808,0.5905877903343956,9000,military,False,True,-1,-9.0,-9.0,-1,-9.0,-9.0,-9.0,0.0,1380,10.596440895782887,-1.0496751966346425,5.3886447,6.0,9.334169,18.719086,0.0,0.0,9.334169,9.334169,0.0,0.0,0.0,0,0,False,No_Telecommute,M,True,work1,1,1,0,7,2,0,1,0,0,1,0,0,0,3063,1,0,1,50,1,1
1177,24.0,2.0,2,2,3,2,13,41.0,False,0,True,True,False,1380,1.244863819822538,2.297737118180326,45,sales_office,False,True,-1,-9.0,-9.0,-1,-9.0,-9.0,-9.0,0.0,8926,7.591463421659073,-1.90572232620173,12.499739,6.0,18.668339,37.276577,0.0,0.0,18.668339,18.668339,0.0,0.0,0.0,0,1,True,No_Telecommute,M,True,work1,1,1,0,0,0,0,0,0,0,0,0,0,0,3064,0,0,1,32,1,1
1178,39.0,1.0,1,1,3,1,13,11.0,False,0,True,True,False,1380,1.800814482006633,0.7824453206979721,9000,mngt_busi_scic_arts,False,True,-1,-9.0,-9.0,-1,-9.0,-9.0,-9.0,0.0,7951,8.343370022208218,-6.144635097515258,22.155869,6.0,55.842613,111.65303,0.0,0.0,55.842613,54.939365,0.0,0.0,0.90324783,0,0,False,No_Telecommute,N,True,,0,0,1,0,0,0,1,0,0,0,0,0,0,3065,1,0,1,48,6,1
1178,37.0,2.0,2,3,3,4,13,0.0,False,0,False,False,False,1380,1.626543261171122,0.6996669482156754,0,,False,False,-1,-9.0,-9.0,-1,-9.0,-9.0,-9.0,0.0,-1,-9.0,-9.0,-9.0,-9.0,-9.0,0.0,0.0,0.0,0.0,0.0,0.0,0.0,0.0,0,0,False,,N,True,,0,0,0,157,5,4,0,0,0,1,0,0,0,3066,0,0,0,0,6,1
1178,10.0,4.0,1,4,1,7,0,0.0,True,2,False,False,False,1380,0.9147563722097966,0.5235137498696539,0,,False,False,-1,-9.0,-9.0,20138,2.924765925289417,-5.3675845280156445,39.60258,118.63257,-1,-9.0,-9.0,-9.0,-9.0,-9.0,0.0,0.0,0.0,0.0,0.0,0.0,0.0,0.0,0,0,False,,M,True,school1,1,0,0,0,0,0,0,0,0,0,0,0,0,3068,0,2,0,0,6,1
1178,5.0,5.0,1,4,1,8,0,0.0,True,1,False,False,False,1380,1.1578740947409265,0.902065400693133,0,,False,False,-1,-9.0,-9.0,1380,7.861870717292179,1.250916477332163,5.3886447,17.219353,-1,-9.0,-9.0,-9.0,-9.0,-9.0,0.0,0.0,0.0,0.0,0.0,0.0,0.0,0.0,0,0,False,,M,True,school1,1,0,0,0,0,0,0,0,0,0,0,0,0,3069,0,2,0,0,6,1
1179,39.0,1.0,1,1,3,1,13,11.0,False,0,True,True,False,1380,0.5151355302991092,0.938150639051214,9000,mngt_busi_scic_arts,False,True,-1,-9.0,-9.0,-1,-9.0,-9.0,-9.0,0.0,23016,10.43124798206901,-3.815548216757152,29.316269,6.0,71.12846,148.78348,0.0,5.687,77.80906,71.12846,0.0,0.0,6.6805954,0,0,True,No_Telecommute,M,True,work1,1,1,0,0,1,1,0,0,0,0,0,0,0,3070,1,0,1,48,6,1
1179,18.0,3.0,1,3,3,4,9,99.0,False,0,False,False,False,1380,0.5492603601134675,0.8605362840599491,99,,False,False,-1,-9.0,-9.0,-1,-9.0,-9.0,-9.0,0.0,-1,-9.0,-9.0,-9.0,-9.0,-9.0,0.0,0.0,0.0,0.0,0.0,0.0,0.0,0.0,0,0,False,,N,True,,0,0,0,89,1,1,0,0,0,0,0,0,0,3072,0,0,0,0,6,1
1179,10.0,4.0,1,4,1,7,0,0.0,True,2,False,False,False,1380,0.3647392047366647,0.9972865851329978,0,,False,False,-1,-9.0,-9.0,16364,3.524718660245602,-2.584834241665644,20.570051,76.34593,-1,-9.0,-9.0,-9.0,-9.0,-9.0,0.0,0.0,0.0,0.0,0.0,0.0,0.0,0.0,0,0,False,,M,True,school1,1,0,0,0,0,0,0,0,0,0,0,0,0,3073,0,2,0,0,6,1
1179,5.0,5.0,1,4,1,8,0,0.0,True,1,False,False,False,1380,0.3821350831332259,0.3672032798880416,0,,False,False,-1,-9.0,-9.0,1380,8.82661060835641,2.6741557728919445,5.3886447,17.219353,-1,-9.0,-9.0,-9.0,-9.0,-9.0,0.0,0.0,0.0,0.0,0.0,0.0,0.0,0.0,0,0,False,,M,True,school1,1,0,0,0,0,0,0,0,0,0,0,0,0,3074,0,2,0,0,6,1
1180,39.0,1.0,1,1,3,1,13,11.0,False,0,True,True,False,1380,0.4900151466213424,0.4934269852423601,9000,mngt_busi_scic_arts,False,True,-1,-9.0,-9.0,-1,-9.0,-9.0,-9.0,0.0,13608,10.782896279094675,-6.09560311994248,53.537262,3.0,110.6307,229.6141,0.0,0.0,117.562614,109.52148,0.0,0.0,8.041138,0,0,True,No_Telecommute,M,True,work1,1,1,0,0,0,0,0,0,0,0,0,0,0,3075,1,0,1,48,6,1
1180,10.0,4.0,1,4,1,7,0,0.0,True,2,False,False,False,1380,0.3772983789412825,0.6479870473576325,0,,False,False,-1,-9.0,-9.0,9910,3.6176322088202624,2.0415585235693583,5.3886447,17.219353,-1,-9.0,-9.0,-9.0,-9.0,-9.0,0.0,0.0,0.0,0.0,0.0,0.0,0.0,0.0,0,0,False,,M,True,school1,1,0,0,0,0,0,0,0,0,0,0,0,0,3078,0,2,0,0,6,1
1180,5.0,5.0,1,4,1,8,0,0.0,True,1,False,False,False,1380,3.094872548647103,0.7218073946249308,0,,False,False,-1,-9.0,-9.0,1380,6.867977569330649,-1.5378501008007244,5.3886447,17.219353,-1,-9.0,-9.0,-9.0,-9.0,-9.0,0.0,0.0,0.0,0.0,0.0,0.0,0.0,0.0,0,0,False,,M,True,school2,2,0,0,0,0,0,0,0,0,0,0,0,0,3079,0,2,0,0,6,1
1181,39.0,1.0,1,1,3,1,13,11.0,False,0,True,True,False,1380,0.3948401594017263,0.7909428241815527,9000,mngt_busi_scic_arts,False,True,-1,-9.0,-9.0,-1,-9.0,-9.0,-9.0,0.0,13596,10.914931572896029,-0.9569165468589192,10.777289,6.0,24.275745,50.675114,0.0,0.0,24.275745,24.275745,0.0,0.0,0.0,0,0,True,No_Telecommute,N,True,,0,0,1,0,2,2,1,0,0,0,0,0,0,3080,1,0,1,48,6,1
1181,10.0,4.0,1,4,1,7,0,0.0,True,2,False,False,False,1380,0.8375257999828382,1.373344668615603,0,,False,False,-1,-9.0,-9.0,9910,3.946716437616845,0.5224434807505125,5.3886447,17.219353,-1,-9.0,-9.0,-9.0,-9.0,-9.0,0.0,0.0,0.0,0.0,0.0,0.0,0.0,0.0,0,0,False,,M,True,school1,1,0,0,0,0,0,0,0,0,0,0,0,0,3083,0,2,0,0,6,1
1182,39.0,1.0,1,1,3,1,13,11.0,False,0,True,True,False,1380,1.3386299525525474,1.2866783980460776,9000,mngt_busi_scic_arts,False,True,-1,-9.0,-9.0,-1,-9.0,-9.0,-9.0,0.0,13596,9.79766148889892,-2.2152130458858066,10.777289,6.0,24.275745,50.675114,0.0,0.0,24.275745,24.275745,0.0,0.0,0.0,0,0,True,1_day_week,M,True,work1,1,1,0,0,0,0,0,0,0,0,0,0,0,3085,1,0,1,48,6,1
1182,10.0,4.0,1,4,1,7,0,0.0,True,2,False,False,False,1380,1.2186681833008746,1.6574891240334424,0,,False,False,-1,-9.0,-9.0,5878,3.656723959420924,-0.7733101100486848,10.777289,33.78858,-1,-9.0,-9.0,-9.0,-9.0,-9.0,0.0,0.0,0.0,0.0,0.0,0.0,0.0,0.0,0,0,False,,M,True,school1,1,0,0,0,0,0,0,0,0,0,0,0,0,3088,0,2,0,0,6,1
1183,39.0,1.0,1,1,3,1,13,11.0,False,0,True,False,True,1380,0.2921153283105857,0.7073505924521383,9000,mngt_busi_scic_arts,False,True,24333,5.343418752740461,-1.3704043974143705,-1,-9.0,-9.0,-9.0,0.0,24333,5.343418752740461,-1.3704043974143705,16.919893,-9.0,33.53963,66.96462,0.0,0.0,0.0,0.0,0.0,0.0,0.0,0,0,True,No_Telecommute,M,True,work2,2,2,0,0,0,0,0,0,0,0,0,0,0,3090,1,0,1,48,6,1
1183,37.0,2.0,2,3,3,4,13,0.0,False,0,False,False,False,1380,0.4673719640960643,0.8222546397867367,0,,False,False,-1,-9.0,-9.0,-1,-9.0,-9.0,-9.0,0.0,-1,-9.0,-9.0,-9.0,-9.0,-9.0,0.0,0.0,0.0,0.0,0.0,0.0,0.0,0.0,0,0,False,,N,True,,0,0,0,41,6,4,1,1,0,0,0,0,0,3091,0,0,0,0,6,1
1183,10.0,4.0,1,4,1,7,0,0.0,True,2,False,False,False,1380,1.2825556573371264,0.9479384861146182,0,,False,False,-1,-9.0,-9.0,5702,2.528462339225136,-1.3805946229667867,13.2582855,59.740135,-1,-9.0,-9.0,-9.0,-9.0,-9.0,0.0,0.0,0.0,0.0,0.0,0.0,0.0,0.0,0,0,False,,M,True,school1,1,0,0,0,0,0,0,0,0,0,0,0,0,3093,0,2,0,0,6,1
1183,5.0,5.0,1,4,1,8,0,0.0,True,1,False,False,False,1380,2.142781163993796,1.082248650235285,0,,False,False,-1,-9.0,-9.0,1380,7.654457284493762,0.1110963694519449,5.3886447,17.219353,-1,-9.0,-9.0,-9.0,-9.0,-9.0,0.0,0.0,0.0,0.0,0.0,0.0,0.0,0.0,0,0,False,,M,True,school1,1,0,0,0,0,0,0,0,0,0,0,0,0,3094,0,2,0,0,6,1
1184,39.0,1.0,1,1,3,1,13,11.0,False,0,True,True,False,1380,0.9166830838270724,1.3925215206275652,9000,mngt_busi_scic_arts,False,True,-1,-9.0,-9.0,-1,-9.0,-9.0,-9.0,0.0,16378,9.711581762489631,-3.640997425539243,17.729624,6.0,50.34978,100.21855,0.0,0.0,50.34978,50.34978,0.0,0.0,0.0,0,0,True,No_Telecommute,M,True,work1,1,1,0,0,0,0,0,0,0,0,0,0,0,3095,1,0,1,48,6,1
1184,10.0,4.0,1,4,1,7,0,0.0,True,2,False,False,False,1380,1.0882388362358817,0.6698800688577671,0,,False,False,-1,-9.0,-9.0,13595,3.687951240789935,-0.6688612764498673,10.777289,33.78858,-1,-9.0,-9.0,-9.0,-9.0,-9.0,0.0,0.0,0.0,0.0,0.0,0.0,0.0,0.0,0,0,False,,M,True,school1,1,0,0,0,0,0,0,0,0,0,0,0,0,3098,0,2,0,0,6,1
1185,39.0,1.0,1,1,3,1,13,11.0,False,0,True,True,False,1380,0.3297437780806355,0.7551699658177341,9000,mngt_busi_scic_arts,False,True,-1,-9.0,-9.0,-1,-9.0,-9.0,-9.0,0.0,12382,10.84488915702346,-3.867719296672489,41.890297,3.0,93.323166,194.37437,0.0,0.0,100.25507,93.323166,0.0,0.0,6.9319077,0,0,True,No_Telecommute,N,True,,0,0,1,0,2,2,1,0,0,0,0,0,0,3100,1,0,1,48,6,1
1185,37.0,2.0,2,3,3,4,13,0.0,False,0,False,False,False,1380,1.062286263789973,0.8762006186767731,0,,False,False,-1,-9.0,-9.0,-1,-9.0,-9.0,-9.0,0.0,-1,-9.0,-9.0,-9.0,-9.0,-9.0,0.0,0.0,0.0,0.0,0.0,0.0,0.0,0.0,0,0,False,,N,True,,0,0,1,35,1,0,0,1,0,0,0,0,0,3101,0,0,0,0,6,1
1185,10.0,4.0,1,4,1,7,0,0.0,True,2,False,False,False,1380,0.3987063246668469,0.6027766013518994,0,,False,False,-1,-9.0,-9.0,5878,3.5822969627362644,-1.9258082778273533,10.777289,33.78858,-1,-9.0,-9.0,-9.0,-9.0,-9.0,0.0,0.0,0.0,0.0,0.0,0.0,0.0,0.0,0,0,False,,M,True,school1,1,0,0,0,0,0,0,0,0,0,0,0,0,3103,0,2,0,0,6,1
1186,39.0,1.0,1,1,3,1,13,11.0,False,0,True,True,False,1380,0.7166019190840995,1.1182040083887514,9000,mngt_busi_scic_arts,False,True,-1,-9.0,-9.0,-1,-9.0,-9.0,-9.0,0.0,18867,9.881663845741462,-5.069300863322212,32.088123,6.0,82.65096,162.97781,0.0,0.0,82.65096,77.305374,0.0,0.0,5.3455887,0,0,True,4_days_week,N,True,,0,0,0,12,4,3,0,0,1,0,0,0,0,3105,1,0,1,48,6,1
1186,10.0,4.0,1,4,1,7,0,0.0,True,2,False,False,False,1380,0.7764929482232003,2.003384484981077,0,,False,False,-1,-9.0,-9.0,13595,3.466523224425342,-2.228342267930608,10.777289,33.78858,-1,-9.0,-9.0,-9.0,-9.0,-9.0,0.0,0.0,0.0,0.0,0.0,0.0,0.0,0.0,0,0,False,,M,True,school1,1,0,0,0,0,0,0,0,0,0,0,0,0,3108,0,2,0,0,6,1
1186,5.0,5.0,1,4,1,8,0,0.0,True,1,False,False,False,1380,0.976112456052946,0.3711085930628487,0,,False,False,-1,-9.0,-9.0,1380,8.28979155565256,1.579536616836338,5.3886447,17.219353,-1,-9.0,-9.0,-9.0,-9.0,-9.0,0.0,0.0,0.0,0.0,0.0,0.0,0.0,0.0,0,0,False,,M,True,school1,1,0,0,0,0,0,0,0,0,0,0,0,0,3109,0,2,0,0,6,1
1187,39.0,1.0,1,1,3,1,13,11.0,False,0,True,True,False,1380,0.9759123008014378,2.220461464397151,9000,mngt_busi_scic_arts,False,True,-1,-9.0,-9.0,-1,-9.0,-9.0,-9.0,0.0,18352,9.912452187126984,-4.61296484962381,20.967731,7.0,62.57551,122.69385,0.0,0.0,62.57551,62.57551,0.0,0.0,0.0,0,0,False,No_Telecommute,N,True,,0,0,1,2,6,4,1,0,0,2,0,0,1,3110,1,0,1,48,6,1
1187,37.0,2.0,2,3,3,4,13,0.0,False,0,False,False,False,1380,0.3468432146205081,1.1660151369579608,0,,False,False,-1,-9.0,-9.0,-1,-9.0,-9.0,-9.0,0.0,-1,-9.0,-9.0,-9.0,-9.0,-9.0,0.0,0.0,0.0,0.0,0.0,0.0,0.0,0.0,0,0,False,,N,True,,0,0,1,180,4,2,0,1,0,1,0,0,0,3111,0,0,0,0,6,1
1187,10.0,4.0,1,4,1,7,0,0.0,True,2,False,False,False,1380,2.895888094948132,1.7007615189176208,0,,False,False,-1,-9.0,-9.0,9910,1.988050668086166,-1.968516624441999,5.3886447,17.219353,-1,-9.0,-9.0,-9.0,-9.0,-9.0,0.0,0.0,0.0,0.0,0.0,0.0,0.0,0.0,0,0,False,,M,True,school1,1,0,0,0,0,0,0,0,0,0,0,0,0,3113,0,2,0,0,6,1
1187,5.0,5.0,1,4,1,8,0,0.0,True,1,False,False,False,1380,0.9505531916666504,0.3612828723688843,0,,False,False,-1,-9.0,-9.0,1380,8.413980331967513,1.6260595055210283,5.3886447,17.219353,-1,-9.0,-9.0,-9.0,-9.0,-9.0,0.0,0.0,0.0,0.0,0.0,0.0,0.0,0.0,0,0,False,,M,True,school2,2,0,0,0,0,0,0,0,0,0,0,0,0,3114,0,2,0,0,6,1
1188,19.0,2.0,1,1,3,1,9,29.0,False,0,True,True,False,1380,0.571989900684427,1.0857571555200571,54,health,False,True,-1,-9.0,-9.0,-1,-9.0,-9.0,-9.0,0.0,19414,10.183404543901938,-4.946979628810069,36.354717,7.0,88.2687,172.9792,0.0,0.0,88.2687,77.72613,0.0,0.0,10.542572,0,0,True,No_Telecommute,M,True,work1,1,1,0,0,0,0,0,0,0,0,0,0,0,3116,0,0,1,35,1,1
1189,21.0,1.0,2,1,3,1,9,55.0,False,0,True,True,False,1380,0.990927214781413,1.3566352470530456,9000,military,False,True,-1,-9.0,-9.0,-1,-9.0,-9.0,-9.0,0.0,5878,10.949005532740708,-1.866643664807218,10.777289,6.0,24.275745,50.675114,0.0,0.0,24.275745,24.275745,0.0,0.0,0.0,0,0,True,4_days_week,N,True,,0,0,0,89,1,1,0,0,0,0,0,0,0,3117,1,0,1,65,1,1
1189,19.0,2.0,1,1,3,1,9,29.0,False,0,True,True,False,1380,1.209148520974958,0.672326724996217,54,health,False,True,-1,-9.0,-9.0,-1,-9.0,-9.0,-9.0,0.0,5878,8.265221161503668,-2.1892889730020384,10.777289,6.0,24.275745,50.675114,0.0,0.0,24.275745,24.275745,0.0,0.0,0.0,0,0,False,2_3_days_week,M,True,work1,1,1,0,6,1,0,1,0,0,0,0,0,0,3118,0,0,1,35,1,1
1190,31.0,1.0,1,3,3,4,13,49.0,False,0,False,False,False,1380,1.3816224672349613,0.8769486105707135,81,constr_maint,False,False,-1,-9.0,-9.0,-1,-9.0,-9.0,-9.0,0.0,-1,-9.0,-9.0,-9.0,-9.0,-9.0,0.0,0.0,0.0,0.0,0.0,0.0,0.0,0.0,0,0,False,,N,True,,0,0,0,12,1,0,0,0,1,0,0,0,0,3119,0,0,0,0,1,2
1191,30.0,1.0,2,1,3,1,13,11.0,False,0,True,True,False,1380,1.2567022939029702,0.8525827896869921,52,mngt_busi_scic_arts,False,True,-1,-9.0,-9.0,-1,-9.0,-9.0,-9.0,0.0,19753,8.346814108445411,-7.9274077203998035,35.1954,7.0,84.74317,164.10553,0.0,0.0,84.74317,74.51106,0.0,0.0,10.232109,0,0,False,No_Telecommute,M,True,work1,1,1,0,0,0,0,0,0,0,0,0,0,0,3120,0,0,1,40,1,1
1191,33.0,2.0,1,1,3,1,13,39.0,False,0,True,True,False,1380,1.2989346932891366,0.2722689353340464,81,services,False,True,-1,-9.0,-9.0,-1,-9.0,-9.0,-9.0,0.0,16706,9.278957655994931,-5.33650042118859,22.500387,7.0,56.362328,111.107315,0.0,0.0,56.362328,56.362328,0.0,0.0,0.0,0,0,False,No_Telecommute,M,True,work1,1,1,0,0,2,2,0,0,0,0,0,0,0,3121,0,6,1,40,1,2
1191,5.0,3.0,1,4,1,8,0,0.0,True,1,False,False,False,1380,1.1832872521967326,0.4360641155749056,0,,False,False,-1,-9.0,-9.0,1380,8.077043226963415,1.205271452225978,5.3886447,17.219353,-1,-9.0,-9.0,-9.0,-9.0,-9.0,0.0,0.0,0.0,0.0,0.0,0.0,0.0,0.0,0,0,False,,M,True,school2,2,0,0,0,0,0,0,0,0,0,0,0,0,3122,0,0,0,0,1,2
1191,3.0,4.0,2,4,1,8,0,0.0,True,1,False,False,False,1380,1.0679233395702803,0.5104886881878058,0,,False,False,-1,-9.0,-9.0,8979,8.17611028393139,-0.3524829026880148,5.3886447,17.219353,-1,-9.0,-9.0,-9.0,-9.0,-9.0,0.0,0.0,0.0,0.0,0.0,0.0,0.0,0.0,0,0,False,,M,True,school1,1,0,0,0,0,0,0,0,0,0,0,0,0,3123,0,0,0,0,1,2
1192,28.0,1.0,2,1,3,1,13,43.0,False,0,True,True,False,1380,1.8659709876479889,0.5647873202094232,54,sales_office,False,True,-1,-9.0,-9.0,-1,-9.0,-9.0,-9.0,0.0,18822,7.902067269596813,-8.484201595812912,26.857744,6.0,69.47648,137.56125,0.0,0.0,69.47648,62.185932,0.0,0.0,7.2905464,0,0,True,1_day_week,M,True,work1,1,1,0,0,0,0,0,0,0,0,0,0,0,3124,0,0,1,35,1,1
1192,26.0,2.0,1,1,3,1,13,15.0,False,0,True,True,False,1380,0.5139477545586417,0.942671230776085,56,mngt_busi_scic_arts,False,True,-1,-9.0,-9.0,-1,-9.0,-9.0,-9.0,0.0,23066,10.628255643152452,-3.7431600712360185,30.011715,6.0,70.9277,150.59535,0.0,5.708,77.85961,70.9277,0.0,0.0,6.9319153,0,0,False,No_Telecommute,M,True,work1,1,1,0,0,0,0,0,0,0,0,0,0,0,3125,0,6,1,40,1,1
1192,4.0,3.0,1,4,1,8,0,0.0,True,1,False,False,False,1380,1.4438896421488117,0.7145219749040262,0,,False,False,-1,-9.0,-9.0,1380,7.601687290582536,0.7448524460006647,5.3886447,17.219353,-1,-9.0,-9.0,-9.0,-9.0,-9.0,0.0,0.0,0.0,0.0,0.0,0.0,0.0,0.0,0,0,False,,M,True,school1,1,0,0,0,0,0,0,0,0,0,0,0,0,3126,0,0,0,0,1,1
1192,3.0,4.0,2,4,1,8,0,0.0,True,1,False,False,False,1380,0.365832098722464,0.3961736553561802,0,,False,False,-1,-9.0,-9.0,1380,8.576098311339305,2.7100829073238946,5.3886447,17.219353,-1,-9.0,-9.0,-9.0,-9.0,-9.0,0.0,0.0,0.0,0.0,0.0,0.0,0.0,0.0,0,0,False,,M,True,school1,1,0,0,0,0,0,0,0,0,0,0,0,0,3127,0,0,0,0,1,1
1193,28.0,1.0,2,1,3,1,13,43.0,False,0,True,True,False,1380,0.8457627787071348,0.4945885272038178,54,sales_office,False,True,-1,-9.0,-9.0,-1,-9.0,-9.0,-9.0,0.0,24011,9.642574342684762,-3.5990032038147546,21.223362,6.0,56.59099,113.00528,0.0,0.0,56.59099,56.59099,0.0,0.0,0.0,0,1,True,No_Telecommute,N,True,,0,0,0,96,5,3,1,0,0,1,0,0,0,3128,0,0,1,35,1,1
1193,26.0,2.0,1,1,3,1,13,15.0,False,0,True,True,False,1380,1.1233493997648567,1.912296048386748,56,mngt_busi_scic_arts,False,True,-1,-9.0,-9.0,-1,-9.0,-9.0,-9.0,0.0,1380,9.83721927186224,-0.405573281750327,5.3886447,6.0,9.334169,18.719086,0.0,0.0,9.334169,9.334169,0.0,0.0,0.0,0,0,True,No_Telecommute,M,True,work1,1,1,1,0,1,1,0,1,0,0,0,0,0,3129,0,6,1,40,1,1
1193,4.0,3.0,1,4,1,8,0,0.0,True,1,False,False,False,1380,1.0980599707559382,1.2280972129508276,0,,False,False,-1,-9.0,-9.0,1380,8.269396766161274,1.3590617569203458,5.3886447,17.219353,-1,-9.0,-9.0,-9.0,-9.0,-9.0,0.0,0.0,0.0,0.0,0.0,0.0,0.0,0.0,0,0,False,,M,True,school2,2,0,0,0,0,0,0,0,0,0,0,0,0,3130,0,0,0,0,1,1
1193,3.0,4.0,2,4,1,8,0,0.0,True,1,False,False,False,1380,0.5590062878077856,1.0599404862910002,0,,False,False,-1,-9.0,-9.0,1380,8.782976176317876,2.353554708228268,5.3886447,17.219353,-1,-9.0,-9.0,-9.0,-9.0,-9.0,0.0,0.0,0.0,0.0,0.0,0.0,0.0,0.0,0,0,False,,M,True,school1,1,0,1,0,0,0,0,0,0,0,0,0,0,3131,0,0,0,0,1,1
1194,58.0,1.0,2,3,3,4,13,0.0,False,0,False,False,False,1380,0.3920677945392296,0.9082096821160964,0,,False,False,-1,-9.0,-9.0,-1,-9.0,-9.0,-9.0,0.0,-1,-9.0,-9.0,-9.0,-9.0,-9.0,0.0,0.0,0.0,0.0,0.0,0.0,0.0,0.0,0,0,False,,N,True,,0,0,0,6,1,0,1,0,0,0,0,0,0,3132,0,0,0,0,1,1
1195,34.0,1.0,1,1,3,1,13,33.0,False,0,True,True,False,1380,0.8490569612436286,0.9855497940125046,92,services,False,True,-1,-9.0,-9.0,-1,-9.0,-9.0,-9.0,0.0,13596,10.25031049094604,-1.4403534613835072,10.777289,6.0,24.275745,50.675114,0.0,0.0,24.275745,24.275745,0.0,0.0,0.0,0,0,True,No_Telecommute,N,True,,0,0,0,47,4,2,0,1,1,0,0,1,0,3133,0,0,1,50,1,1
1195,30.0,2.0,2,3,2,3,13,23.0,True,4,False,False,False,1380,0.7906511717787379,1.6111151645484303,54,mngt_busi_scic_arts,False,False,-1,-9.0,-9.0,23114,3.124319531762382,-3.071969877443768,22.80189,81.47257,-1,-9.0,-9.0,-9.0,-9.0,-9.0,0.0,0.0,0.0,0.0,0.0,0.0,0.0,0.0,0,0,False,,M,True,school1,1,0,0,0,0,0,0,0,0,0,0,0,0,3134,0,6,5,10,1,1
1195,8.0,4.0,1,4,1,7,0,0.0,True,2,False,False,False,1380,1.1181183625775586,0.6432709733668475,0,,False,False,-1,-9.0,-9.0,9910,3.171924269149837,-0.3582563847618631,5.3886447,17.219353,-1,-9.0,-9.0,-9.0,-9.0,-9.0,0.0,0.0,0.0,0.0,0.0,0.0,0.0,0.0,0,0,False,,M,True,school1,1,0,0,0,0,0,0,0,0,0,0,0,0,3136,0,2,0,0,9,1
1196,34.0,1.0,1,1,3,1,13,33.0,False,0,True,True,False,1380,1.0639719964822318,0.4639173415507956,92,services,False,True,-1,-9.0,-9.0,-1,-9.0,-9.0,-9.0,0.0,20693,9.741265954194931,-7.172804379075207,36.981476,7.0,83.50919,163.0234,0.0,0.0,83.50919,83.50919,0.0,0.0,0.0,0,0,False,No_Telecommute,N,True,,0,0,1,101,4,3,0,1,1,0,0,1,0,3137,0,0,1,50,1,1
1196,1.0,3.0,2,4,1,8,0,0.0,True,1,False,False,False,1380,0.5974686207028994,0.7483135033395505,0,,False,False,-1,-9.0,-9.0,1380,8.7672301241834,2.283021753697509,5.3886447,17.219353,-1,-9.0,-9.0,-9.0,-9.0,-9.0,0.0,0.0,0.0,0.0,0.0,0.0,0.0,0.0,0,0,False,,M,True,school2,2,0,1,0,0,0,0,0,0,0,0,0,0,3139,0,0,0,0,1,1
1196,8.0,4.0,1,4,1,7,0,0.0,True,2,False,False,False,1380,0.7724474804870921,0.984948714422518,0,,False,False,-1,-9.0,-9.0,11867,3.335223332353864,-5.105598926139733,45.987873,123.5398,-1,-9.0,-9.0,-9.0,-9.0,-9.0,0.0,0.0,0.0,0.0,0.0,0.0,0.0,0.0,0,0,False,,M,True,school1,1,0,0,0,0,0,0,0,0,0,0,0,0,3140,0,2,0,0,9,1
1197,34.0,1.0,1,1,3,1,13,33.0,False,0,True,True,False,1380,0.4673184533488401,1.2853954660256404,92,services,False,True,-1,-9.0,-9.0,-1,-9.0,-9.0,-9.0,0.0,6333,10.493402204259356,-5.594598464401188,52.4979,3.0,109.65896,228.35,0.0,2.237,116.59087,109.65896,0.0,0.0,6.9319153,0,0,True,No_Telecommute,M,True,work1,1,1,0,0,0,0,0,0,0,0,0,0,0,3141,0,0,1,50,1,1
1197,30.0,2.0,2,3,2,3,13,23.0,True,4,False,False,False,1380,1.470347940754979,0.7803123121677176,54,mngt_busi_scic_arts,False,False,-1,-9.0,-9.0,5313,2.4814788742910405,-4.247247274254218,21.061857,66.21888,-1,-9.0,-9.0,-9.0,-9.0,-9.0,0.0,0.0,0.0,0.0,0.0,0.0,0.0,0.0,0,0,False,,N,True,,0,0,0,0,2,2,0,0,0,0,0,0,0,3142,0,6,5,10,1,1
1197,8.0,4.0,1,4,1,7,0,0.0,True,2,False,False,False,1380,0.962053592566702,0.5173287756322337,0,,False,False,-1,-9.0,-9.0,16301,3.254423829657997,-3.5464227960956816,18.277319,67.563965,-1,-9.0,-9.0,-9.0,-9.0,-9.0,0.0,0.0,0.0,0.0,0.0,0.0,0.0,0.0,0,0,False,,M,True,school1,1,0,0,0,0,0,0,0,0,0,0,0,0,3144,0,2,0,0,9,1
1198,34.0,1.0,1,1,3,1,13,33.0,False,0,True,True,False,1380,1.290848626745067,0.7655891074232731,92,services,False,True,-1,-9.0,-9.0,-1,-9.0,-9.0,-9.0,0.0,12787,9.601103609148256,-9.853789953040394,43.18345,3.0,96.033295,199.07457,0.0,0.0,102.9652,96.033295,0.0,0.0,6.9319077,0,0,True,No_Telecommute,M,True,work1,1,1,0,0,0,0,0,0,0,0,0,0,0,3145,0,0,1,50,1,1
1198,30.0,2.0,2,3,2,3,13,23.0,True,4,False,False,False,1380,1.0777494470921785,0.8917819274433745,54,mngt_busi_scic_arts,False,False,-1,-9.0,-9.0,12534,2.833996128572221,-3.2428439241476434,21.470852,67.47421,-1,-9.0,-9.0,-9.0,-9.0,-9.0,0.0,0.0,0.0,0.0,0.0,0.0,0.0,0.0,0,0,False,,N,True,,0,0,0,0,3,3,0,0,0,0,0,0,0,3146,0,6,5,10,1,1
1198,1.0,3.0,2,4,1,8,0,0.0,True,1,False,False,False,1380,0.4748702909178774,0.7813850548109463,0,,False,False,-1,-9.0,-9.0,1380,8.695808086128082,2.508651357975063,5.3886447,17.219353,-1,-9.0,-9.0,-9.0,-9.0,-9.0,0.0,0.0,0.0,0.0,0.0,0.0,0.0,0.0,0,0,False,,M,True,school1,1,0,0,0,0,0,0,0,0,0,0,0,0,3147,0,0,0,0,1,1
1198,8.0,4.0,1,4,1,7,0,0.0,True,2,False,False,False,1380,2.109154493396784,0.7989074956161543,0,,False,False,-1,-9.0,-9.0,17156,2.3651335386516834,-7.071993064561454,28.928244,97.94464,-1,-9.0,-9.0,-9.0,-9.0,-9.0,0.0,0.0,0.0,0.0,0.0,0.0,0.0,0.0,0,0,False,,M,True,school1,1,0,0,0,0,0,0,0,0,0,0,0,0,3148,0,2,0,0,9,1
1199,34.0,1.0,1,1,3,1,13,33.0,False,0,True,True,False,1380,0.5251883652959318,0.7656212482089935,92,services,False,True,-1,-9.0,-9.0,-1,-9.0,-9.0,-9.0,0.0,24214,10.837985626915286,-4.314894024616967,42.597706,7.0,91.29749,177.84587,0.0,0.0,91.29749,89.94738,0.0,0.0,1.3501129,0,0,True,No_Telecommute,M,True,work1,1,1,0,0,0,0,0,0,0,0,0,0,0,3149,0,0,1,50,1,1
1199,30.0,2.0,2,3,2,3,13,23.0,True,4,False,False,False,1380,0.5283414866250987,0.3061074088446989,54,mngt_busi_scic_arts,False,False,-1,-9.0,-9.0,23114,3.3266390484063977,-2.057733575888301,22.80189,81.47257,-1,-9.0,-9.0,-9.0,-9.0,-9.0,0.0,0.0,0.0,0.0,0.0,0.0,0.0,0.0,0,0,False,,M,True,school1,1,0,0,0,0,0,0,0,0,0,0,0,0,3150,0,6,5,10,1,1
1199,1.0,3.0,2,4,1,8,0,0.0,True,1,False,False,False,1380,0.4881706583323634,0.4253671070903894,0,,False,False,-1,-9.0,-9.0,5878,8.499815683003716,-1.6418930204045636,10.777289,33.78858,-1,-9.0,-9.0,-9.0,-9.0,-9.0,0.0,0.0,0.0,0.0,0.0,0.0,0.0,0.0,0,0,False,,M,True,school1,1,0,0,0,0,0,0,0,0,0,0,0,0,3151,0,0,0,0,1,1
1199,8.0,4.0,1,4,1,7,0,0.0,True,2,False,False,False,1380,2.1756068624998046,1.3076488943147724,0,,False,False,-1,-9.0,-9.0,20071,2.270455853850049,-7.797114684533032,35.53146,106.99516,-1,-9.0,-9.0,-9.0,-9.0,-9.0,0.0,0.0,0.0,0.0,0.0,0.0,0.0,0.0,0,0,False,,M,True,school1,1,0,0,0,0,0,0,0,0,0,0,0,0,3152,0,2,0,0,9,1
1200,34.0,1.0,1,1,3,1,13,33.0,False,0,True,True,False,1380,1.6547477960155073,0.6864448030629411,92,services,False,True,-1,-9.0,-9.0,-1,-9.0,-9.0,-9.0,0.0,7211,9.015033908018944,-5.953400127530756,21.247818,6.0,55.782276,118.575386,0.0,3.683,60.95376,55.74586,0.0,0.0,5.207897,0,0,False,1_day_week,M,True,work1,1,1,0,0,0,0,0,0,0,0,0,0,0,3153,0,0,1,50,1,1
1200,30.0,2.0,2,3,2,3,13,23.0,True,4,False,False,False,1380,1.6549997903529297,0.6718066718106845,54,mngt_busi_scic_arts,False,False,-1,-9.0,-9.0,5313,2.2877486432095764,-4.786953721919173,21.061857,66.21888,-1,-9.0,-9.0,-9.0,-9.0,-9.0,0.0,0.0,0.0,0.0,0.0,0.0,0.0,0.0,0,0,False,,N,True,,0,0,0,12,4,3,0,0,1,0,0,0,0,3154,0,6,5,10,1,1
1200,1.0,3.0,2,4,1,8,0,0.0,True,1,False,False,False,1380,3.420206100883791,0.7409081361853354,0,,False,False,-1,-9.0,-9.0,1380,6.826087114910462,-1.4683919777566563,5.3886447,17.219353,-1,-9.0,-9.0,-9.0,-9.0,-9.0,0.0,0.0,0.0,0.0,0.0,0.0,0.0,0.0,0,0,False,,M,True,school2,2,0,0,0,0,0,0,0,0,0,0,0,0,3155,0,0,0,0,1,1
1200,8.0,4.0,1,4,1,7,0,0.0,True,2,False,False,False,1380,1.286619720227227,1.2236947638450333,0,,False,False,-1,-9.0,-9.0,5878,2.576949928221975,-2.607457728195848,10.777289,33.78858,-1,-9.0,-9.0,-9.0,-9.0,-9.0,0.0,0.0,0.0,0.0,0.0,0.0,0.0,0.0,0,0,False,,M,True,school1,1,0,0,0,0,0,0,0,0,0,0,0,0,3156,0,2,0,0,9,1
1201,34.0,1.0,1,1,3,1,13,33.0,False,0,True,True,False,1380,1.3610668726165145,0.9969564619277652,92,services,False,True,-1,-9.0,-9.0,-1,-9.0,-9.0,-9.0,0.0,13596,9.003741029367045,-2.1229852762937886,10.777289,6.0,24.275745,50.675114,0.0,0.0,24.275745,24.275745,0.0,0.0,0.0,0,1,False,No_Telecommute,N,True,,0,0,1,0,0,0,1,0,0,0,0,0,0,3157,0,0,1,50,1,1
1201,30.0,2.0,2,3,2,3,13,23.0,True,4,False,False,False,1380,0.8237432545065924,0.1465953748552963,54,mngt_busi_scic_arts,False,False,-1,-9.0,-9.0,23114,3.073443033293393,-3.199892698559754,22.80189,81.47257,-1,-9.0,-9.0,-9.0,-9.0,-9.0,0.0,0.0,0.0,0.0,0.0,0.0,0.0,0.0,0,0,False,,N,True,,0,0,0,104,3,1,0,0,1,0,1,0,0,3158,0,6,5,10,1,1
1202,34.0,1.0,1,1,3,1,13,33.0,False,0,True,True,False,1380,1.646504776887722,0.8035451199583494,92,services,False,True,-1,-9.0,-9.0,-1,-9.0,-9.0,-9.0,0.0,16270,7.9438349820684815,-6.439421164264436,19.63294,6.0,55.82117,109.51053,0.0,0.0,55.82117,55.82117,0.0,0.0,0.0,0,0,False,No_Telecommute,N,True,,0,0,1,13,3,1,0,0,1,1,1,0,1,3161,0,0,1,50,1,1
1202,1.0,3.0,2,4,1,8,0,0.0,True,1,False,False,False,1380,1.173943770286761,1.6765286706845577,0,,False,False,-1,-9.0,-9.0,1380,8.15928521408071,1.2435680990301363,5.3886447,17.219353,-1,-9.0,-9.0,-9.0,-9.0,-9.0,0.0,0.0,0.0,0.0,0.0,0.0,0.0,0.0,0,0,False,,M,True,school1,1,0,1,0,0,0,0,0,0,0,0,0,0,3163,0,0,0,0,1,1
1203,34.0,1.0,1,1,3,1,13,33.0,False,0,True,True,False,1380,0.5558105415217842,0.7977357783371756,92,services,False,True,-1,-9.0,-9.0,-1,-9.0,-9.0,-9.0,0.0,23960,10.637531216513636,-3.5675047720376027,28.394863,6.0,68.33836,144.65692,0.0,0.0,75.270256,68.33836,0.0,0.0,6.9318924,0,0,True,2_3_days_week,N,True,,0,0,0,18,4,2,1,0,1,0,0,0,0,3165,0,0,1,50,1,1
1203,30.0,2.0,2,3,2,3,13,23.0,True,4,False,False,False,1380,1.2485575487241056,0.811837787542026,54,mngt_busi_scic_arts,False,False,-1,-9.0,-9.0,23114,2.6175246671248176,-4.8423523850086925,22.80189,81.47257,-1,-9.0,-9.0,-9.0,-9.0,-9.0,0.0,0.0,0.0,0.0,0.0,0.0,0.0,0.0,0,0,False,,N,True,,0,0,0,0,2,2,0,0,0,0,0,0,0,3166,0,6,5,10,1,1
1203,1.0,3.0,2,4,1,8,0,0.0,True,1,False,False,False,1380,1.5491816513293335,0.6231083645107364,0,,False,False,-1,-9.0,-9.0,1380,7.664104107725333,0.6001766540226892,5.3886447,17.219353,-1,-9.0,-9.0,-9.0,-9.0,-9.0,0.0,0.0,0.0,0.0,0.0,0.0,0.0,0.0,0,0,False,,M,True,school1,1,0,0,0,0,0,0,0,0,0,0,0,0,3167,0,0,0,0,1,1
1203,8.0,4.0,1,4,1,7,0,0.0,True,2,False,False,False,1380,0.4933100764018327,1.3285103200386028,0,,False,False,-1,-9.0,-9.0,16673,3.5881684554317204,-2.4190598385355555,15.95167,55.641323,-1,-9.0,-9.0,-9.0,-9.0,-9.0,0.0,0.0,0.0,0.0,0.0,0.0,0.0,0.0,0,0,False,,M,True,school1,1,0,0,0,0,0,0,0,0,0,0,0,0,3168,0,2,0,0,9,1
1204,34.0,1.0,1,1,3,1,13,33.0,False,0,True,True,False,1380,1.0019625399205117,0.7608499690549431,92,services,False,True,-1,-9.0,-9.0,-1,-9.0,-9.0,-9.0,0.0,23235,9.576048674438155,-4.72790419862903,24.555727,6.0,61.791473,122.747734,0.0,0.0,61.791473,60.509266,0.0,0.0,1.2822075,0,0,True,No_Telecommute,N,True,,0,0,0,31,7,1,1,0,4,1,0,3,0,3169,0,0,1,50,1,1
1204,30.0,2.0,2,3,2,3,13,23.0,True,4,False,False,False,1380,0.260390603232167,1.3725183872413451,54,mngt_busi_scic_arts,False,False,-1,-9.0,-9.0,19607,0.9021582955787292,-1.3879862901171427,33.099865,104.788086,-1,-9.0,-9.0,-9.0,-9.0,-9.0,0.0,0.0,0.0,0.0,0.0,0.0,0.0,0.0,0,0,False,,N,True,,0,0,0,89,2,2,0,0,0,0,0,0,0,3170,0,6,5,10,1,1
1204,1.0,3.0,2,4,1,8,0,0.0,True,1,False,False,False,1380,1.7180844685127366,1.3330895321433676,0,,False,False,-1,-9.0,-9.0,1380,7.613102907675754,0.3246022749694295,5.3886447,17.219353,-1,-9.0,-9.0,-9.0,-9.0,-9.0,0.0,0.0,0.0,0.0,0.0,0.0,0.0,0.0,0,0,False,,M,True,school1,1,0,0,0,0,0,0,0,0,0,0,0,0,3171,0,0,0,0,1,1
1204,8.0,4.0,1,4,1,7,0,0.0,True,2,False,False,False,1380,0.798140294158934,2.1262820206367548,0,,False,False,-1,-9.0,-9.0,5878,2.386844119730129,-2.2162784746806983,10.777289,33.78858,-1,-9.0,-9.0,-9.0,-9.0,-9.0,0.0,0.0,0.0,0.0,0.0,0.0,0.0,0.0,0,0,False,,M,True,school1,1,0,0,0,0,0,0,0,0,0,0,0,0,3172,0,2,0,0,9,1
1205,34.0,1.0,1,1,3,1,13,33.0,False,0,True,True,False,1380,0.6452474817310414,0.854539562794773,92,services,False,True,-1,-9.0,-9.0,-1,-9.0,-9.0,-9.0,0.0,1380,10.708659687238857,-0.2532035023567577,5.3886447,6.0,9.334169,18.719086,0.0,0.0,9.334169,9.334169,0.0,0.0,0.0,0,0,False,No_Telecommute,N,True,,0,0,0,35,3,2,0,1,0,0,0,0,0,3173,0,0,1,50,1,1
1205,30.0,2.0,2,3,2,3,13,23.0,True,4,False,False,False,1380,1.4954961314726858,0.4090739904764567,54,mngt_busi_scic_arts,False,False,-1,-9.0,-9.0,19607,2.413972321145353,-7.090408036974329,33.099865,104.788086,-1,-9.0,-9.0,-9.0,-9.0,-9.0,0.0,0.0,0.0,0.0,0.0,0.0,0.0,0.0,0,0,False,,N,True,,0,0,0,0,2,2,0,0,0,0,0,0,0,3174,0,6,5,10,1,1
1205,1.0,3.0,2,4,1,8,0,0.0,True,1,False,False,False,1380,2.856229199134845,0.5073291561894342,0,,False,False,-1,-9.0,-9.0,1380,6.857634082273623,-1.1282019589863646,5.3886447,17.219353,-1,-9.0,-9.0,-9.0,-9.0,-9.0,0.0,0.0,0.0,0.0,0.0,0.0,0.0,0.0,0,0,False,,M,True,school1,1,0,0,0,0,0,0,0,0,0,0,0,0,3175,0,0,0,0,1,1
1205,8.0,4.0,1,4,1,7,0,0.0,True,2,False,False,False,1380,0.6407521973217798,1.0529378504909048,0,,False,False,-1,-9.0,-9.0,18496,3.4566457970084548,-3.1547910347435453,20.410355,77.54411,-1,-9.0,-9.0,-9.0,-9.0,-9.0,0.0,0.0,0.0,0.0,0.0,0.0,0.0,0.0,0,0,False,,M,True,school1,1,0,0,0,0,0,0,0,0,0,0,0,0,3176,0,2,0,0,9,1
1206,34.0,1.0,1,1,3,1,13,33.0,False,0,True,True,False,1380,0.4246589645691722,0.7645209742190865,92,services,False,True,-1,-9.0,-9.0,-1,-9.0,-9.0,-9.0,0.0,23753,10.692994710511964,-0.2001089293414897,5.3886447,6.0,9.334169,18.719086,0.0,0.0,9.334169,9.334169,0.0,0.0,0.0,0,0,True,No_Telecommute,N,True,,0,0,0,35,1,0,0,1,0,0,0,0,0,3177,0,0,1,50,1,1
1206,30.0,2.0,2,3,2,3,13,23.0,True,4,False,False,False,1380,0.956376637977579,1.0476878938790593,54,mngt_busi_scic_arts,False,False,-1,-9.0,-9.0,19370,0.0711099610245454,-4.926472793629249,34.648834,99.11592,-1,-9.0,-9.0,-9.0,-9.0,-9.0,0.0,0.0,0.0,0.0,0.0,0.0,0.0,0.0,0,0,False,,N,True,,0,0,0,13,2,0,0,0,1,1,0,0,0,3178,0,6,5,10,1,1
1207,34.0,1.0,1,1,3,1,13,33.0,False,0,True,True,False,1380,0.7847766405967648,0.6799431457777414,92,services,False,True,-1,-9.0,-9.0,-1,-9.0,-9.0,-9.0,0.0,16313,9.914476135848364,-3.625092151353951,20.346945,6.0,59.175514,116.23942,0.0,0.0,59.175514,59.175514,0.0,0.0,0.0,0,0,False,No_Telecommute,M,True,work1,1,1,0,0,0,0,0,0,0,0,0,0,0,3181,0,0,1,50,1,1
1207,30.0,2.0,2,3,2,3,13,23.0,True,4,False,False,False,1380,0.6443666563812351,0.762548825092514,54,mngt_busi_scic_arts,False,False,-1,-9.0,-9.0,19370,3.220323068019947,-3.382149430817091,34.648834,99.11592,-1,-9.0,-9.0,-9.0,-9.0,-9.0,0.0,0.0,0.0,0.0,0.0,0.0,0.0,0.0,0,0,False,,N,True,,0,0,0,0,3,3,0,0,0,0,0,0,0,3182,0,6,5,10,1,1
1207,1.0,3.0,2,4,1,8,0,0.0,True,1,False,False,False,1380,0.7529444349079322,2.6852295811023064,0,,False,False,-1,-9.0,-9.0,1380,8.362531694157962,1.9986861660096904,5.3886447,17.219353,-1,-9.0,-9.0,-9.0,-9.0,-9.0,0.0,0.0,0.0,0.0,0.0,0.0,0.0,0.0,0,0,False,,M,True,school1,1,0,0,0,0,0,0,0,0,0,0,0,0,3183,0,0,0,0,1,1
1207,8.0,4.0,1,4,1,7,0,0.0,True,2,False,False,False,1380,0.5541009547316847,0.7578204502471452,0,,False,False,-1,-9.0,-9.0,9910,3.909055505874168,1.424720962083111,5.3886447,17.219353,-1,-9.0,-9.0,-9.0,-9.0,-9.0,0.0,0.0,0.0,0.0,0.0,0.0,0.0,0.0,0,0,False,,M,True,school1,1,0,0,0,0,0,0,0,0,0,0,0,0,3184,0,2,0,0,9,1
1208,34.0,1.0,1,1,3,1,13,33.0,False,0,True,True,False,1380,0.5134378430322946,0.5349498243844707,92,services,False,True,-1,-9.0,-9.0,-1,-9.0,-9.0,-9.0,0.0,16364,10.234210223607583,-2.557457200596458,20.570051,6.0,57.989136,114.007965,0.0,0.0,57.989136,57.91671,0.0,0.0,0.07242584,0,0,False,No_Telecommute,M,True,work1,1,1,0,1,1,0,0,0,0,1,0,0,0,3185,0,0,1,50,1,1
1208,1.0,3.0,2,4,1,8,0,0.0,True,1,False,False,False,1380,0.4789803629194299,1.2967801934634864,0,,False,False,-1,-9.0,-9.0,1380,8.595904824645983,2.501069728907672,5.3886447,17.219353,-1,-9.0,-9.0,-9.0,-9.0,-9.0,0.0,0.0,0.0,0.0,0.0,0.0,0.0,0.0,0,0,False,,N,True,,0,0,0,89,1,1,0,0,0,0,0,0,0,3187,0,0,0,0,1,1
1208,8.0,4.0,1,4,1,7,0,0.0,True,2,False,False,False,1380,0.3539566525858168,0.4840047785997768,0,,False,False,-1,-9.0,-9.0,9910,2.772358772975973,2.124334164516936,5.3886447,17.219353,-1,-9.0,-9.0,-9.0,-9.0,-9.0,0.0,0.0,0.0,0.0,0.0,0.0,0.0,0.0,0,0,False,,M,True,school1,1,0,0,0,0,0,0,0,0,0,0,0,0,3188,0,2,0,0,9,1
1209,52.0,1.0,2,1,3,1,13,51.0,False,0,True,True,False,1380,0.9132640644756675,2.3366720854839387,32,prod_trans_move,False,True,-1,-9.0,-9.0,-1,-9.0,-9.0,-9.0,0.0,17935,8.625838947511223,-4.673581458480739,22.12883,7.0,63.47609,124.51225,0.0,0.0,63.47609,63.471466,0.0,0.0,0.004623413,0,0,True,No_Telecommute,M,True,work1,1,1,0,0,0,0,0,0,0,0,0,0,0,3189,0,0,1,40,1,2
1209,23.0,2.0,2,3,3,4,13,53.0,False,0,False,False,False,1380,1.764763131176191,1.033470960231586,45,prod_trans_move,False,False,-1,-9.0,-9.0,-1,-9.0,-9.0,-9.0,0.0,-1,-9.0,-9.0,-9.0,-9.0,-9.0,0.0,0.0,0.0,0.0,0.0,0.0,0.0,0.0,0,0,False,,N,True,,0,0,0,36,3,1,0,1,0,1,0,0,0,3190,0,0,0,0,1,2
1209,4.0,3.0,1,4,1,8,0,0.0,True,1,False,False,False,1380,1.3650233749534066,0.8564059091899311,0,,False,False,-1,-9.0,-9.0,1380,7.486404949097213,0.7817233956683334,5.3886447,17.219353,-1,-9.0,-9.0,-9.0,-9.0,-9.0,0.0,0.0,0.0,0.0,0.0,0.0,0.0,0.0,0,0,False,,M,True,school1,1,0,0,89,1,1,0,0,0,0,0,0,0,3191,0,0,0,0,1,2
1209,27.0,4.0,1,2,3,2,13,35.0,False,0,True,True,False,1380,0.7564334810931637,0.3034721685867055,722,services,False,True,-1,-9.0,-9.0,-1,-9.0,-9.0,-9.0,0.0,18968,8.358910416333751,-5.631982917599624,32.923016,7.0,81.82426,159.93486,0.0,0.0,81.82426,71.59214,0.0,0.0,10.232117,0,0,True,No_Telecommute,N,True,,0,0,0,0,1,1,0,0,0,0,0,0,0,3192,0,0,3,30,1,2
1210,60.0,1.0,1,3,3,4,13,25.0,False,0,False,False,False,1380,0.9912146906348394,1.2094669347587386,71,services,False,False,-1,-9.0,-9.0,-1,-9.0,-9.0,-9.0,0.0,-1,-9.0,-9.0,-9.0,-9.0,-9.0,0.0,0.0,0.0,0.0,0.0,0.0,0.0,0.0,0,0,False,,N,True,,0,0,0,12,3,2,0,0,1,0,0,0,0,3193,0,0,5,8,1,1
1210,6.0,2.0,1,4,1,7,0,0.0,True,2,False,False,False,1380,0.3963203624306008,0.7347457427874746,0,,False,False,-1,-9.0,-9.0,5702,3.265655090418794,-4.463998014428689,13.2582855,59.740135,-1,-9.0,-9.0,-9.0,-9.0,-9.0,0.0,0.0,0.0,0.0,0.0,0.0,0.0,0.0,0,0,False,,M,True,school1,1,0,0,0,0,0,0,0,0,0,0,0,0,3194,0,2,0,0,9,2
1211,22.0,1.0,1,1,3,1,13,55.0,False,0,True,True,False,1380,0.3127211719975818,0.8633249403882503,9000,military,False,True,-1,-9.0,-9.0,-1,-9.0,-9.0,-9.0,0.0,1380,11.756298435972326,0.7094468580207619,5.3886447,6.0,9.334169,18.719086,0.0,0.0,9.334169,9.334169,0.0,0.0,0.0,0,0,False,No_Telecommute,M,True,work1,1,1,0,0,0,0,0,0,0,0,0,0,0,3195,1,0,1,42,2,1
1211,22.0,2.0,2,3,3,4,13,41.0,False,0,False,False,False,1380,0.9520651235084928,0.5966676831403208,44,sales_office,False,False,-1,-9.0,-9.0,-1,-9.0,-9.0,-9.0,0.0,-1,-9.0,-9.0,-9.0,-9.0,-9.0,0.0,0.0,0.0,0.0,0.0,0.0,0.0,0.0,0,0,False,,N,True,,0,0,0,6,1,0,1,0,0,0,0,0,0,3196,0,0,0,0,1,2
1212,22.0,1.0,1,1,3,1,13,55.0,False,0,True,True,False,1380,0.6440181827945414,0.9046063265101038,9000,military,False,True,-1,-9.0,-9.0,-1,-9.0,-9.0,-9.0,0.0,1380,11.247958941754243,-0.5206929745431951,5.3886447,6.0,9.334169,18.719086,0.0,0.0,9.334169,9.334169,0.0,0.0,0.0,0,0,False,No_Telecommute,M,True,work1,1,1,0,0,0,0,0,0,0,0,0,0,0,3198,1,0,1,42,2,1
1212,22.0,2.0,2,3,3,4,13,41.0,False,0,False,False,False,1380,1.7647613169772447,1.0169190206377805,44,sales_office,False,False,-1,-9.0,-9.0,-1,-9.0,-9.0,-9.0,0.0,-1,-9.0,-9.0,-9.0,-9.0,-9.0,0.0,0.0,0.0,0.0,0.0,0.0,0.0,0.0,0,1,False,,N,True,,0,0,0,2,2,0,0,0,0,2,0,0,1,3199,0,0,0,0,1,2
1213,22.0,1.0,1,1,3,1,13,55.0,False,0,True,True,False,1380,0.3080145856893838,0.4307699102906669,9000,military,False,True,-1,-9.0,-9.0,-1,-9.0,-9.0,-9.0,0.0,5878,11.442529350200978,-1.2646641429497902,10.777289,6.0,24.275745,50.675114,0.0,0.0,24.275745,24.275745,0.0,0.0,0.0,0,0,False,No_Telecommute,N,True,,0,0,1,0,0,0,0,0,0,1,0,0,0,3201,1,0,1,42,2,1
1214,22.0,1.0,1,1,3,1,13,55.0,False,0,True,True,False,1380,0.9761184593128002,0.6857528304029274,9000,military,False,True,-1,-9.0,-9.0,-1,-9.0,-9.0,-9.0,0.0,5878,11.147666031942624,-2.1554073601253907,10.777289,6.0,24.275745,50.675114,0.0,0.0,24.275745,24.275745,0.0,0.0,0.0,0,0,False,No_Telecommute,M,True,work2,2,2,0,0,0,0,0,0,0,0,0,0,0,3204,1,0,1,42,2,1
1214,22.0,2.0,2,3,3,4,13,41.0,False,0,False,False,False,1380,1.2930421009372828,0.2579027202402119,44,sales_office,False,False,-1,-9.0,-9.0,-1,-9.0,-9.0,-9.0,0.0,-1,-9.0,-9.0,-9.0,-9.0,-9.0,0.0,0.0,0.0,0.0,0.0,0.0,0.0,0.0,0,0,False,,N,True,,0,0,1,0,0,0,0,1,0,0,0,0,0,3205,0,0,0,0,1,2
1215,22.0,1.0,1,1,3,1,13,55.0,False,0,True,True,False,1380,3.701159576069544,0.7781479927488675,9000,military,False,True,-1,-9.0,-9.0,-1,-9.0,-9.0,-9.0,0.0,1380,10.446229729514382,-1.4649489421233728,5.3886447,6.0,9.334169,18.719086,0.0,0.0,9.334169,9.334169,0.0,0.0,0.0,0,0,True,No_Telecommute,M,True,work1,1,1,0,0,0,0,0,0,0,0,0,0,0,3207,1,0,1,42,2,1
1215,22.0,2.0,2,3,3,4,13,41.0,False,0,False,False,False,1380,0.3972497784824242,0.659570112550266,44,sales_office,False,False,-1,-9.0,-9.0,-1,-9.0,-9.0,-9.0,0.0,-1,-9.0,-9.0,-9.0,-9.0,-9.0,0.0,0.0,0.0,0.0,0.0,0.0,0.0,0.0,0,0,False,,N,True,,0,0,0,4,2,0,0,0,0,1,1,0,1,3208,0,0,0,0,1,2
1216,22.0,1.0,1,1,3,1,13,55.0,False,0,True,True,False,1380,2.1954554576550724,0.6987929338810692,9000,military,False,True,-1,-9.0,-9.0,-1,-9.0,-9.0,-9.0,0.0,5878,10.746669722049454,-3.7810754720145527,10.777289,6.0,24.275745,50.675114,0.0,0.0,24.275745,24.275745,0.0,0.0,0.0,0,0,True,No_Telecommute,N,True,,0,0,0,47,2,0,0,1,1,0,0,1,0,3210,1,0,1,42,2,1
1216,22.0,2.0,2,3,3,4,13,41.0,False,0,False,False,False,1380,0.8180909695871336,0.1841276295797702,44,sales_office,False,False,-1,-9.0,-9.0,-1,-9.0,-9.0,-9.0,0.0,-1,-9.0,-9.0,-9.0,-9.0,-9.0,0.0,0.0,0.0,0.0,0.0,0.0,0.0,0.0,0,0,False,,N,True,,0,0,0,169,5,2,0,0,1,2,0,0,1,3211,0,0,0,0,1,2
1217,22.0,1.0,1,1,3,1,13,55.0,False,0,True,True,False,1380,1.1277965567585777,0.9563290216442764,9000,military,False,True,-1,-9.0,-9.0,-1,-9.0,-9.0,-9.0,0.0,1380,11.13963356337449,0.0251342569341533,5.3886447,6.0,9.334169,18.719086,0.0,0.0,9.334169,9.334169,0.0,0.0,0.0,0,1,True,No_Telecommute,N,True,,0,0,1,0,0,0,1,0,0,0,0,0,0,3213,1,0,1,42,2,1
1218,22.0,1.0,1,1,3,1,13,55.0,False,0,True,True,False,1380,0.5386927481750375,0.4383575585517298,9000,military,False,True,-1,-9.0,-9.0,-1,-9.0,-9.0,-9.0,0.0,1380,11.296797687620652,-0.4837151307450537,5.3886447,6.0,9.334169,18.719086,0.0,0.0,9.334169,9.334169,0.0,0.0,0.0,0,0,True,4_days_week,M,True,work1,1,1,0,0,0,0,0,0,0,0,0,0,0,3216,1,0,1,42,2,1
1218,0.0,3.0,1,4,1,8,0,0.0,True,1,False,False,False,1380,0.3945969297254357,1.892543616321577,0,,False,False,-1,-9.0,-9.0,1380,8.565155575087934,2.9946681864865647,5.3886447,17.219353,-1,-9.0,-9.0,-9.0,-9.0,-9.0,0.0,0.0,0.0,0.0,0.0,0.0,0.0,0.0,0,0,False,,N,True,,0,0,0,89,1,1,0,0,0,0,0,0,0,3218,0,0,0,0,9,2
1219,22.0,1.0,1,1,3,1,13,55.0,False,0,True,True,False,1380,1.066264342887033,0.3975399499135436,9000,military,False,True,-1,-9.0,-9.0,-1,-9.0,-9.0,-9.0,0.0,1380,11.384401380091496,0.0724262265663043,5.3886447,6.0,9.334169,18.719086,0.0,0.0,9.334169,9.334169,0.0,0.0,0.0,0,0,True,1_day_week,M,True,work1,1,1,0,0,0,0,0,0,0,0,0,0,0,3219,1,0,1,42,2,1
1219,22.0,2.0,2,3,3,4,13,41.0,False,0,False,False,False,1380,0.6146284461691386,0.6602801808250528,44,sales_office,False,False,-1,-9.0,-9.0,-1,-9.0,-9.0,-9.0,0.0,-1,-9.0,-9.0,-9.0,-9.0,-9.0,0.0,0.0,0.0,0.0,0.0,0.0,0.0,0.0,0,0,False,,N,True,,0,0,0,89,2,2,0,0,0,0,0,0,0,3220,0,0,0,0,1,2
1219,0.0,3.0,1,4,1,8,0,0.0,True,1,False,False,False,1380,0.919214465153644,0.811240518221493,0,,False,False,-1,-9.0,-9.0,1380,7.416349887619865,1.0717682847545542,5.3886447,17.219353,-1,-9.0,-9.0,-9.0,-9.0,-9.0,0.0,0.0,0.0,0.0,0.0,0.0,0.0,0.0,0,0,False,,M,True,school1,1,0,0,0,0,0,0,0,0,0,0,0,0,3221,0,0,0,0,9,2
1220,22.0,1.0,1,1,3,1,13,55.0,False,0,True,True,False,1380,1.6061605776753602,0.8461374651583403,9000,military,False,True,-1,-9.0,-9.0,-1,-9.0,-9.0,-9.0,0.0,1380,10.892648123429238,-0.8373431585644554,5.3886447,6.0,9.334169,18.719086,0.0,0.0,9.334169,9.334169,0.0,0.0,0.0,0,0,True,No_Telecommute,N,True,,0,0,0,2,4,2,0,0,0,2,0,0,1,3222,1,0,1,42,2,1
1220,0.0,3.0,1,4,1,8,0,0.0,True,1,False,False,False,1380,0.6077034338180275,1.0830036001950287,0,,False,False,-1,-9.0,-9.0,9910,8.179883622873318,1.5456214322648418,5.3886447,17.219353,-1,-9.0,-9.0,-9.0,-9.0,-9.0,0.0,0.0,0.0,0.0,0.0,0.0,0.0,0.0,0,0,False,,M,True,school1,1,0,0,0,0,0,0,0,0,0,0,0,0,3224,0,0,0,0,9,2
1221,22.0,1.0,1,1,3,1,13,55.0,False,0,True,True,False,1380,1.0383898972196255,0.3301291482125291,9000,military,False,True,-1,-9.0,-9.0,-1,-9.0,-9.0,-9.0,0.0,5878,11.463668216497233,-2.2485846603089428,10.777289,6.0,24.275745,50.675114,0.0,0.0,24.275745,24.275745,0.0,0.0,0.0,0,0,False,No_Telecommute,N,True,,0,0,1,0,0,0,0,1,0,0,0,0,0,3225,1,0,1,42,2,1
1221,22.0,2.0,2,3,3,4,13,41.0,False,0,False,False,False,1380,0.8977512901722282,1.2784346291702933,44,sales_office,False,False,-1,-9.0,-9.0,-1,-9.0,-9.0,-9.0,0.0,-1,-9.0,-9.0,-9.0,-9.0,-9.0,0.0,0.0,0.0,0.0,0.0,0.0,0.0,0.0,0,0,False,,N,True,,0,0,1,3,1,0,0,0,0,0,1,0,0,3226,0,0,0,0,1,2
