zone_id,mgra,pop,hhp,hh,hhs,emp_total,pseudomsa,exp_daily,TAZ
1,1,440,440,174,2.5287,45,2,0.0,3010
2,2,130,68,48,1.4167,200,1,22.769,1797
3,3,549,549,192,2.8594,331,5,0.0,4361
4,4,5,5,2,2.5,317,6,0.0,340
5,5,90,90,36,2.5,29,6,0.0,388
6,6,75,75,30,2.5,21,6,0.0,323
7,7,117,117,43,2.7209,16,2,0.0,844
8,8,73,73,32,2.2812,18,2,0.0,877
9,9,1070,1070,268,3.9925,32,4,0.0,4305
10,10,838,838,206,4.068,17,3,0.0,2573
11,11,8,8,3,2.6667,0,2,5.734,1506
12,12,7,7,4,1.75,201,2,3.572,1629
13,13,106,106,50,2.12,25,6,0.0,388
14,14,482,482,174,2.7701,33,4,0.0,4175
15,15,87,87,25,3.48,3,2,0.0,3389
16,16,0,0,0,0.0,51,2,4.081,2129
17,17,82,82,45,1.8222,5,2,4.832,2169
18,18,71,71,29,2.4483,61,2,0.75,1527
19,19,30,30,17,1.7647,15,2,3.387,1601
20,20,134,134,49,2.7347,462,2,0.0,2201
21,21,111,111,43,2.5814,22,6,0.0,422
22,22,48,48,21,2.2857,40,2,0.0,3523
23,23,92,92,27,3.4074,77,5,0.0,4021
24,24,159,159,42,3.7857,28,2,0.0,2480
25,25,0,0,0,0.0,73,1,19.896,1733
26,26,0,0,0,0.0,17,2,0.0,920
27,27,213,213,71,3.0,6,5,0.0,4124
28,28,34,34,24,1.4167,18,1,13.274,2099
29,29,35,35,19,1.8421,143,2,0.0,2453
30,30,209,209,70,2.9857,16,3,0.0,3015
31,31,501,501,178,2.8146,53,2,0.0,2477
32,32,219,219,80,2.7375,47,2,0.0,1132
33,33,55,55,22,2.5,13,2,5.391,1578
34,34,266,266,95,2.8,60,5,0.0,4315
35,35,50,50,19,2.6316,14,5,0.0,4057
36,36,0,0,0,0.0,1136,1,21.878,1901
37,37,113,113,38,2.9737,82,3,0.0,3731
38,38,149,149,67,2.2239,16,2,0.0,2538
39,39,6,6,2,3.0,330,4,0.0,2725
40,40,82,82,34,2.4118,27,2,0.781,1571
41,41,41,41,19,2.1579,26,6,0.0,278
42,42,27,27,10,2.7,1,2,0.0,1005
43,43,91,91,25,3.64,14,5,0.0,4052
44,44,35,35,19,1.8421,14,3,1.327,651
45,45,178,178,53,3.3585,236,4,0.0,3193
46,46,30,30,11,2.7273,2,2,0.0,1136
47,47,208,171,77,2.2208,23,2,0.231,2479
48,48,352,352,113,3.115,31,5,0.0,3652
49,49,225,225,168,1.3393,194,1,19.907,1941
50,50,49,49,22,2.2273,23,3,1.058,742
51,51,77,77,24,3.2083,2,2,0.0,3272
52,52,22,22,7,3.1429,21,2,0.317,2247
53,53,432,432,125,3.456,24,2,0.0,3610
54,54,96,96,31,3.0968,14,5,0.0,4163
55,55,0,0,0,0.0,530,1,21.027,1870
56,56,131,0,0,0.0,1,1,19.632,2024
57,57,39,39,15,2.6,16,6,6.513,46
58,58,69,69,31,2.2258,21,2,0.069,2292
59,59,78,78,33,2.3636,289,2,6.187,1526
60,60,57,57,23,2.4783,14,2,0.0,676
61,61,14,9,4,2.25,140,6,0.0,281
62,62,322,322,151,2.1325,35,2,1.515,2972
63,63,53,53,21,2.5238,25,2,0.0,720
64,64,203,203,89,2.2809,218,2,0.0,1069
65,65,299,299,87,3.4368,18,5,0.0,4496
66,66,170,170,104,1.6346,9,2,1.325,2203
67,67,0,0,0,0.0,71,2,0.563,2602
68,68,348,348,114,3.0526,32,5,0.0,4063
69,69,87,87,35,2.4857,4,2,5.181,1578
70,70,12,12,6,2.0,87,3,5.473,376
71,71,126,126,38,3.3158,23,2,0.0,3101
72,72,38,38,14,2.7143,2,5,0.0,4080
73,73,59,59,24,2.4583,16,2,0.0,1505
74,74,38,38,22,1.7273,48,2,2.637,2121
75,75,90,90,48,1.875,24,3,1.587,565
76,76,723,723,199,3.6332,69,4,0.0,4372
77,77,69,69,26,2.6538,3,5,0.0,4080
78,78,0,0,0,0.0,44,6,6.993,33
79,79,0,0,0,0.0,0,5,0.0,4314
80,80,200,200,80,2.5,23,3,1.835,1609
81,81,329,329,249,1.3213,270,1,21.755,1897
82,82,337,334,119,2.8067,38,5,0.0,4156
83,83,76,76,46,1.6522,112,2,10.342,1785
84,84,419,419,130,3.2231,63,5,0.0,4086
85,85,85,85,51,1.6667,30,2,5.875,1816
86,86,198,193,117,1.6496,723,2,9.762,1932
87,87,210,210,72,2.9167,15,4,3.249,3279
88,88,9,9,3,3.0,47,5,0.0,4166
89,89,0,0,0,0.0,50,2,0.0,2872
90,90,84,84,34,2.4706,16,2,0.0,590
91,91,22,22,9,2.4444,15,3,0.0,4087
92,92,35,35,14,2.5,15,3,0.0,774
93,93,0,0,0,0.0,56,1,18.622,1621
94,94,64,64,41,1.561,140,2,16.278,1658
95,95,56,56,25,2.24,14,2,0.0,920
96,96,52,52,32,1.625,16,2,0.251,673
97,97,166,166,93,1.7849,250,2,0.869,2326
98,98,140,140,71,1.9718,26,3,0.798,1425
99,99,34,34,26,1.3077,172,1,19.8,1937
100,100,245,245,96,2.5521,50,6,6.123,48
101,101,0,0,0,0.0,1045,5,0.0,4185
102,102,19,19,13,1.4615,125,1,22.176,1755
103,103,28,28,11,2.5455,1,2,0.0,1074
104,104,484,484,106,4.566,26,4,0.0,3438
105,105,128,128,34,3.7647,22,5,0.0,4727
106,106,158,158,53,2.9811,8,5,0.0,4565
107,107,413,413,121,3.4132,34,4,0.0,2885
108,108,397,397,113,3.5133,30,2,0.0,3349
109,109,221,221,63,3.5079,27,2,0.0,3208
110,110,78,78,31,2.5161,18,2,5.624,1578
111,111,294,294,111,2.6486,42,2,0.299,2640
112,112,479,479,160,2.9937,48,2,0.502,2649
113,113,102,102,36,2.8333,5,2,0.0,1179
114,114,426,426,152,2.8026,63,3,0.0,2175
115,115,145,145,49,2.9592,20,4,0.0,3091
116,116,49,49,22,2.2273,72,3,1.078,755
117,117,0,0,0,0.0,0,2,0.0,2724
118,118,81,81,25,3.24,23,2,0.0,3313
119,119,149,149,70,2.1286,23,2,1.546,2972
120,120,156,156,39,4.0,17,4,0.0,3440
121,121,553,553,198,2.7929,28,5,0.0,4335
122,122,5,5,2,2.5,10,5,0.0,4079
123,123,14,14,4,3.5,364,2,0.0,3592
124,124,69,69,37,1.8649,150,3,1.446,586
125,125,84,84,45,1.8667,13,3,0.0,883
126,126,88,88,32,2.75,5,3,0.0,1558
127,127,212,212,61,3.4754,18,2,0.0,3901
128,128,8,8,2,4.0,48,2,0.849,2574
129,129,47,47,19,2.4737,27,2,0.0,588
130,130,33,33,14,2.3571,18,2,2.63,1448
131,131,3,3,2,1.5,265,1,19.583,1963
132,132,30,30,20,1.5,84,2,11.819,1837
133,133,203,203,152,1.3355,68,1,17.328,2002
134,134,130,130,38,3.4211,19,2,0.659,2676
135,135,349,349,201,1.7363,50,1,24.814,1654
136,136,25,25,9,2.7778,53,2,0.0,895
137,137,66,66,30,2.2,3,2,0.182,2479
138,138,453,453,161,2.8137,74,5,0.0,3993
139,139,0,0,0,0.0,682,2,0.768,1700
140,140,98,98,38,2.5789,20,6,0.0,422
141,141,85,85,39,2.1795,7,6,0.0,271
142,142,49,49,21,2.3333,3,2,6.48,1526
143,143,44,44,23,1.913,16,2,1.303,1582
144,144,141,141,39,3.6154,34,2,0.0,2338
145,145,186,183,103,1.7767,101,2,1.316,2120
146,146,136,127,37,3.4324,15,2,0.0,2628
147,147,206,119,68,1.75,151,2,2.347,2121
148,148,268,268,88,3.0455,87,4,0.0,2892
149,149,54,54,18,3.0,13,5,0.0,4226
150,150,152,152,42,3.619,16,5,0.0,4052
151,151,310,310,80,3.875,22,2,0.0,3230
152,152,136,136,70,1.9429,19,2,0.173,737
153,153,117,117,71,1.6479,133,3,0.0,614
154,154,0,0,0,0.0,44,3,0.0,2483
155,155,3,3,1,3.0,79,5,0.0,4698
156,156,158,158,48,3.2917,19,4,0.0,2471
157,157,69,69,38,1.8158,19,2,5.04,2169
158,158,68,68,30,2.2667,3,5,0.0,3676
159,159,0,0,0,0.0,405,1,19.093,1818
160,160,73,73,27,2.7037,15,2,0.0,842
161,161,442,442,195,2.2667,60,5,0.0,3737
162,162,185,185,139,1.3309,72,1,22.367,1876
163,163,65,65,23,2.8261,3,5,0.0,4211
164,164,157,157,80,1.9625,31,3,1.25,765
165,165,36,36,14,2.5714,14,6,6.996,48
166,166,410,410,137,2.9927,26,3,0.0,3021
167,167,87,87,39,2.2308,13,3,0.0,3188
168,168,18,18,8,2.25,39,5,0.0,3727
169,169,104,104,31,3.3548,17,5,0.0,3655
170,170,97,97,39,2.4872,6,2,0.0,652
171,171,262,262,78,3.359,25,4,0.0,4291
172,172,371,371,131,2.8321,31,3,0.0,2467
173,173,377,377,87,4.3333,21,2,0.0,2730
174,174,0,0,0,0.0,0,4,0.0,4107
175,175,35,35,13,2.6923,30,2,0.0,1052
176,176,73,73,26,2.8077,37,5,0.0,4285
177,177,123,119,28,4.25,59,4,0.0,3483
178,178,69,69,38,1.8158,3,2,0.0,615
179,179,53,53,21,2.5238,3,2,0.0,720
180,180,44,44,13,3.3846,0,2,0.0,2841
181,181,77,77,24,3.2083,15,2,0.0,3272
182,182,92,92,49,1.8776,87,3,1.735,576
183,183,350,350,129,2.7132,50,5,0.0,4280
184,184,40,40,16,2.5,2,2,0.0,685
185,185,396,396,145,2.731,17,5,0.0,4225
186,186,385,385,249,1.5462,126,1,19.863,1702
187,187,28,28,12,2.3333,2,2,0.0,989
188,188,231,231,62,3.7258,19,5,0.0,3808
189,189,60,60,24,2.5,16,2,0.0,588
190,190,139,139,89,1.5618,86,2,0.951,2308
191,191,106,106,40,2.65,17,2,0.0,2637
192,192,99,99,40,2.475,22,3,0.0,1355
193,193,0,0,0,0.0,50,2,4.455,1536
194,194,305,305,91,3.3516,24,2,0.638,2259
195,195,54,54,22,2.4545,4,2,0.0,1505
196,196,184,184,93,1.9785,35,3,1.938,565
197,197,84,84,33,2.5455,13,5,0.0,4035
198,198,105,105,52,2.0192,36,4,0.0,2300
199,199,0,0,0,0.0,139,3,0.0,541
200,200,197,197,80,2.4625,13,5,0.0,3649
201,201,41,41,17,2.4118,19,2,8.931,1487
202,202,137,137,50,2.74,25,2,0.0,2251
203,203,161,161,52,3.0962,69,4,0.0,2581
204,204,240,79,47,1.6809,422,2,8.865,1807
205,205,516,516,128,4.0312,23,4,0.0,3440
206,206,82,82,30,2.7333,14,5,0.0,3575
207,207,38,38,14,2.7143,45,5,0.0,4685
208,208,142,142,48,2.9583,15,4,0.0,3069
209,209,214,214,54,3.963,17,2,0.0,2750
210,210,0,0,0,0.0,18,3,0.0,547
211,211,133,133,47,2.8298,18,4,0.0,2300
212,212,314,314,141,2.227,27,2,0.0,2538
213,213,324,324,187,1.7326,53,1,22.74,1630
214,214,58,58,35,1.6571,13,2,3.417,2074
215,215,140,140,83,1.6867,74,2,3.337,2204
216,216,112,112,42,2.6667,15,4,0.0,2569
217,217,140,140,63,2.2222,17,3,0.0,3286
218,218,131,131,36,3.6389,14,6,0.0,49
219,219,0,0,0,0.0,32,2,0.607,2589
220,220,25,25,13,1.9231,2,2,0.0,851
221,221,109,109,39,2.7949,22,5,0.0,4211
222,222,0,0,0,0.0,99,2,0.0,959
223,223,235,235,62,3.7903,16,4,0.0,3548
224,224,0,0,0,0.0,48,5,3.962,3886
225,225,0,0,0,0.0,75,3,0.0,680
226,226,65,65,29,2.2414,55,2,0.071,2292
227,227,58,58,23,2.5217,21,2,0.0,720
228,228,152,152,82,1.8537,16,3,0.0,941
229,229,0,0,0,0.0,421,6,6.942,29
230,230,84,84,42,2.0,3,4,0.0,2408
231,231,110,110,59,1.8644,22,2,0.391,2391
232,232,23,23,14,1.6429,222,2,9.913,1860
233,233,27,27,16,1.6875,38,2,11.165,1760
234,234,0,0,0,0.0,199,3,1.97,556
235,235,113,113,47,2.4043,36,3,0.0,474
236,236,120,120,39,3.0769,18,2,0.316,2329
237,237,113,113,36,3.1389,47,2,0.673,2776
238,238,0,0,0,0.0,0,1,19.047,1605
239,239,191,191,64,2.9844,6,5,0.0,4306
240,240,80,80,52,1.5385,55,2,12.741,1835
241,241,161,161,95,1.6947,111,2,0.958,2204
242,242,107,107,39,2.7436,32,2,0.0,2251
243,243,172,172,68,2.5294,37,3,0.0,623
244,244,226,226,64,3.5312,45,4,0.0,4426
245,245,26,26,13,2.0,159,6,0.0,70
246,246,139,139,72,1.9306,26,2,0.176,707
247,247,19,19,10,1.9,3,2,2.915,1572
248,248,59,59,19,3.1053,62,2,0.34,2367
249,249,22,22,10,2.2,40,2,0.003,2288
250,250,193,193,103,1.8738,5,2,0.004,2352
251,251,19,19,7,2.7143,2,6,6.347,46
252,252,84,84,32,2.625,15,5,0.0,4154
253,253,45,45,18,2.5,2,2,0.0,588
254,254,59,59,24,2.4583,17,2,0.59,1508
255,255,110,110,32,3.4375,25,2,0.0,2628
256,256,178,178,45,3.9556,16,2,0.0,3605
257,257,270,270,96,2.8125,33,2,0.0,2541
258,258,65,65,28,2.3214,100,2,0.0,3602
259,259,19,19,8,2.375,22,2,0.0,3602
260,260,0,0,0,0.0,0,2,0.0,2665
261,261,861,861,337,2.5549,481,3,0.0,2164
262,262,83,83,47,1.766,110,2,0.163,636
263,263,128,128,83,1.5422,213,1,19.378,1668
264,264,64,64,34,1.8824,26,2,0.699,2389
265,265,18,18,8,2.25,57,6,0.0,280
266,266,471,471,155,3.0387,31,5,0.0,4387
267,267,109,109,56,1.9464,32,3,0.0,843
268,268,43,43,22,1.9545,16,2,0.0,807
269,269,57,57,22,2.5909,50,3,0.0,3263
270,270,142,142,35,4.0571,14,2,0.0,2627
271,271,91,91,31,2.9355,3,5,0.0,3922
272,272,789,789,256,3.082,69,4,0.0,3384
273,273,66,66,29,2.2759,94,2,0.0,1018
274,274,84,84,30,2.8,188,5,0.0,4286
275,275,84,84,45,1.8667,25,3,4.613,343
276,276,156,156,54,2.8889,24,5,0.0,3922
277,277,200,200,67,2.9851,36,2,0.468,2686
278,278,245,245,110,2.2273,30,2,0.0,2538
279,279,73,73,22,3.3182,15,2,0.0,2797
280,280,57,57,19,3.0,37,2,1.613,2213
281,281,74,74,23,3.2174,14,4,0.0,3082
282,282,159,159,89,1.7865,96,2,0.726,2271
283,283,143,143,66,2.1667,19,3,0.0,990
284,284,0,0,0,0.0,70,3,0.0,3954
285,285,193,193,77,2.5065,52,2,0.0,599
286,286,231,231,84,2.75,22,3,0.0,1559
287,287,311,311,116,2.681,35,3,0.0,3855
288,288,217,217,132,1.6439,119,2,9.823,1815
289,289,111,111,48,2.3125,19,5,0.0,3965
290,290,62,62,40,1.55,14,2,12.552,1835
291,291,0,0,0,0.0,0,1,24.444,1639
292,292,0,0,0,0.0,102,2,9.016,1854
293,293,57,57,29,1.9655,3,6,6.099,22
294,294,80,80,36,2.2222,27,2,0.003,2288
295,295,121,121,50,2.42,18,2,0.795,1571
296,296,95,95,39,2.4359,129,3,0.0,439
297,297,0,0,0,0.0,778,3,4.737,2257
298,298,50,50,23,2.1739,16,6,0.0,310
299,299,80,80,22,3.6364,16,2,0.0,2277
300,300,0,0,0,0.0,891,1,23.755,1710
301,301,46,46,24,1.9167,5,2,0.646,1700
302,302,104,104,53,1.9623,33,3,0.0,549
303,303,215,215,83,2.5904,184,4,5.604,2988
304,304,0,0,0,0.0,0,4,0.0,2435
305,305,39,39,19,2.0526,75,6,7.367,30
306,306,65,65,34,1.9118,19,2,0.741,1700
307,307,78,78,33,2.3636,18,2,0.0,1453
308,308,797,797,174,4.5805,39,4,0.0,3347
309,309,142,142,35,4.0571,3,2,0.0,2559
310,310,30,30,8,3.75,48,5,0.0,4700
311,311,224,224,53,4.2264,40,4,0.0,3550
312,312,206,206,93,2.2151,94,2,0.933,2386
313,313,120,120,35,3.4286,19,2,0.0,2628
314,314,61,61,25,2.44,17,2,1.022,1499
315,315,89,89,36,2.4722,19,2,0.0,641
316,316,266,266,114,2.3333,15,3,0.0,2454
317,317,38,38,10,3.8,28,5,0.0,4690
318,318,123,123,34,3.6176,27,5,0.0,4052
319,319,39,39,21,1.8571,126,2,0.0,2419
320,320,27,27,6,4.5,97,2,0.0,2465
321,321,57,57,23,2.4783,4,6,0.0,367
322,322,97,97,38,2.5526,6,6,6.87,43
323,323,258,258,116,2.2241,36,2,0.0,2538
324,324,232,232,79,2.9367,19,3,0.0,3954
325,325,69,0,0,0.0,123,5,0.0,4315
326,326,95,95,39,2.4359,22,3,0.0,474
327,327,0,0,0,0.0,13,3,0.0,3090
328,328,215,215,57,3.7719,21,4,0.0,3548
329,329,199,199,65,3.0615,21,4,0.418,3568
330,330,156,156,57,2.7368,6,2,0.898,3247
331,331,55,55,25,2.2,13,2,0.055,2292
332,332,42,42,21,2.0,13,6,6.144,29
333,333,189,189,54,3.5,20,2,0.0,3132
334,334,117,117,35,3.3429,63,4,0.0,2958
335,335,378,378,150,2.52,43,2,0.0,3461
336,336,117,117,43,2.7209,36,2,0.0,2202
337,337,79,79,25,3.16,22,3,0.0,2375
338,338,0,0,0,0.0,59,6,7.081,39
339,339,41,41,22,1.8636,129,3,1.69,586
340,340,12,12,4,3.0,19,5,0.0,4433
341,341,66,66,17,3.8824,15,2,0.0,3230
342,342,110,110,65,1.6923,185,2,7.328,1863
343,343,48,48,16,3.0,3,5,0.0,4565
344,344,109,109,30,3.6333,34,2,0.0,2418
345,345,1406,1406,352,3.9943,41,4,0.0,4305
346,346,198,198,51,3.8824,16,2,0.0,3230
347,347,374,374,103,3.6311,97,4,0.0,4372
348,348,68,68,25,2.72,15,2,0.0,1101
349,349,76,76,34,2.2353,17,2,0.052,2292
350,350,98,98,52,1.8846,1002,3,5.838,393
351,351,68,68,25,2.72,16,2,0.0,793
352,352,56,56,22,2.5455,17,2,1.284,1486
353,353,75,75,31,2.4194,15,2,0.0,1505
354,354,42,42,21,2.0,3,2,0.873,1620
355,355,104,104,45,2.3111,18,3,0.0,1540
356,356,166,166,46,3.6087,26,2,0.0,2346
357,357,0,0,0,0.0,246,3,0.0,1643
358,358,0,0,0,0.0,107,5,0.0,4075
359,359,36,36,18,2.0,22,6,6.05,32
360,360,37,37,15,2.4667,1,2,0.634,1527
361,361,93,93,24,3.875,11,2,0.0,3413
362,362,125,125,70,1.7857,253,2,0.976,2308
363,363,302,302,88,3.4318,35,4,0.0,3388
364,364,166,166,42,3.9524,18,2,0.0,2723
365,365,205,205,62,3.3065,152,4,0.0,2469
366,366,31,31,13,2.3846,19,2,0.42,1505
367,367,329,329,107,3.0748,43,3,0.0,1240
368,368,5,5,2,2.5,22,5,0.0,4698
369,369,0,0,0,0.0,140,5,0.0,4675
370,370,50,50,22,2.2727,14,2,0.0,961
371,371,26,26,13,2.0,301,2,12.43,1602
372,372,57,57,23,2.4783,6,2,0.0,768
373,373,91,91,35,2.6,17,6,0.0,253
374,374,15,15,8,1.875,72,2,0.504,2312
375,375,133,133,35,3.8,16,5,0.0,4252
376,376,9,9,5,1.8,92,2,2.541,1431
377,377,0,0,0,0.0,26,1,14.548,2082
378,378,198,198,52,3.8077,22,2,0.0,2505
379,379,18,18,6,3.0,128,5,0.0,4433
380,380,274,274,100,2.74,75,2,0.0,1132
381,381,0,0,0,0.0,0,2,0.0,2186
382,382,170,170,85,2.0,31,3,0.0,469
383,383,81,81,21,3.8571,28,2,0.0,3160
384,384,80,80,34,2.3529,6,2,0.0,1453
385,385,141,141,49,2.8776,30,2,0.0,2900
386,386,26,26,10,2.6,1,4,0.0,3987
387,387,69,69,45,1.5333,26,2,13.124,1835
388,388,65,65,23,2.8261,21,2,0.0,1076
389,389,78,78,48,1.625,30,2,0.183,666
390,390,125,125,73,1.7123,19,2,0.341,2476
391,391,937,937,481,1.948,522,3,0.0,820
392,392,38,38,21,1.8095,34,2,0.426,2313
393,393,269,269,106,2.5377,42,2,0.0,3397
394,394,45,45,25,1.8,51,2,3.618,2169
395,395,84,84,45,1.8667,71,3,0.0,883
396,396,27,27,11,2.4545,2,3,0.0,1282
397,397,138,138,45,3.0667,24,3,0.0,1290
398,398,86,86,38,2.2632,18,3,0.0,3810
399,399,829,829,347,2.389,40,3,0.0,3273
400,400,0,0,0,0.0,487,3,0.0,3252
401,401,79,79,42,1.881,614,3,5.086,392
402,402,553,553,242,2.2851,61,2,1.375,2878
403,403,0,0,0,0.0,167,3,0.0,1624
404,404,79,79,23,3.4348,3,2,0.0,2603
405,405,79,79,26,3.0385,15,2,0.0,3120
406,406,199,199,75,2.6533,26,3,0.0,1149
407,407,0,0,0,0.0,318,1,21.57,1896
408,408,194,194,65,2.9846,19,5,0.0,3888
409,409,26,26,11,2.3636,2,6,6.271,52
410,410,356,356,122,2.918,32,3,0.0,1600
411,411,97,97,39,2.4872,19,2,4.921,1550
412,412,39,32,9,3.5556,16,2,0.633,2577
413,413,69,69,36,1.9167,23,2,1.492,1618
414,414,197,197,49,4.0204,18,2,0.083,2280
415,415,170,170,74,2.2973,22,2,0.0,920
416,416,0,0,0,0.0,0,2,0.576,2327
417,417,53,53,26,2.0385,13,4,0.0,2408
418,418,87,87,35,2.4857,5,2,5.735,1550
419,419,176,176,51,3.451,18,2,0.0,3571
420,420,192,192,68,2.8235,42,2,0.0,2541
421,421,0,0,0,0.0,126,3,0.0,1864
422,422,61,61,24,2.5417,20,2,0.726,1486
423,423,96,96,43,2.2326,11,3,0.471,729
424,424,254,254,76,3.3421,23,2,1.052,2256
425,425,101,101,37,2.7297,51,2,0.0,2250
426,426,321,321,137,2.3431,22,2,0.0,2535
427,427,145,145,73,1.9863,16,5,4.487,3787
428,428,11,11,3,3.6667,84,5,0.0,4690
429,429,136,136,32,4.25,16,4,0.0,3623
430,430,105,105,64,1.6406,258,2,7.964,2013
431,431,4,4,2,2.0,1,3,0.269,518
432,432,57,57,23,2.4783,15,2,0.0,728
433,433,0,0,0,0.0,27,2,0.0,991
434,434,0,0,0,0.0,30,2,0.0,2612
435,435,43,43,24,1.7917,4,2,0.337,2312
436,436,11,11,8,1.375,598,1,21.258,1843
437,437,0,0,0,0.0,1161,1,22.193,1875
438,438,68,68,24,2.8333,2,4,0.0,2341
439,439,45,45,15,3.0,278,5,0.0,4378
440,440,139,139,60,2.3167,33,3,0.0,866
441,441,112,112,38,2.9474,21,3,0.0,2233
442,442,54,54,25,2.16,32,6,0.0,264
443,443,74,74,37,2.0,14,5,0.0,3969
444,444,0,0,0,0.0,1414,3,2.053,1102
445,445,395,395,126,3.1349,19,3,0.0,2244
446,446,150,150,76,1.9737,24,3,0.0,549
447,447,146,146,45,3.2444,19,5,0.0,4086
448,448,213,213,53,4.0189,17,2,0.107,2345
449,449,50,50,20,2.5,3,2,5.252,1578
450,450,57,57,23,2.4783,36,2,0.0,752
451,451,34,34,13,2.6154,2,2,0.075,2412
452,452,127,127,47,2.7021,20,4,0.0,2470
453,453,18,18,9,2.0,57,5,4.171,3886
454,454,365,365,122,2.9918,34,2,0.0,2601
455,455,0,0,0,0.0,146,2,0.0,2665
456,456,123,123,68,1.8088,31,2,0.332,2313
457,457,139,139,85,1.6353,41,2,1.043,2208
458,458,151,151,45,3.3556,15,2,0.0,2228
459,459,105,105,34,3.0882,121,3,0.0,1290
460,460,91,91,31,2.9355,2,3,0.0,3954
461,461,9,9,3,3.0,169,5,0.0,4657
462,462,34,34,14,2.4286,14,2,0.0,588
463,463,0,0,0,0.0,167,3,0.0,1310
464,464,160,160,69,2.3188,18,5,0.0,3990
465,465,28,28,19,1.4737,229,2,13.117,1835
466,466,127,127,35,3.6286,14,2,0.0,3399
467,467,22,22,9,2.4444,3,3,0.0,4159
468,468,76,76,30,2.5333,18,6,6.916,43
469,469,34,34,13,2.6154,14,6,6.832,46
470,470,0,0,0,0.0,86,3,0.0,813
471,471,0,0,0,0.0,184,2,5.529,1536
472,472,0,0,0,0.0,0,6,0.0,14
473,473,31,31,9,3.4444,24,5,0.0,4021
474,474,113,113,32,3.5312,120,5,0.0,3931
475,475,25,25,13,1.9231,21,2,0.746,2339
476,476,15,15,8,1.875,0,4,0.0,2323
477,477,75,75,31,2.4194,48,3,0.0,474
478,478,41,41,19,2.1579,17,6,0.0,311
479,479,17,17,9,1.8889,55,2,2.745,1572
480,480,549,549,214,2.5654,55,4,0.0,2783
481,481,78,78,23,3.3913,15,5,0.0,4021
482,482,306,306,109,2.8073,24,5,0.0,4156
483,483,271,271,88,3.0795,20,4,0.0,2769
484,484,0,0,0,0.0,50,3,1.977,559
485,485,86,86,32,2.6875,14,4,0.0,2470
486,486,531,531,302,1.7583,208,3,0.0,1936
487,487,36,36,15,2.4,13,5,0.0,4653
488,488,242,239,70,3.4143,28,2,0.0,3382
489,489,90,90,35,2.5714,7,6,0.0,403
490,490,33,33,22,1.5,104,2,13.349,1633
491,491,439,439,154,2.8506,104,4,0.0,2408
492,492,347,347,82,4.2317,24,4,0.0,3550
493,493,105,105,62,1.6935,122,2,7.666,1863
494,494,20,20,11,1.8182,17,2,2.362,2121
495,495,70,70,28,2.5,23,2,0.0,590
496,496,37,37,15,2.4667,1,3,0.0,1361
497,497,222,222,75,2.96,27,4,0.0,3069
498,498,68,68,28,2.4286,12,2,0.0,1499
499,499,201,201,91,2.2088,53,2,0.068,2353
500,500,222,222,112,1.9821,83,3,1.593,606
501,501,483,483,142,3.4014,25,5,0.0,4311
502,502,104,104,26,4.0,11,4,0.0,4366
503,503,47,42,19,2.2105,22,2,0.05,2288
504,504,29,29,12,2.4167,1,2,0.0,711
505,505,49,49,20,2.45,15,2,0.0,768
506,506,226,226,165,1.3697,44,1,24.879,1741
507,507,0,0,0,0.0,52,6,6.926,33
508,508,96,96,27,3.5556,33,2,0.0,2762
509,509,46,46,11,4.1818,1,2,0.0,3132
510,510,175,175,50,3.5,22,2,0.0,3208
511,511,319,319,101,3.1584,36,2,0.612,2768
512,512,180,164,60,2.7333,26,2,0.0,2202
513,513,136,136,65,2.0923,26,3,0.0,699
514,514,172,172,64,2.6875,30,3,0.0,3893
515,515,43,43,22,1.9545,15,3,0.0,549
516,516,78,78,29,2.6897,21,3,0.0,1016
517,517,343,343,136,2.5221,30,2,0.0,3465
518,518,0,0,0,0.0,124,2,0.796,2263
519,519,0,0,0,0.0,142,1,23.0,1774
520,520,0,0,0,0.0,28,2,14.106,1835
521,521,29,29,12,2.4167,14,3,0.0,1355
522,522,0,0,0,0.0,34,6,6.811,44
523,523,14,14,5,2.8,42,5,0.0,4686
524,524,39,39,22,1.7727,30,3,0.0,617
525,525,132,132,38,3.4737,15,2,0.0,3901
526,526,19,19,10,1.9,39,2,1.335,1572
527,527,0,0,0,0.0,111,2,0.577,2602
528,528,68,68,27,2.5185,13,2,5.53,1578
529,529,159,159,53,3.0,17,2,0.198,2601
530,530,40,40,18,2.2222,16,3,0.0,533
531,531,0,0,0,0.0,410,5,0.0,4293
532,532,52,52,27,1.9259,17,2,1.393,1618
533,533,19,19,10,1.9,26,2,1.505,1572
534,534,112,112,47,2.383,6,3,0.0,1282
535,535,253,253,154,1.6429,27,2,6.104,2013
536,536,57,57,23,2.4783,17,6,0.0,367
537,537,84,84,35,2.4,22,2,0.637,1571
538,538,163,163,47,3.4681,3,5,0.0,4269
539,539,107,107,40,2.675,17,5,0.0,4023
540,540,51,51,22,2.3182,46,5,0.0,4228
541,541,198,198,89,2.2247,20,2,0.0,2635
542,542,284,284,140,2.0286,59,2,0.489,2359
543,543,0,0,0,0.0,0,1,20.864,1945
544,544,9,9,5,1.8,0,2,6.173,1716
545,545,690,690,175,3.9429,33,2,0.0,2650
546,546,30,30,12,2.5,16,2,0.561,2602
547,547,64,64,18,3.5556,2,5,0.0,4052
548,548,143,143,42,3.4048,15,2,0.0,3366
549,549,78,78,43,1.814,56,3,0.0,617
550,550,89,89,34,2.6176,5,2,0.0,2482
551,551,257,257,192,1.3385,171,1,19.291,1977
552,552,425,417,157,2.6561,55,3,0.0,1257
553,553,278,278,88,3.1591,6,3,0.0,2375
554,554,80,80,44,1.8182,23,2,4.449,2169
555,555,120,120,32,3.75,2,5,0.0,3877
556,556,291,270,159,1.6981,64,2,0.869,2204
557,557,27,27,14,1.9286,12,2,0.0,851
558,558,586,586,183,3.2022,56,4,0.0,4053
559,559,56,56,36,1.5556,83,2,14.098,1779
560,560,0,0,0,0.0,0,1,23.277,1769
561,561,393,393,131,3.0,35,2,0.508,2649
562,562,79,79,42,1.881,19,2,0.0,615
563,563,97,97,52,1.8654,18,2,0.0,589
564,564,101,101,76,1.3289,462,1,21.404,1845
565,565,82,82,41,2.0,16,6,5.451,29
566,566,161,161,48,3.3542,20,4,0.0,3193
567,567,73,73,32,2.2812,34,2,0.0,989
568,568,119,119,41,2.9024,3,2,7.433,3364
569,569,0,0,0,0.0,62,6,0.0,88
570,570,108,108,28,3.8571,14,2,0.0,3462
571,571,62,62,25,2.48,25,2,0.0,687
572,572,72,72,29,2.4828,32,3,0.0,1361
573,573,222,222,72,3.0833,23,2,0.12,2404
574,574,188,188,122,1.541,150,2,11.473,1837
575,575,172,172,105,1.6381,26,2,1.076,2208
576,576,39,39,15,2.6,14,2,0.0,2415
577,577,0,0,0,0.0,156,4,0.0,2499
578,578,34,34,14,2.4286,2,2,0.0,590
579,579,0,0,0,0.0,216,5,0.0,3940
580,580,56,56,20,2.8,119,5,0.0,4067
581,581,82,82,33,2.4848,17,6,0.0,388
582,582,162,162,81,2.0,31,3,0.0,549
583,583,163,163,45,3.6222,33,2,0.0,2277
584,584,83,83,47,1.766,19,2,3.029,2042
585,585,0,0,0,0.0,69,3,8.766,3320
586,586,0,0,0,0.0,48,2,4.017,1601
587,587,48,48,24,2.0,2,5,0.0,3969
588,588,227,227,85,2.6706,28,3,0.0,3598
589,589,153,153,51,3.0,351,5,3.959,3871
590,590,91,91,34,2.6765,17,3,0.0,1016
591,591,78,78,32,2.4375,17,2,0.0,1499
592,592,220,220,72,3.0556,22,4,0.0,3394
593,593,0,0,0,0.0,0,6,0.0,13
594,594,40,40,11,3.6364,0,2,0.0,2570
595,595,836,836,432,1.9352,44,3,0.0,2182
596,596,96,96,25,3.84,16,2,0.0,3764
597,597,63,63,19,3.3158,1,2,0.0,2694
598,598,40,40,11,3.6364,2,2,0.0,2875
599,599,91,91,45,2.0222,17,6,5.808,27
600,600,152,152,45,3.3778,17,4,0.0,3294
601,601,0,0,0,0.0,222,2,0.0,959
602,602,66,66,27,2.4444,4,3,0.0,1282
603,603,91,91,64,1.4219,29,1,22.435,1836
604,604,34,34,26,1.3077,0,1,21.614,1928
605,605,320,320,84,3.8095,33,2,0.0,2505
606,606,172,172,77,2.2338,21,2,0.0,2538
607,607,59,59,20,2.95,14,4,0.0,3265
608,608,123,123,36,3.4167,14,2,0.624,2589
609,609,0,0,0,0.0,18,2,0.0,2574
610,610,145,145,60,2.4167,19,2,0.928,1551
611,611,269,269,74,3.6351,21,6,0.0,45
612,612,58,58,24,2.4167,16,3,0.0,962
613,613,50,50,16,3.125,14,4,0.0,3511
614,614,48,48,20,2.4,17,6,0.0,95
615,615,34,0,0,0.0,710,1,23.7,1685
616,616,169,169,62,2.7258,22,2,3.274,2201
617,617,198,198,66,3.0,22,2,0.0,3158
618,618,353,353,154,2.2922,48,2,0.731,2757
619,619,135,9,3,3.0,114,2,0.396,2247
620,620,154,154,49,3.1429,105,2,0.667,2768
621,621,447,447,213,2.0986,29,3,0.0,916
622,622,452,452,135,3.3481,27,2,1.309,2210
623,623,238,238,68,3.5,18,2,0.0,3132
624,624,346,346,118,2.9322,21,3,0.0,3920
625,625,112,112,38,2.9474,17,5,0.0,4646
626,626,147,147,56,2.625,224,4,5.539,2912
627,627,0,0,0,0.0,1472,3,4.113,2258
628,628,2,2,1,2.0,346,5,0.0,3778
629,629,160,160,44,3.6364,40,6,0.0,45
630,630,401,401,116,3.4569,18,5,0.0,3665
631,631,114,114,61,1.8689,60,3,1.866,565
632,632,140,140,67,2.0896,27,3,0.0,526
633,633,58,58,20,2.9,2,5,0.0,4501
634,634,21,21,6,3.5,20,2,0.0,2676
635,635,187,187,139,1.3453,68,1,16.5,2020
636,636,164,164,43,3.814,28,2,0.0,2505
637,637,12,12,6,2.0,23,5,3.98,3886
638,638,72,72,36,2.0,5,6,6.17,22
639,639,20,20,7,2.8571,1,2,0.0,895
640,640,21,21,6,3.5,238,3,0.0,1663
641,641,221,221,86,2.5698,65,3,0.0,1185
642,642,241,241,89,2.7079,14,5,0.0,4225
643,643,335,335,97,3.4536,10,4,0.0,4173
644,644,73,73,28,2.6071,14,6,0.0,129
645,645,119,119,52,2.2885,82,3,0.0,926
646,646,69,69,33,2.0909,43,6,0.0,388
647,647,133,133,43,3.093,43,5,0.0,4196
648,648,316,316,169,1.8698,38,2,0.003,2284
649,649,34,34,13,2.6154,1,2,0.0,2415
650,650,0,0,0,0.0,44,1,18.934,1882
651,651,221,221,126,1.754,46,2,2.62,2110
652,652,31,31,13,2.3846,13,3,0.0,385
653,653,59,59,29,2.0345,17,3,2.626,369
654,654,106,106,42,2.5238,20,2,5.754,1506
655,655,369,369,107,3.4486,20,5,0.0,3754
656,656,944,786,245,3.2082,488,4,0.0,4053
657,657,44,44,13,3.3846,0,2,0.0,2841
658,658,83,83,34,2.4412,20,3,0.0,679
659,659,198,198,84,2.3571,27,3,0.0,3920
660,660,394,394,112,3.5179,23,2,0.824,2903
661,661,196,196,56,3.5,30,2,0.0,3061
662,662,0,0,0,0.0,0,3,0.0,1230
663,663,56,56,15,3.7333,22,5,0.0,4700
664,664,0,0,0,0.0,101,2,0.0,2601
665,665,76,76,26,2.9231,12,2,6.18,3364
666,666,0,0,0,0.0,13,1,11.902,2077
667,667,161,161,46,3.5,26,2,1.634,2897
668,668,57,57,29,1.9655,15,2,0.0,747
669,669,178,178,48,3.7083,22,4,0.0,3157
670,670,118,118,60,1.9667,26,3,0.0,549
671,671,7,7,3,2.3333,75,2,0.069,2287
672,672,56,56,15,3.7333,4,5,0.0,4702
673,673,357,357,105,3.4,34,5,0.0,4311
674,674,155,155,89,1.7416,21,3,0.0,900
675,675,76,69,37,1.8649,17,3,1.43,606
676,676,485,485,147,3.2993,37,3,0.0,1623
677,677,27,27,8,3.375,2,4,0.0,3267
678,678,28,28,11,2.5455,52,2,0.0,2202
679,679,168,168,90,1.8667,34,2,0.0,589
680,680,184,184,71,2.5915,22,3,0.0,1082
681,681,119,119,44,2.7045,20,2,0.0,943
682,682,13,13,5,2.6,29,2,5.529,1536
683,683,51,51,15,3.4,14,2,0.0,2694
684,684,216,216,59,3.661,21,4,1.772,3498
685,685,42,42,11,3.8182,39,5,0.0,4705
686,686,739,739,202,3.6584,52,2,0.0,3307
687,687,88,88,47,1.8723,40,2,0.0,2391
688,688,749,749,224,3.3438,26,2,0.0,2735
689,689,147,147,43,3.4186,17,2,0.0,2554
690,690,203,203,59,3.4407,14,2,0.0,3610
691,691,155,155,47,3.2979,17,4,0.0,2517
692,692,0,0,0,0.0,84,2,0.0,3523
693,693,91,91,31,2.9355,12,3,0.0,3867
694,694,76,66,19,3.4737,47,2,0.0,3434
695,695,225,128,63,2.0317,143,3,1.46,611
696,696,0,0,0,0.0,86,2,0.0,744
697,697,314,314,86,3.6512,29,2,0.0,3324
698,698,141,141,41,3.439,16,2,0.0,2628
699,699,25,25,14,1.7857,26,2,1.362,1572
700,700,47,47,24,1.9583,17,2,0.0,818
701,701,29,29,15,1.9333,2,2,0.0,873
702,702,119,119,49,2.4286,19,2,0.624,1571
703,703,0,0,0,0.0,0,6,0.0,14
704,704,63,63,35,1.8,16,2,2.681,1572
705,705,89,89,35,2.5429,16,3,0.0,2396
706,706,369,369,113,3.2655,40,3,0.0,2123
707,707,47,47,31,1.5161,270,1,18.105,1891
708,708,302,302,174,1.7356,41,1,24.736,1631
709,709,24,24,10,2.4,3,2,9.432,1487
710,710,477,477,154,3.0974,53,4,0.0,2581
711,711,53,53,15,3.5333,40,5,0.0,4052
712,712,118,118,85,1.3882,8,1,21.82,1925
713,713,64,64,36,1.7778,16,2,0.404,2214
714,714,284,284,152,1.8684,69,2,0.537,2389
715,715,166,166,66,2.5152,30,2,6.427,1506
716,716,118,118,31,3.8065,18,2,0.0,2572
717,717,155,155,41,3.7805,18,2,0.0,2480
718,718,95,95,31,3.0645,15,4,0.0,2682
719,719,3,3,1,3.0,24,5,0.0,4673
720,720,85,85,52,1.6346,113,2,6.32,2013
721,721,0,0,0,0.0,64,2,0.857,2389
722,722,208,208,84,2.4762,24,3,0.0,1312
723,723,37,37,18,2.0556,181,3,0.0,411
724,724,34,34,13,2.6154,3,2,7.45,1506
725,725,283,283,86,3.2907,23,4,0.0,2469
726,726,162,162,65,2.4923,29,6,0.0,388
727,727,241,241,149,1.6174,34,2,0.185,610
728,728,60,60,26,2.3077,49,2,0.0,991
729,729,63,63,26,2.4231,17,3,0.0,1349
730,730,109,109,49,2.2245,14,2,0.61,2635
731,731,102,102,63,1.619,20,2,0.214,639
732,732,20,20,7,2.8571,1,2,0.0,793
733,733,128,128,97,1.3196,22,1,20.486,1918
734,734,301,301,108,2.787,52,5,0.0,4314
735,735,53,53,12,4.4167,177,2,0.0,2502
736,736,11,11,4,2.75,14,6,7.269,35
737,737,243,243,130,1.8692,7,2,0.004,2284
738,738,75,75,31,2.4194,2,2,0.731,1571
739,739,4,4,1,4.0,0,2,0.0,2797
740,740,253,253,148,1.7095,36,2,0.446,2476
741,741,5,5,3,1.6667,89,1,13.924,2080
742,742,140,140,53,2.6415,8,2,0.066,2402
743,743,330,330,107,3.0841,178,4,0.0,3484
744,744,42,42,18,2.3333,18,5,4.469,3899
745,745,414,414,132,3.1364,20,3,0.0,2244
746,746,7,7,3,2.3333,330,6,0.0,278
747,747,386,386,289,1.3356,103,1,20.757,1898
748,748,87,87,37,2.3514,6,2,7.324,1555
749,749,95,95,43,2.2093,8,2,0.066,2287
750,750,92,92,60,1.5333,20,2,12.288,1837
751,751,900,0,0,0.0,241,1,24.574,1725
752,752,74,74,28,2.6429,15,2,0.139,2422
753,753,139,139,46,3.0217,19,2,0.451,2686
754,754,278,278,98,2.8367,59,5,0.0,4309
755,755,91,91,26,3.5,14,2,0.0,3132
756,756,108,108,39,2.7692,20,2,1.4,3106
757,757,63,63,22,2.8636,13,2,0.0,1076
758,758,86,86,47,1.8298,19,3,0.0,883
759,759,15,15,5,3.0,148,5,0.0,4425
760,760,82,82,53,1.5472,66,2,11.504,1837
761,761,37,37,19,1.9474,75,5,3.935,3835
762,762,71,71,22,3.2273,2,2,0.0,3272
763,763,21,21,13,1.6154,12,2,14.426,1779
764,764,5,5,2,2.5,66,2,4.824,1536
765,765,77,77,48,1.6042,20,2,0.179,701
766,766,153,153,51,3.0,17,5,0.0,3888
767,767,123,123,75,1.64,20,2,2.32,2074
768,768,120,120,61,1.9672,22,3,0.0,623
769,769,148,148,59,2.5085,31,2,5.214,1517
770,770,0,0,0,0.0,0,4,0.0,4005
771,771,51,51,15,3.4,13,2,0.0,2731
772,772,6,6,2,3.0,41,5,0.0,4457
773,773,15,15,7,2.1429,347,6,0.0,264
774,774,161,161,77,2.0909,34,3,0.0,570
775,775,49,49,30,1.6333,1,2,10.951,1785
776,776,156,156,39,4.0,15,2,0.099,2345
777,777,43,43,12,3.5833,2,2,0.0,2875
778,778,80,80,26,3.0769,3,3,0.0,1382
779,779,183,175,64,2.7344,18,5,0.0,3575
780,780,103,103,26,3.9615,3,2,0.0,2810
781,781,155,155,107,1.4486,16,2,1.713,2150
782,782,149,149,56,2.6607,21,3,0.0,3598
783,783,70,70,31,2.2581,18,2,0.0,837
784,784,81,81,46,1.7609,49,2,0.167,730
785,785,264,264,79,3.3418,35,4,0.0,3267
786,786,40,40,24,1.6667,69,2,10.484,1831
787,787,57,57,23,2.4783,16,2,0.0,800
788,788,131,131,48,2.7292,7,2,0.0,943
789,789,249,249,93,2.6774,76,3,0.0,3958
790,790,94,94,37,2.5405,13,3,0.0,3075
791,791,4,4,2,2.0,41,5,0.0,3638
792,792,220,220,154,1.4286,125,1,22.742,1750
793,793,393,393,147,2.6735,33,3,0.0,2506
794,794,110,110,36,3.0556,37,4,0.0,2813
795,795,352,352,259,1.3591,73,1,19.679,1967
796,796,86,86,56,1.5357,15,2,15.233,1779
797,797,137,137,59,2.322,24,3,0.0,878
798,798,56,56,22,2.5455,2,2,0.0,3496
799,799,18,18,5,3.6,110,2,0.0,2557
800,800,45,33,19,1.7368,135,2,0.147,703
801,801,110,110,39,2.8205,13,3,0.0,1512
802,802,48,48,23,2.087,1168,4,5.32,3043
803,803,83,83,21,3.9524,14,2,0.0,2750
804,804,91,91,23,3.9565,3,2,0.0,2750
805,805,165,165,101,1.6337,19,2,1.075,2155
806,806,284,284,170,1.6706,138,2,9.273,1857
807,807,0,0,0,0.0,67,6,0.0,87
808,808,0,0,0,0.0,2223,2,0.598,2327
809,809,124,124,94,1.3191,145,1,20.755,1895
810,810,220,220,57,3.8596,3,2,0.0,3520
811,811,42,42,19,2.2105,72,2,0.003,2288
812,812,125,125,34,3.6765,44,4,5.311,3596
813,813,0,0,0,0.0,0,1,18.707,2023
814,814,394,394,125,3.152,36,2,0.671,2776
815,815,0,0,0,0.0,38,2,0.0,2557
816,816,33,33,15,2.2,56,2,0.022,2288
817,817,188,188,49,3.8367,31,2,0.0,2572
818,818,276,276,105,2.6286,19,5,0.0,3535
819,819,66,66,27,2.4444,15,2,0.77,1527
820,820,65,65,30,2.1667,17,6,0.0,264
821,821,91,91,45,2.0222,17,6,7.082,36
822,822,48,48,24,2.0,162,6,7.201,36
823,823,170,170,53,3.2075,15,2,0.0,3350
824,824,181,181,56,3.2321,14,4,0.0,3085
825,825,40,40,22,1.8182,87,2,0.417,2313
826,826,454,454,145,3.131,29,5,0.0,3708
827,827,167,167,49,3.4082,15,2,0.0,3366
828,828,69,69,37,1.8649,17,3,0.998,654
829,829,198,198,51,3.8824,16,2,0.0,3230
830,830,246,246,98,2.5102,23,2,0.0,3461
831,831,72,72,29,2.4828,19,2,0.0,625
832,832,644,644,216,2.9815,47,5,0.0,4425
833,833,77,77,41,1.878,3,2,0.469,2391
834,834,45,45,13,3.4615,20,2,0.0,2700
835,835,72,72,46,1.5652,43,2,1.182,2265
836,836,49,49,25,1.96,114,6,0.0,70
837,837,330,330,121,2.7273,41,3,0.0,1170
838,838,178,178,92,1.9348,21,2,0.188,650
839,839,31,31,13,2.3846,12,5,4.441,3899
840,840,232,232,64,3.625,24,2,0.0,2338
841,841,69,69,27,2.5556,15,2,6.414,1536
842,842,184,184,82,2.2439,41,3,0.0,471
843,843,55,55,22,2.5,22,2,0.0,768
844,844,56,56,16,3.5,2,2,0.0,3389
845,845,162,150,67,2.2388,4,3,0.0,1786
846,846,79,79,26,3.0385,15,5,0.0,3898
847,847,103,103,31,3.3226,3,4,0.0,3448
848,848,178,178,69,2.5797,30,4,0.0,2298
849,849,143,143,37,3.8649,14,2,0.0,3520
850,850,122,122,32,3.8125,20,2,0.0,2505
851,851,312,312,82,3.8049,35,2,0.0,2572
852,852,125,109,31,3.5161,21,2,0.0,3132
853,853,116,116,62,1.871,21,2,0.389,2391
854,854,91,91,47,1.9362,5,2,0.177,754
855,855,202,202,94,2.1489,29,3,0.0,983
856,856,90,90,33,2.7273,17,2,0.0,829
857,857,816,816,219,3.726,88,4,0.0,3057
858,858,233,233,81,2.8765,4,4,0.0,2575
859,859,51,51,22,2.3182,49,2,0.0,3619
860,860,82,82,34,2.4118,3,2,0.78,1571
861,861,9,9,5,1.8,290,2,0.883,2312
862,862,284,284,107,2.6542,320,3,0.0,1212
863,863,183,183,116,1.5776,33,2,1.01,2265
864,864,186,186,70,2.6571,25,2,0.0,2637
865,865,48,48,14,3.4286,2,5,0.0,4021
866,866,17,17,11,1.5455,203,1,18.01,2017
867,867,16,16,8,2.0,15,2,0.0,747
868,868,106,106,27,3.9259,17,2,0.0,2713
869,869,496,496,184,2.6957,39,5,0.0,4009
870,870,126,126,45,2.8,14,5,0.0,4340
871,871,112,112,31,3.6129,18,2,0.0,3243
872,872,176,42,31,1.3548,58,1,20.477,1984
873,873,345,345,176,1.9602,35,2,0.0,956
874,874,189,189,52,3.6346,21,2,0.0,2338
875,875,228,228,59,3.8644,14,2,0.0,3462
876,876,110,110,49,2.2449,27,2,0.0,837
877,877,70,70,31,2.2581,17,2,0.0,911
878,878,384,384,122,3.1475,34,2,0.689,2776
879,879,28,28,10,2.8,1,2,0.0,1136
880,880,84,84,49,1.7143,21,2,0.752,2416
881,881,234,234,136,1.7206,32,2,0.793,2416
882,882,0,0,0,0.0,48,6,6.875,33
883,883,138,138,53,2.6038,15,4,0.0,3319
884,884,79,79,42,1.881,16,2,0.0,2450
885,885,93,93,26,3.5769,21,2,0.0,2762
886,886,106,106,34,3.1176,14,5,0.0,3708
887,887,61,61,25,2.44,17,2,0.0,1470
888,888,0,0,0,0.0,45,2,0.0,2476
889,889,171,171,79,2.1646,46,3,0.0,2335
890,890,117,117,38,3.0789,189,5,0.0,3783
891,891,64,64,41,1.561,15,2,14.627,1835
892,892,107,107,27,3.963,15,2,0.0,2741
893,893,81,81,50,1.62,17,2,0.192,701
894,894,121,121,58,2.0862,25,2,6.735,2144
895,895,512,0,0,0.0,1529,2,0.0,1133
896,896,64,64,33,1.9394,19,2,0.974,1582
897,897,86,86,43,2.0,69,4,0.0,2268
898,898,93,93,56,1.6607,22,2,8.183,1807
899,899,109,109,83,1.3133,162,1,19.935,1943
900,900,132,132,52,2.5385,34,3,0.0,825
901,901,149,149,72,2.0694,123,4,5.513,3043
902,902,192,192,75,2.56,26,3,0.0,2031
903,903,67,67,27,2.4815,3,2,0.0,652
904,904,25,25,14,1.7857,72,2,2.278,2121
905,905,252,252,137,1.8394,51,2,0.846,2395
906,906,134,134,37,3.6216,16,5,0.0,4052
907,907,168,168,59,2.8475,31,5,0.0,4166
908,908,134,134,50,2.68,66,3,0.0,3598
909,909,188,188,96,1.9583,20,2,0.0,956
910,910,87,87,35,2.4857,28,2,6.224,1667
911,911,150,150,59,2.5424,100,5,0.0,4141
912,912,49,49,19,2.5789,27,6,0.0,261
913,913,461,461,264,1.7462,45,2,1.65,2165
914,914,0,0,0,0.0,114,2,0.0,982
915,915,7,7,4,1.75,436,2,2.835,1403
916,916,110,110,47,2.3404,19,3,0.0,2874
917,917,85,85,43,1.9767,13,3,0.745,1425
918,918,160,160,52,3.0769,19,5,0.0,4163
919,919,201,201,74,2.7162,28,5,0.0,4273
920,920,68,68,25,2.72,31,2,0.0,1052
921,921,149,149,91,1.6374,24,2,1.309,2208
922,922,173,173,70,2.4714,31,3,0.0,1455
923,923,49,49,14,3.5,16,2,0.0,2676
924,924,97,97,28,3.4643,16,2,0.0,3434
925,925,7,7,3,2.3333,95,2,0.0,2538
926,926,262,262,90,2.9111,38,3,0.0,1600
927,927,465,465,187,2.4866,23,3,0.0,1180
928,928,55,55,24,2.2917,4,2,0.0,936
929,929,1554,1554,635,2.4472,286,2,9.164,1751
930,930,666,666,181,3.6796,154,5,0.0,4400
931,931,37,37,24,1.5417,47,2,1.075,2309
932,932,0,0,0,0.0,63,1,21.973,1635
933,933,50,50,41,1.2195,19,2,18.571,1853
934,934,80,80,37,2.1622,36,6,0.0,264
935,935,31,31,14,2.2143,86,6,0.0,264
936,936,41,41,13,3.1538,11,2,0.0,3365
937,937,349,349,133,2.6241,35,4,5.566,2912
938,938,228,228,77,2.961,57,2,2.113,2129
939,939,116,116,53,2.1887,23,2,0.06,2292
940,940,48,48,29,1.6552,177,2,9.287,1856
941,941,5,5,2,2.5,105,2,0.0,1018
942,942,90,90,50,1.8,6,2,4.075,2169
943,943,59,59,24,2.4583,18,2,0.0,728
944,944,57,57,41,1.3902,454,3,6.358,378
945,945,91,91,25,3.64,2,5,0.0,4052
946,946,62,62,18,3.4444,13,2,0.736,2676
947,947,64,64,34,1.8824,3,2,0.068,2391
948,948,84,84,30,2.8,65,2,0.0,2541
949,949,153,153,45,3.4,27,2,0.748,2608
950,950,75,75,19,3.9474,15,2,0.0,2741
951,951,92,92,37,2.4865,19,6,0.0,388
952,952,25,25,8,3.125,31,2,0.338,2367
953,953,67,67,27,2.4815,3,2,0.0,553
954,954,123,123,38,3.2368,20,3,0.0,3889
955,955,104,104,40,2.6,21,6,0.0,253
956,956,120,120,53,2.2642,125,3,0.0,541
957,957,74,74,25,2.96,12,3,0.0,3122
958,958,110,110,56,1.9643,18,3,0.0,549
959,959,58,58,23,2.5217,5,2,5.101,1517
960,960,133,133,65,2.0462,21,3,1.355,677
961,961,64,64,38,1.6842,22,2,7.631,1807
962,962,95,95,58,1.6379,3,2,10.826,1823
963,963,162,162,73,2.2192,37,3,0.097,729
964,964,0,0,0,0.0,50,2,1.238,1391
965,965,78,78,34,2.2941,59,2,0.0,959
966,966,32,32,9,3.5556,0,2,0.578,2602
967,967,36,36,18,2.0,13,2,0.654,1700
968,968,34,31,14,2.2143,70,2,0.0,3523
969,969,151,151,56,2.6964,30,5,0.0,4685
970,970,29,29,11,2.6364,14,5,0.0,4686
971,971,46,46,16,2.875,28,5,0.0,4675
972,972,66,66,26,2.5385,19,5,0.0,4208
973,973,95,95,48,1.9792,4,3,1.334,765
974,974,67,67,21,3.1905,2,2,0.0,3313
975,975,0,0,0,0.0,0,4,0.0,2523
976,976,0,0,0,0.0,854,3,0.0,2539
977,977,231,231,123,1.878,21,2,0.0,563
978,978,82,82,34,2.4118,45,2,0.566,1527
979,979,37,37,19,1.9474,3,2,0.0,851
980,980,23,23,10,2.3,33,2,0.0,936
981,981,98,98,69,1.4203,165,1,22.573,1838
982,982,0,0,0,0.0,0,1,20.777,1973
983,983,110,110,50,2.2,38,2,0.0,2538
984,984,70,70,53,1.3208,0,1,19.912,1942
985,985,95,95,43,2.2093,16,3,0.0,3188
986,986,66,66,40,1.65,35,3,0.0,622
987,987,28,28,13,2.1538,75,2,0.0,975
988,988,117,117,39,3.0,18,3,0.0,2304
989,989,56,56,15,3.7333,4,5,0.0,4700
990,990,96,96,46,2.087,158,3,0.0,570
991,991,0,0,0,0.0,1255,1,22.893,1776
992,992,149,149,56,2.6607,27,5,0.0,4024
993,993,45,45,24,1.875,13,2,0.48,2391
994,994,113,113,43,2.6279,5,2,0.066,2402
995,995,107,107,43,2.4884,6,2,0.0,652
996,996,47,47,19,2.4737,15,2,0.0,643
997,997,134,134,66,2.0303,6,2,0.084,2359
998,998,219,219,118,1.8559,46,3,0.0,889
999,999,245,245,91,2.6923,28,4,0.0,2470
1000,1000,163,163,83,1.9639,21,3,0.754,746
1001,1001,218,218,65,3.3538,168,4,0.0,2958
1002,1002,41,41,23,1.7826,50,2,0.363,2313
1003,1003,0,0,0,0.0,0,1,18.905,1818
1004,1004,67,67,22,3.0455,18,5,0.0,4105
1005,1005,247,247,97,2.5464,50,2,0.0,3487
1006,1006,20,20,12,1.6667,291,2,1.326,2154
1007,1007,189,189,69,2.7391,39,2,2.964,2202
1008,1008,103,103,38,2.7105,15,5,0.0,4280
1009,1009,46,46,27,1.7037,79,2,2.624,1431
1010,1010,177,177,63,2.8095,18,3,0.0,1446
1011,1011,222,222,113,1.9646,22,3,0.088,823
1012,1012,119,119,35,3.4,3,2,0.0,2658
1013,1013,260,260,172,1.5116,129,1,24.692,1769
1014,1014,0,0,0,0.0,67,5,0.0,3971
1015,1015,216,179,135,1.3259,222,1,19.856,1939
1016,1016,107,107,72,1.4861,193,1,21.577,1673
1017,1017,354,354,245,1.4449,55,1,16.694,2035
1018,1018,117,117,45,2.6,21,6,0.0,422
1019,1019,0,0,0,0.0,160,3,0.0,3336
1020,1020,86,86,38,2.2632,16,2,0.0,795
1021,1021,270,270,104,2.5962,62,2,0.0,2882
1022,1022,0,0,0,0.0,31,2,2.2,3461
1023,1023,150,150,50,3.0,15,3,0.0,3380
1024,1024,145,145,53,2.7358,432,2,0.0,1159
1025,1025,69,69,38,1.8158,61,3,1.405,617
1026,1026,14,7,2,3.5,69,2,0.623,2684
1027,1027,59,59,28,2.1071,24,6,0.0,371
1028,1028,55,55,22,2.5,6,2,1.043,1486
1029,1029,40,40,22,1.8182,14,2,5.69,2169
1030,1030,0,0,0,0.0,290,2,0.0,2442
1031,1031,40,40,17,2.3529,68,6,1.787,53
1032,1032,0,0,0,0.0,68,3,0.0,2444
1033,1033,293,293,103,2.8447,65,5,0.0,4227
1034,1034,86,86,46,1.8696,17,2,0.274,619
1035,1035,569,569,140,4.0643,21,3,0.0,2573
1036,1036,218,218,98,2.2245,22,2,0.0,2538
1037,1037,44,44,19,2.3158,55,5,0.0,3676
1038,1038,313,276,193,1.4301,375,1,22.368,1836
1039,1039,81,81,30,2.7,30,5,0.0,4653
1040,1040,179,179,90,1.9889,22,3,0.766,1425
1041,1041,0,0,0,0.0,544,2,9.622,1831
1042,1042,68,68,34,2.0,38,5,0.0,3969
1043,1043,75,75,27,2.7778,4,2,0.0,1076
1044,1044,83,83,44,1.8864,514,3,7.498,427
1045,1045,53,53,22,2.4091,14,2,0.898,1527
1046,1046,89,89,32,2.7812,16,5,0.0,4340
1047,1047,147,147,64,2.2969,75,2,0.0,3619
1048,1048,134,134,79,1.6962,73,2,0.011,2252
1049,1049,32,32,9,3.5556,1,2,0.0,3307
1050,1050,249,249,183,1.3607,97,1,19.503,1982
1051,1051,87,87,35,2.4857,16,2,4.92,1578
1052,1052,40,40,12,3.3333,0,2,0.0,2841
1053,1053,44,37,11,3.3636,13,2,0.0,2841
1054,1054,25,25,20,1.25,28,2,14.605,1834
1055,1055,103,103,27,3.8148,21,5,0.0,4697
1056,1056,115,115,85,1.3529,25,1,18.437,2003
1057,1057,307,307,158,1.943,24,2,0.668,2339
1058,1058,103,103,35,2.9429,16,4,0.0,3091
1059,1059,301,301,162,1.858,43,3,0.0,883
1060,1060,23,12,3,4.0,54,2,0.0,3311
1061,1061,200,200,53,3.7736,18,2,0.0,2480
1062,1062,275,275,192,1.4323,113,1,22.563,1838
1063,1063,25,25,7,3.5714,185,2,0.992,2570
1064,1064,0,0,0,0.0,890,3,0.0,2232
1065,1065,106,106,45,2.3556,32,3,0.0,2788
1066,1066,29,29,12,2.4167,40,3,0.0,1312
1067,1067,166,166,46,3.6087,15,2,0.0,3399
1068,1068,0,0,0,0.0,162,2,5.615,1550
1069,1069,0,0,0,0.0,796,3,0.0,1525
1070,1070,280,280,93,3.0108,6,3,0.0,1917
1071,1071,275,275,68,4.0441,64,4,0.0,3946
1072,1072,89,89,40,2.225,23,3,0.0,541
1073,1073,328,221,79,2.7975,137,5,0.0,4314
1074,1074,0,0,0,0.0,0,4,6.2,3641
1075,1075,107,107,49,2.1837,27,2,0.0,2596
1076,1076,0,0,0,0.0,122,2,19.626,1159
1077,1077,272,272,113,2.4071,40,6,0.0,95
1078,1078,178,178,77,2.3117,18,3,0.0,878
1079,1079,28,28,13,2.1538,117,3,0.0,983
1080,1080,162,162,40,4.05,19,3,0.0,2573
1081,1081,30,30,17,1.7647,62,2,1.036,2309
1082,1082,41,41,17,2.4118,66,2,6.505,1526
1083,1083,27,27,9,3.0,14,5,0.0,4620
1084,1084,140,140,73,1.9178,14,2,0.664,1620
1085,1085,555,555,158,3.5127,32,2,1.576,2897
1086,1086,147,147,45,3.2667,16,4,0.0,2471
1087,1087,3,3,1,3.0,34,5,0.0,4166
1088,1088,51,51,18,2.8333,1,3,0.0,1560
1089,1089,590,590,258,2.2868,64,3,0.0,2543
1090,1090,61,61,31,1.9677,187,2,0.195,754
1091,1091,0,0,0,0.0,59,3,0.0,3722
1092,1092,49,49,20,2.45,17,6,0.0,367
1093,1093,240,236,126,1.873,17,2,0.004,2305
1094,1094,3,3,2,1.5,25,1,22.995,1792
1095,1095,187,187,105,1.781,25,2,2.373,2042
1096,1096,61,61,49,1.2449,17,2,15.83,1757
1097,1097,188,188,61,3.082,17,4,0.0,2682
1098,1098,5,5,3,1.6667,132,2,3.863,1277
1099,1099,228,228,79,2.8861,27,4,0.0,2575
1100,1100,0,0,0,0.0,48,4,0.0,4399
1101,1101,136,136,46,2.9565,30,4,0.0,3091
1102,1102,229,229,124,1.8468,63,2,0.0,2472
1103,1103,876,876,284,3.0845,54,4,0.0,2682
1104,1104,185,185,65,2.8462,27,5,0.0,4410
1105,1105,0,0,0,0.0,99,4,0.0,3265
1106,1106,18,18,9,2.0,0,2,0.0,828
1107,1107,92,92,27,3.4074,13,5,0.0,4021
1108,1108,73,73,21,3.4762,13,2,0.0,3712
1109,1109,0,0,0,0.0,85,3,0.0,2231
1110,1110,201,201,62,3.2419,22,4,0.0,3383
1111,1111,61,61,37,1.6486,34,2,8.76,2013
1112,1112,90,90,33,2.7273,14,2,0.0,1005
1113,1113,84,84,27,3.1111,173,5,0.0,3651
1114,1114,0,0,0,0.0,39,6,7.278,30
1115,1115,323,323,145,2.2276,63,3,0.0,825
1116,1116,22,22,11,2.0,12,5,0.0,3751
1117,1117,291,291,148,1.9662,128,5,0.0,3751
1118,1118,186,186,53,3.5094,15,2,0.0,3058
1119,1119,172,172,50,3.44,26,4,0.0,3338
1120,1120,31,31,18,1.7222,33,2,0.341,2313
1121,1121,120,120,35,3.4286,14,2,0.0,2628
1122,1122,136,136,43,3.1628,3,3,0.0,2375
1123,1123,83,83,36,2.3056,5,2,0.0,1018
1124,1124,683,683,275,2.4836,43,5,0.0,3755
1125,1125,116,116,32,3.625,30,5,0.0,4052
1126,1126,213,213,64,3.3281,21,4,0.0,3437
1127,1127,0,0,0,0.0,15,2,0.737,2589
1128,1128,38,38,10,3.8,25,5,0.0,4690
1129,1129,55,49,16,3.0625,62,4,0.0,2769
1130,1130,53,53,18,2.9444,14,4,0.0,3406
1131,1131,167,167,79,2.1139,54,3,1.483,1308
1132,1132,97,97,39,2.4872,16,3,0.0,1310
1133,1133,198,198,68,2.9118,15,3,0.0,3954
1134,1134,101,98,36,2.7222,41,2,0.0,2250
1135,1135,611,611,331,1.8459,136,2,0.919,2395
1136,1136,69,69,27,2.5556,16,2,1.353,1486
1137,1137,125,125,44,2.8409,15,4,0.0,2300
1138,1138,394,394,202,1.9505,49,2,0.0,818
1139,1139,280,280,129,2.1705,31,3,0.0,1131
1140,1140,150,150,69,2.1739,18,3,0.0,983
1141,1141,232,232,88,2.6364,23,5,0.0,3535
1142,1142,75,75,30,2.5,17,6,0.0,388
1143,1143,29,29,16,1.8125,3,3,1.124,654
1144,1144,0,0,0,0.0,51,6,7.044,25
1145,1145,93,93,46,2.0217,215,3,1.286,661
1146,1146,135,135,52,2.5962,4,2,0.543,2652
1147,1147,121,121,51,2.3725,83,2,5.52,1526
1148,1148,57,57,16,3.5625,13,2,0.655,2614
1149,1149,163,163,95,1.7158,25,2,0.0,2476
1150,1150,55,55,24,2.2917,49,2,0.0,3523
1151,1151,91,91,25,3.64,3,5,0.0,4098
1152,1152,0,0,0,0.0,42,2,0.621,2589
1153,1153,131,131,72,1.8194,20,2,6.805,2130
1154,1154,72,72,28,2.5714,26,6,0.0,253
1155,1155,55,55,38,1.4474,45,1,17.395,2036
1156,1156,76,76,49,1.551,86,2,14.746,1703
1157,1157,0,0,0,0.0,42,5,0.0,3575
1158,1158,98,98,43,2.2791,5,2,0.0,3523
1159,1159,0,0,0,0.0,438,3,0.0,2370
1160,1160,355,355,97,3.6598,12,2,0.0,3307
1161,1161,232,232,88,2.6364,20,5,0.0,4235
1162,1162,278,278,98,2.8367,28,5,0.0,4211
1163,1163,61,61,26,2.3462,49,2,7.273,1555
1164,1164,213,213,145,1.469,401,1,21.934,1634
1165,1165,0,0,0,0.0,0,4,0.0,4071
1166,1166,270,270,102,2.6471,30,2,0.0,2637
1167,1167,256,256,63,4.0635,6,2,0.0,2559
1168,1168,0,0,0,0.0,543,5,0.0,4274
1169,1169,553,553,136,4.0662,30,3,0.0,2573
1170,1170,57,57,29,1.9655,28,6,5.179,32
1171,1171,108,108,40,2.7,58,2,0.0,3465
1172,1172,55,55,30,1.8333,5,2,0.315,2312
1173,1173,42,42,13,3.2308,65,2,0.0,3272
1174,1174,0,0,0,0.0,849,4,0.0,3674
1175,1175,32,32,13,2.4615,23,2,0.0,3465
1176,1176,105,105,34,3.0882,15,4,0.0,2581
1177,1177,25,25,12,2.0833,83,2,9.25,2145
1178,1178,567,567,273,2.0769,24,1,10.937,2076
1179,1179,91,91,34,2.6765,24,3,0.0,3893
1180,1180,0,0,0,0.0,1464,2,0.0,1159
1181,1181,87,87,36,2.4167,334,2,2.666,1419
1182,1182,9,9,3,3.0,69,4,0.0,3522
1183,1183,165,165,85,1.9412,113,2,0.689,2339
1184,1184,209,209,119,1.7563,4,2,1.211,2207
1185,1185,0,0,0,0.0,1629,1,18.078,1961
1186,1186,247,247,65,3.8,23,2,0.0,2480
1187,1187,59,59,34,1.7353,39,2,0.598,2214
1188,1188,94,94,26,3.6154,14,2,0.0,3243
1189,1189,74,74,35,2.1143,17,6,0.0,371
1190,1190,124,124,56,2.2143,24,2,0.042,2288
1191,1191,0,0,0,0.0,0,6,0.0,14
1192,1192,323,323,89,3.6292,6,4,0.0,4260
1193,1193,66,66,32,2.0625,20,3,2.602,347
1194,1194,0,0,0,0.0,87,2,0.0,3349
1195,1195,0,0,0,0.0,781,3,0.0,1784
1196,1196,0,0,0,0.0,140,1,23.073,1747
1197,1197,298,298,110,2.7091,37,5,0.0,4272
1198,1198,0,0,0,0.0,87,2,0.0,2501
1199,1199,316,316,99,3.1919,63,3,0.0,2688
1200,1200,240,240,114,2.1053,330,3,0.0,570
1201,1201,63,27,16,1.6875,19,2,5.262,1816
1202,1202,0,0,0,0.0,52,2,6.752,1863
1203,1203,377,377,104,3.625,7,4,0.0,4260
1204,1204,212,212,61,3.4754,6,2,0.0,3892
1205,1205,59,59,21,2.8095,46,5,0.0,4166
1206,1206,132,132,43,3.0698,20,3,0.0,1332
1207,1207,0,0,0,0.0,0,5,0.0,4511
1208,1208,331,331,98,3.3776,44,3,0.0,2555
1209,1209,5,5,2,2.5,201,2,0.0,2535
1210,1210,0,0,0,0.0,0,2,2.939,2243
1211,1211,0,0,0,0.0,379,2,0.0,766
1212,1212,60,60,24,2.5,17,2,7.836,1667
1213,1213,0,0,0,0.0,77,1,20.142,2010
1214,1214,65,65,21,3.0952,33,4,0.0,2769
1215,1215,150,150,89,1.6854,82,2,6.541,1863
1216,1216,54,54,19,2.8421,15,2,0.0,1136
1217,1217,206,206,81,2.5432,32,6,6.067,54
1218,1218,50,50,19,2.6316,16,3,0.0,1086
1219,1219,89,89,40,2.225,17,2,0.162,2479
1220,1220,53,53,23,2.3043,20,3,0.0,3810
1221,1221,0,0,0,0.0,205,5,0.0,4014
1222,1222,76,76,31,2.4516,3,2,0.0,1527
1223,1223,148,148,64,2.3125,58,3,0.0,866
1224,1224,49,49,17,2.8824,22,5,0.0,4675
1225,1225,329,329,140,2.35,107,3,0.0,664
1226,1226,0,0,0,0.0,393,5,0.0,4279
1227,1227,21,21,5,4.2,10,2,0.0,3062
1228,1228,49,49,25,1.96,30,2,0.0,949
1229,1229,165,165,69,2.3913,24,3,0.0,1032
1230,1230,0,0,0,0.0,126,2,0.0,2665
1231,1231,120,120,62,1.9355,12,2,0.929,1582
1232,1232,180,180,60,3.0,15,5,0.0,3890
1233,1233,136,136,67,2.0299,22,2,0.057,2355
1234,1234,127,127,45,2.8222,84,5,0.0,4459
1235,1235,89,89,48,1.8542,17,2,0.432,2391
1236,1236,58,58,32,1.8125,15,2,0.364,2313
1237,1237,35,35,21,1.6667,36,2,8.48,1856
1238,1238,84,84,51,1.6471,16,2,1.077,2154
1239,1239,0,0,0,0.0,113,3,0.0,3855
1240,1240,148,148,39,3.7949,16,2,0.0,2562
1241,1241,157,157,80,1.9625,53,3,0.082,812
1242,1242,43,43,17,2.5294,14,2,1.122,3416
1243,1243,129,129,43,3.0,18,4,0.0,3522
1244,1244,0,0,0,0.0,173,6,0.0,88
1245,1245,165,165,43,3.8372,13,2,0.0,3520
1246,1246,0,0,0,0.0,356,4,0.0,3089
1247,1247,94,94,76,1.2368,123,2,18.65,1853
1248,1248,80,80,37,2.1622,45,6,0.0,271
1249,1249,216,216,76,2.8421,26,4,0.0,2300
1250,1250,100,100,40,2.5,22,6,0.0,388
1251,1251,40,38,10,3.8,14,5,0.0,4694
1252,1252,303,303,135,2.2444,31,3,0.0,1627
1253,1253,52,52,39,1.3333,3,1,20.168,1922
1254,1254,53,53,21,2.5238,16,2,0.0,1486
1255,1255,71,71,30,2.3667,23,2,8.336,1487
1256,1256,923,923,278,3.3201,91,3,0.0,1709
1257,1257,48,12,6,2.0,69,3,0.082,812
1258,1258,40,40,20,2.0,398,3,1.416,586
1259,1259,67,67,20,3.35,15,5,0.0,4021
1260,1260,55,55,27,2.037,129,3,1.677,582
1261,1261,0,0,0,0.0,103,6,7.175,33
1262,1262,41,41,11,3.7273,75,5,0.0,4690
1263,1263,464,464,141,3.2908,52,2,0.0,3002
1264,1264,25,25,8,3.125,1,5,0.0,4592
1265,1265,117,117,61,1.918,58,2,0.194,737
1266,1266,56,56,29,1.931,14,2,0.0,956
1267,1267,46,46,17,2.7059,32,5,0.0,4686
1268,1268,0,0,0,0.0,19,5,0.0,4702
1269,1269,40,40,26,1.5385,374,1,19.14,1682
1270,1270,94,94,26,3.6154,13,5,0.0,4052
1271,1271,101,101,39,2.5897,25,6,0.0,253
1272,1272,692,692,277,2.4982,332,1,22.226,1830
1273,1273,0,0,0,0.0,208,3,0.0,3441
1274,1274,163,163,52,3.1346,18,5,0.0,3708
1275,1275,317,317,106,2.9906,31,2,0.474,2686
1276,1276,148,148,58,2.5517,25,6,6.754,48
1277,1277,0,0,0,0.0,138,5,0.0,4292
1278,1278,161,161,47,3.4255,17,2,0.0,2607
1279,1279,347,347,103,3.3689,27,3,0.0,2530
1280,1280,230,230,91,2.5275,32,3,0.0,729
1281,1281,221,221,72,3.0694,18,4,0.0,2682
1282,1282,56,56,19,2.9474,229,5,0.0,4425
1283,1283,84,84,33,2.5455,17,3,0.0,3090
1284,1284,207,207,71,2.9155,28,3,0.0,3954
1285,1285,123,123,55,2.2364,16,2,0.0,2612
1286,1286,570,570,249,2.2892,46,2,1.457,2878
1287,1287,125,125,50,2.5,23,2,0.0,643
1288,1288,121,121,50,2.42,5,2,0.884,1528
1289,1289,140,140,35,4.0,14,2,0.117,2345
1290,1290,63,63,23,2.7391,20,5,0.0,3999
1291,1291,72,72,46,1.5652,79,2,1.093,2265
1292,1292,237,237,130,1.8231,29,2,1.108,2286
1293,1293,38,38,23,1.6522,337,2,9.49,1932
1294,1294,50,50,22,2.2727,17,2,0.0,963
1295,1295,55,55,29,1.8966,35,3,1.303,606
1296,1296,0,0,0,0.0,172,5,0.0,4110
1297,1297,19,19,10,1.9,2,2,0.602,1586
1298,1298,58,58,31,1.871,2,2,0.0,646
1299,1299,106,106,38,2.7895,30,3,0.0,1440
1300,1300,61,61,25,2.44,242,3,0.0,423
1301,1301,0,0,0,0.0,367,2,0.625,2589
1302,1302,47,47,19,2.4737,3,2,0.0,588
1303,1303,44,44,25,1.76,3,2,3.363,2042
1304,1304,0,0,0,0.0,10,1,24.653,1724
1305,1305,0,0,0,0.0,237,1,20.993,1838
1306,1306,0,0,0,0.0,145,2,14.53,1608
1307,1307,261,261,140,1.8643,47,1,10.357,2069
1308,1308,9,9,4,2.25,99,6,0.0,280
1309,1309,56,56,32,1.75,589,3,0.0,912
1310,1310,309,309,101,3.0594,28,3,0.0,1240
1311,1311,143,143,61,2.3443,23,2,0.0,1453
1312,1312,0,0,0,0.0,228,3,0.0,617
1313,1313,74,74,38,1.9474,39,2,0.211,777
1314,1314,54,54,21,2.5714,13,3,0.0,2396
1315,1315,28,28,20,1.4,3,3,5.651,343
1316,1316,64,64,34,1.8824,13,3,0.0,889
1317,1317,54,54,23,2.3478,17,2,7.698,1487
1318,1318,148,148,47,3.1489,14,3,0.0,2375
1319,1319,71,71,24,2.9583,12,2,1.846,2213
1320,1320,25,25,8,3.125,26,5,0.0,4160
1321,1321,112,112,63,1.7778,88,2,6.552,1629
1322,1322,159,159,47,3.383,59,5,0.0,4021
1323,1323,334,334,95,3.5158,21,2,1.395,2903
1324,1324,48,48,20,2.4,13,6,3.441,54
1325,1325,0,0,0,0.0,592,3,0.0,2061
1326,1326,0,0,0,0.0,156,3,0.0,1166
1327,1327,176,176,114,1.5439,100,1,17.145,1676
1328,1328,5,5,3,1.6667,29,2,15.713,1658
1329,1329,13,13,5,2.6,0,2,0.0,720
1330,1330,54,54,23,2.3478,18,3,2.188,1540
1331,1331,151,151,72,2.0972,35,6,0.0,371
1332,1332,0,0,0,0.0,243,1,23.009,1749
1333,1333,73,73,39,1.8718,14,2,0.0,584
1334,1334,158,158,99,1.596,70,2,0.235,613
1335,1335,32,32,24,1.3333,89,1,19.819,2009
1336,1336,64,64,16,4.0,21,2,0.0,2700
1337,1337,279,279,105,2.6571,31,2,0.0,2637
1338,1338,92,92,39,2.359,5,3,0.0,3460
1339,1339,126,126,63,2.0,16,5,2.118,3923
1340,1340,109,109,48,2.2708,22,3,0.0,3722
1341,1341,468,468,176,2.6591,68,5,0.0,4264
1342,1342,111,111,80,1.3875,66,1,21.689,1925
1343,1343,89,89,40,2.225,19,2,0.049,2292
1344,1344,616,616,195,3.159,81,2,0.708,2776
1345,1345,81,81,30,2.7,4,2,0.005,783
1346,1346,721,721,205,3.5171,29,2,1.359,2903
1347,1347,48,48,24,2.0,3,6,5.58,32
1348,1348,40,40,12,3.3333,0,2,0.0,2841
1349,1349,22,22,15,1.4667,0,1,11.022,2109
1350,1350,69,69,19,3.6316,40,6,0.0,49
1351,1351,118,118,63,1.873,132,3,1.803,576
1352,1352,47,47,13,3.6154,0,2,0.838,2590
1353,1353,38,38,11,3.4545,27,5,0.0,4429
1354,1354,84,84,31,2.7097,3,3,0.0,3893
1355,1355,207,207,76,2.7237,40,2,3.236,2202
1356,1356,80,80,29,2.7586,43,2,0.0,1052
1357,1357,38,38,31,1.2258,17,2,15.773,1757
1358,1358,132,132,62,2.129,22,3,11.284,1308
1359,1359,70,70,33,2.1212,481,3,11.574,1300
1360,1360,119,119,48,2.4792,18,3,0.0,1355
1361,1361,202,202,58,3.4828,21,2,0.0,3901
1362,1362,157,121,55,2.2,40,2,0.043,2288
1363,1363,280,280,75,3.7333,26,4,0.0,3057
1364,1364,0,0,0,0.0,1105,1,16.931,2066
1365,1365,39,39,24,1.625,23,2,7.095,2013
1366,1366,51,51,27,1.8889,28,2,0.975,1618
1367,1367,224,224,167,1.3413,144,1,19.54,1965
1368,1368,78,78,35,2.2286,128,3,0.741,755
1369,1369,358,358,263,1.3612,72,1,19.637,2008
1370,1370,11,11,5,2.2,247,3,1.453,611
1371,1371,102,102,29,3.5172,20,2,0.0,3058
1372,1372,101,101,28,3.6071,15,2,0.0,3029
1373,1373,69,69,37,1.8649,91,3,1.164,661
1374,1374,127,127,43,2.9535,16,5,0.0,4652
1375,1375,643,643,183,3.5137,39,2,1.393,2897
1376,1376,448,448,162,2.7654,67,4,0.0,4178
1377,1377,167,167,50,3.34,69,2,1.333,2210
1378,1378,137,137,50,2.74,28,2,0.0,2250
1379,1379,239,239,122,1.959,96,2,0.0,956
1380,1380,6484,1586,505,3.1406,21805,6,0.0,17
1381,1381,85,77,24,3.2083,2,2,0.0,3350
1382,1382,84,84,43,1.9535,18,2,0.188,780
1383,1383,167,167,56,2.9821,21,3,0.0,2191
1384,1384,244,244,134,1.8209,76,3,0.0,517
1385,1385,72,72,28,2.5714,15,6,0.0,253
1386,1386,278,278,153,1.817,24,2,1.014,2286
1387,1387,37,37,19,1.9474,3,3,0.0,843
1388,1388,46,46,18,2.5556,17,6,6.69,48
1389,1389,53,53,23,2.3043,3,2,0.0,989
1390,1390,66,66,27,2.4444,14,2,0.733,1571
1391,1391,300,300,124,2.4194,26,2,0.0,1571
1392,1392,47,47,17,2.7647,45,5,0.0,4286
1393,1393,93,93,46,2.0217,6,6,7.003,40
1394,1394,51,51,25,2.04,16,4,0.0,2408
1395,1395,26,26,8,3.25,64,2,0.0,2616
1396,1396,99,99,38,2.6053,97,2,0.0,2733
1397,1397,382,382,198,1.9293,89,3,0.0,2089
1398,1398,124,124,44,2.8182,19,2,0.0,1076
1399,1399,281,281,141,1.9929,58,6,7.018,40
1400,1400,190,190,74,2.5676,25,4,0.0,3346
1401,1401,68,68,37,1.8378,16,2,0.0,2391
1402,1402,88,88,22,4.0,18,2,0.0,2394
1403,1403,159,159,80,1.9875,23,5,0.0,3709
1404,1404,157,157,50,3.14,19,5,0.0,3652
1405,1405,201,201,60,3.35,21,5,0.0,3655
1406,1406,255,255,143,1.7832,34,2,0.951,2326
1407,1407,69,69,30,2.3,4,2,0.0,1018
1408,1408,73,73,32,2.2812,16,2,0.0,989
1409,1409,0,0,0,0.0,0,5,0.0,4511
1410,1410,132,132,68,1.9412,24,2,0.197,780
1411,1411,32,32,16,2.0,114,6,6.384,38
1412,1412,57,57,28,2.0357,37,3,1.91,608
1413,1413,76,76,43,1.7674,31,2,0.157,730
1414,1414,397,352,188,1.8723,30,2,0.005,2352
1415,1415,56,56,45,1.2444,90,2,16.161,1834
1416,1416,149,149,59,2.5254,27,3,0.0,2842
1417,1417,0,0,0,0.0,35,2,0.0,895
1418,1418,252,252,108,2.3333,216,2,0.0,2535
1419,1419,90,90,48,1.875,29,3,5.302,392
1420,1420,188,188,73,2.5753,44,2,0.552,2652
1421,1421,113,113,31,3.6452,33,5,0.0,4052
1422,1422,0,0,0,0.0,0,3,8.911,811
1423,1423,96,96,41,2.3415,47,6,0.0,70
1424,1424,68,68,34,2.0,72,3,0.0,623
1425,1425,47,47,22,2.1364,16,6,0.0,310
1426,1426,282,282,186,1.5161,316,1,25.376,1681
1427,1427,126,126,72,1.75,19,3,0.0,912
1428,1428,91,91,49,1.8571,3,3,0.0,889
1429,1429,169,169,73,2.3151,26,3,0.0,926
1430,1430,47,47,27,1.7407,16,2,7.542,1637
1431,1431,217,217,67,3.2388,39,5,0.0,4661
1432,1432,79,52,15,3.4667,15,2,0.0,2628
1433,1433,65,65,38,1.7105,30,2,6.858,1863
1434,1434,80,80,48,1.6667,39,2,9.256,1856
1435,1435,178,178,100,1.78,22,2,1.047,2000
1436,1436,41,41,16,2.5625,17,2,6.012,1667
1437,1437,44,44,29,1.5172,91,2,10.716,1837
1438,1438,204,204,66,3.0909,19,4,0.0,2581
1439,1439,165,165,58,2.8448,6,4,0.0,2300
1440,1440,41,41,17,2.4118,14,3,0.0,1349
1441,1441,164,164,74,2.2162,24,2,0.0,2635
1442,1442,0,0,0,0.0,62,6,0.0,14
1443,1443,72,72,19,3.7895,33,5,0.0,4695
1444,1444,0,0,0,0.0,205,1,16.136,2053
1445,1445,57,57,23,2.4783,16,2,5.087,1578
1446,1446,46,46,14,3.2857,2,3,0.0,1549
1447,1447,71,71,26,2.7308,18,2,0.0,793
1448,1448,187,187,64,2.9219,148,5,0.0,3973
1449,1449,68,68,44,1.5455,3,2,13.933,1689
1450,1450,540,540,211,2.5592,64,6,6.72,48
1451,1451,0,0,0,0.0,194,5,0.0,4292
1452,1452,213,213,62,3.4355,23,2,0.676,2589
1453,1453,30,30,18,1.6667,33,2,6.443,1637
1454,1454,336,336,126,2.6667,26,5,0.0,4023
1455,1455,17,17,11,1.5455,46,2,2.137,2151
1456,1456,112,112,42,2.6667,17,4,0.0,2470
1457,1457,71,71,29,2.4483,16,2,0.619,1571
1458,1458,0,0,0,0.0,231,3,0.0,1547
1459,1459,83,83,36,2.3056,5,2,0.0,989
1460,1460,0,0,0,0.0,184,2,2.324,2129
1461,1461,58,58,17,3.4118,31,2,0.0,3382
1462,1462,350,350,204,1.7157,44,2,0.882,2416
1463,1463,199,199,107,1.8598,21,2,0.004,2305
1464,1464,154,154,45,3.4222,22,2,0.0,2565
1465,1465,199,199,63,3.1587,59,2,1.46,3180
1466,1466,66,47,26,1.8077,38,2,0.607,2263
1467,1467,5,5,3,1.6667,166,2,8.265,1856
1468,1468,28,28,13,2.1538,1,2,0.0,989
1469,1469,87,87,24,3.625,14,6,0.0,45
1470,1470,137,137,59,2.322,115,3,0.0,926
1471,1471,257,257,113,2.2743,28,3,0.0,3810
1472,1472,0,0,0,0.0,142,5,0.0,4293
1473,1473,28,28,10,2.8,1,5,0.0,4623
1474,1474,51,51,15,3.4,21,2,0.0,2700
1475,1475,139,139,55,2.5273,20,2,0.875,3360
1476,1476,324,324,123,2.6341,58,3,0.0,1359
1477,1477,0,0,0,0.0,860,1,22.706,1791
1478,1478,46,46,12,3.8333,3,5,0.0,4702
1479,1479,251,251,96,2.6146,87,2,1.393,2979
1480,1480,0,0,0,0.0,28,1,22.003,1797
1481,1481,21,21,9,2.3333,14,3,0.0,541
1482,1482,0,0,0,0.0,47,4,0.0,4327
1483,1483,120,120,39,3.0769,43,2,0.363,2344
1484,1484,109,109,30,3.6333,29,2,0.0,2282
1485,1485,613,613,354,1.7316,82,1,24.568,1683
1486,1486,329,329,93,3.5376,6,4,0.0,4437
1487,1487,66,66,32,2.0625,35,3,5.018,400
1488,1488,39,35,16,2.1875,126,6,0.0,281
1489,1489,71,71,23,3.087,18,5,0.0,4163
1490,1490,11,11,3,3.6667,0,2,0.699,2676
1491,1491,140,140,57,2.4561,15,5,0.0,3603
1492,1492,1479,1479,711,2.0802,76,1,13.841,2054
1493,1493,51,51,14,3.6429,34,2,0.656,2577
1494,1494,69,69,30,2.3,60,2,0.0,3619
1495,1495,78,78,34,2.2941,136,2,0.0,3537
1496,1496,198,198,67,2.9552,54,4,0.0,2953
1497,1497,98,98,28,3.5,62,2,0.0,3072
1498,1498,175,175,46,3.8043,25,2,0.0,2480
1499,1499,31,31,18,1.7222,107,2,0.16,670
1500,1500,0,0,0,0.0,431,3,0.0,2356
1501,1501,162,162,60,2.7,7,4,0.0,2569
1502,1502,204,204,127,1.6063,31,2,0.191,583
1503,1503,200,200,100,2.0,83,2,0.062,2293
1504,1504,322,322,213,1.5117,60,1,22.599,1808
1505,1505,449,449,162,2.7716,33,4,0.0,4175
1506,1506,59,59,22,2.6818,120,4,5.92,2908
1507,1507,240,240,82,2.9268,37,5,0.0,3973
1508,1508,27,27,20,1.35,351,1,22.321,1872
1509,1509,148,148,109,1.3578,100,1,18.914,1966
1510,1510,385,354,245,1.4449,93,1,16.505,2058
1511,1511,42,42,21,2.0,3,2,6.145,1574
1512,1512,178,178,49,3.6327,24,2,0.0,2282
1513,1513,54,54,17,3.1765,13,4,0.0,3481
1514,1514,27,27,8,3.375,47,2,0.596,2642
1515,1515,147,147,54,2.7222,57,2,0.0,879
1516,1516,120,120,70,1.7143,23,2,0.814,2416
1517,1517,77,77,28,2.75,3,2,0.0,1027
1518,1518,230,230,114,2.0175,29,4,0.0,2300
1519,1519,101,101,50,2.02,9,2,0.0,2410
1520,1520,42,42,20,2.1,14,3,7.323,526
1521,1521,9,9,4,2.25,0,2,0.0,911
1522,1522,0,0,0,0.0,992,3,0.0,2229
1523,1523,83,83,33,2.5152,24,6,0.0,388
1524,1524,414,414,174,2.3793,59,3,0.0,3411
1525,1525,191,191,121,1.5785,20,2,1.007,2265
1526,1526,57,57,23,2.4783,17,2,0.0,728
1527,1527,119,119,30,3.9667,14,2,0.0,2738
1528,1528,62,62,33,1.8788,67,3,1.937,546
1529,1529,194,194,54,3.5926,8,2,0.0,2765
1530,1530,14,14,4,3.5,56,4,0.0,2942
1531,1531,131,131,38,3.4474,27,2,0.0,2628
1532,1532,0,0,0,0.0,170,5,0.0,4160
1533,1533,0,0,0,0.0,121,5,0.0,3758
1534,1534,28,28,15,1.8667,14,3,1.065,654
1535,1535,2829,0,0,0.0,687,3,0.0,2383
1536,1536,116,116,30,3.8667,13,2,0.0,3520
1537,1537,169,169,105,1.6095,96,2,0.179,633
1538,1538,76,76,26,2.9231,13,3,0.0,3920
1539,1539,96,96,28,3.4286,3,2,0.0,2603
1540,1540,0,0,0,0.0,921,2,14.721,1834
1541,1541,216,216,121,1.7851,20,2,0.895,2349
1542,1542,0,0,0,0.0,0,1,13.086,2069
1543,1543,249,249,186,1.3387,68,1,16.05,2022
1544,1544,32,21,6,3.5,1,2,0.0,2628
1545,1545,19,13,4,3.25,10,4,1.625,3568
1546,1546,45,45,15,3.0,12,7,0.0,3828
1547,1547,354,354,103,3.4369,29,2,0.0,2607
1548,1548,31,31,13,2.3846,3,6,4.394,52
1549,1549,42,42,17,2.4706,17,2,0.0,685
1550,1550,0,0,0,0.0,192,3,0.0,482
1551,1551,126,126,37,3.4054,17,2,0.0,3848
1552,1552,183,183,102,1.7941,33,2,0.894,2326
1553,1553,82,82,35,2.3429,29,6,0.0,80
1554,1554,137,137,54,2.537,18,5,0.0,4141
1555,1555,41,41,21,1.9524,14,2,0.0,807
1556,1556,315,315,105,3.0,20,5,0.0,4306
1557,1557,77,77,22,3.5,14,2,0.0,3434
1558,1558,267,267,104,2.5673,20,3,0.0,1998
1559,1559,0,0,0,0.0,295,1,24.042,1708
1560,1560,86,86,42,2.0476,19,3,3.279,400
1561,1561,17,17,5,3.4,29,2,0.644,2684
1562,1562,0,0,0,0.0,47,6,6.442,33
1563,1563,278,278,100,2.78,59,5,0.0,4286
1564,1564,56,56,23,2.4348,2,2,0.678,1527
1565,1565,163,163,51,3.1961,50,3,0.0,1824
1566,1566,72,72,39,1.8462,17,3,0.0,889
1567,1567,74,74,27,2.7407,4,2,0.0,829
1568,1568,0,0,0,0.0,0,2,0.0,2193
1569,1569,0,0,0,0.0,412,4,0.0,2693
1570,1570,5,5,3,1.6667,46,2,9.585,1831
1571,1571,0,0,0,0.0,11,2,0.0,643
1572,1572,39,39,15,2.6,3,6,6.489,46
1573,1573,84,84,43,1.9535,4,2,0.0,828
1574,1574,151,151,42,3.5952,15,4,0.0,3702
1575,1575,79,79,35,2.2571,17,5,0.0,3676
1576,1576,207,207,111,1.8649,18,2,0.0,584
1577,1577,242,242,176,1.375,109,1,22.535,1799
1578,1578,116,116,62,1.871,18,2,0.358,2391
1579,1579,45,45,25,1.8,193,2,0.721,2312
1580,1580,237,237,111,2.1351,30,2,1.332,2990
1581,1581,142,142,52,2.7308,125,2,3.263,2201
1582,1582,187,187,68,2.75,37,2,0.0,2251
1583,1583,113,113,51,2.2157,5,3,0.0,3188
1584,1584,155,155,79,1.962,24,3,0.0,623
1585,1585,174,131,62,2.1129,39,2,5.352,2144
1586,1586,313,313,92,3.4022,35,5,0.0,4339
1587,1587,972,972,342,2.8421,73,5,0.0,4266
1588,1588,82,82,29,2.8276,14,5,0.0,4211
1589,1589,28,28,9,3.1111,28,5,0.0,4433
1590,1590,0,0,0,0.0,0,6,0.0,1427
1591,1591,57,57,23,2.4783,16,2,0.0,676
1592,1592,60,60,24,2.5,16,2,0.0,652
1593,1593,38,38,14,2.7143,22,2,0.0,1052
1594,1594,28,28,10,2.8,1,2,0.0,1179
1595,1595,60,60,26,2.3077,46,3,0.0,866
1596,1596,88,88,33,2.6667,16,4,0.0,2470
1597,1597,140,140,40,3.5,122,2,0.0,3132
1598,1598,5,5,2,2.5,13,5,0.0,4698
1599,1599,186,186,53,3.5094,16,2,0.0,3168
1600,1600,112,112,45,2.4889,0,3,0.0,2375
1601,1601,168,168,64,2.625,18,5,0.0,3616
1602,1602,37,37,20,1.85,1,3,0.0,883
1603,1603,32,32,9,3.5556,103,2,0.804,2590
1604,1604,0,0,0,0.0,87,2,0.416,2247
1605,1605,164,164,82,2.0,40,2,0.0,2513
1606,1606,285,285,199,1.4322,63,1,22.553,1754
1607,1607,27,27,22,1.2273,133,2,16.469,1834
1608,1608,90,90,28,3.2143,13,2,0.0,3313
1609,1609,186,186,49,3.7959,18,2,0.0,2562
1610,1610,220,123,53,2.3208,77,2,2.625,2205
1611,1611,45,37,14,2.6429,41,3,0.0,3911
1612,1612,99,99,32,3.0938,165,2,0.27,2285
1613,1613,45,45,18,2.5,23,2,0.704,1486
1614,1614,119,119,47,2.5319,31,2,0.964,1517
1615,1615,157,157,81,1.9383,23,2,0.192,650
1616,1616,36,36,15,2.4,3,2,0.0,1453
1617,1617,184,184,112,1.6429,21,2,4.013,2105
1618,1618,199,199,114,1.7456,93,2,4.078,2110
1619,1619,40,40,14,2.8571,14,5,0.0,4641
1620,1620,179,179,88,2.0341,30,3,1.187,677
1621,1621,60,60,22,2.7273,28,5,0.0,4065
1622,1622,190,190,45,4.2222,77,4,0.0,3550
1623,1623,97,97,44,2.2045,18,2,0.0,2699
1624,1624,122,122,35,3.4857,116,4,0.0,3819
1625,1625,725,0,0,0.0,955,1,23.086,1746
1626,1626,167,167,41,4.0732,14,2,0.0,2559
1627,1627,257,257,147,1.7483,210,2,2.276,2110
1628,1628,479,479,168,2.8512,31,5,0.0,4227
1629,1629,6,6,2,3.0,42,5,0.0,4675
1630,1630,101,101,33,3.0606,3,3,0.0,1382
1631,1631,0,0,0,0.0,603,3,0.0,830
1632,1632,0,0,0,0.0,12,1,22.622,1877
1633,1633,0,0,0,0.0,815,3,4.668,2398
1634,1634,69,69,38,1.8158,27,2,0.442,2312
1635,1635,0,0,0,0.0,46,3,0.0,857
1636,1636,68,68,25,2.72,21,2,0.0,829
1637,1637,14,0,0,0.0,30,2,0.56,2642
1638,1638,89,89,32,2.7812,19,5,0.0,4065
1639,1639,98,98,56,1.75,25,3,0.0,912
1640,1640,198,198,82,2.4146,37,3,0.0,1282
1641,1641,160,160,48,3.3333,14,2,0.0,2731
1642,1642,0,0,0,0.0,75,2,1.941,2213
1643,1643,141,141,39,3.6154,17,2,0.0,3029
1644,1644,0,0,0,0.0,0,4,0.0,2942
1645,1645,144,144,37,3.8919,13,2,0.0,3230
1646,1646,321,321,93,3.4516,22,5,0.0,3754
1647,1647,86,86,28,3.0714,14,4,0.0,2581
1648,1648,167,167,61,2.7377,23,2,0.0,2201
1649,1649,91,91,46,1.9783,6,2,7.993,1607
1650,1650,18,18,5,3.6,37,2,0.957,2570
1651,1651,222,222,113,1.9646,25,3,0.0,823
1652,1652,105,105,29,3.6207,43,6,0.0,59
1653,1653,140,140,70,2.0,88,3,0.0,623
1654,1654,100,100,29,3.4483,13,2,0.809,2608
1655,1655,50,50,20,2.5,3,2,0.0,588
1656,1656,58,58,25,2.32,62,2,0.0,991
1657,1657,719,719,268,2.6828,58,3,0.0,2487
1658,1658,94,94,27,3.4815,3,2,0.0,3474
1659,1659,69,69,27,2.5556,50,2,0.579,2642
1660,1660,69,69,28,2.4643,18,3,0.0,1361
1661,1661,237,225,78,2.8846,17,4,0.0,2638
1662,1662,92,92,38,2.4211,23,2,0.633,1571
1663,1663,59,59,25,2.36,5,2,6.636,1555
1664,1664,45,45,18,2.5,3,2,0.0,590
1665,1665,43,43,12,3.5833,21,2,0.0,2346
1666,1666,61,61,35,1.7429,69,2,3.33,1637
1667,1667,0,0,0,0.0,383,3,0.775,1447
1668,1668,37,37,11,3.3636,11,2,0.0,2841
1669,1669,86,86,34,2.5294,17,2,4.804,1536
1670,1670,462,462,195,2.3692,42,5,0.0,4016
1671,1671,169,169,62,2.7258,24,2,0.0,2251
1672,1672,54,54,23,2.3478,23,2,0.0,1453
1673,1673,68,68,28,2.4286,5,2,0.0,1505
1674,1674,285,285,162,1.7593,25,2,1.272,2206
1675,1675,106,106,28,3.7857,22,5,0.0,4690
1676,1676,766,766,316,2.4241,184,6,0.0,59
1677,1677,198,198,69,2.8696,13,2,0.0,3696
1678,1678,116,116,45,2.5778,24,3,0.0,1082
1679,1679,0,0,0,0.0,0,3,0.0,518
1680,1680,62,62,25,2.48,58,2,7.333,1667
1681,1681,18,18,14,1.2857,10,2,16.802,1757
1682,1682,114,114,36,3.1667,40,2,1.667,3180
1683,1683,44,44,29,1.5172,12,2,13.857,1689
1684,1684,26,26,14,1.8571,200,2,0.0,949
1685,1685,75,75,33,2.2727,23,2,0.0,893
1686,1686,127,127,57,2.2281,18,3,0.0,3110
1687,1687,699,699,199,3.5126,100,2,0.95,2897
1688,1688,102,102,41,2.4878,18,3,0.0,1411
1689,1689,151,151,57,2.6491,22,2,0.0,2637
1690,1690,205,205,141,1.4539,18,2,1.326,2207
1691,1691,93,93,47,1.9787,154,3,0.732,755
1692,1692,31,31,17,1.8235,1,2,0.005,2352
1693,1693,85,85,32,2.6562,17,3,0.0,3855
1694,1694,315,315,162,1.9444,84,2,0.0,949
1695,1695,478,478,130,3.6769,59,5,0.0,4298
1696,1696,0,0,0,0.0,0,2,0.038,2243
1697,1697,416,362,121,2.9917,124,2,0.354,2649
1698,1698,22,22,11,2.0,1,6,6.779,25
1699,1699,414,414,194,2.134,48,2,1.41,2990
1700,1700,101,101,29,3.4828,13,2,0.0,3610
1701,1701,41,41,18,2.2778,39,2,0.0,1018
1702,1702,297,297,94,3.1596,24,4,0.0,3576
1703,1703,91,91,40,2.275,6,2,0.0,961
1704,1704,395,395,295,1.339,54,1,17.387,2021
1705,1705,191,191,65,2.9385,22,3,0.0,3920
1706,1706,356,356,107,3.3271,29,2,0.0,3018
1707,1707,10,10,4,2.5,121,5,4.163,3883
1708,1708,199,199,137,1.4526,17,2,1.773,2150
1709,1709,157,157,88,1.7841,238,2,0.809,2308
1710,1710,181,181,133,1.3609,132,1,20.227,1968
1711,1711,42,42,31,1.3548,13,1,18.27,2001
1712,1712,269,269,61,4.4098,3,2,0.0,2511
1713,1713,33,33,18,1.8333,11,2,0.385,2391
1714,1714,176,176,73,2.411,27,2,0.931,1551
1715,1715,73,73,32,2.2812,4,2,0.0,875
1716,1716,0,0,0,0.0,61,2,9.066,1562
1717,1717,70,70,45,1.5556,50,2,9.628,1758
1718,1718,0,0,0,0.0,0,5,0.0,4035
1719,1719,187,187,53,3.5283,17,4,0.0,3543
1720,1720,0,0,0,0.0,150,5,0.0,4336
1721,1721,55,55,25,2.2,36,2,0.072,2287
1722,1722,57,57,21,2.7143,39,5,0.0,4065
1723,1723,146,146,79,1.8481,17,3,0.0,941
1724,1724,158,158,63,2.5079,25,3,0.0,825
1725,1725,124,124,49,2.5306,33,2,6.279,1506
1726,1726,114,114,64,1.7812,100,2,5.645,1629
1727,1727,33,33,15,2.2,16,3,0.832,729
1728,1728,0,0,0,0.0,0,2,6.785,2113
1729,1729,905,0,0,0.0,778,1,23.169,1775
1730,1730,85,85,34,2.5,20,6,0.0,388
1731,1731,243,238,71,3.3521,37,2,0.835,2256
1732,1732,0,0,0,0.0,158,5,0.0,4265
1733,1733,0,0,0,0.0,27,3,0.0,482
1734,1734,292,292,149,1.9597,29,2,0.0,925
1735,1735,117,117,43,2.7209,20,2,0.0,871
1736,1736,16,16,7,2.2857,18,5,0.0,3638
1737,1737,22,22,8,2.75,16,5,0.0,4080
1738,1738,209,209,112,1.8661,19,2,0.005,2305
1739,1739,84,84,54,1.5556,15,2,13.462,1689
1740,1740,25,25,11,2.2727,2,2,0.0,893
1741,1741,131,131,66,1.9848,18,3,0.086,823
1742,1742,90,90,32,2.8125,16,2,0.0,1179
1743,1743,53,53,27,1.963,18,2,0.0,747
1744,1744,0,0,0,0.0,72,2,0.0,2689
1745,1745,100,100,36,2.7778,14,5,0.0,4314
1746,1746,426,426,126,3.381,32,3,0.0,2530
1747,1747,198,198,112,1.7679,37,2,1.133,2000
1748,1748,132,132,42,3.1429,15,5,0.0,3708
1749,1749,261,261,70,3.7286,22,5,0.0,3878
1750,1750,11,11,3,3.6667,1,5,0.0,4694
1751,1751,0,0,0,0.0,0,2,0.0,2124
1752,1752,283,283,92,3.0761,32,5,0.0,3783
1753,1753,184,184,127,1.4488,25,1,12.423,2079
1754,1754,249,249,94,2.6489,28,2,0.0,2637
1755,1755,396,396,169,2.3432,58,2,0.0,2535
1756,1756,171,171,61,2.8033,3,5,0.0,3993
1757,1757,0,0,0,0.0,92,4,0.0,4471
1758,1758,35,35,11,3.1818,1,2,0.0,2875
1759,1759,211,194,53,3.6604,81,2,0.0,3324
1760,1760,206,206,103,2.0,41,2,0.0,2410
1761,1761,52,52,25,2.08,62,4,6.045,3055
1762,1762,11,11,4,2.75,66,2,0.731,2664
1763,1763,116,116,45,2.5778,14,2,0.0,2882
1764,1764,426,426,165,2.5818,247,2,0.0,2861
1765,1765,129,129,37,3.4865,93,2,0.0,3901
1766,1766,198,198,67,2.9552,56,4,0.0,3265
1767,1767,130,130,38,3.4211,67,2,0.674,2676
1768,1768,240,240,70,3.4286,23,2,0.0,2658
1769,1769,45,45,18,2.5,15,2,0.0,625
1770,1770,23,23,14,1.6429,385,2,10.408,1814
1771,1771,0,0,0,0.0,80,5,0.0,4275
1772,1772,312,312,96,3.25,21,2,0.0,2616
1773,1773,109,109,31,3.5161,33,2,0.0,3389
1774,1774,43,43,17,2.5294,34,6,6.898,39
1775,1775,354,354,157,2.2548,181,3,0.0,1627
1776,1776,51,51,28,1.8214,14,2,6.88,2130
1777,1777,711,711,213,3.338,40,4,0.0,3437
1778,1778,164,164,59,2.7797,209,5,0.0,4335
1779,1779,271,271,94,2.883,38,3,0.0,2964
1780,1780,64,64,29,2.2069,16,3,0.0,2335
1781,1781,56,56,26,2.1538,56,6,0.0,281
1782,1782,41,41,19,2.1579,16,6,0.0,310
1783,1783,95,95,31,3.0645,106,2,0.33,2344
1784,1784,358,358,121,2.9587,32,2,1.717,2177
1785,1785,129,129,53,2.434,464,3,0.0,474
1786,1786,64,64,23,2.7826,14,5,0.0,4314
1787,1787,56,56,28,2.0,3,5,0.0,3839
1788,1788,67,67,41,1.6341,18,2,11.041,1785
1789,1789,314,314,109,2.8807,23,3,0.0,1511
1790,1790,85,85,25,3.4,3,5,0.0,4021
1791,1791,195,195,133,1.4662,34,2,1.213,2206
1792,1792,53,53,15,3.5333,22,2,1.065,2590
1793,1793,108,108,64,1.6875,140,2,9.226,1854
1794,1794,17,17,8,2.125,52,6,6.04,22
1795,1795,15,15,5,3.0,1,7,0.0,4511
1796,1796,66,66,19,3.4737,13,2,0.0,3434
1797,1797,348,348,179,1.9441,46,3,0.0,820
1798,1798,0,0,0,0.0,44,2,0.0,2762
1799,1799,20,20,9,2.2222,83,5,0.0,3727
1800,1800,0,0,0,0.0,188,5,0.0,4286
1801,1801,807,807,461,1.7505,338,3,0.0,854
1802,1802,0,0,0,0.0,170,1,24.191,1726
1803,1803,181,181,82,2.2073,33,2,0.055,2353
1804,1804,131,131,52,2.5192,63,3,0.0,729
1805,1805,121,19,9,2.1111,120,6,6.497,29
1806,1806,45,45,20,2.25,155,3,0.0,926
1807,1807,0,0,0,0.0,0,2,0.0,2689
1808,1808,109,109,28,3.8929,2,2,0.0,3462
1809,1809,89,89,28,3.1786,16,2,0.0,3272
1810,1810,225,225,70,3.2143,17,2,0.0,3350
1811,1811,88,88,37,2.3784,6,3,0.0,1293
1812,1812,246,246,172,1.4302,339,1,23.135,1731
1813,1813,134,134,39,3.4359,16,2,0.0,2659
1814,1814,0,0,0,0.0,544,1,23.663,1744
1815,1815,56,56,21,2.6667,3,3,0.0,1295
1816,1816,234,234,99,2.3636,29,5,0.0,3956
1817,1817,11,11,5,2.2,190,6,0.0,278
1818,1818,251,251,148,1.6959,49,2,0.003,2252
1819,1819,62,62,35,1.7714,15,2,3.764,2095
1820,1820,6,6,2,3.0,141,5,0.0,4682
1821,1821,94,94,36,2.6111,14,5,0.0,3603
1822,1822,66,66,24,2.75,805,2,0.0,1159
1823,1823,52,52,27,1.9259,3,2,0.0,1229
1824,1824,295,295,95,3.1053,24,3,0.0,2240
1825,1825,27,27,15,1.8,3,2,2.336,1572
1826,1826,156,156,77,2.026,20,2,0.082,2295
1827,1827,96,96,46,2.087,19,3,0.0,570
1828,1828,300,300,95,3.1579,25,3,0.0,2375
1829,1829,113,113,49,2.3061,22,3,0.0,878
1830,1830,40,40,11,3.6364,14,2,0.0,2875
1831,1831,23,23,6,3.8333,45,2,0.0,2718
1832,1832,136,136,49,2.7755,75,5,0.0,4285
1833,1833,64,64,26,2.4615,0,5,0.0,3603
1834,1834,28,28,14,2.0,13,6,5.829,27
1835,1835,144,144,54,2.6667,110,2,0.0,3135
1836,1836,351,351,101,3.4752,40,2,0.0,3892
1837,1837,150,150,74,2.027,29,3,1.345,677
1838,1838,116,95,47,2.0213,57,3,1.319,677
1839,1839,32,32,9,3.5556,11,2,0.0,2935
1840,1840,120,120,35,3.4286,15,2,0.0,2628
1841,1841,157,157,75,2.0933,22,2,6.826,2145
1842,1842,68,68,41,1.6585,244,2,10.128,1860
1843,1843,119,119,42,2.8333,19,5,0.0,4085
1844,1844,29,29,15,1.9333,13,2,0.0,747
1845,1845,0,0,0,0.0,275,3,0.0,769
1846,1846,0,0,0,0.0,0,3,0.0,2032
1847,1847,106,101,52,1.9423,21,2,0.005,802
1848,1848,156,156,102,1.5294,6,2,15.282,1779
1849,1849,34,34,14,2.4286,25,6,0.0,95
1850,1850,171,171,77,2.2208,71,2,0.0,2479
1851,1851,115,115,62,1.8548,25,2,0.0,2450
1852,1852,37,37,21,1.7619,27,2,2.841,1601
1853,1853,35,35,13,2.6923,2,2,0.0,793
1854,1854,14,14,5,2.8,10,2,0.561,2602
1855,1855,245,245,104,2.3558,270,3,0.0,558
1856,1856,71,71,43,1.6512,38,3,0.0,622
1857,1857,72,72,19,3.7895,5,5,0.0,4695
1858,1858,61,61,22,2.7727,64,5,0.0,4285
1859,1859,141,141,81,1.7407,21,3,0.0,900
1860,1860,183,183,78,2.3462,42,3,0.0,554
1861,1861,50,50,38,1.3158,503,1,21.302,1871
1862,1862,313,313,207,1.5121,87,1,21.156,1839
1863,1863,0,0,0,0.0,356,2,0.0,2637
1864,1864,183,183,72,2.5417,93,5,0.0,4141
1865,1865,0,0,0,0.0,15,6,7.315,36
1866,1866,135,135,53,2.5472,5,2,0.0,3496
1867,1867,470,470,274,1.7153,50,2,0.0,2476
1868,1868,63,63,21,3.0,2,5,4.824,3821
1869,1869,179,179,59,3.0339,16,4,0.0,2697
1870,1870,68,68,44,1.5455,15,2,12.492,1781
1871,1871,158,158,46,3.4348,18,2,0.0,2554
1872,1872,0,0,0,0.0,459,4,0.0,4322
1873,1873,53,53,29,1.8276,17,2,0.347,2313
1874,1874,631,631,437,1.4439,199,1,14.28,2057
1875,1875,0,0,0,0.0,1593,3,0.0,1327
1876,1876,136,136,54,2.5185,24,2,6.568,1506
1877,1877,29,29,12,2.4167,20,6,6.347,52
1878,1878,47,47,26,1.8077,82,3,0.0,617
1879,1879,0,0,0,0.0,134,3,0.0,3715
1880,1880,74,74,46,1.6087,6,2,0.178,610
1881,1881,279,279,156,1.7885,47,2,0.912,2351
1882,1882,0,0,0,0.0,134,2,17.546,1221
1883,1883,127,127,35,3.6286,23,2,0.0,2338
1884,1884,77,77,58,1.3276,723,1,20.714,1839
1885,1885,82,82,35,2.3429,39,2,6.421,1555
1886,1886,171,171,84,2.0357,106,3,1.829,608
1887,1887,509,509,141,3.6099,82,3,0.0,2363
1888,1888,188,188,74,2.5405,20,5,0.0,4141
1889,1889,45,45,22,2.0455,464,3,1.176,661
1890,1890,221,221,87,2.5402,47,3,0.0,1238
1891,1891,226,224,73,3.0685,17,5,0.0,3780
1892,1892,257,257,72,3.5694,36,2,0.0,2764
1893,1893,134,134,58,2.3103,77,2,0.0,3537
1894,1894,173,173,70,2.4714,110,3,0.0,1312
1895,1895,14,14,5,2.8,0,2,0.075,2412
1896,1896,0,0,0,0.0,161,6,0.0,63
1897,1897,57,57,23,2.4783,14,2,7.71,1667
1898,1898,63,63,39,1.6154,21,2,0.222,673
1899,1899,448,448,133,3.3684,51,3,0.0,2530
1900,1900,210,0,0,0.0,57,1,22.633,1810
1901,1901,788,788,579,1.361,177,1,20.949,1970
1902,1902,195,195,108,1.8056,107,2,0.508,2312
1903,1903,763,763,210,3.6333,35,4,0.0,4260
1904,1904,141,141,72,1.9583,17,3,1.175,746
1905,1905,121,121,43,2.814,53,5,0.0,4146
1906,1906,172,172,66,2.6061,20,3,0.0,3263
1907,1907,92,92,27,3.4074,19,2,0.801,2659
1908,1908,0,0,0,0.0,83,6,0.0,42
1909,1909,169,169,57,2.9649,90,2,1.125,2247
1910,1910,184,184,57,3.2281,18,4,0.0,3146
1911,1911,97,97,33,2.9394,2,3,0.0,3920
1912,1912,438,438,196,2.2347,92,2,0.0,2472
1913,1913,455,455,178,2.5562,21,3,0.0,2143
1914,1914,13,13,4,3.25,0,3,0.0,1495
1915,1915,45,45,23,1.9565,18,2,0.0,851
1916,1916,136,136,83,1.6386,39,2,1.107,2208
1917,1917,223,223,61,3.6557,2,4,0.0,4070
1918,1918,220,214,81,2.642,25,2,0.0,2637
1919,1919,317,317,106,2.9906,47,2,0.35,2649
1920,1920,0,0,0,0.0,1215,1,22.965,1777
1921,1921,213,213,53,4.0189,26,2,0.083,2280
1922,1922,74,74,34,2.1765,23,6,0.0,271
1923,1923,131,131,59,2.2203,26,3,0.241,729
1924,1924,198,198,54,3.6667,20,2,0.0,3307
1925,1925,113,113,51,2.2157,4,2,0.0,2612
1926,1926,0,0,0,0.0,104,3,0.0,2483
1927,1927,131,131,33,3.9697,13,2,0.0,2713
1928,1928,288,288,146,1.9726,65,3,1.45,549
1929,1929,28,28,11,2.5455,17,2,0.0,625
1930,1930,72,72,20,3.6,86,2,0.0,2346
1931,1931,168,168,94,1.7872,127,2,0.91,2326
1932,1932,319,319,117,2.7265,30,2,0.0,871
1933,1933,197,197,106,1.8585,26,2,0.556,2389
1934,1934,206,206,61,3.377,39,2,0.0,3804
1935,1935,198,198,66,3.0,31,3,0.0,3606
1936,1936,119,119,48,2.4792,24,2,6.206,1667
1937,1937,48,48,21,2.2857,15,2,0.0,963
1938,1938,22,22,12,1.8333,17,2,0.505,1572
1939,1939,204,204,153,1.3333,205,1,21.527,1842
1940,1940,187,187,81,2.3086,36,3,0.0,866
1941,1941,0,0,0,0.0,138,5,0.0,4218
1942,1942,17,17,7,2.4286,2,3,0.0,522
1943,1943,101,101,46,2.1957,43,5,0.0,3799
1944,1944,247,247,56,4.4107,15,2,0.0,2465
1945,1945,216,216,123,1.7561,18,2,1.189,2206
1946,1946,77,77,22,3.5,3,2,0.0,3389
1947,1947,27,27,11,2.4545,18,2,0.0,1527
1948,1948,149,149,67,2.2239,118,2,0.0,2612
1949,1949,11,11,6,1.8333,22,2,2.613,1431
1950,1950,46,46,16,2.875,16,5,0.0,4657
1951,1951,279,279,159,1.7547,19,2,1.138,2207
1952,1952,342,342,111,3.0811,18,4,0.0,2682
1953,1953,19,19,11,1.7273,84,2,6.731,1863
1954,1954,250,250,71,3.5211,17,2,1.5,2897
1955,1955,265,265,86,3.0814,42,2,0.307,2329
1956,1956,104,104,46,2.2609,18,2,0.0,852
1957,1957,39,39,14,2.7857,3,2,0.0,1179
1958,1958,135,135,50,2.7,56,5,0.0,4698
1959,1959,261,261,104,2.5096,55,3,0.0,888
1960,1960,0,0,0,0.0,192,2,0.0,2689
1961,1961,37,37,14,2.6429,28,7,0.0,4047
1962,1962,99,99,53,1.8679,14,2,0.0,619
1963,1963,199,199,99,2.0101,95,2,0.465,2295
1964,1964,557,557,158,3.5253,27,4,0.0,3549
1965,1965,362,362,270,1.3407,80,1,17.739,1986
1966,1966,0,0,0,0.0,0,6,6.799,33
1967,1967,51,51,41,1.2439,288,2,15.703,1757
1968,1968,158,158,46,3.4348,23,4,0.0,3268
1969,1969,51,51,28,1.8214,17,2,0.317,2313
1970,1970,227,227,97,2.3402,21,2,0.0,2535
1971,1971,196,196,52,3.7692,27,5,0.0,4706
1972,1972,40,40,20,2.0,3,2,4.282,1574
1973,1973,203,203,74,2.7432,20,3,0.0,1632
1974,1974,350,350,231,1.5152,84,1,22.344,1821
1975,1975,105,105,71,1.4789,142,1,21.904,1690
1976,1976,441,441,329,1.3404,27,1,14.967,2041
1977,1977,71,71,22,3.2273,20,2,0.0,3313
1978,1978,28,28,11,2.5455,43,6,6.73,39
1979,1979,63,63,23,2.7391,14,2,0.0,895
1980,1980,48,48,21,2.2857,3,2,0.0,963
1981,1981,145,145,69,2.1014,23,2,6.779,2144
1982,1982,95,95,53,1.7925,44,2,0.907,2351
1983,1983,68,68,35,1.9429,17,6,0.0,80
1984,1984,241,229,63,3.6349,104,2,0.0,2277
1985,1985,58,58,35,1.6571,21,2,1.682,2126
1986,1986,104,104,56,1.8571,17,3,0.0,889
1987,1987,247,247,125,1.976,41,3,0.0,529
1988,1988,33,33,15,2.2,17,3,1.221,729
1989,1989,18,18,7,2.5714,12,2,0.0,1470
1990,1990,125,125,36,3.4722,3,2,0.0,3058
1991,1991,0,0,0,0.0,238,1,22.167,1849
1992,1992,0,0,0,0.0,217,1,20.404,1969
1993,1993,216,216,73,2.9589,78,5,0.0,4510
1994,1994,15,15,5,3.0,0,5,0.0,4576
1995,1995,47,47,22,2.1364,14,3,0.0,1023
1996,1996,354,354,123,2.878,25,5,0.0,4019
1997,1997,215,215,140,1.5357,302,2,10.522,1837
1998,1998,181,181,117,1.547,74,1,18.9,1702
1999,1999,36,36,16,2.25,140,2,0.0,959
2000,2000,21,21,12,1.75,55,2,2.686,1403
2001,2001,55,55,22,2.5,24,2,0.0,728
2002,2002,415,415,165,2.5152,39,3,0.0,1624
2003,2003,545,545,173,3.1503,87,3,0.0,2439
2004,2004,335,335,172,1.9477,74,2,0.0,1068
2005,2005,322,322,188,1.7128,58,2,2.37,1431
2006,2006,0,0,0,0.0,684,1,22.085,1850
2007,2007,212,212,77,2.7532,59,4,0.0,2908
2008,2008,0,0,0,0.0,37,1,20.137,2010
2009,2009,0,0,0,0.0,24,4,0.0,4260
2010,2010,141,141,41,3.439,17,2,0.644,2630
2011,2011,0,0,0,0.0,66,5,4.043,3886
2012,2012,40,40,20,2.0,14,2,0.0,2513
2013,2013,0,0,0,0.0,581,5,0.0,4224
2014,2014,231,231,77,3.0,23,2,0.0,2601
2015,2015,266,266,77,3.4545,18,2,0.0,3592
2016,2016,78,78,39,2.0,3,6,5.78,27
2017,2017,58,58,22,2.6364,44,5,0.0,4685
2018,2018,0,0,0,0.0,202,5,0.0,3796
2019,2019,134,134,53,2.5283,25,3,0.0,774
2020,2020,14,14,6,2.3333,42,2,0.0,975
2021,2021,0,0,0,0.0,1196,3,0.0,2235
2022,2022,110,110,51,2.1569,69,3,0.0,983
2023,2023,279,279,93,3.0,28,2,0.0,3355
2024,2024,68,68,39,1.7436,5,2,0.922,2215
2025,2025,0,0,0,0.0,118,6,7.228,28
2026,2026,26,26,13,2.0,35,6,6.05,38
2027,2027,47,47,14,3.3571,0,2,0.0,2841
2028,2028,0,0,0,0.0,0,4,0.0,3414
2029,2029,163,163,45,3.6222,18,2,0.0,3243
2030,2030,187,187,102,1.8333,81,2,1.148,2286
2031,2031,249,249,91,2.7363,45,2,2.746,2202
2032,2032,144,144,48,3.0,16,5,0.0,3707
2033,2033,303,303,116,2.6121,37,2,1.353,2979
2034,2034,394,394,147,2.6803,48,3,0.0,3916
2035,2035,164,164,49,3.3469,21,4,0.0,3437
2036,2036,220,220,64,3.4375,22,2,0.718,2630
2037,2037,25,25,20,1.25,83,2,20.649,1853
2038,2038,117,117,67,1.7463,18,3,0.0,912
2039,2039,305,305,181,1.6851,298,2,9.708,1831
2040,2040,117,117,41,2.8537,26,5,0.0,4376
2041,2041,1071,1071,310,3.4548,54,4,0.0,4173
2042,2042,61,61,26,2.3462,573,2,6.425,1526
2043,2043,92,92,36,2.5556,6,6,6.897,43
2044,2044,126,126,51,2.4706,19,3,0.0,1455
2045,2045,122,122,62,1.9677,197,3,0.0,529
2046,2046,329,329,106,3.1038,20,3,0.0,2290
2047,2047,101,101,63,1.6032,48,2,0.175,633
2048,2048,63,63,30,2.1,23,6,0.0,371
2049,2049,58,58,33,1.7576,16,2,5.931,1987
2050,2050,169,169,73,2.3151,27,3,0.0,878
2051,2051,202,202,100,2.02,26,3,1.579,608
2052,2052,92,92,45,2.0444,70,3,1.163,661
2053,2053,158,158,46,3.4348,21,2,0.0,2607
2054,2054,110,110,40,2.75,79,2,0.0,2251
2055,2055,70,70,21,3.3333,202,4,0.0,3210
2056,2056,20,20,7,2.8571,25,5,0.0,4673
2057,2057,0,0,0,0.0,345,2,0.0,2557
2058,2058,162,162,47,3.4468,14,2,0.0,3610
2059,2059,9,9,6,1.5,335,1,22.278,1713
2060,2060,64,64,34,1.8824,14,2,0.0,646
2061,2061,160,160,47,3.4043,16,5,0.0,4311
2062,2062,133,117,37,3.1622,33,4,0.0,3481
2063,2063,0,0,0,0.0,90,4,0.0,4070
2064,2064,28,28,21,1.3333,348,1,21.844,1869
2065,2065,64,64,21,3.0476,15,5,0.0,4163
2066,2066,0,0,0,0.0,252,1,20.741,1923
2067,2067,27,27,14,1.9286,19,2,0.0,717
2068,2068,169,165,55,3.0,24,2,0.446,2686
2069,2069,118,118,45,2.6222,19,2,0.062,2414
2070,2070,597,597,315,1.8952,770,3,0.0,2544
2071,2071,0,0,0,0.0,0,3,0.0,3237
2072,2072,37,37,19,1.9474,24,3,0.0,843
2073,2073,54,54,24,2.25,52,2,0.023,2350
2074,2074,110,110,39,2.8205,34,5,0.0,4265
2075,2075,77,77,38,2.0263,229,3,0.0,469
2076,2076,84,84,37,2.2703,19,2,0.0,911
2077,2077,7,7,3,2.3333,0,2,0.693,1527
2078,2078,116,116,76,1.5263,36,2,13.958,1781
2079,2079,210,210,123,1.7073,32,2,0.712,2416
2080,2080,40,40,18,2.2222,3,2,0.066,2287
2081,2081,148,148,76,1.9474,21,2,0.218,780
2082,2082,0,0,0,0.0,54,5,1.01,3969
2083,2083,103,103,55,1.8727,23,2,0.417,2391
2084,2084,19,19,11,1.7273,51,2,9.244,1932
2085,2085,152,152,98,1.551,131,2,9.415,1811
2086,2086,167,167,48,3.4792,16,2,0.0,3474
2087,2087,237,237,87,2.7241,33,5,0.0,4277
2088,2088,101,101,39,2.5897,18,2,0.0,2882
2089,2089,220,220,96,2.2917,24,2,0.0,3602
2090,2090,875,875,326,2.684,118,3,0.0,3958
2091,2091,129,129,32,4.0312,14,2,0.107,2345
2092,2092,28,28,11,2.5455,236,2,5.008,1536
2093,2093,312,312,144,2.1667,28,3,0.0,1028
2094,2094,74,74,29,2.5517,232,6,0.0,422
2095,2095,152,152,66,2.303,25,3,0.0,866
2096,2096,0,0,0,0.0,145,3,0.0,533
2097,2097,204,204,69,2.9565,20,3,0.0,3639
2098,2098,119,98,30,3.2667,14,2,0.0,2616
2099,2099,161,161,91,1.7692,186,2,1.312,2120
2100,2100,163,163,65,2.5077,30,3,0.0,825
2101,2101,164,164,82,2.0,42,2,0.075,2295
2102,2102,105,105,30,3.5,3,2,0.0,3058
2103,2103,112,112,48,2.3333,120,3,0.0,2788
2104,2104,48,48,29,1.6552,669,2,10.27,1912
2105,2105,166,147,36,4.0833,35,2,0.0,2559
2106,2106,57,57,13,4.3846,22,2,0.0,2511
2107,2107,474,427,108,3.9537,32,2,0.0,2759
2108,2108,160,160,70,2.2857,21,2,0.0,3619
2109,2109,95,95,35,2.7143,16,2,0.198,748
2110,2110,130,130,78,1.6667,22,3,0.0,614
2111,2111,52,52,21,2.4762,27,2,4.719,1578
2112,2112,144,144,63,2.2857,28,2,0.0,920
2113,2113,444,444,145,3.0621,426,5,0.0,4112
2114,2114,116,116,49,2.3673,21,3,0.0,3444
2115,2115,205,205,73,2.8082,106,2,0.0,982
2116,2116,0,0,0,0.0,60,1,13.055,2069
2117,2117,3,3,2,1.5,256,1,22.037,1878
2118,2118,58,58,22,2.6364,3,5,0.0,4080
2119,2119,285,285,209,1.3636,59,1,20.954,1985
2120,2120,130,130,52,2.5,19,2,4.627,1578
2121,2121,57,57,32,1.7812,51,2,0.441,1572
2122,2122,116,21,7,3.0,139,5,0.0,3998
2123,2123,118,118,31,3.8065,25,5,0.0,4727
2124,2124,37,37,11,3.3636,0,2,0.0,2694
2125,2125,391,391,146,2.6781,34,3,0.0,3911
2126,2126,21,21,6,3.5,70,2,0.594,2642
2127,2127,269,269,89,3.0225,19,4,0.0,2763
2128,2128,176,176,88,2.0,33,2,0.0,2410
2129,2129,29,4,2,2.0,355,2,0.0,2311
2130,2130,48,48,21,2.2857,3,2,0.0,963
2131,2131,62,62,27,2.2963,14,2,0.0,877
2132,2132,199,199,62,3.2097,29,5,0.0,4086
2133,2133,246,222,122,1.8197,88,2,1.062,2286
2134,2134,139,139,98,1.4184,39,1,23.023,1778
2135,2135,93,93,50,1.86,781,3,5.333,420
2136,2136,58,58,20,2.9,2,5,0.0,4620
2137,2137,96,96,35,2.7429,19,2,0.817,3247
2138,2138,485,485,207,2.343,37,2,0.0,2535
2139,2139,87,87,31,2.8065,17,2,0.0,1179
2140,2140,89,89,36,2.4722,19,2,0.0,641
2141,2141,78,78,31,2.5161,5,2,0.0,685
2142,2142,753,753,289,2.6055,31,3,0.0,2926
2143,2143,93,93,46,2.0217,5,6,7.011,36
2144,2144,364,364,164,2.2195,51,3,0.0,825
2145,2145,40,40,12,3.3333,12,2,0.0,2841
2146,2146,302,302,90,3.3556,38,2,1.608,2210
2147,2147,0,0,0,0.0,0,2,0.777,2655
2148,2148,76,76,42,1.8095,5,2,3.056,2169
2149,2149,12,12,6,2.0,20,6,6.635,29
2150,2150,580,580,201,2.8856,43,5,0.0,3927
2151,2151,90,90,59,1.5254,53,2,12.311,1781
2152,2152,53,53,23,2.3043,3,2,0.0,920
2153,2153,77,77,26,2.9615,24,3,0.0,3685
2154,2154,0,0,0,0.0,17,1,23.869,1728
2155,2155,52,52,42,1.2381,21,2,19.595,1757
2156,2156,0,0,0,0.0,141,5,0.0,4183
2157,2157,216,216,111,1.9459,49,2,0.885,2339
2158,2158,8,8,3,2.6667,336,2,5.043,1550
2159,2159,373,373,143,2.6084,27,2,1.614,2979
2160,2160,257,257,110,2.3364,23,2,0.0,2535
2161,2161,60,60,29,2.069,19,6,0.0,388
2162,2162,65,65,31,2.0968,6,6,0.0,388
2163,2163,43,43,20,2.15,86,6,0.0,311
2164,2164,0,0,0,0.0,0,4,0.0,4070
2165,2165,488,488,133,3.6692,70,4,0.0,4070
2166,2166,85,85,46,1.8478,19,3,0.0,889
2167,2167,41,41,16,2.5625,16,2,0.513,1486
2168,2168,15,15,5,3.0,0,5,0.0,3652
2169,2169,166,166,48,3.4583,41,5,0.0,3754
2170,2170,270,270,102,2.6471,42,3,0.0,1323
2171,2171,0,0,0,0.0,529,1,23.207,1746
2172,2172,128,128,44,2.9091,94,3,0.0,3767
2173,2173,63,63,26,2.4231,18,2,0.861,1527
2174,2174,96,96,39,2.4615,15,3,0.0,1415
2175,2175,195,195,44,4.4318,14,2,0.0,2511
2176,2176,201,201,53,3.7925,27,2,0.0,2572
2177,2177,37,37,19,1.9474,31,2,6.215,1574
2178,2178,84,84,31,2.7097,36,2,0.0,2250
2179,2179,139,139,36,3.8611,16,2,0.0,3520
2180,2180,128,128,43,2.9767,6,5,0.0,4199
2181,2181,11,11,4,2.75,84,5,0.0,4698
2182,2182,257,257,88,2.9205,32,3,0.0,3920
2183,2183,134,134,68,1.9706,47,3,0.205,812
2184,2184,330,330,237,1.3924,73,1,21.248,1925
2185,2185,55,55,22,2.5,2,3,0.0,1411
2186,2186,2,2,1,2.0,12,3,0.282,518
2187,2187,166,166,66,2.5152,37,2,5.535,1506
2188,2188,423,423,138,3.0652,39,4,0.0,3400
2189,2189,135,135,80,1.6875,83,2,7.343,1820
2190,2190,114,114,38,3.0,3,5,0.0,3891
2191,2191,84,84,21,4.0,31,2,0.0,2280
2192,2192,12,12,5,2.4,32,3,0.0,3460
2193,2193,171,171,50,3.42,17,2,0.0,2603
2194,2194,40,40,11,3.6364,13,2,0.0,2875
2195,2195,88,88,50,1.76,13,2,0.159,758
2196,2196,0,0,0,0.0,0,3,0.0,1413
2197,2197,60,60,21,2.8571,15,2,0.0,1076
2198,2198,0,0,0,0.0,38,5,0.0,3575
2199,2199,46,46,15,3.0667,2,5,0.0,3651
2200,2200,174,174,94,1.8511,35,2,0.35,2472
2201,2201,102,102,36,2.8333,3,5,0.0,4211
2202,2202,57,51,19,2.6842,176,5,0.0,4314
2203,2203,245,245,84,2.9167,24,3,0.0,1468
2204,2204,107,107,43,2.4884,20,2,0.0,641
2205,2205,60,60,24,2.5,6,2,0.0,800
2206,2206,280,280,138,2.029,41,2,0.526,2359
2207,2207,218,218,118,1.8475,79,2,0.807,2395
2208,2208,66,66,33,2.0,37,3,0.2,812
2209,2209,104,104,31,3.3548,15,2,0.0,2731
2210,2210,74,74,23,3.2174,16,2,0.0,3314
2211,2211,15,15,8,1.875,84,2,0.406,2313
2212,2212,92,92,23,4.0,13,2,0.128,2394
2213,2213,26,26,14,1.8571,212,3,1.003,661
2214,2214,89,89,54,1.6481,6,3,0.0,622
2215,2215,124,124,43,2.8837,14,2,7.812,3425
2216,2216,18,18,5,3.6,26,2,0.814,2590
2217,2217,13,13,8,1.625,27,2,14.342,1633
2218,2218,0,0,0,0.0,175,1,21.778,1925
2219,2219,33,33,15,2.2,82,6,0.0,271
2220,2220,39,39,16,2.4375,198,3,0.0,1312
2221,2221,549,549,211,2.6019,50,4,0.0,4093
2222,2222,686,686,189,3.6296,27,4,0.0,4372
2223,2223,59,59,28,2.1071,4,6,0.0,371
2224,2224,47,47,19,2.4737,33,6,0.0,367
2225,2225,46,46,23,2.0,49,2,12.589,1626
2226,2226,20,20,7,2.8571,27,5,0.0,4673
2227,2227,172,172,56,3.0714,95,4,0.0,2581
2228,2228,65,65,22,2.9545,2,3,0.0,3534
2229,2229,155,148,67,2.209,27,2,0.004,2350
2230,2230,381,381,154,2.474,19,3,0.0,1180
2231,2231,65,65,31,2.0968,17,3,3.426,356
2232,2232,365,365,116,3.1466,38,4,0.0,3481
2233,2233,0,0,0,0.0,0,3,0.0,2375
2234,2234,104,104,40,2.6,14,6,0.0,102
2235,2235,196,196,68,2.8824,40,5,0.0,3983
2236,2236,149,149,46,3.2391,26,2,0.0,2724
2237,2237,9,9,4,2.25,123,2,0.0,2472
2238,2238,0,0,0,0.0,52,2,9.91,1858
2239,2239,4,4,2,2.0,317,3,1.682,582
2240,2240,143,143,70,2.0429,21,3,1.457,692
2241,2241,54,54,33,1.6364,72,2,9.893,1912
2242,2242,299,299,149,2.0067,102,3,0.0,549
2243,2243,250,239,63,3.7937,37,5,0.0,4694
2244,2244,178,178,62,2.871,20,5,0.0,4670
2245,2245,396,396,133,2.9774,40,5,0.0,4170
2246,2246,154,154,92,1.6739,76,2,7.024,1863
2247,2247,82,82,35,2.3429,18,2,0.0,1453
2248,2248,0,0,0,0.0,42,2,0.0,1018
2249,2249,78,78,39,2.0,14,5,4.268,3752
2250,2250,79,79,60,1.3167,433,1,21.589,1899
2251,2251,0,0,0,0.0,0,1,17.027,2034
2252,2252,509,509,204,2.4951,31,2,9.256,1854
2253,2253,0,0,0,0.0,3,1,18.097,2038
2254,2254,0,0,0,0.0,31,2,0.0,2529
2255,2255,178,178,77,2.3117,49,3,0.0,948
2256,2256,55,55,28,1.9643,16,2,0.0,747
2257,2257,113,113,46,2.4565,37,3,0.0,1455
2258,2258,251,251,66,3.803,35,2,0.0,2572
2259,2259,6,6,3,2.0,13,5,4.199,3886
2260,2260,63,63,27,2.3333,25,5,4.283,3899
2261,2261,143,143,61,2.3443,23,2,0.0,1453
2262,2262,515,515,156,3.3013,39,3,0.0,1623
2263,2263,60,60,24,2.5,4,2,0.0,676
2264,2264,76,76,44,1.7273,17,2,0.846,2416
2265,2265,121,121,55,2.2,36,3,0.0,825
2266,2266,47,47,14,3.3571,91,2,1.089,2256
2267,2267,109,109,28,3.8929,2,2,0.0,3462
2268,2268,17,17,4,4.25,270,2,0.0,3062
2269,2269,214,214,59,3.6271,6,5,0.0,4098
2270,2270,105,105,38,2.7632,6,3,0.0,3359
2271,2271,50,50,22,2.2727,3,2,0.0,961
2272,2272,8,8,4,2.0,112,2,0.0,903
2273,2273,117,117,40,2.925,34,5,0.0,4501
2274,2274,39,39,20,1.95,3,2,0.0,747
2275,2275,0,0,0,0.0,62,1,23.669,1729
2276,2276,67,67,21,3.1905,13,2,0.0,3272
2277,2277,127,127,37,3.4324,15,2,0.811,2608
2278,2278,66,66,22,3.0,1,3,0.0,1956
2279,2279,152,152,90,1.6889,22,2,7.134,1863
2280,2280,48,48,33,1.4545,0,1,18.45,2040
2281,2281,26,26,10,2.6,15,6,6.596,48
2282,2282,46,46,17,2.7059,3,2,0.0,879
2283,2283,134,134,53,2.5283,22,2,6.716,1506
2284,2284,198,198,63,3.1429,23,2,0.664,2776
2285,2285,0,0,0,0.0,352,3,0.0,1404
2286,2286,72,72,28,2.5714,6,6,0.0,422
2287,2287,50,50,20,2.5,16,2,0.0,685
2288,2288,30,30,15,2.0,14,2,1.356,1618
2289,2289,12,12,6,2.0,14,2,0.93,1620
2290,2290,31,29,11,2.6364,296,4,0.0,3846
2291,2291,160,160,46,3.4783,20,2,0.0,3434
2292,2292,159,159,44,3.6136,19,2,0.0,2282
2293,2293,224,224,120,1.8667,20,2,0.004,2284
2294,2294,7,7,4,1.75,64,2,5.233,1637
2295,2295,23,23,10,2.3,0,5,0.0,4190
2296,2296,0,0,0,0.0,165,4,0.0,4324
2297,2297,67,67,23,2.913,86,4,0.0,3001
2298,2298,90,90,55,1.6364,159,2,3.807,2105
2299,2299,108,108,78,1.3846,159,3,5.489,343
2300,2300,0,0,0,0.0,137,2,0.781,2389
2301,2301,8,8,4,2.0,41,6,0.0,269
2302,2302,38,38,21,1.8095,204,3,0.0,482
2303,2303,103,103,35,2.9429,2,4,0.0,3091
2304,2304,271,271,154,1.7597,20,2,1.233,2206
2305,2305,375,375,101,3.7129,34,2,0.0,3774
2306,2306,476,476,196,2.4286,23,6,0.0,55
2307,2307,48,48,17,2.8235,3,2,0.0,1136
2308,2308,254,254,96,2.6458,107,2,0.0,2640
2309,2309,89,89,58,1.5345,14,2,12.898,1781
2310,2310,280,280,81,3.4568,224,5,0.0,4409
2311,2311,57,57,21,2.7143,1,5,0.0,4156
2312,2312,85,85,44,1.9318,4,2,0.17,754
2313,2313,109,109,47,2.3191,3,5,4.06,3903
2314,2314,3,3,1,3.0,466,3,0.0,3916
2315,2315,150,150,44,3.4091,14,5,0.0,4311
2316,2316,27,27,14,1.9286,19,2,0.0,851
2317,2317,0,0,0,0.0,66,3,0.0,631
2318,2318,0,0,0,0.0,134,5,0.0,3799
2319,2319,5,5,3,1.6667,304,2,14.11,1633
2320,2320,212,212,61,3.4754,18,3,0.0,2139
2321,2321,75,75,61,1.2295,16,2,15.44,1834
2322,2322,212,212,58,3.6552,21,2,0.0,3324
2323,2323,49,49,18,2.7222,27,5,0.0,4065
2324,2324,104,104,67,1.5522,124,2,10.02,1813
2325,2325,147,147,48,3.0625,17,3,0.0,1382
2326,2326,246,246,86,2.8605,22,3,0.0,3587
2327,2327,61,61,25,2.44,16,2,0.0,1508
2328,2328,103,103,42,2.4524,20,2,0.005,725
2329,2329,35,35,16,2.1875,14,3,1.113,742
2330,2330,0,0,0,0.0,0,5,0.0,4262
2331,2331,35,35,18,1.9444,17,2,0.0,747
2332,2332,136,136,101,1.3465,42,1,18.451,2006
2333,2333,129,129,77,1.6753,35,6,6.799,18
2334,2334,96,96,32,3.0,30,5,0.0,4565
2335,2335,177,177,63,2.8095,97,5,0.0,4026
2336,2336,94,94,39,2.4103,27,3,0.0,474
2337,2337,61,61,29,2.1034,18,6,0.0,388
2338,2338,155,155,70,2.2143,67,2,0.067,2348
2339,2339,269,269,144,1.8681,20,2,0.004,2305
2340,2340,122,122,63,1.9365,41,2,0.635,1620
2341,2341,51,51,25,2.04,13,4,0.0,2408
2342,2342,69,69,34,2.0294,17,3,1.655,608
2343,2343,139,139,68,2.0441,8,3,1.433,692
2344,2344,142,142,70,2.0286,22,3,1.227,677
2345,2345,177,177,58,3.0517,22,5,0.0,3757
2346,2346,44,44,26,1.6923,27,2,5.546,1817
2347,2347,25,25,16,1.5625,27,2,13.183,1689
2348,2348,110,110,34,3.2353,19,2,0.0,3272
2349,2349,175,175,120,1.4583,21,2,1.429,2151
2350,2350,340,340,135,2.5185,36,2,0.0,3461
2351,2351,20,20,7,2.8571,42,5,0.0,4682
2352,2352,167,167,48,3.4792,21,2,0.0,3434
2353,2353,294,294,88,3.3409,16,2,0.0,2821
2354,2354,0,0,0,0.0,24,5,0.0,4075
2355,2355,144,144,38,3.7895,25,5,0.0,4697
2356,2356,56,56,36,1.5556,384,2,10.429,1837
2357,2357,0,0,0,0.0,279,2,14.713,1658
2358,2358,0,0,0,0.0,74,2,0.0,959
2359,2359,227,227,97,2.3402,47,6,0.0,240
2360,2360,363,363,115,3.1565,39,2,0.822,2776
2361,2361,61,61,28,2.1786,4,3,0.0,2374
2362,2362,78,32,20,1.6,92,2,1.447,2154
2363,2363,72,72,29,2.4828,4,2,1.445,1667
2364,2364,82,82,33,2.4848,17,2,6.967,1667
2365,2365,0,0,0,0.0,84,5,0.0,4315
2366,2366,0,0,0,0.0,0,3,0.0,3715
2367,2367,59,59,15,3.9333,14,2,0.0,2718
2368,2368,86,86,43,2.0,27,6,5.972,27
2369,2369,117,117,47,2.4894,17,2,0.0,557
2370,2370,128,128,68,1.8824,28,3,1.587,576
2371,2371,56,56,20,2.8,13,5,0.0,4211
2372,2372,254,254,101,2.5149,44,3,0.0,1513
2373,2373,33,33,14,2.3571,2,2,1.181,1448
2374,2374,33,33,17,1.9412,14,2,0.0,818
2375,2375,47,47,19,2.4737,14,2,0.0,588
2376,2376,164,164,74,2.2162,37,2,0.921,2430
2377,2377,185,185,83,2.2289,31,2,0.068,2348
2378,2378,80,80,40,2.0,19,4,0.0,2408
2379,2379,285,285,94,3.0319,35,4,0.0,2763
2380,2380,0,0,0,0.0,34,4,5.665,2988
2381,2381,157,157,47,3.3404,16,5,0.0,3569
2382,2382,164,164,49,3.3469,18,5,0.0,3663
2383,2383,195,195,107,1.8224,20,2,0.914,2286
2384,2384,0,0,0,0.0,165,3,0.0,2375
2385,2385,301,257,127,2.0236,43,2,0.085,2359
2386,2386,27,27,9,3.0,0,5,0.0,4343
2387,2387,201,201,69,2.913,22,3,0.0,3920
2388,2388,150,150,60,2.5,25,2,5.005,1517
2389,2389,69,69,28,2.4643,1,1,12.803,2078
2390,2390,100,100,65,1.5385,21,2,13.809,1781
2391,2391,313,313,234,1.3376,38,1,15.997,2037
2392,2392,251,251,85,2.9529,31,3,0.0,2233
2393,2393,0,0,0,0.0,35,3,0.0,3352
2394,2394,66,66,26,2.5385,5,6,6.797,48
2395,2395,66,66,26,2.5385,5,6,6.63,48
2396,2396,149,149,71,2.0986,26,2,9.032,2144
2397,2397,102,102,28,3.6429,45,2,0.0,2346
2398,2398,76,76,30,2.5333,17,2,1.159,1486
2399,2399,155,155,51,3.0392,17,3,0.0,1290
2400,2400,338,338,171,1.9766,112,3,1.75,565
2401,2401,40,40,12,3.3333,0,2,0.0,2841
2402,2402,80,80,33,2.4242,14,2,0.808,1571
2403,2403,421,421,113,3.7257,45,4,0.0,3057
2404,2404,40,40,11,3.6364,2,2,0.0,2875
2405,2405,50,50,13,3.8462,18,2,0.0,2505
2406,2406,19,19,11,1.7273,59,2,5.87,1817
2407,2407,159,159,49,3.2449,24,4,0.0,3297
2408,2408,220,220,50,4.4,36,2,0.0,2511
2409,2409,321,321,165,1.9455,44,3,0.0,820
2410,2410,148,148,43,3.4419,17,2,0.0,2554
2411,2411,52,52,21,2.4762,6,2,0.0,711
2412,2412,49,49,20,2.45,20,2,0.0,728
2413,2413,55,55,17,3.2353,13,2,0.0,2737
2414,2414,109,109,56,1.9464,16,2,0.172,737
2415,2415,47,47,23,2.0435,18,6,0.0,371
2416,2416,904,904,297,3.0438,566,4,0.0,2813
2417,2417,121,121,43,2.814,616,5,0.0,4285
2418,2418,0,0,0,0.0,83,2,0.0,2554
2419,2419,0,0,0,0.0,0,4,0.0,4260
2420,2420,0,0,0,0.0,531,6,0.0,146
2421,2421,927,927,500,1.854,142,3,0.0,857
2422,2422,0,0,0,0.0,112,2,0.0,2689
2423,2423,81,81,46,1.7609,34,2,0.16,730
2424,2424,90,90,35,2.5714,6,6,6.98,43
2425,2425,0,0,0,0.0,0,4,0.0,2725
2426,2426,0,0,0,0.0,0,3,0.0,3920
2427,2427,37,37,16,2.3125,50,5,0.0,3676
2428,2428,2596,2596,1238,2.0969,125,3,0.0,2674
2429,2429,73,73,26,2.8077,18,5,0.0,4314
2430,2430,28,28,12,2.3333,85,2,0.0,959
2431,2431,77,77,40,1.925,28,2,1.104,1618
2432,2432,274,129,84,1.5357,114,2,12.21,1837
2433,2433,89,89,40,2.225,104,2,0.064,2353
2434,2434,36,36,10,3.6,0,2,0.0,3029
2435,2435,0,0,0,0.0,229,4,0.0,3076
2436,2436,71,71,20,3.55,1,2,0.0,3570
2437,2437,210,210,59,3.5593,33,2,0.0,2765
2438,2438,328,328,104,3.1538,28,2,0.652,2768
2439,2439,31,31,9,3.4444,58,5,0.0,3655
2440,2440,194,194,75,2.5867,25,2,0.571,2704
2441,2441,371,371,124,2.9919,33,3,0.0,3736
2442,2442,0,0,0,0.0,229,5,0.0,4275
2443,2443,95,95,39,2.4359,18,2,0.0,1508
2444,2444,0,0,0,0.0,0,4,0.0,4013
2445,2445,0,0,0,0.0,0,2,0.0,2610
2446,2446,174,174,58,3.0,22,3,0.0,3435
2447,2447,0,0,0,0.0,99,1,11.667,2075
2448,2448,196,196,67,2.9254,31,3,0.0,3867
2449,2449,47,47,19,2.4737,3,2,0.0,625
2450,2450,324,324,142,2.2817,31,2,0.73,2757
2451,2451,46,46,22,2.0909,14,3,0.0,935
2452,2452,29,29,13,2.2308,1,2,0.0,961
2453,2453,35,35,14,2.5,35,6,0.0,367
2454,2454,120,120,44,2.7273,17,2,0.0,895
2455,2455,165,165,47,3.5106,14,4,0.0,3626
2456,2456,139,139,40,3.475,15,2,0.0,3901
2457,2457,123,123,70,1.7571,23,2,3.399,2095
2458,2458,0,0,0,0.0,0,3,0.0,843
2459,2459,89,89,43,2.0698,8,3,3.259,375
2460,2460,140,140,69,2.029,97,3,1.925,556
2461,2461,94,94,32,2.9375,13,4,0.0,3069
2462,2462,102,102,55,1.8545,4,3,0.0,941
2463,2463,54,54,31,1.7419,13,2,2.316,1594
2464,2464,414,414,114,3.6316,20,4,0.0,4370
2465,2465,0,0,0,0.0,268,6,5.797,38
2466,2466,46,46,17,2.7059,5,5,0.0,4653
2467,2467,148,148,52,2.8462,20,5,0.0,4166
2468,2468,410,410,130,3.1538,28,4,0.0,3481
2469,2469,106,106,36,2.9444,87,4,0.0,2953
2470,2470,186,186,64,2.9062,18,2,0.0,2872
2471,2471,0,0,0,0.0,276,2,0.0,2689
2472,2472,59,59,17,3.4706,15,2,0.0,2565
2473,2473,0,0,0,0.0,0,5,0.0,4736
2474,2474,185,185,49,3.7755,28,5,0.0,4697
2475,2475,0,0,0,0.0,124,1,18.838,1644
2476,2476,1460,0,0,0.0,378,3,0.915,1447
2477,2477,151,151,100,1.51,234,1,22.231,1808
2478,2478,0,0,0,0.0,79,5,0.0,4292
2479,2479,453,453,149,3.0403,38,4,0.0,2888
2480,2480,0,0,0,0.0,0,4,0.0,2774
2481,2481,246,246,124,1.9839,25,3,0.754,1442
2482,2482,121,121,43,2.814,17,2,0.0,2541
2483,2483,11,11,4,2.75,402,5,0.0,4313
2484,2484,0,0,0,0.0,29,1,22.479,1797
2485,2485,73,64,25,2.56,44,2,0.55,2704
2486,2486,192,192,83,2.3133,69,2,3.418,2205
2487,2487,70,70,31,2.2581,19,2,0.0,936
2488,2488,222,222,83,2.6747,22,3,0.0,3911
2489,2489,178,178,53,3.3585,30,4,0.0,3193
2490,2490,183,183,116,1.5776,20,2,1.007,2309
2491,2491,168,168,60,2.8,17,3,0.0,1446
2492,2492,73,73,30,2.4333,7,2,0.004,725
2493,2493,87,87,47,1.8511,19,2,0.0,615
2494,2494,38,38,14,2.7143,23,2,0.0,1074
2495,2495,30,30,11,2.7273,14,2,0.0,1136
2496,2496,52,52,42,1.2381,336,2,15.117,1834
2497,2497,66,66,21,3.1429,17,5,0.0,3708
2498,2498,199,199,110,1.8091,8,2,1.261,2260
2499,2499,608,608,198,3.0707,54,3,0.0,1382
2500,2500,9,9,3,3.0,0,5,0.0,4670
2501,2501,731,728,207,3.5169,72,2,1.381,2903
2502,2502,159,159,42,3.7857,18,2,0.0,2562
2503,2503,122,122,76,1.6053,24,2,0.216,613
2504,2504,90,90,32,2.8125,100,5,0.0,4067
2505,2505,26,26,9,2.8889,14,5,0.0,4651
2506,2506,0,0,0,0.0,17,2,0.735,2589
2507,2507,23,23,7,3.2857,11,2,0.81,2574
2508,2508,72,72,21,3.4286,2,2,0.0,2574
2509,2509,25,25,13,1.9231,12,2,0.0,747
2510,2510,600,600,441,1.3605,35,1,18.94,2007
2511,2511,172,172,50,3.44,16,5,0.0,4496
2512,2512,218,218,71,3.0704,27,5,0.0,3783
2513,2513,84,84,40,2.1,48,1,10.389,2112
2514,2514,0,0,0,0.0,130,3,0.0,3849
2515,2515,317,317,103,3.0777,173,2,0.359,2367
2516,2516,0,0,0,0.0,365,2,8.944,1751
2517,2517,227,227,62,3.6613,54,4,1.48,3579
2518,2518,364,364,181,2.011,105,3,0.0,525
2519,2519,67,67,33,2.0303,58,4,5.722,3055
2520,2520,83,83,23,3.6087,0,2,0.675,2590
2521,2521,28,28,8,3.5,137,2,1.021,2570
2522,2522,0,0,0,0.0,0,4,0.0,4070
2523,2523,170,170,54,3.1481,16,4,0.0,3576
2524,2524,222,222,76,2.9211,23,3,0.0,1600
2525,2525,47,47,28,1.6786,60,2,9.461,1857
2526,2526,12,12,7,1.7143,1,2,2.88,1572
2527,2527,160,160,46,3.4783,6,2,0.0,3474
2528,2528,537,537,170,3.1588,42,3,0.0,2375
2529,2529,213,213,115,1.8522,19,3,0.0,941
2530,2530,261,261,98,2.6633,58,3,0.0,3420
2531,2531,8,8,4,2.0,12,6,6.595,29
2532,2532,478,325,101,3.2178,150,2,0.0,2724
2533,2533,243,243,63,3.8571,18,2,0.0,3705
2534,2534,105,105,45,2.3333,25,6,0.0,240
2535,2535,298,298,138,2.1594,25,3,0.0,1009
2536,2536,60,60,20,3.0,14,5,0.0,4563
2537,2537,455,455,136,3.3456,27,2,0.0,2259
2538,2538,432,432,208,2.0769,79,1,13.895,2056
2539,2539,0,0,0,0.0,66,3,0.0,1395
2540,2540,37,37,17,2.1765,54,6,0.0,271
2541,2541,97,97,36,2.6944,23,5,0.0,4685
2542,2542,0,0,0,0.0,76,2,0.0,2689
2543,2543,93,72,41,1.7561,19,2,0.171,758
2544,2544,80,80,27,2.963,3,5,0.0,4646
2545,2545,66,66,24,2.75,18,2,0.0,793
2546,2546,413,413,138,2.9928,40,5,0.0,4243
2547,2547,0,0,0,0.0,2415,1,21.621,1926
2548,2548,167,167,85,1.9647,21,3,0.821,765
2549,2549,39,39,15,2.6,18,6,7.005,35
2550,2550,0,0,0,0.0,222,1,16.65,2065
2551,2551,76,76,30,2.5333,19,2,0.945,1486
2552,2552,630,630,341,1.8475,154,2,0.669,2395
2553,2553,129,129,32,4.0312,18,2,0.0,2345
2554,2554,15,15,5,3.0,272,2,1.831,2177
2555,2555,52,52,23,2.2609,3,2,0.0,911
2556,2556,58,58,23,2.5217,15,2,0.0,652
2557,2557,169,169,76,2.2237,20,2,0.0,2538
2558,2558,121,95,48,1.9792,16,3,0.214,823
2559,2559,15,15,7,2.1429,52,6,0.0,280
2560,2560,181,181,46,3.9348,132,2,0.0,2641
2561,2561,110,110,34,3.2353,16,2,0.0,3350
2562,2562,129,129,55,2.3455,16,2,0.0,2535
2563,2563,114,114,37,3.0811,22,2,0.121,2367
2564,2564,49,49,19,2.5789,15,2,0.549,2652
2565,2565,60,60,33,1.8182,34,2,4.95,2169
2566,2566,124,124,62,2.0,20,6,5.123,32
2567,2567,0,0,0,0.0,165,4,0.0,4322
2568,2568,75,75,30,2.5,16,2,0.0,625
2569,2569,0,0,0,0.0,576,1,23.905,1743
2570,2570,44,44,18,2.4444,15,2,0.0,720
2571,2571,28,28,17,1.6471,13,2,0.325,2214
2572,2572,74,74,30,2.4667,47,3,0.0,1310
2573,2573,176,176,71,2.4789,23,3,0.0,1361
2574,2574,54,54,21,2.5714,5,6,6.973,46
2575,2575,107,107,43,2.4884,133,6,0.0,340
2576,2576,156,156,58,2.6897,19,4,0.0,2569
2577,2577,62,62,27,2.2963,14,2,0.0,963
2578,2578,39,39,14,2.7857,1,3,0.0,1446
2579,2579,92,92,56,1.6429,129,3,0.0,614
2580,2580,16,16,5,3.2,1,3,0.0,4161
2581,2581,72,72,34,2.1176,17,6,0.0,388
2582,2582,0,0,0,0.0,0,2,0.772,1528
2583,2583,170,170,91,1.8681,15,2,0.004,2284
2584,2584,43,43,23,1.8696,5,3,7.366,444
2585,2585,380,380,118,3.2203,25,5,0.0,4206
2586,2586,104,104,41,2.5366,20,5,0.0,4141
2587,2587,142,142,59,2.4068,15,2,0.952,1551
2588,2588,42,42,17,2.4706,13,2,0.712,1571
2589,2589,69,69,28,2.4643,20,3,0.0,1361
2590,2590,188,188,62,3.0323,16,2,0.0,3139
2591,2591,210,210,62,3.3871,24,2,0.0,2599
2592,2592,0,0,0,0.0,33,5,0.0,4106
2593,2593,0,0,0,0.0,58,3,0.0,1312
2594,2594,0,0,0,0.0,1405,3,0.0,2332
2595,2595,99,99,56,1.7679,17,2,0.17,638
2596,2596,87,87,32,2.7188,4,2,0.005,829
2597,2597,0,0,0,0.0,0,2,0.609,2589
2598,2598,87,87,36,2.4167,14,2,0.771,1571
2599,2599,61,61,25,2.44,17,2,0.454,1505
2600,2600,31,31,8,3.875,0,2,0.0,3230
2601,2601,31,31,16,1.9375,12,2,0.0,717
2602,2602,8,8,4,2.0,253,2,0.85,2312
2603,2603,117,117,43,2.7209,34,2,0.0,829
2604,2604,431,431,193,2.2332,110,2,0.0,2500
2605,2605,100,100,35,2.8571,15,5,0.0,3983
2606,2606,34,34,17,2.0,45,5,4.24,3880
2607,2607,152,152,91,1.6703,19,2,9.31,1932
2608,2608,69,69,36,1.9167,18,2,1.058,1618
2609,2609,29,29,12,2.4167,13,2,0.0,588
2610,2610,42,42,17,2.4706,15,2,1.097,1551
2611,2611,73,73,59,1.2373,26,2,17.014,1757
2612,2612,51,51,33,1.5455,540,2,13.83,1835
2613,2613,14,14,5,2.8,0,5,0.0,4079
2614,2614,30,30,11,2.7273,2,2,0.0,1136
2615,2615,57,57,23,2.4783,17,2,0.0,687
2616,2616,148,148,55,2.6909,17,5,0.0,4099
2617,2617,0,0,0,0.0,51,6,7.051,33
2618,2618,90,90,39,2.3077,94,3,0.0,866
2619,2619,69,69,31,2.2258,192,3,0.2,755
2620,2620,29,29,17,1.7059,69,2,4.075,1539
2621,2621,0,0,0,0.0,0,7,0.0,4386
2622,2622,270,270,91,2.967,53,4,6.457,3113
2623,2623,180,180,58,3.1034,17,4,0.0,2581
2624,2624,0,0,0,0.0,215,1,22.249,1828
2625,2625,415,373,95,3.9263,36,2,0.0,2880
2626,2626,0,0,0,0.0,219,2,0.004,2288
2627,2627,93,93,48,1.9375,249,2,0.715,1620
2628,2628,53,53,27,1.963,14,2,0.0,851
2629,2629,63,63,25,2.52,17,2,1.005,1486
2630,2630,80,80,42,1.9048,31,2,0.0,807
2631,2631,139,139,74,1.8784,12,3,1.77,565
2632,2632,133,133,46,2.8913,5,3,0.0,1445
2633,2633,66,66,44,1.5,76,1,21.899,1821
2634,2634,56,56,29,1.931,83,6,0.0,63
2635,2635,214,214,122,1.7541,44,2,1.157,2206
2636,2636,78,78,35,2.2286,8,3,0.381,729
2637,2637,368,368,117,3.1453,61,4,0.0,3481
2638,2638,0,0,0,0.0,203,2,0.605,2655
2639,2639,327,327,172,1.9012,24,3,0.0,908
2640,2640,0,0,0,0.0,45,2,0.0,3413
2641,2641,35,35,17,2.0588,25,2,8.733,2145
2642,2642,281,281,95,2.9579,44,5,0.0,4001
2643,2643,400,400,116,3.4483,37,5,0.0,4269
2644,2644,120,120,42,2.8571,19,5,0.0,4214
2645,2645,66,66,34,1.9412,50,2,0.22,777
2646,2646,136,136,54,2.5185,26,3,0.0,3421
2647,2647,64,64,28,2.2857,4,2,0.0,893
2648,2648,66,66,27,2.4444,20,3,0.0,1282
2649,2649,54,54,19,2.8421,20,2,0.0,1080
2650,2650,67,67,19,3.5263,3,2,0.0,3482
2651,2651,341,341,251,1.3586,64,1,20.905,1973
2652,2652,0,0,0,0.0,0,2,0.0,928
2653,2653,158,158,41,3.8537,95,3,0.0,2239
2654,2654,95,95,43,2.2093,33,3,0.0,3188
2655,2655,108,108,50,2.16,6,3,0.0,1131
2656,2656,87,87,22,3.9545,16,2,0.0,2750
2657,2657,55,55,27,2.037,18,1,9.976,2108
2658,2658,69,69,38,1.8158,4,2,7.738,2130
2659,2659,59,59,31,1.9032,86,3,5.141,435
2660,2660,54,54,22,2.4545,26,3,0.0,439
2661,2661,36,36,13,2.7692,27,2,0.0,1076
2662,2662,288,288,130,2.2154,39,2,1.034,2430
2663,2663,136,136,76,1.7895,109,2,0.877,2309
2664,2664,442,442,126,3.5079,37,2,0.0,3349
2665,2665,389,389,208,1.8702,36,2,0.0,2389
2666,2666,501,501,180,2.7833,24,5,0.0,4404
2667,2667,0,0,0,0.0,69,5,0.0,4160
2668,2668,170,170,94,1.8085,41,2,0.464,2263
2669,2669,160,160,74,2.1622,26,3,0.0,990
2670,2670,32,32,9,3.5556,115,2,0.717,2590
2671,2671,269,269,92,2.9239,24,3,0.0,3954
2672,2672,207,207,61,3.3934,24,2,0.0,3861
2673,2673,75,75,22,3.4091,3,2,0.713,2676
2674,2674,56,56,29,1.931,4,2,0.0,717
2675,2675,204,204,104,1.9615,105,3,0.651,765
2676,2676,162,162,53,3.0566,27,3,0.0,1240
2677,2677,229,229,173,1.3237,89,1,20.548,1919
2678,2678,25,25,11,2.2727,13,5,0.0,4228
2679,2679,317,317,107,2.9626,27,3,0.0,1960
2680,2680,0,0,0,0.0,273,2,0.0,1024
2681,2681,47,47,19,2.4737,26,2,0.0,588
2682,2682,80,80,32,2.5,18,6,0.0,388
2683,2683,267,267,89,3.0,22,5,0.0,3888
2684,2684,39,39,18,2.1667,18,6,0.0,310
2685,2685,91,91,26,3.5,13,2,0.0,3072
2686,2686,251,251,72,3.4861,28,2,0.0,3474
2687,2687,0,0,0,0.0,63,2,12.921,1221
2688,2688,335,335,151,2.2185,230,2,0.993,2386
2689,2689,93,93,47,1.9787,159,3,0.0,549
2690,2690,348,348,99,3.5152,41,2,0.0,3482
2691,2691,983,983,268,3.6679,107,4,0.0,4070
2692,2692,64,64,24,2.6667,16,4,0.0,2474
2693,2693,307,307,118,2.6017,25,2,1.31,2979
2694,2694,142,142,106,1.3396,110,1,19.384,1964
2695,2695,28,28,12,2.3333,15,2,0.0,3602
2696,2696,11,11,3,3.6667,55,2,0.0,2557
2697,2697,66,66,34,1.9412,16,2,0.815,1620
2698,2698,55,55,17,3.2353,1,2,0.0,3365
2699,2699,176,176,64,2.75,60,3,0.0,1699
2700,2700,130,130,60,2.1667,155,3,0.0,983
2701,2701,60,60,39,1.5385,178,1,17.316,1676
2702,2702,149,149,71,2.0986,23,2,6.462,2144
2703,2703,104,104,46,2.2609,6,2,1.07,2784
2704,2704,341,341,114,2.9912,32,2,0.223,2649
2705,2705,0,0,0,0.0,1518,1,23.524,1773
2706,2706,0,0,0,0.0,71,3,0.0,2976
2707,2707,62,62,21,2.9524,13,5,0.0,4565
2708,2708,130,130,38,3.4211,15,2,0.785,2608
2709,2709,155,155,41,3.7805,20,2,0.0,2562
2710,2710,195,195,54,3.6111,14,2,0.0,3153
2711,2711,57,57,23,2.4783,13,2,6.699,1667
2712,2712,55,55,28,1.9643,14,2,0.0,873
2713,2713,0,0,0,0.0,713,2,0.0,2529
2714,2714,60,60,24,2.5,6,2,0.0,687
2715,2715,77,77,45,1.7111,17,2,0.772,2416
2716,2716,38,38,14,2.7143,23,2,0.0,1005
2717,2717,46,46,18,2.5556,3,6,0.0,261
2718,2718,255,255,132,1.9318,32,2,0.845,2339
2719,2719,111,111,32,3.4688,18,2,0.0,3058
2720,2720,0,0,0,0.0,43,2,0.38,2313
2721,2721,125,125,35,3.5714,16,2,0.0,2765
2722,2722,248,248,106,2.3396,35,2,0.0,2535
2723,2723,0,0,0,0.0,41,6,7.102,33
2724,2724,59,59,28,2.1071,25,6,0.0,388
2725,2725,48,48,19,2.5263,20,3,0.0,3421
2726,2726,243,243,148,1.6419,36,2,1.107,2203
2727,2727,306,306,206,1.4854,139,1,22.13,1656
2728,2728,287,287,194,1.4794,1796,1,22.605,1672
2729,2729,35,35,23,1.5217,48,2,13.386,1781
2730,2730,50,50,20,2.5,15,3,1.66,1355
2731,2731,76,76,35,2.1714,18,3,0.0,2374
2732,2732,139,139,60,2.3167,18,2,0.003,2253
2733,2733,220,220,58,3.7931,32,5,0.0,4697
2734,2734,0,0,0,0.0,114,2,0.0,959
2735,2735,253,253,75,3.3733,31,3,0.0,2530
2736,2736,67,67,26,2.5769,90,6,0.0,261
2737,2737,67,67,32,2.0938,16,6,0.0,388
2738,2738,51,51,24,2.125,37,6,0.0,311
2739,2739,171,171,74,2.3108,26,3,0.0,948
2740,2740,214,214,61,3.5082,20,2,0.0,3058
2741,2741,306,306,104,2.9423,21,5,0.0,3963
2742,2742,3,3,1,3.0,92,5,0.0,4698
2743,2743,53,53,18,2.9444,16,5,0.0,4565
2744,2744,82,82,34,2.4118,15,2,0.0,1527
2745,2745,135,41,30,1.3667,546,3,5.901,378
2746,2746,78,78,39,2.0,77,2,6.455,1574
2747,2747,183,183,65,2.8154,20,3,0.0,1446
2748,2748,182,182,50,3.64,3,4,0.0,4260
2749,2749,214,214,136,1.5735,21,2,1.082,2265
2750,2750,47,47,21,2.2381,199,2,0.0,2612
2751,2751,150,150,46,3.2609,14,2,0.0,2616
2752,2752,39,39,20,1.95,3,2,1.23,1618
2753,2753,55,55,20,2.75,3,2,0.0,895
2754,2754,54,54,17,3.1765,14,5,0.0,4086
2755,2755,74,74,21,3.5238,3,2,0.0,3348
2756,2756,272,272,189,1.4392,3,1,12.355,2114
2757,2757,77,77,50,1.54,13,2,15.227,1703
2758,2758,346,346,130,2.6615,38,3,0.0,1092
2759,2759,115,115,63,1.8254,46,2,0.391,2395
2760,2760,27,27,11,2.4545,22,2,0.0,2777
2761,2761,197,197,135,1.4593,50,2,1.842,2150
2762,2762,110,110,46,2.3913,66,3,0.0,474
2763,2763,0,0,0,0.0,161,5,0.0,4292
2764,2764,101,101,54,1.8704,104,3,5.22,392
2765,2765,87,87,36,2.4167,3,2,0.891,1499
2766,2766,137,137,46,2.9783,58,2,1.212,2247
2767,2767,456,456,250,1.824,37,2,1.27,2260
2768,2768,493,493,363,1.3581,34,1,18.612,2004
2769,2769,49,49,20,2.45,3,2,0.0,800
2770,2770,41,41,13,3.1538,12,5,0.0,3651
2771,2771,472,472,147,3.2109,33,2,0.0,2724
2772,2772,143,143,40,3.575,17,2,0.0,2765
2773,2773,114,114,63,1.8095,88,2,0.367,2313
2774,2774,127,127,57,2.2281,35,2,0.066,2287
2775,2775,0,0,0,0.0,161,2,0.562,2602
2776,2776,99,99,50,1.98,89,3,0.196,755
2777,2777,139,139,84,1.6548,29,3,0.0,622
2778,2778,163,163,90,1.8111,48,3,0.0,471
2779,2779,27,27,11,2.4545,14,2,0.775,1448
2780,2780,431,431,118,3.6525,26,4,1.618,3498
2781,2781,91,91,54,1.6852,37,2,7.889,1804
2782,2782,118,118,60,1.9667,42,3,1.456,606
2783,2783,0,0,0,0.0,0,5,0.0,4287
2784,2784,85,85,64,1.3281,41,1,18.97,1978
2785,2785,140,140,37,3.7838,16,2,0.0,2562
2786,2786,205,205,54,3.7963,23,2,0.0,2505
2787,2787,248,219,166,1.3193,522,1,21.476,1900
2788,2788,29,29,19,1.5263,259,1,18.543,1661
2789,2789,94,77,27,2.8519,45,5,0.0,4211
2790,2790,218,218,77,2.8312,18,4,0.0,2300
2791,2791,43,43,18,2.3889,26,6,6.601,44
2792,2792,63,63,25,2.52,49,6,7.005,39
2793,2793,58,58,23,2.5217,19,3,0.0,774
2794,2794,144,144,88,1.6364,138,2,9.149,1912
2795,2795,47,47,19,2.4737,41,2,0.0,557
2796,2796,68,68,28,2.4286,15,2,0.621,1571
2797,2797,51,51,21,2.4286,2,2,0.739,1527
2798,2798,0,0,0,0.0,0,2,22.1,1250
2799,2799,203,203,92,2.2065,34,2,0.064,2287
2800,2800,140,140,105,1.3333,498,1,19.968,1883
2801,2801,256,256,146,1.7534,20,2,2.873,2095
2802,2802,56,56,21,2.6667,14,3,0.0,3492
2803,2803,102,102,42,2.4286,103,3,0.0,474
2804,2804,44,44,17,2.5882,14,2,0.612,1486
2805,2805,0,0,0,0.0,0,4,0.0,2610
2806,2806,123,123,58,2.1207,20,3,0.0,935
2807,2807,85,85,39,2.1795,70,3,0.0,840
2808,2808,76,76,30,2.5333,44,2,0.793,1486
2809,2809,4,4,1,4.0,0,4,0.0,3519
2810,2810,97,97,27,3.5926,3,2,0.0,2923
2811,2811,18,18,5,3.6,19,2,0.589,2602
2812,2812,98,98,39,2.5128,68,3,0.0,2997
2813,2813,87,87,45,1.9333,4,2,0.0,802
2814,2814,56,56,21,2.6667,20,5,0.0,4686
2815,2815,221,221,143,1.5455,71,1,18.057,1697
2816,2816,39,39,17,2.2941,19,2,0.0,959
2817,2817,3,3,1,3.0,17,5,0.0,4698
2818,2818,176,161,57,2.8246,20,5,0.0,4039
2819,2819,88,88,47,1.8723,17,2,0.0,2450
2820,2820,11,11,6,1.8333,90,2,0.376,2313
2821,2821,682,682,186,3.6667,29,4,1.602,3498
2822,2822,109,109,82,1.3293,27,1,20.597,1944
2823,2823,74,74,23,3.2174,13,2,0.0,3365
2824,2824,96,96,49,1.9592,90,5,4.071,3835
2825,2825,82,82,31,2.6452,13,3,0.0,3228
2826,2826,620,620,169,3.6686,23,4,0.0,4071
2827,2827,147,147,37,3.973,17,2,0.0,2741
2828,2828,0,0,0,0.0,35,3,2.146,559
2829,2829,169,169,64,2.6406,23,2,0.0,2452
2830,2830,54,54,18,3.0,17,5,0.0,4576
2831,2831,62,62,21,2.9524,2,5,0.0,4510
2832,2832,0,0,0,0.0,67,2,10.084,1932
2833,2833,60,60,41,1.4634,109,2,1.449,2151
2834,2834,529,529,356,1.486,63,1,22.971,1712
2835,2835,146,146,118,1.2373,232,2,17.069,1757
2836,2836,6,6,4,1.5,46,1,20.092,1983
2837,2837,60,60,24,2.5,19,2,0.0,768
2838,2838,137,137,100,1.37,15,1,24.933,1723
2839,2839,262,262,118,2.2203,25,2,0.0,2479
2840,2840,182,182,69,2.6377,25,2,0.093,2422
2841,2841,259,259,150,1.7267,1846,1,24.452,1684
2842,2842,0,0,0,0.0,25,2,0.0,2453
2843,2843,47,47,14,3.3571,12,2,0.0,2694
2844,2844,82,82,41,2.0,16,4,0.0,2408
2845,2845,145,145,40,3.625,17,2,0.0,3029
2846,2846,0,0,0,0.0,70,4,0.0,3294
2847,2847,73,73,28,2.6071,54,4,0.0,2852
2848,2848,85,85,39,2.1795,18,2,0.068,2292
2849,2849,94,94,50,1.88,22,3,1.654,565
2850,2850,37,37,20,1.85,51,3,0.0,883
2851,2851,0,0,0,0.0,165,2,0.0,717
2852,2852,275,275,94,2.9255,121,3,0.0,3954
2853,2853,47,47,19,2.4737,14,2,0.0,588
2854,2854,287,287,164,1.75,63,2,1.041,2207
2855,2855,305,305,92,3.3152,29,3,0.0,1709
2856,2856,53,53,21,2.5238,3,2,0.0,625
2857,2857,30,30,20,1.5,20,2,12.949,1689
2858,2858,65,65,31,2.0968,5,6,0.0,371
2859,2859,411,411,233,1.7639,34,3,0.0,2275
2860,2860,23,23,17,1.3529,180,1,21.278,1868
2861,2861,108,108,55,1.9636,6,3,0.0,549
2862,2862,46,46,20,2.3,42,3,0.0,926
2863,2863,39,39,15,2.6,16,2,4.775,1517
2864,2864,27,25,12,2.0833,68,1,10.101,2106
2865,2865,31,31,14,2.2143,1,3,0.0,3722
2866,2866,47,47,19,2.4737,3,6,0.0,367
2867,2867,105,105,56,1.875,217,3,1.293,661
2868,2868,11,11,5,2.2,33,5,0.0,3638
2869,2869,106,106,28,3.7857,18,5,0.0,4727
2870,2870,14,14,10,1.4,354,1,21.121,1867
2871,2871,78,78,30,2.6,23,6,0.0,261
2872,2872,97,97,49,1.9796,16,6,6.904,40
2873,2873,114,114,28,4.0714,15,2,0.0,2559
2874,2874,126,126,46,2.7391,17,2,0.0,2201
2875,2875,8,8,2,4.0,61,5,0.0,4700
2876,2876,147,147,49,3.0,26,5,0.0,4243
2877,2877,67,67,22,3.0455,2,5,0.0,3714
2878,2878,192,192,109,1.7615,19,2,0.157,672
2879,2879,22,22,9,2.4444,12,5,0.0,4719
2880,2880,19,19,7,2.7143,25,5,0.0,4698
2881,2881,56,56,33,1.697,144,2,7.101,1862
2882,2882,0,0,0,0.0,320,5,0.0,4194
2883,2883,49,49,36,1.3611,107,1,18.786,1981
2884,2884,0,0,0,0.0,136,2,0.822,2312
2885,2885,215,215,118,1.822,25,2,1.073,2286
2886,2886,124,124,35,3.5429,113,5,0.0,3931
2887,2887,144,144,109,1.3211,23,1,21.294,1947
2888,2888,190,190,112,1.6964,49,2,12.673,1677
2889,2889,12,7,4,1.75,93,2,7.916,1862
2890,2890,87,18,6,3.0,170,5,0.0,4433
2891,2891,257,257,102,2.5196,27,3,1.232,1319
2892,2892,0,0,0,0.0,1180,3,0.0,1907
2893,2893,395,395,214,1.8458,175,2,0.712,2453
2894,2894,76,76,32,2.375,26,2,1.829,1453
2895,2895,51,51,25,2.04,12,4,0.0,2408
2896,2896,206,206,133,1.5489,35,2,8.024,1737
2897,2897,0,0,0,0.0,0,4,0.0,3065
2898,2898,94,94,27,3.4815,14,2,0.0,3132
2899,2899,96,96,43,2.2326,16,2,0.0,928
2900,2900,32,32,12,2.6667,1,2,0.822,3247
2901,2901,194,194,76,2.5526,23,2,0.0,3487
2902,2902,75,75,39,1.9231,16,2,0.0,747
2903,2903,13,0,0,0.0,145,1,19.042,1980
2904,2904,277,277,118,2.3475,62,3,0.0,664
2905,2905,49,49,20,2.45,16,2,0.0,711
2906,2906,110,110,27,4.0741,102,2,0.0,1248
2907,2907,264,264,80,3.3,45,2,0.0,3611
2908,2908,7,7,3,2.3333,40,5,4.065,3883
2909,2909,96,96,30,3.2,14,2,0.0,3272
2910,2910,46,46,12,3.8333,22,5,0.0,4702
2911,2911,456,456,132,3.4545,20,5,0.0,3665
2912,2912,25,25,10,2.5,1,2,0.565,2652
2913,2913,0,0,0,0.0,44,3,0.0,3736
2914,2914,155,155,52,2.9808,14,5,0.0,4425
2915,2915,68,68,23,2.9565,3,5,0.0,4592
2916,2916,187,187,96,1.9479,95,2,0.779,2339
2917,2917,473,473,243,1.9465,40,2,0.685,2339
2918,2918,210,0,0,0.0,540,2,18.768,1806
2919,2919,63,63,23,2.7391,17,2,0.0,793
2920,2920,49,49,20,2.45,16,2,5.478,1578
2921,2921,26,26,13,2.0,56,6,0.0,79
2922,2922,45,45,19,2.3684,3,6,4.504,52
2923,2923,22,22,10,2.2,14,3,3.19,356
2924,2924,253,253,88,2.875,47,4,0.0,2575
2925,2925,43,43,17,2.5294,48,2,5.047,1550
2926,2926,83,83,33,2.5152,16,6,0.0,388
2927,2927,105,105,42,2.5,20,2,5.167,1578
2928,2928,147,147,76,1.9342,37,2,0.215,657
2929,2929,0,0,0,0.0,242,1,19.307,1839
2930,2930,119,119,68,1.75,28,2,2.927,2095
2931,2931,132,132,75,1.76,20,2,3.317,2095
2932,2932,27,27,11,2.4545,2,2,1.64,1487
2933,2933,361,361,132,2.7348,41,2,0.562,2642
2934,2934,264,264,92,2.8696,27,3,0.0,3587
2935,2935,36,36,13,2.7692,85,5,0.0,4067
2936,2936,137,137,42,3.2619,3,4,0.0,3297
2937,2937,73,73,20,3.65,17,5,0.0,4052
2938,2938,82,82,28,2.9286,18,4,0.0,2953
2939,2939,199,199,114,1.7456,15,2,1.112,2206
2940,2940,125,125,41,3.0488,19,5,0.0,3783
2941,2941,61,61,32,1.9062,31,6,0.0,80
2942,2942,6,6,4,1.5,23,1,17.071,1676
2943,2943,334,334,96,3.4792,20,2,0.0,3901
2944,2944,108,108,70,1.5429,20,2,14.162,1703
2945,2945,119,119,49,2.4286,4,2,1.04,1528
2946,2946,341,341,157,2.172,19,3,0.0,1061
2947,2947,0,0,0,0.0,1005,3,0.0,2456
2948,2948,90,90,52,1.7308,18,2,0.638,2215
2949,2949,144,144,41,3.5122,18,2,1.456,2903
2950,2950,0,0,0,0.0,70,3,0.0,2703
2951,2951,93,93,34,2.7353,18,2,0.194,783
2952,2952,68,68,20,3.4,14,2,0.613,2642
2953,2953,0,0,0,0.0,99,4,0.0,2763
2954,2954,6,6,2,3.0,210,4,0.0,2769
2955,2955,0,0,0,0.0,0,2,0.0,1458
2956,2956,114,114,30,3.8,44,5,0.0,4222
2957,2957,69,69,26,2.6538,16,5,0.0,4027
2958,2958,265,265,99,2.6768,78,3,0.0,3958
2959,2959,0,0,0,0.0,854,3,5.1,407
2960,2960,363,363,121,3.0,32,5,0.0,4505
2961,2961,140,140,48,2.9167,7,3,0.0,1600
2962,2962,325,325,100,3.25,21,2,0.0,2616
2963,2963,19,19,8,2.375,48,2,0.062,2292
2964,2964,185,185,122,1.5164,76,1,23.293,1808
2965,2965,0,0,0,0.0,108,6,6.459,29
2966,2966,87,87,23,3.7826,5,5,0.0,4697
2967,2967,108,108,59,1.8305,19,2,4.435,2169
2968,2968,89,89,54,1.6481,23,3,0.0,622
2969,2969,0,0,0,0.0,251,6,0.0,278
2970,2970,99,99,39,2.5385,20,3,0.524,729
2971,2971,251,251,95,2.6421,67,3,0.0,1208
2972,2972,182,182,62,2.9355,37,3,0.0,3867
2973,2973,114,114,29,3.931,2,2,0.0,2713
2974,2974,331,331,95,3.4842,27,2,0.0,3901
2975,2975,0,0,0,0.0,0,6,0.0,371
2976,2976,110,110,61,1.8033,22,2,6.428,2130
2977,2977,233,233,137,1.7007,31,2,0.011,2252
2978,2978,150,150,61,2.459,20,5,0.0,3681
2979,2979,23,23,9,2.5556,31,6,7.153,35
2980,2980,85,85,36,2.3611,231,5,3.945,3883
2981,2981,0,0,0,0.0,631,5,0.0,4224
2982,2982,70,70,29,2.4138,23,3,0.0,377
2983,2983,0,0,0,0.0,66,6,0.0,281
2984,2984,156,156,81,1.9259,28,2,0.791,1620
2985,2985,113,113,47,2.4043,18,2,1.083,1528
2986,2986,0,0,0,0.0,116,2,2.178,2115
2987,2987,254,254,69,3.6812,17,4,0.0,4070
2988,2988,154,154,78,1.9744,21,3,0.0,549
2989,2989,101,101,39,2.5897,14,2,0.0,2807
2990,2990,110,110,47,2.3404,5,3,0.0,3391
2991,2991,0,0,0,0.0,126,5,0.0,4309
2992,2992,0,0,0,0.0,52,1,20.534,1921
2993,2993,161,161,51,3.1569,16,4,0.0,3481
2994,2994,77,77,46,1.6739,138,2,9.769,1858
2995,2995,253,253,83,3.0482,321,4,0.0,2867
2996,2996,56,56,21,2.6667,28,5,0.0,4685
2997,2997,31,31,13,2.3846,14,2,0.0,1470
2998,2998,135,135,34,3.9706,2,2,0.0,2713
2999,2999,32,32,13,2.4615,1,2,0.65,1527
3000,3000,9,9,6,1.5,150,1,11.44,2098
3001,3001,111,111,69,1.6087,9,2,0.24,639
3002,3002,84,84,37,2.2703,52,2,0.0,991
3003,3003,153,153,39,3.9231,5,2,0.0,2810
3004,3004,77,77,28,2.75,4,2,0.0,842
3005,3005,376,376,113,3.3274,48,2,0.0,3006
3006,3006,64,64,19,3.3684,2,2,0.0,3101
3007,3007,267,267,90,2.9667,9,5,4.125,3871
3008,3008,95,95,38,2.5,19,6,0.0,367
3009,3009,0,0,0,0.0,115,3,1.63,586
3010,3010,0,0,0,0.0,0,2,14.957,1221
3011,3011,164,164,41,4.0,15,2,0.096,2280
3012,3012,1350,0,0,0.0,17,6,0.0,14
3013,3013,249,249,94,2.6489,31,2,0.0,2637
3014,3014,93,93,33,2.8182,6,2,0.0,1076
3015,3015,178,178,53,3.3585,3,2,0.0,2821
3016,3016,176,176,59,2.9831,19,5,0.0,3790
3017,3017,33,33,18,1.8333,19,3,1.166,651
3018,3018,497,497,137,3.6277,42,4,0.0,4370
3019,3019,96,96,28,3.4286,14,2,0.749,2676
3020,3020,399,399,134,2.9776,29,5,0.0,4180
3021,3021,0,0,0,0.0,0,4,0.0,2610
3022,3022,264,264,88,3.0,33,2,0.0,2726
3023,3023,151,151,76,1.9868,52,3,0.0,623
3024,3024,49,49,21,2.3333,90,6,5.294,44
3025,3025,204,204,121,1.686,38,2,0.01,2252
3026,3026,2,2,1,2.0,0,5,0.0,4380
3027,3027,431,431,107,4.028,22,4,0.0,3440
3028,3028,107,107,61,1.7541,77,2,2.699,2110
3029,3029,163,163,92,1.7717,23,2,2.581,2042
3030,3030,64,64,33,1.9394,17,2,0.699,1620
3031,3031,0,0,0,0.0,233,2,4.67,1517
3032,3032,125,125,76,1.6447,17,2,10.95,1823
3033,3033,193,193,103,1.8738,26,2,0.0,2391
3034,3034,298,298,80,3.725,80,4,0.0,3057
3035,3035,31,31,13,2.3846,3,2,0.0,711
3036,3036,454,454,179,2.5363,43,3,0.0,2842
3037,3037,362,362,112,3.2321,20,3,0.0,2325
3038,3038,365,365,120,3.0417,37,4,0.0,2929
3039,3039,0,0,0,0.0,102,1,19.829,1940
3040,3040,0,0,0,0.0,14,1,14.15,2081
3041,3041,88,0,0,0.0,80,2,9.824,1831
3042,3042,23,23,9,2.5556,2,6,6.114,54
3043,3043,217,217,69,3.1449,29,2,0.447,2776
3044,3044,362,362,110,3.2909,35,2,0.0,3002
3045,3045,135,135,51,2.6471,16,5,0.0,3603
3046,3046,161,161,69,2.3333,18,5,3.953,3903
3047,3047,65,65,19,3.4211,29,2,0.0,2718
3048,3048,53,53,21,2.5238,14,2,0.968,3416
3049,3049,0,0,0,0.0,627,3,0.0,2405
3050,3050,248,248,141,1.7589,23,2,1.265,2206
3051,3051,0,0,0,0.0,147,1,21.362,1838
3052,3052,22,22,8,2.75,73,2,0.726,3247
3053,3053,137,11,4,2.75,289,5,0.0,4286
3054,3054,159,159,57,2.7895,96,5,0.0,4314
3055,3055,0,0,0,0.0,273,1,22.867,1687
3056,3056,67,67,25,2.68,31,5,0.0,4686
3057,3057,0,0,0,0.0,110,2,17.1,1834
3058,3058,17,17,6,2.8333,29,5,0.0,4340
3059,3059,278,278,203,1.3695,342,1,24.383,1772
3060,3060,136,136,41,3.3171,20,2,0.0,3101
3061,3061,42,42,19,2.2105,27,2,0.07,2287
3062,3062,39,39,18,2.1667,17,6,0.0,264
3063,3063,68,68,34,2.0,14,6,7.109,40
3064,3064,86,86,27,3.1852,2,2,0.0,3313
3065,3065,0,0,0,0.0,927,4,0.0,4253
3066,3066,332,332,92,3.6087,77,2,0.0,3374
3067,3067,160,160,40,4.0,65,2,0.314,2345
3068,3068,0,0,0,0.0,226,4,0.0,4471
3069,3069,358,358,89,4.0225,22,4,0.0,3440
3070,3070,309,309,100,3.09,27,4,0.0,2581
3071,3071,206,206,67,3.0746,24,4,0.0,2581
3072,3072,236,236,141,1.6738,327,2,9.034,1856
3073,3073,0,0,0,0.0,35,2,0.58,2602
3074,3074,118,118,65,1.8154,30,2,8.052,2130
3075,3075,460,460,118,3.8983,30,2,0.0,3432
3076,3076,40,40,11,3.6364,41,2,0.958,2590
3077,3077,0,0,0,0.0,127,2,0.0,959
3078,3078,280,280,194,1.4433,63,1,18.22,2018
3079,3079,65,65,26,2.5,3,3,0.0,1361
3080,3080,58,58,35,1.6571,21,2,6.378,2074
3081,3081,0,0,0,0.0,0,2,4.508,1550
3082,3082,25,25,13,1.9231,2,2,0.0,747
3083,3083,0,0,0,0.0,76,2,1.126,1528
3084,3084,243,243,110,2.2091,27,2,0.627,2430
3085,3085,51,51,26,1.9615,65,6,0.0,70
3086,3086,231,231,91,2.5385,68,5,0.0,4141
3087,3087,33,33,13,2.5385,26,2,5.128,1550
3088,3088,40,40,23,1.7391,19,2,0.976,2215
3089,3089,152,152,77,1.974,41,3,0.0,651
3090,3090,173,173,80,2.1625,26,3,0.0,983
3091,3091,462,462,175,2.64,25,5,0.0,3616
3092,3092,21,21,6,3.5,46,2,0.627,2589
3093,3093,701,701,253,2.7708,46,4,0.0,4175
3094,3094,0,0,0,0.0,443,3,0.0,3697
3095,3095,390,390,131,2.9771,101,5,0.0,4394
3096,3096,44,44,22,2.0,3,2,7.248,1607
3097,3097,141,141,52,2.7115,34,2,0.0,2250
3098,3098,84,84,40,2.1,6,2,9.211,2145
3099,3099,110,110,52,2.1154,19,2,5.322,2145
3100,3100,28,28,8,3.5,82,2,0.626,2614
3101,3101,47,47,13,3.6154,27,2,0.607,2602
3102,3102,12,12,4,3.0,12,5,0.0,4576
3103,3103,36,36,14,2.5714,3,3,0.0,3915
3104,3104,110,110,66,1.6667,7,3,0.0,614
3105,3105,36,36,14,2.5714,3,2,7.094,1506
3106,3106,53,53,23,2.3043,3,2,0.0,920
3107,3107,13,13,5,2.6,0,2,0.0,553
3108,3108,36,36,15,2.4,16,2,0.54,1505
3109,3109,58,58,24,2.4167,16,2,0.0,1505
3110,3110,0,0,0,0.0,41,5,0.0,4195
3111,3111,5,5,3,1.6667,36,2,2.732,1403
3112,3112,25,25,15,1.6667,63,2,6.42,1817
3113,3113,182,182,52,3.5,18,2,0.0,3434
3114,3114,132,132,41,3.2195,3,2,0.0,3272
3115,3115,66,66,39,1.6923,18,2,5.746,1816
3116,3116,110,110,40,2.75,19,2,0.0,1027
3117,3117,106,106,45,2.3556,29,3,0.0,558
3118,3118,0,0,0,0.0,97,4,0.0,4305
3119,3119,0,0,0,0.0,0,3,0.0,1415
3120,3120,57,57,17,3.3529,25,2,0.0,3226
3121,3121,0,0,0,0.0,1884,4,0.0,4236
3122,3122,32,32,16,2.0,2,6,5.899,27
3123,3123,80,80,40,2.0,26,5,4.381,3930
3124,3124,66,66,26,2.5385,3,5,0.0,4075
3125,3125,27,27,10,2.7,3,5,0.0,4653
3126,3126,249,249,98,2.5408,21,3,0.0,2379
3127,3127,603,603,345,1.7478,127,3,0.0,900
3128,3128,836,774,368,2.1033,40,3,2.847,1125
3129,3129,678,678,170,3.9882,46,4,0.0,4329
3130,3130,139,139,81,1.716,29,2,0.806,2416
3131,3131,0,0,0,0.0,0,2,0.0,2538
3132,3132,22,22,11,2.0,120,6,7.221,36
3133,3133,77,77,24,3.2083,30,2,0.0,3365
3134,3134,406,406,139,2.9209,64,3,0.0,1600
3135,3135,375,375,148,2.5338,32,3,0.0,2963
3136,3136,20,20,11,1.8182,13,2,1.237,1586
3137,3137,0,0,0,0.0,212,4,0.0,4324
3138,3138,48,48,20,2.4,33,3,0.0,1325
3139,3139,85,85,32,2.6562,34,3,0.0,1092
3140,3140,182,182,62,2.9355,4,3,0.0,3867
3141,3141,405,405,136,2.9779,94,5,0.0,4425
3142,3142,327,327,85,3.8471,35,2,0.0,3764
3143,3143,28,28,9,3.1111,141,5,0.0,3989
3144,3144,78,78,63,1.2381,14,2,17.486,1834
3145,3145,43,43,18,2.3889,13,6,3.907,52
3146,3146,112,112,45,2.4889,19,3,0.0,3090
3147,3147,48,48,20,2.4,2,2,0.0,1499
3148,3148,110,110,57,1.9298,126,2,0.194,707
3149,3149,17,17,8,2.125,287,3,0.0,526
3150,3150,0,0,0,0.0,227,1,23.082,1748
3151,3151,197,197,71,2.7746,32,5,0.0,4314
3152,3152,153,153,48,3.1875,0,4,0.0,4260
3153,3153,29,18,9,2.0,52,6,0.0,63
3154,3154,509,509,176,2.892,27,4,0.0,2638
3155,3155,26,26,11,2.3636,123,5,0.0,3727
3156,3156,86,86,36,2.3889,3,2,0.719,1571
3157,3157,264,264,77,3.4286,20,2,0.0,2607
3158,3158,47,47,13,3.6154,45,2,0.569,2602
3159,3159,25,25,10,2.5,107,3,0.0,1312
3160,3160,29,29,17,1.7059,16,2,3.429,1586
3161,3161,141,141,57,2.4737,20,3,0.0,1455
3162,3162,30,30,8,3.75,23,5,0.0,4700
3163,3163,44,44,22,2.0,3,2,6.191,1574
3164,3164,151,151,68,2.2206,21,3,0.0,3202
3165,3165,16,16,6,2.6667,0,5,0.0,4080
3166,3166,137,137,61,2.2459,214,5,0.0,3778
3167,3167,32,32,13,2.4615,1,2,0.07,2412
3168,3168,56,56,33,1.697,176,2,8.866,1854
3169,3169,9,9,5,1.8,54,2,7.847,1862
3170,3170,252,252,72,3.5,23,2,0.0,3482
3171,3171,380,380,143,2.6573,41,3,0.0,1103
3172,3172,0,0,0,0.0,110,3,0.0,2230
3173,3173,117,117,57,2.0526,287,4,5.751,3043
3174,3174,267,267,90,2.9667,24,4,7.415,3164
3175,3175,57,57,24,2.375,20,2,0.0,1453
3176,3176,0,0,0,0.0,0,2,0.0,2604
3177,3177,372,372,261,1.4253,55,1,22.999,1732
3178,3178,41,41,21,1.9524,16,2,0.0,747
3179,3179,154,154,111,1.3874,38,1,21.667,1925
3180,3180,203,203,68,2.9853,46,5,0.0,4170
3181,3181,57,57,23,2.4783,46,2,0.0,728
3182,3182,88,88,22,4.0,13,2,0.0,2280
3183,3183,146,146,47,3.1064,18,5,0.0,3651
3184,3184,0,0,0,0.0,14,3,0.0,1373
3185,3185,160,160,72,2.2222,20,2,0.0,2538
3186,3186,20,20,11,1.8182,26,3,0.0,482
3187,3187,48,48,15,3.2,1,2,0.0,3365
3188,3188,15,15,4,3.75,22,5,0.0,4700
3189,3189,103,103,27,3.8148,18,5,0.0,4704
3190,3190,168,168,49,3.4286,24,2,0.0,2565
3191,3191,228,228,63,3.619,5,2,0.0,3399
3192,3192,29,29,9,3.2222,1,5,0.0,3652
3193,3193,416,416,153,2.719,25,5,0.0,4272
3194,3194,43,43,25,1.72,20,2,2.072,1451
3195,3195,0,0,0,0.0,170,2,0.0,3410
3196,3196,78,78,24,3.25,13,2,0.0,2616
3197,3197,101,101,68,1.4853,233,1,21.442,1674
3198,3198,194,194,118,1.6441,23,2,6.439,2013
3199,3199,83,83,28,2.9643,38,2,1.522,2213
3200,3200,95,95,56,1.6964,85,2,2.465,2204
3201,3201,15,15,6,2.5,249,2,0.728,1571
3202,3202,138,138,45,3.0667,6,3,0.0,1237
3203,3203,117,117,69,1.6957,107,2,1.056,2204
3204,3204,113,113,56,2.0179,71,4,0.0,2300
3205,3205,97,97,36,2.6944,85,4,0.0,2569
3206,3206,277,277,122,2.2705,34,2,1.554,2890
3207,3207,60,60,29,2.069,19,6,0.0,388
3208,3208,331,331,85,3.8941,17,2,0.0,3404
3209,3209,877,877,314,2.793,62,5,0.0,4335
3210,3210,134,134,41,3.2683,18,3,0.0,1659
3211,3211,50,50,20,2.5,3,2,0.0,643
3212,3212,106,102,50,2.04,214,3,1.304,677
3213,3213,95,95,35,2.7143,16,5,0.0,3575
3214,3214,145,145,36,4.0278,24,2,0.0,2559
3215,3215,0,0,0,0.0,72,2,1.453,2897
3216,3216,128,128,47,2.7234,16,5,0.0,3575
3217,3217,28,28,9,3.1111,32,2,0.305,2285
3218,3218,0,0,0,0.0,187,6,0.0,88
3219,3219,0,0,0,0.0,0,3,12.854,1198
3220,3220,0,0,0,0.0,0,2,0.745,1527
3221,3221,42,42,16,2.625,16,4,0.0,3987
3222,3222,47,47,19,2.4737,17,2,0.0,643
3223,3223,94,94,35,2.6857,3,3,0.0,3893
3224,3224,50,50,20,2.5,19,2,0.0,685
3225,3225,0,0,0,0.0,1186,1,16.074,2055
3226,3226,51,51,28,1.8214,16,2,0.394,2313
3227,3227,115,115,41,2.8049,39,2,0.0,1080
3228,3228,338,338,101,3.3465,22,2,1.18,2256
3229,3229,194,194,64,3.0312,39,3,0.0,1322
3230,3230,247,247,65,3.8,28,2,0.0,2480
3231,3231,55,55,24,2.2917,18,2,0.0,795
3232,3232,443,443,130,3.4077,33,5,0.0,4311
3233,3233,85,85,44,1.9318,37,2,1.252,1582
3234,3234,71,71,39,1.8205,6,2,0.288,2263
3235,3235,199,199,85,2.3412,38,3,0.0,554
3236,3236,89,89,32,2.7812,17,2,0.0,1179
3237,3237,59,59,24,2.4583,15,2,0.0,752
3238,3238,184,184,107,1.7196,26,2,0.894,2416
3239,3239,164,164,66,2.4848,24,2,0.0,599
3240,3240,117,117,69,1.6957,25,6,8.49,24
3241,3241,208,208,64,3.25,26,4,0.0,3297
3242,3242,100,100,31,3.2258,14,2,0.0,3272
3243,3243,113,113,68,1.6618,210,2,8.94,1812
3244,3244,21,21,9,2.3333,19,6,6.884,44
3245,3245,0,0,0,0.0,0,2,0.0,2497
3246,3246,65,65,23,2.8261,169,2,0.0,1076
3247,3247,52,52,31,1.6774,28,2,6.337,1817
3248,3248,142,142,53,2.6792,6,3,0.0,3855
3249,3249,22,22,8,2.75,1,5,0.0,4651
3250,3250,96,96,28,3.4286,3,2,0.0,2659
3251,3251,66,66,26,2.5385,96,2,0.0,579
3252,3252,87,87,39,2.2308,17,3,0.0,3810
3253,3253,138,138,36,3.8333,17,2,0.0,2505
3254,3254,75,75,49,1.5306,100,2,13.358,1835
3255,3255,105,105,42,2.5,17,3,0.0,1310
3256,3256,125,125,36,3.4722,16,2,0.0,3067
3257,3257,77,77,27,2.8519,65,5,0.0,4211
3258,3258,161,161,73,2.2055,28,2,0.003,2288
3259,3259,96,96,50,1.92,22,3,0.0,2089
3260,3260,117,117,61,1.918,24,2,0.178,707
3261,3261,729,729,217,3.3594,45,4,0.0,4283
3262,3262,172,172,57,3.0175,24,4,0.0,2697
3263,3263,218,180,96,1.875,125,2,0.004,2284
3264,3264,36,36,16,2.25,2,3,0.0,1374
3265,3265,0,0,0,0.0,26,3,0.0,3359
3266,3266,151,151,56,2.6964,35,5,0.0,4049
3267,3267,6,6,2,3.0,0,5,0.0,4254
3268,3268,744,744,211,3.5261,46,4,0.0,3549
3269,3269,182,182,50,3.64,46,2,0.0,2282
3270,3270,198,198,113,1.7522,27,2,3.144,2095
3271,3271,177,177,70,2.5286,12,3,0.0,729
3272,3272,186,186,94,1.9787,43,3,1.132,746
3273,3273,110,110,29,3.7931,18,5,0.0,4702
3274,3274,0,0,0,0.0,201,3,0.0,1623
3275,3275,25,25,7,3.5714,24,2,0.0,2282
3276,3276,175,175,100,1.75,24,3,0.096,808
3277,3277,72,72,30,2.4,22,3,0.0,1282
3278,3278,136,136,49,2.7755,14,5,0.0,4369
3279,3279,141,141,46,3.0652,70,4,0.0,2929
3280,3280,0,0,0,0.0,641,3,0.0,1565
3281,3281,32,32,10,3.2,1,5,0.0,3652
3282,3282,318,318,234,1.359,119,1,19.004,1979
3283,3283,129,129,44,2.9318,3,4,0.0,3219
3284,3284,166,166,49,3.3878,20,2,0.0,2599
3285,3285,23,23,10,2.3,2,2,0.0,893
3286,3286,0,0,0,0.0,599,5,0.0,4224
3287,3287,268,268,76,3.5263,30,3,0.0,2231
3288,3288,40,40,13,3.0769,1,3,0.0,1382
3289,3289,119,119,30,3.9667,19,2,0.0,2700
3290,3290,28,28,11,2.5455,3,6,6.642,46
3291,3291,159,159,72,2.2083,63,2,0.064,2348
3292,3292,235,235,70,3.3571,28,4,0.0,3210
3293,3293,0,0,0,0.0,486,1,19.242,1882
3294,3294,57,57,20,2.85,3,2,0.0,1136
3295,3295,112,112,56,2.0,17,2,0.442,2295
3296,3296,110,110,41,2.6829,16,2,0.0,871
3297,3297,79,79,40,1.975,106,3,1.092,755
3298,3298,0,0,0,0.0,413,4,0.0,4420
3299,3299,88,88,31,2.8387,18,4,0.0,2411
3300,3300,87,87,23,3.7826,17,5,0.0,4704
3301,3301,42,42,11,3.8182,20,5,0.0,4700
3302,3302,23,23,10,2.3,41,5,0.0,3727
3303,3303,395,395,274,1.4416,67,1,18.582,2019
3304,3304,101,101,48,2.1042,52,2,9.235,2144
3305,3305,75,75,29,2.5862,15,2,0.553,2652
3306,3306,91,91,45,2.0222,25,6,6.865,25
3307,3307,70,39,26,1.5,14,2,13.872,1689
3308,3308,2,2,1,2.0,30,2,0.0,2538
3309,3309,252,252,144,1.75,18,2,1.127,2207
3310,3310,93,93,28,3.3214,15,2,0.0,3006
3311,3311,0,0,0,0.0,127,2,10.098,1154
3312,3312,0,0,0,0.0,591,1,23.608,1727
3313,3313,179,179,74,2.4189,6,2,1.087,1551
3314,3314,186,186,54,3.4444,17,2,0.636,2630
3315,3315,426,426,167,2.5509,109,3,0.0,2143
3316,3316,3,3,1,3.0,221,6,0.0,340
3317,3317,235,235,93,2.5269,103,3,0.0,774
3318,3318,38,38,15,2.5333,15,2,5.805,1578
3319,3319,57,57,19,3.0,209,2,3.822,2129
3320,3320,103,103,59,1.7458,217,3,0.084,808
3321,3321,142,142,52,2.7308,25,5,0.0,4273
3322,3322,0,0,0,0.0,0,5,0.0,4254
3323,3323,220,220,65,3.3846,27,2,0.0,3804
3324,3324,134,134,41,3.2683,34,2,0.0,2616
3325,3325,49,49,22,2.2273,19,2,0.0,2699
3326,3326,0,0,0,0.0,109,1,20.255,1893
3327,3327,71,71,36,1.9722,15,3,1.449,651
3328,3328,43,43,12,3.5833,60,2,0.724,2590
3329,3329,13,13,7,1.8571,250,2,0.171,612
3330,3330,0,0,0,0.0,0,6,9.106,24
3331,3331,115,115,70,1.6429,284,2,9.812,1761
3332,3332,304,304,94,3.234,45,5,0.0,4086
3333,3333,389,389,85,4.5765,24,4,0.0,3347
3334,3334,158,154,44,3.5,14,2,1.429,2903
3335,3335,37,37,17,2.1765,14,6,0.0,311
3336,3336,355,355,104,3.4135,24,2,0.0,3382
3337,3337,96,96,50,1.92,30,3,0.0,843
3338,3338,81,81,43,1.8837,742,3,5.403,395
3339,3339,125,125,46,2.7174,43,2,0.0,842
3340,3340,290,290,148,1.9595,45,2,0.0,925
3341,3341,303,303,196,1.5459,333,1,18.155,1679
3342,3342,183,183,118,1.5508,81,2,16.31,1658
3343,3343,17,17,7,2.4286,0,2,0.0,1527
3344,3344,41,41,18,2.2778,3,2,0.0,936
3345,3345,58,58,26,2.2308,13,5,0.0,3799
3346,3346,0,0,0,0.0,402,3,0.767,1425
3347,3347,81,81,25,3.24,14,3,0.0,2388
3348,3348,18,18,7,2.5714,10,5,0.0,4171
3349,3349,518,518,146,3.5479,22,5,0.0,3944
3350,3350,119,119,90,1.3222,139,1,20.742,1894
3351,3351,269,269,171,1.5731,27,2,0.956,2308
3352,3352,222,222,113,1.9646,11,3,0.778,746
3353,3353,57,57,23,2.4783,5,6,6.096,54
3354,3354,0,0,0,0.0,25,2,0.746,2574
3355,3355,235,235,78,3.0128,18,3,0.0,2304
3356,3356,22,22,11,2.0,30,6,6.032,22
3357,3357,58,58,26,2.2308,16,2,0.0,961
3358,3358,5,5,2,2.5,0,2,6.411,1506
3359,3359,215,215,157,1.3694,1384,1,24.461,1742
3360,3360,217,217,54,4.0185,17,2,0.0,2345
3361,3361,66,66,26,2.5385,6,6,0.0,253
3362,3362,322,322,144,2.2361,82,2,0.0,2500
3363,3363,84,84,26,3.2308,13,2,0.0,3272
3364,3364,63,63,28,2.25,22,2,0.07,2287
3365,3365,265,265,84,3.1548,21,3,0.0,2375
3366,3366,5,5,2,2.5,98,6,3.956,50
3367,3367,144,144,65,2.2154,14,3,0.0,825
3368,3368,175,175,86,2.0349,27,3,1.207,677
3369,3369,45,45,18,2.5,14,2,0.0,720
3370,3370,24,24,7,3.4286,44,2,0.966,2590
3371,3371,205,205,139,1.4748,183,1,21.471,1691
3372,3372,291,291,85,3.4235,23,2,0.0,2607
3373,3373,0,0,0,0.0,57,2,1.088,2260
3374,3374,25,25,10,2.5,3,6,0.0,316
3375,3375,0,0,0,0.0,553,3,0.0,935
3376,3376,327,327,98,3.3367,22,2,0.0,2259
3377,3377,236,236,82,2.878,6,5,0.0,4019
3378,3378,0,0,0,0.0,227,4,0.0,4174
3379,3379,82,82,31,2.6452,15,2,0.0,2415
3380,3380,265,265,132,2.0076,134,3,0.0,549
3381,3381,54,54,30,1.8,17,2,3.284,1572
3382,3382,0,0,0,0.0,605,5,0.0,4218
3383,3383,66,66,30,2.2,16,2,0.0,2600
3384,3384,0,0,0,0.0,82,2,13.079,1221
3385,3385,8,8,2,4.0,16,2,0.0,2346
3386,3386,22,22,11,2.0,193,2,0.824,1620
3387,3387,123,123,49,2.5102,23,2,5.747,1506
3388,3388,275,95,71,1.338,58,1,15.081,2039
3389,3389,298,298,94,3.1702,19,2,8.424,3190
3390,3390,201,201,113,1.7788,67,2,1.018,2309
3391,3391,34,34,10,3.4,75,5,0.0,4021
3392,3392,50,50,14,3.5714,12,5,0.0,4098
3393,3393,98,98,39,2.5128,42,5,0.0,4138
3394,3394,168,168,44,3.8182,22,2,0.0,2505
3395,3395,167,167,102,1.6373,20,2,1.267,2126
3396,3396,379,379,231,1.6407,81,2,1.808,2126
3397,3397,308,308,119,2.5882,33,4,0.0,3992
3398,3398,341,341,108,3.1574,44,2,0.795,2766
3399,3399,147,128,34,3.7647,31,5,0.0,4695
3400,3400,33,33,12,2.75,3,5,0.0,4653
3401,3401,344,344,155,2.2194,32,2,0.955,2386
3402,3402,59,59,30,1.9667,3,6,5.969,27
3403,3403,101,101,37,2.7297,6,2,0.005,783
3404,3404,87,87,36,2.4167,13,2,0.634,1527
3405,3405,199,199,79,2.519,22,3,0.0,2963
3406,3406,148,148,106,1.3962,46,1,21.521,1925
3407,3407,66,66,24,2.75,16,2,0.0,793
3408,3408,78,78,31,2.5161,13,2,5.912,1578
3409,3409,1535,1535,615,2.4959,16,1,21.36,1924
3410,3410,0,0,0,0.0,2208,1,22.065,1927
3411,3411,1111,1111,278,3.9964,231,4,1.686,3414
3412,3412,991,991,273,3.63,49,4,0.0,4260
3413,3413,154,154,56,2.75,17,2,1.962,3144
3414,3414,668,668,167,4.0,18,4,0.0,4329
3415,3415,45,45,18,2.5,58,6,7.049,35
3416,3416,85,85,33,2.5758,15,2,0.0,2807
3417,3417,151,151,60,2.5167,81,2,1.992,3461
3418,3418,246,246,68,3.6176,34,2,0.0,2346
3419,3419,7,7,4,1.75,102,2,3.771,2110
3420,3420,233,233,82,2.8415,22,5,0.0,4266
3421,3421,574,550,159,3.4591,33,2,0.0,3084
3422,3422,0,0,0,0.0,1578,3,0.0,2229
3423,3423,120,120,57,2.1053,532,3,0.0,570
3424,3424,55,5,3,1.6667,117,1,21.829,1714
3425,3425,177,177,75,2.36,26,3,0.0,2874
3426,3426,0,0,0,0.0,1291,1,23.696,1707
3427,3427,0,0,0,0.0,52,1,23.429,1730
3428,3428,26,26,10,2.6,1,2,0.068,2412
3429,3429,183,180,102,1.7647,19,2,0.153,705
3430,3430,0,0,0,0.0,472,6,6.651,33
3431,3431,93,93,29,3.2069,15,2,0.0,3350
3432,3432,22,22,6,3.6667,11,2,0.0,3029
3433,3433,297,297,86,3.4535,31,2,0.0,3142
3434,3434,287,287,91,3.1538,31,2,0.534,2766
3435,3435,74,74,43,1.7209,14,2,3.294,1594
3436,3436,380,380,127,2.9921,65,5,0.0,4425
3437,3437,378,378,131,2.8855,75,2,5.69,3310
3438,3438,6,6,2,3.0,0,5,0.0,4385
3439,3439,79,79,23,3.4348,3,2,0.732,2630
3440,3440,110,110,57,1.9298,26,3,0.0,843
3441,3441,277,277,118,2.3475,19,2,0.0,2535
3442,3442,193,193,95,2.0316,24,2,0.113,2355
3443,3443,55,55,22,2.5,15,2,0.0,768
3444,3444,244,244,126,1.9365,25,2,0.217,650
3445,3445,102,102,41,2.4878,15,3,0.0,1312
3446,3446,59,59,27,2.1852,16,2,0.053,2292
3447,3447,0,0,0,0.0,1873,3,0.0,2118
3448,3448,74,74,24,3.0833,13,3,0.0,1332
3449,3449,230,230,80,2.875,58,4,0.0,2638
3450,3450,197,197,120,1.6417,26,2,7.95,2013
3451,3451,42,42,21,2.0,77,6,6.0,22
3452,3452,1209,1209,407,2.9705,122,3,0.0,1782
3453,3453,7,7,2,3.5,49,4,0.0,3199
3454,3454,1,1,1,1.0,35,3,2.682,603
3455,3455,0,0,0,0.0,487,1,23.315,1686
3456,3456,101,101,54,1.8704,29,3,5.295,435
3457,3457,0,0,0,0.0,856,3,6.511,410
3458,3458,111,111,54,2.0556,24,3,2.586,384
3459,3459,92,92,46,2.0,14,5,0.0,3839
3460,3460,207,207,47,4.4043,13,2,0.0,2511
3461,3461,246,246,70,3.5143,17,2,1.455,2903
3462,3462,0,0,0,0.0,40,2,2.049,2129
3463,3463,110,110,40,2.75,123,4,0.0,2908
3464,3464,42,42,11,3.8182,24,5,0.0,4700
3465,3465,200,200,60,3.3333,25,4,0.0,3542
3466,3466,80,80,21,3.8095,60,2,0.0,2562
3467,3467,0,0,0,0.0,364,3,0.0,2553
3468,3468,54,54,35,1.5429,126,1,17.995,1636
3469,3469,0,0,0,0.0,147,2,14.546,1608
3470,3470,141,141,84,1.6786,57,2,9.687,1854
3471,3471,92,92,37,2.4865,24,2,0.0,557
3472,3472,0,0,0,0.0,104,3,0.0,1206
3473,3473,155,155,41,3.7805,63,5,0.0,4222
3474,3474,0,0,0,0.0,259,2,2.795,1403
3475,3475,167,167,75,2.2267,4,3,0.0,1864
3476,3476,26,26,14,1.8571,43,2,0.004,2311
3477,3477,0,0,0,0.0,0,2,0.0,2528
3478,3478,98,98,64,1.5312,62,2,15.007,1779
3479,3479,231,231,77,3.0,25,5,0.0,3890
3480,3480,389,389,211,1.8436,111,2,0.0,2472
3481,3481,48,48,19,2.5263,3,6,6.95,46
3482,3482,48,48,19,2.5263,13,6,6.929,43
3483,3483,42,42,21,2.0,20,6,5.503,27
3484,3484,291,291,98,2.9694,25,4,7.301,3164
3485,3485,20,20,10,2.0,92,5,0.0,3986
3486,3486,138,138,74,1.8649,17,3,0.0,941
3487,3487,74,74,27,2.7407,3,2,0.915,3247
3488,3488,0,0,0,0.0,149,1,24.222,1799
3489,3489,0,0,0,0.0,116,2,0.0,1221
3490,3490,60,60,21,2.8571,15,5,0.0,4657
3491,3491,166,166,50,3.32,37,3,0.0,1790
3492,3492,30,30,17,1.7647,1,3,2.782,603
3493,3493,301,160,48,3.3333,15,2,0.0,2694
3494,3494,0,0,0,0.0,0,2,0.0,2762
3495,3495,0,0,0,0.0,167,2,0.0,2765
3496,3496,4,4,1,4.0,111,2,0.0,3208
3497,3497,175,175,61,2.8689,17,4,0.0,3192
3498,3498,50,50,22,2.2727,31,2,0.0,1018
3499,3499,160,160,53,3.0189,17,5,0.0,4385
3500,3500,43,43,22,1.9545,23,2,0.0,747
3501,3501,111,111,36,3.0833,16,5,0.0,3757
3502,3502,195,195,71,2.7465,27,3,0.0,1632
3503,3503,181,181,103,1.7573,108,2,1.139,2206
3504,3504,411,411,277,1.4838,262,1,22.73,1688
3505,3505,160,160,81,1.9753,22,3,0.0,1383
3506,3506,376,376,143,2.6294,31,3,0.0,3291
3507,3507,105,105,48,2.1875,19,5,0.0,3572
3508,3508,0,0,0,0.0,62,5,0.0,4315
3509,3509,319,319,88,3.625,19,6,0.0,45
3510,3510,183,183,82,2.2317,23,2,0.0,2612
3511,3511,666,666,351,1.8974,643,3,0.0,2703
3512,3512,13,13,7,1.8571,34,3,3.138,603
3513,3513,0,0,0,0.0,184,3,0.0,1079
3514,3514,37,37,26,1.4231,39,1,21.993,1755
3515,3515,0,0,0,0.0,203,5,0.0,4218
3516,3516,137,137,73,1.8767,20,2,0.004,2284
3517,3517,34,34,13,2.6154,2,2,0.0,2415
3518,3518,0,0,0,0.0,71,3,0.0,1583
3519,3519,135,135,45,3.0,20,5,0.0,4258
3520,3520,150,150,74,2.027,19,3,1.26,677
3521,3521,40,40,14,2.8571,49,5,0.0,4018
3522,3522,449,449,98,4.5816,30,4,0.0,3347
3523,3523,42,42,25,1.68,16,2,5.286,1816
3524,3524,28,28,8,3.5,22,2,0.682,2577
3525,3525,0,0,0,0.0,0,2,0.0,2665
3526,3526,84,84,36,2.3333,4,3,0.0,2976
3527,3527,68,68,24,2.8333,20,3,0.0,3512
3528,3528,19,19,13,1.4615,66,1,22.969,1797
3529,3529,162,162,41,3.9512,22,2,0.0,2810
3530,3530,87,87,32,2.7188,18,2,0.0,842
3531,3531,79,79,60,1.3167,2397,1,22.07,1902
3532,3532,122,122,62,1.9677,59,3,0.084,812
3533,3533,124,124,54,2.2963,95,3,0.0,926
3534,3534,377,377,127,2.9685,45,3,0.0,2233
3535,3535,109,109,32,3.4062,17,2,0.956,2574
3536,3536,114,114,42,2.7143,27,2,0.004,783
3537,3537,153,153,66,2.3182,160,6,0.0,220
3538,3538,46,46,18,2.5556,4,6,6.869,43
3539,3539,10,10,4,2.5,0,2,1.042,1551
3540,3540,228,228,83,2.747,99,3,0.0,1510
3541,3541,160,160,61,2.623,19,2,0.105,2422
3542,3542,76,76,38,2.0,20,5,0.0,3751
3543,3543,45,45,16,2.8125,1,5,0.0,4211
3544,3544,10,10,5,2.0,1,2,0.0,818
3545,3545,353,353,96,3.6771,59,5,0.0,4355
3546,3546,174,174,83,2.0964,21,3,0.0,570
3547,3547,7,7,3,2.3333,23,2,0.731,2757
3548,3548,87,87,45,1.9333,19,2,0.0,747
3549,3549,63,63,22,2.8636,16,2,0.0,1136
3550,3550,79,79,32,2.4688,69,2,0.0,752
3551,3551,195,195,88,2.2159,32,2,0.064,2348
3552,3552,110,110,37,2.973,339,2,3.927,2129
3553,3553,35,35,11,3.1818,1,2,0.0,2689
3554,3554,78,78,19,4.1053,17,2,0.0,3246
3555,3555,0,0,0,0.0,152,4,0.0,2958
3556,3556,127,127,68,1.8676,19,2,0.0,2450
3557,3557,206,206,75,2.7467,134,4,0.0,2774
3558,3558,197,197,108,1.8241,57,2,1.036,2260
3559,3559,145,145,84,1.7262,18,2,1.962,1518
3560,3560,93,93,24,3.875,12,2,0.0,3520
3561,3561,42,42,11,3.8182,0,2,0.0,3520
3562,3562,37,37,11,3.3636,12,2,0.0,3366
3563,3563,198,198,68,2.9118,24,3,0.0,3867
3564,3564,62,62,18,3.4444,2,2,0.0,2658
3565,3565,139,139,45,3.0889,20,2,0.321,2329
3566,3566,141,141,39,3.6154,21,2,0.0,2346
3567,3567,219,219,129,1.6977,20,2,0.003,2252
3568,3568,48,48,18,2.6667,1,2,0.0,3465
3569,3569,53,53,23,2.3043,47,2,0.0,3537
3570,3570,4,4,2,2.0,51,5,3.965,3886
3571,3571,114,114,49,2.3265,18,6,0.0,80
3572,3572,51,51,26,1.9615,15,2,0.222,737
3573,3573,66,66,35,1.8857,20,2,0.005,2352
3574,3574,73,73,37,1.973,22,3,1.426,651
3575,3575,71,71,30,2.3667,44,2,5.74,1526
3576,3576,48,48,27,1.7778,127,2,4.335,1629
3577,3577,529,529,166,3.1867,67,3,0.0,2331
3578,3578,126,126,44,2.8636,17,5,0.0,4166
3579,3579,62,62,31,2.0,72,6,7.115,33
3580,3580,3,3,1,3.0,240,3,0.0,3954
3581,3581,48,48,21,2.2857,93,2,0.0,3602
3582,3582,382,382,223,1.713,45,2,0.0,2476
3583,3583,554,554,419,1.3222,62,1,21.175,1946
3584,3584,120,120,64,1.875,123,3,2.066,546
3585,3585,307,307,108,2.8426,27,5,0.0,4573
3586,3586,0,0,0,0.0,98,2,5.499,2144
3587,3587,45,45,14,3.2143,42,2,0.0,3272
3588,3588,141,141,57,2.4737,28,3,0.0,1355
3589,3589,155,155,57,2.7193,49,5,0.0,4273
3590,3590,42,42,29,1.4483,38,1,14.707,2052
3591,3591,180,180,96,1.875,20,2,0.271,584
3592,3592,69,69,28,2.4643,37,2,0.0,725
3593,3593,111,111,49,2.2653,16,3,0.0,2695
3594,3594,77,77,28,2.75,18,2,0.004,748
3595,3595,91,91,39,2.3333,23,6,0.0,80
3596,3596,111,111,46,2.413,53,2,1.108,1551
3597,3597,187,187,109,1.7156,25,2,2.206,1492
3598,3598,33,33,12,2.75,39,5,0.0,4685
3599,3599,281,281,106,2.6509,47,2,0.0,2640
3600,3600,444,444,115,3.8609,38,4,0.0,3567
3601,3601,52,0,0,0.0,113,2,8.78,1804
3602,3602,118,118,70,1.6857,86,2,7.898,1862
3603,3603,101,101,66,1.5303,4,2,12.93,1689
3604,3604,0,0,0,0.0,0,2,0.0,2557
3605,3605,0,0,0,0.0,0,2,0.0,1168
3606,3606,132,132,49,2.6939,16,3,0.0,3893
3607,3607,184,184,107,1.7196,25,2,0.704,2476
3608,3608,182,182,54,3.3704,19,3,0.0,2530
3609,3609,109,109,39,2.7949,58,5,0.0,4211
3610,3610,0,0,0,0.0,25,1,23.188,1711
3611,3611,29,29,16,1.8125,13,3,1.29,651
3612,3612,179,179,77,2.3247,26,3,2.113,1540
3613,3613,159,159,52,3.0577,4,4,0.0,3511
3614,3614,262,252,78,3.2308,42,4,0.0,3082
3615,3615,29,29,16,1.8125,1,2,0.0,2450
3616,3616,250,250,89,2.809,28,3,0.0,3646
3617,3617,185,185,54,3.4259,34,2,0.0,3366
3618,3618,34,34,10,3.4,20,2,0.0,3366
3619,3619,67,67,24,2.7917,24,3,0.0,1446
3620,3620,0,0,0,0.0,84,2,0.0,2277
3621,3621,175,175,75,2.3333,48,6,0.0,230
3622,3622,182,182,84,2.1667,184,3,0.0,983
3623,3623,0,0,0,0.0,33,5,0.0,4286
3624,3624,98,98,27,3.6296,21,2,0.0,2282
3625,3625,0,0,0,0.0,20,6,0.0,371
3626,3626,18,18,9,2.0,12,2,0.0,747
3627,3627,42,42,18,2.3333,3,6,3.278,52
3628,3628,86,86,32,2.6875,18,4,0.0,3661
3629,3629,120,120,45,2.6667,19,4,0.0,2499
3630,3630,82,82,41,2.0,25,3,0.0,525
3631,3631,57,57,23,2.4783,20,2,0.0,752
3632,3632,110,110,59,1.8644,23,2,0.0,589
3633,3633,117,117,39,3.0,14,5,0.0,4407
3634,3634,87,87,36,2.4167,18,2,1.185,1551
3635,3635,172,172,92,1.8696,5,2,0.004,2352
3636,3636,51,51,14,3.6429,17,2,0.0,2277
3637,3637,41,41,14,2.9286,12,5,0.0,4657
3638,3638,257,257,84,3.0595,20,5,0.0,3780
3639,3639,24,24,14,1.7143,31,2,5.994,1817
3640,3640,4,4,2,2.0,202,2,3.931,2110
3641,3641,8,8,3,2.6667,48,5,0.0,4698
3642,3642,116,116,32,3.625,18,5,0.0,4052
3643,3643,82,82,41,2.0,152,5,4.073,3872
3644,3644,57,57,23,2.4783,21,2,4.648,1578
3645,3645,46,46,30,1.5333,477,2,15.609,1658
3646,3646,0,0,0,0.0,0,3,0.0,1204
3647,3647,38,38,15,2.5333,3,6,0.0,367
3648,3648,59,59,23,2.5652,19,6,0.0,261
3649,3649,201,201,91,2.2088,33,2,0.328,2635
3650,3650,135,135,60,2.25,24,2,1.656,2890
3651,3651,286,286,204,1.402,34,1,20.463,1950
3652,3652,28,28,16,1.75,3,2,3.756,1601
3653,3653,522,522,384,1.3594,75,1,19.605,1962
3654,3654,71,71,28,2.5357,14,3,0.0,2968
3655,3655,235,235,92,2.5543,25,3,0.0,2968
3656,3656,36,36,14,2.5714,21,2,0.0,2794
3657,3657,56,56,22,2.5455,14,2,0.0,2794
3658,3658,74,74,31,2.3871,16,2,0.0,1453
3659,3659,66,66,27,2.4444,3,2,0.0,1499
3660,3660,36,36,14,2.5714,13,2,0.072,2402
3661,3661,71,71,22,3.2273,2,2,0.0,3272
3662,3662,222,222,131,1.6947,33,2,3.164,2204
3663,3663,63,63,30,2.1,17,3,0.0,398
3664,3664,22,22,10,2.2,334,6,0.0,278
3665,3665,34,34,15,2.2667,19,2,0.0,975
3666,3666,199,199,72,2.7639,28,4,0.0,4191
3667,3667,272,272,166,1.6386,54,2,9.879,1912
3668,3668,40,40,11,3.6364,17,2,0.77,2590
3669,3669,43,43,12,3.5833,2,2,0.0,2935
3670,3670,55,55,22,2.5,30,2,0.0,768
3671,3671,0,0,0,0.0,106,5,0.0,4274
3672,3672,48,48,15,3.2,14,2,0.0,3365
3673,3673,582,582,174,3.3448,62,2,4.04,2159
3674,3674,139,139,38,3.6579,20,2,0.0,2761
3675,3675,161,161,51,3.1569,23,2,0.605,2776
3676,3676,202,202,91,2.2198,36,2,0.0,2547
3677,3677,161,161,104,1.5481,59,2,10.106,1813
3678,3678,87,87,34,2.5588,34,2,0.0,2655
3679,3679,40,40,20,2.0,19,6,7.181,36
3680,3680,119,119,64,1.8594,16,3,0.0,941
3681,3681,76,76,46,1.6522,18,3,0.0,614
3682,3682,103,103,55,1.8727,103,3,1.414,654
3683,3683,33,33,18,1.8333,22,3,1.202,651
3684,3684,21,21,8,2.625,22,2,0.0,720
3685,3685,243,243,123,1.9756,51,3,0.0,623
3686,3686,70,70,25,2.8,13,3,0.0,1560
3687,3687,319,319,109,2.9266,22,3,0.0,3867
3688,3688,288,288,74,3.8919,23,2,0.0,3230
3689,3689,33,33,13,2.5385,16,6,0.0,367
3690,3690,123,123,73,1.6849,26,2,0.003,2252
3691,3691,77,77,34,2.2647,22,3,0.0,1627
3692,3692,132,132,49,2.6939,17,4,0.0,2499
3693,3693,299,299,179,1.6704,62,2,8.335,1807
3694,3694,138,138,71,1.9437,16,2,0.245,657
3695,3695,30,30,17,1.7647,29,2,2.491,1572
3696,3696,90,90,42,2.1429,16,3,0.0,2374
3697,3697,26,26,17,1.5294,45,2,14.405,1779
3698,3698,102,102,49,2.0816,41,3,2.903,369
3699,3699,90,90,54,1.6667,73,2,9.384,1857
3700,3700,44,44,22,2.0,15,2,5.824,1574
3701,3701,61,61,22,2.7727,6,2,0.0,2251
3702,3702,307,307,109,2.8165,57,3,0.0,1884
3703,3703,390,390,115,3.3913,28,5,0.0,3953
3704,3704,49,49,14,3.5,2,2,0.0,3349
3705,3705,197,197,59,3.339,126,4,0.0,3334
3706,3706,601,601,195,3.0821,24,4,0.0,2769
3707,3707,67,67,27,2.4815,42,6,0.0,388
3708,3708,0,0,0,0.0,0,3,0.0,2588
3709,3709,392,392,272,1.4412,51,1,12.965,2114
3710,3710,77,77,50,1.54,13,2,14.122,1703
3711,3711,733,733,281,2.6085,42,2,1.287,2979
3712,3712,7,7,2,3.5,828,4,0.0,3245
3713,3713,194,194,133,1.4586,5,2,1.276,2206
3714,3714,80,80,40,2.0,14,6,5.283,32
3715,3715,196,196,85,2.3059,41,3,0.0,948
3716,3716,431,431,145,2.9724,46,5,0.0,4199
3717,3717,135,135,50,2.7,20,5,0.0,4280
3718,3718,117,117,52,2.25,23,2,0.0,875
3719,3719,216,216,123,1.7561,61,2,1.12,2206
3720,3720,389,389,200,1.945,134,3,0.0,843
3721,3721,94,94,28,3.3571,11,2,0.857,2256
3722,3722,186,186,64,2.9062,23,5,0.0,4501
3723,3723,386,386,110,3.5091,34,2,0.0,3349
3724,3724,19,14,8,1.75,315,2,9.503,1858
3725,3725,30,30,18,1.6667,39,2,5.262,1817
3726,3726,105,105,56,1.875,268,3,1.52,576
3727,3727,91,91,45,2.0222,5,6,5.976,29
3728,3728,0,0,0,0.0,30,3,1.43,677
3729,3729,29,29,12,2.4167,2,2,0.0,1458
3730,3730,0,0,0,0.0,240,2,0.0,1453
3731,3731,0,0,0,0.0,102,2,8.667,1751
3732,3732,0,0,0,0.0,78,2,8.11,1555
3733,3733,0,0,0,0.0,116,4,0.0,2268
3734,3734,73,73,37,1.973,59,4,0.0,2268
3735,3735,15,15,8,1.875,0,4,0.0,2323
3736,3736,166,166,82,2.0244,20,4,0.0,2408
3737,3737,18,18,10,1.8,11,2,0.196,598
3738,3738,0,0,0,0.0,0,3,2.099,546
3739,3739,118,118,63,1.873,70,3,2.157,546
3740,3740,87,87,44,1.9773,27,3,2.126,529
3741,3741,178,178,85,2.0941,43,3,0.0,526
3742,3742,72,72,40,1.8,38,3,0.0,471
3743,3743,92,92,51,1.8039,45,3,0.0,471
3744,3744,123,123,68,1.8088,59,3,0.0,471
3745,3745,0,0,0,0.0,63,2,0.0,1278
3746,3746,0,0,0,0.0,0,2,0.0,2124
3747,3747,313,3,1,3.0,329,5,0.0,4386
3748,3748,0,0,0,0.0,434,2,2.518,1431
3749,3749,70,70,41,1.7073,69,2,3.152,1451
3750,3750,144,144,81,1.7778,120,2,1.694,2120
3751,3751,360,344,206,1.6699,89,2,8.885,1932
3752,3752,19,19,11,1.7273,65,2,6.063,1816
3753,3753,0,0,0,0.0,42,2,6.382,1820
3754,3754,74,74,44,1.6818,17,2,5.803,1820
3755,3755,165,165,93,1.7742,33,2,6.355,1629
3756,3756,57,57,22,2.5909,18,2,0.0,2452
3757,3757,87,87,33,2.6364,19,2,0.079,2402
3758,3758,47,47,18,2.6111,40,2,0.078,2412
3759,3759,24,24,9,2.6667,1,2,0.078,2412
3760,3760,41,41,16,2.5625,2,2,0.073,2412
3761,3761,47,47,18,2.6111,3,2,0.062,2414
3762,3762,57,57,22,2.5909,18,2,0.072,2414
3763,3763,45,45,17,2.6471,14,2,0.067,2402
3764,3764,86,86,33,2.6061,29,2,0.0,2415
3765,3765,147,147,38,3.8684,14,2,0.0,3160
3766,3766,497,497,254,1.9567,93,2,0.0,1119
3767,3767,903,903,537,1.6816,62,3,0.0,2048
3768,3768,343,343,153,2.2418,41,3,0.0,1678
3769,3769,0,0,0,0.0,88,3,1.561,1371
3770,3770,113,113,46,2.4565,27,3,0.0,1415
3771,3771,166,166,67,2.4776,49,3,0.0,1411
3772,3772,0,0,0,0.0,0,3,0.0,1524
3773,3773,107,107,51,2.098,35,3,0.0,702
3774,3774,185,185,88,2.1023,55,3,6.825,702
3775,3775,111,111,44,2.5227,37,3,0.0,789
3776,3776,183,183,72,2.5417,31,3,0.0,849
3777,3777,107,107,42,2.5476,25,3,0.0,849
3778,3778,136,136,61,2.2295,22,3,0.0,862
3779,3779,0,0,0,0.0,0,2,0.0,1153
3780,3780,151,151,77,1.961,22,3,0.0,529
3781,3781,0,0,0,0.0,0,2,0.0,1278
3782,3782,0,0,0,0.0,933,4,0.0,4325
3783,3783,323,323,109,2.9633,31,4,0.0,4172
3784,3784,69,69,25,2.76,12,4,0.0,4175
3785,3785,265,265,88,3.0114,27,4,0.0,4111
3786,3786,139,139,54,2.5741,19,7,0.0,984
3787,3787,48,48,19,2.5263,20,7,0.0,984
3788,3788,27,27,13,2.0769,0,4,0.0,2300
3789,3789,466,466,173,2.6936,33,4,0.0,2470
3790,3790,55,55,16,3.4375,125,4,0.0,2885
3791,3791,459,459,100,4.59,21,4,0.0,3552
3792,3792,612,612,159,3.8491,60,4,0.0,3666
3793,3793,179,179,63,2.8413,6,4,0.0,2300
3794,3794,110,110,39,2.8205,14,4,0.0,2300
3795,3795,145,145,51,2.8431,19,4,0.0,2300
3796,3796,129,129,50,2.58,20,4,0.0,2378
3797,3797,154,154,57,2.7018,23,4,0.0,2499
3798,3798,101,101,38,2.6579,14,4,0.0,2499
3799,3799,115,115,43,2.6744,44,4,0.0,2499
3800,3800,113,113,37,3.0541,14,4,0.0,2697
3801,3801,118,118,39,3.0256,16,4,0.0,2697
3802,3802,276,276,81,3.4074,26,4,0.0,2885
3803,3803,289,289,81,3.5679,6,4,0.0,3011
3804,3804,143,143,40,3.575,24,4,0.0,3011
3805,3805,578,578,142,4.0704,31,4,0.0,3166
3806,3806,704,704,197,3.5736,58,4,0.0,3073
3807,3807,0,0,0,0.0,13,4,0.0,3442
3808,3808,289,289,74,3.9054,25,4,1.712,3491
3809,3809,0,0,0,0.0,0,4,0.0,4393
3810,3810,0,0,0,0.0,0,4,0.0,4327
3811,3811,0,0,0,0.0,179,4,0.0,4471
3812,3812,0,0,0,0.0,360,4,0.0,4420
3813,3813,0,0,0,0.0,0,4,0.0,4549
3814,3814,0,0,0,0.0,0,4,0.0,4611
3815,3815,0,0,0,0.0,0,4,0.0,4611
3816,3816,1197,1197,388,3.0851,157,4,0.0,3484
3817,3817,416,416,103,4.0388,34,4,0.0,3841
3818,3818,299,299,74,4.0405,45,4,0.0,3946
3819,3819,846,846,252,3.3571,56,4,0.0,4233
3820,3820,435,435,126,3.4524,27,4,0.0,4174
3821,3821,1002,1002,290,3.4552,83,4,0.0,4173
3822,3822,665,665,181,3.674,22,4,0.0,4070
3823,3823,83,83,25,3.32,17,4,0.0,3542
3824,3824,203,203,48,4.2292,27,4,0.0,3452
3825,3825,435,435,140,3.1071,34,4,0.0,3910
3826,3826,120,120,44,2.7273,23,4,1.812,4045
3827,3827,407,407,121,3.3636,30,4,0.0,3968
3828,3828,293,293,93,3.1505,18,4,0.0,3576
3829,3829,237,237,80,2.9625,17,4,0.0,3149
3830,3830,152,152,45,3.3778,21,4,0.0,3334
3831,3831,0,0,0,0.0,0,4,0.0,3194
3832,3832,0,0,0,0.0,135,4,0.0,3741
3833,3833,0,0,0,0.0,58,6,0.0,49
3834,3834,232,232,64,3.625,17,6,0.0,45
3835,3835,46,46,19,2.4211,0,6,0.0,55
3836,3836,97,97,40,2.425,24,3,0.0,423
3837,3837,0,0,0,0.0,86,6,0.0,17
3838,3838,69,69,27,2.5556,15,7,0.0,984
3839,3839,0,0,0,0.0,0,6,0.0,17
3840,3840,0,0,0,0.0,0,6,0.0,17
3841,3841,47,47,19,2.4737,15,3,0.0,4087
3842,3842,10,10,4,2.5,1,3,0.0,4047
3843,3843,0,0,0,0.0,0,3,0.0,3875
3844,3844,80,80,25,3.2,65,3,0.0,4149
3845,3845,38,38,12,3.1667,13,3,0.0,4149
3846,3846,349,332,170,1.9529,34,2,0.0,925
3847,3847,56,56,29,1.931,3,2,0.0,956
3848,3848,369,369,135,2.7333,151,2,0.0,1104
3849,3849,38,38,14,2.7143,20,2,0.0,1104
3850,3850,716,716,176,4.0682,10,2,8.711,1288
3851,3851,152,115,32,3.5938,16,2,0.0,3153
3852,3852,0,0,0,0.0,0,2,0.0,3374
3853,3853,0,0,0,0.0,91,2,0.0,2994
3854,3854,30,30,9,3.3333,95,2,0.0,3006
3855,3855,371,371,149,2.4899,31,4,2.868,2916
3856,3856,94,94,32,2.9375,2,4,1.68,3060
3857,3857,0,0,0,0.0,25,4,0.0,3526
3858,3858,22,22,7,3.1429,22,2,0.0,2802
3859,3859,39,39,20,1.95,14,2,0.0,717
3860,3860,31,31,16,1.9375,3,2,0.0,818
3861,3861,0,0,0,0.0,0,2,0.0,766
3862,3862,83,83,43,1.9302,40,2,0.0,807
3863,3863,77,77,40,1.925,52,2,0.0,744
3864,3864,25,25,11,2.2727,13,2,0.0,837
3865,3865,66,66,29,2.2759,21,2,0.0,837
3866,3866,87,87,39,2.2308,18,2,0.0,928
3867,3867,27,27,14,1.9286,2,2,0.0,851
3868,3868,146,146,64,2.2812,52,2,0.0,1069
3869,3869,101,101,37,2.7297,4,2,0.0,1027
3870,3870,20,20,7,2.8571,1,2,0.0,1027
3871,3871,46,46,17,2.7059,14,2,0.0,1074
3872,3872,28,28,11,2.5455,1,2,0.0,1074
3873,3873,64,64,23,2.7826,3,2,0.0,1101
3874,3874,131,131,48,2.7292,18,2,0.0,1005
3875,3875,94,94,42,2.2381,32,2,0.0,875
3876,3876,98,98,36,2.7222,23,2,0.0,844
3877,3877,27,27,13,2.0769,263,2,5.497,2145
3878,3878,0,0,0,0.0,26,3,0.0,3955
3879,3879,13,13,4,3.25,0,3,0.0,4136
3880,3880,61,61,26,2.3462,19,3,0.0,631
3881,3881,289,289,123,2.3496,51,3,0.0,664
3882,3882,358,358,152,2.3553,71,3,0.0,558
3883,3883,17,17,7,2.4286,2,3,0.0,771
3884,3884,119,119,51,2.3333,31,3,0.0,558
3885,3885,40,40,17,2.3529,70,3,0.0,558
3886,3886,77,77,31,2.4839,21,3,0.0,1411
3887,3887,0,0,0,0.0,26,4,0.0,4010
3888,3888,0,0,0,0.0,0,4,0.0,3917
3889,3889,0,0,0,0.0,193,4,0.0,4302
3890,3890,0,0,0,0.0,80,5,0.0,4701
3891,3891,0,0,0,0.0,0,2,0.639,2416
3892,3892,133,133,77,1.7273,24,2,0.346,2476
3893,3893,5,5,2,2.5,0,2,0.171,2479
3894,3894,16,16,7,2.2857,29,2,0.17,2479
3895,3895,50,50,29,1.7241,26,2,0.0,2476
3896,3896,0,0,0,0.0,84,2,1.477,2878
3897,3897,0,0,0,0.0,42,2,1.428,2990
3898,3898,0,0,0,0.0,0,2,1.447,2878
3899,3899,18,18,8,2.25,15,2,1.391,2990
3900,3900,0,0,0,0.0,61,2,1.409,2990
3901,3901,0,0,0,0.0,13,2,1.481,2878
3902,3902,0,0,0,0.0,16,2,1.414,2878
3903,3903,59,59,28,2.1071,16,2,1.349,2990
3904,3904,0,0,0,0.0,25,2,0.681,2776
3905,3905,3,3,1,3.0,66,2,0.693,2776
3906,3906,10,10,3,3.3333,22,2,0.725,2776
3907,3907,0,0,0,0.0,128,2,0.716,2776
3908,3908,0,0,0,0.0,13,2,0.663,2776
3909,3909,0,0,0,0.0,20,2,0.605,2776
3910,3910,0,0,0,0.0,103,2,0.61,2776
3911,3911,0,0,0,0.0,49,2,1.411,2903
3912,3912,0,0,0,0.0,22,2,1.406,2903
3913,3913,0,0,0,0.0,15,2,1.486,2903
3914,3914,0,0,0,0.0,20,2,1.449,2903
3915,3915,0,0,0,0.0,18,2,1.46,2903
3916,3916,263,263,111,2.3694,26,3,0.0,3867
3917,3917,123,123,42,2.9286,14,3,0.0,3920
3918,3918,204,204,70,2.9143,15,3,0.0,3920
3919,3919,114,114,39,2.9231,13,3,0.0,3954
3920,3920,228,228,78,2.9231,20,3,0.0,3954
3921,3921,97,97,41,2.3659,3,3,0.0,3566
3922,3922,565,565,238,2.3739,46,3,0.0,3566
3923,3923,38,38,16,2.375,13,3,0.0,3566
3924,3924,130,130,55,2.3636,18,3,0.0,3444
3925,3925,291,291,123,2.3659,27,3,0.0,3444
3926,3926,28,28,12,2.3333,2,3,0.0,3411
3927,3927,0,0,0,0.0,0,3,0.0,3444
3928,3928,0,0,0,0.0,0,3,0.0,3444
3929,3929,199,199,60,3.3167,21,4,0.0,3027
3930,3930,234,234,81,2.8889,21,4,0.0,3189
3931,3931,0,0,0,0.0,0,4,0.0,3189
3932,3932,424,424,123,3.4472,37,4,0.0,3268
3933,3933,123,111,29,3.8276,16,4,0.0,3567
3934,3934,249,249,96,2.5938,53,4,0.0,3250
3935,3935,0,0,0,0.0,133,4,6.397,3059
3936,3936,181,181,43,4.2093,21,4,0.0,3550
3937,3937,0,0,0,0.0,0,4,0.0,2518
3938,3938,0,0,0,0.0,1085,2,6.595,1555
3939,3939,113,113,48,2.3542,18,3,0.0,3460
3940,3940,139,139,61,2.2787,64,3,0.0,3849
3941,3941,205,205,91,2.2527,33,3,0.0,3750
3942,3942,34,34,13,2.6154,2,3,0.0,3598
3943,3943,208,208,92,2.2609,32,3,0.0,3722
3944,3944,48,48,18,2.6667,3,3,0.0,3441
3945,3945,197,197,74,2.6622,29,3,0.0,3441
3946,3946,62,62,23,2.6957,29,3,0.0,3441
3947,3947,340,340,128,2.6562,49,3,0.0,3441
3948,3948,178,178,75,2.3733,22,3,0.0,3460
3949,3949,25,25,11,2.2727,1,3,0.0,3722
3950,3950,37,37,14,2.6429,25,3,0.0,3598
3951,3951,24,24,9,2.6667,2,3,0.0,3475
3952,3952,0,0,0,0.0,15,3,0.0,3625
3953,3953,27,27,10,2.7,17,3,0.0,3475
3954,3954,1116,1116,505,2.2099,126,5,0.0,3688
3955,3955,40,40,17,2.3529,2,3,0.0,3411
3956,3956,66,66,28,2.3571,3,3,0.0,3411
3957,3957,90,90,38,2.3684,19,3,0.0,3237
3958,3958,47,47,21,2.2381,2,3,0.0,3286
3959,3959,21,21,9,2.3333,12,3,0.0,3286
3960,3960,88,88,33,2.6667,16,3,0.0,3495
3961,3961,19,19,7,2.7143,14,3,3.833,3492
3962,3962,19,19,7,2.7143,51,3,4.149,3377
3963,3963,8,8,3,2.6667,0,3,0.0,3420
3964,3964,104,104,39,2.6667,6,3,0.0,3420
3965,3965,56,56,21,2.6667,14,3,0.0,3420
3966,3966,65,65,29,2.2414,62,3,0.0,3286
3967,3967,42,42,16,2.625,24,3,0.0,3263
3968,3968,162,162,73,2.2192,18,3,0.0,3202
3969,3969,218,218,98,2.2245,26,3,0.0,3110
3970,3970,178,178,80,2.225,24,3,0.0,3031
3971,3971,102,102,39,2.6154,20,3,9.257,3171
3972,3972,252,252,97,2.5979,27,3,6.213,3171
3973,3973,102,102,39,2.6154,19,3,0.0,3320
3974,3974,159,159,61,2.6066,22,3,0.0,3152
3975,3975,483,483,185,2.6108,41,3,3.706,3171
3976,3976,0,0,0,0.0,24,3,0.0,3560
3977,3977,81,81,34,2.3824,18,3,0.0,3040
3978,3978,252,252,106,2.3774,27,3,0.0,3040
3979,3979,0,0,0,0.0,0,3,0.0,2179
3980,3980,0,0,0,0.0,208,3,0.0,2179
3981,3981,0,0,0,0.0,0,3,0.0,2930
3982,3982,46,46,18,2.5556,12,3,0.0,2963
3983,3983,61,61,24,2.5417,2,3,0.0,3075
3984,3984,0,0,0,0.0,29,3,0.0,3131
3985,3985,0,0,0,0.0,167,3,0.0,3131
3986,3986,0,0,0,0.0,22,3,0.0,3051
3987,3987,96,96,38,2.5263,3,3,0.0,2951
3988,3988,286,286,113,2.531,26,3,0.0,2963
3989,3989,0,0,0,0.0,256,3,0.0,2785
3990,3990,0,0,0,0.0,296,3,0.0,2790
3991,3991,57,57,24,2.375,3,3,0.0,2874
3992,3992,66,66,28,2.3571,43,3,0.0,2874
3993,3993,24,24,10,2.4,11,3,0.0,2773
3994,3994,120,120,51,2.3529,6,3,0.0,2773
3995,3995,808,808,324,2.4938,222,3,0.0,2773
3996,3996,287,287,122,2.3525,100,3,0.0,2773
3997,3997,0,0,0,0.0,237,3,0.0,2773
3998,3998,0,0,0,0.0,846,3,0.0,2773
3999,3999,31,31,16,1.9375,13,2,0.0,851
4000,4000,14,14,7,2.0,1,2,0.0,851
4001,4001,46,46,24,1.9167,15,2,0.0,851
4002,4002,20,20,10,2.0,2,2,0.0,851
4003,4003,31,31,17,1.8235,23,2,0.0,563
4004,4004,116,116,62,1.871,4,2,0.0,563
4005,4005,57,57,35,1.6286,5,2,0.235,572
4006,4006,43,43,27,1.5926,3,2,0.222,572
4007,4007,28,28,18,1.5556,13,2,0.25,572
4008,4008,42,42,26,1.6154,3,2,0.242,572
4009,4009,153,153,95,1.6105,12,2,0.216,572
4010,4010,102,102,63,1.619,19,2,0.209,613
4011,4011,112,112,70,1.6,135,2,0.173,610
4012,4012,85,85,53,1.6038,56,2,0.168,633
4013,4013,26,26,15,1.7333,72,2,0.158,636
4014,4014,0,0,0,0.0,75,2,0.156,670
4015,4015,5,5,3,1.6667,212,2,0.173,612
4016,4016,57,57,32,1.7812,143,2,0.167,612
4017,4017,23,23,12,1.9167,169,2,0.218,707
4018,4018,79,79,29,2.7241,45,2,0.0,879
4019,4019,321,321,164,1.9573,31,2,0.0,969
4020,4020,211,211,108,1.9537,22,2,0.0,969
4021,4021,39,39,14,2.7857,58,2,0.0,1076
4022,4022,0,0,0,0.0,85,2,0.0,1221
4023,4023,14,14,6,2.3333,1,2,0.0,795
4024,4024,16,16,7,2.2857,1,2,0.0,795
4025,4025,14,14,6,2.3333,11,2,0.0,795
4026,4026,93,93,33,2.8182,5,2,0.0,1076
4027,4027,248,248,88,2.8182,16,2,0.0,982
4028,4028,93,93,48,1.9375,47,2,0.0,828
4029,4029,89,89,46,1.9348,4,2,0.0,828
4030,4030,85,85,35,2.4286,25,3,0.0,474
4031,4031,149,149,65,2.2923,19,2,0.0,3513
4032,4032,0,0,0,0.0,26,2,1.094,3461
4033,4033,0,0,0,0.0,49,2,0.931,3461
4034,4034,25,25,10,2.5,12,2,0.957,3416
4035,4035,28,28,11,2.5455,18,2,1.37,3416
4036,4036,25,25,10,2.5,16,2,1.229,3416
4037,4037,11,11,4,2.75,27,2,0.0,3465
4038,4038,28,28,11,2.5455,12,2,0.0,3465
4039,4039,8,8,3,2.6667,34,2,0.0,3360
4040,4040,151,151,60,2.5167,8,2,0.0,3360
4041,4041,0,0,0,0.0,0,2,0.0,3487
4042,4042,154,154,61,2.5246,5,2,0.0,3487
4043,4043,48,48,19,2.5263,131,2,0.0,3487
4044,4044,151,151,55,2.7455,20,2,0.0,3257
4045,4045,0,0,0,0.0,69,2,6.192,3410
4046,4046,5,5,2,2.5,71,2,0.715,2757
4047,4047,205,205,90,2.2778,21,2,0.806,2757
4048,4048,0,0,0,0.0,42,2,0.603,2757
4049,4049,0,0,0,0.0,63,2,0.454,2686
4050,4050,0,0,0,0.0,35,2,0.53,2649
4051,4051,9,9,3,3.0,20,2,0.389,2649
4052,4052,0,0,0,0.0,16,2,0.498,2649
4053,4053,0,0,0,0.0,0,2,0.0,2601
4054,4054,164,164,62,2.6452,22,2,0.0,2637
4055,4055,0,0,0,0.0,31,2,1.364,2979
4056,4056,39,39,15,2.6,15,2,1.481,2979
4057,4057,42,33,11,3.0,25,4,0.0,3522
4058,4058,0,0,0,0.0,0,5,0.0,4526
4059,4059,109,6,2,3.0,77,5,0.0,4065
4060,4060,102,102,28,3.6429,16,5,0.0,4139
4061,4061,29,29,10,2.9,116,5,0.0,3980
4062,4062,100,100,29,3.4483,22,5,0.0,3621
4063,4063,77,77,23,3.3478,14,5,0.0,3570
4064,4064,0,0,0,0.0,52,5,0.0,3788
4065,4065,129,129,42,3.0714,18,5,0.0,3796
4066,4066,0,0,0,0.0,132,5,0.0,3573
4067,4067,0,0,0,0.0,562,5,0.0,3573
4068,4068,28,28,12,2.3333,87,5,0.0,3638
4069,4069,28,28,12,2.3333,133,5,0.0,3676
4070,4070,47,47,30,1.5667,49,2,1.168,2265
4071,4071,186,186,118,1.5763,20,2,1.095,2265
4072,4072,209,209,133,1.5714,18,2,0.965,2265
4073,4073,171,171,105,1.6286,22,2,0.922,2208
4074,4074,177,177,108,1.6389,38,2,0.966,2208
4075,4075,185,185,113,1.6372,93,2,1.194,2155
4076,4076,50,50,28,1.7857,29,2,0.757,2271
4077,4077,79,79,44,1.7955,14,2,1.271,2271
4078,4078,131,131,73,1.7945,43,2,1.291,2271
4079,4079,0,0,0,0.0,16,2,0.0,2479
4080,4080,90,90,32,2.8125,18,2,0.0,2541
4081,4081,246,246,69,3.5652,27,2,0.0,2765
4082,4082,121,121,34,3.5588,16,2,0.0,2765
4083,4083,68,68,19,3.5789,3,2,0.0,2765
4084,4084,390,390,151,2.5828,44,2,0.567,2602
4085,4085,67,67,37,1.8108,33,3,0.0,547
4086,4086,15,15,6,2.5,2,3,0.0,640
4087,4087,174,174,74,2.3514,191,3,0.0,640
4088,4088,142,142,61,2.3279,30,3,0.0,640
4089,4089,0,0,0,0.0,258,3,0.0,872
4090,4090,0,0,0,0.0,293,3,0.0,872
4091,4091,0,0,0,0.0,73,3,0.0,1120
4092,4092,0,0,0,0.0,411,3,0.0,1012
4093,4093,0,0,0,0.0,0,3,0.0,665
4094,4094,161,161,69,2.3333,34,3,0.0,771
4095,4095,536,536,228,2.3509,94,3,0.0,771
4096,4096,110,110,47,2.3404,22,3,0.0,772
4097,4097,95,95,41,2.3171,25,3,0.0,771
4098,4098,231,231,104,2.2212,35,3,0.0,840
4099,4099,269,269,121,2.2231,41,3,0.0,862
4100,4100,0,0,0,0.0,0,3,0.0,813
4101,4101,243,243,110,2.2091,50,3,0.0,862
4102,4102,1063,1063,478,2.2238,145,3,0.0,1048
4103,4103,443,437,184,2.375,47,3,0.0,3794
4104,4104,67,67,37,1.8108,41,3,0.0,482
4105,4105,69,69,38,1.8158,30,3,0.0,482
4106,4106,7,7,3,2.3333,0,3,0.0,533
4107,4107,0,0,0,0.0,120,3,0.0,541
4108,4108,0,0,0,0.0,206,3,0.0,482
4109,4109,256,256,114,2.2456,33,3,0.0,471
4110,4110,2,2,1,2.0,0,3,0.0,533
4111,4111,12,12,5,2.4,12,3,0.0,533
4112,4112,0,0,0,0.0,95,3,0.0,499
4113,4113,0,0,0,0.0,738,3,0.0,690
4114,4114,0,0,0,0.0,0,3,0.0,813
4115,4115,0,0,0,0.0,0,3,0.0,813
4116,4116,359,359,162,2.216,31,2,0.983,2430
4117,4117,82,82,31,2.6452,15,2,0.0,2482
4118,4118,56,56,21,2.6667,13,2,0.0,2466
4119,4119,76,76,42,1.8095,19,2,0.379,2262
4120,4120,230,230,131,1.7557,29,2,1.03,2165
4121,4121,0,0,0,0.0,0,2,0.0,2064
4122,4122,0,0,0,0.0,0,3,0.0,4149
4123,4123,152,152,48,3.1667,24,3,0.0,4295
4124,4124,155,155,49,3.1633,50,3,0.0,4295
4125,4125,56,56,18,3.1111,16,3,0.0,4295
4126,4126,0,0,0,0.0,0,3,0.0,3955
4127,4127,10,10,3,3.3333,0,3,0.0,3997
4128,4128,52,52,16,3.25,3,3,0.0,3997
4129,4129,62,62,19,3.2632,3,3,0.0,3997
4130,4130,75,75,23,3.2609,18,3,0.0,3955
4131,4131,237,237,73,3.2466,65,3,0.0,3955
4132,4132,62,62,19,3.2632,13,3,0.0,3889
4133,4133,27,27,8,3.375,1,3,0.0,4084
4134,4134,143,143,44,3.25,5,3,0.0,3889
4135,4135,153,153,51,3.0,27,3,0.0,3760
4136,4136,0,0,0,0.0,0,3,0.0,3997
4137,4137,26,26,8,3.25,1,3,0.0,3997
4138,4138,26,26,8,3.25,13,3,0.0,4136
4139,4139,57,57,18,3.1667,16,3,0.0,4161
4140,4140,10,10,3,3.3333,0,3,0.0,4161
4141,4141,49,49,15,3.2667,2,3,0.0,3889
4142,4142,191,191,59,3.2373,23,3,0.0,3889
4143,4143,39,39,12,3.25,2,3,0.0,3889
4144,4144,515,515,182,2.8297,68,3,0.0,2225
4145,4145,200,200,71,2.8169,15,3,0.0,2333
4146,4146,283,283,89,3.1798,30,3,0.0,2102
4147,4147,60,60,21,2.8571,13,3,0.0,2225
4148,4148,75,75,24,3.125,15,3,0.0,2291
4149,4149,0,0,0,0.0,80,3,0.0,2464
4150,4150,0,0,0,0.0,323,3,0.0,2464
4151,4151,0,0,0,0.0,135,3,0.0,2464
4152,4152,0,0,0,0.0,45,3,0.0,2483
4153,4153,0,0,0,0.0,290,3,0.0,2444
4154,4154,0,0,0,0.0,127,3,0.0,2483
4155,4155,0,0,0,0.0,68,3,0.0,2483
4156,4156,178,178,77,2.3117,28,3,0.0,878
4157,4157,154,154,78,1.9744,17,3,0.913,765
4158,4158,150,150,76,1.9737,29,3,0.229,823
4159,4159,149,99,50,1.98,24,3,0.0,823
4160,4160,149,149,73,2.0411,22,3,1.554,692
4161,4161,129,129,63,2.0476,24,3,1.492,692
4162,4162,158,158,80,1.975,28,3,0.729,765
4163,4163,231,231,107,2.1589,24,3,0.0,990
4164,4164,116,116,60,1.9333,34,3,1.621,764
4165,4165,119,119,64,1.8594,16,3,0.0,889
4166,4166,153,153,87,1.7586,6,2,0.17,638
4167,4167,109,109,62,1.7581,7,2,0.655,2165
4168,4168,0,0,0,0.0,0,1,21.693,1657
4169,4169,0,0,0,0.0,87,1,24.27,1651
4170,4170,310,310,179,1.7318,34,1,23.539,1630
4171,4171,0,0,0,0.0,514,1,24.153,1611
4172,4172,0,0,0,0.0,0,1,21.93,1827
4173,4173,120,120,86,1.3953,23,1,20.161,1950
4174,4174,916,916,367,2.4959,122,1,13.055,2050
4175,4175,0,0,0,0.0,20,2,10.19,1879
4176,4176,74,74,45,1.6444,2,2,11.294,1766
4177,4177,0,0,0,0.0,106,2,1.488,2067
4178,4178,66,66,33,2.0,17,2,0.0,2513
4179,4179,184,184,83,2.2169,20,2,0.449,2430
4180,4180,0,0,0,0.0,0,2,0.0,2372
4181,4181,3739,0,0,0.0,10262,2,0.0,2372
4182,4182,260,260,147,1.7687,29,2,1.449,2120
4183,4183,207,207,117,1.7692,29,2,1.488,2120
4184,4184,110,110,63,1.746,19,2,0.676,2215
4185,4185,116,116,64,1.8125,21,2,0.497,2263
4186,4186,188,188,104,1.8077,35,2,0.376,2263
4187,4187,114,114,63,1.8095,40,2,0.319,2262
4188,4188,89,89,50,1.78,22,2,0.289,2263
4189,4189,163,163,90,1.8111,28,2,0.369,2263
4190,4190,76,76,43,1.7674,27,2,0.89,2351
4191,4191,226,226,121,1.8678,55,2,0.559,2389
4192,4192,83,83,44,1.8864,17,2,0.376,2391
4193,4193,71,71,38,1.8684,15,2,0.506,2391
4194,4194,64,64,34,1.8824,14,2,0.065,2391
4195,4195,41,41,22,1.8636,15,2,0.062,2391
4196,4196,86,86,46,1.8696,18,2,0.453,2391
4197,4197,151,151,81,1.8642,18,2,0.495,2389
4198,4198,188,188,140,1.3429,261,1,19.323,1916
4199,4199,0,0,0,0.0,611,2,10.778,2026
4200,4200,23,23,7,3.2857,25,2,1.892,2210
4201,4201,221,221,66,3.3485,21,2,1.45,2210
4202,4202,71,71,39,1.8205,5,2,8.205,2130
4203,4203,105,105,50,2.1,7,2,9.176,2144
4204,4204,115,115,50,2.3,63,2,0.0,2199
4205,4205,0,0,0,0.0,0,2,0.898,2247
4206,4206,0,0,0,0.0,701,2,0.572,2327
4207,4207,0,0,0,0.0,225,2,0.0,2496
4208,4208,11,11,3,3.6667,0,2,0.0,2570
4209,4209,157,157,40,3.925,29,2,0.0,2641
4210,4210,32,32,11,2.9091,1,2,0.0,2726
4211,4211,14,14,4,3.5,35,2,0.0,2797
4212,4212,0,0,0,0.0,141,2,0.0,2733
4213,4213,0,0,0,0.0,20,2,0.615,2711
4214,4214,133,39,15,2.6,17,2,0.0,2820
4215,4215,355,355,137,2.5912,32,2,0.0,2820
4216,4216,18,18,7,2.5714,11,2,0.0,2869
4217,4217,127,127,33,3.8485,16,2,0.0,3154
4218,4218,0,0,0,0.0,0,6,0.0,15
4219,4219,56,56,27,2.0741,18,3,0.0,398
4220,4220,50,50,24,2.0833,16,3,0.0,398
4221,4221,54,54,26,2.0769,19,3,3.274,375
4222,4222,47,47,25,1.88,112,3,5.284,392
4223,4223,52,52,25,2.08,83,3,5.142,400
4224,4224,22,22,9,2.4444,2,3,0.0,385
4225,4225,68,68,28,2.4286,6,3,0.0,423
4226,4226,73,73,30,2.4333,16,3,0.0,401
4227,4227,14,14,10,1.4,1,3,3.575,343
4228,4228,315,0,0,0.0,233,3,4.281,343
4229,4229,77,77,56,1.375,19,3,4.167,343
4230,4230,238,238,171,1.3918,70,3,7.015,386
4231,4231,63,63,30,2.1,18,3,5.159,400
4232,4232,179,179,95,1.8842,209,3,3.891,343
4233,4233,0,0,0,0.0,21,3,0.0,570
4234,4234,253,253,123,2.0569,45,3,0.0,357
4235,4235,198,198,106,1.8679,89,3,5.121,392
4236,4236,71,71,25,2.84,6,3,0.0,3928
4237,4237,377,377,150,2.5133,823,3,0.0,1274
4238,4238,35,35,14,2.5,64,3,0.0,1373
4239,4239,130,130,46,2.8261,20,3,0.0,3928
4240,4240,0,0,0,0.0,0,3,0.0,3833
4241,4241,212,212,85,2.4941,27,3,0.0,1433
4242,4242,75,75,30,2.5,3,3,0.0,1455
4243,4243,226,226,91,2.4835,74,3,0.0,1411
4244,4244,211,211,107,1.972,11,3,0.0,1423
4245,4245,471,471,182,2.5879,24,3,0.0,2526
4246,4246,501,501,193,2.5959,55,3,0.0,2526
4247,4247,375,375,145,2.5862,21,3,0.0,2526
4248,4248,265,265,111,2.3874,69,3,0.0,3118
4249,4249,601,601,225,2.6711,65,3,0.0,2946
4250,4250,262,262,98,2.6735,36,3,0.0,2946
4251,4251,199,199,85,2.3412,81,3,0.0,2788
4252,4252,120,120,51,2.3529,27,3,0.0,2874
4253,4253,794,794,418,1.8995,91,3,0.0,2703
4254,4254,0,0,0,0.0,104,3,0.0,2703
4255,4255,134,134,64,2.0938,16,3,0.0,1934
4256,4256,110,110,44,2.5,46,3,0.0,1230
4257,4257,477,477,189,2.5238,27,3,6.734,1368
4258,4258,156,156,82,1.9024,21,3,0.0,1266
4259,4259,223,223,117,1.906,21,3,0.0,1266
4260,4260,0,0,0,0.0,132,3,11.681,1300
4261,4261,157,157,79,1.9873,6,3,0.784,1442
4262,4262,9,9,4,2.25,0,3,1.291,1371
4263,4263,50,50,20,2.5,17,3,1.62,1405
4264,4264,252,252,127,1.9843,116,3,0.82,1498
4265,4265,283,283,142,1.993,40,3,0.909,1498
4266,4266,218,218,110,1.9818,20,3,0.997,1498
4267,4267,643,643,232,2.7716,56,3,0.0,1544
4268,4268,349,349,126,2.7698,82,3,0.0,1561
4269,4269,110,110,49,2.2449,47,3,0.0,1569
4270,4270,386,386,117,3.2991,32,3,0.0,1623
4271,4271,374,374,113,3.3097,39,3,0.0,1549
4272,4272,86,86,30,2.8667,22,3,0.0,1465
4273,4273,21,21,8,2.625,1,3,0.0,1361
4274,4274,53,53,21,2.5238,13,3,0.0,1310
4275,4275,45,45,18,2.5,103,3,0.0,1310
4276,4276,0,0,0,0.0,2828,3,6.282,811
4277,4277,0,0,0,0.0,88,2,0.0,3026
4278,4278,51,51,19,2.6842,22,2,0.0,3725
4279,4279,441,441,159,2.7736,43,2,0.0,3785
4280,4280,310,310,94,3.2979,18,2,0.0,3618
4281,4281,34,34,9,3.7778,0,2,0.0,3413
4282,4282,74,74,19,3.8947,14,2,0.0,3230
4283,4283,137,137,39,3.5128,16,2,0.0,3072
4284,4284,90,90,41,2.1951,21,2,0.065,2353
4285,4285,148,148,56,2.6429,27,2,0.142,2414
4286,4286,152,152,51,2.9804,28,2,0.0,2662
4287,4287,0,0,0,0.0,604,3,0.0,2332
4288,4288,0,0,0,0.0,839,3,0.0,2322
4289,4289,0,0,0,0.0,0,3,0.0,3928
4290,4290,36,36,13,2.7692,3,3,0.0,3928
4291,4291,99,99,29,3.4138,14,2,0.0,2599
4292,4292,0,0,0,0.0,28,2,0.0,2645
4293,4293,210,210,72,2.9167,77,2,0.0,2900
4294,4294,131,131,45,2.9111,71,2,0.0,2907
4295,4295,469,469,129,3.6357,43,2,0.0,2742
4296,4296,0,0,0,0.0,21,2,0.503,2635
4297,4297,0,0,0,0.0,17,2,0.54,2635
4298,4298,17,17,8,2.125,1,2,11.853,1626
4299,4299,15,15,7,2.1429,1,2,11.336,1602
4300,4300,22,22,11,2.0,25,2,9.465,1607
4301,4301,78,78,39,2.0,34,2,8.99,1607
4302,4302,52,52,26,2.0,19,2,8.177,1607
4303,4303,0,0,0,0.0,25,2,4.51,1502
4304,4304,49,49,20,2.45,15,2,0.999,1470
4305,4305,0,0,0,0.0,88,2,0.0,818
4306,4306,0,0,0,0.0,196,2,0.0,977
4307,4307,0,0,0,0.0,13,2,0.0,1024
4308,4308,0,0,0,0.0,181,2,0.0,1348
4309,4309,0,0,0,0.0,49,2,29.124,1348
4310,4310,0,0,0,0.0,12,2,28.684,1348
4311,4311,0,0,0,0.0,65,2,28.815,1348
4312,4312,0,0,0,0.0,616,2,23.576,1472
4313,4313,0,0,0,0.0,60,2,0.0,1133
4314,4314,0,0,0,0.0,0,2,25.85,1250
4315,4315,53,53,27,1.963,25,2,0.0,1119
4316,4316,0,0,0,0.0,155,2,10.148,1281
4317,4317,61,61,21,2.9048,3,5,0.0,4254
4318,4318,0,0,0,0.0,0,5,0.0,4046
4319,4319,160,160,57,2.807,48,5,0.0,4382
4320,4320,0,0,0,0.0,0,5,0.0,4357
4321,4321,0,0,0,0.0,0,5,0.0,4152
4322,4322,223,223,75,2.9733,20,5,0.0,4152
4323,4323,255,255,86,2.9651,22,5,0.0,4220
4324,4324,0,0,0,0.0,0,5,0.0,4271
4325,4325,556,556,187,2.9733,86,5,0.0,4220
4326,4326,131,131,44,2.9773,20,5,0.0,4152
4327,4327,170,170,57,2.9825,7,5,0.0,4199
4328,4328,453,453,153,2.9608,30,5,0.0,3996
4329,4329,113,113,38,2.9737,2,5,0.0,4001
4330,4330,259,259,88,2.9432,19,5,0.0,4049
4331,4331,284,284,96,2.9583,54,5,0.0,4089
4332,4332,161,161,61,2.6393,18,5,0.0,4332
4333,4333,332,332,103,3.2233,31,5,0.0,4206
4334,4334,390,390,121,3.2231,12,5,0.0,4206
4335,4335,248,248,92,2.6957,33,5,0.0,4280
4336,4336,215,215,73,2.9452,15,5,0.0,3963
4337,4337,98,98,33,2.9697,20,5,0.0,3963
4338,4338,143,143,49,2.9184,3,5,0.0,4089
4339,4339,277,277,105,2.6381,106,5,0.0,4374
4340,4340,688,688,253,2.7194,51,5,0.0,4280
4341,4341,276,276,90,3.0667,43,5,0.0,4112
4342,4342,417,417,153,2.7255,38,5,0.0,4177
4343,4343,258,258,87,2.9655,29,5,0.0,4152
4344,4344,369,369,130,2.8385,35,5,0.0,4449
4345,4345,0,0,0,0.0,255,2,0.346,2640
4346,4346,274,274,87,3.1494,50,2,0.454,2768
4347,4347,203,203,57,3.5614,19,2,0.449,2764
4348,4348,190,190,60,3.1667,24,2,0.661,2768
4349,4349,292,287,91,3.1538,104,2,0.677,2766
4350,4350,256,256,72,3.5556,44,2,0.588,2764
4351,4351,139,139,39,3.5641,21,2,0.0,2762
4352,4352,243,243,68,3.5735,33,2,0.0,2764
4353,4353,493,493,287,1.7178,43,3,0.751,1494
4354,4354,0,0,0,0.0,0,3,0.0,1513
4355,4355,104,104,32,3.25,16,3,0.0,1545
4356,4356,216,216,74,2.9189,10,3,0.0,1600
4357,4357,170,170,52,3.2692,22,3,0.0,3919
4358,4358,421,421,130,3.2385,65,3,0.0,3919
4359,4359,540,540,166,3.253,41,3,0.0,3919
4360,4360,0,0,0,0.0,0,3,0.0,4084
4361,4361,155,155,49,3.1633,7,3,0.0,3943
4362,4362,183,183,73,2.5068,49,3,0.0,3664
4363,4363,133,133,47,2.8298,20,5,0.0,4620
4364,4364,46,46,19,2.4211,3,5,0.0,4653
4365,4365,0,0,0,0.0,10,3,0.0,1494
4366,4366,0,0,0,0.0,0,3,0.0,1617
4367,4367,290,290,88,3.2955,27,3,0.0,1583
4368,4368,0,0,0,0.0,0,3,0.0,1175
4369,4369,76,76,42,1.8095,15,3,0.0,618
4370,4370,32,32,18,1.7778,2,3,0.0,618
4371,4371,28,28,16,1.75,2,3,0.0,618
4372,4372,17,17,9,1.8889,1,3,0.0,618
4373,4373,17,17,9,1.8889,1,3,0.0,618
4374,4374,47,47,26,1.8077,3,3,0.0,618
4375,4375,45,45,25,1.8,14,3,0.0,618
4376,4376,139,139,77,1.8052,60,3,0.0,618
4377,4377,37,37,21,1.7619,57,3,0.0,618
4378,4378,34,34,19,1.7895,2,3,0.0,618
4379,4379,32,32,18,1.7778,17,3,0.0,618
4380,4380,177,177,98,1.8061,22,3,0.0,618
4381,4381,101,101,56,1.8036,44,3,0.0,618
4382,4382,69,69,38,1.8158,60,3,0.0,617
4383,4383,110,110,61,1.8033,43,3,0.0,617
4384,4384,67,67,37,1.8108,31,3,0.913,617
4385,4385,30,30,17,1.7647,14,3,0.951,603
4386,4386,38,38,21,1.8095,12,3,0.853,603
4387,4387,0,0,0,0.0,0,3,0.0,1023
4388,4388,46,46,21,2.1905,3,3,0.0,1023
4389,4389,137,137,54,2.537,21,3,0.0,774
4390,4390,65,65,32,2.0312,6,3,0.0,469
4391,4391,36,36,18,2.0,17,3,0.0,469
4392,4392,94,94,39,2.4103,32,3,0.0,962
4393,4393,0,0,0,0.0,0,3,0.0,809
4394,4394,215,215,85,2.5294,38,3,0.0,814
4395,4395,26,26,9,2.8889,14,3,0.0,1495
4396,4396,128,128,40,3.2,230,3,0.0,1958
4397,4397,174,174,54,3.2222,25,3,0.0,1824
4398,4398,344,335,97,3.4536,25,2,0.0,3700
4399,4399,682,682,202,3.3762,87,3,0.0,2530
4400,4400,307,307,97,3.1649,21,3,0.0,2230
4401,4401,0,0,0,0.0,1256,3,0.0,2887
4402,4402,157,157,50,3.14,16,3,0.0,2230
4403,4403,246,246,78,3.1538,29,3,0.0,2375
4404,4404,290,290,92,3.1522,18,3,0.0,2230
4405,4405,0,0,0,0.0,0,3,0.0,2392
4406,4406,245,245,95,2.5789,79,3,0.0,2392
4407,4407,104,104,30,3.4667,11,2,0.0,3700
4408,4408,63,63,18,3.5,13,2,0.0,3700
4409,4409,249,249,63,3.9524,25,2,0.0,3503
4410,4410,444,444,112,3.9643,50,2,0.0,3503
4411,4411,63,63,16,3.9375,12,2,0.0,3432
4412,4412,259,259,75,3.4533,58,2,0.0,3571
4413,4413,516,516,141,3.6596,43,2,0.0,3490
4414,4414,0,0,0,0.0,0,2,0.0,3307
4415,4415,74,74,21,3.5238,3,2,0.0,3348
4416,4416,210,210,61,3.4426,34,2,0.0,3067
4417,4417,0,0,0,0.0,0,2,0.0,3349
4418,4418,124,124,33,3.7576,14,5,0.0,3869
4419,4419,227,227,108,2.1019,27,3,1.25,966
4420,4420,415,415,197,2.1066,69,3,0.0,916
4421,4421,121,121,31,3.9032,16,2,0.0,3404
4422,4422,110,110,38,2.8947,1,2,0.0,3696
4423,4423,0,0,0,0.0,157,2,0.0,3634
4424,4424,296,296,77,3.8442,23,2,0.0,3764
4425,4425,214,214,56,3.8214,19,2,0.0,3764
4426,4426,29,29,10,2.9,0,2,0.0,3807
4427,4427,285,285,96,2.9688,16,2,0.0,3807
4428,4428,296,296,100,2.96,14,2,0.0,3807
4429,4429,161,161,54,2.9815,15,2,0.0,3854
4430,4430,204,204,69,2.9565,13,2,0.0,3908
4431,4431,0,0,0,0.0,42,2,0.0,3901
4432,4432,35,35,10,3.5,1,2,0.0,3901
4433,4433,234,234,67,3.4925,16,2,0.0,3892
4434,4434,90,90,22,4.0909,0,3,0.0,2566
4435,4435,121,121,30,4.0333,12,3,0.0,2566
4436,4436,199,199,49,4.0612,22,3,0.0,2573
4437,4437,88,88,34,2.5882,6,3,0.0,2566
4438,4438,18,18,7,2.5714,14,3,0.0,2566
4439,4439,68,68,17,4.0,11,3,0.0,2566
4440,4440,0,0,0,0.0,0,3,0.0,2696
4441,4441,157,157,61,2.5738,28,3,0.0,2392
4442,4442,0,0,0,0.0,0,3,0.0,2181
4443,4443,0,0,0,0.0,523,3,0.0,3102
4444,4444,0,0,0,0.0,0,3,0.0,3007
4445,4445,0,0,0,0.0,482,3,0.0,3007
4446,4446,0,0,0,0.0,49,3,0.0,2858
4447,4447,0,0,0,0.0,133,3,0.0,3105
4448,4448,187,187,61,3.0656,21,5,0.0,3783
4449,4449,85,85,38,2.2368,15,5,0.0,3806
4450,4450,0,0,0,0.0,71,2,1.287,3144
4451,4451,306,306,129,2.3721,28,3,0.0,3411
4452,4452,75,75,33,2.2727,4,2,0.833,2784
4453,4453,49,49,13,3.7692,13,5,0.0,3868
4454,4454,209,200,65,3.0769,54,5,0.0,3783
4455,4455,163,163,60,2.7167,65,3,0.0,2993
4456,4456,0,0,0,0.0,153,3,0.0,3105
4457,4457,0,0,0,0.0,30,3,0.0,3195
4458,4458,68,68,27,2.5185,2,3,0.0,2997
4459,4459,85,85,34,2.5,14,3,0.0,3090
4460,4460,8,8,3,2.6667,1,3,0.0,1910
4461,4461,81,81,25,3.24,16,3,0.0,1910
4462,4462,0,0,0,0.0,0,3,0.0,1824
4463,4463,110,110,34,3.2353,16,3,0.0,1824
4464,4464,194,194,65,2.9846,17,5,4.622,3821
4465,4465,14,14,7,2.0,23,5,4.557,3752
4466,4466,153,153,77,1.987,14,5,0.0,3709
4467,4467,127,127,50,2.54,18,2,0.0,3496
4468,4468,123,123,41,3.0,22,2,0.0,3120
4469,4469,112,112,45,2.4889,15,2,0.0,3010
4470,4470,400,400,133,3.0075,38,2,0.0,3253
4471,4471,66,66,22,3.0,34,2,0.0,3355
4472,4472,79,79,24,3.2917,14,2,0.0,2934
4473,4473,0,0,0,0.0,121,3,0.0,1545
4474,4474,126,126,42,3.0,21,3,0.0,2545
4475,4475,0,0,0,0.0,0,3,0.0,2683
4476,4476,28,28,11,2.5455,11,3,0.0,2974
4477,4477,912,912,332,2.747,97,3,0.0,2849
4478,4478,79,79,26,3.0385,1,3,0.0,2683
4479,4479,182,182,66,2.7576,29,3,0.0,2896
4480,4480,167,167,61,2.7377,3,3,0.0,2974
4481,4481,93,93,34,2.7353,2,3,0.0,2974
4482,4482,0,0,0,0.0,0,3,0.0,2843
4483,4483,206,206,83,2.4819,19,3,0.0,2911
4484,4484,245,245,98,2.5,19,3,0.0,2911
4485,4485,178,178,75,2.3733,19,3,0.0,2758
4486,4486,250,250,106,2.3585,20,3,0.0,2758
4487,4487,167,167,67,2.4925,27,3,0.0,2911
4488,4488,158,158,58,2.7241,23,3,0.0,1510
4489,4489,120,120,44,2.7273,19,3,0.0,1510
4490,4490,216,216,74,2.9189,11,3,0.0,1468
4491,4491,119,119,41,2.9024,23,3,0.0,1600
4492,4492,314,314,99,3.1717,19,2,1.051,3180
4493,4493,0,0,0,0.0,103,2,0.71,3180
4494,4494,520,0,0,0.0,47,2,7.688,3190
4495,4495,746,0,0,0.0,272,2,9.366,3203
4496,4496,0,0,0,0.0,0,2,7.935,3284
4497,4497,76,76,31,2.4516,17,5,4.912,3720
4498,4498,158,158,64,2.4688,73,5,0.0,3671
4499,4499,69,69,26,2.6538,13,5,0.0,3603
4500,4500,68,68,26,2.6154,2,5,0.0,3603
4501,4501,73,73,36,2.0278,252,5,0.0,3728
4502,4502,0,0,0,0.0,2052,5,0.0,3940
4503,4503,54,54,18,3.0,12,5,0.0,3891
4504,4504,168,168,56,3.0,15,5,0.0,3890
4505,4505,281,281,94,2.9894,125,5,0.0,3989
4506,4506,0,0,0,0.0,293,5,0.0,3986
4507,4507,364,364,183,1.9891,105,5,0.0,3986
4508,4508,0,0,0,0.0,79,5,0.0,4180
4509,4509,609,609,172,3.5407,30,5,0.0,3944
4510,4510,187,187,53,3.5283,17,5,0.0,3931
4511,4511,180,142,40,3.55,66,5,0.0,3931
4512,4512,81,81,23,3.5217,109,5,0.0,3931
4513,4513,251,251,86,2.9186,26,5,0.0,3975
4514,4514,55,55,19,2.8947,2,5,0.0,3973
4515,4515,195,195,67,2.9104,114,5,0.0,3973
4516,4516,0,0,0,0.0,163,5,0.0,3933
4517,4517,11,11,4,2.75,12,5,0.0,4079
4518,4518,102,102,38,2.6842,16,5,0.0,4057
4519,4519,27,27,10,2.7,14,5,0.0,4080
4520,4520,251,251,86,2.9186,27,3,0.0,1395
4521,4521,117,117,39,3.0,22,3,0.0,1322
4522,4522,0,0,0,0.0,521,3,0.0,827
4523,4523,380,380,176,2.1591,63,3,0.0,931
4524,4524,447,447,210,2.1286,48,3,0.0,931
4525,4525,159,159,74,2.1486,21,3,0.0,1009
4526,4526,209,209,97,2.1546,25,3,0.0,1009
4527,4527,116,116,45,2.5778,28,3,0.0,1082
4528,4528,0,0,0,0.0,0,3,0.0,1082
4529,4529,0,0,0,0.0,375,3,0.0,1170
4530,4530,261,261,101,2.5842,27,3,0.0,1185
4531,4531,0,0,0,0.0,70,3,0.0,1283
4532,4532,372,372,144,2.5833,40,3,0.0,1093
4533,4533,101,101,46,2.1957,25,3,0.0,1031
4534,4534,129,129,47,2.7447,20,3,0.0,1187
4535,4535,0,0,0,0.0,0,3,0.0,1157
4536,4536,0,0,0,0.0,0,3,0.0,2862
4537,4537,182,182,61,2.9836,43,3,0.0,3021
4538,4538,0,0,0,0.0,97,3,0.0,3021
4539,4539,35,35,14,2.5,2,3,0.0,1038
4540,4540,0,0,0,0.0,0,3,0.0,1204
4541,4541,152,152,44,3.4545,20,3,0.0,1204
4542,4542,285,285,82,3.4756,41,3,0.0,1351
4543,4543,641,641,185,3.4649,86,3,0.0,1351
4544,4544,147,147,51,2.8824,24,5,0.0,4019
4545,4545,259,259,85,3.0471,25,5,0.0,4110
4546,4546,0,0,0,0.0,88,5,0.0,4104
4547,4547,0,0,0,0.0,84,5,0.0,4115
4548,4548,43,43,16,2.6875,15,5,0.0,4133
4549,4549,61,61,24,2.5417,14,5,0.0,4138
4550,4550,270,270,96,2.8125,19,5,0.0,4146
4551,4551,58,58,22,2.6364,15,5,0.0,4194
4552,4552,138,138,49,2.8163,22,5,0.0,4102
4553,4553,146,146,52,2.8077,13,5,0.0,4067
4554,4554,279,279,110,2.5364,47,5,0.0,4081
4555,4555,350,350,141,2.4823,21,5,0.0,3755
4556,4556,427,427,180,2.3722,28,5,0.0,3956
4557,4557,237,237,79,3.0,25,5,0.0,3888
4558,4558,222,222,74,3.0,19,5,0.0,3888
4559,4559,184,184,64,2.875,16,5,0.0,3977
4560,4560,340,340,118,2.8814,19,5,0.0,4019
4561,4561,88,88,25,3.52,19,3,0.0,2136
4562,4562,29,29,10,2.9,12,3,0.0,2304
4563,4563,0,0,0,0.0,142,3,0.0,2405
4564,4564,229,229,97,2.3608,27,3,0.0,2671
4565,4565,0,0,0,0.0,0,3,0.0,2532
4566,4566,205,205,77,2.6623,18,3,0.0,2615
4567,4567,335,335,125,2.68,153,3,0.0,2615
4568,4568,0,0,0,0.0,437,3,0.0,1008
4569,4569,0,0,0,0.0,100,3,0.0,1106
4570,4570,401,401,150,2.6733,24,5,0.0,4194
4571,4571,0,0,0,0.0,25,5,0.0,4267
4572,4572,0,0,0,0.0,590,5,0.0,4279
4573,4573,0,0,0,0.0,145,5,0.0,4289
4574,4574,10,10,4,2.5,153,5,0.0,4282
4575,4575,159,125,33,3.7879,168,5,0.0,4252
4576,4576,425,412,109,3.7798,45,5,0.0,4252
4577,4577,72,72,21,3.4286,218,5,0.0,4339
4578,4578,387,387,135,2.8667,49,5,0.0,4376
4579,4579,0,0,0,0.0,0,4,0.0,4550
4580,4580,0,0,0,0.0,38,5,4.073,3870
4581,4581,0,0,0,0.0,11,5,4.269,3829
4582,4582,0,0,0,0.0,0,5,4.945,3829
4583,4583,0,0,0,0.0,0,2,8.837,3216
4584,4584,0,0,0,0.0,14,2,9.656,2134
4585,4585,0,0,0,0.0,239,5,0.0,4135
4586,4586,233,233,82,2.8415,3,5,0.0,4042
4587,4587,0,0,0,0.0,216,5,0.0,4224
4588,4588,0,0,0,0.0,789,3,0.0,1012
4589,4589,247,247,103,2.3981,20,3,0.0,1071
4590,4590,87,87,29,3.0,30,3,0.0,1146
4591,4591,0,0,0,0.0,245,3,0.0,1173
4592,4592,0,0,0,0.0,40,3,0.0,1299
4593,4593,38,38,13,2.9231,14,3,0.0,1495
4594,4594,76,76,25,3.04,2,3,0.0,1530
4595,4595,67,67,23,2.913,14,3,0.0,1495
4596,4596,332,332,110,3.0182,27,3,0.0,1351
4597,4597,68,68,23,2.9565,3,3,0.0,1955
4598,4598,517,517,184,2.8098,39,3,0.0,1955
4599,4599,0,0,0,0.0,66,3,0.0,1865
4600,4600,296,296,116,2.5517,27,3,0.0,1865
4601,4601,184,184,72,2.5556,16,3,0.0,2031
4602,4602,0,0,0,0.0,89,3,0.0,2460
4603,4603,0,0,0,0.0,0,3,0.0,2460
4604,4604,0,0,0,0.0,80,3,0.0,2393
4605,4605,155,155,52,2.9808,22,3,0.0,2546
4606,4606,0,0,0,0.0,0,3,0.0,2546
4607,4607,0,0,0,0.0,0,3,0.0,2546
4608,4608,0,0,0,0.0,168,3,0.0,2545
4609,4609,173,173,49,3.5306,23,3,0.0,2274
4610,4610,266,266,101,2.6337,12,5,0.0,4310
4611,4611,543,543,157,3.4586,67,5,0.0,4409
4612,4612,193,193,69,2.7971,19,5,0.0,4476
4613,4613,26,26,9,2.8889,187,5,0.0,4312
4614,4614,170,170,60,2.8333,21,5,0.0,4350
4615,4615,0,0,0,0.0,147,5,0.0,4335
4616,4616,615,615,218,2.8211,60,5,0.0,4356
4617,4617,444,394,141,2.7943,93,5,0.0,4336
4618,4618,559,559,200,2.795,31,5,0.0,4336
4619,4619,18,18,6,3.0,13,5,0.0,4608
4620,4620,119,119,43,2.7674,15,5,0.0,4369
4621,4621,405,405,296,1.3682,92,1,22.804,1819
4622,4622,0,0,0,0.0,859,3,0.0,1951
4623,4623,0,0,0,0.0,0,3,0.0,2170
4624,4624,0,0,0,0.0,12,3,0.0,2170
4625,4625,0,0,0,0.0,0,3,0.0,2494
4626,4626,0,0,0,0.0,127,3,0.0,2445
4627,4627,52,52,16,3.25,3,3,0.0,2123
4628,4628,229,229,76,3.0132,16,3,0.0,1956
4629,4629,22,22,7,3.1429,0,3,0.0,1956
4630,4630,229,229,76,3.0132,23,3,0.0,1736
4631,4631,165,165,55,3.0,14,3,0.0,1736
4632,4632,120,120,40,3.0,3,3,0.0,1917
4633,4633,0,0,0,0.0,834,3,0.0,1547
4634,4634,0,0,0,0.0,923,3,0.0,1379
4635,4635,112,112,29,3.8621,52,3,0.0,2239
4636,4636,237,237,61,3.8852,35,3,0.0,2239
4637,4637,51,51,18,2.8333,12,3,0.0,2310
4638,4638,301,301,107,2.8131,32,3,0.0,2188
4639,4639,112,112,38,2.9474,25,3,0.0,2307
4640,4640,0,0,0,0.0,0,3,0.0,1585
4641,4641,183,183,71,2.5775,16,3,0.0,1585
4642,4642,88,88,27,3.2593,4,3,0.0,1913
4643,4643,169,169,52,3.25,37,3,0.0,1913
4644,4644,0,0,0,0.0,0,3,0.0,2320
4645,4645,165,165,55,3.0,18,3,0.0,2234
4646,4646,190,190,63,3.0159,17,3,0.0,2234
4647,4647,211,211,70,3.0143,19,3,0.0,2234
4648,4648,151,151,50,3.02,6,3,0.0,2373
4649,4649,365,365,121,3.0165,38,3,0.0,2373
4650,4650,0,0,0,0.0,216,3,0.0,2016
4651,4651,0,0,0,0.0,111,3,1.606,1789
4652,4652,169,169,73,2.3151,24,3,2.058,1563
4653,4653,54,54,23,2.3478,3,3,2.047,1563
4654,4654,22,22,9,2.4444,83,3,0.0,1540
4655,4655,28,28,14,2.0,349,3,0.0,1383
4656,4656,221,221,92,2.4022,33,3,0.0,1293
4657,4657,119,119,50,2.38,22,3,0.0,1293
4658,4658,48,48,20,2.4,20,3,0.0,1282
4659,4659,498,498,229,2.1747,165,3,0.0,2337
4660,4660,33,33,12,2.75,0,3,0.0,2261
4661,4661,76,76,30,2.5333,3,3,0.0,2448
4662,4662,5,5,2,2.5,142,3,0.0,2016
4663,4663,0,0,0,0.0,17,3,0.0,2062
4664,4664,0,0,0,0.0,269,3,0.0,2084
4665,4665,0,0,0,0.0,261,3,0.0,2084
4666,4666,0,0,0,0.0,60,3,0.0,1988
4667,4667,0,0,0,0.0,50,3,0.0,1801
4668,4668,0,0,0,0.0,320,3,0.0,1801
4669,4669,0,0,0,0.0,126,3,0.0,1995
4670,4670,0,0,0,0.0,127,3,0.0,2212
4671,4671,0,0,0,0.0,178,3,0.0,2157
4672,4672,0,0,0,0.0,286,3,0.0,2157
4673,4673,0,0,0,0.0,0,3,0.0,2100
4674,4674,0,0,0,0.0,84,3,0.0,1832
4675,4675,0,0,0,0.0,427,3,0.0,1590
4676,4676,0,0,0,0.0,266,3,0.0,1590
4677,4677,0,0,0,0.0,125,3,0.0,1590
4678,4678,0,0,0,0.0,1354,3,0.0,1590
4679,4679,0,0,0,0.0,367,3,0.0,1525
4680,4680,0,0,0,0.0,641,3,0.0,1459
4681,4681,0,0,0,0.0,844,3,0.0,1565
4682,4682,99,99,31,3.1935,17,3,0.0,2102
4683,4683,272,272,87,3.1264,19,3,0.0,2244
4684,4684,269,269,86,3.1279,18,3,0.0,2244
4685,4685,235,235,75,3.1333,17,3,0.0,2283
4686,4686,0,0,0,0.0,33,3,0.0,2330
4687,4687,75,75,24,3.125,17,3,0.0,2370
4688,4688,0,0,0,0.0,155,3,0.0,2617
4689,4689,0,0,0,0.0,327,3,0.0,2695
4690,4690,43,43,19,2.2632,3,3,0.0,2720
4691,4691,0,0,0,0.0,173,3,0.0,2556
4692,4692,646,646,259,2.4942,32,3,0.0,2556
4693,4693,0,0,0,0.0,307,3,0.0,2556
4694,4694,0,0,0,0.0,584,3,0.0,2539
4695,4695,142,142,54,2.6296,33,3,0.0,2745
4696,4696,315,315,120,2.625,24,3,0.0,2964
4697,4697,178,178,85,2.0941,29,3,0.0,2744
4698,4698,133,133,51,2.6078,14,3,0.0,2587
4699,4699,221,221,78,2.8333,41,3,0.0,3095
4700,4700,47,0,0,0.0,321,3,0.0,2839
4701,4701,193,193,68,2.8382,33,3,0.0,3095
4702,4702,150,150,53,2.8302,23,3,0.0,3095
4703,4703,66,66,23,2.8696,17,3,0.0,3354
4704,4704,125,125,44,2.8409,27,3,0.0,3274
4705,4705,103,103,39,2.641,14,3,0.0,3041
4706,4706,34,34,13,2.6154,1,3,0.0,3138
4707,4707,0,0,0,0.0,363,3,0.0,2540
4708,4708,470,470,161,2.9193,31,3,0.0,2663
4709,4709,0,0,0,0.0,2305,3,0.0,2631
4710,4710,59,59,20,2.95,19,3,0.0,2663
4711,4711,0,0,0,0.0,660,3,0.0,2747
4712,4712,798,798,266,3.0,43,3,0.0,2840
4713,4713,298,298,111,2.6847,32,3,0.0,2487
4714,4714,96,96,32,3.0,2,3,0.0,2914
4715,4715,489,489,163,3.0,24,3,0.0,3015
4716,4716,77,77,36,2.1389,1,3,0.0,3544
4717,4717,83,83,39,2.1282,14,3,0.0,3480
4718,4718,45,45,29,1.5517,0,3,0.0,3439
4719,4719,119,119,77,1.5455,13,3,0.0,3439
4720,4720,0,0,0,0.0,0,3,0.0,3421
4721,4721,50,50,22,2.2727,2,3,0.0,3225
4722,4722,251,251,110,2.2818,33,3,0.0,3225
4723,4723,0,0,0,0.0,364,3,0.0,3315
4724,4724,0,0,0,0.0,0,6,0.0,14
4725,4725,161,161,54,2.9815,20,3,0.0,2220
4726,4726,0,0,0,0.0,227,3,0.0,2220
4727,4727,0,0,0,0.0,731,3,0.0,2164
4728,4728,696,696,272,2.5588,82,3,0.0,2164
4729,4729,0,0,0,0.0,99,3,0.0,2232
4730,4730,827,827,396,2.0884,138,3,0.0,2246
4731,4731,0,0,0,0.0,571,3,0.0,2246
4732,4732,0,0,0,0.0,278,3,4.089,2258
4733,4733,0,0,0,0.0,789,3,5.39,2362
4734,4734,300,300,109,2.7523,30,3,0.0,1699
4735,4735,166,162,59,2.7458,32,3,0.0,1606
4736,4736,0,0,0,0.0,104,3,0.0,1538
4737,4737,0,0,0,0.0,233,3,0.0,1538
4738,4738,0,0,0,0.0,25,3,0.0,1523
4739,4739,95,95,36,2.6389,16,3,0.0,1252
4740,4740,0,0,0,0.0,105,3,0.0,1113
4741,4741,348,348,116,3.0,20,3,0.0,3015
4742,4742,0,0,0,0.0,0,3,0.0,3156
4743,4743,29,29,10,2.9,0,3,0.0,3248
4744,4744,215,215,72,2.9861,18,3,0.0,3308
4745,4745,102,102,34,3.0,16,3,0.0,3308
4746,4746,56,56,19,2.9474,11,3,0.0,3248
4747,4747,172,172,66,2.6061,18,3,0.0,3109
4748,4748,96,96,37,2.5946,18,3,0.0,3109
4749,4749,279,279,95,2.9368,27,3,0.0,3423
4750,4750,0,0,0,0.0,37,3,0.0,2926
4751,4751,235,235,92,2.5543,21,3,0.0,2998
4752,4752,172,0,0,0.0,22,3,0.0,2822
4753,4753,150,150,59,2.5424,33,3,0.0,2822
4754,4754,0,0,0,0.0,283,3,0.0,2822
4755,4755,0,0,0,0.0,217,3,0.0,2728
4756,4756,102,102,40,2.55,16,3,0.0,2740
4757,4757,0,0,0,0.0,348,3,0.0,2991
4758,4758,208,208,79,2.6329,27,3,0.0,3124
4759,4759,303,303,115,2.6348,30,3,0.0,3228
4760,4760,280,280,106,2.6415,23,3,0.0,3291
4761,4761,356,356,158,2.2532,209,3,0.0,2967
4762,4762,0,0,0,0.0,74,3,0.0,3129
4763,4763,133,133,52,2.5577,17,3,0.0,3266
4764,4764,286,286,112,2.5536,33,3,0.0,3129
4765,4765,181,181,71,2.5493,24,3,0.0,3266
4766,4766,0,0,0,0.0,84,3,0.0,3109
4767,4767,128,128,40,3.2,41,3,0.0,3249
4768,4768,105,0,0,0.0,80,3,0.0,3104
4769,4769,0,0,0,0.0,109,3,0.0,3336
4770,4770,0,0,0,0.0,89,3,0.0,3332
4771,4771,0,0,0,0.0,91,3,0.0,3352
4772,4772,0,0,0,0.0,0,3,0.0,3352
4773,4773,242,242,87,2.7816,31,3,0.0,3352
4774,4774,306,306,102,3.0,62,3,0.0,3488
4775,4775,0,0,0,0.0,0,3,0.0,3488
4776,4776,0,0,0,0.0,88,3,0.0,3285
4777,4777,506,506,216,2.3426,29,3,0.0,3258
4778,4778,737,737,315,2.3397,63,3,0.0,3162
4779,4779,170,170,68,2.5,25,3,0.0,3212
4780,4780,120,120,48,2.5,17,3,0.0,3303
4781,4781,90,90,39,2.3077,12,3,0.0,3162
4782,4782,0,0,0,0.0,76,3,0.0,3233
4783,4783,18,18,11,1.6364,17,3,0.0,3390
4784,4784,134,134,63,2.127,14,3,0.0,3480
4785,4785,117,117,44,2.6591,18,3,0.0,1103
4786,4786,279,279,91,3.0659,23,3,0.0,1332
4787,4787,397,397,138,2.8768,51,3,0.0,1439
4788,4788,0,0,0,0.0,338,3,4.632,1195
4789,4789,231,231,99,2.3333,38,3,0.0,3391
4790,4790,313,313,147,2.1293,4,3,0.0,3517
4791,4791,255,255,120,2.125,15,3,0.0,3517
4792,4792,168,168,73,2.3014,43,3,0.0,3497
4793,4793,36,36,16,2.25,2,3,0.0,3541
4794,4794,108,108,47,2.2979,19,3,0.0,3497
4795,4795,236,236,102,2.3137,21,3,0.0,3408
4796,4796,25,25,11,2.2727,1,3,0.0,3287
4797,4797,141,141,62,2.2742,17,3,0.0,3302
4798,4798,129,129,56,2.3036,5,3,0.0,3408
4799,4799,175,175,61,2.8689,37,3,0.0,3587
4800,4800,0,0,0,0.0,0,3,0.0,3578
4801,4801,311,311,124,2.5081,28,3,0.0,3376
4802,4802,156,156,53,2.9434,44,3,0.0,3767
4803,4803,0,0,0,0.0,35,3,0.0,3285
4804,4804,0,0,0,0.0,227,3,0.0,3604
4805,4805,0,0,0,0.0,53,3,0.0,3701
4806,4806,0,0,0,0.0,117,3,0.0,3744
4807,4807,0,0,0,0.0,246,3,0.0,3656
4808,4808,0,0,0,0.0,99,3,0.0,3673
4809,4809,221,221,70,3.1571,46,3,0.0,3697
4810,4810,0,0,0,0.0,481,3,0.0,3435
4811,4811,34,34,11,3.0909,14,3,0.0,3403
4812,4812,72,72,24,3.0,22,3,0.0,3554
4813,4813,0,0,0,0.0,20,3,0.0,3805
4814,4814,0,0,0,0.0,20,3,0.0,3805
4815,4815,60,60,19,3.1579,32,3,0.0,3805
4816,4816,238,238,75,3.1733,36,3,0.0,3943
4817,4817,86,86,27,3.1852,21,3,0.0,3943
4818,4818,96,96,30,3.2,16,3,0.0,3943
4819,4819,80,80,25,3.2,3,3,0.0,3943
4820,4820,67,67,21,3.1905,3,3,0.0,3943
4821,4821,243,243,82,2.9634,21,3,0.0,3648
4822,4822,156,156,53,2.9434,50,3,0.0,3648
4823,4823,191,191,65,2.9385,17,3,0.0,3648
4824,4824,30,30,10,3.0,1,3,0.0,3534
4825,4825,71,71,24,2.9583,13,3,0.0,3590
4826,4826,169,169,55,3.0727,16,3,0.0,3459
4827,4827,59,59,19,3.1053,13,3,0.0,3459
4828,4828,0,0,0,0.0,47,3,0.0,3613
4829,4829,135,135,46,2.9348,16,3,0.0,3679
4830,4830,0,0,0,0.0,0,3,0.0,3797
4831,4831,51,51,17,3.0,13,3,0.0,3845
4832,4832,296,296,99,2.9899,69,3,0.0,3731
4833,4833,84,84,28,3.0,2,3,0.0,3760
4834,4834,376,376,136,2.7647,34,3,0.0,3359
4835,4835,72,72,26,2.7692,16,3,0.0,3359
4836,4836,141,141,46,3.0652,15,3,0.0,3468
4837,4837,129,129,46,2.8043,19,3,0.0,3514
4838,4838,20,20,7,2.8571,12,3,0.0,3748
4839,4839,9,9,3,3.0,0,3,0.0,3646
4840,4840,188,188,67,2.806,30,3,0.0,3512
4841,4841,102,102,36,2.8333,4,3,0.0,3514
4842,4842,214,214,73,2.9315,35,3,0.0,3766
4843,4843,0,0,0,0.0,99,3,0.0,2464
4844,4844,0,0,0,0.0,109,3,0.0,2467
4845,4845,6,0,0,0.0,149,3,0.0,2303
4846,4846,287,287,97,2.9588,24,3,0.0,1971
4847,4847,398,398,134,2.9701,29,3,0.0,1971
4848,4848,121,121,41,2.9512,16,3,0.0,1971
4849,4849,66,66,22,3.0,13,3,0.0,1832
4850,4850,0,0,0,0.0,172,3,0.0,2171
4851,4851,0,0,0,0.0,482,3,0.0,2090
4852,4852,0,0,0,0.0,292,3,0.0,1905
4853,4853,0,0,0,0.0,478,3,0.0,1905
4854,4854,0,0,0,0.0,221,3,0.0,1784
4855,4855,0,0,0,0.0,337,3,0.0,1759
4856,4856,0,0,0,0.0,108,3,0.0,1759
4857,4857,0,0,0,0.0,288,3,0.0,1450
4858,4858,0,0,0,0.0,79,3,0.0,1524
4859,4859,0,0,0,0.0,1411,3,0.0,1524
4860,4860,0,0,0,0.0,315,3,0.0,1404
4861,4861,0,0,0,0.0,243,3,0.0,1404
4862,4862,54,54,19,2.8421,2,3,0.0,1512
4863,4863,275,275,98,2.8061,24,3,0.0,1560
4864,4864,0,0,0,0.0,1057,3,0.0,978
4865,4865,0,0,0,0.0,329,3,3.661,978
4866,4866,3,3,1,3.0,0,7,0.0,4046
4867,4867,11,11,4,2.75,0,7,0.0,4046
4868,4868,48,48,16,3.0,15,7,0.0,3828
4869,4869,114,114,36,3.1667,7,7,0.0,3995
4870,4870,177,177,85,2.0824,12,6,0.269,429
4871,4871,253,253,122,2.0738,35,6,0.282,429
4872,4872,248,248,120,2.0667,40,6,0.273,429
4873,4873,0,0,0,0.0,381,6,0.265,440
4874,4874,201,201,97,2.0722,56,6,0.267,429
4875,4875,50,50,24,2.0833,112,6,0.0,429
4876,4876,20,20,10,2.0,231,6,0.0,440
4877,4877,35,35,17,2.0588,13,6,0.0,521
4878,4878,8,8,3,2.6667,150,6,0.0,422
4879,4879,0,0,0,0.0,0,6,0.0,323
4880,4880,75,75,30,2.5,17,6,0.0,316
4881,4881,35,35,14,2.5,15,6,0.0,316
4882,4882,28,28,11,2.5455,14,6,0.0,316
4883,4883,11,11,5,2.2,12,6,0.0,281
4884,4884,35,35,16,2.1875,23,6,0.0,311
4885,4885,43,43,20,2.15,4,6,0.0,311
4886,4886,39,39,18,2.1667,3,6,0.0,311
4887,4887,33,33,15,2.2,19,6,0.0,311
4888,4888,50,50,23,2.1739,16,6,0.0,310
4889,4889,41,41,19,2.1579,21,6,0.0,310
4890,4890,39,39,18,2.1667,20,6,0.0,310
4891,4891,43,43,20,2.15,16,6,0.0,310
4892,4892,182,182,78,2.3333,40,6,0.0,240
4893,4893,251,251,89,2.8202,24,2,0.0,2477
4894,4894,0,0,0,0.0,84,5,0.0,3788
4895,4895,0,0,0,0.0,0,2,0.0,2789
4896,4896,74,74,38,1.9474,53,2,0.225,707
4897,4897,317,317,113,2.8053,42,2,0.0,1025
4898,4898,122,122,48,2.5417,20,3,0.0,2448
4899,4899,0,0,0,0.0,75,2,0.0,2502
4900,4900,85,85,46,1.8478,145,2,10.622,2113
4901,4901,266,266,102,2.6078,30,3,0.0,3263
4902,4902,350,350,111,3.1532,22,4,0.0,3576
4903,4903,118,118,38,3.1053,16,5,0.0,4196
4904,4904,110,110,47,2.3404,42,6,0.0,73
4905,4905,0,0,0,0.0,104,2,3.865,1320
4906,4906,80,80,34,2.3529,25,3,0.0,561
4907,4907,469,469,124,3.7823,25,5,0.0,4252
4908,4908,274,274,95,2.8842,158,3,0.0,3138
4909,4909,348,348,79,4.4051,14,2,0.0,2504
4910,4910,0,0,0,0.0,27,2,9.844,1562
4911,4911,509,509,148,3.4392,84,5,0.0,4517
4912,4912,237,237,80,2.9625,23,4,7.114,3164
4913,4913,25,25,9,2.7778,46,2,2.001,3144
4914,4914,95,95,39,2.4359,16,5,0.0,3603
4915,4915,0,0,0,0.0,392,2,2.671,1403
4916,4916,70,70,28,2.5,16,2,0.0,652
4917,4917,42,42,26,1.6154,2,3,0.0,614
4918,4918,241,241,72,3.3472,43,4,0.0,3294
4919,4919,255,255,69,3.6957,27,5,0.0,4298
4920,4920,4,4,2,2.0,88,5,4.439,3787
4921,4921,153,153,57,2.6842,34,3,0.0,2487
4922,4922,11,11,4,2.75,0,5,0.0,4024
4923,4923,0,0,0,0.0,1344,1,21.783,1874
4924,4924,78,78,28,2.7857,3,2,0.0,1136
4925,4925,0,0,0,0.0,740,3,0.0,1914
4926,4926,0,0,0,0.0,120,5,3.931,3886
4927,4927,195,195,69,2.8261,16,3,0.0,2333
4928,4928,162,162,64,2.5312,22,2,0.0,3496
4929,4929,0,0,0,0.0,6778,2,7.739,1381
4930,4930,0,0,0,0.0,267,2,0.776,2534
4931,4931,150,150,57,2.6316,22,2,0.0,2415
4932,4932,0,0,0,0.0,90,3,0.0,3468
4933,4933,696,696,178,3.9101,42,4,0.0,3607
4934,4934,231,231,63,3.6667,72,4,8.278,3599
4935,4935,225,225,72,3.125,31,3,0.0,2330
4936,4936,225,225,69,3.2609,25,3,0.0,2123
4937,4937,0,0,0,0.0,194,4,0.0,2474
4938,4938,0,0,0,0.0,543,3,0.0,3701
4939,4939,229,229,61,3.7541,159,4,0.0,3548
4940,4940,138,120,66,1.8182,65,2,1.129,2260
4941,4941,81,81,31,2.6129,2,5,0.0,4240
4942,4942,480,480,143,3.3566,40,4,0.0,3822
4943,4943,53,53,20,2.65,3,5,0.0,4198
4944,4944,391,391,117,3.3419,39,4,0.0,3334
4945,4945,0,0,0,0.0,89,3,0.0,3328
4946,4946,17,17,5,3.4,1110,2,0.0,3066
4947,4947,74,74,28,2.6429,28,2,0.0,2422
4948,4948,179,179,65,2.7538,20,3,0.0,1558
4949,4949,29,29,12,2.4167,3,3,0.0,2160
4950,4950,241,241,61,3.9508,18,2,0.0,2713
4951,4951,133,133,54,2.463,13,5,0.0,3681
4952,4952,211,211,73,2.8904,22,2,0.0,2945
4953,4953,11,11,6,1.8333,13,2,8.682,1721
4954,4954,31,31,12,2.5833,16,2,0.576,2652
4955,4955,256,256,85,3.0118,46,3,0.0,3731
4956,4956,89,89,30,2.9667,26,3,0.0,3767
4957,4957,160,160,60,2.6667,24,3,0.0,1016
4958,4958,213,213,81,2.6296,21,3,0.0,3124
4959,4959,148,148,38,3.8947,19,2,0.0,3432
4960,4960,59,59,20,2.95,11,2,7.939,3425
4961,4961,116,116,58,2.0,24,2,0.332,2410
4962,4962,15,15,6,2.5,48,6,6.388,52
4963,4963,0,0,0,0.0,17,2,0.583,2534
4964,4964,375,375,136,2.7574,310,4,0.0,2721
4965,4965,121,121,48,2.5208,23,3,0.0,3614
4966,4966,25,25,14,1.7857,24,2,4.392,1586
4967,4967,330,330,78,4.2308,33,4,0.0,3550
4968,4968,118,118,51,2.3137,39,6,0.0,73
4969,4969,0,0,0,0.0,439,3,0.0,2153
4970,4970,11,11,4,2.75,16,7,0.0,4046
4971,4971,107,107,46,2.3261,98,2,3.508,2199
4972,4972,95,95,58,1.6379,37,2,6.343,2013
4973,4973,405,405,123,3.2927,229,4,0.0,2471
4974,4974,70,70,32,2.1875,16,2,0.0,2699
4975,4975,237,237,99,2.3939,21,3,0.0,1959
4976,4976,121,121,68,1.7794,18,2,0.899,2135
4977,4977,0,0,0,0.0,364,4,1.533,3518
4978,4978,106,106,53,2.0,70,4,0.0,2300
4979,4979,663,663,315,2.1048,44,3,1.642,1039
4980,4980,0,0,0,0.0,366,3,0.0,3213
4981,4981,58,58,23,2.5217,13,2,0.0,553
4982,4982,271,271,103,2.6311,31,5,0.0,4024
4983,4983,225,225,83,2.7108,26,5,0.0,4280
4984,4984,312,312,86,3.6279,22,5,0.0,4098
4985,4985,258,258,129,2.0,60,5,4.074,3872
4986,4986,329,329,85,3.8706,33,4,0.0,3485
4987,4987,70,70,25,2.8,47,5,0.0,4040
4988,4988,32,32,10,3.2,554,5,0.0,4000
4989,4989,0,0,0,0.0,0,4,0.0,2717
4990,4990,14,14,7,2.0,67,2,0.0,2399
4991,4991,43,43,17,2.5294,557,2,0.661,3345
4992,4992,582,582,127,4.5827,28,4,0.0,3438
4993,4993,48,48,17,2.8235,14,2,0.0,1179
4994,4994,80,80,22,3.6364,13,2,0.0,3026
4995,4995,433,419,133,3.1504,27,4,0.0,3402
4996,4996,0,0,0,0.0,431,3,0.0,2444
4997,4997,0,0,0,0.0,356,3,0.0,2526
4998,4998,0,0,0,0.0,0,4,0.0,4071
4999,4999,240,240,88,2.7273,20,5,0.0,3575
5000,5000,302,302,103,2.932,124,4,0.0,3876
5001,5001,253,253,139,1.8201,28,2,1.11,2260
5002,5002,66,66,26,2.5385,18,2,0.0,557
5003,5003,816,816,247,3.3036,39,2,0.0,3611
5004,5004,114,114,45,2.5333,47,3,0.0,2448
5005,5005,64,64,19,3.3684,12,2,0.0,2694
5006,5006,549,549,133,4.1278,45,4,0.0,3241
5007,5007,437,437,152,2.875,36,3,0.0,3299
5008,5008,100,100,29,3.4483,16,2,0.0,3067
5009,5009,0,0,0,0.0,137,3,0.0,3748
5010,5010,19,19,7,2.7143,109,5,0.0,4275
5011,5011,0,0,0,0.0,295,3,0.0,1142
5012,5012,157,157,102,1.5392,29,3,0.0,3439
5013,5013,0,0,0,0.0,861,3,0.0,3167
5014,5014,144,144,48,3.0,16,5,4.275,3821
5015,5015,120,120,47,2.5532,18,5,0.0,4138
5016,5016,277,277,73,3.7945,115,2,0.0,2480
5017,5017,108,108,51,2.1176,6,3,0.0,935
5018,5018,688,688,306,2.2484,61,3,0.0,1715
5019,5019,554,554,144,3.8472,43,4,0.0,3753
5020,5020,39,39,14,2.7857,77,4,1.043,2908
5021,5021,388,388,122,3.1803,37,3,0.0,2100
5022,5022,2,2,1,2.0,852,4,0.0,3065
5023,5023,0,0,0,0.0,0,3,0.0,4149
5024,5024,0,0,0,0.0,210,2,13.635,1277
5025,5025,89,89,35,2.5429,14,5,0.0,4141
5026,5026,0,0,0,0.0,335,3,0.0,2157
5027,5027,63,63,19,3.3158,17,3,0.0,3292
5028,5028,557,557,158,3.5253,30,4,0.0,3626
5029,5029,151,151,55,2.7455,373,2,0.0,1159
5030,5030,58,58,33,1.7576,75,2,1.126,2215
5031,5031,69,69,37,1.8649,3,2,0.0,2450
5032,5032,68,68,39,1.7436,16,2,6.322,1987
5033,5033,0,0,0,0.0,0,6,8.653,24
5034,5034,226,226,97,2.3299,17,3,4.17,1108
5035,5035,407,407,100,4.07,25,3,0.0,2566
5036,5036,266,266,95,2.8,47,5,0.0,4285
5037,5037,135,135,61,2.2131,31,5,0.0,3799
5038,5038,277,277,104,2.6635,26,2,0.0,2981
5039,5039,328,328,86,3.814,43,2,0.0,2505
5040,5040,0,0,0,0.0,0,3,0.0,695
5041,5041,24,24,6,4.0,0,2,0.0,3132
5042,5042,78,78,26,3.0,19,5,0.0,4608
5043,5043,300,300,117,2.5641,22,4,0.0,2783
5044,5044,419,419,133,3.1504,31,4,0.0,3402
5045,5045,0,0,0,0.0,0,5,0.0,4204
5046,5046,93,93,45,2.0667,246,3,0.0,390
5047,5047,132,132,51,2.5882,14,2,0.773,2655
5048,5048,153,153,56,2.7321,5,5,0.0,3575
5049,5049,306,0,0,0.0,19,3,1.405,1544
5050,5050,0,0,0,0.0,363,3,0.0,3701
5051,5051,102,102,38,2.6842,21,5,0.0,4079
5052,5052,89,89,48,1.8542,18,2,0.0,2399
5053,5053,453,453,149,3.0403,47,4,0.0,2611
5054,5054,134,134,50,2.68,6,3,0.0,1086
5055,5055,151,151,43,3.5116,2,2,0.842,2903
5056,5056,0,0,0,0.0,76,3,0.0,3748
5057,5057,185,185,88,2.1023,198,3,0.0,680
5058,5058,112,112,40,2.8,2,5,0.0,4156
5059,5059,66,66,32,2.0625,23,3,2.714,356
5060,5060,224,224,96,2.3333,19,5,0.0,3933
5061,5061,0,0,0,0.0,70,3,0.0,1650
5062,5062,0,0,0,0.0,1251,3,0.0,2550
5063,5063,114,114,34,3.3529,16,2,0.0,2821
5064,5064,402,402,175,2.2971,47,5,0.0,4202
5065,5065,56,56,25,2.24,19,2,0.0,852
5066,5066,107,107,57,1.8772,26,3,7.179,466
5067,5067,67,67,24,2.7917,23,2,0.0,1179
5068,5068,227,227,102,2.2255,28,2,0.316,2479
5069,5069,294,294,98,3.0,34,2,0.0,2669
5070,5070,0,0,0,0.0,20,2,3.904,1320
5071,5071,223,223,70,3.1857,41,3,0.0,2688
5072,5072,0,0,0,0.0,0,2,0.0,1417
5073,5073,358,358,100,3.58,27,2,0.0,2762
5074,5074,100,100,44,2.2727,6,2,0.0,989
5075,5075,188,188,76,2.4737,24,4,3.269,2916
5076,5076,253,236,118,2.0,266,5,1.898,3930
5077,5077,221,221,75,2.9467,39,3,0.0,3766
5078,5078,472,472,214,2.2056,49,5,0.0,3735
5079,5079,239,239,89,2.6854,50,4,0.0,2564
5080,5080,158,158,53,2.9811,16,2,0.0,2584
5081,5081,855,855,441,1.9388,93,3,0.0,2182
5082,5082,45,45,18,2.5,3,6,0.0,316
5083,5083,181,181,66,2.7424,51,3,0.0,1187
5084,5084,92,92,30,3.0667,15,2,0.0,2404
5085,5085,267,267,105,2.5429,40,3,0.0,1038
5086,5086,297,297,103,2.8835,32,3,0.0,1439
5087,5087,0,0,0,0.0,210,3,0.0,1606
5088,5088,0,0,0,0.0,0,3,0.0,518
5089,5089,598,598,285,2.0982,82,3,0.0,916
5090,5090,279,279,79,3.5316,90,4,0.0,3549
5091,5091,108,108,41,2.6341,18,2,0.0,2466
5092,5092,180,180,49,3.6735,17,4,0.0,4070
5093,5093,961,961,375,2.5627,389,4,0.0,2834
5094,5094,0,0,0,0.0,110,3,0.0,3797
5095,5095,56,56,15,3.7333,1,2,0.0,3154
5096,5096,63,63,30,2.1,18,3,4.04,356
5097,5097,0,0,0,0.0,150,5,0.0,3737
5098,5098,0,0,0,0.0,288,3,0.0,890
5099,5099,128,128,43,2.9767,33,4,7.085,3164
5100,5100,84,84,42,2.0,17,5,0.0,3839
5101,5101,121,121,50,2.42,26,3,0.0,686
5102,5102,0,0,0,0.0,623,3,0.0,3174
5103,5103,373,373,93,4.0108,28,4,0.0,3270
5104,5104,2,2,1,2.0,91,5,0.0,4457
5105,5105,117,117,44,2.6591,73,7,0.0,4047
5106,5106,26,26,13,2.0,13,2,5.724,1574
5107,5107,385,385,147,2.619,81,4,5.423,2982
5108,5108,556,556,147,3.7823,48,5,0.0,4252
5109,5109,375,375,109,3.4404,87,4,0.0,3268
5110,5110,0,0,0,0.0,265,3,0.0,1395
5111,5111,0,0,0,0.0,540,6,0.0,140
5112,5112,0,0,0,0.0,975,3,0.0,3604
5113,5113,0,0,0,0.0,164,2,2.365,1385
5114,5114,229,229,78,2.9359,31,5,0.0,3975
5115,5115,0,0,0,0.0,178,5,0.0,4391
5116,5116,12,12,7,1.7143,137,2,2.736,1403
5117,5117,269,269,95,2.8316,24,3,0.0,2225
5118,5118,103,103,47,2.1915,34,5,0.0,3572
5119,5119,96,96,36,2.6667,17,3,0.0,3495
5120,5120,299,299,90,3.3222,23,2,0.0,3006
5121,5121,320,320,82,3.9024,19,2,0.0,3404
5122,5122,190,190,81,2.3457,33,6,0.0,245
5123,5123,0,0,0,0.0,0,4,0.0,4221
5124,5124,498,498,165,3.0182,104,4,0.0,4189
5125,5125,102,102,44,2.3182,13,5,2.857,3926
5126,5126,260,260,156,1.6667,119,2,9.092,1932
5127,5127,21,21,7,3.0,0,5,0.0,4404
5128,5128,76,76,43,1.7674,17,2,7.899,1987
5129,5129,149,149,44,3.3864,28,2,0.0,3861
5130,5130,93,93,52,1.7885,141,2,0.863,2349
5131,5131,496,496,123,4.0325,23,4,0.0,3841
5132,5132,66,66,33,2.0,16,2,8.758,1607
5133,5133,44,44,22,2.0,22,6,7.226,25
5134,5134,127,0,0,0.0,90,4,0.0,4239
5135,5135,139,139,38,3.6579,4,2,0.0,3324
5136,5136,301,301,87,3.4598,29,2,0.0,3034
5137,5137,396,396,108,3.6667,7,4,0.0,4031
5138,5138,97,97,28,3.4643,13,2,0.0,3610
5139,5139,22,22,8,2.75,71,7,0.0,4046
5140,5140,33,33,14,2.3571,2,2,1.219,1448
5141,5141,243,243,88,2.7614,27,3,0.0,1559
5142,5142,79,79,28,2.8214,17,3,0.0,1512
5143,5143,192,192,155,1.2387,166,2,20.787,1806
5144,5144,112,112,29,3.8621,15,2,0.0,3230
5145,5145,216,216,102,2.1176,26,3,10.848,1308
5146,5146,165,121,35,3.4571,24,2,0.0,3571
5147,5147,324,324,112,2.8929,16,2,0.0,3643
5148,5148,0,0,0,0.0,18,4,0.0,3522
5149,5149,28,28,11,2.5455,16,6,6.649,39
5150,5150,153,153,61,2.5082,17,3,0.0,3212
5151,5151,305,305,103,2.9612,135,5,0.0,4484
5152,5152,154,154,67,2.2985,40,3,0.0,948
5153,5153,198,198,67,2.9552,32,4,0.0,3406
5154,5154,0,0,0,0.0,399,5,0.0,4364
5155,5155,96,96,38,2.5263,66,5,0.0,4141
5156,5156,0,0,0,0.0,567,3,0.0,3530
5157,5157,217,203,66,3.0758,60,4,1.838,3568
5158,5158,0,0,0,0.0,1439,1,18.545,1938
5159,5159,4,4,3,1.3333,71,1,20.122,1920
5160,5160,52,52,20,2.6,1,2,0.0,2750
5161,5161,0,0,0,0.0,0,4,0.0,4393
5162,5162,132,132,38,3.4737,2,2,0.0,3712
5163,5163,228,228,120,1.9,22,3,2.562,892
5164,5164,0,0,0,0.0,1444,3,0.0,2858
5165,5165,149,149,53,2.8113,44,5,0.0,4146
5166,5166,113,109,55,1.9818,16,5,0.0,3839
5167,5167,78,78,37,2.1081,5,3,0.0,570
5168,5168,599,599,201,2.9801,35,5,0.0,4425
5169,5169,193,193,64,3.0156,35,5,0.0,4385
5170,5170,210,210,62,3.3871,17,2,0.0,3804
5171,5171,0,0,0,0.0,95,2,7.988,3216
5172,5172,199,199,76,2.6184,24,4,5.31,2912
5173,5173,0,0,0,0.0,68,2,0.81,2389
5174,5174,230,230,76,3.0263,93,3,0.0,1322
5175,5175,167,167,48,3.4792,22,2,0.0,3901
5176,5176,143,143,47,3.0426,19,5,0.0,3863
5177,5177,39,39,23,1.6957,365,2,2.754,1403
5178,5178,0,0,0,0.0,968,4,0.0,4299
5179,5179,0,0,0,0.0,30,3,0.0,3075
5180,5180,0,0,0,0.0,831,3,0.0,2969
5181,5181,32,32,8,4.0,1,2,0.0,2627
5182,5182,0,0,0,0.0,734,5,0.0,4219
5183,5183,225,219,82,2.6707,44,3,0.0,3475
5184,5184,174,174,82,2.122,2,3,0.0,3544
5185,5185,147,147,44,3.3409,17,2,0.0,2860
5186,5186,92,92,24,3.8333,15,2,0.0,3160
5187,5187,116,116,34,3.4118,16,5,0.0,4339
5188,5188,179,151,62,2.4355,43,3,0.0,385
5189,5189,63,63,32,1.9688,16,2,0.0,851
5190,5190,86,86,40,2.15,29,3,0.0,1019
5191,5191,68,68,26,2.6154,16,3,0.0,1388
5192,5192,224,224,148,1.5135,409,1,24.971,1740
5193,5193,112,91,52,1.75,17,2,0.15,733
5194,5194,97,97,34,2.8529,15,3,0.0,3748
5195,5195,505,505,142,3.5563,39,2,0.0,2904
5196,5196,67,67,25,2.68,43,5,0.0,4008
5197,5197,76,76,28,2.7143,4,5,0.0,4079
5198,5198,694,694,235,2.9532,341,4,0.0,3149
5199,5199,252,252,73,3.4521,20,2,0.0,3610
5200,5200,160,160,61,2.623,19,4,5.469,2852
5201,5201,204,204,82,2.4878,28,4,0.0,2806
5202,5202,343,343,92,3.7283,41,4,0.0,3157
5203,5203,353,353,99,3.5657,31,2,0.0,2762
5204,5204,181,181,93,1.9462,26,3,0.792,764
5205,5205,364,364,141,2.5816,37,3,0.0,2587
5206,5206,0,0,0,0.0,0,4,0.0,4010
5207,5207,92,92,33,2.7879,25,3,0.0,1512
5208,5208,0,0,0,0.0,733,3,0.0,2437
5209,5209,109,109,37,2.9459,2,3,0.0,3920
5210,5210,0,0,0,0.0,0,2,0.0,3698
5211,5211,859,859,360,2.3861,84,3,0.0,3040
5212,5212,346,346,116,2.9828,44,5,0.0,4217
5213,5213,271,271,80,3.3875,19,2,0.0,3804
5214,5214,183,183,57,3.2105,19,2,0.0,3341
5215,5215,252,252,73,3.4521,19,5,0.0,4429
5216,5216,0,0,0,0.0,0,4,0.0,4329
5217,5217,62,62,25,2.48,15,6,0.0,367
5218,5218,0,0,0,0.0,0,2,0.0,2637
5219,5219,53,53,31,1.7097,23,2,0.863,2416
5220,5220,0,0,0,0.0,553,3,0.0,3604
5221,5221,224,224,78,2.8718,28,3,0.0,1363
5222,5222,649,649,142,4.5704,42,4,0.0,3552
5223,5223,0,0,0,0.0,0,3,0.0,3536
5224,5224,251,251,55,4.5636,70,4,0.0,3552
5225,5225,187,68,23,2.9565,209,2,4.173,2178
5226,5226,303,303,92,3.2935,29,4,0.0,2519
5227,5227,81,81,30,2.7,3,5,0.0,4092
5228,5228,0,0,0,0.0,298,3,0.0,1461
5229,5229,0,0,0,0.0,0,2,0.0,2604
5230,5230,218,218,96,2.2708,69,5,0.0,3838
5231,5231,98,98,37,2.6486,70,5,0.0,4058
5232,5232,98,98,32,3.0625,20,5,0.0,4112
5233,5233,0,0,0,0.0,0,2,0.0,2124
5234,5234,303,303,101,3.0,28,3,0.0,3429
5235,5235,122,122,66,1.8485,16,3,0.0,941
5236,5236,199,199,66,3.0152,59,5,0.0,4563
5237,5237,226,226,114,1.9825,40,2,5.523,1628
5238,5238,111,111,63,1.7619,20,2,0.762,2135
5239,5239,110,110,38,2.8947,18,4,3.499,3219
5240,5240,594,586,195,3.0051,30,2,0.0,3253
5241,5241,177,177,83,2.1325,22,2,2.509,3019
5242,5242,105,105,45,2.3333,354,3,0.0,510
5243,5243,353,353,108,3.2685,26,3,0.0,1913
5244,5244,26,26,11,2.3636,14,6,2.254,52
5245,5245,160,160,104,1.5385,33,1,19.571,1648
5246,5246,188,188,68,2.7647,23,2,0.0,3785
5247,5247,0,0,0,0.0,11,6,0.0,443
5248,5248,362,362,207,1.7488,37,2,0.808,2165
5249,5249,155,155,61,2.541,27,5,0.0,4138
5250,5250,69,69,37,1.8649,21,2,0.392,2391
5251,5251,401,401,116,3.4569,24,5,0.0,3621
5252,5252,109,109,36,3.0278,27,3,0.0,3845
5253,5253,294,294,94,3.1277,21,4,0.0,3695
5254,5254,306,306,101,3.0297,83,3,0.0,1322
5255,5255,0,0,0,0.0,3659,4,11.485,3612
5256,5256,137,137,52,2.6346,19,3,0.0,1359
5257,5257,173,173,45,3.8444,23,2,0.0,3229
5258,5258,266,266,93,2.8602,41,5,0.0,4376
5259,5259,670,670,346,1.9364,67,3,0.0,2089
5260,5260,0,0,0,0.0,623,5,0.0,4157
5261,5261,435,435,131,3.3206,69,4,0.0,2917
5262,5262,220,220,70,3.1429,42,7,0.0,3995
5263,5263,153,153,76,2.0132,28,2,0.0,2513
5264,5264,214,214,76,2.8158,20,3,0.0,3514
5265,5265,74,74,25,2.96,25,3,0.0,3766
5266,5266,251,251,91,2.7582,17,5,0.0,4369
5267,5267,0,0,0,0.0,191,3,0.0,2062
5268,5268,309,309,133,2.3233,49,3,0.0,3379
5269,5269,77,77,25,3.08,26,5,0.0,4160
5270,5270,0,0,0,0.0,1017,3,0.0,1553
5271,5271,43,43,16,2.6875,25,4,0.0,3661
5272,5272,100,100,38,2.6316,18,3,0.0,1359
5273,5273,154,154,49,3.1429,29,3,0.0,2439
5274,5274,46,46,26,1.7692,20,2,4.519,1586
5275,5275,75,75,38,1.9737,20,6,0.0,80
5276,5276,0,0,0,0.0,10,2,0.0,943
5277,5277,838,838,246,3.4065,66,4,0.0,2885
5278,5278,0,0,0,0.0,191,2,0.0,3220
5279,5279,90,90,30,3.0,28,3,0.0,2320
5280,5280,34,34,10,3.4,146,4,0.0,3048
5281,5281,0,0,0,0.0,0,5,0.0,3895
5282,5282,104,104,53,1.9623,22,6,0.0,70
5283,5283,373,373,124,3.0081,25,3,0.0,1917
5284,5284,625,625,226,2.7655,101,4,0.0,4178
5285,5285,0,0,0,0.0,2402,4,0.0,3278
5286,5286,0,0,0,0.0,286,2,2.66,1391
5287,5287,50,50,32,1.5625,17,2,6.415,1737
5288,5288,409,409,197,2.0761,41,1,13.548,2059
5289,5289,0,0,0,0.0,1065,3,0.0,1450
5290,5290,326,326,77,4.2338,24,4,0.0,3550
5291,5291,0,0,0,0.0,73,3,0.0,1082
5292,5292,0,0,0,0.0,0,5,0.0,4587
5293,5293,654,654,178,3.6742,27,4,0.0,4176
5294,5294,0,0,0,0.0,132,3,0.0,3606
5295,5295,693,693,241,2.8755,85,4,0.0,3747
5296,5296,0,0,0,0.0,0,2,0.0,2502
5297,5297,84,84,38,2.2105,96,2,0.0,2612
5298,5298,0,0,0,0.0,2326,3,0.0,1904
5299,5299,155,155,46,3.3696,20,5,0.0,3988
5300,5300,182,182,68,2.6765,25,3,0.0,3441
5301,5301,13,13,4,3.25,26,4,0.0,2844
5302,5302,264,264,86,3.0698,42,5,0.0,3863
5303,5303,0,0,0,0.0,0,1,21.232,1610
5304,5304,2250,0,0,0.0,130,2,7.839,3284
5305,5305,0,0,0,0.0,0,5,0.0,4069
5306,5306,261,261,87,3.0,15,3,0.0,2545
5307,5307,0,0,0,0.0,0,2,3.493,1376
5308,5308,134,134,34,3.9412,43,2,0.0,2820
5309,5309,0,0,0,0.0,0,3,0.0,1445
5310,5310,68,68,30,2.2667,105,5,0.0,3737
5311,5311,116,116,27,4.2963,105,2,0.0,2749
5312,5312,0,0,0,0.0,4708,3,0.0,2334
5313,5313,0,0,0,0.0,414,6,0.0,64
5314,5314,331,331,127,2.6063,114,2,1.347,3049
5315,5315,297,297,88,3.375,29,3,0.0,2555
5316,5316,102,102,36,2.8333,16,3,0.0,3646
5317,5317,103,103,30,3.4333,17,5,0.0,4496
5318,5318,112,112,42,2.6667,18,4,0.0,2470
5319,5319,251,251,73,3.4384,519,4,0.0,3245
5320,5320,154,154,49,3.1429,21,2,0.647,2776
5321,5321,39,39,15,2.6,1,5,0.0,4171
5322,5322,142,142,63,2.254,25,2,0.0,852
5323,5323,325,325,98,3.3163,25,3,0.0,1790
5324,5324,550,550,159,3.4591,32,4,0.0,4173
5325,5325,40,40,16,2.5,149,6,0.0,323
5326,5326,198,198,55,3.6,537,2,0.0,2533
5327,5327,270,270,105,2.5714,27,3,0.0,1413
5328,5328,102,102,39,2.6154,933,5,0.0,4326
5329,5329,212,212,68,3.1176,34,3,0.0,2283
5330,5330,19,19,5,3.8,0,2,0.0,3050
5331,5331,199,199,57,3.4912,24,2,0.0,3349
5332,5332,606,606,157,3.8599,47,4,0.0,3485
5333,5333,78,78,35,2.2286,46,2,0.0,2547
5334,5334,84,84,49,1.7143,3,2,6.809,1637
5335,5335,92,92,49,1.8776,24,3,1.196,654
5336,5336,150,150,63,2.381,25,3,0.0,2832
5337,5337,121,121,50,2.42,20,2,1.573,1508
5338,5338,70,70,27,2.5926,500,2,0.0,2861
5339,5339,0,0,0,0.0,0,3,0.0,2555
5340,5340,97,97,41,2.3659,42,3,1.623,1915
5341,5341,304,304,185,1.6432,36,2,7.23,2013
5342,5342,0,0,0,0.0,26,2,7.917,1933
5343,5343,0,0,0,0.0,3687,3,5.558,1255
5344,5344,170,170,73,2.3288,31,3,0.0,510
5345,5345,0,0,0,0.0,84,6,0.0,107
5346,5346,63,63,31,2.0323,16,2,0.115,2359
5347,5347,201,201,88,2.2841,23,2,0.0,3513
5348,5348,0,0,0,0.0,1044,3,0.0,981
5349,5349,163,163,58,2.8103,18,3,0.0,1512
5350,5350,47,47,16,2.9375,63,4,0.0,3117
5351,5351,0,0,0,0.0,10,2,4.173,2086
5352,5352,530,530,191,2.7749,38,4,0.0,4137
5353,5353,64,64,33,1.9394,6,6,0.0,69
5354,5354,206,206,65,3.1692,26,3,0.0,2100
5355,5355,0,0,0,0.0,129,5,0.0,4209
5356,5356,0,0,0,0.0,13,2,0.731,2067
5357,5357,55,55,22,2.5,31,2,0.0,553
5358,5358,0,0,0,0.0,0,6,8.125,24
5359,5359,157,157,68,2.3088,14,3,0.0,948
5360,5360,986,986,508,1.9409,333,2,0.865,1700
5361,5361,150,150,39,3.8462,15,2,0.0,3705
5362,5362,249,249,113,2.2035,94,5,0.0,3645
5363,5363,134,134,51,2.6275,15,3,0.0,3138
5364,5364,44,44,12,3.6667,27,2,0.59,2552
5365,5365,123,123,41,3.0,25,5,0.0,3749
5366,5366,0,0,0,0.0,0,3,0.0,2546
5367,5367,83,83,28,2.9643,26,4,0.0,3992
5368,5368,110,110,60,1.8333,19,2,4.576,2169
5369,5369,0,0,0,0.0,0,3,0.0,1455
5370,5370,114,114,41,2.7805,53,5,0.0,4102
5371,5371,177,177,55,3.2182,31,3,0.0,1597
5372,5372,0,0,0,0.0,46,3,0.0,3560
5373,5373,329,329,123,2.6748,29,3,0.0,2548
5374,5374,0,0,0,0.0,220,3,0.0,2101
5375,5375,551,551,127,4.3386,36,2,0.0,2730
5376,5376,322,322,88,3.6591,3,4,0.0,4071
5377,5377,14,14,7,2.0,295,2,0.0,2419
5378,5378,254,254,78,3.2564,33,3,0.0,2123
5379,5379,53,53,17,3.1176,43,4,0.0,2682
5380,5380,47,47,22,2.1364,36,5,0.0,3645
5381,5381,131,131,32,4.0938,3,2,0.0,2559
5382,5382,277,277,86,3.2209,26,5,0.0,4086
5383,5383,276,276,61,4.5246,27,4,0.0,4013
5384,5384,37,37,11,3.3636,0,2,0.0,2841
5385,5385,0,0,0,0.0,93,3,0.0,1009
5386,5386,0,0,0,0.0,0,3,0.0,2506
5387,5387,0,0,0,0.0,328,3,0.0,3744
5388,5388,221,221,100,2.21,12,5,0.0,3711
5389,5389,281,281,106,2.6509,79,2,0.0,2640
5390,5390,126,126,52,2.4231,24,3,0.0,439
5391,5391,163,163,56,2.9107,404,3,0.0,1495
5392,5392,275,275,101,2.7228,29,5,0.0,4280
5393,5393,23,23,10,2.3,429,2,0.0,959
5394,5394,37,37,14,2.6429,2,3,0.0,3495
5395,5395,416,416,98,4.2449,30,4,0.0,3550
5396,5396,134,134,51,2.6275,32,3,0.0,3263
5397,5397,187,187,81,2.3086,17,2,0.01,2253
5398,5398,81,81,39,2.0769,279,3,5.18,400
5399,5399,0,0,0,0.0,319,2,0.0,2508
5400,5400,93,93,29,3.2069,44,2,0.0,2816
5401,5401,139,139,48,2.8958,18,2,0.0,3643
5402,5402,290,290,84,3.4524,26,2,0.0,3034
5403,5403,123,123,31,3.9677,15,2,0.0,3605
5404,5404,0,0,0,0.0,97,4,0.0,4471
5405,5405,113,113,63,1.7937,37,3,0.0,482
5406,5406,21,21,6,3.5,230,4,0.0,3245
5407,5407,88,88,25,3.52,2,4,0.0,3626
5408,5408,795,795,198,4.0152,33,4,0.0,3458
5409,5409,237,237,86,2.7558,18,3,0.0,2974
5410,5410,340,340,121,2.8099,19,5,0.0,4476
5411,5411,84,84,28,3.0,12,4,0.0,3406
5412,5412,416,416,108,3.8519,22,2,0.0,3764
5413,5413,195,195,59,3.3051,16,2,0.0,3611
5414,5414,833,833,268,3.1082,71,4,0.0,3894
5415,5415,89,89,23,3.8696,22,2,0.0,3446
5416,5416,226,171,47,3.6383,95,2,0.0,2761
5417,5417,118,118,53,2.2264,15,2,0.0,2612
5418,5418,380,380,121,3.1405,32,3,0.0,2439
5419,5419,251,251,72,3.4861,23,3,0.0,2103
5420,5420,33,33,15,2.2,3,3,0.0,533
5421,5421,0,0,0,0.0,465,4,0.0,3815
5422,5422,311,311,104,2.9904,38,3,0.0,2995
5423,5423,176,176,54,3.2593,21,3,0.0,2123
5424,5424,63,63,38,1.6579,57,6,7.43,21
5425,5425,287,287,98,2.9286,23,2,0.0,2857
5426,5426,99,99,38,2.6053,20,5,0.0,4296
5427,5427,172,128,34,3.7647,18,5,0.0,3868
5428,5428,177,177,86,2.0581,96,4,6.103,3043
5429,5429,46,46,18,2.5556,18,3,0.0,2396
5430,5430,489,489,210,2.3286,94,5,0.0,3904
5431,5431,106,106,36,2.9444,3,5,0.0,4510
5432,5432,241,241,63,3.8254,26,2,0.0,2572
5433,5433,37,37,19,1.9474,3,2,10.153,1626
5434,5434,1334,1334,414,3.2222,93,4,0.0,3085
5435,5435,120,118,66,1.7879,28,2,0.245,2271
5436,5436,254,254,92,2.7609,21,4,0.0,2721
5437,5437,80,80,35,2.2857,15,3,0.0,2695
5438,5438,0,0,0,0.0,191,3,0.0,2303
5439,5439,288,288,102,2.8235,30,3,0.0,2467
5440,5440,128,128,59,2.1695,60,3,0.0,1023
5441,5441,192,192,72,2.6667,129,5,0.0,4284
5442,5442,414,414,124,3.3387,45,5,0.0,3586
5443,5443,12,12,4,3.0,14,5,0.0,3983
5444,5444,0,0,0,0.0,533,5,0.0,3830
5445,5445,0,0,0,0.0,848,3,7.986,1328
5446,5446,642,642,211,3.0427,45,5,0.0,4389
5447,5447,46,46,17,2.7059,28,4,0.0,2470
5448,5448,0,0,0,0.0,4267,3,0.0,2246
5449,5449,196,196,59,3.322,19,2,0.0,2860
5450,5450,201,201,75,2.68,24,5,0.0,4023
5451,5451,152,152,65,2.3385,27,5,0.0,3972
5452,5452,143,143,42,3.4048,15,5,0.0,4339
5453,5453,109,109,39,2.7949,4,5,0.0,4265
5454,5454,76,76,39,1.9487,17,2,0.0,851
5455,5455,402,402,134,3.0,9,5,0.0,3898
5456,5456,10,0,0,0.0,116,6,0.0,75
5457,5457,370,370,135,2.7407,27,2,0.0,3257
5458,5458,0,0,0,0.0,432,3,5.702,1102
5459,5459,140,140,35,4.0,28,2,0.0,2426
5460,5460,310,310,82,3.7805,26,2,0.0,2480
5461,5461,160,160,71,2.2535,9,2,0.0,2856
5462,5462,136,136,49,2.7755,63,2,0.0,3725
5463,5463,494,494,159,3.1069,29,3,0.0,2290
5464,5464,71,71,22,3.2273,1,3,0.0,2445
5465,5465,84,84,26,3.2308,3,2,0.0,2875
5466,5466,565,565,169,3.3432,24,2,0.0,2735
5467,5467,190,190,49,3.8776,34,2,0.0,3520
5468,5468,671,671,168,3.994,46,4,1.585,3401
5469,5469,287,287,86,3.3372,85,2,7.043,2159
5470,5470,0,0,0,0.0,113,4,0.0,3942
5471,5471,110,110,36,3.0556,19,2,0.0,3120
5472,5472,368,368,103,3.5728,24,4,0.0,3073
5473,5473,0,0,0,0.0,0,3,0.0,2375
5474,5474,44,44,12,3.6667,26,2,0.604,2552
5475,5475,56,56,22,2.5455,115,2,0.748,2655
5476,5476,78,78,26,3.0,25,3,0.0,3731
5477,5477,154,154,55,2.8,6,3,0.0,3473
5478,5478,83,83,27,3.0741,15,3,0.0,1332
5479,5479,715,715,230,3.1087,182,4,0.0,3974
5480,5480,99,99,37,2.6757,22,3,0.0,2548
5481,5481,242,242,95,2.5474,23,2,0.0,3496
5482,5482,0,0,0,0.0,565,3,0.0,2164
5483,5483,120,0,0,0.0,3,2,0.0,1751
5484,5484,406,406,178,2.2809,545,3,0.0,3633
5485,5485,299,0,0,0.0,556,2,6.149,2133
5486,5486,200,200,80,2.5,18,3,0.0,3303
5487,5487,127,127,49,2.5918,32,3,0.0,1185
5488,5488,684,684,191,3.5812,59,4,0.0,3011
5489,5489,76,76,29,2.6207,16,5,0.0,4240
5490,5490,88,88,49,1.7959,26,3,1.836,603
5491,5491,31,31,15,2.0667,13,6,0.0,477
5492,5492,219,219,82,2.6707,32,3,0.0,3598
5493,5493,251,251,166,1.512,253,1,21.889,1805
5494,5494,99,99,56,1.7679,16,2,4.426,2000
5495,5495,340,172,105,1.6381,237,2,9.151,1949
5496,5496,109,109,43,2.5349,29,3,0.0,774
5497,5497,182,182,69,2.6377,28,5,0.0,4235
5498,5498,126,126,42,3.0,4,5,4.477,3871
5499,5499,323,323,97,3.3299,32,4,0.0,3528
5500,5500,161,161,65,2.4769,22,3,0.0,1411
5501,5501,0,0,0,0.0,78,5,0.0,4229
5502,5502,131,131,49,2.6735,28,5,0.0,4023
5503,5503,53,53,32,1.6562,195,2,10.364,1814
5504,5504,293,293,92,3.1848,48,2,0.0,2818
5505,5505,441,441,148,2.9797,38,5,0.0,4220
5506,5506,0,0,0,0.0,1690,4,0.0,2947
5507,5507,0,0,0,0.0,569,3,0.0,2047
5508,5508,525,525,154,3.4091,36,4,0.0,2855
5509,5509,40,40,24,1.6667,75,2,11.549,1677
5510,5510,203,203,65,3.1231,21,6,0.0,65
5511,5511,0,0,0,0.0,0,3,0.0,3928
5512,5512,0,0,0,0.0,0,3,0.0,2671
5513,5513,130,130,51,2.549,17,3,0.0,2379
5514,5514,273,273,70,3.9,21,2,0.0,3404
5515,5515,156,156,43,3.6279,15,6,0.0,49
5516,5516,228,228,74,3.0811,17,3,0.0,3443
5517,5517,444,444,143,3.1049,32,4,0.0,3902
5518,5518,222,222,70,3.1714,47,5,0.0,4068
5519,5519,0,0,0,0.0,1934,4,0.0,4246
5520,5520,288,288,74,3.8919,16,2,0.0,3230
5521,5521,66,66,25,2.64,15,2,0.0,2466
5522,5522,509,509,142,3.5845,35,4,0.0,3670
5523,5523,426,426,216,1.9722,64,5,0.0,3743
5524,5524,79,79,42,1.881,410,3,5.282,365
5525,5525,105,105,34,3.0882,16,3,0.0,1237
5526,5526,357,357,123,2.9024,8,2,7.847,3425
5527,5527,243,243,100,2.43,49,3,0.0,809
5528,5528,130,130,79,1.6456,103,2,1.14,2154
5529,5529,107,107,43,2.4884,19,2,0.0,557
5530,5530,97,97,22,4.4091,81,2,0.0,2502
5531,5531,0,0,0,0.0,0,4,8.262,4120
5532,5532,0,0,0,0.0,207,4,0.0,4468
5533,5533,77,77,23,3.3478,26,2,0.0,2797
5534,5534,35,35,11,3.1818,0,4,0.0,2844
5535,5535,124,124,39,3.1795,16,2,6.432,3190
5536,5536,29,24,10,2.4,16,6,4.617,52
5537,5537,815,815,255,3.1961,80,2,0.0,2854
5538,5538,44,44,19,2.3158,16,3,0.0,519
5539,5539,120,120,43,2.7907,16,3,0.0,3646
5540,5540,0,0,0,0.0,209,3,0.0,2593
5541,5541,0,0,0,0.0,370,5,0.0,4544
5542,5542,105,105,42,2.5,18,3,1.667,1405
5543,5543,266,266,71,3.7465,18,5,0.0,3869
5544,5544,287,287,91,3.1538,27,2,0.713,2768
5545,5545,120,120,41,2.9268,16,3,0.0,3423
5546,5546,384,384,120,3.2,100,4,0.0,4090
5547,5547,235,235,69,3.4058,25,2,0.0,2599
5548,5548,0,0,0,0.0,3900,3,4.004,1072
5549,5549,373,373,95,3.9263,29,2,0.0,2743
5550,5550,0,0,0,0.0,530,2,0.0,2660
5551,5551,1021,916,304,3.0132,217,5,0.0,4470
5552,5552,411,411,145,2.8345,30,5,0.0,4350
5553,5553,0,0,0,0.0,184,5,0.0,4313
5554,5554,8,8,2,4.0,0,6,0.0,34
5555,5555,28,28,10,2.8,73,3,0.0,1347
5556,5556,288,0,0,0.0,0,2,0.0,1278
5557,5557,6,6,3,2.0,13,3,0.0,694
5558,5558,351,351,120,2.925,85,4,0.0,3876
5559,5559,273,273,79,3.4557,24,2,0.0,3592
5560,5560,76,76,22,3.4545,2,2,0.0,3571
5561,5561,0,0,0,0.0,35,3,4.697,841
5562,5562,0,0,0,0.0,435,4,11.638,3644
5563,5563,254,254,95,2.6737,36,5,0.0,4058
5564,5564,0,0,0,0.0,212,4,0.0,3900
5565,5565,98,98,60,1.6333,230,2,8.675,1701
5566,5566,316,316,121,2.6116,48,2,1.301,2979
5567,5567,641,641,148,4.3311,51,2,0.0,2893
5568,5568,46,46,17,2.7059,2,5,0.0,3635
5569,5569,216,216,80,2.7,91,4,0.0,3591
5570,5570,38,38,15,2.5333,1,5,0.0,4035
5571,5571,171,171,65,2.6308,19,5,0.0,4318
5572,5572,0,0,0,0.0,22,3,0.0,1165
5573,5573,796,796,328,2.4268,56,6,0.0,55
5574,5574,57,57,31,1.8387,14,2,5.452,2169
5575,5575,178,178,59,3.0169,21,5,0.0,4492
5576,5576,133,133,46,2.8913,25,2,7.594,3310
5577,5577,62,62,33,1.8788,25,3,3.994,343
5578,5578,0,0,0,0.0,106,6,0.0,323
5579,5579,102,102,38,2.6842,44,5,0.0,3574
5580,5580,87,87,50,1.74,50,2,0.546,2215
5581,5581,0,0,0,0.0,340,2,2.806,1376
5582,5582,247,247,90,2.7444,594,4,5.976,3054
5583,5583,83,83,49,1.6939,36,2,11.452,1677
5584,5584,297,297,106,2.8019,23,3,0.0,3473
5585,5585,57,57,22,2.5909,12,3,0.0,3209
5586,5586,317,317,103,3.0777,24,3,0.0,3459
5587,5587,500,500,149,3.3557,42,4,0.0,4291
5588,5588,308,308,111,2.7748,22,4,0.0,4175
5589,5589,91,91,59,1.5424,13,3,0.0,3330
5590,5590,0,0,0,0.0,1656,3,0.0,1889
5591,5591,335,335,112,2.9911,29,5,0.0,4217
5592,5592,286,286,84,3.4048,46,2,0.0,2645
5593,5593,0,0,0,0.0,212,6,0.0,443
5594,5594,123,123,39,3.1538,65,2,0.438,2766
5595,5595,0,0,0,0.0,254,3,0.0,2031
5596,5596,752,752,207,3.6329,44,4,0.0,4370
5597,5597,272,272,125,2.176,37,3,0.0,2337
5598,5598,535,535,182,2.9396,51,5,0.0,4501
5599,5599,201,201,76,2.6447,25,3,0.0,1149
5600,5600,136,136,48,2.8333,18,2,0.0,2477
5601,5601,221,216,74,2.9189,21,2,0.0,2907
5602,5602,67,67,27,2.4815,13,2,0.0,643
5603,5603,268,268,76,3.5263,19,4,0.0,3626
5604,5604,30,30,9,3.3333,15,2,0.0,2797
5605,5605,192,192,58,3.3103,16,2,0.0,3618
5606,5606,98,98,46,2.1304,18,2,1.492,2972
5607,5607,34,34,10,3.4,185,4,0.0,3065
5608,5608,90,90,25,3.6,14,2,0.0,3259
5609,5609,115,115,58,1.9828,553,5,0.0,3669
5610,5610,537,537,139,3.8633,25,2,0.0,3446
5611,5611,25,25,18,1.3889,115,3,5.642,378
5612,5612,131,131,56,2.3393,33,3,5.455,435
5613,5613,119,119,45,2.6444,20,3,0.0,1252
5614,5614,45,45,23,1.9565,35,2,0.0,807
5615,5615,364,13,6,2.1667,6,1,9.811,2112
5616,5616,0,0,0,0.0,204,6,0.0,77
5617,5617,1430,1430,491,2.9124,210,3,0.0,2843
5618,5618,6,6,2,3.0,10,7,0.0,4101
5619,5619,0,0,0,0.0,1438,1,20.83,1610
5620,5620,33,33,11,3.0,17,3,0.0,3679
5621,5621,0,0,0,0.0,0,4,0.0,3392
5622,5622,0,0,0,0.0,41,6,0.0,95
5623,5623,99,99,40,2.475,14,3,0.0,2170
5624,5624,0,0,0,0.0,0,3,6.409,1280
5625,5625,345,345,258,1.3372,8,1,13.916,1996
5626,5626,0,0,0,0.0,1294,3,1.783,1049
5627,5627,0,0,0,0.0,453,4,0.0,4305
5628,5628,166,166,60,2.7667,14,5,0.0,4065
5629,5629,106,106,63,1.6825,58,2,11.631,1760
5630,5630,179,179,60,2.9833,122,5,0.0,4199
5631,5631,0,0,0,0.0,185,5,0.0,4106
5632,5632,449,449,99,4.5354,44,4,2.036,4060
5633,5633,0,0,0,0.0,66,3,0.0,2123
5634,5634,0,0,0,0.0,373,3,0.0,2128
5635,5635,685,685,166,4.1265,50,4,0.0,3241
5636,5636,0,0,0,0.0,0,5,0.0,3996
5637,5637,320,320,99,3.2323,89,5,0.0,4151
5638,5638,824,824,261,3.1571,66,3,0.0,2230
5639,5639,200,200,52,3.8462,14,2,0.0,3446
5640,5640,161,161,51,3.1569,22,5,0.0,4050
5641,5641,214,214,63,3.3968,26,2,0.0,2645
5642,5642,237,237,84,2.8214,30,3,0.0,3512
5643,5643,0,0,0,0.0,132,5,0.0,4280
5644,5644,424,424,153,2.7712,65,4,0.0,4178
5645,5645,0,0,0,0.0,0,4,0.0,3223
5646,5646,207,207,71,2.9155,21,4,6.893,3204
5647,5647,2,2,1,2.0,500,5,0.0,3676
5648,5648,260,260,83,3.1325,27,6,0.0,74
5649,5649,18,18,4,4.5,122,2,0.0,2502
5650,5650,0,0,0,0.0,0,3,0.0,3697
5651,5651,6,6,2,3.0,0,5,0.0,4676
5652,5652,87,45,22,2.0455,118,3,3.354,400
5653,5653,50,50,25,2.0,14,5,0.0,3969
5654,5654,471,471,241,1.9544,65,2,0.0,1119
5655,5655,130,130,36,3.6111,14,2,0.0,3226
5656,5656,120,120,30,4.0,80,2,0.0,2345
5657,5657,126,126,48,2.625,14,5,0.0,4240
5658,5658,553,196,70,2.8,435,5,0.0,4340
5659,5659,0,0,0,0.0,0,5,0.0,4353
5660,5660,113,113,43,2.6279,45,5,0.0,3529
5661,5661,72,72,24,3.0,2,5,0.0,3945
5662,5662,434,434,126,3.4444,35,4,0.0,3089
5663,5663,323,308,91,3.3846,66,2,0.0,3136
5664,5664,0,0,0,0.0,18,4,0.0,3431
5665,5665,12,12,5,2.4,16,3,0.0,706
5666,5666,34,31,14,2.2143,12,5,0.0,3572
5667,5667,68,68,40,1.7,3,2,3.219,1391
5668,5668,150,150,57,2.6316,22,2,0.127,2422
5669,5669,321,321,105,3.0571,20,5,0.0,3714
5670,5670,43,43,24,1.7917,144,2,0.85,2309
5671,5671,71,71,26,2.7308,33,2,1.383,3106
5672,5672,0,0,0,0.0,98,4,0.0,4371
5673,5673,921,921,286,3.2203,60,5,0.0,4206
5674,5674,178,178,80,2.225,25,3,0.0,1031
5675,5675,8,8,3,2.6667,0,5,0.0,4073
5676,5676,763,763,231,3.303,142,3,0.0,1623
5677,5677,1576,1576,604,2.6093,145,3,0.0,2926
5678,5678,80,80,34,2.3529,5,6,0.0,73
5679,5679,247,247,111,2.2252,23,2,0.0,2538
5680,5680,152,152,54,2.8148,22,3,0.0,1441
5681,5681,39,39,23,1.6957,12,2,2.42,1594
5682,5682,0,0,0,0.0,1752,3,4.495,898
5683,5683,78,78,45,1.7333,18,2,2.227,1518
5684,5684,39,39,13,3.0,105,4,0.0,3522
5685,5685,0,0,0,0.0,273,4,0.0,4432
5686,5686,275,275,93,2.957,92,4,6.135,3060
5687,5687,76,76,28,2.7143,14,5,0.0,4133
5688,5688,131,131,36,3.6389,19,2,0.0,2742
5689,5689,441,441,164,2.689,36,5,0.0,4049
5690,5690,298,298,80,3.725,31,2,0.0,3703
5691,5691,0,0,0,0.0,285,6,0.0,138
5692,5692,0,0,0,0.0,679,3,4.767,2258
5693,5693,0,0,0,0.0,0,7,0.0,71
5694,5694,363,338,133,2.5414,64,3,0.0,1297
5695,5695,316,316,138,2.2899,41,5,0.0,4202
5696,5696,171,171,86,1.9884,35,3,0.731,1442
5697,5697,192,192,76,2.5263,28,5,0.0,4201
5698,5698,0,0,0,0.0,22,2,6.658,1458
5699,5699,140,140,46,3.0435,20,5,0.0,3863
5700,5700,155,155,57,2.7193,21,5,0.0,4103
5701,5701,408,408,118,3.4576,30,2,0.0,3592
5702,5702,4646,2859,910,3.1418,42,6,0.0,13
5703,5703,234,234,76,3.0789,29,4,0.0,2769
5704,5704,0,0,0,0.0,2847,3,0.0,1379
5705,5705,126,126,41,3.0732,15,5,0.0,3662
5706,5706,586,586,198,2.9596,45,4,0.0,4121
5707,5707,415,415,120,3.4583,35,4,0.0,4174
5708,5708,108,108,40,2.7,23,5,0.0,4133
5709,5709,5,5,2,2.5,444,5,0.0,4195
5710,5710,209,209,135,1.5481,38,2,8.247,1704
5711,5711,144,144,65,2.2154,25,5,0.0,3799
5712,5712,0,0,0,0.0,305,5,0.0,4293
5713,5713,32,32,16,2.0,27,5,4.186,3787
5714,5714,121,121,48,2.5208,15,3,0.0,3090
5715,5715,651,651,163,3.9939,86,4,0.0,4360
5716,5716,0,0,0,0.0,67,3,0.0,954
5717,5717,193,193,72,2.6806,159,5,0.0,4079
5718,5718,443,443,182,2.4341,109,2,0.0,2124
5719,5719,159,159,67,2.3731,19,3,1.539,1789
5720,5720,119,119,27,4.4074,12,2,0.0,2504
5721,5721,18,18,10,1.8,18,2,4.393,1502
5722,5722,499,499,197,2.533,26,3,5.677,1272
5723,5723,0,0,0,0.0,150,4,0.0,3281
5724,5724,0,0,0,0.0,57,2,0.0,2497
5725,5725,331,331,95,3.4842,28,2,0.0,3901
5726,5726,297,297,131,2.2672,39,3,0.0,3722
5727,5727,247,247,104,2.375,78,3,0.0,2832
5728,5728,159,159,58,2.7414,33,3,0.0,2974
5729,5729,301,301,118,2.5508,32,3,0.0,1207
5730,5730,0,0,0,0.0,867,3,0.0,1840
5731,5731,126,126,54,2.3333,32,3,0.0,3290
5732,5732,0,0,0,0.0,0,2,1.725,2979
5733,5733,250,250,80,3.125,4,3,0.0,2330
5734,5734,252,252,70,3.6,35,2,0.0,2418
5735,5735,191,191,62,3.0806,31,3,0.0,1240
5736,5736,0,0,0,0.0,1023,1,14.289,1992
5737,5737,258,258,84,3.0714,25,4,0.0,3394
5738,5738,0,0,0,0.0,91,2,0.0,3036
5739,5739,61,0,0,0.0,79,4,0.0,4373
5740,5740,1182,1182,555,2.1297,248,3,3.105,1196
5741,5741,0,0,0,0.0,868,3,4.5,1195
5742,5742,286,286,114,2.5088,67,3,0.0,3421
5743,5743,0,0,0,0.0,186,2,0.0,3165
5744,5744,8,8,4,2.0,39,6,4.849,32
5745,5745,288,288,96,3.0,18,3,0.0,1917
5746,5746,978,978,309,3.165,141,3,0.0,2862
5747,5747,214,214,86,2.4884,24,3,1.149,1433
5748,5748,0,0,0,0.0,1587,5,0.0,3984
5749,5749,725,725,304,2.3849,38,3,1.658,1915
5750,5750,3360,0,0,0.0,359,2,17.314,1381
5751,5751,74,74,44,1.6818,20,6,7.679,41
5752,5752,307,307,93,3.3011,20,4,0.0,2517
5753,5753,306,306,146,2.0959,84,3,0.0,2744
5754,5754,94,94,47,2.0,66,4,0.0,2300
5755,5755,257,257,77,3.3377,22,5,0.0,3586
5756,5756,0,0,0,0.0,63,6,0.0,57
5757,5757,242,242,90,2.6889,106,4,0.0,2564
5758,5758,264,264,88,3.0,49,3,0.0,3429
5759,5759,0,0,0,0.0,113,2,0.0,1221
5760,5760,116,116,48,2.4167,25,2,0.0,1521
5761,5761,0,0,0,0.0,65,2,3.671,1539
5762,5762,1132,1132,419,2.7017,66,4,0.0,3591
5763,5763,392,392,102,3.8431,24,2,0.0,3705
5764,5764,686,686,309,2.2201,69,3,0.0,840
5765,5765,42,42,21,2.0,3,6,6.17,22
5766,5766,99,99,39,2.5385,128,3,0.0,3664
5767,5767,135,135,56,2.4107,20,3,0.0,1349
5768,5768,426,426,155,2.7484,47,3,0.0,1632
5769,5769,0,0,0,0.0,27,2,0.0,2243
5770,5770,11,11,4,2.75,39,3,0.0,1208
5771,5771,0,0,0,0.0,0,4,0.0,4354
5772,5772,135,135,61,2.2131,186,5,0.0,3735
5773,5773,175,175,60,2.9167,25,2,5.823,3410
5774,5774,0,0,0,0.0,235,3,0.0,3252
5775,5775,465,465,115,4.0435,27,4,0.0,3841
5776,5776,0,0,0,0.0,0,4,0.0,4558
5777,5777,0,0,0,0.0,0,6,0.0,144
5778,5778,55,55,17,3.2353,15,2,0.0,2835
5779,5779,72,72,50,1.44,197,2,2.058,2151
5780,5780,362,362,118,3.0678,30,3,0.0,1290
5781,5781,243,243,71,3.4225,95,4,0.0,2885
5782,5782,794,794,319,2.489,44,3,0.0,1180
5783,5783,0,0,0,0.0,169,2,0.0,991
5784,5784,289,289,106,2.7264,26,3,0.0,2993
5785,5785,993,993,330,3.0091,42,4,0.0,3815
5786,5786,412,412,143,2.8811,48,3,0.0,1347
5787,5787,0,0,0,0.0,525,3,0.0,2375
5788,5788,0,0,0,0.0,578,3,0.0,2691
5789,5789,0,0,0,0.0,553,5,0.0,4307
5790,5790,0,0,0,0.0,0,2,0.0,2901
5791,5791,0,0,0,0.0,0,2,0.0,3358
5792,5792,7,7,2,3.5,230,4,0.0,2942
5793,5793,0,0,0,0.0,98,4,0.0,4324
5794,5794,415,415,160,2.5938,45,3,0.0,2587
5795,5795,131,131,36,3.6389,3,6,0.0,45
5796,5796,0,0,0,0.0,120,3,0.0,2051
5797,5797,78,78,39,2.0,16,5,0.0,3709
5798,5798,45,45,15,3.0,13,4,0.0,3522
5799,5799,366,366,123,2.9756,24,5,3.832,3821
5800,5800,119,119,33,3.6061,17,2,0.0,2418
5801,5801,0,0,0,0.0,819,1,22.966,1800
5802,5802,214,214,70,3.0571,62,3,0.0,1240
5803,5803,79,79,37,2.1351,1187,3,9.897,1334
5804,5804,156,156,57,2.7368,34,2,1.724,3247
5805,5805,86,86,43,2.0,78,6,3.138,20
5806,5806,193,193,65,2.9692,24,3,0.0,2307
5807,5807,53,53,16,3.3125,12,3,0.0,1788
5808,5808,21,21,7,3.0,241,7,0.0,3791
5809,5809,78,78,26,3.0,42,5,0.0,3989
5810,5810,0,0,0,0.0,1191,3,0.0,2083
5811,5811,441,441,156,2.8269,140,3,0.0,3928
5812,5812,64,64,26,2.4615,20,3,0.0,679
5813,5813,392,392,154,2.5455,27,3,0.0,2822
5814,5814,173,173,70,2.4714,4,5,0.0,3755
5815,5815,0,0,0,0.0,2052,1,23.981,1669
5816,5816,45,45,22,2.0455,19,3,1.689,347
5817,5817,0,0,0,0.0,24,5,4.497,3763
5818,5818,0,0,0,0.0,250,2,0.0,2802
5819,5819,218,218,81,2.6914,78,4,0.0,2470
5820,5820,115,115,50,2.3,29,3,0.0,878
5821,5821,186,186,113,1.646,155,2,9.332,1761
5822,5822,0,0,0,0.0,0,2,0.0,2528
5823,5823,76,76,38,2.0,16,2,7.559,1625
5824,5824,715,715,205,3.4878,438,4,0.0,3939
5825,5825,61,61,23,2.6522,14,5,0.0,4083
5826,5826,70,70,26,2.6923,13,2,0.0,1101
5827,5827,135,135,46,2.9348,17,3,0.0,3920
5828,5828,785,785,244,3.2172,67,6,0.0,101
5829,5829,0,0,0,0.0,281,2,0.0,2777
5830,5830,466,466,141,3.305,24,2,0.0,3589
5831,5831,0,0,0,0.0,50,3,0.0,2261
5832,5832,241,241,93,2.5914,48,3,0.0,1093
5833,5833,56,56,23,2.4348,17,3,0.0,4159
5834,5834,196,196,56,3.5,31,3,0.0,2163
5835,5835,107,107,55,1.9455,15,2,0.0,828
5836,5836,90,90,35,2.5714,25,6,0.0,403
5837,5837,291,291,102,2.8529,26,5,0.0,4166
5838,5838,348,348,123,2.8293,39,5,0.0,4042
5839,5839,48,46,29,1.5862,27,6,8.562,31
5840,5840,242,242,64,3.7812,75,5,0.0,4252
5841,5841,170,170,61,2.7869,17,3,0.0,1559
5842,5842,188,188,83,2.2651,31,2,0.0,2856
5843,5843,928,928,441,2.1043,47,3,0.788,1039
5844,5844,353,353,97,3.6392,20,4,0.0,4370
5845,5845,0,0,0,0.0,1066,3,0.0,2436
5846,5846,211,211,83,2.5422,32,6,0.0,48
5847,5847,173,173,49,3.5306,25,3,0.0,2136
5848,5848,176,176,57,3.0877,21,3,0.0,3450
5849,5849,155,155,68,2.2794,19,3,0.0,2695
5850,5850,294,294,98,3.0,35,3,0.0,2443
5851,5851,0,0,0,0.0,0,4,0.0,4145
5852,5852,256,256,96,2.6667,52,3,0.0,1016
5853,5853,103,103,40,2.575,16,3,0.0,1585
5854,5854,71,71,35,2.0286,15,3,1.489,692
5855,5855,404,404,137,2.9489,59,5,0.0,3963
5856,5856,507,501,132,3.7955,49,2,0.0,2463
5857,5857,568,31,13,2.3846,242,3,0.0,1032
5858,5858,545,545,259,2.1042,66,3,2.097,1125
5859,5859,290,290,80,3.625,42,2,0.0,2407
5860,5860,0,0,0,0.0,0,2,0.0,2557
5861,5861,17,17,4,4.25,11,4,0.0,2804
5862,5862,124,124,54,2.2963,41,6,0.0,245
5863,5863,304,304,98,3.102,17,3,0.0,2291
5864,5864,560,560,197,2.8426,30,3,0.0,2237
5865,5865,107,107,36,2.9722,3,5,0.0,3885
5866,5866,428,428,107,4.0,26,2,0.256,2280
5867,5867,0,0,0,0.0,661,2,0.0,2639
5868,5868,72,72,30,2.4,4,6,0.0,112
5869,5869,196,196,70,2.8,19,3,0.0,3473
5870,5870,213,213,138,1.5435,21,3,0.0,3293
5871,5871,0,0,0,0.0,14,3,0.0,3723
5872,5872,0,0,0,0.0,159,3,0.0,3464
5873,5873,229,229,118,1.9407,109,2,0.896,2286
5874,5874,0,0,0,0.0,2706,3,0.0,2264
5875,5875,0,0,0,0.0,85,2,0.0,2651
5876,5876,0,0,0,0.0,73,3,0.0,2992
5877,5877,33,33,18,1.8333,13,2,0.0,2450
5878,5878,7484,7484,2381,3.1432,13644,6,0.0,42
5879,5879,53,53,22,2.4091,23,6,7.005,44
5880,5880,232,232,112,2.0714,90,6,0.0,429
5881,5881,105,105,53,1.9811,79,5,0.0,3709
5882,5882,0,0,0,0.0,0,2,0.775,2372
5883,5883,143,143,62,2.3065,30,2,0.003,2254
5884,5884,149,149,56,2.6607,18,3,0.0,3598
5885,5885,517,517,161,3.2112,238,5,0.0,4206
5886,5886,165,165,41,4.0244,17,4,0.0,3467
5887,5887,450,450,160,2.8125,59,2,0.0,2541
5888,5888,162,162,68,2.3824,21,3,1.658,1915
5889,5889,310,310,91,3.4066,23,4,0.0,2885
5890,5890,0,0,0,0.0,222,5,0.0,4232
5891,5891,678,0,0,0.0,350,3,0.0,2016
5892,5892,481,481,123,3.9106,45,4,0.0,3640
5893,5893,404,404,113,3.5752,37,4,0.0,3745
5894,5894,49,49,20,2.45,4,3,0.0,555
5895,5895,78,78,20,3.9,33,2,0.0,3229
5896,5896,147,147,55,2.6727,34,2,0.0,3135
5897,5897,0,0,0,0.0,276,3,0.0,719
5898,5898,181,181,70,2.5857,401,4,0.0,3319
5899,5899,642,642,173,3.711,51,2,0.0,3774
5900,5900,0,0,0,0.0,211,5,0.0,4218
5901,5901,58,58,23,2.5217,85,5,0.0,4012
5902,5902,0,0,0,0.0,441,3,0.0,1650
5903,5903,0,0,0,0.0,376,3,0.0,1504
5904,5904,200,200,59,3.3898,21,2,0.0,2645
5905,5905,197,197,53,3.717,84,2,0.0,3774
5906,5906,0,0,0,0.0,1299,3,0.0,978
5907,5907,369,369,107,3.4486,140,4,0.0,4173
5908,5908,330,330,99,3.3333,25,4,0.0,3542
5909,5909,394,389,127,3.063,30,4,0.0,3499
5910,5910,315,315,113,2.7876,59,2,0.0,3785
5911,5911,123,123,75,1.64,13,2,11.842,1823
5912,5912,323,323,114,2.8333,23,3,0.0,2237
5913,5913,400,385,134,2.8731,61,4,0.0,3632
5914,5914,97,97,37,2.6216,43,6,0.0,116
5915,5915,315,315,119,2.6471,31,2,0.0,2637
5916,5916,186,186,92,2.0217,33,2,0.111,2359
5917,5917,213,213,91,2.3407,38,3,0.0,772
5918,5918,0,0,0,0.0,52,2,0.0,2901
5919,5919,36,36,15,2.4,2,6,3.212,60
5920,5920,810,810,199,4.0704,21,3,0.0,2573
5921,5921,93,93,46,2.0217,6,6,7.583,25
5922,5922,29,29,17,1.7059,210,2,3.814,1539
5923,5923,233,233,90,2.5889,25,2,0.0,2807
5924,5924,0,0,0,0.0,121,3,0.0,1325
5925,5925,0,0,0,0.0,133,5,0.0,3890
5926,5926,149,149,41,3.6341,50,2,0.0,2761
5927,5927,0,0,0,0.0,1271,3,1.904,966
5928,5928,468,29,9,3.2222,385,5,0.0,4389
5929,5929,515,515,147,3.5034,33,2,0.0,3072
5930,5930,181,181,75,2.4133,38,3,0.0,1293
5931,5931,611,611,241,2.5353,52,3,0.0,2951
5932,5932,189,189,47,4.0213,38,3,0.0,2566
5933,5933,160,160,50,3.2,28,3,0.0,1958
5934,5934,440,440,140,3.1429,2,6,0.0,17
5935,5935,260,260,88,2.9545,41,3,0.0,3639
5936,5936,335,335,115,2.913,48,3,0.0,2747
5937,5937,29,29,8,3.625,51,5,0.0,4390
5938,5938,101,101,46,2.1957,43,2,0.0,2596
5939,5939,80,80,48,1.6667,20,6,7.703,31
5940,5940,0,0,0,0.0,72,2,0.865,1620
5941,5941,207,207,69,3.0,34,5,4.992,3821
5942,5942,552,552,182,3.033,49,4,0.0,3342
5943,5943,3,3,1,3.0,43,5,0.0,3529
5944,5944,0,0,0,0.0,0,4,0.0,3270
5945,5945,0,0,0,0.0,370,5,0.0,3964
5946,5946,219,219,99,2.2121,20,2,0.0,2538
5947,5947,220,220,75,2.9333,22,3,0.0,3248
5948,5948,229,229,76,3.0132,17,5,0.0,4385
5949,5949,126,126,41,3.0732,3,5,0.0,3757
5950,5950,300,300,172,1.7442,33,2,0.868,2165
5951,5951,730,730,218,3.3486,52,4,0.0,2883
5952,5952,5,5,2,2.5,11,3,0.0,3915
5953,5953,673,673,211,3.1896,95,5,0.0,4308
5954,5954,212,212,78,2.7179,43,3,0.0,1037
5955,5955,123,123,38,3.2368,139,3,0.0,1444
5956,5956,231,231,69,3.3478,28,4,0.0,3210
5957,5957,336,336,134,2.5075,37,3,0.0,1567
5958,5958,67,67,28,2.3929,3,6,0.0,112
5959,5959,0,0,0,0.0,0,3,0.0,2494
5960,5960,0,0,0,0.0,121,3,0.0,1624
5961,5961,0,0,0,0.0,97,3,1.454,1739
5962,5962,57,57,20,2.85,3,2,0.0,1076
5963,5963,518,518,183,2.8306,43,5,0.0,4309
5964,5964,48,48,15,3.2,2,2,0.0,2724
5965,5965,0,0,0,0.0,161,3,9.109,1334
5966,5966,26,26,11,2.3636,223,5,0.0,3778
5967,5967,126,126,38,3.3158,5,2,0.0,3490
5968,5968,538,538,148,3.6351,10,4,0.0,4260
5969,5969,274,274,91,3.011,20,4,0.0,3932
5970,5970,355,355,155,2.2903,35,2,0.614,2757
5971,5971,178,178,69,2.5797,33,4,0.0,4064
5972,5972,4946,0,0,0.0,5858,2,0.0,2384
5973,5973,187,187,48,3.8958,77,4,0.0,3637
5974,5974,0,0,0,0.0,0,5,5.973,3811
5975,5975,21,21,8,2.625,1,3,0.0,1361
5976,5976,227,227,62,3.6613,25,2,0.0,3307
5977,5977,376,376,109,3.4495,30,2,0.0,3084
5978,5978,549,549,155,3.5419,33,5,0.0,3944
5979,5979,100,100,38,2.6316,16,3,0.0,1461
5980,5980,243,243,55,4.4182,19,2,0.0,2465
5981,5981,322,322,111,2.9009,27,2,0.0,2945
5982,5982,110,110,32,3.4375,15,2,0.0,3142
5983,5983,153,153,72,2.125,21,2,0.0,2972
5984,5984,0,0,0,0.0,0,6,0.0,122
5985,5985,0,0,0,0.0,61,4,0.0,4406
5986,5986,140,140,53,2.6415,21,3,0.0,1208
5987,5987,797,797,254,3.1378,36,5,0.0,4338
5988,5988,463,463,116,3.9914,28,4,0.0,3375
5989,5989,381,381,161,2.3665,33,3,0.0,3547
5990,5990,0,0,0,0.0,87,5,0.0,3877
5991,5991,132,132,43,3.0698,20,5,0.0,4072
5992,5992,95,95,49,1.9388,25,2,0.0,1010
5993,5993,0,0,0,0.0,69,3,0.0,1398
5994,5994,387,8,3,2.6667,865,5,0.0,4229
5995,5995,354,329,132,2.4924,51,2,9.763,1766
5996,5996,375,375,125,3.0,22,2,0.0,3463
5997,5997,130,130,49,2.6531,93,2,0.0,2640
5998,5998,118,118,45,2.6222,6,2,0.0,2452
5999,5999,83,83,34,2.4412,20,3,0.0,555
6000,6000,94,94,29,3.2414,16,2,0.0,2616
6001,6001,82,82,41,2.0,23,5,0.0,3839
6002,6002,64,64,26,2.4615,23,3,0.0,655
6003,6003,179,179,60,2.9833,15,5,0.0,4425
6004,6004,746,746,252,2.9603,28,3,0.0,3759
6005,6005,124,124,40,3.1,19,2,0.364,2344
6006,6006,231,231,65,3.5538,20,5,0.0,3931
6007,6007,0,0,0,0.0,682,3,0.0,2617
6008,6008,105,105,29,3.6207,15,6,0.0,45
6009,6009,212,212,74,2.8649,32,5,0.0,4205
6010,6010,129,129,54,2.3889,20,3,0.0,1282
6011,6011,635,635,229,2.7729,139,3,0.0,1544
6012,6012,0,0,0,0.0,0,4,0.0,4393
6013,6013,97,97,45,2.1556,20,3,0.0,2335
6014,6014,0,0,0,0.0,0,3,0.0,2483
6015,6015,306,306,90,3.4,26,2,0.0,2599
6016,6016,568,568,298,1.906,44,3,5.14,1354
6017,6017,594,594,187,3.1765,70,3,0.0,2688
6018,6018,250,250,72,3.4722,20,3,0.0,1351
6019,6019,168,168,57,2.9474,27,3,0.0,3767
6020,6020,0,0,0,0.0,3282,3,0.0,3087
6021,6021,45,45,11,4.0909,0,4,0.0,4366
6022,6022,46,46,18,2.5556,342,3,0.0,789
6023,6023,71,71,22,3.2273,20,3,0.0,1824
6024,6024,132,132,58,2.2759,6,5,0.0,3563
6025,6025,85,85,37,2.2973,19,3,2.095,1540
6026,6026,195,195,83,2.3494,166,3,0.0,2773
6027,6027,232,232,79,2.9367,38,3,0.0,3766
6028,6028,0,0,0,0.0,132,2,0.0,2920
6029,6029,99,99,38,2.6053,18,6,0.0,102
6030,6030,442,422,106,3.9811,79,4,1.593,3401
6031,6031,333,333,94,3.5426,29,2,0.0,3455
6032,6032,218,218,61,3.5738,24,2,0.0,2762
6033,6033,669,669,194,3.4485,39,4,0.0,4288
6034,6034,82,82,41,2.0,15,5,5.019,3751
6035,6035,318,318,106,3.0,59,5,0.0,4441
6036,6036,314,314,94,3.3404,27,5,0.0,3586
6037,6037,153,153,93,1.6452,64,2,0.991,2208
6038,6038,39,39,14,2.7857,2,5,0.0,4046
6039,6039,0,0,0,0.0,11,4,0.0,2948
6040,6040,0,0,0,0.0,234,4,13.235,3684
6041,6041,0,0,0,0.0,334,3,0.0,1989
6042,6042,234,234,88,2.6591,40,3,0.0,1252
6043,6043,846,846,375,2.256,81,3,0.0,2991
6044,6044,267,267,98,2.7245,44,3,0.0,1037
6045,6045,0,0,0,0.0,1658,3,0.0,3111
6046,6046,299,299,118,2.5339,29,2,0.0,3038
6047,6047,1397,604,324,1.8642,69,1,12.458,2069
6048,6048,153,153,60,2.55,130,5,0.0,4138
6049,6049,381,381,138,2.7609,39,4,0.0,4178
6050,6050,144,144,84,1.7143,25,2,0.154,2476
6051,6051,318,318,126,2.5238,32,2,0.0,3360
6052,6052,234,234,69,3.3913,24,2,0.0,2599
6053,6053,0,0,0,0.0,127,2,0.0,2496
6054,6054,195,195,50,3.9,16,2,0.0,3404
6055,6055,210,210,75,2.8,22,2,0.0,2477
6056,6056,83,62,24,2.5833,23,2,0.0,2794
6057,6057,163,159,76,2.0921,22,5,0.0,4014
6058,6058,262,262,82,3.1951,0,4,0.0,4260
6059,6059,167,161,51,3.1569,21,5,0.0,4050
6060,6060,265,265,92,2.8804,43,3,0.0,1439
6061,6061,39,39,16,2.4375,16,6,6.121,54
6062,6062,146,146,52,2.8077,35,5,0.0,4067
6063,6063,95,95,43,2.2093,17,5,0.0,3711
6064,6064,280,280,87,3.2184,42,5,0.0,4086
6065,6065,419,419,152,2.7566,31,4,6.439,2956
6066,6066,29,29,10,2.9,88,2,1.846,2178
6067,6067,56,56,23,2.4348,15,2,0.0,1475
6068,6068,586,586,256,2.2891,44,2,0.0,3502
6069,6069,564,564,188,3.0,42,2,0.0,2701
6070,6070,110,110,62,1.7742,54,2,0.158,703
6071,6071,377,377,115,3.2783,36,4,0.0,2469
6072,6072,0,0,0,0.0,1813,2,16.189,1584
6073,6073,0,0,0,0.0,576,6,0.0,56
6074,6074,176,176,79,2.2278,22,2,0.0,2612
6075,6075,333,333,116,2.8707,32,3,0.0,1511
6076,6076,435,435,123,3.5366,21,4,0.0,4437
6077,6077,103,103,53,1.9434,5,2,0.0,1119
6078,6078,139,139,81,1.716,499,2,3.189,1287
6079,6079,454,454,213,2.1315,87,3,0.0,3517
6080,6080,790,790,218,3.6239,35,6,0.0,26
6081,6081,197,197,50,3.94,18,2,0.0,2738
6082,6082,340,340,102,3.3333,29,5,0.0,3570
6083,6083,912,912,258,3.5349,45,4,0.0,4426
6084,6084,0,0,0,0.0,1405,3,0.0,2083
6085,6085,0,0,0,0.0,638,2,2.621,1296
6086,6086,75,75,31,2.4194,20,3,0.0,401
6087,6087,0,0,0,0.0,0,3,0.0,3287
6088,6088,56,56,29,1.931,16,2,0.0,851
6089,6089,496,496,282,1.7589,2592,3,0.0,1859
6090,6090,1714,1714,900,1.9044,106,3,6.793,1354
6091,6091,266,266,149,1.7852,20,2,1.38,2271
6092,6092,248,248,154,1.6104,29,2,0.2,583
6093,6093,51,51,16,3.1875,2,2,0.0,2875
6094,6094,133,133,54,2.463,23,5,4.89,3720
6095,6095,428,428,122,3.5082,41,2,0.0,3478
6096,6096,0,0,0,0.0,501,4,0.0,3048
6097,6097,0,0,0,0.0,0,4,0.0,3622
6098,6098,255,255,134,1.903,29,3,3.044,1266
6099,6099,50,50,17,2.9412,14,5,0.0,4537
6100,6100,0,0,0,0.0,1208,3,0.0,1538
6101,6101,27,27,11,2.4545,2,2,1.12,1448
6102,6102,58,58,23,2.5217,3,2,1.11,3416
6103,6103,137,137,69,1.9855,16,5,0.0,3856
6104,6104,238,238,136,1.75,56,2,1.52,2165
6105,6105,142,142,54,2.6296,22,3,0.0,1398
6106,6106,761,761,271,2.8081,59,5,0.0,4448
6107,6107,2114,2114,576,3.6701,56,4,0.0,4070
6108,6108,0,0,0,0.0,1608,3,0.0,2987
6109,6109,564,564,251,2.247,65,3,0.0,1640
6110,6110,87,87,25,3.48,15,2,0.0,3348
6111,6111,0,0,0,0.0,408,3,4.317,2269
6112,6112,0,0,0,0.0,141,3,0.0,848
6113,6113,4,4,2,2.0,0,3,0.0,769
6114,6114,108,108,61,1.7705,4,2,0.178,638
6115,6115,85,85,44,1.9318,82,2,0.212,737
6116,6116,418,418,143,2.9231,47,3,0.0,2747
6117,6117,195,195,89,2.191,33,2,0.0,2600
6118,6118,211,211,65,3.2462,18,2,0.0,2509
6119,6119,435,435,96,4.5312,58,4,0.0,4013
6120,6120,144,144,50,2.88,14,2,0.0,2900
6121,6121,123,123,45,2.7333,17,5,0.0,3574
6122,6122,328,48,15,3.2,25,2,8.555,3190
6123,6123,0,0,0,0.0,197,3,0.0,1993
6124,6124,0,0,0,0.0,226,4,1.869,4022
6125,6125,176,176,61,2.8852,16,4,0.0,2575
6126,6126,44,44,20,2.2,19,2,0.0,2596
6127,6127,158,158,97,1.6289,49,2,1.185,2203
6128,6128,323,323,116,2.7845,24,5,0.0,4333
6129,6129,176,176,107,1.6449,36,2,12.029,1823
6130,6130,499,499,139,3.5899,69,2,0.0,2923
6131,6131,338,338,83,4.0723,25,2,0.0,2633
6132,6132,302,302,79,3.8228,76,2,0.0,2457
6133,6133,389,389,141,2.7589,59,4,0.0,2722
6134,6134,453,453,152,2.9803,32,5,0.0,4220
6135,6135,0,0,0,0.0,187,3,0.0,1131
6136,6136,139,139,69,2.0145,5,4,0.0,2300
6137,6137,50,50,18,2.7778,2,5,0.0,4007
6138,6138,326,326,164,1.9878,33,3,0.0,1423
6139,6139,83,83,29,2.8621,3,3,0.0,3587
6140,6140,137,137,50,2.74,19,5,0.0,3574
6141,6141,487,487,277,1.7581,39,3,0.0,2235
6142,6142,22,22,7,3.1429,71,4,0.0,2769
6143,6143,154,154,51,3.0196,17,4,0.0,3932
6144,6144,414,414,162,2.5556,49,3,0.0,2921
6145,6145,157,157,59,2.661,31,3,0.0,2548
6146,6146,189,189,115,1.6435,38,2,1.065,2203
6147,6147,198,198,60,3.3,22,2,0.0,3565
6148,6148,140,140,46,3.0435,18,5,0.0,3796
6149,6149,265,265,136,1.9485,30,2,0.0,818
6150,6150,0,0,0,0.0,1230,3,0.0,2235
6151,6151,160,160,68,2.3529,28,3,0.0,2874
6152,6152,112,112,31,3.6129,44,2,0.0,2923
6153,6153,209,209,82,2.5488,27,3,0.0,2143
6154,6154,0,0,0,0.0,348,3,6.692,1190
6155,6155,0,0,0,0.0,595,2,2.32,1344
6156,6156,44,44,22,2.0,14,6,6.883,25
6157,6157,312,312,97,3.2165,27,4,0.0,3082
6158,6158,131,131,33,3.9697,15,2,0.0,3605
6159,6159,55,55,16,3.4375,126,4,0.0,2889
6160,6160,135,135,75,1.8,66,2,0.808,2271
6161,6161,124,124,46,2.6957,18,5,0.0,4079
6162,6162,326,326,84,3.881,22,3,0.0,2239
6163,6163,76,76,36,2.1111,15,3,0.0,570
6164,6164,167,167,121,1.3802,31,3,4.708,343
6165,6165,221,221,73,3.0274,18,4,0.0,3372
6166,6166,212,212,61,3.4754,17,5,0.0,4429
6167,6167,97,97,28,3.4643,15,2,0.0,3712
6168,6168,247,247,81,3.0494,23,5,0.0,4110
6169,6169,396,396,153,2.5882,35,3,0.0,1093
6170,6170,117,117,39,3.0,60,3,0.0,2220
6171,6171,0,0,0,0.0,214,3,0.0,3435
6172,6172,587,587,269,2.1822,75,2,0.0,2306
6173,6173,571,179,96,1.8646,132,2,10.319,2113
6174,6174,51,51,21,2.4286,20,3,0.0,377
6175,6175,185,185,73,2.5342,21,3,0.0,774
6176,6176,0,0,0,0.0,613,3,0.0,2553
6177,6177,0,0,0,0.0,348,2,0.0,2869
6178,6178,218,218,77,2.8312,46,5,0.0,4309
6179,6179,58,58,35,1.6571,21,6,6.338,18
6180,6180,355,355,152,2.3355,22,3,0.0,3162
6181,6181,0,0,0,0.0,1208,3,0.0,939
6182,6182,0,0,0,0.0,0,3,0.0,1568
6183,6183,43,43,17,2.5294,14,6,6.527,46
6184,6184,0,0,0,0.0,0,3,8.334,1367
6185,6185,0,0,0,0.0,388,4,0.0,3698
6186,6186,0,0,0,0.0,431,5,0.0,4134
6187,6187,0,0,0,0.0,0,6,0.0,281
6188,6188,365,365,98,3.7245,49,2,0.0,3774
6189,6189,89,89,35,2.5429,18,3,0.0,2379
6190,6190,0,0,0,0.0,2380,3,0.0,1299
6191,6191,273,273,98,2.7857,60,3,0.0,1482
6192,6192,280,280,80,3.5,19,3,0.0,2163
6193,6193,41,41,17,2.4118,14,3,0.0,1282
6194,6194,0,0,0,0.0,0,4,0.0,2365
6195,6195,195,195,63,3.0952,26,2,0.395,2344
6196,6196,80,80,33,2.4242,21,2,1.027,1470
6197,6197,20,0,0,0.0,3,6,0.0,281
6198,6198,0,0,0,0.0,827,3,0.0,2553
6199,6199,0,0,0,0.0,91,6,0.0,108
6200,6200,0,0,0,0.0,54,2,0.148,703
6201,6201,0,0,0,0.0,188,3,0.0,1995
6202,6202,633,633,183,3.459,31,4,0.0,3199
6203,6203,218,218,88,2.4773,23,5,0.0,3864
6204,6204,0,0,0,0.0,117,5,0.0,4390
6205,6205,59,59,20,2.95,14,5,0.0,4609
6206,6206,189,189,69,2.7391,117,2,0.0,895
6207,6207,205,205,75,2.7333,22,5,0.0,3635
6208,6208,111,111,80,1.3875,8,1,20.483,1950
6209,6209,133,127,50,2.54,23,5,0.0,4231
6210,6210,272,272,101,2.6931,30,5,0.0,4049
6211,6211,0,0,0,0.0,295,5,0.0,4537
6212,6212,445,445,162,2.7469,60,4,5.973,3054
6213,6213,280,280,79,3.5443,21,5,0.0,3931
6214,6214,102,102,36,2.8333,17,5,0.0,3983
6215,6215,116,116,39,2.9744,17,5,0.0,3790
6216,6216,42,42,23,1.8261,27,2,3.92,2169
6217,6217,178,178,63,2.8254,21,2,0.0,2541
6218,6218,129,129,44,2.9318,5,5,0.0,3922
6219,6219,374,374,137,2.7299,34,3,0.0,1510
6220,6220,78,78,33,2.3636,78,3,0.0,2976
6221,6221,525,525,232,2.2629,99,5,0.0,3727
6222,6222,204,204,73,2.7945,17,3,0.0,1446
6223,6223,708,0,0,0.0,1611,2,0.0,599
6224,6224,158,158,59,2.678,6,3,0.0,3958
6225,6225,0,0,0,0.0,33,5,0.0,4231
6226,6226,253,253,114,2.2193,23,2,0.0,2635
6227,6227,0,0,0,0.0,108,6,7.329,28
6228,6228,71,71,23,3.087,1,3,0.0,2354
6229,6229,264,264,82,3.2195,28,2,0.0,2802
6230,6230,138,61,19,3.2105,49,2,0.0,2802
6231,6231,0,0,0,0.0,111,4,0.0,4402
6232,6232,0,0,0,0.0,67,4,0.0,3268
6233,6233,482,482,166,2.9036,30,4,5.955,3151
6234,6234,701,701,271,2.5867,143,4,0.0,3325
6235,6235,0,0,0,0.0,69,2,0.0,3142
6236,6236,414,414,133,3.1128,58,4,0.0,3902
6237,6237,0,0,0,0.0,350,4,0.0,4471
6238,6238,307,307,90,3.4111,88,4,0.0,2889
6239,6239,205,205,67,3.0597,19,5,0.0,3706
6240,6240,0,0,0,0.0,160,3,0.0,3673
6241,6241,57,57,24,2.375,6,3,0.0,561
6242,6242,0,0,0,0.0,303,5,0.0,4374
6243,6243,295,295,74,3.9865,18,4,5.887,3658
6244,6244,216,216,55,3.9273,88,2,0.0,2880
6245,6245,243,243,102,2.3824,19,3,0.0,3118
6246,6246,0,0,0,0.0,399,3,4.487,2342
6247,6247,0,0,0,0.0,155,5,0.0,3906
6248,6248,0,0,0,0.0,260,5,4.068,3831
6249,6249,54,54,18,3.0,2,5,5.618,3871
6250,6250,217,217,55,3.9455,19,2,0.0,2650
6251,6251,0,0,0,0.0,0,5,0.0,4353
6252,6252,0,0,0,0.0,18,5,0.0,4109
6253,6253,531,531,165,3.2182,58,5,0.0,4140
6254,6254,484,0,0,0.0,127,2,0.848,1700
6255,6255,238,238,87,2.7356,37,2,0.0,871
6256,6256,66,66,32,2.0625,22,6,0.0,477
6257,6257,183,183,104,1.7596,21,2,0.16,705
6258,6258,280,280,128,2.1875,41,5,0.0,3645
6259,6259,0,0,0,0.0,0,4,0.0,4341
6260,6260,507,507,154,3.2922,27,4,0.0,3859
6261,6261,278,278,92,3.0217,46,5,0.0,4443
6262,6262,0,0,0,0.0,360,5,0.0,3865
6263,6263,448,448,147,3.0476,166,4,0.0,2888
6264,6264,161,161,61,2.6393,24,3,0.0,1257
6265,6265,28,28,11,2.5455,0,2,0.0,2981
6266,6266,486,486,122,3.9836,34,4,0.0,4360
6267,6267,0,0,0,0.0,111,2,13.07,1602
6268,6268,172,163,53,3.0755,99,2,0.378,2302
6269,6269,95,95,24,3.9583,13,2,0.0,2880
6270,6270,3,3,1,3.0,0,4,0.0,4145
6271,6271,309,309,194,1.5928,75,6,6.154,18
6272,6272,0,0,0,0.0,71,6,8.105,18
6273,6273,127,127,72,1.7639,57,2,0.156,636
6274,6274,363,363,145,2.5034,27,3,0.0,3421
6275,6275,203,203,69,2.942,23,3,0.0,1960
6276,6276,518,518,137,3.781,46,4,0.0,4402
6277,6277,135,135,56,2.4107,22,3,0.0,1293
6278,6278,378,378,117,3.2308,35,3,0.0,2445
6279,6279,295,295,112,2.6339,35,3,0.0,1420
6280,6280,0,0,0,0.0,0,4,0.0,4463
6281,6281,52,52,21,2.4762,32,6,0.0,316
6282,6282,747,747,260,2.8731,42,4,0.0,3632
6283,6283,11,11,6,1.8333,11,1,24.8,1654
6284,6284,0,0,0,0.0,1953,3,6.583,1311
6285,6285,0,0,0,0.0,24,3,0.0,2197
6286,6286,475,475,178,2.6685,36,3,0.0,2532
6287,6287,0,0,0,0.0,928,3,0.0,2691
6288,6288,250,250,91,2.7473,9,2,1.659,3247
6289,6289,231,231,59,3.9153,27,4,0.0,3637
6290,6290,141,141,55,2.5636,40,3,0.0,1413
6291,6291,71,71,28,2.5357,17,6,7.224,39
6292,6292,157,157,42,3.7381,14,5,0.0,3868
6293,6293,5,5,2,2.5,191,2,5.771,1526
6294,6294,224,224,60,3.7333,23,4,0.0,3157
6295,6295,203,203,52,3.9038,18,4,0.0,3640
6296,6296,0,0,0,0.0,440,4,0.0,4427
6297,6297,324,324,108,3.0,44,2,0.518,2686
6298,6298,0,0,0,0.0,658,6,0.0,154
6299,6299,453,453,215,2.107,22,3,3.084,1125
6300,6300,0,0,0,0.0,1134,3,0.0,1342
6301,6301,0,0,0,0.0,0,2,0.0,3058
6302,6302,124,124,43,2.8837,16,2,0.0,3634
6303,6303,447,447,122,3.6639,116,4,1.513,3498
6304,6304,100,100,41,2.439,12,5,3.92,3746
6305,6305,183,183,56,3.2679,17,4,0.0,3297
6306,6306,316,316,87,3.6322,29,2,0.0,2742
6307,6307,222,222,56,3.9643,18,2,0.0,3605
6308,6308,130,130,65,2.0,23,2,0.0,2513
6309,6309,2092,0,0,0.0,3,3,5.303,952
6310,6310,562,562,212,2.6509,231,3,0.0,1212
6311,6311,0,0,0,0.0,11,4,5.911,3055
6312,6312,42,42,14,3.0,2,5,0.0,4580
6313,6313,0,0,0,0.0,0,2,0.0,3768
6314,6314,208,208,79,2.6329,21,3,0.0,1359
6315,6315,1201,1201,494,2.4312,42,6,0.0,155
6316,6316,249,249,63,3.9524,24,2,0.0,2759
6317,6317,287,287,77,3.7273,37,4,0.0,3157
6318,6318,191,191,62,3.0806,16,4,0.0,2682
6319,6319,152,0,0,0.0,163,3,0.0,2626
6320,6320,765,765,262,2.9198,42,3,0.0,2540
6321,6321,170,170,53,3.2075,16,3,0.0,3249
6322,6322,393,393,117,3.359,27,4,0.0,4337
6323,6323,30,30,14,2.1429,39,2,0.0,2612
6324,6324,177,177,59,3.0,16,3,0.0,1917
6325,6325,231,231,83,2.7831,30,3,0.0,3357
6326,6326,0,0,0,0.0,355,3,0.0,2173
6327,6327,573,573,215,2.6651,31,5,0.0,4194
6328,6328,28,28,17,1.6471,18,2,4.776,1637
6329,6329,267,267,59,4.5254,104,4,0.0,4013
6330,6330,0,0,0,0.0,68,4,0.0,4367
6331,6331,57,57,24,2.375,25,6,0.0,112
6332,6332,269,269,115,2.3391,14,3,0.0,3258
6333,6333,8,8,4,2.0,291,3,2.237,559
6334,6334,158,158,41,3.8537,16,2,0.0,3154
6335,6335,758,758,194,3.9072,25,4,0.0,3491
6336,6336,287,287,83,3.4578,20,5,0.0,3754
6337,6337,68,68,28,2.4286,23,3,0.0,555
6338,6338,157,157,62,2.5323,51,5,0.0,4075
6339,6339,0,0,0,0.0,211,2,16.359,1619
6340,6340,189,189,117,1.6154,25,2,0.244,572
6341,6341,1263,1263,581,2.1738,115,3,0.0,2337
6342,6342,79,79,30,2.6333,15,6,0.0,102
6343,6343,198,198,126,1.5714,28,2,1.003,2265
6344,6344,103,103,33,3.1212,15,6,0.0,76
6345,6345,195,195,62,3.1452,44,5,0.0,4051
6346,6346,0,0,0,0.0,498,4,0.0,4299
6347,6347,1399,1399,405,3.4543,148,4,0.0,3199
6348,6348,1011,1011,398,2.5402,85,3,0.0,2461
6349,6349,177,177,70,2.5286,18,2,0.0,3010
6350,6350,173,173,53,3.2642,20,3,0.0,2123
6351,6351,511,511,170,3.0059,23,3,0.0,2545
6352,6352,0,0,0,0.0,519,3,0.0,1861
6353,6353,0,0,0,0.0,0,2,0.0,3836
6354,6354,434,434,131,3.313,22,4,0.0,4304
6355,6355,15,15,5,3.0,68,5,0.0,3998
6356,6356,110,110,32,3.4375,46,4,0.0,3089
6357,6357,163,163,61,2.6721,19,3,0.0,3958
6358,6358,139,139,51,2.7255,6,2,0.0,1005
6359,6359,832,832,260,3.2,61,4,0.0,4090
6360,6360,339,339,123,2.7561,47,3,0.0,1632
6361,6361,609,609,177,3.4407,39,4,0.0,4288
6362,6362,128,128,40,3.2,18,2,0.0,3313
6363,6363,186,186,58,3.2069,185,4,0.0,3085
6364,6364,121,121,35,3.4571,17,2,0.0,3067
6365,6365,259,259,86,3.0116,22,2,0.0,3139
6366,6366,591,591,165,3.5818,37,4,0.0,3702
6367,6367,229,229,90,2.5444,95,2,0.0,3387
6368,6368,127,127,52,2.4423,24,2,0.731,1475
6369,6369,105,105,31,3.3871,27,5,0.0,4344
6370,6370,71,71,23,3.087,13,3,0.0,1332
6371,6371,340,340,150,2.2667,35,3,0.0,3810
6372,6372,238,238,69,3.4493,18,5,0.0,4429
6373,6373,306,306,82,3.7317,18,5,0.0,3877
6374,6374,157,153,36,4.25,18,4,0.0,3452
6375,6375,396,396,102,3.8824,29,3,0.0,2239
6376,6376,453,453,201,2.2537,32,3,0.0,2991
6377,6377,546,546,151,3.6159,31,5,0.0,4098
6378,6378,225,225,62,3.629,24,2,0.0,2418
6379,6379,230,230,59,3.8983,16,2,0.0,3432
6380,6380,110,110,33,3.3333,201,2,0.0,3553
6381,6381,218,218,133,1.6391,65,2,9.064,1706
6382,6382,0,0,0,0.0,54,2,0.0,2413
6383,6383,0,0,0,0.0,759,3,0.0,2091
6384,6384,0,0,0,0.0,1282,3,0.0,1997
6385,6385,0,0,0,0.0,0,2,0.0,1104
6386,6386,187,187,71,2.6338,33,3,0.0,3041
6387,6387,3,3,1,3.0,97,5,0.0,4000
6388,6388,148,148,45,3.2889,24,4,0.0,2471
6389,6389,345,345,149,2.3154,47,6,0.254,479
6390,6390,52,52,29,1.7931,18,2,2.577,1572
6391,6391,339,339,100,3.39,17,2,0.0,3843
6392,6392,309,309,92,3.3587,29,4,0.0,4337
6393,6393,191,191,67,2.8507,21,5,0.0,4148
6394,6394,1502,1502,425,3.5341,53,4,0.0,4460
6395,6395,118,118,44,2.6818,21,4,0.0,3661
6396,6396,117,117,34,3.4412,21,2,0.0,3207
6397,6397,385,385,158,2.4367,137,5,0.0,3671
6398,6398,0,0,0,0.0,92,3,0.0,1297
6399,6399,408,408,106,3.8491,49,4,0.0,3485
6400,6400,216,216,83,2.6024,39,2,1.353,2979
6401,6401,98,98,49,2.0,23,3,0.0,600
6402,6402,180,180,75,2.4,31,3,0.0,551
6403,6403,291,291,108,2.6944,41,5,0.0,4001
6404,6404,132,132,39,3.3846,12,2,0.0,3825
6405,6405,293,109,28,3.8929,241,2,0.0,3446
6406,6406,204,204,83,2.4578,15,5,0.0,3649
6407,6407,314,314,106,2.9623,33,3,0.0,1955
6408,6408,173,173,51,3.3922,20,5,0.0,4311
6409,6409,102,102,36,2.8333,29,3,0.0,3354
6410,6410,0,0,0,0.0,278,3,0.0,3007
6411,6411,56,56,20,2.8,2,5,0.0,4214
6412,6412,267,267,87,3.069,22,5,0.0,3796
6413,6413,0,0,0,0.0,510,4,0.0,4325
6414,6414,75,75,31,2.4194,39,3,0.0,497
6415,6415,0,0,0,0.0,81,3,0.0,2837
6416,6416,426,416,110,3.7818,57,5,0.0,4252
6417,6417,116,116,36,3.2222,13,4,0.0,3146
6418,6418,268,268,87,3.0805,19,5,0.0,4163
6419,6419,219,219,88,2.4886,12,1,10.541,2114
6420,6420,276,276,101,2.7327,17,3,0.0,3105
6421,6421,0,0,0,0.0,3513,3,6.811,1328
6422,6422,72,72,21,3.4286,16,2,0.669,2684
6423,6423,205,205,74,2.7703,15,5,0.0,4076
6424,6424,0,0,0,0.0,620,2,0.0,2704
6425,6425,920,920,324,2.8395,71,5,0.0,4266
6426,6426,5,0,0,0.0,122,5,0.0,3621
6427,6427,19,19,11,1.7273,828,2,9.997,1912
6428,6428,0,0,0,0.0,174,2,20.422,1228
6429,6429,27,27,10,2.7,10,4,0.0,3526
6430,6430,0,0,0,0.0,0,4,0.0,2725
6431,6431,0,0,0,0.0,389,3,0.0,2437
6432,6432,120,120,37,3.2432,3,2,0.0,2616
6433,6433,82,82,35,2.3429,31,2,0.0,2535
6434,6434,80,80,56,1.4286,55,1,21.054,1878
6435,6435,400,400,180,2.2222,89,2,0.0,2479
6436,6436,0,0,0,0.0,62,2,0.0,2422
6437,6437,324,324,84,3.8571,36,4,0.0,3567
6438,6438,337,337,158,2.1329,34,3,0.0,935
6439,6439,0,0,0,0.0,0,4,0.0,3962
6440,6440,297,297,117,2.5385,31,2,0.0,3487
6441,6441,284,284,87,3.2644,23,3,0.0,2096
6442,6442,243,243,101,2.4059,45,3,0.0,1032
6443,6443,1166,1166,404,2.8861,113,4,0.0,3183
6444,6444,360,360,99,3.6364,25,4,0.0,4370
6445,6445,306,306,132,2.3182,49,3,0.0,1514
6446,6446,0,0,0,0.0,808,3,0.0,1989
6447,6447,111,111,36,3.0833,15,3,0.0,3450
6448,6448,652,652,180,3.6222,60,5,0.0,4139
6449,6449,4,4,2,2.0,519,3,0.0,2187
6450,6450,126,126,48,2.625,16,3,0.0,1359
6451,6451,296,296,112,2.6429,99,3,0.0,1257
6452,6452,0,0,0,0.0,257,1,16.084,2005
6453,6453,0,0,0,0.0,37,6,1.804,53
6454,6454,616,616,277,2.2238,75,3,0.0,862
6455,6455,0,0,0,0.0,267,2,0.795,2614
6456,6456,112,112,62,1.8065,19,2,4.43,2169
6457,6457,99,99,36,2.75,22,3,0.0,1276
6458,6458,153,153,60,2.55,6,5,0.0,4035
6459,6459,0,0,0,0.0,181,3,0.0,3759
6460,6460,152,152,78,1.9487,8,2,0.225,650
6461,6461,0,0,0,0.0,0,3,0.0,2830
6462,6462,197,197,70,2.8143,49,2,0.0,2477
6463,6463,0,0,0,0.0,930,3,0.0,1547
6464,6464,183,183,77,2.3766,18,3,1.696,1915
6465,6465,24,24,10,2.4,14,6,5.825,44
6466,6466,43,43,25,1.72,21,2,2.788,1637
6467,6467,0,0,0,0.0,51,2,0.0,3295
6468,6468,8,8,3,2.6667,76,5,0.0,4598
6469,6469,322,322,102,3.1569,28,4,0.0,3402
6470,6470,0,0,0,0.0,745,3,0.0,859
6471,6471,495,495,180,2.75,39,3,0.0,1632
6472,6472,279,279,93,3.0,22,3,0.0,2443
6473,6473,104,104,60,1.7333,21,2,1.862,1594
6474,6474,0,0,0,0.0,21,2,0.181,598
6475,6475,52,52,18,2.8889,3,4,0.0,3363
6476,6476,0,0,0,0.0,1311,3,0.0,1397
6477,6477,11,11,6,1.8333,202,2,0.156,636
6478,6478,214,0,0,0.0,1951,3,4.756,2398
6479,6479,0,0,0,0.0,945,3,0.0,2362
6480,6480,69,69,38,1.8158,49,2,4.694,2142
6481,6481,0,0,0,0.0,105,3,0.0,2405
6482,6482,0,0,0,0.0,463,2,2.603,1431
6483,6483,419,419,140,2.9929,31,5,0.0,4378
6484,6484,0,0,0,0.0,0,4,0.0,4342
6485,6485,117,117,37,3.1622,44,2,0.442,2776
6486,6486,128,107,48,2.2292,18,2,0.48,2635
6487,6487,391,391,130,3.0077,25,3,0.0,2546
6488,6488,346,346,138,2.5072,33,3,0.0,3303
6489,6489,335,335,167,2.006,61,3,0.0,469
6490,6490,3,3,1,3.0,113,5,0.0,4429
6491,6491,265,265,85,3.1176,20,5,0.0,3651
6492,6492,0,0,0,0.0,263,4,0.0,4260
6493,6493,591,591,176,3.358,28,4,0.0,3941
6494,6494,111,111,38,2.9211,14,3,0.0,2663
6495,6495,0,0,0,0.0,0,3,0.0,2392
6496,6496,387,387,134,2.8881,21,4,0.0,2638
6497,6497,387,383,165,2.3212,84,5,2.882,3929
6498,6498,187,187,53,3.5283,20,2,0.0,3482
6499,6499,178,178,67,2.6567,36,2,0.0,3135
6500,6500,52,52,23,2.2609,15,2,0.0,877
6501,6501,405,405,136,2.9779,31,5,0.0,4394
6502,6502,535,535,193,2.772,37,4,0.0,4137
6503,6503,35,35,9,3.8889,348,4,12.658,3684
6504,6504,101,101,45,2.2444,26,3,0.0,541
6505,6505,418,418,109,3.8349,27,2,0.0,3705
6506,6506,120,120,42,2.8571,12,2,0.0,3634
6507,6507,219,219,68,3.2206,20,4,0.0,3082
6508,6508,322,322,109,2.9541,23,4,5.994,3060
6509,6509,100,100,32,3.125,15,5,0.0,3652
6510,6510,0,0,0,0.0,525,2,0.475,2764
6511,6511,251,251,94,2.6702,57,3,0.0,3855
6512,6512,672,672,186,3.6129,73,3,0.0,2363
6513,6513,139,139,49,2.8367,29,3,0.0,3274
6514,6514,0,0,0,0.0,424,2,0.0,632
6515,6515,699,677,268,2.5261,94,2,0.795,3345
6516,6516,0,0,0,0.0,78,2,16.329,1619
6517,6517,243,243,81,3.0,31,5,0.0,4580
6518,6518,623,623,162,3.8457,36,2,0.0,3764
6519,6519,0,0,0,0.0,0,2,0.0,2572
6520,6520,0,0,0,0.0,0,5,0.0,3962
6521,6521,189,189,47,4.0213,1,3,0.0,2566
6522,6522,0,0,0,0.0,616,3,0.0,3677
6523,6523,139,139,45,3.0889,19,2,0.399,2413
6524,6524,365,365,90,4.0556,31,3,0.0,2566
6525,6525,0,0,0,0.0,67,3,0.0,2102
6526,6526,75,75,23,3.2609,19,3,0.0,2123
6527,6527,0,0,0,0.0,265,6,7.839,21
6528,6528,49,49,25,1.96,16,6,0.0,79
6529,6529,41,41,21,1.9524,2,2,0.0,807
6530,6530,37,37,11,3.3636,32,2,0.0,2797
6531,6531,6,6,2,3.0,0,4,0.0,3402
6532,6532,195,195,97,2.0103,35,6,6.903,30
6533,6533,155,155,54,2.8704,25,3,0.0,3133
6534,6534,154,154,40,3.85,44,2,0.0,3050
6535,6535,0,0,0,0.0,70,4,0.0,3398
6536,6536,0,0,0,0.0,250,5,0.0,4114
6537,6537,216,216,79,2.7342,50,3,0.0,1187
6538,6538,182,182,63,2.8889,20,5,0.0,3994
6539,6539,454,454,139,3.2662,36,3,0.0,2123
6540,6540,83,83,47,1.766,71,2,0.166,612
6541,6541,217,217,85,2.5529,42,5,0.0,4012
6542,6542,181,181,63,2.873,21,5,0.0,4002
6543,6543,95,53,31,1.7097,255,2,3.179,1451
6544,6544,20,20,9,2.2222,92,5,0.0,3638
6545,6545,0,0,0,0.0,113,2,3.384,1320
6546,6546,70,70,29,2.4138,5,2,2.452,1448
6547,6547,108,108,54,2.0,40,2,0.113,2295
6548,6548,269,269,121,2.2231,46,2,0.0,2538
6549,6549,188,188,66,2.8485,161,5,0.0,4018
6550,6550,544,544,120,4.5333,66,4,0.0,4060
6551,6551,642,642,205,3.1317,26,3,0.0,2244
6552,6552,304,304,107,2.8411,85,5,0.0,4350
6553,6553,49,49,12,4.0833,394,2,0.0,2633
6554,6554,275,275,108,2.5463,43,3,0.0,2968
6555,6555,136,126,40,3.15,17,5,0.0,3652
6556,6556,132,132,38,3.4737,16,2,0.0,3207
6557,6557,293,293,104,2.8173,30,3,0.0,2225
6558,6558,150,150,45,3.3333,88,2,0.0,3226
6559,6559,345,345,98,3.5204,18,4,0.0,3543
6560,6560,55,55,20,2.75,16,2,0.0,1005
6561,6561,231,231,100,2.31,43,3,0.0,1374
6562,6562,78,78,39,2.0,24,4,0.0,2300
6563,6563,0,0,0,0.0,275,3,2.269,1888
6564,6564,0,0,0,0.0,92,4,0.0,4450
6565,6565,218,218,88,2.4773,43,3,0.0,1411
6566,6566,0,0,0,0.0,103,2,0.127,2414
6567,6567,265,265,66,4.0152,20,2,0.0,2394
6568,6568,362,362,125,2.896,18,2,0.0,3643
6569,6569,0,0,0,0.0,414,4,0.0,3771
6570,6570,643,643,156,4.1218,188,4,0.0,3305
6571,6571,152,152,82,1.8537,19,3,0.0,889
6572,6572,292,292,89,3.2809,55,2,0.0,3002
6573,6573,166,166,55,3.0182,14,4,0.0,2697
6574,6574,801,801,314,2.551,54,3,0.0,2740
6575,6575,253,247,73,3.3836,26,5,0.0,4021
6576,6576,180,180,54,3.3333,26,4,0.0,3448
6577,6577,239,239,100,2.39,25,3,0.0,2863
6578,6578,699,699,202,3.4604,69,2,0.0,3772
6579,6579,231,231,79,2.9241,26,2,0.0,2876
6580,6580,48,48,19,2.5263,13,4,3.816,3020
6581,6581,99,99,33,3.0,14,2,0.0,2701
6582,6582,36,36,10,3.6,0,2,0.0,2583
6583,6583,650,650,185,3.5135,68,2,0.0,3477
6584,6584,0,0,0,0.0,165,5,0.0,4203
6585,6585,209,209,68,3.0735,30,2,0.125,2404
6586,6586,268,268,135,1.9852,24,3,0.89,1498
6587,6587,94,94,36,2.6111,14,5,0.0,3603
6588,6588,251,251,79,3.1772,40,3,0.0,2102
6589,6589,0,0,0,0.0,0,3,0.0,2160
6590,6590,0,0,0,0.0,447,3,0.0,1547
6591,6591,11,11,4,2.75,0,7,0.0,4047
6592,6592,367,367,81,4.5309,35,4,1.832,4060
6593,6593,45,45,18,2.5,111,5,0.0,4201
6594,6594,15,15,8,1.875,134,2,0.151,670
6595,6595,43,43,12,3.5833,14,2,0.0,2935
6596,6596,0,0,0,0.0,71,5,0.0,4252
6597,6597,180,180,60,3.0,20,3,0.0,3545
6598,6598,150,150,49,3.0612,17,5,0.0,3757
6599,6599,42,42,21,2.0,17,2,7.006,1625
6600,6600,69,69,41,1.6829,17,2,4.891,1764
6601,6601,503,503,184,2.7337,56,3,0.0,1418
6602,6602,541,541,133,4.0677,20,3,0.0,2573
6603,6603,0,0,0,0.0,24,1,19.684,2011
6604,6604,103,103,35,2.9429,15,4,0.0,3091
6605,6605,235,235,81,2.9012,22,2,0.0,2960
6606,6606,28,28,11,2.5455,1,3,4.777,3320
6607,6607,12,12,6,2.0,182,6,0.0,440
6608,6608,0,0,0,0.0,3181,3,0.0,1459
6609,6609,178,178,61,2.918,91,4,5.942,3151
6610,6610,47,47,17,2.7647,2,5,0.0,4158
6611,6611,254,254,192,1.3229,268,1,22.24,1847
6612,6612,211,211,49,4.3061,85,2,0.0,2901
6613,6613,191,191,109,1.7523,26,2,0.901,2165
6614,6614,203,203,89,2.2809,32,3,0.0,2814
6615,6615,0,0,0,0.0,0,4,0.0,4367
6616,6616,337,337,107,3.1495,46,2,0.454,2766
6617,6617,0,0,0,0.0,661,3,10.336,1334
6618,6618,579,579,192,3.0156,45,3,0.0,1736
6619,6619,0,0,0,0.0,567,1,23.639,1771
6620,6620,102,102,57,1.7895,38,3,0.0,547
6621,6621,301,301,95,3.1684,38,2,5.122,3191
6622,6622,89,89,36,2.4722,15,5,4.374,3746
6623,6623,276,276,140,1.9714,21,5,0.0,3743
6624,6624,335,335,100,3.35,36,5,0.0,3663
6625,6625,248,248,149,1.6644,29,2,8.931,1812
6626,6626,162,162,54,3.0,20,2,0.0,2726
6627,6627,205,205,59,3.4746,26,5,0.0,4429
6628,6628,0,0,0,0.0,159,2,0.0,2937
6629,6629,60,60,30,2.0,82,5,4.92,3763
6630,6630,0,0,0,0.0,674,3,9.836,1334
6631,6631,71,71,28,2.5357,19,6,7.2,39
6632,6632,991,991,394,2.5152,412,3,0.0,3195
6633,6633,378,378,133,2.8421,6,5,0.0,4567
6634,6634,167,167,56,2.9821,3,5,0.0,4407
6635,6635,109,109,30,3.6333,18,2,0.0,2915
6636,6636,191,191,60,3.1833,24,3,0.0,2102
6637,6637,240,240,62,3.871,16,2,0.0,3446
6638,6638,369,369,96,3.8438,17,4,0.0,3666
6639,6639,444,444,139,3.1942,64,2,0.0,2818
6640,6640,870,870,255,3.4118,67,2,0.0,3382
6641,6641,203,203,76,2.6711,24,3,0.0,2400
6642,6642,503,503,137,3.6715,32,4,0.0,4176
6643,6643,124,124,63,1.9683,10,6,0.0,58
6644,6644,139,139,67,2.0746,99,3,3.93,356
6645,6645,270,270,81,3.3333,22,4,0.0,3437
6646,6646,449,449,127,3.5354,19,4,0.0,4437
6647,6647,137,137,82,1.6707,39,6,7.826,21
6648,6648,324,324,130,2.4923,27,4,0.0,2806
6649,6649,386,386,138,2.7971,60,5,0.0,4562
6650,6650,2,2,1,2.0,733,4,0.0,2772
6651,6651,211,211,69,3.058,40,4,0.0,3363
6652,6652,32,32,14,2.2857,46,3,0.0,561
6653,6653,249,249,72,3.4583,54,2,0.0,3682
6654,6654,0,0,0,0.0,411,3,0.0,1997
6655,6655,274,274,83,3.3012,22,4,0.0,2469
6656,6656,236,236,83,2.8434,34,4,0.0,2341
6657,6657,278,278,97,2.866,20,4,0.0,3747
6658,6658,556,556,195,2.8513,55,5,0.0,4376
6659,6659,106,106,52,2.0385,27,2,0.131,2293
6660,6660,21,0,0,0.0,828,2,17.0,1472
6661,6661,260,260,98,2.6531,33,5,0.0,4027
6662,6662,0,0,0,0.0,231,3,0.0,1446
6663,6663,0,0,0,0.0,211,3,0.0,1504
6664,6664,0,0,0,0.0,238,5,0.0,3977
6665,6665,102,102,34,3.0,17,2,0.0,3322
6666,6666,418,418,145,2.8828,18,3,0.0,1511
6667,6667,0,0,0,0.0,53,4,0.0,4463
6668,6668,474,474,135,3.5111,53,2,0.0,3482
6669,6669,265,134,101,1.3267,307,1,21.257,1841
6670,6670,130,130,77,1.6883,34,2,6.234,1764
6671,6671,155,155,42,3.6905,3,4,0.0,4071
6672,6672,18,18,8,2.25,1,3,0.0,916
6673,6673,0,0,0,0.0,43,6,0.0,68
6674,6674,0,0,0,0.0,30,3,0.0,1354
6675,6675,143,143,48,2.9792,47,2,0.0,2584
6676,6676,0,0,0,0.0,535,3,7.254,1328
6677,6677,218,218,84,2.5952,24,2,0.59,2684
6678,6678,282,282,77,3.6623,21,4,5.358,3596
6679,6679,332,332,99,3.3535,48,4,0.0,3822
6680,6680,410,410,132,3.1061,19,3,0.0,2240
6681,6681,0,0,0,0.0,2533,3,0.0,1366
6682,6682,0,0,0,0.0,0,3,0.0,518
6683,6683,63,63,22,2.8636,14,5,0.0,4392
6684,6684,341,341,120,2.8417,45,5,0.0,4265
6685,6685,104,104,30,3.4667,14,2,0.0,3504
6686,6686,296,296,89,3.3258,32,3,0.0,1790
6687,6687,250,250,83,3.012,26,5,0.0,3891
6688,6688,78,78,27,2.8889,23,5,0.0,3983
6689,6689,0,0,0,0.0,0,2,12.504,2049
6690,6690,85,85,34,2.5,20,3,0.0,1553
6691,6691,477,477,165,2.8909,19,2,0.0,3659
6692,6692,251,251,118,2.1271,34,2,1.356,2990
6693,6693,55,55,25,2.2,37,5,0.0,3563
6694,6694,418,418,118,3.5424,67,2,0.0,2904
6695,6695,80,80,52,1.5385,16,3,0.0,3390
6696,6696,270,270,91,2.967,29,4,6.418,3113
6697,6697,374,374,129,2.8992,147,2,5.289,3310
6698,6698,45,45,26,1.7308,18,2,1.712,1554
6699,6699,0,0,0,0.0,421,5,3.999,3816
6700,6700,739,739,294,2.5136,100,3,0.0,1567
6701,6701,79,79,27,2.9259,61,2,0.0,2900
6702,6702,368,368,131,2.8092,31,3,0.0,1955
6703,6703,134,134,55,2.4364,34,3,0.0,679
6704,6704,8,8,4,2.0,704,2,0.0,2419
6705,6705,131,131,55,2.3818,22,6,0.0,95
6706,6706,315,315,91,3.4615,20,2,0.0,3610
6707,6707,447,447,112,3.9911,23,4,0.0,4329
6708,6708,195,195,51,3.8235,28,2,0.0,2457
6709,6709,569,569,187,3.0428,36,4,0.0,2851
6710,6710,82,82,35,2.3429,14,5,4.494,3926
6711,6711,143,143,36,3.9722,3,2,0.0,3605
6712,6712,306,306,94,3.2553,20,2,0.0,2509
6713,6713,213,213,72,2.9583,20,3,0.0,1960
6714,6714,452,452,175,2.5829,45,4,0.0,3992
6715,6715,65,65,29,2.2414,16,2,0.0,2600
6716,6716,0,0,0,0.0,1193,2,2.844,1357
6717,6717,152,152,92,1.6522,41,2,3.074,2074
6718,6718,62,62,24,2.5833,2,2,0.841,2711
6719,6719,80,80,30,2.6667,5,3,4.019,3495
6720,6720,275,275,90,3.0556,24,5,0.0,3706
6721,6721,0,0,0,0.0,83,3,0.0,1156
6722,6722,147,147,55,2.6727,16,5,0.0,4056
6723,6723,52,52,33,1.5758,22,6,8.793,31
6724,6724,83,83,42,1.9762,7,6,0.0,79
6725,6725,71,63,26,2.4231,19,3,0.0,655
6726,6726,13,13,7,1.8571,811,2,7.871,2029
6727,6727,153,153,63,2.4286,29,3,0.0,679
6728,6728,0,0,0,0.0,71,2,0.0,2563
6729,6729,180,180,44,4.0909,16,2,0.0,2627
6730,6730,250,250,93,2.6882,55,5,0.0,4133
6731,6731,0,0,0,0.0,0,4,0.0,2736
6732,6732,66,66,24,2.75,4,2,0.0,3725
6733,6733,0,0,0,0.0,107,3,0.0,1166
6734,6734,133,133,47,2.8298,17,5,0.0,4205
6735,6735,158,158,40,3.95,17,2,0.0,2741
6736,6736,306,306,90,3.4,21,2,0.0,3843
6737,6737,0,0,0,0.0,32,6,0.0,108
6738,6738,56,56,29,1.931,15,2,0.0,828
6739,6739,597,597,309,1.932,698,3,0.0,2089
6740,6740,0,0,0,0.0,415,2,3.419,1277
6741,6741,0,0,0,0.0,40,2,3.811,1320
6742,6742,241,179,78,2.2949,112,2,0.866,2878
6743,6743,177,177,59,3.0,14,2,0.0,3322
6744,6744,0,0,0,0.0,123,5,0.0,4315
6745,6745,0,0,0,0.0,31,2,0.913,2265
6746,6746,201,201,72,2.7917,45,5,0.0,4340
6747,6747,93,93,47,1.9787,20,2,0.0,2513
6748,6748,155,155,70,2.2143,18,3,0.0,3110
6749,6749,0,0,0,0.0,412,3,0.0,1109
6750,6750,0,0,0,0.0,1958,3,0.0,1408
6751,6751,975,975,283,3.4452,65,4,0.0,4288
6752,6752,0,0,0,0.0,140,2,0.0,2705
6753,6753,0,0,0,0.0,3201,2,0.0,2525
6754,6754,169,169,62,2.7258,15,5,0.0,4229
6755,6755,217,217,64,3.3906,18,5,0.0,4339
6756,6756,90,90,37,2.4324,22,3,0.0,439
6757,6757,0,0,0,0.0,318,5,0.0,4209
6758,6758,0,0,0,0.0,0,2,19.319,1228
6759,6759,270,270,106,2.5472,58,5,0.0,4075
6760,6760,0,0,0,0.0,5688,3,0.0,665
6761,6761,358,358,115,3.113,26,3,0.0,2242
6762,6762,90,90,27,3.3333,13,2,0.0,2841
6763,6763,902,902,277,3.2563,298,4,0.0,3235
6764,6764,0,0,0,0.0,254,4,0.0,4241
6765,6765,281,281,80,3.5125,24,2,0.0,3168
6766,6766,0,0,0,0.0,17,4,3.646,4324
6767,6767,325,313,84,3.7262,27,4,0.0,3157
6768,6768,636,636,161,3.9503,144,2,0.0,2871
6769,6769,496,496,122,4.0656,36,4,0.0,3166
6770,6770,9,0,0,0.0,588,4,0.0,3674
6771,6771,125,125,58,2.1552,78,3,0.0,1115
6772,6772,371,371,139,2.6691,36,5,0.0,4058
6773,6773,1284,1284,603,2.1294,24,3,4.304,1196
6774,6774,123,123,45,2.7333,23,2,0.0,879
6775,6775,31,31,13,2.3846,14,2,1.094,1470
6776,6776,895,895,425,2.1059,74,3,1.589,1039
6777,6777,0,0,0,0.0,404,4,0.0,4327
6778,6778,430,430,145,2.9655,20,4,0.0,3959
6779,6779,118,118,51,2.3137,25,6,0.0,73
6780,6780,220,220,82,2.6829,22,5,0.0,4049
6781,6781,164,164,76,2.1579,31,3,0.0,2335
6782,6782,314,314,111,2.8288,25,3,0.0,2839
6783,6783,200,200,67,2.9851,18,5,0.0,4287
6784,6784,0,0,0,0.0,36,5,0.0,3796
6785,6785,457,457,154,2.9675,32,5,0.0,4544
6786,6786,0,0,0,0.0,170,5,0.0,3896
6787,6787,271,271,90,3.0111,24,3,0.0,1736
6788,6788,132,132,39,3.3846,20,5,0.0,4021
6789,6789,189,189,104,1.8173,71,3,0.0,522
6790,6790,0,0,0,0.0,299,3,0.0,1759
6791,6791,308,308,156,1.9744,31,5,0.0,3801
6792,6792,49,49,21,2.3333,23,5,0.0,4653
6793,6793,175,175,57,3.0702,17,5,0.0,4105
6794,6794,381,381,213,1.7887,284,2,0.839,2308
6795,6795,124,124,62,2.0,28,6,7.498,28
6796,6796,0,0,0,0.0,0,3,0.0,1204
6797,6797,196,196,65,3.0154,7,3,0.0,2234
6798,6798,0,0,0,0.0,0,3,0.0,4295
6799,6799,3,3,1,3.0,0,3,0.0,3308
6800,6800,311,252,92,2.7391,162,5,0.0,3574
6801,6801,265,265,152,1.7434,79,2,1.753,2165
6802,6802,0,0,0,0.0,998,4,6.144,2931
6803,6803,418,418,126,3.3175,37,2,0.0,3226
6804,6804,246,246,124,1.9839,24,3,0.767,1425
6805,6805,240,240,87,2.7586,39,4,0.0,2877
6806,6806,227,227,85,2.6706,33,3,0.0,3328
6807,6807,140,140,61,2.2951,35,3,0.0,3541
6808,6808,458,458,240,1.9083,32,3,0.0,1410
6809,6809,121,121,43,2.814,26,2,0.0,2477
6810,6810,79,79,41,1.9268,22,2,0.0,851
6811,6811,689,689,394,1.7487,107,2,1.099,2165
6812,6812,9,9,4,2.25,279,3,0.0,533
6813,6813,185,185,74,2.5,236,3,0.0,2703
6814,6814,451,451,150,3.0067,24,3,0.0,2484
6815,6815,0,0,0,0.0,242,3,0.0,3464
6816,6816,222,222,89,2.4944,21,4,2.36,2806
6817,6817,279,279,92,3.0326,22,4,0.0,2725
6818,6818,162,162,81,2.0,22,5,2.87,3930
6819,6819,0,0,0,0.0,1324,3,0.0,830
6820,6820,11,11,3,3.6667,0,2,0.0,3486
6821,6821,245,245,83,2.9518,47,3,0.0,3639
6822,6822,0,0,0,0.0,224,4,0.0,3970
6823,6823,461,461,156,2.9551,392,4,0.0,3069
6824,6824,177,177,51,3.4706,18,2,0.0,3067
6825,6825,45,45,23,1.9565,12,5,4.31,3763
6826,6826,262,262,83,3.1566,18,3,0.0,2230
6827,6827,0,0,0,0.0,61,6,0.0,138
6828,6828,27,27,11,2.4545,24,2,0.774,2711
6829,6829,345,345,130,2.6538,55,3,0.0,1103
6830,6830,333,333,83,4.012,21,4,0.0,3458
6831,6831,0,0,0,0.0,17,3,0.0,2179
6832,6832,84,84,36,2.3333,62,3,0.0,561
6833,6833,165,165,39,4.2308,24,4,0.0,3452
6834,6834,0,0,0,0.0,0,2,0.687,2327
6835,6835,307,307,100,3.07,20,4,0.0,3511
6836,6836,0,0,0,0.0,20,3,0.0,3685
6837,6837,662,662,201,3.2935,38,4,0.0,3756
6838,6838,0,0,0,0.0,0,4,11.12,3561
6839,6839,0,0,0,0.0,1550,3,0.0,1436
6840,6840,605,605,165,3.6667,27,4,0.0,4070
6841,6841,0,0,0,0.0,131,3,0.0,1115
6842,6842,0,0,0,0.0,168,5,0.0,4275
6843,6843,0,0,0,0.0,440,2,0.0,2927
6844,6844,0,0,0,0.0,11,3,0.0,2217
6845,6845,0,0,0,0.0,151,5,0.0,4208
6846,6846,150,150,64,2.3438,18,3,0.0,2874
6847,6847,265,265,101,2.6238,24,5,0.0,3616
6848,6848,321,321,117,2.7436,152,5,0.0,4094
6849,6849,595,595,265,2.2453,89,3,0.0,1596
6850,6850,485,485,164,2.9573,50,4,0.0,4121
6851,6851,358,358,136,2.6324,23,5,0.0,4282
6852,6852,222,222,79,2.8101,51,2,0.0,2477
6853,6853,890,890,332,2.6807,84,3,0.0,2755
6854,6854,489,489,196,2.4949,65,4,0.0,2965
6855,6855,19,19,7,2.7143,226,5,0.0,4073
6856,6856,110,110,42,2.619,18,4,5.765,2931
6857,6857,275,275,71,3.8732,18,2,0.0,3520
6858,6858,154,154,69,2.2319,49,2,1.006,2386
6859,6859,126,120,49,2.449,19,5,0.0,3603
6860,6860,0,0,0,0.0,566,3,0.0,1759
6861,6861,119,119,46,2.587,21,6,0.0,90
6862,6862,292,292,111,2.6306,75,5,0.0,4282
6863,6863,247,247,118,2.0932,19,3,0.0,2930
6864,6864,759,759,267,2.8427,33,3,0.0,2237
6865,6865,0,0,0,0.0,0,3,0.0,2325
6866,6866,55,55,17,3.2353,13,3,0.0,4136
6867,6867,72,72,41,1.7561,17,2,1.146,2215
6868,6868,245,245,82,2.9878,24,2,0.483,2649
6869,6869,351,351,123,2.8537,93,5,0.0,3980
6870,6870,0,0,0,0.0,0,2,0.0,3374
6871,6871,42,42,19,2.2105,3,2,0.025,2350
6872,6872,191,171,86,1.9884,458,5,0.0,3803
6873,6873,333,333,140,2.3786,30,5,0.0,3956
6874,6874,182,182,53,3.434,17,5,0.0,4469
6875,6875,80,80,25,3.2,4,3,0.0,3805
6876,6876,0,0,0,0.0,347,3,0.0,3744
6877,6877,81,81,45,1.8,38,3,2.88,603
6878,6878,0,0,0,0.0,516,5,0.0,4282
6879,6879,181,181,45,4.0222,18,2,0.279,2280
6880,6880,47,47,24,1.9583,16,2,0.0,873
6881,6881,184,184,58,3.1724,52,2,0.796,2766
6882,6882,116,116,67,1.7313,35,2,3.862,1539
6883,6883,89,89,35,2.5429,18,3,0.0,3875
6884,6884,0,0,0,0.0,0,4,0.0,4234
6885,6885,52,52,26,2.0,279,5,0.0,3986
6886,6886,6,6,3,2.0,0,6,7.451,30
6887,6887,210,210,60,3.5,38,2,0.0,3153
6888,6888,20,20,6,3.3333,398,4,0.0,2952
6889,6889,117,117,34,3.4412,33,2,0.0,3067
6890,6890,0,0,0,0.0,507,4,0.0,2925
6891,6891,112,112,43,2.6047,15,4,5.761,2931
6892,6892,69,69,25,2.76,15,2,0.0,3608
6893,6893,0,0,0,0.0,0,4,0.0,2927
6894,6894,347,347,134,2.5896,87,2,0.618,2711
6895,6895,0,0,0,0.0,56,6,9.787,24
6896,6896,201,201,80,2.5125,21,2,1.027,3461
6897,6897,221,221,92,2.4022,39,3,0.0,1282
6898,6898,154,154,99,1.5556,15,3,0.0,3439
6899,6899,116,116,39,2.9744,17,5,5.009,3871
6900,6900,212,212,80,2.65,29,3,0.0,1295
6901,6901,280,280,91,3.0769,27,4,0.0,3568
6902,6902,344,344,121,2.843,119,5,0.0,4266
6903,6903,0,0,0,0.0,0,4,0.0,2732
6904,6904,54,54,24,2.25,3,2,0.0,2547
6905,6905,1123,1123,306,3.6699,62,4,0.0,4176
6906,6906,414,414,146,2.8356,49,5,0.0,4312
6907,6907,0,0,0,0.0,77,3,0.0,2840
6908,6908,12,12,5,2.4,0,5,0.0,3961
6909,6909,93,93,31,3.0,22,5,0.0,4565
6910,6910,30,30,10,3.0,2,5,0.0,4565
6911,6911,0,0,0,0.0,0,6,8.522,24
6912,6912,413,413,138,2.9928,28,5,0.0,4258
6913,6913,188,188,71,2.6479,28,3,0.0,1359
6914,6914,0,0,0,0.0,175,4,2.279,4250
6915,6915,510,282,128,2.2031,323,5,0.0,3777
6916,6916,0,0,0,0.0,86,5,0.0,3842
6917,6917,223,204,87,2.3448,291,3,0.0,2788
6918,6918,317,317,75,4.2267,22,4,0.0,3550
6919,6919,129,129,44,2.9318,17,4,7.051,3219
6920,6920,141,141,39,3.6154,28,2,0.0,2915
6921,6921,4,4,2,2.0,813,1,12.158,2070
6922,6922,194,194,68,2.8529,61,5,0.0,4148
6923,6923,253,253,81,3.1235,15,3,0.0,2283
6924,6924,395,395,135,2.9259,44,5,0.0,3922
6925,6925,181,181,70,2.5857,27,3,0.0,1185
6926,6926,0,0,0,0.0,209,3,0.0,1991
6927,6927,74,74,35,2.1143,16,3,0.0,699
6928,6928,136,136,70,1.9429,29,2,0.0,1229
6929,6929,99,99,36,2.75,15,2,0.0,1027
6930,6930,217,217,74,2.9324,8,5,0.0,3922
6931,6931,0,0,0,0.0,0,4,0.0,4354
6932,6932,249,249,63,3.9524,20,2,0.0,3605
6933,6933,52,52,17,3.0588,19,5,0.0,3931
6934,6934,27,27,9,3.0,172,2,1.363,2247
6935,6935,447,447,145,3.0828,55,4,0.0,3449
6936,6936,233,233,87,2.6782,124,4,0.0,2499
6937,6937,371,371,161,2.3043,65,3,0.0,1374
6938,6938,270,270,99,2.7273,44,5,0.0,4278
6939,6939,493,187,71,2.6338,50,5,0.0,4294
6940,6940,184,184,60,3.0667,23,5,0.0,3783
6941,6941,889,889,276,3.221,132,4,0.0,3085
6942,6942,384,384,173,2.2197,51,2,0.958,2386
6943,6943,195,195,97,2.0103,25,2,0.064,2293
6944,6944,84,84,46,1.8261,55,2,0.969,2263
6945,6945,198,198,75,2.64,56,5,0.0,3687
6946,6946,100,100,33,3.0303,44,3,0.0,3784
6947,6947,107,107,38,2.8158,20,3,0.0,1512
6948,6948,270,270,116,2.3276,28,3,0.0,3302
6949,6949,0,0,0,0.0,0,4,0.0,4260
6950,6950,180,180,54,3.3333,23,2,0.0,2860
6951,6951,362,362,93,3.8925,22,2,0.0,3311
6952,6952,0,0,0,0.0,95,2,0.0,2387
6953,6953,97,97,50,1.94,104,6,0.0,79
6954,6954,539,539,194,2.7784,32,5,0.0,4453
6955,6955,135,135,74,1.8243,150,3,0.0,482
6956,6956,48,48,13,3.6923,96,4,0.0,3000
6957,6957,0,0,0,0.0,53,3,0.0,2043
6958,6958,0,0,0,0.0,671,3,0.0,1336
6959,6959,123,123,69,1.7826,25,2,1.122,2000
6960,6960,86,86,40,2.15,5,3,0.0,1115
6961,6961,153,153,47,3.2553,101,3,0.0,3919
6962,6962,145,145,52,2.7885,16,3,0.0,1482
6963,6963,944,944,254,3.7165,5,3,0.0,2588
6964,6964,431,431,116,3.7155,2,3,0.0,2588
6965,6965,102,102,31,3.2903,68,4,0.0,2519
6966,6966,510,510,160,3.1875,81,5,0.0,4308
6967,6967,0,0,0,0.0,0,4,0.0,3548
6968,6968,195,195,77,2.5325,35,5,0.0,4208
6969,6969,101,101,40,2.525,4,3,0.0,2448
6970,6970,166,166,60,2.7667,1,5,0.0,4076
6971,6971,58,58,20,2.9,2,5,0.0,3922
6972,6972,231,231,82,2.8171,24,2,0.0,1025
6973,6973,72,72,22,3.2727,16,3,0.0,1913
6974,6974,387,387,141,2.7447,30,2,1.417,3106
6975,6975,378,378,127,2.9764,18,2,0.0,3854
6976,6976,3,3,1,3.0,145,5,0.0,4126
6977,6977,331,331,108,3.0648,30,4,0.0,3511
6978,6978,45,22,6,3.6667,14,2,0.0,2583
6979,6979,428,428,135,3.1704,36,3,0.0,3943
6980,6980,0,0,0,0.0,0,3,0.0,2646
6981,6981,175,175,73,2.3973,28,3,0.0,497
6982,6982,0,0,0,0.0,541,3,0.0,2438
6983,6983,0,0,0,0.0,0,6,0.0,42
6984,6984,110,110,39,2.8205,22,2,0.0,1076
6985,6985,108,108,63,1.7143,24,2,2.275,1492
6986,6986,43,43,22,1.9545,14,2,9.998,1626
6987,6987,299,299,97,3.0825,26,5,0.0,4196
6988,6988,0,0,0,0.0,0,4,0.0,2610
6989,6989,176,169,39,4.3333,18,2,0.0,2730
6990,6990,96,96,35,2.7429,22,2,0.0,1052
6991,6991,858,858,275,3.12,79,5,0.0,4362
6992,6992,82,82,41,2.0,25,2,0.0,2513
6993,6993,0,0,0,0.0,0,4,0.0,4303
6994,6994,0,0,0,0.0,558,2,2.768,1344
6995,6995,316,316,106,2.9811,48,3,0.0,3021
6996,6996,181,181,92,1.9674,56,6,0.0,57
6997,6997,0,0,0,0.0,2818,3,5.414,952
6998,6998,109,109,46,2.3696,20,3,0.0,3444
6999,6999,266,266,112,2.375,13,3,0.0,3237
7000,7000,478,478,157,3.0446,35,4,0.0,2888
7001,7001,78,78,24,3.25,3,3,0.0,3889
7002,7002,160,160,74,2.1622,23,3,0.0,1019
7003,7003,173,173,62,2.7903,22,5,0.0,4340
7004,7004,4,4,2,2.0,222,6,0.0,48
7005,7005,0,0,0,0.0,0,3,0.0,3560
7006,7006,55,55,20,2.75,2,2,0.909,3247
7007,7007,324,324,128,2.5312,20,3,7.203,1354
7008,7008,91,91,53,1.717,15,2,4.34,1622
7009,7009,146,146,66,2.2121,31,2,0.004,2350
7010,7010,0,0,0,0.0,249,2,1.163,3144
7011,7011,239,239,95,2.5158,24,3,0.0,1645
7012,7012,110,110,64,1.7188,45,2,0.173,2476
7013,7013,130,130,50,2.6,127,4,0.0,3319
7014,7014,393,383,111,3.4505,54,2,0.0,3207
7015,7015,789,744,284,2.6197,182,4,5.615,2982
7016,7016,235,183,106,1.7264,134,2,3.436,1594
7017,7017,151,151,58,2.6034,121,2,1.342,3049
7018,7018,251,251,105,2.3905,41,3,0.0,497
7019,7019,156,156,65,2.4,20,3,0.0,1362
7020,7020,48,48,20,2.4,3,3,0.0,1282
7021,7021,110,110,36,3.0556,16,3,0.0,1332
7022,7022,163,157,53,2.9623,16,2,0.0,3807
7023,7023,31,31,19,1.6316,384,2,10.023,1785
7024,7024,258,258,75,3.44,37,5,0.0,4469
7025,7025,225,225,90,2.5,25,3,1.751,1609
7026,7026,0,0,0,0.0,1577,1,22.883,1795
7027,7027,2,2,1,2.0,52,5,0.0,3739
7028,7028,86,86,25,3.44,15,2,0.0,3207
7029,7029,143,140,41,3.4146,13,2,0.0,3240
7030,7030,132,132,40,3.3,14,2,0.0,3618
7031,7031,204,204,83,2.4578,44,4,3.512,3020
7032,7032,0,0,0,0.0,254,2,7.83,3371
7033,7033,6,6,2,3.0,30,3,0.0,3405
7034,7034,32,32,20,1.6,2,6,0.0,51
7035,7035,183,183,70,2.6143,23,6,0.0,90
7036,7036,0,0,0,0.0,105,5,0.0,4106
7037,7037,181,181,60,3.0167,20,5,0.0,4527
7038,7038,216,216,84,2.5714,125,4,0.0,2435
7039,7039,261,261,89,2.9326,31,3,0.0,3122
7040,7040,436,436,124,3.5161,23,4,0.0,3626
7041,7041,56,56,16,3.5,77,2,0.0,3186
7042,7042,0,0,0,0.0,13,3,0.0,2456
7043,7043,274,274,99,2.7677,21,6,0.0,157
7044,7044,199,199,73,2.726,42,5,0.0,4273
7045,7045,63,63,21,3.0,15,4,0.0,3394
7046,7046,22,22,9,2.4444,2,2,1.697,1508
7047,7047,128,128,97,1.3196,713,1,21.748,1873
7048,7048,0,0,0,0.0,0,5,0.0,4102
7049,7049,404,404,163,2.4785,23,5,0.0,3864
7050,7050,218,218,83,2.6265,25,5,0.0,4235
7051,7051,277,219,87,2.5172,80,2,0.0,3461
7052,7052,68,68,17,4.0,97,4,9.322,3641
7053,7053,0,0,0,0.0,175,3,0.0,472
7054,7054,534,534,153,3.4902,67,4,0.0,3819
7055,7055,0,0,0,0.0,164,3,0.0,2429
7056,7056,0,0,0,0.0,215,3,0.0,2549
7057,7057,150,150,46,3.2609,47,3,0.0,2123
7058,7058,0,0,0,0.0,238,3,0.0,1262
7059,7059,97,97,43,2.2558,27,2,0.0,795
7060,7060,170,170,75,2.2667,26,2,0.812,2784
7061,7061,0,0,0,0.0,0,2,0.0,2497
7062,7062,197,197,74,2.6622,29,3,0.0,1149
7063,7063,106,106,40,2.65,17,2,0.0,2482
7064,7064,66,66,19,3.4737,12,5,0.0,3714
7065,7065,0,0,0,0.0,14,2,0.0,781
7066,7066,76,76,27,2.8148,650,4,0.0,2401
7067,7067,720,720,204,3.5294,37,4,0.0,3543
7068,7068,44,44,12,3.6667,17,2,0.0,2583
7069,7069,53,53,16,3.3125,1,2,0.0,2694
7070,7070,246,246,67,3.6716,15,4,0.0,3786
7071,7071,395,395,116,3.4052,40,5,0.0,4311
7072,7072,154,154,46,3.3478,26,2,4.223,2159
7073,7073,0,0,0,0.0,652,1,24.905,1599
7074,7074,28,28,11,2.5455,1,2,0.0,1074
7075,7075,0,0,0,0.0,0,6,0.0,177
7076,7076,0,0,0,0.0,0,4,0.0,4512
7077,7077,547,547,190,2.8789,17,4,0.0,3632
7078,7078,192,192,58,3.3103,22,2,0.0,3618
7079,7079,182,182,64,2.8438,33,4,0.0,2411
7080,7080,32,32,9,3.5556,115,4,0.0,3268
7081,7081,0,0,0,0.0,874,4,0.0,4253
7082,7082,0,0,0,0.0,57,2,0.0,3374
7083,7083,141,141,41,3.439,16,2,0.0,2565
7084,7084,182,182,111,1.6396,27,2,0.917,2208
7085,7085,87,87,37,2.3514,3,5,0.0,3972
7086,7086,0,0,0,0.0,16,2,0.0,2497
7087,7087,63,63,21,3.0,26,3,0.0,3760
7088,7088,115,115,43,2.6744,4,3,0.0,1086
7089,7089,233,233,83,2.8072,25,3,0.0,1560
7090,7090,0,0,0,0.0,244,5,0.0,4390
7091,7091,287,287,93,3.086,127,5,0.0,4131
7092,7092,303,303,91,3.3297,96,2,0.0,3066
7093,7093,0,0,0,0.0,0,4,0.0,4416
7094,7094,699,699,185,3.7784,107,4,0.0,4373
7095,7095,92,92,35,2.6286,16,6,0.0,78
7096,7096,350,350,176,1.9886,32,3,0.685,1442
7097,7097,445,445,163,2.7301,38,2,0.0,1104
7098,7098,16,16,6,2.6667,90,2,1.396,3049
7099,7099,307,307,93,3.3011,22,4,0.0,2517
7100,7100,0,0,0,0.0,1192,2,2.803,1233
7101,7101,0,0,0,0.0,919,3,0.0,1547
7102,7102,198,198,113,1.7522,30,2,0.811,2165
7103,7103,543,543,217,2.5023,25,3,0.0,2046
7104,7104,89,89,41,2.1707,19,2,0.0,2596
7105,7105,290,290,121,2.3967,34,6,0.0,125
7106,7106,0,0,0,0.0,20,4,0.0,3949
7107,7107,366,366,146,2.5068,35,3,0.0,3376
7108,7108,126,126,48,2.625,19,5,0.0,3603
7109,7109,0,0,0,0.0,291,3,0.0,860
7110,7110,156,156,71,2.1972,23,2,0.0,2600
7111,7111,243,243,123,1.9756,28,5,0.0,3856
7112,7112,0,0,0,0.0,0,4,0.0,3261
7113,7113,544,544,169,3.2189,51,5,0.0,4086
7114,7114,0,0,0,0.0,229,2,3.26,1449
7115,7115,198,198,89,2.2247,52,3,0.0,3202
7116,7116,373,373,102,3.6569,24,2,0.0,3307
7117,7117,28,28,8,3.5,0,2,0.0,2583
7118,7118,0,0,0,0.0,166,3,0.0,1468
7119,7119,466,466,120,3.8833,37,3,0.0,2281
7120,7120,0,0,0,0.0,499,4,0.0,3636
7121,7121,0,0,0,0.0,112,2,2.858,1264
7122,7122,0,0,0,0.0,2437,2,7.101,2067
7123,7123,143,143,48,2.9792,16,2,0.0,2726
7124,7124,174,174,58,3.0,23,5,0.0,3945
7125,7125,250,250,89,2.809,42,3,0.0,3514
7126,7126,0,0,0,0.0,183,5,0.0,4415
7127,7127,0,0,0,0.0,0,3,0.0,3369
7128,7128,470,470,145,3.2414,179,3,0.0,3955
7129,7129,0,0,0,0.0,0,3,0.0,1367
7130,7130,211,211,81,2.6049,27,6,0.0,129
7131,7131,0,0,0,0.0,764,2,0.0,3447
7132,7132,281,281,81,3.4691,28,2,0.0,3892
7133,7133,135,135,44,3.0682,80,5,0.0,3788
7134,7134,139,139,58,2.3966,23,3,0.0,1349
7135,7135,8,8,6,1.3333,665,1,19.687,1883
7136,7136,0,0,0,0.0,159,1,22.159,1829
7137,7137,0,0,0,0.0,72,1,23.781,1595
7138,7138,78,78,31,2.5161,15,2,0.0,643
7139,7139,126,126,45,2.8,3,5,0.0,4067
7140,7140,140,140,41,3.4146,20,2,0.0,2870
7141,7141,116,116,32,3.625,15,2,0.0,2742
7142,7142,90,90,34,2.6471,55,5,0.0,4171
7143,7143,185,177,53,3.3396,25,5,0.0,3655
7144,7144,138,41,12,3.4167,103,5,0.0,3655
7145,7145,30,30,18,1.6667,13,2,3.266,1556
7146,7146,152,152,88,1.7273,27,2,3.541,1556
7147,7147,449,449,267,1.6816,131,3,0.0,2048
7148,7148,708,708,242,2.9256,85,2,0.0,2619
7149,7149,393,393,166,2.3675,42,3,0.0,3566
7150,7150,33,33,14,2.3571,2,2,1.618,1508
7151,7151,545,545,152,3.5855,52,4,0.0,3740
7152,7152,1142,1142,425,2.6871,86,3,0.0,3958
7153,7153,194,194,98,1.9796,532,3,0.0,1423
7154,7154,263,263,150,1.7533,21,2,1.296,2207
7155,7155,779,779,283,2.7527,54,3,0.0,1538
7156,7156,512,512,155,3.3032,24,2,0.0,3565
7157,7157,428,428,219,1.9543,57,2,0.0,969
7158,7158,86,86,37,2.3243,20,3,0.0,561
7159,7159,83,83,33,2.5152,15,2,0.0,553
7160,7160,279,279,78,3.5769,46,2,0.445,2764
7161,7161,8,8,2,4.0,89,4,11.79,3686
7162,7162,535,535,282,1.8972,18,3,0.0,2560
7163,7163,202,202,73,2.7671,69,3,0.0,3357
7164,7164,0,0,0,0.0,0,6,0.0,177
7165,7165,21,21,8,2.625,1,5,0.0,4154
7166,7166,375,375,105,3.5714,27,4,0.0,3011
7167,7167,366,83,24,3.4583,2431,2,8.005,3203
7168,7168,246,246,85,2.8941,19,4,0.0,2638
7169,7169,15,15,7,2.1429,27,3,0.0,381
7170,7170,0,0,0,0.0,658,3,0.0,3102
7171,7171,55,55,21,2.619,3,6,0.0,111
7172,7172,111,108,37,2.9189,67,4,5.89,3125
7173,7173,631,631,203,3.1084,45,4,0.0,3832
7174,7174,0,0,0,0.0,127,2,10.713,1562
7175,7175,0,0,0,0.0,207,5,0.0,4349
7176,7176,50,50,12,4.1667,1,2,0.0,3096
7177,7177,362,362,134,2.7015,53,4,0.0,3775
7178,7178,393,393,168,2.3393,178,3,0.0,3258
7179,7179,188,188,66,2.8485,7,5,0.0,4214
7180,7180,207,207,106,1.9528,25,2,0.0,925
7181,7181,116,116,54,2.1481,322,3,0.0,1206
7182,7182,164,164,49,3.3469,621,4,0.0,3200
7183,7183,292,292,100,2.92,32,3,0.0,1468
7184,7184,0,0,0,0.0,376,3,0.0,1383
7185,7185,0,0,0,0.0,376,3,0.0,2405
7186,7186,233,233,148,1.5743,25,2,1.025,2265
7187,7187,296,296,92,3.2174,59,5,0.0,4086
7188,7188,0,0,0,0.0,436,5,0.0,4310
7189,7189,126,126,43,2.9302,6,3,0.0,1510
7190,7190,279,279,76,3.6711,17,4,0.0,4071
7191,7191,0,0,0,0.0,231,4,0.0,4302
7192,7192,172,172,66,2.6061,21,3,0.0,3263
7193,7193,59,59,20,2.95,2,3,0.0,3590
7194,7194,55,55,18,3.0556,1,3,0.0,3443
7195,7195,341,341,123,2.7724,23,4,0.0,4191
7196,7196,209,209,119,1.7563,27,2,0.164,672
7197,7197,281,281,171,1.6433,28,2,0.998,2203
7198,7198,170,170,60,2.8333,19,5,0.0,4211
7199,7199,247,247,92,2.6848,22,3,0.0,3911
7200,7200,84,84,38,2.2105,15,2,0.97,2386
7201,7201,104,104,41,2.5366,1488,5,0.0,4128
7202,7202,204,204,76,2.6842,9,5,0.0,4058
7203,7203,99,99,58,1.7069,123,2,2.244,1492
7204,7204,176,176,63,2.7937,64,6,0.0,141
7205,7205,156,156,59,2.6441,25,3,0.0,1208
7206,7206,0,0,0,0.0,0,4,0.0,4587
7207,7207,46,46,22,2.0909,23,2,1.319,3045
7208,7208,294,294,90,3.2667,33,4,0.0,3383
7209,7209,128,128,49,2.6122,15,4,5.346,2912
7210,7210,195,195,107,1.8224,21,2,1.286,2260
7211,7211,0,0,0,0.0,51,6,3.683,52
7212,7212,20,20,12,1.6667,14,2,6.03,1716
7213,7213,0,0,0,0.0,67,3,0.0,2863
7214,7214,199,199,69,2.8841,22,4,0.0,3179
7215,7215,112,112,40,2.8,18,3,0.0,1560
7216,7216,150,150,53,2.8302,38,5,0.0,4205
7217,7217,5,5,2,2.5,0,3,0.0,3609
7218,7218,0,0,0,0.0,212,4,0.0,4388
7219,7219,72,72,36,2.0,448,5,3.952,3835
7220,7220,149,149,39,3.8205,18,2,0.0,2572
7221,7221,596,596,240,2.4833,49,3,0.0,1180
7222,7222,0,0,0,0.0,95,2,0.0,2442
7223,7223,0,0,0,0.0,688,5,0.0,4179
7224,7224,199,199,49,4.0612,18,3,0.0,2573
7225,7225,887,887,218,4.0688,18,3,0.0,2573
7226,7226,43,43,18,2.3889,146,6,1.42,53
7227,7227,0,0,0,0.0,0,6,0.0,47
7228,7228,118,118,40,2.95,18,5,0.0,4484
7229,7229,245,245,87,2.8161,31,3,0.0,2225
7230,7230,168,168,47,3.5745,20,2,0.0,2762
7231,7231,185,185,73,2.5342,28,5,0.0,4142
7232,7232,158,158,71,2.2254,132,3,0.0,1975
7233,7233,202,202,101,2.0,140,3,0.0,525
7234,7234,291,291,100,2.91,23,3,0.0,2663
7235,7235,245,245,75,3.2667,21,3,0.0,1913
7236,7236,0,0,0,0.0,2629,3,0.0,1438
7237,7237,308,308,107,2.8785,30,3,0.0,1511
7238,7238,192,192,62,3.0968,53,2,0.284,2285
7239,7239,51,51,33,1.5455,17,2,7.49,1745
7240,7240,10,10,6,1.6667,41,2,13.484,1689
7241,7241,45,45,19,2.3684,246,2,5.83,1526
7242,7242,119,119,61,1.9508,20,6,0.0,63
7243,7243,410,410,173,2.3699,29,3,0.0,2758
7244,7244,0,0,0,0.0,1037,3,0.0,2168
7245,7245,731,731,204,3.5833,48,4,0.0,3654
7246,7246,37,37,11,3.3636,123,2,9.138,3203
7247,7247,0,0,0,0.0,237,4,0.0,3970
7248,7248,599,599,213,2.8122,117,5,0.0,4356
7249,7249,195,195,70,2.7857,16,5,0.0,4335
7250,7250,293,293,75,3.9067,210,4,4.724,3442
7251,7251,312,312,95,3.2842,40,2,0.0,3002
7252,7252,218,218,117,1.8632,28,2,7.101,2113
7253,7253,225,225,91,2.4725,31,4,0.0,3194
7254,7254,370,370,121,3.0579,21,4,0.0,3400
7255,7255,100,100,35,2.8571,15,5,0.0,4319
7256,7256,0,0,0,0.0,1385,3,0.0,2246
7257,7257,221,221,149,1.4832,75,1,21.048,1655
7258,7258,108,108,36,3.0,3,3,0.0,2220
7259,7259,220,220,96,2.2917,73,2,0.0,3619
7260,7260,5,5,2,2.5,0,7,0.0,4473
7261,7261,105,105,47,2.234,80,2,0.068,2348
7262,7262,160,160,57,2.807,26,5,0.0,4067
7263,7263,229,229,79,2.8987,34,4,0.0,3279
7264,7264,0,0,0,0.0,222,5,0.0,3727
7265,7265,119,119,30,3.9667,15,2,0.0,3605
7266,7266,204,204,62,3.2903,26,3,0.0,1549
7267,7267,0,0,0,0.0,315,3,0.0,1120
7268,7268,207,207,78,2.6538,24,3,0.0,1103
7269,7269,54,54,21,2.5714,13,2,0.0,2794
7270,7270,1084,1084,314,3.4522,105,4,0.0,3089
7271,7271,61,61,30,2.0333,14,2,0.124,2293
7272,7272,0,0,0,0.0,117,3,0.0,2993
7273,7273,55,55,20,2.75,15,2,0.0,793
7274,7274,114,114,51,2.2353,19,2,0.0,928
7275,7275,164,164,51,3.2157,15,4,0.0,4053
7276,7276,96,96,35,2.7429,22,2,0.0,1005
7277,7277,677,677,202,3.3515,117,2,0.0,2735
7278,7278,21,21,7,3.0,15,7,0.0,4473
7279,7279,0,0,0,0.0,245,4,0.0,3235
7280,7280,409,327,131,2.4962,178,4,2.983,2916
7281,7281,203,203,93,2.1828,41,2,0.0,2702
7282,7282,18,18,5,3.6,12,2,0.635,2655
7283,7283,329,329,169,1.9467,57,3,1.626,764
7284,7284,227,227,61,3.7213,24,2,0.0,3774
7285,7285,0,0,0,0.0,720,5,0.0,4125
7286,7286,120,120,47,2.5532,21,2,0.0,2869
7287,7287,176,176,69,2.5507,38,3,0.0,1207
7288,7288,265,265,77,3.4416,20,5,0.0,4496
7289,7289,146,146,43,3.3953,20,5,0.0,3988
7290,7290,164,164,92,1.7826,201,2,0.669,2326
7291,7291,254,254,85,2.9882,26,2,0.0,3355
7292,7292,171,171,66,2.5909,35,3,0.0,1093
7293,7293,0,0,0,0.0,0,3,0.0,1185
7294,7294,0,0,0,0.0,485,3,0.0,3677
7295,7295,0,0,0,0.0,0,2,0.0,2366
7296,7296,0,0,0,0.0,100,6,0.0,78
7297,7297,0,0,0,0.0,0,2,0.0,2665
7298,7298,223,223,60,3.7167,26,2,0.0,3774
7299,7299,120,120,46,2.6087,24,6,0.0,78
7300,7300,150,150,62,2.4194,38,3,0.0,679
7301,7301,81,81,50,1.62,53,2,0.171,666
7302,7302,359,359,138,2.6014,28,3,0.0,3017
7303,7303,208,208,74,2.8108,39,2,0.0,2477
7304,7304,140,140,57,2.4561,18,5,0.0,3864
7305,7305,11,11,6,1.8333,0,2,3.124,1391
7306,7306,0,0,0,0.0,471,2,24.852,1348
7307,7307,65,65,21,3.0952,3,3,0.0,1382
7308,7308,294,294,76,3.8684,37,4,0.0,3485
7309,7309,194,194,63,3.0794,23,5,0.0,3788
7310,7310,223,223,77,2.8961,18,2,0.0,2872
7311,7311,139,139,61,2.2787,5,3,0.0,3225
7312,7312,185,185,67,2.7612,16,5,0.0,3999
7313,7313,214,214,121,1.7686,34,2,4.957,2000
7314,7314,0,0,0,0.0,17,5,0.0,4082
7315,7315,666,666,171,3.8947,59,2,0.0,3311
7316,7316,905,905,350,2.5857,60,3,0.0,1082
7317,7317,0,0,0,0.0,1598,3,0.0,2241
7318,7318,0,0,0,0.0,3505,3,4.019,2315
7319,7319,0,0,0,0.0,377,3,0.0,2464
7320,7320,86,86,42,2.0476,21,6,0.259,479
7321,7321,64,64,26,2.4615,17,2,0.0,1470
7322,7322,287,287,96,2.9896,10,3,0.0,2220
7323,7323,162,162,74,2.1892,30,2,0.693,2661
7324,7324,435,337,150,2.2467,10,3,0.0,1786
7325,7325,0,0,0,0.0,185,2,7.119,2147
7326,7326,14,14,8,1.75,1,2,4.847,1716
7327,7327,151,151,48,3.1458,22,5,0.0,4050
7328,7328,74,68,35,1.9429,22,2,0.0,744
7329,7329,96,96,42,2.2857,15,3,0.0,3541
7330,7330,620,620,270,2.2963,33,5,0.0,4259
7331,7331,66,66,28,2.3571,19,3,0.0,2874
7332,7332,0,0,0,0.0,811,4,0.0,2782
7333,7333,359,359,121,2.9669,44,4,0.0,3987
7334,7334,57,57,29,1.9655,2,5,3.028,3923
7335,7335,82,82,41,2.0,41,5,3.83,3880
7336,7336,0,0,0,0.0,0,2,0.0,2306
7337,7337,0,0,0,0.0,0,3,5.782,386
7338,7338,162,162,53,3.0566,18,3,0.0,1237
7339,7339,111,111,37,3.0,15,3,0.0,2226
7340,7340,764,764,434,1.7604,75,3,0.0,2275
7341,7341,332,332,124,2.6774,23,3,0.0,3958
7342,7342,465,465,144,3.2292,1825,4,0.0,3074
7343,7343,130,130,56,2.3214,4,5,2.659,3925
7344,7344,400,400,160,2.5,93,3,0.0,2016
7345,7345,197,197,91,2.1648,44,3,0.0,2374
7346,7346,69,69,20,3.45,12,2,0.0,3700
7347,7347,287,287,80,3.5875,77,4,0.0,3702
7348,7348,225,225,75,3.0,31,2,0.0,2726
7349,7349,598,598,204,2.9314,46,3,0.0,3867
7350,7350,212,212,70,3.0286,36,5,0.0,4470
7351,7351,52,52,24,2.1667,46,3,0.0,2374
7352,7352,0,0,0,0.0,84,3,0.0,2397
7353,7353,268,268,100,2.68,23,4,0.0,3526
7354,7354,207,207,58,3.569,27,2,0.0,2762
7355,7355,436,436,117,3.7265,138,4,0.0,3000
7356,7356,508,508,199,2.5528,324,3,0.0,2143
7357,7357,90,90,40,2.25,33,3,0.0,1627
7358,7358,34,34,17,2.0,53,5,0.0,3969
7359,7359,184,184,65,2.8308,43,5,0.0,4088
7360,7360,530,530,176,3.0114,23,3,0.0,1736
7361,7361,0,0,0,0.0,599,3,0.0,2432
7362,7362,112,112,60,1.8667,115,3,5.272,435
7363,7363,55,55,29,1.8966,15,3,6.919,433
7364,7364,469,469,155,3.0258,123,3,0.0,1351
7365,7365,93,93,28,3.3214,12,2,0.0,2694
7366,7366,268,0,0,0.0,371,4,0.0,3812
7367,7367,313,313,126,2.4841,1,5,0.0,3755
7368,7368,159,159,47,3.383,50,5,0.0,3953
7369,7369,3545,0,0,0.0,6193,6,0.0,15
7370,7370,470,470,184,2.5543,97,4,0.0,2779
7371,7371,0,0,0,0.0,1890,5,0.0,4179
7372,7372,239,239,104,2.2981,23,3,0.0,2939
7373,7373,94,94,41,2.2927,33,2,0.0,991
7374,7374,220,220,76,2.8947,15,4,0.0,2638
7375,7375,264,264,107,2.4673,21,4,7.718,3099
7376,7376,0,0,0,0.0,0,3,0.0,2930
7377,7377,0,0,0,0.0,136,3,0.0,3435
7378,7378,106,106,35,3.0286,13,2,0.0,2584
7379,7379,0,0,0,0.0,18,4,2.439,4251
7380,7380,0,0,0,0.0,697,5,0.0,4219
7381,7381,88,88,29,3.0345,13,5,0.0,3891
7382,7382,111,111,37,3.0,16,2,0.0,3158
7383,7383,115,115,34,3.3824,24,3,0.0,2530
7384,7384,358,358,81,4.4198,3,2,0.0,2504
7385,7385,109,109,55,1.9818,54,5,0.0,3964
7386,7386,141,127,45,2.8222,19,5,0.0,4430
7387,7387,0,0,0,0.0,315,3,0.0,2441
7388,7388,117,117,51,2.2941,6,2,0.0,3619
7389,7389,309,309,103,3.0,27,3,0.0,2546
7390,7390,0,0,0,0.0,146,4,0.0,4399
7391,7391,0,0,0,0.0,0,2,0.0,2571
7392,7392,200,200,73,2.7397,41,5,0.0,3574
7393,7393,272,272,107,2.5421,39,3,0.0,1238
7394,7394,82,82,28,2.9286,28,3,0.0,2631
7395,7395,162,47,14,3.3571,67,2,0.0,1278
7396,7396,58,58,18,3.2222,43,2,0.0,2802
7397,7397,267,267,109,2.4495,48,5,0.0,3671
7398,7398,151,151,39,3.8718,17,2,0.0,3413
7399,7399,133,133,37,3.5946,16,2,0.0,3153
7400,7400,295,295,147,2.0068,46,2,0.287,2410
7401,7401,117,117,34,3.4412,17,5,0.0,3621
7402,7402,139,139,55,2.5273,22,2,0.0,3496
7403,7403,40,40,11,3.6364,18,2,0.656,2577
7404,7404,174,174,64,2.7188,23,5,0.0,4276
7405,7405,145,145,62,2.3387,43,3,0.0,706
7406,7406,70,70,29,2.4138,15,3,0.0,794
7407,7407,214,204,55,3.7091,21,4,0.0,3157
7408,7408,473,473,120,3.9417,30,2,0.0,2880
7409,7409,0,0,0,0.0,38,3,0.0,1558
7410,7410,331,331,104,3.1827,31,3,0.0,2267
7411,7411,342,342,81,4.2222,35,4,0.0,3452
7412,7412,590,590,191,3.089,45,4,0.0,2682
7413,7413,0,0,0,0.0,368,2,0.245,2278
7414,7414,904,904,250,3.616,31,2,0.0,3374
7415,7415,0,0,0,0.0,82,2,0.0,2907
7416,7416,577,577,172,3.3547,49,4,0.0,4291
7417,7417,462,462,162,2.8519,33,5,0.0,3980
7418,7418,213,213,63,3.381,25,2,0.0,2645
7419,7419,457,457,108,4.2315,26,4,0.0,3623
7420,7420,4,4,1,4.0,0,3,0.0,1204
7421,7421,0,0,0,0.0,319,3,0.0,1590
7422,7422,66,66,22,3.0,15,2,0.0,2662
7423,7423,0,0,0,0.0,444,6,0.0,340
7424,7424,310,310,89,3.4831,22,2,0.0,3505
7425,7425,134,134,69,1.942,55,2,0.0,747
7426,7426,47,47,13,3.6154,2,2,0.0,2875
7427,7427,0,0,0,0.0,27,6,0.0,340
7428,7428,192,192,48,4.0,34,4,0.435,3658
7429,7429,0,0,0,0.0,744,5,0.0,4123
7430,7430,188,188,67,2.806,32,3,0.0,3514
7431,7431,169,169,66,2.5606,18,4,0.0,2298
7432,7432,96,96,55,1.7455,113,2,1.17,2207
7433,7433,49,49,15,3.2667,2,2,0.0,3050
7434,7434,253,253,131,1.9313,27,2,0.251,657
7435,7435,341,341,123,2.7724,40,4,0.0,4191
7436,7436,245,245,81,3.0247,99,4,0.0,4111
7437,7437,0,0,0,0.0,318,3,0.0,1524
7438,7438,813,813,284,2.8627,151,5,0.0,4126
7439,7439,99,99,35,2.8286,18,2,0.0,1025
7440,7440,40,40,10,4.0,81,2,10.259,1288
7441,7441,71,71,26,2.7308,256,5,0.0,4094
7442,7442,48,48,21,2.2857,54,3,0.0,3580
7443,7443,162,162,61,2.6557,31,3,0.0,1086
7444,7444,0,0,0,0.0,182,2,0.577,2664
7445,7445,0,0,0,0.0,292,3,3.854,892
7446,7446,0,0,0,0.0,1368,3,0.0,1501
7447,7447,0,0,0,0.0,402,3,0.0,2062
7448,7448,518,479,194,2.4691,231,4,3.216,3020
7449,7449,248,248,185,1.3405,65,1,16.701,1986
7450,7450,80,75,27,2.7778,15,3,0.0,3353
7451,7451,0,0,0,0.0,23,2,0.0,940
7452,7452,143,143,55,2.6,101,2,0.0,2711
7453,7453,389,389,137,2.8394,35,5,0.0,4265
7454,7454,266,266,88,3.0227,28,3,0.0,1283
7455,7455,60,60,25,2.4,2,5,0.0,3956
7456,7456,72,72,44,1.6364,826,2,10.385,1815
7457,7457,0,0,0,0.0,295,3,0.0,3110
7458,7458,158,158,53,2.9811,20,3,0.0,2220
7459,7459,11,11,3,3.6667,11,2,0.0,2645
7460,7460,131,131,45,2.9111,15,2,0.0,2907
7461,7461,135,135,38,3.5526,21,4,0.0,3626
7462,7462,355,355,97,3.6598,49,4,4.716,3559
7463,7463,426,387,129,3.0,23,2,0.0,3463
7464,7464,88,88,37,2.3784,14,3,1.403,1698
7465,7465,0,0,0,0.0,0,3,0.0,1510
7466,7466,1134,1134,454,2.4978,214,3,4.359,1695
7467,7467,0,0,0,0.0,0,3,0.0,3118
7468,7468,8,8,3,2.6667,83,2,1.627,2979
7469,7469,72,72,24,3.0,2,5,0.0,4477
7470,7470,139,139,43,3.2326,21,3,0.0,1545
7471,7471,26,26,14,1.8571,85,2,7.193,2113
7472,7472,393,393,119,3.3025,19,2,0.0,3589
7473,7473,118,118,36,3.2778,17,3,0.0,1913
7474,7474,943,0,0,0.0,0,4,0.0,4478
7475,7475,0,0,0,0.0,430,3,2.502,970
7476,7476,176,176,62,2.8387,17,4,0.0,2300
7477,7477,41,41,15,2.7333,3,2,0.0,3725
7478,7478,0,0,0,0.0,50,4,0.0,4420
7479,7479,164,164,55,2.9818,17,5,5.131,3821
7480,7480,0,0,0,0.0,318,2,6.272,2029
7481,7481,128,128,58,2.2069,18,5,0.0,3572
7482,7482,48,48,16,3.0,22,4,0.0,3522
7483,7483,441,441,140,3.15,29,4,0.0,3481
7484,7484,0,0,0,0.0,24,2,11.595,1277
7485,7485,33,33,17,1.9412,17,2,5.146,1628
7486,7486,27,27,13,2.0769,208,5,0.0,3675
7487,7487,0,0,0,0.0,845,2,0.0,2644
7488,7488,0,0,0,0.0,0,3,0.0,2461
7489,7489,76,76,35,2.1714,13,3,0.0,954
7490,7490,0,0,0,0.0,1599,3,4.474,2420
7491,7491,0,0,0,0.0,265,3,0.0,2084
7492,7492,110,110,41,2.6829,46,4,0.0,2564
7493,7493,762,762,213,3.5775,42,4,0.0,3073
7494,7494,155,155,54,2.8704,31,5,0.0,4410
7495,7495,381,381,128,2.9766,28,5,0.0,4170
7496,7496,274,274,79,3.4684,21,3,0.0,1127
7497,7497,0,0,0,0.0,48,5,0.0,4011
7498,7498,233,233,101,2.3069,31,3,0.0,3408
7499,7499,443,443,215,2.0605,36,4,5.419,3055
7500,7500,69,69,38,1.8158,17,2,0.445,2262
7501,7501,105,105,75,1.4,22,1,20.277,1950
7502,7502,147,147,49,3.0,26,5,0.0,4151
7503,7503,108,108,41,2.6341,19,2,0.128,2414
7504,7504,447,447,213,2.0986,42,3,0.0,966
7505,7505,748,748,344,2.1744,142,3,0.0,2337
7506,7506,4,4,2,2.0,246,5,0.0,3776
7507,7507,2680,2680,1280,2.0938,250,3,0.0,2257
7508,7508,937,937,389,2.4087,106,3,0.0,1008
7509,7509,124,124,50,2.48,16,3,0.0,1415
7510,7510,206,206,79,2.6076,59,3,4.042,3152
7511,7511,66,66,24,2.75,64,2,0.0,2250
7512,7512,834,834,238,3.5042,51,2,0.0,3061
7513,7513,128,128,78,1.641,89,2,1.284,2155
7514,7514,1243,0,0,0.0,403,2,0.0,1477
7515,7515,273,273,79,3.4557,23,2,0.0,3504
7516,7516,558,558,225,2.48,6,3,0.0,2494
7517,7517,182,182,59,3.0847,551,4,0.0,3384
7518,7518,0,0,0,0.0,81,4,8.107,4186
7519,7519,102,102,51,2.0,22,3,0.0,600
7520,7520,1565,1565,471,3.3227,111,3,0.0,1709
7521,7521,136,136,34,4.0,15,4,0.0,3375
7522,7522,271,271,86,3.1512,23,4,0.0,3407
7523,7523,174,174,94,1.8511,5,2,0.0,2399
7524,7524,0,0,0,0.0,659,2,0.932,2534
7525,7525,145,145,65,2.2308,31,2,0.0,2479
7526,7526,86,86,30,2.8667,40,5,0.0,4350
7527,7527,3529,0,0,0.0,6068,2,0.0,2446
7528,7528,0,0,0,0.0,13,1,11.313,2097
7529,7529,291,291,81,3.5926,19,2,0.0,3130
7530,7530,156,156,59,2.6441,16,2,0.0,3135
7531,7531,212,212,73,2.9041,19,4,0.0,3219
7532,7532,11,11,4,2.75,79,4,0.0,3250
7533,7533,93,93,27,3.4444,328,2,0.0,3142
7534,7534,0,0,0,0.0,0,3,0.0,3833
7535,7535,77,77,25,3.08,24,5,0.0,4059
7536,7536,348,340,118,2.8814,37,4,0.0,3179
7537,7537,261,261,82,3.1829,50,2,0.0,2818
7538,7538,213,213,77,2.7662,17,3,0.0,1500
7539,7539,250,250,94,2.6596,37,3,0.0,1149
7540,7540,0,0,0,0.0,169,2,1.883,3461
7541,7541,171,171,77,2.2208,22,2,0.548,2430
7542,7542,0,0,0,0.0,0,2,0.0,1073
7543,7543,99,99,33,3.0,96,5,0.0,4505
7544,7544,216,216,85,2.5412,70,3,0.0,3129
7545,7545,0,0,0,0.0,1114,3,5.006,1195
7546,7546,252,252,79,3.1899,4,4,0.0,4260
7547,7547,243,243,91,2.6703,28,3,0.0,1103
7548,7548,324,324,163,1.9877,194,3,0.853,1425
7549,7549,259,259,89,2.9101,65,5,0.0,3973
7550,7550,0,0,0,0.0,40,6,0.0,63
7551,7551,0,0,0,0.0,197,3,0.0,2072
7552,7552,0,0,0,0.0,57,5,0.0,3923
7553,7553,8,8,2,4.0,0,4,0.0,3622
7554,7554,28,28,16,1.75,15,2,2.326,1572
7555,7555,0,0,0,0.0,0,2,0.411,2238
7556,7556,1044,1044,359,2.9081,126,3,0.0,2843
7557,7557,13,13,6,2.1667,2,3,0.0,347
7558,7558,0,0,0,0.0,0,5,4.119,3831
7559,7559,430,389,140,2.7786,21,5,0.0,3999
7560,7560,133,133,80,1.6625,30,3,0.0,622
7561,7561,0,0,0,0.0,188,5,0.0,4289
7562,7562,0,0,0,0.0,0,2,6.895,3063
7563,7563,89,89,35,2.5429,3,3,0.0,2379
7564,7564,0,0,0,0.0,0,6,0.0,17
7565,7565,695,695,202,3.4406,51,4,0.0,4288
7566,7566,154,154,52,2.9615,29,4,1.36,3069
7567,7567,624,624,158,3.9494,20,2,0.0,2723
7568,7568,108,108,44,2.4545,13,5,0.0,3603
7569,7569,378,0,0,0.0,742,3,0.0,2016
7570,7570,0,0,0,0.0,1007,3,0.0,1397
7571,7571,168,168,59,2.8475,22,4,0.0,2411
7572,7572,0,0,0,0.0,35,2,1.988,1492
7573,7573,582,582,296,1.9662,41,2,0.0,1045
7574,7574,240,240,99,2.4242,18,6,0.0,47
7575,7575,368,368,127,2.8976,20,2,0.0,3425
7576,7576,405,405,132,3.0682,48,5,0.0,3852
7577,7577,431,431,130,3.3154,35,3,0.0,1762
7578,7578,347,347,126,2.754,42,4,0.0,2877
7579,7579,0,0,0,0.0,192,5,0.0,4115
7580,7580,144,144,41,3.5122,19,2,0.0,3482
7581,7581,309,309,106,2.9151,28,3,0.0,1600
7582,7582,0,0,0,0.0,105,5,0.0,3595
7583,7583,104,104,39,2.6667,18,3,4.454,3377
7584,7584,288,288,108,2.6667,51,3,0.0,3441
7585,7585,62,62,23,2.6957,3,5,0.0,4034
7586,7586,237,237,80,2.9625,45,4,0.0,3265
7587,7587,155,155,62,2.5,19,2,1.335,3465
7588,7588,0,0,0,0.0,0,3,0.0,1351
7589,7589,109,109,49,2.2245,18,3,0.0,3188
7590,7590,968,968,368,2.6304,36,5,0.0,4282
7591,7591,0,0,0,0.0,0,2,0.0,1153
7592,7592,57,57,17,3.3529,12,2,0.0,3848
7593,7593,748,748,313,2.3898,43,3,1.708,1915
7594,7594,0,0,0,0.0,452,3,0.0,3564
7595,7595,48,48,28,1.7143,16,2,2.741,1344
7596,7596,1162,1061,326,3.2546,451,4,0.0,3172
7597,7597,291,291,97,3.0,20,2,0.0,3355
7598,7598,0,0,0,0.0,19,2,0.0,2620
7599,7599,202,202,80,2.525,75,3,2.857,814
7600,7600,24,24,12,2.0,1,6,6.066,22
7601,7601,0,0,0,0.0,121,2,16.874,2064
7602,7602,0,0,0,0.0,92,4,0.0,4210
7603,7603,255,255,95,2.6842,22,5,0.0,4056
7604,7604,464,464,133,3.4887,46,4,0.0,3939
7605,7605,40,40,24,1.6667,14,2,3.321,1556
7606,7606,43,43,25,1.72,20,2,1.572,1594
7607,7607,1226,1226,505,2.4277,45,6,0.0,155
7608,7608,531,531,233,2.279,45,3,0.0,3287
7609,7609,0,0,0,0.0,0,3,0.0,3258
7610,7610,14,14,8,1.75,80,2,2.281,1492
7611,7611,182,182,82,2.2195,21,2,0.498,2635
7612,7612,12,12,5,2.4,1,6,2.579,62
7613,7613,151,151,65,2.3231,21,2,0.003,2253
7614,7614,66,66,22,3.0,4,5,0.0,4563
7615,7615,194,194,65,2.9846,20,5,0.0,3707
7616,7616,0,0,0,0.0,1866,6,0.0,146
7617,7617,241,241,85,2.8353,94,5,0.0,4039
7618,7618,0,0,0,0.0,272,3,0.0,2710
7619,7619,116,116,33,3.5152,106,2,0.0,3061
7620,7620,0,0,0,0.0,0,3,0.0,2550
7621,7621,30,30,15,2.0,114,3,4.07,356
7622,7622,280,280,84,3.3333,31,4,0.0,3542
7623,7623,199,199,77,2.5844,76,4,0.0,3992
7624,7624,59,59,33,1.7879,20,2,7.462,1660
7625,7625,167,167,54,3.0926,18,4,0.0,2581
7626,7626,305,305,90,3.3889,36,2,0.0,2645
7627,7627,108,108,35,3.0857,42,2,0.326,2285
7628,7628,92,92,38,2.4211,26,2,1.125,1448
7629,7629,90,90,31,2.9032,17,5,0.0,4019
7630,7630,251,251,105,2.3905,22,3,1.511,1789
7631,7631,0,0,0,0.0,235,3,0.0,1643
7632,7632,0,0,0,0.0,143,2,0.0,3502
7633,7633,244,244,164,1.4878,100,1,20.575,1621
7634,7634,165,165,58,2.8448,35,4,0.0,2341
7635,7635,0,0,0,0.0,821,3,0.0,2486
7636,7636,289,289,86,3.3605,227,4,0.0,3941
7637,7637,128,128,46,2.7826,1,5,0.0,4065
7638,7638,173,173,87,1.9885,21,3,0.0,1383
7639,7639,76,76,27,2.8148,18,2,0.0,1025
7640,7640,98,98,61,1.6066,16,2,0.22,572
7641,7641,60,60,30,2.0,14,3,0.816,1442
7642,7642,205,205,80,2.5625,19,4,0.0,2378
7643,7643,370,370,120,3.0833,101,5,0.0,4163
7644,7644,0,0,0,0.0,0,4,0.0,4302
7645,7645,0,0,0,0.0,65,4,0.0,3800
7646,7646,0,0,0,0.0,1046,3,0.0,860
7647,7647,0,0,0,0.0,0,4,0.0,4558
7648,7648,442,442,210,2.1048,22,3,0.0,1047
7649,7649,67,67,40,1.675,20,2,6.093,1665
7650,7650,280,280,103,2.7184,26,5,0.0,4272
7651,7651,121,121,40,3.025,6,5,0.0,4502
7652,7652,369,369,108,3.4167,20,2,0.0,3382
7653,7653,149,149,56,2.6607,88,2,0.0,2640
7654,7654,263,263,85,3.0941,28,3,0.0,2240
7655,7655,229,229,66,3.4697,17,2,0.0,3610
7656,7656,84,84,37,2.2703,26,2,0.0,1018
7657,7657,46,46,20,2.3,3,2,0.0,963
7658,7658,214,214,76,2.8158,32,3,0.0,3095
7659,7659,382,382,121,3.157,29,4,0.0,3494
7660,7660,284,284,72,3.9444,20,2,0.0,2871
7661,7661,83,83,30,2.7667,83,3,0.0,1699
7662,7662,376,376,142,2.6479,43,5,0.0,4332
7663,7663,0,0,0,0.0,0,3,0.0,3564
7664,7664,179,179,92,1.9457,80,2,0.804,2286
7665,7665,154,154,58,2.6552,46,3,0.0,1257
7666,7666,72,72,26,2.7692,29,2,0.0,3725
7667,7667,138,138,54,2.5556,20,3,0.0,2143
7668,7668,0,0,0,0.0,0,3,0.0,2111
7669,7669,72,72,43,1.6744,18,2,4.864,1764
7670,7670,65,65,26,2.5,101,6,0.0,340
7671,7671,65,65,20,3.25,14,3,0.0,1910
7672,7672,128,128,44,2.9091,14,3,0.0,3534
7673,7673,197,197,54,3.6481,20,4,1.928,3579
7674,7674,165,165,47,3.5106,16,2,0.0,3061
7675,7675,15,15,9,1.6667,1,6,7.835,24
7676,7676,396,396,137,2.8905,17,4,0.0,2575
7677,7677,373,373,113,3.3009,36,4,0.0,3859
7678,7678,22,22,8,2.75,124,5,0.0,4048
7679,7679,257,257,87,2.954,22,4,6.67,3113
7680,7680,853,853,304,2.8059,57,5,0.0,4156
7681,7681,173,173,65,2.6615,29,3,0.0,1016
7682,7682,71,71,17,4.1765,92,4,0.0,3550
7683,7683,38,38,22,1.7273,14,2,3.757,1556
7684,7684,62,62,34,1.8235,65,3,0.0,617
7685,7685,504,504,175,2.88,73,4,0.0,3189
7686,7686,0,0,0,0.0,95,4,0.0,2782
7687,7687,633,633,433,1.4619,140,2,1.88,2150
7688,7688,551,551,142,3.8803,52,3,0.0,2281
7689,7689,82,82,33,2.4848,16,3,0.0,1361
7690,7690,0,0,0,0.0,1334,3,4.804,2362
7691,7691,0,0,0,0.0,371,4,0.0,3970
7692,7692,308,308,79,3.8987,47,4,0.0,3640
7693,7693,129,129,45,2.8667,56,5,0.0,3980
7694,7694,222,222,83,2.6747,29,3,0.0,3911
7695,7695,64,64,28,2.2857,59,5,0.0,4182
7696,7696,0,0,0,0.0,214,5,0.0,4147
7697,7697,425,425,141,3.0142,33,3,0.0,2320
7698,7698,198,198,89,2.2247,34,2,0.05,2353
7699,7699,290,290,149,1.9463,211,2,1.058,2286
7700,7700,158,158,45,3.5111,18,2,0.0,3348
7701,7701,181,181,115,1.5739,76,2,0.971,2265
7702,7702,160,160,95,1.6842,44,2,7.102,1804
7703,7703,250,250,128,1.9531,31,2,0.0,1068
7704,7704,186,186,74,2.5135,30,3,1.826,1645
7705,7705,593,593,233,2.5451,42,3,0.0,2998
7706,7706,0,0,0,0.0,197,4,15.505,3742
7707,7707,95,95,36,2.6389,17,5,0.0,4083
7708,7708,0,0,0,0.0,0,4,0.0,4597
7709,7709,280,280,110,2.5455,23,3,0.0,3266
7710,7710,494,494,159,3.1069,37,3,0.0,2370
7711,7711,340,340,106,3.2075,34,4,0.0,4053
7712,7712,99,99,33,3.0,28,5,0.0,4607
7713,7713,129,129,53,2.434,27,3,0.0,385
7714,7714,540,540,259,2.0849,253,5,0.0,3913
7715,7715,0,0,0,0.0,2138,5,0.0,4267
7716,7716,0,0,0,0.0,164,3,6.211,1693
7717,7717,0,0,0,0.0,0,2,0.0,2708
7718,7718,57,57,31,1.8387,12,2,0.005,2311
7719,7719,170,170,53,3.2075,13,4,0.0,4053
7720,7720,183,183,60,3.05,18,4,0.0,3342
7721,7721,703,703,210,3.3476,40,2,0.0,2770
7722,7722,130,130,49,2.6531,19,5,0.0,3616
7723,7723,109,109,30,3.6333,27,2,0.0,3130
7724,7724,205,205,52,3.9423,20,2,0.0,3605
7725,7725,212,212,94,2.2553,35,2,0.0,2856
7726,7726,294,294,88,3.3409,31,5,0.0,3586
7727,7727,0,0,0,0.0,44,2,0.0,2497
7728,7728,143,143,48,2.9792,54,4,0.0,3265
7729,7729,283,283,77,3.6753,4,4,0.0,4071
7730,7730,152,152,45,3.3778,6,5,0.0,3953
7731,7731,279,279,111,2.5135,33,3,0.0,1787
7732,7732,165,165,101,1.6337,30,2,0.736,2203
7733,7733,95,95,36,2.6389,6,3,0.0,1295
7734,7734,343,343,102,3.3627,26,3,0.0,2555
7735,7735,180,180,64,2.8125,37,2,0.0,1114
7736,7736,330,330,109,3.0275,25,3,0.0,2234
7737,7737,117,117,39,3.0,13,2,0.0,2584
7738,7738,134,134,63,2.127,21,3,0.0,3480
7739,7739,110,110,37,2.973,15,2,1.804,2177
7740,7740,121,121,41,2.9512,63,2,1.539,2177
7741,7741,237,237,95,2.4947,0,3,0.0,2375
7742,7742,238,238,76,3.1316,38,5,0.0,3708
7743,7743,14,14,7,2.0,74,2,9.571,2113
7744,7744,338,338,125,2.704,39,4,0.0,3730
7745,7745,0,0,0,0.0,0,3,0.0,2392
7746,7746,115,115,60,1.9167,131,2,0.872,2339
7747,7747,137,137,49,2.7959,24,5,0.0,4340
7748,7748,173,173,47,3.6809,3,4,0.0,4070
7749,7749,66,66,24,2.75,0,5,0.0,3999
7750,7750,275,275,80,3.4375,124,4,0.0,3338
7751,7751,403,403,95,4.2421,28,4,0.0,3483
7752,7752,122,122,37,3.2973,19,2,0.0,3016
7753,7753,0,0,0,0.0,3201,2,0.0,2384
7754,7754,61,61,25,2.44,15,3,0.0,1032
7755,7755,174,174,52,3.3462,17,4,0.0,3542
7756,7756,0,0,0,0.0,486,4,0.0,3239
7757,7757,1199,1199,435,2.7563,237,4,0.0,2736
7758,7758,105,105,33,3.1818,17,5,0.0,4015
7759,7759,0,0,0,0.0,173,3,0.0,1801
7760,7760,169,169,93,1.8172,127,2,7.983,2142
7761,7761,974,974,328,2.9695,52,3,0.0,1782
7762,7762,251,251,74,3.3919,110,2,0.0,3848
7763,7763,244,244,96,2.5417,20,5,0.0,4081
7764,7764,0,0,0,0.0,11,3,0.0,1561
7765,7765,0,0,0,0.0,2618,3,0.0,2754
7766,7766,0,0,0,0.0,77,3,0.0,2445
7767,7767,0,0,0,0.0,1026,3,0.0,1990
7768,7768,314,314,89,3.5281,33,3,0.0,2274
7769,7769,116,116,49,2.3673,7,3,0.0,962
7770,7770,0,0,0,0.0,0,4,0.0,4558
7771,7771,84,84,28,3.0,15,3,0.0,2373
7772,7772,317,317,111,2.8559,23,5,0.0,4238
7773,7773,377,377,132,2.8561,41,5,0.0,4376
7774,7774,324,324,104,3.1154,9,4,0.0,3734
7775,7775,395,395,261,1.5134,57,1,25.344,1717
7776,7776,0,0,0,0.0,0,2,0.0,2644
7777,7777,116,116,62,1.871,19,2,0.44,2391
7778,7778,6,6,2,3.0,51,5,0.0,3575
7779,7779,0,0,0,0.0,1013,3,0.0,1833
7780,7780,130,130,44,2.9545,17,3,0.0,1960
7781,7781,0,0,0,0.0,1018,4,0.0,3003
7782,7782,414,346,132,2.6212,30,4,6.076,2852
7783,7783,156,156,101,1.5446,50,2,9.568,1811
7784,7784,289,289,87,3.3218,17,4,0.0,4321
7785,7785,0,0,0,0.0,251,3,0.0,1699
7786,7786,113,113,50,2.26,23,3,0.0,3225
7787,7787,746,746,266,2.8045,58,5,0.0,4415
7788,7788,546,546,185,2.9514,30,3,0.0,3639
7789,7789,606,606,193,3.1399,14,6,0.0,17
7790,7790,144,81,28,2.8929,225,2,0.0,2960
7791,7791,142,142,57,2.4912,9,3,0.0,1310
7792,7792,280,280,71,3.9437,21,2,0.0,2880
7793,7793,202,202,50,4.04,13,3,0.0,2566
7794,7794,100,100,30,3.3333,12,3,0.0,3292
7795,7795,342,342,103,3.3204,25,3,0.0,1788
7796,7796,0,0,0,0.0,0,4,0.0,4176
7797,7797,100,100,41,2.439,63,3,0.0,423
7798,7798,309,309,97,3.1856,22,4,0.0,4070
7799,7799,106,106,61,1.7377,24,2,6.666,1652
7800,7800,266,266,90,2.9556,22,3,0.0,1782
7801,7801,235,235,67,3.5075,38,3,0.0,2139
7802,7802,22,22,8,2.75,53,3,0.0,2587
7803,7803,0,0,0,0.0,1234,3,6.093,1258
7804,7804,422,422,152,2.7763,26,4,0.0,4175
7805,7805,239,239,100,2.39,19,3,0.0,1855
7806,7806,119,119,54,2.2037,17,5,0.0,3777
7807,7807,147,147,53,2.7736,1,5,0.0,4065
7808,7808,190,190,72,2.6389,22,5,0.0,4083
7809,7809,3,0,0,0.0,0,2,17.734,1935
7810,7810,175,175,59,2.9661,57,4,0.0,2978
7811,7811,274,274,71,3.8592,33,4,0.0,3519
7812,7812,419,419,183,2.2896,44,2,0.0,3537
7813,7813,0,0,0,0.0,20,2,0.0,2690
7814,7814,203,203,89,2.2809,40,3,0.0,2836
7815,7815,274,274,120,2.2833,26,3,0.0,2848
7816,7816,243,243,84,2.8929,23,4,0.0,2575
7817,7817,334,334,114,2.9298,50,4,0.0,3876
7818,7818,91,91,31,2.9355,3,5,0.0,3973
7819,7819,276,276,74,3.7297,153,5,0.0,3878
7820,7820,206,206,87,2.3678,37,3,0.0,3237
7821,7821,327,327,103,3.1748,183,2,1.592,3180
7822,7822,53,53,21,2.5238,13,5,0.0,4142
7823,7823,0,0,0,0.0,93,4,0.0,4176
7824,7824,0,0,0,0.0,906,3,0.783,1425
7825,7825,191,191,113,1.6903,58,2,9.978,1804
7826,7826,463,463,174,2.6609,57,3,0.0,3598
7827,7827,94,94,41,2.2927,4,2,0.0,3619
7828,7828,185,185,54,3.4259,32,5,0.0,4469
7829,7829,0,0,0,0.0,781,3,0.0,1565
7830,7830,0,0,0,0.0,379,3,0.0,2703
7831,7831,117,117,39,3.0,16,5,0.0,3898
7832,7832,89,89,44,2.0227,25,5,1.639,3923
7833,7833,56,0,0,0.0,0,2,17.472,1381
7834,7834,372,372,124,3.0,36,2,0.189,2601
7835,7835,205,205,65,3.1538,25,2,1.601,3180
7836,7836,337,337,134,2.5149,27,2,0.0,3465
7837,7837,0,0,0,0.0,96,5,0.0,4058
7838,7838,147,147,62,2.371,20,3,0.0,2863
7839,7839,31,31,13,2.3846,2,2,0.889,1448
7840,7840,11,11,3,3.6667,378,2,0.0,3366
7841,7841,197,197,66,2.9848,6,5,0.0,4556
7842,7842,192,192,72,2.6667,26,3,0.0,1092
7843,7843,182,182,66,2.7576,48,3,0.0,1558
7844,7844,165,165,56,2.9464,24,3,0.0,2233
7845,7845,40,40,11,3.6364,13,2,0.0,2574
7846,7846,0,0,0,0.0,2459,3,0.0,973
7847,7847,109,109,44,2.4773,22,3,0.0,1361
7848,7848,261,261,98,2.6633,310,3,4.397,3377
7849,7849,54,0,0,0.0,114,3,0.0,3336
7850,7850,9,9,4,2.25,760,5,0.0,3573
7851,7851,69,69,28,2.4643,14,3,0.0,1312
7852,7852,77,77,22,3.5,14,5,0.0,4429
7853,7853,189,189,47,4.0213,16,3,0.0,2573
7854,7854,329,329,119,2.7647,43,4,0.0,4178
7855,7855,589,589,171,3.4444,48,4,0.0,4174
7856,7856,12,12,5,2.4,257,2,5.915,1526
7857,7857,127,127,38,3.3421,18,2,1.434,2210
7858,7858,208,208,64,3.25,9,3,0.0,2123
7859,7859,162,162,59,2.7458,14,3,0.0,2974
7860,7860,228,228,95,2.4,25,6,0.0,95
7861,7861,42,42,13,3.2308,12,2,0.0,2737
7862,7862,393,393,144,2.7292,22,5,0.0,4177
7863,7863,0,0,0,0.0,154,5,0.0,4292
7864,7864,0,0,0,0.0,15,2,0.0,2533
7865,7865,267,267,172,1.5523,38,2,8.422,1745
7866,7866,153,153,53,2.8868,6,3,0.0,1445
7867,7867,456,456,263,1.7338,64,1,23.461,1670
7868,7868,174,174,87,2.0,387,3,0.0,600
7869,7869,243,243,91,2.6703,39,3,0.0,3598
7870,7870,312,312,102,3.0588,25,5,0.0,3662
7871,7871,0,0,0,0.0,304,4,0.0,3771
7872,7872,194,194,63,3.0794,20,5,0.0,3783
7873,7873,354,354,91,3.8901,23,3,0.0,2239
7874,7874,162,158,63,2.5079,22,3,0.0,1787
7875,7875,165,165,42,3.9286,19,4,0.0,3640
7876,7876,287,287,83,3.4578,17,5,0.0,4269
7877,7877,152,152,56,2.7143,104,5,0.0,4280
7878,7878,286,286,86,3.3256,30,2,0.0,3101
7879,7879,174,174,60,2.9,16,2,0.0,2872
7880,7880,96,96,42,2.2857,5,2,0.0,3523
7881,7881,66,66,36,1.8333,22,2,0.325,2262
7882,7882,109,109,45,2.4222,11,5,0.0,3649
7883,7883,6412,0,0,0.0,9,3,8.533,811
7884,7884,144,144,54,2.6667,39,3,0.0,3495
7885,7885,0,0,0,0.0,554,3,0.0,3656
7886,7886,58,58,28,2.0714,26,6,0.0,477
7887,7887,0,0,0,0.0,1180,3,4.32,2269
7888,7888,205,205,80,2.5625,61,4,0.0,2298
7889,7889,188,188,67,2.806,37,3,0.0,3578
7890,7890,321,306,82,3.7317,83,4,0.0,3083
7891,7891,0,0,0,0.0,152,4,0.0,4427
7892,7892,6,0,0,0.0,2739,3,0.0,2790
7893,7893,229,229,102,2.2451,17,3,0.0,3009
7894,7894,817,817,276,2.9601,53,4,0.0,4121
7895,7895,164,164,40,4.1,15,2,0.0,3246
7896,7896,135,135,45,3.0,15,2,0.0,3322
7897,7897,727,711,246,2.8902,69,2,0.0,2961
7898,7898,91,91,27,3.3704,12,2,0.0,3804
7899,7899,0,0,0,0.0,123,1,23.164,1671
7900,7900,212,212,78,2.7179,16,3,0.0,2993
7901,7901,170,170,67,2.5373,22,5,0.0,4075
7902,7902,45,45,15,3.0,23,2,0.0,3322
7903,7903,179,179,65,2.7538,25,3,0.0,1558
7904,7904,360,360,142,2.5352,27,2,0.0,3025
7905,7905,14,14,4,3.5,32,2,0.0,2797
7906,7906,28,28,11,2.5455,83,2,0.0,3256
7907,7907,0,0,0,0.0,190,4,0.0,3001
7908,7908,474,474,137,3.4599,50,2,0.0,3034
7909,7909,446,446,170,2.6235,63,4,2.371,2828
7910,7910,0,0,0,0.0,0,4,0.0,3546
7911,7911,416,416,172,2.4186,47,3,0.0,1293
7912,7912,0,0,0,0.0,225,3,0.0,3766
7913,7913,630,627,161,3.8944,43,2,0.0,3311
7914,7914,255,255,85,3.0,18,2,0.0,2726
7915,7915,110,110,39,2.8205,3,3,0.0,1512
7916,7916,207,207,72,2.875,23,5,0.0,3952
7917,7917,267,267,63,4.2381,8,4,0.0,3483
7918,7918,57,57,21,2.7143,32,2,0.0,3725
7919,7919,256,256,102,2.5098,26,3,1.733,1609
7920,7920,78,78,45,1.7333,5,2,0.564,2214
7921,7921,146,146,37,3.9459,17,2,0.0,2713
7922,7922,72,72,35,2.0571,32,3,0.0,347
7923,7923,753,753,266,2.8308,52,5,0.0,4350
7924,7924,192,192,76,2.5263,25,3,0.0,1787
7925,7925,219,219,92,2.3804,17,6,5.413,44
7926,7926,0,0,0,0.0,1032,3,0.0,1976
7927,7927,356,356,207,1.7198,373,3,0.0,1617
7928,7928,0,0,0,0.0,0,3,0.0,2101
7929,7929,200,200,67,2.9851,17,5,0.0,3790
7930,7930,0,0,0,0.0,85,6,0.0,56
7931,7931,604,604,190,3.1789,48,3,0.0,2102
7932,7932,29,29,11,2.6364,14,5,0.0,4080
7933,7933,198,198,51,3.8824,14,2,0.0,3509
7934,7934,0,0,0,0.0,297,3,0.0,838
7935,7935,89,89,34,2.6176,16,3,4.372,3320
7936,7936,59,59,33,1.7879,19,2,7.16,1629
7937,7937,214,0,0,0.0,477,3,1.503,1739
7938,7938,62,62,34,1.8235,3,3,0.0,617
7939,7939,58,58,15,3.8667,3,4,0.0,3519
7940,7940,0,0,0,0.0,180,2,0.458,2635
7941,7941,782,782,347,2.2536,77,3,0.0,3053
7942,7942,119,119,59,2.0169,23,6,0.0,105
7943,7943,203,203,60,3.3833,15,2,0.0,3804
7944,7944,792,792,263,3.0114,69,5,0.0,4552
7945,7945,250,250,76,3.2895,23,2,0.0,3016
7946,7946,129,129,61,2.1148,21,3,0.0,1308
7947,7947,1279,1279,320,3.9969,57,4,0.0,3401
7948,7948,391,391,98,3.9898,24,4,0.0,4366
7949,7949,186,186,55,3.3818,7,5,0.0,3988
7950,7950,231,231,69,3.3478,23,4,0.0,3267
7951,7951,0,0,0,0.0,527,6,0.0,88
7952,7952,63,0,0,0.0,78,3,0.0,1061
7953,7953,49,49,23,2.1304,16,3,0.0,1206
7954,7954,0,0,0,0.0,0,3,5.563,2362
7955,7955,134,134,40,3.35,33,4,0.0,3267
7956,7956,0,0,0,0.0,80,3,0.0,1351
7957,7957,87,87,32,2.7188,19,5,0.0,4080
7958,7958,434,434,131,3.313,39,3,0.0,1790
7959,7959,0,0,0,0.0,216,5,0.0,3688
7960,7960,0,0,0,0.0,119,3,0.0,1174
7961,7961,339,339,148,2.2905,19,3,0.0,2617
7962,7962,1102,1102,516,2.1357,134,3,0.0,931
7963,7963,202,202,80,2.525,52,3,0.0,789
7964,7964,0,0,0,0.0,0,5,0.0,4526
7965,7965,0,0,0,0.0,97,5,0.0,3957
7966,7966,97,97,42,2.3095,17,5,0.0,3972
7967,7967,0,0,0,0.0,595,3,0.686,1425
7968,7968,272,272,108,2.5185,23,3,0.0,2905
7969,7969,593,593,352,1.6847,31,3,0.0,2122
7970,7970,25,25,11,2.2727,21,2,0.0,795
7971,7971,222,222,67,3.3134,35,3,0.0,1790
7972,7972,0,0,0,0.0,0,5,0.0,3957
7973,7973,261,261,72,3.625,5,4,0.0,4260
7974,7974,270,270,101,2.6733,67,5,0.0,4066
7975,7975,0,0,0,0.0,66,2,0.0,2620
7976,7976,153,153,38,4.0263,4,2,0.0,2394
7977,7977,252,252,82,3.0732,166,4,0.0,2682
7978,7978,142,142,39,3.641,16,2,0.0,3029
7979,7979,129,129,40,3.225,185,6,1.182,19
7980,7980,691,691,171,4.0409,69,4,0.0,3440
7981,7981,229,229,114,2.0088,41,2,0.0,2513
7982,7982,139,139,62,2.2419,48,2,0.0,2547
7983,7983,222,222,74,3.0,17,3,0.0,2545
7984,7984,0,0,0,0.0,839,3,0.0,3418
7985,7985,0,0,0,0.0,0,3,0.0,1017
7986,7986,231,231,84,2.75,25,3,0.0,1632
7987,7987,175,175,107,1.6355,33,2,1.327,2203
7988,7988,75,75,27,2.7778,48,3,0.0,2261
7989,7989,0,0,0,0.0,23,2,0.0,2238
7990,7990,618,618,155,3.9871,52,4,0.0,4329
7991,7991,618,618,155,3.9871,41,4,0.0,4329
7992,7992,0,0,0,0.0,119,4,0.0,3526
7993,7993,100,100,43,2.3256,40,6,0.0,73
7994,7994,100,100,51,1.9608,20,6,0.0,63
7995,7995,28,28,11,2.5455,1,2,0.0,3496
7996,7996,112,112,47,2.383,33,3,0.0,551
7997,7997,147,147,58,2.5345,6,3,0.0,2396
7998,7998,0,0,0,0.0,722,3,0.0,1012
7999,7999,0,0,0,0.0,10,3,0.0,1998
8000,8000,225,225,137,1.6423,30,2,2.257,2105
8001,8001,0,0,0,0.0,0,3,0.0,2230
8002,8002,117,117,43,2.7209,17,5,0.0,3574
8003,8003,154,154,43,3.5814,19,2,0.0,2935
8004,8004,142,142,56,2.5357,8,5,0.0,4231
8005,8005,155,155,54,2.8704,27,2,7.865,3425
8006,8006,84,84,49,1.7143,14,2,2.049,1518
8007,8007,37,37,14,2.6429,32,5,0.0,4074
8008,8008,9,9,3,3.0,0,5,0.0,4254
8009,8009,372,372,187,1.9893,66,3,0.0,1423
8010,8010,237,237,98,2.4184,3,6,0.0,55
8011,8011,207,207,72,2.875,19,5,0.0,3952
8012,8012,283,283,80,3.5375,37,3,0.0,2231
8013,8013,162,162,74,2.1892,45,2,0.0,2661
8014,8014,293,293,95,3.0842,58,5,0.0,4196
8015,8015,494,494,177,2.791,59,5,0.0,4340
8016,8016,486,486,133,3.6541,39,2,0.0,3490
8017,8017,97,97,36,2.6944,18,5,0.0,4057
8018,8018,0,0,0,0.0,921,3,0.0,1892
8019,8019,242,242,79,3.0633,19,5,0.0,3717
8020,8020,0,0,0,0.0,161,2,0.0,3634
8021,8021,0,0,0,0.0,0,4,0.0,4031
8022,8022,13,13,5,2.6,184,6,7.419,35
8023,8023,198,198,65,3.0462,11,5,0.0,4110
8024,8024,261,261,74,3.527,40,3,0.0,2274
8025,8025,48,48,13,3.6923,2,5,0.0,4526
8026,8026,365,365,108,3.3796,37,3,0.0,2555
8027,8027,153,153,39,3.9231,30,2,0.0,2759
8028,8028,126,126,32,3.9375,21,2,0.0,2723
8029,8029,136,136,42,3.2381,18,3,0.0,2325
8030,8030,0,0,0,0.0,80,5,0.0,3706
8031,8031,169,169,73,2.3151,41,2,0.011,2253
8032,8032,167,167,59,2.8305,18,5,0.0,4265
8033,8033,36,36,12,3.0,1,5,0.0,4620
8034,8034,366,366,137,2.6715,30,5,0.0,4099
8035,8035,0,0,0,0.0,260,3,0.0,1974
8036,8036,382,382,131,2.916,97,3,0.0,1468
8037,8037,190,190,72,2.6389,19,3,0.0,3228
8038,8038,0,0,0,0.0,1277,3,4.138,980
8039,8039,0,0,0,0.0,270,3,0.0,2212
8040,8040,0,0,0,0.0,17,4,0.0,4438
8041,8041,162,162,91,1.7802,24,2,1.249,2271
8042,8042,0,0,0,0.0,355,2,0.0,2497
8043,8043,54,54,32,1.6875,21,2,7.718,1705
8044,8044,32,32,11,2.9091,26,3,0.0,3514
8045,8045,0,0,0,0.0,60,4,7.023,4186
8046,8046,418,418,127,3.2913,40,2,0.0,3002
8047,8047,92,74,38,1.9474,16,2,0.0,873
8048,8048,147,147,49,3.0,17,5,4.281,3871
8049,8049,214,214,93,2.3011,47,2,1.171,2205
8050,8050,124,124,72,1.7222,22,2,0.78,2416
8051,8051,184,184,92,2.0,27,5,0.0,3923
8052,8052,314,314,107,2.9346,27,5,0.0,3973
8053,8053,0,0,0,0.0,0,3,0.0,3759
8054,8054,29,29,13,2.2308,14,3,0.0,541
8055,8055,0,0,0,0.0,413,3,0.0,3853
8056,8056,41,41,17,2.4118,19,2,10.115,1487
8057,8057,297,297,99,3.0,21,2,0.0,3355
8058,8058,277,277,88,3.1477,17,4,0.0,3576
8059,8059,369,369,99,3.7273,85,5,0.0,3877
8060,8060,176,176,106,1.6604,35,3,0.0,622
8061,8061,0,0,0,0.0,78,5,0.0,3806
8062,8062,114,114,45,2.5333,6,3,0.0,1297
8063,8063,128,128,64,2.0,23,2,0.0,2513
8064,8064,184,184,70,2.6286,703,5,0.0,4358
8065,8065,148,148,50,2.96,16,5,0.0,4510
8066,8066,107,82,32,2.5625,139,4,0.0,3250
8067,8067,256,256,81,3.1605,18,4,0.0,3481
8068,8068,184,184,62,2.9677,16,4,0.0,2978
8069,8069,0,0,0,0.0,251,2,0.0,2639
8070,8070,0,0,0,0.0,2305,3,0.0,2838
8071,8071,91,91,34,2.6765,13,3,0.0,3893
8072,8072,316,316,116,2.7241,33,5,0.0,3650
8073,8073,1333,1333,678,1.9661,145,2,0.0,930
8074,8074,561,561,180,3.1167,125,5,0.0,4387
8075,8075,6,6,4,1.5,484,1,22.355,1846
8076,8076,0,0,0,0.0,259,2,0.0,2893
8077,8077,280,280,86,3.2558,19,2,0.0,2616
8078,8078,171,171,77,2.2208,19,3,0.0,3286
8079,8079,654,654,204,3.2059,79,4,0.0,4061
8080,8080,93,93,54,1.7222,22,2,0.586,2416
8081,8081,539,539,160,3.3687,29,4,1.928,3968
8082,8082,218,218,58,3.7586,31,5,0.0,3808
8083,8083,174,174,68,2.5588,7,3,0.0,2143
8084,8084,150,150,53,2.8302,17,3,0.0,2333
8085,8085,56,56,23,2.4348,26,3,0.0,377
8086,8086,0,0,0,0.0,495,3,0.0,2235
8087,8087,391,391,98,3.9898,29,4,0.0,4366
8088,8088,352,352,258,1.3643,163,1,21.875,1826
8089,8089,137,137,34,4.0294,17,2,0.0,2394
8090,8090,322,322,80,4.025,17,4,0.0,3440
8091,8091,0,0,0,0.0,1698,3,5.667,1195
8092,8092,158,158,60,2.6333,25,5,0.0,3529
8093,8093,235,235,67,3.5075,25,2,0.0,3477
8094,8094,420,420,131,3.2061,23,4,0.0,4053
8095,8095,0,0,0,0.0,1963,4,1.559,4020
8096,8096,102,102,26,3.9231,3,4,0.0,3637
8097,8097,108,108,54,2.0,27,2,0.0,2513
8098,8098,358,358,184,1.9457,41,3,0.0,764
8099,8099,0,0,0,0.0,444,2,0.0,2845
8100,8100,0,0,0,0.0,163,3,0.0,2232
8101,8101,11,11,4,2.75,354,5,0.0,4448
8102,8102,103,103,37,2.7838,19,2,0.0,3608
8103,8103,47,47,18,2.6111,15,2,1.589,2979
8104,8104,282,282,128,2.2031,42,2,0.0,2699
8105,8105,96,96,48,2.0,84,5,0.0,3991
8106,8106,8,0,0,0.0,34,3,0.0,1787
8107,8107,388,388,131,2.9618,55,4,0.0,3921
8108,8108,0,0,0,0.0,0,3,0.0,2530
8109,8109,0,0,0,0.0,0,2,0.0,2124
8110,8110,202,202,72,2.8056,24,2,0.0,1084
8111,8111,420,420,206,2.0388,119,6,0.0,94
8112,8112,24,24,10,2.4,2,3,0.0,794
8113,8113,143,143,55,2.6,16,6,0.0,116
8114,8114,37,37,9,4.1111,27,2,0.0,3232
8115,8115,183,183,64,2.8594,41,3,0.0,3587
8116,8116,247,247,82,3.0122,19,5,0.0,3945
8117,8117,0,0,0,0.0,577,3,0.0,1206
8118,8118,384,384,105,3.6571,28,4,1.464,3559
8119,8119,81,81,37,2.1892,18,3,0.0,2374
8120,8120,0,0,0,0.0,0,5,0.0,3984
8121,8121,81,81,39,2.0769,97,3,0.0,390
8122,8122,194,194,75,2.5867,14,4,0.0,3346
8123,8123,118,118,42,2.8095,2,5,0.0,4067
8124,8124,21,21,6,3.5,40,2,0.0,3804
8125,8125,114,114,68,1.6765,19,3,0.0,2104
8126,8126,26,26,7,3.7143,0,2,0.0,3154
8127,8127,0,0,0,0.0,3580,3,23.065,1029
8128,8128,66,66,32,2.0625,14,3,0.0,629
8129,8129,574,574,204,2.8137,95,6,0.0,155
8130,8130,205,205,72,2.8472,21,5,0.0,4166
8131,8131,243,243,70,3.4714,21,2,0.0,3682
8132,8132,87,62,17,3.6471,58,2,0.0,3259
8133,8133,0,0,0,0.0,408,3,0.0,1952
8134,8134,499,499,160,3.1187,69,6,0.0,153
8135,8135,759,759,255,2.9765,53,2,0.0,3908
8136,8136,687,687,229,3.0,1534,3,0.0,2270
8137,8137,74,59,19,3.1053,127,3,0.0,2370
8138,8138,0,0,0,0.0,1970,3,0.0,3813
8139,8139,77,77,28,2.75,5,2,0.0,842
8140,8140,249,249,69,3.6087,21,2,0.0,3259
8141,8141,104,104,59,1.7627,18,2,7.715,1987
8142,8142,28,28,11,2.5455,28,2,0.0,3360
8143,8143,93,93,50,1.86,16,2,0.0,2399
8144,8144,683,683,220,3.1045,69,4,0.0,3974
8145,8145,252,252,120,2.1,24,3,0.0,1047
8146,8146,224,224,75,2.9867,36,3,0.0,2226
8147,8147,183,183,67,2.7313,21,5,0.0,3635
8148,8148,0,0,0,0.0,6308,3,0.0,3820
8149,8149,240,240,78,3.0769,17,3,0.0,3459
8150,8150,0,0,0,0.0,17,2,0.0,2871
8151,8151,10,10,4,2.5,101,4,0.0,3099
8152,8152,329,329,90,3.6556,16,4,0.0,4071
8153,8153,17,0,0,0.0,1,5,0.0,4511
8154,8154,159,158,78,2.0256,22,2,0.111,2295
8155,8155,303,0,0,0.0,601,4,5.732,3060
8156,8156,176,176,79,2.2278,19,2,0.0,2479
8157,8157,498,498,222,2.2432,126,3,1.847,1975
8158,8158,0,0,0,0.0,131,4,0.0,3318
8159,8159,274,274,80,3.425,26,2,0.0,2554
8160,8160,164,164,52,3.1538,17,2,0.63,2776
8161,8161,24,24,9,2.6667,116,4,0.0,2852
8162,8162,400,0,0,0.0,6831,3,0.0,2032
8163,8163,192,192,63,3.0476,85,4,0.0,3511
8164,8164,550,550,137,4.0146,19,4,0.0,3458
8165,8165,255,255,91,2.8022,19,3,0.0,1560
8166,8166,287,287,86,3.3372,26,4,0.0,3448
8167,8167,0,0,0,0.0,343,1,22.993,1595
8168,8168,380,380,130,2.9231,24,3,0.0,3423
8169,8169,347,347,166,2.0904,40,5,0.0,4006
8170,8170,332,332,98,3.3878,26,2,0.0,3136
8171,8171,146,146,61,2.3934,52,6,4.014,50
8172,8172,104,104,52,2.0,33,5,4.275,3880
8173,8173,0,0,0,0.0,133,2,0.0,2690
8174,8174,10,10,5,2.0,195,5,3.877,3870
8175,8175,76,76,33,2.303,4,3,0.0,1374
8176,8176,0,0,0,0.0,281,4,0.0,4327
8177,8177,104,104,24,4.3333,36,2,0.0,2730
8178,8178,117,117,39,3.0,4,5,0.0,3888
8179,8179,3,0,0,0.0,53,3,0.0,3379
8180,8180,90,90,25,3.6,13,2,0.0,2923
8181,8181,743,743,247,3.0081,21,3,0.0,2545
8182,8182,68,68,34,2.0,112,5,4.766,3798
8183,8183,31,31,12,2.5833,17,2,0.0,2415
8184,8184,250,250,69,3.6232,18,6,0.0,45
8185,8185,0,0,0,0.0,0,2,0.0,2501
8186,8186,163,163,57,2.8596,94,5,0.0,4397
8187,8187,15,15,4,3.75,15,2,0.0,2583
8188,8188,35,35,20,1.75,95,2,3.079,1586
8189,8189,548,548,184,2.9783,20,5,0.0,4170
8190,8190,202,202,81,2.4938,25,3,0.0,1645
8191,8191,99,66,37,1.7838,34,2,0.159,733
8192,8192,278,278,83,3.3494,30,4,0.0,3210
8193,8193,153,153,64,2.3906,16,3,1.599,1959
8194,8194,364,286,102,2.8039,57,5,0.0,4448
8195,8195,8,8,4,2.0,60,3,0.0,2703
8196,8196,183,183,72,2.5417,23,3,0.0,2963
8197,8197,141,141,88,1.6023,20,2,0.282,572
8198,8198,76,76,30,2.5333,17,3,0.0,2379
8199,8199,0,0,0,0.0,422,4,0.0,2668
8200,8200,370,370,101,3.6634,6,4,0.0,4031
8201,8201,584,584,296,1.973,40,5,0.0,3762
8202,8202,0,0,0,0.0,76,2,3.24,1264
8203,8203,160,160,48,3.3333,30,5,0.0,3655
8204,8204,123,123,46,2.6739,5,5,0.0,4092
8205,8205,62,62,14,4.4286,11,2,0.0,2504
8206,8206,725,725,235,3.0851,132,4,0.0,3558
8207,8207,138,135,39,3.4615,16,2,0.0,3067
8208,8208,72,72,20,3.6,14,2,0.0,3130
8209,8209,334,334,87,3.8391,28,2,0.0,3705
8210,8210,110,110,36,3.0556,15,3,0.0,1237
8211,8211,0,0,0,0.0,0,2,0.0,828
8212,8212,0,0,0,0.0,255,3,0.0,2047
8213,8213,399,399,230,1.7348,20,1,23.304,1653
8214,8214,105,105,40,2.625,22,3,9.158,3320
8215,8215,317,317,132,2.4015,41,3,0.0,1008
8216,8216,0,0,0,0.0,206,6,0.0,107
8217,8217,3,3,1,3.0,0,2,0.0,3050
8218,8218,622,622,238,2.6134,78,3,3.615,3171
8219,8219,216,216,92,2.3478,23,3,0.0,2874
8220,8220,0,0,0,0.0,118,6,7.309,28
8221,8221,202,202,72,2.8056,41,5,0.0,4026
8222,8222,356,356,94,3.7872,68,4,0.0,3631
8223,8223,215,215,76,2.8289,51,4,0.0,2411
8224,8224,141,141,43,3.2791,71,4,0.0,3383
8225,8225,203,203,60,3.3833,516,5,0.0,3951
8226,8226,16,16,6,2.6667,14,5,0.0,4133
8227,8227,69,69,29,2.3793,3,3,0.0,2863
8228,8228,209,209,81,2.5802,191,2,0.0,2791
8229,8229,131,131,33,3.9697,2,2,0.0,2871
8230,8230,126,126,35,3.6,1,2,0.69,2614
8231,8231,40,40,11,3.6364,22,2,1.28,2570
8232,8232,269,269,90,2.9889,22,5,0.0,3898
8233,8233,123,123,46,2.6739,19,3,0.0,1016
8234,8234,0,0,0,0.0,671,3,0.0,3209
8235,8235,47,47,16,2.9375,98,2,0.0,2900
8236,8236,0,0,0,0.0,256,2,0.0,2751
8237,8237,39,39,20,1.95,3,2,0.0,807
8238,8238,5,5,3,1.6667,37,2,3.013,1403
8239,8239,18,18,8,2.25,13,3,0.0,2561
8240,8240,0,0,0,0.0,18,3,0.0,1312
8241,8241,161,161,90,1.7889,78,2,0.826,2308
8242,8242,511,511,148,3.4527,26,2,0.0,3592
8243,8243,6,6,2,3.0,22,5,0.0,4362
8244,8244,0,0,0,0.0,230,3,0.0,2375
8245,8245,0,0,0,0.0,210,4,0.0,4234
8246,8246,65,65,34,1.9118,25,6,0.0,80
8247,8247,243,243,121,2.0083,600,5,0.0,3728
8248,8248,408,408,145,2.8138,32,3,0.0,2310
8249,8249,0,0,0,0.0,256,2,0.0,2457
8250,8250,372,372,161,2.3106,23,3,0.0,1479
8251,8251,122,122,49,2.4898,19,3,0.0,2160
8252,8252,237,237,132,1.7955,100,2,0.931,2349
8253,8253,130,130,50,2.6,17,4,0.0,3992
8254,8254,129,129,78,1.6538,31,2,2.372,2105
8255,8255,208,208,75,2.7733,22,3,0.0,1482
8256,8256,66,66,34,1.9412,6,6,0.0,58
8257,8257,250,237,128,1.8516,23,3,0.0,889
8258,8258,134,134,41,3.2683,20,3,0.0,2123
8259,8259,469,469,136,3.4485,40,4,0.0,4173
8260,8260,89,89,30,2.9667,1631,4,0.0,3265
8261,8261,130,130,53,2.4528,16,5,0.0,3649
8262,8262,187,187,80,2.3375,28,5,4.463,3899
8263,8263,743,743,225,3.3022,280,3,0.0,1623
8264,8264,16,16,9,1.7778,12,2,3.118,1637
8265,8265,0,0,0,0.0,776,3,5.789,1199
8266,8266,0,0,0,0.0,1705,4,0.0,4244
8267,8267,281,281,160,1.7563,41,2,4.274,2095
8268,8268,26,26,10,2.6,25,5,0.0,4208
8269,8269,0,0,0,0.0,40,2,1.392,3049
8270,8270,0,0,0,0.0,48,5,0.844,3896
8271,8271,0,0,0,0.0,994,3,0.0,2093
8272,8272,0,0,0,0.0,0,3,0.0,2167
8273,8273,181,181,57,3.1754,9,2,6.866,3190
8274,8274,91,91,45,2.0222,14,4,0.0,2300
8275,8275,150,150,77,1.9481,448,2,0.0,1202
8276,8276,443,443,109,4.0642,121,2,0.0,1248
8277,8277,51,51,18,2.8333,16,2,0.0,1136
8278,8278,508,508,152,3.3421,152,5,0.0,3569
8279,8279,220,189,71,2.662,23,2,0.0,2637
8280,8280,38,38,16,2.375,3,3,0.0,1032
8281,8281,14,14,7,2.0,1288,3,5.981,413
8282,8282,3,3,1,3.0,0,3,0.0,3919
8283,8283,0,0,0,0.0,0,3,0.0,2122
8284,8284,7,7,2,3.5,48,2,0.0,2718
8285,8285,251,217,71,3.0563,216,5,0.0,4387
8286,8286,37,37,14,2.6429,1,5,0.0,4099
8287,8287,509,509,148,3.4392,141,5,0.0,4517
8288,8288,0,0,0,0.0,0,3,0.0,1330
8289,8289,0,0,0,0.0,0,3,0.0,1530
8290,8290,387,387,128,3.0234,60,3,0.0,1283
8291,8291,201,201,74,2.7162,27,3,0.0,1170
8292,8292,139,139,46,3.0217,18,3,0.0,2104
8293,8293,190,190,54,3.5185,14,4,0.0,4426
8294,8294,0,0,0,0.0,0,3,0.0,833
8295,8295,0,0,0,0.0,829,4,0.0,3014
8296,8296,235,235,72,3.2639,25,2,0.0,2571
8297,8297,0,0,0,0.0,0,3,0.0,1428
8298,8298,484,484,119,4.0672,63,2,8.735,1288
8299,8299,185,185,56,3.3036,17,2,0.0,3565
8300,8300,148,148,56,2.6429,73,5,0.0,3535
8301,8301,0,0,0,0.0,43,2,0.0,2994
8302,8302,119,119,33,3.6061,31,2,0.0,3130
8303,8303,325,325,104,3.125,23,4,0.0,3734
8304,8304,64,64,25,2.56,131,4,0.0,3325
8305,8305,288,168,79,2.1266,82,2,0.0,3045
8306,8306,107,107,54,1.9815,43,2,2.912,1598
8307,8307,95,95,44,2.1591,6,3,0.0,1028
8308,8308,218,218,113,1.9292,34,3,0.0,764
8309,8309,150,150,50,3.0,26,3,0.0,3784
8310,8310,11,11,4,2.75,40,5,0.0,4195
8311,8311,0,0,0,0.0,1177,3,0.0,2428
8312,8312,274,274,120,2.2833,21,3,0.0,3287
8313,8313,109,109,53,2.0566,146,4,5.973,3055
8314,8314,368,368,179,2.0559,240,4,5.684,3055
8315,8315,79,79,41,1.9268,46,2,0.0,744
8316,8316,153,153,58,2.6379,19,2,0.0,2422
8317,8317,21,21,7,3.0,18,3,0.0,3928
8318,8318,257,155,53,2.9245,170,2,0.0,2900
8319,8319,86,86,33,2.6061,18,3,0.0,1359
8320,8320,294,294,98,3.0,34,2,0.0,2726
8321,8321,303,303,119,2.5462,32,3,0.0,901
8322,8322,0,0,0,0.0,71,6,0.0,80
8323,8323,12,12,5,2.4,37,6,1.766,53
8324,8324,639,639,304,2.102,25,3,2.381,1049
8325,8325,226,226,82,2.7561,35,4,0.0,4178
8326,8326,428,428,117,3.6581,68,4,1.475,3498
8327,8327,0,0,0,0.0,0,6,0.0,153
8328,8328,487,407,202,2.0149,356,3,0.0,525
8329,8329,131,131,72,1.8194,18,3,2.984,603
8330,8330,120,120,62,1.9355,6,2,0.265,657
8331,8331,320,320,115,2.7826,20,5,0.0,4404
8332,8332,106,106,51,2.0784,26,3,3.878,375
8333,8333,86,32,15,2.1333,16,3,0.0,1115
8334,8334,352,352,161,2.1863,33,5,0.0,3710
8335,8335,177,177,63,2.8095,50,5,0.0,4102
8336,8336,112,112,29,3.8621,24,4,0.0,3567
8337,8337,177,177,44,4.0227,2,4,0.0,3467
8338,8338,27,27,7,3.8571,0,2,0.0,3050
8339,8339,55,55,19,2.8947,19,2,0.0,2918
8340,8340,253,253,90,2.8111,52,2,0.0,2477
8341,8341,214,214,64,3.3438,27,4,0.0,3267
8342,8342,118,118,47,2.5106,17,2,0.0,3360
8343,8343,0,0,0,0.0,0,5,0.0,4204
8344,8344,241,241,61,3.9508,26,2,0.0,2820
8345,8345,11,11,3,3.6667,11,2,0.0,2620
8346,8346,50,50,28,1.7857,56,2,6.099,1660
8347,8347,318,318,160,1.9875,36,3,0.0,1423
8348,8348,67,67,21,3.1905,102,2,0.0,2802
8349,8349,0,0,0,0.0,2146,3,0.0,2436
8350,8350,0,0,0,0.0,413,3,0.0,1988
8351,8351,164,164,65,2.5231,16,3,0.0,3075
8352,8352,120,120,69,1.7391,22,2,1.0,2215
8353,8353,0,0,0,0.0,184,2,11.831,1277
8354,8354,654,654,249,2.6265,32,5,0.0,4326
8355,8355,564,564,144,3.9167,48,4,0.0,3642
8356,8356,169,169,55,3.0727,3,3,0.0,3459
8357,8357,393,387,108,3.5833,35,4,0.0,3654
8358,8358,109,109,50,2.18,6,3,0.0,1023
8359,8359,124,124,47,2.6383,18,3,0.0,3598
8360,8360,0,0,0,0.0,0,4,0.0,3860
8361,8361,186,186,63,2.9524,12,2,0.0,3854
8362,8362,0,0,0,0.0,513,3,0.0,1120
8363,8363,133,133,53,2.5094,16,3,1.864,1609
8364,8364,341,341,121,2.8182,280,5,0.0,4356
8365,8365,147,147,51,2.8824,24,3,0.0,1439
8366,8366,195,195,66,2.9545,18,4,0.0,3406
8367,8367,470,470,125,3.76,35,5,0.0,3808
8368,8368,640,640,181,3.5359,78,3,0.0,2274
8369,8369,185,185,56,3.3036,132,3,0.0,1549
8370,8370,90,90,40,2.25,18,2,0.0,837
8371,8371,36,36,10,3.6,0,4,1.532,3559
8372,8372,47,47,20,2.35,80,5,0.0,3972
8373,8373,80,80,36,2.2222,22,2,0.0,2600
8374,8374,167,167,62,2.6935,115,4,0.0,2564
8375,8375,0,0,0,0.0,0,2,0.0,2186
8376,8376,200,200,76,2.6316,21,5,0.0,3687
8377,8377,367,367,121,3.0331,67,4,0.0,3277
8378,8378,214,214,64,3.3438,32,2,0.0,2228
8379,8379,0,0,0,0.0,220,3,0.0,3629
8380,8380,0,0,0,0.0,28,2,0.0,2562
8381,8381,376,376,134,2.806,26,3,0.0,1512
8382,8382,0,0,0,0.0,0,4,0.0,2772
8383,8383,0,0,0,0.0,119,3,0.0,2485
8384,8384,341,341,115,2.9652,16,2,0.0,3807
8385,8385,264,264,73,3.6164,21,2,0.0,3259
8386,8386,200,195,156,1.25,111,2,18.971,1853
8387,8387,0,0,0,0.0,831,2,0.0,3036
8388,8388,40,40,30,1.3333,409,1,22.797,1819
8389,8389,708,708,179,3.9553,37,2,0.0,2759
8390,8390,325,325,92,3.5326,33,4,0.0,4426
8391,8391,111,111,41,2.7073,84,5,0.0,4034
8392,8392,298,298,88,3.3864,22,5,0.0,3953
8393,8393,0,0,0,0.0,132,3,0.0,2555
8394,8394,0,0,0,0.0,10,3,3.552,1102
8395,8395,758,758,255,2.9725,56,5,0.0,4220
8396,8396,157,157,50,3.14,19,5,0.0,4364
8397,8397,0,0,0,0.0,0,3,0.0,1884
8398,8398,0,0,0,0.0,67,3,0.0,2242
8399,8399,0,0,0,0.0,15,3,0.0,3456
8400,8400,170,170,88,1.9318,21,2,0.24,657
8401,8401,596,596,185,3.2216,55,5,0.0,4206
8402,8402,34,30,10,3.0,16,5,0.0,4192
8403,8403,60,60,17,3.5294,2,2,0.0,3389
8404,8404,0,0,0,0.0,40,3,1.863,1789
8405,8405,0,0,0,0.0,157,2,2.014,2177
8406,8406,0,0,0,0.0,2866,3,5.461,1244
8407,8407,10,10,5,2.0,277,3,6.963,433
8408,8408,180,180,56,3.2143,32,2,0.0,3341
8409,8409,0,0,0,0.0,193,3,0.0,1230
8410,8410,132,132,44,3.0,16,5,0.0,3945
8411,8411,271,271,91,2.978,28,5,0.0,4199
8412,8412,307,307,89,3.4494,43,4,0.0,3388
8413,8413,109,109,37,2.9459,17,5,0.0,4501
8414,8414,118,118,40,2.95,23,5,0.0,4501
8415,8415,329,329,109,3.0183,51,4,0.0,4111
8416,8416,275,275,97,2.8351,15,5,0.0,4033
8417,8417,0,0,0,0.0,0,3,0.0,1600
8418,8418,0,0,0,0.0,488,6,0.0,88
8419,8419,401,401,126,3.1825,67,3,0.0,2100
8420,8420,0,0,0,0.0,69,7,0.0,4046
8421,8421,137,137,69,1.9855,8,3,0.0,1423
8422,8422,87,87,39,2.2308,13,3,0.0,3286
8423,8423,0,0,0,0.0,58,2,0.548,2635
8424,8424,95,95,34,2.7941,3,3,0.0,1440
8425,8425,0,0,0,0.0,54,3,0.982,1370
8426,8426,534,534,146,3.6575,38,2,0.0,3307
8427,8427,0,0,0,0.0,79,3,0.0,1510
8428,8428,294,294,96,3.0625,28,5,0.0,4063
8429,8429,0,0,0,0.0,0,3,0.0,2340
8430,8430,416,416,116,3.5862,34,4,0.0,3670
8431,8431,577,577,142,4.0634,24,4,0.0,3166
8432,8432,348,348,116,3.0,25,5,0.0,3945
8433,8433,224,224,80,2.8,30,5,0.0,4102
8434,8434,117,117,39,3.0,18,3,0.0,1736
8435,8435,154,154,66,2.3333,17,5,2.932,3925
8436,8436,359,359,118,3.0424,69,5,0.0,4387
8437,8437,135,69,23,3.0,264,2,0.0,3114
8438,8438,775,775,310,2.5,65,3,0.0,2046
8439,8439,0,0,0,0.0,0,3,0.0,1017
8440,8440,322,322,91,3.5385,50,3,0.0,2231
8441,8441,148,148,76,1.9474,114,2,0.0,986
8442,8442,117,117,44,2.6591,16,5,0.0,4092
8443,8443,636,636,270,2.3556,102,3,0.0,640
8444,8444,0,0,0,0.0,195,3,0.0,2910
8445,8445,0,0,0,0.0,0,3,0.43,3152
8446,8446,0,0,0,0.0,0,5,0.0,4656
8447,8447,238,238,76,3.1316,16,3,0.0,2283
8448,8448,248,248,72,3.4444,68,4,0.0,3268
8449,8449,457,457,157,2.9108,64,4,5.954,3125
8450,8450,176,176,54,3.2593,18,4,0.0,3383
8451,8451,372,372,123,3.0244,28,2,0.0,3120
8452,8452,0,0,0,0.0,0,4,0.0,2942
8453,8453,386,386,112,3.4464,20,5,0.0,3665
8454,8454,926,133,39,3.4103,18,2,4.081,3079
8455,8455,0,0,0,0.0,151,2,12.964,1602
8456,8456,51,51,18,2.8333,15,3,0.0,1441
8457,8457,202,202,67,3.0149,16,5,0.0,3898
8458,8458,315,315,93,3.3871,19,2,0.0,3825
8459,8459,310,310,100,3.1,85,4,0.0,3967
8460,8460,0,0,0,0.0,129,2,0.0,1069
8461,8461,323,323,100,3.23,23,3,0.0,2388
8462,8462,398,398,142,2.8028,48,3,0.0,1560
8463,8463,263,263,88,2.9886,186,2,0.485,2686
8464,8464,99,99,27,3.6667,12,4,1.515,3559
8465,8465,164,164,56,2.9286,25,4,0.0,3876
8466,8466,195,195,71,2.7465,22,4,6.346,2956
8467,8467,56,56,29,1.931,23,2,0.0,717
8468,8468,66,66,33,2.0,72,5,4.586,3930
8469,8469,121,121,74,1.6351,20,2,2.511,2105
8470,8470,597,597,363,1.6446,209,2,2.168,2105
8471,8471,40,40,17,2.3529,36,6,4.589,52
8472,8472,106,106,44,2.4091,20,3,0.0,474
8473,8473,0,0,0,0.0,655,5,0.0,4263
8474,8474,217,217,77,2.8182,16,5,0.0,4146
8475,8475,0,0,0,0.0,123,2,2.808,2115
8476,8476,164,164,64,2.5625,16,4,0.0,2378
8477,8477,144,144,53,2.717,47,3,0.0,1037
8478,8478,323,323,136,2.375,24,3,0.0,2758
8479,8479,97,97,42,2.3095,55,3,0.0,1534
8480,8480,48,48,16,3.0,22,5,0.0,4563
8481,8481,790,790,326,2.4233,38,6,0.0,155
8482,8482,54,54,20,2.7,17,5,0.0,4034
8483,8483,33,33,13,2.5385,1,2,0.0,2711
8484,8484,94,94,34,2.7647,6,2,0.0,3862
8485,8485,338,338,112,3.0179,28,4,0.0,4111
8486,8486,195,195,75,2.6,25,4,0.0,4093
8487,8487,0,0,0,0.0,433,4,0.0,3027
8488,8488,111,111,37,3.0,3,5,0.0,3890
8489,8489,0,0,0,0.0,138,3,0.0,2540
8490,8490,319,319,89,3.5843,28,4,0.0,3745
8491,8491,215,215,75,2.8667,5,5,0.0,4019
8492,8492,368,368,214,1.7196,1252,3,0.0,1532
8493,8493,921,921,467,1.9722,94,3,5.447,1195
8494,8494,67,67,28,2.3929,14,3,0.0,1349
8495,8495,484,386,172,2.2442,234,3,1.894,1975
8496,8496,0,0,0,0.0,13,2,2.427,1356
8497,8497,203,203,56,3.625,15,4,0.0,4260
8498,8498,150,150,54,2.7778,16,3,0.0,2261
8499,8499,9,9,4,2.25,249,5,0.0,3776
8500,8500,182,182,69,2.6377,22,2,0.0,2515
8501,8501,0,0,0,0.0,202,5,0.0,4219
8502,8502,103,103,43,2.3953,17,3,0.0,880
8503,8503,475,475,119,3.9916,27,4,0.0,4305
8504,8504,184,184,62,2.9677,98,4,0.0,4172
8505,8505,141,141,60,2.35,39,3,0.126,2910
8506,8506,203,203,54,3.7593,15,5,0.0,3868
8507,8507,0,0,0,0.0,0,3,8.509,3377
8508,8508,83,83,41,2.0244,16,3,0.0,600
8509,8509,39,39,13,3.0,12,3,0.0,2304
8510,8510,23,23,10,2.3,14,3,0.0,533
8511,8511,358,358,161,2.2236,49,2,0.0,2430
8512,8512,265,265,77,3.4416,84,4,0.0,3268
8513,8513,183,183,56,3.2679,55,4,0.0,3239
8514,8514,21,21,7,3.0,12,2,0.0,1136
8515,8515,0,0,0,0.0,0,4,0.0,4550
8516,8516,0,0,0,0.0,290,2,0.0,3605
8517,8517,659,659,165,3.9939,97,4,0.0,3721
8518,8518,305,305,84,3.631,23,5,0.0,4098
8519,8519,224,224,84,2.6667,22,5,0.0,4092
8520,8520,102,102,37,2.7568,2,3,0.0,2896
8521,8521,0,0,0,0.0,289,3,0.0,1113
8522,8522,0,0,0,0.0,400,5,0.0,4448
8523,8523,232,232,67,3.4627,19,2,0.0,3700
8524,8524,540,540,259,2.0849,376,5,0.0,3960
8525,8525,79,79,27,2.9259,13,2,0.0,2900
8526,8526,0,0,0,0.0,727,2,0.0,2650
8527,8527,0,0,0,0.0,4156,1,22.638,1798
8528,8528,189,189,54,3.5,19,2,0.0,3474
8529,8529,60,60,25,2.4,18,3,0.0,1099
8530,8530,210,210,70,3.0,17,2,0.0,2584
8531,8531,0,0,0,0.0,44,2,9.889,1765
8532,8532,108,108,36,3.0,13,5,0.0,4124
8533,8533,107,107,36,2.9722,16,3,0.0,3679
8534,8534,55,28,14,2.0,434,5,4.483,3787
8535,8535,45,45,18,2.5,51,2,1.746,3345
8536,8536,9,9,3,3.0,0,7,0.0,4046
8537,8537,351,351,87,4.0345,53,4,0.0,3946
8538,8538,309,299,108,2.7685,36,2,0.0,3862
8539,8539,0,0,0,0.0,1385,3,0.0,1225
8540,8540,18,18,10,1.8,41,2,0.332,2476
8541,8541,0,0,0,0.0,650,3,0.0,1995
8542,8542,0,0,0,0.0,146,2,0.761,2430
8543,8543,82,82,45,1.8222,16,3,0.0,617
8544,8544,273,273,70,3.9,25,2,0.0,3509
8545,8545,199,199,72,2.7639,25,3,0.0,2272
8546,8546,74,74,28,2.6429,60,3,0.0,1398
8547,8547,22,22,9,2.4444,103,2,0.0,3619
8548,8548,0,0,0,0.0,585,4,10.396,3641
8549,8549,0,0,0,0.0,26,6,8.943,24
8550,8550,90,90,28,3.2143,5,3,0.0,1230
8551,8551,0,0,0,0.0,170,3,0.0,3376
8552,8552,63,63,26,2.4231,15,3,0.0,1282
8553,8553,35,35,21,1.6667,26,2,8.015,1665
8554,8554,38,38,23,1.6522,13,2,7.846,1705
8555,8555,203,203,92,2.2065,23,2,0.67,2430
8556,8556,743,743,216,3.4398,77,4,0.0,3338
8557,8557,167,167,43,3.8837,21,2,0.0,3404
8558,8558,0,0,0,0.0,399,6,0.0,89
8559,8559,0,0,0,0.0,0,6,0.0,115
8560,8560,54,54,22,2.4545,16,2,0.0,1505
8561,8561,141,141,56,2.5179,17,3,0.0,3131
8562,8562,335,335,107,3.1308,39,5,0.0,4343
8563,8563,136,136,51,2.6667,9,2,0.0,2637
8564,8564,143,143,63,2.2698,24,3,0.0,3722
8565,8565,0,0,0,0.0,0,3,0.0,2122
8566,8566,160,160,52,3.0769,15,3,0.0,3450
8567,8567,0,0,0,0.0,702,3,0.0,833
8568,8568,0,0,0,0.0,452,3,0.0,2200
8569,8569,170,170,86,1.9767,50,5,4.49,3798
8570,8570,0,0,0,0.0,0,3,0.0,2688
8571,8571,254,254,84,3.0238,20,4,0.0,2697
8572,8572,284,284,112,2.5357,78,2,0.0,3010
8573,8573,1310,1310,562,2.331,132,3,3.977,1108
8574,8574,122,122,43,2.8372,22,4,0.0,2341
8575,8575,234,234,78,3.0,8,5,0.0,4124
8576,8576,188,188,80,2.35,36,3,0.0,558
8577,8577,155,155,60,2.5833,18,4,0.0,2378
8578,8578,0,0,0,0.0,4494,2,8.886,1766
8579,8579,363,363,123,2.9512,333,4,0.0,3091
8580,8580,0,0,0,0.0,558,3,4.371,1196
8581,8581,0,0,0,0.0,872,2,0.0,2496
8582,8582,0,0,0,0.0,2185,1,19.699,1818
8583,8583,171,171,72,2.375,18,3,1.627,1789
8584,8584,224,224,94,2.383,21,3,1.557,1915
8585,8585,4,4,1,4.0,0,5,0.0,4559
8586,8586,224,224,67,3.3433,19,4,0.0,2958
8587,8587,134,134,55,2.4364,29,5,4.65,3729
8588,8588,0,0,0,0.0,0,3,0.0,640
8589,8589,394,394,130,3.0308,18,4,0.0,2725
8590,8590,125,125,36,3.4722,12,2,0.0,3610
8591,8591,445,445,134,3.3209,25,4,0.0,4304
8592,8592,146,146,56,2.6071,79,2,0.0,2791
8593,8593,163,163,64,2.5469,18,3,0.0,3266
8594,8594,117,117,44,2.6591,25,3,0.0,1092
8595,8595,154,154,58,2.6552,31,3,0.0,1016
8596,8596,195,195,66,2.9545,65,4,6.684,3113
8597,8597,314,0,0,0.0,373,3,0.0,2862
8598,8598,275,275,87,3.1609,28,3,0.0,2862
8599,8599,0,0,0,0.0,110,2,0.0,3061
8600,8600,31,31,13,2.3846,18,6,2.387,52
8601,8601,0,0,0,0.0,46,4,0.0,2844
8602,8602,230,230,79,2.9114,6,4,0.0,3283
8603,8603,163,163,52,3.1346,26,2,0.614,2776
8604,8604,299,299,118,2.5339,55,3,5.266,814
8605,8605,98,93,32,2.9062,18,3,0.0,3587
8606,8606,200,200,73,2.7397,23,3,0.0,1559
8607,8607,90,90,33,2.7273,12,3,0.0,2849
8608,8608,673,673,258,2.6085,35,3,0.0,2710
8609,8609,0,0,0,0.0,4144,3,0.0,1396
8610,8610,76,76,21,3.619,33,2,0.0,2338
8611,8611,194,170,57,2.9825,31,5,0.0,4407
8612,8612,306,306,108,2.8333,29,3,0.0,2225
8613,8613,1149,1149,344,3.3401,138,4,0.0,3437
8614,8614,204,204,61,3.3443,40,2,0.0,2770
8615,8615,184,184,60,3.0667,25,5,0.0,3783
8616,8616,138,138,49,2.8163,50,4,0.0,2411
8617,8617,67,42,16,2.625,123,5,0.0,4194
8618,8618,259,259,82,3.1585,37,3,0.0,2862
8619,8619,72,72,43,1.6744,5,2,10.089,1677
8620,8620,194,194,63,3.0794,19,3,0.0,1290
8621,8621,298,298,88,3.3864,24,2,0.0,3843
8622,8622,2,2,1,2.0,0,3,0.0,3738
8623,8623,379,379,118,3.2119,43,5,0.0,4140
8624,8624,342,0,0,0.0,640,2,0.385,2327
8625,8625,83,80,32,2.5,62,3,0.0,1361
8626,8626,224,224,64,3.5,24,3,0.0,2163
8627,8627,398,398,181,2.1989,37,5,0.0,3645
8628,8628,0,0,0,0.0,208,2,0.0,925
8629,8629,0,0,0,0.0,610,3,0.0,2174
8630,8630,474,474,163,2.908,26,2,7.127,3310
8631,8631,119,119,31,3.8387,14,2,0.0,3768
8632,8632,1104,1104,397,2.7809,43,3,0.0,2314
8633,8633,540,540,230,2.3478,22,5,5.403,3829
8634,8634,0,0,0,0.0,755,2,13.762,1277
8635,8635,267,267,89,3.0,31,2,0.0,2524
8636,8636,332,332,112,2.9643,45,4,0.0,4172
8637,8637,155,155,55,2.8182,35,5,0.0,4541
8638,8638,811,811,354,2.291,29,3,1.768,1109
8639,8639,149,149,56,2.6607,10,3,0.0,1103
8640,8640,566,566,158,3.5823,44,4,0.0,3702
8641,8641,132,132,42,3.1429,14,4,0.0,3695
8642,8642,149,149,67,2.2239,19,3,0.0,3286
8643,8643,0,0,0,0.0,0,3,0.0,3031
8644,8644,0,0,0,0.0,457,5,0.0,4223
8645,8645,302,302,89,3.3933,26,2,0.0,3136
8646,8646,147,147,58,2.5345,20,5,0.0,4167
8647,8647,112,112,50,2.24,20,2,0.0,837
8648,8648,0,0,0,0.0,0,3,0.0,1330
8649,8649,204,204,70,2.9143,21,4,6.235,3151
8650,8650,155,155,39,3.9744,14,4,0.0,3401
8651,8651,25,25,11,2.2727,299,2,0.682,2757
8652,8652,127,127,48,2.6458,39,2,0.0,2466
8653,8653,356,356,103,3.4563,27,2,0.0,3034
8654,8654,61,61,30,2.0333,6,2,0.0,2513
8655,8655,360,360,108,3.3333,43,5,0.0,3663
8656,8656,112,112,60,1.8667,163,3,1.331,654
8657,8657,441,441,186,2.371,40,3,0.0,3566
8658,8658,421,421,163,2.5828,27,3,0.0,2587
8659,8659,257,257,64,4.0156,3,4,0.0,3440
8660,8660,185,185,47,3.9362,20,2,0.0,2713
8661,8661,223,223,80,2.7875,21,3,0.0,1523
8662,8662,203,203,87,2.3333,21,3,0.0,3134
8663,8663,346,346,146,2.3699,27,3,0.0,3794
8664,8664,139,139,40,3.475,20,2,0.0,3700
8665,8665,191,191,47,4.0638,16,2,0.0,2633
8666,8666,101,101,64,1.5781,19,6,6.422,18
8667,8667,18,18,8,2.25,24,3,0.0,927
8668,8668,103,103,31,3.3226,3,3,0.0,3435
8669,8669,145,135,69,1.9565,42,6,0.0,70
8670,8670,68,68,47,1.4468,38,2,1.335,2207
8671,8671,141,141,53,2.6604,19,3,0.0,3475
8672,8672,86,86,31,2.7742,23,2,0.0,3725
8673,8673,0,0,0,0.0,253,3,0.0,2324
8674,8674,122,122,43,2.8372,15,4,0.0,2341
8675,8675,75,75,26,2.8846,3,5,0.0,3994
8676,8676,0,0,0,0.0,0,4,0.0,4127
8677,8677,95,95,27,3.5185,18,3,0.0,2194
8678,8678,141,141,47,3.0,16,5,0.0,4180
8679,8679,0,0,0,0.0,101,3,0.0,3744
8680,8680,410,410,122,3.3607,24,4,0.0,3822
8681,8681,0,0,0,0.0,0,3,0.0,1570
8682,8682,69,69,19,3.6316,16,2,0.0,3324
8683,8683,0,0,0,0.0,564,2,0.0,2622
8684,8684,139,120,68,1.7647,116,2,0.149,670
8685,8685,366,366,94,3.8936,44,4,0.0,3642
8686,8686,162,162,59,2.7458,17,3,0.0,1558
8687,8687,0,0,0,0.0,3161,3,0.0,1951
8688,8688,37,31,8,3.875,100,2,0.0,2880
8689,8689,274,274,91,3.011,19,3,0.0,2304
8690,8690,1776,0,0,0.0,143,6,0.0,42
8691,8691,140,140,42,3.3333,19,2,1.076,2228
8692,8692,0,0,0,0.0,0,3,0.0,2703
8693,8693,351,351,148,2.3716,50,3,0.0,3444
8694,8694,149,149,56,2.6607,26,3,0.0,3475
8695,8695,240,240,68,3.5294,25,2,0.0,3477
8696,8696,110,110,44,2.5,5,2,0.0,3416
8697,8697,119,119,48,2.4792,23,3,0.0,1415
8698,8698,0,0,0,0.0,13,3,0.0,2787
8699,8699,661,661,210,3.1476,57,3,0.0,2439
8700,8700,0,0,0,0.0,0,3,0.0,1031
8701,8701,160,160,47,3.4043,15,2,0.0,3240
8702,8702,0,0,0,0.0,0,3,0.0,2375
8703,8703,0,0,0,0.0,0,3,0.0,880
8704,8704,1301,1301,383,3.3969,89,2,0.0,3295
8705,8705,0,0,0,0.0,0,3,5.062,915
8706,8706,323,323,115,2.8087,32,5,0.0,4026
8707,8707,76,76,29,2.6207,15,6,0.0,111
8708,8708,35,35,12,2.9167,2,5,0.0,3707
8709,8709,366,366,109,3.3578,99,4,0.0,4291
8710,8710,352,352,102,3.451,25,2,0.0,3034
8711,8711,91,91,33,2.7576,36,5,0.0,3999
8712,8712,230,230,69,3.3333,24,5,0.0,3655
8713,8713,145,145,42,3.4524,17,2,0.0,3142
8714,8714,260,260,109,2.3853,30,3,0.0,2832
8715,8715,0,0,0,0.0,0,4,0.0,2938
8716,8716,253,253,71,3.5634,36,2,0.0,2764
8717,8717,397,397,141,2.8156,45,2,0.0,2477
8718,8718,56,56,19,2.9474,13,5,0.0,4565
8719,8719,0,0,0,0.0,0,5,0.0,4271
8720,8720,128,128,48,2.6667,6,3,0.0,1086
8721,8721,0,0,0,0.0,121,2,1.415,2213
8722,8722,370,370,145,2.5517,20,3,0.0,2143
8723,8723,134,134,50,2.68,29,4,0.0,2499
8724,8724,348,348,108,3.2222,33,3,0.0,3104
8725,8725,771,771,304,2.5362,47,3,0.0,2461
8726,8726,992,992,244,4.0656,38,4,0.0,3166
8727,8727,64,64,26,2.4615,14,5,0.0,3681
8728,8728,0,0,0,0.0,0,2,0.0,553
8729,8729,0,0,0,0.0,49,3,0.0,2550
8730,8730,497,497,160,3.1063,72,4,0.0,3967
8731,8731,0,0,0,0.0,89,3,5.818,1428
8732,8732,344,344,124,2.7742,32,3,0.0,2261
8733,8733,141,141,72,1.9583,12,6,0.0,58
8734,8734,94,94,40,2.35,16,2,7.95,1487
8735,8735,1480,920,269,3.4201,190,2,8.265,3203
8736,8736,126,126,57,2.2105,17,5,0.0,3799
8737,8737,222,222,74,3.0,24,5,0.0,4170
8738,8738,135,135,39,3.4615,12,2,0.0,3712
8739,8739,0,0,0,0.0,117,2,0.0,2622
8740,8740,86,81,31,2.6129,19,5,0.0,4154
8741,8741,0,0,0,0.0,542,3,0.0,2646
8742,8742,321,321,129,2.4884,24,2,16.329,1619
8743,8743,0,0,0,0.0,138,3,0.0,2375
8744,8744,0,0,0,0.0,1650,3,0.0,2677
8745,8745,0,0,0,0.0,889,2,17.143,1457
8746,8746,163,163,62,2.629,20,3,0.0,1484
8747,8747,0,0,0,0.0,111,4,0.0,2942
8748,8748,757,757,167,4.5329,67,4,0.0,4013
8749,8749,0,0,0,0.0,31,1,25.308,1631
8750,8750,198,198,72,2.75,1510,4,6.381,2980
8751,8751,142,142,49,2.898,18,5,0.0,3994
8752,8752,400,400,155,2.5806,64,3,0.0,2375
8753,8753,115,115,41,2.8049,26,2,0.0,1080
8754,8754,139,139,39,3.5641,61,2,0.0,2616
8755,8755,0,0,0,0.0,0,2,0.0,2384
8756,8756,615,615,187,3.2888,48,4,0.0,3756
8757,8757,225,225,59,3.8136,84,2,0.0,2572
8758,8758,119,119,39,3.0513,2,3,0.0,3443
8759,8759,58,58,20,2.9,1,2,0.0,2918
8760,8760,265,265,96,2.7604,63,2,0.0,3862
8761,8761,43,43,17,2.5294,2,2,1.105,3416
8762,8762,0,0,0,0.0,24,4,0.0,3083
8763,8763,0,0,0,0.0,0,2,0.0,2497
8764,8764,86,86,43,2.0,19,4,0.0,2408
8765,8765,145,145,55,2.6364,20,5,0.0,4235
8766,8766,0,0,0,0.0,5752,3,0.0,2045
8767,8767,0,0,0,0.0,0,3,0.0,2555
8768,8768,218,218,96,2.2708,33,3,0.0,3810
8769,8769,130,41,33,1.2424,31,2,18.805,1806
8770,8770,112,112,63,1.7778,15,2,0.229,2271
8771,8771,0,0,0,0.0,127,1,24.362,1771
8772,8772,268,268,93,2.8817,23,3,0.0,1465
8773,8773,415,415,113,3.6726,35,5,0.0,4400
8774,8774,472,472,221,2.1357,50,2,1.289,2972
8775,8775,72,72,20,3.6,17,2,0.0,3259
8776,8776,156,156,78,2.0,30,2,0.0,2410
8777,8777,594,594,227,2.6167,48,4,5.251,2828
8778,8778,127,127,58,2.1897,21,2,0.0,2699
8779,8779,54,54,31,1.7419,13,2,1.981,1556
8780,8780,446,446,187,2.385,38,3,0.0,2863
8781,8781,3,3,1,3.0,822,5,0.0,4323
8782,8782,0,0,0,0.0,95,4,0.0,4162
8783,8783,0,0,0,0.0,176,2,1.027,2570
8784,8784,296,296,92,3.2174,27,3,0.0,3109
8785,8785,138,138,50,2.76,26,3,0.0,1632
8786,8786,143,143,54,2.6481,21,3,0.0,1257
8787,8787,123,123,55,2.2364,25,2,0.396,2635
8788,8788,695,695,223,3.1166,83,5,0.0,4362
8789,8789,165,130,37,3.5135,23,2,0.0,3168
8790,8790,36,34,14,2.4286,3,6,6.485,52
8791,8791,87,87,56,1.5536,22,2,8.41,1704
8792,8792,5,5,2,2.5,322,5,0.0,4259
8793,8793,2,2,1,2.0,183,5,0.0,3895
8794,8794,0,0,0,0.0,0,2,4.108,1502
8795,8795,257,257,73,3.5205,30,3,0.0,2194
8796,8796,0,0,0,0.0,0,3,0.0,4161
8797,8797,253,253,65,3.8923,20,2,0.0,3404
8798,8798,217,217,100,2.17,31,3,0.0,2335
8799,8799,726,726,345,2.1043,27,3,0.79,1039
8800,8800,0,0,0,0.0,190,5,0.0,4242
8801,8801,882,882,295,2.9898,105,5,0.0,4258
8802,8802,160,160,58,2.7586,20,3,0.0,3405
8803,8803,21,21,10,2.1,472,3,1.96,559
8804,8804,72,72,30,2.4,24,3,0.0,1106
8805,8805,139,139,58,2.3966,20,6,0.0,95
8806,8806,41,41,17,2.4118,16,2,6.715,1526
8807,8807,59,59,24,2.4583,13,2,0.658,1470
8808,8808,144,144,45,3.2,56,3,0.0,1824
8809,8809,164,164,69,2.3768,30,3,0.0,1855
8810,8810,126,126,32,3.9375,14,2,0.0,2759
8811,8811,139,139,66,2.1061,24,2,6.675,2145
8812,8812,403,403,201,2.005,48,5,0.0,3675
8813,8813,0,0,0,0.0,3007,2,2.298,2095
8814,8814,338,338,93,3.6344,38,2,0.0,2742
8815,8815,565,565,140,4.0357,44,4,0.0,3946
8816,8816,0,0,0,0.0,0,5,0.0,4076
8817,8817,0,0,0,0.0,326,2,0.0,2639
8818,8818,22,22,11,2.0,67,5,1.041,3969
8819,8819,0,0,0,0.0,555,4,0.0,3741
8820,8820,215,215,79,2.7215,31,3,0.0,1100
8821,8821,203,203,72,2.8194,14,5,0.0,4085
8822,8822,25,25,10,2.5,2,3,0.0,1373
8823,8823,0,0,0,0.0,1837,3,0.0,2161
8824,8824,161,161,50,3.22,3,3,0.0,2388
8825,8825,306,306,108,2.8333,19,3,0.0,2225
8826,8826,414,414,173,2.3931,56,6,0.0,62
8827,8827,0,0,0,0.0,0,1,17.749,1153
8828,8828,502,502,165,3.0424,42,4,0.0,2829
8829,8829,103,103,35,2.9429,13,4,0.0,3069
8830,8830,0,0,0,0.0,243,3,0.0,2481
8831,8831,146,146,39,3.7436,2,5,0.0,3868
8832,8832,235,235,68,3.4559,18,2,0.0,3504
8833,8833,0,0,0,0.0,188,3,0.0,2164
8834,8834,56,56,22,2.5455,20,3,0.0,1038
8835,8835,0,0,0,0.0,0,4,0.0,3458
8836,8836,108,108,41,2.6341,22,6,0.0,129
8837,8837,28,28,11,2.5455,19,2,0.0,579
8838,8838,0,0,0,0.0,12,1,22.548,1809
8839,8839,333,333,134,2.4851,38,5,0.0,3866
8840,8840,176,176,52,3.3846,18,2,0.0,2645
8841,8841,62,62,37,1.6757,18,6,5.6,41
8842,8842,0,0,0,0.0,248,2,0.0,3062
8843,8843,414,414,120,3.45,211,4,0.0,4237
8844,8844,86,86,33,2.6061,27,5,0.0,4193
8845,8845,0,0,0,0.0,22,2,0.0,1751
8846,8846,13,13,5,2.6,110,3,0.0,3075
8847,8847,30,30,15,2.0,58,6,7.238,25
8848,8848,150,150,97,1.5464,16,3,0.0,3330
8849,8849,146,146,94,1.5532,14,3,0.0,3439
8850,8850,98,98,39,2.5128,5,2,0.0,3360
8851,8851,323,323,89,3.6292,22,5,0.0,4098
8852,8852,0,0,0,0.0,131,2,0.0,1202
8853,8853,0,0,0,0.0,79,2,7.399,2113
8854,8854,0,0,0,0.0,0,2,2.033,3144
8855,8855,1003,1003,368,2.7255,56,3,0.0,3105
8856,8856,78,78,27,2.8889,102,2,7.212,3364
8857,8857,0,0,0,0.0,175,3,0.0,2594
8858,8858,89,89,38,2.3421,18,6,0.0,73
8859,8859,363,363,128,2.8359,28,5,0.0,4349
8860,8860,213,213,74,2.8784,22,3,0.0,1465
8861,8861,307,307,172,1.7849,292,2,3.501,1601
8862,8862,310,310,100,3.1,23,4,0.0,3832
8863,8863,72,72,43,1.6744,8,6,7.413,21
8864,8864,259,259,82,3.1585,30,5,0.0,4068
8865,8865,289,289,110,2.6273,18,5,0.0,3535
8866,8866,342,342,114,3.0,37,3,0.0,2443
8867,8867,69,69,25,2.76,16,5,0.0,4065
8868,8868,339,339,109,3.1101,24,4,0.0,3910
8869,8869,425,425,132,3.2197,25,5,0.0,4140
8870,8870,211,211,105,2.0095,374,5,0.0,3728
8871,8871,359,359,106,3.3868,29,5,0.0,3953
8872,8872,555,81,51,1.5882,2057,3,0.592,1447
8873,8873,2,2,1,2.0,214,6,0.251,452
8874,8874,365,365,127,2.874,48,3,0.0,3299
8875,8875,282,282,100,2.82,17,2,0.0,1129
8876,8876,0,0,0,0.0,146,2,0.0,1163
8877,8877,0,0,0,0.0,68,2,6.403,1562
8878,8878,151,151,53,2.8491,16,5,0.0,4007
8879,8879,244,244,93,2.6237,51,5,0.0,4326
8880,8880,84,84,32,2.625,33,2,0.0,2482
8881,8881,29,29,15,1.9333,2,2,5.885,1574
8882,8882,0,0,0,0.0,46,5,0.0,4014
8883,8883,147,147,66,2.2273,18,2,0.549,2635
8884,8884,256,256,58,4.4138,17,2,0.0,2465
8885,8885,47,47,19,2.4737,3,2,0.0,557
8886,8886,405,404,152,2.6579,44,3,0.0,1149
8887,8887,427,427,145,2.9448,36,3,0.0,3613
8888,8888,98,98,32,3.0625,14,5,0.0,3757
8889,8889,31,31,17,1.8235,15,3,5.69,435
8890,8890,871,871,252,3.4563,51,4,0.0,4173
8891,8891,152,152,47,3.234,19,2,0.0,2724
8892,8892,81,81,20,4.05,215,4,0.0,3467
8893,8893,128,128,64,2.0,190,5,3.977,3880
8894,8894,239,239,83,2.8795,74,3,0.0,3138
8895,8895,354,354,119,2.9748,36,5,0.0,4028
8896,8896,0,0,0,0.0,0,3,0.0,3118
8897,8897,219,219,71,3.0845,24,2,0.413,2404
8898,8898,174,174,51,3.4118,113,5,0.0,4311
8899,8899,34,34,12,2.8333,1,5,0.0,4211
8900,8900,354,354,95,3.7263,33,2,0.0,3769
8901,8901,0,0,0,0.0,88,4,0.0,4471
8902,8902,208,208,65,3.2,50,3,0.0,1911
8903,8903,996,996,328,3.0366,39,4,0.0,3372
8904,8904,221,221,70,3.1571,33,2,0.788,2766
8905,8905,221,221,66,3.3485,22,2,0.0,2694
8906,8906,139,139,47,2.9574,3,4,0.0,3001
8907,8907,114,114,33,3.4545,23,2,0.0,3700
8908,8908,266,266,84,3.1667,28,2,1.025,3180
8909,8909,22,22,12,1.8333,13,2,2.572,1594
8910,8910,109,109,47,2.3191,21,5,2.91,3926
8911,8911,0,0,0,0.0,90,2,0.0,2737
8912,8912,757,757,319,2.373,59,3,0.0,3566
8913,8913,401,401,130,3.0846,81,4,0.0,3558
8914,8914,208,208,53,3.9245,17,2,0.0,2871
8915,8915,91,91,46,1.9783,19,2,5.187,1628
8916,8916,0,0,0,0.0,414,3,0.0,3233
8917,8917,332,332,106,3.1321,26,5,0.0,4343
8918,8918,761,761,320,2.3781,52,5,0.0,3864
8919,8919,360,360,119,3.0252,31,3,0.0,2234
8920,8920,183,162,82,1.9756,44,5,4.422,3798
8921,8921,32,32,9,3.5556,0,2,0.738,2614
8922,8922,325,325,146,2.226,54,3,0.0,1031
8923,8923,0,0,0,0.0,805,3,0.0,1547
8924,8924,0,0,0,0.0,0,3,0.0,1803
8925,8925,509,509,162,3.142,2050,6,0.0,14
8926,8926,0,0,0,0.0,595,6,0.0,14
8927,8927,243,243,86,2.8256,36,3,0.0,3928
8928,8928,91,91,53,1.717,3,2,3.909,1539
8929,8929,231,231,77,3.0,34,5,0.0,4287
8930,8930,0,0,0,0.0,110,1,26.763,1642
8931,8931,0,0,0,0.0,62,4,0.0,2585
8932,8932,100,100,49,2.0408,59,3,5.119,400
8933,8933,893,893,195,4.5795,37,4,0.0,3552
8934,8934,453,433,100,4.33,26,2,0.0,2893
8935,8935,0,0,0,0.0,0,5,0.0,4559
8936,8936,364,364,119,3.0588,125,5,0.0,4059
8937,8937,0,0,0,0.0,34,4,0.0,3296
8938,8938,365,365,132,2.7652,38,4,0.0,4175
8939,8939,0,0,0,0.0,0,4,0.0,4107
8940,8940,664,664,196,3.3878,195,5,0.0,3988
8941,8941,0,0,0,0.0,276,2,13.713,2026
8942,8942,260,260,108,2.4074,69,3,0.0,1362
8943,8943,81,81,25,3.24,18,3,0.0,4084
8944,8944,253,253,67,3.7761,39,5,0.0,4222
8945,8945,138,138,79,1.7468,9,2,0.584,2214
8946,8946,350,350,126,2.7778,34,3,0.0,1467
8947,8947,15,9,4,2.25,33,5,0.0,3809
8948,8948,135,135,44,3.0682,17,3,0.0,3443
8949,8949,157,157,51,3.0784,21,3,0.0,3459
8950,8950,0,0,0,0.0,82,3,0.0,2331
8951,8951,168,168,38,4.4211,2,2,0.0,2504
8952,8952,0,0,0,0.0,72,3,0.728,742
8953,8953,1619,1619,475,3.4084,137,4,0.0,2885
8954,8954,419,419,215,1.9488,292,2,0.0,1202
8955,8955,465,465,137,3.3942,30,5,0.0,4339
8956,8956,84,84,35,2.4,17,3,0.0,880
8957,8957,303,303,125,2.424,119,3,0.0,686
8958,8958,217,217,65,3.3385,24,4,0.0,2958
8959,8959,8,8,4,2.0,124,2,0.0,1119
8960,8960,0,0,0,0.0,428,4,0.0,4468
8961,8961,0,0,0,0.0,0,4,0.0,3270
8962,8962,168,168,52,3.2308,18,4,0.0,3146
8963,8963,318,318,96,3.3125,25,4,0.0,4321
8964,8964,97,97,28,3.4643,39,2,0.0,3067
8965,8965,254,254,70,3.6286,30,2,0.0,2761
8966,8966,344,337,119,2.8319,61,5,0.0,4449
8967,8967,361,361,131,2.7557,137,4,0.0,2722
8968,8968,24,24,12,2.0,143,6,5.965,23
8969,8969,421,421,152,2.7697,29,6,0.0,157
8970,8970,256,256,81,3.1605,78,4,0.0,3494
8971,8971,0,0,0,0.0,278,2,0.0,2713
8972,8972,0,0,0,0.0,137,3,0.0,2393
8973,8973,87,87,31,2.8065,56,3,0.0,1441
8974,8974,171,171,73,2.3425,37,3,0.0,596
8975,8975,188,185,105,1.7619,216,2,1.138,2207
8976,8976,0,0,0,0.0,13,2,11.992,2068
8977,8977,0,0,0,0.0,1670,3,2.497,1049
8978,8978,0,0,0,0.0,191,3,0.0,3421
8979,8979,1818,0,0,0.0,45,6,0.0,17
8980,8980,0,0,0,0.0,1809,3,0.0,1720
8981,8981,136,136,45,3.0222,36,5,0.0,4563
8982,8982,0,0,0,0.0,0,4,0.0,2609
8983,8983,713,713,237,3.0084,55,4,0.0,3874
8984,8984,626,626,190,3.2947,31,4,0.0,3859
8985,8985,434,434,151,2.8742,60,3,0.0,1439
8986,8986,114,114,39,2.9231,16,3,0.0,3536
8987,8987,3,3,1,3.0,0,7,0.0,3828
8988,8988,0,0,0,0.0,0,3,15.674,1198
8989,8989,0,0,0,0.0,60,2,1.136,2215
8990,8990,167,167,56,2.9821,19,5,0.0,3818
8991,8991,394,394,118,3.339,34,5,0.0,3570
8992,8992,366,366,106,3.4528,17,5,0.0,3621
8993,8993,180,180,65,2.7692,13,5,0.0,3999
8994,8994,241,241,86,2.8023,20,5,0.0,4156
8995,8995,640,640,222,2.8829,67,4,0.0,3117
8996,8996,122,122,59,2.0678,17,4,6.098,3054
8997,8997,141,141,41,3.439,13,2,0.0,3712
8998,8998,0,0,0,0.0,0,4,0.0,3278
8999,8999,0,0,0,0.0,0,4,0.0,4093
9000,9000,135,135,51,2.6471,256,5,0.0,4294
9001,9001,0,0,0,0.0,726,3,4.038,2342
9002,9002,68,68,24,2.8333,14,4,0.0,2341
9003,9003,82,82,30,2.7333,17,5,0.0,4034
9004,9004,0,0,0,0.0,186,4,0.0,3528
9005,9005,75,75,31,2.4194,54,3,0.0,1282
9006,9006,38,38,15,2.5333,15,6,0.0,367
9007,9007,225,225,63,3.5714,21,2,0.0,2762
9008,9008,137,137,47,2.9149,25,5,0.0,3975
9009,9009,109,79,60,1.3167,341,1,22.556,1844
9010,9010,234,234,117,2.0,29,5,0.0,3691
9011,9011,383,383,114,3.3596,35,4,0.0,4283
9012,9012,69,69,27,2.5556,6,6,7.442,35
9013,9013,0,0,0,0.0,900,5,0.0,4219
9014,9014,0,0,0,0.0,245,3,5.801,810
9015,9015,243,243,102,2.3824,142,3,0.0,3411
9016,9016,503,331,134,2.4701,370,4,6.151,3059
9017,9017,7,7,2,3.5,277,4,0.0,3011
9018,9018,14,14,5,2.8,36,5,0.0,4598
9019,9019,466,466,169,2.7574,66,4,0.0,4113
9020,9020,0,0,0,0.0,286,5,0.0,3940
9021,9021,421,421,119,3.5378,50,2,0.0,2904
9022,9022,231,231,98,2.3571,109,3,0.0,2788
9023,9023,320,315,110,2.8636,116,5,0.0,4227
9024,9024,73,73,22,3.3182,2,4,0.0,3591
9025,9025,788,788,228,3.4561,52,2,0.0,3084
9026,9026,265,265,75,3.5333,17,3,0.0,2231
9027,9027,451,451,263,1.7148,148,2,19.719,1137
9028,9028,110,110,48,2.2917,96,2,0.693,2757
9029,9029,0,0,0,0.0,0,2,0.0,2665
9030,9030,78,78,26,3.0,17,5,0.0,3707
9031,9031,229,229,71,3.2254,27,6,0.0,101
9032,9032,595,595,191,3.1152,42,5,0.0,3582
9033,9033,0,0,0,0.0,622,4,0.0,3632
9034,9034,36,36,12,3.0,73,4,0.0,3342
9035,9035,229,229,90,2.5444,33,3,0.0,1238
9036,9036,351,351,89,3.9438,33,2,0.0,2871
9037,9037,127,127,53,2.3962,39,3,0.0,794
9038,9038,62,62,40,1.55,1,3,0.0,3330
9039,9039,0,0,0,0.0,0,2,0.0,1493
9040,9040,612,612,300,2.04,56,4,0.0,2323
9041,9041,84,84,48,1.75,22,2,0.178,612
9042,9042,131,131,74,1.7703,21,2,0.205,598
9043,9043,81,81,46,1.7609,22,2,0.195,598
9044,9044,133,133,71,1.8732,415,3,1.915,546
9045,9045,120,120,60,2.0,20,3,0.0,469
9046,9046,11,11,5,2.2,1,3,2.812,356
9047,9047,55,55,28,1.9643,18,6,0.0,69
9048,9048,18,18,9,2.0,2,6,0.0,69
9049,9049,0,0,0,0.0,0,2,0.0,2384
9050,9050,4,4,1,4.0,0,4,0.0,2889
9051,9051,0,0,0,0.0,0,5,0.0,4559
9052,9052,982,982,308,3.1883,166,5,0.0,4242
9053,9053,0,0,0,0.0,0,5,0.0,4479
9054,9054,198,198,71,2.7887,29,5,0.0,4545
9055,9055,0,0,0,0.0,0,5,0.0,4562
9056,9056,112,112,40,2.8,33,5,0.0,4599
9057,9057,3,3,1,3.0,0,5,0.0,4608
9058,9058,558,558,189,2.9524,92,4,0.0,3949
9059,9059,457,457,153,2.9869,30,5,0.0,4306
9060,9060,442,442,148,2.9865,30,5,0.0,4320
9061,9061,48,48,27,1.7778,3,2,1.156,2000
9062,9062,65,65,38,1.7105,19,2,9.37,1721
9063,9063,28,28,17,1.6471,12,2,4.365,1716
9064,9064,52,52,29,1.7931,17,2,0.0,1586
9065,9065,50,50,28,1.7857,5,2,4.058,1586
9066,9066,65,65,36,1.8056,18,2,5.696,1586
9067,9067,91,91,51,1.7843,36,2,7.144,1660
9068,9068,40,40,23,1.7391,14,2,4.661,2095
9069,9069,181,181,102,1.7745,30,2,6.636,2042
9070,9070,82,82,31,2.6452,23,2,0.0,2482
9071,9071,100,100,38,2.6316,16,2,0.0,2482
9072,9072,261,261,99,2.6364,25,2,0.0,2515
9073,9073,171,171,65,2.6308,21,2,0.0,2516
9074,9074,91,91,35,2.6,17,2,0.0,2466
9075,9075,45,45,17,2.6471,16,2,0.067,2414
9076,9076,71,71,27,2.6296,14,2,0.089,2452
9077,9077,36,36,18,2.0,15,2,0.133,2293
9078,9078,108,108,41,2.6341,15,2,0.0,2402
9079,9079,0,0,0,0.0,0,2,3.162,2086
9080,9080,0,0,0,0.0,13,2,20.987,1294
9081,9081,0,0,0,0.0,574,2,0.0,1160
9082,9082,0,0,0,0.0,236,3,0.0,1892
9083,9083,149,149,60,2.4833,20,3,0.0,2014
9084,9084,248,248,99,2.5051,18,3,0.0,2014
9085,9085,253,253,77,3.2857,36,3,0.0,1583
9086,9086,0,0,0,0.0,0,3,0.0,2605
9087,9087,0,0,0,0.0,39,3,0.0,2337
9088,9088,144,144,57,2.5263,24,3,0.0,2448
9089,9089,0,0,0,0.0,982,3,0.0,2317
9090,9090,0,0,0,0.0,1073,3,0.0,2164
9091,9091,656,656,257,2.5525,60,3,0.0,2176
9092,9092,0,0,0,0.0,62,3,0.0,2176
9093,9093,299,299,124,2.4113,81,3,0.0,1387
9094,9094,113,113,47,2.4043,23,3,0.0,1349
9095,9095,67,67,40,1.675,122,2,10.026,1760
9096,9096,159,159,64,2.4844,29,3,0.0,1433
9097,9097,75,75,30,2.5,14,3,0.0,1361
9098,9098,183,183,91,2.011,85,3,0.0,486
9099,9099,224,224,107,2.0935,86,3,0.0,702
9100,9100,78,78,37,2.1081,30,3,1.776,699
9101,9101,23,23,11,2.0909,12,3,0.0,699
9102,9102,56,56,22,2.5455,30,3,0.0,789
9103,9103,154,154,61,2.5246,34,3,0.0,789
9104,9104,496,496,261,1.9004,35,3,3.641,892
9105,9105,164,164,65,2.5231,68,3,0.0,849
9106,9106,0,0,0,0.0,0,3,0.0,1012
9107,9107,0,0,0,0.0,0,3,0.0,872
9108,9108,0,0,0,0.0,0,3,0.0,665
9109,9109,125,125,52,2.4038,113,3,0.0,1146
9110,9110,1281,1281,423,3.0284,54,3,0.0,1146
9111,9111,1866,134,40,3.35,11053,2,0.0,1278
9112,9112,0,0,0,0.0,0,6,0.0,82
9113,9113,13,13,6,2.1667,0,2,0.0,2306
9114,9114,0,0,0,0.0,0,3,0.0,1118
9115,9115,0,0,0,0.0,0,6,0.0,443
9116,9116,4,4,2,2.0,451,2,0.0,2306
9117,9117,0,0,0,0.0,205,2,0.0,1153
9118,9118,0,0,0,0.0,0,3,0.0,1118
9119,9119,0,0,0,0.0,0,4,0.0,4352
9120,9120,0,0,0,0.0,0,4,0.0,4352
9121,9121,0,0,0,0.0,0,4,0.0,4352
9122,9122,241,241,64,3.7656,32,4,0.0,4402
9123,9123,322,322,85,3.7882,25,4,0.0,4402
9124,9124,189,189,50,3.78,26,4,0.0,4373
9125,9125,0,0,0,0.0,148,4,0.0,4373
9126,9126,465,465,135,3.4444,33,4,0.0,4359
9127,9127,0,0,0,0.0,362,4,0.0,4325
9128,9128,410,410,119,3.4454,32,4,0.0,4359
9129,9129,1230,1230,357,3.4454,60,4,0.0,4207
9130,9130,0,0,0,0.0,0,5,0.0,4400
9131,9131,236,236,64,3.6875,24,5,0.0,4400
9132,9132,754,754,205,3.678,51,5,0.0,4400
9133,9133,437,437,119,3.6723,38,5,0.0,4355
9134,9134,816,816,222,3.6757,52,5,0.0,4298
9135,9135,323,323,88,3.6705,27,5,0.0,4298
9136,9136,0,0,0,0.0,114,4,0.0,4288
9137,9137,613,613,178,3.4438,64,4,0.0,4288
9138,9138,320,320,108,2.963,36,4,0.0,4172
9139,9139,694,694,234,2.9658,59,4,0.0,4172
9140,9140,0,0,0,0.0,14,4,0.0,4210
9141,9141,137,137,46,2.9783,20,4,0.0,4172
9142,9142,0,0,0,0.0,0,4,0.0,4239
9143,9143,486,486,164,2.9634,50,4,0.0,4239
9144,9144,214,214,72,2.9722,29,4,0.0,4239
9145,9145,30,30,10,3.0,1,4,0.0,4210
9146,9146,0,0,0,0.0,0,4,0.0,4221
9147,9147,0,0,0,0.0,0,4,0.0,4221
9148,9148,391,391,141,2.773,59,4,0.0,4175
9149,9149,632,632,228,2.7719,33,4,0.0,4175
9150,9150,83,83,30,2.7667,13,4,0.0,4137
9151,9151,0,0,0,0.0,325,4,1.885,4090
9152,9152,640,640,200,3.2,68,4,2.136,4090
9153,9153,673,673,210,3.2048,44,4,0.0,4038
9154,9154,170,170,53,3.2075,27,4,0.0,4038
9155,9155,218,218,68,3.2059,23,4,0.0,4038
9156,9156,225,225,76,2.9605,37,4,0.0,3985
9157,9157,202,202,67,3.0149,19,4,0.0,4111
9158,9158,23,23,9,2.5556,1,7,0.0,71
9159,9159,490,490,191,2.5654,116,7,0.0,71
9160,9160,27,27,11,2.4545,2,2,10.177,1487
9161,9161,0,0,0,0.0,4141,2,0.0,1493
9162,9162,0,0,0,0.0,3157,2,0.0,1751
9163,9163,0,0,0,0.0,0,2,0.0,2124
9164,9164,938,0,0,0.0,4658,2,0.0,1751
9165,9165,49,49,21,2.3333,1,2,0.0,1751
9166,9166,0,0,0,0.0,0,2,0.0,2124
9167,9167,0,0,0,0.0,0,2,0.0,2124
9168,9168,289,289,133,2.1729,40,2,0.0,2306
9169,9169,339,339,156,2.1731,44,2,0.0,2306
9170,9170,148,148,69,2.1449,25,2,0.0,2306
9171,9171,378,378,173,2.185,78,2,0.0,2306
9172,9172,126,126,58,2.1724,27,2,0.0,2306
9173,9173,0,0,0,0.0,0,2,0.0,2306
9174,9174,22,22,9,2.4444,107,4,0.0,2378
9175,9175,19,19,8,2.375,76,4,0.0,2298
9176,9176,352,352,124,2.8387,36,4,0.0,2411
9177,9177,0,0,0,0.0,0,4,0.0,2323
9178,9178,284,0,0,0.0,1928,4,0.0,2518
9179,9179,4,4,1,4.0,56,4,0.0,2804
9180,9180,40,40,10,4.0,39,4,0.0,2804
9181,9181,259,259,64,4.0469,22,4,0.0,3166
9182,9182,232,232,57,4.0702,15,4,0.0,3166
9183,9183,494,494,145,3.4069,47,4,0.0,2889
9184,9184,368,368,137,2.6861,166,4,0.0,2569
9185,9185,115,115,43,2.6744,17,4,0.0,2499
9186,9186,183,183,53,3.4528,4,4,0.0,3089
9187,9187,14,14,4,3.5,36,4,0.0,3089
9188,9188,646,646,181,3.5691,36,4,0.0,3073
9189,9189,470,470,138,3.4058,94,4,0.0,2884
9190,9190,4,4,1,4.0,90,4,0.0,2884
9191,9191,399,399,117,3.4103,53,4,0.0,2884
9192,9192,143,143,42,3.4048,20,4,0.0,2884
9193,9193,0,0,0,0.0,1030,4,0.0,2853
9194,9194,0,0,0,0.0,0,4,0.0,2732
9195,9195,172,172,56,3.0714,67,4,0.0,2732
9196,9196,30,30,10,3.0,44,4,0.0,2732
9197,9197,561,561,182,3.0824,58,4,0.0,2732
9198,9198,0,0,0,0.0,34,4,0.0,2775
9199,9199,1141,1141,369,3.0921,102,4,0.0,2775
9200,9200,427,427,124,3.4435,43,4,0.0,3170
9201,9201,250,250,67,3.7313,58,4,0.0,3157
9202,9202,300,300,99,3.0303,85,4,0.0,3277
9203,9203,267,267,76,3.5132,26,4,0.0,3626
9204,9204,140,140,40,3.5,16,4,0.0,3543
9205,9205,0,0,0,0.0,0,4,0.0,3458
9206,9206,521,521,130,4.0077,253,4,0.0,3458
9207,9207,133,133,33,4.0303,18,4,0.0,3458
9208,9208,140,140,35,4.0,91,4,0.0,3458
9209,9209,332,332,83,4.0,45,4,0.0,3622
9210,9210,809,809,202,4.005,219,4,0.0,3622
9211,9211,165,165,47,3.5106,15,4,0.0,3626
9212,9212,116,116,33,3.5152,13,4,0.0,3626
9213,9213,273,273,90,3.0333,108,4,0.0,3372
9214,9214,403,403,108,3.7315,39,4,0.0,2948
9215,9215,555,555,149,3.7248,80,4,0.0,2948
9216,9216,57,57,20,2.85,2,4,0.0,2341
9217,9217,125,125,44,2.8409,15,4,0.0,2300
9218,9218,138,138,42,3.2857,15,4,0.0,2471
9219,9219,422,422,128,3.2969,23,4,0.0,2519
9220,9220,95,95,29,3.2759,16,4,0.0,2519
9221,9221,332,332,101,3.2871,24,4,0.0,2519
9222,9222,256,256,78,3.2821,24,4,0.0,2519
9223,9223,175,175,53,3.3019,19,4,0.0,2517
9224,9224,167,167,51,3.2745,16,4,0.0,2517
9225,9225,108,108,33,3.2727,3,4,0.0,2517
9226,9226,0,0,0,0.0,79,4,0.0,2564
9227,9227,240,240,78,3.0769,25,4,0.0,2581
9228,9228,129,129,42,3.0714,19,4,0.0,2581
9229,9229,323,323,112,2.8839,22,4,0.0,2575
9230,9230,242,242,84,2.881,16,4,0.0,2575
9231,9231,159,159,59,2.6949,23,4,0.0,2499
9232,9232,124,124,46,2.6957,39,4,0.0,2499
9233,9233,94,94,35,2.6857,21,4,0.0,2499
9234,9234,107,107,40,2.675,26,4,0.0,2569
9235,9235,126,126,47,2.6809,17,4,0.0,2569
9236,9236,104,104,39,2.6667,22,4,0.0,2569
9237,9237,142,142,53,2.6792,18,4,0.0,2569
9238,9238,459,459,159,2.8868,21,4,0.0,2638
9239,9239,434,434,150,2.8933,24,4,0.0,2638
9240,9240,366,366,127,2.8819,26,4,0.0,2638
9241,9241,262,262,91,2.8791,21,4,0.0,2638
9242,9242,388,388,128,3.0312,28,4,0.0,2725
9243,9243,321,321,106,3.0283,31,4,0.0,2725
9244,9244,136,136,45,3.0222,15,4,0.0,2697
9245,9245,258,258,76,3.3947,31,4,0.0,2885
9246,9246,313,313,92,3.4022,24,4,0.0,2885
9247,9247,451,451,126,3.5794,21,4,0.0,3011
9248,9248,146,146,43,3.3953,19,4,0.0,2855
9249,9249,534,534,157,3.4013,35,4,0.0,2855
9250,9250,240,240,67,3.5821,31,4,0.0,3011
9251,9251,398,398,98,4.0612,6,4,0.0,3166
9252,9252,321,321,79,4.0633,15,4,0.0,3166
9253,9253,341,341,84,4.0595,31,4,0.0,3166
9254,9254,553,553,136,4.0662,28,4,0.0,3166
9255,9255,628,628,182,3.4505,38,4,0.0,3199
9256,9256,222,222,54,4.1111,19,4,0.0,3241
9257,9257,623,623,151,4.1258,41,4,0.0,3241
9258,9258,441,441,107,4.1215,127,4,0.0,3305
9259,9259,219,219,55,3.9818,30,4,0.0,3375
9260,9260,363,363,118,3.0763,280,4,1.682,3568
9261,9261,81,81,22,3.6818,13,4,1.657,3559
9262,9262,420,420,115,3.6522,43,4,1.474,3559
9263,9263,210,210,54,3.8889,13,4,0.0,3491
9264,9264,335,335,84,3.9881,32,4,2.358,3401
9265,9265,0,0,0,0.0,70,4,2.371,3401
9266,9266,0,0,0,0.0,102,4,0.0,3392
9267,9267,528,528,135,3.9111,64,4,8.215,3561
9268,9268,649,649,166,3.9096,31,4,10.816,3561
9269,9269,484,484,124,3.9032,81,4,9.246,3561
9270,9270,367,367,94,3.9043,27,4,5.847,3561
9271,9271,454,454,116,3.9138,21,4,0.0,3561
9272,9272,939,939,240,3.9125,103,4,6.333,3561
9273,9273,672,672,172,3.907,32,4,0.0,3491
9274,9274,0,0,0,0.0,105,4,9.66,3644
9275,9275,146,146,40,3.65,43,4,4.951,3518
9276,9276,490,490,134,3.6567,34,4,1.404,3518
9277,9277,527,527,137,3.8467,6,4,1.451,3559
9278,9278,128,128,32,4.0,14,4,8.695,3641
9279,9279,0,0,0,0.0,2294,4,15.755,3742
9280,9280,0,0,0,0.0,17,4,9.312,3641
9281,9281,0,0,0,0.0,116,4,10.874,3684
9282,9282,0,0,0,0.0,0,4,12.417,3684
9283,9283,0,0,0,0.0,0,4,16.702,3742
9284,9284,0,0,0,0.0,0,4,12.699,3732
9285,9285,0,0,0,0.0,0,4,1.077,3658
9286,9286,0,0,0,0.0,0,4,8.043,3658
9287,9287,0,0,0,0.0,0,4,6.332,3658
9288,9288,0,0,0,0.0,0,4,6.084,3658
9289,9289,0,0,0,0.0,0,4,12.003,3658
9290,9290,0,0,0,0.0,87,4,0.0,3636
9291,9291,0,0,0,0.0,0,4,0.0,3658
9292,9292,0,0,0,0.0,0,4,0.0,3782
9293,9293,0,0,0,0.0,0,4,0.0,3782
9294,9294,0,0,0,0.0,0,4,0.0,3699
9295,9295,0,0,0,0.0,0,4,0.0,3699
9296,9296,148,148,37,4.0,12,4,0.0,3837
9297,9297,0,0,0,0.0,0,4,0.0,3782
9298,9298,0,0,0,0.0,150,4,0.0,3860
9299,9299,843,843,211,3.9953,21,4,0.0,3909
9300,9300,490,490,123,3.9837,3,4,0.0,3909
9301,9301,0,0,0,0.0,0,4,0.0,3837
9302,9302,8,8,2,4.0,0,4,0.0,3851
9303,9303,24,24,6,4.0,0,4,0.0,3837
9304,9304,0,0,0,0.0,0,4,0.0,3782
9305,9305,0,0,0,0.0,0,4,18.256,3782
9306,9306,0,0,0,0.0,0,4,0.0,3782
9307,9307,0,0,0,0.0,0,4,0.0,3851
9308,9308,0,0,0,0.0,0,4,0.0,3924
9309,9309,0,0,0,0.0,0,4,0.0,3851
9310,9310,0,0,0,0.0,0,4,0.0,3924
9311,9311,0,0,0,0.0,0,4,0.0,3924
9312,9312,0,0,0,0.0,0,4,0.0,3924
9313,9313,0,0,0,0.0,0,4,0.0,4037
9314,9314,0,0,0,0.0,0,4,0.0,3978
9315,9315,0,0,0,0.0,0,4,0.0,3966
9316,9316,0,0,0,0.0,0,4,0.0,3978
9317,9317,0,0,0,0.0,0,4,0.0,4029
9318,9318,0,0,0,0.0,0,4,0.0,3978
9319,9319,0,0,0,0.0,0,4,0.0,3978
9320,9320,0,0,0,0.0,27,4,0.0,4029
9321,9321,0,0,0,0.0,51,4,0.0,4029
9322,9322,0,0,0,0.0,65,4,0.0,4037
9323,9323,0,0,0,0.0,0,4,0.0,4037
9324,9324,0,0,0,0.0,119,4,0.0,4037
9325,9325,0,0,0,0.0,399,4,0.0,4037
9326,9326,0,0,0,0.0,31,4,0.0,4116
9327,9327,0,0,0,0.0,113,4,0.0,4037
9328,9328,0,0,0,0.0,17,4,0.0,4116
9329,9329,0,0,0,0.0,64,4,8.965,4116
9330,9330,0,0,0,0.0,74,4,8.879,4116
9331,9331,0,0,0,0.0,0,4,0.0,4043
9332,9332,0,0,0,0.0,0,4,0.0,4078
9333,9333,0,0,0,0.0,11,4,0.0,4078
9334,9334,0,0,0,0.0,0,4,0.0,4078
9335,9335,8,8,2,4.0,0,4,0.0,4078
9336,9336,17,17,4,4.25,11,4,0.0,4029
9337,9337,0,0,0,0.0,0,4,0.0,4117
9338,9338,0,0,0,0.0,0,4,0.0,4117
9339,9339,17,17,4,4.25,0,4,0.0,4120
9340,9340,0,0,0,0.0,0,4,0.0,4120
9341,9341,0,0,0,0.0,103,4,0.0,4120
9342,9342,0,0,0,0.0,117,4,8.453,4120
9343,9343,0,0,0,0.0,0,4,0.0,4120
9344,9344,0,0,0,0.0,13,4,8.897,4184
9345,9345,0,0,0,0.0,0,4,8.958,4184
9346,9346,0,0,0,0.0,38,4,8.835,4184
9347,9347,0,0,0,0.0,109,4,8.912,4184
9348,9348,0,0,0,0.0,27,4,8.872,4184
9349,9349,0,0,0,0.0,68,4,8.813,4184
9350,9350,0,0,0,0.0,74,4,7.895,4184
9351,9351,0,0,0,0.0,0,4,0.0,4248
9352,9352,0,0,0,0.0,0,4,0.0,4248
9353,9353,0,0,0,0.0,0,4,0.0,4248
9354,9354,0,0,0,0.0,158,4,0.0,4322
9355,9355,0,0,0,0.0,0,4,0.0,4249
9356,9356,0,0,0,0.0,0,4,0.0,4249
9357,9357,0,0,0,0.0,147,4,6.163,4249
9358,9358,0,0,0,0.0,306,4,0.0,4186
9359,9359,0,0,0,0.0,372,4,0.0,4187
9360,9360,0,0,0,0.0,83,4,0.0,4187
9361,9361,0,0,0,0.0,562,4,2.073,4187
9362,9362,0,0,0,0.0,113,4,0.0,4062
9363,9363,8,8,2,4.0,102,4,0.0,4062
9364,9364,0,0,0,0.0,264,4,2.687,4188
9365,9365,0,0,0,0.0,45,4,2.326,4251
9366,9366,0,0,0,0.0,0,4,2.316,4250
9367,9367,0,0,0,0.0,117,4,1.95,4250
9368,9368,0,0,0,0.0,0,4,2.405,4250
9369,9369,8,8,2,4.0,15,4,2.062,4249
9370,9370,0,0,0,0.0,0,4,2.142,4249
9371,9371,0,0,0,0.0,0,4,0.0,4249
9372,9372,0,0,0,0.0,0,4,3.738,4300
9373,9373,0,0,0,0.0,0,4,3.818,4301
9374,9374,0,0,0,0.0,39,4,0.0,4341
9375,9375,0,0,0,0.0,0,4,0.0,4393
9376,9376,0,0,0,0.0,0,4,0.0,4393
9377,9377,0,0,0,0.0,150,4,0.0,4427
9378,9378,0,0,0,0.0,57,4,0.0,4427
9379,9379,0,0,0,0.0,272,4,0.0,4463
9380,9380,0,0,0,0.0,80,4,0.0,4327
9381,9381,0,0,0,0.0,30,4,0.0,4327
9382,9382,0,0,0,0.0,202,4,0.0,4388
9383,9383,0,0,0,0.0,67,4,0.0,4406
9384,9384,0,0,0,0.0,0,4,0.0,4435
9385,9385,0,0,0,0.0,98,4,0.0,4432
9386,9386,0,0,0,0.0,124,4,0.0,4432
9387,9387,0,0,0,0.0,86,4,0.0,4435
9388,9388,0,0,0,0.0,896,4,0.0,4435
9389,9389,0,0,0,0.0,108,4,0.0,4471
9390,9390,0,0,0,0.0,113,4,0.0,4471
9391,9391,0,0,0,0.0,0,4,0.0,4512
9392,9392,0,0,0,0.0,26,4,0.0,4512
9393,9393,0,0,0,0.0,0,4,0.0,4512
9394,9394,0,0,0,0.0,59,4,0.0,4512
9395,9395,0,0,0,0.0,0,4,0.0,4512
9396,9396,0,0,0,0.0,0,4,0.0,4512
9397,9397,0,0,0,0.0,89,4,0.0,4514
9398,9398,0,0,0,0.0,18,4,0.0,4514
9399,9399,0,0,0,0.0,20,4,0.0,4514
9400,9400,0,0,0,0.0,0,4,0.0,4514
9401,9401,0,0,0,0.0,0,4,0.0,4549
9402,9402,0,0,0,0.0,0,4,0.0,4582
9403,9403,0,0,0,0.0,0,4,0.0,4551
9404,9404,0,0,0,0.0,0,4,0.0,4549
9405,9405,0,0,0,0.0,0,4,0.0,4549
9406,9406,0,0,0,0.0,0,4,0.0,4549
9407,9407,0,0,0,0.0,0,4,0.0,4549
9408,9408,0,0,0,0.0,0,4,0.0,4549
9409,9409,0,0,0,0.0,0,4,0.0,4549
9410,9410,0,0,0,0.0,54,4,0.0,4551
9411,9411,0,0,0,0.0,18,4,0.0,4551
9412,9412,0,0,0,0.0,17,4,0.0,4578
9413,9413,1434,0,0,0.0,18,4,0.0,4578
9414,9414,4,4,1,4.0,0,4,0.0,4578
9415,9415,0,0,0,0.0,0,4,0.0,4578
9416,9416,0,0,0,0.0,0,4,0.0,4578
9417,9417,0,0,0,0.0,0,4,0.0,4578
9418,9418,0,0,0,0.0,0,4,0.0,4578
9419,9419,0,0,0,0.0,32,4,0.0,4551
9420,9420,0,0,0,0.0,0,4,0.0,4551
9421,9421,0,0,0,0.0,0,4,0.0,4579
9422,9422,0,0,0,0.0,0,4,0.0,4582
9423,9423,0,0,0,0.0,0,4,0.0,4611
9424,9424,0,0,0,0.0,0,4,0.0,4611
9425,9425,0,0,0,0.0,0,4,0.0,4613
9426,9426,0,0,0,0.0,0,4,0.0,4656
9427,9427,0,0,0,0.0,0,4,0.0,4613
9428,9428,0,0,0,0.0,0,4,0.0,4579
9429,9429,0,0,0,0.0,0,4,0.0,4579
9430,9430,0,0,0,0.0,0,4,0.0,4613
9431,9431,0,0,0,0.0,0,4,0.0,4611
9432,9432,0,0,0,0.0,0,4,0.0,4656
9433,9433,0,0,0,0.0,0,4,0.0,4656
9434,9434,0,0,0,0.0,0,4,0.0,4656
9435,9435,0,0,0,0.0,0,4,0.0,4656
9436,9436,0,0,0,0.0,0,4,0.0,4656
9437,9437,0,0,0,0.0,0,4,0.0,4656
9438,9438,0,0,0,0.0,0,4,0.0,4656
9439,9439,0,0,0,0.0,0,4,0.0,4656
9440,9440,0,0,0,0.0,12,4,0.0,4513
9441,9441,0,0,0,0.0,0,4,0.0,4513
9442,9442,0,0,0,0.0,0,4,0.0,4513
9443,9443,0,0,0,0.0,0,4,0.0,3978
9444,9444,0,0,0,0.0,0,4,0.0,3909
9445,9445,0,0,0,0.0,0,4,0.0,3909
9446,9446,619,619,155,3.9935,25,4,0.0,3721
9447,9447,311,311,78,3.9872,25,4,0.0,3721
9448,9448,0,0,0,0.0,0,4,0.0,3882
9449,9449,0,0,0,0.0,0,4,0.0,3914
9450,9450,828,828,215,3.8512,26,4,0.0,3800
9451,9451,0,0,0,0.0,134,4,0.0,3800
9452,9452,0,0,0,0.0,0,4,0.0,3800
9453,9453,257,257,67,3.8358,20,4,0.0,3666
9454,9454,0,0,0,0.0,0,4,0.0,3800
9455,9455,0,0,0,0.0,0,4,0.0,3800
9456,9456,0,0,0,0.0,69,4,0.0,3970
9457,9457,0,0,0,0.0,206,4,0.0,4010
9458,9458,213,213,72,2.9583,3,4,0.0,3873
9459,9459,0,0,0,0.0,0,4,0.0,3959
9460,9460,385,385,117,3.2906,21,4,0.0,3959
9461,9461,321,321,108,2.9722,18,4,0.0,3959
9462,9462,405,405,136,2.9779,33,4,0.0,3959
9463,9463,294,294,99,2.9697,21,4,0.0,3873
9464,9464,115,115,39,2.9487,2,4,0.0,3873
9465,9465,0,0,0,0.0,221,4,0.0,3947
9466,9466,0,0,0,0.0,0,4,0.0,4162
9467,9467,0,0,0,0.0,84,4,0.0,4302
9468,9468,0,0,0,0.0,51,4,0.0,4302
9469,9469,0,0,0,0.0,0,4,0.0,4303
9470,9470,0,0,0,0.0,109,4,0.0,4302
9471,9471,0,0,0,0.0,19,4,0.0,4097
9472,9472,424,424,147,2.8844,39,4,0.0,3117
9473,9473,441,441,153,2.8824,28,4,0.0,3117
9474,9474,484,484,168,2.881,57,4,0.0,3117
9475,9475,323,320,111,2.8829,35,4,0.0,3117
9476,9476,0,0,0,0.0,0,6,0.0,367
9477,9477,370,370,120,3.0833,41,4,0.0,3568
9478,9478,299,299,97,3.0825,24,4,0.0,3558
9479,9479,348,348,113,3.0796,49,4,1.762,3507
9480,9480,551,551,167,3.2994,23,4,0.0,3859
9481,9481,542,542,141,3.844,30,4,0.0,3753
9482,9482,77,77,20,3.85,1,4,0.0,3666
9483,9483,863,863,224,3.8527,38,4,0.0,3756
9484,9484,173,173,45,3.8444,15,4,0.0,3753
9485,9485,376,376,98,3.8367,23,4,0.0,3753
9486,9486,1256,1256,326,3.8528,77,4,0.0,3666
9487,9487,0,0,0,0.0,382,4,0.0,3674
9488,9488,430,430,131,3.2824,49,4,0.0,3756
9489,9489,204,204,69,2.9565,14,4,0.0,3756
9490,9490,574,574,193,2.9741,22,4,0.0,3756
9491,9491,600,600,202,2.9703,58,4,0.0,3756
9492,9492,0,0,0,0.0,0,4,0.0,3773
9493,9493,0,0,0,0.0,477,4,0.0,3773
9494,9494,0,0,0,0.0,243,4,0.0,3773
9495,9495,0,0,0,0.0,0,4,0.0,3773
9496,9496,0,0,0,0.0,125,4,0.0,3773
9497,9497,0,0,0,0.0,0,4,0.0,3773
9498,9498,0,0,0,0.0,0,4,0.0,4031
9499,9499,517,517,141,3.6667,7,4,0.0,4031
9500,9500,0,0,0,0.0,0,4,0.0,3976
9501,9501,0,0,0,0.0,0,4,0.0,4031
9502,9502,281,281,77,3.6494,5,4,0.0,4031
9503,9503,433,433,118,3.6695,19,4,0.0,4031
9504,9504,316,316,87,3.6322,16,4,0.0,4031
9505,9505,868,868,272,3.1912,17,4,0.0,4031
9506,9506,230,230,63,3.6508,1,4,0.0,4031
9507,9507,451,451,123,3.6667,8,4,0.0,4031
9508,9508,0,0,0,0.0,0,4,0.0,4031
9509,9509,531,531,145,3.6621,22,4,0.0,4031
9510,9510,0,0,0,0.0,266,4,0.0,3900
9511,9511,0,0,0,0.0,272,4,0.0,3900
9512,9512,0,0,0,0.0,0,4,0.0,3947
9513,9513,0,0,0,0.0,0,4,0.0,4031
9514,9514,0,0,0,0.0,0,4,0.0,4071
9515,9515,248,248,69,3.5942,6,4,0.0,4031
9516,9516,208,208,57,3.6491,3,4,0.0,4031
9517,9517,188,188,59,3.1864,3,4,0.0,4031
9518,9518,282,282,77,3.6623,3,4,0.0,4071
9519,9519,0,0,0,0.0,0,4,0.0,4108
9520,9520,110,110,30,3.6667,2,4,0.0,4071
9521,9521,181,181,49,3.6939,2,4,0.0,4071
9522,9522,378,378,103,3.6699,7,4,0.0,4071
9523,9523,0,0,0,0.0,0,4,0.0,4031
9524,9524,0,0,0,0.0,51,4,0.0,3934
9525,9525,0,0,0,0.0,0,4,0.0,4031
9526,9526,465,465,127,3.6614,20,4,0.0,3786
9527,9527,173,173,47,3.6809,21,4,0.0,3786
9528,9528,190,190,52,3.6538,16,4,0.0,3786
9529,9529,144,144,39,3.6923,19,4,0.0,3786
9530,9530,0,0,0,0.0,72,4,0.0,3734
9531,9531,138,138,44,3.1364,3,4,0.0,3734
9532,9532,250,250,80,3.125,19,4,0.0,3695
9533,9533,618,618,198,3.1212,29,4,0.0,3734
9534,9534,294,294,82,3.5854,45,4,0.0,3702
9535,9535,618,618,153,4.0392,33,4,0.0,3841
9536,9536,72,72,18,4.0,89,4,0.0,3841
9537,9537,379,379,94,4.0319,25,4,0.0,3946
9538,9538,331,331,110,3.0091,49,4,0.0,3932
9539,9539,121,121,40,3.025,26,4,0.0,3932
9540,9540,328,328,109,3.0092,31,4,0.0,3932
9541,9541,322,322,107,3.0093,21,4,0.0,3812
9542,9542,0,0,0,0.0,158,4,0.0,3812
9543,9543,0,0,0,0.0,2164,4,0.0,3812
9544,9544,394,394,131,3.0076,75,4,0.0,3812
9545,9545,605,605,201,3.01,32,4,0.0,3812
9546,9546,725,725,160,4.5312,59,4,0.0,4013
9547,9547,762,762,168,4.5357,66,4,0.0,4013
9548,9548,240,240,53,4.5283,24,4,0.0,4060
9549,9549,657,657,145,4.531,60,4,0.0,4013
9550,9550,512,512,113,4.531,43,4,0.0,4060
9551,9551,24,0,0,0.0,121,4,0.0,4113
9552,9552,0,0,0,0.0,232,4,0.0,4178
9553,9553,646,646,233,2.7725,715,4,0.0,4178
9554,9554,373,373,135,2.763,56,4,0.0,4113
9555,9555,318,318,115,2.7652,42,4,0.0,4113
9556,9556,509,509,184,2.7663,90,4,0.0,4178
9557,9557,0,0,0,0.0,588,4,0.0,4215
9558,9558,282,282,88,3.2045,42,4,0.0,4053
9559,9559,414,414,129,3.2093,23,4,0.0,4053
9560,9560,192,192,60,3.2,14,4,0.0,4053
9561,9561,711,711,240,2.9625,70,4,0.0,4121
9562,9562,356,356,111,3.2072,28,4,0.0,4053
9563,9563,586,586,193,3.0363,56,4,0.0,3372
9564,9564,504,504,166,3.0361,24,4,0.0,3342
9565,9565,195,195,64,3.0469,17,4,0.0,3342
9566,9566,254,254,84,3.0238,17,4,0.0,3261
9567,9567,215,215,71,3.0282,29,4,0.0,3261
9568,9568,273,273,90,3.0333,22,4,0.0,3261
9569,9569,276,276,74,3.7297,36,4,0.0,3083
9570,9570,228,228,61,3.7377,20,4,0.0,3083
9571,9571,0,0,0,0.0,247,4,0.0,3270
9572,9572,370,370,98,3.7755,429,4,0.0,3500
9573,9573,302,302,75,4.0267,95,4,0.0,3440
9574,9574,217,217,54,4.0185,16,4,0.0,3467
9575,9575,550,550,142,3.8732,155,4,0.0,3428
9576,9576,0,0,0,0.0,609,4,0.0,3471
9577,9577,0,0,0,0.0,54,4,0.0,3471
9578,9578,0,0,0,0.0,71,4,0.0,3471
9579,9579,247,224,58,3.8621,32,4,0.0,3567
9580,9580,112,112,29,3.8621,78,4,0.0,3519
9581,9581,162,162,42,3.8571,36,4,0.0,3519
9582,9582,359,359,95,3.7789,19,4,0.0,3631
9583,9583,491,491,130,3.7769,24,4,0.0,3631
9584,9584,1043,1043,276,3.779,71,4,0.0,3631
9585,9585,182,182,48,3.7917,15,4,0.0,3631
9586,9586,0,0,0,0.0,0,5,0.0,4568
9587,9587,0,0,0,0.0,0,4,0.0,4466
9588,9588,0,0,0,0.0,0,4,0.0,4412
9589,9589,0,0,0,0.0,0,4,0.0,4412
9590,9590,0,0,0,0.0,0,4,0.0,4456
9591,9591,0,0,0,0.0,10,4,0.0,4456
9592,9592,0,0,0,0.0,0,4,0.0,4412
9593,9593,0,0,0,0.0,0,4,0.0,4412
9594,9594,0,0,0,0.0,0,4,0.0,4354
9595,9595,0,0,0,0.0,0,4,0.0,4354
9596,9596,640,0,0,0.0,24,4,0.0,4478
9597,9597,0,0,0,0.0,0,5,0.0,4478
9598,9598,0,0,0,0.0,0,4,0.0,4513
9599,9599,0,0,0,0.0,0,4,0.0,4303
9600,9600,0,0,0,0.0,0,4,0.0,4354
9601,9601,0,0,0,0.0,0,4,0.0,4354
9602,9602,0,0,0,0.0,0,4,0.0,4119
9603,9603,0,0,0,0.0,0,4,0.0,4234
9604,9604,0,0,0,0.0,165,4,0.0,4119
9605,9605,0,0,0,0.0,0,4,0.0,4031
9606,9606,0,0,0,0.0,0,4,0.0,4119
9607,9607,0,0,0,0.0,0,4,0.0,4119
9608,9608,0,0,0,0.0,0,4,0.0,4181
9609,9609,0,0,0,0.0,0,4,0.0,4181
9610,9610,0,0,0,0.0,0,4,0.0,4181
9611,9611,0,0,0,0.0,0,4,0.0,4181
9612,9612,0,0,0,0.0,0,4,0.0,4181
9613,9613,0,0,0,0.0,0,4,0.0,4181
9614,9614,0,0,0,0.0,0,4,0.0,4181
9615,9615,0,0,0,0.0,0,4,0.0,4181
9616,9616,0,0,0,0.0,0,4,0.0,4181
9617,9617,0,0,0,0.0,0,4,0.0,4181
9618,9618,0,0,0,0.0,0,4,0.0,4181
9619,9619,0,0,0,0.0,0,4,0.0,4181
9620,9620,0,0,0,0.0,0,4,0.0,4181
9621,9621,0,0,0,0.0,0,4,0.0,4181
9622,9622,0,0,0,0.0,0,4,0.0,4234
9623,9623,0,0,0,0.0,0,4,0.0,4234
9624,9624,0,0,0,0.0,0,4,0.0,4234
9625,9625,0,0,0,0.0,0,4,0.0,4234
9626,9626,0,0,0,0.0,0,4,0.0,4234
9627,9627,0,0,0,0.0,0,4,0.0,4234
9628,9628,0,0,0,0.0,256,4,0.0,4097
9629,9629,0,0,0,0.0,14,4,0.0,4030
9630,9630,0,0,0,0.0,0,4,0.0,4031
9631,9631,0,0,0,0.0,0,4,0.0,4127
9632,9632,1672,0,0,0.0,2720,4,0.0,4478
9633,9633,0,0,0,0.0,0,4,0.0,4354
9634,9634,0,0,0,0.0,0,4,0.0,4579
9635,9635,0,0,0,0.0,0,4,0.0,4579
9636,9636,0,0,0,0.0,0,4,0.0,4597
9637,9637,0,0,0,0.0,0,4,0.0,4597
9638,9638,0,0,0,0.0,0,4,0.0,4597
9639,9639,0,0,0,0.0,0,4,0.0,4597
9640,9640,0,0,0,0.0,0,5,0.0,4701
9641,9641,0,0,0,0.0,0,4,0.0,4260
9642,9642,919,919,253,3.6324,20,4,0.0,4260
9643,9643,0,0,0,0.0,0,4,0.0,4260
9644,9644,0,0,0,0.0,0,4,0.0,4297
9645,9645,0,0,0,0.0,0,4,0.0,4297
9646,9646,333,333,92,3.6196,11,4,0.0,4260
9647,9647,0,0,0,0.0,0,4,0.0,4297
9648,9648,0,0,0,0.0,0,4,0.0,4297
9649,9649,0,0,0,0.0,0,4,0.0,4297
9650,9650,0,0,0,0.0,0,4,0.0,4297
9651,9651,0,0,0,0.0,0,4,0.0,4297
9652,9652,0,0,0,0.0,0,4,0.0,4297
9653,9653,0,0,0,0.0,0,4,0.0,4297
9654,9654,0,0,0,0.0,0,4,0.0,4297
9655,9655,0,0,0,0.0,0,4,0.0,4297
9656,9656,0,0,0,0.0,0,4,0.0,4297
9657,9657,0,0,0,0.0,0,4,0.0,4297
9658,9658,0,0,0,0.0,0,4,0.0,4297
9659,9659,0,0,0,0.0,0,4,0.0,4297
9660,9660,0,0,0,0.0,0,4,0.0,4297
9661,9661,0,0,0,0.0,0,4,0.0,4297
9662,9662,0,0,0,0.0,0,4,0.0,4297
9663,9663,0,0,0,0.0,0,4,0.0,4297
9664,9664,0,0,0,0.0,0,4,0.0,4297
9665,9665,0,0,0,0.0,0,4,0.0,4297
9666,9666,0,0,0,0.0,0,4,0.0,4297
9667,9667,0,0,0,0.0,0,4,0.0,4297
9668,9668,0,0,0,0.0,0,4,0.0,4331
9669,9669,0,0,0,0.0,0,4,0.0,4352
9670,9670,0,0,0,0.0,0,4,0.0,4234
9671,9671,0,0,0,0.0,0,4,0.0,4352
9672,9672,0,0,0,0.0,0,4,0.0,4297
9673,9673,0,0,0,0.0,0,4,0.0,4424
9674,9674,0,0,0,0.0,0,4,0.0,4352
9675,9675,0,0,0,0.0,0,4,0.0,4424
9676,9676,0,0,0,0.0,0,4,0.0,4379
9677,9677,0,0,0,0.0,191,4,0.0,4379
9678,9678,0,0,0,0.0,0,5,0.0,4558
9679,9679,0,0,0,0.0,0,4,0.0,4558
9680,9680,0,0,0,0.0,0,4,0.0,4558
9681,9681,0,0,0,0.0,0,4,0.0,4450
9682,9682,0,0,0,0.0,0,4,0.0,4558
9683,9683,0,0,0,0.0,0,4,0.0,4450
9684,9684,0,0,0,0.0,0,4,0.0,4558
9685,9685,0,0,0,0.0,0,4,0.0,4460
9686,9686,0,0,0,0.0,0,4,0.0,4558
9687,9687,0,0,0,0.0,0,4,0.0,3934
9688,9688,41,41,11,3.7273,14,4,0.0,3857
9689,9689,0,0,0,0.0,0,4,0.0,4450
9690,9690,0,0,0,0.0,0,4,0.0,4450
9691,9691,925,925,262,3.5305,45,4,0.0,4417
9692,9692,431,431,122,3.5328,19,4,0.0,4437
9693,9693,382,382,108,3.537,22,4,0.0,4437
9694,9694,827,827,234,3.5342,42,4,0.0,4426
9695,9695,0,0,0,0.0,0,4,0.0,4426
9696,9696,0,0,0,0.0,0,4,0.0,4370
9697,9697,0,0,0,0.0,0,4,0.0,4370
9698,9698,597,597,180,3.3167,38,4,0.0,4304
9699,9699,0,0,0,0.0,85,4,0.0,4304
9700,9700,170,170,51,3.3333,23,4,0.0,4304
9701,9701,349,349,105,3.3238,27,4,0.0,4304
9702,9702,713,713,215,3.3163,44,4,0.0,4321
9703,9703,236,236,71,3.3239,18,4,0.0,4321
9704,9704,154,154,46,3.3478,16,4,0.0,4321
9705,9705,201,201,60,3.35,33,4,0.0,4345
9706,9706,215,215,64,3.3594,21,4,0.0,4291
9707,9707,309,309,92,3.3587,34,4,0.0,4345
9708,9708,333,333,99,3.3636,47,4,0.0,4345
9709,9709,443,443,132,3.3561,29,4,0.0,4345
9710,9710,235,235,70,3.3571,18,4,0.0,4291
9711,9711,366,366,92,3.9783,41,4,0.0,4360
9712,9712,187,187,47,3.9787,21,4,0.0,4360
9713,9713,0,0,0,0.0,37,4,0.0,4246
9714,9714,0,0,0,0.0,0,4,0.0,4246
9715,9715,140,140,44,3.1818,0,4,0.0,4246
9716,9716,0,0,0,0.0,0,4,0.0,4246
9717,9717,255,255,80,3.1875,0,4,0.0,4246
9718,9718,501,501,149,3.3624,62,4,0.0,4291
9719,9719,447,447,133,3.3609,27,4,0.0,4283
9720,9720,440,440,131,3.3588,27,4,0.0,4283
9721,9721,0,0,0,0.0,0,4,0.0,4260
9722,9722,0,0,0,0.0,0,4,0.0,4260
9723,9723,0,0,0,0.0,0,4,0.0,4260
9724,9724,249,249,78,3.1923,15,4,0.0,4260
9725,9725,814,814,222,3.6667,33,4,0.0,4176
9726,9726,487,487,133,3.6617,45,4,0.0,4176
9727,9727,433,433,118,3.6695,26,4,0.0,4176
9728,9728,733,733,212,3.4575,39,4,0.0,4174
9729,9729,442,442,128,3.4531,37,4,0.0,4173
9730,9730,0,0,0,0.0,215,4,0.0,4070
9731,9731,448,448,122,3.6721,19,4,0.0,4070
9732,9732,202,202,55,3.6727,19,4,0.0,4070
9733,9733,547,547,149,3.6711,23,4,0.0,4070
9734,9734,0,0,0,0.0,0,4,0.0,3976
9735,9735,0,0,0,0.0,0,4,0.0,3976
9736,9736,0,0,0,0.0,303,4,0.0,3812
9737,9737,391,391,130,3.0077,8,4,0.0,3815
9738,9738,466,466,155,3.0065,22,4,0.0,3815
9739,9739,0,0,0,0.0,0,4,0.0,3670
9740,9740,4,4,1,4.0,172,4,0.0,3670
9741,9741,394,394,110,3.5818,22,4,0.0,3745
9742,9742,93,93,28,3.3214,3,4,0.0,3624
9743,9743,0,0,0,0.0,77,4,0.0,3624
9744,9744,114,114,34,3.3529,3,4,0.0,3624
9745,9745,86,86,26,3.3077,13,4,0.0,3542
9746,9746,688,688,266,2.5865,35,4,0.0,3319
9747,9747,12,12,3,4.0,0,4,0.0,3607
9748,9748,541,541,138,3.9203,37,4,0.0,3607
9749,9749,0,0,0,0.0,161,4,0.0,3607
9750,9750,0,0,0,0.0,472,4,0.0,3319
9751,9751,298,298,115,2.5913,139,4,0.0,3319
9752,9752,184,184,55,3.3455,27,4,0.0,3528
9753,9753,329,329,127,2.5906,20,4,0.0,3319
9754,9754,449,449,174,2.5805,38,4,0.0,3346
9755,9755,165,165,64,2.5781,14,4,0.0,3346
9756,9756,181,181,43,4.2093,22,4,0.0,3452
9757,9757,335,335,79,4.2405,22,4,0.0,3452
9758,9758,191,191,49,3.898,21,4,0.0,3637
9759,9759,114,114,29,3.931,3,4,0.0,3607
9760,9760,685,685,162,4.2284,45,4,0.0,3623
9761,9761,535,535,164,3.2622,53,4,0.0,3205
9762,9762,622,622,191,3.2565,58,4,0.0,3205
9763,9763,374,374,115,3.2522,108,4,0.0,3239
9764,9764,489,489,189,2.5873,131,4,0.0,3250
9765,9765,252,252,97,2.5979,26,4,0.0,3319
9766,9766,61,61,21,2.9048,13,4,0.0,3192
9767,9767,347,347,120,2.8917,28,4,0.0,3117
9768,9768,645,645,200,3.225,98,4,0.0,3074
9769,9769,0,0,0,0.0,135,4,0.0,3074
9770,9770,0,0,0,0.0,517,4,0.0,2950
9771,9771,599,599,184,3.2554,41,4,0.0,3181
9772,9772,655,655,201,3.2587,39,4,0.0,3181
9773,9773,2,2,1,2.0,297,4,0.0,3235
9774,9774,287,287,80,3.5875,79,4,0.0,3740
9775,9775,247,247,69,3.5797,21,4,0.0,3740
9776,9776,625,625,201,3.1095,46,4,1.855,3974
9777,9777,53,53,17,3.1176,2,4,0.0,3832
9778,9778,299,299,96,3.1146,97,4,0.0,3902
9779,9779,390,390,113,3.4513,53,4,0.0,4173
9780,9780,638,638,234,2.7265,32,4,1.636,4045
9781,9781,264,264,97,2.7216,20,4,1.759,4004
9782,9782,166,166,61,2.7213,16,4,1.783,4020
9783,9783,174,174,56,3.1071,59,4,1.695,3967
9784,9784,633,633,188,3.367,42,4,1.824,3981
9785,9785,90,90,29,3.1034,15,4,0.0,3894
9786,9786,451,451,157,2.8726,75,4,0.0,3747
9787,9787,167,167,58,2.8793,15,4,0.0,3632
9788,9788,191,191,67,2.8507,44,4,0.0,3632
9789,9789,0,0,0,0.0,798,4,0.0,3546
9790,9790,491,491,171,2.8713,40,4,0.0,3546
9791,9791,55,55,17,3.2353,19,4,0.0,3318
9792,9792,40,40,12,3.3333,1,4,0.0,3318
9793,9793,78,74,23,3.2174,33,4,0.0,3318
9794,9794,321,321,99,3.2424,21,4,0.0,3318
9795,9795,0,0,0,0.0,0,4,0.0,2851
9796,9796,0,0,0,0.0,10,4,0.0,2851
9797,9797,118,118,40,2.95,14,4,0.0,3001
9798,9798,148,148,50,2.96,65,4,0.0,2978
9799,9799,126,126,41,3.0732,16,4,0.0,3511
9800,9800,41,41,13,3.1538,16,4,0.0,3511
9801,9801,0,0,0,0.0,83,4,0.0,3511
9802,9802,178,178,58,3.069,4,4,0.0,3511
9803,9803,560,560,183,3.0601,42,4,0.0,3511
9804,9804,0,0,0,0.0,202,4,0.0,3394
9805,9805,211,211,69,3.058,23,4,0.0,3400
9806,9806,172,172,56,3.0714,15,4,0.0,3394
9807,9807,12,12,4,3.0,0,4,0.0,3499
9808,9808,111,105,36,2.9167,62,4,0.0,3283
9809,9809,146,146,50,2.92,16,4,2.232,3219
9810,9810,191,191,57,3.3509,21,4,0.0,3294
9811,9811,44,44,13,3.3846,1,4,0.0,3528
9812,9812,17,17,5,3.4,0,4,0.0,3528
9813,9813,0,0,0,0.0,98,4,0.0,3117
9814,9814,184,184,55,3.3455,38,4,0.0,2883
9815,9815,0,0,0,0.0,43,4,0.0,2883
9816,9816,349,349,118,2.9576,103,4,0.0,3091
9817,9817,231,231,84,2.75,75,4,6.001,3060
9818,9818,0,0,0,0.0,136,4,5.832,2947
9819,9819,126,126,43,2.9302,211,4,5.753,3151
9820,9820,315,315,108,2.9167,26,4,5.986,3125
9821,9821,331,326,112,2.9107,27,4,6.416,3125
9822,9822,661,661,240,2.7542,55,4,6.032,3054
9823,9823,322,322,117,2.7521,26,4,5.907,3054
9824,9824,243,243,84,2.8929,21,4,7.321,3204
9825,9825,76,76,25,3.04,13,4,0.0,3279
9826,9826,0,0,0,0.0,0,4,0.0,3526
9827,9827,69,69,23,3.0,17,4,0.0,3363
9828,9828,45,45,15,3.0,2,4,0.0,3265
9829,9829,237,237,80,2.9625,30,4,3.738,3265
9830,9830,783,783,264,2.9659,84,4,0.0,3265
9831,9831,0,0,0,0.0,216,4,5.559,3055
9832,9832,789,789,287,2.7491,46,4,6.294,2877
9833,9833,322,322,123,2.6179,39,4,0.0,2828
9834,9834,280,280,112,2.5,54,4,0.0,2806
9835,9835,106,106,43,2.4651,37,4,7.002,3059
9836,9836,418,418,169,2.4734,41,4,0.0,3099
9837,9837,811,811,328,2.4726,82,4,0.0,3288
9838,9838,0,0,0,0.0,128,4,0.0,3288
9839,9839,238,238,96,2.4792,99,4,0.0,3194
9840,9840,0,0,0,0.0,0,2,0.0,3160
9841,9841,0,0,0,0.0,0,2,0.0,3062
9842,9842,0,0,0,0.0,167,4,0.0,3278
9843,9843,167,167,57,2.9298,24,4,0.0,3406
9844,9844,145,145,49,2.9592,31,4,0.0,3406
9845,9845,0,0,0,0.0,188,4,0.0,3698
9846,9846,150,150,51,2.9412,3,4,0.0,3522
9847,9847,81,81,27,3.0,15,4,0.0,3522
9848,9848,0,0,0,0.0,298,4,0.0,3278
9849,9849,489,489,155,3.1548,24,4,0.0,3402
9850,9850,0,0,0,0.0,0,4,0.0,3278
9851,9851,30,30,10,3.0,10,4,0.0,3406
9852,9852,0,0,0,0.0,65,4,0.0,2965
9853,9853,0,0,0,0.0,57,4,0.0,2965
9854,9854,0,0,0,0.0,295,4,2.693,2965
9855,9855,0,0,0,0.0,47,4,2.1,2965
9856,9856,379,379,152,2.4934,35,4,1.641,2965
9857,9857,0,0,0,0.0,256,4,0.0,2965
9858,9858,0,0,0,0.0,118,4,0.0,2927
9859,9859,152,152,48,3.1667,3,4,0.0,3494
9860,9860,732,732,271,2.7011,62,4,0.0,3591
9861,9861,2,2,1,2.0,0,4,0.0,3591
9862,9862,135,135,40,3.375,20,4,0.0,3775
9863,9863,155,155,57,2.7193,21,4,0.0,3775
9864,9864,685,454,169,2.6864,597,4,0.0,3526
9865,9865,272,272,101,2.6931,89,4,0.0,3730
9866,9866,0,0,0,0.0,223,4,0.0,3741
9867,9867,290,290,104,2.7885,209,2,0.0,3698
9868,9868,216,216,78,2.7692,44,2,0.0,3698
9869,9869,137,137,49,2.7959,20,2,0.0,3698
9870,9870,0,0,0,0.0,24,2,0.0,3698
9871,9871,0,0,0,0.0,0,2,0.0,3698
9872,9872,370,370,125,2.96,74,4,0.0,3824
9873,9873,333,333,113,2.9469,48,4,0.0,3741
9874,9874,66,66,23,2.8696,16,4,0.0,3876
9875,9875,73,73,25,2.92,6,4,0.0,3824
9876,9876,2,2,1,2.0,0,4,0.0,3824
9877,9877,47,47,16,2.9375,15,4,0.0,3876
9878,9878,35,35,12,2.9167,2,4,0.0,3876
9879,9879,175,175,59,2.9661,30,4,0.0,3824
9880,9880,64,64,22,2.9091,5,4,0.0,3824
9881,9881,218,218,74,2.9459,42,4,0.0,3987
9882,9882,237,237,80,2.9625,37,4,0.0,3985
9883,9883,622,622,185,3.3622,55,4,0.0,3822
9884,9884,537,537,154,3.487,46,4,0.0,3819
9885,9885,645,645,185,3.4865,54,4,0.0,3819
9886,9886,3,3,1,3.0,909,4,0.0,3765
9887,9887,3,3,1,3.0,1594,4,0.0,3939
9888,9888,0,0,0,0.0,34,4,0.0,3939
9889,9889,426,426,122,3.4918,98,4,1.941,3939
9890,9890,35,35,12,2.9167,2,4,0.0,3992
9891,9891,170,170,66,2.5758,34,4,0.0,3950
9892,9892,107,107,41,2.6098,27,4,0.0,3950
9893,9893,183,183,71,2.5775,21,4,0.0,3992
9894,9894,311,311,120,2.5917,113,4,0.0,3950
9895,9895,63,63,25,2.52,15,4,0.0,3942
9896,9896,54,54,21,2.5714,18,4,0.0,3862
9897,9897,0,0,0,0.0,24,4,0.0,3962
9898,9898,361,361,151,2.3907,39,6,0.0,54
9899,9899,111,111,46,2.413,19,6,0.0,54
9900,9900,0,0,0,0.0,39,6,0.0,62
9901,9901,0,0,0,0.0,368,6,0.0,75
9902,9902,335,335,107,3.1308,36,6,0.0,68
9903,9903,53,53,17,3.1176,2,6,0.0,65
9904,9904,56,56,18,3.1111,2,6,0.0,65
9905,9905,93,93,37,2.5135,22,6,0.0,323
9906,9906,273,273,87,3.1379,36,6,0.0,65
9907,9907,66,66,27,2.4444,6,3,0.0,686
9908,9908,31,31,16,1.9375,13,2,0.0,818
9909,9909,0,0,0,0.0,409,6,0.0,17
9910,9910,2013,2013,641,3.1404,115,6,0.0,17
9911,9911,0,0,0,0.0,0,6,0.0,17
9912,9912,69,69,27,2.5556,78,7,0.0,71
9913,9913,63,63,25,2.52,87,7,0.0,71
9914,9914,111,111,43,2.5814,24,7,0.0,71
9915,9915,0,0,0,0.0,10,6,0.0,17
9916,9916,39,39,16,2.4375,4,3,0.0,4087
9917,9917,15,15,6,2.5,14,3,0.0,4087
9918,9918,58,58,24,2.4167,28,3,0.0,4087
9919,9919,18,18,7,2.5714,16,3,0.0,3915
9920,9920,50,50,20,2.5,172,3,0.0,3915
9921,9921,0,0,0,0.0,0,3,0.0,3915
9922,9922,0,0,0,0.0,0,3,0.0,3915
9923,9923,8,8,3,2.6667,1,3,0.0,3915
9924,9924,0,0,0,0.0,0,3,0.0,3875
9925,9925,0,0,0,0.0,0,3,0.0,3875
9926,9926,155,155,62,2.5,55,3,0.0,3875
9927,9927,0,0,0,0.0,0,3,0.0,4149
9928,9928,35,35,14,2.5,16,3,0.0,4159
9929,9929,124,124,39,3.1795,27,3,0.0,4295
9930,9930,50,50,16,3.125,3,3,0.0,4149
9931,9931,0,0,0,0.0,0,3,0.0,4136
9932,9932,32,32,10,3.2,14,3,0.0,4149
9933,9933,418,418,153,2.732,17,2,0.0,1104
9934,9934,0,0,0,0.0,41,2,0.0,1104
9935,9935,0,0,0,0.0,94,2,7.548,1331
9936,9936,0,0,0,0.0,67,2,2.364,1288
9937,9937,54,54,20,2.7,15,4,0.0,3775
9938,9938,69,69,26,2.6538,30,4,0.0,3526
9939,9939,517,517,176,2.9375,97,2,0.0,3402
9940,9940,49,49,18,2.7222,14,2,0.0,3608
9941,9941,17,17,6,2.8333,1,2,0.0,3608
9942,9942,49,49,18,2.7222,16,2,0.0,3608
9943,9943,51,51,19,2.6842,28,2,0.0,3608
9944,9944,60,60,22,2.7273,14,2,0.0,3608
9945,9945,51,51,19,2.6842,3,2,0.0,3608
9946,9946,232,232,79,2.9367,36,4,0.0,3992
9947,9947,244,244,83,2.9398,38,4,0.0,3876
9948,9948,205,205,70,2.9286,27,4,0.0,3992
9949,9949,97,97,33,2.9394,27,4,0.0,3876
9950,9950,59,59,20,2.95,17,4,0.0,3987
9951,9951,373,373,126,2.9603,149,4,0.0,3987
9952,9952,213,213,82,2.5976,23,4,0.0,3942
9953,9953,0,0,0,0.0,0,4,0.0,3962
9954,9954,64,64,22,2.9091,16,4,0.0,3949
9955,9955,0,0,0,0.0,250,2,0.0,2690
9956,9956,0,0,0,0.0,179,2,0.0,2690
9957,9957,202,202,63,3.2063,22,2,0.0,2737
9958,9958,7,7,2,3.5,488,2,0.0,2737
9959,9959,0,0,0,0.0,37,2,0.0,2816
9960,9960,0,0,0,0.0,92,2,0.0,2835
9961,9961,0,0,0,0.0,56,2,0.0,2835
9962,9962,0,0,0,0.0,0,2,0.0,3160
9963,9963,155,155,38,4.0789,18,2,0.0,3232
9964,9964,357,357,87,4.1034,36,2,0.0,3232
9965,9965,0,0,0,0.0,25,2,0.0,3160
9966,9966,73,73,19,3.8421,13,2,0.0,3160
9967,9967,263,263,68,3.8676,42,2,0.0,3229
9968,9968,419,419,102,4.1078,26,2,0.0,3232
9969,9969,208,208,54,3.8519,27,2,0.0,3154
9970,9970,243,243,64,3.7969,2,2,0.0,3154
9971,9971,236,236,65,3.6308,20,2,0.0,3153
9972,9972,1016,1016,281,3.6157,34,2,0.0,3374
9973,9973,0,0,0,0.0,0,2,0.0,3374
9974,9974,252,252,70,3.6,16,2,0.0,3486
9975,9975,0,0,0,0.0,0,2,0.0,3486
9976,9976,0,0,0,0.0,0,2,0.0,3486
9977,9977,141,141,39,3.6154,13,2,0.0,3486
9978,9978,313,307,85,3.6118,19,2,0.0,3399
9979,9979,253,253,79,3.2025,20,2,0.0,3314
9980,9980,128,128,40,3.2,14,2,0.0,3314
9981,9981,0,0,0,0.0,0,2,0.0,3314
9982,9982,129,129,40,3.225,15,2,0.0,3314
9983,9983,81,81,25,3.24,18,2,0.0,3314
9984,9984,166,166,52,3.1923,25,2,0.0,3314
9985,9985,218,218,68,3.2059,23,2,0.0,3314
9986,9986,151,116,36,3.2222,23,2,0.0,3341
9987,9987,47,47,13,3.6154,2,2,0.0,2915
9988,9988,83,83,23,3.6087,14,2,0.0,2923
9989,9989,94,94,27,3.4815,3,2,0.0,2984
9990,9990,89,89,27,3.2963,20,2,0.0,3050
9991,9991,0,0,0,0.0,56,2,0.0,2984
9992,9992,493,493,141,3.4965,62,2,0.0,2994
9993,9993,43,43,11,3.9091,11,2,0.0,3050
9994,9994,38,38,10,3.8,1,2,0.0,3050
9995,9995,33,33,8,4.125,11,2,0.0,3096
9996,9996,12,12,3,4.0,81,2,0.0,3050
9997,9997,15,15,4,3.75,104,2,0.0,3130
9998,9998,126,126,35,3.6,92,2,0.0,3130
9999,9999,126,126,35,3.6,14,2,0.0,3153
10000,10000,633,377,142,2.6549,221,2,0.0,3035
10001,10001,126,126,48,2.625,16,2,0.0,2981
10002,10002,6,6,2,3.0,119,2,0.0,3026
10003,10003,0,0,0,0.0,192,2,0.0,3035
10004,10004,322,287,108,2.6574,55,2,0.0,3035
10005,10005,475,475,179,2.6536,61,2,0.0,3135
10006,10006,213,213,64,3.3281,28,2,0.0,3066
10007,10007,66,66,20,3.3,3,2,0.0,3226
10008,10008,1743,1567,471,3.327,278,2,0.0,3066
10009,10009,60,60,18,3.3333,14,2,0.0,3101
10010,10010,209,209,63,3.3175,20,2,0.0,3226
10011,10011,187,187,56,3.3393,18,2,0.0,2860
10012,10012,285,285,72,3.9583,16,2,0.0,2871
10013,10013,232,232,59,3.9322,23,2,0.0,2871
10014,10014,521,521,132,3.947,48,2,0.0,2871
10015,10015,83,83,21,3.9524,89,2,0.0,2871
10016,10016,42,35,9,3.8889,13,2,0.0,2880
10017,10017,0,0,0,0.0,287,2,0.0,2880
10018,10018,437,437,111,3.9369,32,2,0.0,2871
10019,10019,1032,1032,262,3.9389,141,2,0.0,2871
10020,10020,311,311,79,3.9367,18,2,0.0,2880
10021,10021,0,0,0,0.0,30,2,0.0,2871
10022,10022,0,0,0,0.0,32,5,0.0,4730
10023,10023,0,0,0,0.0,0,5,0.0,4701
10024,10024,0,0,0,0.0,0,4,0.0,2760
10025,10025,0,0,0,0.0,0,4,0.0,2760
10026,10026,0,0,0,0.0,0,4,0.0,2523
10027,10027,0,0,0,0.0,513,4,0.0,2809
10028,10028,0,0,0,0.0,0,4,0.0,2756
10029,10029,0,0,0,0.0,98,4,0.0,2781
10030,10030,0,0,0,0.0,0,4,0.0,2709
10031,10031,0,0,0,0.0,0,4,0.0,2717
10032,10032,0,0,0,0.0,2162,4,0.0,2687
10033,10033,0,0,0,0.0,550,4,0.0,2687
10034,10034,0,0,0,0.0,12,4,0.0,2523
10035,10035,0,0,0,0.0,84,4,0.0,2706
10036,10036,0,0,0,0.0,119,4,0.0,2598
10037,10037,0,0,0,0.0,54,4,0.0,2736
10038,10038,0,0,0,0.0,90,4,0.0,2712
10039,10039,583,583,228,2.557,154,4,0.0,2779
10040,10040,607,607,237,2.5612,50,4,0.0,2795
10041,10041,317,317,124,2.5565,40,4,0.0,2795
10042,10042,665,665,242,2.7479,42,4,0.0,2800
10043,10043,0,0,0,0.0,88,4,0.0,2800
10044,10044,357,357,136,2.625,116,4,0.0,2828
10045,10045,405,405,147,2.7551,31,4,0.0,2722
10046,10046,338,338,123,2.748,20,4,0.0,2722
10047,10047,457,457,166,2.753,30,4,0.0,2722
10048,10048,0,0,0,0.0,20,4,2.551,2916
10049,10049,244,244,98,2.4898,23,4,3.219,2916
10050,10050,81,81,33,2.4545,34,4,3.018,2916
10051,10051,0,0,0,0.0,250,4,1.771,3060
10052,10052,220,220,63,3.4921,24,4,0.0,3819
10053,10053,33,33,17,1.9412,12,2,0.0,717
10054,10054,59,59,30,1.9667,15,2,0.0,747
10055,10055,16,16,8,2.0,0,2,0.0,818
10056,10056,16,16,8,2.0,0,2,0.0,851
10057,10057,51,51,26,1.9615,3,2,0.0,807
10058,10058,43,43,22,1.9545,16,2,0.0,807
10059,10059,14,14,7,2.0,0,2,0.0,807
10060,10060,17,17,7,2.4286,82,2,0.0,928
10061,10061,90,90,40,2.25,27,2,0.0,928
10062,10062,0,0,0,0.0,0,2,0.0,1069
10063,10063,60,60,26,2.3077,14,2,0.0,963
10064,10064,43,43,19,2.2632,16,2,0.0,963
10065,10065,48,48,18,2.6667,20,2,0.0,1027
10066,10066,27,27,10,2.7,1,2,0.0,1027
10067,10067,41,41,15,2.7333,13,2,0.0,1074
10068,10068,66,66,24,2.75,16,2,0.0,1074
10069,10069,87,87,32,2.7188,15,2,0.0,1005
10070,10070,99,99,44,2.25,19,2,0.0,852
10071,10071,110,110,41,2.6829,17,2,0.0,879
10072,10072,110,110,41,2.6829,17,2,0.0,844
10073,10073,209,209,68,3.0735,69,2,0.471,2387
10074,10074,117,117,38,3.0789,23,2,0.387,2302
10075,10075,170,170,55,3.0909,54,2,0.36,2302
10076,10076,0,0,0,0.0,0,3,0.0,3997
10077,10077,84,84,26,3.2308,14,3,0.0,4136
10078,10078,10,10,3,3.3333,0,3,0.0,3997
10079,10079,124,124,53,2.3396,55,3,0.0,664
10080,10080,233,233,99,2.3535,47,3,0.0,664
10081,10081,208,208,89,2.3371,569,3,0.0,743
10082,10082,103,103,44,2.3409,23,3,0.0,558
10083,10083,218,218,93,2.3441,41,3,0.0,771
10084,10084,247,247,105,2.3524,41,3,0.0,772
10085,10085,94,94,40,2.35,28,3,0.0,640
10086,10086,167,167,71,2.3521,30,3,0.0,640
10087,10087,221,221,94,2.3511,38,3,0.0,640
10088,10088,0,0,0,0.0,120,2,0.0,1025
10089,10089,102,102,36,2.8333,5,2,0.0,1025
10090,10090,0,0,0,0.0,0,4,3.754,4301
10091,10091,0,0,0,0.0,0,4,2.303,4251
10092,10092,0,0,0,0.0,0,4,0.0,3966
10093,10093,0,0,0,0.0,0,4,0.0,4005
10094,10094,1957,1957,594,3.2946,99,4,0.0,3914
10095,10095,0,0,0,0.0,0,4,0.0,3914
10096,10096,0,0,0,0.0,39,4,0.0,4062
10097,10097,0,0,0,0.0,115,4,0.0,4062
10098,10098,0,0,0,0.0,104,4,0.0,4122
10099,10099,59,0,0,0.0,0,4,0.0,4122
10100,10100,0,0,0,0.0,365,4,0.0,4188
10101,10101,0,0,0,0.0,218,4,3.353,4188
10102,10102,0,0,0,0.0,141,4,2.784,4188
10103,10103,0,0,0,0.0,73,4,2.413,4251
10104,10104,0,0,0,0.0,0,4,0.0,4342
10105,10105,0,0,0,0.0,232,4,0.0,4302
10106,10106,0,0,0,0.0,0,4,0.0,3860
10107,10107,0,0,0,0.0,0,5,0.0,4568
10108,10108,0,0,0,0.0,0,5,0.0,4558
10109,10109,0,0,0,0.0,0,5,0.0,4568
10110,10110,0,0,0,0.0,0,5,0.0,4568
10111,10111,0,0,0,0.0,0,5,0.0,4568
10112,10112,1893,0,0,0.0,1382,5,0.0,4568
10113,10113,0,0,0,0.0,0,5,0.0,4558
10114,10114,0,0,0,0.0,0,5,0.0,4558
10115,10115,0,0,0,0.0,0,5,0.0,4558
10116,10116,0,0,0,0.0,0,5,0.0,4701
10117,10117,0,0,0,0.0,0,5,0.0,4701
10118,10118,0,0,0,0.0,0,5,0.0,4786
10119,10119,0,0,0,0.0,0,5,0.0,4757
10120,10120,495,399,127,3.1417,107,5,0.0,4786
10121,10121,40,40,16,2.5,31,6,0.0,323
10122,10122,0,0,0,0.0,16,2,0.771,2416
10123,10123,5,5,3,1.6667,0,2,0.619,2416
10124,10124,7,7,3,2.3333,97,2,0.744,2430
10125,10125,0,0,0,0.0,32,2,0.0,2612
10126,10126,177,177,83,2.1325,67,2,1.428,2990
10127,10127,9,9,4,2.25,17,2,1.434,2990
10128,10128,0,0,0,0.0,14,2,0.666,2776
10129,10129,0,0,0,0.0,84,2,0.855,2776
10130,10130,16,16,5,3.2,13,2,0.636,2776
10131,10131,128,128,54,2.3704,14,3,0.0,3920
10132,10132,62,62,21,2.9524,1,3,0.0,3920
10133,10133,70,70,24,2.9167,1,3,0.0,3920
10134,10134,579,579,244,2.373,95,3,0.0,3609
10135,10135,45,45,19,2.3684,35,3,0.0,3566
10136,10136,371,371,157,2.3631,35,3,0.0,3566
10137,10137,0,0,0,0.0,0,3,0.0,3444
10138,10138,74,74,31,2.3871,15,3,0.0,3444
10139,10139,57,57,24,2.375,16,3,0.0,3411
10140,10140,87,87,37,2.3514,17,3,0.0,3411
10141,10141,5,5,2,2.5,0,3,0.0,3411
10142,10142,174,174,46,3.7826,22,4,0.0,3548
10143,10143,0,0,0,0.0,30,4,0.0,3281
10144,10144,0,0,0,0.0,0,4,0.0,3223
10145,10145,133,133,46,2.8913,153,4,0.0,3223
10146,10146,0,0,0,0.0,22,4,0.0,3223
10147,10147,0,0,0,0.0,0,4,0.0,2844
10148,10148,245,245,74,3.3108,40,4,0.0,2917
10149,10149,19,19,6,3.1667,10,4,0.0,2844
10150,10150,359,359,108,3.3241,31,4,0.0,2917
10151,10151,38,38,12,3.1667,17,4,0.0,2844
10152,10152,0,0,0,0.0,89,4,0.0,3048
10153,10153,0,0,0,0.0,170,4,0.0,3048
10154,10154,27,27,8,3.375,34,4,0.0,3048
10155,10155,395,395,119,3.3193,59,4,0.0,3027
10156,10156,568,568,171,3.3216,45,4,0.0,3027
10157,10157,0,0,0,0.0,483,4,0.0,3008
10158,10158,332,332,115,2.887,1052,4,0.0,3183
10159,10159,441,441,153,2.8824,112,4,0.0,3108
10160,10160,6,6,2,3.0,124,4,0.0,3108
10161,10161,0,0,0,0.0,0,4,0.0,3108
10162,10162,381,381,132,2.8864,46,4,0.0,3189
10163,10163,249,249,86,2.8953,6,4,0.0,3189
10164,10164,0,0,0,0.0,0,4,0.0,3189
10165,10165,0,0,0,0.0,34,4,0.0,3268
10166,10166,424,424,123,3.4472,45,4,0.0,3268
10167,10167,93,93,27,3.4444,4,4,0.0,3338
10168,10168,155,155,45,3.4444,19,4,0.0,3338
10169,10169,73,73,19,3.8421,17,4,0.0,3519
10170,10170,0,0,0,0.0,0,4,0.0,3431
10171,10171,207,207,55,3.7636,169,4,0.0,3344
10172,10172,469,469,117,4.0085,21,4,0.0,3270
10173,10173,3,3,1,3.0,507,4,0.0,3431
10174,10174,0,0,0,0.0,0,4,0.0,3431
10175,10175,170,170,45,3.7778,17,4,0.0,3548
10176,10176,160,160,58,2.7586,70,4,0.0,2774
10177,10177,779,779,233,3.3433,141,4,0.0,2952
10178,10178,419,419,130,3.2231,49,4,0.0,2952
10179,10179,586,586,182,3.2198,57,4,0.0,2952
10180,10180,139,139,43,3.2326,15,4,0.0,3082
10181,10181,477,477,174,2.7414,377,4,5.996,2956
10182,10182,456,456,174,2.6207,28,4,6.202,2931
10183,10183,576,576,223,2.583,34,4,0.0,3325
10184,10184,407,407,157,2.5924,36,4,0.0,3346
10185,10185,54,54,22,2.4545,2,4,2.937,3020
10186,10186,195,195,66,2.9545,24,4,7.532,3164
10187,10187,64,64,20,3.2,50,4,0.0,3318
10188,10188,164,164,52,3.1538,4,4,0.0,3407
10189,10189,63,63,19,3.3158,2,4,0.0,3528
10190,10190,80,80,24,3.3333,14,4,0.0,3528
10191,10191,219,219,56,3.9107,8,4,0.0,3642
10192,10192,98,98,25,3.92,18,4,0.0,3637
10193,10193,130,130,33,3.9394,18,4,0.0,3637
10194,10194,87,87,28,3.1071,2,4,0.0,3695
10195,10195,275,275,88,3.125,18,4,0.0,3695
10196,10196,77,77,25,3.08,13,4,0.0,3695
10197,10197,0,0,0,0.0,861,4,0.0,3900
10198,10198,0,0,0,0.0,0,4,0.0,4071
10199,10199,0,0,0,0.0,0,4,0.0,4352
10200,10200,1212,1212,378,3.2063,71,4,0.0,4053
10201,10201,437,437,122,3.582,29,4,0.0,3745
10202,10202,7,7,2,3.5,677,4,0.0,4247
10203,10203,265,265,75,3.5333,26,4,0.0,4426
10204,10204,31,31,8,3.875,1,4,0.0,4438
10205,10205,261,261,69,3.7826,50,4,0.0,4402
10206,10206,90,90,24,3.75,3,4,0.0,4402
10207,10207,480,480,134,3.5821,24,4,0.0,3654
10208,10208,35,35,27,1.2963,1513,1,21.956,1848
10209,10209,831,831,289,2.8754,59,4,0.0,3546
10210,10210,382,382,133,2.8722,61,4,0.0,3747
10211,10211,275,275,77,3.5714,6,4,0.0,3073
10212,10212,289,289,81,3.5679,19,4,0.0,3073
10213,10213,108,108,30,3.6,17,4,0.0,3073
10214,10214,0,0,0,0.0,109,2,0.0,1667
10215,10215,0,0,0,0.0,17,2,0.0,1700
10216,10216,135,135,70,1.9286,427,2,2.93,1620
10217,10217,0,0,0,0.0,16,2,0.0,1751
10218,10218,0,0,0,0.0,26,4,0.0,3157
10219,10219,246,246,66,3.7273,88,4,0.0,2938
10220,10220,0,0,0,0.0,0,4,0.0,3699
10221,10221,0,0,0,0.0,0,4,0.0,3392
10222,10222,821,821,210,3.9095,53,4,11.122,3644
10223,10223,0,0,0,0.0,0,4,0.0,2732
10224,10224,0,0,0,0.0,34,4,0.0,2610
10225,10225,0,0,0,0.0,0,4,0.0,2853
10226,10226,0,0,0,0.0,0,4,0.0,2732
10227,10227,0,0,0,0.0,0,4,0.0,2732
10228,10228,37,37,11,3.3636,104,4,0.0,3065
10229,10229,0,0,0,0.0,0,4,0.0,3223
10230,10230,375,375,158,2.3734,84,3,0.0,3460
10231,10231,58,58,22,2.6364,2,3,0.0,3958
10232,10232,326,319,140,2.2786,20,3,0.0,3723
10233,10233,320,320,141,2.2695,38,3,0.0,3750
10234,10234,782,782,344,2.2733,130,3,0.0,3723
10235,10235,323,323,142,2.2746,35,3,0.0,3633
10236,10236,207,207,78,2.6538,26,3,0.0,3598
10237,10237,24,24,9,2.6667,1,3,0.0,3598
10238,10238,31,31,12,2.5833,2,3,0.0,3598
10239,10239,0,0,0,0.0,0,3,0.0,3625
10240,10240,36,36,16,2.25,2,3,0.0,3722
10241,10241,304,304,114,2.6667,45,3,0.0,3598
10242,10242,92,92,39,2.359,4,3,0.0,3460
10243,10243,138,138,58,2.3793,42,3,0.0,3460
10244,10244,85,85,36,2.3611,3,3,0.0,3369
10245,10245,253,253,107,2.3645,29,3,0.0,3369
10246,10246,0,0,0,0.0,0,3,0.0,3625
10247,10247,481,481,181,2.6575,94,3,0.0,3495
10248,10248,85,85,32,2.6562,18,3,0.0,3492
10249,10249,109,109,46,2.3696,40,3,0.0,3411
10250,10250,71,71,30,2.3667,20,3,0.0,3411
10251,10251,609,609,257,2.3696,40,3,0.0,3237
10252,10252,43,43,18,2.3889,18,3,0.0,3237
10253,10253,49,49,21,2.3333,2,3,0.0,3237
10254,10254,0,0,0,0.0,46,3,0.0,3273
10255,10255,102,102,43,2.3721,15,3,0.0,3237
10256,10256,76,76,34,2.2353,16,3,0.0,3188
10257,10257,107,107,48,2.2292,25,3,0.0,3286
10258,10258,225,225,101,2.2277,24,3,0.0,3286
10259,10259,27,27,10,2.7,12,3,0.0,3441
10260,10260,37,37,14,2.6429,15,3,0.0,3475
10261,10261,197,197,74,2.6622,32,3,0.0,3441
10262,10262,0,0,0,0.0,0,3,0.0,3492
10263,10263,58,58,22,2.6364,14,3,4.038,3495
10264,10264,0,0,0,0.0,365,2,3.264,3502
10265,10265,90,90,34,2.6471,26,3,0.0,3492
10266,10266,199,199,75,2.6533,21,3,8.081,3492
10267,10267,88,88,33,2.6667,24,3,8.284,3492
10268,10268,227,227,85,2.6706,31,3,8.346,3377
10269,10269,72,72,27,2.6667,3,3,0.0,3441
10270,10270,140,140,63,2.2222,26,3,0.0,3202
10271,10271,328,328,139,2.3597,35,3,0.0,2976
10272,10272,230,230,88,2.6136,37,3,8.51,3171
10273,10273,0,0,0,0.0,0,3,8.269,3171
10274,10274,44,44,17,2.5882,3,3,0.0,3263
10275,10275,36,36,14,2.5714,13,3,0.0,3263
10276,10276,8,8,3,2.6667,0,3,5.738,3320
10277,10277,79,79,30,2.6333,15,3,0.0,3152
10278,10278,525,525,201,2.6119,55,3,0.0,3152
10279,10279,0,0,0,0.0,0,3,0.0,3273
10280,10280,0,0,0,0.0,542,3,0.0,3273
10281,10281,0,0,0,0.0,0,3,0.0,3118
10282,10282,118,118,50,2.36,14,3,0.0,3118
10283,10283,35,35,15,2.3333,1,3,0.0,3118
10284,10284,505,505,212,2.3821,77,3,0.0,3100
10285,10285,0,0,0,0.0,0,3,0.0,3560
10286,10286,2,2,1,2.0,0,3,0.0,3456
10287,10287,0,0,0,0.0,0,3,0.0,2992
10288,10288,0,0,0,0.0,404,3,0.0,2992
10289,10289,0,0,0,0.0,0,3,0.0,3833
10290,10290,0,0,0,0.0,0,3,0.0,3833
10291,10291,283,283,119,2.3782,24,3,0.0,2863
10292,10292,181,181,76,2.3816,19,3,0.0,3040
10293,10293,171,171,72,2.375,17,3,0.0,3040
10294,10294,398,398,167,2.3832,43,3,0.0,3040
10295,10295,0,0,0,0.0,0,3,0.0,2179
10296,10296,312,312,131,2.3817,57,3,0.0,3118
10297,10297,434,434,182,2.3846,28,3,0.0,3118
10298,10298,306,306,128,2.3906,6,3,0.0,3118
10299,10299,495,495,207,2.3913,10,3,0.0,3118
10300,10300,420,420,176,2.3864,22,3,0.0,3118
10301,10301,191,191,71,2.6901,25,3,0.0,2946
10302,10302,0,0,0,0.0,0,3,0.0,2930
10303,10303,0,0,0,0.0,121,3,0.0,2986
10304,10304,0,0,0,0.0,471,3,0.0,2707
10305,10305,0,0,0,0.0,0,3,0.0,2930
10306,10306,245,245,97,2.5258,25,3,0.0,3075
10307,10307,98,98,44,2.2273,4,3,0.0,3188
10308,10308,96,96,38,2.5263,18,3,0.0,3131
10309,10309,0,0,0,0.0,17,3,0.0,3051
10310,10310,142,142,56,2.5357,533,3,0.0,3051
10311,10311,0,0,0,0.0,398,3,0.0,2951
10312,10312,0,0,0,0.0,50,3,0.0,2951
10313,10313,88,88,35,2.5143,3,3,0.0,2842
10314,10314,0,0,0,0.0,23,3,0.0,2837
10315,10315,0,0,0,0.0,85,3,0.0,2837
10316,10316,907,907,433,2.0947,51,3,0.0,2785
10317,10317,0,0,0,0.0,0,3,0.0,2674
10318,10318,0,0,0,0.0,0,3,0.0,2674
10319,10319,831,831,328,2.5335,112,3,0.0,2842
10320,10320,89,89,38,2.3421,32,3,0.0,2976
10321,10321,84,84,36,2.3333,17,3,0.0,2976
10322,10322,52,52,22,2.3636,3,3,0.126,2910
10323,10323,37,37,16,2.3125,70,3,0.428,2910
10324,10324,59,59,25,2.36,16,3,0.0,2910
10325,10325,81,81,34,2.3824,5,3,0.0,2910
10326,10326,0,0,0,0.0,0,2,0.0,557
10327,10327,31,31,16,1.9375,14,2,0.0,818
10328,10328,22,22,11,2.0,1,2,0.0,818
10329,10329,43,43,22,1.9545,45,2,0.0,851
10330,10330,16,16,8,2.0,19,2,0.0,818
10331,10331,25,25,13,1.9231,12,2,0.0,818
10332,10332,23,23,12,1.9167,1,2,0.0,818
10333,10333,10,10,5,2.0,0,2,0.0,818
10334,10334,22,22,11,2.0,16,2,0.0,818
10335,10335,105,105,65,1.6154,23,2,0.188,583
10336,10336,13,13,7,1.8571,0,2,0.194,612
10337,10337,0,0,0,0.0,0,2,0.186,612
10338,10338,11,11,6,1.8333,39,2,0.156,636
10339,10339,7,7,4,1.75,109,2,0.15,670
10340,10340,110,110,62,1.7742,4,2,0.154,636
10341,10341,100,100,57,1.7544,14,2,0.183,638
10342,10342,74,74,27,2.7407,4,2,0.0,895
10343,10343,722,722,369,1.9566,58,2,0.0,1010
10344,10344,66,66,34,1.9412,16,2,0.0,969
10345,10345,0,0,0,0.0,0,2,0.0,969
10346,10346,18,18,9,2.0,1,2,0.0,969
10347,10347,21,21,7,3.0,1,2,0.0,1025
10348,10348,124,124,44,2.8182,16,2,0.0,1025
10349,10349,0,0,0,0.0,459,2,11.926,1221
10350,10350,155,155,80,1.9375,22,2,0.0,1119
10351,10351,12,12,4,3.0,1,2,0.0,1025
10352,10352,21,21,7,3.0,13,2,0.0,1136
10353,10353,60,60,21,2.8571,18,2,0.0,1076
10354,10354,105,105,54,1.9444,25,2,0.0,828
10355,10355,0,0,0,0.0,0,2,0.248,657
10356,10356,64,64,26,2.4615,25,3,0.0,439
10357,10357,301,301,131,2.2977,31,2,0.0,3513
10358,10358,203,203,89,2.2809,25,2,0.0,3513
10359,10359,19,0,0,0.0,124,2,0.0,3523
10360,10360,98,98,43,2.2791,17,2,0.0,3513
10361,10361,32,32,13,2.4615,2,2,1.095,3416
10362,10362,68,68,27,2.5185,14,2,1.206,3416
10363,10363,39,39,16,2.4375,2,2,1.108,3416
10364,10364,0,0,0,0.0,91,2,0.0,3360
10365,10365,306,306,121,2.5289,28,2,0.0,3360
10366,10366,80,80,29,2.7586,41,2,0.0,3257
10367,10367,188,188,68,2.7647,18,2,1.499,3165
10368,10368,237,237,86,2.7558,24,2,0.0,3257
10369,10369,540,540,214,2.5234,75,2,0.841,3345
10370,10370,1541,1541,530,2.9075,54,2,0.0,3410
10371,10371,0,0,0,0.0,108,2,1.71,3410
10372,10372,276,276,95,2.9053,19,2,5.891,3410
10373,10373,68,68,27,2.5185,3,2,0.0,3360
10374,10374,0,0,0,0.0,24,2,0.479,2635
10375,10375,0,0,0,0.0,109,2,0.471,2686
10376,10376,19,19,6,3.1667,203,2,0.0,2601
10377,10377,126,126,42,3.0,74,2,0.0,2601
10378,10378,0,0,0,0.0,0,2,0.0,2541
10379,10379,115,115,41,2.8049,19,2,0.0,2541
10380,10380,34,34,13,2.6154,43,2,0.0,2637
10381,10381,0,0,0,0.0,118,2,0.0,2762
10382,10382,640,640,245,2.6122,52,2,1.332,3049
10383,10383,307,307,118,2.6017,21,2,1.483,2979
10384,10384,293,293,102,2.8725,25,4,0.0,3632
10385,10385,92,92,34,2.7059,23,4,1.69,4020
10386,10386,430,430,134,3.209,120,4,1.779,4090
10387,10387,0,0,0,0.0,470,4,1.815,4003
10388,10388,126,126,40,3.15,16,4,0.0,3402
10389,10389,16,16,4,4.0,0,2,0.0,3446
10390,10390,0,0,0,0.0,314,4,1.619,2864
10391,10391,27,27,9,3.0,14,4,0.0,3876
10392,10392,18,18,6,3.0,11,4,0.0,3876
10393,10393,0,0,0,0.0,0,5,0.0,4221
10394,10394,0,0,0,0.0,0,4,0.0,4221
10395,10395,0,0,0,0.0,0,4,0.0,4221
10396,10396,0,0,0,0.0,0,5,0.0,4676
10397,10397,0,0,0,0.0,0,5,0.0,4559
10398,10398,0,0,0,0.0,0,5,0.0,4526
10399,10399,242,242,66,3.6667,40,5,0.0,4545
10400,10400,73,73,26,2.8077,14,5,0.0,4545
10401,10401,72,57,21,2.7143,128,5,0.0,4545
10402,10402,146,146,52,2.8077,332,5,0.0,4479
10403,10403,148,148,53,2.7925,33,5,0.0,4562
10404,10404,0,0,0,0.0,84,5,0.0,4562
10405,10405,0,0,0,0.0,165,5,0.0,4353
10406,10406,25,25,9,2.7778,0,5,0.0,3999
10407,10407,301,301,108,2.787,3,5,0.0,3999
10408,10408,233,233,84,2.7738,230,5,0.0,3999
10409,10409,120,120,43,2.7907,1,5,0.0,4065
10410,10410,73,73,26,2.8077,0,5,0.0,4065
10411,10411,246,246,89,2.764,13,5,0.0,4065
10412,10412,75,75,27,2.7778,12,5,0.0,4065
10413,10413,49,49,18,2.7222,0,5,0.0,4065
10414,10414,261,261,94,2.7766,21,5,0.0,3999
10415,10415,0,0,0,0.0,44,5,0.0,3957
10416,10416,34,34,10,3.4,70,5,0.0,3988
10417,10417,0,0,0,0.0,182,5,0.0,3953
10418,10418,76,76,21,3.619,15,5,0.0,4098
10419,10419,152,152,42,3.619,18,5,0.0,4098
10420,10420,260,260,72,3.6111,23,5,0.0,4098
10421,10421,196,191,53,3.6038,26,5,0.0,4098
10422,10422,142,142,39,3.641,20,5,0.0,4139
10423,10423,26,26,9,2.8889,207,5,0.0,4018
10424,10424,291,291,102,2.8529,23,5,0.0,3980
10425,10425,441,441,153,2.8824,171,5,0.0,3927
10426,10426,516,516,178,2.8989,34,5,0.0,3938
10427,10427,325,325,112,2.9018,23,5,0.0,3938
10428,10428,119,119,41,2.9024,16,5,0.0,3938
10429,10429,245,245,85,2.8824,18,5,0.0,3952
10430,10430,367,367,127,2.8898,27,5,0.0,3952
10431,10431,201,201,54,3.7222,18,5,0.0,3877
10432,10432,97,97,30,3.2333,24,5,0.0,4086
10433,10433,526,526,163,3.227,105,5,0.0,4086
10434,10434,84,84,26,3.2308,17,5,0.0,4086
10435,10435,232,232,72,3.2222,25,5,0.0,4086
10436,10436,34,34,12,2.8333,14,5,0.0,4007
10437,10437,59,59,21,2.8095,68,5,0.0,4018
10438,10438,291,291,102,2.8529,32,5,0.0,4018
10439,10439,0,0,0,0.0,0,5,0.0,4018
10440,10440,582,582,204,2.8529,35,5,0.0,4018
10441,10441,437,437,153,2.8562,28,5,0.0,3980
10442,10442,428,428,150,2.8533,44,5,0.0,3980
10443,10443,103,103,36,2.8611,15,5,0.0,4007
10444,10444,112,112,39,2.8718,43,5,0.0,3980
10445,10445,37,37,13,2.8462,1,5,0.0,4007
10446,10446,214,214,62,3.4516,19,5,0.0,3621
10447,10447,104,104,30,3.4667,13,5,0.0,3621
10448,10448,83,83,27,3.0741,14,5,0.0,3757
10449,10449,188,105,28,3.75,92,5,0.0,3808
10450,10450,233,214,70,3.0571,35,5,0.0,3757
10451,10451,111,111,36,3.0833,23,5,0.0,3662
10452,10452,162,162,53,3.0566,23,5,0.0,3757
10453,10453,168,168,55,3.0545,16,5,0.0,3706
10454,10454,67,67,22,3.0455,13,5,0.0,3706
10455,10455,233,233,70,3.3286,20,5,0.0,3586
10456,10456,233,233,70,3.3286,21,5,0.0,3586
10457,10457,156,156,47,3.3191,19,5,0.0,3655
10458,10458,137,137,41,3.3415,16,5,0.0,3655
10459,10459,0,0,0,0.0,0,5,0.0,4242
10460,10460,0,0,0,0.0,264,5,0.0,4242
10461,10461,351,351,110,3.1909,243,5,0.0,4242
10462,10462,177,177,53,3.3396,18,5,0.0,3570
10463,10463,87,87,26,3.3462,26,5,0.0,3570
10464,10464,201,201,60,3.35,22,5,0.0,3570
10465,10465,111,111,33,3.3636,96,5,0.0,3570
10466,10466,111,111,33,3.3636,16,5,0.0,3570
10467,10467,46,46,14,3.2857,2,5,0.0,3570
10468,10468,434,434,130,3.3385,35,5,0.0,3663
10469,10469,287,203,66,3.0758,197,5,0.0,3788
10470,10470,175,175,56,3.125,24,5,0.0,3708
10471,10471,278,278,89,3.1236,21,5,0.0,3651
10472,10472,135,135,43,3.1395,46,5,0.0,3516
10473,10473,166,166,53,3.1321,23,5,0.0,3516
10474,10474,91,91,29,3.1379,16,5,0.0,3516
10475,10475,378,375,165,2.2727,69,5,0.0,3563
10476,10476,170,170,75,2.2667,33,5,0.0,3563
10477,10477,335,335,148,2.2635,115,5,0.0,3573
10478,10478,218,218,96,2.2708,36,5,0.0,3563
10479,10479,0,0,0,0.0,118,5,0.0,3573
10480,10480,0,0,0,0.0,63,5,0.0,3638
10481,10481,50,50,23,2.1739,106,5,0.0,3638
10482,10482,38,38,14,2.7143,2,5,0.0,3574
10483,10483,422,422,155,2.7226,36,5,0.0,3574
10484,10484,163,163,60,2.7167,128,5,0.0,3574
10485,10485,137,137,50,2.74,18,5,0.0,3650
10486,10486,340,340,125,2.72,27,5,0.0,3650
10487,10487,66,66,24,2.75,3,5,0.0,3635
10488,10488,0,0,0,0.0,29,5,0.0,3635
10489,10489,213,213,71,3.0,26,5,0.0,3707
10490,10490,78,78,26,3.0,3,5,0.0,3790
10491,10491,208,204,68,3.0,27,5,0.0,3707
10492,10492,204,204,112,1.8214,94,2,1.077,2260
10493,10493,197,197,125,1.576,74,2,0.902,2265
10494,10494,139,139,85,1.6353,26,2,1.028,2208
10495,10495,432,421,258,1.6318,43,2,1.089,2208
10496,10496,105,105,64,1.6406,20,2,1.232,2203
10497,10497,76,76,46,1.6522,143,2,1.42,2155
10498,10498,472,472,269,1.7546,138,2,6.044,2029
10499,10499,394,394,120,3.2833,46,2,0.0,3002
10500,10500,112,112,63,1.7778,20,2,0.847,2271
10501,10501,4,4,2,2.0,80,2,0.802,2416
10502,10502,142,142,64,2.2188,21,2,0.919,2430
10503,10503,524,524,161,3.2547,41,2,0.0,2616
10504,10504,238,238,73,3.2603,18,2,0.0,2616
10505,10505,79,79,22,3.5909,21,2,0.0,2765
10506,10506,61,61,17,3.5882,37,2,0.0,2765
10507,10507,20,20,8,2.5,2,3,0.0,640
10508,10508,0,0,0,0.0,0,3,0.0,772
10509,10509,151,151,64,2.3594,51,3,0.0,640
10510,10510,12,12,5,2.4,0,3,0.0,640
10511,10511,68,68,29,2.3448,17,3,0.0,640
10512,10512,0,0,0,0.0,0,3,0.0,660
10513,10513,0,0,0,0.0,543,3,0.0,872
10514,10514,0,0,0,0.0,198,3,0.0,1012
10515,10515,0,0,0,0.0,339,3,0.0,872
10516,10516,0,0,0,0.0,279,3,0.0,872
10517,10517,0,0,0,0.0,172,3,0.0,1012
10518,10518,0,0,0,0.0,537,3,0.0,1012
10519,10519,0,0,0,0.0,105,3,0.0,1012
10520,10520,0,0,0,0.0,122,3,0.0,772
10521,10521,140,140,60,2.3333,37,3,0.0,771
10522,10522,153,153,65,2.3538,31,3,0.0,664
10523,10523,229,229,103,2.2233,103,3,0.0,840
10524,10524,55,55,25,2.2,27,3,0.0,862
10525,10525,167,0,0,0.0,433,3,0.0,1048
10526,10526,518,518,233,2.2232,70,3,0.0,1031
10527,10527,24,24,13,1.8462,16,3,0.0,517
10528,10528,243,243,135,1.8,66,3,0.0,517
10529,10529,92,92,51,1.8039,33,3,0.0,517
10530,10530,0,0,0,0.0,92,3,0.0,522
10531,10531,122,122,54,2.2593,186,3,0.0,522
10532,10532,0,0,0,0.0,10,3,0.0,476
10533,10533,54,54,30,1.8,27,3,0.0,482
10534,10534,4,4,2,2.0,278,3,0.0,476
10535,10535,0,0,0,0.0,23,3,0.0,476
10536,10536,72,72,32,2.25,17,3,0.0,533
10537,10537,145,145,65,2.2308,28,3,0.0,541
10538,10538,95,95,43,2.2093,23,3,0.0,541
10539,10539,7,7,3,2.3333,0,3,0.0,541
10540,10540,67,67,30,2.2333,23,3,0.0,533
10541,10541,16,16,7,2.2857,117,3,0.268,518
10542,10542,0,0,0,0.0,1956,3,0.0,518
10543,10543,0,0,0,0.0,213,3,0.0,499
10544,10544,79,79,35,2.2571,18,3,0.0,533
10545,10545,40,40,18,2.2222,14,3,0.0,533
10546,10546,47,47,21,2.2381,18,3,0.0,499
10547,10547,40,40,18,2.2222,20,3,0.0,533
10548,10548,67,67,30,2.2333,15,3,0.0,533
10549,10549,96,96,43,2.2326,78,3,0.0,499
10550,10550,176,176,97,1.8144,249,3,0.0,476
10551,10551,0,0,0,0.0,0,3,0.0,813
10552,10552,99,99,45,2.2,29,3,0.0,927
10553,10553,57,57,22,2.5909,14,2,0.0,2482
10554,10554,84,84,32,2.625,15,2,0.0,2516
10555,10555,73,73,28,2.6071,14,2,0.0,2516
10556,10556,0,0,0,0.0,227,2,0.0,2449
10557,10557,137,137,52,2.6346,19,2,0.0,2466
10558,10558,110,110,42,2.619,17,2,0.0,2466
10559,10559,0,0,0,0.0,52,2,0.0,2186
10560,10560,42,42,24,1.75,16,2,0.443,2262
10561,10561,0,0,0,0.0,0,2,0.0,2067
10562,10562,0,0,0,0.0,735,2,10.239,2064
10563,10563,0,0,0,0.0,0,2,11.85,2064
10564,10564,0,0,0,0.0,0,3,0.0,3915
10565,10565,161,161,64,2.5156,42,3,0.0,3915
10566,10566,0,0,0,0.0,0,3,0.0,4149
10567,10567,239,239,75,3.1867,9,3,0.0,4295
10568,10568,0,0,0,0.0,34,3,0.0,4295
10569,10569,38,38,12,3.1667,2,3,0.0,4295
10570,10570,281,281,87,3.2299,48,3,0.0,3955
10571,10571,91,91,28,3.25,18,3,0.0,3997
10572,10572,72,72,22,3.2727,25,3,0.0,3997
10573,10573,10,10,3,3.3333,11,3,0.0,3997
10574,10574,81,81,25,3.24,3,3,0.0,3997
10575,10575,119,119,37,3.2162,27,3,0.0,3889
10576,10576,33,33,10,3.3,14,3,0.0,3997
10577,10577,91,91,28,3.25,25,3,0.0,3889
10578,10578,10,10,3,3.3333,0,3,0.0,3997
10579,10579,10,10,3,3.3333,0,3,0.0,3997
10580,10580,39,39,12,3.25,1,3,0.0,3889
10581,10581,57,57,19,3.0,127,3,0.0,3845
10582,10582,12,12,4,3.0,0,3,0.0,3760
10583,10583,51,51,17,3.0,14,3,0.0,3845
10584,10584,10,10,3,3.3333,0,3,0.0,4136
10585,10585,27,27,8,3.375,29,3,0.0,4084
10586,10586,0,0,0,0.0,0,3,0.0,4084
10587,10587,236,236,83,2.8434,61,3,0.0,3928
10588,10588,218,218,77,2.8312,37,3,0.0,3928
10589,10589,417,417,149,2.7987,69,3,0.0,3514
10590,10590,190,190,68,2.7941,25,3,0.0,3512
10591,10591,0,0,0,0.0,0,3,0.0,3915
10592,10592,32,32,9,3.5556,446,3,0.0,2383
10593,10593,0,0,0,0.0,1246,3,0.0,2383
10594,10594,245,245,87,2.8161,18,3,0.0,2467
10595,10595,626,626,221,2.8326,35,3,0.0,2333
10596,10596,200,200,71,2.8169,4,3,0.0,2467
10597,10597,378,378,134,2.8209,21,3,0.0,2333
10598,10598,167,167,59,2.8305,20,3,0.0,2333
10599,10599,328,328,103,3.1845,37,3,0.0,2102
10600,10600,101,101,34,2.9706,14,3,0.0,2137
10601,10601,73,73,26,2.8077,13,3,0.0,2225
10602,10602,251,251,81,3.0988,18,3,0.0,2242
10603,10603,292,292,94,3.1064,21,3,0.0,2290
10604,10604,510,510,164,3.1098,29,3,0.0,2357
10605,10605,266,266,86,3.093,27,3,0.0,2370
10606,10606,0,0,0,0.0,87,3,0.0,2397
10607,10607,516,516,166,3.1084,37,3,0.0,2357
10608,10608,696,696,224,3.1071,46,3,0.0,2354
10609,10609,329,329,106,3.1038,32,3,0.0,2291
10610,10610,459,459,196,2.3418,4,3,0.0,2486
10611,10611,202,202,87,2.3218,14,3,0.0,2454
10612,10612,0,0,0,0.0,70,3,0.0,2444
10613,10613,0,0,0,0.0,92,3,0.0,2444
10614,10614,0,0,0,0.0,148,3,0.0,2444
10615,10615,0,0,0,0.0,398,3,0.0,2483
10616,10616,210,210,91,2.3077,32,3,0.0,948
10617,10617,289,289,149,1.9396,32,3,0.0,764
10618,10618,0,0,0,0.0,404,3,0.0,2992
10619,10619,275,275,97,2.8351,35,3,0.0,3361
10620,10620,164,164,56,2.9286,29,3,0.0,3766
10621,10621,296,296,101,2.9307,52,3,0.0,3766
10622,10622,8,8,3,2.6667,1,3,0.0,3915
10623,10623,0,0,0,0.0,0,3,0.0,3915
10624,10624,40,40,16,2.5,4,3,0.0,3664
10625,10625,728,728,290,2.5103,69,3,0.0,3212
10626,10626,144,144,82,1.7561,17,2,0.166,612
10627,10627,41,41,28,1.4643,1,2,1.865,2150
10628,10628,175,175,100,1.75,22,2,0.807,2165
10629,10629,310,310,179,1.7318,118,1,24.303,1630
10630,10630,196,196,113,1.7345,365,1,23.655,1651
10631,10631,350,350,202,1.7327,111,1,26.222,1638
10632,10632,191,191,110,1.7364,9,1,25.28,1638
10633,10633,248,248,143,1.7343,34,1,26.123,1642
10634,10634,0,0,0,0.0,147,1,22.852,1800
10635,10635,0,0,0,0.0,1294,1,22.487,1798
10636,10636,389,196,140,1.4,59,1,21.076,1950
10637,10637,174,174,125,1.392,38,1,20.601,1950
10638,10638,68,68,55,1.2364,47,2,20.812,1853
10639,10639,0,0,0,0.0,71,2,20.738,1806
10640,10640,0,0,0,0.0,108,2,16.885,1619
10641,10641,0,0,0,0.0,1980,1,26.145,1613
10642,10642,0,0,0,0.0,353,1,26.361,1581
10643,10643,0,0,0,0.0,78,1,27.547,1639
10644,10644,0,0,0,0.0,350,1,26.332,1639
10645,10645,0,0,0,0.0,547,1,26.335,1641
10646,10646,0,0,0,0.0,529,1,25.151,1599
10647,10647,0,0,0,0.0,153,1,26.838,1639
10648,10648,0,0,0,0.0,933,1,25.218,1680
10649,10649,0,0,0,0.0,782,1,22.492,1734
10650,10650,0,0,0,0.0,0,1,17.669,1908
10651,10651,0,0,0,0.0,0,1,14.178,2030
10652,10652,161,161,78,2.0641,74,1,10.266,2112
10653,10653,285,285,212,1.3443,130,1,15.311,1996
10654,10654,167,167,125,1.336,3,1,15.442,1996
10655,10655,184,184,62,2.9677,181,2,1.621,2178
10656,10656,0,0,0,0.0,32,2,0.261,2278
10657,10657,30,30,18,1.6667,16,2,10.872,1721
10658,10658,16,16,9,1.7778,1,2,9.849,1721
10659,10659,62,62,36,1.7222,1,2,8.236,1721
10660,10660,54,54,32,1.6875,14,2,9.954,1721
10661,10661,55,21,12,1.75,15,2,8.065,1665
10662,10662,9,9,5,1.8,0,2,4.145,1716
10663,10663,35,35,21,1.6667,21,2,5.859,1665
10664,10664,5,5,3,1.6667,0,2,4.749,1764
10665,10665,16,16,9,1.7778,0,2,5.326,1716
10666,10666,262,262,169,1.5503,36,2,7.154,1737
10667,10667,29,29,19,1.5263,2,2,5.775,1737
10668,10668,76,76,49,1.551,21,2,8.647,1745
10669,10669,124,124,80,1.55,43,2,9.226,1745
10670,10670,24,24,16,1.5,18,2,7.888,1745
10671,10671,23,23,14,1.6429,24,2,9.64,1765
10672,10672,25,25,15,1.6667,28,2,10.046,1765
10673,10673,118,118,72,1.6389,37,2,10.559,1879
10674,10674,45,0,0,0.0,2859,2,9.075,1879
10675,10675,469,469,286,1.6399,28,2,9.234,1866
10676,10676,315,315,192,1.6406,30,2,11.191,1866
10677,10677,146,146,83,1.759,27,2,7.953,1987
10678,10678,20,20,11,1.8182,13,2,5.658,1987
10679,10679,33,33,19,1.7368,14,2,7.921,1987
10680,10680,84,84,42,2.0,17,2,8.794,1607
10681,10681,76,76,38,2.0,39,2,11.708,1626
10682,10682,96,96,49,1.9592,16,2,9.168,1625
10683,10683,24,24,12,2.0,11,2,7.97,1625
10684,10684,40,40,20,2.0,22,2,7.235,1625
10685,10685,80,80,40,2.0,21,2,6.882,1625
10686,10686,119,119,54,2.2037,5,2,0.0,2612
10687,10687,54,54,24,2.25,65,2,0.0,2547
10688,10688,209,209,94,2.2234,30,2,0.0,2547
10689,10689,42,42,21,2.0,30,2,0.0,2513
10690,10690,0,0,0,0.0,1688,3,0.0,2432
10691,10691,221,221,110,2.0091,37,2,0.775,2410
10692,10692,163,148,74,2.0,33,2,0.0,2410
10693,10693,46,46,23,2.0,23,2,0.0,2410
10694,10694,98,98,49,2.0,25,2,0.0,2513
10695,10695,189,189,67,2.8209,21,2,0.0,2477
10696,10696,230,230,82,2.8049,25,2,0.0,2477
10697,10697,115,115,41,2.8049,22,2,0.0,2477
10698,10698,108,108,33,3.2727,3,2,0.0,2509
10699,10699,156,156,48,3.25,3,2,0.0,2509
10700,10700,11,11,5,2.2,1,2,0.0,2600
10701,10701,159,159,90,1.7667,19,2,1.367,2120
10702,10702,127,127,77,1.6494,18,2,3.322,2105
10703,10703,36,36,22,1.6364,2,2,2.455,2105
10704,10704,72,72,44,1.6364,16,2,3.513,2105
10705,10705,228,228,130,1.7538,43,2,0.948,2165
10706,10706,131,131,75,1.7467,21,2,0.73,2165
10707,10707,71,71,41,1.7317,17,2,0.774,2215
10708,10708,128,128,73,1.7534,24,2,0.962,2215
10709,10709,122,122,70,1.7429,7,2,1.087,2215
10710,10710,189,189,104,1.8173,28,2,0.798,2263
10711,10711,86,86,48,1.7917,19,2,0.45,2262
10712,10712,56,56,31,1.8065,5,2,0.65,2263
10713,10713,27,27,15,1.8,85,2,0.703,2263
10714,10714,149,149,83,1.7952,11,2,0.509,2263
10715,10715,76,76,42,1.8095,6,2,0.374,2262
10716,10716,217,217,138,1.5725,73,2,0.943,2265
10717,10717,198,198,111,1.7838,38,2,0.888,2351
10718,10718,182,179,100,1.79,37,2,0.873,2349
10719,10719,75,75,40,1.875,95,2,0.821,2389
10720,10720,107,107,57,1.8772,17,2,0.415,2391
10721,10721,108,108,41,2.6341,18,2,0.0,2482
10722,10722,64,64,24,2.6667,13,2,0.0,2482
10723,10723,397,397,222,1.7883,32,2,0.693,2326
10724,10724,205,205,115,1.7826,139,2,0.98,2271
10725,10725,67,67,38,1.7632,14,2,0.902,2000
10726,10726,0,0,0,0.0,0,1,24.797,1738
10727,10727,0,0,0,0.0,43,2,15.339,1154
10728,10728,0,0,0,0.0,666,2,16.991,1908
10729,10729,0,0,0,0.0,17,2,16.046,1908
10730,10730,0,0,0,0.0,15,2,3.451,2086
10731,10731,0,0,0,0.0,0,2,13.584,1154
10732,10732,194,153,66,2.3182,91,2,1.218,2205
10733,10733,67,67,29,2.3103,19,2,0.003,2253
10734,10734,11,11,6,1.8333,85,2,8.299,2130
10735,10735,153,153,66,2.3182,18,2,0.0,2254
10736,10736,101,101,33,3.0606,25,2,0.458,2413
10737,10737,111,111,36,3.0833,22,2,0.395,2404
10738,10738,19,19,6,3.1667,79,2,0.0,2413
10739,10739,221,221,58,3.8103,28,2,0.0,2457
10740,10740,164,164,43,3.814,25,2,0.0,2457
10741,10741,62,62,16,3.875,73,2,0.0,2457
10742,10742,0,0,0,0.0,278,2,2.02,2149
10743,10743,0,0,0,0.0,5582,2,0.0,2193
10744,10744,0,0,0,0.0,0,2,0.0,2372
10745,10745,0,0,0,0.0,0,2,1.879,2213
10746,10746,869,869,241,3.6058,131,2,0.0,2497
10747,10747,0,0,0,0.0,686,2,0.0,2501
10748,10748,0,0,0,0.0,73,2,0.0,2533
10749,10749,18,18,5,3.6,192,2,0.0,2533
10750,10750,0,0,0,0.0,358,2,0.0,2501
10751,10751,0,0,0,0.0,0,2,0.0,2497
10752,10752,0,0,0,0.0,41,2,0.0,2557
10753,10753,0,0,0,0.0,65,2,0.0,2639
10754,10754,0,0,0,0.0,214,2,0.0,2622
10755,10755,0,0,0,0.0,155,2,0.0,2639
10756,10756,0,0,0,0.0,350,2,0.0,2622
10757,10757,0,0,0,0.0,0,2,0.0,2622
10758,10758,32,25,7,3.5714,21,2,0.0,2583
10759,10759,415,415,115,3.6087,17,2,0.0,2620
10760,10760,279,279,77,3.6234,2,2,0.0,2620
10761,10761,0,0,0,0.0,53,2,0.0,2620
10762,10762,0,0,0,0.0,67,2,0.0,2620
10763,10763,0,0,0,0.0,0,2,0.994,2534
10764,10764,0,0,0,0.0,0,2,0.0,2622
10765,10765,0,0,0,0.0,20,2,0.722,2655
10766,10766,32,32,9,3.5556,14,2,0.851,2552
10767,10767,0,0,0,0.0,58,2,0.635,2552
10768,10768,0,0,0,0.0,39,2,0.0,2607
10769,10769,35,35,8,4.375,47,2,0.0,2502
10770,10770,281,281,69,4.0725,19,2,0.0,2563
10771,10771,366,366,90,4.0667,20,2,0.0,2563
10772,10772,0,0,0,0.0,42,2,0.0,2502
10773,10773,0,0,0,0.0,251,2,0.0,2442
10774,10774,101,101,23,4.3913,13,2,0.0,2465
10775,10775,146,146,33,4.4242,13,2,0.0,2504
10776,10776,53,53,12,4.4167,27,2,0.0,2465
10777,10777,66,66,16,4.125,14,2,0.0,2633
10778,10778,73,73,18,4.0556,2,2,0.0,2627
10779,10779,110,110,27,4.0741,14,2,0.0,2627
10780,10780,131,131,32,4.0938,15,2,0.0,2627
10781,10781,53,53,13,4.0769,16,2,0.0,2627
10782,10782,112,112,28,4.0,34,2,0.0,2627
10783,10783,248,248,65,3.8154,46,2,0.0,2572
10784,10784,315,315,80,3.9375,17,2,0.0,2641
10785,10785,0,0,0,0.0,0,2,0.0,2713
10786,10786,390,390,130,3.0,48,2,0.0,2726
10787,10787,138,138,46,3.0,15,2,0.0,2726
10788,10788,409,409,136,3.0074,32,2,0.0,2726
10789,10789,380,380,127,2.9921,38,2,0.0,2701
10790,10790,174,174,58,3.0,16,2,0.0,2701
10791,10791,462,462,117,3.9487,43,2,0.0,2723
10792,10792,162,162,41,3.9512,75,2,0.0,2723
10793,10793,400,400,101,3.9604,12,2,0.0,2723
10794,10794,343,343,87,3.9425,26,2,0.0,2723
10795,10795,7,7,2,3.5,38,2,0.0,2724
10796,10796,103,103,32,3.2188,31,2,0.0,2724
10797,10797,376,376,117,3.2137,30,2,0.0,2802
10798,10798,108,108,32,3.375,30,2,0.0,2735
10799,10799,20,20,6,3.3333,296,2,0.0,2665
10800,10800,26,26,8,3.25,0,2,0.481,2694
10801,10801,166,166,64,2.5938,5,2,0.0,2711
10802,10802,25,25,10,2.5,15,2,0.722,2711
10803,10803,350,350,135,2.5926,94,2,0.66,2711
10804,10804,18,18,7,2.5714,31,2,0.64,2664
10805,10805,0,0,0,0.0,70,2,0.637,2655
10806,10806,18,18,5,3.6,12,2,0.67,2655
10807,10807,135,135,52,2.5962,69,2,0.577,2704
10808,10808,68,31,12,2.5833,69,2,0.607,2684
10809,10809,0,0,0,0.0,27,2,0.0,2705
10810,10810,83,83,21,3.9524,169,2,0.0,2700
10811,10811,420,420,106,3.9623,23,2,0.0,2738
10812,10812,91,91,23,3.9565,14,2,0.0,2759
10813,10813,87,87,22,3.9545,3,2,0.0,2759
10814,10814,210,210,53,3.9623,19,2,0.0,2820
10815,10815,102,102,35,2.9143,71,2,0.0,2872
10816,10816,14,14,5,2.8,66,2,0.0,2718
10817,10817,25,25,10,2.5,249,2,0.0,2777
10818,10818,99,99,38,2.6053,16,2,0.0,2794
10819,10819,2,2,1,2.0,60,2,0.0,2807
10820,10820,40,40,12,3.3333,0,2,0.0,2821
10821,10821,121,121,38,3.1842,58,2,0.0,2802
10822,10822,65,65,20,3.25,3,2,0.0,2875
10823,10823,76,76,21,3.619,14,2,0.0,2935
10824,10824,590,590,164,3.5976,35,2,0.0,2915
10825,10825,0,0,0,0.0,261,2,0.0,3062
10826,10826,74,74,18,4.1111,2,2,0.0,3246
10827,10827,139,139,36,3.8611,15,2,0.0,3229
10828,10828,21,21,5,4.2,15,2,0.0,3232
10829,10829,273,273,93,2.9355,83,2,0.0,2945
10830,10830,484,484,167,2.8982,38,2,0.0,2945
10831,10831,232,232,80,2.9,147,2,0.0,2918
10832,10832,124,124,43,2.8837,15,2,0.0,2918
10833,10833,52,52,18,2.8889,12,2,0.0,2918
10834,10834,167,167,67,2.4925,24,3,0.0,1433
10835,10835,0,0,0,0.0,339,6,1.321,16
10836,10836,38,38,24,1.5833,16,6,1.018,16
10837,10837,0,0,0,0.0,123,6,0.0,42
10838,10838,63,63,30,2.1,17,3,0.0,381
10839,10839,169,169,82,2.061,72,3,0.0,381
10840,10840,101,101,49,2.0612,23,3,0.0,357
10841,10841,184,184,89,2.0674,58,3,0.0,347
10842,10842,86,86,42,2.0476,47,3,0.0,357
10843,10843,515,515,212,2.4292,63,3,0.0,385
10844,10844,51,51,21,2.4286,4,3,0.0,385
10845,10845,22,22,9,2.4444,16,3,0.0,377
10846,10846,70,70,29,2.4138,19,3,0.0,401
10847,10847,175,175,72,2.4306,46,3,0.0,401
10848,10848,261,0,0,0.0,167,3,6.201,386
10849,10849,199,199,83,2.3976,38,3,0.0,459
10850,10850,183,183,76,2.4079,34,3,0.0,459
10851,10851,243,243,101,2.4059,40,3,0.0,459
10852,10852,98,98,41,2.3902,30,3,0.0,470
10853,10853,70,70,30,2.3333,17,3,6.977,510
10854,10854,124,124,60,2.0667,26,3,0.0,357
10855,10855,238,238,115,2.0696,49,3,0.0,357
10856,10856,111,111,54,2.0556,25,3,0.0,357
10857,10857,63,63,30,2.1,208,3,4.567,356
10858,10858,0,0,0,0.0,0,3,0.0,3453
10859,10859,398,398,158,2.519,37,3,0.0,1274
10860,10860,372,372,148,2.5135,46,3,0.0,1274
10861,10861,144,144,57,2.5263,32,3,0.0,1274
10862,10862,273,273,84,3.25,60,3,0.0,4084
10863,10863,10,10,3,3.3333,51,3,0.0,4084
10864,10864,494,494,152,3.25,56,3,0.0,3919
10865,10865,281,281,99,2.8384,61,3,0.0,3928
10866,10866,241,241,85,2.8353,44,3,0.0,3928
10867,10867,0,0,0,0.0,0,3,0.0,3833
10868,10868,87,87,31,2.8065,48,3,0.0,3928
10869,10869,218,218,77,2.8312,31,3,0.0,3928
10870,10870,42,42,15,2.8,14,3,0.0,3928
10871,10871,65,65,26,2.5,16,3,1.475,1405
10872,10872,177,177,71,2.493,77,3,0.0,1490
10873,10873,99,99,40,2.475,18,3,0.0,1415
10874,10874,111,111,45,2.4667,16,3,0.0,1415
10875,10875,21,21,8,2.625,31,3,0.0,1361
10876,10876,305,305,153,1.9935,53,3,0.0,1423
10877,10877,142,142,72,1.9722,26,3,0.0,1423
10878,10878,285,285,143,1.993,30,3,0.0,1423
10879,10879,0,0,0,0.0,0,3,0.0,1423
10880,10880,287,287,144,1.9931,30,3,0.0,1423
10881,10881,298,298,150,1.9867,20,3,0.0,1423
10882,10882,187,187,94,1.9894,22,3,0.0,1423
10883,10883,272,272,105,2.5905,17,3,0.0,2526
10884,10884,201,201,78,2.5769,17,3,0.0,2526
10885,10885,110,110,43,2.5581,3,3,0.0,2526
10886,10886,334,334,129,2.5891,22,3,0.0,2526
10887,10887,158,158,64,2.4688,30,3,0.0,1415
10888,10888,254,254,95,2.6737,28,3,0.0,2946
10889,10889,420,420,157,2.6752,46,3,0.0,2755
10890,10890,360,360,134,2.6866,37,3,0.0,2755
10891,10891,380,380,142,2.6761,69,3,0.0,2755
10892,10892,71,71,34,2.0882,14,3,0.0,2930
10893,10893,0,0,0,0.0,1697,3,0.0,2703
10894,10894,0,0,0,0.0,150,3,0.0,2703
10895,10895,0,0,0,0.0,1003,3,0.0,2703
10896,10896,290,290,153,1.8954,58,3,0.0,2626
10897,10897,409,409,215,1.9023,21,3,0.0,2626
10898,10898,202,202,107,1.8879,2,3,0.0,2626
10899,10899,505,505,266,1.8985,74,3,0.0,2560
10900,10900,492,492,259,1.8996,50,3,0.0,2560
10901,10901,788,788,415,1.8988,28,3,0.0,2544
10902,10902,0,0,0,0.0,636,3,0.0,1756
10903,10903,0,0,0,0.0,509,3,0.0,1840
10904,10904,0,0,0,0.0,323,3,0.0,1889
10905,10905,0,0,0,0.0,189,3,0.0,1993
10906,10906,0,0,0,0.0,408,3,0.0,1373
10907,10907,691,691,273,2.5311,32,3,6.925,1368
10908,10908,373,373,148,2.5203,248,3,6.711,1368
10909,10909,708,708,280,2.5286,44,3,6.755,1368
10910,10910,612,612,242,2.5289,17,3,6.413,1368
10911,10911,177,177,93,1.9032,16,3,0.0,1266
10912,10912,345,345,181,1.9061,12,3,0.0,1266
10913,10913,0,0,0,0.0,221,3,0.0,1363
10914,10914,487,487,193,2.5233,22,3,0.0,1319
10915,10915,134,134,53,2.5283,17,3,3.29,1319
10916,10916,110,110,58,1.8966,4,3,4.446,1354
10917,10917,73,73,29,2.5172,352,3,4.804,1319
10918,10918,295,295,139,2.1223,139,3,0.0,1308
10919,10919,315,315,148,2.1284,89,3,0.0,1308
10920,10920,58,58,36,1.6111,194,3,0.687,1447
10921,10921,155,155,73,2.1233,41,3,0.888,1370
10922,10922,196,196,99,1.9798,21,3,0.794,1442
10923,10923,193,193,97,1.9897,21,3,0.738,1442
10924,10924,634,634,282,2.2482,337,3,0.0,1569
10925,10925,616,616,222,2.7748,62,3,0.0,1561
10926,10926,0,0,0,0.0,53,3,0.0,1627
10927,10927,72,72,32,2.25,36,3,0.0,1569
10928,10928,19,19,8,2.375,1,3,0.0,1640
10929,10929,830,830,358,2.3184,127,3,1.946,1563
10930,10930,294,294,89,3.3034,11,3,0.0,1509
10931,10931,0,0,0,0.0,92,3,0.0,1310
10932,10932,55,55,22,2.5,14,3,0.0,1310
10933,10933,107,107,43,2.4884,47,3,0.0,1310
10934,10934,194,194,80,2.425,22,3,0.0,1282
10935,10935,1053,1053,397,2.6524,96,3,0.0,1142
10936,10936,0,0,0,0.0,0,3,0.0,1428
10937,10937,0,0,0,0.0,18,3,5.969,952
10938,10938,0,0,0,0.0,351,2,0.0,3026
10939,10939,25,25,7,3.5714,131,2,0.0,3135
10940,10940,982,982,370,2.6541,104,2,0.0,3135
10941,10941,301,301,104,2.8942,26,2,0.0,2960
10942,10942,688,551,175,3.1486,93,2,0.0,2960
10943,10943,237,237,71,3.338,21,2,0.0,2920
10944,10944,259,259,78,3.3205,23,2,0.0,3018
10945,10945,432,432,110,3.9273,24,2,0.0,2871
10946,10946,248,248,63,3.9365,15,2,0.0,2650
10947,10947,233,233,59,3.9492,32,2,0.0,2743
10948,10948,55,47,12,3.9167,148,2,0.0,2743
10949,10949,0,0,0,0.0,0,2,0.0,2645
10950,10950,0,0,0,0.0,0,2,0.0,2645
10951,10951,264,264,70,3.7714,26,2,0.0,2480
10952,10952,12,12,3,4.0,41,2,0.0,2463
10953,10953,111,111,40,2.775,21,2,0.0,3608
10954,10954,263,263,95,2.7684,25,2,0.0,3785
10955,10955,47,47,17,2.7647,16,2,0.0,3608
10956,10956,113,113,41,2.7561,20,2,0.0,3725
10957,10957,66,66,24,2.75,3,2,0.0,3725
10958,10958,116,116,42,2.7619,29,2,0.0,3725
10959,10959,69,69,25,2.76,31,2,0.0,3725
10960,10960,104,104,38,2.7368,22,2,0.0,3785
10961,10961,422,422,152,2.7763,46,2,0.0,3785
10962,10962,342,342,123,2.7805,40,2,0.0,3785
10963,10963,147,147,53,2.7736,20,2,0.0,3785
10964,10964,86,86,31,2.7742,6,2,0.0,3862
10965,10965,214,214,77,2.7792,31,2,0.0,3862
10966,10966,362,362,125,2.896,20,2,0.0,3696
10967,10967,269,269,93,2.8925,15,2,0.0,3659
10968,10968,125,125,43,2.907,147,2,0.0,3696
10969,10969,0,0,0,0.0,257,2,0.0,3659
10970,10970,126,126,38,3.3158,12,2,0.0,3618
10971,10971,186,186,56,3.3214,17,2,0.0,3611
10972,10972,287,287,87,3.2989,30,2,0.0,3611
10973,10973,164,164,50,3.28,65,2,0.0,3553
10974,10974,89,89,27,3.2963,14,2,0.0,3553
10975,10975,255,255,66,3.8636,16,2,0.0,3557
10976,10976,136,136,35,3.8857,15,2,0.0,3446
10977,10977,335,335,87,3.8506,45,2,0.0,3446
10978,10978,116,116,32,3.625,20,2,0.0,3259
10979,10979,343,343,95,3.6105,26,2,0.0,3256
10980,10980,210,210,58,3.6207,25,2,0.0,3256
10981,10981,188,188,52,3.6154,4,2,0.0,3256
10982,10982,84,84,24,3.5,2,2,0.0,3168
10983,10983,368,368,105,3.5048,24,2,0.0,3168
10984,10984,536,536,153,3.5033,44,2,0.0,3168
10985,10985,115,115,33,3.4848,16,2,0.0,3168
10986,10986,466,466,133,3.5038,39,2,0.0,3072
10987,10987,224,224,64,3.5,19,2,0.0,3186
10988,10988,168,168,48,3.5,31,2,0.0,3186
10989,10989,217,217,62,3.5,22,2,0.0,3186
10990,10990,457,457,143,3.1958,78,2,0.0,2936
10991,10991,0,0,0,0.0,225,2,0.0,2936
10992,10992,0,0,0,0.0,74,2,0.0,2936
10993,10993,80,80,25,3.2,20,2,0.0,2936
10994,10994,80,80,25,3.2,47,2,0.0,2936
10995,10995,450,450,141,3.1915,44,2,0.0,2936
10996,10996,475,475,149,3.1879,49,2,0.0,2936
10997,10997,0,0,0,0.0,170,2,0.0,2937
10998,10998,92,92,29,3.1724,17,2,0.0,2818
10999,10999,181,181,45,4.0222,18,2,0.0,2426
11000,11000,151,151,38,3.9737,15,2,0.0,2426
11001,11001,221,221,55,4.0182,20,2,0.0,2394
11002,11002,0,0,0,0.0,160,2,0.0,2394
11003,11003,109,109,30,3.6333,17,2,0.0,2407
11004,11004,102,102,28,3.6429,5,2,0.0,2418
11005,11005,95,95,25,3.8,18,2,0.0,2463
11006,11006,375,375,99,3.7879,34,2,0.0,2463
11007,11007,159,159,42,3.7857,19,2,0.0,2463
11008,11008,56,56,30,1.8667,36,2,0.0,2419
11009,11009,22,22,12,1.8333,41,2,0.0,2419
11010,11010,14,14,7,2.0,541,2,0.0,2419
11011,11011,81,81,43,1.8837,2,2,0.0,2399
11012,11012,121,121,46,2.6304,24,2,0.0,2415
11013,11013,163,163,62,2.629,8,2,0.0,2449
11014,11014,254,150,57,2.6316,167,2,0.0,2449
11015,11015,74,74,37,2.0,17,2,0.064,2293
11016,11016,119,119,59,2.0169,17,2,0.121,2293
11017,11017,91,91,45,2.0222,4,2,0.121,2355
11018,11018,67,67,33,2.0303,13,2,0.123,2355
11019,11019,45,45,17,2.6471,14,2,0.0,2516
11020,11020,247,247,76,3.25,26,2,0.0,2571
11021,11021,208,208,64,3.25,19,2,0.0,2571
11022,11022,153,153,47,3.2553,18,2,0.0,2571
11023,11023,156,156,48,3.25,16,2,0.0,2616
11024,11024,131,131,40,3.275,14,2,0.0,2571
11025,11025,146,146,45,3.2444,14,2,0.0,2571
11026,11026,204,204,63,3.2381,17,2,0.0,2571
11027,11027,307,307,102,3.0098,30,2,0.0,2613
11028,11028,91,91,28,3.25,14,2,0.0,2571
11029,11029,81,78,24,3.25,2,2,0.0,2571
11030,11030,196,196,65,3.0154,17,2,0.0,2662
11031,11031,297,297,99,3.0,24,2,0.0,2662
11032,11032,136,136,45,3.0222,21,2,0.0,2613
11033,11033,249,249,83,3.0,18,2,0.0,2613
11034,11034,127,127,42,3.0238,13,2,0.0,2669
11035,11035,114,114,38,3.0,2,2,0.0,2662
11036,11036,162,162,54,3.0,3,2,0.0,2662
11037,11037,156,156,52,3.0,15,2,0.0,2662
11038,11038,48,48,16,3.0,1,2,0.0,2613
11039,11039,206,206,69,2.9855,4,2,0.0,2669
11040,11040,196,196,65,3.0154,14,2,0.0,2669
11041,11041,175,175,58,3.0172,15,2,0.0,2669
11042,11042,219,219,73,3.0,18,2,0.0,2613
11043,11043,184,184,61,3.0164,16,2,0.0,2613
11044,11044,130,130,43,3.0233,15,2,0.0,2613
11045,11045,123,123,41,3.0,15,2,0.0,2584
11046,11046,61,61,20,3.05,16,2,0.0,2584
11047,11047,183,183,61,3.0,21,2,0.0,2524
11048,11048,158,158,53,2.9811,64,2,0.0,2524
11049,11049,322,322,107,3.0093,51,2,0.0,2584
11050,11050,1701,0,0,0.0,1430,3,5.918,810
11051,11051,0,0,0,0.0,1648,3,0.0,2173
11052,11052,0,0,0,0.0,2240,3,0.0,2322
11053,11053,23,23,8,2.875,2,3,0.0,3928
11054,11054,0,0,0,0.0,0,3,0.0,3928
11055,11055,284,284,100,2.84,38,3,0.0,3928
11056,11056,210,210,70,3.0,153,2,0.0,2524
11057,11057,468,468,156,3.0,40,2,0.0,2524
11058,11058,0,0,0,0.0,79,2,0.0,2584
11059,11059,50,50,17,2.9412,27,2,0.0,2619
11060,11060,0,0,0,0.0,75,2,0.0,2708
11061,11061,269,269,92,2.9239,4,2,0.0,2708
11062,11062,0,0,0,0.0,305,2,0.0,2751
11063,11063,0,0,0,0.0,340,2,0.0,2751
11064,11064,0,0,0,0.0,278,2,0.0,2751
11065,11065,0,0,0,0.0,552,2,0.0,2508
11066,11066,180,180,53,3.3962,21,2,0.0,2508
11067,11067,0,0,0,0.0,180,2,0.0,2508
11068,11068,0,0,0,0.0,499,2,0.0,2508
11069,11069,308,308,91,3.3846,27,2,0.0,2599
11070,11070,139,139,41,3.3902,6,2,0.0,2599
11071,11071,0,0,0,0.0,18,2,0.0,2645
11072,11072,0,0,0,0.0,65,2,0.0,2645
11073,11073,0,0,0,0.0,370,2,0.0,2645
11074,11074,200,200,59,3.3898,41,2,0.0,2645
11075,11075,102,102,30,3.4,15,2,0.0,2645
11076,11076,351,351,81,4.3333,32,2,0.0,2749
11077,11077,108,108,25,4.32,58,2,0.0,2749
11078,11078,199,199,46,4.3261,36,2,0.0,2749
11079,11079,234,234,54,4.3333,19,2,0.0,2749
11080,11080,104,104,24,4.3333,87,2,0.0,2749
11081,11081,405,398,92,4.3261,67,2,0.0,2730
11082,11082,0,0,0,0.0,17,2,0.0,2901
11083,11083,0,0,0,0.0,53,2,0.0,2901
11084,11084,160,160,37,4.3243,19,2,0.0,2901
11085,11085,338,338,78,4.3333,27,2,0.0,2893
11086,11086,104,104,24,4.3333,17,2,0.0,2893
11087,11087,173,173,50,3.46,23,2,0.0,3067
11088,11088,383,383,111,3.4505,32,2,0.0,3067
11089,11089,210,210,72,2.9167,19,2,0.0,2900
11090,11090,274,274,94,2.9149,18,2,0.0,2907
11091,11091,125,125,43,2.907,16,2,0.0,2907
11092,11092,287,287,98,2.9286,22,2,0.0,2907
11093,11093,544,544,186,2.9247,45,2,0.0,2876
11094,11094,73,73,25,2.92,11,2,0.0,2876
11095,11095,123,123,42,2.9286,14,2,0.0,2789
11096,11096,289,289,99,2.9192,40,2,0.0,2857
11097,11097,221,221,76,2.9079,17,2,0.0,2789
11098,11098,0,0,0,0.0,32,2,0.0,2789
11099,11099,0,0,0,0.0,0,2,0.0,2789
11100,11100,297,297,102,2.9118,20,2,0.0,2789
11101,11101,210,210,72,2.9167,14,2,0.0,2857
11102,11102,491,491,168,2.9226,20,2,0.0,2789
11103,11103,218,218,60,3.6333,33,2,0.0,2742
11104,11104,241,241,66,3.6515,23,2,0.0,2742
11105,11105,87,87,24,3.625,3,2,0.0,2742
11106,11106,237,237,65,3.6462,11,2,0.0,2742
11107,11107,36,36,10,3.6,2,2,0.0,2742
11108,11108,62,62,17,3.6471,3,2,0.0,2742
11109,11109,116,116,32,3.625,18,2,0.0,2761
11110,11110,156,156,43,3.6279,27,2,0.0,2742
11111,11111,69,69,19,3.6316,77,2,0.0,2742
11112,11112,392,392,108,3.6296,38,2,0.0,2761
11113,11113,178,178,49,3.6327,25,2,0.0,2761
11114,11114,190,190,52,3.6538,19,2,0.0,2742
11115,11115,106,106,29,3.6552,6,2,0.0,2761
11116,11116,4,4,1,4.0,42,2,0.0,2761
11117,11117,246,246,69,3.5652,32,2,0.0,2765
11118,11118,0,0,0,0.0,65,2,0.213,2635
11119,11119,0,0,0,0.0,52,2,0.399,2635
11120,11120,75,75,34,2.2059,16,2,0.497,2702
11121,11121,28,28,13,2.1538,2,2,0.596,2702
11122,11122,158,158,72,2.1944,31,2,0.0,2702
11123,11123,73,73,33,2.2121,108,2,0.0,2661
11124,11124,24,24,11,2.1818,20,2,0.0,2661
11125,11125,37,37,17,2.1765,14,2,0.0,2600
11126,11126,116,116,53,2.1887,59,2,0.0,2596
11127,11127,84,84,38,2.2105,32,2,0.0,2600
11128,11128,114,114,52,2.1923,58,2,0.0,2699
11129,11129,85,85,39,2.1795,20,2,0.0,2699
11130,11130,73,0,0,0.0,937,2,0.0,2623
11131,11131,57,57,26,2.1923,14,2,0.0,2699
11132,11132,287,287,130,2.2077,36,2,0.0,2699
11133,11133,0,0,0,0.0,183,2,12.245,1602
11134,11134,0,0,0,0.0,73,2,10.79,1562
11135,11135,102,102,51,2.0,71,2,6.934,1592
11136,11136,206,206,104,1.9808,72,2,6.434,1592
11137,11137,68,68,34,2.0,17,2,6.865,1592
11138,11138,60,60,30,2.0,3,2,5.266,1574
11139,11139,64,64,32,2.0,27,2,4.597,1598
11140,11140,37,37,22,1.6818,2,2,3.17,1594
11141,11141,48,48,28,1.7143,15,2,4.473,1666
11142,11142,54,54,31,1.7419,2,2,5.453,1666
11143,11143,133,133,77,1.7273,23,2,4.413,1666
11144,11144,71,71,41,1.7317,16,2,5.634,1666
11145,11145,203,188,109,1.7248,18,2,3.849,1666
11146,11146,67,67,39,1.7179,13,2,6.777,1666
11147,11147,176,176,102,1.7255,18,2,6.215,1652
11148,11148,115,115,67,1.7164,4,2,6.918,1637
11149,11149,63,63,40,1.575,16,2,7.531,1704
11150,11150,80,80,51,1.5686,25,2,9.011,1758
11151,11151,90,90,58,1.5517,21,2,8.482,1704
11152,11152,95,95,58,1.6379,158,2,8.305,1706
11153,11153,51,51,31,1.6452,389,2,9.225,1722
11154,11154,87,0,0,0.0,43,2,8.86,1722
11155,11155,13,13,8,1.625,2995,2,10.132,1766
11156,11156,0,0,0,0.0,0,2,6.38,1766
11157,11157,0,0,0,0.0,0,2,6.381,1660
11158,11158,65,65,36,1.8056,50,2,5.375,1586
11159,11159,66,66,37,1.7838,17,2,5.019,1586
11160,11160,39,39,22,1.7727,18,2,3.376,1586
11161,11161,84,84,49,1.7143,24,2,2.744,1594
11162,11162,114,114,66,1.7273,33,2,2.606,1588
11163,11163,24,24,14,1.7143,13,2,1.639,1588
11164,11164,75,75,44,1.7045,14,2,3.454,1556
11165,11165,194,194,112,1.7321,17,2,3.649,1556
11166,11166,40,40,24,1.6667,13,2,3.657,1556
11167,11167,34,34,20,1.7,82,2,4.14,1539
11168,11168,128,128,74,1.7297,15,2,3.549,1539
11169,11169,22,22,13,1.6923,0,2,3.52,1556
11170,11170,0,0,0,0.0,617,2,4.638,1502
11171,11171,0,0,0,0.0,89,2,2.305,1554
11172,11172,84,84,49,1.7143,3,2,2.751,1554
11173,11173,63,63,36,1.75,36,2,1.262,1554
11174,11174,52,52,30,1.7333,21,2,2.029,1508
11175,11175,74,74,43,1.7209,16,2,2.159,1518
11176,11176,52,52,30,1.7333,13,2,1.134,1554
11177,11177,5,5,3,1.6667,40,2,2.434,1492
11178,11178,64,64,37,1.7297,2,2,2.126,1518
11179,11179,69,69,40,1.725,14,2,2.121,1518
11180,11180,59,59,30,1.9667,4,6,6.019,20
11181,11181,489,489,245,1.9959,56,6,5.951,20
11182,11182,0,0,0,0.0,0,6,0.0,34
11183,11183,22,22,11,2.0,2,6,6.997,25
11184,11184,24,24,12,2.0,1,6,7.419,25
11185,11185,0,0,0,0.0,0,6,7.616,30
11186,11186,68,68,34,2.0,171,6,7.595,28
11187,11187,0,0,0,0.0,0,6,6.011,20
11188,11188,0,0,0,0.0,0,6,7.831,24
11189,11189,34,34,20,1.7,3,6,7.3,21
11190,11190,0,0,0,0.0,0,6,7.781,21
11191,11191,0,0,0,0.0,100,6,7.896,24
11192,11192,0,0,0,0.0,0,6,7.749,35
11193,11193,63,63,25,2.52,20,6,7.482,35
11194,11194,34,34,20,1.7,17,6,8.356,31
11195,11195,40,40,24,1.6667,45,6,7.274,31
11196,11196,32,32,20,1.6,3,6,8.258,31
11197,11197,0,0,0,0.0,68,6,6.494,44
11198,11198,0,0,0,0.0,0,6,6.521,44
11199,11199,5,5,2,2.5,50,6,4.923,44
11200,11200,0,0,0,0.0,100,6,3.731,50
11201,11201,59,59,25,2.36,5,6,7.248,44
11202,11202,39,39,16,2.4375,169,6,4.201,50
11203,11203,44,44,18,2.4444,14,2,1.784,1508
11204,11204,97,97,40,2.425,25,2,1.897,1475
11205,11205,18,18,7,2.5714,1,2,1.77,1508
11206,11206,100,100,41,2.439,6,2,2.137,1475
11207,11207,52,52,30,1.7333,167,2,2.543,1431
11208,11208,11,11,6,1.8333,114,2,2.769,1403
11209,11209,0,0,0,0.0,58,2,2.791,1403
11210,11210,28,28,17,1.6471,1,2,2.792,1403
11211,11211,72,72,42,1.7143,215,2,2.697,1403
11212,11212,0,0,0,0.0,91,2,2.932,1376
11213,11213,90,90,37,2.4324,19,2,0.609,1448
11214,11214,41,41,17,2.4118,3,2,2.654,1448
11215,11215,36,36,15,2.4,3,2,1.203,1448
11216,11216,27,27,11,2.4545,12,2,0.623,1448
11217,11217,20,20,8,2.5,1,2,1.037,1448
11218,11218,41,41,17,2.4118,3,2,1.089,1448
11219,11219,85,85,35,2.4286,22,2,0.0,1470
11220,11220,38,38,16,2.375,14,2,0.0,1470
11221,11221,64,64,26,2.4615,3,2,0.0,1521
11222,11222,73,73,30,2.4333,16,2,0.0,1521
11223,11223,102,102,42,2.4286,22,2,0.0,1521
11224,11224,72,72,30,2.4,3,2,0.541,1521
11225,11225,0,0,0,0.0,85,2,2.77,1376
11226,11226,0,0,0,0.0,0,2,3.269,1376
11227,11227,49,49,20,2.45,27,2,3.13,1419
11228,11228,0,0,0,0.0,339,2,0.0,1014
11229,11229,0,0,0,0.0,216,2,0.0,1024
11230,11230,0,0,0,0.0,236,2,0.0,1024
11231,11231,0,0,0,0.0,126,2,0.0,1024
11232,11232,100,100,44,2.2727,37,2,0.0,994
11233,11233,0,0,0,0.0,293,2,0.0,994
11234,11234,0,0,0,0.0,0,2,0.0,1011
11235,11235,0,0,0,0.0,415,2,0.0,1054
11236,11236,0,0,0,0.0,78,2,28.308,1348
11237,11237,0,0,0,0.0,153,2,21.4,1348
11238,11238,0,0,0,0.0,0,2,25.985,1348
11239,11239,0,0,0,0.0,49,2,25.874,1348
11240,11240,0,0,0,0.0,0,2,27.957,1250
11241,11241,0,0,0,0.0,0,2,26.692,1250
11242,11242,0,0,0,0.0,127,2,24.629,1348
11243,11243,0,0,0,0.0,0,2,21.148,1485
11244,11244,0,0,0,0.0,1985,2,9.402,1520
11245,11245,0,0,0,0.0,0,2,13.882,1381
11246,11246,0,0,0,0.0,16,2,23.933,1457
11247,11247,0,0,0,0.0,39,2,13.425,1476
11248,11248,0,0,0,0.0,907,2,21.071,1338
11249,11249,0,0,0,0.0,2084,2,22.934,1457
11250,11250,0,0,0,0.0,1479,2,25.322,1457
11251,11251,0,0,0,0.0,0,2,24.799,1338
11252,11252,0,0,0,0.0,12,2,26.179,1250
11253,11253,0,0,0,0.0,55,2,24.377,1250
11254,11254,57,57,20,2.85,16,2,0.0,1136
11255,11255,30,30,11,2.7273,2,2,0.0,1136
11256,11256,54,54,19,2.8421,17,2,0.0,1167
11257,11257,104,104,37,2.8108,21,2,0.0,1167
11258,11258,82,82,29,2.8276,4,2,0.0,1167
11259,11259,118,118,42,2.8095,17,2,0.0,1167
11260,11260,112,112,40,2.8,28,2,0.0,1114
11261,11261,120,120,43,2.7907,17,2,0.0,1129
11262,11262,394,394,140,2.8143,23,2,0.0,1051
11263,11263,245,245,87,2.8161,27,2,0.0,1051
11264,11264,104,104,37,2.8108,18,2,0.0,1051
11265,11265,166,166,59,2.8136,24,2,0.0,1084
11266,11266,352,352,180,1.9556,112,2,0.0,1010
11267,11267,103,103,53,1.9434,4,2,0.0,1068
11268,11268,139,139,71,1.9577,17,2,0.0,1068
11269,11269,210,210,108,1.9444,50,2,0.0,1119
11270,11270,109,109,56,1.9464,18,2,0.0,1229
11271,11271,0,0,0,0.0,1989,2,3.111,1229
11272,11272,0,0,0,0.0,22,2,2.937,1264
11273,11273,356,356,182,1.956,100,2,2.883,1264
11274,11274,103,103,53,1.9434,32,2,2.638,1264
11275,11275,0,0,0,0.0,66,2,2.806,1202
11276,11276,253,105,54,1.9444,55,2,0.0,1202
11277,11277,68,0,0,0.0,194,2,0.0,1202
11278,11278,0,0,0,0.0,59,2,0.0,1202
11279,11279,154,154,79,1.9494,7,2,0.0,1160
11280,11280,196,0,0,0.0,358,2,0.0,1160
11281,11281,0,0,0,0.0,325,2,8.252,1381
11282,11282,139,139,81,1.716,579,2,3.97,1502
11283,11283,199,0,0,0.0,467,2,3.652,1449
11284,11284,0,0,0,0.0,78,2,2.211,1449
11285,11285,0,0,0,0.0,49,2,4.509,1502
11286,11286,0,0,0,0.0,25,2,2.472,1502
11287,11287,142,142,83,1.7108,395,2,1.823,1449
11288,11288,0,0,0,0.0,45,2,2.317,1449
11289,11289,0,0,0,0.0,666,2,2.848,1356
11290,11290,0,0,0,0.0,112,2,2.939,1356
11291,11291,0,0,0,0.0,267,2,2.854,1356
11292,11292,0,0,0,0.0,442,2,2.881,1305
11293,11293,0,0,0,0.0,77,2,2.727,1344
11294,11294,0,0,0,0.0,235,2,0.0,1191
11295,11295,226,226,115,1.9652,50,2,0.0,1045
11296,11296,633,633,322,1.9658,41,2,0.0,1045
11297,11297,0,0,0,0.0,430,2,0.0,1105
11298,11298,469,469,274,1.7117,21,2,17.094,1137
11299,11299,242,0,0,0.0,48,2,19.969,1137
11300,11300,21,21,12,1.75,75,2,20.412,1137
11301,11301,0,0,0,0.0,15,2,14.347,1227
11302,11302,0,0,0,0.0,261,2,18.756,1188
11303,11303,0,0,0,0.0,820,2,0.0,1182
11304,11304,0,0,0,0.0,167,2,3.065,1227
11305,11305,0,0,0,0.0,83,2,11.859,1227
11306,11306,0,0,0,0.0,469,2,3.49,1281
11307,11307,0,0,0,0.0,305,2,3.872,1320
11308,11308,0,0,0,0.0,48,2,3.804,1320
11309,11309,0,0,0,0.0,18,2,4.124,1320
11310,11310,0,0,0,0.0,414,2,11.715,1277
11311,11311,0,0,0,0.0,58,2,12.152,1277
11312,11312,0,0,0,0.0,216,2,12.363,1277
11313,11313,136,136,70,1.9429,57,2,0.227,781
11314,11314,63,63,32,1.9688,28,2,0.28,657
11315,11315,0,0,0,0.0,0,3,0.0,3943
11316,11316,24,24,8,3.0,1,5,0.0,4254
11317,11317,31,31,11,2.8182,37,5,0.0,4382
11318,11318,136,136,48,2.8333,20,5,0.0,4357
11319,11319,629,629,174,3.6149,2,3,0.0,2363
11320,11320,0,0,0,0.0,274,3,0.0,2363
11321,11321,21,21,9,2.3333,1007,3,0.88,1569
11322,11322,254,254,92,2.7609,27,3,1.912,1544
11323,11323,72,72,26,2.7692,4,3,0.0,1561
11324,11324,275,275,122,2.2541,29,3,0.0,1715
11325,11325,119,119,53,2.2453,17,3,0.0,1569
11326,11326,39,39,13,3.0,2,5,0.0,4220
11327,11327,0,0,0,0.0,0,5,0.0,4245
11328,11328,0,0,0,0.0,0,5,0.0,4268
11329,11329,196,196,57,3.4386,4,5,0.0,4271
11330,11330,9,0,0,0.0,147,5,0.0,4271
11331,11331,118,118,34,3.4706,19,5,0.0,4271
11332,11332,266,266,77,3.4545,17,5,0.0,4269
11333,11333,117,111,33,3.3636,13,5,0.0,4344
11334,11334,54,54,18,3.0,3,5,0.0,4220
11335,11335,491,491,165,2.9758,37,5,0.0,4152
11336,11336,18,18,6,3.0,93,5,0.0,4001
11337,11337,208,208,60,3.4667,15,5,0.0,4269
11338,11338,331,331,96,3.4479,25,5,0.0,4269
11339,11339,615,615,183,3.3607,38,5,0.0,4344
11340,11340,179,179,68,2.6324,22,5,0.0,4332
11341,11341,16,16,6,2.6667,33,5,0.0,4332
11342,11342,257,257,80,3.2125,20,5,0.0,4206
11343,11343,372,372,126,2.9524,20,5,0.0,3996
11344,11344,518,518,193,2.6839,108,5,0.0,4009
11345,11345,171,171,58,2.9483,18,5,0.0,4089
11346,11346,338,338,124,2.7258,128,5,0.0,4276
11347,11347,220,220,81,2.716,7,5,0.0,4276
11348,11348,172,172,63,2.7302,19,5,0.0,4225
11349,11349,109,109,40,2.725,103,5,0.0,4225
11350,11350,0,0,0,0.0,346,5,0.0,4177
11351,11351,594,594,218,2.7248,49,5,0.0,4177
11352,11352,157,0,0,0.0,163,5,0.0,4212
11353,11353,315,315,103,3.0583,41,5,0.0,4112
11354,11354,441,441,147,3.0,67,2,0.484,2686
11355,11355,287,287,91,3.1538,25,2,0.735,2768
11356,11356,157,157,44,3.5682,23,2,0.0,2762
11357,11357,231,231,73,3.1644,92,2,0.718,2766
11358,11358,0,0,0,0.0,1219,3,5.392,1888
11359,11359,0,0,0,0.0,260,3,0.0,1888
11360,11360,0,0,0,0.0,1489,3,0.685,2088
11361,11361,0,0,0,0.0,90,3,5.058,1693
11362,11362,0,0,0,0.0,49,2,2.787,1357
11363,11363,0,0,0,0.0,57,2,9.924,1357
11364,11364,0,0,0,0.0,0,3,11.399,1367
11365,11365,324,294,171,1.7193,592,3,0.671,1435
11366,11366,0,0,0,0.0,0,3,0.0,1454
11367,11367,0,0,0,0.0,120,3,0.0,1507
11368,11368,508,508,296,1.7162,2217,3,0.0,1591
11369,11369,0,0,0,0.0,0,3,4.24,1591
11370,11370,0,0,0,0.0,87,3,0.0,1454
11371,11371,0,0,0,0.0,109,3,0.0,1454
11372,11372,294,294,171,1.7193,23,3,0.725,1494
11373,11373,28,28,11,2.5455,67,3,0.0,1513
11374,11374,73,73,29,2.5172,65,3,0.0,1513
11375,11375,176,176,70,2.5143,32,3,0.0,1513
11376,11376,166,166,66,2.5152,84,3,0.0,1513
11377,11377,5,5,2,2.5,36,3,0.0,1513
11378,11378,0,0,0,0.0,0,3,0.0,1513
11379,11379,270,270,84,3.2143,129,3,0.0,1545
11380,11380,199,199,62,3.2097,37,3,0.0,1545
11381,11381,206,206,64,3.2188,59,3,0.0,1545
11382,11382,107,107,33,3.2424,27,3,0.0,1545
11383,11383,116,116,36,3.2222,22,3,0.0,1597
11384,11384,129,129,40,3.225,19,3,0.0,1597
11385,11385,426,426,156,2.7308,34,3,0.0,1418
11386,11386,164,164,51,3.2157,22,3,0.0,1545
11387,11387,49,49,15,3.2667,250,3,0.0,1545
11388,11388,213,213,78,2.7308,25,3,0.0,1418
11389,11389,173,173,53,3.2642,26,3,0.0,3919
11390,11390,0,0,0,0.0,61,3,0.0,3919
11391,11391,263,263,81,3.2469,23,3,0.0,3919
11392,11392,180,180,55,3.2727,19,3,0.0,3919
11393,11393,22,22,7,3.1429,15,3,0.0,3943
11394,11394,0,0,0,0.0,1017,3,0.0,3820
11395,11395,51,51,16,3.1875,2,3,0.0,3805
11396,11396,21,21,8,2.625,56,3,0.0,3875
11397,11397,0,0,0,0.0,40,3,0.0,3875
11398,11398,81,81,32,2.5312,37,3,0.0,3875
11399,11399,179,179,71,2.5211,39,3,0.0,3875
11400,11400,40,40,16,2.5,15,3,0.0,3664
11401,11401,92,92,36,2.5556,20,3,0.0,3614
11402,11402,107,107,42,2.5476,9,3,0.0,3614
11403,11403,227,227,90,2.5222,42,3,0.0,3614
11404,11404,182,182,72,2.5278,42,3,0.0,3614
11405,11405,191,191,76,2.5132,36,3,0.0,3664
11406,11406,97,97,38,2.5526,18,3,0.0,3664
11407,11407,127,127,44,2.8864,16,5,0.0,4651
11408,11408,0,0,0,0.0,0,3,0.0,1580
11409,11409,0,0,0,0.0,0,3,0.0,1568
11410,11410,706,706,283,2.4947,260,3,0.0,1780
11411,11411,693,693,308,2.25,174,3,0.0,1596
11412,11412,482,482,215,2.2419,70,3,0.0,1596
11413,11413,347,347,154,2.2532,70,3,0.0,1596
11414,11414,0,0,0,0.0,461,3,0.0,1720
11415,11415,0,0,0,0.0,3397,3,0.0,1720
11416,11416,302,302,91,3.3187,31,3,0.0,1762
11417,11417,57,57,17,3.3529,32,3,0.0,1762
11418,11418,212,212,64,3.3125,32,3,0.0,1788
11419,11419,295,295,89,3.3146,27,3,0.0,1790
11420,11420,130,130,39,3.3333,18,3,0.0,1790
11421,11421,261,261,76,3.4342,257,3,0.0,1663
11422,11422,306,306,92,3.3261,33,3,0.0,1790
11423,11423,288,288,87,3.3103,30,3,0.0,1790
11424,11424,196,196,71,2.7606,31,3,0.0,1561
11425,11425,597,597,181,3.2983,40,3,0.0,1509
11426,11426,710,710,215,3.3023,44,3,0.0,1509
11427,11427,122,122,37,3.2973,17,3,0.0,1583
11428,11428,291,291,88,3.3068,27,3,0.0,1583
11429,11429,244,244,74,3.2973,21,3,2.723,1583
11430,11430,0,0,0,0.0,0,3,21.343,1029
11431,11431,0,0,0,0.0,0,3,17.365,1198
11432,11432,0,0,0,0.0,16,3,0.0,1256
11433,11433,0,0,0,0.0,0,3,0.0,1256
11434,11434,0,0,0,0.0,21,3,0.0,1175
11435,11435,0,0,0,0.0,118,3,0.0,1035
11436,11436,0,0,0,0.0,0,3,0.0,922
11437,11437,139,139,77,1.8052,30,3,0.0,1035
11438,11438,0,0,0,0.0,143,3,0.0,1334
11439,11439,0,0,0,0.0,239,3,0.999,1334
11440,11440,0,0,0,0.0,532,3,9.857,1334
11441,11441,0,0,0,0.0,425,3,8.557,1334
11442,11442,187,187,113,1.6549,28,3,0.0,622
11443,11443,80,80,48,1.6667,26,3,0.0,622
11444,11444,65,65,39,1.6667,4,3,0.0,622
11445,11445,119,119,72,1.6528,19,3,0.0,622
11446,11446,0,0,0,0.0,840,3,0.0,607
11447,11447,1,1,1,1.0,79,3,0.0,618
11448,11448,60,60,33,1.8182,57,3,1.069,617
11449,11449,64,64,35,1.8286,14,3,0.0,618
11450,11450,34,34,19,1.7895,12,3,0.0,618
11451,11451,69,69,38,1.8158,3,3,0.0,618
11452,11452,6,6,3,2.0,272,3,2.272,603
11453,11453,47,47,26,1.8077,26,3,1.625,603
11454,11454,39,39,22,1.7727,2,3,2.584,603
11455,11455,38,38,21,1.8095,2,3,1.713,603
11456,11456,114,114,53,2.1509,28,3,0.0,954
11457,11457,52,52,24,2.1667,15,3,0.0,1023
11458,11458,109,109,53,2.0566,154,3,2.232,559
11459,11459,55,55,34,1.6176,14,2,0.267,572
11460,11460,13,13,5,2.6,18,2,0.0,553
11461,11461,0,0,0,0.0,0,2,0.0,553
11462,11462,0,0,0,0.0,0,2,0.0,557
11463,11463,0,0,0,0.0,0,2,0.0,833
11464,11464,70,70,36,1.9444,16,2,0.266,657
11465,11465,66,66,34,1.9412,16,2,0.0,657
11466,11466,269,269,124,2.1694,74,3,0.0,1131
11467,11467,58,58,27,2.1481,3,3,0.0,1061
11468,11468,158,158,73,2.1644,52,3,0.0,1131
11469,11469,160,160,74,2.1622,21,3,0.0,1131
11470,11470,330,330,152,2.1711,61,3,0.0,1206
11471,11471,0,0,0,0.0,51,3,0.0,1166
11472,11472,159,159,74,2.1486,21,3,0.0,1206
11473,11473,56,56,26,2.1538,23,3,0.0,1206
11474,11474,197,197,91,2.1648,28,3,0.0,1115
11475,11475,191,191,88,2.1705,32,3,0.0,1019
11476,11476,269,269,112,2.4018,20,3,0.0,1099
11477,11477,168,168,70,2.4,22,3,0.0,1099
11478,11478,46,46,19,2.4211,21,3,0.0,679
11479,11479,66,66,27,2.4444,20,3,0.0,679
11480,11480,170,170,85,2.0,25,3,0.0,525
11481,11481,21,21,10,2.1,21,3,0.0,486
11482,11482,135,135,56,2.4107,20,3,0.0,497
11483,11483,116,116,49,2.3673,23,3,0.0,497
11484,11484,144,144,60,2.4,23,3,0.0,497
11485,11485,98,98,41,2.3902,20,3,0.0,497
11486,11486,98,98,41,2.3902,6,3,0.0,497
11487,11487,160,160,66,2.4242,36,3,0.0,555
11488,11488,95,95,39,2.4359,21,3,0.0,555
11489,11489,114,114,47,2.4255,23,3,0.0,555
11490,11490,170,170,70,2.4286,83,3,0.0,555
11491,11491,277,277,114,2.4298,53,3,0.0,686
11492,11492,279,279,115,2.4261,1276,3,0.0,686
11493,11493,362,362,149,2.4295,49,3,0.0,686
11494,11494,61,61,25,2.44,7,3,0.0,555
11495,11495,109,109,45,2.4222,53,3,0.0,686
11496,11496,48,48,20,2.4,22,3,0.0,551
11497,11497,173,173,72,2.4028,74,3,0.0,459
11498,11498,36,36,15,2.4,19,3,0.0,551
11499,11499,83,83,34,2.4412,22,3,0.0,655
11500,11500,73,73,30,2.4333,20,3,0.0,655
11501,11501,44,44,18,2.4444,22,3,0.0,655
11502,11502,103,103,44,2.3409,98,3,0.0,460
11503,11503,359,359,153,2.3464,65,3,3.306,460
11504,11504,215,215,92,2.337,238,3,5.116,460
11505,11505,196,196,78,2.5128,23,3,0.0,888
11506,11506,170,170,71,2.3944,26,3,0.0,880
11507,11507,226,226,94,2.4043,78,3,0.0,880
11508,11508,70,70,29,2.4138,19,3,0.0,794
11509,11509,66,66,27,2.4444,15,3,0.0,1032
11510,11510,226,226,93,2.4301,107,3,0.0,865
11511,11511,53,53,22,2.4091,18,3,0.0,794
11512,11512,80,80,33,2.4242,17,3,0.0,794
11513,11513,193,193,80,2.4125,26,3,0.0,870
11514,11514,276,276,115,2.4,34,3,0.0,870
11515,11515,106,106,44,2.4091,58,3,0.0,794
11516,11516,277,277,114,2.4298,43,3,0.0,686
11517,11517,97,97,40,2.425,20,3,0.0,794
11518,11518,46,46,19,2.4211,17,3,0.0,794
11519,11519,147,147,61,2.4098,26,3,0.0,655
11520,11520,33,33,14,2.3571,3,3,0.0,655
11521,11521,0,0,0,0.0,114,3,0.0,655
11522,11522,35,35,15,2.3333,27,3,0.0,561
11523,11523,140,140,60,2.3333,68,3,0.0,561
11524,11524,0,0,0,0.0,0,3,0.0,561
11525,11525,40,40,17,2.3529,18,3,0.0,561
11526,11526,90,90,39,2.3077,21,3,0.0,561
11527,11527,0,0,0,0.0,0,3,0.0,561
11528,11528,126,126,54,2.3333,33,3,0.0,519
11529,11529,93,93,40,2.325,6,3,0.0,561
11530,11530,68,68,29,2.3448,17,3,0.0,519
11531,11531,100,100,43,2.3256,20,3,6.224,455
11532,11532,156,156,67,2.3284,23,3,6.266,455
11533,11533,69,69,37,1.8649,24,3,6.36,433
11534,11534,64,64,27,2.3704,21,3,7.693,510
11535,11535,30,30,13,2.3077,22,3,0.0,561
11536,11536,75,75,32,2.3438,24,3,0.0,596
11537,11537,147,147,63,2.3333,25,3,0.0,510
11538,11538,98,98,42,2.3333,77,3,0.0,706
11539,11539,166,166,71,2.338,65,3,0.0,596
11540,11540,134,134,57,2.3509,21,3,0.0,706
11541,11541,44,44,19,2.3158,14,3,0.0,706
11542,11542,86,86,41,2.0976,114,3,0.0,629
11543,11543,92,92,44,2.0909,17,3,0.0,629
11544,11544,423,289,138,2.0942,204,3,0.0,629
11545,11545,259,259,124,2.0887,30,3,0.0,699
11546,11546,87,87,42,2.0714,17,3,0.0,629
11547,11547,80,80,38,2.1053,25,3,0.0,629
11548,11548,48,48,23,2.087,16,3,0.0,699
11549,11549,20,20,9,2.2222,0,3,0.0,699
11550,11550,27,27,13,2.0769,0,3,0.0,699
11551,11551,27,27,13,2.0769,1,3,0.0,699
11552,11552,40,40,19,2.1053,17,3,0.0,699
11553,11553,66,66,31,2.129,3,3,0.0,699
11554,11554,190,190,78,2.4359,37,3,0.0,865
11555,11555,264,264,109,2.422,84,3,0.0,865
11556,11556,200,200,83,2.4096,91,3,0.0,809
11557,11557,192,192,79,2.4304,54,3,0.0,809
11558,11558,33,33,14,2.3571,3,3,0.0,809
11559,11559,79,79,31,2.5484,25,3,0.0,789
11560,11560,91,91,36,2.5278,22,3,0.0,789
11561,11561,74,74,29,2.5517,46,3,0.0,789
11562,11562,53,53,21,2.5238,27,3,0.0,789
11563,11563,139,139,55,2.5273,37,3,1.514,814
11564,11564,268,268,141,1.9007,33,3,3.837,892
11565,11565,169,169,58,2.9138,22,3,0.0,1600
11566,11566,0,0,0,0.0,12,3,0.0,1468
11567,11567,6,6,2,3.0,42,3,0.0,1468
11568,11568,69,69,24,2.875,14,3,0.0,1495
11569,11569,413,413,147,2.8095,29,3,0.0,1884
11570,11570,0,0,0,0.0,0,3,0.0,1495
11571,11571,0,0,0,0.0,0,3,0.0,1881
11572,11572,0,0,0,0.0,0,3,0.0,1495
11573,11573,218,218,68,3.2059,30,3,0.0,1911
11574,11574,0,0,0,0.0,0,3,0.0,1958
11575,11575,7,7,2,3.5,0,3,0.0,1958
11576,11576,0,0,0,0.0,0,3,0.0,1958
11577,11577,71,71,22,3.2273,26,3,0.0,1958
11578,11578,55,55,22,2.5,15,3,0.0,2160
11579,11579,0,0,0,0.0,0,3,0.0,2160
11580,11580,53,53,21,2.5238,14,3,0.0,2160
11581,11581,74,74,23,3.2174,18,3,0.0,1824
11582,11582,0,0,0,0.0,11,3,0.0,1753
11583,11583,154,154,48,3.2083,56,3,0.0,1824
11584,11584,60,60,36,1.6667,6,6,7.885,41
11585,11585,81,81,48,1.6875,9,6,3.902,41
11586,11586,0,0,0,0.0,0,6,8.153,31
11587,11587,0,0,0,0.0,0,6,8.66,24
11588,11588,34,34,17,2.0,3,6,0.0,58
11589,11589,0,0,0,0.0,15,6,0.0,57
11590,11590,5,5,2,2.5,24,6,1.962,53
11591,11591,43,43,18,2.3889,0,6,0.0,47
11592,11592,202,202,83,2.4337,22,6,0.0,47
11593,11593,91,91,25,3.64,17,6,0.0,47
11594,11594,137,137,38,3.6053,4,6,0.0,47
11595,11595,278,278,82,3.3902,20,2,0.0,3804
11596,11596,84,84,25,3.36,13,2,0.0,3804
11597,11597,153,153,45,3.4,15,2,0.0,3804
11598,11598,404,404,119,3.395,31,2,0.0,3804
11599,11599,808,808,233,3.4678,30,2,0.0,3772
11600,11600,0,0,0,0.0,71,2,0.0,3772
11601,11601,101,101,29,3.4828,42,2,0.0,3610
11602,11602,285,285,90,3.1667,7,3,0.0,2375
11603,11603,445,445,132,3.3712,37,3,0.0,2555
11604,11604,379,379,119,3.1849,320,3,0.0,2530
11605,11605,77,77,24,3.2083,20,3,0.0,2555
11606,11606,610,610,193,3.1606,28,3,0.0,2230
11607,11607,607,607,192,3.1615,89,3,0.0,2375
11608,11608,0,0,0,0.0,0,3,0.0,2375
11609,11609,0,0,0,0.0,739,3,0.0,2887
11610,11610,415,415,131,3.1679,34,3,0.0,2230
11611,11611,275,275,87,3.1609,20,3,0.0,2375
11612,11612,507,507,160,3.1688,31,3,0.0,2375
11613,11613,0,0,0,0.0,0,3,0.0,2375
11614,11614,190,190,60,3.1667,16,3,0.0,2375
11615,11615,145,145,46,3.1522,26,3,0.0,2375
11616,11616,28,28,11,2.5455,2,3,0.0,2125
11617,11617,237,237,75,3.16,42,3,0.0,2230
11618,11618,0,0,0,0.0,0,3,0.0,2230
11619,11619,466,466,147,3.1701,29,3,0.0,2230
11620,11620,205,205,65,3.1538,6,3,0.0,2230
11621,11621,218,218,69,3.1594,20,3,0.0,2230
11622,11622,0,0,0,0.0,0,3,0.0,2125
11623,11623,0,0,0,0.0,0,3,0.0,2375
11624,11624,190,190,60,3.1667,28,3,0.0,2375
11625,11625,199,199,59,3.3729,24,3,0.0,2555
11626,11626,151,151,45,3.3556,26,3,0.0,2555
11627,11627,0,0,0,0.0,142,3,0.0,2555
11628,11628,130,130,50,2.6,24,3,0.0,2392
11629,11629,0,0,0,0.0,0,3,0.0,2688
11630,11630,316,316,99,3.1919,42,3,0.0,2688
11631,11631,359,359,113,3.177,87,3,0.0,2688
11632,11632,242,242,76,3.1842,80,3,0.0,2688
11633,11633,56,56,16,3.5,1,2,0.0,3610
11634,11634,191,191,55,3.4727,13,2,0.0,3610
11635,11635,90,90,26,3.4615,63,2,0.0,3700
11636,11636,141,141,41,3.439,16,2,0.0,3712
11637,11637,97,97,28,3.4643,2,2,0.0,3712
11638,11638,93,93,27,3.4444,12,2,0.0,3712
11639,11639,160,152,44,3.4545,15,2,0.0,3712
11640,11640,48,48,12,4.0,13,2,0.0,3605
11641,11641,56,56,14,4.0,1,2,0.0,3605
11642,11642,108,108,27,4.0,14,2,0.0,3605
11643,11643,135,135,34,3.9706,13,2,0.0,3605
11644,11644,234,234,59,3.9661,25,2,0.0,3605
11645,11645,64,64,16,4.0,1,2,0.0,3605
11646,11646,174,174,44,3.9545,19,2,0.0,3605
11647,11647,108,108,27,4.0,15,2,0.0,3605
11648,11648,225,225,65,3.4615,22,2,0.0,3682
11649,11649,325,325,94,3.4574,24,2,0.0,3682
11650,11650,262,262,76,3.4474,18,2,0.0,3682
11651,11651,93,93,27,3.4444,14,2,0.0,3682
11652,11652,191,191,55,3.4727,15,2,0.0,3682
11653,11653,264,264,71,3.7183,25,2,0.0,3774
11654,11654,149,149,40,3.725,20,2,0.0,3769
11655,11655,135,135,36,3.75,115,2,0.0,3769
11656,11656,252,252,68,3.7059,35,2,0.0,3703
11657,11657,423,423,114,3.7105,40,2,0.0,3769
11658,11658,209,209,62,3.371,15,2,0.0,3825
11659,11659,0,0,0,0.0,72,2,0.0,3825
11660,11660,405,405,119,3.4034,28,2,0.0,3847
11661,11661,447,398,102,3.902,32,2,0.0,3311
11662,11662,144,144,37,3.8919,16,2,0.0,3311
11663,11663,435,435,126,3.4524,23,2,0.0,3504
11664,11664,80,80,23,3.4783,15,2,0.0,3504
11665,11665,83,83,24,3.4583,13,2,0.0,3592
11666,11666,30,30,9,3.3333,1,2,0.0,3592
11667,11667,52,52,15,3.4667,1,2,0.0,3592
11668,11668,246,228,66,3.4545,17,2,0.0,3571
11669,11669,104,104,30,3.4667,27,2,0.0,3571
11670,11670,236,212,58,3.6552,22,2,0.0,3490
11671,11671,207,207,61,3.3934,18,2,0.0,3366
11672,11672,403,403,118,3.4153,27,2,0.0,3382
11673,11673,129,123,36,3.4167,29,2,0.0,3382
11674,11674,0,0,0,0.0,92,2,0.0,3382
11675,11675,287,287,84,3.4167,95,2,0.0,3240
11676,11676,181,181,53,3.4151,20,2,0.0,3366
11677,11677,297,297,87,3.4138,18,2,0.0,3240
11678,11678,666,666,190,3.5053,42,2,0.0,3061
11679,11679,0,0,0,0.0,17,2,0.0,3142
11680,11680,164,164,45,3.6444,33,2,0.0,3307
11681,11681,332,332,96,3.4583,33,2,0.0,3142
11682,11682,197,197,57,3.4561,23,2,0.0,3142
11683,11683,331,331,96,3.4479,26,2,0.0,3142
11684,11684,24,24,7,3.4286,31,2,0.0,3142
11685,11685,121,121,35,3.4571,17,2,0.0,3142
11686,11686,172,172,50,3.44,57,2,0.0,3207
11687,11687,0,0,0,0.0,54,2,0.0,3447
11688,11688,0,0,0,0.0,96,2,0.0,3447
11689,11689,0,0,0,0.0,155,2,0.0,3447
11690,11690,57,57,16,3.5625,3,2,0.0,3478
11691,11691,82,82,23,3.5652,19,2,0.0,3569
11692,11692,151,144,41,3.5122,19,2,0.0,3478
11693,11693,301,301,80,3.7625,23,5,0.0,3869
11694,11694,110,110,29,3.7931,13,5,0.0,3869
11695,11695,0,0,0,0.0,54,3,4.512,892
11696,11696,161,161,85,1.8941,26,3,3.264,892
11697,11697,362,362,191,1.8953,34,3,3.601,892
11698,11698,202,202,107,1.8879,32,3,2.588,892
11699,11699,0,0,0,0.0,1070,3,2.357,970
11700,11700,428,428,204,2.098,46,3,0.0,966
11701,11701,508,508,268,1.8955,48,3,0.0,908
11702,11702,552,552,263,2.0989,51,3,0.0,916
11703,11703,243,243,116,2.0948,50,3,0.0,966
11704,11704,293,293,84,3.4881,24,2,0.0,3505
11705,11705,401,401,115,3.487,50,2,0.0,3505
11706,11706,265,265,68,3.8971,15,2,0.0,3404
11707,11707,153,153,39,3.9231,15,2,0.0,3509
11708,11708,242,242,62,3.9032,80,2,0.0,3509
11709,11709,335,335,86,3.8953,19,2,0.0,3509
11710,11710,453,453,137,3.3066,19,2,0.0,3589
11711,11711,93,93,32,2.9062,13,2,0.0,3643
11712,11712,133,133,40,3.325,15,2,0.0,3565
11713,11713,297,297,90,3.3,36,2,0.0,3565
11714,11714,832,832,252,3.3016,41,2,0.0,3565
11715,11715,330,330,100,3.3,27,2,0.0,3565
11716,11716,965,965,333,2.8979,59,2,0.0,3634
11717,11717,403,403,139,2.8993,19,2,0.0,3634
11718,11718,344,344,119,2.8908,24,2,0.0,3634
11719,11719,198,198,69,2.8696,16,2,0.0,3634
11720,11720,173,173,60,2.8833,18,2,0.0,3634
11721,11721,223,223,58,3.8448,19,2,0.0,3705
11722,11722,384,384,129,2.9767,19,2,0.0,3854
11723,11723,141,141,48,2.9375,1,2,0.0,3807
11724,11724,231,231,78,2.9615,21,2,0.0,3807
11725,11725,258,258,87,2.9655,18,2,0.0,3854
11726,11726,72,72,24,3.0,12,2,0.0,3854
11727,11727,181,181,61,2.9672,2,2,0.0,3807
11728,11728,178,178,60,2.9667,12,2,0.0,3807
11729,11729,66,66,22,3.0,13,2,0.0,3807
11730,11730,92,92,24,3.8333,3,2,0.0,3768
11731,11731,84,84,22,3.8182,2,2,0.0,3768
11732,11732,229,229,77,2.974,16,2,0.0,3908
11733,11733,0,0,0,0.0,85,2,0.0,3854
11734,11734,119,119,34,3.5,15,2,0.0,3901
11735,11735,190,190,55,3.4545,108,2,0.0,3892
11736,11736,0,0,0,0.0,64,5,0.0,3892
11737,11737,266,266,77,3.4545,24,2,0.0,3682
11738,11738,57,57,17,3.3529,0,2,0.0,3861
11739,11739,0,0,0,0.0,115,2,0.0,3848
11740,11740,43,43,17,2.5294,19,3,0.0,2555
11741,11741,1818,1818,539,3.3729,86,3,0.0,2550
11742,11742,0,0,0,0.0,52,3,0.0,2550
11743,11743,5,5,2,2.5,0,3,0.0,2392
11744,11744,0,0,0,0.0,78,3,0.0,2550
11745,11745,0,0,0,0.0,445,3,0.0,2754
11746,11746,0,0,0,0.0,649,3,0.0,2754
11747,11747,0,0,0,0.0,2774,3,0.0,2677
11748,11748,57,0,0,0.0,71,3,0.0,2550
11749,11749,0,0,0,0.0,0,3,0.0,2573
11750,11750,322,322,79,4.0759,41,3,0.0,2696
11751,11751,272,272,67,4.0597,12,3,0.0,2696
11752,11752,211,211,52,4.0577,14,3,0.0,2573
11753,11753,0,0,0,0.0,118,3,0.0,2573
11754,11754,517,517,127,4.0709,42,3,0.0,2573
11755,11755,517,517,127,4.0709,38,3,0.0,2573
11756,11756,59,59,23,2.5652,3,3,0.0,2573
11757,11757,309,309,76,4.0658,29,3,0.0,2573
11758,11758,175,175,43,4.0698,17,3,0.0,2566
11759,11759,0,0,0,0.0,0,3,0.0,2696
11760,11760,886,886,342,2.5906,64,3,0.0,2696
11761,11761,0,0,0,0.0,0,3,0.0,2375
11762,11762,8,8,3,2.6667,0,3,0.0,2392
11763,11763,0,0,0,0.0,0,3,0.0,2392
11764,11764,3,3,1,3.0,0,3,0.0,2392
11765,11765,0,0,0,0.0,0,3,0.0,2392
11766,11766,8,8,3,2.6667,0,3,0.0,2392
11767,11767,0,0,0,0.0,58,3,0.0,2969
11768,11768,0,0,0,0.0,872,3,0.0,2969
11769,11769,0,0,0,0.0,2004,3,0.0,2969
11770,11770,0,0,0,0.0,0,3,0.0,3007
11771,11771,0,0,0,0.0,1531,3,0.0,2858
11772,11772,0,0,0,0.0,840,3,0.0,2858
11773,11773,0,0,0,0.0,462,3,0.0,3007
11774,11774,0,0,0,0.0,688,3,0.0,3102
11775,11775,0,0,0,0.0,0,3,0.0,3102
11776,11776,3,3,1,3.0,16,3,0.0,3007
11777,11777,0,0,0,0.0,754,3,0.0,2858
11778,11778,0,0,0,0.0,1625,3,0.0,2858
11779,11779,199,199,67,2.9701,18,3,0.0,3021
11780,11780,198,198,73,2.7123,22,3,0.0,2993
11781,11781,160,160,59,2.7119,16,3,0.0,2993
11782,11782,90,90,33,2.7273,19,3,0.0,2993
11783,11783,82,82,30,2.7333,13,3,0.0,2993
11784,11784,87,87,32,2.7188,2,3,0.0,2993
11785,11785,107,107,39,2.7436,22,3,0.0,2993
11786,11786,203,203,66,3.0758,20,5,0.0,3863
11787,11787,117,117,38,3.0789,16,5,0.0,3863
11788,11788,0,0,0,0.0,21,5,0.0,3852
11789,11789,3,3,1,3.0,27,5,0.0,3852
11790,11790,71,71,23,3.087,3,5,0.0,3863
11791,11791,187,187,61,3.0656,29,5,0.0,3863
11792,11792,65,65,18,3.6111,15,6,0.0,45
11793,11793,0,0,0,0.0,66,6,0.0,45
11794,11794,178,178,49,3.6327,17,6,0.0,45
11795,11795,316,316,89,3.5506,29,2,0.0,2891
11796,11796,189,189,53,3.566,21,2,0.0,2891
11797,11797,189,189,53,3.566,17,2,0.0,2891
11798,11798,121,121,34,3.5588,17,2,0.0,2891
11799,11799,205,205,58,3.5345,23,2,0.0,2891
11800,11800,153,153,43,3.5581,78,2,0.0,2891
11801,11801,572,572,161,3.5528,58,2,0.0,2904
11802,11802,251,251,71,3.5352,31,2,0.0,2904
11803,11803,376,376,106,3.5472,54,2,0.0,2904
11804,11804,202,202,57,3.5439,6,2,0.0,2904
11805,11805,174,174,49,3.551,6,2,0.0,2904
11806,11806,0,0,0,0.0,294,2,1.699,3049
11807,11807,179,179,69,2.5942,98,2,1.813,3049
11808,11808,219,128,47,2.7234,285,2,0.0,3165
11809,11809,355,355,129,2.7519,29,2,0.0,3106
11810,11810,346,231,84,2.75,270,2,1.835,3106
11811,11811,504,504,183,2.7541,31,2,0.0,3165
11812,11812,393,393,143,2.7483,27,2,0.0,3165
11813,11813,316,316,121,2.6116,60,2,1.378,3049
11814,11814,421,421,162,2.5988,42,2,1.394,3049
11815,11815,281,281,102,2.7549,50,2,1.812,3144
11816,11816,206,206,75,2.7467,23,2,0.0,3257
11817,11817,220,220,80,2.75,41,2,1.686,3247
11818,11818,428,428,156,2.7436,92,2,0.807,3247
11819,11819,300,300,132,2.2727,42,3,0.0,3633
11820,11820,345,345,152,2.2697,120,3,0.0,3633
11821,11821,448,448,168,2.6667,98,3,0.0,3598
11822,11822,85,85,36,2.3611,21,3,0.0,3547
11823,11823,258,258,109,2.367,40,3,0.0,3547
11824,11824,0,0,0,0.0,49,3,0.0,2544
11825,11825,144,144,76,1.8947,16,3,0.0,2605
11826,11826,611,611,322,1.8975,214,3,0.0,2605
11827,11827,198,198,105,1.8857,19,3,0.0,2605
11828,11828,700,700,158,4.4304,1,3,0.0,2594
11829,11829,704,704,159,4.4277,36,3,0.0,2594
11830,11830,260,260,115,2.2609,27,2,0.501,2784
11831,11831,110,110,49,2.2449,20,2,0.0,2784
11832,11832,250,250,110,2.2727,32,2,0.0,2784
11833,11833,98,98,43,2.2791,19,2,0.0,2890
11834,11834,140,140,62,2.2581,19,2,0.0,2856
11835,11835,244,244,65,3.7538,14,5,0.0,3869
11836,11836,176,176,47,3.7447,18,5,0.0,3868
11837,11837,121,121,32,3.7812,16,5,0.0,3868
11838,11838,15,15,4,3.75,86,5,0.0,3868
11839,11839,63,63,17,3.7059,14,5,0.0,3868
11840,11840,242,242,79,3.0633,25,5,0.0,3788
11841,11841,190,190,62,3.0645,20,5,0.0,3863
11842,11842,198,198,73,2.7123,14,3,0.0,2993
11843,11843,638,638,234,2.7265,59,3,0.0,3105
11844,11844,325,325,129,2.5194,40,3,0.0,3195
11845,11845,0,0,0,0.0,0,3,0.0,3195
11846,11846,134,134,52,2.5769,37,3,0.0,2905
11847,11847,80,80,31,2.5806,6,3,0.0,2905
11848,11848,994,994,395,2.5165,44,3,0.0,2997
11849,11849,101,101,40,2.525,16,3,0.0,2997
11850,11850,189,189,75,2.52,19,3,0.0,2997
11851,11851,129,129,50,2.58,92,3,0.0,2905
11852,11852,137,137,53,2.5849,24,3,0.0,2905
11853,11853,198,198,79,2.5063,17,3,0.0,3090
11854,11854,115,115,46,2.5,17,3,0.0,3090
11855,11855,171,171,68,2.5147,21,3,0.0,3090
11856,11856,124,124,48,2.5833,19,3,0.0,3090
11857,11857,58,58,23,2.5217,13,3,0.0,3090
11858,11858,189,189,75,2.52,46,3,0.0,3090
11859,11859,101,101,39,2.5897,19,3,0.0,3090
11860,11860,108,108,43,2.5116,14,3,0.0,2997
11861,11861,0,0,0,0.0,0,3,0.0,3195
11862,11862,0,0,0,0.0,0,3,0.0,3090
11863,11863,0,0,0,0.0,0,3,0.0,2392
11864,11864,37,37,15,2.4667,14,3,0.0,1910
11865,11865,105,0,0,0.0,67,3,0.0,1824
11866,11866,299,299,93,3.2151,43,3,0.0,1824
11867,11867,0,0,0,0.0,113,3,0.0,1824
11868,11868,0,0,0,0.0,39,3,0.0,1824
11869,11869,65,65,20,3.25,4,3,0.0,1910
11870,11870,176,176,55,3.2,204,3,0.0,1824
11871,11871,286,286,126,2.2698,27,5,0.0,3809
11872,11872,168,168,74,2.2703,20,5,0.0,3838
11873,11873,356,356,157,2.2675,51,5,0.0,3809
11874,11874,0,0,0,0.0,45,5,0.0,3806
11875,11875,0,0,0,0.0,0,5,0.0,3885
11876,11876,101,101,34,2.9706,14,5,0.0,3818
11877,11877,87,87,29,3.0,16,5,0.0,3818
11878,11878,60,60,20,3.0,3,5,0.0,3818
11879,11879,95,95,32,2.9688,27,5,0.0,3885
11880,11880,179,179,60,2.9833,6,5,0.0,3885
11881,11881,0,0,0,0.0,0,5,0.0,3885
11882,11882,544,544,183,2.9727,61,5,0.0,3885
11883,11883,120,120,40,3.0,15,5,0.0,3885
11884,11884,66,66,22,3.0,13,5,5.54,3821
11885,11885,138,138,46,3.0,20,5,0.0,3790
11886,11886,45,45,15,3.0,13,5,5.421,3821
11887,11887,107,107,36,2.9722,18,5,4.372,3821
11888,11888,201,201,101,1.9901,25,5,4.332,3752
11889,11889,166,166,84,1.9762,20,5,0.0,3709
11890,11890,0,0,0,0.0,18,5,0.0,3752
11891,11891,79,79,31,2.5484,21,2,0.0,3496
11892,11892,332,323,127,2.5433,43,2,0.0,3496
11893,11893,254,254,100,2.54,19,2,0.0,3397
11894,11894,0,0,0,0.0,52,2,0.0,3496
11895,11895,35,35,14,2.5,1,2,0.0,3496
11896,11896,126,126,50,2.52,5,2,0.0,3487
11897,11897,124,124,49,2.5306,18,2,0.0,3387
11898,11898,167,167,66,2.5303,6,2,0.0,3387
11899,11899,0,0,0,0.0,127,2,0.0,3387
11900,11900,320,320,106,3.0189,24,2,0.0,3036
11901,11901,787,787,260,3.0269,45,2,0.0,3036
11902,11902,572,572,189,3.0265,52,2,0.0,3036
11903,11903,303,303,100,3.03,38,2,0.0,3036
11904,11904,0,0,0,0.0,308,2,0.0,3036
11905,11905,772,772,255,3.0275,22,2,0.0,3139
11906,11906,55,55,18,3.0556,14,2,0.0,3139
11907,11907,73,73,24,3.0417,17,2,0.0,3139
11908,11908,236,236,78,3.0256,46,2,0.0,3139
11909,11909,0,0,0,0.0,69,2,0.0,3025
11910,11910,253,253,100,2.53,30,2,0.0,3025
11911,11911,248,248,98,2.5306,20,2,0.0,2954
11912,11912,121,121,48,2.5208,22,2,0.0,2954
11913,11913,207,207,82,2.5244,93,2,0.0,3025
11914,11914,129,129,51,2.5294,16,2,0.0,2954
11915,11915,68,68,27,2.5185,21,2,0.0,2954
11916,11916,197,197,78,2.5256,21,2,0.0,2954
11917,11917,344,344,136,2.5294,31,2,0.0,3038
11918,11918,247,247,73,3.3836,20,2,0.0,3136
11919,11919,185,185,61,3.0328,18,2,0.0,3120
11920,11920,327,327,108,3.0278,46,2,0.0,3120
11921,11921,0,0,0,0.0,444,2,0.0,3463
11922,11922,458,458,151,3.0331,26,2,0.0,3358
11923,11923,115,115,34,3.3824,15,2,0.0,3136
11924,11924,213,213,63,3.381,21,2,0.0,3295
11925,11925,58,58,17,3.4118,12,2,0.0,3295
11926,11926,0,0,0,0.0,0,2,0.0,3295
11927,11927,312,312,104,3.0,21,2,0.0,3355
11928,11928,0,0,0,0.0,343,2,0.0,3463
11929,11929,0,0,0,0.0,654,2,0.0,3463
11930,11930,111,111,37,3.0,16,2,0.0,3355
11931,11931,158,158,53,2.9811,18,2,0.0,3158
11932,11932,155,155,52,2.9808,17,2,0.0,3158
11933,11933,381,381,127,3.0,18,2,0.0,3158
11934,11934,381,381,127,3.0,45,2,0.0,3158
11935,11935,78,78,26,3.0,23,2,0.0,3253
11936,11936,574,574,191,3.0052,26,2,0.0,3253
11937,11937,0,0,0,0.0,146,2,0.0,3253
11938,11938,400,400,133,3.0075,19,2,0.0,3253
11939,11939,0,0,0,0.0,431,2,0.0,3253
11940,11940,361,361,120,3.0083,19,2,0.0,3253
11941,11941,129,129,43,3.0,17,2,0.0,3322
11942,11942,164,164,50,3.28,30,2,0.0,2934
11943,11943,286,286,87,3.2874,37,2,0.0,3016
11944,11944,295,295,90,3.2778,38,2,0.0,3016
11945,11945,188,188,57,3.2982,20,2,0.0,3016
11946,11946,256,256,78,3.2821,23,2,0.0,3002
11947,11947,221,221,69,3.2029,33,3,0.0,1824
11948,11948,0,0,0,0.0,0,3,0.0,1911
11949,11949,0,0,0,0.0,0,3,0.0,2160
11950,11950,0,0,0,0.0,22,3,0.0,1753
11951,11951,0,0,0,0.0,0,3,0.0,2160
11952,11952,61,61,24,2.5417,30,3,0.0,2160
11953,11953,150,150,60,2.5,24,3,0.0,2160
11954,11954,0,0,0,0.0,0,3,0.0,2340
11955,11955,37,37,15,2.4667,13,3,0.0,2160
11956,11956,0,0,0,0.0,294,3,0.0,2160
11957,11957,122,122,49,2.4898,33,3,0.0,2160
11958,11958,98,98,39,2.5128,19,3,0.0,2160
11959,11959,73,73,29,2.5172,26,3,0.0,2160
11960,11960,112,112,45,2.4889,21,3,0.0,2340
11961,11961,500,500,166,3.012,19,3,0.0,2683
11962,11962,186,186,62,3.0,3,3,0.0,2683
11963,11963,87,87,29,3.0,19,3,0.0,2546
11964,11964,0,0,0,0.0,0,3,0.0,2510
11965,11965,0,0,0,0.0,0,3,0.0,2160
11966,11966,0,0,0,0.0,0,3,0.0,2340
11967,11967,39,39,12,3.25,39,3,0.0,1545
11968,11968,54,54,17,3.1765,13,3,0.0,1444
11969,11969,0,0,0,0.0,206,3,0.0,2460
11970,11970,0,0,0,0.0,0,3,0.0,2510
11971,11971,0,0,0,0.0,0,3,0.0,2683
11972,11972,0,0,0,0.0,0,3,0.0,2683
11973,11973,174,174,55,3.1636,33,3,0.0,2862
11974,11974,0,0,0,0.0,0,3,0.0,2683
11975,11975,140,140,51,2.7451,16,3,0.0,2896
11976,11976,214,214,78,2.7436,21,3,0.0,2896
11977,11977,0,0,0,0.0,101,3,0.0,2896
11978,11978,598,598,218,2.7431,65,3,0.0,2974
11979,11979,83,83,30,2.7667,16,3,0.0,2974
11980,11980,25,25,9,2.7778,0,3,0.0,2896
11981,11981,200,200,73,2.7397,17,3,0.0,2974
11982,11982,47,47,17,2.7647,11,3,0.0,2974
11983,11983,55,55,20,2.75,1,3,0.0,2974
11984,11984,35,35,13,2.6923,12,3,0.0,2896
11985,11985,28,28,10,2.8,12,3,0.0,2974
11986,11986,135,135,49,2.7551,15,3,0.0,2896
11987,11987,71,71,26,2.7308,1,3,0.0,2896
11988,11988,64,64,20,3.2,36,3,0.0,2862
11989,11989,38,38,14,2.7143,1,3,0.0,2849
11990,11990,84,84,31,2.7097,14,3,0.0,2974
11991,11991,49,49,18,2.7222,13,3,0.0,2896
11992,11992,255,255,93,2.7419,18,3,0.0,2896
11993,11993,66,66,24,2.75,15,3,0.0,2974
11994,11994,0,0,0,0.0,81,3,0.0,2974
11995,11995,57,57,21,2.7143,1,3,0.0,2974
11996,11996,44,44,16,2.75,0,3,0.0,2974
11997,11997,67,67,23,2.913,3,3,0.0,2896
11998,11998,139,139,48,2.8958,19,3,0.0,2843
11999,11999,0,0,0,0.0,0,3,0.0,2793
12000,12000,129,129,45,2.8667,22,3,0.0,2843
12001,12001,192,192,66,2.9091,33,3,0.0,2843
12002,12002,76,76,26,2.9231,17,3,0.0,2843
12003,12003,0,0,0,0.0,189,3,0.0,2911
12004,12004,674,674,271,2.4871,41,3,0.0,2911
12005,12005,335,335,116,2.8879,30,3,0.0,2780
12006,12006,154,154,48,3.2083,32,3,0.0,1444
12007,12007,51,51,16,3.1875,16,3,0.0,1597
12008,12008,81,81,25,3.24,15,3,0.0,1444
12009,12009,57,57,18,3.1667,3,3,0.0,1444
12010,12010,262,262,96,2.7292,25,3,0.0,1230
12011,12011,391,391,143,2.7343,37,3,0.0,1230
12012,12012,342,342,138,2.4783,11,3,0.0,1418
12013,12013,278,278,112,2.4821,9,3,0.0,1418
12014,12014,405,405,163,2.4847,13,3,0.0,1418
12015,12015,29,29,12,2.4167,0,3,0.0,1418
12016,12016,66,66,24,2.75,14,3,0.0,1418
12017,12017,287,287,105,2.7333,48,3,0.0,1510
12018,12018,197,197,72,2.7361,44,3,0.0,1510
12019,12019,285,285,104,2.7404,56,3,0.0,1510
12020,12020,338,338,124,2.7258,41,3,0.0,1418
12021,12021,170,170,62,2.7419,22,3,0.0,1418
12022,12022,75,75,30,2.5,0,3,0.0,1468
12023,12023,0,0,0,0.0,318,3,0.0,1468
12024,12024,216,216,74,2.9189,11,3,0.0,1468
12025,12025,309,309,106,2.9151,53,3,0.0,1468
12026,12026,184,184,63,2.9206,19,3,0.0,1468
12027,12027,631,631,216,2.9213,65,3,0.0,1468
12028,12028,184,184,63,2.9206,23,3,0.0,1600
12029,12029,0,0,0,0.0,63,3,0.0,1468
12030,12030,0,0,0,0.0,39,3,0.0,1468
12031,12031,136,136,60,2.2667,20,2,0.0,2856
12032,12032,391,391,183,2.1366,105,2,1.295,3045
12033,12033,131,131,61,2.1475,8,2,1.409,2972
12034,12034,59,59,28,2.1071,16,2,1.485,2972
12035,12035,26,26,12,2.1667,1,2,0.0,2972
12036,12036,177,177,83,2.1325,25,2,0.0,3019
12037,12037,135,135,63,2.1429,23,2,0.0,3019
12038,12038,331,202,95,2.1263,134,2,1.162,3045
12039,12039,175,175,82,2.1341,9,2,1.102,3045
12040,12040,149,149,70,2.1286,22,2,1.116,3045
12041,12041,267,267,125,2.136,25,2,0.0,3019
12042,12042,159,159,75,2.12,20,2,1.837,3019
12043,12043,502,502,235,2.1362,118,2,1.934,3019
12044,12044,98,98,46,2.1304,16,2,1.673,3019
12045,12045,83,83,39,2.1282,4,2,3.035,3019
12046,12046,0,0,0,0.0,114,2,1.168,3180
12047,12047,0,0,0,0.0,90,2,1.449,3180
12048,12048,137,137,43,3.186,20,2,0.724,3180
12049,12049,108,108,34,3.1765,24,2,1.51,3180
12050,12050,232,232,73,3.1781,26,2,5.585,3191
12051,12051,295,295,93,3.172,38,2,5.563,3191
12052,12052,247,247,78,3.1667,27,2,5.296,3191
12053,12053,145,145,46,3.1522,19,2,5.474,3191
12054,12054,222,222,70,3.1714,35,2,2.195,3191
12055,12055,521,521,164,3.1768,42,2,6.444,3190
12056,12056,158,158,50,3.16,20,2,6.478,3190
12057,12057,89,89,28,3.1786,25,2,6.673,3190
12058,12058,93,93,32,2.9062,14,2,6.787,3364
12059,12059,66,66,19,3.4737,20,2,0.0,2870
12060,12060,140,140,41,3.4146,27,2,2.257,2870
12061,12061,0,0,0,0.0,50,2,7.493,3063
12062,12062,150,150,44,3.4091,20,2,3.928,3063
12063,12063,256,256,75,3.4133,15,2,3.437,3063
12064,12064,221,221,65,3.4,19,2,3.178,2870
12065,12065,828,418,122,3.4262,18,2,8.691,3079
12066,12066,414,181,53,3.4151,74,2,8.033,3203
12067,12067,443,443,153,2.8954,20,2,7.225,3343
12068,12068,356,356,123,2.8943,19,2,7.219,3343
12069,12069,118,118,41,2.878,3,2,7.161,3425
12070,12070,323,0,0,0.0,15,2,8.142,3371
12071,12071,863,863,297,2.9057,803,2,7.897,3371
12072,12072,322,322,111,2.9009,34,2,8.523,3425
12073,12073,302,302,115,2.6261,21,5,0.0,3529
12074,12074,61,61,23,2.6522,18,5,0.0,3529
12075,12075,156,156,59,2.6441,29,5,0.0,3616
12076,12076,0,0,0,0.0,45,5,0.0,3616
12077,12077,13,13,5,2.6,14,5,0.0,3616
12078,12078,22,22,8,2.75,30,5,0.0,3687
12079,12079,0,0,0,0.0,47,5,0.0,3687
12080,12080,0,0,0,0.0,91,5,0.0,3687
12081,12081,164,164,62,2.6452,132,5,0.0,3687
12082,12082,91,91,37,2.4595,34,5,4.179,3746
12083,12083,154,154,63,2.4444,11,5,0.0,3681
12084,12084,344,344,141,2.4397,14,5,0.0,3681
12085,12085,204,204,83,2.4578,14,5,0.0,3681
12086,12086,91,91,37,2.4595,0,5,0.0,3649
12087,12087,138,138,56,2.4643,13,5,0.0,3649
12088,12088,215,215,81,2.6543,20,5,0.0,3535
12089,12089,85,85,32,2.6562,13,5,0.0,3535
12090,12090,199,199,81,2.4568,12,5,4.118,3729
12091,12091,115,115,47,2.4468,61,5,4.087,3729
12092,12092,120,120,61,1.9672,49,5,4.576,3781
12093,12093,0,0,0,0.0,95,5,4.633,3781
12094,12094,174,174,88,1.9773,528,5,3.674,3840
12095,12095,105,105,53,1.9811,17,5,4.44,3798
12096,12096,14,14,7,2.0,59,5,5.008,3798
12097,12097,130,130,65,2.0,442,5,0.0,3779
12098,12098,233,233,116,2.0086,55,5,0.0,3779
12099,12099,64,64,32,2.0,108,5,4.798,3779
12100,12100,25,25,12,2.0833,2,5,0.0,3779
12101,12101,22,22,11,2.0,65,5,4.74,3728
12102,12102,62,62,31,2.0,4,5,0.0,3728
12103,12103,226,226,113,2.0,33,5,0.0,3675
12104,12104,0,0,0,0.0,76,5,0.0,3675
12105,12105,29,29,14,2.0714,17,5,0.0,3675
12106,12106,46,46,23,2.0,21,5,0.0,3675
12107,12107,85,85,42,2.0238,18,5,0.0,3675
12108,12108,0,0,0,0.0,173,5,0.0,3691
12109,12109,278,278,139,2.0,29,5,0.0,3595
12110,12110,195,195,97,2.0103,61,5,0.0,3595
12111,12111,2,2,1,2.0,68,5,0.0,3595
12112,12112,0,0,0,0.0,0,5,0.0,3595
12113,12113,100,100,50,2.0,6,5,0.0,3595
12114,12114,31,31,14,2.2143,59,5,0.0,3601
12115,12115,0,0,0,0.0,41,5,0.0,3601
12116,12116,25,25,11,2.2727,60,5,0.0,3645
12117,12117,130,130,59,2.2034,52,5,0.0,3645
12118,12118,88,88,40,2.2,17,5,0.0,3645
12119,12119,84,84,38,2.2105,43,5,0.0,3710
12120,12120,82,82,37,2.2162,14,5,0.0,3710
12121,12121,262,262,120,2.1833,21,5,0.0,3710
12122,12122,374,374,171,2.1871,34,5,0.0,3710
12123,12123,13,13,6,2.1667,592,5,0.0,3710
12124,12124,24,20,9,2.2222,1,5,0.0,3710
12125,12125,88,88,40,2.2,14,5,0.0,3710
12126,12126,271,271,124,2.1855,34,5,0.0,3739
12127,12127,503,503,229,2.1965,32,5,0.0,3739
12128,12128,198,147,67,2.194,148,5,0.0,3739
12129,12129,0,0,0,0.0,118,5,0.0,3739
12130,12130,193,162,74,2.1892,88,5,0.0,3739
12131,12131,169,169,77,2.1948,20,5,0.0,3739
12132,12132,25,25,11,2.2727,1,5,0.0,3710
12133,12133,99,95,44,2.1591,43,5,0.0,3710
12134,12134,163,163,74,2.2027,43,5,0.0,3688
12135,12135,37,37,17,2.1765,13,5,0.0,3688
12136,12136,82,82,37,2.2162,34,5,0.0,3688
12137,12137,110,110,50,2.2,20,5,0.0,3711
12138,12138,69,69,31,2.2258,22,5,0.0,3711
12139,12139,264,264,120,2.2,60,5,0.0,3735
12140,12140,89,89,40,2.225,18,5,0.0,3799
12141,12141,80,80,36,2.2222,22,5,0.0,3799
12142,12142,59,59,27,2.1852,17,5,0.0,3777
12143,12143,264,216,98,2.2041,12,5,0.0,3777
12144,12144,0,0,0,0.0,86,5,0.0,3842
12145,12145,160,160,81,1.9753,21,5,0.0,3842
12146,12146,94,94,47,2.0,23,5,0.0,3842
12147,12147,95,95,48,1.9792,22,5,0.0,3856
12148,12148,8,8,4,2.0,336,5,0.0,3856
12149,12149,248,248,125,1.984,25,5,0.0,3856
12150,12150,78,78,39,2.0,3,5,0.0,3801
12151,12151,360,360,183,1.9672,37,5,0.0,3801
12152,12152,30,30,15,2.0,15,5,0.0,3801
12153,12153,141,120,61,1.9672,48,5,0.0,3762
12154,12154,0,0,0,0.0,34,5,0.0,3762
12155,12155,224,224,113,1.9823,21,5,0.0,3762
12156,12156,0,0,0,0.0,107,5,0.0,3803
12157,12157,377,377,191,1.9738,35,5,0.0,3803
12158,12158,918,918,464,1.9784,255,5,0.0,3803
12159,12159,0,0,0,0.0,156,5,0.0,3830
12160,12160,0,0,0,0.0,619,5,5.001,3850
12161,12161,0,0,0,0.0,0,5,0.0,3865
12162,12162,2,2,1,2.0,132,5,0.0,3912
12163,12163,0,0,0,0.0,101,5,5.411,3850
12164,12164,0,0,0,0.0,87,5,5.427,3850
12165,12165,0,0,0,0.0,93,5,0.0,3896
12166,12166,4,2,1,2.0,186,5,0.0,3912
12167,12167,0,0,0,0.0,61,5,0.0,3940
12168,12168,0,0,0,0.0,43,5,0.0,3913
12169,12169,129,129,43,3.0,13,5,0.0,3891
12170,12170,0,0,0,0.0,110,5,0.0,3898
12171,12171,320,320,107,2.9907,9,5,0.0,3898
12172,12172,60,60,20,3.0,22,5,0.0,3891
12173,12173,60,60,20,3.0,2,5,0.0,3945
12174,12174,66,66,22,3.0,2,5,0.0,3945
12175,12175,21,21,7,3.0,0,5,0.0,3945
12176,12176,54,54,18,3.0,12,5,0.0,3945
12177,12177,214,214,71,3.0141,22,5,0.0,3945
12178,12178,510,510,170,3.0,27,5,0.0,3945
12179,12179,185,184,61,3.0164,5,5,0.0,3945
12180,12180,0,0,0,0.0,123,5,0.0,3989
12181,12181,0,0,0,0.0,511,5,0.0,3989
12182,12182,0,0,0,0.0,381,5,0.0,3993
12183,12183,507,507,189,2.6825,41,3,0.0,3958
12184,12184,53,14,7,2.0,26,5,4.401,3872
12185,12185,76,76,38,2.0,57,5,4.382,3872
12186,12186,12,12,6,2.0,196,5,2.848,3930
12187,12187,44,44,22,2.0,39,5,2.121,3930
12188,12188,32,32,16,2.0,218,5,0.0,3923
12189,12189,12,12,5,2.4,0,5,4.566,3903
12190,12190,72,72,31,2.3226,3,5,4.745,3929
12191,12191,87,87,37,2.3514,14,5,0.0,3990
12192,12192,103,103,44,2.3409,21,5,4.361,3929
12193,12193,21,21,9,2.3333,0,5,3.06,3929
12194,12194,70,70,30,2.3333,17,5,0.0,3972
12195,12195,152,152,76,2.0,19,5,0.0,3991
12196,12196,0,0,0,0.0,3873,5,0.0,3971
12197,12197,10,10,3,3.3333,0,5,0.0,4124
12198,12198,164,164,51,3.2157,24,5,0.0,4082
12199,12199,13,13,4,3.25,1,5,0.0,4082
12200,12200,126,126,42,3.0,18,5,0.0,4124
12201,12201,114,114,38,3.0,4,5,0.0,4124
12202,12202,87,87,29,3.0,3,5,0.0,4124
12203,12203,63,63,22,2.8636,23,5,0.0,4002
12204,12204,73,73,25,2.92,15,5,0.0,4002
12205,12205,187,187,65,2.8769,19,5,0.0,4002
12206,12206,322,322,111,2.9009,36,5,0.0,3952
12207,12207,23,23,8,2.875,81,5,0.0,3952
12208,12208,92,92,32,2.875,17,5,0.0,3952
12209,12209,400,400,113,3.5398,33,5,0.0,3944
12210,12210,272,272,77,3.5325,20,5,0.0,3944
12211,12211,73,73,25,2.92,2,5,0.0,3994
12212,12212,44,44,15,2.9333,1,5,0.0,3994
12213,12213,185,185,64,2.8906,18,5,0.0,3994
12214,12214,117,117,37,3.1622,23,5,0.0,4050
12215,12215,86,86,27,3.1852,28,5,0.0,4050
12216,12216,66,66,21,3.1429,4,5,0.0,4000
12217,12217,76,76,24,3.1667,16,5,0.0,4000
12218,12218,222,222,70,3.1714,25,5,0.0,4000
12219,12219,73,73,23,3.1739,32,5,0.0,4000
12220,12220,180,180,57,3.1579,20,5,0.0,4000
12221,12221,191,148,42,3.5238,86,5,0.0,3931
12222,12222,123,123,42,2.9286,16,5,0.0,3922
12223,12223,226,226,77,2.9351,21,5,0.0,3922
12224,12224,211,211,72,2.9306,19,5,0.0,3922
12225,12225,143,143,49,2.9184,16,5,0.0,3922
12226,12226,460,460,156,2.9487,45,5,0.0,3897
12227,12227,79,79,27,2.9259,208,5,0.0,3897
12228,12228,49,49,17,2.8824,2,5,0.0,3922
12229,12229,41,41,14,2.9286,26,5,0.0,3922
12230,12230,29,29,10,2.9,12,5,0.0,3922
12231,12231,195,195,67,2.9104,175,5,0.0,3973
12232,12232,0,0,0,0.0,73,5,1.847,3904
12233,12233,447,447,192,2.3281,68,5,0.0,3933
12234,12234,91,91,39,2.3333,19,5,0.0,3965
12235,12235,68,68,29,2.3448,2,5,4.783,3899
12236,12236,306,306,132,2.3182,21,5,4.704,3899
12237,12237,13,13,4,3.25,61,5,0.0,4308
12238,12238,843,843,265,3.1811,135,5,0.0,4308
12239,12239,382,382,120,3.1833,59,5,0.0,4308
12240,12240,343,343,115,2.9826,40,5,0.0,4306
12241,12241,336,336,117,2.8718,26,5,0.0,4263
12242,12242,0,0,0,0.0,24,5,0.0,4263
12243,12243,383,383,128,2.9922,23,5,0.0,4263
12244,12244,90,90,30,3.0,16,5,0.0,4258
12245,12245,260,260,87,2.9885,8,5,0.0,4258
12246,12246,229,229,74,3.0946,158,5,0.0,4213
12247,12247,0,0,0,0.0,146,5,0.0,4213
12248,12248,133,133,43,3.093,15,5,0.0,4163
12249,12249,197,197,64,3.0781,19,5,0.0,4163
12250,12250,172,172,56,3.0714,17,5,0.0,4105
12251,12251,67,67,22,3.0455,15,5,0.0,4105
12252,12252,169,169,55,3.0727,5,5,0.0,4131
12253,12253,175,175,57,3.0702,5,5,0.0,4131
12254,12254,133,133,43,3.093,15,5,0.0,4131
12255,12255,611,611,198,3.0859,34,5,0.0,4131
12256,12256,380,380,120,3.1667,42,5,0.0,4068
12257,12257,183,183,58,3.1552,26,5,0.0,4068
12258,12258,95,95,30,3.1667,20,5,0.0,4068
12259,12259,120,120,38,3.1579,34,5,0.0,4000
12260,12260,235,235,74,3.1757,28,5,0.0,4000
12261,12261,396,396,125,3.168,37,5,0.0,4000
12262,12262,19,19,6,3.1667,48,5,0.0,4000
12263,12263,442,442,140,3.1571,46,5,0.0,4015
12264,12264,50,50,16,3.125,3,5,0.0,4015
12265,12265,332,332,105,3.1619,38,5,0.0,4015
12266,12266,185,173,55,3.1455,121,5,0.0,4015
12267,12267,281,281,89,3.1573,33,5,0.0,4015
12268,12268,244,244,77,3.1688,201,5,0.0,4015
12269,12269,192,192,61,3.1475,33,5,0.0,4051
12270,12270,25,25,9,2.7778,27,5,0.0,4048
12271,12271,163,163,60,2.7167,20,5,0.0,4034
12272,12272,125,125,46,2.7174,20,5,0.0,4034
12273,12273,227,227,83,2.7349,28,5,0.0,4048
12274,12274,51,51,19,2.6842,3,5,0.0,4048
12275,12275,119,119,44,2.7045,21,5,0.0,4048
12276,12276,62,62,23,2.6957,22,5,0.0,4034
12277,12277,8,8,3,2.6667,0,5,0.0,4034
12278,12278,27,27,10,2.7,2,5,0.0,4034
12279,12279,46,46,17,2.7059,16,5,0.0,4034
12280,12280,40,40,15,2.6667,14,5,0.0,4103
12281,12281,187,187,69,2.7101,36,5,0.0,4095
12282,12282,136,136,50,2.72,21,5,0.0,4095
12283,12283,74,74,27,2.7407,4,5,0.0,4095
12284,12284,128,128,47,2.7234,19,5,0.0,4103
12285,12285,74,74,27,2.7407,74,5,0.0,4103
12286,12286,139,139,51,2.7255,20,5,0.0,4158
12287,12287,61,61,23,2.6522,14,5,0.0,4057
12288,12288,0,0,0,0.0,349,5,0.0,4014
12289,12289,250,250,119,2.1008,27,5,0.0,4006
12290,12290,254,254,121,2.0992,36,5,0.0,4006
12291,12291,54,48,23,2.087,13,5,0.0,4014
12292,12292,623,623,233,2.6738,70,5,0.0,4023
12293,12293,161,161,54,2.9815,32,5,0.0,4287
12294,12294,327,327,109,3.0,29,5,0.0,4243
12295,12295,332,332,111,2.991,24,5,0.0,4243
12296,12296,3,3,1,3.0,163,5,0.0,4243
12297,12297,217,217,70,3.1,28,5,0.0,4196
12298,12298,157,157,51,3.0784,17,5,0.0,4131
12299,12299,325,299,97,3.0825,23,5,0.0,4160
12300,12300,127,127,41,3.0976,17,5,0.0,4160
12301,12301,432,432,140,3.0857,34,5,0.0,4160
12302,12302,128,128,44,2.9091,30,3,0.0,1395
12303,12303,324,324,111,2.9189,97,3,0.0,1395
12304,12304,172,172,59,2.9153,66,3,0.0,1395
12305,12305,287,287,98,2.9286,29,3,0.0,1395
12306,12306,232,232,77,3.013,39,3,0.0,1322
12307,12307,0,0,0,0.0,0,3,0.0,1468
12308,12308,601,601,206,2.9175,144,3,0.0,1317
12309,12309,237,237,81,2.9259,33,3,0.0,1317
12310,12310,304,304,104,2.9231,86,3,0.0,1317
12311,12311,0,0,0,0.0,1208,3,0.0,859
12312,12312,0,0,0,0.0,1201,3,0.0,827
12313,12313,0,0,0,0.0,144,3,0.0,859
12314,12314,0,0,0,0.0,868,3,0.0,830
12315,12315,0,0,0,0.0,4346,3,0.0,827
12316,12316,0,0,0,0.0,1245,3,0.0,890
12317,12317,1282,1282,593,2.1619,52,3,0.0,890
12318,12318,0,0,0,0.0,17,3,0.0,968
12319,12319,109,109,44,2.4773,16,3,0.0,968
12320,12320,240,240,111,2.1622,19,3,0.0,1009
12321,12321,0,0,0,0.0,154,3,0.0,968
12322,12322,418,418,194,2.1546,37,3,0.0,931
12323,12323,235,235,110,2.1364,17,3,0.0,931
12324,12324,204,204,96,2.125,25,3,0.0,935
12325,12325,398,398,187,2.1283,46,3,0.0,935
12326,12326,229,229,108,2.1204,31,3,0.0,935
12327,12327,375,375,176,2.1307,37,3,0.0,935
12328,12328,147,147,69,2.1304,49,3,0.0,935
12329,12329,0,0,0,0.0,70,3,0.0,1037
12330,12330,267,267,98,2.7245,31,3,0.0,1037
12331,12331,192,192,70,2.7429,28,3,0.0,1100
12332,12332,360,360,132,2.7273,44,3,0.0,1100
12333,12333,272,272,126,2.1587,25,3,0.0,1009
12334,12334,486,486,225,2.16,42,3,0.0,1009
12335,12335,0,0,0,0.0,735,3,0.0,939
12336,12336,418,418,162,2.5802,32,3,0.0,1082
12337,12337,145,145,56,2.5893,30,3,0.0,1093
12338,12338,132,132,51,2.5882,30,3,0.0,1082
12339,12339,177,177,82,2.1585,17,3,0.0,1009
12340,12340,218,218,80,2.725,23,3,0.0,1100
12341,12341,0,0,0,0.0,61,3,0.0,1170
12342,12342,239,239,92,2.5978,30,3,0.0,1185
12343,12343,230,230,89,2.5843,21,3,0.0,1185
12344,12344,93,93,36,2.5833,21,3,0.0,1185
12345,12345,46,46,18,2.5556,24,3,0.0,1185
12346,12346,212,212,82,2.5854,56,3,0.0,1185
12347,12347,0,0,0,0.0,0,3,0.0,1185
12348,12348,339,339,157,2.1592,40,3,0.0,1009
12349,12349,144,144,48,3.0,18,3,0.0,1251
12350,12350,656,656,217,3.023,51,3,0.0,1251
12351,12351,354,354,117,3.0256,32,3,0.0,1322
12352,12352,191,191,63,3.0317,18,3,0.0,1283
12353,12353,296,296,98,3.0204,47,3,0.0,1322
12354,12354,202,202,74,2.7297,36,3,0.0,1187
12355,12355,361,361,132,2.7348,48,3,0.0,1276
12356,12356,251,251,92,2.7283,26,3,0.0,1187
12357,12357,115,115,42,2.7381,20,3,0.0,1276
12358,12358,120,120,44,2.7273,24,3,0.0,1276
12359,12359,0,0,0,0.0,11,3,0.0,1276
12360,12360,87,87,29,3.0,18,3,0.0,1322
12361,12361,408,408,149,2.7383,64,3,0.0,1157
12362,12362,54,54,24,2.25,18,3,0.0,1157
12363,12363,0,0,0,0.0,11,3,0.0,1157
12364,12364,12,12,5,2.4,32,3,0.0,1157
12365,12365,170,170,54,3.1481,32,3,0.0,2862
12366,12366,6,6,2,3.0,0,3,0.0,2849
12367,12367,301,301,95,3.1684,43,3,0.0,2862
12368,12368,174,174,55,3.1636,17,3,0.0,2862
12369,12369,299,299,100,2.99,20,3,0.0,3021
12370,12370,728,728,244,2.9836,35,3,0.0,3021
12371,12371,131,131,44,2.9773,15,3,0.0,3021
12372,12372,0,0,0,0.0,83,3,0.0,3021
12373,12373,284,284,95,2.9895,83,3,0.0,3021
12374,12374,79,79,31,2.5484,3,3,0.0,1038
12375,12375,870,870,342,2.5439,93,3,0.0,1017
12376,12376,0,0,0,0.0,213,3,0.0,1017
12377,12377,224,224,88,2.5455,31,3,0.0,1017
12378,12378,224,224,88,2.5455,21,3,0.0,1017
12379,12379,0,0,0,0.0,12,3,0.0,1017
12380,12380,0,0,0,0.0,0,3,0.0,1017
12381,12381,0,0,0,0.0,1212,3,0.0,901
12382,12382,0,0,0,0.0,340,3,0.0,901
12383,12383,0,0,0,0.0,663,3,0.0,901
12384,12384,318,318,125,2.544,54,3,0.0,1038
12385,12385,189,189,74,2.5541,25,3,0.0,1038
12386,12386,125,125,49,2.551,20,3,0.0,1038
12387,12387,127,127,50,2.54,15,3,0.0,1127
12388,12388,690,690,271,2.5461,72,3,0.0,1127
12389,12389,18,18,5,3.6,10,3,0.0,1351
12390,12390,0,0,0,0.0,72,3,0.0,1204
12391,12391,659,659,190,3.4684,82,3,0.0,1204
12392,12392,517,517,149,3.4698,47,3,0.0,1204
12393,12393,368,368,106,3.4717,38,3,0.0,1127
12394,12394,521,521,150,3.4733,30,3,0.0,1351
12395,12395,101,101,35,2.8857,17,3,0.0,1495
12396,12396,508,508,168,3.0238,59,3,0.0,1351
12397,12397,229,229,66,3.4697,27,3,0.0,1351
12398,12398,426,426,123,3.4634,58,3,0.0,1351
12399,12399,169,169,56,3.0179,19,3,0.0,1351
12400,12400,423,423,142,2.9789,63,5,0.0,4028
12401,12401,0,0,0,0.0,53,5,0.0,4028
12402,12402,410,410,134,3.0597,45,5,0.0,4110
12403,12403,82,82,27,3.037,15,5,0.0,4110
12404,12404,0,0,0,0.0,297,5,0.0,4072
12405,12405,0,0,0,0.0,455,5,0.0,4072
12406,12406,325,325,105,3.0952,26,5,0.0,4115
12407,12407,0,0,0,0.0,56,5,0.0,4115
12408,12408,525,525,170,3.0882,51,5,0.0,4115
12409,12409,0,0,0,0.0,154,5,0.0,4115
12410,12410,111,111,39,2.8462,31,5,0.0,4126
12411,12411,108,108,38,2.8421,24,5,0.0,4126
12412,12412,276,276,97,2.8454,25,5,0.0,4148
12413,12413,86,86,30,2.8667,22,5,0.0,4148
12414,12414,56,56,21,2.6667,20,5,0.0,4133
12415,12415,35,35,13,2.6923,2,5,0.0,4133
12416,12416,85,85,32,2.6562,18,5,0.0,4133
12417,12417,32,32,12,2.6667,20,5,0.0,4083
12418,12418,147,147,55,2.6727,22,5,0.0,4133
12419,12419,129,129,48,2.6875,42,5,0.0,4198
12420,12420,94,94,35,2.6857,19,5,0.0,4198
12421,12421,86,86,30,2.8667,4,5,0.0,4205
12422,12422,59,59,21,2.8095,16,5,0.0,4214
12423,12423,83,83,29,2.8621,37,5,0.0,4214
12424,12424,237,237,87,2.7241,30,5,0.0,4281
12425,12425,310,299,105,2.8476,69,5,0.0,4227
12426,12426,29,29,10,2.9,1,5,0.0,4238
12427,12427,72,72,27,2.6667,14,5,0.0,4132
12428,12428,118,118,44,2.6818,23,5,0.0,4079
12429,12429,53,53,20,2.65,2,5,0.0,4079
12430,12430,138,138,51,2.7059,6,5,0.0,4079
12431,12431,67,67,25,2.68,3,5,0.0,4079
12432,12432,164,156,58,2.6897,25,5,0.0,4066
12433,12433,0,0,0,0.0,137,5,0.0,4066
12434,12434,293,293,110,2.6636,37,5,0.0,4058
12435,12435,401,401,150,2.6733,43,5,0.0,4058
12436,12436,62,62,23,2.6957,3,5,0.0,4058
12437,12437,89,89,33,2.697,3,5,0.0,4058
12438,12438,206,206,77,2.6753,38,5,0.0,4099
12439,12439,51,51,20,2.55,3,5,0.0,4138
12440,12440,0,0,0,0.0,23,5,0.0,4128
12441,12441,120,120,47,2.5532,19,5,0.0,4128
12442,12442,214,214,84,2.5476,38,5,0.0,4167
12443,12443,93,93,37,2.5135,31,5,0.0,4138
12444,12444,0,0,0,0.0,11,5,0.0,4167
12445,12445,0,0,0,0.0,0,5,0.0,4167
12446,12446,207,207,81,2.5556,43,5,0.0,4167
12447,12447,0,0,0,0.0,107,5,0.0,4167
12448,12448,39,39,14,2.7857,10,5,0.0,4146
12449,12449,142,142,53,2.6792,17,5,0.0,4092
12450,12450,103,103,37,2.7838,2,5,0.0,4146
12451,12451,98,98,35,2.8,2,5,0.0,4156
12452,12452,149,149,53,2.8113,15,5,0.0,4156
12453,12453,61,61,22,2.7727,12,5,0.0,4156
12454,12454,85,85,30,2.8333,14,5,0.0,4102
12455,12455,174,174,62,2.8065,3,5,0.0,4026
12456,12456,143,143,51,2.8039,18,5,0.0,4026
12457,12457,122,122,48,2.5417,20,5,0.0,4012
12458,12458,46,29,11,2.6364,64,5,0.0,4012
12459,12459,77,77,30,2.5667,26,5,0.0,4012
12460,12460,198,198,78,2.5385,20,5,0.0,4012
12461,12461,223,223,88,2.5341,19,5,0.0,4035
12462,12462,162,162,64,2.5312,21,5,0.0,4035
12463,12463,61,61,24,2.5417,20,5,0.0,4075
12464,12464,125,125,49,2.551,19,5,0.0,4091
12465,12465,87,87,34,2.5588,21,5,0.0,4091
12466,12466,70,70,25,2.8,15,5,0.0,4040
12467,12467,125,125,49,2.551,43,5,0.0,4091
12468,12468,40,40,16,2.5,13,5,0.0,4091
12469,12469,106,106,42,2.5238,13,5,0.0,4081
12470,12470,96,96,38,2.5263,14,5,0.0,4091
12471,12471,370,370,146,2.5342,44,5,0.0,4081
12472,12472,153,153,60,2.55,20,5,0.0,4142
12473,12473,48,48,19,2.5263,41,5,0.0,4142
12474,12474,89,89,35,2.5429,58,5,0.0,4142
12475,12475,0,0,0,0.0,593,5,0.0,4134
12476,12476,0,0,0,0.0,366,5,0.0,4134
12477,12477,0,0,0,0.0,0,5,0.0,4134
12478,12478,0,0,0,0.0,627,5,0.0,4134
12479,12479,43,43,17,2.5294,15,5,0.0,4091
12480,12480,168,168,66,2.5455,20,5,0.0,4141
12481,12481,58,58,23,2.5217,15,5,0.0,4091
12482,12482,0,0,0,0.0,35,5,0.0,3866
12483,12483,106,106,45,2.3556,18,5,0.0,3866
12484,12484,31,31,13,2.3846,1,5,0.0,3866
12485,12485,151,151,61,2.4754,4,5,0.0,3864
12486,12486,0,0,0,0.0,75,5,0.0,3755
12487,12487,69,69,29,2.3793,14,5,0.0,3755
12488,12488,5,5,2,2.5,36,5,0.0,3755
12489,12489,134,134,55,2.4364,29,5,0.0,3755
12490,12490,192,192,78,2.4615,26,5,0.0,3755
12491,12491,263,263,106,2.4811,18,5,0.0,3755
12492,12492,266,266,107,2.486,17,5,0.0,3755
12493,12493,349,349,141,2.4752,24,5,0.0,3755
12494,12494,482,482,203,2.3744,39,5,0.0,4016
12495,12495,199,199,84,2.369,30,5,0.0,3961
12496,12496,527,527,222,2.3739,43,5,0.0,3961
12497,12497,252,252,90,2.8,47,5,0.0,4054
12498,12498,110,110,46,2.3913,14,5,0.0,4011
12499,12499,320,320,135,2.3704,60,5,0.0,3956
12500,12500,69,69,29,2.3793,81,5,0.0,3864
12501,12501,31,31,13,2.3846,21,5,0.0,3864
12502,12502,0,0,0,0.0,0,5,0.0,3937
12503,12503,561,561,188,2.984,36,5,0.0,3755
12504,12504,0,0,0,0.0,0,5,0.0,3935
12505,12505,356,351,118,2.9746,30,5,0.0,3935
12506,12506,123,123,41,3.0,15,5,0.0,3935
12507,12507,51,51,17,3.0,2,5,0.0,3935
12508,12508,237,237,79,3.0,22,5,0.0,3935
12509,12509,180,180,60,3.0,21,5,0.0,3888
12510,12510,143,143,48,2.9792,109,5,0.0,3888
12511,12511,69,69,23,3.0,3,5,0.0,3906
12512,12512,447,447,151,2.9603,7,3,0.0,3759
12513,12513,205,205,72,2.8472,16,5,0.0,3977
12514,12514,219,219,76,2.8816,20,5,0.0,3977
12515,12515,485,485,155,3.129,48,6,0.0,64
12516,12516,222,222,71,3.1268,19,6,0.0,64
12517,12517,30,13,4,3.25,20,6,0.0,64
12518,12518,74,74,31,2.3871,21,6,3.565,54
12519,12519,111,111,46,2.413,7,6,1.942,62
12520,12520,36,36,15,2.4,3,6,3.646,54
12521,12521,153,153,58,2.6379,57,6,1.897,62
12522,12522,19,19,8,2.375,17,6,1.981,60
12523,12523,21,21,9,2.3333,14,6,1.979,60
12524,12524,21,21,9,2.3333,2,6,2.29,60
12525,12525,0,0,0,0.0,0,6,0.0,60
12526,12526,0,0,0,0.0,14,6,0.0,58
12527,12527,113,113,58,1.9483,48,6,0.0,63
12528,12528,0,0,0,0.0,0,6,0.0,63
12529,12529,85,85,43,1.9767,19,6,0.0,69
12530,12530,34,34,17,2.0,16,6,0.0,69
12531,12531,0,0,0,0.0,0,6,0.0,47
12532,12532,0,0,0,0.0,0,6,0.0,89
12533,12533,256,256,82,3.122,19,6,0.0,76
12534,12534,0,0,0,0.0,771,6,0.0,76
12535,12535,140,140,45,3.1111,16,6,0.0,74
12536,12536,176,137,44,3.1136,17,6,0.0,74
12537,12537,266,266,85,3.1294,9,6,0.0,84
12538,12538,470,470,150,3.1333,50,6,0.0,84
12539,12539,507,507,217,2.3364,100,6,0.0,61
12540,12540,131,131,56,2.3393,22,6,0.0,67
12541,12541,98,98,42,2.3333,19,6,0.0,73
12542,12542,407,407,115,3.5391,55,3,0.0,2194
12543,12543,557,557,158,3.5253,64,3,0.0,2136
12544,12544,158,158,45,3.5111,22,3,0.0,2231
12545,12545,131,131,37,3.5405,24,3,0.0,2136
12546,12546,99,99,28,3.5357,6,3,0.0,2231
12547,12547,0,0,0,0.0,138,3,0.0,2136
12548,12548,103,103,29,3.5517,19,3,0.0,2231
12549,12549,106,106,30,3.5333,18,3,0.0,2231
12550,12550,177,177,50,3.54,23,3,0.0,2231
12551,12551,464,464,165,2.8121,46,3,0.0,1884
12552,12552,293,293,104,2.8173,22,3,0.0,1884
12553,12553,0,0,0,0.0,1989,3,0.0,1884
12554,12554,267,267,89,3.0,21,3,0.0,2304
12555,12555,96,96,32,3.0,13,3,0.0,2304
12556,12556,117,117,39,3.0,3,3,0.0,2304
12557,12557,93,93,31,3.0,16,3,0.0,2304
12558,12558,255,255,85,3.0,19,3,0.0,2304
12559,12559,236,236,74,3.1892,20,3,0.0,2267
12560,12560,405,405,127,3.189,32,3,0.0,2267
12561,12561,564,564,177,3.1864,50,3,0.0,2267
12562,12562,299,299,94,3.1809,23,3,0.0,2249
12563,12563,245,245,77,3.1818,22,3,0.0,2249
12564,12564,70,70,22,3.1818,3,3,0.0,2331
12565,12565,58,58,18,3.2222,2,3,0.0,2331
12566,12566,341,341,107,3.1869,35,3,0.0,2331
12567,12567,635,635,211,3.0095,39,3,0.0,2405
12568,12568,423,423,141,3.0,24,3,0.0,2405
12569,12569,418,418,139,3.0072,44,3,0.0,2405
12570,12570,0,0,0,0.0,39,3,0.0,2484
12571,12571,480,480,160,3.0,26,3,0.0,2484
12572,12572,89,89,28,3.1786,16,3,0.0,2249
12573,12573,334,334,105,3.181,27,3,0.0,2249
12574,12574,287,287,90,3.1889,59,3,0.0,2249
12575,12575,449,449,141,3.1844,54,3,0.0,2249
12576,12576,276,276,92,3.0,20,3,0.0,2443
12577,12577,193,193,64,3.0156,16,3,0.0,2545
12578,12578,291,291,97,3.0,26,3,0.0,2545
12579,12579,96,96,32,3.0,19,3,0.0,2545
12580,12580,138,138,46,3.0,14,3,0.0,2545
12581,12581,0,0,0,0.0,25,3,0.0,2680
12582,12582,1122,1122,473,2.3721,66,3,0.0,2680
12583,12583,396,396,167,2.3713,25,3,0.0,2680
12584,12584,19,0,0,0.0,66,3,0.0,2671
12585,12585,220,220,93,2.3656,28,3,0.0,2671
12586,12586,0,0,0,0.0,89,3,0.0,2671
12587,12587,132,132,49,2.6939,15,3,0.0,2532
12588,12588,78,78,29,2.6897,3,3,0.0,2532
12589,12589,54,54,20,2.7,2,3,0.0,2548
12590,12590,129,129,48,2.6875,4,3,0.0,2548
12591,12591,640,640,239,2.6778,60,3,0.0,2615
12592,12592,169,169,63,2.6825,16,3,0.0,2615
12593,12593,0,0,0,0.0,184,3,0.0,2615
12594,12594,225,225,84,2.6786,58,3,0.0,2532
12595,12595,315,315,118,2.6695,20,3,0.0,2548
12596,12596,120,120,45,2.6667,3,3,0.0,2548
12597,12597,0,0,0,0.0,0,3,0.0,2548
12598,12598,361,361,135,2.6741,23,3,0.0,2427
12599,12599,0,0,0,0.0,79,3,0.0,2427
12600,12600,0,0,0,0.0,0,3,0.0,2427
12601,12601,282,282,105,2.6857,24,3,0.0,2427
12602,12602,96,96,36,2.6667,18,3,0.0,2427
12603,12603,99,99,37,2.6757,22,3,0.0,2400
12604,12604,268,268,100,2.68,33,3,0.0,2400
12605,12605,67,67,25,2.68,18,3,0.0,2400
12606,12606,0,0,0,0.0,12,3,0.0,901
12607,12607,0,0,0,0.0,1070,3,0.0,901
12608,12608,0,0,0,0.0,1044,3,0.0,901
12609,12609,318,318,132,2.4091,38,3,0.0,1071
12610,12610,161,161,67,2.403,69,3,0.0,1106
12611,12611,356,356,148,2.4054,51,3,0.0,1008
12612,12612,0,0,0,0.0,106,3,0.0,1008
12613,12613,0,0,0,0.0,54,3,0.0,1146
12614,12614,252,252,105,2.4,87,3,0.0,1106
12615,12615,0,0,0,0.0,0,3,0.0,1106
12616,12616,273,273,119,2.2941,52,5,0.0,4289
12617,12617,0,0,0,0.0,255,5,0.0,4289
12618,12618,942,942,347,2.7147,77,5,0.0,4270
12619,12619,965,965,355,2.7183,84,5,0.0,4270
12620,12620,0,0,0,0.0,308,5,0.0,4232
12621,12621,0,0,0,0.0,229,5,0.0,4209
12622,12622,304,304,114,2.6667,283,5,0.0,4264
12623,12623,0,0,0,0.0,141,5,0.0,4232
12624,12624,546,546,205,2.6634,50,5,0.0,4255
12625,12625,347,347,130,2.6692,24,5,0.0,4255
12626,12626,122,122,46,2.6522,17,5,0.0,4255
12627,12627,301,301,113,2.6637,29,5,0.0,4255
12628,12628,453,453,170,2.6647,36,5,0.0,4255
12629,12629,0,0,0,0.0,74,5,0.0,4201
12630,12630,5,5,2,2.5,450,5,0.0,4183
12631,12631,0,0,0,0.0,125,5,0.0,4201
12632,12632,0,0,0,0.0,100,5,0.0,4231
12633,12633,0,0,0,0.0,32,5,0.0,4231
12634,12634,0,0,0,0.0,285,5,0.0,4231
12635,12635,8,8,3,2.6667,0,5,0.0,4171
12636,12636,77,77,29,2.6552,15,5,0.0,4171
12637,12637,177,177,67,2.6418,53,5,0.0,4171
12638,12638,232,232,88,2.6364,35,5,0.0,4171
12639,12639,62,62,24,2.5833,3,5,0.0,4154
12640,12640,31,31,12,2.5833,11,5,0.0,4154
12641,12641,67,67,26,2.5769,20,5,0.0,4193
12642,12642,81,81,31,2.6129,41,5,0.0,4240
12643,12643,112,112,43,2.6047,19,5,0.0,4296
12644,12644,10,10,4,2.5,10,5,0.0,4330
12645,12645,76,76,29,2.6207,14,5,0.0,4296
12646,12646,0,0,0,0.0,69,5,0.0,4252
12647,12647,589,589,156,3.7756,167,5,0.0,4252
12648,12648,322,322,85,3.7882,19,5,0.0,4252
12649,12649,168,168,59,2.8475,27,5,0.0,4265
12650,12650,289,289,102,2.8333,75,5,0.0,4265
12651,12651,0,0,0,0.0,137,5,0.0,4340
12652,12652,363,363,130,2.7923,46,5,0.0,4340
12653,12653,232,232,88,2.6364,117,5,0.0,4235
12654,12654,60,60,23,2.6087,22,5,0.0,4235
12655,12655,340,340,129,2.6357,30,5,0.0,4294
12656,12656,18,18,7,2.5714,14,5,0.0,4294
12657,12657,66,66,25,2.64,12,5,0.0,4294
12658,12658,140,140,53,2.6415,34,5,0.0,4294
12659,12659,742,742,260,2.8538,63,5,0.0,4361
12660,12660,110,110,39,2.8205,20,5,0.0,4392
12661,12661,65,65,23,2.8261,1,5,0.0,4392
12662,12662,297,297,95,3.1263,81,5,0.0,4362
12663,12663,212,212,68,3.1176,21,5,0.0,4362
12664,12664,456,456,146,3.1233,37,5,0.0,4362
12665,12665,602,602,193,3.1192,52,5,0.0,4387
12666,12666,674,674,216,3.1204,50,5,0.0,4389
12667,12667,271,271,89,3.0449,46,5,0.0,4389
12668,12668,185,185,61,3.0328,59,5,0.0,4389
12669,12669,550,550,181,3.0387,49,5,0.0,4387
12670,12670,446,446,169,2.6391,39,5,0.0,4358
12671,12671,0,0,0,0.0,21,5,0.0,4358
12672,12672,10,10,4,2.5,94,5,0.0,4326
12673,12673,374,374,142,2.6338,66,5,0.0,4326
12674,12674,13,13,5,2.6,101,5,0.0,4326
12675,12675,0,0,0,0.0,12,5,0.0,4326
12676,12676,0,0,0,0.0,0,2,0.077,2238
12677,12677,238,238,120,1.9833,645,5,3.891,3840
12678,12678,0,0,0,0.0,0,4,0.0,4582
12679,12679,0,0,0,0.0,0,4,0.0,4582
12680,12680,0,0,0,0.0,0,4,0.0,4582
12681,12681,0,0,0,0.0,0,4,0.0,4549
12682,12682,56,0,0,0.0,15,5,2.866,3930
12683,12683,0,0,0,0.0,28,5,3.989,3870
12684,12684,4,4,2,2.0,70,5,3.987,3870
12685,12685,0,0,0,0.0,72,5,3.92,3870
12686,12686,0,0,0,0.0,0,2,8.869,3216
12687,12687,0,0,0,0.0,11,2,8.017,3216
12688,12688,0,0,0,0.0,0,2,8.756,3216
12689,12689,0,0,0,0.0,14,2,8.394,3216
12690,12690,0,0,0,0.0,39,2,8.58,3216
12691,12691,0,0,0,0.0,8054,2,8.148,3216
12692,12692,0,0,0,0.0,22,2,7.612,2134
12693,12693,0,0,0,0.0,0,2,13.609,2064
12694,12694,0,0,0,0.0,16,2,11.954,2064
12695,12695,0,0,0,0.0,67,2,10.726,2064
12696,12696,0,0,0,0.0,489,2,11.494,2064
12697,12697,0,0,0,0.0,377,2,9.4,2064
12698,12698,0,0,0,0.0,0,2,6.953,2064
12699,12699,0,0,0,0.0,0,2,11.757,1227
12700,12700,0,0,0,0.0,0,2,0.0,1227
12701,12701,0,0,0,0.0,266,2,12.158,1227
12702,12702,0,0,0,0.0,154,2,2.777,1385
12703,12703,0,0,0,0.0,4388,2,2.297,1385
12704,12704,0,0,0,0.0,0,2,2.464,1385
12705,12705,0,0,0,0.0,728,2,2.394,1385
12706,12706,1469,0,0,0.0,2,3,7.933,810
12707,12707,0,0,0,0.0,1414,3,6.906,810
12708,12708,0,0,0,0.0,0,3,2.901,980
12709,12709,0,0,0,0.0,0,3,3.443,898
12710,12710,0,0,0,0.0,0,3,5.388,952
12711,12711,3017,0,0,0.0,1502,3,6.173,952
12712,12712,0,0,0,0.0,1414,3,5.678,952
12713,12713,3777,0,0,0.0,5,3,5.889,952
12714,12714,0,0,0,0.0,0,3,4.888,1255
12715,12715,211,211,69,3.058,12,5,0.0,4059
12716,12716,0,0,0,0.0,124,5,0.0,4059
12717,12717,224,224,73,3.0685,23,5,0.0,4072
12718,12718,0,0,0,0.0,86,5,0.0,4104
12719,12719,0,0,0,0.0,312,5,0.0,4104
12720,12720,0,0,0,0.0,112,5,0.0,4104
12721,12721,2,0,0,0.0,72,5,0.0,4104
12722,12722,0,0,0,0.0,453,5,0.0,4125
12723,12723,6,6,2,3.0,68,5,0.0,4036
12724,12724,0,0,0,0.0,422,5,0.0,4088
12725,12725,368,368,130,2.8308,36,5,0.0,4088
12726,12726,0,0,0,0.0,132,5,0.0,4088
12727,12727,485,485,171,2.8363,19,5,0.0,4088
12728,12728,0,0,0,0.0,69,5,0.0,4109
12729,12729,101,27,10,2.7,313,5,0.0,4109
12730,12730,83,83,30,2.7667,11,5,0.0,4109
12731,12731,0,0,0,0.0,85,5,0.0,4109
12732,12732,248,248,109,2.2752,35,5,0.0,4164
12733,12733,60,60,21,2.8571,13,5,0.0,4109
12734,12734,251,251,89,2.8202,16,5,0.0,4039
12735,12735,178,178,63,2.8254,52,5,0.0,4085
12736,12736,114,114,40,2.85,14,5,0.0,4085
12737,12737,134,134,47,2.8511,14,5,0.0,4085
12738,12738,0,0,0,0.0,259,5,0.0,4106
12739,12739,0,0,0,0.0,65,5,0.0,4106
12740,12740,0,0,0,0.0,82,5,0.0,4106
12741,12741,105,105,38,2.7632,13,5,0.0,4054
12742,12742,0,0,0,0.0,0,5,0.0,4165
12743,12743,466,466,171,2.7251,31,5,0.0,4165
12744,12744,464,350,128,2.7344,263,5,0.0,4165
12745,12745,0,0,0,0.0,551,5,0.0,4157
12746,12746,0,0,0,0.0,155,5,0.0,4169
12747,12747,140,140,50,2.8,14,5,0.0,4040
12748,12748,0,0,0,0.0,535,5,0.0,4197
12749,12749,170,170,74,2.2973,26,5,0.0,4164
12750,12750,0,0,0,0.0,88,5,0.0,4164
12751,12751,124,124,54,2.2963,153,5,0.0,4164
12752,12752,344,344,150,2.2933,50,5,0.0,4164
12753,12753,35,35,15,2.3333,1,5,0.0,4202
12754,12754,294,294,128,2.2969,47,5,0.0,4202
12755,12755,0,0,0,0.0,73,5,0.0,4202
12756,12756,0,0,0,0.0,0,5,0.0,4147
12757,12757,86,86,38,2.2632,51,5,0.0,4190
12758,12758,93,93,41,2.2683,21,5,0.0,4190
12759,12759,7,7,3,2.3333,75,5,0.0,4190
12760,12760,12,12,5,2.4,140,5,0.0,4182
12761,12761,0,0,0,0.0,241,5,0.0,4182
12762,12762,98,98,43,2.2791,15,5,0.0,4182
12763,12763,24,24,9,2.6667,175,5,0.0,4195
12764,12764,37,37,16,2.3125,17,5,0.0,4228
12765,12765,0,0,0,0.0,342,5,0.0,4259
12766,12766,78,78,34,2.2941,65,5,0.0,4228
12767,12767,39,39,17,2.2941,198,5,0.0,4228
12768,12768,75,75,33,2.2727,97,5,0.0,4259
12769,12769,86,86,38,2.2632,21,5,0.0,4259
12770,12770,0,0,0,0.0,766,5,0.0,4224
12771,12771,0,0,0,0.0,230,5,0.0,4203
12772,12772,63,63,26,2.4231,17,3,0.0,1106
12773,12773,197,197,82,2.4024,37,3,0.0,1106
12774,12774,0,0,0,0.0,0,3,0.0,1106
12775,12775,0,0,0,0.0,0,3,0.0,1106
12776,12776,0,0,0,0.0,0,3,0.0,838
12777,12777,10,10,4,2.5,0,3,0.0,872
12778,12778,0,0,0,0.0,1116,3,0.0,838
12779,12779,0,0,0,0.0,1195,3,0.0,838
12780,12780,0,0,0,0.0,0,3,0.0,978
12781,12781,0,0,0,0.0,1098,3,0.0,860
12782,12782,0,0,0,0.0,765,3,5.014,841
12783,12783,0,0,0,0.0,601,3,0.0,841
12784,12784,201,201,84,2.3929,27,3,0.0,1071
12785,12785,58,58,24,2.4167,16,3,0.0,1146
12786,12786,317,317,105,3.019,24,3,0.0,1146
12787,12787,0,0,0,0.0,480,3,0.0,1146
12788,12788,262,262,87,3.0115,21,3,0.0,1351
12789,12789,0,0,0,0.0,0,3,0.0,1330
12790,12790,0,0,0,0.0,76,3,0.0,1071
12791,12791,0,0,0,0.0,798,3,0.0,1173
12792,12792,0,0,0,0.0,591,3,0.0,1173
12793,12793,0,0,0,0.0,0,3,0.0,1330
12794,12794,0,0,0,0.0,730,3,0.0,1183
12795,12795,0,0,0,0.0,366,3,0.0,1173
12796,12796,0,0,0,0.0,0,3,0.0,1413
12797,12797,0,0,0,0.0,0,3,0.0,1279
12798,12798,0,0,0,0.0,955,3,0.0,1279
12799,12799,0,0,0,0.0,1652,3,0.0,1284
12800,12800,0,0,0,0.0,0,3,0.0,1284
12801,12801,624,624,243,2.5679,57,3,0.0,1299
12802,12802,0,0,0,0.0,334,3,0.0,1396
12803,12803,0,0,0,0.0,703,3,0.0,1364
12804,12804,0,0,0,0.0,604,3,0.0,1396
12805,12805,21,21,7,3.0,1,3,0.0,1495
12806,12806,116,116,40,2.9,24,3,0.0,1495
12807,12807,84,84,29,2.8966,17,3,0.0,1495
12808,12808,111,111,38,2.9211,17,3,0.0,1495
12809,12809,134,134,46,2.913,23,3,0.0,1495
12810,12810,118,118,39,3.0256,13,3,0.0,1530
12811,12811,179,179,59,3.0339,50,3,0.0,1530
12812,12812,106,106,35,3.0286,17,3,0.0,1530
12813,12813,341,341,113,3.0177,42,3,0.0,1351
12814,12814,0,0,0,0.0,0,3,0.0,1881
12815,12815,0,0,0,0.0,99,3,0.0,1955
12816,12816,0,0,0,0.0,0,3,0.0,2111
12817,12817,136,136,48,2.8333,14,3,0.0,1955
12818,12818,307,307,109,2.8165,22,3,0.0,1955
12819,12819,141,141,48,2.9375,18,3,0.0,1955
12820,12820,284,284,111,2.5586,49,3,0.0,1865
12821,12821,102,102,40,2.55,28,3,0.0,1865
12822,12822,377,377,148,2.5473,44,3,0.0,1865
12823,12823,163,163,64,2.5469,16,3,0.0,2101
12824,12824,0,0,0,0.0,0,3,0.0,2031
12825,12825,110,110,43,2.5581,23,3,0.0,2031
12826,12826,0,0,0,0.0,50,3,0.0,2101
12827,12827,168,168,66,2.5455,18,3,0.0,2031
12828,12828,362,362,142,2.5493,24,3,0.0,2031
12829,12829,311,311,122,2.5492,45,3,0.0,2031
12830,12830,212,212,83,2.5542,20,3,0.0,2031
12831,12831,0,0,0,0.0,0,3,0.0,2194
12832,12832,5,0,0,0.0,0,3,0.0,2194
12833,12833,99,99,28,3.5357,17,3,0.0,2274
12834,12834,497,497,141,3.5248,42,3,0.0,2274
12835,12835,304,304,101,3.0099,20,3,0.0,2546
12836,12836,174,174,58,3.0,3,3,0.0,2546
12837,12837,0,0,0,0.0,0,3,0.0,2546
12838,12838,177,177,59,3.0,17,3,0.0,2460
12839,12839,251,251,84,2.9881,33,3,0.0,2546
12840,12840,0,0,0,0.0,57,3,0.0,2460
12841,12841,108,108,37,2.9189,45,3,0.0,2780
12842,12842,0,0,0,0.0,84,3,0.0,2780
12843,12843,0,0,0,0.0,457,3,0.0,2567
12844,12844,0,0,0,0.0,0,3,0.0,2567
12845,12845,5,3,1,3.0,35,3,0.0,2545
12846,12846,0,0,0,0.0,24,3,0.0,1884
12847,12847,88,88,25,3.52,5,3,0.0,2194
12848,12848,64,64,18,3.5556,3,3,0.0,2231
12849,12849,155,155,44,3.5227,44,3,0.0,2194
12850,12850,7,7,2,3.5,86,3,0.0,2194
12851,12851,188,188,53,3.5472,26,3,0.0,2231
12852,12852,229,229,76,3.0132,28,3,0.0,2304
12853,12853,158,158,53,2.9811,4,3,0.0,2304
12854,12854,295,295,98,3.0102,32,3,0.0,2304
12855,12855,84,84,24,3.5,15,3,0.0,2194
12856,12856,505,505,143,3.5315,59,3,0.0,2231
12857,12857,0,0,0,0.0,0,3,3.795,1102
12858,12858,338,338,119,2.8403,39,5,0.0,4349
12859,12859,377,377,133,2.8346,136,5,0.0,4349
12860,12860,37,37,13,2.8462,12,5,0.0,4349
12861,12861,567,567,200,2.835,52,5,0.0,4309
12862,12862,186,186,66,2.8182,43,5,0.0,4349
12863,12863,523,523,186,2.8118,115,5,0.0,4384
12864,12864,326,326,116,2.8103,27,5,0.0,4384
12865,12865,213,213,76,2.8026,78,5,0.0,4384
12866,12866,459,459,163,2.816,34,5,0.0,4391
12867,12867,360,360,128,2.8125,22,5,0.0,4391
12868,12868,287,287,83,3.4578,27,5,0.0,4409
12869,12869,664,664,192,3.4583,71,5,0.0,4409
12870,12870,142,142,41,3.4634,17,5,0.0,4409
12871,12871,374,374,108,3.463,24,5,0.0,4409
12872,12872,277,277,80,3.4625,21,5,0.0,4409
12873,12873,766,766,272,2.8162,147,5,0.0,4415
12874,12874,464,464,165,2.8121,49,5,0.0,4448
12875,12875,522,481,171,2.8129,49,5,0.0,4448
12876,12876,312,312,111,2.8108,26,5,0.0,4448
12877,12877,0,0,0,0.0,34,5,0.0,4448
12878,12878,0,0,0,0.0,201,5,0.0,4448
12879,12879,102,0,0,0.0,157,5,0.0,4476
12880,12880,0,0,0,0.0,94,5,0.0,4470
12881,12881,223,223,74,3.0135,11,5,0.0,4492
12882,12882,0,0,0,0.0,116,5,0.0,4502
12883,12883,36,36,12,3.0,2,5,0.0,4502
12884,12884,114,114,40,2.85,16,5,0.0,4312
12885,12885,0,0,0,0.0,88,5,0.0,4350
12886,12886,1512,1512,541,2.7948,76,5,0.0,4336
12887,12887,830,830,297,2.7946,39,5,0.0,4336
12888,12888,325,325,116,2.8017,50,5,0.0,4336
12889,12889,109,109,39,2.7949,17,5,0.0,4364
12890,12890,288,288,92,3.1304,34,5,0.0,4338
12891,12891,203,203,65,3.1231,16,5,0.0,4338
12892,12892,454,454,145,3.131,32,5,0.0,4343
12893,12893,271,271,95,2.8526,17,5,0.0,4319
12894,12894,202,202,73,2.7671,4,5,0.0,4333
12895,12895,94,69,25,2.76,120,5,0.0,4369
12896,12896,405,405,129,3.1395,27,5,0.0,4338
12897,12897,145,145,46,3.1522,2,5,0.0,4343
12898,12898,242,242,77,3.1429,16,5,0.0,4343
12899,12899,12,12,4,3.0,0,5,0.0,4343
12900,12900,91,91,30,3.0333,19,5,0.0,4385
12901,12901,402,402,135,2.9778,33,5,0.0,4394
12902,12902,403,403,134,3.0075,28,5,0.0,4378
12903,12903,9,9,3,3.0,74,5,0.0,4378
12904,12904,371,371,124,2.9919,22,5,0.0,4394
12905,12905,154,154,52,2.9615,17,5,0.0,4394
12906,12906,370,370,107,3.4579,29,5,0.0,4390
12907,12907,623,623,180,3.4611,44,5,0.0,4390
12908,12908,25,25,7,3.5714,12,5,0.0,4390
12909,12909,84,84,24,3.5,15,5,0.0,4390
12910,12910,499,499,144,3.4653,57,5,0.0,4390
12911,12911,125,125,36,3.4722,27,5,0.0,4390
12912,12912,658,658,190,3.4632,46,5,0.0,4390
12913,12913,41,41,12,3.4167,1,5,0.0,4429
12914,12914,7,7,2,3.5,87,5,0.0,4429
12915,12915,128,128,37,3.4595,20,5,0.0,4429
12916,12916,77,77,22,3.5,16,5,0.0,4429
12917,12917,182,182,61,2.9836,4,5,0.0,4425
12918,12918,63,63,23,2.7391,18,5,0.0,4453
12919,12919,69,69,25,2.76,19,5,0.0,4453
12920,12920,0,0,0,0.0,172,5,0.0,4469
12921,12921,0,0,0,0.0,27,5,0.0,4469
12922,12922,214,214,62,3.4516,59,5,0.0,4496
12923,12923,25,25,8,3.125,96,5,0.0,4484
12924,12924,452,452,153,2.9542,80,5,0.0,4484
12925,12925,160,160,54,2.963,17,5,0.0,4484
12926,12926,50,50,17,2.9412,82,5,0.0,4484
12927,12927,125,125,42,2.9762,85,5,0.0,4484
12928,12928,172,172,58,2.9655,34,5,0.0,4477
12929,12929,166,166,56,2.9643,88,5,0.0,4477
12930,12930,119,119,41,2.9024,68,5,0.0,4501
12931,12931,52,52,18,2.8889,31,5,0.0,4501
12932,12932,91,91,31,2.9355,3,5,0.0,4501
12933,12933,322,0,0,0.0,769,5,0.0,4537
12934,12934,59,59,20,2.95,13,5,0.0,4515
12935,12935,181,181,61,2.9672,6,5,0.0,4515
12936,12936,125,125,42,2.9762,3,5,0.0,4515
12937,12937,137,137,46,2.9783,15,5,0.0,4515
12938,12938,128,128,43,2.9767,15,5,0.0,4515
12939,12939,0,0,0,0.0,210,5,0.0,4537
12940,12940,2,2,1,2.0,141,5,0.0,4555
12941,12941,462,462,163,2.8344,40,5,0.0,4555
12942,12942,237,237,80,2.9625,35,5,0.0,4510
12943,12943,32,27,9,3.0,34,5,0.0,4565
12944,12944,135,135,45,3.0,6,5,0.0,4565
12945,12945,289,289,84,3.4405,40,5,0.0,4517
12946,12946,409,409,119,3.437,35,5,0.0,4517
12947,12947,321,215,75,2.8667,41,5,0.0,4517
12948,12948,124,124,41,3.0244,17,5,0.0,4527
12949,12949,263,263,87,3.023,58,5,0.0,4527
12950,12950,36,36,12,3.0,14,5,0.0,4527
12951,12951,82,66,22,3.0,22,5,0.0,4527
12952,12952,108,108,36,3.0,56,5,0.0,4580
12953,12953,84,84,28,3.0,16,5,0.0,4592
12954,12954,132,132,44,3.0,28,5,0.0,4608
12955,12955,42,42,14,3.0,15,5,0.0,4608
12956,12956,18,18,6,3.0,0,5,0.0,4609
12957,12957,72,72,24,3.0,47,5,0.0,4609
12958,12958,399,399,134,2.9776,33,5,0.0,4556
12959,12959,375,375,125,3.0,70,5,0.0,4505
12960,12960,237,237,79,3.0,33,5,0.0,4505
12961,12961,519,519,173,3.0,68,5,0.0,4505
12962,12962,152,152,51,2.9804,24,5,0.0,4505
12963,12963,0,0,0,0.0,615,5,0.0,4323
12964,12964,0,0,0,0.0,395,5,0.0,4323
12965,12965,0,0,0,0.0,0,5,0.0,4276
12966,12966,0,0,0,0.0,801,5,0.0,4323
12967,12967,0,0,0,0.0,153,5,0.0,4323
12968,12968,0,0,0,0.0,1207,3,0.415,2264
12969,12969,347,347,197,1.7614,54,3,0.0,1936
12970,12970,0,0,0,0.0,0,3,0.0,2118
12971,12971,0,0,0,0.0,167,3,0.0,2118
12972,12972,0,0,0,0.0,1359,3,0.0,2236
12973,12973,0,0,0,0.0,2552,3,0.0,2432
12974,12974,7,7,4,1.75,1707,3,0.0,2432
12975,12975,0,0,0,0.0,1374,3,0.0,2468
12976,12976,0,0,0,0.0,0,3,0.0,2381
12977,12977,0,0,0,0.0,0,3,0.0,2381
12978,12978,0,0,0,0.0,1309,3,0.0,2361
12979,12979,0,0,0,0.0,0,3,0.0,2485
12980,12980,596,596,339,1.7581,84,3,0.0,2318
12981,12981,745,745,423,1.7612,50,3,0.0,2318
12982,12982,0,0,0,0.0,2944,3,0.0,2361
12983,12983,654,654,338,1.9349,64,3,0.0,2089
12984,12984,0,0,0,0.0,13,1,22.475,1819
12985,12985,44,44,32,1.375,93,1,23.245,1819
12986,12986,208,208,108,1.9259,23,3,0.0,1904
12987,12987,0,0,0,0.0,647,3,0.0,1951
12988,12988,0,0,0,0.0,206,3,0.0,1892
12989,12989,0,0,0,0.0,0,3,0.0,1892
12990,12990,1188,1188,478,2.4854,12,3,0.0,2122
12991,12991,0,0,0,0.0,97,3,0.0,2219
12992,12992,0,0,0,0.0,0,3,0.0,2219
12993,12993,0,0,0,0.0,0,3,0.0,2170
12994,12994,0,0,0,0.0,0,3,0.0,2122
12995,12995,19,19,10,1.9,28,6,0.0,79
12996,12996,42,42,18,2.3333,14,6,0.0,73
12997,12997,35,35,15,2.3333,3,6,0.0,67
12998,12998,87,87,37,2.3514,16,6,0.0,67
12999,12999,96,96,41,2.3415,6,6,0.0,67
13000,13000,132,132,57,2.3158,59,6,0.0,73
13001,13001,177,177,68,2.6029,21,6,0.0,90
13002,13002,42,42,16,2.625,15,6,0.0,90
13003,13003,249,249,127,1.9606,68,6,0.0,79
13004,13004,55,55,28,1.9643,19,6,0.0,87
13005,13005,12,12,6,2.0,12,6,0.0,87
13006,13006,28,28,11,2.5455,22,6,0.0,90
13007,13007,59,59,23,2.5652,14,6,0.0,90
13008,13008,637,637,202,3.1535,54,3,0.0,2439
13009,13009,186,186,69,2.6957,25,3,0.0,2506
13010,13010,1849,1849,689,2.6836,98,3,0.0,2494
13011,13011,2143,2143,798,2.6855,61,3,0.0,2494
13012,13012,0,0,0,0.0,108,3,0.0,2494
13013,13013,197,197,61,3.2295,22,3,0.0,2445
13014,13014,209,209,65,3.2154,24,3,0.0,2445
13015,13015,203,203,63,3.2222,28,3,0.0,2445
13016,13016,0,0,0,0.0,272,3,0.0,2438
13017,13017,139,139,43,3.2326,15,3,0.0,2388
13018,13018,19,0,0,0.0,0,3,0.0,2388
13019,13019,316,316,98,3.2245,32,3,0.0,2325
13020,13020,52,52,16,3.25,1,3,0.0,2325
13021,13021,383,383,119,3.2185,27,3,0.0,2325
13022,13022,42,42,13,3.2308,12,3,0.0,2325
13023,13023,10,10,3,3.3333,0,3,0.0,2123
13024,13024,156,156,48,3.25,17,3,0.0,2123
13025,13025,0,0,0,0.0,0,3,0.0,2123
13026,13026,360,360,110,3.2727,26,3,0.0,2096
13027,13027,251,251,77,3.2597,22,3,0.0,2123
13028,13028,88,88,27,3.2593,17,3,0.0,2123
13029,13029,417,417,119,3.5042,35,3,0.0,2163
13030,13030,474,474,136,3.4853,24,3,0.0,2163
13031,13031,510,510,146,3.4932,31,3,0.0,2139
13032,13032,0,0,0,0.0,247,3,0.0,2217
13033,13033,0,0,0,0.0,143,3,0.0,2217
13034,13034,0,0,0,0.0,318,3,0.0,2153
13035,13035,0,0,0,0.0,184,3,0.0,2153
13036,13036,0,0,0,0.0,459,3,0.0,2153
13037,13037,245,245,70,3.5,50,3,0.0,2103
13038,13038,419,419,120,3.4917,20,3,0.0,2043
13039,13039,273,273,78,3.5,16,3,0.0,2043
13040,13040,0,0,0,0.0,94,3,0.0,1956
13041,13041,343,343,114,3.0088,21,3,0.0,1736
13042,13042,123,123,41,3.0,21,3,0.0,1736
13043,13043,135,135,45,3.0,23,3,0.0,1736
13044,13044,238,238,79,3.0127,37,3,0.0,1736
13045,13045,39,39,13,3.0,11,3,0.0,1736
13046,13046,334,334,111,3.009,20,3,0.0,1917
13047,13047,132,132,44,3.0,14,3,0.0,1956
13048,13048,103,103,34,3.0294,15,3,0.0,1917
13049,13049,84,84,28,3.0,13,3,0.0,1956
13050,13050,225,225,75,3.0,22,3,0.0,1917
13051,13051,0,0,0,0.0,628,3,0.0,1547
13052,13052,0,0,0,0.0,2802,3,0.0,1547
13053,13053,0,0,0,0.0,315,3,0.0,1474
13054,13054,0,0,0,0.0,1594,3,0.0,1474
13055,13055,512,512,132,3.8788,40,3,0.0,2239
13056,13056,380,380,98,3.8776,29,3,0.0,2239
13057,13057,66,66,17,3.8824,2,3,0.0,2239
13058,13058,310,310,80,3.875,22,3,0.0,2239
13059,13059,417,417,107,3.8972,29,3,0.0,2239
13060,13060,225,225,79,2.8481,23,3,0.0,2237
13061,13061,0,0,0,0.0,110,3,0.0,2400
13062,13062,3,3,1,3.0,0,3,0.0,2188
13063,13063,0,0,0,0.0,0,3,0.0,2111
13064,13064,149,149,53,2.8113,22,3,0.0,1955
13065,13065,118,118,40,2.95,26,3,0.0,1955
13066,13066,228,228,81,2.8148,6,3,0.0,1955
13067,13067,197,197,70,2.8143,17,3,0.0,2188
13068,13068,149,149,53,2.8113,15,3,0.0,2188
13069,13069,348,348,124,2.8065,30,3,0.0,2188
13070,13070,287,287,102,2.8137,22,3,0.0,2188
13071,13071,329,329,117,2.812,22,3,0.0,2188
13072,13072,390,390,139,2.8058,46,3,0.0,2310
13073,13073,342,342,128,2.6719,30,3,0.0,2400
13074,13074,0,0,0,0.0,26,3,0.0,2307
13075,13075,148,148,50,2.96,25,3,0.0,2307
13076,13076,124,124,42,2.9524,19,3,0.0,2233
13077,13077,0,0,0,0.0,0,3,0.0,2197
13078,13078,0,0,0,0.0,0,3,0.0,2197
13079,13079,184,184,62,2.9677,31,3,0.0,2233
13080,13080,60,60,20,3.0,3,3,0.0,2307
13081,13081,251,251,85,2.9529,30,3,0.0,2233
13082,13082,92,92,31,2.9677,20,3,0.0,2233
13083,13083,194,0,0,0.0,2232,3,0.0,3175
13084,13084,0,0,0,0.0,1508,3,0.0,3093
13085,13085,172,172,67,2.5672,28,3,0.0,1413
13086,13086,335,335,131,2.5573,40,3,0.0,1413
13087,13087,390,390,152,2.5658,33,3,0.0,1585
13088,13088,343,343,134,2.5597,40,3,0.0,1413
13089,13089,14,14,4,3.5,0,3,0.0,1659
13090,13090,229,229,70,3.2714,9,3,0.0,1659
13091,13091,336,336,131,2.5649,49,3,0.0,1585
13092,13092,298,298,116,2.569,21,3,0.0,1585
13093,13093,0,0,0,0.0,0,3,0.0,1659
13094,13094,388,388,119,3.2605,28,3,0.0,1659
13095,13095,290,290,89,3.2584,26,3,0.0,1913
13096,13096,310,310,95,3.2632,26,3,0.0,1913
13097,13097,201,201,62,3.2419,30,3,0.0,1913
13098,13098,166,166,51,3.2549,19,3,0.0,1913
13099,13099,72,72,22,3.2727,3,3,0.0,1913
13100,13100,193,193,59,3.2712,25,3,0.0,1913
13101,13101,143,143,44,3.25,24,3,0.0,1913
13102,13102,224,224,87,2.5747,20,3,0.0,1998
13103,13103,270,270,105,2.5714,23,3,0.0,1998
13104,13104,213,213,83,2.5663,26,3,0.0,1998
13105,13105,224,224,87,2.5747,28,3,0.0,1998
13106,13106,0,0,0,0.0,0,3,0.0,1998
13107,13107,19,19,6,3.1667,1,3,0.0,2123
13108,13108,130,130,43,3.0233,18,3,0.0,2234
13109,13109,250,250,83,3.012,28,3,0.0,2320
13110,13110,0,0,0,0.0,0,3,0.0,2373
13111,13111,184,184,61,3.0164,6,3,0.0,2320
13112,13112,190,190,63,3.0159,20,3,0.0,2320
13113,13113,64,64,21,3.0476,16,3,0.0,2320
13114,13114,55,55,18,3.0556,2,3,0.0,2320
13115,13115,178,178,59,3.0169,6,3,0.0,2373
13116,13116,354,354,117,3.0256,25,3,0.0,2373
13117,13117,378,378,125,3.024,69,3,0.0,2373
13118,13118,293,293,97,3.0206,26,3,0.0,2373
13119,13119,289,289,108,2.6759,25,3,0.0,2439
13120,13120,0,0,0,0.0,0,3,0.0,2506
13121,13121,510,510,162,3.1481,55,3,0.0,2439
13122,13122,144,144,55,2.6182,18,6,0.0,90
13123,13123,42,42,16,2.625,2,6,0.0,90
13124,13124,163,163,62,2.629,22,6,0.0,90
13125,13125,56,56,22,2.5455,14,6,0.0,78
13126,13126,165,165,63,2.619,22,6,0.0,78
13127,13127,0,0,0,0.0,424,6,0.0,81
13128,13128,163,163,62,2.629,19,6,0.0,78
13129,13129,0,0,0,0.0,290,6,0.0,81
13130,13130,0,0,0,0.0,463,6,0.0,81
13131,13131,59,52,20,2.6,25,6,0.0,78
13132,13132,5,5,2,2.5,0,6,0.0,78
13133,13133,0,0,0,0.0,0,6,0.0,116
13134,13134,73,73,28,2.6071,3,6,0.0,116
13135,13135,0,0,0,0.0,0,3,0.0,2014
13136,13136,52,0,0,0.0,2356,3,0.0,2045
13137,13137,482,482,193,2.4974,47,3,0.0,2016
13138,13138,61,0,0,0.0,1759,3,0.0,2045
13139,13139,310,310,138,2.2464,58,3,0.0,1864
13140,13140,324,324,144,2.25,19,3,2.158,1678
13141,13141,0,0,0,0.0,34,3,1.408,1739
13142,13142,40,40,17,2.3529,133,3,1.779,1915
13143,13143,462,462,193,2.3938,28,3,1.675,1915
13144,13144,0,0,0,0.0,1399,3,1.163,1698
13145,13145,105,105,44,2.3864,29,3,1.482,1698
13146,13146,58,58,24,2.4167,2,3,1.476,1698
13147,13147,154,154,65,2.3692,26,3,1.49,1789
13148,13148,173,173,73,2.3699,23,3,1.544,1789
13149,13149,314,314,132,2.3788,30,3,0.0,1855
13150,13150,167,167,70,2.3857,26,3,1.588,1789
13151,13151,495,495,207,2.3913,26,3,0.0,1959
13152,13152,864,864,362,2.3867,107,3,0.0,1959
13153,13153,143,143,60,2.3833,14,3,1.724,1959
13154,13154,108,108,43,2.5116,5,3,1.957,1609
13155,13155,279,279,111,2.5135,29,3,0.0,1567
13156,13156,169,169,73,2.3151,12,3,0.0,1514
13157,13157,10,10,4,2.5,1,3,0.0,1514
13158,13158,204,204,71,2.8732,39,3,0.0,1471
13159,13159,196,196,68,2.8824,25,3,0.0,1471
13160,13160,182,182,63,2.8889,21,3,0.0,1465
13161,13161,98,98,34,2.8824,4,3,0.0,1465
13162,13162,303,303,105,2.8857,23,3,0.0,1465
13163,13163,207,207,72,2.875,20,3,0.0,1465
13164,13164,0,0,0,0.0,0,3,0.0,1471
13165,13165,222,222,77,2.8831,29,3,0.0,1465
13166,13166,0,0,0,0.0,56,3,0.0,1445
13167,13167,268,268,93,2.8817,11,3,0.0,1445
13168,13168,351,351,122,2.877,31,3,0.0,1445
13169,13169,167,167,58,2.8793,51,3,0.0,1511
13170,13170,0,0,0,0.0,129,3,0.0,1511
13171,13171,188,188,65,2.8923,26,3,0.0,1465
13172,13172,37,37,19,1.9474,14,3,0.0,1383
13173,13173,251,251,104,2.4135,38,3,0.0,1387
13174,13174,0,0,0,0.0,104,3,0.0,1387
13175,13175,58,58,24,2.4167,15,3,0.0,1387
13176,13176,221,221,92,2.4022,25,3,0.0,1387
13177,13177,157,157,65,2.4154,72,3,0.0,1387
13178,13178,110,110,46,2.3913,18,3,0.0,1387
13179,13179,211,211,88,2.3977,34,3,0.0,1362
13180,13180,94,94,39,2.4103,26,3,0.0,1282
13181,13181,120,120,50,2.4,79,3,0.0,1349
13182,13182,46,46,19,2.4211,15,3,0.0,1293
13183,13183,0,0,0,0.0,51,3,0.0,1282
13184,13184,0,0,0,0.0,103,3,0.0,1349
13185,13185,66,66,27,2.4444,15,3,0.0,1349
13186,13186,77,77,32,2.4062,17,3,0.0,1349
13187,13187,141,141,59,2.3898,26,3,0.0,1293
13188,13188,139,139,58,2.3966,23,3,0.0,1293
13189,13189,171,171,71,2.4085,150,3,0.0,1325
13190,13190,172,172,69,2.4928,9,3,0.0,1787
13191,13191,242,242,96,2.5208,28,3,1.686,1645
13192,13192,287,287,114,2.5175,117,3,0.0,1645
13193,13193,83,83,33,2.5152,17,3,0.0,1624
13194,13194,225,225,90,2.5,51,3,0.0,1624
13195,13195,681,681,271,2.5129,85,3,0.0,1567
13196,13196,736,736,293,2.5119,119,3,0.0,1567
13197,13197,95,95,38,2.5,5,3,0.0,1645
13198,13198,79,79,36,2.1944,20,3,0.0,2374
13199,13199,74,74,34,2.1765,26,3,0.0,2374
13200,13200,95,95,44,2.1591,21,3,0.0,2374
13201,13201,52,52,24,2.1667,4,3,0.0,2374
13202,13202,3,0,0,0.0,14,3,0.0,2374
13203,13203,76,76,35,2.1714,17,3,0.0,2335
13204,13204,0,0,0,0.0,89,3,0.0,2272
13205,13205,0,0,0,0.0,0,3,0.0,2314
13206,13206,0,0,0,0.0,42,3,0.0,2314
13207,13207,139,139,50,2.78,14,3,0.0,2272
13208,13208,153,153,55,2.7818,30,3,0.0,2272
13209,13209,153,153,55,2.7818,18,3,0.0,2272
13210,13210,217,217,78,2.7821,22,3,0.0,2272
13211,13211,330,330,119,2.7731,19,3,0.0,2272
13212,13212,231,231,83,2.7831,34,3,0.0,2261
13213,13213,111,111,40,2.775,13,3,0.0,2261
13214,13214,41,41,15,2.7333,0,3,0.0,2261
13215,13215,856,856,308,2.7792,55,3,0.0,2314
13216,13216,412,412,148,2.7838,19,3,0.0,2314
13217,13217,25,25,9,2.7778,0,3,0.0,2261
13218,13218,0,0,0,0.0,542,3,0.0,2429
13219,13219,305,305,120,2.5417,12,3,0.0,2379
13220,13220,107,107,42,2.5476,17,3,0.0,2379
13221,13221,0,0,0,0.0,0,3,0.0,2512
13222,13222,32,32,13,2.4615,2,3,0.0,2461
13223,13223,61,61,24,2.5417,14,3,0.0,2379
13224,13224,46,46,18,2.5556,13,3,0.0,2379
13225,13225,383,383,151,2.5364,37,3,0.0,2379
13226,13226,0,0,0,0.0,37,3,0.0,2396
13227,13227,139,139,55,2.5273,28,3,0.0,2396
13228,13228,162,162,64,2.5312,18,3,0.0,2396
13229,13229,48,48,19,2.5263,13,3,0.0,2396
13230,13230,104,104,41,2.5366,15,3,0.0,2448
13231,13231,46,46,18,2.5556,2,3,0.0,2448
13232,13232,76,76,30,2.5333,22,3,0.0,2448
13233,13233,0,0,0,0.0,0,3,0.0,2512
13234,13234,0,0,0,0.0,1236,3,0.0,2514
13235,13235,0,0,0,0.0,156,3,0.0,2514
13236,13236,282,282,111,2.5405,24,3,0.0,2461
13237,13237,274,274,108,2.537,25,3,0.0,2461
13238,13238,251,251,99,2.5354,27,3,0.0,2461
13239,13239,202,202,80,2.525,22,3,0.0,2461
13240,13240,0,0,0,0.0,4141,3,0.0,2429
13241,13241,1583,1583,426,3.716,22,3,0.0,2588
13242,13242,81,81,39,2.0769,3,3,0.0,2744
13243,13243,161,161,96,1.6771,16,3,0.0,2117
13244,13244,376,376,224,1.6786,28,3,0.0,2117
13245,13245,373,373,222,1.6802,59,3,0.0,2048
13246,13246,294,294,175,1.68,7,3,0.0,2048
13247,13247,128,128,76,1.6842,22,3,0.0,2104
13248,13248,325,325,130,2.5,327,3,0.0,1914
13249,13249,220,220,88,2.5,16,3,0.0,1914
13250,13250,183,183,73,2.5068,24,3,0.0,1914
13251,13251,668,668,267,2.5019,24,3,0.0,1914
13252,13252,78,78,31,2.5161,14,3,0.0,2014
13253,13253,395,395,132,2.9924,57,3,0.0,2270
13254,13254,226,226,76,2.9737,43,3,0.0,2191
13255,13255,0,0,0,0.0,240,3,0.0,2226
13256,13256,119,119,40,2.975,18,3,0.0,2226
13257,13257,215,215,72,2.9861,7,3,0.0,2226
13258,13258,57,57,19,3.0,2,3,0.0,2226
13259,13259,136,136,65,2.0923,34,3,0.0,1934
13260,13260,0,0,0,0.0,76,3,0.0,1974
13261,13261,0,0,0,0.0,1097,3,0.0,2044
13262,13262,0,0,0,0.0,79,3,0.0,1974
13263,13263,0,0,0,0.0,44,3,0.0,2047
13264,13264,0,0,0,0.0,115,3,0.0,1974
13265,13265,0,0,0,0.0,60,3,0.0,2047
13266,13266,0,0,0,0.0,30,3,0.0,2047
13267,13267,0,0,0,0.0,303,3,0.0,2047
13268,13268,0,0,0,0.0,14,3,0.0,2072
13269,13269,0,0,0,0.0,461,3,0.0,2072
13270,13270,0,0,0,0.0,0,3,0.0,2072
13271,13271,0,0,0,0.0,114,3,0.0,2072
13272,13272,0,0,0,0.0,66,3,0.0,2072
13273,13273,0,0,0,0.0,91,3,0.0,2072
13274,13274,0,0,0,0.0,380,3,0.0,2072
13275,13275,0,0,0,0.0,204,3,0.0,1993
13276,13276,0,0,0,0.0,162,3,0.0,1993
13277,13277,0,0,0,0.0,456,3,0.0,2062
13278,13278,0,0,0,0.0,217,3,0.0,2062
13279,13279,0,0,0,0.0,565,3,0.0,2051
13280,13280,0,0,0,0.0,473,3,0.0,2051
13281,13281,0,0,0,0.0,211,3,0.0,2051
13282,13282,0,0,0,0.0,247,3,0.0,2051
13283,13283,0,0,0,0.0,117,3,0.0,2051
13284,13284,0,0,0,0.0,418,3,0.0,1989
13285,13285,0,0,0,0.0,316,3,0.0,1989
13286,13286,0,0,0,0.0,235,3,0.0,1989
13287,13287,0,0,0,0.0,125,3,0.0,1989
13288,13288,0,0,0,0.0,463,3,0.0,1989
13289,13289,0,0,0,0.0,61,3,0.0,1989
13290,13290,0,0,0,0.0,17,3,0.0,2083
13291,13291,0,0,0,0.0,20,3,0.0,2083
13292,13292,0,0,0,0.0,267,3,0.0,2083
13293,13293,0,0,0,0.0,167,3,0.0,2083
13294,13294,0,0,0,0.0,715,3,0.0,2140
13295,13295,0,0,0,0.0,165,3,0.0,2140
13296,13296,0,0,0,0.0,333,3,0.0,2146
13297,13297,0,0,0,0.0,415,3,0.0,2146
13298,13298,0,0,0,0.0,285,3,0.0,2161
13299,13299,0,0,0,0.0,483,3,0.0,2161
13300,13300,0,0,0,0.0,208,3,0.0,1991
13301,13301,0,0,0,0.0,244,3,0.0,1991
13302,13302,0,0,0,0.0,278,3,0.0,1991
13303,13303,0,0,0,0.0,440,3,0.0,2084
13304,13304,0,0,0,0.0,717,3,0.0,1840
13305,13305,0,0,0,0.0,92,3,0.0,1840
13306,13306,0,0,0,0.0,158,3,0.0,1840
13307,13307,0,0,0,0.0,97,3,0.0,1840
13308,13308,0,0,0,0.0,811,3,0.0,1861
13309,13309,0,0,0,0.0,50,3,0.0,1861
13310,13310,0,0,0,0.0,110,3,0.0,1861
13311,13311,0,0,0,0.0,342,3,0.0,1756
13312,13312,0,0,0,0.0,3312,3,0.0,2092
13313,13313,0,0,0,0.0,1292,3,0.0,2190
13314,13314,0,0,0,0.0,778,3,0.0,2190
13315,13315,0,0,0,0.0,573,3,0.0,2167
13316,13316,0,0,0,0.0,713,3,0.0,1988
13317,13317,0,0,0,0.0,15,3,0.0,1988
13318,13318,0,0,0,0.0,2788,3,0.0,1801
13319,13319,0,0,0,0.0,155,3,0.0,1995
13320,13320,0,0,0,0.0,92,3,0.0,1995
13321,13321,0,0,0,0.0,815,3,0.0,1801
13322,13322,0,0,0,0.0,223,3,0.0,1801
13323,13323,0,0,0,0.0,0,3,0.0,1803
13324,13324,0,0,0,0.0,3982,3,0.0,1649
13325,13325,0,0,0,0.0,449,3,0.0,1803
13326,13326,606,606,290,2.0897,70,3,0.0,1675
13327,13327,0,0,0,0.0,86,3,0.0,1649
13328,13328,89,89,53,1.6792,18,3,0.0,2104
13329,13329,77,77,46,1.6739,12,3,0.0,2104
13330,13330,152,152,61,2.4918,23,3,0.0,2014
13331,13331,175,175,70,2.5,27,3,0.0,2014
13332,13332,0,0,0,0.0,0,3,0.0,2242
13333,13333,295,295,95,3.1053,18,3,0.0,2242
13334,13334,340,340,107,3.1776,34,3,0.0,2157
13335,13335,0,0,0,0.0,71,3,0.0,2157
13336,13336,117,117,37,3.1622,19,3,0.0,2100
13337,13337,289,289,91,3.1758,33,3,0.0,2100
13338,13338,200,200,68,2.9412,17,3,0.0,1782
13339,13339,0,0,0,0.0,204,3,0.0,1459
13340,13340,0,0,0,0.0,2269,3,0.0,1525
13341,13341,0,0,0,0.0,739,3,0.0,1525
13342,13342,0,0,0,0.0,368,3,0.0,1590
13343,13343,0,0,0,0.0,46,3,0.0,1459
13344,13344,0,0,0,0.0,99,3,0.0,1459
13345,13345,0,0,0,0.0,449,3,0.0,1459
13346,13346,0,0,0,0.0,1243,3,0.0,1459
13347,13347,0,0,0,0.0,331,3,0.0,1590
13348,13348,0,0,0,0.0,874,3,0.0,1590
13349,13349,0,0,0,0.0,1222,3,0.0,1590
13350,13350,0,0,0,0.0,1054,3,0.0,1650
13351,13351,0,0,0,0.0,99,3,0.0,1541
13352,13352,0,0,0,0.0,154,3,0.0,1692
13353,13353,0,0,0,0.0,132,3,0.0,1692
13354,13354,0,0,0,0.0,277,3,0.0,1692
13355,13355,0,0,0,0.0,236,3,0.0,1565
13356,13356,0,0,0,0.0,510,3,0.0,1565
13357,13357,0,0,0,0.0,298,3,0.0,1565
13358,13358,0,0,0,0.0,649,3,0.0,1565
13359,13359,0,0,0,0.0,548,3,0.0,1646
13360,13360,0,0,0,0.0,160,3,0.0,1646
13361,13361,0,0,0,0.0,626,3,0.0,1646
13362,13362,404,404,127,3.1811,42,3,0.0,2102
13363,13363,417,417,178,2.3427,47,3,0.0,2456
13364,13364,142,142,61,2.3279,14,3,0.0,2454
13365,13365,374,374,160,2.3375,15,3,0.0,2498
13366,13366,0,0,0,0.0,0,3,0.0,2244
13367,13367,319,319,102,3.1275,16,3,0.0,2244
13368,13368,155,155,50,3.1,14,3,0.0,2244
13369,13369,202,202,65,3.1077,18,3,0.0,2330
13370,13370,382,382,122,3.1311,53,3,0.0,2330
13371,13371,0,0,0,0.0,217,3,0.0,2330
13372,13372,141,141,45,3.1333,14,3,0.0,2330
13373,13373,517,517,226,2.2876,379,3,0.0,2653
13374,13374,0,0,0,0.0,612,3,0.0,2553
13375,13375,337,337,119,2.8319,43,3,0.0,2237
13376,13376,243,243,85,2.8588,22,3,0.0,2237
13377,13377,110,110,39,2.8205,17,3,0.0,2237
13378,13378,54,54,19,2.8421,23,3,0.0,2237
13379,13379,479,479,169,2.8343,36,3,0.0,2237
13380,13380,725,725,255,2.8431,38,3,0.0,2237
13381,13381,278,278,119,2.3361,31,3,0.0,2441
13382,13382,455,455,195,2.3333,47,3,0.0,2486
13383,13383,0,0,0,0.0,273,3,0.0,2486
13384,13384,0,0,0,0.0,258,3,0.0,2441
13385,13385,0,0,0,0.0,130,3,0.0,2441
13386,13386,0,0,0,0.0,87,3,0.0,2370
13387,13387,441,441,142,3.1056,24,3,0.0,2240
13388,13388,0,0,0,0.0,382,3,0.0,2617
13389,13389,229,229,100,2.29,25,3,0.0,2695
13390,13390,110,110,48,2.2917,17,3,0.0,2695
13391,13391,184,184,80,2.3,24,3,0.0,2695
13392,13392,0,0,0,0.0,113,3,0.0,2695
13393,13393,142,142,62,2.2903,7,3,0.0,2695
13394,13394,58,58,25,2.32,3,3,0.0,2814
13395,13395,137,137,60,2.2833,7,3,0.0,2939
13396,13396,253,253,111,2.2793,32,3,0.0,2814
13397,13397,157,157,69,2.2754,19,3,0.0,2939
13398,13398,270,270,118,2.2881,26,3,0.0,2848
13399,13399,0,0,0,0.0,81,3,0.0,2848
13400,13400,76,76,33,2.303,143,3,0.0,2848
13401,13401,55,55,24,2.2917,15,3,0.0,2848
13402,13402,217,217,95,2.2842,21,3,0.0,2720
13403,13403,89,89,39,2.2821,16,3,0.0,2720
13404,13404,242,242,106,2.283,77,3,0.0,2720
13405,13405,0,0,0,0.0,777,3,0.0,2646
13406,13406,0,0,0,0.0,30,3,0.0,2646
13407,13407,0,0,0,0.0,14,3,0.0,2646
13408,13408,0,0,0,0.0,0,3,0.0,2646
13409,13409,0,0,0,0.0,1760,3,0.0,2539
13410,13410,0,0,0,0.0,314,3,0.0,2543
13411,13411,0,0,0,0.0,73,3,0.0,2543
13412,13412,0,0,0,0.0,491,3,0.0,2543
13413,13413,0,0,0,0.0,458,3,0.0,2543
13414,13414,0,0,0,0.0,89,3,0.0,2543
13415,13415,349,349,133,2.6241,38,3,0.0,2591
13416,13416,0,0,0,0.0,145,3,0.0,2591
13417,13417,123,123,47,2.617,3,3,0.0,2591
13418,13418,678,678,258,2.6279,36,3,0.0,2632
13419,13419,0,0,0,0.0,0,3,0.0,2787
13420,13420,160,160,61,2.623,20,3,0.0,2964
13421,13421,204,204,78,2.6154,19,3,0.0,2964
13422,13422,110,110,38,2.8947,14,3,0.0,2973
13423,13423,110,110,38,2.8947,17,3,0.0,3004
13424,13424,0,0,0,0.0,71,3,0.0,3004
13425,13425,224,224,78,2.8718,19,3,0.0,3133
13426,13426,265,265,92,2.8804,29,3,0.0,3133
13427,13427,23,23,8,2.875,0,3,0.0,3133
13428,13428,81,81,28,2.8929,14,3,0.0,3133
13429,13429,43,43,15,2.8667,13,3,0.0,3133
13430,13430,201,201,70,2.8714,18,3,0.0,3133
13431,13431,176,176,61,2.8852,22,3,0.0,3133
13432,13432,160,160,56,2.8571,26,3,0.0,3138
13433,13433,167,167,58,2.8793,18,3,0.0,3138
13434,13434,0,0,0,0.0,46,3,0.0,3133
13435,13435,0,0,0,0.0,0,3,0.0,2839
13436,13436,0,0,0,0.0,0,3,0.0,2839
13437,13437,872,872,235,3.7106,201,3,0.0,2588
13438,13438,281,281,134,2.097,35,3,0.0,2744
13439,13439,78,78,37,2.1081,798,3,0.0,2744
13440,13440,0,0,0,0.0,0,3,0.0,2526
13441,13441,0,0,0,0.0,0,3,0.0,2587
13442,13442,0,0,0,0.0,614,3,0.0,2587
13443,13443,267,267,103,2.5922,17,3,0.0,2587
13444,13444,0,0,0,0.0,157,3,0.0,2587
13445,13445,203,203,76,2.6711,23,3,0.0,2755
13446,13446,160,160,60,2.6667,21,3,0.0,2755
13447,13447,139,139,52,2.6731,20,3,0.0,2755
13448,13448,191,191,71,2.6901,25,3,0.0,2755
13449,13449,105,105,39,2.6923,17,3,0.0,2755
13450,13450,220,220,82,2.6829,28,3,0.0,2755
13451,13451,0,0,0,0.0,18,3,0.0,2832
13452,13452,0,0,0,0.0,23,3,0.0,2832
13453,13453,150,150,63,2.381,29,3,0.0,2863
13454,13454,340,340,143,2.3776,32,3,0.0,2863
13455,13455,189,189,79,2.3924,7,3,0.0,2863
13456,13456,0,0,0,0.0,0,3,0.0,2832
13457,13457,0,0,0,0.0,83,3,0.0,2832
13458,13458,97,97,41,2.3659,31,3,0.0,2832
13459,13459,0,0,0,0.0,105,6,0.0,107
13460,13460,0,0,0,0.0,223,6,0.0,107
13461,13461,123,123,47,2.617,17,6,0.0,116
13462,13462,0,0,0,0.0,0,3,0.0,2839
13463,13463,641,0,0,0.0,0,3,0.0,2839
13464,13464,0,0,0,0.0,117,3,0.0,2839
13465,13465,63,63,22,2.8636,17,3,0.0,3224
13466,13466,362,362,128,2.8281,65,3,0.0,3304
13467,13467,36,36,13,2.7692,14,3,0.0,3361
13468,13468,150,150,53,2.8302,25,3,0.0,3304
13469,13469,245,245,87,2.8161,20,3,0.0,3304
13470,13470,108,108,38,2.8421,23,3,0.0,3224
13471,13471,102,102,36,2.8333,17,3,0.0,3361
13472,13472,158,158,56,2.8214,332,3,0.0,3274
13473,13473,102,102,36,2.8333,20,3,0.0,3354
13474,13474,63,63,22,2.8636,15,3,0.0,3354
13475,13475,30,30,11,2.7273,3,3,0.0,3354
13476,13476,207,207,72,2.875,19,3,0.0,3234
13477,13477,253,253,88,2.875,23,3,0.0,3234
13478,13478,259,259,90,2.8778,26,3,0.0,3234
13479,13479,183,183,61,3.0,24,3,0.0,3156
13480,13480,291,291,111,2.6216,29,3,0.0,3138
13481,13481,134,134,51,2.6275,15,3,0.0,3041
13482,13482,317,317,121,2.6198,25,3,0.0,3041
13483,13483,220,220,84,2.619,19,3,0.0,3041
13484,13484,262,262,100,2.62,26,3,0.0,2899
13485,13485,370,370,127,2.9134,35,3,0.0,2540
13486,13486,327,327,112,2.9196,31,3,0.0,2540
13487,13487,206,206,71,2.9014,31,3,0.0,2540
13488,13488,251,251,86,2.9186,9,3,0.0,2540
13489,13489,683,683,234,2.9188,36,3,0.0,2663
13490,13490,229,229,79,2.8987,19,3,0.0,2663
13491,13491,327,327,112,2.9196,43,3,0.0,2663
13492,13492,93,93,32,2.9062,16,3,0.0,2631
13493,13493,195,195,67,2.9104,21,3,0.0,2631
13494,13494,131,131,45,2.9111,16,3,0.0,2663
13495,13495,90,90,31,2.9032,14,3,0.0,2631
13496,13496,236,236,81,2.9136,30,3,0.0,2663
13497,13497,245,245,84,2.9167,29,3,0.0,2631
13498,13498,109,109,37,2.9459,22,3,0.0,2631
13499,13499,38,38,13,2.9231,13,3,0.0,2631
13500,13500,0,0,0,0.0,232,3,0.0,2747
13501,13501,297,297,99,3.0,25,3,0.0,2914
13502,13502,287,287,96,2.9896,19,3,0.0,2840
13503,13503,249,249,83,3.0,91,3,0.0,2913
13504,13504,240,240,80,3.0,73,3,0.0,2886
13505,13505,0,0,0,0.0,0,3,0.0,2506
13506,13506,341,341,127,2.685,116,3,0.0,2487
13507,13507,0,0,0,0.0,18,3,0.0,2487
13508,13508,251,251,94,2.6702,24,3,0.0,2487
13509,13509,145,145,54,2.6852,15,3,0.0,2487
13510,13510,231,231,86,2.686,20,3,0.0,2487
13511,13511,66,66,22,3.0,1,3,0.0,2914
13512,13512,125,125,42,2.9762,15,3,0.0,2995
13513,13513,273,273,91,3.0,29,3,0.0,2995
13514,13514,81,81,27,3.0,13,3,0.0,2995
13515,13515,120,120,46,2.6087,35,6,0.0,116
13516,13516,157,157,60,2.6167,19,6,0.0,111
13517,13517,56,56,22,2.5455,27,6,0.0,102
13518,13518,148,148,57,2.5965,29,6,0.0,129
13519,13519,92,92,35,2.6286,21,6,0.0,129
13520,13520,50,50,19,2.6316,2,6,0.0,129
13521,13521,56,56,22,2.5455,3,6,0.0,129
13522,13522,221,221,108,2.0463,49,6,0.0,94
13523,13523,301,301,147,2.0476,39,6,0.0,94
13524,13524,108,108,42,2.5714,15,6,0.0,115
13525,13525,243,243,119,2.042,44,6,0.0,105
13526,13526,139,139,68,2.0441,43,6,0.0,105
13527,13527,189,82,40,2.05,162,6,0.0,105
13528,13528,21,21,10,2.1,13,6,0.0,105
13529,13529,86,86,42,2.0476,34,6,0.0,105
13530,13530,0,0,0,0.0,0,6,0.0,115
13531,13531,0,0,0,0.0,47,6,0.0,144
13532,13532,39,39,15,2.6,538,6,0.0,140
13533,13533,43,43,17,2.5294,13,6,0.0,140
13534,13534,0,0,0,0.0,106,6,0.0,140
13535,13535,0,0,0,0.0,563,6,0.0,154
13536,13536,0,0,0,0.0,76,6,0.0,146
13537,13537,172,168,64,2.625,18,6,0.0,150
13538,13538,143,143,55,2.6,6,6,0.0,150
13539,13539,0,0,0,0.0,342,6,0.0,150
13540,13540,0,0,0,0.0,0,6,0.0,72
13541,13541,148,148,46,3.2174,25,6,0.0,101
13542,13542,36,36,11,3.2727,2,6,0.0,101
13543,13543,170,170,53,3.2075,24,6,0.0,101
13544,13544,187,187,58,3.2241,23,6,0.0,101
13545,13545,10,10,3,3.3333,0,6,0.0,101
13546,13546,380,380,118,3.2203,59,6,0.0,101
13547,13547,549,549,171,3.2105,45,6,0.0,101
13548,13548,0,0,0,0.0,0,6,0.0,122
13549,13549,0,0,0,0.0,196,6,0.0,89
13550,13550,0,0,0,0.0,0,6,0.0,122
13551,13551,0,0,0,0.0,179,6,0.0,108
13552,13552,190,190,78,2.4359,52,6,0.0,108
13553,13553,0,0,0,0.0,46,6,0.0,88
13554,13554,0,0,0,0.0,79,6,0.0,83
13555,13555,207,207,74,2.7973,21,6,0.0,98
13556,13556,764,764,289,2.6436,117,6,0.0,114
13557,13557,109,109,39,2.7949,37,6,0.0,114
13558,13558,145,145,52,2.7885,15,6,0.0,114
13559,13559,57,57,21,2.7143,2,6,0.0,131
13560,13560,34,34,12,2.8333,25,6,0.0,131
13561,13561,187,187,67,2.791,6,6,0.0,114
13562,13562,112,112,53,2.1132,1,3,0.0,3480
13563,13563,239,239,112,2.1339,14,3,0.0,3544
13564,13564,161,161,76,2.1184,20,3,0.0,3480
13565,13565,300,300,141,2.1277,30,3,0.0,3517
13566,13566,136,136,64,2.125,2,3,0.0,3517
13567,13567,258,258,111,2.3243,32,3,0.0,3331
13568,13568,111,111,72,1.5417,3,3,0.0,3330
13569,13569,139,139,89,1.5618,13,3,0.0,3330
13570,13570,189,189,75,2.52,23,3,0.0,3421
13571,13571,162,162,65,2.4923,19,3,0.0,3421
13572,13572,614,614,269,2.2825,55,3,0.0,3174
13573,13573,101,101,44,2.2955,21,3,0.0,3174
13574,13574,251,251,110,2.2818,75,3,0.0,3174
13575,13575,0,0,0,0.0,0,3,0.0,3174
13576,13576,0,0,0,0.0,232,3,0.0,3174
13577,13577,0,0,0,0.0,113,3,0.0,3174
13578,13578,86,86,37,2.3243,16,3,0.0,3290
13579,13579,348,348,149,2.3356,47,3,0.0,3290
13580,13580,163,163,70,2.3286,18,3,0.0,3225
13581,13581,116,116,50,2.32,31,3,0.0,3225
13582,13582,196,196,86,2.2791,8,3,0.0,3225
13583,13583,82,82,35,2.3429,4,3,0.0,3225
13584,13584,70,70,30,2.3333,14,3,0.0,3321
13585,13585,111,111,48,2.3125,15,3,0.0,3321
13586,13586,675,675,283,2.3852,41,3,0.0,2863
13587,13587,510,510,214,2.3832,76,3,0.0,2863
13588,13588,230,230,97,2.3711,28,3,0.0,2863
13589,13589,0,0,0,0.0,0,6,0.0,17
13590,13590,0,0,0,0.0,0,6,0.0,13
13591,13591,0,0,0,0.0,0,6,0.0,13
13592,13592,0,0,0,0.0,0,6,0.0,17
13593,13593,0,0,0,0.0,0,6,0.0,17
13594,13594,0,0,0,0.0,32,6,0.0,42
13595,13595,4299,4299,1368,3.1425,181,6,0.0,42
13596,13596,1775,0,0,0.0,2188,6,0.0,42
13597,13597,26,26,10,2.6,23,3,0.0,2127
13598,13598,417,417,163,2.5583,34,3,0.0,2127
13599,13599,271,271,106,2.5566,26,3,0.0,2143
13600,13600,202,202,68,2.9706,21,3,0.0,2220
13601,13601,90,90,30,3.0,3,3,0.0,2220
13602,13602,338,338,113,2.9912,33,3,0.0,2220
13603,13603,32,32,13,2.4615,1,3,0.0,2143
13604,13604,35,35,14,2.5,2,3,0.0,2143
13605,13605,0,0,0,0.0,39,3,0.0,2232
13606,13606,0,0,0,0.0,662,3,0.0,2428
13607,13607,0,0,0,0.0,1794,3,0.0,2360
13608,13608,0,0,0,0.0,2753,3,0.0,2360
13609,13609,0,0,0,0.0,262,3,0.0,2428
13610,13610,0,0,0,0.0,3166,3,0.0,2437
13611,13611,0,0,0,0.0,1475,3,0.0,2481
13612,13612,0,0,0,0.0,2443,3,0.0,2481
13613,13613,195,195,44,4.4318,145,3,0.0,2594
13614,13614,0,0,0,0.0,1066,3,0.0,2436
13615,13615,0,0,0,0.0,1481,3,0.0,2436
13616,13616,0,0,0,0.0,952,3,0.0,2436
13617,13617,223,223,107,2.0841,22,3,0.0,2246
13618,13618,562,562,269,2.0892,44,3,0.0,2257
13619,13619,461,461,220,2.0955,24,3,4.456,2257
13620,13620,1101,1101,441,2.4966,499,3,0.0,2257
13621,13621,0,0,0,0.0,373,3,0.0,2258
13622,13622,0,0,0,0.0,150,3,4.026,2315
13623,13623,2,2,1,2.0,842,3,4.576,2258
13624,13624,0,0,0,0.0,925,3,4.094,2269
13625,13625,0,0,0,0.0,113,3,4.711,2269
13626,13626,0,0,0,0.0,1314,3,4.54,2364
13627,13627,0,0,0,0.0,1486,3,4.563,2315
13628,13628,0,0,0,0.0,82,3,4.575,2364
13629,13629,0,0,0,0.0,4033,3,4.88,2420
13630,13630,0,0,0,0.0,594,3,0.0,2420
13631,13631,0,0,0,0.0,268,3,5.205,2420
13632,13632,0,0,0,0.0,748,3,5.667,2420
13633,13633,188,188,68,2.7647,22,3,0.0,1699
13634,13634,152,152,55,2.7636,45,3,0.0,1699
13635,13635,209,209,76,2.75,33,3,0.0,1699
13636,13636,121,121,44,2.75,6,3,0.0,1699
13637,13637,4,0,0,0.0,0,3,0.0,1699
13638,13638,420,420,153,2.7451,37,3,0.0,1632
13639,13639,228,228,83,2.747,76,3,0.0,1632
13640,13640,69,69,25,2.76,22,3,0.0,1538
13641,13641,347,347,126,2.754,40,3,0.0,1538
13642,13642,499,499,181,2.7569,38,3,0.0,1538
13643,13643,0,0,0,0.0,138,3,0.0,1538
13644,13644,184,184,70,2.6286,20,3,0.0,1461
13645,13645,79,79,30,2.6333,13,3,0.0,1461
13646,13646,100,100,38,2.6316,5,3,0.0,1461
13647,13647,201,201,77,2.6104,23,3,0.0,1388
13648,13648,268,268,102,2.6275,28,3,0.0,1388
13649,13649,188,188,71,2.6479,25,3,0.0,1388
13650,13650,157,157,60,2.6167,20,3,0.0,1388
13651,13651,0,0,0,0.0,50,3,0.0,1420
13652,13652,244,244,93,2.6237,24,3,0.0,1420
13653,13653,201,201,77,2.6104,21,3,0.0,1420
13654,13654,0,0,0,0.0,34,3,0.0,1420
13655,13655,218,218,83,2.6265,25,3,0.0,1420
13656,13656,160,160,61,2.623,19,3,0.0,1484
13657,13657,108,108,41,2.6341,24,3,0.0,1484
13658,13658,150,150,57,2.6316,25,3,0.0,1461
13659,13659,168,168,64,2.625,23,3,0.0,1461
13660,13660,152,152,55,2.7636,19,3,0.0,1558
13661,13661,64,64,23,2.7826,16,3,0.0,1558
13662,13662,69,69,25,2.76,3,3,0.0,1500
13663,13663,0,0,0,0.0,195,3,0.0,1500
13664,13664,375,270,98,2.7551,90,3,0.0,1559
13665,13665,65,65,23,2.8261,3,3,0.0,1523
13666,13666,89,89,32,2.7812,15,3,0.0,1467
13667,13667,81,81,29,2.7931,3,3,0.0,1500
13668,13668,50,50,18,2.7778,13,3,0.0,1500
13669,13669,72,72,26,2.7692,24,3,0.0,1559
13670,13670,97,97,35,2.7714,14,3,0.0,1523
13671,13671,195,195,70,2.7857,6,3,0.0,1523
13672,13672,367,367,132,2.7803,54,3,0.0,1523
13673,13673,0,0,0,0.0,104,3,0.0,1523
13674,13674,267,267,96,2.7812,24,3,0.0,1482
13675,13675,178,178,64,2.7812,16,3,0.0,1440
13676,13676,97,97,35,2.7714,16,3,0.0,1440
13677,13677,0,0,0,0.0,61,3,0.0,1440
13678,13678,50,50,18,2.7778,1,3,0.0,1440
13679,13679,167,167,60,2.7833,21,3,0.0,1440
13680,13680,217,217,78,2.7821,21,3,0.0,1440
13681,13681,69,69,25,2.76,14,3,0.0,1440
13682,13682,125,125,45,2.7778,15,3,0.0,1467
13683,13683,109,109,39,2.7949,3,3,0.0,1467
13684,13684,67,67,24,2.7917,17,3,0.0,1467
13685,13685,270,260,99,2.6263,372,3,0.0,1369
13686,13686,157,157,60,2.6167,32,3,0.0,1369
13687,13687,252,252,96,2.625,40,3,0.0,1388
13688,13688,103,103,39,2.641,52,3,0.0,1359
13689,13689,150,150,57,2.6316,20,3,0.0,1359
13690,13690,113,113,43,2.6279,53,3,0.0,1359
13691,13691,77,77,29,2.6552,15,3,0.0,1359
13692,13692,66,66,25,2.64,15,3,0.0,1359
13693,13693,0,0,0,0.0,14,3,0.0,1323
13694,13694,305,305,115,2.6522,51,3,0.0,1323
13695,13695,546,546,206,2.6505,228,3,0.0,1268
13696,13696,98,98,37,2.6486,18,3,0.0,1323
13697,13697,127,127,48,2.6458,9,3,0.0,1323
13698,13698,0,0,0,0.0,0,3,0.0,1295
13699,13699,106,106,40,2.65,8,3,0.0,1295
13700,13700,127,127,48,2.6458,20,3,0.0,1295
13701,13701,239,239,90,2.6556,60,3,0.0,1252
13702,13702,58,58,22,2.6364,4,3,0.0,1252
13703,13703,208,208,79,2.6329,42,3,0.0,1208
13704,13704,84,84,32,2.625,16,3,0.0,1208
13705,13705,56,56,21,2.6667,14,3,0.0,1208
13706,13706,0,0,0,0.0,184,3,0.0,1113
13707,13707,0,0,0,0.0,0,3,0.0,1057
13708,13708,244,244,92,2.6522,33,3,0.0,1142
13709,13709,0,0,0,0.0,443,3,0.0,1142
13710,13710,77,77,29,2.6552,20,3,0.0,1142
13711,13711,170,170,64,2.6562,30,3,0.0,1142
13712,13712,66,66,25,2.64,5,3,0.0,1149
13713,13713,28,28,11,2.5455,2,3,0.0,1208
13714,13714,0,0,0,0.0,1035,3,0.0,1057
13715,13715,58,58,22,2.6364,5,3,0.0,1149
13716,13716,0,0,0,0.0,514,3,0.0,1057
13717,13717,218,218,82,2.6585,16,3,0.0,1149
13718,13718,156,156,59,2.6441,25,3,0.0,1149
13719,13719,83,83,31,2.6774,6,3,0.0,1149
13720,13720,99,99,37,2.6757,20,3,0.0,1149
13721,13721,87,87,33,2.6364,16,3,0.0,1149
13722,13722,146,146,55,2.6545,10,3,0.0,1092
13723,13723,83,83,31,2.6774,6,3,0.0,981
13724,13724,107,107,40,2.675,6,3,0.0,1092
13725,13725,109,109,41,2.6585,20,3,0.0,1092
13726,13726,133,133,50,2.66,27,3,0.0,1092
13727,13727,200,200,67,2.9851,34,3,0.0,2995
13728,13728,111,111,37,3.0,17,3,0.0,2995
13729,13729,54,54,18,3.0,1,3,0.0,3156
13730,13730,0,0,0,0.0,39,3,0.0,3156
13731,13731,0,0,0,0.0,66,3,0.0,3015
13732,13732,58,58,20,2.9,17,3,0.0,3234
13733,13733,0,0,0,0.0,31,3,0.0,3156
13734,13734,81,81,27,3.0,15,3,0.0,3156
13735,13735,266,266,89,2.9888,29,3,0.0,3156
13736,13736,173,173,58,2.9828,20,3,0.0,3308
13737,13737,0,0,0,0.0,0,3,0.0,3308
13738,13738,228,228,76,3.0,19,3,0.0,3308
13739,13739,0,0,0,0.0,0,3,0.0,3380
13740,13740,0,0,0,0.0,0,3,0.0,3308
13741,13741,53,53,18,2.9444,12,3,0.0,3248
13742,13742,132,132,45,2.9333,15,3,0.0,3248
13743,13743,334,334,114,2.9298,21,3,0.0,3248
13744,13744,67,67,23,2.913,15,3,0.0,3248
13745,13745,0,0,0,0.0,0,3,0.0,3122
13746,13746,344,344,132,2.6061,6,3,0.0,2710
13747,13747,0,0,0,0.0,150,3,0.0,2710
13748,13748,0,0,0,0.0,0,3,0.0,2673
13749,13749,0,0,0,0.0,0,3,0.0,2673
13750,13750,151,151,58,2.6034,14,3,0.0,3109
13751,13751,47,47,18,2.6111,12,3,0.0,3109
13752,13752,175,175,67,2.6119,15,3,0.0,3017
13753,13753,203,203,78,2.6026,18,3,0.0,3017
13754,13754,0,0,0,0.0,586,3,0.0,2673
13755,13755,0,0,0,0.0,488,3,0.0,2673
13756,13756,0,0,0,0.0,0,3,0.0,2830
13757,13757,0,0,0,0.0,277,3,0.0,2673
13758,13758,0,0,0,0.0,371,3,0.0,2830
13759,13759,9,9,3,3.0,0,3,0.0,3423
13760,13760,170,170,58,2.931,16,3,0.0,3423
13761,13761,352,352,138,2.5507,48,3,0.0,2998
13762,13762,321,321,126,2.5476,38,3,0.0,2998
13763,13763,0,0,0,0.0,98,3,0.0,2921
13764,13764,0,0,0,0.0,0,3,0.0,2921
13765,13765,148,148,58,2.5517,28,3,0.0,2921
13766,13766,349,349,137,2.5474,54,3,0.0,2968
13767,13767,413,413,162,2.5494,35,3,0.0,2822
13768,13768,181,181,71,2.5493,22,3,0.0,2728
13769,13769,0,0,0,0.0,1193,3,0.0,2740
13770,13770,0,0,0,0.0,738,3,0.0,2838
13771,13771,0,0,0,0.0,0,3,0.0,2991
13772,13772,233,233,103,2.2621,20,3,0.0,2991
13773,13773,178,178,79,2.2532,19,3,0.0,2991
13774,13774,196,196,87,2.2529,27,3,0.0,3053
13775,13775,540,540,240,2.25,44,3,0.0,2991
13776,13776,45,45,20,2.25,16,3,0.0,2991
13777,13777,171,171,65,2.6308,6,3,0.0,3124
13778,13778,26,26,10,2.6,33,3,0.0,3124
13779,13779,0,0,0,0.0,30,3,0.0,3209
13780,13780,308,308,117,2.6325,20,3,0.0,3209
13781,13781,113,113,43,2.6279,3,3,0.0,3209
13782,13782,703,703,267,2.633,75,3,0.0,3209
13783,13783,359,359,136,2.6397,24,3,0.0,3228
13784,13784,445,445,169,2.6331,32,3,0.0,3228
13785,13785,220,220,84,2.619,28,3,0.0,3228
13786,13786,110,110,42,2.619,16,3,0.0,3291
13787,13787,261,261,99,2.6364,33,3,0.0,3291
13788,13788,174,174,66,2.6364,16,3,0.0,3291
13789,13789,0,0,0,0.0,105,3,0.0,3291
13790,13790,389,389,148,2.6284,27,3,0.0,3291
13791,13791,0,0,0,0.0,185,3,0.0,3252
13792,13792,0,0,0,0.0,54,3,0.0,3252
13793,13793,0,0,0,0.0,154,3,0.0,3213
13794,13794,0,0,0,0.0,286,3,0.0,3252
13795,13795,0,0,0,0.0,369,3,0.0,3252
13796,13796,153,153,68,2.25,21,3,0.0,3009
13797,13797,100,100,39,2.5641,14,3,0.0,3266
13798,13798,54,54,21,2.5714,3,3,0.0,3266
13799,13799,247,247,77,3.2078,20,3,0.0,3104
13800,13800,170,170,53,3.2075,54,3,0.0,3109
13801,13801,0,0,0,0.0,0,3,0.0,3109
13802,13802,308,308,96,3.2083,17,3,0.0,3249
13803,13803,205,205,64,3.2031,17,3,0.0,3249
13804,13804,385,385,120,3.2083,26,3,0.0,3249
13805,13805,177,177,55,3.2182,25,3,0.0,3249
13806,13806,131,131,40,3.275,18,3,0.0,3435
13807,13807,100,100,30,3.3333,2,3,0.0,3292
13808,13808,0,0,0,0.0,82,3,0.0,3336
13809,13809,181,181,71,2.5493,68,3,0.0,2998
13810,13810,43,43,13,3.3077,15,3,0.0,3292
13811,13811,27,27,8,3.375,20,3,0.0,3336
13812,13812,0,0,0,0.0,0,3,0.0,3184
13813,13813,0,0,0,0.0,0,3,0.0,3184
13814,13814,0,0,0,0.0,0,3,0.0,3184
13815,13815,0,0,0,0.0,0,3,0.0,3184
13816,13816,334,334,121,2.7603,34,3,0.0,3184
13817,13817,41,41,15,2.7333,69,3,0.0,3332
13818,13818,0,0,0,0.0,255,3,0.0,3332
13819,13819,167,167,60,2.7833,22,3,0.0,3332
13820,13820,282,282,102,2.7647,64,3,0.0,3332
13821,13821,138,138,50,2.76,17,3,0.0,3353
13822,13822,77,72,26,2.7692,16,3,0.0,3352
13823,13823,101,101,36,2.8056,70,3,0.0,3352
13824,13824,0,0,0,0.0,0,3,0.0,3352
13825,13825,134,130,47,2.766,28,3,0.0,3352
13826,13826,0,0,0,0.0,142,3,0.0,3353
13827,13827,25,25,9,2.7778,1,3,0.0,3353
13828,13828,92,92,33,2.7879,5,3,0.0,3353
13829,13829,246,246,80,3.075,17,3,0.0,3443
13830,13830,68,68,22,3.0909,1,3,0.0,3443
13831,13831,163,163,53,3.0755,17,3,0.0,3443
13832,13832,0,0,0,0.0,84,3,0.0,3415
13833,13833,0,0,0,0.0,91,3,0.0,3415
13834,13834,96,96,31,3.0968,27,3,0.0,3464
13835,13835,268,268,87,3.0805,17,3,0.0,3464
13836,13836,0,0,0,0.0,57,3,0.0,3488
13837,13837,3,3,1,3.0,127,3,0.0,3488
13838,13838,135,135,45,3.0,17,3,0.0,3488
13839,13839,647,647,216,2.9954,42,3,0.0,3429
13840,13840,150,150,50,3.0,40,3,0.0,3429
13841,13841,0,0,0,0.0,50,3,0.0,3429
13842,13842,0,0,0,0.0,303,3,0.0,3111
13843,13843,0,0,0,0.0,686,3,0.0,3111
13844,13844,0,0,0,0.0,763,3,0.0,3111
13845,13845,0,0,0,0.0,673,3,0.0,3111
13846,13846,753,753,322,2.3385,64,3,0.0,3285
13847,13847,91,91,39,2.3333,13,3,0.0,3162
13848,13848,224,224,96,2.3333,19,3,0.0,3134
13849,13849,229,229,98,2.3367,249,3,0.0,3258
13850,13850,349,349,149,2.3423,22,3,0.0,3258
13851,13851,284,284,121,2.3471,40,3,0.0,3258
13852,13852,0,0,0,0.0,0,3,0.0,3162
13853,13853,0,0,0,0.0,57,3,0.0,3162
13854,13854,0,0,0,0.0,197,3,0.0,3150
13855,13855,158,158,68,2.3235,12,3,0.0,3150
13856,13856,103,103,41,2.5122,13,3,0.0,3212
13857,13857,189,189,75,2.52,42,3,0.0,3212
13858,13858,157,157,63,2.4921,6,3,0.0,3303
13859,13859,13,13,5,2.6,0,3,0.0,3303
13860,13860,103,103,41,2.5122,28,3,0.0,3303
13861,13861,85,85,34,2.5,3,3,0.0,3303
13862,13862,66,66,26,2.5385,3,3,0.0,3303
13863,13863,0,0,0,0.0,641,3,0.0,3155
13864,13864,0,0,0,0.0,262,3,0.0,3155
13865,13865,0,0,0,0.0,258,3,0.0,3155
13866,13866,328,278,179,1.5531,55,3,0.0,3233
13867,13867,0,0,0,0.0,618,3,0.0,3233
13868,13868,207,207,134,1.5448,279,3,0.0,3233
13869,13869,0,0,0,0.0,264,3,0.0,3233
13870,13870,1,1,1,1.0,199,3,0.0,3233
13871,13871,60,60,39,1.5385,23,3,0.0,3293
13872,13872,169,169,109,1.5505,15,3,0.0,3293
13873,13873,191,191,123,1.5528,16,3,0.0,3390
13874,13874,0,0,0,0.0,375,3,0.0,3390
13875,13875,226,226,81,2.7901,29,3,0.0,3473
13876,13876,181,181,85,2.1294,18,3,0.0,3480
13877,13877,99,99,47,2.1064,1,3,0.0,3480
13878,13878,259,259,122,2.123,17,3,0.0,3480
13879,13879,99,99,47,2.1064,1,3,0.0,3480
13880,13880,42,42,16,2.625,84,3,0.0,1092
13881,13881,139,139,52,2.6731,31,3,0.0,1092
13882,13882,34,34,13,2.6154,3,3,0.0,1092
13883,13883,209,209,79,2.6456,29,3,0.0,1092
13884,13884,195,195,73,2.6712,30,3,0.0,1092
13885,13885,431,431,162,2.6605,46,3,0.0,1092
13886,13886,0,0,0,0.0,411,3,0.0,981
13887,13887,0,0,0,0.0,1496,3,0.0,981
13888,13888,317,317,119,2.6639,66,3,0.0,981
13889,13889,144,144,54,2.6667,20,3,0.0,1103
13890,13890,139,139,53,2.6226,18,3,0.0,1359
13891,13891,201,201,77,2.6104,23,3,0.0,1398
13892,13892,195,195,74,2.6351,10,3,0.0,1398
13893,13893,119,119,45,2.6444,20,3,0.0,1252
13894,13894,138,138,52,2.6538,60,3,0.0,1257
13895,13895,329,329,107,3.0748,29,3,0.0,1290
13896,13896,255,227,74,3.0676,28,3,0.0,1290
13897,13897,108,108,35,3.0857,15,3,0.0,1240
13898,13898,159,159,52,3.0577,17,3,0.0,1290
13899,13899,138,138,45,3.0667,26,3,0.0,1240
13900,13900,178,178,58,3.069,32,3,0.0,1332
13901,13901,372,372,121,3.0744,38,3,0.0,1332
13902,13902,0,0,0,0.0,0,3,0.0,1237
13903,13903,22,22,7,3.1429,42,3,0.0,1332
13904,13904,132,132,43,3.0698,68,3,0.0,1332
13905,13905,147,147,48,3.0625,17,3,0.0,1332
13906,13906,144,144,47,3.0638,19,3,0.0,1332
13907,13907,150,150,49,3.0612,17,3,0.0,1237
13908,13908,168,168,55,3.0545,18,3,0.0,1237
13909,13909,105,105,34,3.0882,4,3,0.0,1237
13910,13910,62,62,20,3.1,15,3,0.0,1237
13911,13911,102,102,33,3.0909,15,3,0.0,1237
13912,13912,86,86,31,2.7742,19,3,0.0,1446
13913,13913,201,201,72,2.7917,22,3,0.0,1512
13914,13914,197,197,70,2.8143,17,3,0.0,1446
13915,13915,264,264,94,2.8085,19,3,0.0,1441
13916,13916,90,90,32,2.8125,18,3,0.0,1441
13917,13917,160,160,57,2.807,16,3,0.0,1441
13918,13918,197,197,70,2.8143,24,3,0.0,1441
13919,13919,107,107,38,2.8158,15,3,0.0,1441
13920,13920,51,51,18,2.8333,1,3,0.0,1441
13921,13921,0,0,0,0.0,71,3,0.0,1560
13922,13922,163,163,58,2.8103,28,3,0.0,1560
13923,13923,36,36,13,2.7692,19,3,0.0,1560
13924,13924,70,70,25,2.8,189,3,0.0,1512
13925,13925,180,180,64,2.8125,5,3,0.0,1441
13926,13926,373,373,162,2.3025,99,3,0.0,1479
13927,13927,145,145,63,2.3016,9,3,0.0,1479
13928,13928,247,247,107,2.3084,41,3,0.0,1479
13929,13929,204,204,89,2.2921,26,3,0.0,1479
13930,13930,0,0,0,0.0,968,3,0.0,1501
13931,13931,0,0,0,0.0,1083,3,0.0,1501
13932,13932,60,60,26,2.3077,15,3,0.0,1374
13933,13933,28,28,12,2.3333,14,3,0.0,1374
13934,13934,1109,1109,480,2.3104,128,3,0.0,1479
13935,13935,87,87,38,2.2895,21,3,0.0,1374
13936,13936,0,0,0,0.0,389,3,0.0,1374
13937,13937,588,588,255,2.3059,116,3,0.0,1374
13938,13938,219,219,95,2.3053,33,3,0.0,1374
13939,13939,0,0,0,0.0,64,3,0.0,1439
13940,13940,331,331,115,2.8783,41,3,0.0,1439
13941,13941,291,291,101,2.8812,33,3,0.0,1363
13942,13942,158,158,55,2.8727,21,3,0.0,1439
13943,13943,166,166,58,2.8621,9,3,0.0,1439
13944,13944,150,150,52,2.8846,22,3,0.0,1363
13945,13945,133,133,46,2.8913,43,3,0.0,1347
13946,13946,213,213,74,2.8784,30,3,0.0,1347
13947,13947,297,297,117,2.5385,45,3,0.0,1297
13948,13948,234,234,92,2.5435,35,3,0.0,1297
13949,13949,0,0,0,0.0,77,3,0.0,1207
13950,13950,111,111,44,2.5227,26,3,0.0,1207
13951,13951,64,64,25,2.56,15,3,0.0,1207
13952,13952,77,77,30,2.5667,16,3,0.0,1207
13953,13953,208,208,82,2.5366,24,3,0.0,1207
13954,13954,93,93,35,2.6571,19,3,0.0,1016
13955,13955,67,67,25,2.68,3,3,0.0,1016
13956,13956,85,85,32,2.6562,20,3,0.0,1016
13957,13957,75,75,28,2.6786,15,3,0.0,1016
13958,13958,67,67,25,2.68,15,3,0.0,1016
13959,13959,0,0,0,0.0,69,3,0.0,1016
13960,13960,297,297,111,2.6757,22,3,0.0,1016
13961,13961,163,163,61,2.6721,52,3,0.0,1016
13962,13962,214,214,80,2.675,24,3,0.0,1086
13963,13963,104,104,39,2.6667,23,3,0.0,1086
13964,13964,0,0,0,0.0,22,3,0.0,1086
13965,13965,202,202,76,2.6579,17,3,0.0,1086
13966,13966,67,67,25,2.68,13,3,0.0,1086
13967,13967,50,50,19,2.6316,33,3,0.0,1086
13968,13968,0,0,0,0.0,449,3,0.0,1238
13969,13969,154,154,61,2.5246,24,3,0.0,1238
13970,13970,48,48,19,2.5263,15,3,0.0,1238
13971,13971,142,142,56,2.5357,25,3,0.0,1238
13972,13972,219,219,86,2.5465,36,3,0.0,1238
13973,13973,346,346,136,2.5441,47,3,0.0,1238
13974,13974,194,194,76,2.5526,22,3,0.0,1238
13975,13975,216,216,87,2.4828,5,3,0.0,1180
13976,13976,565,565,227,2.489,61,3,0.0,1180
13977,13977,567,567,228,2.4868,59,3,2.175,1156
13978,13978,592,592,238,2.4874,73,3,2.09,1156
13979,13979,520,520,209,2.488,47,3,0.0,1180
13980,13980,499,0,0,0.0,343,3,3.821,1196
13981,13981,225,225,106,2.1226,2,3,5.077,1196
13982,13982,1152,1152,541,2.1294,123,3,4.832,1196
13983,13983,0,0,0,0.0,59,3,5.192,1196
13984,13984,144,144,69,2.087,31,3,3.667,1125
13985,13985,1311,1311,572,2.292,63,3,2.062,1109
13986,13986,853,853,372,2.293,41,3,1.709,1109
13987,13987,753,753,329,2.2888,95,3,2.383,1109
13988,13988,1196,1196,521,2.2956,192,3,0.72,1109
13989,13989,630,630,299,2.107,25,3,0.0,1047
13990,13990,205,205,98,2.0918,26,3,0.0,1047
13991,13991,153,153,73,2.0959,17,3,0.0,1047
13992,13992,188,188,89,2.1124,17,3,0.0,1026
13993,13993,381,381,181,2.105,30,3,0.0,1026
13994,13994,0,0,0,0.0,381,3,1.727,1039
13995,13995,112,112,45,2.4889,26,3,5.787,1272
13996,13996,0,0,0,0.0,0,3,4.746,1255
13997,13997,0,0,0,0.0,554,3,5.312,1255
13998,13998,0,0,0,0.0,156,3,5.165,1255
13999,13999,0,0,0,0.0,143,3,5.894,1255
14000,14000,650,650,257,2.5292,61,3,7.032,1311
14001,14001,0,0,0,0.0,215,3,2.888,1049
14002,14002,0,0,0,0.0,2754,3,5.923,1244
14003,14003,0,0,0,0.0,182,3,6.139,1280
14004,14004,208,208,90,2.3111,20,3,6.652,1280
14005,14005,0,0,0,0.0,4942,3,6.723,1328
14006,14006,0,0,0,0.0,427,3,7.45,1328
14007,14007,0,0,0,0.0,133,3,6.784,1258
14008,14008,0,0,0,0.0,1071,3,6.477,1258
14009,14009,0,0,0,0.0,4368,3,4.677,1102
14010,14010,0,0,0,0.0,1422,3,4.797,1102
14011,14011,774,774,334,2.3174,23,3,7.322,1214
14012,14012,0,0,0,0.0,2167,3,0.0,1214
14013,14013,0,0,0,0.0,767,3,8.685,1214
14014,14014,0,0,0,0.0,629,3,8.918,1307
14015,14015,0,0,0,0.0,2484,3,0.0,1307
14016,14016,0,0,0,0.0,317,3,10.167,1307
14017,14017,0,0,0,0.0,274,3,0.0,1307
14018,14018,0,0,0,0.0,470,3,0.0,1214
14019,14019,0,0,0,0.0,1184,3,0.0,1214
14020,14020,0,0,0,0.0,724,3,0.0,1174
14021,14021,0,0,0,0.0,741,3,0.0,1291
14022,14022,0,0,0,0.0,95,3,0.0,1210
14023,14023,0,0,0,0.0,0,3,0.0,1210
14024,14024,0,0,0,0.0,913,3,0.0,1210
14025,14025,0,0,0,0.0,258,3,0.0,1210
14026,14026,0,0,0,0.0,68,3,0.0,1110
14027,14027,226,226,97,2.3299,46,3,0.0,3379
14028,14028,240,240,103,2.3301,47,3,0.0,3379
14029,14029,44,44,19,2.3158,66,3,0.0,3379
14030,14030,258,258,111,2.3243,36,3,0.0,3391
14031,14031,226,226,106,2.1321,13,3,0.0,3517
14032,14032,79,79,37,2.1351,12,3,0.0,3517
14033,14033,420,420,197,2.132,18,3,0.0,3517
14034,14034,46,46,20,2.3,15,3,0.0,3497
14035,14035,90,90,39,2.3077,3,3,0.0,3580
14036,14036,158,158,69,2.2899,6,3,0.0,3580
14037,14037,19,19,8,2.375,0,3,0.0,3580
14038,14038,81,81,35,2.3143,3,3,0.0,3580
14039,14039,101,101,44,2.2955,4,3,0.0,3580
14040,14040,23,23,10,2.3,0,3,0.0,3580
14041,14041,820,820,356,2.3034,55,3,0.0,3580
14042,14042,79,79,34,2.3235,43,3,0.0,3541
14043,14043,124,124,54,2.2963,17,3,0.0,3408
14044,14044,343,343,150,2.2867,27,3,0.0,3287
14045,14045,190,190,83,2.2892,21,3,0.0,3287
14046,14046,473,473,207,2.285,46,3,0.0,3287
14047,14047,142,142,62,2.2903,20,3,0.0,3408
14048,14048,26,26,10,2.6,17,3,0.0,3614
14049,14049,74,74,29,2.5517,6,3,0.0,3875
14050,14050,21,21,8,2.625,14,3,0.0,3614
14051,14051,0,0,0,0.0,0,3,0.0,3614
14052,14052,71,71,28,2.5357,21,3,0.0,3614
14053,14053,0,0,0,0.0,108,3,0.0,3614
14054,14054,217,217,86,2.5233,44,3,0.0,3614
14055,14055,123,123,49,2.5102,26,3,0.0,3614
14056,14056,23,23,9,2.5556,21,3,0.0,3614
14057,14057,92,92,36,2.5556,43,3,0.0,3614
14058,14058,92,92,36,2.5556,24,3,0.0,3664
14059,14059,33,33,13,2.5385,14,3,0.0,3664
14060,14060,48,48,19,2.5263,18,3,0.0,3664
14061,14061,250,250,87,2.8736,23,3,0.0,3587
14062,14062,246,246,86,2.8605,26,3,0.0,3587
14063,14063,75,75,26,2.8846,16,3,0.0,3587
14064,14064,101,101,35,2.8857,18,3,0.0,3587
14065,14065,81,81,28,2.8929,15,3,0.0,3587
14066,14066,137,137,48,2.8542,22,3,0.0,3587
14067,14067,74,74,26,2.8462,15,3,0.0,3587
14068,14068,75,75,26,2.8846,20,3,0.0,3587
14069,14069,66,60,21,2.8571,30,3,0.0,3587
14070,14070,146,146,52,2.8077,19,3,0.0,3578
14071,14071,304,304,108,2.8148,368,3,0.0,3578
14072,14072,0,0,0,0.0,262,3,0.0,3578
14073,14073,440,440,157,2.8025,66,3,0.0,3578
14074,14074,0,0,0,0.0,0,3,0.0,3578
14075,14075,0,0,0,0.0,0,3,0.0,3376
14076,14076,638,638,254,2.5118,41,3,0.0,3285
14077,14077,98,0,0,0.0,253,3,0.0,3405
14078,14078,37,37,13,2.8462,13,3,0.0,3405
14079,14079,0,0,0,0.0,1630,3,0.0,3578
14080,14080,462,157,56,2.8036,595,3,0.0,3578
14081,14081,71,71,24,2.9583,17,3,0.0,3767
14082,14082,199,199,68,2.9265,41,3,0.0,3767
14083,14083,92,92,31,2.9677,22,3,0.0,3766
14084,14084,188,188,64,2.9375,35,3,0.0,3767
14085,14085,197,197,67,2.9403,31,3,0.0,3766
14086,14086,101,101,34,2.9706,26,3,0.0,3767
14087,14087,74,74,25,2.96,34,3,0.0,3766
14088,14088,20,20,7,2.8571,12,3,0.0,3578
14089,14089,29,29,10,2.9,2,3,0.0,3578
14090,14090,39,39,14,2.7857,2,3,0.0,3578
14091,14091,91,91,32,2.8438,14,3,0.0,3578
14092,14092,108,108,38,2.8421,20,3,0.0,3578
14093,14093,260,260,104,2.5,23,3,0.0,3285
14094,14094,0,0,0,0.0,0,3,0.0,3285
14095,14095,0,0,0,0.0,137,3,0.0,3380
14096,14096,220,220,73,3.0137,17,3,0.0,3380
14097,14097,77,77,24,3.2083,45,3,0.0,3469
14098,14098,36,36,11,3.2727,12,3,0.0,3647
14099,14099,0,0,0,0.0,338,3,0.0,3647
14100,14100,0,0,0,0.0,526,3,0.0,3530
14101,14101,0,0,0,0.0,183,3,0.0,3604
14102,14102,0,0,0,0.0,458,3,0.0,3604
14103,14103,0,0,0,0.0,208,3,0.0,3701
14104,14104,0,0,0,0.0,287,3,0.0,3701
14105,14105,0,0,0,0.0,0,3,0.0,3647
14106,14106,0,0,0,0.0,0,3,0.0,3647
14107,14107,0,0,0,0.0,1393,3,0.0,3813
14108,14108,0,0,0,0.0,750,3,0.0,3813
14109,14109,0,0,0,0.0,99,3,0.0,3853
14110,14110,0,0,0,0.0,0,3,0.0,3943
14111,14111,0,0,0,0.0,0,3,0.0,3853
14112,14112,0,0,0,0.0,425,3,0.0,3820
14113,14113,0,0,0,0.0,165,3,0.0,3820
14114,14114,0,0,0,0.0,816,3,0.0,3820
14115,14115,0,0,0,0.0,860,3,0.0,3820
14116,14116,0,0,0,0.0,565,3,0.0,3744
14117,14117,0,0,0,0.0,177,3,0.0,3744
14118,14118,0,0,0,0.0,17,3,0.0,3744
14119,14119,0,0,0,0.0,0,3,0.0,3744
14120,14120,0,0,0,0.0,499,3,0.0,3656
14121,14121,0,0,0,0.0,24,3,0.0,3673
14122,14122,0,0,0,0.0,449,3,0.0,3673
14123,14123,0,0,0,0.0,162,3,0.0,3673
14124,14124,0,0,0,0.0,407,3,0.0,3656
14125,14125,0,0,0,0.0,0,3,0.0,3697
14126,14126,3,3,1,3.0,0,3,0.0,3606
14127,14127,1158,1158,386,3.0,75,3,0.0,3545
14128,14128,91,91,30,3.0333,16,3,0.0,3545
14129,14129,144,144,48,3.0,6,3,0.0,3545
14130,14130,250,250,83,3.012,19,3,0.0,3545
14131,14131,45,45,15,3.0,16,3,0.0,3488
14132,14132,0,0,0,0.0,22,3,0.0,3429
14133,14133,315,315,105,3.0,33,3,0.0,3429
14134,14134,389,389,130,2.9923,37,3,0.0,3403
14135,14135,162,162,54,3.0,17,3,0.0,3403
14136,14136,0,0,0,0.0,358,3,0.0,3435
14137,14137,0,0,0,0.0,775,3,0.0,3564
14138,14138,0,0,0,0.0,472,3,0.0,3564
14139,14139,34,34,11,3.0909,12,3,0.0,3435
14140,14140,219,219,73,3.0,28,3,0.0,3435
14141,14141,264,264,88,3.0,10,3,0.0,3531
14142,14142,231,231,77,3.0,34,3,0.0,3531
14143,14143,156,156,52,3.0,23,3,0.0,3531
14144,14144,0,0,0,0.0,85,3,0.0,3554
14145,14145,0,0,0,0.0,141,3,0.0,3554
14146,14146,0,0,0,0.0,184,3,0.0,3606
14147,14147,0,0,0,0.0,40,3,0.0,3606
14148,14148,0,0,0,0.0,69,3,0.0,3629
14149,14149,0,0,0,0.0,0,3,0.0,3629
14150,14150,264,264,88,3.0,37,3,0.0,3629
14151,14151,0,0,0,0.0,44,3,0.0,3629
14152,14152,159,159,53,3.0,17,3,0.0,3606
14153,14153,202,202,64,3.1562,41,3,0.0,3697
14154,14154,0,0,0,0.0,32,3,0.0,3697
14155,14155,200,200,63,3.1746,29,3,0.0,3697
14156,14156,113,113,36,3.1389,5,3,0.0,3697
14157,14157,0,0,0,0.0,98,3,0.0,3697
14158,14158,0,0,0,0.0,0,3,0.0,3805
14159,14159,0,0,0,0.0,125,3,0.0,3805
14160,14160,0,0,0,0.0,59,3,0.0,3805
14161,14161,23,23,7,3.2857,22,3,0.0,3805
14162,14162,93,93,29,3.2069,15,3,0.0,3805
14163,14163,117,117,37,3.1622,29,3,0.0,3805
14164,14164,41,36,11,3.2727,47,3,0.0,3805
14165,14165,172,168,53,3.1698,19,3,0.0,3943
14166,14166,80,80,25,3.2,16,3,0.0,3943
14167,14167,288,288,91,3.1648,27,3,0.0,3943
14168,14168,122,122,41,2.9756,89,3,0.0,3797
14169,14169,207,207,69,3.0,25,3,0.0,3797
14170,14170,0,0,0,0.0,133,3,0.0,3797
14171,14171,0,0,0,0.0,19,3,0.0,3797
14172,14172,91,91,30,3.0333,14,3,0.0,3797
14173,14173,415,415,139,2.9856,38,3,0.0,3797
14174,14174,0,0,0,0.0,545,3,0.0,3724
14175,14175,577,577,193,2.9896,68,3,0.0,3731
14176,14176,0,0,0,0.0,222,3,0.0,3648
14177,14177,0,0,0,0.0,176,3,0.0,3593
14178,14178,0,0,0,0.0,31,3,0.0,3593
14179,14179,83,83,28,2.9643,3,3,0.0,3534
14180,14180,114,114,39,2.9231,3,3,0.0,3534
14181,14181,123,123,42,2.9286,3,3,0.0,3581
14182,14182,21,21,7,3.0,0,3,0.0,3590
14183,14183,107,107,36,2.9722,3,3,0.0,3534
14184,14184,59,59,20,2.95,2,3,0.0,3581
14185,14185,168,168,57,2.9474,5,3,0.0,3639
14186,14186,197,197,67,2.9403,17,3,0.0,3590
14187,14187,210,210,71,2.9577,17,3,0.0,3590
14188,14188,59,59,20,2.95,12,3,0.0,3639
14189,14189,111,111,36,3.0833,12,3,0.0,3538
14190,14190,107,107,36,2.9722,13,3,0.0,3534
14191,14191,41,41,14,2.9286,1,3,0.0,3534
14192,14192,52,52,17,3.0588,12,3,0.0,3443
14193,14193,65,65,21,3.0952,1,3,0.0,3459
14194,14194,74,74,24,3.0833,24,3,0.0,3538
14195,14195,77,77,25,3.08,1,3,0.0,3538
14196,14196,50,50,17,2.9412,13,3,0.0,3613
14197,14197,80,80,27,2.963,14,3,0.0,3613
14198,14198,71,71,23,3.087,22,3,0.0,3459
14199,14199,109,109,35,3.1143,25,3,0.0,3468
14200,14200,68,68,22,3.0909,1,3,0.0,3468
14201,14201,71,71,23,3.087,15,3,0.0,3450
14202,14202,144,144,49,2.9388,19,3,0.0,3613
14203,14203,135,135,46,2.9348,15,3,0.0,3613
14204,14204,301,301,102,2.951,29,3,0.0,3679
14205,14205,162,162,55,2.9455,16,3,0.0,3679
14206,14206,0,0,0,0.0,41,3,0.0,3679
14207,14207,138,138,47,2.9362,24,3,0.0,3679
14208,14208,138,138,47,2.9362,4,3,0.0,3613
14209,14209,188,188,64,2.9375,17,3,0.0,3679
14210,14210,61,61,21,2.9048,58,3,0.0,3685
14211,14211,30,30,10,3.0,11,3,0.0,3685
14212,14212,53,53,18,2.9444,12,3,0.0,3685
14213,14213,165,165,55,3.0,18,3,0.0,3845
14214,14214,37,37,12,3.0833,12,3,0.0,3731
14215,14215,411,411,138,2.9783,26,3,0.0,3731
14216,14216,84,84,28,3.0,3,3,0.0,3736
14217,14217,227,227,76,2.9868,19,3,0.0,3736
14218,14218,91,91,30,3.0333,15,3,0.0,3789
14219,14219,181,131,44,2.9773,35,3,0.0,3736
14220,14220,168,168,57,2.9474,19,3,0.0,3685
14221,14221,65,65,22,2.9545,24,3,0.0,3685
14222,14222,88,88,29,3.0345,3,3,0.0,3845
14223,14223,122,122,41,2.9756,17,3,0.0,3845
14224,14224,117,117,40,2.925,32,3,0.0,3766
14225,14225,193,193,63,3.0635,14,3,0.0,3468
14226,14226,179,179,58,3.0862,17,3,0.0,3450
14227,14227,68,68,24,2.8333,15,3,0.0,3514
14228,14228,51,51,18,2.8333,15,3,0.0,3646
14229,14229,102,102,36,2.8333,17,3,0.0,3646
14230,14230,151,151,54,2.7963,26,3,0.0,3646
14231,14231,34,34,12,2.8333,2,3,0.0,3514
14232,14232,196,196,70,2.8,21,3,0.0,3646
14233,14233,65,65,23,2.8261,3,3,0.0,3514
14234,14234,134,94,33,2.8485,37,3,0.0,3748
14235,14235,218,218,74,2.9459,28,3,0.0,3766
14236,14236,135,135,46,2.9348,142,3,0.0,3766
14237,14237,32,32,11,2.9091,1,3,0.0,3646
14238,14238,14,14,5,2.8,0,3,0.0,3748
14239,14239,23,23,8,2.875,17,3,0.0,3646
14240,14240,0,0,0,0.0,0,3,0.0,3646
14241,14241,0,0,0,0.0,0,3,0.0,3646
14242,14242,0,0,0,0.0,0,3,0.0,3512
14243,14243,186,186,66,2.8182,8,3,0.0,3512
14244,14244,94,94,33,2.8485,14,3,0.0,3512
14245,14245,126,126,45,2.8,20,3,0.0,3512
14246,14246,104,104,35,2.9714,17,3,0.0,3766
14247,14247,6,6,2,3.0,24,5,0.0,4256
14248,14248,0,0,0,0.0,25,5,0.0,4069
14249,14249,0,0,0,0.0,0,5,0.0,4245
14250,14250,0,0,0,0.0,0,5,0.0,4200
14251,14251,0,0,0,0.0,0,5,0.0,4129
14252,14252,422,422,181,2.3315,27,3,0.0,2454
14253,14253,221,221,95,2.3263,20,3,0.0,2454
14254,14254,318,318,136,2.3382,17,3,0.0,2454
14255,14255,626,626,221,2.8326,36,3,0.0,2467
14256,14256,0,0,0,0.0,89,3,0.0,2324
14257,14257,0,0,0,0.0,177,3,0.0,2324
14258,14258,0,0,0,0.0,453,3,0.0,2324
14259,14259,0,0,0,0.0,495,3,0.0,2356
14260,14260,0,0,0,0.0,654,3,0.0,2324
14261,14261,0,0,0,0.0,174,3,0.0,2324
14262,14262,323,323,114,2.8333,19,3,0.0,2333
14263,14263,394,394,124,3.1774,64,3,0.0,2102
14264,14264,418,418,141,2.9645,44,3,0.0,2137
14265,14265,477,477,161,2.9627,36,3,0.0,1971
14266,14266,0,0,0,0.0,0,3,0.0,2137
14267,14267,216,216,73,2.9589,22,3,0.0,1971
14268,14268,398,398,134,2.9701,35,3,0.0,1832
14269,14269,350,350,118,2.9661,30,3,0.0,1832
14270,14270,0,0,0,0.0,803,3,0.0,1905
14271,14271,0,0,0,0.0,0,3,0.0,1767
14272,14272,0,0,0,0.0,0,3,0.0,1767
14273,14273,0,0,0,0.0,757,3,0.0,2148
14274,14274,0,0,0,0.0,0,3,0.0,1952
14275,14275,0,0,0,0.0,767,3,0.0,2158
14276,14276,0,0,0,0.0,139,3,0.0,2245
14277,14277,0,0,0,0.0,852,3,0.0,2255
14278,14278,0,0,0,0.0,332,3,0.0,2200
14279,14279,0,0,0,0.0,370,3,0.0,2171
14280,14280,0,0,0,0.0,532,3,0.0,2131
14281,14281,0,0,0,0.0,139,3,0.0,2093
14282,14282,0,0,0,0.0,522,3,0.0,2245
14283,14283,0,0,0,0.0,160,3,0.0,2171
14284,14284,0,0,0,0.0,235,3,0.0,2171
14285,14285,0,0,0,0.0,60,3,0.0,2061
14286,14286,0,0,0,0.0,357,3,0.0,2061
14287,14287,0,0,0,0.0,244,3,0.0,2090
14288,14288,0,0,0,0.0,471,3,0.0,1997
14289,14289,0,0,0,0.0,202,3,0.0,1833
14290,14290,0,0,0,0.0,1155,3,0.0,1833
14291,14291,0,0,0,0.0,102,3,0.0,1833
14292,14292,0,0,0,0.0,419,3,0.0,1907
14293,14293,0,0,0,0.0,199,3,0.0,1907
14294,14294,0,0,0,0.0,357,3,0.0,1887
14295,14295,0,0,0,0.0,412,3,0.0,1759
14296,14296,0,0,0,0.0,199,3,0.0,1784
14297,14297,0,0,0,0.0,178,3,0.0,1759
14298,14298,0,0,0,0.0,218,3,0.0,1759
14299,14299,0,0,0,0.0,906,3,0.0,1646
14300,14300,0,0,0,0.0,371,3,0.0,1565
14301,14301,0,0,0,0.0,277,3,0.0,1565
14302,14302,0,0,0,0.0,474,3,0.0,1565
14303,14303,0,0,0,0.0,455,3,0.0,1524
14304,14304,0,0,0,0.0,638,3,0.0,1524
14305,14305,0,0,0,0.0,284,3,0.0,1404
14306,14306,0,0,0,0.0,0,3,0.0,1450
14307,14307,0,0,0,0.0,491,3,0.0,1524
14308,14308,0,0,0,0.0,0,3,0.0,1404
14309,14309,0,0,0,0.0,134,3,0.0,1560
14310,14310,382,382,136,2.8088,32,3,0.0,1560
14311,14311,48,48,20,2.4,15,6,0.0,112
14312,14312,144,144,60,2.4,21,6,0.0,112
14313,14313,120,120,50,2.4,7,6,0.0,112
14314,14314,69,69,29,2.3793,4,6,0.0,112
14315,14315,12,12,5,2.4,0,6,0.0,112
14316,14316,93,93,39,2.3846,21,6,0.0,135
14317,14317,199,199,83,2.3976,39,6,0.0,125
14318,14318,74,74,31,2.3871,15,6,0.0,137
14319,14319,272,272,97,2.8041,8,6,0.0,131
14320,14320,0,0,0,0.0,95,6,0.0,141
14321,14321,56,56,20,2.8,2,6,0.0,126
14322,14322,0,0,0,0.0,0,6,0.0,126
14323,14323,347,347,125,2.776,59,6,0.0,157
14324,14324,199,199,72,2.7639,21,6,0.0,157
14325,14325,240,240,77,3.1169,101,6,0.0,153
14326,14326,192,192,79,2.4304,22,6,0.0,155
14327,14327,152,152,54,2.8148,27,6,0.0,139
14328,14328,0,0,0,0.0,44,6,0.0,139
14329,14329,0,0,0,0.0,12,6,0.0,139
14330,14330,0,0,0,0.0,0,6,0.0,153
14331,14331,0,0,0,0.0,29,6,0.0,153
14332,14332,1653,1653,530,3.1189,317,6,0.0,153
14333,14333,276,276,114,2.4211,19,6,0.0,155
14334,14334,424,424,175,2.4229,28,6,0.0,155
14335,14335,609,609,251,2.4263,46,6,0.0,155
14336,14336,4,4,2,2.0,500,6,0.0,159
14337,14337,3,3,1,3.0,138,6,0.0,155
14338,14338,0,0,0,0.0,0,6,0.0,170
14339,14339,0,0,0,0.0,166,3,3.778,978
14340,14340,0,0,0,0.0,27,3,4.172,978
14341,14341,365,365,157,2.3248,32,3,7.871,1214
14342,14342,97,97,42,2.3095,1,3,7.306,1214
14343,14343,344,344,148,2.3243,3,3,7.632,1214
14344,14344,27,27,10,2.7,188,7,0.0,4046
14345,14345,0,0,0,0.0,1595,7,0.0,4100
14346,14346,18,18,6,3.0,15,7,0.0,3907
14347,14347,15,15,5,3.0,20,7,0.0,4100
14348,14348,3,3,1,3.0,0,7,0.0,4100
14349,14349,3,3,1,3.0,25,7,0.0,3551
14350,14350,72,72,24,3.0,3,7,0.0,3828
14351,14351,56,56,19,2.9474,73,7,0.0,3828
14352,14352,12,12,4,3.0,19,7,0.0,3828
14353,14353,253,253,80,3.1625,40,7,0.0,4101
14354,14354,12,12,4,3.0,1,7,0.0,4101
14355,14355,442,442,140,3.1571,67,7,0.0,3995
14356,14356,220,220,70,3.1429,37,7,0.0,3995
14357,14357,354,354,112,3.1607,53,7,0.0,3995
14358,14358,90,90,39,2.3077,3386,3,1.696,1110
14359,14359,0,0,0,0.0,1410,3,1.827,1110
14360,14360,0,0,0,0.0,438,3,0.0,1110
14361,14361,78,78,38,2.0526,933,6,0.264,448
14362,14362,2,2,1,2.0,179,6,0.263,448
14363,14363,0,0,0,0.0,213,6,0.256,448
14364,14364,54,54,26,2.0769,27,6,0.257,477
14365,14365,0,0,0,0.0,29,6,0.272,440
14366,14366,68,68,33,2.0606,15,6,0.266,479
14367,14367,28,28,13,2.1538,2,6,0.265,479
14368,14368,70,70,34,2.0588,21,6,0.262,479
14369,14369,66,66,32,2.0625,17,6,0.258,479
14370,14370,15,15,7,2.1429,137,6,0.25,477
14371,14371,10,10,5,2.0,376,6,0.0,452
14372,14372,4,4,2,2.0,234,6,0.0,452
14373,14373,19,19,9,2.1111,338,6,0.0,477
14374,14374,25,25,12,2.0833,19,6,0.0,477
14375,14375,25,25,12,2.0833,14,6,0.0,477
14376,14376,73,73,36,2.0278,16,6,0.0,521
14377,14377,16,16,6,2.6667,83,6,0.0,422
14378,14378,24,24,9,2.6667,28,6,0.0,403
14379,14379,26,26,10,2.6,81,6,0.0,403
14380,14380,0,0,0,0.0,0,6,0.0,403
14381,14381,0,0,0,0.0,365,6,0.0,443
14382,14382,0,0,0,0.0,0,6,0.0,443
14383,14383,113,113,45,2.5111,28,6,0.0,323
14384,14384,35,35,14,2.5,15,6,0.0,367
14385,14385,52,52,21,2.4762,28,6,0.0,323
14386,14386,52,52,21,2.4762,33,6,0.0,367
14387,14387,62,62,25,2.48,15,6,0.0,316
14388,14388,60,60,24,2.5,4,6,0.0,323
14389,14389,54,54,22,2.4545,14,6,0.0,316
14390,14390,13,13,5,2.6,12,6,0.0,316
14391,14391,67,67,27,2.4815,14,6,0.0,316
14392,14392,52,52,21,2.4762,31,6,0.0,316
14393,14393,98,98,39,2.5128,20,6,0.0,316
14394,14394,50,50,20,2.5,13,6,0.0,316
14395,14395,8,0,0,0.0,12,6,0.0,281
14396,14396,166,166,71,2.338,38,6,0.0,245
14397,14397,94,94,40,2.35,31,6,0.0,245
14398,14398,253,253,108,2.3426,51,6,0.0,240
14399,14399,0,0,0,0.0,0,6,0.0,177
14400,14400,185,185,70,2.6429,3,6,0.0,177
14401,14401,922,922,316,2.9177,34,6,0.0,189
14402,14402,0,0,0,0.0,25,6,0.0,177
14403,14403,183,183,91,2.011,38,2,0.113,2355
14404,14404,0,0,0,0.0,841,3,0.0,1110
14405,14405,112,112,39,2.8718,16,5,0.0,4572
14406,14406,209,209,73,2.863,205,5,0.0,4522
14407,14407,96,17,6,2.8333,24,5,0.0,4535
14408,14408,35,35,12,2.9167,2,5,0.0,4572
14409,14409,448,448,155,2.8903,47,5,0.0,4535
14410,14410,763,763,264,2.8902,94,5,0.0,4572
14411,14411,41,41,14,2.9286,26,5,0.0,4572
14412,14412,635,635,219,2.8995,65,5,0.0,4572
14413,14413,441,441,153,2.8824,53,5,0.0,4525
14414,14414,229,229,79,2.8987,31,5,0.0,4525
14415,14415,1957,1957,676,2.895,314,5,0.0,4525
14416,14416,3,3,1,3.0,200,5,0.0,4525
14417,14417,25,25,9,2.7778,23,5,0.0,4439
14418,14418,0,0,0,0.0,0,5,0.0,4439
14419,14419,111,111,41,2.7073,18,5,0.0,4439
14420,14420,139,139,51,2.7255,18,5,0.0,4439
14421,14421,149,149,55,2.7091,73,5,0.0,4480
14422,14422,68,68,25,2.72,18,5,0.0,4452
14423,14423,487,487,179,2.7207,46,5,0.0,4419
14424,14424,174,174,64,2.7188,40,5,0.0,4487
14425,14425,790,790,289,2.7336,70,5,0.0,4487
14426,14426,16,16,6,2.6667,0,5,0.0,4334
14427,14427,145,145,53,2.7358,29,5,0.0,4419
14428,14428,155,155,57,2.7193,28,5,0.0,4328
14429,14429,95,95,35,2.7143,14,5,0.0,4375
14430,14430,119,119,48,2.4792,14,5,0.0,4351
14431,14431,0,0,0,0.0,717,5,0.0,4418
14432,14432,413,413,165,2.503,36,5,0.0,4447
14433,14433,207,207,83,2.494,18,5,0.0,4483
14434,14434,247,247,99,2.4949,28,5,0.0,4447
14435,14435,1582,1413,564,2.5053,441,5,0.0,4475
14436,14436,497,497,172,2.8895,142,5,0.0,4572
14437,14437,9,9,3,3.0,0,5,0.0,4572
14438,14438,68,68,24,2.8333,30,5,0.0,4535
14439,14439,306,306,106,2.8868,33,5,0.0,4535
14440,14440,124,124,43,2.8837,17,5,0.0,4535
14441,14441,152,152,56,2.7143,9,5,0.0,4480
14442,14442,0,0,0,0.0,0,5,0.0,4480
14443,14443,193,193,71,2.7183,31,5,0.0,4480
14444,14444,19,19,7,2.7143,19,5,0.0,4452
14445,14445,44,44,16,2.75,68,5,0.0,4452
14446,14446,16,16,6,2.6667,76,5,0.0,4452
14447,14447,0,0,0,0.0,0,5,0.0,4487
14448,14448,139,139,51,2.7255,99,5,0.0,4381
14449,14449,90,90,33,2.7273,85,5,0.0,4375
14450,14450,49,49,18,2.7222,3,5,0.0,4375
14451,14451,155,155,57,2.7193,31,5,0.0,4381
14452,14452,171,171,63,2.7143,26,5,0.0,4334
14453,14453,84,84,31,2.7097,16,5,0.0,4334
14454,14454,19,19,7,2.7143,14,5,0.0,4381
14455,14455,58,58,22,2.6364,3,5,0.0,4334
14456,14456,274,274,111,2.4685,24,5,0.0,4377
14457,14457,598,598,242,2.4711,344,5,0.0,4434
14458,14458,0,0,0,0.0,85,5,0.0,4483
14459,14459,386,386,154,2.5065,35,5,0.0,4447
14460,14460,529,529,211,2.5071,25,5,0.0,4483
14461,14461,381,381,152,2.5066,29,5,0.0,4483
14462,14462,270,270,108,2.5,216,5,0.0,4488
14463,14463,0,0,0,0.0,821,5,0.0,4488
14464,14464,6,6,2,3.0,11,5,0.0,4383
14465,14465,93,93,30,3.1,23,5,0.0,4383
14466,14466,163,163,53,3.0755,29,5,0.0,4383
14467,14467,71,71,23,3.087,16,5,0.0,4383
14468,14468,166,166,54,3.0741,24,5,0.0,4383
14469,14469,191,191,62,3.0806,27,5,0.0,4348
14470,14470,163,163,53,3.0755,22,5,0.0,4348
14471,14471,172,172,56,3.0714,27,5,0.0,4395
14472,14472,84,84,27,3.1111,19,5,0.0,4383
14473,14473,55,55,18,3.0556,18,5,0.0,4383
14474,14474,46,46,15,3.0667,22,5,0.0,4383
14475,14475,175,175,57,3.0702,23,5,0.0,4383
14476,14476,160,160,52,3.0769,26,5,0.0,4395
14477,14477,163,163,53,3.0755,22,5,0.0,4395
14478,14478,64,64,21,3.0476,17,5,0.0,4348
14479,14479,150,150,49,3.0612,9,5,0.0,4395
14480,14480,105,105,34,3.0882,21,5,0.0,4395
14481,14481,53,51,19,2.6842,13,5,0.0,4430
14482,14482,8,8,3,2.6667,0,5,0.0,4482
14483,14483,38,38,14,2.7143,1,5,0.0,4430
14484,14484,127,127,47,2.7021,16,5,0.0,4482
14485,14485,2,2,1,2.0,0,5,0.0,4494
14486,14486,8,8,3,2.6667,0,5,0.0,4494
14487,14487,100,100,37,2.7027,18,5,0.0,4481
14488,14488,205,205,76,2.6974,19,5,0.0,4454
14489,14489,476,476,175,2.72,59,5,0.0,4489
14490,14490,202,202,74,2.7297,18,5,0.0,4451
14491,14491,344,344,126,2.7302,49,5,0.0,4451
14492,14492,0,0,0,0.0,168,5,0.0,4489
14493,14493,164,164,60,2.7333,17,5,0.0,4482
14494,14494,33,33,12,2.75,1,5,0.0,4494
14495,14495,65,65,23,2.8261,3,5,0.0,4574
14496,14496,176,176,61,2.8852,19,5,0.0,4528
14497,14497,370,370,128,2.8906,56,5,0.0,4504
14498,14498,327,327,113,2.8938,37,5,0.0,4528
14499,14499,312,312,108,2.8889,30,5,0.0,4528
14500,14500,59,59,21,2.8095,3,5,0.0,4571
14501,14501,14,14,5,2.8,0,5,0.0,4571
14502,14502,341,341,118,2.8898,26,5,0.0,4528
14503,14503,111,111,39,2.8462,16,5,0.0,4528
14504,14504,29,29,10,2.9,11,5,0.0,4574
14505,14505,177,177,62,2.8548,20,5,0.0,4571
14506,14506,295,295,103,2.8641,30,5,0.0,4524
14507,14507,350,350,122,2.8689,112,5,0.0,4571
14508,14508,186,186,65,2.8615,28,5,0.0,4518
14509,14509,216,216,75,2.88,42,5,0.0,4518
14510,14510,280,280,98,2.8571,27,5,0.0,4561
14511,14511,34,34,11,3.0909,2,5,0.0,4627
14512,14512,122,122,39,3.1282,46,5,0.0,4610
14513,14513,486,486,156,3.1154,39,5,0.0,4627
14514,14514,152,152,49,3.102,24,5,0.0,4603
14515,14515,85,85,27,3.1481,132,5,0.0,4630
14516,14516,0,0,0,0.0,0,5,0.0,4648
14517,14517,506,506,162,3.1235,118,5,0.0,4590
14518,14518,43,43,15,2.8667,2,5,0.0,4703
14519,14519,140,140,49,2.8571,18,5,0.0,4688
14520,14520,6,6,2,3.0,0,5,0.0,4647
14521,14521,6,6,2,3.0,11,5,0.0,4714
14522,14522,78,78,27,2.8889,25,5,0.0,4714
14523,14523,271,271,95,2.8526,36,5,0.0,4703
14524,14524,0,0,0,0.0,0,5,0.0,4647
14525,14525,81,81,28,2.8929,3,5,0.0,4684
14526,14526,51,51,18,2.8333,2,5,0.0,4699
14527,14527,17,17,6,2.8333,0,5,0.0,4647
14528,14528,134,134,47,2.8511,6,5,0.0,4699
14529,14529,16,16,6,2.6667,0,5,0.0,4679
14530,14530,111,111,39,2.8462,18,5,0.0,4679
14531,14531,59,59,21,2.8095,3,5,0.0,4679
14532,14532,29,29,10,2.9,12,5,0.0,4718
14533,14533,0,0,0,0.0,0,5,0.0,4718
14534,14534,335,335,117,2.8632,66,5,0.0,4718
14535,14535,17,17,6,2.8333,592,5,0.0,4671
14536,14536,17,17,6,2.8333,0,5,0.0,4716
14537,14537,9,9,3,3.0,126,5,0.0,4658
14538,14538,0,0,0,0.0,0,5,0.0,4677
14539,14539,664,664,232,2.8621,52,5,0.0,4658
14540,14540,254,254,89,2.8539,28,5,0.0,4716
14541,14541,509,509,178,2.8596,83,5,0.0,4664
14542,14542,26,26,9,2.8889,15,5,0.0,4664
14543,14543,253,253,89,2.8427,71,5,0.0,4684
14544,14544,194,194,64,3.0312,28,5,0.0,4750
14545,14545,148,148,49,3.0204,16,5,0.0,4735
14546,14546,188,188,62,3.0323,19,5,0.0,4738
14547,14547,352,352,116,3.0345,36,5,0.0,4743
14548,14548,40,40,13,3.0769,1,5,0.0,4725
14549,14549,146,146,48,3.0417,381,5,0.0,4725
14550,14550,0,0,0,0.0,0,5,0.0,4733
14551,14551,0,0,0,0.0,0,5,0.0,4733
14552,14552,60,60,20,3.0,2,5,0.0,4725
14553,14553,3,3,1,3.0,3330,5,0.0,4733
14554,14554,169,169,56,3.0179,23,5,0.0,4726
14555,14555,15,15,5,3.0,26,5,0.0,4749
14556,14556,12,12,4,3.0,0,5,0.0,4749
14557,14557,21,21,7,3.0,12,5,0.0,4749
14558,14558,328,328,108,3.037,37,5,0.0,4748
14559,14559,452,452,149,3.0336,50,5,0.0,4735
14560,14560,392,392,129,3.0388,85,5,0.0,4735
14561,14561,401,401,145,2.7655,52,5,0.0,4493
14562,14562,296,296,107,2.7664,45,5,0.0,4486
14563,14563,89,89,32,2.7812,19,5,0.0,4486
14564,14564,190,190,69,2.7536,64,5,0.0,4516
14565,14565,68,68,25,2.72,4,5,0.0,4543
14566,14566,348,348,126,2.7619,38,5,0.0,4516
14567,14567,49,49,18,2.7222,3,5,0.0,4543
14568,14568,271,271,98,2.7653,31,5,0.0,4516
14569,14569,119,119,43,2.7674,22,5,0.0,4530
14570,14570,278,278,101,2.7525,36,5,0.0,4530
14571,14571,331,331,120,2.7583,37,5,0.0,4497
14572,14572,90,90,28,3.2143,67,5,0.0,4600
14573,14573,87,87,27,3.2222,23,5,0.0,4600
14574,14574,143,143,45,3.1778,29,5,0.0,4616
14575,14575,140,140,44,3.1818,27,5,0.0,4583
14576,14576,56,56,18,3.1111,13,5,0.0,4574
14577,14577,137,130,41,3.1707,29,5,0.0,4543
14578,14578,196,196,62,3.1613,36,5,0.0,4574
14579,14579,178,178,60,2.9667,16,5,0.0,4458
14580,14580,41,41,15,2.7333,1,5,0.0,4430
14581,14581,29,29,11,2.6364,1,5,0.0,4430
14582,14582,5,5,2,2.5,0,5,0.0,4383
14583,14583,92,92,34,2.7059,15,5,0.0,4428
14584,14584,98,98,36,2.7222,15,5,0.0,4481
14585,14585,106,106,39,2.7179,17,5,0.0,4490
14586,14586,61,61,23,2.6522,23,5,0.0,4454
14587,14587,14,14,5,2.8,0,5,0.0,4490
14588,14588,11,11,4,2.75,0,5,0.0,4454
14589,14589,0,0,0,0.0,94,5,0.0,4490
14590,14590,65,35,13,2.6923,38,5,0.0,4482
14591,14591,16,16,6,2.6667,0,5,0.0,4430
14592,14592,177,177,65,2.7231,18,5,0.0,4482
14593,14593,155,155,57,2.7193,16,5,0.0,4482
14594,14594,0,0,0,0.0,252,5,0.0,4489
14595,14595,5,5,2,2.5,0,5,0.0,4430
14596,14596,137,137,50,2.74,26,5,0.0,4482
14597,14597,24,24,9,2.6667,1,5,0.0,4430
14598,14598,260,260,95,2.7368,19,5,0.0,4482
14599,14599,14,14,5,2.8,0,5,0.0,4430
14600,14600,100,100,37,2.7027,3,5,0.0,4482
14601,14601,38,38,14,2.7143,12,5,0.0,4430
14602,14602,90,90,33,2.7273,2,5,0.0,4494
14603,14603,362,362,125,2.896,33,5,0.0,4528
14604,14604,295,295,102,2.8922,31,5,0.0,4528
14605,14605,17,17,6,2.8333,0,5,0.0,4524
14606,14606,23,23,8,2.875,1,5,0.0,4524
14607,14607,78,78,27,2.8889,20,5,0.0,4571
14608,14608,109,109,38,2.8684,18,5,0.0,4571
14609,14609,62,62,22,2.8182,37,5,0.0,4571
14610,14610,86,86,30,2.8667,18,5,0.0,4524
14611,14611,14,14,5,2.8,0,5,0.0,4494
14612,14612,65,65,23,2.8261,3,5,0.0,4571
14613,14613,154,154,54,2.8519,18,5,0.0,4524
14614,14614,95,95,33,2.8788,14,5,0.0,4524
14615,14615,40,40,14,2.8571,2,5,0.0,4524
14616,14616,121,121,42,2.881,17,5,0.0,4561
14617,14617,49,49,17,2.8824,13,5,0.0,4524
14618,14618,98,98,34,2.8824,22,5,0.0,4524
14619,14619,213,213,74,2.8784,34,5,0.0,4561
14620,14620,112,112,39,2.8718,42,5,0.0,4518
14621,14621,322,322,112,2.875,108,5,0.0,4561
14622,14622,149,149,52,2.8654,27,5,0.0,4518
14623,14623,122,122,39,3.1282,19,5,0.0,4610
14624,14624,162,162,52,3.1154,31,5,0.0,4603
14625,14625,47,47,15,3.1333,3,5,0.0,4603
14626,14626,287,287,92,3.1196,34,5,0.0,4603
14627,14627,65,65,21,3.0952,14,5,0.0,4603
14628,14628,225,225,72,3.125,45,5,0.0,4603
14629,14629,195,190,61,3.1148,55,5,0.0,4590
14630,14630,125,125,40,3.125,26,5,0.0,4590
14631,14631,0,0,0,0.0,0,5,0.0,4679
14632,14632,54,54,19,2.8421,20,5,0.0,4679
14633,14633,0,0,0,0.0,0,5,0.0,4679
14634,14634,3,3,1,3.0,55,5,0.0,4679
14635,14635,266,266,93,2.8602,40,5,0.0,4718
14636,14636,75,75,26,2.8846,136,5,0.0,4671
14637,14637,26,26,9,2.8889,1,5,0.0,4677
14638,14638,432,432,151,2.8609,98,5,0.0,4677
14639,14639,0,0,0,0.0,0,5,0.0,4677
14640,14640,78,78,27,2.8889,16,5,0.0,4677
14641,14641,0,0,0,0.0,0,5,0.0,4609
14642,14642,172,172,60,2.8667,24,5,0.0,4688
14643,14643,72,72,25,2.88,20,5,0.0,4647
14644,14644,101,101,35,2.8857,3,5,0.0,4669
14645,14645,3,3,1,3.0,0,5,0.0,4647
14646,14646,0,0,0,0.0,0,5,0.0,4750
14647,14647,12,12,4,3.0,0,5,0.0,4750
14648,14648,182,182,60,3.0333,19,5,0.0,4726
14649,14649,0,0,0,0.0,0,5,0.0,4725
14650,14650,3,3,1,3.0,0,5,0.0,4743
14651,14651,24,24,8,3.0,1,5,0.0,4726
14652,14652,0,0,0,0.0,0,5,0.0,4732
14653,14653,30,30,10,3.0,12,5,0.0,4748
14654,14654,191,191,63,3.0317,38,5,0.0,4732
14655,14655,85,85,28,3.0357,98,5,0.0,4748
14656,14656,185,185,61,3.0328,22,5,0.0,4717
14657,14657,85,85,28,3.0357,14,5,0.0,4735
14658,14658,480,472,171,2.7602,87,5,0.0,4486
14659,14659,5,5,2,2.5,35,5,0.0,4516
14660,14660,179,179,65,2.7538,25,5,0.0,4530
14661,14661,78,78,28,2.7857,112,5,0.0,4530
14662,14662,0,0,0,0.0,224,5,0.0,4504
14663,14663,546,546,198,2.7576,116,5,0.0,4530
14664,14664,138,138,50,2.76,21,5,0.0,4530
14665,14665,149,149,54,2.7593,25,5,0.0,4530
14666,14666,49,49,18,2.7222,15,5,0.0,4497
14667,14667,318,318,115,2.7652,50,5,0.0,4497
14668,14668,529,529,192,2.7552,75,5,0.0,4497
14669,14669,28,28,10,2.8,27,5,0.0,4504
14670,14670,0,0,0,0.0,0,5,0.0,4616
14671,14671,16,16,5,3.2,1,5,0.0,4543
14672,14672,121,121,38,3.1842,21,5,0.0,4583
14673,14673,29,29,9,3.2222,14,5,0.0,4616
14674,14674,0,0,0,0.0,0,5,0.0,4616
14675,14675,115,115,36,3.1944,17,5,0.0,4574
14676,14676,83,83,26,3.1923,16,5,0.0,4614
14677,14677,89,89,28,3.1786,18,5,0.0,4614
14678,14678,63,63,20,3.15,46,5,0.0,4574
14679,14679,10,10,3,3.3333,13,5,0.0,4574
14680,14680,80,80,25,3.2,17,5,0.0,4614
14681,14681,5,5,2,2.5,0,5,0.0,4530
14682,14682,38,38,12,3.1667,2,5,0.0,4614
14683,14683,6,6,2,3.0,11,5,0.0,4616
14684,14684,41,41,13,3.1538,2,5,0.0,4600
14685,14685,74,74,23,3.2174,345,5,0.0,4529
14686,14686,54,54,17,3.1765,3,5,0.0,4600
14687,14687,35,35,11,3.1818,25,5,0.0,4583
14688,14688,10,10,3,3.3333,0,5,0.0,4583
14689,14689,3,3,1,3.0,0,5,0.0,4576
14690,14690,71,71,22,3.2273,4,5,0.0,4600
14691,14691,441,441,149,2.9597,46,5,0.0,4458
14692,14692,773,773,261,2.9617,58,5,0.0,4485
14693,14693,139,139,47,2.9574,17,5,0.0,4458
14694,14694,0,0,0,0.0,267,5,0.0,4485
14695,14695,180,154,52,2.9615,19,5,0.0,4458
14696,14696,178,178,60,2.9667,6,5,0.0,4423
14697,14697,544,544,184,2.9565,38,5,0.0,4423
14698,14698,59,59,20,2.95,16,5,0.0,4423
14699,14699,106,106,36,2.9444,16,5,0.0,4423
14700,14700,30,30,10,3.0,47,5,0.0,4422
14701,14701,148,148,50,2.96,18,5,0.0,4422
14702,14702,116,116,39,2.9744,17,5,0.0,4422
14703,14703,823,823,303,2.7162,69,5,0.0,4413
14704,14704,3,3,1,3.0,0,5,0.0,4413
14705,14705,76,76,28,2.7143,3,5,0.0,4411
14706,14706,590,590,207,2.8502,49,5,0.0,4368
14707,14707,36,36,13,2.7692,0,5,0.0,4411
14708,14708,405,405,142,2.8521,22,5,0.0,4319
14709,14709,177,177,64,2.7656,23,5,0.0,4411
14710,14710,78,78,28,2.7857,47,5,0.0,4442
14711,14711,660,660,231,2.8571,47,5,0.0,4319
14712,14712,188,188,68,2.7647,29,5,0.0,4442
14713,14713,38,38,14,2.7143,2,5,0.0,4413
14714,14714,14,14,5,2.8,0,5,0.0,4368
14715,14715,132,132,46,2.8696,3,5,0.0,4380
14716,14716,3,3,1,3.0,0,5,0.0,4411
14717,14717,63,63,22,2.8636,2,5,0.0,4380
14718,14718,208,208,93,2.2366,40,5,0.0,4503
14719,14719,2,2,1,2.0,604,5,0.0,4503
14720,14720,132,132,59,2.2373,14,5,0.0,4499
14721,14721,581,581,259,2.2432,31,5,0.0,4499
14722,14722,326,326,145,2.2483,45,5,0.0,4499
14723,14723,428,338,151,2.2384,928,5,0.0,4465
14724,14724,527,527,235,2.2426,66,5,0.0,4465
14725,14725,786,786,351,2.2393,82,5,0.0,4465
14726,14726,110,110,49,2.2449,17,5,0.0,4445
14727,14727,137,137,61,2.2459,146,5,0.0,4445
14728,14728,340,340,93,3.6559,270,5,0.0,4455
14729,14729,95,95,26,3.6538,23,5,0.0,4455
14730,14730,131,131,49,2.6735,20,5,0.0,4722
14731,14731,315,315,117,2.6923,38,5,0.0,4722
14732,14732,554,554,207,2.6763,100,5,0.0,4683
14733,14733,147,147,55,2.6727,72,5,0.0,4709
14734,14734,88,88,34,2.5882,33,5,0.0,4721
14735,14735,0,0,0,0.0,0,5,0.0,4753
14736,14736,87,87,34,2.5588,81,5,0.0,4666
14737,14737,289,289,112,2.5804,146,5,0.0,4753
14738,14738,799,799,309,2.5858,133,5,0.0,4741
14739,14739,48,23,9,2.5556,20,5,0.0,4636
14740,14740,96,96,36,2.6667,17,5,0.0,4636
14741,14741,778,778,290,2.6828,77,5,0.0,4654
14742,14742,1513,1513,564,2.6826,89,5,0.0,4635
14743,14743,0,0,0,0.0,0,5,0.0,4546
14744,14744,0,0,0,0.0,478,5,0.0,4546
14745,14745,258,258,90,2.8667,83,5,0.0,4594
14746,14746,823,823,285,2.8877,52,5,0.0,4569
14747,14747,148,148,52,2.8462,30,5,0.0,4591
14748,14748,135,135,47,2.8723,4,5,0.0,4591
14749,14749,1519,1519,526,2.8878,109,5,0.0,4569
14750,14750,701,701,243,2.8848,36,5,0.0,4548
14751,14751,0,0,0,0.0,50,5,0.0,4536
14752,14752,1054,1054,365,2.8877,97,5,0.0,4548
14753,14753,246,246,86,2.8605,22,5,0.0,4577
14754,14754,129,129,45,2.8667,23,5,0.0,4577
14755,14755,12,12,4,3.0,167,5,0.0,4536
14756,14756,0,0,0,0.0,100,5,0.0,4553
14757,14757,26,26,9,2.8889,19,5,0.0,4534
14758,14758,43,32,11,2.9091,45,5,0.0,4534
14759,14759,366,366,127,2.8819,35,5,0.0,4553
14760,14760,74,74,26,2.8462,483,5,0.0,4539
14761,14761,492,492,164,3.0,108,5,0.0,4498
14762,14762,384,384,128,3.0,45,5,0.0,4498
14763,14763,423,423,141,3.0,37,5,0.0,4498
14764,14764,144,144,48,3.0,18,5,0.0,4491
14765,14765,269,269,90,2.9889,8,5,0.0,4533
14766,14766,12,12,4,3.0,77,5,0.0,4533
14767,14767,68,68,23,2.9565,2,5,0.0,4554
14768,14768,498,498,167,2.982,57,5,0.0,4554
14769,14769,87,87,29,3.0,16,5,0.0,4532
14770,14770,318,318,106,3.0,24,5,0.0,4554
14771,14771,748,748,251,2.9801,105,5,0.0,4575
14772,14772,14,14,5,2.8,0,5,0.0,4637
14773,14773,675,675,240,2.8125,41,5,0.0,4637
14774,14774,413,413,147,2.8095,32,5,0.0,4617
14775,14775,466,466,166,2.8072,41,5,0.0,4617
14776,14776,0,0,0,0.0,881,5,0.0,4617
14777,14777,759,759,270,2.8111,163,5,0.0,4624
14778,14778,1156,1156,411,2.8127,88,5,0.0,4593
14779,14779,642,638,197,3.2386,123,5,0.0,4585
14780,14780,845,839,259,3.2394,85,5,0.0,4584
14781,14781,389,389,140,2.7786,47,5,0.0,4606
14782,14782,228,228,82,2.7805,55,5,0.0,4619
14783,14783,409,409,147,2.7823,103,5,0.0,4602
14784,14784,615,603,217,2.7788,62,5,0.0,4629
14785,14785,367,367,132,2.7803,73,5,0.0,4629
14786,14786,736,736,265,2.7774,76,5,0.0,4604
14787,14787,6,6,2,3.0,408,5,0.0,4436
14788,14788,0,0,0,0.0,384,5,0.0,4256
14789,14789,27,27,9,3.0,63,5,0.0,4495
14790,14790,241,241,81,2.9753,21,5,0.0,4347
14791,14791,12,12,4,3.0,0,5,0.0,4495
14792,14792,3,3,1,3.0,120,5,0.0,4495
14793,14793,139,139,47,2.9574,17,5,0.0,4396
14794,14794,0,0,0,0.0,21,5,0.0,4464
14795,14795,180,180,61,2.9508,23,5,0.0,4462
14796,14796,150,150,51,2.9412,23,5,0.0,4401
14797,14797,68,68,23,2.9565,3,5,0.0,4467
14798,14798,285,276,93,2.9677,36,5,0.0,4467
14799,14799,481,481,162,2.9691,188,5,0.0,4440
14800,14800,154,147,50,2.94,31,5,0.0,4462
14801,14801,1209,1209,406,2.9778,137,5,0.0,4506
14802,14802,165,165,56,2.9464,541,5,0.0,4509
14803,14803,717,717,241,2.9751,120,5,0.0,4472
14804,14804,13,13,4,3.25,0,5,0.0,4728
14805,14805,9,9,3,3.0,10,5,0.0,4728
14806,14806,44,44,14,3.1429,2,5,0.0,4728
14807,14807,9,9,3,3.0,0,5,0.0,4763
14808,14808,0,0,0,0.0,0,5,0.0,4767
14809,14809,0,0,0,0.0,0,5,0.0,4763
14810,14810,3,3,1,3.0,11,5,0.0,4763
14811,14811,0,0,0,0.0,0,5,0.0,4639
14812,14812,9,9,3,3.0,0,5,0.0,4639
14813,14813,111,111,35,3.1714,5,5,0.0,4728
14814,14814,3,3,1,3.0,0,5,0.0,4723
14815,14815,316,316,100,3.16,136,5,0.0,4728
14816,14816,0,0,0,0.0,0,5,0.0,4639
14817,14817,413,413,131,3.1527,4263,5,0.0,4678
14818,14818,28,28,9,3.1111,12,5,0.0,4723
14819,14819,58,58,19,3.0526,14,5,0.0,4723
14820,14820,179,179,57,3.1404,25,5,0.0,4601
14821,14821,133,133,42,3.1667,33,5,0.0,4668
14822,14822,136,136,43,3.1628,30,5,0.0,4560
14823,14823,230,230,73,3.1507,156,5,0.0,4560
14824,14824,0,0,0,0.0,0,5,0.0,4560
14825,14825,6,6,2,3.0,12,5,0.0,4767
14826,14826,13,13,4,3.25,0,5,0.0,4639
14827,14827,728,728,325,2.24,34,5,0.0,4500
14828,14828,27,27,12,2.25,24,5,0.0,4465
14829,14829,85,85,38,2.2368,13,5,0.0,4465
14830,14830,278,278,124,2.2419,77,5,0.0,4465
14831,14831,281,281,77,3.6494,31,5,0.0,4455
14832,14832,190,190,52,3.6538,29,5,0.0,4455
14833,14833,92,92,25,3.68,20,5,0.0,4455
14834,14834,54,54,15,3.6,3,5,0.0,4455
14835,14835,128,128,35,3.6571,20,5,0.0,4455
14836,14836,61,61,17,3.5882,18,5,0.0,4455
14837,14837,520,520,142,3.662,242,5,0.0,4444
14838,14838,153,153,42,3.6429,23,5,0.0,4444
14839,14839,201,201,55,3.6545,27,5,0.0,4444
14840,14840,40,40,11,3.6364,1,5,0.0,4444
14841,14841,255,255,70,3.6429,27,5,0.0,4445
14842,14842,229,193,53,3.6415,45,5,0.0,4445
14843,14843,428,428,117,3.6581,40,5,0.0,4445
14844,14844,326,326,89,3.6629,71,5,0.0,4445
14845,14845,208,208,57,3.6491,20,5,0.0,4455
14846,14846,0,0,0,0.0,76,5,0.0,4709
14847,14847,16,16,6,2.6667,35,5,0.0,4709
14848,14848,319,319,123,2.5935,61,5,0.0,4721
14849,14849,66,66,26,2.5385,3,5,0.0,4721
14850,14850,39,39,15,2.6,32,5,0.0,4729
14851,14851,252,252,98,2.5714,79,5,0.0,4666
14852,14852,42,42,16,2.625,27,5,0.0,4753
14853,14853,142,82,32,2.5625,60,5,0.0,4753
14854,14854,80,80,31,2.5806,17,5,0.0,4729
14855,14855,818,818,316,2.5886,147,5,0.0,4729
14856,14856,279,279,108,2.5833,33,5,0.0,4709
14857,14857,29,29,11,2.6364,159,5,0.0,4729
14858,14858,573,573,222,2.5811,291,5,0.0,4709
14859,14859,0,0,0,0.0,0,5,0.0,4654
14860,14860,3,3,1,3.0,0,5,0.0,4594
14861,14861,3,3,1,3.0,74,5,0.0,4531
14862,14862,0,0,0,0.0,92,5,0.0,4566
14863,14863,130,130,45,2.8889,16,5,0.0,4566
14864,14864,63,63,22,2.8636,40,5,0.0,4577
14865,14865,184,184,64,2.875,19,5,0.0,4520
14866,14866,9,9,3,3.0,22,5,0.0,4531
14867,14867,0,0,0,0.0,131,5,0.0,4540
14868,14868,381,381,132,2.8864,55,5,0.0,4523
14869,14869,0,0,0,0.0,98,5,0.0,4540
14870,14870,6,6,2,3.0,172,5,0.0,4523
14871,14871,375,375,130,2.8846,85,5,0.0,4519
14872,14872,360,360,125,2.88,306,5,0.0,4519
14873,14873,344,344,115,2.9913,69,5,0.0,4498
14874,14874,30,30,10,3.0,16,5,0.0,4498
14875,14875,216,216,72,3.0,20,5,0.0,4491
14876,14876,81,81,27,3.0,33,5,0.0,4491
14877,14877,495,495,166,2.9819,65,5,0.0,4533
14878,14878,90,90,30,3.0,23,5,0.0,4533
14879,14879,50,50,17,2.9412,2,5,0.0,4533
14880,14880,105,105,35,3.0,13,5,0.0,4533
14881,14881,309,309,103,3.0,36,5,0.0,4508
14882,14882,324,324,108,3.0,31,5,0.0,4508
14883,14883,0,0,0,0.0,0,5,0.0,4554
14884,14884,325,325,109,2.9817,35,5,0.0,4508
14885,14885,6,6,2,3.0,11,5,0.0,4554
14886,14886,522,522,175,2.9829,32,5,0.0,4508
14887,14887,188,188,63,2.9841,24,5,0.0,4508
14888,14888,167,167,56,2.9821,17,5,0.0,4532
14889,14889,59,59,20,2.95,2,5,0.0,4532
14890,14890,327,327,110,2.9727,33,5,0.0,4554
14891,14891,578,578,194,2.9794,66,5,0.0,4575
14892,14892,318,318,106,3.0,29,5,0.0,4538
14893,14893,0,0,0,0.0,0,5,0.0,4637
14894,14894,0,0,0,0.0,0,5,0.0,4637
14895,14895,193,193,69,2.7971,26,5,0.0,4617
14896,14896,0,0,0,0.0,0,5,0.0,4664
14897,14897,0,0,0,0.0,79,5,0.0,4637
14898,14898,324,324,115,2.8174,54,5,0.0,4593
14899,14899,0,0,0,0.0,18,5,0.0,4593
14900,14900,978,966,298,3.2416,69,5,0.0,4564
14901,14901,268,268,83,3.2289,25,5,0.0,4570
14902,14902,254,243,75,3.24,20,5,0.0,4584
14903,14903,0,0,0,0.0,0,5,0.0,4619
14904,14904,223,223,80,2.7875,35,5,0.0,4605
14905,14905,3,3,1,3.0,0,5,0.0,4629
14906,14906,465,465,168,2.7679,38,5,0.0,4629
14907,14907,428,428,154,2.7792,34,5,0.0,4596
14908,14908,954,954,343,2.7813,174,5,0.0,4604
14909,14909,27,27,9,3.0,1,5,0.0,4436
14910,14910,120,120,40,3.0,16,5,0.0,4396
14911,14911,9,9,3,3.0,0,5,0.0,4396
14912,14912,124,124,42,2.9524,5,5,0.0,4363
14913,14913,27,27,9,3.0,1,5,0.0,4347
14914,14914,39,39,13,3.0,31,5,0.0,4464
14915,14915,33,33,11,3.0,54,5,0.0,4396
14916,14916,220,220,74,2.973,30,5,0.0,4421
14917,14917,129,129,44,2.9318,28,5,0.0,4421
14918,14918,220,220,74,2.973,28,5,0.0,4401
14919,14919,147,147,50,2.94,16,5,0.0,4347
14920,14920,21,21,7,3.0,0,5,0.0,4401
14921,14921,21,21,7,3.0,0,5,0.0,4421
14922,14922,15,15,5,3.0,0,5,0.0,4421
14923,14923,87,87,29,3.0,20,5,0.0,4401
14924,14924,127,127,43,2.9535,23,5,0.0,4363
14925,14925,36,36,12,3.0,12,5,0.0,4467
14926,14926,136,136,46,2.9565,18,5,0.0,4363
14927,14927,114,114,38,3.0,14,5,0.0,4467
14928,14928,220,220,74,2.973,20,5,0.0,4467
14929,14929,150,150,51,2.9412,21,5,0.0,4467
14930,14930,75,75,25,3.0,93,5,0.0,4507
14931,14931,18,18,6,3.0,97,5,0.0,4472
14932,14932,0,0,0,0.0,224,5,0.0,4414
14933,14933,0,0,0,0.0,0,5,0.0,4446
14934,14934,0,0,0,0.0,0,5,0.0,4763
14935,14935,0,0,0,0.0,0,5,0.0,4763
14936,14936,0,0,0,0.0,0,5,0.0,4723
14937,14937,0,0,0,0.0,0,5,0.0,4723
14938,14938,0,0,0,0.0,0,5,0.0,4723
14939,14939,6,6,2,3.0,0,5,0.0,4723
14940,14940,0,0,0,0.0,29,5,0.0,4767
14941,14941,0,0,0,0.0,0,5,0.0,4723
14942,14942,13,13,4,3.25,0,5,0.0,4723
14943,14943,3,3,1,3.0,0,5,0.0,4767
14944,14944,0,0,0,0.0,10,5,0.0,4601
14945,14945,303,303,96,3.1562,33,5,0.0,4601
14946,14946,207,207,66,3.1364,35,5,0.0,4601
14947,14947,16,16,5,3.2,12,5,0.0,4723
14948,14948,38,38,12,3.1667,14,5,0.0,4560
14949,14949,49,49,19,2.5789,23,5,0.0,4721
14950,14950,3,3,1,3.0,0,5,0.0,4668
14951,14951,0,0,0,0.0,24,5,0.0,4560
14952,14952,0,0,0,0.0,0,5,0.0,4560
14953,14953,0,0,0,0.0,0,5,0.0,4560
14954,14954,0,0,0,0.0,0,5,0.0,4723
14955,14955,47,47,15,3.1333,2,5,0.0,4723
14956,14956,150,150,58,2.5862,23,3,0.0,2181
14957,14957,119,119,46,2.587,8,3,0.0,2181
14958,14958,109,109,42,2.5952,19,3,0.0,1890
14959,14959,150,150,58,2.5862,25,3,0.0,2028
14960,14960,268,268,104,2.5769,30,3,0.0,2181
14961,14961,3,3,1,3.0,0,3,0.0,1890
14962,14962,73,73,28,2.6071,24,3,0.0,1890
14963,14963,42,42,16,2.625,39,3,0.0,1851
14964,14964,199,199,77,2.5844,420,3,0.0,2028
14965,14965,23,23,9,2.5556,2,3,0.0,1890
14966,14966,73,73,28,2.6071,15,3,0.0,2028
14967,14967,143,143,55,2.6,24,3,0.0,1890
14968,14968,7,7,3,2.3333,0,3,0.0,1851
14969,14969,85,85,32,2.6562,22,6,0.0,913
14970,14970,129,129,49,2.6327,26,6,0.0,913
14971,14971,80,80,30,2.6667,8,6,0.0,822
14972,14972,98,98,37,2.6486,30,6,0.0,913
14973,14973,80,80,30,2.6667,18,6,0.0,822
14974,14974,295,295,111,2.6577,61,6,0.0,822
14975,14975,92,92,35,2.6286,21,6,0.0,822
14976,14976,106,106,40,2.65,21,6,0.0,822
14977,14977,42,42,16,2.625,4,6,0.0,822
14978,14978,0,0,0,0.0,0,6,0.0,868
14979,14979,119,119,45,2.6444,22,6,0.0,918
14980,14980,0,0,0,0.0,0,6,0.0,868
14981,14981,101,97,37,2.6216,63,6,0.0,918
14982,14982,166,166,63,2.6349,31,6,0.0,796
14983,14983,140,140,53,2.6415,29,6,0.0,876
14984,14984,138,138,52,2.6538,41,6,0.0,796
14985,14985,0,0,0,0.0,187,6,0.0,876
14986,14986,79,79,30,2.6333,6,6,0.0,792
14987,14987,204,204,77,2.6494,36,6,0.0,792
14988,14988,180,180,68,2.6471,27,6,0.0,796
14989,14989,292,292,110,2.6545,101,6,0.0,796
14990,14990,9,9,3,3.0,205,6,0.0,882
14991,14991,32,32,11,2.9091,14,6,0.0,1066
14992,14992,0,0,0,0.0,0,6,0.0,1066
14993,14993,26,26,9,2.8889,1,6,0.0,1066
14994,14994,20,20,7,2.8571,1,6,0.0,897
14995,14995,20,20,7,2.8571,13,6,0.0,1066
14996,14996,17,17,6,2.8333,16,6,0.0,897
14997,14997,23,23,8,2.875,42,6,0.0,798
14998,14998,14,14,5,2.8,0,6,0.0,1066
14999,14999,38,38,13,2.9231,16,6,0.0,897
15000,15000,23,23,8,2.875,82,6,0.0,682
15001,15001,14,14,5,2.8,0,6,0.0,897
15002,15002,0,0,0,0.0,23,6,0.0,897
15003,15003,0,0,0,0.0,0,6,0.0,627
15004,15004,49,49,17,2.8824,19,6,0.0,897
15005,15005,0,0,0,0.0,0,6,0.0,682
15006,15006,49,49,17,2.8824,15,6,0.0,897
15007,15007,29,29,10,2.9,12,6,0.0,897
15008,15008,12,12,4,3.0,0,6,0.0,1013
15009,15009,29,29,10,2.9,16,6,0.0,1013
15010,15010,38,38,13,2.9231,2,6,0.0,1013
15011,15011,35,35,12,2.9167,15,6,0.0,1213
15012,15012,38,38,13,2.9231,12,6,0.0,1213
15013,15013,26,26,9,2.8889,16,6,0.0,1213
15014,15014,32,32,11,2.9091,1,6,0.0,1213
15015,15015,20,20,7,2.8571,12,6,0.0,1213
15016,15016,40,40,14,2.8571,2,6,0.0,1718
15017,15017,122,122,43,2.8372,21,6,0.0,1718
15018,15018,54,54,19,2.8421,16,6,0.0,1522
15019,15019,141,141,49,2.8776,20,6,0.0,1718
15020,15020,91,91,32,2.8438,21,6,0.0,1522
15021,15021,12,12,4,3.0,12,6,0.0,1427
15022,15022,6,6,2,3.0,0,6,0.0,1427
15023,15023,12,12,4,3.0,12,6,0.0,1427
15024,15024,38,38,13,2.9231,2,6,0.0,1427
15025,15025,65,65,23,2.8261,15,6,0.0,1128
15026,15026,78,78,27,2.8889,17,6,0.0,1242
15027,15027,29,29,10,2.9,16,6,0.0,1421
15028,15028,9,9,3,3.0,16,6,0.0,1421
15029,15029,0,0,0,0.0,0,6,0.0,1421
15030,15030,50,50,18,2.7778,3,6,0.0,1340
15031,15031,120,120,42,2.8571,17,6,0.0,1340
15032,15032,40,40,14,2.8571,14,6,0.0,1375
15033,15033,23,23,8,2.875,48,6,0.0,1375
15034,15034,0,0,0,0.0,0,6,0.0,1340
15035,15035,17,17,6,2.8333,1,6,0.0,1340
15036,15036,50,50,18,2.7778,42,6,0.0,1375
15037,15037,0,0,0,0.0,86,6,0.0,1339
15038,15038,53,53,19,2.7895,88,6,0.0,1375
15039,15039,29,29,10,2.9,24,6,0.0,1162
15040,15040,0,0,0,0.0,122,6,0.0,1339
15041,15041,305,305,105,2.9048,68,6,0.0,630
15042,15042,82,82,28,2.9286,14,6,0.0,745
15043,15043,145,145,50,2.9,21,6,0.0,784
15044,15044,21,21,7,3.0,12,6,0.0,630
15045,15045,52,52,18,2.8889,13,6,0.0,630
15046,15046,102,102,35,2.9143,16,6,0.0,630
15047,15047,238,238,82,2.9024,30,6,0.0,784
15048,15048,429,429,148,2.8986,58,6,0.0,784
15049,15049,0,0,0,0.0,284,6,0.0,542
15050,15050,133,133,46,2.8913,19,6,0.0,630
15051,15051,0,0,0,0.0,80,6,0.0,550
15052,15052,221,221,76,2.9079,24,6,0.0,550
15053,15053,122,122,42,2.9048,19,6,0.0,630
15054,15054,164,164,59,2.7797,20,6,0.0,573
15055,15055,187,187,67,2.791,24,6,0.0,587
15056,15056,142,142,51,2.7843,22,6,0.0,587
15057,15057,73,73,26,2.8077,3,6,0.0,587
15058,15058,0,0,0,0.0,261,6,0.0,539
15059,15059,179,179,64,2.7969,31,6,0.0,587
15060,15060,159,159,57,2.7895,28,6,0.0,698
15061,15061,232,232,83,2.7952,28,6,0.0,698
15062,15062,89,89,32,2.7812,14,6,0.0,698
15063,15063,120,120,43,2.7907,19,6,0.0,698
15064,15064,87,87,31,2.8065,3,6,0.0,698
15065,15065,223,223,80,2.7875,43,6,0.0,698
15066,15066,84,84,30,2.8,15,6,0.0,698
15067,15067,95,95,34,2.7941,17,6,0.0,722
15068,15068,293,293,105,2.7905,32,6,0.0,722
15069,15069,296,296,106,2.7925,26,6,0.0,722
15070,15070,227,227,81,2.8025,10,6,0.0,722
15071,15071,104,104,37,2.8108,15,6,0.0,722
15072,15072,249,249,89,2.7978,51,6,0.0,587
15073,15073,0,0,0,0.0,184,6,0.0,566
15074,15074,206,206,74,2.7838,27,6,0.0,634
15075,15075,206,206,74,2.7838,26,6,0.0,634
15076,15076,209,209,75,2.7867,23,6,0.0,634
15077,15077,0,0,0,0.0,473,6,0.0,571
15078,15078,84,84,27,3.1111,6,6,0.0,884
15079,15079,320,320,103,3.1068,43,6,0.0,988
15080,15080,164,164,53,3.0943,12,6,0.0,884
15081,15081,419,419,135,3.1037,59,6,0.0,988
15082,15082,283,283,91,3.1099,47,6,0.0,988
15083,15083,205,205,66,3.1061,33,6,0.0,988
15084,15084,0,0,0,0.0,283,6,0.0,884
15085,15085,344,344,111,3.0991,222,6,0.0,884
15086,15086,387,387,125,3.096,51,6,0.0,884
15087,15087,406,406,131,3.0992,151,6,0.0,957
15088,15088,1521,1521,491,3.0978,176,6,0.0,957
15089,15089,375,375,121,3.0992,74,6,0.0,1065
15090,15090,195,195,63,3.0952,31,6,0.0,1003
15091,15091,666,666,215,3.0977,103,6,0.0,1107
15092,15092,308,308,99,3.1111,210,6,0.0,1107
15093,15093,8,8,3,2.6667,0,6,0.0,2198
15094,15094,31,31,11,2.8182,1,6,0.0,2198
15095,15095,48,48,17,2.8235,12,6,0.0,1931
15096,15096,39,39,14,2.7857,13,6,0.0,1931
15097,15097,57,57,21,2.7143,30,6,0.0,2328
15098,15098,89,89,32,2.7812,17,6,0.0,1480
15099,15099,44,44,16,2.75,2,6,0.0,2198
15100,15100,132,132,47,2.8085,217,6,0.0,1480
15101,15101,25,25,9,2.7778,1,6,0.0,1480
15102,15102,392,392,140,2.8,45,6,0.0,1158
15103,15103,31,31,11,2.8182,2,6,0.0,1931
15104,15104,6,6,2,3.0,13,6,0.0,1931
15105,15105,117,117,42,2.7857,37,6,0.0,1443
15106,15106,37,37,13,2.8462,13,6,0.0,1242
15107,15107,55,55,20,2.75,3,6,0.0,1931
15108,15108,2306,2306,723,3.1895,126,6,0.0,1232
15109,15109,540,540,167,3.2335,44,6,0.0,1148
15110,15110,938,938,307,3.0554,71,6,0.0,1462
15111,15111,881,881,276,3.192,285,6,0.0,1462
15112,15112,3,3,1,3.0,0,6,0.0,1612
15113,15113,0,0,0,0.0,0,6,0.0,1298
15114,15114,91,91,28,3.25,2,6,0.0,1169
15115,15115,0,0,0,0.0,0,6,0.0,1412
15116,15116,0,0,0,0.0,0,6,0.0,1412
15117,15117,43,43,14,3.0714,2,6,0.0,1612
15118,15118,0,0,0,0.0,0,6,0.0,1612
15119,15119,0,0,0,0.0,0,6,0.0,1412
15120,15120,46,46,15,3.0667,29,6,0.0,1529
15121,15121,0,0,0,0.0,0,6,0.0,1298
15122,15122,0,0,0,0.0,0,6,0.0,1412
15123,15123,15,15,5,3.0,14,6,0.0,1612
15124,15124,272,272,84,3.2381,22,6,0.0,1181
15125,15125,0,0,0,0.0,0,6,0.0,1529
15126,15126,130,130,42,3.0952,20,6,0.0,1529
15127,15127,28,28,9,3.1111,14,6,0.0,1612
15128,15128,44,44,15,2.9333,1,6,0.0,1275
15129,15129,87,87,28,3.1071,16,6,0.0,1612
15130,15130,25,25,8,3.125,0,6,0.0,1275
15131,15131,168,168,52,3.2308,29,6,0.0,1275
15132,15132,34,34,11,3.0909,1,6,0.0,1529
15133,15133,362,362,112,3.2321,103,6,0.0,1040
15134,15134,9,9,3,3.0,0,6,0.0,1529
15135,15135,15,15,5,3.0,0,6,0.0,1529
15136,15136,129,129,40,3.225,13,6,0.0,1275
15137,15137,67,67,21,3.1905,14,6,0.0,1275
15138,15138,126,126,39,3.2308,100,6,0.0,1303
15139,15139,0,0,0,0.0,0,6,0.0,1612
15140,15140,182,182,65,2.8,81,6,0.0,1140
15141,15141,188,188,67,2.806,43,6,0.0,999
15142,15142,26,26,9,2.8889,17,6,0.0,1042
15143,15143,67,67,24,2.7917,17,6,0.0,1001
15144,15144,185,185,66,2.803,70,6,0.0,951
15145,15145,79,79,30,2.6333,7,6,0.0,913
15146,15146,53,53,20,2.65,16,6,0.0,822
15147,15147,0,0,0,0.0,167,6,0.0,822
15148,15148,79,79,30,2.6333,336,6,0.0,913
15149,15149,65,65,25,2.6,6,6,0.0,868
15150,15150,90,90,34,2.6471,25,6,0.0,918
15151,15151,112,112,42,2.6667,23,6,0.0,868
15152,15152,66,66,25,2.64,16,6,0.0,876
15153,15153,242,242,91,2.6593,43,6,0.0,868
15154,15154,254,254,96,2.6458,34,6,0.0,792
15155,15155,129,129,49,2.6327,24,6,0.0,792
15156,15156,172,172,65,2.6462,29,6,0.0,792
15157,15157,129,129,49,2.6327,104,6,0.0,792
15158,15158,23,23,8,2.875,13,6,0.0,882
15159,15159,14,14,5,2.8,12,6,0.0,1066
15160,15160,15,15,5,3.0,1,6,0.0,798
15161,15161,23,23,8,2.875,14,6,0.0,1066
15162,15162,14,14,5,2.8,13,6,0.0,897
15163,15163,32,32,11,2.9091,12,6,0.0,1066
15164,15164,43,43,15,2.8667,21,6,0.0,897
15165,15165,53,53,19,2.7895,34,6,0.0,897
15166,15166,0,0,0,0.0,0,6,0.0,897
15167,15167,14,14,5,2.8,1,6,0.0,897
15168,15168,12,12,4,3.0,1,6,0.0,897
15169,15169,12,12,4,3.0,1,6,0.0,897
15170,15170,20,20,7,2.8571,11,6,0.0,1013
15171,15171,22,22,8,2.75,12,6,0.0,1013
15172,15172,22,22,8,2.75,1,6,0.0,1013
15173,15173,20,20,7,2.8571,15,6,0.0,1013
15174,15174,35,35,12,2.9167,14,6,0.0,1013
15175,15175,6,6,2,3.0,0,6,0.0,1213
15176,15176,0,0,0,0.0,0,6,0.0,1213
15177,15177,14,14,5,2.8,14,6,0.0,1213
15178,15178,23,23,8,2.875,12,6,0.0,1213
15179,15179,12,12,4,3.0,0,6,0.0,1213
15180,15180,23,23,8,2.875,1,6,0.0,1213
15181,15181,12,12,4,3.0,0,6,0.0,1213
15182,15182,20,20,7,2.8571,1,6,0.0,1213
15183,15183,29,29,10,2.9,1,6,0.0,1213
15184,15184,9,9,3,3.0,0,6,0.0,1213
15185,15185,26,26,9,2.8889,1,6,0.0,1213
15186,15186,20,20,7,2.8571,1,6,0.0,1123
15187,15187,38,38,13,2.9231,2,6,0.0,1066
15188,15188,0,0,0,0.0,0,6,0.0,1522
15189,15189,38,38,13,2.9231,12,6,0.0,1522
15190,15190,148,148,52,2.8462,18,6,0.0,1718
15191,15191,60,60,21,2.8571,14,6,0.0,1522
15192,15192,75,75,26,2.8846,16,6,0.0,1522
15193,15193,20,20,7,2.8571,1,6,0.0,1522
15194,15194,9,9,3,3.0,0,6,0.0,1522
15195,15195,20,20,7,2.8571,26,6,0.0,1522
15196,15196,29,29,10,2.9,2,6,0.0,1427
15197,15197,40,40,14,2.8571,41,6,0.0,1427
15198,15198,20,20,7,2.8571,1,6,0.0,1427
15199,15199,20,20,7,2.8571,11,6,0.0,1427
15200,15200,14,14,5,2.8,23,6,0.0,1427
15201,15201,12,12,4,3.0,10,6,0.0,1427
15202,15202,14,14,5,2.8,0,6,0.0,1427
15203,15203,9,9,3,3.0,11,6,0.0,1242
15204,15204,38,38,13,2.9231,2,6,0.0,1128
15205,15205,43,43,15,2.8667,3,6,0.0,1421
15206,15206,23,23,8,2.875,1,6,0.0,1128
15207,15207,43,43,15,2.8667,16,6,0.0,1128
15208,15208,26,26,9,2.8889,1,6,0.0,1128
15209,15209,12,12,4,3.0,0,6,0.0,1246
15210,15210,29,29,10,2.9,1,6,0.0,1066
15211,15211,50,50,18,2.7778,26,6,0.0,1421
15212,15212,14,14,5,2.8,0,6,0.0,1128
15213,15213,40,40,14,2.8571,24,6,0.0,1340
15214,15214,12,12,4,3.0,36,6,0.0,1246
15215,15215,32,32,11,2.9091,2,6,0.0,1246
15216,15216,3,3,1,3.0,16,6,0.0,1066
15217,15217,14,14,5,2.8,0,6,0.0,1246
15218,15218,86,86,30,2.8667,22,6,0.0,1340
15219,15219,31,31,11,2.8182,12,6,0.0,1246
15220,15220,12,12,4,3.0,0,6,0.0,1246
15221,15221,75,75,26,2.8846,15,6,0.0,1340
15222,15222,12,12,4,3.0,0,6,0.0,1246
15223,15223,63,63,22,2.8636,3,6,0.0,1340
15224,15224,20,20,7,2.8571,1,6,0.0,1246
15225,15225,29,29,10,2.9,13,6,0.0,1246
15226,15226,29,29,10,2.9,13,6,0.0,1246
15227,15227,29,29,10,2.9,13,6,0.0,1340
15228,15228,14,14,5,2.8,1,6,0.0,1375
15229,15229,43,43,15,2.8667,12,6,0.0,1375
15230,15230,6,6,2,3.0,0,6,0.0,1066
15231,15231,38,38,13,2.9231,22,6,0.0,1162
15232,15232,43,43,15,2.8667,15,6,0.0,1375
15233,15233,26,26,9,2.8889,1,6,0.0,1162
15234,15234,23,23,8,2.875,1,6,0.0,1162
15235,15235,29,29,10,2.9,19,6,0.0,1162
15236,15236,17,17,6,2.8333,13,6,0.0,1162
15237,15237,38,38,13,2.9231,15,6,0.0,1162
15238,15238,0,0,0,0.0,716,6,0.0,1339
15239,15239,59,59,21,2.8095,14,6,0.0,1427
15240,15240,46,46,16,2.875,17,6,0.0,1375
15241,15241,0,0,0,0.0,217,6,0.0,1162
15242,15242,0,0,0,0.0,113,6,0.0,1339
15243,15243,0,0,0,0.0,218,6,0.0,1339
15244,15244,0,0,0,0.0,100,6,0.0,1339
15245,15245,17,17,6,2.8333,0,6,0.0,1162
15246,15246,17,17,6,2.8333,0,6,0.0,1162
15247,15247,0,0,0,0.0,121,6,0.0,1339
15248,15248,20,20,7,2.8571,13,6,0.0,1271
15249,15249,40,40,14,2.8571,12,6,0.0,1339
15250,15250,49,49,17,2.8824,2,6,0.0,1162
15251,15251,14,14,5,2.8,0,6,0.0,1339
15252,15252,54,54,19,2.8421,15,6,0.0,1346
15253,15253,46,46,16,2.875,1,6,0.0,1162
15254,15254,14,14,5,2.8,0,6,0.0,1427
15255,15255,26,26,9,2.8889,14,6,0.0,1271
15256,15256,26,26,9,2.8889,1,6,0.0,1271
15257,15257,43,43,15,2.8667,14,6,0.0,1162
15258,15258,23,23,8,2.875,0,6,0.0,1271
15259,15259,29,29,10,2.9,15,6,0.0,1162
15260,15260,25,25,9,2.7778,0,6,0.0,1346
15261,15261,6,6,2,3.0,0,6,0.0,1346
15262,15262,16,16,6,2.6667,0,6,0.0,1271
15263,15263,12,12,4,3.0,0,6,0.0,1271
15264,15264,20,20,7,2.8571,19,6,0.0,1346
15265,15265,0,0,0,0.0,0,6,0.0,1162
15266,15266,35,35,12,2.9167,14,6,0.0,1162
15267,15267,12,12,4,3.0,0,6,0.0,1162
15268,15268,0,0,0,0.0,13,6,0.0,1346
15269,15269,17,17,6,2.8333,23,6,0.0,1346
15270,15270,15,15,5,3.0,0,6,0.0,1271
15271,15271,23,23,8,2.875,0,6,0.0,1271
15272,15272,26,26,9,2.8889,11,6,0.0,1346
15273,15273,20,20,7,2.8571,0,6,0.0,1346
15274,15274,125,125,43,2.907,33,6,0.0,784
15275,15275,114,114,39,2.9231,17,6,0.0,784
15276,15276,159,159,55,2.8909,19,6,0.0,784
15277,15277,24,24,8,3.0,11,6,0.0,784
15278,15278,0,0,0,0.0,79,6,0.0,784
15279,15279,52,52,18,2.8889,25,6,0.0,630
15280,15280,244,244,84,2.9048,34,6,0.0,630
15281,15281,67,67,23,2.913,24,6,0.0,542
15282,15282,52,52,18,2.8889,14,6,0.0,630
15283,15283,247,247,85,2.9059,36,6,0.0,630
15284,15284,0,0,0,0.0,464,6,0.0,550
15285,15285,101,101,36,2.8056,19,6,0.0,573
15286,15286,0,0,0,0.0,508,6,0.0,539
15287,15287,0,0,0,0.0,216,6,0.0,539
15288,15288,0,0,0,0.0,93,6,0.0,698
15289,15289,41,41,15,2.7333,13,6,0.0,698
15290,15290,70,70,25,2.8,15,6,0.0,698
15291,15291,184,184,66,2.7879,28,6,0.0,698
15292,15292,131,131,47,2.7872,17,6,0.0,698
15293,15293,210,210,75,2.8,19,6,0.0,698
15294,15294,235,235,84,2.7976,23,6,0.0,722
15295,15295,0,0,0,0.0,132,6,0.0,539
15296,15296,145,145,52,2.7885,21,6,0.0,587
15297,15297,0,0,0,0.0,131,6,0.0,566
15298,15298,0,0,0,0.0,402,6,0.0,571
15299,15299,78,78,25,3.12,21,6,0.0,884
15300,15300,192,192,62,3.0968,34,6,0.0,988
15301,15301,267,267,86,3.1047,46,6,0.0,988
15302,15302,164,164,53,3.0943,33,6,0.0,988
15303,15303,81,81,26,3.1154,101,6,0.0,988
15304,15304,304,304,98,3.102,42,6,0.0,884
15305,15305,81,81,26,3.1154,20,6,0.0,884
15306,15306,147,147,53,2.7736,19,6,0.0,2328
15307,15307,6,6,2,3.0,0,6,0.0,2328
15308,15308,123,123,44,2.7955,18,6,0.0,1931
15309,15309,305,305,109,2.7982,35,6,0.0,1480
15310,15310,27,27,10,2.7,19,6,0.0,1931
15311,15311,14,14,5,2.8,1,6,0.0,1931
15312,15312,48,48,17,2.8235,3,6,0.0,1931
15313,15313,0,0,0,0.0,0,6,0.0,2328
15314,15314,23,23,8,2.875,13,6,0.0,1480
15315,15315,17,17,6,2.8333,61,6,0.0,1931
15316,15316,106,106,38,2.7895,21,6,0.0,1443
15317,15317,78,78,28,2.7857,45,6,0.0,1443
15318,15318,0,0,0,0.0,0,6,0.0,2328
15319,15319,0,0,0,0.0,0,6,0.0,1931
15320,15320,48,48,17,2.8235,29,6,0.0,1443
15321,15321,115,115,41,2.8049,17,6,0.0,1931
15322,15322,76,76,27,2.8148,14,6,0.0,1443
15323,15323,11,11,4,2.75,62,6,0.0,1931
15324,15324,123,123,44,2.7955,17,6,0.0,1931
15325,15325,6,6,2,3.0,0,6,0.0,1443
15326,15326,28,28,10,2.8,1,6,0.0,1604
15327,15327,0,0,0,0.0,0,6,0.0,1604
15328,15328,0,0,0,0.0,0,6,0.0,2328
15329,15329,51,51,19,2.6842,3,6,0.0,1604
15330,15330,23,23,8,2.875,14,6,0.0,1604
15331,15331,0,0,0,0.0,0,7,0.0,1412
15332,15332,139,139,43,3.2326,14,6,0.0,1169
15333,15333,0,0,0,0.0,0,6,0.0,1412
15334,15334,0,0,0,0.0,0,6,0.0,1298
15335,15335,0,0,0,0.0,0,6,0.0,1612
15336,15336,12,12,4,3.0,0,6,0.0,1412
15337,15337,0,0,0,0.0,0,6,0.0,1298
15338,15338,0,0,0,0.0,0,6,0.0,1298
15339,15339,0,0,0,0.0,0,6,0.0,1529
15340,15340,19,19,6,3.1667,0,6,0.0,1529
15341,15341,148,148,48,3.0833,17,6,0.0,1529
15342,15342,84,84,27,3.1111,31,6,0.0,1529
15343,15343,90,90,28,3.2143,30,6,0.0,1275
15344,15344,16,16,5,3.2,0,6,0.0,1275
15345,15345,3,3,1,3.0,0,6,0.0,1529
15346,15346,12,12,4,3.0,0,6,0.0,1529
15347,15347,64,64,20,3.2,18,6,0.0,1275
15348,15348,6,6,2,3.0,10,6,0.0,1529
15349,15349,16,16,5,3.2,10,6,0.0,1529
15350,15350,0,0,0,0.0,0,6,0.0,1529
15351,15351,80,80,26,3.0769,44,6,0.0,1303
15352,15352,25,25,8,3.125,12,6,0.0,1480
15353,15353,6,6,2,3.0,0,6,0.0,1480
15354,15354,173,173,56,3.0893,21,6,0.0,1303
15355,15355,115,115,37,3.1081,25,6,0.0,1303
15356,15356,96,96,31,3.0968,14,6,0.0,1303
15357,15357,46,46,15,3.0667,2,6,0.0,1480
15358,15358,64,64,23,2.7826,20,6,0.0,1275
15359,15359,107,107,38,2.8158,22,6,0.0,1275
15360,15360,87,87,31,2.8065,28,6,0.0,1275
15361,15361,162,162,58,2.7931,21,6,0.0,999
15362,15362,76,76,27,2.8148,22,6,0.0,1140
15363,15363,137,137,49,2.7959,35,6,0.0,999
15364,15364,76,76,27,2.8148,4,6,0.0,1140
15365,15365,76,76,27,2.8148,16,6,0.0,1042
15366,15366,59,59,21,2.8095,32,6,0.0,1042
15367,15367,53,53,19,2.7895,19,6,0.0,1042
15368,15368,34,34,12,2.8333,2,6,0.0,1042
15369,15369,123,123,44,2.7955,50,6,0.0,1001
15370,15370,0,0,0,0.0,0,6,0.0,1128
15371,15371,67,67,24,2.7917,20,6,0.0,1001
15372,15372,0,0,0,0.0,0,6,0.0,1128
15373,15373,34,34,12,2.8333,14,6,0.0,951
15374,15374,0,0,0,0.0,0,6,0.0,1066
15375,15375,0,0,0,0.0,429,6,0.0,951
15376,15376,0,0,0,0.0,72,6,0.0,1066
15377,15377,126,126,49,2.5714,40,6,0.0,453
15378,15378,68,68,26,2.6154,21,6,0.0,453
15379,15379,138,138,53,2.6038,25,6,0.0,453
15380,15380,104,104,40,2.6,8,6,0.0,453
15381,15381,50,50,19,2.6316,17,6,0.0,453
15382,15382,62,62,24,2.5833,47,6,0.0,453
15383,15383,0,0,0,0.0,0,6,0.0,443
15384,15384,93,93,36,2.5833,23,6,0.0,530
15385,15385,288,288,111,2.5946,112,6,0.0,530
15386,15386,0,0,0,0.0,304,6,0.0,552
15387,15387,83,83,36,2.3056,27,6,0.0,552
15388,15388,7,7,3,2.3333,19,6,0.0,564
15389,15389,109,109,47,2.3191,28,6,0.0,564
15390,15390,57,57,25,2.28,16,6,0.0,564
15391,15391,137,137,59,2.322,19,6,0.0,536
15392,15392,0,0,0,0.0,0,6,0.0,627
15393,15393,0,0,0,0.0,0,6,0.0,627
15394,15394,130,130,57,2.2807,35,6,0.0,626
15395,15395,85,85,38,2.2368,19,6,0.0,626
15396,15396,62,62,27,2.2963,20,6,0.0,626
15397,15397,91,91,40,2.275,21,6,0.0,626
15398,15398,85,85,38,2.2368,23,6,0.0,626
15399,15399,39,39,17,2.2941,18,6,0.0,626
15400,15400,95,95,42,2.2619,19,6,0.0,626
15401,15401,39,39,17,2.2941,3,6,0.0,626
15402,15402,70,70,31,2.2581,18,6,0.0,626
15403,15403,26,26,11,2.3636,3,6,0.0,626
15404,15404,56,56,24,2.3333,101,6,0.0,626
15405,15405,0,0,0,0.0,0,6,0.0,627
15406,15406,66,66,29,2.2759,20,6,0.0,806
15407,15407,98,98,43,2.2791,20,6,0.0,806
15408,15408,181,181,79,2.2911,47,6,0.0,806
15409,15409,0,0,0,0.0,0,6,0.0,945
15410,15410,0,0,0,0.0,0,6,0.0,945
15411,15411,133,133,58,2.2931,30,6,0.0,739
15412,15412,156,156,68,2.2941,27,6,0.0,739
15413,15413,582,582,253,2.3004,71,6,0.0,739
15414,15414,69,69,30,2.3,21,6,0.0,739
15415,15415,65,65,32,2.0312,4,6,0.0,782
15416,15416,72,72,36,2.0,18,6,0.0,782
15417,15417,2,2,1,2.0,19,6,0.0,637
15418,15418,15,15,7,2.1429,19,6,0.0,782
15419,15419,32,32,16,2.0,12,6,0.0,637
15420,15420,34,34,17,2.0,3,6,0.0,683
15421,15421,37,37,18,2.0556,16,6,0.0,683
15422,15422,118,118,58,2.0345,122,6,0.0,683
15423,15423,9,9,4,2.25,1,6,0.0,788
15424,15424,17,17,8,2.125,1,6,0.0,995
15425,15425,31,31,15,2.0667,12,6,0.0,972
15426,15426,0,0,0,0.0,375,6,0.0,352
15427,15427,0,0,0,0.0,0,6,0.0,352
15428,15428,89,89,42,2.119,16,6,0.0,441
15429,15429,74,74,31,2.3871,35,6,0.0,681
15430,15430,175,175,73,2.3973,21,6,0.0,767
15431,15431,201,201,84,2.3929,13,6,0.0,767
15432,15432,91,91,38,2.3947,24,6,0.0,681
15433,15433,141,141,59,2.3898,9,6,0.0,767
15434,15434,115,115,48,2.3958,19,6,0.0,696
15435,15435,136,136,57,2.386,29,6,0.0,715
15436,15436,86,86,36,2.3889,20,6,0.0,715
15437,15437,244,244,102,2.3922,43,6,0.0,715
15438,15438,79,79,33,2.3939,19,6,0.0,663
15439,15439,0,0,0,0.0,31,6,0.0,483
15440,15440,42,42,18,2.3333,14,6,0.0,531
15441,15441,43,43,18,2.3889,41,6,0.0,531
15442,15442,86,86,36,2.3889,18,6,0.0,531
15443,15443,22,22,9,2.4444,85,6,0.0,483
15444,15444,34,34,14,2.4286,24,6,0.0,531
15445,15445,40,40,17,2.3529,14,6,0.0,483
15446,15446,47,47,20,2.35,14,6,0.0,531
15447,15447,135,135,57,2.3684,23,6,0.0,484
15448,15448,52,52,22,2.3636,17,6,0.0,484
15449,15449,31,31,13,2.3846,13,6,0.0,484
15450,15450,67,67,28,2.3929,5,6,0.0,601
15451,15451,43,43,18,2.3889,3,6,0.0,601
15452,15452,61,61,26,2.3462,5,6,0.0,597
15453,15453,70,70,23,3.0435,25,6,0.0,396
15454,15454,64,64,21,3.0476,58,6,0.0,396
15455,15455,54,54,18,3.0,23,6,0.0,396
15456,15456,92,92,30,3.0667,31,6,0.0,396
15457,15457,174,174,57,3.0526,48,6,0.0,396
15458,15458,171,171,56,3.0536,55,6,0.0,396
15459,15459,67,67,22,3.0455,11,6,0.0,406
15460,15460,0,0,0,0.0,64,6,0.0,406
15461,15461,0,0,0,0.0,0,6,0.0,451
15462,15462,104,104,34,3.0588,35,6,0.0,463
15463,15463,177,177,58,3.0517,66,6,0.0,463
15464,15464,125,125,60,2.0833,29,6,0.0,562
15465,15465,23,23,11,2.0909,1,6,0.0,523
15466,15466,109,109,42,2.5952,25,6,0.0,456
15467,15467,0,0,0,0.0,0,6,0.0,456
15468,15468,117,117,45,2.6,26,6,0.0,456
15469,15469,23,23,9,2.5556,57,6,0.0,456
15470,15470,37,37,14,2.6429,2,6,0.0,456
15471,15471,85,85,33,2.5758,18,6,0.0,456
15472,15472,45,45,17,2.6471,2,6,0.0,453
15473,15473,53,53,20,2.65,17,6,0.0,453
15474,15474,16,16,6,2.6667,1,6,0.0,530
15475,15475,85,85,33,2.5758,17,6,0.0,453
15476,15476,70,70,27,2.5926,16,6,0.0,453
15477,15477,42,42,16,2.625,14,6,0.0,453
15478,15478,47,47,18,2.6111,21,6,0.0,530
15479,15479,70,70,27,2.5926,24,6,0.0,530
15480,15480,55,55,21,2.619,15,6,0.0,530
15481,15481,111,111,43,2.5814,32,6,0.0,530
15482,15482,55,55,21,2.619,14,6,0.0,530
15483,15483,79,79,31,2.5484,4,6,0.0,530
15484,15484,58,58,22,2.6364,78,6,0.0,530
15485,15485,0,0,0,0.0,21,6,0.0,548
15486,15486,0,0,0,0.0,265,6,0.0,548
15487,15487,0,0,0,0.0,346,6,0.0,548
15488,15488,0,0,0,0.0,945,6,0.0,552
15489,15489,0,0,0,0.0,202,6,0.0,552
15490,15490,31,31,13,2.3846,13,6,0.0,564
15491,15491,9,9,4,2.25,93,6,0.0,564
15492,15492,84,84,37,2.2703,78,6,0.0,564
15493,15493,58,58,25,2.32,15,6,0.0,564
15494,15494,14,14,6,2.3333,25,6,0.0,564
15495,15495,26,26,11,2.3636,61,6,0.0,564
15496,15496,132,132,57,2.3158,18,6,0.0,564
15497,15497,77,77,34,2.2647,27,6,0.0,564
15498,15498,261,261,113,2.3097,31,6,0.0,564
15499,15499,113,113,49,2.3061,23,6,0.0,564
15500,15500,37,37,16,2.3125,3,6,0.0,564
15501,15501,21,21,9,2.3333,12,6,0.0,564
15502,15502,15,15,6,2.5,1,6,0.0,631
15503,15503,332,332,144,2.3056,42,6,0.0,536
15504,15504,182,182,79,2.3038,26,6,0.0,536
15505,15505,0,0,0,0.0,23,6,0.251,536
15506,15506,260,260,113,2.3009,37,6,0.0,536
15507,15507,226,226,98,2.3061,108,6,0.345,536
15508,15508,44,44,19,2.3158,14,6,0.0,626
15509,15509,57,57,25,2.28,19,6,0.0,626
15510,15510,33,33,14,2.3571,13,6,0.0,626
15511,15511,39,39,17,2.2941,21,6,0.0,626
15512,15512,0,0,0,0.0,64,6,0.0,626
15513,15513,33,33,14,2.3571,3,6,0.0,626
15514,15514,41,41,18,2.2778,15,6,0.0,626
15515,15515,29,29,13,2.2308,3,6,0.0,626
15516,15516,31,31,13,2.3846,3,6,0.0,945
15517,15517,14,14,6,2.3333,1,6,0.0,945
15518,15518,79,79,35,2.2571,27,6,0.0,806
15519,15519,19,19,8,2.375,21,6,0.0,945
15520,15520,84,84,37,2.2703,20,6,0.0,806
15521,15521,34,34,15,2.2667,3,6,0.0,806
15522,15522,51,51,22,2.3182,3,6,0.0,806
15523,15523,19,19,8,2.375,1,6,0.0,945
15524,15524,2,2,1,2.0,33,6,0.0,945
15525,15525,48,48,21,2.2857,16,6,0.0,626
15526,15526,23,23,10,2.3,12,6,0.0,626
15527,15527,77,77,34,2.2647,16,6,0.0,739
15528,15528,70,70,31,2.2581,14,6,0.0,739
15529,15529,28,28,12,2.3333,16,6,0.0,626
15530,15530,121,121,60,2.0167,18,6,0.0,782
15531,15531,135,135,66,2.0455,22,6,0.0,782
15532,15532,0,0,0,0.0,147,6,0.0,782
15533,15533,0,0,0,0.0,817,6,0.0,616
15534,15534,39,39,19,2.0526,31,6,0.0,637
15535,15535,31,31,15,2.0667,13,6,0.0,637
15536,15536,45,45,22,2.0455,23,6,0.0,782
15537,15537,23,23,11,2.0909,250,6,0.0,637
15538,15538,49,49,24,2.0417,24,6,0.0,782
15539,15539,25,25,12,2.0833,13,6,0.0,637
15540,15540,29,29,14,2.0714,19,6,0.0,637
15541,15541,10,10,5,2.0,12,6,0.0,637
15542,15542,72,72,36,2.0,19,6,0.0,683
15543,15543,29,29,14,2.0714,12,6,0.0,637
15544,15544,37,37,18,2.0556,3,6,0.0,683
15545,15545,25,25,12,2.0833,2,6,0.0,683
15546,15546,15,15,7,2.1429,1,6,0.0,788
15547,15547,23,23,11,2.0909,2,6,0.0,788
15548,15548,27,27,13,2.0769,2,6,0.0,788
15549,15549,73,73,35,2.0857,19,6,0.0,788
15550,15550,54,54,26,2.0769,15,6,0.0,788
15551,15551,53,53,26,2.0385,3,6,0.0,788
15552,15552,43,43,21,2.0476,3,6,0.0,788
15553,15553,23,23,11,2.0909,12,6,0.0,683
15554,15554,121,121,60,2.0167,29,6,0.0,683
15555,15555,8,8,4,2.0,0,6,0.0,995
15556,15556,15,15,7,2.1429,0,6,0.0,995
15557,15557,25,25,12,2.0833,11,6,0.0,995
15558,15558,19,19,9,2.1111,1,6,0.0,782
15559,15559,27,27,13,2.0769,13,6,0.0,995
15560,15560,19,19,9,2.1111,1,6,0.0,995
15561,15561,6,6,3,2.0,0,6,0.0,995
15562,15562,17,17,8,2.125,19,6,0.0,995
15563,15563,33,33,16,2.0625,14,6,0.0,995
15564,15564,38,38,18,2.1111,2,6,0.0,995
15565,15565,15,15,7,2.1429,11,6,0.0,995
15566,15566,21,21,10,2.1,1,6,0.0,995
15567,15567,25,25,12,2.0833,13,6,0.0,995
15568,15568,17,17,8,2.125,12,6,0.0,995
15569,15569,15,15,7,2.1429,14,6,0.0,995
15570,15570,10,10,5,2.0,0,6,0.0,782
15571,15571,23,23,11,2.0909,15,6,0.0,972
15572,15572,33,33,16,2.0625,14,6,0.0,972
15573,15573,15,15,7,2.1429,1,6,0.0,972
15574,15574,13,13,6,2.1667,12,6,0.0,972
15575,15575,40,40,19,2.1053,14,6,0.0,972
15576,15576,31,31,15,2.0667,12,6,0.0,972
15577,15577,19,19,9,2.1111,13,6,0.0,782
15578,15578,23,23,11,2.0909,18,6,0.0,972
15579,15579,66,66,32,2.0625,15,6,0.0,972
15580,15580,48,48,23,2.087,17,6,0.0,788
15581,15581,17,17,8,2.125,12,6,0.0,972
15582,15582,0,0,0,0.0,0,6,0.0,352
15583,15583,192,192,91,2.1099,28,6,0.0,424
15584,15584,213,213,101,2.1089,40,6,0.0,424
15585,15585,0,0,0,0.0,53,6,0.0,424
15586,15586,63,63,30,2.1,19,6,0.0,424
15587,15587,132,132,63,2.0952,21,6,0.0,441
15588,15588,194,194,92,2.1087,45,6,0.0,441
15589,15589,4,4,2,2.0,11,6,0.0,441
15590,15590,26,26,12,2.1667,2,6,0.0,441
15591,15591,0,0,0,0.0,24,6,0.0,441
15592,15592,84,84,35,2.4,18,6,0.0,681
15593,15593,151,151,63,2.3968,22,6,0.0,681
15594,15594,64,64,27,2.3704,5,6,0.0,767
15595,15595,116,116,49,2.3673,8,6,0.0,767
15596,15596,71,71,30,2.3667,16,6,0.0,681
15597,15597,237,237,99,2.3939,32,6,0.0,767
15598,15598,36,36,15,2.4,15,6,0.0,835
15599,15599,0,0,0,0.0,299,6,0.0,835
15600,15600,47,47,20,2.35,15,6,0.0,835
15601,15601,27,27,11,2.4545,13,6,0.0,715
15602,15602,26,26,11,2.3636,14,6,0.0,835
15603,15603,121,121,51,2.3725,8,6,0.0,696
15604,15604,95,95,40,2.375,19,6,0.0,696
15605,15605,0,0,0,0.0,0,6,0.0,696
15606,15606,0,0,0,0.0,0,6,0.0,715
15607,15607,60,60,25,2.4,17,6,0.0,663
15608,15608,155,155,65,2.3846,29,6,0.0,663
15609,15609,10,10,4,2.5,12,6,0.0,663
15610,15610,0,0,0,0.0,49,6,0.0,663
15611,15611,52,52,22,2.3636,24,6,0.0,663
15612,15612,40,40,17,2.3529,17,6,0.0,663
15613,15613,0,0,0,0.0,331,6,0.0,540
15614,15614,52,52,22,2.3636,4,6,0.0,531
15615,15615,64,64,27,2.3704,5,6,0.0,531
15616,15616,32,32,13,2.4615,17,6,0.0,531
15617,15617,27,27,11,2.4545,19,6,0.0,483
15618,15618,38,38,16,2.375,3,6,0.0,531
15619,15619,64,64,27,2.3704,4,6,0.0,531
15620,15620,98,98,41,2.3902,5,6,0.0,531
15621,15621,29,29,12,2.4167,2,6,0.0,531
15622,15622,15,15,6,2.5,25,6,0.0,531
15623,15623,17,17,7,2.4286,13,6,0.0,531
15624,15624,57,57,24,2.375,3,6,0.0,484
15625,15625,31,31,13,2.3846,33,6,0.0,484
15626,15626,0,0,0,0.0,248,6,0.0,569
15627,15627,0,0,0,0.0,106,6,0.0,569
15628,15628,98,98,41,2.3902,18,6,0.0,601
15629,15629,0,0,0,0.0,216,6,0.0,569
15630,15630,33,33,14,2.3571,2,6,0.0,601
15631,15631,100,100,42,2.381,18,6,0.0,601
15632,15632,98,98,41,2.3902,6,6,0.0,601
15633,15633,47,47,20,2.35,17,6,0.0,601
15634,15634,74,74,31,2.3871,16,6,0.0,601
15635,15635,125,125,53,2.3585,24,6,0.0,597
15636,15636,22,22,9,2.4444,1,6,0.0,597
15637,15637,22,22,9,2.4444,1,6,0.0,597
15638,15638,79,79,33,2.3939,16,6,0.0,597
15639,15639,136,136,57,2.386,19,6,0.0,597
15640,15640,89,89,37,2.4054,17,6,0.0,597
15641,15641,89,89,37,2.4054,16,6,0.0,597
15642,15642,52,52,17,3.0588,46,6,0.0,396
15643,15643,113,113,37,3.0541,37,6,0.0,396
15644,15644,42,42,14,3.0,34,6,0.0,463
15645,15645,73,73,24,3.0417,26,6,0.0,463
15646,15646,300,300,98,3.0612,72,6,0.0,463
15647,15647,177,177,58,3.0517,35,6,0.0,463
15648,15648,190,190,62,3.0645,49,6,0.0,463
15649,15649,107,107,35,3.0571,20,6,0.0,463
15650,15650,70,70,23,3.0435,12,6,0.0,463
15651,15651,130,130,43,3.0233,39,6,0.0,463
15652,15652,123,123,59,2.0847,70,6,0.0,562
15653,15653,42,42,20,2.1,24,6,0.0,523
15654,15654,26,26,12,2.1667,2,6,0.0,523
15655,15655,17,17,8,2.125,23,6,0.0,523
15656,15656,0,0,0,0.0,0,6,0.0,523
15657,15657,28,28,13,2.1538,29,6,0.0,523
15658,15658,26,26,12,2.1667,2,6,0.0,523
15659,15659,0,0,0,0.0,0,6,0.0,523
15660,15660,121,121,58,2.0862,27,6,0.0,562
15661,15661,15,15,7,2.1429,1,6,0.0,523
15662,15662,13,13,6,2.1667,27,6,0.0,515
15663,15663,28,28,13,2.1538,2,6,0.0,515
15664,15664,165,165,79,2.0886,24,6,0.0,545
15665,15665,224,224,106,2.1132,70,6,0.0,481
15666,15666,298,298,141,2.1135,394,6,0.0,545
15667,15667,147,147,48,3.0625,39,6,0.0,451
15668,15668,271,271,89,3.0449,96,6,0.0,451
15669,15669,91,91,43,2.1163,22,6,0.0,454
15670,15670,0,0,0,0.0,28,6,0.0,307
15671,15671,20,20,9,2.2222,2,6,0.0,291
15672,15672,0,0,0,0.0,0,6,0.0,417
15673,15673,0,0,0,0.0,231,6,0.0,332
15674,15674,27,27,11,2.4545,17,6,0.0,417
15675,15675,46,46,19,2.4211,3,6,0.0,417
15676,15676,162,162,66,2.4545,32,6,0.0,354
15677,15677,7,7,3,2.3333,24,6,0.0,354
15678,15678,140,30,12,2.5,17,6,0.0,341
15679,15679,31,31,14,2.2143,25,6,0.0,254
15680,15680,48,48,21,2.2857,26,6,0.0,254
15681,15681,97,97,42,2.3095,16,6,0.0,254
15682,15682,88,88,38,2.3158,16,6,0.0,254
15683,15683,92,92,40,2.3,19,6,0.0,254
15684,15684,126,126,55,2.2909,62,6,0.0,270
15685,15685,163,163,71,2.2958,29,6,0.0,270
15686,15686,64,64,28,2.2857,86,6,0.0,270
15687,15687,74,74,32,2.3125,22,6,0.0,295
15688,15688,0,0,0,0.0,0,6,0.0,295
15689,15689,221,221,96,2.3021,35,6,0.0,295
15690,15690,280,280,122,2.2951,43,6,0.0,295
15691,15691,55,55,25,2.2,24,6,0.0,306
15692,15692,85,85,37,2.2973,18,6,0.0,306
15693,15693,108,108,47,2.2979,34,6,0.0,306
15694,15694,76,76,33,2.303,42,6,0.0,306
15695,15695,121,121,53,2.283,35,6,0.0,306
15696,15696,64,64,28,2.2857,28,6,0.0,306
15697,15697,0,0,0,0.0,0,6,0.0,353
15698,15698,0,0,0,0.0,0,6,0.0,353
15699,15699,0,0,0,0.0,88,6,0.0,405
15700,15700,0,0,0,0.0,0,6,0.0,500
15701,15701,318,318,138,2.3043,53,6,0.0,360
15702,15702,0,0,0,0.0,438,6,0.0,503
15703,15703,14,14,5,2.8,28,6,0.0,277
15704,15704,87,87,31,2.8065,27,6,0.0,277
15705,15705,81,81,29,2.7931,20,6,0.0,277
15706,15706,81,81,29,2.7931,27,6,0.0,277
15707,15707,70,70,25,2.8,25,6,0.0,277
15708,15708,45,45,16,2.8125,26,6,0.0,289
15709,15709,106,106,38,2.7895,31,6,0.0,289
15710,15710,64,64,23,2.7826,18,6,0.0,312
15711,15711,23,23,8,2.875,15,6,0.0,317
15712,15712,347,347,124,2.7984,113,6,0.0,317
15713,15713,306,306,109,2.8073,38,6,0.0,317
15714,15714,0,0,0,0.0,0,6,0.0,418
15715,15715,83,83,33,2.5152,14,6,0.0,342
15716,15716,120,120,48,2.5,51,6,0.0,418
15717,15717,151,151,60,2.5167,51,6,0.0,418
15718,15718,207,207,82,2.5244,35,6,0.0,457
15719,15719,216,216,107,2.0187,37,6,0.0,501
15720,15720,148,148,73,2.0274,11,6,0.0,494
15721,15721,50,50,25,2.0,16,6,0.0,489
15722,15722,37,37,18,2.0556,3,6,0.0,506
15723,15723,54,54,27,2.0,42,6,0.0,409
15724,15724,86,86,43,2.0,21,6,0.0,409
15725,15725,113,113,56,2.0179,9,6,0.0,409
15726,15726,107,107,53,2.0189,21,6,0.0,409
15727,15727,155,155,77,2.013,40,6,0.0,404
15728,15728,0,0,0,0.0,0,6,0.0,221
15729,15729,0,0,0,0.0,0,6,0.0,221
15730,15730,89,89,38,2.3421,47,6,0.0,235
15731,15731,0,0,0,0.0,0,6,0.0,235
15732,15732,105,105,45,2.3333,32,6,0.0,235
15733,15733,103,103,44,2.3409,27,6,0.0,235
15734,15734,0,0,0,0.0,30,6,0.0,214
15735,15735,363,363,156,2.3269,54,6,0.0,214
15736,15736,287,287,123,2.3333,120,6,0.0,220
15737,15737,213,213,91,2.3407,38,6,0.0,235
15738,15738,103,103,40,2.575,17,6,0.0,252
15739,15739,111,111,43,2.5814,28,6,0.0,252
15740,15740,46,46,18,2.5556,17,6,0.0,239
15741,15741,49,49,19,2.5789,17,6,0.0,239
15742,15742,158,158,62,2.5484,30,6,0.0,120
15743,15743,47,47,18,2.6111,2,6,0.0,120
15744,15744,103,103,40,2.575,16,6,0.0,133
15745,15745,84,84,33,2.5455,15,6,0.0,142
15746,15746,233,233,91,2.5604,52,6,0.0,142
15747,15747,0,0,0,0.0,305,6,0.0,124
15748,15748,69,69,27,2.5556,22,6,0.0,130
15749,15749,0,0,0,0.0,0,6,0.0,523
15750,15750,8,8,4,2.0,0,6,0.0,523
15751,15751,26,26,12,2.1667,63,6,0.0,523
15752,15752,11,11,5,2.2,1,6,0.0,523
15753,15753,0,0,0,0.0,0,6,0.0,523
15754,15754,132,132,63,2.0952,55,6,0.0,562
15755,15755,6,6,3,2.0,0,6,0.0,523
15756,15756,13,13,6,2.1667,12,6,0.0,523
15757,15757,6,6,3,2.0,100,6,0.0,562
15758,15758,0,0,0,0.0,0,6,0.0,562
15759,15759,28,28,13,2.1538,13,6,0.0,515
15760,15760,364,364,173,2.104,35,6,0.0,562
15761,15761,32,32,15,2.1333,12,6,0.0,515
15762,15762,87,87,42,2.0714,34,6,0.0,515
15763,15763,0,0,0,0.0,0,6,0.0,545
15764,15764,21,21,10,2.1,1,6,0.0,515
15765,15765,111,17,8,2.125,1,6,0.0,562
15766,15766,0,0,0,0.0,0,6,0.0,515
15767,15767,70,70,33,2.1212,17,6,0.0,545
15768,15768,26,26,12,2.1667,2,6,0.0,545
15769,15769,118,118,56,2.1071,7,6,0.0,545
15770,15770,0,0,0,0.0,0,6,0.0,627
15771,15771,0,0,0,0.0,0,6,0.0,627
15772,15772,0,0,0,0.0,0,6,0.0,627
15773,15773,0,0,0,0.0,0,6,0.0,627
15774,15774,0,0,0,0.0,0,6,0.0,545
15775,15775,130,130,43,3.0233,60,6,0.0,451
15776,15776,70,70,23,3.0435,25,6,0.0,451
15777,15777,52,52,17,3.0588,9,6,0.0,451
15778,15778,103,103,34,3.0294,31,6,0.0,451
15779,15779,31,31,10,3.1,25,6,0.0,451
15780,15780,208,208,68,3.0588,51,6,0.0,451
15781,15781,92,92,30,3.0667,28,6,0.0,451
15782,15782,110,110,36,3.0556,19,6,0.0,451
15783,15783,94,94,31,3.0323,16,6,0.0,451
15784,15784,12,12,4,3.0,18,6,0.0,451
15785,15785,188,188,61,3.082,41,6,0.0,451
15786,15786,110,110,36,3.0556,29,6,0.0,451
15787,15787,0,0,0,0.0,84,6,0.0,451
15788,15788,97,97,46,2.1087,16,6,0.0,454
15789,15789,65,65,31,2.0968,3,6,0.0,454
15790,15790,72,72,34,2.1176,4,6,0.0,454
15791,15791,104,104,49,2.1224,31,6,0.0,454
15792,15792,60,60,29,2.069,19,6,0.0,454
15793,15793,118,118,56,2.1071,39,6,0.0,454
15794,15794,108,108,51,2.1176,23,6,0.0,454
15795,15795,2,2,1,2.0,0,6,0.0,271
15796,15796,0,0,0,0.0,0,6,0.0,330
15797,15797,0,0,0,0.0,210,6,0.0,380
15798,15798,5,5,2,2.5,27,6,0.0,447
15799,15799,0,0,0,0.0,199,6,0.0,332
15800,15800,37,37,15,2.4667,4,6,0.0,417
15801,15801,0,0,0,0.0,719,6,0.0,380
15802,15802,22,22,9,2.4444,3,6,0.0,417
15803,15803,0,0,0,0.0,127,6,0.0,332
15804,15804,2,2,1,2.0,73,6,0.0,447
15805,15805,0,0,0,0.0,25,6,0.0,447
15806,15806,35,35,14,2.5,14,6,0.0,417
15807,15807,96,96,39,2.4615,26,6,0.0,354
15808,15808,41,41,17,2.4118,14,6,0.0,354
15809,15809,69,69,29,2.3793,7,6,0.0,354
15810,15810,258,258,105,2.4571,46,6,0.0,354
15811,15811,5,5,2,2.5,0,6,0.0,417
15812,15812,17,17,7,2.4286,2,6,0.0,447
15813,15813,0,0,0,0.0,0,6,0.0,434
15814,15814,115,115,47,2.4468,28,6,0.0,434
15815,15815,0,0,0,0.0,86,6,0.0,434
15816,15816,76,76,31,2.4516,25,6,0.0,434
15817,15817,5,5,2,2.5,44,6,0.0,341
15818,15818,265,265,108,2.4537,27,6,0.0,341
15819,15819,59,59,24,2.4583,20,6,0.0,372
15820,15820,43,43,18,2.3889,31,6,0.0,372
15821,15821,41,41,17,2.4118,28,6,0.0,434
15822,15822,46,46,19,2.4211,20,6,0.0,434
15823,15823,49,49,20,2.45,20,6,0.0,372
15824,15824,63,63,26,2.4231,32,6,0.0,372
15825,15825,91,91,37,2.4595,9,6,0.0,434
15826,15826,76,76,31,2.4516,17,6,0.0,434
15827,15827,7,7,3,2.3333,40,6,0.0,341
15828,15828,80,80,33,2.4242,27,6,0.0,372
15829,15829,77,77,32,2.4062,6,6,0.0,372
15830,15830,51,51,21,2.4286,27,6,0.0,434
15831,15831,68,68,28,2.4286,38,6,0.0,434
15832,15832,0,0,0,0.0,0,6,0.0,341
15833,15833,0,0,0,0.0,210,6,0.0,416
15834,15834,61,61,25,2.44,6,6,0.0,450
15835,15835,149,149,61,2.4426,29,6,0.0,372
15836,15836,102,102,42,2.4286,25,6,0.0,450
15837,15837,63,63,26,2.4231,6,6,0.0,372
15838,15838,119,119,49,2.4286,22,6,0.0,450
15839,15839,109,109,45,2.4222,40,6,0.0,372
15840,15840,30,30,12,2.5,15,6,0.0,372
15841,15841,88,88,36,2.4444,20,6,0.0,372
15842,15842,71,71,29,2.4483,23,6,0.0,372
15843,15843,78,78,32,2.4375,8,6,0.0,450
15844,15844,68,68,28,2.4286,16,6,0.0,450
15845,15845,0,0,0,0.0,94,6,0.0,372
15846,15846,127,27,11,2.4545,137,6,0.0,450
15847,15847,66,66,27,2.4444,6,6,0.0,450
15848,15848,119,119,52,2.2885,8,6,0.0,254
15849,15849,23,23,10,2.3,15,6,0.0,254
15850,15850,145,145,63,2.3016,58,6,0.0,295
15851,15851,112,112,49,2.2857,18,6,0.0,295
15852,15852,48,48,21,2.2857,106,6,0.0,306
15853,15853,74,74,32,2.3125,16,6,0.0,306
15854,15854,111,104,45,2.3111,66,6,0.0,306
15855,15855,39,39,17,2.2941,27,6,0.0,306
15856,15856,0,0,0,0.0,26,6,0.0,373
15857,15857,78,78,34,2.2941,16,6,0.0,373
15858,15858,0,0,0,0.0,0,6,0.0,373
15859,15859,33,33,14,2.3571,17,6,0.0,373
15860,15860,67,67,29,2.3103,23,6,0.0,373
15861,15861,165,165,72,2.2917,43,6,0.0,373
15862,15862,154,154,67,2.2985,39,6,0.0,373
15863,15863,124,124,54,2.2963,31,6,0.0,405
15864,15864,0,0,0,0.0,0,6,0.0,373
15865,15865,0,0,0,0.0,1154,6,0.0,500
15866,15866,0,0,0,0.0,123,6,0.0,360
15867,15867,7,7,3,2.3333,0,6,0.0,306
15868,15868,14,14,6,2.3333,1,6,0.0,306
15869,15869,45,45,16,2.8125,19,6,0.0,277
15870,15870,37,37,13,2.8462,37,6,0.0,277
15871,15871,37,37,13,2.8462,16,6,0.0,277
15872,15872,50,50,18,2.7778,4,6,0.0,277
15873,15873,17,17,6,2.8333,18,6,0.0,277
15874,15874,36,36,13,2.7692,13,6,0.0,289
15875,15875,64,64,23,2.7826,18,6,0.0,289
15876,15876,0,0,0,0.0,0,6,0.0,289
15877,15877,73,73,26,2.8077,19,6,0.0,289
15878,15878,39,39,14,2.7857,14,6,0.0,289
15879,15879,81,81,29,2.7931,19,6,0.0,289
15880,15880,67,67,24,2.7917,20,6,0.0,289
15881,15881,0,0,0,0.0,321,6,0.0,289
15882,15882,84,84,30,2.8,17,6,0.0,312
15883,15883,50,50,18,2.7778,17,6,0.0,312
15884,15884,0,0,0,0.0,18,6,0.0,312
15885,15885,47,47,17,2.7647,3,6,0.0,312
15886,15886,53,53,19,2.7895,4,6,0.0,312
15887,15887,50,50,18,2.7778,14,6,0.0,312
15888,15888,73,73,26,2.8077,18,6,0.0,312
15889,15889,61,61,22,2.7727,16,6,0.0,312
15890,15890,62,62,22,2.8182,22,6,0.0,312
15891,15891,30,30,10,3.0,12,6,0.0,312
15892,15892,202,202,72,2.8056,41,6,0.0,312
15893,15893,20,20,7,2.8571,15,6,0.0,312
15894,15894,50,50,18,2.7778,32,6,0.0,312
15895,15895,9,9,3,3.0,50,6,0.0,317
15896,15896,0,0,0,0.0,445,6,0.0,317
15897,15897,264,264,104,2.5385,29,6,0.0,467
15898,15898,0,0,0,0.0,11,6,0.0,418
15899,15899,31,31,12,2.5833,2,6,0.0,342
15900,15900,50,50,20,2.5,3,6,0.0,342
15901,15901,89,89,35,2.5429,20,6,0.0,418
15902,15902,0,0,0,0.0,0,6,0.0,418
15903,15903,55,55,22,2.5,3,6,0.0,342
15904,15904,38,38,15,2.5333,13,6,0.0,342
15905,15905,166,166,66,2.5152,27,6,0.0,418
15906,15906,63,63,25,2.52,25,6,0.0,342
15907,15907,0,0,0,0.0,0,6,0.0,418
15908,15908,20,20,8,2.5,1,6,0.0,418
15909,15909,0,0,0,0.0,0,6,0.0,418
15910,15910,10,10,4,2.5,0,6,0.0,342
15911,15911,0,0,0,0.0,65,6,0.0,342
15912,15912,0,0,0,0.0,0,6,0.0,342
15913,15913,23,23,9,2.5556,1,6,0.0,418
15914,15914,148,148,59,2.5085,23,6,0.0,418
15915,15915,0,0,0,0.0,13,6,0.0,349
15916,15916,0,0,0,0.0,0,6,0.0,418
15917,15917,0,0,0,0.0,0,6,0.0,349
15918,15918,121,121,48,2.5208,23,6,0.0,418
15919,15919,0,0,0,0.0,0,6,0.0,349
15920,15920,103,103,41,2.5122,20,6,0.0,418
15921,15921,63,63,25,2.52,15,6,0.0,467
15922,15922,619,414,164,2.5244,513,6,0.0,348
15923,15923,0,0,0,0.0,0,6,0.0,348
15924,15924,0,0,0,0.0,57,6,0.0,348
15925,15925,68,68,27,2.5185,16,6,0.0,348
15926,15926,63,63,25,2.52,276,6,0.0,337
15927,15927,567,567,224,2.5312,64,6,0.0,337
15928,15928,58,58,23,2.5217,15,6,0.0,362
15929,15929,55,55,22,2.5,17,6,0.0,362
15930,15930,0,0,0,0.0,113,6,0.0,337
15931,15931,31,31,12,2.5833,14,6,0.0,362
15932,15932,109,109,43,2.5349,81,6,0.0,362
15933,15933,0,0,0,0.0,57,6,0.0,501
15934,15934,0,0,0,0.0,360,6,0.0,501
15935,15935,0,0,0,0.0,0,6,0.0,501
15936,15936,0,0,0,0.0,89,6,0.0,501
15937,15937,0,0,0,0.0,891,6,0.0,501
15938,15938,134,134,67,2.0,25,6,0.0,492
15939,15939,0,0,0,0.0,101,6,0.0,492
15940,15940,82,82,41,2.0,24,6,0.0,494
15941,15941,292,292,144,2.0278,41,6,0.0,494
15942,15942,57,57,29,1.9655,18,6,0.0,494
15943,15943,0,0,0,0.0,171,6,0.0,494
15944,15944,10,10,4,2.5,1,6,0.0,489
15945,15945,54,54,27,2.0,18,6,0.0,489
15946,15946,0,0,0,0.0,422,6,0.0,535
15947,15947,0,0,0,0.0,374,6,0.0,535
15948,15948,38,38,19,2.0,14,6,0.0,489
15949,15949,35,35,17,2.0588,3,6,0.0,506
15950,15950,44,44,22,2.0,23,6,0.0,506
15951,15951,0,0,0,0.0,252,6,0.0,535
15952,15952,0,0,0,0.0,402,6,0.0,535
15953,15953,226,226,112,2.0179,70,6,0.0,506
15954,15954,132,132,66,2.0,22,6,0.0,506
15955,15955,264,264,130,2.0308,34,6,0.0,506
15956,15956,0,0,0,0.0,206,6,0.0,506
15957,15957,167,167,83,2.012,27,6,0.0,409
15958,15958,6,6,3,2.0,13,6,0.0,409
15959,15959,80,80,40,2.0,6,6,0.0,409
15960,15960,1,1,1,1.0,0,6,0.0,404
15961,15961,218,218,108,2.0185,30,6,0.0,404
15962,15962,12,12,6,2.0,1,6,0.0,464
15963,15963,37,37,18,2.0556,15,6,0.0,464
15964,15964,56,56,28,2.0,14,6,0.0,464
15965,15965,0,0,0,0.0,218,6,0.0,404
15966,15966,57,57,29,1.9655,397,6,0.0,404
15967,15967,225,225,111,2.027,48,6,0.0,464
15968,15968,37,37,18,2.0556,28,6,0.0,464
15969,15969,120,120,60,2.0,19,6,0.0,464
15970,15970,103,103,44,2.3409,50,6,0.0,235
15971,15971,224,224,96,2.3333,63,6,0.0,235
15972,15972,0,0,0,0.0,14,6,0.0,214
15973,15973,53,53,23,2.3043,28,6,0.0,214
15974,15974,140,140,60,2.3333,25,6,0.0,214
15975,15975,115,115,49,2.3469,22,6,0.0,214
15976,15976,62,62,27,2.2963,65,6,0.0,220
15977,15977,105,105,45,2.3333,25,6,0.0,220
15978,15978,84,84,36,2.3333,24,6,0.0,230
15979,15979,70,70,30,2.3333,18,6,0.0,235
15980,15980,221,221,95,2.3263,37,6,0.0,235
15981,15981,321,321,138,2.3261,63,6,0.0,240
15982,15982,158,158,61,2.5902,36,6,0.0,252
15983,15983,46,46,18,2.5556,141,6,0.0,252
15984,15984,147,147,57,2.5789,22,6,0.0,252
15985,15985,13,13,5,2.6,13,6,0.0,263
15986,15986,36,36,14,2.5714,4,6,0.0,274
15987,15987,93,93,36,2.5833,43,6,0.0,274
15988,15988,67,67,26,2.5769,43,6,0.0,239
15989,15989,46,46,18,2.5556,4,6,0.0,239
15990,15990,46,46,18,2.5556,22,6,0.0,239
15991,15991,38,38,15,2.5333,55,6,0.0,239
15992,15992,59,59,23,2.5652,19,6,0.0,239
15993,15993,26,26,10,2.6,423,6,0.0,239
15994,15994,46,46,18,2.5556,4,6,0.0,239
15995,15995,3,3,1,3.0,64,6,0.0,253
15996,15996,46,46,18,2.5556,118,6,0.0,253
15997,15997,21,21,8,2.625,2,6,0.0,261
15998,15998,119,119,46,2.587,206,6,0.0,253
15999,15999,41,41,16,2.5625,104,6,0.0,124
16000,16000,28,28,11,2.5455,205,6,0.0,124
16001,16001,59,59,23,2.5652,64,6,0.0,130
16002,16002,158,158,62,2.5484,25,6,0.0,142
16003,16003,69,69,27,2.5556,15,6,0.0,130
16004,16004,145,145,57,2.5439,70,6,0.0,130
16005,16005,0,0,0,0.0,0,6,0.0,130
16006,16006,33,33,13,2.5385,1,6,0.0,133
16007,16007,86,86,34,2.5294,22,6,0.0,133
16008,16008,145,145,57,2.5439,16,6,0.0,164
16009,16009,181,181,71,2.5493,24,6,0.0,164
16010,16010,222,222,87,2.5517,40,6,0.0,164
16011,16011,247,247,97,2.5464,45,6,0.0,164
16012,16012,157,157,62,2.5323,20,6,0.0,164
16013,16013,197,197,77,2.5584,20,6,0.0,164
16014,16014,0,0,0,0.0,270,6,0.0,152
16015,16015,240,240,94,2.5532,23,6,0.0,164
16016,16016,1224,1224,480,2.55,78,6,0.0,165
16017,16017,111,111,48,2.3125,6,6,0.0,226
16018,16018,55,55,25,2.2,3,6,0.0,226
16019,16019,384,384,167,2.2994,53,6,0.0,226
16020,16020,50,50,22,2.2727,3,6,0.0,458
16021,16021,47,47,20,2.35,3,6,0.0,399
16022,16022,219,219,95,2.3053,29,6,0.0,255
16023,16023,134,134,58,2.3103,24,6,0.0,255
16024,16024,0,0,0,0.0,0,6,0.0,353
16025,16025,74,74,32,2.3125,17,6,0.0,287
16026,16026,212,212,92,2.3043,27,6,0.0,251
16027,16027,458,458,199,2.3015,49,6,0.0,251
16028,16028,271,271,118,2.2966,39,6,0.0,251
16029,16029,388,388,169,2.2959,37,6,0.0,251
16030,16030,69,69,30,2.3,18,6,0.0,255
16031,16031,246,246,107,2.2991,30,6,0.0,287
16032,16032,217,217,94,2.3085,46,6,0.0,334
16033,16033,0,0,0,0.0,548,6,0.0,334
16034,16034,205,205,89,2.3034,28,6,0.0,458
16035,16035,148,79,34,2.3235,104,6,0.0,458
16036,16036,250,250,109,2.2936,32,6,0.0,458
16037,16037,231,231,101,2.2871,30,6,0.0,399
16038,16038,121,121,52,2.3269,22,6,0.0,458
16039,16039,74,74,27,2.7407,16,6,0.0,174
16040,16040,71,71,26,2.7308,54,6,0.0,156
16041,16041,213,213,78,2.7308,23,6,0.0,174
16042,16042,158,158,58,2.7241,111,6,0.0,156
16043,16043,107,107,39,2.7436,20,6,0.0,143
16044,16044,134,134,49,2.7347,18,6,0.0,174
16045,16045,88,88,32,2.75,100,6,0.0,156
16046,16046,33,33,12,2.75,13,6,0.0,143
16047,16047,183,183,67,2.7313,27,6,0.0,134
16048,16048,427,427,156,2.7372,44,6,0.0,174
16049,16049,28,28,10,2.8,150,6,0.0,134
16050,16050,199,199,91,2.1868,24,6,0.0,148
16051,16051,406,406,186,2.1828,145,6,0.0,148
16052,16052,231,231,105,2.2,41,6,0.0,167
16053,16053,388,388,177,2.1921,86,6,0.0,148
16054,16054,255,255,117,2.1795,34,6,0.0,167
16055,16055,533,533,244,2.1844,41,6,0.0,167
16056,16056,42,42,19,2.2105,12,6,0.0,212
16057,16057,188,188,86,2.186,32,6,0.0,200
16058,16058,124,124,57,2.1754,15,6,0.0,200
16059,16059,59,59,27,2.1852,16,6,0.0,200
16060,16060,44,44,20,2.2,33,6,0.0,200
16061,16061,0,0,0,0.0,0,6,0.0,212
16062,16062,276,276,126,2.1905,60,6,0.0,212
16063,16063,124,124,57,2.1754,40,6,0.0,200
16064,16064,251,251,115,2.1826,86,6,0.0,212
16065,16065,0,0,0,0.0,196,6,0.0,184
16066,16066,0,0,0,0.0,356,6,0.0,194
16067,16067,277,277,117,2.3675,30,6,0.0,201
16068,16068,280,280,118,2.3729,45,6,0.0,201
16069,16069,36,36,15,2.4,65,6,8.395,243
16070,16070,270,270,114,2.3684,34,6,0.0,219
16071,16071,598,598,252,2.373,74,6,9.661,194
16072,16072,227,227,96,2.3646,25,6,0.0,243
16073,16073,0,0,0,0.0,0,6,0.0,219
16074,16074,216,216,91,2.3736,52,6,0.0,243
16075,16075,182,182,77,2.3636,63,6,0.0,243
16076,16076,282,282,119,2.3697,43,6,0.0,219
16077,16077,39,39,16,2.4375,69,6,0.0,243
16078,16078,192,192,81,2.3704,92,6,0.0,243
16079,16079,318,318,134,2.3731,57,6,0.0,237
16080,16080,356,356,150,2.3733,32,6,0.0,237
16081,16081,230,230,97,2.3711,24,6,0.0,237
16082,16082,263,263,111,2.3694,27,6,0.0,237
16083,16083,343,343,145,2.3655,37,6,0.0,205
16084,16084,232,232,98,2.3673,42,6,0.0,205
16085,16085,0,0,0,0.0,557,6,0.0,209
16086,16086,0,0,0,0.0,0,6,0.0,136
16087,16087,0,0,0,0.0,78,6,0.0,136
16088,16088,135,135,54,2.5,30,6,0.0,147
16089,16089,0,0,0,0.0,879,6,0.0,158
16090,16090,0,0,0,0.0,0,6,0.0,163
16091,16091,233,233,93,2.5054,30,6,0.0,163
16092,16092,0,0,0,0.0,0,6,0.0,173
16093,16093,71,71,29,2.4483,15,6,0.0,179
16094,16094,357,357,143,2.4965,386,6,0.0,190
16095,16095,325,325,130,2.5,39,6,0.0,179
16096,16096,459,459,184,2.4946,55,6,0.0,190
16097,16097,242,242,97,2.4948,62,6,0.0,179
16098,16098,78,78,38,2.0526,151,6,0.0,97
16099,16099,0,0,0,0.0,247,6,0.0,97
16100,16100,19,19,9,2.1111,40,6,0.0,109
16101,16101,0,0,0,0.0,182,6,0.0,113
16102,16102,21,21,10,2.1,40,6,0.0,110
16103,16103,18,18,9,2.0,205,6,0.0,91
16104,16104,4,4,2,2.0,747,6,0.0,109
16105,16105,15,15,7,2.1429,118,6,0.0,91
16106,16106,29,29,14,2.0714,209,6,0.0,100
16107,16107,119,119,58,2.0517,44,6,0.0,113
16108,16108,4,4,2,2.0,81,6,0.0,100
16109,16109,4,4,2,2.0,23,6,0.0,100
16110,16110,21,21,10,2.1,121,6,0.0,110
16111,16111,0,0,0,0.0,362,6,0.0,100
16112,16112,10,10,5,2.0,29,6,0.0,110
16113,16113,0,0,0,0.0,167,6,0.0,100
16114,16114,8,8,4,2.0,111,6,0.0,103
16115,16115,56,56,28,2.0,16,6,0.0,103
16116,16116,23,23,11,2.0909,15,6,0.0,103
16117,16117,94,94,46,2.0435,8,6,0.0,118
16118,16118,90,90,44,2.0455,24,6,0.0,110
16119,16119,4,4,2,2.0,0,6,0.0,110
16120,16120,6,6,3,2.0,203,6,0.0,103
16121,16121,27,27,13,2.0769,3,6,0.0,110
16122,16122,170,170,84,2.0238,40,6,0.0,103
16123,16123,126,126,52,2.4231,17,6,0.0,127
16124,16124,154,154,64,2.4062,84,6,0.0,121
16125,16125,161,161,67,2.403,33,6,0.0,127
16126,16126,283,283,117,2.4188,95,6,0.0,121
16127,16127,818,818,339,2.413,143,6,0.0,132
16128,16128,86,86,47,1.8298,16,6,0.0,86
16129,16129,102,102,56,1.8214,55,6,0.0,92
16130,16130,0,0,0,0.0,92,6,0.0,92
16131,16131,2,2,1,2.0,475,6,0.0,92
16132,16132,64,0,0,0.0,159,6,0.0,86
16133,16133,68,4,2,2.0,286,6,0.0,86
16134,16134,371,371,205,1.8098,108,6,0.0,104
16135,16135,123,123,67,1.8358,15,6,0.0,104
16136,16136,133,133,73,1.8219,16,6,0.0,104
16137,16137,181,181,100,1.81,22,6,0.0,117
16138,16138,163,163,91,1.7912,83,6,0.0,117
16139,16139,171,171,95,1.8,20,6,0.0,96
16140,16140,42,42,23,1.8261,2,6,0.0,96
16141,16141,53,53,21,2.5238,3,6,0.0,130
16142,16142,160,160,63,2.5397,28,6,0.0,130
16143,16143,97,97,38,2.5526,22,6,0.0,133
16144,16144,168,168,66,2.5455,18,6,0.0,133
16145,16145,186,186,73,2.5479,20,6,0.0,152
16146,16146,118,118,46,2.5652,40,6,0.0,152
16147,16147,123,123,48,2.5625,40,6,0.0,164
16148,16148,108,108,42,2.5714,21,6,0.0,164
16149,16149,165,165,65,2.5385,24,6,0.0,149
16150,16150,273,273,107,2.5514,38,6,0.0,149
16151,16151,147,147,58,2.5345,30,6,0.0,149
16152,16152,156,156,68,2.2941,21,6,0.0,226
16153,16153,124,124,54,2.2963,18,6,0.0,255
16154,16154,236,236,103,2.2913,74,6,0.0,251
16155,16155,29,29,13,2.2308,2,6,0.0,255
16156,16156,147,147,64,2.2969,20,6,0.0,287
16157,16157,219,219,95,2.3053,30,6,0.0,287
16158,16158,0,0,0,0.0,0,6,0.0,334
16159,16159,141,141,61,2.3115,27,6,0.0,399
16160,16160,76,76,33,2.303,26,6,0.0,287
16161,16161,102,102,44,2.3182,16,6,0.0,287
16162,16162,88,88,38,2.3158,19,6,0.0,458
16163,16163,306,306,133,2.3008,30,6,0.0,458
16164,16164,9,9,4,2.25,0,6,0.0,399
16165,16165,87,87,32,2.7188,30,6,0.0,174
16166,16166,177,177,65,2.7231,84,6,0.0,156
16167,16167,28,28,10,2.8,12,6,0.0,143
16168,16168,36,36,13,2.7692,66,6,0.0,134
16169,16169,244,244,89,2.7416,30,6,0.0,174
16170,16170,129,129,47,2.7447,26,6,0.0,143
16171,16171,164,164,60,2.7333,21,6,0.0,143
16172,16172,108,108,49,2.2041,21,6,0.0,167
16173,16173,333,333,152,2.1908,38,6,0.0,169
16174,16174,309,309,141,2.1915,36,6,0.0,169
16175,16175,146,146,67,2.1791,21,6,0.0,169
16176,16176,157,157,72,2.1806,21,6,0.0,200
16177,16177,191,191,87,2.1954,20,6,0.0,212
16178,16178,0,0,0,0.0,90,6,0.0,184
16179,16179,429,429,181,2.3702,48,6,0.0,201
16180,16180,460,460,194,2.3711,39,6,0.0,201
16181,16181,0,0,0,0.0,107,6,10.516,184
16182,16182,0,0,0,0.0,584,6,8.701,184
16183,16183,0,0,0,0.0,181,6,4.56,184
16184,16184,0,0,0,0.0,0,6,0.0,201
16185,16185,110,110,46,2.3913,20,6,0.0,243
16186,16186,101,101,43,2.3488,55,6,0.0,237
16187,16187,49,49,21,2.3333,14,6,0.0,237
16188,16188,455,455,192,2.3698,36,6,0.0,237
16189,16189,270,270,114,2.3684,30,6,0.0,237
16190,16190,0,0,0,0.0,26,6,0.0,237
16191,16191,218,218,92,2.3696,22,6,0.0,205
16192,16192,0,0,0,0.0,0,6,0.0,136
16193,16193,0,0,0,0.0,587,6,0.0,158
16194,16194,43,43,17,2.5294,17,6,0.0,147
16195,16195,0,0,0,0.0,617,6,0.0,158
16196,16196,0,0,0,0.0,999,6,0.0,158
16197,16197,0,0,0,0.0,0,6,0.0,163
16198,16198,0,0,0,0.0,226,6,0.0,173
16199,16199,0,0,0,0.0,113,6,0.0,173
16200,16200,0,0,0,0.0,36,6,0.0,163
16201,16201,0,0,0,0.0,120,6,0.0,190
16202,16202,0,0,0,0.0,109,6,0.0,190
16203,16203,0,0,0,0.0,108,6,0.0,190
16204,16204,0,0,0,0.0,0,6,0.0,196
16205,16205,0,0,0,0.0,0,6,0.0,91
16206,16206,4,4,2,2.0,200,6,0.0,100
16207,16207,6,6,3,2.0,34,6,0.0,110
16208,16208,10,10,5,2.0,86,6,0.0,103
16209,16209,31,31,15,2.0667,14,6,0.0,118
16210,16210,398,398,195,2.041,57,6,0.0,118
16211,16211,31,31,15,2.0667,14,6,0.0,110
16212,16212,0,0,0,0.0,56,6,0.0,103
16213,16213,33,33,16,2.0625,3,6,0.0,110
16214,16214,19,19,9,2.1111,26,6,0.0,110
16215,16215,0,0,0,0.0,17,6,0.0,103
16216,16216,37,37,18,2.0556,3,6,0.0,110
16217,16217,123,123,51,2.4118,37,6,0.0,127
16218,16218,731,731,303,2.4125,154,6,0.0,121
16219,16219,147,147,61,2.4098,49,6,0.0,132
16220,16220,138,138,57,2.4211,80,6,0.0,132
16221,16221,2,2,1,2.0,36,6,0.0,86
16222,16222,20,20,11,1.8182,27,6,0.0,86
16223,16223,82,82,45,1.8222,45,6,0.0,86
16224,16224,35,35,19,1.8421,260,6,0.0,96
16225,16225,314,314,173,1.815,23,6,0.0,104
16226,16226,244,244,135,1.8074,22,6,0.0,117
16227,16227,91,91,50,1.82,18,6,0.0,117
16228,16228,167,167,92,1.8152,32,6,0.0,117
16229,16229,49,49,27,1.8148,151,6,0.0,96
16230,16230,30,30,16,1.875,96,6,0.0,96
16231,16231,140,140,78,1.7949,5,6,0.0,96
16232,16232,42,42,23,1.8261,20,6,0.0,96
16233,16233,141,141,78,1.8077,16,6,0.0,96
16234,16234,73,73,40,1.825,13,6,0.0,96
16235,16235,307,307,93,3.3011,23,6,0.0,266
16236,16236,0,0,0,0.0,833,6,0.0,300
16237,16237,268,268,81,3.3086,28,6,0.0,266
16238,16238,376,376,114,3.2982,21,6,0.0,266
16239,16239,221,221,67,3.2985,22,6,0.0,234
16240,16240,386,386,117,3.2991,20,6,0.0,234
16241,16241,340,340,103,3.301,8,6,0.0,242
16242,16242,369,369,112,3.2946,31,6,0.0,234
16243,16243,952,952,288,3.3056,40,6,0.0,242
16244,16244,492,492,149,3.302,25,6,0.0,242
16245,16245,2,0,0,0.0,0,6,0.0,181
16246,16246,230,230,68,3.3824,101,6,0.0,266
16247,16247,0,0,0,0.0,43,6,0.0,228
16248,16248,395,395,117,3.3761,67,6,0.0,195
16249,16249,432,432,131,3.2977,38,6,0.0,247
16250,16250,548,548,162,3.3827,37,6,0.0,215
16251,16251,891,891,263,3.3878,47,6,0.0,181
16252,16252,992,992,293,3.3857,53,6,0.0,215
16253,16253,630,616,233,2.6438,227,6,0.0,181
16254,16254,0,0,0,0.0,526,6,0.0,215
16255,16255,210,210,117,1.7949,3,6,0.0,170
16256,16256,110,110,61,1.8033,14,6,0.0,160
16257,16257,123,123,69,1.7826,2,6,0.0,170
16258,16258,153,153,85,1.8,14,6,0.0,160
16259,16259,397,397,221,1.7964,24,6,0.0,160
16260,16260,357,357,199,1.794,37,6,0.0,160
16261,16261,191,191,106,1.8019,13,6,0.0,160
16262,16262,240,240,82,2.9268,26,6,0.0,290
16263,16263,356,356,122,2.918,28,6,0.0,290
16264,16264,272,272,93,2.9247,31,6,0.0,290
16265,16265,186,186,64,2.9062,16,6,0.0,290
16266,16266,396,396,136,2.9118,24,6,0.0,290
16267,16267,928,928,319,2.9091,32,6,0.0,262
16268,16268,657,657,226,2.9071,17,6,0.0,302
16269,16269,0,0,0,0.0,273,6,0.0,304
16270,16270,0,0,0,0.0,689,6,0.0,262
16271,16271,0,0,0,0.0,370,6,0.0,309
16272,16272,215,215,74,2.9054,28,6,0.0,328
16273,16273,0,0,0,0.0,834,6,0.0,224
16274,16274,0,0,0,0.0,182,6,0.0,324
16275,16275,674,674,290,2.3241,66,6,0.0,213
16276,16276,197,197,85,2.3176,23,6,0.0,191
16277,16277,315,315,135,2.3333,33,6,0.0,191
16278,16278,287,287,124,2.3145,18,6,0.0,233
16279,16279,195,195,84,2.3214,25,6,0.0,191
16280,16280,362,362,156,2.3205,37,6,0.0,233
16281,16281,526,526,226,2.3274,45,6,0.0,233
16282,16282,207,207,89,2.3258,24,6,0.0,213
16283,16283,288,288,124,2.3226,34,6,0.0,233
16284,16284,204,204,70,2.9143,21,6,0.0,198
16285,16285,399,399,137,2.9124,24,6,0.0,231
16286,16286,408,408,140,2.9143,18,6,0.0,231
16287,16287,0,0,0,0.0,583,6,0.0,292
16288,16288,0,0,0,0.0,0,6,0.0,292
16289,16289,0,0,0,0.0,212,6,0.0,258
16290,16290,771,771,267,2.8876,81,6,0.0,258
16291,16291,1076,1076,372,2.8925,77,6,0.0,282
16292,16292,410,410,142,2.8873,29,6,0.0,259
16293,16293,483,483,167,2.8922,44,6,0.0,282
16294,16294,315,315,109,2.8899,12,6,0.0,259
16295,16295,228,228,79,2.8861,25,6,0.0,259
16296,16296,443,443,159,2.7862,41,6,0.0,383
16297,16297,239,239,85,2.8118,35,6,0.0,331
16298,16298,304,304,109,2.789,64,6,0.0,383
16299,16299,305,305,109,2.7982,32,6,0.0,331
16300,16300,215,215,77,2.7922,26,6,0.0,331
16301,16301,0,0,0,0.0,188,6,0.0,383
16302,16302,350,350,125,2.8,49,6,0.0,331
16303,16303,145,145,52,2.7885,23,6,0.0,331
16304,16304,258,258,92,2.8043,17,6,0.0,331
16305,16305,0,0,0,0.0,0,6,0.0,344
16306,16306,166,166,62,2.6774,22,6,0.0,176
16307,16307,629,629,236,2.6653,68,6,0.0,217
16308,16308,200,200,75,2.6667,26,6,0.0,217
16309,16309,166,166,62,2.6774,18,6,0.0,208
16310,16310,357,357,134,2.6642,16,6,0.0,208
16311,16311,242,242,91,2.6593,26,6,0.0,188
16312,16312,529,529,198,2.6717,107,6,0.0,203
16313,16313,0,0,0,0.0,474,6,0.0,327
16314,16314,269,269,91,2.956,28,6,0.0,329
16315,16315,474,474,161,2.9441,70,6,0.0,217
16316,16316,659,659,223,2.9552,103,6,0.0,268
16317,16317,92,92,31,2.9677,4,6,0.0,268
16318,16318,138,138,47,2.9362,17,6,0.0,268
16319,16319,217,217,74,2.9324,19,6,0.0,268
16320,16320,815,815,276,2.9529,88,6,0.0,268
16321,16321,223,223,93,2.3978,22,6,0.0,272
16322,16322,393,393,164,2.3963,28,6,0.0,272
16323,16323,597,597,249,2.3976,36,6,0.0,238
16324,16324,630,630,263,2.3954,35,6,0.0,238
16325,16325,705,705,294,2.398,75,6,0.0,272
16326,16326,261,261,109,2.3945,26,6,0.0,238
16327,16327,244,244,102,2.3922,23,6,0.0,238
16328,16328,282,282,118,2.3898,9,6,0.0,238
16329,16329,423,423,100,4.23,44,6,0.0,308
16330,16330,516,516,122,4.2295,43,6,0.0,308
16331,16331,318,318,75,4.24,39,6,0.0,297
16332,16332,280,280,66,4.2424,30,6,0.0,297
16333,16333,363,363,86,4.2209,33,6,0.0,297
16334,16334,373,373,88,4.2386,37,6,0.0,297
16335,16335,415,415,98,4.2347,44,6,0.0,297
16336,16336,207,207,49,4.2245,25,6,0.0,297
16337,16337,4,0,0,0.0,2188,6,0.0,299
16338,16338,436,436,118,3.6949,45,6,0.0,358
16339,16339,160,160,43,3.7209,18,6,0.0,358
16340,16340,290,290,78,3.7179,36,6,0.0,358
16341,16341,137,137,37,3.7027,20,6,0.0,358
16342,16342,309,309,83,3.7229,24,6,0.0,358
16343,16343,0,0,0,0.0,46,6,0.0,351
16344,16344,152,152,41,3.7073,18,6,0.0,351
16345,16345,139,139,37,3.7568,16,6,0.0,346
16346,16346,85,85,23,3.6957,3,6,0.0,346
16347,16347,124,0,0,0.0,257,6,0.0,346
16348,16348,587,587,157,3.7389,118,6,0.0,350
16349,16349,59,59,16,3.6875,175,6,0.0,350
16350,16350,408,408,110,3.7091,34,6,0.0,351
16351,16351,499,499,151,3.3046,24,6,0.0,266
16352,16352,462,462,140,3.3,34,6,0.0,266
16353,16353,251,251,76,3.3026,30,6,0.0,247
16354,16354,71,71,21,3.381,87,6,0.0,181
16355,16355,0,0,0,0.0,751,6,0.0,228
16356,16356,182,182,101,1.802,22,6,0.0,160
16357,16357,0,0,0,0.0,323,6,0.0,262
16358,16358,0,0,0,0.0,576,6,0.0,304
16359,16359,0,0,0,0.0,0,6,0.0,262
16360,16360,0,0,0,0.0,17,6,0.0,227
16361,16361,0,0,0,0.0,256,6,0.0,227
16362,16362,0,0,0,0.0,514,6,0.0,304
16363,16363,0,0,0,0.0,162,6,0.0,309
16364,16364,0,0,0,0.0,691,6,0.0,267
16365,16365,0,0,0,0.0,776,6,0.0,267
16366,16366,0,0,0,0.0,260,6,0.0,324
16367,16367,3,0,0,0.0,249,6,0.0,223
16368,16368,0,0,0,0.0,68,6,0.0,191
16369,16369,395,395,170,2.3235,50,6,0.0,233
16370,16370,635,635,273,2.326,98,6,0.0,191
16371,16371,102,102,44,2.3182,17,6,0.0,213
16372,16372,10,10,4,2.5,11,6,0.0,191
16373,16373,365,365,157,2.3248,120,6,0.0,233
16374,16374,0,0,0,0.0,244,6,0.0,198
16375,16375,0,0,0,0.0,86,6,0.0,231
16376,16376,227,227,78,2.9103,22,6,0.0,198
16377,16377,0,0,0,0.0,148,6,0.0,231
16378,16378,0,0,0,0.0,394,6,0.0,292
16379,16379,194,194,67,2.8955,9,6,0.0,259
16380,16380,201,201,72,2.7917,25,6,0.0,331
16381,16381,64,64,23,2.7826,3,6,0.0,331
16382,16382,93,93,33,2.8182,5,6,0.0,331
16383,16383,288,288,103,2.7961,39,6,0.0,305
16384,16384,95,95,34,2.7941,18,6,0.0,344
16385,16385,221,221,79,2.7975,29,6,0.0,344
16386,16386,215,215,77,2.7922,27,6,0.0,305
16387,16387,179,179,64,2.7969,30,6,0.0,305
16388,16388,67,67,24,2.7917,24,6,0.0,344
16389,16389,221,221,79,2.7975,62,6,0.0,305
16390,16390,199,199,71,2.8028,12,6,0.0,344
16391,16391,6,0,0,0.0,18,6,0.0,305
16392,16392,128,128,48,2.6667,103,6,0.0,176
16393,16393,0,0,0,0.0,0,6,0.0,186
16394,16394,2,0,0,0.0,0,6,0.0,161
16395,16395,218,218,82,2.6585,27,6,0.0,217
16396,16396,72,72,27,2.6667,16,6,0.0,176
16397,16397,247,247,93,2.6559,34,6,0.0,176
16398,16398,123,123,46,2.6739,6,6,0.0,176
16399,16399,0,0,0,0.0,144,6,0.0,176
16400,16400,273,273,102,2.6765,33,6,0.0,208
16401,16401,152,152,57,2.6667,18,6,0.0,208
16402,16402,766,766,287,2.669,96,6,0.0,188
16403,16403,0,0,0,0.0,134,6,0.0,327
16404,16404,0,0,0,0.0,383,6,0.0,257
16405,16405,0,0,0,0.0,0,6,0.0,268
16406,16406,6,6,2,3.0,11,6,0.0,268
16407,16407,469,469,159,2.9497,41,6,0.0,268
16408,16408,209,209,71,2.9437,20,6,0.0,217
16409,16409,257,257,87,2.954,26,6,0.0,268
16410,16410,245,245,83,2.9518,24,6,0.0,268
16411,16411,82,82,34,2.4118,16,6,0.0,246
16412,16412,272,272,113,2.4071,89,6,0.0,225
16413,16413,164,164,68,2.4118,6,6,0.0,225
16414,16414,638,638,266,2.3985,37,6,0.0,218
16415,16415,0,0,0,0.0,377,6,0.0,299
16416,16416,322,322,76,4.2368,252,6,0.0,299
16417,16417,394,394,93,4.2366,205,6,0.0,299
16418,16418,282,282,76,3.7105,37,6,0.0,358
16419,16419,124,124,33,3.7576,19,6,0.0,346
16420,16420,359,359,96,3.7396,49,6,0.0,346
16421,16421,183,183,49,3.7347,56,6,0.0,346
16422,16422,363,301,81,3.716,172,6,0.0,325
16423,16423,299,299,80,3.7375,30,6,0.0,350
16424,16424,102,0,0,0.0,294,6,0.0,350
16425,16425,0,0,0,0.0,389,6,0.0,350
16426,16426,74,74,20,3.7,16,6,0.0,351
16427,16427,70,70,19,3.6842,3,6,0.0,351
16428,16428,282,282,76,3.7105,26,6,0.0,351
16429,16429,305,305,82,3.7195,45,6,0.0,351
16430,16430,668,668,194,3.4433,72,6,0.0,197
16431,16431,76,76,22,3.4545,16,6,0.0,197
16432,16432,48,48,14,3.4286,2,6,0.0,197
16433,16433,263,263,76,3.4605,26,6,0.0,197
16434,16434,107,107,31,3.4516,21,6,0.0,197
16435,16435,48,48,14,3.4286,2,6,0.0,197
16436,16436,72,72,21,3.4286,3,6,0.0,197
16437,16437,183,183,53,3.4528,63,6,0.0,197
16438,16438,1265,1265,366,3.4563,83,6,0.0,197
16439,16439,166,166,48,3.4583,6,6,0.0,197
16440,16440,614,614,178,3.4494,43,6,0.0,197
16441,16441,338,338,98,3.449,30,6,0.0,197
16442,16442,376,376,106,3.5472,32,6,0.0,248
16443,16443,817,817,230,3.5522,55,6,0.0,248
16444,16444,342,342,96,3.5625,29,6,0.0,248
16445,16445,505,505,142,3.5563,36,6,0.0,248
16446,16446,443,443,125,3.544,24,6,0.0,248
16447,16447,67,67,19,3.5263,2,6,0.0,248
16448,16448,352,352,99,3.5556,20,6,0.0,248
16449,16449,287,287,81,3.5432,88,6,0.0,241
16450,16450,117,117,33,3.5455,23,6,0.0,241
16451,16451,340,340,83,4.0964,9,6,0.0,241
16452,16452,474,474,116,4.0862,27,6,0.0,241
16453,16453,737,737,180,4.0944,31,6,0.0,241
16454,16454,111,111,34,3.2647,22,6,0.0,674
16455,16455,10,10,3,3.3333,11,6,0.0,534
16456,16456,89,89,27,3.2963,33,6,0.0,674
16457,16457,192,192,59,3.2542,23,6,0.0,674
16458,16458,205,205,63,3.254,21,6,0.0,674
16459,16459,257,257,79,3.2532,45,6,0.0,674
16460,16460,30,30,9,3.3333,15,6,0.0,534
16461,16461,33,33,10,3.3,11,6,0.0,714
16462,16462,111,111,34,3.2647,13,6,0.0,714
16463,16463,16,16,5,3.2,11,6,0.0,714
16464,16464,138,138,42,3.2857,54,6,0.0,714
16465,16465,39,39,12,3.25,1,6,0.0,578
16466,16466,39,39,12,3.25,1,6,0.0,578
16467,16467,45,45,14,3.2143,2,6,0.0,578
16468,16468,46,46,14,3.2857,14,6,0.0,714
16469,16469,36,36,11,3.2727,89,6,0.0,578
16470,16470,13,13,4,3.25,0,6,0.0,543
16471,16471,0,0,0,0.0,0,6,0.0,543
16472,16472,551,551,171,3.2222,55,6,0.0,322
16473,16473,245,245,76,3.2237,82,6,0.0,322
16474,16474,957,957,296,3.2331,63,6,0.0,322
16475,16475,1037,1037,321,3.2305,122,6,0.0,322
16476,16476,61,61,19,3.2105,3,6,0.0,320
16477,16477,61,61,19,3.2105,15,6,0.0,320
16478,16478,545,545,156,3.4936,24,6,0.0,320
16479,16479,527,527,151,3.4901,24,6,0.0,320
16480,16480,0,0,0,0.0,0,6,0.0,543
16481,16481,118,106,33,3.2121,55,6,0.0,863
16482,16482,3,3,1,3.0,0,6,0.0,736
16483,16483,0,0,0,0.0,0,6,0.0,863
16484,16484,0,0,0,0.0,0,6,0.0,528
16485,16485,3,3,1,3.0,0,6,0.0,528
16486,16486,0,0,0,0.0,0,6,0.0,863
16487,16487,0,0,0,0.0,0,6,0.0,736
16488,16488,0,0,0,0.0,0,6,0.0,414
16489,16489,294,294,93,3.1613,9,6,0.0,528
16490,16490,0,0,0,0.0,154,6,0.0,528
16491,16491,756,756,239,3.1632,98,6,0.0,414
16492,16492,346,346,109,3.1743,21,6,0.0,283
16493,16493,89,89,28,3.1786,16,6,0.0,318
16494,16494,314,314,99,3.1717,22,6,0.0,318
16495,16495,121,121,42,2.881,28,7,0.0,1000
16496,16496,0,0,0,0.0,444,7,0.0,1000
16497,16497,102,102,35,2.9143,30,7,0.0,887
16498,16498,221,221,76,2.9079,31,7,0.0,1081
16499,16499,73,73,25,2.92,16,7,0.0,1081
16500,16500,121,121,42,2.881,20,7,0.0,1081
16501,16501,99,99,34,2.9118,38,7,0.0,887
16502,16502,121,121,42,2.881,35,7,0.0,976
16503,16503,55,55,19,2.8947,15,7,0.0,887
16504,16504,0,0,0,0.0,0,7,0.0,899
16505,16505,41,41,14,2.9286,13,7,0.0,899
16506,16506,12,12,4,3.0,12,7,0.0,899
16507,16507,15,15,5,3.0,0,7,0.0,1335
16508,16508,147,147,51,2.8824,19,7,0.0,1145
16509,16509,85,85,29,2.931,102,7,0.0,1223
16510,16510,200,200,69,2.8986,21,7,0.0,1223
16511,16511,263,263,91,2.8901,25,7,0.0,1223
16512,16512,63,63,22,2.8636,14,7,0.0,1335
16513,16513,73,73,25,2.92,15,7,0.0,1178
16514,16514,55,55,19,2.8947,3,7,0.0,1335
16515,16515,174,174,60,2.9,24,7,0.0,1178
16516,16516,0,0,0,0.0,42,7,0.0,944
16517,16517,171,171,67,2.5522,32,7,0.0,1192
16518,16518,87,87,34,2.5588,21,7,0.0,1192
16519,16519,278,278,109,2.5505,59,7,0.0,944
16520,16520,36,36,14,2.5714,14,7,0.0,1306
16521,16521,102,102,40,2.55,23,7,0.0,1306
16522,16522,5,5,2,2.5,0,7,0.0,1138
16523,16523,204,204,80,2.55,42,7,0.0,1138
16524,16524,143,143,56,2.5536,44,7,0.0,1377
16525,16525,55,55,22,2.5,64,7,0.0,1200
16526,16526,53,53,21,2.5238,16,7,0.0,1377
16527,16527,38,38,15,2.5333,4,7,0.0,1377
16528,16528,31,31,12,2.5833,3,7,0.0,1200
16529,16529,63,63,25,2.52,22,7,0.0,1399
16530,16530,28,28,11,2.5455,42,7,0.0,1399
16531,16531,38,38,15,2.5333,3,7,0.0,1489
16532,16532,131,131,51,2.5686,26,7,0.0,1324
16533,16533,38,38,15,2.5333,13,7,0.0,1399
16534,16534,58,58,23,2.5217,22,7,0.0,1489
16535,16535,163,163,64,2.5469,33,7,0.0,1324
16536,16536,99,99,39,2.5385,9,7,0.0,1324
16537,16537,100,100,39,2.5641,22,7,0.0,1324
16538,16538,102,102,40,2.55,20,7,0.0,1407
16539,16539,0,0,0,0.0,42,7,0.0,1407
16540,16540,82,82,32,2.5625,7,7,0.0,1407
16541,16541,38,38,15,2.5333,3,7,0.0,1407
16542,16542,146,146,57,2.5614,26,7,0.0,1407
16543,16543,41,41,16,2.5625,3,7,0.0,1488
16544,16544,146,146,57,2.5614,38,7,0.0,1557
16545,16545,58,58,23,2.5217,25,7,0.0,1557
16546,16546,204,204,80,2.55,27,7,0.0,1546
16547,16547,50,50,20,2.5,4,7,0.0,1647
16548,16548,334,334,131,2.5496,53,7,0.0,1546
16549,16549,31,31,12,2.5833,12,7,0.0,1763
16550,16550,110,110,43,2.5581,44,7,0.0,1542
16551,16551,38,38,15,2.5333,20,7,0.0,1542
16552,16552,372,372,146,2.5479,85,7,0.0,1768
16553,16553,72,72,28,2.5714,20,7,0.0,1768
16554,16554,337,337,132,2.553,44,7,0.0,1948
16555,16555,0,0,0,0.0,0,7,0.0,1768
16556,16556,23,23,9,2.5556,92,7,0.0,1948
16557,16557,308,308,121,2.5455,16,7,0.0,1957
16558,16558,230,230,90,2.5556,98,7,0.0,1957
16559,16559,31,31,12,2.5833,3,7,0.0,1200
16560,16560,105,105,41,2.561,21,7,0.0,1200
16561,16561,119,119,47,2.5319,25,7,0.0,1267
16562,16562,0,0,0,0.0,86,7,0.0,1930
16563,16563,518,518,219,2.3653,38,7,0.0,1930
16564,16564,7,7,3,2.3333,0,7,0.0,1930
16565,16565,24,24,10,2.4,15,7,0.0,1587
16566,16566,6,6,3,2.0,0,7,0.0,1587
16567,16567,0,0,0,0.0,0,7,0.0,1587
16568,16568,0,0,0,0.0,0,7,0.0,1587
16569,16569,45,45,19,2.3684,16,7,0.0,1587
16570,16570,5,5,2,2.5,13,7,0.0,1587
16571,16571,24,24,10,2.4,12,7,0.0,1587
16572,16572,56,56,24,2.3333,124,7,0.0,1587
16573,16573,0,0,0,0.0,0,7,0.0,1245
16574,16574,47,47,20,2.35,23,7,0.0,1972
16575,16575,68,68,29,2.3448,15,7,0.0,1573
16576,16576,19,19,8,2.375,27,7,0.0,1972
16577,16577,80,80,34,2.3529,4,7,0.0,1573
16578,16578,36,36,15,2.4,15,7,0.0,1972
16579,16579,54,54,23,2.3478,17,7,0.0,1972
16580,16580,123,123,52,2.3654,47,7,0.0,1573
16581,16581,21,21,9,2.3333,19,7,0.0,1886
16582,16582,38,38,16,2.375,18,7,0.0,1664
16583,16583,9,9,4,2.25,0,7,0.0,1664
16584,16584,14,14,6,2.3333,0,7,0.0,1664
16585,16585,17,17,7,2.4286,0,7,0.0,1589
16586,16586,73,73,31,2.3548,15,7,0.0,1589
16587,16587,80,80,34,2.3529,23,7,0.0,1589
16588,16588,1026,1026,434,2.3641,94,7,0.0,1245
16589,16589,273,273,116,2.3534,26,7,0.0,1401
16590,16590,2,2,1,2.0,160,7,0.0,1401
16591,16591,2,2,1,2.0,0,7,0.0,953
16592,16592,205,205,87,2.3563,20,7,0.0,1301
16593,16593,14,14,6,2.3333,12,7,0.0,1301
16594,16594,0,0,0,0.0,0,7,0.0,1090
16595,16595,125,125,53,2.3585,29,7,0.0,1301
16596,16596,40,40,17,2.3529,15,7,0.0,1263
16597,16597,0,0,0,0.0,0,7,0.0,1090
16598,16598,0,0,0,0.0,0,7,0.0,1263
16599,16599,9,9,4,2.25,0,7,0.0,1263
16600,16600,63,63,27,2.3333,24,7,0.0,1589
16601,16601,113,113,48,2.3542,64,7,0.0,1589
16602,16602,46,46,14,3.2857,17,7,0.0,946
16603,16603,23,23,7,3.2857,14,7,0.0,946
16604,16604,165,165,51,3.2353,17,7,0.0,946
16605,16605,273,273,84,3.25,49,7,0.0,946
16606,16606,82,82,25,3.28,15,7,0.0,946
16607,16607,266,245,75,3.2667,35,7,0.0,946
16608,16608,82,82,25,3.28,14,7,0.0,816
16609,16609,104,104,32,3.25,5,7,0.0,816
16610,16610,78,78,24,3.25,16,7,0.0,816
16611,16611,42,42,13,3.2308,3,7,0.0,816
16612,16612,540,540,166,3.253,61,7,0.0,1015
16613,16613,166,159,49,3.2449,71,7,0.0,1015
16614,16614,130,130,40,3.25,17,7,0.0,816
16615,16615,58,58,18,3.2222,3,7,0.0,816
16616,16616,29,29,9,3.2222,2,7,0.0,757
16617,16617,42,42,13,3.2308,2,7,0.0,757
16618,16618,95,95,29,3.2759,32,7,0.0,839
16619,16619,159,159,49,3.2449,23,7,0.0,839
16620,16620,117,117,36,3.25,6,7,0.0,757
16621,16621,72,72,22,3.2727,3,7,0.0,757
16622,16622,64,64,20,3.2,3,7,0.0,757
16623,16623,26,26,8,3.25,15,7,0.0,757
16624,16624,98,98,30,3.2667,4,7,0.0,757
16625,16625,68,68,21,3.2381,14,7,0.0,656
16626,16626,23,23,7,3.2857,1,7,0.0,656
16627,16627,49,49,15,3.2667,14,7,0.0,656
16628,16628,15,15,5,3.0,0,7,0.0,653
16629,16629,27,27,9,3.0,28,7,0.0,653
16630,16630,518,518,176,2.9432,51,7,0.0,649
16631,16631,35,35,12,2.9167,197,7,0.0,649
16632,16632,48,48,14,3.4286,2,6,0.0,197
16633,16633,141,141,41,3.439,17,6,0.0,197
16634,16634,72,72,21,3.4286,42,6,0.0,197
16635,16635,72,72,21,3.4286,13,6,0.0,197
16636,16636,390,390,113,3.4513,30,6,0.0,197
16637,16637,438,425,123,3.4553,35,6,0.0,197
16638,16638,300,300,87,3.4483,23,6,0.0,197
16639,16639,176,176,51,3.451,28,6,0.0,197
16640,16640,0,0,0,0.0,0,6,0.0,248
16641,16641,53,53,15,3.5333,15,6,0.0,248
16642,16642,124,124,35,3.5429,15,6,0.0,248
16643,16643,404,404,99,4.0808,94,6,0.0,241
16644,16644,0,0,0,0.0,59,6,0.0,241
16645,16645,311,311,76,4.0921,19,6,0.0,241
16646,16646,131,131,32,4.0938,3,6,0.0,241
16647,16647,53,53,13,4.0769,26,6,0.0,241
16648,16648,696,696,170,4.0941,30,6,0.0,241
16649,16649,678,678,166,4.0843,30,6,0.0,241
16650,16650,151,151,37,4.0811,3,6,0.0,241
16651,16651,98,98,24,4.0833,21,6,0.0,241
16652,16652,33,33,10,3.3,13,6,0.0,534
16653,16653,150,150,46,3.2609,31,6,0.0,674
16654,16654,29,29,9,3.2222,1,6,0.0,578
16655,16655,160,160,49,3.2653,5,6,0.0,714
16656,16656,46,46,14,3.2857,38,6,0.0,714
16657,16657,39,39,12,3.25,23,6,0.0,578
16658,16658,0,0,0,0.0,0,7,0.0,578
16659,16659,19,19,6,3.1667,0,6,0.0,578
16660,16660,0,0,0,0.0,0,6,0.0,543
16661,16661,0,0,0,0.0,0,6,0.0,543
16662,16662,26,26,8,3.25,1,6,0.0,534
16663,16663,26,26,8,3.25,125,6,0.0,438
16664,16664,349,349,108,3.2315,24,6,0.0,322
16665,16665,0,0,0,0.0,0,6,0.0,438
16666,16666,19,19,6,3.1667,200,6,0.0,438
16667,16667,29,29,9,3.2222,11,6,0.0,438
16668,16668,22,22,7,3.1429,55,6,0.0,543
16669,16669,0,0,0,0.0,0,6,0.0,320
16670,16670,0,0,0,0.0,10,6,0.0,320
16671,16671,19,19,6,3.1667,1,6,0.0,320
16672,16672,94,94,29,3.2414,24,6,0.0,322
16673,16673,195,195,56,3.4821,61,6,0.0,320
16674,16674,685,685,196,3.4949,20,6,0.0,275
16675,16675,3,3,1,3.0,0,6,0.0,953
16676,16676,0,0,0,0.0,0,6,0.0,863
16677,16677,0,0,0,0.0,460,6,0.0,528
16678,16678,137,137,47,2.9149,126,7,0.0,1000
16679,16679,255,255,88,2.8977,73,7,0.0,976
16680,16680,35,35,12,2.9167,23,7,0.0,1081
16681,16681,96,96,33,2.9091,20,7,0.0,976
16682,16682,35,35,12,2.9167,2,7,0.0,887
16683,16683,35,35,12,2.9167,2,7,0.0,887
16684,16684,60,60,21,2.8571,24,7,0.0,887
16685,16685,23,23,8,2.875,11,7,0.0,887
16686,16686,87,87,30,2.9,113,7,0.0,718
16687,16687,44,44,15,2.9333,64,7,0.0,899
16688,16688,29,29,10,2.9,1,7,0.0,899
16689,16689,9,9,3,3.0,0,7,0.0,899
16690,16690,23,23,8,2.875,1,7,0.0,899
16691,16691,49,49,17,2.8824,21,7,0.0,1335
16692,16692,159,159,55,2.8909,36,7,0.0,1335
16693,16693,121,121,42,2.881,6,7,0.0,1145
16694,16694,216,216,74,2.9189,32,7,0.0,1178
16695,16695,73,73,25,2.92,68,7,0.0,1335
16696,16696,99,99,34,2.9118,19,7,0.0,1178
16697,16697,29,29,10,2.9,24,7,0.0,1335
16698,16698,5,5,2,2.5,1,7,0.0,944
16699,16699,183,183,72,2.5417,30,7,0.0,944
16700,16700,13,13,5,2.6,2,7,0.0,944
16701,16701,5,5,2,2.5,1,7,0.0,944
16702,16702,13,13,5,2.6,44,7,0.0,944
16703,16703,172,166,65,2.5538,40,7,0.0,1189
16704,16704,8,8,3,2.6667,1,7,0.0,944
16705,16705,147,147,58,2.5345,63,7,0.0,944
16706,16706,5,5,2,2.5,485,7,0.0,1138
16707,16707,150,150,59,2.5424,59,7,0.0,992
16708,16708,3,3,1,3.0,0,7,0.0,992
16709,16709,0,0,0,0.0,123,7,0.0,1138
16710,16710,5,5,2,2.5,1,7,0.0,1399
16711,16711,61,61,24,2.5417,18,7,0.0,1399
16712,16712,102,102,40,2.55,20,7,0.0,1399
16713,16713,123,123,48,2.5625,24,7,0.0,1324
16714,16714,33,33,13,2.5385,21,7,0.0,1324
16715,16715,15,15,6,2.5,44,7,0.0,1407
16716,16716,50,50,20,2.5,18,7,0.0,1399
16717,16717,10,10,4,2.5,1,7,0.0,1399
16718,16718,49,49,19,2.5789,18,7,0.0,1488
16719,16719,81,81,32,2.5312,21,7,0.0,1488
16720,16720,68,68,27,2.5185,26,7,0.0,1488
16721,16721,50,50,20,2.5,16,7,0.0,1488
16722,16722,81,81,32,2.5312,17,7,0.0,1557
16723,16723,44,44,17,2.5882,3,7,0.0,1557
16724,16724,26,26,10,2.6,2,7,0.0,1647
16725,16725,100,100,39,2.5641,8,7,0.0,1546
16726,16726,3,3,1,3.0,0,7,0.0,1546
16727,16727,55,55,22,2.5,17,7,0.0,1763
16728,16728,5,5,2,2.5,0,7,0.0,1763
16729,16729,18,18,7,2.5714,2,7,0.0,1763
16730,16730,15,15,6,2.5,40,7,0.0,1546
16731,16731,21,21,8,2.625,17,7,0.0,1542
16732,16732,15,15,6,2.5,19,7,0.0,1763
16733,16733,3,3,1,3.0,14,7,0.0,1542
16734,16734,153,153,60,2.55,23,7,0.0,1768
16735,16735,58,58,23,2.5217,5,7,0.0,1768
16736,16736,26,26,10,2.6,12,7,0.0,1768
16737,16737,68,68,27,2.5185,26,7,0.0,1768
16738,16738,332,332,130,2.5538,35,7,0.0,1948
16739,16739,46,46,18,2.5556,3,7,0.0,1768
16740,16740,63,63,25,2.52,15,7,0.0,1763
16741,16741,46,46,18,2.5556,25,7,0.0,1763
16742,16742,26,26,10,2.6,13,7,0.0,1763
16743,16743,3,3,1,3.0,25,7,0.0,1763
16744,16744,3,3,1,3.0,10,7,0.0,1763
16745,16745,92,92,36,2.5556,26,7,0.0,1200
16746,16746,254,254,100,2.54,34,7,0.0,1200
16747,16747,61,61,24,2.5417,6,7,0.0,1200
16748,16748,28,28,11,2.5455,13,7,0.0,1200
16749,16749,79,79,31,2.5484,6,7,0.0,1324
16750,16750,38,38,15,2.5333,16,7,0.0,1083
16751,16751,63,63,25,2.52,19,7,0.0,1083
16752,16752,49,49,19,2.5789,15,7,0.0,1083
16753,16753,49,49,19,2.5789,15,7,0.0,1083
16754,16754,46,46,18,2.5556,16,7,0.0,1083
16755,16755,66,66,26,2.5385,5,7,0.0,1324
16756,16756,21,21,8,2.625,22,7,0.0,1083
16757,16757,36,36,14,2.5714,4,7,0.0,1083
16758,16758,63,63,25,2.52,25,7,0.0,1147
16759,16759,55,55,22,2.5,4,7,0.0,1062
16760,16760,141,141,55,2.5636,22,7,0.0,1147
16761,16761,61,61,24,2.5417,19,7,0.0,1267
16762,16762,252,252,99,2.5455,34,7,0.0,1062
16763,16763,44,44,17,2.5882,15,7,0.0,1267
16764,16764,113,113,44,2.5682,17,7,0.0,1147
16765,16765,87,87,34,2.5588,20,7,0.0,1267
16766,16766,13,13,5,2.6,1,7,0.0,1267
16767,16767,0,0,0,0.0,0,7,0.0,1542
16768,16768,0,0,0,0.0,0,7,0.0,1407
16769,16769,0,0,0,0.0,0,7,0.0,1587
16770,16770,0,0,0,0.0,0,7,0.0,1407
16771,16771,0,0,0,0.0,0,7,0.0,1245
16772,16772,0,0,0,0.0,0,7,0.0,1245
16773,16773,5,5,2,2.5,62,7,0.0,1972
16774,16774,36,36,15,2.4,27,7,0.0,1972
16775,16775,21,21,9,2.3333,54,7,0.0,1573
16776,16776,30,30,13,2.3077,23,7,0.0,1972
16777,16777,14,14,6,2.3333,12,7,0.0,1972
16778,16778,9,9,4,2.25,17,7,0.0,1972
16779,16779,9,9,4,2.25,0,7,0.0,1886
16780,16780,12,12,5,2.4,1,7,0.0,1886
16781,16781,0,0,0,0.0,0,7,0.0,1886
16782,16782,76,76,32,2.375,4,7,0.0,1401
16783,16783,24,24,10,2.4,18,7,0.0,953
16784,16784,135,135,57,2.3684,218,7,0.0,1301
16785,16785,0,0,0,0.0,0,7,0.0,953
16786,16786,80,80,34,2.3529,66,7,0.0,1401
16787,16787,0,0,0,0.0,0,7,0.0,1090
16788,16788,84,70,30,2.3333,3,7,0.0,1090
16789,16789,9,9,4,2.25,13,7,0.0,953
16790,16790,144,144,61,2.3607,64,7,0.0,953
16791,16791,111,111,47,2.3617,115,7,0.0,1301
16792,16792,148,148,63,2.3492,19,7,0.0,1301
16793,16793,68,68,29,2.3448,77,7,0.0,1463
16794,16794,19,19,8,2.375,19,7,0.0,953
16795,16795,0,0,0,0.0,0,7,0.0,1301
16796,16796,26,26,11,2.3636,2,7,0.0,953
16797,16797,101,101,43,2.3488,17,7,0.0,1463
16798,16798,54,54,23,2.3478,13,7,0.0,1301
16799,16799,49,49,21,2.3333,12,7,0.0,1664
16800,16800,58,58,25,2.32,27,7,0.0,1263
16801,16801,38,38,16,2.375,24,7,0.0,1463
16802,16802,2,2,1,2.0,0,7,0.0,953
16803,16803,47,47,20,2.35,12,7,0.0,1263
16804,16804,36,36,15,2.4,13,7,0.0,1463
16805,16805,0,0,0,0.0,0,7,0.0,1589
16806,16806,5,5,2,2.5,0,7,0.0,1263
16807,16807,46,46,14,3.2857,2,7,0.0,946
16808,16808,33,33,10,3.3,15,7,0.0,946
16809,16809,147,147,45,3.2667,24,7,0.0,816
16810,16810,204,204,63,3.2381,20,7,0.0,1015
16811,16811,46,46,14,3.2857,2,7,0.0,816
16812,16812,72,72,22,3.2727,13,7,0.0,816
16813,16813,36,36,11,3.2727,14,7,0.0,816
16814,16814,26,26,8,3.25,1,7,0.0,816
16815,16815,16,16,5,3.2,0,7,0.0,816
16816,16816,26,26,8,3.25,107,7,0.0,816
16817,16817,36,36,11,3.2727,1,7,0.0,816
16818,16818,241,241,74,3.2568,74,7,0.0,839
16819,16819,92,92,28,3.2857,14,7,0.0,757
16820,16820,75,75,23,3.2609,14,7,0.0,757
16821,16821,0,0,0,0.0,29,7,0.0,757
16822,16822,42,42,13,3.2308,3,7,0.0,656
16823,16823,165,165,51,3.2353,24,7,0.0,689
16824,16824,89,89,30,2.9667,14,7,0.0,653
16825,16825,24,24,8,3.0,1,7,0.0,653
16826,16826,27,27,9,3.0,1,7,0.0,653
16827,16827,44,44,15,2.9333,13,7,0.0,649
16828,16828,30,30,10,3.0,1,7,0.0,653
16829,16829,27,27,9,3.0,1,7,0.0,653
16830,16830,30,30,10,3.0,30,7,0.0,726
16831,16831,15,15,5,3.0,37,7,0.0,753
16832,16832,0,0,0,0.0,51,7,0.0,815
16833,16833,0,0,0,0.0,21,7,0.0,753
16834,16834,0,0,0,0.0,21,7,0.0,726
16835,16835,9,9,3,3.0,96,7,0.0,791
16836,16836,9,9,3,3.0,63,7,0.0,726
16837,16837,9,9,3,3.0,67,7,0.0,731
16838,16838,12,12,4,3.0,76,7,0.0,731
16839,16839,79,79,27,2.9259,3,7,0.0,791
16840,16840,12,12,4,3.0,11,7,0.0,731
16841,16841,0,0,0,0.0,89,7,0.0,712
16842,16842,85,85,29,2.931,16,7,0.0,776
16843,16843,6,6,2,3.0,20,7,0.0,734
16844,16844,6,6,2,3.0,50,7,0.0,734
16845,16845,464,464,158,2.9367,39,7,0.0,776
16846,16846,71,71,24,2.9583,17,7,0.0,1058
16847,16847,37,37,13,2.8462,12,7,0.0,914
16848,16848,479,479,163,2.9387,34,7,0.0,914
16849,16849,47,47,16,2.9375,2,7,0.0,929
16850,16850,172,172,59,2.9153,19,7,0.0,1060
16851,16851,35,35,12,2.9167,98,7,0.0,1060
16852,16852,349,267,91,2.9341,178,7,0.0,874
16853,16853,117,117,40,2.925,14,7,0.0,874
16854,16854,173,173,59,2.9322,16,7,0.0,947
16855,16855,151,151,46,3.2826,4,7,0.0,620
16856,16856,3,3,1,3.0,703,7,0.0,667
16857,16857,200,200,61,3.2787,133,7,0.0,750
16858,16858,669,669,203,3.2956,181,7,0.0,750
16859,16859,10,10,3,3.3333,250,7,0.0,787
16860,16860,139,139,42,3.3095,20,7,0.0,894
16861,16861,228,228,69,3.3043,22,7,0.0,1004
16862,16862,194,194,59,3.2881,20,7,0.0,1004
16863,16863,157,157,48,3.2708,16,7,0.0,1033
16864,16864,148,148,45,3.2889,4,7,0.0,902
16865,16865,59,59,18,3.2778,2,7,0.0,902
16866,16866,1292,1292,401,3.2219,67,7,0.0,648
16867,16867,64,64,20,3.2,3,7,0.0,732
16868,16868,71,71,22,3.2273,16,7,0.0,732
16869,16869,816,816,253,3.2253,49,7,0.0,624
16870,16870,64,64,20,3.2,3,7,0.0,904
16871,16871,196,196,61,3.2131,6,7,0.0,1053
16872,16872,493,493,153,3.2222,57,7,0.0,864
16873,16873,277,277,86,3.2209,27,7,0.0,974
16874,16874,31,31,12,2.5833,27,7,0.0,1852
16875,16875,75,75,29,2.5862,58,7,0.0,1852
16876,16876,23,23,9,2.5556,13,7,0.0,1852
16877,16877,3,3,1,3.0,0,7,0.0,1515
16878,16878,39,39,15,2.6,18,7,0.0,1313
16879,16879,246,246,96,2.5625,31,7,0.0,1852
16880,16880,8,8,3,2.6667,0,7,0.0,1515
16881,16881,0,0,0,0.0,0,7,0.0,1515
16882,16882,31,31,12,2.5833,11,7,0.0,1313
16883,16883,39,39,15,2.6,2,7,0.0,1313
16884,16884,8,8,3,2.6667,0,7,0.0,1852
16885,16885,72,72,28,2.5714,20,7,0.0,1515
16886,16886,0,0,0,0.0,0,7,0.0,1515
16887,16887,179,179,70,2.5571,21,7,0.0,1313
16888,16888,0,0,0,0.0,0,7,0.0,1515
16889,16889,0,0,0,0.0,0,7,0.0,1515
16890,16890,53,53,21,2.5238,17,7,0.0,1515
16891,16891,5,5,2,2.5,0,7,0.0,1515
16892,16892,61,61,24,2.5417,37,7,0.0,1515
16893,16893,49,49,19,2.5789,13,7,0.0,1313
16894,16894,159,159,62,2.5645,37,7,0.0,1394
16895,16895,10,10,4,2.5,0,7,0.0,1593
16896,16896,388,388,151,2.5695,97,7,0.0,1234
16897,16897,131,131,51,2.5686,17,7,0.0,1414
16898,16898,119,119,46,2.587,26,7,0.0,1414
16899,16899,8,8,3,2.6667,0,7,0.0,1593
16900,16900,116,116,45,2.5778,17,7,0.0,1460
16901,16901,95,95,37,2.5676,291,7,0.0,1460
16902,16902,8,8,3,2.6667,0,7,0.0,2227
16903,16903,11,11,4,2.75,0,7,0.0,2440
16904,16904,35,35,13,2.6923,25,7,0.0,2440
16905,16905,0,0,0,0.0,0,7,0.0,2440
16906,16906,13,13,5,2.6,0,7,0.0,2227
16907,16907,43,43,16,2.6875,64,7,0.0,2227
16908,16908,14,14,5,2.8,0,7,0.0,2440
16909,16909,19,19,7,2.7143,86,7,0.0,2141
16910,16910,5,5,2,2.5,10,7,0.0,2440
16911,16911,33,33,12,2.75,23,7,0.0,2141
16912,16912,3,3,1,3.0,16,7,0.0,2141
16913,16913,14,14,5,2.8,0,7,0.0,2141
16914,16914,6,6,2,3.0,0,7,0.0,2440
16915,16915,8,8,3,2.6667,0,7,0.0,2440
16916,16916,8,8,3,2.6667,0,7,0.0,2440
16917,16917,8,8,3,2.6667,196,7,0.0,2063
16918,16918,29,29,11,2.6364,1,7,0.0,2321
16919,16919,22,22,8,2.75,12,7,0.0,2321
16920,16920,41,41,15,2.7333,2,7,0.0,2063
16921,16921,43,43,16,2.6875,1,7,0.0,2321
16922,16922,19,19,7,2.7143,0,7,0.0,2321
16923,16923,5,5,2,2.5,0,7,0.0,2107
16924,16924,0,0,0,0.0,0,7,0.0,2107
16925,16925,3,3,1,3.0,125,7,0.0,2107
16926,16926,11,11,4,2.75,0,7,0.0,2012
16927,16927,5,5,2,2.5,0,7,0.0,2321
16928,16928,11,11,4,2.75,11,7,0.0,2012
16929,16929,7,7,3,2.3333,0,7,0.0,2012
16930,16930,27,27,10,2.7,12,7,0.0,2321
16931,16931,3,3,1,3.0,0,7,0.0,2321
16932,16932,8,8,3,2.6667,0,7,0.0,2321
16933,16933,16,16,6,2.6667,0,7,0.0,2321
16934,16934,22,22,8,2.75,1,7,0.0,2321
16935,16935,14,14,5,2.8,11,7,0.0,2321
16936,16936,11,11,4,2.75,11,7,0.0,2321
16937,16937,0,0,0,0.0,0,7,0.0,2012
16938,16938,14,14,5,2.8,0,7,0.0,2012
16939,16939,0,0,0,0.0,0,7,0.0,2321
16940,16940,14,14,5,2.8,0,7,0.0,2321
16941,16941,605,605,226,2.677,18,7,0.0,2152
16942,16942,8,8,3,2.6667,12,7,0.0,2507
16943,16943,0,0,0,0.0,0,7,0.0,2119
16944,16944,1125,1125,416,2.7043,73,7,0.0,2119
16945,16945,3,3,1,3.0,0,7,0.0,2343
16946,16946,0,0,0,0.0,0,7,0.0,2343
16947,16947,0,0,0,0.0,0,7,0.0,2138
16948,16948,0,0,0,0.0,0,7,0.0,2138
16949,16949,0,0,0,0.0,0,7,0.0,3386
16950,16950,5,5,2,2.5,0,7,0.0,3386
16951,16951,5,5,2,2.5,0,7,0.0,3386
16952,16952,8,8,3,2.6667,12,7,0.0,3386
16953,16953,5,5,2,2.5,0,7,0.0,3386
16954,16954,0,0,0,0.0,0,7,0.0,3386
16955,16955,3,3,1,3.0,0,7,0.0,3657
16956,16956,0,0,0,0.0,0,8,0.0,4230
16957,16957,0,0,0,0.0,0,7,0.0,3657
16958,16958,0,0,0,0.0,0,7,0.0,3657
16959,16959,0,0,0,0.0,0,7,0.0,3657
16960,16960,27,27,10,2.7,1,7,0.0,3657
16961,16961,27,27,10,2.7,16,7,0.0,3657
16962,16962,0,0,0,0.0,330,7,0.0,3657
16963,16963,11,11,4,2.75,0,7,0.0,3657
16964,16964,3,3,1,3.0,0,7,0.0,3657
16965,16965,8,8,3,2.6667,38,7,0.0,4077
16966,16966,0,0,0,0.0,0,8,0.0,4230
16967,16967,55,55,21,2.619,23,7,0.0,4077
16968,16968,3,3,1,3.0,0,7,0.0,4077
16969,16969,0,0,0,0.0,0,7,0.0,4261
16970,16970,24,24,9,2.6667,1,7,0.0,4077
16971,16971,114,114,43,2.6512,151,7,0.0,4130
16972,16972,19,19,7,2.7143,1,7,0.0,4261
16973,16973,19,19,7,2.7143,12,7,0.0,4405
16974,16974,8,8,3,2.6667,0,7,0.0,4261
16975,16975,11,11,4,2.75,19,7,0.0,4261
16976,16976,11,11,4,2.75,12,7,0.0,4521
16977,16977,24,24,9,2.6667,12,7,0.0,4405
16978,16978,24,24,9,2.6667,1,7,0.0,4261
16979,16979,0,0,0,0.0,0,7,0.0,4662
16980,16980,5,5,2,2.5,0,7,0.0,4662
16981,16981,29,29,11,2.6364,25,7,0.0,4405
16982,16982,50,50,19,2.6316,48,7,0.0,4405
16983,16983,8,8,3,2.6667,13,7,0.0,4521
16984,16984,80,80,30,2.6667,16,7,0.0,4662
16985,16985,37,37,14,2.6429,2,7,0.0,4405
16986,16986,48,48,18,2.6667,2,7,0.0,4662
16987,16987,11,11,4,2.75,0,7,0.0,4521
16988,16988,11,11,4,2.75,11,7,0.0,4405
16989,16989,0,0,0,0.0,0,7,0.0,4662
16990,16990,141,141,53,2.6604,6,7,0.0,4662
16991,16991,106,106,40,2.65,4,7,0.0,4662
16992,16992,13,13,5,2.6,21,7,0.0,4405
16993,16993,27,27,10,2.7,18,7,0.0,4405
16994,16994,8,8,3,2.6667,0,7,0.0,4662
16995,16995,75,75,28,2.6786,121,7,0.0,4662
16996,16996,8,8,3,2.6667,0,7,0.0,4521
16997,16997,3,3,1,3.0,0,7,0.0,4662
16998,16998,7,7,2,3.5,0,7,0.0,4662
16999,16999,0,0,0,0.0,0,7,0.0,4662
17000,17000,3,3,1,3.0,0,7,0.0,4662
17001,17001,5,5,2,2.5,0,7,0.0,4662
17002,17002,0,0,0,0.0,0,7,0.0,3858
17003,17003,0,0,0,0.0,0,7,0.0,3187
17004,17004,0,0,0,0.0,0,7,0.0,3187
17005,17005,0,0,0,0.0,0,7,0.0,3858
17006,17006,0,0,0,0.0,24,7,0.0,3858
17007,17007,26,26,9,2.8889,1,7,0.0,3187
17008,17008,0,0,0,0.0,0,7,0.0,3187
17009,17009,3,3,1,3.0,0,7,0.0,3187
17010,17010,17,17,6,2.8333,130,7,0.0,3858
17011,17011,3,3,1,3.0,0,7,0.0,2985
17012,17012,0,0,0,0.0,0,7,0.0,2985
17013,17013,11,11,4,2.75,11,7,0.0,2985
17014,17014,26,26,9,2.8889,1,7,0.0,2985
17015,17015,3,3,1,3.0,0,7,0.0,2985
17016,17016,0,0,0,0.0,0,7,0.0,3367
17017,17017,43,43,15,2.8667,19,7,0.0,3795
17018,17018,98,98,34,2.8824,24,7,0.0,3795
17019,17019,32,32,11,2.9091,11,7,0.0,3795
17020,17020,9,9,3,3.0,60,7,0.0,3028
17021,17021,0,0,0,0.0,2307,7,0.0,3028
17022,17022,0,0,0,0.0,0,7,0.0,3028
17023,17023,3,3,1,3.0,0,7,0.0,3028
17024,17024,0,0,0,0.0,0,7,0.0,3028
17025,17025,0,0,0,0.0,0,7,0.0,3187
17026,17026,29,29,10,2.9,1,7,0.0,3187
17027,17027,57,57,20,2.85,13,7,0.0,726
17028,17028,18,18,6,3.0,41,7,0.0,815
17029,17029,12,12,4,3.0,378,7,0.0,815
17030,17030,0,0,0,0.0,32,7,0.0,753
17031,17031,111,111,38,2.9211,4,7,0.0,726
17032,17032,0,0,0,0.0,216,7,0.0,815
17033,17033,0,0,0,0.0,22,7,0.0,753
17034,17034,30,30,10,3.0,22,7,0.0,726
17035,17035,0,0,0,0.0,47,7,0.0,753
17036,17036,30,30,10,3.0,94,7,0.0,791
17037,17037,6,6,2,3.0,202,7,0.0,731
17038,17038,0,0,0,0.0,21,7,0.0,734
17039,17039,33,33,11,3.0,14,7,0.0,734
17040,17040,0,0,0,0.0,111,7,0.0,712
17041,17041,30,30,10,3.0,1,7,0.0,776
17042,17042,27,27,9,3.0,12,7,0.0,776
17043,17043,0,0,0,0.0,15,7,0.0,712
17044,17044,18,18,6,3.0,23,7,0.0,734
17045,17045,43,43,15,2.8667,2,7,0.0,776
17046,17046,33,33,11,3.0,11,7,0.0,776
17047,17047,3,3,1,3.0,18,7,0.0,734
17048,17048,3,3,1,3.0,30,7,0.0,712
17049,17049,9,9,3,3.0,18,7,0.0,731
17050,17050,24,24,8,3.0,1,7,0.0,791
17051,17051,12,12,4,3.0,600,7,0.0,934
17052,17052,155,155,53,2.9245,19,7,0.0,1058
17053,17053,208,208,71,2.9296,20,7,0.0,914
17054,17054,117,117,40,2.925,27,7,0.0,1058
17055,17055,80,80,27,2.963,3,7,0.0,1043
17056,17056,3,3,1,3.0,19,7,0.0,853
17057,17057,47,47,16,2.9375,1,7,0.0,929
17058,17058,52,52,18,2.8889,66,7,0.0,853
17059,17059,187,187,64,2.9219,34,7,0.0,1043
17060,17060,169,169,58,2.9138,19,7,0.0,929
17061,17061,33,33,11,3.0,14,7,0.0,947
17062,17062,152,0,0,0.0,142,7,0.0,826
17063,17063,202,202,69,2.9275,9,7,0.0,1060
17064,17064,97,97,33,2.9394,4,7,0.0,874
17065,17065,161,161,55,2.9273,36,7,0.0,947
17066,17066,80,80,27,2.963,3,7,0.0,874
17067,17067,79,79,27,2.9259,14,7,0.0,826
17068,17068,9,9,3,3.0,0,7,0.0,1060
17069,17069,21,21,7,3.0,16,7,0.0,874
17070,17070,109,109,33,3.303,3,7,0.0,684
17071,17071,89,89,27,3.2963,99,7,0.0,684
17072,17072,0,0,0,0.0,20,7,0.0,667
17073,17073,0,0,0,0.0,0,7,0.0,724
17074,17074,167,167,51,3.2745,302,7,0.0,724
17075,17075,125,125,38,3.2895,17,7,0.0,799
17076,17076,3,3,1,3.0,273,7,0.0,724
17077,17077,0,0,0,0.0,0,7,0.0,724
17078,17078,73,73,22,3.3182,2,7,0.0,799
17079,17079,238,238,72,3.3056,20,7,0.0,894
17080,17080,299,299,91,3.2857,38,7,0.0,1004
17081,17081,99,99,30,3.3,4,7,0.0,1098
17082,17082,253,253,77,3.2857,34,7,0.0,799
17083,17083,51,49,15,3.2667,36,7,0.0,1098
17084,17084,339,339,103,3.2913,38,7,0.0,803
17085,17085,164,164,50,3.28,17,7,0.0,894
17086,17086,129,129,39,3.3077,3,7,0.0,894
17087,17087,36,36,11,3.2727,1,7,0.0,1033
17088,17088,20,20,6,3.3333,12,7,0.0,1098
17089,17089,103,103,31,3.3226,3,7,0.0,1033
17090,17090,372,372,113,3.292,40,7,0.0,787
17091,17091,109,109,33,3.303,15,7,0.0,902
17092,17092,270,270,84,3.2143,40,7,0.0,732
17093,17093,113,113,35,3.2286,21,7,0.0,648
17094,17094,625,625,194,3.2216,132,7,0.0,732
17095,17095,90,90,28,3.2143,97,7,0.0,732
17096,17096,0,0,0,0.0,105,7,0.0,732
17097,17097,67,67,21,3.1905,3,7,0.0,1056
17098,17098,341,341,106,3.217,29,7,0.0,1056
17099,17099,193,193,60,3.2167,185,7,0.0,801
17100,17100,54,54,17,3.1765,2,7,0.0,904
17101,17101,42,42,13,3.2308,2,7,0.0,904
17102,17102,74,74,23,3.2174,16,7,0.0,904
17103,17103,129,129,40,3.225,18,7,0.0,904
17104,17104,280,280,87,3.2184,25,7,0.0,1053
17105,17105,189,189,59,3.2034,21,7,0.0,864
17106,17106,209,209,65,3.2154,18,7,0.0,974
17107,17107,26,26,10,2.6,1,7,0.0,1515
17108,17108,15,15,6,2.5,0,7,0.0,984
17109,17109,10,10,4,2.5,0,7,0.0,984
17110,17110,8,8,3,2.6667,11,7,0.0,984
17111,17111,18,18,7,2.5714,13,7,0.0,984
17112,17112,41,41,16,2.5625,2,7,0.0,1515
17113,17113,31,31,12,2.5833,14,7,0.0,1852
17114,17114,0,0,0,0.0,0,7,0.0,1313
17115,17115,10,10,4,2.5,0,7,0.0,984
17116,17116,0,0,0,0.0,0,7,0.0,1515
17117,17117,21,21,8,2.625,16,7,0.0,1852
17118,17118,5,5,2,2.5,0,7,0.0,1313
17119,17119,53,53,21,2.5238,3,7,0.0,1313
17120,17120,0,0,0,0.0,0,7,0.0,1515
17121,17121,30,30,12,2.5,12,7,0.0,1313
17122,17122,3,3,1,3.0,0,7,0.0,1852
17123,17123,31,31,12,2.5833,2,7,0.0,1313
17124,17124,21,21,8,2.625,12,7,0.0,1313
17125,17125,18,18,7,2.5714,1,7,0.0,1852
17126,17126,3,3,1,3.0,0,7,0.0,1515
17127,17127,21,21,8,2.625,1,7,0.0,1313
17128,17128,23,23,9,2.5556,12,7,0.0,1313
17129,17129,94,94,37,2.5405,15,7,0.0,1313
17130,17130,71,71,28,2.5357,14,7,0.0,1313
17131,17131,136,136,53,2.566,18,7,0.0,1313
17132,17132,46,46,18,2.5556,2,7,0.0,1313
17133,17133,34,34,13,2.6154,2,7,0.0,1313
17134,17134,7,7,3,2.3333,0,7,0.0,1313
17135,17135,108,108,42,2.5714,17,7,0.0,1394
17136,17136,31,31,12,2.5833,2,7,0.0,1394
17137,17137,18,18,7,2.5714,11,7,0.0,1394
17138,17138,41,41,16,2.5625,13,7,0.0,1215
17139,17139,39,39,15,2.6,34,7,0.0,1593
17140,17140,13,13,5,2.6,22,7,0.0,1593
17141,17141,18,18,7,2.5714,1,7,0.0,1215
17142,17142,53,53,21,2.5238,20,7,0.0,1215
17143,17143,144,144,56,2.5714,18,7,0.0,1234
17144,17144,49,49,19,2.5789,13,7,0.0,1234
17145,17145,69,69,27,2.5556,15,7,0.0,1414
17146,17146,53,53,21,2.5238,13,7,0.0,1593
17147,17147,5,5,2,2.5,0,7,0.0,1394
17148,17148,44,44,17,2.5882,16,7,0.0,1394
17149,17149,26,26,10,2.6,1,7,0.0,1394
17150,17150,21,21,8,2.625,1,7,0.0,1593
17151,17151,108,108,42,2.5714,14,7,0.0,1414
17152,17152,322,308,120,2.5667,67,7,0.0,1218
17153,17153,26,26,10,2.6,12,7,0.0,1593
17154,17154,26,26,10,2.6,14,7,0.0,1218
17155,17155,13,13,5,2.6,0,7,0.0,1218
17156,17156,304,289,113,2.5575,129,7,0.0,1243
17157,17157,75,75,29,2.5862,21,7,0.0,1243
17158,17158,0,0,0,0.0,0,7,0.0,1593
17159,17159,20,20,8,2.5,15,7,0.0,1460
17160,17160,39,39,15,2.6,25,7,0.0,1460
17161,17161,0,0,0,0.0,0,7,0.0,3386
17162,17162,5,5,2,2.5,44,7,0.0,2440
17163,17163,3,3,1,3.0,14,7,0.0,2440
17164,17164,0,0,0,0.0,0,7,0.0,2440
17165,17165,11,11,4,2.75,82,7,0.0,2440
17166,17166,5,5,2,2.5,0,7,0.0,2440
17167,17167,0,0,0,0.0,0,7,0.0,2440
17168,17168,5,5,2,2.5,0,7,0.0,2440
17169,17169,11,11,4,2.75,0,7,0.0,2440
17170,17170,13,13,5,2.6,11,7,0.0,2440
17171,17171,8,8,3,2.6667,11,7,0.0,2141
17172,17172,16,16,6,2.6667,11,7,0.0,2440
17173,17173,5,5,2,2.5,0,7,0.0,2440
17174,17174,27,27,10,2.7,22,7,0.0,2440
17175,17175,43,43,16,2.6875,37,7,0.0,2063
17176,17176,3,3,1,3.0,0,7,0.0,2440
17177,17177,16,16,6,2.6667,11,7,0.0,2440
17178,17178,0,0,0,0.0,0,7,0.0,2063
17179,17179,43,43,16,2.6875,2,7,0.0,2321
17180,17180,49,49,18,2.7222,2,7,0.0,2107
17181,17181,14,14,5,2.8,0,7,0.0,2063
17182,17182,11,11,4,2.75,24,7,0.0,2063
17183,17183,67,67,25,2.68,20,7,0.0,2107
17184,17184,38,38,14,2.7143,72,7,0.0,2107
17185,17185,27,27,10,2.7,1,7,0.0,2321
17186,17186,5,5,2,2.5,0,7,0.0,2321
17187,17187,5,5,2,2.5,0,7,0.0,2063
17188,17188,41,41,15,2.7333,2,7,0.0,2321
17189,17189,3,3,1,3.0,0,7,0.0,2107
17190,17190,27,27,10,2.7,1,7,0.0,2107
17191,17191,19,19,7,2.7143,1,7,0.0,2321
17192,17192,27,27,10,2.7,19,7,0.0,2107
17193,17193,5,5,2,2.5,0,7,0.0,2107
17194,17194,14,14,5,2.8,0,7,0.0,2107
17195,17195,22,22,8,2.75,1,7,0.0,2321
17196,17196,0,0,0,0.0,0,7,0.0,2107
17197,17197,0,0,0,0.0,0,7,0.0,2107
17198,17198,11,11,4,2.75,12,7,0.0,2321
17199,17199,14,14,5,2.8,1,7,0.0,2012
17200,17200,0,0,0,0.0,0,7,0.0,2012
17201,17201,0,0,0,0.0,0,7,0.0,2012
17202,17202,19,19,7,2.7143,1,7,0.0,2321
17203,17203,11,11,4,2.75,0,7,0.0,2012
17204,17204,14,14,5,2.8,12,7,0.0,2321
17205,17205,24,24,9,2.6667,1,7,0.0,2012
17206,17206,27,27,10,2.7,25,7,0.0,2012
17207,17207,0,0,0,0.0,0,7,0.0,2012
17208,17208,16,16,6,2.6667,1,7,0.0,2321
17209,17209,8,8,3,2.6667,0,7,0.0,2012
17210,17210,19,19,7,2.7143,40,7,0.0,2012
17211,17211,16,16,6,2.6667,1,7,0.0,2012
17212,17212,11,11,4,2.75,0,7,0.0,2321
17213,17213,0,0,0,0.0,0,7,0.0,2012
17214,17214,0,0,0,0.0,0,7,0.0,2152
17215,17215,29,29,11,2.6364,14,7,0.0,2507
17216,17216,49,49,18,2.7222,18,7,0.0,2152
17217,17217,11,11,4,2.75,0,7,0.0,2152
17218,17218,0,0,0,0.0,0,7,0.0,2343
17219,17219,38,38,14,2.7143,1,7,0.0,2343
17220,17220,0,0,0,0.0,45,7,0.0,2119
17221,17221,0,0,0,0.0,0,7,0.0,2119
17222,17222,108,108,40,2.7,5,7,0.0,2119
17223,17223,3,3,1,3.0,0,7,0.0,2343
17224,17224,0,0,0,0.0,0,7,0.0,2119
17225,17225,0,0,0,0.0,0,7,0.0,2119
17226,17226,0,0,0,0.0,0,7,0.0,2138
17227,17227,0,0,0,0.0,0,7,0.0,2138
17228,17228,0,0,0,0.0,23,7,0.0,2343
17229,17229,0,0,0,0.0,0,7,0.0,2138
17230,17230,0,0,0,0.0,0,7,0.0,2138
17231,17231,0,0,0,0.0,0,7,0.0,2138
17232,17232,0,0,0,0.0,0,7,0.0,2138
17233,17233,0,0,0,0.0,0,7,0.0,2138
17234,17234,0,0,0,0.0,0,7,0.0,2138
17235,17235,0,0,0,0.0,0,7,0.0,2138
17236,17236,0,0,0,0.0,0,7,0.0,2138
17237,17237,0,0,0,0.0,0,7,0.0,2138
17238,17238,0,0,0,0.0,0,7,0.0,2138
17239,17239,0,0,0,0.0,0,7,0.0,2138
17240,17240,0,0,0,0.0,0,7,0.0,3386
17241,17241,0,0,0,0.0,0,7,0.0,3657
17242,17242,0,0,0,0.0,0,8,0.0,4230
17243,17243,0,0,0,0.0,0,7,0.0,3657
17244,17244,0,0,0,0.0,0,7,0.0,4077
17245,17245,63,63,24,2.625,3,7,0.0,4077
17246,17246,27,27,10,2.7,13,7,0.0,4077
17247,17247,18,18,7,2.5714,1,7,0.0,4077
17248,17248,32,32,12,2.6667,2,7,0.0,4077
17249,17249,45,45,17,2.6471,57,7,0.0,4077
17250,17250,19,19,7,2.7143,31,7,0.0,4077
17251,17251,13,13,5,2.6,0,7,0.0,4130
17252,17252,0,0,0,0.0,0,7,0.0,4130
17253,17253,8,8,3,2.6667,0,7,0.0,4405
17254,17254,8,8,3,2.6667,0,7,0.0,4261
17255,17255,8,8,3,2.6667,14,7,0.0,4405
17256,17256,3,3,1,3.0,0,7,0.0,4261
17257,17257,37,37,14,2.6429,14,7,0.0,4405
17258,17258,0,0,0,0.0,0,7,0.0,4405
17259,17259,3,3,1,3.0,54,7,0.0,4405
17260,17260,3,3,1,3.0,0,7,0.0,4521
17261,17261,13,13,5,2.6,81,7,0.0,4521
17262,17262,92,92,35,2.6286,4,7,0.0,4662
17263,17263,3,3,1,3.0,21,7,0.0,4405
17264,17264,5,5,2,2.5,0,7,0.0,4521
17265,17265,0,0,0,0.0,0,7,0.0,4405
17266,17266,0,0,0,0.0,0,7,0.0,4662
17267,17267,0,0,0,0.0,0,7,0.0,4662
17268,17268,0,0,0,0.0,0,7,0.0,3657
17269,17269,0,0,0,0.0,0,7,0.0,3657
17270,17270,8,8,3,2.6667,14,7,0.0,3657
17271,17271,0,0,0,0.0,0,7,0.0,3858
17272,17272,0,0,0,0.0,0,7,0.0,3187
17273,17273,0,0,0,0.0,0,7,0.0,3858
17274,17274,0,0,0,0.0,0,7,0.0,3187
17275,17275,0,0,0,0.0,0,7,0.0,3858
17276,17276,9,9,3,3.0,0,7,0.0,3858
17277,17277,0,0,0,0.0,0,7,0.0,3858
17278,17278,0,0,0,0.0,12,7,0.0,3858
17279,17279,0,0,0,0.0,0,7,0.0,3858
17280,17280,0,0,0,0.0,0,7,0.0,3858
17281,17281,212,212,74,2.8649,17,7,0.0,3858
17282,17282,32,32,11,2.9091,1,7,0.0,3858
17283,17283,11,11,4,2.75,12,7,0.0,3733
17284,17284,0,0,0,0.0,0,7,0.0,3858
17285,17285,58,34,12,2.8333,2,7,0.0,3858
17286,17286,0,0,0,0.0,0,7,0.0,3858
17287,17287,103,103,36,2.8611,59,7,0.0,3858
17288,17288,3,3,1,3.0,0,7,0.0,3733
17289,17289,54,54,19,2.8421,134,7,0.0,3733
17290,17290,11,11,4,2.75,83,7,0.0,3733
17291,17291,0,0,0,0.0,0,7,0.0,3858
17292,17292,0,0,0,0.0,0,7,0.0,3858
17293,17293,32,32,11,2.9091,1,7,0.0,3795
17294,17294,0,0,0,0.0,0,7,0.0,3733
17295,17295,0,0,0,0.0,0,7,0.0,3858
17296,17296,0,0,0,0.0,0,7,0.0,3028
17297,17297,26,26,9,2.8889,0,7,0.0,3187
17298,17298,0,0,0,0.0,0,7,0.0,3028
17299,17299,3,3,1,3.0,0,7,0.0,3028
17300,17300,17,17,6,2.8333,0,7,0.0,3028
17301,17301,0,0,0,0.0,0,7,0.0,3028
17302,17302,0,0,0,0.0,0,7,0.0,3187
17303,17303,23,23,8,2.875,0,7,0.0,3187
17304,17304,6,6,2,3.0,0,7,0.0,3187
17305,17305,0,0,0,0.0,0,7,0.0,3187
17306,17306,0,0,0,0.0,0,7,0.0,3187
17307,17307,0,0,0,0.0,0,7,0.0,3187
17308,17308,6,6,2,3.0,0,7,0.0,3187
17309,17309,0,0,0,0.0,0,7,0.0,3187
17310,17310,0,0,0,0.0,0,7,0.0,2343
17311,17311,0,0,0,0.0,0,7,0.0,2343
17312,17312,0,0,0,0.0,0,7,0.0,3187
17313,17313,6,6,2,3.0,11,7,0.0,2196
17314,17314,0,0,0,0.0,0,7,0.0,2343
17315,17315,299,299,105,2.8476,37,7,0.0,2196
17316,17316,28,28,10,2.8,1,7,0.0,2985
17317,17317,17,17,6,2.8333,0,7,0.0,2629
17318,17318,0,0,0,0.0,0,7,0.0,2196
17319,17319,0,0,0,0.0,27,7,0.0,2385
17320,17320,0,0,0,0.0,0,7,0.0,2629
17321,17321,3,3,1,3.0,23,7,0.0,2657
17322,17322,20,20,7,2.8571,0,7,0.0,2985
17323,17323,17,17,6,2.8333,0,7,0.0,2985
17324,17324,17,17,6,2.8333,0,7,0.0,2985
17325,17325,9,9,3,3.0,13,7,0.0,2985
17326,17326,0,0,0,0.0,0,7,0.0,2385
17327,17327,23,23,8,2.875,12,7,0.0,2216
17328,17328,26,26,9,2.8889,19,7,0.0,2985
17329,17329,3,3,1,3.0,17,7,0.0,2657
17330,17330,3,3,1,3.0,0,7,0.0,2385
17331,17331,37,37,13,2.8462,12,7,0.0,2385
17332,17332,11,11,4,2.75,18,7,0.0,2216
17333,17333,0,0,0,0.0,0,7,0.0,2657
17334,17334,9,9,3,3.0,0,7,0.0,2657
17335,17335,23,23,8,2.875,0,7,0.0,2941
17336,17336,23,23,8,2.875,11,7,0.0,2385
17337,17337,0,0,0,0.0,0,7,0.0,2941
17338,17338,3,3,1,3.0,0,7,0.0,2941
17339,17339,98,98,34,2.8824,30,7,0.0,2681
17340,17340,9,9,3,3.0,0,7,0.0,2941
17341,17341,40,40,14,2.8571,38,7,0.0,2681
17342,17342,37,37,13,2.8462,15,7,0.0,2941
17343,17343,3,3,1,3.0,0,7,0.0,2941
17344,17344,32,32,11,2.9091,1,7,0.0,2941
17345,17345,36,36,13,2.7692,17,7,0.0,2681
17346,17346,32,32,11,2.9091,11,7,0.0,2681
17347,17347,5,5,2,2.5,12,7,0.0,3386
17348,17348,27,27,10,2.7,13,7,0.0,3386
17349,17349,52,52,20,2.6,14,7,0.0,3386
17350,17350,27,27,10,2.7,2,7,0.0,3386
17351,17351,8,8,3,2.6667,0,7,0.0,2586
17352,17352,5,5,2,2.5,0,7,0.0,3386
17353,17353,29,29,11,2.6364,28,7,0.0,2586
17354,17354,0,0,0,0.0,0,7,0.0,2586
17355,17355,0,0,0,0.0,0,7,0.0,3386
17356,17356,0,0,0,0.0,0,7,0.0,3386
17357,17357,0,0,0,0.0,0,7,0.0,3386
17358,17358,5,5,2,2.5,0,7,0.0,2586
17359,17359,0,0,0,0.0,0,7,0.0,2966
17360,17360,65,65,25,2.6,3,7,0.0,3657
17361,17361,5,5,2,2.5,0,7,0.0,2966
17362,17362,37,37,14,2.6429,13,7,0.0,3657
17363,17363,19,19,7,2.7143,2,7,0.0,3657
17364,17364,314,314,118,2.661,126,7,0.0,2966
17365,17365,3,3,1,3.0,31,7,0.0,3657
17366,17366,52,52,20,2.6,3,7,0.0,2966
17367,17367,3,3,1,3.0,0,7,0.0,3367
17368,17368,33,33,12,2.75,2,7,0.0,3694
17369,17369,87,87,32,2.7188,16,7,0.0,3694
17370,17370,51,51,19,2.6842,15,7,0.0,3694
17371,17371,49,49,18,2.7222,3,7,0.0,3694
17372,17372,0,0,0,0.0,0,7,0.0,3396
17373,17373,16,16,6,2.6667,12,7,0.0,3826
17374,17374,90,90,33,2.7273,20,7,0.0,3678
17375,17375,65,65,24,2.7083,27,7,0.0,3678
17376,17376,14,14,5,2.8,153,7,0.0,3826
17377,17377,33,33,12,2.75,13,7,0.0,3678
17378,17378,44,44,16,2.75,15,7,0.0,3678
17379,17379,58,58,22,2.6364,13,7,0.0,3826
17380,17380,14,14,5,2.8,1,7,0.0,3826
17381,17381,56,56,21,2.6667,45,7,0.0,2369
17382,17382,5,5,2,2.5,0,7,0.0,2369
17383,17383,44,44,16,2.75,15,7,0.0,2222
17384,17384,14,14,5,2.8,1,7,0.0,2222
17385,17385,33,33,12,2.75,35,7,0.0,2478
17386,17386,19,19,7,2.7143,1,7,0.0,2319
17387,17387,188,188,69,2.7246,8,7,0.0,2185
17388,17388,54,54,20,2.7,13,7,0.0,2493
17389,17389,3,3,1,3.0,0,7,0.0,2319
17390,17390,19,19,7,2.7143,46,7,0.0,2156
17391,17391,11,11,4,2.75,11,7,0.0,2156
17392,17392,25,25,9,2.7778,23,7,0.0,2319
17393,17393,11,11,4,2.75,11,7,0.0,2493
17394,17394,25,25,9,2.7778,16,7,0.0,3097
17395,17395,33,33,12,2.75,14,7,0.0,2752
17396,17396,41,41,15,2.7333,2,7,0.0,2752
17397,17397,58,58,22,2.6364,3,7,0.0,3097
17398,17398,74,74,27,2.7407,14,7,0.0,3097
17399,17399,38,38,14,2.7143,2,7,0.0,3097
17400,17400,33,33,12,2.75,2,7,0.0,3097
17401,17401,413,413,151,2.7351,32,7,0.0,2156
17402,17402,49,49,18,2.7222,18,7,0.0,2156
17403,17403,36,36,13,2.7692,17,7,0.0,3097
17404,17404,25,25,9,2.7778,13,7,0.0,2447
17405,17405,57,57,21,2.7143,21,7,0.0,3097
17406,17406,306,306,112,2.7321,122,7,0.0,2224
17407,17407,16,16,6,2.6667,13,7,0.0,2752
17408,17408,8,8,3,2.6667,0,7,0.0,2447
17409,17409,508,508,186,2.7312,55,7,0.0,2224
17410,17410,169,169,62,2.7258,46,7,0.0,2224
17411,17411,3,3,1,3.0,0,7,0.0,3672
17412,17412,0,0,0,0.0,0,7,0.0,3826
17413,17413,5,5,2,2.5,0,7,0.0,3826
17414,17414,27,27,10,2.7,60,7,0.0,3479
17415,17415,57,57,21,2.7143,3,7,0.0,3826
17416,17416,57,57,21,2.7143,29,7,0.0,3823
17417,17417,87,87,32,2.7188,4,7,0.0,3726
17418,17418,98,98,36,2.7222,15,7,0.0,3823
17419,17419,92,92,34,2.7059,33,7,0.0,3620
17420,17420,8,8,3,2.6667,43,7,0.0,3817
17421,17421,8,8,3,2.6667,33,7,0.0,3817
17422,17422,5,5,2,2.5,108,7,0.0,3817
17423,17423,22,22,8,2.75,31,7,0.0,3761
17424,17424,3,3,1,3.0,0,7,0.0,3761
17425,17425,0,0,0,0.0,0,7,0.0,1903
17426,17426,23,23,9,2.5556,22,7,0.0,2390
17427,17427,15,15,6,2.5,12,7,0.0,2390
17428,17428,5,5,2,2.5,0,7,0.0,2390
17429,17429,3,3,1,3.0,12,7,0.0,2273
17430,17430,0,0,0,0.0,0,7,0.0,2273
17431,17431,58,58,23,2.5217,14,7,0.0,2492
17432,17432,0,0,0,0.0,623,7,0.0,2273
17433,17433,1084,1084,422,2.5687,77,7,0.0,2273
17434,17434,36,36,14,2.5714,15,7,0.0,2455
17435,17435,31,31,12,2.5833,2,7,0.0,2455
17436,17436,8,8,3,2.6667,16,7,0.0,2390
17437,17437,36,36,14,2.5714,13,7,0.0,2390
17438,17438,63,63,25,2.52,66,7,0.0,2390
17439,17439,0,0,0,0.0,0,7,0.0,2801
17440,17440,0,0,0,0.0,0,7,0.0,2801
17441,17441,79,79,31,2.5484,15,7,0.0,2492
17442,17442,82,82,32,2.5625,13,7,0.0,2492
17443,17443,79,79,31,2.5484,14,7,0.0,2492
17444,17444,84,84,33,2.5455,30,7,0.0,2801
17445,17445,41,41,16,2.5625,16,7,0.0,2801
17446,17446,51,51,20,2.55,14,7,0.0,2801
17447,17447,5,5,2,2.5,0,7,0.0,2801
17448,17448,197,197,77,2.5584,29,7,0.0,2801
17449,17449,326,326,127,2.5669,47,7,0.0,2801
17450,17450,423,423,165,2.5636,87,7,0.0,2455
17451,17451,316,316,123,2.5691,38,7,0.0,2801
17452,17452,144,144,56,2.5714,19,7,0.0,2801
17453,17453,49,49,19,2.5789,18,7,0.0,2801
17454,17454,144,144,56,2.5714,17,7,0.0,2801
17455,17455,21,21,8,2.625,16,7,0.0,2801
17456,17456,90,90,35,2.5714,16,7,0.0,2491
17457,17457,0,0,0,0.0,0,7,0.0,2801
17458,17458,84,84,33,2.5455,23,7,0.0,2491
17459,17459,18,18,7,2.5714,1,7,0.0,2491
17460,17460,34,34,13,2.6154,13,7,0.0,3276
17461,17461,58,58,23,2.5217,17,7,0.0,3309
17462,17462,33,33,13,2.5385,15,7,0.0,3276
17463,17463,292,292,114,2.5614,54,7,0.0,3309
17464,17464,90,90,35,2.5714,29,7,0.0,3309
17465,17465,18,18,7,2.5714,13,7,0.0,3309
17466,17466,70,44,17,2.5882,36,7,0.0,3309
17467,17467,15,15,6,2.5,83,7,0.0,3692
17468,17468,56,56,22,2.5455,17,7,0.0,3451
17469,17469,10,10,4,2.5,0,7,0.0,3451
17470,17470,34,34,13,2.6154,2,7,0.0,3451
17471,17471,494,494,200,2.47,69,7,0.0,3692
17472,17472,23,23,8,2.875,0,7,0.0,3692
17473,17473,11,11,3,3.6667,1,7,0.0,4096
17474,17474,202,202,55,3.6727,31,7,0.0,4096
17475,17475,11,11,3,3.6667,1,7,0.0,4055
17476,17476,26,26,7,3.7143,2,7,0.0,4398
17477,17477,137,137,37,3.7027,45,7,0.0,4398
17478,17478,154,154,42,3.6667,19,7,0.0,4055
17479,17479,0,0,0,0.0,0,7,0.0,4055
17480,17480,114,114,31,3.6774,39,7,0.0,4398
17481,17481,48,48,13,3.6923,20,7,0.0,4055
17482,17482,81,81,22,3.6818,15,7,0.0,4055
17483,17483,0,0,0,0.0,1978,7,0.0,4398
17484,17484,81,81,22,3.6818,4,7,0.0,4025
17485,17485,89,89,24,3.7083,28,7,0.0,3918
17486,17486,51,51,14,3.6429,13,7,0.0,3918
17487,17487,92,92,25,3.68,22,7,0.0,4144
17488,17488,225,225,61,3.6885,26,7,0.0,4144
17489,17489,140,140,38,3.6842,9,7,0.0,4144
17490,17490,0,0,0,0.0,12,7,0.0,4257
17491,17491,96,96,26,3.6923,26,7,0.0,4398
17492,17492,110,110,30,3.6667,29,7,0.0,3918
17493,17493,26,26,7,3.7143,15,7,0.0,4032
17494,17494,33,33,9,3.6667,31,7,0.0,4032
17495,17495,154,154,42,3.6667,22,7,0.0,4257
17496,17496,172,172,47,3.6596,22,7,0.0,4398
17497,17497,118,118,32,3.6875,6,7,0.0,4144
17498,17498,51,51,14,3.6429,17,7,0.0,4032
17499,17499,136,136,37,3.6757,20,7,0.0,4032
17500,17500,62,62,17,3.6471,25,7,0.0,4144
17501,17501,44,44,12,3.6667,13,7,0.0,4032
17502,17502,99,99,27,3.6667,61,7,0.0,3918
17503,17503,15,15,4,3.75,28,7,0.0,4096
17504,17504,48,48,13,3.6923,3,7,0.0,4096
17505,17505,258,258,70,3.6857,38,7,0.0,4096
17506,17506,283,283,77,3.6753,42,7,0.0,4096
17507,17507,56,56,20,2.8,1,7,0.0,3187
17508,17508,0,0,0,0.0,0,7,0.0,3187
17509,17509,0,0,0,0.0,0,7,0.0,3187
17510,17510,0,0,0,0.0,0,7,0.0,3187
17511,17511,0,0,0,0.0,0,7,0.0,3187
17512,17512,9,9,3,3.0,0,7,0.0,3187
17513,17513,0,0,0,0.0,0,7,0.0,3187
17514,17514,0,0,0,0.0,0,7,0.0,3187
17515,17515,0,0,0,0.0,0,7,0.0,3187
17516,17516,3,3,1,3.0,0,7,0.0,2343
17517,17517,0,0,0,0.0,0,7,0.0,3187
17518,17518,0,0,0,0.0,0,7,0.0,2343
17519,17519,0,0,0,0.0,0,7,0.0,2343
17520,17520,17,17,6,2.8333,0,7,0.0,2343
17521,17521,0,0,0,0.0,0,7,0.0,2196
17522,17522,0,0,0,0.0,0,7,0.0,3187
17523,17523,9,9,3,3.0,0,7,0.0,2629
17524,17524,14,14,5,2.8,16,7,0.0,2629
17525,17525,3,3,1,3.0,0,7,0.0,2629
17526,17526,0,0,0,0.0,0,7,0.0,2343
17527,17527,34,34,12,2.8333,1,7,0.0,2985
17528,17528,20,20,7,2.8571,11,7,0.0,2629
17529,17529,0,0,0,0.0,0,7,0.0,2385
17530,17530,3,3,1,3.0,0,7,0.0,2629
17531,17531,0,0,0,0.0,0,7,0.0,2196
17532,17532,0,0,0,0.0,0,7,0.0,2629
17533,17533,442,442,155,2.8516,23,7,0.0,2196
17534,17534,34,34,12,2.8333,1,7,0.0,2985
17535,17535,440,440,154,2.8571,34,7,0.0,2196
17536,17536,37,37,13,2.8462,1,7,0.0,2985
17537,17537,3,3,1,3.0,11,7,0.0,2629
17538,17538,6,6,2,3.0,13,7,0.0,2629
17539,17539,595,595,208,2.8606,37,7,0.0,2196
17540,17540,11,11,4,2.75,0,7,0.0,2629
17541,17541,23,23,8,2.875,0,7,0.0,2985
17542,17542,363,363,127,2.8583,37,7,0.0,2196
17543,17543,3,3,1,3.0,0,7,0.0,2657
17544,17544,23,23,8,2.875,0,7,0.0,2985
17545,17545,9,9,3,3.0,20,7,0.0,2657
17546,17546,19,19,7,2.7143,16,7,0.0,2985
17547,17547,0,0,0,0.0,0,7,0.0,2216
17548,17548,0,0,0,0.0,0,7,0.0,2216
17549,17549,6,6,2,3.0,0,7,0.0,2657
17550,17550,3,3,1,3.0,0,7,0.0,2385
17551,17551,26,26,9,2.8889,11,7,0.0,2657
17552,17552,0,0,0,0.0,0,7,0.0,2657
17553,17553,0,0,0,0.0,0,7,0.0,2216
17554,17554,11,11,4,2.75,20,7,0.0,2657
17555,17555,14,14,5,2.8,0,7,0.0,2216
17556,17556,11,11,4,2.75,0,7,0.0,2657
17557,17557,9,9,3,3.0,0,7,0.0,2216
17558,17558,17,17,6,2.8333,0,7,0.0,2941
17559,17559,17,17,6,2.8333,11,7,0.0,2657
17560,17560,0,0,0,0.0,0,7,0.0,2657
17561,17561,26,26,9,2.8889,1,7,0.0,2580
17562,17562,9,9,3,3.0,0,7,0.0,2580
17563,17563,51,51,18,2.8333,12,7,0.0,2580
17564,17564,20,20,7,2.8571,0,7,0.0,2941
17565,17565,11,11,4,2.75,0,7,0.0,2941
17566,17566,3,3,1,3.0,0,7,0.0,2681
17567,17567,26,26,9,2.8889,14,7,0.0,2941
17568,17568,0,0,0,0.0,0,7,0.0,2941
17569,17569,3,3,1,3.0,0,7,0.0,2941
17570,17570,0,0,0,0.0,0,7,0.0,3028
17571,17571,11,11,4,2.75,1,7,0.0,3386
17572,17572,3,3,1,3.0,18,7,0.0,3386
17573,17573,8,8,3,2.6667,0,7,0.0,3386
17574,17574,32,32,12,2.6667,2,7,0.0,3386
17575,17575,21,21,8,2.625,1,7,0.0,3386
17576,17576,0,0,0,0.0,0,7,0.0,2586
17577,17577,10,10,4,2.5,0,7,0.0,3386
17578,17578,0,0,0,0.0,0,7,0.0,3386
17579,17579,0,0,0,0.0,0,7,0.0,3386
17580,17580,5,5,2,2.5,0,7,0.0,3386
17581,17581,23,23,9,2.5556,14,7,0.0,3386
17582,17582,0,0,0,0.0,0,7,0.0,3386
17583,17583,0,0,0,0.0,0,7,0.0,2586
17584,17584,0,0,0,0.0,0,7,0.0,3386
17585,17585,35,35,13,2.6923,2,7,0.0,2586
17586,17586,0,0,0,0.0,0,7,0.0,3386
17587,17587,3,3,1,3.0,0,7,0.0,3386
17588,17588,5,5,2,2.5,24,7,0.0,2586
17589,17589,0,0,0,0.0,0,7,0.0,2586
17590,17590,8,8,3,2.6667,0,7,0.0,2586
17591,17591,16,16,6,2.6667,1,7,0.0,2586
17592,17592,8,8,3,2.6667,0,7,0.0,2586
17593,17593,5,5,2,2.5,0,7,0.0,2586
17594,17594,19,19,7,2.7143,0,7,0.0,2586
17595,17595,19,19,7,2.7143,12,7,0.0,2586
17596,17596,0,0,0,0.0,0,7,0.0,2966
17597,17597,0,0,0,0.0,0,7,0.0,3657
17598,17598,8,8,3,2.6667,0,7,0.0,2586
17599,17599,5,5,2,2.5,13,7,0.0,2586
17600,17600,32,32,12,2.6667,2,7,0.0,2966
17601,17601,5,5,2,2.5,0,7,0.0,2586
17602,17602,0,0,0,0.0,0,7,0.0,2966
17603,17603,8,8,3,2.6667,0,7,0.0,2586
17604,17604,5,5,2,2.5,10,7,0.0,2586
17605,17605,0,0,0,0.0,0,7,0.0,2586
17606,17606,8,8,3,2.6667,0,7,0.0,2507
17607,17607,19,19,7,2.7143,0,7,0.0,2966
17608,17608,0,0,0,0.0,0,7,0.0,2966
17609,17609,5,5,2,2.5,0,7,0.0,2507
17610,17610,52,52,20,2.6,2,7,0.0,3657
17611,17611,37,37,14,2.6429,1,7,0.0,3657
17612,17612,0,0,0,0.0,16,7,0.0,3657
17613,17613,5,5,2,2.5,0,7,0.0,2966
17614,17614,8,8,3,2.6667,0,7,0.0,2966
17615,17615,10,10,4,2.5,0,7,0.0,3657
17616,17616,0,0,0,0.0,18,7,0.0,2507
17617,17617,16,16,6,2.6667,12,7,0.0,2343
17618,17618,0,0,0,0.0,0,7,0.0,2507
17619,17619,0,0,0,0.0,0,7,0.0,2507
17620,17620,0,0,0,0.0,0,7,0.0,2343
17621,17621,0,0,0,0.0,1,7,0.0,2507
17622,17622,0,0,0,0.0,0,7,0.0,2507
17623,17623,0,0,0,0.0,0,7,0.0,2343
17624,17624,0,0,0,0.0,0,7,0.0,2966
17625,17625,8,8,3,2.6667,0,7,0.0,2586
17626,17626,11,11,4,2.75,11,7,0.0,2586
17627,17627,47,47,18,2.6111,23,7,0.0,3657
17628,17628,0,0,0,0.0,0,7,0.0,3367
17629,17629,0,0,0,0.0,0,7,0.0,3367
17630,17630,0,0,0,0.0,61,7,0.0,3367
17631,17631,8,8,3,2.6667,14,7,0.0,3367
17632,17632,3,3,1,3.0,0,7,0.0,3733
17633,17633,16,16,6,2.6667,0,7,0.0,3367
17634,17634,3,3,1,3.0,10,7,0.0,3367
17635,17635,16,16,6,2.6667,74,7,0.0,3367
17636,17636,0,0,0,0.0,0,7,0.0,3367
17637,17637,3,3,1,3.0,0,7,0.0,3694
17638,17638,5,5,2,2.5,0,7,0.0,3367
17639,17639,0,0,0,0.0,0,7,0.0,3367
17640,17640,8,8,3,2.6667,0,7,0.0,3396
17641,17641,13,13,5,2.6,11,7,0.0,3396
17642,17642,11,11,4,2.75,18,7,0.0,3694
17643,17643,58,58,22,2.6364,3,7,0.0,3694
17644,17644,5,5,2,2.5,11,7,0.0,3396
17645,17645,8,8,3,2.6667,11,7,0.0,3694
17646,17646,0,0,0,0.0,0,7,0.0,3396
17647,17647,44,44,16,2.75,2,7,0.0,3678
17648,17648,33,33,12,2.75,2,7,0.0,3826
17649,17649,22,22,8,2.75,17,7,0.0,3678
17650,17650,71,71,26,2.7308,17,7,0.0,3826
17651,17651,27,27,10,2.7,1,7,0.0,3678
17652,17652,11,11,4,2.75,0,7,0.0,3672
17653,17653,22,22,8,2.75,12,7,0.0,3678
17654,17654,11,11,4,2.75,0,7,0.0,3826
17655,17655,5,5,2,2.5,10,7,0.0,2222
17656,17656,5,5,2,2.5,13,7,0.0,2222
17657,17657,27,27,10,2.7,1,7,0.0,2369
17658,17658,41,41,15,2.7333,72,7,0.0,2369
17659,17659,47,47,17,2.7647,2,7,0.0,2478
17660,17660,38,38,14,2.7143,13,7,0.0,2222
17661,17661,0,0,0,0.0,0,7,0.0,2185
17662,17662,33,33,12,2.75,2,7,0.0,2185
17663,17663,6,6,2,3.0,0,7,0.0,2185
17664,17664,3,3,1,3.0,60,7,0.0,2185
17665,17665,54,54,20,2.7,19,7,0.0,2493
17666,17666,54,54,20,2.7,14,7,0.0,2185
17667,17667,3,3,1,3.0,0,7,0.0,2185
17668,17668,19,19,7,2.7143,1,7,0.0,2493
17669,17669,29,29,11,2.6364,13,7,0.0,3097
17670,17670,22,22,8,2.75,1,7,0.0,2752
17671,17671,29,29,11,2.6364,2,7,0.0,2752
17672,17672,58,58,22,2.6364,21,7,0.0,2447
17673,17673,41,41,15,2.7333,2,7,0.0,2447
17674,17674,29,29,11,2.6364,1,7,0.0,2752
17675,17675,11,11,4,2.75,0,7,0.0,2447
17676,17676,19,19,7,2.7143,0,7,0.0,2752
17677,17677,11,11,4,2.75,0,7,0.0,2752
17678,17678,25,25,9,2.7778,1,7,0.0,2752
17679,17679,3,3,1,3.0,0,7,0.0,2447
17680,17680,19,19,7,2.7143,0,7,0.0,2752
17681,17681,14,14,5,2.8,11,7,0.0,2752
17682,17682,8,8,3,2.6667,0,7,0.0,2447
17683,17683,54,54,20,2.7,3,7,0.0,3097
17684,17684,11,11,4,2.75,0,7,0.0,2752
17685,17685,5,5,2,2.5,0,7,0.0,2752
17686,17686,41,41,15,2.7333,20,7,0.0,2224
17687,17687,0,0,0,0.0,0,7,0.0,3396
17688,17688,25,25,9,2.7778,29,7,0.0,3396
17689,17689,11,11,4,2.75,0,7,0.0,3396
17690,17690,27,27,10,2.7,16,7,0.0,3396
17691,17691,29,29,11,2.6364,13,7,0.0,3396
17692,17692,0,0,0,0.0,13,7,0.0,3396
17693,17693,27,27,10,2.7,1,7,0.0,3396
17694,17694,120,120,44,2.7273,19,7,0.0,3339
17695,17695,29,29,11,2.6364,12,7,0.0,3339
17696,17696,36,36,13,2.7692,13,7,0.0,3396
17697,17697,33,33,12,2.75,13,7,0.0,3339
17698,17698,44,44,16,2.75,15,7,0.0,3396
17699,17699,44,44,16,2.75,13,7,0.0,3672
17700,17700,16,16,6,2.6667,1,7,0.0,3826
17701,17701,11,11,4,2.75,0,7,0.0,3826
17702,17702,16,16,6,2.6667,1,7,0.0,3339
17703,17703,29,29,11,2.6364,2,7,0.0,3339
17704,17704,90,90,33,2.7273,18,7,0.0,3339
17705,17705,27,27,10,2.7,2,7,0.0,3672
17706,17706,0,0,0,0.0,0,7,0.0,3672
17707,17707,44,44,16,2.75,15,7,0.0,3339
17708,17708,11,11,4,2.75,34,7,0.0,3826
17709,17709,129,129,47,2.7447,20,7,0.0,3479
17710,17710,27,27,10,2.7,14,7,0.0,3620
17711,17711,3,3,1,3.0,0,7,0.0,3726
17712,17712,54,54,20,2.7,15,7,0.0,3823
17713,17713,65,65,24,2.7083,23,7,0.0,3620
17714,17714,98,98,36,2.7222,24,7,0.0,3726
17715,17715,33,33,12,2.75,27,7,0.0,3817
17716,17716,93,93,34,2.7353,19,7,0.0,3689
17717,17717,71,71,26,2.7308,30,7,0.0,3689
17718,17718,51,51,19,2.6842,31,7,0.0,3689
17719,17719,14,14,5,2.8,66,7,0.0,3689
17720,17720,51,51,20,2.55,3,7,0.0,2492
17721,17721,21,21,8,2.625,14,7,0.0,2455
17722,17722,139,139,54,2.5741,34,7,0.0,2455
17723,17723,46,46,18,2.5556,45,7,0.0,2390
17724,17724,49,49,19,2.5789,14,7,0.0,2390
17725,17725,77,77,30,2.5667,14,7,0.0,2390
17726,17726,3,3,1,3.0,0,7,0.0,2492
17727,17727,21,21,8,2.625,11,7,0.0,2492
17728,17728,0,0,0,0.0,0,7,0.0,2801
17729,17729,111,111,43,2.5814,19,7,0.0,2492
17730,17730,0,0,0,0.0,0,7,0.0,2801
17731,17731,98,98,38,2.5789,19,7,0.0,2455
17732,17732,111,111,43,2.5814,5,7,0.0,2455
17733,17733,18,18,7,2.5714,11,7,0.0,2455
17734,17734,28,28,11,2.5455,1,7,0.0,2455
17735,17735,139,139,54,2.5741,18,7,0.0,2455
17736,17736,69,69,27,2.5556,73,7,0.0,2801
17737,17737,34,34,13,2.6154,2,7,0.0,2801
17738,17738,144,144,56,2.5714,24,7,0.0,2491
17739,17739,10,10,4,2.5,0,7,0.0,2491
17740,17740,56,56,22,2.5455,28,7,0.0,3276
17741,17741,71,71,28,2.5357,3,7,0.0,3276
17742,17742,10,10,4,2.5,0,7,0.0,2824
17743,17743,69,69,27,2.5556,18,7,0.0,2824
17744,17744,51,51,20,2.55,14,7,0.0,3276
17745,17745,10,10,4,2.5,0,7,0.0,2824
17746,17746,13,13,5,2.6,0,7,0.0,2824
17747,17747,41,41,16,2.5625,14,7,0.0,3276
17748,17748,10,10,4,2.5,0,7,0.0,2824
17749,17749,36,36,14,2.5714,15,7,0.0,3276
17750,17750,39,39,15,2.6,23,7,0.0,2824
17751,17751,46,46,18,2.5556,12,7,0.0,3276
17752,17752,0,0,0,0.0,0,7,0.0,2801
17753,17753,18,18,7,2.5714,20,7,0.0,3309
17754,17754,10,10,4,2.5,0,7,0.0,3309
17755,17755,53,53,21,2.5238,26,7,0.0,3309
17756,17756,15,15,6,2.5,42,7,0.0,3309
17757,17757,8,8,3,2.6667,0,7,0.0,3309
17758,17758,5,5,2,2.5,11,7,0.0,3309
17759,17759,61,61,24,2.5417,16,7,0.0,3309
17760,17760,49,49,19,2.5789,27,7,0.0,3309
17761,17761,75,75,29,2.5862,3,7,0.0,3309
17762,17762,31,31,12,2.5833,25,7,0.0,3309
17763,17763,49,49,19,2.5789,2,7,0.0,3309
17764,17764,34,34,13,2.6154,1,7,0.0,3309
17765,17765,34,34,13,2.6154,13,7,0.0,3309
17766,17766,13,13,5,2.6,0,7,0.0,3309
17767,17767,0,0,0,0.0,0,7,0.0,3451
17768,17768,13,13,5,2.6,0,7,0.0,3309
17769,17769,0,0,0,0.0,0,7,0.0,2801
17770,17770,163,163,55,2.9636,0,7,0.0,3692
17771,17771,3,3,1,3.0,0,7,0.0,2801
17772,17772,0,0,0,0.0,0,7,0.0,3451
17773,17773,26,26,10,2.6,22,7,0.0,3451
17774,17774,44,44,12,3.6667,3,7,0.0,4096
17775,17775,78,78,21,3.7143,17,7,0.0,4096
17776,17776,26,26,7,3.7143,2,7,0.0,4096
17777,17777,26,26,7,3.7143,2,7,0.0,4041
17778,17778,0,0,0,0.0,0,7,0.0,4041
17779,17779,44,44,12,3.6667,14,7,0.0,4096
17780,17780,0,0,0,0.0,0,7,0.0,4290
17781,17781,0,0,0,0.0,15,7,0.0,4290
17782,17782,48,48,13,3.6923,27,7,0.0,4290
17783,17783,0,0,0,0.0,49,7,0.0,4290
17784,17784,0,0,0,0.0,0,7,0.0,4398
17785,17785,37,37,10,3.7,12,7,0.0,4055
17786,17786,29,29,8,3.625,51,7,0.0,4055
17787,17787,0,0,0,0.0,0,7,0.0,4290
17788,17788,0,0,0,0.0,0,7,0.0,4257
17789,17789,0,0,0,0.0,0,7,0.0,4290
17790,17790,258,258,70,3.6857,521,7,0.0,4398
17791,17791,140,140,38,3.6842,7,7,0.0,4398
17792,17792,33,33,9,3.6667,2,7,0.0,4398
17793,17793,48,48,13,3.6923,3,7,0.0,4025
17794,17794,85,85,23,3.6957,25,7,0.0,3918
17795,17795,0,0,0,0.0,0,7,0.0,4025
17796,17796,48,48,13,3.6923,15,7,0.0,4025
17797,17797,22,22,6,3.6667,1,7,0.0,3918
17798,17798,69,69,19,3.6316,15,7,0.0,3918
17799,17799,81,81,22,3.6818,26,7,0.0,4032
17800,17800,80,62,17,3.6471,14,7,0.0,4144
17801,17801,21,21,6,3.5,1,7,0.0,4398
17802,17802,33,33,9,3.6667,2,7,0.0,3918
17803,17803,26,26,7,3.7143,1,7,0.0,4257
17804,17804,161,161,44,3.6591,29,7,0.0,4032
17805,17805,125,125,34,3.6765,40,7,0.0,4096
17806,17806,7,7,2,3.5,120,7,0.0,4096
17807,17807,7,7,2,3.5,0,7,0.0,4096
17808,17808,33,33,9,3.6667,1,7,0.0,4041
17809,17809,15,15,4,3.75,1,7,0.0,4096
17810,17810,0,0,0,0.0,15,7,0.0,4041
17811,17811,37,37,10,3.7,2,7,0.0,4055
17812,17812,96,96,26,3.6923,17,7,0.0,4055
17813,17813,4,4,1,4.0,18,7,0.0,3884
17814,17814,45,45,12,3.75,24,7,0.0,3979
17815,17815,142,142,38,3.7368,25,7,0.0,4153
17816,17816,8,8,2,4.0,88,7,0.0,4153
17817,17817,81,75,20,3.75,35,7,0.0,4153
17818,17818,11,11,3,3.6667,1,7,0.0,3979
17819,17819,48,48,13,3.6923,3,7,0.0,4153
17820,17820,187,187,50,3.74,214,7,0.0,4153
17821,17821,460,460,123,3.7398,106,7,0.0,3948
17822,17822,120,120,32,3.75,21,7,0.0,3948
17823,17823,79,79,21,3.7619,6,7,0.0,4150
17824,17824,124,124,33,3.7576,91,7,0.0,3793
17825,17825,45,45,12,3.75,3,7,0.0,4150
17826,17826,67,67,18,3.7222,5,7,0.0,4150
17827,17827,66,66,18,3.6667,4,7,0.0,3814
17828,17828,59,59,16,3.6875,4,7,0.0,3948
17829,17829,59,59,16,3.6875,46,7,0.0,4150
17830,17830,19,19,5,3.8,1,7,0.0,3948
17831,17831,49,49,13,3.7692,14,7,0.0,3814
17832,17832,52,52,14,3.7143,15,7,0.0,4155
17833,17833,26,26,7,3.7143,2,7,0.0,4155
17834,17834,11,11,3,3.6667,66,7,0.0,4150
17835,17835,11,11,3,3.6667,17,7,0.0,4216
17836,17836,0,0,0,0.0,0,7,0.0,4461
17837,17837,17,17,6,2.8333,1,7,0.0,4461
17838,17838,60,60,22,2.7273,21,7,0.0,4461
17839,17839,381,381,137,2.781,23,7,0.0,4317
17840,17840,183,183,66,2.7727,26,7,0.0,4461
17841,17841,169,169,61,2.7705,21,7,0.0,4408
17842,17842,97,97,35,2.7714,4,7,0.0,4408
17843,17843,0,0,0,0.0,0,7,0.0,4621
17844,17844,47,47,17,2.7647,16,7,0.0,4408
17845,17845,8,8,3,2.6667,0,7,0.0,4365
17846,17846,6,6,2,3.0,0,7,0.0,4365
17847,17847,46,46,15,3.0667,14,7,0.0,993
17848,17848,85,85,28,3.0357,16,7,0.0,993
17849,17849,194,194,64,3.0312,22,7,0.0,993
17850,17850,94,94,31,3.0323,40,7,0.0,993
17851,17851,163,163,54,3.0185,22,7,0.0,993
17852,17852,157,157,52,3.0192,26,7,0.0,850
17853,17853,107,107,35,3.0571,25,7,0.0,993
17854,17854,51,51,17,3.0,3,7,0.0,993
17855,17855,18,18,6,3.0,1,7,0.0,850
17856,17856,45,45,15,3.0,27,7,0.0,1091
17857,17857,118,118,39,3.0256,19,7,0.0,1091
17858,17858,43,43,14,3.0714,2,7,0.0,850
17859,17859,30,30,10,3.0,13,7,0.0,850
17860,17860,627,627,208,3.0144,56,7,0.0,817
17861,17861,40,40,13,3.0769,2,7,0.0,1022
17862,17862,100,100,33,3.0303,28,7,0.0,817
17863,17863,0,0,0,0.0,72,7,0.0,1091
17864,17864,63,63,21,3.0,19,7,0.0,1022
17865,17865,121,121,39,3.1026,27,7,0.0,821
17866,17866,383,383,123,3.1138,41,7,0.0,821
17867,17867,53,53,17,3.1176,0,7,0.0,821
17868,17868,168,168,54,3.1111,28,7,0.0,821
17869,17869,194,194,62,3.129,17,7,0.0,1078
17870,17870,93,10,3,3.3333,38,7,0.0,1078
17871,17871,174,174,56,3.1071,292,7,0.0,891
17872,17872,137,137,44,3.1136,19,7,0.0,1067
17873,17873,121,121,39,3.1026,14,7,0.0,979
17874,17874,131,131,42,3.119,27,7,0.0,979
17875,17875,475,475,153,3.1046,22,7,0.0,1067
17876,17876,330,330,106,3.1132,21,7,0.0,1067
17877,17877,996,763,245,3.1143,129,7,0.0,1067
17878,17878,383,383,123,3.1138,19,7,0.0,1067
17879,17879,791,791,254,3.1142,40,7,0.0,1067
17880,17880,24,0,0,0.0,297,7,0.0,1067
17881,17881,378,378,95,3.9789,25,7,0.0,845
17882,17882,4,4,1,4.0,20,7,0.0,845
17883,17883,194,194,49,3.9592,6,7,0.0,845
17884,17884,150,150,38,3.9474,5,7,0.0,845
17885,17885,342,342,86,3.9767,12,7,0.0,845
17886,17886,629,629,158,3.981,37,7,0.0,950
17887,17887,16,16,4,4.0,23,7,0.0,834
17888,17888,115,115,29,3.9655,4,7,0.0,834
17889,17889,124,124,31,4.0,4,7,0.0,834
17890,17890,270,270,68,3.9706,20,7,0.0,921
17891,17891,99,99,25,3.96,14,7,0.0,950
17892,17892,192,192,48,4.0,17,7,0.0,950
17893,17893,310,310,78,3.9744,22,7,0.0,950
17894,17894,374,374,94,3.9787,91,7,0.0,1046
17895,17895,167,167,42,3.9762,19,7,0.0,950
17896,17896,0,0,0,0.0,76,7,0.0,1002
17897,17897,0,0,0,0.0,0,7,0.0,1002
17898,17898,68,68,25,2.72,12,7,0.0,1124
17899,17899,3,3,1,3.0,0,7,0.0,1124
17900,17900,0,0,0,0.0,120,7,0.0,1318
17901,17901,73,73,26,2.8077,15,7,0.0,1124
17902,17902,51,51,19,2.6842,11,7,0.0,1496
17903,17903,17,17,6,2.8333,0,7,0.0,1318
17904,17904,3,3,1,3.0,0,7,0.0,1378
17905,17905,0,0,0,0.0,0,7,0.0,1197
17906,17906,3,3,1,3.0,0,7,0.0,1496
17907,17907,22,22,8,2.75,0,7,0.0,1378
17908,17908,161,161,58,2.7759,15,7,0.0,1378
17909,17909,22,22,8,2.75,32,7,0.0,1197
17910,17910,3,3,1,3.0,0,7,0.0,1197
17911,17911,85,85,31,2.7419,38,7,0.0,1151
17912,17912,172,172,62,2.7742,24,7,0.0,1265
17913,17913,11,11,4,2.75,71,7,0.0,1496
17914,17914,0,0,0,0.0,0,7,0.0,1496
17915,17915,8,8,3,2.6667,0,7,0.0,1378
17916,17916,28,28,10,2.8,26,7,0.0,1177
17917,17917,69,69,25,2.76,22,7,0.0,1265
17918,17918,157,157,57,2.7544,29,7,0.0,1315
17919,17919,3,3,1,3.0,0,7,0.0,1481
17920,17920,14,14,5,2.8,12,7,0.0,1315
17921,17921,20,20,7,2.8571,0,7,0.0,1481
17922,17922,39,39,14,2.7857,12,7,0.0,1481
17923,17923,97,97,35,2.7714,37,7,0.0,1315
17924,17924,83,83,30,2.7667,28,7,0.0,1315
17925,17925,73,73,26,2.8077,35,7,0.0,1481
17926,17926,87,81,29,2.7931,15,7,0.0,1315
17927,17927,51,51,19,2.6842,12,7,0.0,1481
17928,17928,14,14,5,2.8,13,7,0.0,1481
17929,17929,8,8,3,2.6667,20,7,0.0,1481
17930,17930,6,6,2,3.0,0,7,0.0,1566
17931,17931,11,11,4,2.75,12,7,0.0,1406
17932,17932,28,28,10,2.8,0,7,0.0,1406
17933,17933,60,60,22,2.7273,1,7,0.0,1406
17934,17934,20,20,7,2.8571,0,7,0.0,1406
17935,17935,247,247,77,3.2078,96,7,0.0,1177
17936,17936,128,128,40,3.2,2,7,0.0,1177
17937,17937,742,742,231,3.2121,31,7,0.0,1141
17938,17938,132,132,41,3.2195,23,7,0.0,1203
17939,17939,93,93,29,3.2069,14,7,0.0,1259
17940,17940,921,921,287,3.2091,50,7,0.0,1203
17941,17941,24,24,9,2.6667,13,7,0.0,1903
17942,17942,5,5,2,2.5,28,7,0.0,1903
17943,17943,0,0,0,0.0,0,7,0.0,1903
17944,17944,16,16,6,2.6667,1,7,0.0,1903
17945,17945,5,5,2,2.5,23,7,0.0,2316
17946,17946,73,73,27,2.7037,20,7,0.0,1885
17947,17947,79,79,29,2.7241,43,7,0.0,2172
17948,17948,0,0,0,0.0,27,7,0.0,2316
17949,17949,127,127,47,2.7021,11,7,0.0,1566
17950,17950,19,19,7,2.7143,2,7,0.0,1885
17951,17951,95,95,35,2.7143,18,7,0.0,1566
17952,17952,82,82,30,2.7333,18,7,0.0,1566
17953,17953,33,33,12,2.75,3,7,0.0,1825
17954,17954,24,24,9,2.6667,14,7,0.0,1825
17955,17955,43,43,16,2.6875,849,7,0.0,1825
17956,17956,79,79,29,2.7241,800,7,0.0,1566
17957,17957,5,5,2,2.5,0,7,0.0,1885
17958,17958,24,24,9,2.6667,12,7,0.0,1566
17959,17959,16,16,6,2.6667,27,7,0.0,1885
17960,17960,35,35,13,2.6923,3,7,0.0,1566
17961,17961,0,0,0,0.0,0,7,0.0,2015
17962,17962,13,13,5,2.6,15,7,0.0,1406
17963,17963,5,5,2,2.5,0,7,0.0,1478
17964,17964,79,79,29,2.7241,87,7,0.0,1406
17965,17965,71,71,26,2.7308,19,7,0.0,1406
17966,17966,202,202,76,2.6579,32,7,0.0,1406
17967,17967,40,34,13,2.6154,33,7,0.0,1406
17968,17968,22,22,8,2.75,2,7,0.0,1478
17969,17969,62,62,23,2.6957,16,7,0.0,1400
17970,17970,143,143,53,2.6981,25,7,0.0,1400
17971,17971,160,127,47,2.7021,93,7,0.0,1400
17972,17972,227,227,78,2.9103,21,6,0.0,491
17973,17973,235,235,81,2.9012,20,6,0.0,491
17974,17974,193,193,66,2.9242,17,6,0.0,491
17975,17975,55,55,19,2.8947,13,6,0.0,491
17976,17976,239,239,82,2.9146,44,6,0.0,487
17977,17977,122,122,42,2.9048,4,6,0.0,487
17978,17978,204,204,70,2.9143,20,6,0.0,436
17979,17979,131,131,45,2.9111,15,6,0.0,436
17980,17980,209,209,72,2.9028,25,6,0.0,366
17981,17981,67,67,23,2.913,17,6,0.0,366
17982,17982,128,128,44,2.9091,222,6,0.0,321
17983,17983,70,70,24,2.9167,3,6,0.0,487
17984,17984,96,96,33,2.9091,3,6,0.0,366
17985,17985,67,67,23,2.913,15,6,0.0,366
17986,17986,157,157,54,2.9074,5,6,0.0,366
17987,17987,204,204,70,2.9143,23,6,0.0,366
17988,17988,136,136,47,2.8936,18,6,0.0,321
17989,17989,133,133,46,2.8913,17,6,0.0,321
17990,17990,154,154,53,2.9057,16,6,0.0,428
17991,17991,250,250,86,2.907,30,6,0.0,428
17992,17992,201,201,69,2.913,23,6,0.0,436
17993,17993,128,128,44,2.9091,4,6,0.0,487
17994,17994,155,155,60,2.5833,19,6,0.0,345
17995,17995,284,284,111,2.5586,32,6,0.0,345
17996,17996,249,249,97,2.567,24,6,0.0,345
17997,17997,221,221,86,2.5698,61,6,0.0,419
17998,17998,172,172,67,2.5672,21,6,0.0,374
17999,17999,180,180,70,2.5714,24,6,0.0,374
18000,18000,16,16,6,2.6667,0,6,0.0,419
18001,18001,93,93,36,2.5833,15,6,0.0,419
18002,18002,308,308,120,2.5667,28,6,0.0,363
18003,18003,323,323,149,2.1678,44,6,0.0,504
18004,18004,143,143,66,2.1667,51,6,0.0,504
18005,18005,0,0,0,0.0,0,6,0.0,504
18006,18006,1234,1234,568,2.1725,224,6,0.0,504
18007,18007,108,108,50,2.16,17,6,0.0,419
18008,18008,49,49,23,2.1304,15,6,0.0,449
18009,18009,276,276,127,2.1732,29,6,0.0,419
18010,18010,83,83,38,2.1842,19,6,0.0,449
18011,18011,239,239,110,2.1727,24,6,0.0,419
18012,18012,212,212,98,2.1633,26,6,0.0,449
18013,18013,224,224,103,2.1748,29,6,0.0,449
18014,18014,148,148,68,2.1765,22,6,0.0,419
18015,18015,221,221,77,2.8701,226,6,0.0,532
18016,18016,465,465,162,2.8704,42,6,0.0,741
18017,18017,0,0,0,0.0,82,6,0.0,532
18018,18018,18,18,5,3.6,1,7,0.0,4096
18019,18019,58,58,16,3.625,15,7,0.0,4041
18020,18020,96,96,26,3.6923,50,7,0.0,4041
18021,18021,7,7,2,3.5,0,7,0.0,4041
18022,18022,7,7,2,3.5,0,7,0.0,4055
18023,18023,15,15,4,3.75,11,7,0.0,4055
18024,18024,144,144,39,3.6923,20,7,0.0,4055
18025,18025,172,172,47,3.6596,35,7,0.0,4055
18026,18026,118,118,32,3.6875,29,7,0.0,4055
18027,18027,74,74,20,3.7,20,7,0.0,4055
18028,18028,7,7,2,3.5,0,7,0.0,4055
18029,18029,114,114,31,3.6774,47,7,0.0,4055
18030,18030,26,26,7,3.7143,17,7,0.0,4055
18031,18031,0,0,0,0.0,12,7,0.0,4096
18032,18032,0,0,0,0.0,37,7,0.0,3884
18033,18033,8,8,2,4.0,30,7,0.0,3761
18034,18034,8,8,2,4.0,10,7,0.0,3884
18035,18035,0,0,0,0.0,68,7,0.0,3884
18036,18036,0,0,0,0.0,20,7,0.0,3884
18037,18037,4,4,1,4.0,49,7,0.0,3884
18038,18038,105,105,28,3.75,22,7,0.0,3761
18039,18039,55,55,15,3.6667,3,7,0.0,3761
18040,18040,4,4,1,4.0,27,7,0.0,3884
18041,18041,19,19,5,3.8,12,7,0.0,3979
18042,18042,8,8,2,4.0,14,7,0.0,3884
18043,18043,79,79,21,3.7619,30,7,0.0,4153
18044,18044,19,19,5,3.8,1,7,0.0,3884
18045,18045,15,15,4,3.75,1,7,0.0,3761
18046,18046,23,23,6,3.8333,14,7,0.0,3979
18047,18047,0,0,0,0.0,0,7,0.0,4153
18048,18048,34,34,9,3.7778,2,7,0.0,3802
18049,18049,23,23,6,3.8333,13,7,0.0,4153
18050,18050,48,48,13,3.6923,28,7,0.0,3802
18051,18051,19,19,5,3.8,42,7,0.0,3802
18052,18052,26,26,7,3.7143,19,7,0.0,3948
18053,18053,34,34,9,3.7778,43,7,0.0,3793
18054,18054,16,16,4,4.0,0,7,0.0,4150
18055,18055,15,15,4,3.75,1,7,0.0,4150
18056,18056,344,344,92,3.7391,49,7,0.0,4150
18057,18057,315,315,84,3.75,58,7,0.0,3948
18058,18058,83,83,22,3.7727,19,7,0.0,3814
18059,18059,26,26,7,3.7143,19,7,0.0,4150
18060,18060,38,38,10,3.8,13,7,0.0,3948
18061,18061,30,30,8,3.75,3,7,0.0,3948
18062,18062,38,38,10,3.8,3,7,0.0,4150
18063,18063,4,4,1,4.0,0,7,0.0,3948
18064,18064,96,96,26,3.6923,23,7,0.0,4144
18065,18065,116,116,31,3.7419,30,7,0.0,3982
18066,18066,183,183,49,3.7347,52,7,0.0,4216
18067,18067,117,117,31,3.7742,50,7,0.0,3982
18068,18068,83,83,22,3.7727,23,7,0.0,3982
18069,18069,75,75,20,3.75,8,7,0.0,3982
18070,18070,4,4,1,4.0,285,7,0.0,3982
18071,18071,30,30,8,3.75,4,7,0.0,3982
18072,18072,4,4,1,4.0,158,7,0.0,3881
18073,18073,19,19,5,3.8,2,7,0.0,4017
18074,18074,19,19,5,3.8,113,7,0.0,4143
18075,18075,41,41,11,3.7273,6,7,0.0,4017
18076,18076,52,52,14,3.7143,18,7,0.0,4143
18077,18077,41,41,11,3.7273,6,7,0.0,4216
18078,18078,63,63,17,3.7059,18,7,0.0,4017
18079,18079,0,0,0,0.0,0,7,0.0,4143
18080,18080,67,67,18,3.7222,62,7,0.0,4143
18081,18081,8,8,2,4.0,1,7,0.0,4017
18082,18082,59,59,16,3.6875,48,7,0.0,4216
18083,18083,41,41,11,3.7273,16,7,0.0,4216
18084,18084,0,0,0,0.0,0,7,0.0,4621
18085,18085,0,0,0,0.0,0,7,0.0,4621
18086,18086,3,3,1,3.0,0,7,0.0,4621
18087,18087,0,0,0,0.0,0,7,0.0,4621
18088,18088,17,17,6,2.8333,13,7,0.0,4461
18089,18089,0,0,0,0.0,0,7,0.0,4461
18090,18090,0,0,0,0.0,0,7,0.0,4461
18091,18091,34,34,12,2.8333,12,7,0.0,4461
18092,18092,0,0,0,0.0,0,7,0.0,4621
18093,18093,51,51,19,2.6842,57,7,0.0,4461
18094,18094,0,0,0,0.0,0,7,0.0,4621
18095,18095,51,51,19,2.6842,15,7,0.0,4317
18096,18096,34,34,12,2.8333,15,7,0.0,4461
18097,18097,732,732,263,2.7833,111,7,0.0,4408
18098,18098,14,14,5,2.8,14,7,0.0,4461
18099,18099,6,6,2,3.0,19,7,0.0,4317
18100,18100,89,89,32,2.7812,19,7,0.0,4408
18101,18101,19,19,7,2.7143,1,7,0.0,4317
18102,18102,55,55,20,2.75,14,7,0.0,4408
18103,18103,57,57,21,2.7143,24,7,0.0,4408
18104,18104,0,0,0,0.0,0,7,0.0,4408
18105,18105,17,17,6,2.8333,0,7,0.0,4408
18106,18106,8,8,3,2.6667,0,7,0.0,4365
18107,18107,17,17,6,2.8333,10,7,0.0,4365
18108,18108,3,3,1,3.0,0,7,0.0,4365
18109,18109,0,0,0,0.0,0,7,0.0,4365
18110,18110,0,0,0,0.0,0,7,0.0,4365
18111,18111,151,151,50,3.02,21,7,0.0,993
18112,18112,94,94,31,3.0323,46,7,0.0,993
18113,18113,140,140,46,3.0435,30,7,0.0,993
18114,18114,15,15,5,3.0,12,7,0.0,993
18115,18115,166,166,55,3.0182,24,7,0.0,993
18116,18116,3,3,1,3.0,0,7,0.0,850
18117,18117,3,3,1,3.0,0,7,0.0,850
18118,18118,6,6,2,3.0,0,7,0.0,817
18119,18119,3,3,1,3.0,0,7,0.0,850
18120,18120,46,46,15,3.0667,14,7,0.0,1022
18121,18121,54,54,18,3.0,3,7,0.0,1022
18122,18122,3,3,1,3.0,0,7,0.0,817
18123,18123,42,42,14,3.0,14,7,0.0,817
18124,18124,34,15,5,3.0,3,7,0.0,1022
18125,18125,33,33,11,3.0,3,7,0.0,964
18126,18126,30,30,10,3.0,13,7,0.0,1091
18127,18127,21,21,7,3.0,15,7,0.0,1022
18128,18128,12,12,4,3.0,0,7,0.0,1022
18129,18129,26,18,6,3.0,1,7,0.0,1022
18130,18130,21,21,7,3.0,1,7,0.0,850
18131,18131,6,6,2,3.0,0,7,0.0,1091
18132,18132,0,0,0,0.0,58,7,0.0,1091
18133,18133,6,6,2,3.0,0,7,0.0,1078
18134,18134,55,55,18,3.0556,16,7,0.0,817
18135,18135,134,134,43,3.1163,2,7,0.0,821
18136,18136,43,43,14,3.0714,0,7,0.0,891
18137,18137,184,184,59,3.1186,3,7,0.0,1078
18138,18138,119,119,38,3.1316,22,7,0.0,891
18139,18139,28,28,9,3.1111,29,7,0.0,979
18140,18140,677,677,217,3.1198,40,7,0.0,1078
18141,18141,59,59,19,3.1053,12,7,0.0,891
18142,18142,37,37,12,3.0833,24,7,0.0,979
18143,18143,43,43,14,3.0714,12,7,0.0,979
18144,18144,31,31,10,3.1,0,7,0.0,821
18145,18145,65,65,21,3.0952,1,7,0.0,1067
18146,18146,140,140,35,4.0,5,7,0.0,834
18147,18147,120,120,30,4.0,4,7,0.0,834
18148,18148,4,4,1,4.0,159,7,0.0,847
18149,18149,164,0,0,0.0,238,7,0.0,847
18150,18150,120,120,30,4.0,17,7,0.0,921
18151,18151,99,99,25,3.96,4,7,0.0,921
18152,18152,91,91,23,3.9565,3,7,0.0,847
18153,18153,254,254,64,3.9688,20,7,0.0,921
18154,18154,115,115,29,3.9655,14,7,0.0,921
18155,18155,901,901,303,2.9736,0,7,0.0,847
18156,18156,91,91,23,3.9565,15,7,0.0,950
18157,18157,150,150,38,3.9474,23,7,0.0,950
18158,18158,80,80,20,4.0,3,7,0.0,950
18159,18159,186,186,47,3.9574,25,7,0.0,1046
18160,18160,350,350,88,3.9773,215,7,0.0,1077
18161,18161,60,60,15,4.0,24,7,0.0,1046
18162,18162,91,91,23,3.9565,14,7,0.0,1002
18163,18163,39,39,10,3.9,1,7,0.0,1002
18164,18164,51,0,0,0.0,116,7,0.0,1002
18165,18165,11,11,4,2.75,11,7,0.0,1124
18166,18166,31,31,11,2.8182,29,7,0.0,1124
18167,18167,69,69,25,2.76,14,7,0.0,1124
18168,18168,6,6,2,3.0,0,7,0.0,1124
18169,18169,59,59,22,2.6818,36,7,0.0,1124
18170,18170,73,73,26,2.8077,11,7,0.0,1124
18171,18171,406,406,146,2.7808,128,7,0.0,1496
18172,18172,66,66,24,2.75,19,7,0.0,1124
18173,18173,48,48,17,2.8235,1,7,0.0,1124
18174,18174,6,6,2,3.0,10,7,0.0,1124
18175,18175,17,17,6,2.8333,27,7,0.0,1197
18176,18176,28,28,10,2.8,10,7,0.0,1496
18177,18177,14,14,5,2.8,0,7,0.0,1197
18178,18178,0,0,0,0.0,0,7,0.0,1496
18179,18179,116,116,42,2.7619,2,7,0.0,1197
18180,18180,20,20,7,2.8571,12,7,0.0,1151
18181,18181,81,81,29,2.7931,13,7,0.0,1265
18182,18182,69,69,25,2.76,12,7,0.0,1265
18183,18183,47,47,17,2.7647,17,7,0.0,1177
18184,18184,6,6,2,3.0,0,7,0.0,1177
18185,18185,22,22,8,2.75,0,7,0.0,1177
18186,18186,6,6,2,3.0,0,7,0.0,1265
18187,18187,14,14,5,2.8,0,7,0.0,1315
18188,18188,0,0,0,0.0,0,7,0.0,1481
18189,18189,0,0,0,0.0,0,7,0.0,1481
18190,18190,38,38,14,2.7143,0,7,0.0,1315
18191,18191,0,0,0,0.0,0,7,0.0,1481
18192,18192,17,17,6,2.8333,12,7,0.0,1481
18193,18193,110,110,40,2.75,13,7,0.0,1315
18194,18194,11,11,4,2.75,13,7,0.0,1481
18195,18195,28,28,10,2.8,0,7,0.0,1481
18196,18196,6,6,2,3.0,0,7,0.0,1315
18197,18197,9,9,3,3.0,0,7,0.0,1315
18198,18198,22,22,8,2.75,13,7,0.0,1481
18199,18199,0,0,0,0.0,10,7,0.0,1481
18200,18200,85,85,31,2.7419,2,7,0.0,1406
18201,18201,34,34,12,2.8333,12,7,0.0,1406
18202,18202,14,14,5,2.8,0,7,0.0,1566
18203,18203,28,28,10,2.8,0,7,0.0,1318
18204,18204,13,13,4,3.25,26,7,0.0,1177
18205,18205,81,81,25,3.24,13,7,0.0,1177
18206,18206,13,13,4,3.25,11,7,0.0,1177
18207,18207,26,19,6,3.1667,26,7,0.0,1177
18208,18208,68,68,21,3.2381,12,7,0.0,1209
18209,18209,81,81,25,3.24,2,7,0.0,1209
18210,18210,7,7,2,3.5,962,7,0.0,1141
18211,18211,23,23,7,3.2857,0,7,0.0,1209
18212,18212,3,3,1,3.0,85,7,0.0,1141
18213,18213,23,23,7,3.2857,12,7,0.0,1209
18214,18214,205,205,64,3.2031,15,7,0.0,1209
18215,18215,19,19,6,3.1667,0,7,0.0,1209
18216,18216,26,26,8,3.25,11,7,0.0,1259
18217,18217,96,96,30,3.2,36,7,0.0,1259
18218,18218,126,126,39,3.2308,33,7,0.0,1259
18219,18219,10,10,3,3.3333,39,7,0.0,1203
18220,18220,89,67,21,3.1905,28,7,0.0,1203
18221,18221,86,86,27,3.1852,21,7,0.0,1259
18222,18222,180,180,56,3.2143,20,7,0.0,1259
18223,18223,109,109,34,3.2059,20,7,0.0,1259
18224,18224,1091,1091,340,3.2088,84,7,0.0,1203
18225,18225,0,0,0,0.0,104,7,0.0,1139
18226,18226,1097,1097,342,3.2076,65,7,0.0,1139
18227,18227,0,0,0,0.0,449,7,0.0,1139
18228,18228,16,16,6,2.6667,1,7,0.0,1903
18229,18229,24,24,9,2.6667,16,7,0.0,1903
18230,18230,40,40,15,2.6667,13,7,0.0,1903
18231,18231,24,24,9,2.6667,61,7,0.0,1903
18232,18232,18,18,7,2.5714,1,7,0.0,1903
18233,18233,0,0,0,0.0,0,7,0.0,1903
18234,18234,0,0,0,0.0,0,7,0.0,2025
18235,18235,0,0,0,0.0,0,7,0.0,2025
18236,18236,0,0,0,0.0,0,7,0.0,2025
18237,18237,22,22,8,2.75,1,7,0.0,2025
18238,18238,19,19,7,2.7143,30,7,0.0,2025
18239,18239,49,49,18,2.7222,22,7,0.0,1885
18240,18240,0,0,0,0.0,0,7,0.0,2172
18241,18241,0,0,0,0.0,0,7,0.0,2316
18242,18242,19,19,7,2.7143,339,7,0.0,1885
18243,18243,24,24,9,2.6667,2,7,0.0,1566
18244,18244,35,35,13,2.6923,46,7,0.0,1885
18245,18245,29,29,11,2.6364,3,7,0.0,1566
18246,18246,3,3,1,3.0,57,7,0.0,1885
18247,18247,5,5,2,2.5,0,7,0.0,1885
18248,18248,0,0,0,0.0,0,7,0.0,1885
18249,18249,16,16,6,2.6667,87,7,0.0,1885
18250,18250,0,0,0,0.0,0,7,0.0,1566
18251,18251,3,3,1,3.0,0,7,0.0,1825
18252,18252,3,3,1,3.0,0,7,0.0,1885
18253,18253,16,16,6,2.6667,1,7,0.0,1825
18254,18254,6,6,2,3.0,0,7,0.0,1885
18255,18255,46,46,17,2.7059,25,7,0.0,2015
18256,18256,3,3,1,3.0,11,7,0.0,1825
18257,18257,16,16,6,2.6667,1,7,0.0,1825
18258,18258,84,84,31,2.7097,21,7,0.0,1566
18259,18259,88,88,33,2.6667,8,7,0.0,1406
18260,18260,0,0,0,0.0,0,7,0.0,1406
18261,18261,0,0,0,0.0,0,7,0.0,1406
18262,18262,0,0,0,0.0,0,7,0.0,1406
18263,18263,73,73,27,2.7037,18,7,0.0,1406
18264,18264,0,0,0,0.0,0,7,0.0,1478
18265,18265,164,164,61,2.6885,13,7,0.0,1478
18266,18266,76,76,28,2.7143,21,7,0.0,1566
18267,18267,53,53,20,2.65,15,7,0.0,1478
18268,18268,118,118,44,2.6818,55,7,0.0,1400
18269,18269,101,101,37,2.7297,22,7,0.0,1478
18270,18270,51,51,19,2.6842,4,7,0.0,1566
18271,18271,71,71,26,2.7308,17,7,0.0,1566
18272,18272,135,135,50,2.7,39,7,0.0,1478
18273,18273,100,100,37,2.7027,29,7,0.0,1478
18274,18274,145,145,50,2.9,22,6,0.0,491
18275,18275,121,121,42,2.881,16,6,0.0,366
18276,18276,290,290,100,2.9,38,6,0.0,366
18277,18277,184,184,63,2.9206,26,6,0.0,321
18278,18278,303,303,104,2.9135,24,6,0.0,321
18279,18279,133,133,46,2.8913,5,6,0.0,428
18280,18280,235,235,81,2.9012,21,6,0.0,491
18281,18281,271,271,93,2.914,23,6,0.0,428
18282,18282,419,419,144,2.9097,32,6,0.0,436
18283,18283,320,320,110,2.9091,54,6,0.0,436
18284,18284,64,64,22,2.9091,20,6,0.0,487
18285,18285,306,306,105,2.9143,32,6,0.0,436
18286,18286,82,82,28,2.9286,15,6,0.0,487
18287,18287,73,73,25,2.92,16,6,0.0,487
18288,18288,187,187,64,2.9219,22,6,0.0,487
18289,18289,125,125,43,2.907,15,6,0.0,487
18290,18290,210,210,82,2.561,31,6,0.0,345
18291,18291,170,170,66,2.5758,18,6,0.0,419
18292,18292,75,75,29,2.5862,15,6,0.0,374
18293,18293,231,231,90,2.5667,55,6,0.0,374
18294,18294,223,223,87,2.5632,9,6,0.0,363
18295,18295,69,69,27,2.5556,3,6,0.0,363
18296,18296,407,407,158,2.5759,104,6,0.0,363
18297,18297,0,0,0,0.0,16,6,0.0,419
18298,18298,108,108,50,2.16,17,6,0.0,504
18299,18299,145,145,67,2.1642,23,6,0.0,504
18300,18300,31,31,14,2.2143,2,6,0.0,419
18301,18301,41,41,19,2.1579,3,6,0.0,449
18302,18302,54,54,25,2.16,43,6,0.0,449
18303,18303,49,49,23,2.1304,69,6,0.0,449
18304,18304,67,67,31,2.1613,13,6,0.0,449
18305,18305,218,218,101,2.1584,26,6,0.0,419
18306,18306,159,159,73,2.1781,21,6,0.0,419
18307,18307,9,9,3,3.0,0,6,0.0,906
18308,18308,256,256,89,2.8764,29,6,0.0,532
18309,18309,165,165,57,2.8947,27,6,0.0,741
18310,18310,0,0,0,0.0,24,6,0.0,475
18311,18311,198,198,69,2.8696,19,6,0.0,532
18312,18312,399,399,139,2.8705,32,6,0.0,475
18313,18313,0,0,0,0.0,0,6,0.0,647
18314,18314,107,107,37,2.8919,53,6,0.0,691
18315,18315,227,227,79,2.8734,53,6,0.0,560
18316,18316,332,332,115,2.887,28,6,0.0,693
18317,18317,104,104,36,2.8889,16,6,0.0,693
18318,18318,0,0,0,0.0,0,6,0.0,568
18319,18319,228,228,79,2.8861,24,6,0.0,693
18320,18320,0,0,0,0.0,0,6,0.0,568
18321,18321,823,823,285,2.8877,69,6,0.0,723
18322,18322,287,287,100,2.87,33,6,0.0,671
18323,18323,443,443,154,2.8766,36,6,0.0,671
18324,18324,430,430,150,2.8667,56,6,0.0,671
18325,18325,481,481,167,2.8802,46,6,0.0,532
18326,18326,136,136,44,3.0909,28,7,0.0,575
18327,18327,43,43,14,3.0714,81,7,0.0,575
18328,18328,105,105,34,3.0882,4,7,0.0,581
18329,18329,56,56,18,3.1111,2,7,0.0,581
18330,18330,362,362,118,3.0678,33,7,0.0,498
18331,18331,285,285,93,3.0645,24,7,0.0,498
18332,18332,105,105,34,3.0882,14,7,0.0,432
18333,18333,34,34,11,3.0909,18,7,0.0,581
18334,18334,224,224,73,3.0685,29,7,0.0,432
18335,18335,56,56,18,3.1111,17,7,0.0,581
18336,18336,194,194,63,3.0794,30,7,0.0,432
18337,18337,86,86,28,3.0714,13,7,0.0,432
18338,18338,339,339,110,3.0818,27,7,0.0,511
18339,18339,337,337,109,3.0917,26,7,0.0,511
18340,18340,188,188,61,3.082,19,7,0.0,432
18341,18341,37,37,12,3.0833,13,7,0.0,432
18342,18342,96,96,31,3.0968,4,7,0.0,581
18343,18343,176,176,57,3.0877,29,7,0.0,581
18344,18344,272,272,88,3.0909,41,7,0.0,581
18345,18345,0,0,0,0.0,0,7,0.0,504
18346,18346,359,359,117,3.0684,34,7,0.0,368
18347,18347,163,163,43,3.7907,17,7,0.0,675
18348,18348,209,209,55,3.8,32,7,0.0,756
18349,18349,140,140,37,3.7838,18,7,0.0,756
18350,18350,8,8,2,4.0,68,7,0.0,645
18351,18351,118,118,31,3.8065,3,7,0.0,675
18352,18352,23,23,6,3.8333,279,7,0.0,645
18353,18353,103,103,27,3.8148,27,7,0.0,645
18354,18354,87,87,23,3.7826,2,7,0.0,675
18355,18355,186,186,49,3.7959,18,7,0.0,645
18356,18356,195,195,51,3.8235,16,7,0.0,759
18357,18357,124,124,41,3.0244,19,7,0.0,421
18358,18358,60,60,20,3.0,112,7,0.0,421
18359,18359,97,97,32,3.0312,3,7,0.0,421
18360,18360,112,112,37,3.027,18,7,0.0,421
18361,18361,79,79,26,3.0385,3,7,0.0,446
18362,18362,245,245,81,3.0247,9,7,0.0,446
18363,18363,58,58,19,3.0526,3,7,0.0,446
18364,18364,466,466,154,3.026,22,7,0.0,446
18365,18365,0,0,0,0.0,60,7,0.0,446
18366,18366,0,0,0,0.0,113,7,0.0,446
18367,18367,184,184,61,3.0164,7,7,0.0,408
18368,18368,48,48,18,2.6667,12,7,0.0,502
18369,18369,264,264,99,2.6667,21,7,0.0,502
18370,18370,188,182,68,2.6765,18,7,0.0,502
18371,18371,1276,1125,420,2.6786,312,7,0.0,577
18372,18372,219,219,82,2.6707,21,7,0.0,577
18373,18373,273,273,102,2.6765,22,7,0.0,592
18374,18374,6,6,2,3.0,60,7,0.0,592
18375,18375,174,174,42,4.1429,25,7,0.0,735
18376,18376,0,0,0,0.0,295,7,0.0,779
18377,18377,493,493,119,4.1429,21,7,0.0,735
18378,18378,12,12,3,4.0,38,7,0.0,785
18379,18379,202,202,49,4.1224,18,7,0.0,713
18380,18380,40,0,0,0.0,32,7,0.0,785
18381,18381,0,0,0,0.0,19,7,0.0,713
18382,18382,0,0,0,0.0,126,7,0.0,785
18383,18383,0,0,0,0.0,0,7,0.0,785
18384,18384,206,206,54,3.8148,16,7,0.0,836
18385,18385,279,279,73,3.8219,6,7,0.0,836
18386,18386,340,340,89,3.8202,20,7,0.0,836
18387,18387,233,233,61,3.8197,107,7,0.0,831
18388,18388,208,202,53,3.8113,17,7,0.0,831
18389,18389,622,622,163,3.816,26,7,0.0,917
18390,18390,183,183,48,3.8125,17,7,0.0,885
18391,18391,8,8,2,4.0,37,7,0.0,885
18392,18392,119,119,31,3.8387,3,7,0.0,885
18393,18393,106,106,28,3.7857,2,7,0.0,846
18394,18394,0,0,0,0.0,118,7,0.0,846
18395,18395,365,365,126,2.8968,9,7,0.0,846
18396,18396,531,531,170,3.1235,59,7,0.0,751
18397,18397,216,216,69,3.1304,9,7,0.0,751
18398,18398,0,0,0,0.0,338,7,0.0,790
18399,18399,206,206,66,3.1212,31,7,0.0,824
18400,18400,260,260,83,3.1325,26,7,0.0,824
18401,18401,0,0,0,0.0,101,7,0.0,923
18402,18402,0,0,0,0.0,0,7,0.0,867
18403,18403,47,47,15,3.1333,42,7,0.0,910
18404,18404,199,199,64,3.1094,20,7,0.0,910
18405,18405,87,87,28,3.1071,26,7,0.0,958
18406,18406,97,97,31,3.129,134,7,0.0,933
18407,18407,218,218,70,3.1143,55,7,0.0,933
18408,18408,225,225,72,3.125,10,7,0.0,669
18409,18409,301,301,96,3.1354,31,7,0.0,669
18410,18410,225,225,69,3.2609,19,7,0.0,1194
18411,18411,0,0,0,0.0,14,7,0.0,1236
18412,18412,910,910,278,3.2734,419,7,0.0,1117
18413,18413,202,202,62,3.2581,28,7,0.0,1236
18414,18414,76,76,23,3.3043,3,7,0.0,1070
18415,18415,111,111,34,3.2647,40,7,0.0,1150
18416,18416,174,167,51,3.2745,18,7,0.0,987
18417,18417,102,102,31,3.2903,3,7,0.0,1112
18418,18418,0,0,0,0.0,341,7,0.0,1006
18419,18419,424,424,130,3.2615,31,7,0.0,1111
18420,18420,187,187,57,3.2807,24,7,0.0,1111
18421,18421,108,108,33,3.2727,3,7,0.0,1030
18422,18422,157,157,48,3.2708,19,7,0.0,1112
18423,18423,206,206,63,3.2698,29,7,0.0,1164
18424,18424,132,132,43,3.0698,25,7,0.0,1161
18425,18425,71,71,23,3.087,15,7,0.0,1161
18426,18426,43,28,9,3.1111,77,7,0.0,1064
18427,18427,71,71,23,3.087,4,7,0.0,1161
18428,18428,74,74,24,3.0833,20,7,0.0,1161
18429,18429,74,74,24,3.0833,20,7,0.0,1249
18430,18430,64,64,21,3.0476,3,7,0.0,1316
18431,18431,93,93,30,3.1,16,7,0.0,1316
18432,18432,80,80,26,3.0769,4,7,0.0,1316
18433,18433,147,147,48,3.0625,8,7,0.0,1316
18434,18434,67,67,22,3.0455,22,7,0.0,1261
18435,18435,80,80,26,3.0769,111,7,0.0,1316
18436,18436,15,15,5,3.0,96,7,0.0,1261
18437,18437,99,99,32,3.0938,41,7,0.0,1220
18438,18438,31,31,10,3.1,2,7,0.0,1220
18439,18439,142,142,46,3.087,20,7,0.0,1220
18440,18440,98,98,32,3.0625,33,7,0.0,1176
18441,18441,195,195,64,3.0469,4,7,0.0,1176
18442,18442,43,43,14,3.0714,25,7,0.0,1220
18443,18443,0,0,0,0.0,581,7,0.0,437
18444,18444,1206,1206,461,2.6161,101,7,0.0,493
18445,18445,188,188,72,2.6111,16,7,0.0,437
18446,18446,58,58,22,2.6364,14,7,0.0,493
18447,18447,320,320,123,2.6016,29,7,0.0,493
18448,18448,643,643,246,2.6138,49,7,0.0,437
18449,18449,11,11,4,2.75,0,7,0.0,537
18450,18450,19,19,7,2.7143,32,7,0.0,524
18451,18451,42,42,16,2.625,1,7,0.0,445
18452,18452,94,74,28,2.6429,20,7,0.0,628
18453,18453,116,116,44,2.6364,3,7,0.0,594
18454,18454,19,19,7,2.7143,44,7,0.0,524
18455,18455,24,24,9,2.6667,25,7,0.0,594
18456,18456,13,13,5,2.6,11,7,0.0,628
18457,18457,0,0,0,0.0,171,7,0.0,574
18458,18458,1219,1219,466,2.6159,72,7,0.0,574
18459,18459,173,173,66,2.6212,18,7,0.0,574
18460,18460,564,564,215,2.6233,209,7,0.0,574
18461,18461,171,171,65,2.6308,16,7,0.0,537
18462,18462,0,0,0,0.0,343,7,0.0,700
18463,18463,0,0,0,0.0,0,7,0.0,700
18464,18464,112,112,37,3.027,19,7,0.0,778
18465,18465,154,154,51,3.0196,21,7,0.0,778
18466,18466,157,157,52,3.0192,38,7,0.0,855
18467,18467,208,208,69,3.0145,35,7,0.0,855
18468,18468,223,223,74,3.0135,26,7,0.0,1041
18469,18469,70,70,23,3.0435,15,7,0.0,1094
18470,18470,51,51,17,3.0,3,7,0.0,1094
18471,18471,218,218,72,3.0278,36,7,0.0,924
18472,18472,42,42,14,3.0,27,7,0.0,819
18473,18473,35,35,12,2.9167,14,7,0.0,924
18474,18474,160,160,53,3.0189,44,7,0.0,819
18475,18475,76,76,25,3.04,18,7,0.0,738
18476,18476,121,121,40,3.025,20,7,0.0,819
18477,18477,0,0,0,0.0,138,6,0.0,265
18478,18478,313,313,141,2.2199,44,6,0.0,183
18479,18479,753,753,340,2.2147,43,6,0.0,229
18480,18480,0,0,0,0.0,0,6,0.0,183
18481,18481,1058,1058,478,2.2134,68,6,0.0,180
18482,18482,222,222,100,2.22,26,6,0.0,250
18483,18483,279,279,126,2.2143,45,6,0.0,250
18484,18484,281,281,127,2.2126,28,6,0.0,250
18485,18485,195,195,88,2.2159,24,6,0.0,250
18486,18486,107,107,48,2.2292,15,6,0.0,250
18487,18487,40,40,14,2.8571,2,6,0.0,532
18488,18488,69,69,24,2.875,3,6,0.0,691
18489,18489,26,26,9,2.8889,1,6,0.0,906
18490,18490,128,128,44,2.9091,337,6,0.0,691
18491,18491,101,101,35,2.8857,18,6,0.0,691
18492,18492,66,66,23,2.8696,343,6,0.0,691
18493,18493,3,3,1,3.0,0,6,0.0,691
18494,18494,84,84,29,2.8966,104,6,0.0,560
18495,18495,0,0,0,0.0,32,6,0.0,658
18496,18496,110,110,38,2.8947,193,6,0.0,693
18497,18497,95,95,33,2.8788,14,6,0.0,568
18498,18498,917,917,317,2.8927,116,6,0.0,693
18499,18499,341,341,118,2.8898,14,6,0.0,723
18500,18500,43,43,15,2.8667,34,6,0.0,723
18501,18501,12,12,4,3.0,0,6,0.0,906
18502,18502,3,3,1,3.0,0,6,0.0,906
18503,18503,255,255,88,2.8977,55,6,0.0,906
18504,18504,0,0,0,0.0,0,6,0.0,671
18505,18505,187,187,65,2.8769,27,6,0.0,532
18506,18506,0,0,0,0.0,243,7,0.0,513
18507,18507,140,140,45,3.1111,6,7,0.0,581
18508,18508,81,81,26,3.1154,3,7,0.0,581
18509,18509,200,200,65,3.0769,8,7,0.0,511
18510,18510,21,21,7,3.0,12,7,0.0,432
18511,18511,3,3,1,3.0,0,7,0.0,511
18512,18512,0,0,0,0.0,0,7,0.0,511
18513,18513,19,19,6,3.1667,0,7,0.0,511
18514,18514,151,151,49,3.0816,19,7,0.0,581
18515,18515,68,62,20,3.1,14,7,0.0,581
18516,18516,68,68,22,3.0909,14,7,0.0,581
18517,18517,130,130,42,3.0952,20,7,0.0,511
18518,18518,49,49,16,3.0625,16,7,0.0,511
18519,18519,127,127,41,3.0976,93,7,0.0,581
18520,18520,1191,1191,386,3.0855,58,7,0.0,575
18521,18521,0,0,0,0.0,454,7,0.0,496
18522,18522,7,7,2,3.5,25,7,0.0,575
18523,18523,0,0,0,0.0,391,7,0.0,513
18524,18524,0,0,0,0.0,51,7,0.0,575
18525,18525,0,0,0,0.0,292,7,0.0,462
18526,18526,0,0,0,0.0,173,7,0.0,462
18527,18527,0,0,0,0.0,249,7,0.0,513
18528,18528,0,0,0,0.0,445,7,0.0,430
18529,18529,0,0,0,0.0,409,7,0.0,430
18530,18530,0,0,0,0.0,76,7,0.0,364
18531,18531,0,0,0,0.0,227,7,0.0,364
18532,18532,262,262,85,3.0824,24,7,0.0,368
18533,18533,0,0,0,0.0,190,7,0.0,756
18534,18534,0,0,0,0.0,0,7,0.0,568
18535,18535,254,254,67,3.791,34,7,0.0,675
18536,18536,281,281,74,3.7973,18,7,0.0,756
18537,18537,0,0,0,0.0,126,7,0.0,645
18538,18538,53,53,14,3.7857,12,7,0.0,756
18539,18539,157,148,39,3.7949,3,7,0.0,759
18540,18540,137,137,36,3.8056,14,7,0.0,759
18541,18541,19,19,5,3.8,62,7,0.0,759
18542,18542,137,137,36,3.8056,15,7,0.0,675
18543,18543,95,95,25,3.8,2,7,0.0,759
18544,18544,69,69,18,3.8333,12,7,0.0,759
18545,18545,99,99,26,3.8077,15,7,0.0,759
18546,18546,19,19,5,3.8,47,7,0.0,759
18547,18547,91,91,24,3.7917,15,7,0.0,759
18548,18548,69,69,18,3.8333,2,7,0.0,759
18549,18549,84,84,22,3.8182,13,7,0.0,759
18550,18550,281,281,74,3.7973,29,7,0.0,759
18551,18551,84,84,28,3.0,16,7,0.0,421
18552,18552,35,35,12,2.9167,17,7,0.0,421
18553,18553,139,139,46,3.0217,17,7,0.0,421
18554,18554,25,25,8,3.125,1,7,0.0,421
18555,18555,84,84,28,3.0,20,7,0.0,421
18556,18556,30,30,10,3.0,1,7,0.0,421
18557,18557,108,108,36,3.0,4,7,0.0,421
18558,18558,0,0,0,0.0,0,7,0.0,421
18559,18559,0,0,0,0.0,0,7,0.0,421
18560,18560,157,157,52,3.0192,31,7,0.0,446
18561,18561,121,121,40,3.025,17,7,0.0,446
18562,18562,58,58,19,3.0526,17,7,0.0,408
18563,18563,58,58,19,3.0526,3,7,0.0,408
18564,18564,121,121,40,3.025,17,7,0.0,408
18565,18565,785,785,260,3.0192,52,7,0.0,408
18566,18566,591,591,196,3.0153,37,7,0.0,408
18567,18567,6,6,2,3.0,0,7,0.0,408
18568,18568,0,0,0,0.0,44,7,0.0,408
18569,18569,0,0,0,0.0,31,7,0.0,408
18570,18570,0,0,0,0.0,77,7,0.0,408
18571,18571,0,0,0,0.0,167,7,0.0,408
18572,18572,142,142,53,2.6792,4,7,0.0,502
18573,18573,155,155,58,2.6724,14,7,0.0,502
18574,18574,81,81,30,2.7,2,7,0.0,502
18575,18575,45,45,17,2.6471,13,7,0.0,502
18576,18576,5,0,0,0.0,94,7,0.0,502
18577,18577,6,6,2,3.0,29,7,0.0,502
18578,18578,48,48,18,2.6667,154,7,0.0,577
18579,18579,164,164,61,2.6885,22,7,0.0,577
18580,18580,133,133,50,2.66,122,7,0.0,592
18581,18581,3,3,1,3.0,0,7,0.0,592
18582,18582,205,205,77,2.6623,6,7,0.0,592
18583,18583,202,202,76,2.6579,6,7,0.0,480
18584,18584,342,342,128,2.6719,34,7,0.0,480
18585,18585,289,289,108,2.6759,22,7,0.0,480
18586,18586,150,150,56,2.6786,18,7,0.0,480
18587,18587,67,67,25,2.68,2,7,0.0,480
18588,18588,160,160,60,2.6667,22,7,0.0,480
18589,18589,812,812,196,4.1429,36,7,0.0,735
18590,18590,425,415,100,4.15,92,7,0.0,779
18591,18591,245,245,59,4.1525,52,7,0.0,678
18592,18592,547,547,132,4.1439,25,7,0.0,678
18593,18593,307,307,74,4.1486,16,7,0.0,678
18594,18594,0,0,0,0.0,291,7,0.0,713
18595,18595,9,9,2,4.5,13,7,0.0,713
18596,18596,162,162,39,4.1538,15,7,0.0,785
18597,18597,194,194,47,4.1277,14,7,0.0,785
18598,18598,210,210,55,3.8182,51,7,0.0,836
18599,18599,99,99,26,3.8077,12,7,0.0,836
18600,18600,23,23,6,3.8333,0,7,0.0,836
18601,18601,0,0,0,0.0,16,7,0.0,831
18602,18602,206,206,54,3.8148,19,7,0.0,831
18603,18603,241,241,63,3.8254,17,7,0.0,831
18604,18604,298,298,78,3.8205,17,7,0.0,917
18605,18605,206,206,54,3.8148,20,7,0.0,885
18606,18606,54,54,14,3.8571,1,7,0.0,885
18607,18607,87,87,23,3.7826,2,7,0.0,885
18608,18608,95,95,25,3.8,14,7,0.0,885
18609,18609,27,27,7,3.8571,11,7,0.0,885
18610,18610,30,30,8,3.75,0,7,0.0,917
18611,18611,95,95,25,3.8,2,7,0.0,917
18612,18612,214,214,56,3.8214,16,7,0.0,917
18613,18613,103,103,27,3.8148,34,7,0.0,917
18614,18614,84,84,22,3.8182,2,7,0.0,885
18615,18615,210,210,55,3.8182,28,7,0.0,942
18616,18616,196,196,51,3.8431,16,7,0.0,885
18617,18617,106,106,28,3.7857,15,7,0.0,885
18618,18618,0,0,0,0.0,87,7,0.0,942
18619,18619,198,198,52,3.8077,4,7,0.0,885
18620,18620,0,0,0,0.0,88,7,0.0,846
18621,18621,102,102,27,3.7778,20,7,0.0,846
18622,18622,153,153,49,3.1224,155,7,0.0,751
18623,18623,72,72,23,3.1304,22,7,0.0,751
18624,18624,231,231,74,3.1216,22,7,0.0,751
18625,18625,0,0,0,0.0,51,7,0.0,790
18626,18626,99,90,29,3.1034,4,7,0.0,824
18627,18627,123,123,39,3.1538,258,7,0.0,824
18628,18628,0,0,0,0.0,100,7,0.0,824
18629,18629,0,0,0,0.0,30,7,0.0,867
18630,18630,0,0,0,0.0,63,7,0.0,867
18631,18631,0,0,0,0.0,40,7,0.0,867
18632,18632,31,31,10,3.1,1,7,0.0,923
18633,18633,3,0,0,0.0,156,7,0.0,867
18634,18634,50,50,16,3.125,20,7,0.0,910
18635,18635,0,0,0,0.0,109,7,0.0,867
18636,18636,9,0,0,0.0,53,7,0.0,910
18637,18637,125,125,42,2.9762,42,7,0.0,910
18638,18638,257,257,82,3.1341,23,7,0.0,958
18639,18639,0,0,0,0.0,23,7,0.0,933
18640,18640,22,22,7,3.1429,21,7,0.0,958
18641,18641,126,126,40,3.15,120,7,0.0,958
18642,18642,0,0,0,0.0,136,7,0.0,933
18643,18643,0,0,0,0.0,26,7,0.0,958
18644,18644,40,40,13,3.0769,24,7,0.0,669
18645,18645,307,307,98,3.1327,26,7,0.0,669
18646,18646,404,404,129,3.1318,21,7,0.0,669
18647,18647,210,210,67,3.1343,23,7,0.0,688
18648,18648,87,87,28,3.1071,19,7,0.0,688
18649,18649,106,106,34,3.1176,5,7,0.0,688
18650,18650,0,0,0,0.0,39,7,0.0,688
18651,18651,100,100,32,3.125,18,7,0.0,688
18652,18652,0,0,0,0.0,65,7,0.0,688
18653,18653,68,0,0,0.0,48,7,0.0,688
18654,18654,0,0,0,0.0,161,7,0.0,688
18655,18655,302,302,91,3.3187,12,7,0.0,1126
18656,18656,115,115,35,3.2857,59,7,0.0,1126
18657,18657,91,91,28,3.25,14,7,0.0,1194
18658,18658,226,226,69,3.2754,30,7,0.0,1126
18659,18659,144,144,44,3.2727,22,7,0.0,1236
18660,18660,127,127,39,3.2564,4,7,0.0,1117
18661,18661,0,0,0,0.0,52,7,0.0,1087
18662,18662,134,134,41,3.2683,15,7,0.0,1087
18663,18663,6,0,0,0.0,56,7,0.0,1087
18664,18664,167,167,51,3.2745,6,7,0.0,1236
18665,18665,202,202,62,3.2581,22,7,0.0,1236
18666,18666,0,0,0,0.0,123,7,0.0,1050
18667,18667,8,0,0,0.0,72,7,0.0,987
18668,18668,0,0,0,0.0,79,7,0.0,1050
18669,18669,668,668,204,3.2745,23,7,0.0,987
18670,18670,108,108,33,3.2727,17,7,0.0,1070
18671,18671,33,33,10,3.3,1,7,0.0,1070
18672,18672,131,131,40,3.275,18,7,0.0,1150
18673,18673,0,0,0,0.0,81,7,0.0,987
18674,18674,53,53,16,3.3125,2,7,0.0,1070
18675,18675,102,102,31,3.2903,387,7,0.0,987
18676,18676,190,190,58,3.2759,27,7,0.0,1006
18677,18677,171,171,52,3.2885,6,7,0.0,1112
18678,18678,750,750,229,3.2751,39,7,0.0,1112
18679,18679,16,16,5,3.2,56,7,0.0,1030
18680,18680,291,291,89,3.2697,24,7,0.0,1030
18681,18681,202,202,62,3.2581,6,7,0.0,1030
18682,18682,49,49,15,3.2667,60,7,0.0,1030
18683,18683,254,254,78,3.2564,22,7,0.0,1030
18684,18684,219,219,67,3.2687,44,7,0.0,1112
18685,18685,150,150,46,3.2609,18,7,0.0,1112
18686,18686,171,171,52,3.2885,50,7,0.0,1164
18687,18687,122,122,37,3.2973,100,7,0.0,1164
18688,18688,34,18,6,3.0,57,7,0.0,998
18689,18689,180,180,59,3.0508,22,7,0.0,1064
18690,18690,74,74,24,3.0833,5,7,0.0,1064
18691,18691,85,85,28,3.0357,17,7,0.0,1064
18692,18692,143,143,47,3.0426,20,7,0.0,1064
18693,18693,52,52,17,3.0588,20,7,0.0,1097
18694,18694,0,0,0,0.0,195,7,0.0,998
18695,18695,95,95,31,3.0645,31,7,0.0,1064
18696,18696,67,67,22,3.0455,4,7,0.0,1097
18697,18697,147,147,48,3.0625,25,7,0.0,1161
18698,18698,0,0,0,0.0,67,7,0.0,1034
18699,18699,6,6,2,3.0,43,7,0.0,1097
18700,18700,0,0,0,0.0,139,7,0.0,1034
18701,18701,12,12,4,3.0,24,7,0.0,1097
18702,18702,138,138,45,3.0667,21,7,0.0,1161
18703,18703,49,49,16,3.0625,3,7,0.0,1249
18704,18704,15,15,5,3.0,12,7,0.0,1337
18705,18705,123,123,40,3.075,19,7,0.0,1249
18706,18706,0,0,0,0.0,115,7,0.0,1337
18707,18707,19,19,6,3.1667,1,7,0.0,1249
18708,18708,10,10,3,3.3333,1,7,0.0,1316
18709,18709,30,30,10,3.0,3,7,0.0,1249
18710,18710,155,155,51,3.0392,24,7,0.0,1216
18711,18711,43,43,14,3.0714,3,7,0.0,1316
18712,18712,101,101,33,3.0606,18,7,0.0,1216
18713,18713,123,123,40,3.075,19,7,0.0,1316
18714,18714,162,162,53,3.0566,43,7,0.0,1235
18715,18715,39,39,13,3.0,3,7,0.0,1235
18716,18716,112,112,37,3.027,6,7,0.0,1235
18717,18717,46,46,15,3.0667,3,7,0.0,1161
18718,18718,15,15,5,3.0,1,7,0.0,1261
18719,18719,3,3,1,3.0,0,7,0.0,1261
18720,18720,74,74,24,3.0833,15,7,0.0,1220
18721,18721,49,49,16,3.0625,21,7,0.0,1143
18722,18722,10,10,3,3.3333,0,7,0.0,1261
18723,18723,0,0,0,0.0,55,7,0.0,1176
18724,18724,492,492,161,3.0559,112,7,0.0,985
18725,18725,779,779,255,3.0549,64,7,0.0,985
18726,18726,217,116,38,3.0526,43,7,0.0,1034
18727,18727,101,101,33,3.0606,6,7,0.0,1143
18728,18728,0,0,0,0.0,28,7,0.0,1143
18729,18729,28,28,9,3.1111,123,7,0.0,1116
18730,18730,183,183,62,2.9516,47,7,0.0,1116
18731,18731,0,0,0,0.0,133,7,0.0,1143
18732,18732,149,149,57,2.614,16,7,0.0,478
18733,18733,44,44,17,2.5882,1,7,0.0,478
18734,18734,76,76,29,2.6207,16,7,0.0,628
18735,18735,26,26,10,2.6,1,7,0.0,524
18736,18736,3,3,1,3.0,0,7,0.0,524
18737,18737,5,5,2,2.5,0,7,0.0,524
18738,18738,24,24,9,2.6667,27,7,0.0,594
18739,18739,0,0,0,0.0,214,7,0.0,574
18740,18740,151,151,58,2.6034,294,7,0.0,574
18741,18741,687,0,0,0.0,482,7,0.0,574
18742,18742,0,0,0,0.0,258,7,0.0,574
18743,18743,44,44,17,2.5882,1,7,0.0,574
18744,18744,238,238,91,2.6154,8,7,0.0,493
18745,18745,611,611,233,2.6223,37,7,0.0,605
18746,18746,99,99,38,2.6053,18,7,0.0,537
18747,18747,84,84,32,2.625,3,7,0.0,605
18748,18748,222,222,85,2.6118,47,7,0.0,605
18749,18749,147,147,56,2.625,18,7,0.0,537
18750,18750,41,41,16,2.5625,1,7,0.0,537
18751,18751,8,8,3,2.6667,0,7,0.0,537
18752,18752,0,0,0,0.0,91,7,0.0,605
18753,18753,39,39,13,3.0,13,7,0.0,700
18754,18754,84,84,28,3.0,17,7,0.0,778
18755,18755,84,84,28,3.0,16,7,0.0,778
18756,18756,3,3,1,3.0,146,7,0.0,700
18757,18757,48,48,16,3.0,14,7,0.0,700
18758,18758,61,61,20,3.05,24,7,0.0,778
18759,18759,73,73,24,3.0417,3,7,0.0,778
18760,18760,0,0,0,0.0,0,7,0.0,700
18761,18761,42,42,14,3.0,2,7,0.0,778
18762,18762,63,63,21,3.0,3,7,0.0,778
18763,18763,63,63,21,3.0,14,7,0.0,778
18764,18764,28,28,9,3.1111,27,7,0.0,778
18765,18765,45,45,15,3.0,2,7,0.0,778
18766,18766,0,0,0,0.0,306,7,0.0,708
18767,18767,0,0,0,0.0,203,7,0.0,762
18768,18768,140,140,46,3.0435,50,7,0.0,855
18769,18769,175,175,58,3.0172,22,7,0.0,855
18770,18770,162,145,48,3.0208,20,7,0.0,855
18771,18771,70,70,23,3.0435,3,7,0.0,855
18772,18772,133,133,44,3.0227,28,7,0.0,855
18773,18773,67,67,22,3.0455,49,7,0.0,855
18774,18774,265,265,88,3.0114,53,7,0.0,965
18775,18775,84,84,28,3.0,16,7,0.0,965
18776,18776,100,100,33,3.0303,16,7,0.0,1041
18777,18777,281,281,93,3.0215,38,7,0.0,1094
18778,18778,184,184,61,3.0164,20,7,0.0,1041
18779,18779,127,127,42,3.0238,21,7,0.0,1094
18780,18780,84,84,28,3.0,16,7,0.0,924
18781,18781,82,82,27,3.037,84,7,0.0,924
18782,18782,33,33,11,3.0,2,7,0.0,778
18783,18783,42,42,14,3.0,2,7,0.0,778
18784,18784,50,45,15,3.0,3,7,0.0,924
18785,18785,60,60,20,3.0,16,7,0.0,778
18786,18786,87,87,29,3.0,22,7,0.0,738
18787,18787,103,103,34,3.0294,21,7,0.0,924
18788,18788,100,100,33,3.0303,17,7,0.0,778
18789,18789,154,154,51,3.0196,34,7,0.0,738
18790,18790,87,87,29,3.0,15,7,0.0,924
18791,18791,93,93,31,3.0,17,7,0.0,738
18792,18792,90,90,30,3.0,17,7,0.0,738
18793,18793,30,30,10,3.0,2,7,0.0,924
18794,18794,73,73,24,3.0417,19,7,0.0,738
18795,18795,2,2,1,2.0,0,6,0.0,229
18796,18796,357,357,161,2.2174,12,6,0.0,183
18797,18797,290,290,131,2.2137,37,6,0.0,180
18798,18798,13,13,6,2.1667,0,6,0.0,180
18799,18799,74,2,1,2.0,256,6,0.0,168
18800,18800,73,73,33,2.2121,14,6,0.0,250
18801,18801,0,0,0,0.0,438,6,0.0,273
18802,18802,364,364,144,2.5278,8,6,0.0,229
18803,18803,0,0,0,0.0,434,6,0.0,273
18804,18804,118,118,53,2.2264,3,6,0.0,229
18805,18805,128,128,58,2.2069,18,6,0.0,229
18806,18806,118,118,53,2.2264,26,6,0.0,250
18807,18807,0,0,0,0.0,0,6,0.0,250
18808,18808,489,489,221,2.2127,53,6,0.0,250
18809,18809,301,301,110,2.7364,47,6,0.0,182
18810,18810,167,167,61,2.7377,20,6,0.0,193
18811,18811,617,617,225,2.7422,70,6,0.0,193
18812,18812,220,220,80,2.75,22,6,0.0,210
18813,18813,197,197,72,2.7361,23,6,0.0,210
18814,18814,231,231,84,2.75,37,6,0.0,210
18815,18815,304,304,111,2.7387,32,6,0.0,210
18816,18816,280,280,102,2.7451,32,6,0.0,232
18817,18817,332,332,121,2.7438,37,6,0.0,232
18818,18818,590,590,215,2.7442,97,6,0.0,211
18819,18819,145,145,53,2.7358,17,6,0.0,232
18820,18820,0,0,0,0.0,217,6,0.0,359
18821,18821,369,369,153,2.4118,18,6,0.0,370
18822,18822,0,0,0,0.0,178,6,0.0,359
18823,18823,603,603,251,2.4024,50,6,0.0,333
18824,18824,193,193,80,2.4125,18,6,0.0,333
18825,18825,411,411,171,2.4035,19,6,0.0,355
18826,18826,221,221,92,2.4022,14,6,0.0,355
18827,18827,191,191,79,2.4177,3,6,0.0,314
18828,18828,221,221,92,2.4022,15,6,0.0,314
18829,18829,118,118,49,2.4082,63,6,0.0,361
18830,18830,186,186,77,2.4156,17,6,0.0,361
18831,18831,507,507,184,2.7554,58,6,0.0,697
18832,18832,0,0,0,0.0,482,6,0.0,697
18833,18833,507,507,184,2.7554,57,6,0.0,697
18834,18834,218,218,79,2.7595,25,6,0.0,697
18835,18835,0,0,0,0.0,243,6,0.0,761
18836,18836,289,289,105,2.7524,36,6,0.0,697
18837,18837,137,137,50,2.74,8,6,0.0,697
18838,18838,564,564,205,2.7512,60,6,0.0,761
18839,18839,531,531,193,2.7513,51,6,0.0,761
18840,18840,60,60,22,2.7273,4,6,0.0,659
18841,18841,50,50,18,2.7778,3,6,0.0,659
18842,18842,1164,1164,474,2.4557,41,6,0.0,298
18843,18843,265,265,108,2.4537,31,6,0.0,260
18844,18844,240,240,98,2.449,55,6,0.0,293
18845,18845,524,524,213,2.4601,48,6,0.0,260
18846,18846,407,407,166,2.4518,35,6,0.0,260
18847,18847,268,268,109,2.4587,61,6,0.0,293
18848,18848,0,0,0,0.0,0,6,0.0,635
18849,18849,0,0,0,0.0,0,6,0.0,763
18850,18850,0,0,0,0.0,0,6,0.0,763
18851,18851,7,7,3,2.3333,12,6,0.0,335
18852,18852,25,25,10,2.5,0,6,0.0,763
18853,18853,160,160,66,2.4242,168,6,0.0,763
18854,18854,0,0,0,0.0,318,6,0.0,635
18855,18855,379,379,156,2.4295,120,6,0.0,797
18856,18856,0,0,0,0.0,669,6,0.0,861
18857,18857,36,2,1,2.0,158,6,0.0,394
18858,18858,2,2,1,2.0,566,6,0.0,461
18859,18859,0,0,0,0.0,160,6,0.0,635
18860,18860,0,0,0,0.0,871,6,0.0,461
18861,18861,0,0,0,0.0,367,6,0.0,881
18862,18862,0,0,0,0.0,441,6,0.0,516
18863,18863,0,0,0,0.0,794,6,7.137,461
18864,18864,0,0,0,0.0,0,6,0.0,881
18865,18865,0,0,0,0.0,674,6,0.0,585
18866,18866,0,0,0,0.0,1514,6,0.0,775
18867,18867,0,0,0,0.0,486,6,0.0,896
18868,18868,0,0,0,0.0,784,6,0.0,858
18869,18869,0,0,0,0.0,1063,6,0.0,716
18870,18870,0,0,0,0.0,0,6,7.147,516
18871,18871,0,0,0,0.0,1177,6,0.0,971
18872,18872,0,0,0,0.0,0,6,0.0,387
18873,18873,247,247,89,2.7753,62,6,0.0,313
18874,18874,452,452,163,2.773,47,6,0.0,313
18875,18875,318,318,114,2.7895,92,6,0.0,293
18876,18876,265,265,96,2.7604,54,6,0.0,659
18877,18877,233,233,85,2.7412,26,6,0.0,804
18878,18878,275,275,100,2.75,38,6,0.0,659
18879,18879,0,0,0,0.0,0,6,0.0,527
18880,18880,240,240,87,2.7586,35,6,0.0,659
18881,18881,3,3,1,3.0,0,6,0.0,527
18882,18882,154,154,84,1.8333,19,6,0.0,595
18883,18883,137,137,75,1.8267,19,6,0.0,595
18884,18884,294,294,161,1.8261,17,6,0.0,512
18885,18885,291,291,159,1.8302,4,6,0.0,512
18886,18886,35,35,19,1.8421,11,6,0.0,512
18887,18887,672,672,368,1.8261,35,6,0.0,595
18888,18888,135,135,74,1.8243,16,6,0.0,595
18889,18889,617,617,337,1.8309,23,6,0.0,512
18890,18890,278,278,152,1.8289,4,6,0.0,512
18891,18891,431,431,236,1.8263,17,6,0.0,512
18892,18892,362,362,199,1.8191,16,6,0.0,512
18893,18893,195,195,86,2.2674,31,6,0.0,490
18894,18894,288,288,128,2.25,35,6,0.0,490
18895,18895,391,391,173,2.2601,52,6,0.0,490
18896,18896,21,21,9,2.3333,10,6,0.0,662
18897,18897,500,500,221,2.2624,40,6,0.0,507
18898,18898,298,298,132,2.2576,25,6,0.0,507
18899,18899,326,159,70,2.2714,76,6,0.0,507
18900,18900,212,212,94,2.2553,6,6,0.0,412
18901,18901,753,753,333,2.2613,60,6,0.0,412
18902,18902,217,207,63,3.2857,30,7,0.0,1155
18903,18903,76,66,20,3.3,15,7,0.0,1211
18904,18904,53,53,16,3.3125,16,7,0.0,1095
18905,18905,178,178,54,3.2963,28,7,0.0,1135
18906,18906,104,100,30,3.3333,166,7,0.0,1211
18907,18907,158,158,48,3.2917,22,7,0.0,1211
18908,18908,79,79,24,3.2917,15,7,0.0,1211
18909,18909,181,181,55,3.2909,30,7,0.0,1224
18910,18910,49,49,15,3.2667,32,7,0.0,1273
18911,18911,0,0,0,0.0,0,7,0.0,1222
18912,18912,0,0,0,0.0,435,7,0.0,1222
18913,18913,0,0,0,0.0,0,7,0.0,1304
18914,18914,130,130,39,3.3333,17,7,0.0,1304
18915,18915,383,383,116,3.3017,118,7,0.0,1304
18916,18916,10,10,3,3.3333,164,7,0.0,1269
18917,18917,142,142,43,3.3023,23,7,0.0,1304
18918,18918,20,20,6,3.3333,16,7,0.0,1321
18919,18919,20,20,6,3.3333,38,7,0.0,1321
18920,18920,219,219,66,3.3182,24,7,0.0,1321
18921,18921,33,33,10,3.3,1,7,0.0,1352
18922,18922,114,114,35,3.2571,3,7,0.0,1352
18923,18923,97,97,30,3.2333,2,7,0.0,1424
18924,18924,23,23,7,3.2857,13,7,0.0,1519
18925,18925,26,26,8,3.25,13,7,0.0,1575
18926,18926,0,0,0,0.0,0,7,0.0,1519
18927,18927,432,432,133,3.2481,22,7,0.0,1424
18928,18928,85,85,26,3.2692,54,7,0.0,1426
18929,18929,82,82,25,3.28,14,7,0.0,1426
18930,18930,0,0,0,0.0,0,7,0.0,1575
18931,18931,212,212,65,3.2615,28,7,0.0,1426
18932,18932,219,219,67,3.2687,35,7,0.0,1353
18933,18933,0,0,0,0.0,0,7,0.0,1535
18934,18934,331,331,102,3.2451,25,7,0.0,1426
18935,18935,0,0,0,0.0,113,7,0.0,1365
18936,18936,0,0,0,0.0,0,7,0.0,1535
18937,18937,3,3,1,3.0,159,7,0.0,1365
18938,18938,0,0,0,0.0,0,7,0.0,1426
18939,18939,53,53,22,2.4091,29,7,0.0,996
18940,18940,84,84,35,2.4,16,7,0.0,1044
18941,18941,48,48,20,2.4,14,7,0.0,740
18942,18942,10,10,4,2.5,0,7,0.0,886
18943,18943,92,92,39,2.359,15,7,0.0,1044
18944,18944,279,279,117,2.3846,21,7,0.0,869
18945,18945,33,33,14,2.3571,1,7,0.0,869
18946,18946,27,27,11,2.4545,0,7,0.0,1044
18947,18947,74,74,31,2.3871,2,7,0.0,1044
18948,18948,247,247,104,2.375,25,7,0.0,869
18949,18949,741,741,311,2.3826,174,7,0.0,1122
18950,18950,45,45,19,2.3684,228,7,0.0,1205
18951,18951,751,751,315,2.3841,60,7,0.0,1122
18952,18952,0,0,0,0.0,431,7,0.0,1205
18953,18953,147,147,62,2.371,90,7,0.0,869
18954,18954,209,209,88,2.375,19,7,0.0,967
18955,18955,181,181,76,2.3816,6,7,0.0,967
18956,18956,519,519,214,2.4252,38,7,0.0,1020
18957,18957,256,256,106,2.4151,27,7,0.0,1020
18958,18958,410,410,169,2.426,34,7,0.0,1121
18959,18959,112,112,46,2.4348,4,7,0.0,1020
18960,18960,252,252,104,2.4231,20,7,0.0,919
18961,18961,797,797,328,2.4299,89,7,0.0,1121
18962,18962,157,157,60,2.6167,14,7,0.0,1121
18963,18963,322,322,133,2.4211,29,7,0.0,1121
18964,18964,0,0,0,0.0,0,7,0.0,1096
18965,18965,0,0,0,0.0,364,7,0.0,1096
18966,18966,475,475,195,2.4359,55,7,0.0,938
18967,18967,0,0,0,0.0,602,7,0.0,938
18968,18968,0,0,0,0.0,869,7,0.0,1096
18969,18969,0,0,0,0.0,2023,7,0.0,938
18970,18970,0,0,0,0.0,184,6,8.909,593
18971,18971,317,317,125,2.536,336,6,0.0,593
18972,18972,0,0,0,0.0,781,6,7.578,520
18973,18973,436,390,130,3.0,693,6,0.0,621
18974,18974,288,288,96,3.0,34,6,0.0,621
18975,18975,369,369,123,3.0,42,6,0.0,621
18976,18976,246,246,82,3.0,90,6,0.0,621
18977,18977,0,0,0,0.0,0,6,0.0,495
18978,18978,0,0,0,0.0,180,6,0.0,749
18979,18979,267,267,89,3.0,43,6,0.0,621
18980,18980,124,121,40,3.025,257,6,0.0,495
18981,18981,267,267,89,3.0,35,6,0.0,567
18982,18982,267,267,89,3.0,29,6,0.0,621
18983,18983,207,207,69,3.0,77,6,0.0,567
18984,18984,282,282,94,3.0,18,6,0.0,721
18985,18985,408,408,136,3.0,54,6,0.0,604
18986,18986,167,167,56,2.9821,45,6,0.0,495
18987,18987,319,319,106,3.0094,49,6,0.0,509
18988,18988,523,523,174,3.0057,58,6,0.0,907
18989,18989,468,468,156,3.0,55,6,0.0,721
18990,18990,186,186,62,3.0,30,6,0.0,580
18991,18991,109,109,36,3.0278,20,6,0.0,580
18992,18992,564,564,188,3.0,61,6,0.0,509
18993,18993,702,702,234,3.0,68,6,0.0,721
18994,18994,102,102,34,3.0,17,6,0.0,580
18995,18995,177,177,59,3.0,22,6,0.0,580
18996,18996,285,285,99,2.8788,32,6,0.0,909
18997,18997,1126,1126,392,2.8724,98,6,0.0,909
18998,18998,251,251,88,2.8523,40,6,0.0,1075
18999,18999,273,273,95,2.8737,28,6,0.0,909
19000,19000,329,329,114,2.886,36,6,0.0,909
19001,19001,178,178,62,2.871,29,6,0.0,909
19002,19002,250,250,87,2.8736,23,6,0.0,909
19003,19003,241,241,84,2.869,28,6,0.0,1007
19004,19004,144,144,50,2.88,17,6,0.0,1007
19005,19005,65,65,23,2.8261,15,6,0.0,1089
19006,19006,12,12,4,3.0,34,6,0.0,1089
19007,19007,182,182,64,2.8438,21,6,0.0,1089
19008,19008,60,60,21,2.8571,14,6,0.0,1055
19009,19009,51,51,18,2.8333,17,6,0.0,1089
19010,19010,110,110,38,2.8947,5,6,0.0,1055
19011,19011,46,46,16,2.875,13,6,0.0,1089
19012,19012,189,189,66,2.8636,21,6,0.0,856
19013,19013,141,141,49,2.8776,6,6,0.0,937
19014,19014,303,303,105,2.8857,30,6,0.0,907
19015,19015,503,503,175,2.8743,47,6,0.0,907
19016,19016,460,460,160,2.875,44,6,0.0,907
19017,19017,355,355,144,2.4653,38,6,0.0,505
19018,19018,59,59,24,2.4583,16,6,0.0,710
19019,19019,68,68,28,2.4286,28,6,0.0,710
19020,19020,0,0,0,0.0,0,6,0.0,710
19021,19021,149,149,61,2.4426,19,6,0.0,710
19022,19022,133,133,54,2.463,24,6,0.0,710
19023,19023,135,135,52,2.5962,22,6,0.0,786
19024,19024,139,139,54,2.5741,33,6,0.0,786
19025,19025,99,99,38,2.6053,20,6,0.0,644
19026,19026,399,399,154,2.5909,46,6,0.0,644
19027,19027,791,791,305,2.5934,89,6,0.0,644
19028,19028,482,482,186,2.5914,86,6,0.0,786
19029,19029,270,270,104,2.5962,44,6,0.0,786
19030,19030,493,493,190,2.5947,71,6,0.0,786
19031,19031,144,144,59,2.4407,29,6,0.0,1055
19032,19032,172,172,70,2.4571,22,6,0.0,1055
19033,19033,187,187,76,2.4605,38,6,0.0,1055
19034,19034,109,109,44,2.4773,29,6,0.0,960
19035,19035,0,0,0,0.0,0,6,0.0,932
19036,19036,232,232,97,2.3918,43,6,0.0,932
19037,19037,1375,1375,574,2.3955,251,6,0.0,668
19038,19038,265,265,111,2.3874,65,6,0.0,932
19039,19039,236,236,99,2.3838,36,6,0.0,668
19040,19040,189,189,79,2.3924,41,6,0.0,1088
19041,19041,262,262,110,2.3818,44,6,0.0,932
19042,19042,790,790,330,2.3939,99,6,0.0,932
19043,19043,587,587,245,2.3959,105,6,0.0,932
19044,19044,328,328,109,3.0092,56,6,0.0,642
19045,19045,0,0,0,0.0,0,6,0.0,642
19046,19046,352,352,117,3.0085,40,6,0.0,642
19047,19047,214,214,71,3.0141,34,6,0.0,642
19048,19048,364,364,121,3.0083,45,6,0.0,642
19049,19049,249,249,83,3.0,34,6,0.0,642
19050,19050,0,0,0,0.0,0,6,0.0,183
19051,19051,87,87,39,2.2308,15,6,0.0,250
19052,19052,0,0,0,0.0,66,6,0.0,250
19053,19053,134,134,49,2.7347,18,6,0.0,182
19054,19054,195,195,71,2.7465,32,6,0.0,182
19055,19055,125,125,46,2.7174,48,6,0.0,193
19056,19056,44,44,16,2.75,2,6,0.0,232
19057,19057,408,408,149,2.7383,99,6,0.0,211
19058,19058,220,220,80,2.75,42,6,0.0,232
19059,19059,0,0,0,0.0,185,6,0.0,359
19060,19060,0,0,0,0.0,158,6,0.0,288
19061,19061,0,0,0,0.0,86,6,0.0,315
19062,19062,0,0,0,0.0,361,6,0.0,285
19063,19063,0,0,0,0.0,186,6,0.0,285
19064,19064,420,186,77,2.4156,210,6,0.0,303
19065,19065,159,159,66,2.4091,28,6,0.0,303
19066,19066,293,293,122,2.4016,16,6,0.0,314
19067,19067,32,32,13,2.4615,0,6,0.0,355
19068,19068,324,324,135,2.4,21,6,0.0,314
19069,19069,0,0,0,0.0,31,6,0.0,761
19070,19070,0,0,0,0.0,0,6,0.0,260
19071,19071,27,27,11,2.4545,0,6,0.0,397
19072,19072,25,25,10,2.5,0,6,0.0,763
19073,19073,0,0,0,0.0,0,6,0.0,516
19074,19074,187,187,76,2.4605,26,6,0.0,394
19075,19075,106,106,43,2.4651,19,6,0.0,394
19076,19076,0,0,0,0.0,0,6,0.0,461
19077,19077,96,96,39,2.4615,14,6,0.0,394
19078,19078,0,0,0,0.0,295,6,0.0,861
19079,19079,0,0,0,0.0,266,6,0.0,861
19080,19080,0,0,0,0.0,129,6,0.0,797
19081,19081,0,0,0,0.0,489,6,0.0,704
19082,19082,0,0,0,0.0,562,6,0.0,881
19083,19083,0,0,0,0.0,514,6,0.0,461
19084,19084,0,0,0,0.0,0,6,0.0,585
19085,19085,0,0,0,0.0,181,6,0.0,516
19086,19086,0,0,0,0.0,616,6,0.0,585
19087,19087,0,0,0,0.0,640,6,0.0,602
19088,19088,0,0,0,0.0,764,6,0.0,602
19089,19089,270,270,97,2.7835,132,6,0.0,313
19090,19090,0,0,0,0.0,0,6,0.0,387
19091,19091,0,0,0,0.0,0,6,0.0,293
19092,19092,0,0,0,0.0,0,6,0.0,387
19093,19093,0,0,0,0.0,0,6,0.0,387
19094,19094,375,375,135,2.7778,38,6,0.0,293
19095,19095,0,0,0,0.0,116,6,0.0,387
19096,19096,165,165,60,2.75,22,6,0.0,659
19097,19097,0,0,0,0.0,0,6,0.0,804
19098,19098,165,165,60,2.75,11,6,0.0,659
19099,19099,0,0,0,0.0,0,6,0.0,397
19100,19100,267,267,97,2.7526,41,6,0.0,659
19101,19101,0,0,0,0.0,0,6,0.0,659
19102,19102,0,0,0,0.0,34,6,0.0,804
19103,19103,0,0,0,0.0,0,6,0.0,763
19104,19104,0,0,0,0.0,0,6,0.0,397
19105,19105,0,0,0,0.0,0,6,0.0,527
19106,19106,3,3,1,3.0,12,6,0.0,397
19107,19107,0,0,0,0.0,0,6,0.0,394
19108,19108,17,17,6,2.8333,1,6,0.0,397
19109,19109,44,44,24,1.8333,0,6,0.0,512
19110,19110,116,116,63,1.8413,14,6,0.0,595
19111,19111,163,163,89,1.8315,30,6,0.0,595
19112,19112,170,170,93,1.828,24,6,0.0,595
19113,19113,77,77,42,1.8333,13,6,0.0,512
19114,19114,40,40,22,1.8182,0,6,0.0,512
19115,19115,108,108,59,1.8305,14,6,0.0,512
19116,19116,69,69,38,1.8158,17,6,0.0,512
19117,19117,65,46,20,2.3,18,6,0.0,544
19118,19118,55,55,25,2.2,31,6,0.0,544
19119,19119,171,171,76,2.25,19,6,0.0,490
19120,19120,0,0,0,0.0,206,6,0.0,609
19121,19121,21,21,9,2.3333,12,6,0.0,544
19122,19122,0,0,0,0.0,0,6,0.0,662
19123,19123,0,0,0,0.0,244,6,0.0,609
19124,19124,251,251,111,2.2613,22,6,0.0,507
19125,19125,21,21,9,2.3333,0,6,0.0,415
19126,19126,16,16,7,2.2857,17,6,0.0,415
19127,19127,0,0,0,0.0,0,6,0.0,415
19128,19128,57,57,26,2.1923,1,6,0.0,412
19129,19129,144,144,64,2.25,3,6,0.0,412
19130,19130,115,115,51,2.2549,29,6,0.0,412
19131,19131,85,85,38,2.2368,15,6,0.0,412
19132,19132,25,25,11,2.2727,0,6,0.0,412
19133,19133,0,0,0,0.0,28,7,0.0,1155
19134,19134,90,90,27,3.3333,20,7,0.0,1135
19135,19135,0,0,0,0.0,27,7,0.0,1095
19136,19136,37,37,11,3.3636,16,7,0.0,1135
19137,19137,109,109,33,3.303,16,7,0.0,1135
19138,19138,148,148,45,3.2889,19,7,0.0,1135
19139,19139,103,103,31,3.3226,17,7,0.0,1135
19140,19140,73,73,22,3.3182,15,7,0.0,1211
19141,19141,165,165,50,3.3,22,7,0.0,1135
19142,19142,48,43,13,3.3077,250,7,0.0,1273
19143,19143,199,199,60,3.3167,57,7,0.0,1273
19144,19144,832,832,253,3.2885,80,7,0.0,1144
19145,19145,23,23,7,3.2857,1,7,0.0,1224
19146,19146,0,0,0,0.0,137,7,0.0,1222
19147,19147,0,0,0,0.0,0,7,0.0,1224
19148,19148,7,7,2,3.5,511,7,0.0,1222
19149,19149,100,100,30,3.3333,37,7,0.0,1304
19150,19150,20,20,6,3.3333,1,7,0.0,1304
19151,19151,165,165,50,3.3,33,7,0.0,1304
19152,19152,212,212,65,3.2615,25,7,0.0,1352
19153,19153,174,174,54,3.2222,30,7,0.0,1289
19154,19154,201,201,62,3.2419,38,7,0.0,1352
19155,19155,134,134,41,3.2683,19,7,0.0,1254
19156,19156,111,111,34,3.2647,21,7,0.0,1352
19157,19157,75,75,23,3.2609,13,7,0.0,1352
19158,19158,98,98,30,3.2667,15,7,0.0,1352
19159,19159,114,114,35,3.2571,25,7,0.0,1254
19160,19160,111,111,34,3.2647,26,7,0.0,1352
19161,19161,328,328,101,3.2475,29,7,0.0,1254
19162,19162,64,64,20,3.2,22,7,0.0,1352
19163,19163,121,121,37,3.2703,20,7,0.0,1285
19164,19164,108,108,33,3.2727,3,7,0.0,1352
19165,19165,101,101,31,3.2581,31,7,0.0,1285
19166,19166,208,208,64,3.25,26,7,0.0,1352
19167,19167,13,13,4,3.25,87,7,0.0,1285
19168,19168,101,101,31,3.2581,14,7,0.0,1519
19169,19169,55,55,17,3.2353,12,7,0.0,1519
19170,19170,95,95,29,3.2759,13,7,0.0,1424
19171,19171,148,148,46,3.2174,4,7,0.0,1424
19172,19172,104,104,32,3.25,14,7,0.0,1424
19173,19173,88,88,27,3.2593,19,7,0.0,1424
19174,19174,7,7,2,3.5,0,7,0.0,1424
19175,19175,719,719,221,3.2534,42,7,0.0,1353
19176,19176,36,36,11,3.2727,1,7,0.0,1426
19177,19177,0,0,0,0.0,0,7,0.0,1426
19178,19178,3,3,1,3.0,65,7,0.0,1384
19179,19179,99,99,42,2.3571,16,7,0.0,996
19180,19180,24,24,10,2.4,13,7,0.0,886
19181,19181,113,113,47,2.4043,122,7,0.0,886
19182,19182,17,17,7,2.4286,15,7,0.0,738
19183,19183,41,41,17,2.4118,12,7,0.0,886
19184,19184,5,5,2,2.5,13,7,0.0,662
19185,19185,14,14,6,2.3333,12,7,0.0,740
19186,19186,14,14,6,2.3333,18,7,0.0,662
19187,19187,3,3,1,3.0,0,7,0.0,740
19188,19188,53,53,22,2.4091,16,7,0.0,1044
19189,19189,19,19,8,2.375,0,7,0.0,819
19190,19190,27,27,11,2.4545,17,7,0.0,740
19191,19191,0,0,0,0.0,0,7,0.0,819
19192,19192,0,0,0,0.0,0,7,0.0,662
19193,19193,12,12,5,2.4,0,7,0.0,886
19194,19194,96,96,40,2.4,23,7,0.0,886
19195,19195,57,0,0,0.0,83,7,0.0,709
19196,19196,2,2,1,2.0,0,7,0.0,740
19197,19197,0,0,0,0.0,26,7,0.0,709
19198,19198,2,2,1,2.0,0,7,0.0,740
19199,19199,0,0,0,0.0,0,7,0.0,1044
19200,19200,666,666,280,2.3786,68,7,0.0,770
19201,19201,0,0,0,0.0,0,7,0.0,740
19202,19202,7,7,3,2.3333,0,7,0.0,740
19203,19203,112,112,47,2.383,133,7,0.0,770
19204,19204,204,204,86,2.3721,16,7,0.0,869
19205,19205,90,90,38,2.3684,3,7,0.0,1044
19206,19206,74,74,31,2.3871,3,7,0.0,1044
19207,19207,209,209,88,2.375,18,7,0.0,1122
19208,19208,196,196,82,2.3902,16,7,0.0,869
19209,19209,88,88,37,2.3784,113,7,0.0,967
19210,19210,496,496,208,2.3846,60,7,0.0,869
19211,19211,219,219,92,2.3804,7,7,0.0,967
19212,19212,998,998,419,2.3819,77,7,0.0,967
19213,19213,121,71,29,2.4483,29,7,0.0,1186
19214,19214,276,276,114,2.4211,32,7,0.0,919
19215,19215,25,25,10,2.5,1,7,0.0,1036
19216,19216,81,81,33,2.4545,13,7,0.0,1121
19217,19217,54,54,22,2.4545,13,7,0.0,919
19218,19218,0,0,0,0.0,0,7,0.0,919
19219,19219,22,22,9,2.4444,20,7,0.0,1121
19220,19220,51,51,21,2.4286,3,7,0.0,919
19221,19221,0,0,0,0.0,0,7,0.0,1036
19222,19222,711,711,293,2.4266,62,7,0.0,905
19223,19223,12,12,5,2.4,326,7,0.0,1186
19224,19224,0,0,0,0.0,28,7,0.0,1036
19225,19225,0,0,0,0.0,0,7,0.0,905
19226,19226,0,0,0,0.0,0,7,0.0,938
19227,19227,0,0,0,0.0,709,6,0.0,593
19228,19228,0,0,0,0.0,22,6,7.798,520
19229,19229,69,69,23,3.0,75,6,0.0,621
19230,19230,57,57,19,3.0,17,6,0.0,604
19231,19231,786,786,262,3.0,78,6,0.0,509
19232,19232,3,3,1,3.0,273,6,0.0,509
19233,19233,116,116,40,2.9,21,6,0.0,1007
19234,19234,52,52,18,2.8889,25,6,0.0,1007
19235,19235,152,152,53,2.8679,24,6,0.0,1055
19236,19236,0,0,0,0.0,366,6,0.0,727
19237,19237,0,0,0,0.0,314,6,0.0,727
19238,19238,0,0,0,0.0,0,6,0.0,749
19239,19239,216,216,75,2.88,24,6,0.0,832
19240,19240,190,190,66,2.8788,38,6,0.0,832
19241,19241,0,0,0,0.0,112,6,0.0,937
19242,19242,12,12,4,3.0,28,6,0.0,937
19243,19243,0,0,0,0.0,0,6,0.0,749
19244,19244,166,166,58,2.8621,53,6,0.0,856
19245,19245,95,95,33,2.8788,44,6,0.0,856
19246,19246,3,3,1,3.0,0,6,0.0,856
19247,19247,121,121,42,2.881,21,6,0.0,856
19248,19248,90,90,31,2.9032,16,6,0.0,856
19249,19249,169,169,59,2.8644,56,6,0.0,907
19250,19250,241,241,84,2.869,23,6,0.0,907
19251,19251,32,32,13,2.4615,2,6,0.0,538
19252,19252,17,17,7,2.4286,1,6,0.0,538
19253,19253,76,76,31,2.4516,17,6,0.0,710
19254,19254,199,199,81,2.4568,381,6,0.0,488
19255,19255,7,7,3,2.3333,11,6,0.0,538
19256,19256,20,20,8,2.5,13,6,0.0,538
19257,19257,26,26,10,2.6,22,6,0.0,644
19258,19258,32,32,13,2.4615,14,6,0.0,538
19259,19259,222,222,86,2.5814,35,6,0.0,644
19260,19260,643,643,248,2.5927,69,6,0.0,644
19261,19261,285,285,116,2.4569,32,6,0.0,538
19262,19262,45,45,18,2.5,3,6,0.0,710
19263,19263,130,130,50,2.6,120,6,0.0,786
19264,19264,122,122,47,2.5957,23,6,0.0,786
19265,19265,216,216,84,2.5714,37,6,0.0,786
19266,19266,0,0,0,0.0,0,6,0.0,960
19267,19267,283,283,115,2.4609,34,6,0.0,960
19268,19268,114,114,46,2.4783,26,6,0.0,960
19269,19269,96,96,39,2.4615,20,6,0.0,1055
19270,19270,84,84,34,2.4706,16,6,0.0,960
19271,19271,66,66,27,2.4444,17,6,0.0,960
19272,19272,59,59,24,2.4583,14,6,0.0,960
19273,19273,69,69,28,2.4643,14,6,0.0,960
19274,19274,144,144,59,2.4407,22,6,0.0,960
19275,19275,89,89,36,2.4722,16,6,0.0,960
19276,19276,0,0,0,0.0,0,6,0.0,960
19277,19277,621,621,259,2.3977,80,6,0.0,668
19278,19278,4,0,0,0.0,438,6,0.0,485
19279,19279,223,223,93,2.3978,49,6,0.0,932
19280,19280,301,301,100,3.01,59,6,0.0,642
19281,19281,286,286,95,3.0105,36,6,0.0,642
19282,19282,180,180,60,3.0,24,6,0.0,642
19283,19283,255,255,85,3.0,162,6,0.0,642
19284,19284,349,349,126,2.7698,50,6,0.0,805
19285,19285,186,186,67,2.7761,33,6,0.0,591
19286,19286,276,276,100,2.76,41,6,0.0,805
19287,19287,337,337,121,2.7851,45,6,0.0,805
19288,19288,28,28,10,2.8,2,6,0.0,591
19289,19289,55,55,20,2.75,3,6,0.0,591
19290,19290,352,352,127,2.7717,56,6,0.0,591
19291,19291,349,349,126,2.7698,145,6,0.0,805
19292,19292,192,192,69,2.7826,24,6,0.0,805
19293,19293,280,280,101,2.7723,70,6,0.0,591
19294,19294,236,236,85,2.7765,77,6,0.0,591
19295,19295,223,223,80,2.7875,32,6,0.0,508
19296,19296,230,230,83,2.7711,38,6,0.0,591
19297,19297,188,188,68,2.7647,26,6,0.0,591
19298,19298,305,305,110,2.7727,37,6,0.0,591
19299,19299,0,0,0,0.0,99,7,0.0,1260
19300,19300,513,513,177,2.8983,37,7,0.0,1260
19301,19301,66,66,23,2.8696,24,7,0.0,1260
19302,19302,697,697,242,2.8802,13,7,0.0,1226
19303,19303,132,132,46,2.8696,21,7,0.0,1260
19304,19304,90,90,31,2.9032,21,7,0.0,1231
19305,19305,76,76,26,2.9231,12,7,0.0,1292
19306,19306,113,113,39,2.8974,2,7,0.0,1231
19307,19307,47,47,16,2.9375,1,7,0.0,1231
19308,19308,25,25,9,2.7778,0,7,0.0,1292
19309,19309,0,0,0,0.0,1593,7,0.0,1201
19310,19310,0,0,0,0.0,939,7,0.0,1201
19311,19311,0,0,0,0.0,1184,7,0.0,1152
19312,19312,0,0,0,0.0,499,7,0.0,1063
19313,19313,6,6,2,3.0,380,7,0.0,1172
19314,19314,0,0,0,0.0,875,7,0.0,1172
19315,19315,0,0,0,0.0,406,7,0.0,955
19316,19316,0,0,0,0.0,724,7,0.0,1085
19317,19317,0,0,0,0.0,578,7,0.0,997
19318,19318,0,0,0,0.0,257,7,0.0,1085
19319,19319,0,0,0,0.0,196,7,0.0,1059
19320,19320,51,51,18,2.8333,47,7,0.0,1329
19321,19321,0,0,0,0.0,425,7,0.0,1384
19322,19322,318,318,94,3.383,20,7,0.0,1358
19323,19323,335,335,99,3.3838,36,7,0.0,1384
19324,19324,514,514,152,3.3816,84,7,0.0,1402
19325,19325,1262,1262,374,3.3743,97,7,0.0,1402
19326,19326,101,101,30,3.3667,79,7,0.0,1402
19327,19327,741,729,199,3.6633,72,7,0.0,1326
19328,19328,661,661,180,3.6722,66,7,0.0,1389
19329,19329,271,271,74,3.6622,31,7,0.0,1314
19330,19330,770,770,210,3.6667,88,7,0.0,1380
19331,19331,0,0,0,0.0,17,7,0.0,1380
19332,19332,47,30,8,3.75,57,7,0.0,1360
19333,19333,293,293,80,3.6625,33,7,0.0,1253
19334,19334,0,0,0,0.0,42,7,0.0,1380
19335,19335,117,113,31,3.6452,26,7,0.0,1360
19336,19336,312,312,85,3.6706,35,7,0.0,1360
19337,19337,0,0,0,0.0,121,7,0.0,1360
19338,19338,205,205,56,3.6607,26,7,0.0,1341
19339,19339,392,392,154,2.5455,49,7,0.0,1241
19340,19340,260,260,102,2.549,32,7,0.0,1241
19341,19341,425,425,167,2.5449,26,7,0.0,1241
19342,19342,194,194,76,2.5526,77,7,0.0,1333
19343,19343,102,102,40,2.55,6,7,0.0,1333
19344,19344,444,444,174,2.5517,69,7,0.0,1333
19345,19345,1268,1268,498,2.5462,98,7,0.0,1302
19346,19346,3,3,1,3.0,118,7,0.0,1302
19347,19347,113,113,45,2.5111,28,7,0.0,1239
19348,19348,531,531,208,2.5529,47,7,0.0,1286
19349,19349,230,230,90,2.5556,30,7,0.0,1134
19350,19350,309,309,121,2.5537,46,7,0.0,1134
19351,19351,177,177,69,2.5652,45,7,0.0,1247
19352,19352,69,69,27,2.5556,17,7,0.0,1193
19353,19353,174,174,68,2.5588,11,7,0.0,1193
19354,19354,10,10,3,3.3333,46,7,0.0,2015
19355,19355,72,72,22,3.2727,41,7,0.0,2015
19356,19356,27,27,8,3.375,12,7,0.0,1575
19357,19357,1023,1023,312,3.2788,86,7,0.0,1535
19358,19358,367,367,112,3.2768,87,7,0.0,1794
19359,19359,1052,1052,321,3.2773,136,7,0.0,1535
19360,19360,765,765,233,3.2833,51,7,0.0,1422
19361,19361,485,485,148,3.277,42,7,0.0,1466
19362,19362,0,0,0,0.0,0,7,0.833,1770
19363,19363,467,467,142,3.2887,34,7,0.0,1770
19364,19364,0,0,0,0.0,301,7,0.0,1770
19365,19365,0,0,0,0.0,45,7,0.431,1466
19366,19366,601,601,163,3.6871,52,7,0.0,1535
19367,19367,446,446,121,3.686,52,7,0.0,1535
19368,19368,79,79,23,3.4348,16,7,0.942,1531
19369,19369,288,288,83,3.4699,30,7,0.428,1531
19370,19370,0,0,0,0.0,1978,7,0.294,1552
19371,19371,205,205,59,3.4746,7,7,0.369,1662
19372,19372,360,360,104,3.4615,26,7,0.0,1880
19373,19373,170,170,49,3.4694,21,7,0.675,1793
19374,19374,971,971,280,3.4679,57,7,0.0,1793
19375,19375,201,201,58,3.4655,21,7,0.0,1880
19376,19376,163,163,47,3.4681,66,7,0.582,1662
19377,19377,242,242,70,3.4571,39,7,0.615,1793
19378,19378,166,166,48,3.4583,6,7,0.0,1793
19379,19379,9,0,0,0.0,130,7,0.0,2116
19380,19380,26,26,10,2.6,12,7,0.0,2116
19381,19381,39,39,15,2.6,12,7,0.0,2116
19382,19382,18,18,7,2.5714,54,7,0.0,2116
19383,19383,52,52,20,2.6,15,7,0.0,2116
19384,19384,122,122,47,2.5957,23,7,0.0,2116
19385,19385,364,364,141,2.5816,42,7,0.0,2060
19386,19386,529,529,205,2.5805,147,7,0.0,2060
19387,19387,239,239,93,2.5699,27,7,0.0,1999
19388,19388,263,263,102,2.5784,51,7,0.0,2060
19389,19389,313,313,121,2.5868,38,7,0.0,2085
19390,19390,168,168,65,2.5846,18,7,0.0,1999
19391,19391,130,130,50,2.6,63,7,0.0,1954
19392,19392,313,313,121,2.5868,31,7,0.0,1954
19393,19393,0,0,0,0.0,245,7,0.0,1954
19394,19394,62,62,24,2.5833,22,7,0.0,2162
19395,19395,222,222,86,2.5814,26,7,0.0,2192
19396,19396,153,153,59,2.5932,125,7,0.0,2192
19397,19397,429,429,166,2.5843,46,7,0.0,2189
19398,19398,194,194,75,2.5867,25,7,0.0,2189
19399,19399,166,166,43,3.8605,21,7,0.0,2085
19400,19400,1039,1039,268,3.8769,59,7,0.0,2085
19401,19401,205,205,53,3.8679,21,7,0.0,2085
19402,19402,291,291,75,3.88,28,7,0.0,2085
19403,19403,563,563,145,3.8828,57,7,0.0,2085
19404,19404,137,137,43,3.186,17,7,0.0,2221
19405,19405,233,233,73,3.1918,26,7,0.0,2221
19406,19406,704,704,221,3.1855,27,7,0.0,2073
19407,19407,402,402,126,3.1905,17,7,0.0,2073
19408,19408,45,45,14,3.2143,14,7,0.0,2276
19409,19409,0,0,0,0.0,541,7,0.0,2183
19410,19410,0,0,0,0.0,1376,7,0.0,1953
19411,19411,63,63,20,3.15,17,7,0.0,2094
19412,19412,0,0,0,0.0,349,7,0.0,2183
19413,19413,3,3,1,3.0,0,7,0.0,2209
19414,19414,0,0,0,0.0,2268,7,0.0,1994
19415,19415,144,144,45,3.2,19,7,0.0,2297
19416,19416,344,344,108,3.1852,49,7,0.0,2297
19417,19417,548,548,172,3.186,19,7,0.0,2297
19418,19418,121,121,38,3.1842,16,7,0.0,2297
19419,19419,283,283,89,3.1798,20,7,0.0,2297
19420,19420,319,319,100,3.19,28,7,0.0,2297
19421,19421,1458,1458,537,2.7151,196,7,0.0,2417
19422,19422,319,319,117,2.7265,39,7,0.0,2409
19423,19423,484,484,178,2.7191,90,7,0.0,2409
19424,19424,301,301,111,2.7117,32,7,0.0,2406
19425,19425,41,41,15,2.7333,3,7,0.0,2406
19426,19426,234,234,86,2.7209,12,7,0.0,2406
19427,19427,150,150,55,2.7273,36,7,0.0,2406
19428,19428,260,260,96,2.7083,26,7,0.0,2503
19429,19429,279,279,103,2.7087,35,7,0.0,2503
19430,19430,236,236,87,2.7126,38,7,0.0,2503
19431,19431,6,6,2,3.0,10,7,0.0,2503
19432,19432,90,90,33,2.7273,17,7,0.0,2503
19433,19433,19,19,7,2.7143,1,7,0.0,2503
19434,19434,315,315,112,2.8125,18,7,0.0,2368
19435,19435,104,104,37,2.8108,17,7,0.0,2368
19436,19436,505,505,180,2.8056,21,7,0.0,2276
19437,19437,202,202,72,2.8056,14,7,0.0,2358
19438,19438,384,384,137,2.8029,20,7,0.0,2358
19439,19439,445,445,159,2.7987,19,7,0.0,2358
19440,19440,132,132,47,2.8085,19,7,0.0,2358
19441,19441,0,0,0,0.0,259,7,0.0,2289
19442,19442,165,165,59,2.7966,19,7,0.0,2433
19443,19443,785,785,280,2.8036,42,7,0.0,2488
19444,19444,0,0,0,0.0,925,7,0.0,2451
19445,19445,0,0,0,0.0,397,7,0.0,2451
19446,19446,0,0,0,0.0,284,7,0.0,1345
19447,19447,304,304,128,2.375,46,7,0.0,1309
19448,19448,90,90,38,2.3684,18,7,0.0,1390
19449,19449,298,298,126,2.3651,32,7,0.0,1309
19450,19450,289,289,122,2.3689,36,7,0.0,1309
19451,19451,0,0,0,0.0,849,7,0.0,1614
19452,19452,0,0,0,0.0,16,7,4.758,1752
19453,19453,0,0,0,0.0,0,7,0.0,1616
19454,19454,281,281,120,2.3417,49,7,0.0,1548
19455,19455,0,0,0,0.0,1202,7,3.895,1783
19456,19456,0,0,0,0.0,543,7,4.134,1783
19457,19457,312,312,133,2.3459,61,7,0.0,1469
19458,19458,284,284,121,2.3471,30,7,0.0,1548
19459,19459,312,312,133,2.3459,38,7,0.0,1616
19460,19460,0,0,0,0.0,91,7,0.0,1469
19461,19461,286,286,122,2.3443,27,7,0.0,1548
19462,19462,16,16,7,2.2857,0,7,0.0,1469
19463,19463,464,464,196,2.3673,53,7,0.0,1390
19464,19464,100,100,43,2.3256,30,7,0.0,1469
19465,19465,289,289,122,2.3689,296,7,0.0,1390
19466,19466,242,242,102,2.3725,39,7,0.0,1390
19467,19467,56,56,17,3.2941,15,7,0.0,1543
19468,19468,536,536,162,3.3086,63,7,4.175,1696
19469,19469,397,397,120,3.3083,35,7,0.0,1719
19470,19470,681,681,206,3.3058,47,7,0.0,1719
19471,19471,247,247,74,3.3378,26,7,0.0,1386
19472,19472,37,37,11,3.3636,14,7,0.0,1537
19473,19473,364,364,110,3.3091,65,7,0.0,1577
19474,19474,630,630,207,3.0435,41,7,0.0,1577
19475,19475,192,192,63,3.0476,48,7,0.0,1343
19476,19476,0,0,0,0.0,133,7,0.0,1577
19477,19477,404,404,133,3.0376,77,7,0.0,1577
19478,19478,195,195,64,3.0469,15,7,0.0,1577
19479,19479,395,395,130,3.0385,37,7,0.0,1577
19480,19480,338,338,111,3.045,32,7,0.0,1343
19481,19481,946,946,311,3.0418,59,7,0.0,1429
19482,19482,474,474,156,3.0385,51,7,0.0,1577
19483,19483,3,3,1,3.0,0,7,0.0,1603
19484,19484,0,0,0,0.0,0,7,0.0,1343
19485,19485,253,253,83,3.0482,17,7,0.0,1429
19486,19486,0,0,0,0.0,284,7,0.0,1429
19487,19487,611,611,185,3.3027,94,7,0.0,1343
19488,19488,35,35,12,2.9167,17,7,0.0,1343
19489,19489,711,711,215,3.307,72,7,0.0,1343
19490,19490,382,382,126,3.0317,38,7,0.0,1603
19491,19491,598,598,181,3.3039,53,7,0.0,1696
19492,19492,175,175,53,3.3019,19,7,0.0,1696
19493,19493,250,250,104,2.4038,28,7,0.0,1270
19494,19494,465,302,125,2.416,284,7,0.0,1270
19495,19495,255,255,106,2.4057,22,7,0.0,1270
19496,19496,163,163,68,2.3971,16,7,0.0,1270
19497,19497,293,293,122,2.4016,23,7,0.0,1217
19498,19498,1048,1048,440,2.3818,58,7,0.0,1171
19499,19499,1454,1454,398,3.6533,127,7,0.0,1735
19500,19500,556,556,152,3.6579,1473,7,0.0,1735
19501,19501,234,234,64,3.6562,312,7,0.0,1735
19502,19502,0,0,0,0.0,198,7,0.0,1432
19503,19503,0,0,0,0.0,209,7,0.0,1432
19504,19504,0,0,0,0.0,248,7,0.0,1432
19505,19505,0,0,0,0.0,112,7,0.0,1409
19506,19506,0,0,0,0.0,336,7,0.0,1409
19507,19507,0,0,0,0.0,958,7,0.0,1437
19508,19508,0,0,0,0.0,344,7,0.0,1497
19509,19509,10,10,4,2.5,494,7,0.0,1393
19510,19510,0,0,0,0.0,1034,7,0.0,1464
19511,19511,0,0,0,0.0,1044,7,0.0,1516
19512,19512,327,327,136,2.4044,44,7,0.0,1430
19513,19513,0,0,0,0.0,344,7,0.489,1452
19514,19514,366,366,153,2.3922,91,7,0.452,1503
19515,19515,0,0,0,0.0,0,7,0.0,3533
19516,19516,209,209,67,3.1194,23,7,0.0,3600
19517,19517,110,110,35,3.1429,19,7,0.0,3719
19518,19518,0,0,0,0.0,0,7,0.0,3936
19519,19519,165,165,53,3.1132,22,7,0.0,3719
19520,19520,6,6,2,3.0,0,7,0.0,3936
19521,19521,226,226,75,3.0133,31,6,0.0,642
19522,19522,28,28,10,2.8,15,6,0.0,591
19523,19523,42,42,15,2.8,3,6,0.0,591
19524,19524,64,64,23,2.7826,4,6,0.0,591
19525,19525,75,75,27,2.7778,27,6,0.0,591
19526,19526,155,155,56,2.7679,35,6,0.0,805
19527,19527,149,149,54,2.7593,30,6,0.0,805
19528,19528,291,291,105,2.7714,39,6,0.0,591
19529,19529,529,529,191,2.7696,156,6,0.0,805
19530,19530,211,211,76,2.7763,46,6,0.0,805
19531,19531,309,309,111,2.7838,32,6,0.0,591
19532,19532,34,34,12,2.8333,15,6,0.0,591
19533,19533,0,0,0,0.0,384,6,0.0,508
19534,19534,149,149,54,2.7593,22,6,0.0,508
19535,19535,322,322,116,2.7759,547,6,0.0,508
19536,19536,139,139,50,2.78,28,6,0.0,591
19537,19537,214,214,77,2.7792,37,6,0.0,591
19538,19538,180,180,65,2.7692,23,6,0.0,591
19539,19539,63,63,22,2.8636,12,7,0.0,1226
19540,19540,78,78,27,2.8889,16,7,0.0,1231
19541,19541,37,37,13,2.8462,18,7,0.0,1226
19542,19542,12,12,4,3.0,0,7,0.0,1184
19543,19543,448,442,154,2.8701,209,7,0.0,1184
19544,19544,20,20,7,2.8571,0,7,0.0,1292
19545,19545,0,0,0,0.0,94,7,0.0,1292
19546,19546,20,20,7,2.8571,11,7,0.0,1184
19547,19547,0,0,0,0.0,471,7,0.0,1184
19548,19548,95,95,33,2.8788,2,7,0.0,1201
19549,19549,0,0,0,0.0,458,7,0.0,1152
19550,19550,0,0,0,0.0,180,7,0.0,1152
19551,19551,0,0,0,0.0,1014,7,0.0,955
19552,19552,0,0,0,0.0,835,7,0.0,1152
19553,19553,0,0,0,0.0,271,7,0.0,955
19554,19554,0,0,0,0.0,1128,7,0.0,1063
19555,19555,0,0,0,0.0,227,7,0.0,997
19556,19556,0,0,0,0.0,260,7,0.0,1085
19557,19557,0,0,0,0.0,218,7,0.0,1085
19558,19558,0,0,0,0.0,64,7,0.0,997
19559,19559,0,0,0,0.0,0,7,0.0,1021
19560,19560,0,0,0,0.0,24,7,0.0,1021
19561,19561,725,725,250,2.9,27,7,0.0,1329
19562,19562,0,0,0,0.0,201,7,0.0,1384
19563,19563,644,639,189,3.381,43,7,0.0,1358
19564,19564,0,0,0,0.0,16,7,0.0,1389
19565,19565,238,238,65,3.6615,17,7,0.0,1326
19566,19566,191,191,52,3.6731,24,7,0.0,1314
19567,19567,169,169,46,3.6739,30,7,0.0,1314
19568,19568,92,92,25,3.68,6,7,0.0,1314
19569,19569,113,113,31,3.6452,32,7,0.0,1360
19570,19570,11,11,3,3.6667,1,7,0.0,1253
19571,19571,92,92,25,3.68,7,7,0.0,1341
19572,19572,187,187,51,3.6667,12,7,0.0,1341
19573,19573,0,0,0,0.0,0,7,0.0,1130
19574,19574,205,205,69,2.971,765,7,0.0,1130
19575,19575,8,8,3,2.6667,0,7,0.0,1130
19576,19576,0,0,0,0.0,871,7,0.0,1130
19577,19577,105,105,41,2.561,24,7,0.0,1333
19578,19578,58,58,23,2.5217,13,7,0.0,1333
19579,19579,0,0,0,0.0,266,7,0.0,1286
19580,19580,0,0,0,0.0,0,7,0.0,1134
19581,19581,0,0,0,0.0,0,7,0.0,1134
19582,19582,196,196,77,2.5455,25,7,0.0,1134
19583,19583,129,129,50,2.58,19,7,0.0,1247
19584,19584,119,119,47,2.5319,19,7,0.0,1193
19585,19585,168,168,66,2.5455,24,7,0.0,1134
19586,19586,235,235,92,2.5543,30,7,0.0,1193
19587,19587,38,38,15,2.5333,43,7,0.0,1193
19588,19588,13,13,5,2.6,14,7,0.0,1089
19589,19589,163,113,34,3.3235,39,7,0.0,1802
19590,19590,96,96,29,3.3103,45,7,0.0,1802
19591,19591,3,3,1,3.0,73,7,0.0,2015
19592,19592,103,103,31,3.3226,17,7,0.0,1802
19593,19593,37,37,11,3.3636,13,7,0.0,1802
19594,19594,0,0,0,0.0,0,7,0.0,1575
19595,19595,89,89,27,3.2963,17,7,0.0,1794
19596,19596,10,10,3,3.3333,11,7,0.0,1794
19597,19597,0,0,0,0.0,0,7,0.0,1794
19598,19598,7,7,2,3.5,0,7,0.0,1794
19599,19599,0,0,0,0.0,0,7,0.0,1794
19600,19600,0,0,0,0.0,0,7,0.0,1794
19601,19601,7,7,2,3.5,0,7,0.0,1794
19602,19602,7,7,2,3.5,0,7,0.0,1794
19603,19603,305,305,93,3.2796,33,7,0.0,1466
19604,19604,148,148,45,3.2889,18,7,0.0,1770
19605,19605,3,3,1,3.0,0,7,0.0,1770
19606,19606,0,0,0,0.0,14,7,0.548,1466
19607,19607,0,0,0,0.0,311,7,0.0,1770
19608,19608,480,480,130,3.6923,30,7,0.0,1535
19609,19609,255,255,69,3.6957,26,7,0.0,1466
19610,19610,351,351,95,3.6947,36,7,0.513,1466
19611,19611,125,125,36,3.4722,15,7,0.417,1552
19612,19612,237,237,68,3.4853,20,7,0.0,1662
19613,19613,7,7,2,3.5,21,7,0.424,1552
19614,19614,0,0,0,0.0,198,7,0.0,1880
19615,19615,122,122,35,3.4857,17,7,0.693,1662
19616,19616,0,0,0,0.0,130,7,0.389,1662
19617,19617,278,278,80,3.475,39,7,0.0,1793
19618,19618,226,226,65,3.4769,22,7,0.668,1793
19619,19619,229,229,66,3.4697,9,7,0.632,1662
19620,19620,55,55,16,3.4375,147,7,0.0,1880
19621,19621,0,0,0,0.0,110,7,0.978,1531
19622,19622,385,385,111,3.4685,32,7,0.922,1531
19623,19623,603,603,174,3.4655,63,7,0.515,1531
19624,19624,10,10,4,2.5,13,7,0.0,2116
19625,19625,0,0,0,0.0,227,7,0.0,1954
19626,19626,74,74,29,2.5517,3,7,0.0,2192
19627,19627,111,111,43,2.5814,43,7,0.0,2189
19628,19628,249,249,64,3.8906,21,7,0.0,2085
19629,19629,291,291,75,3.88,22,7,0.0,2085
19630,19630,249,249,64,3.8906,32,7,0.0,2085
19631,19631,5,0,0,0.0,0,7,0.0,2221
19632,19632,0,0,0,0.0,144,7,0.0,2071
19633,19633,105,105,33,3.1818,173,7,0.0,2071
19634,19634,0,0,0,0.0,74,7,0.0,2209
19635,19635,297,297,93,3.1935,16,7,0.0,2071
19636,19636,0,0,0,0.0,109,7,0.0,2071
19637,19637,0,0,0,0.0,308,7,0.0,2209
19638,19638,552,552,173,3.1908,30,7,0.0,2094
19639,19639,0,0,0,0.0,460,7,0.0,1953
19640,19640,0,0,0,0.0,243,7,0.0,1953
19641,19641,0,0,0,0.0,229,7,0.0,2221
19642,19642,0,0,0,0.0,247,7,0.0,2221
19643,19643,105,105,33,3.1818,74,7,0.0,2221
19644,19644,89,89,28,3.1786,12,7,0.0,2297
19645,19645,169,169,53,3.1887,3,7,0.0,2297
19646,19646,58,58,22,2.6364,3,7,0.0,2409
19647,19647,0,0,0,0.0,144,7,0.0,2409
19648,19648,12,9,3,3.0,22,7,0.0,2406
19649,19649,37,37,13,2.8462,0,7,0.0,2276
19650,19650,179,179,64,2.7969,46,7,0.0,2276
19651,19651,104,104,37,2.8108,14,7,0.0,2276
19652,19652,20,20,7,2.8571,0,7,0.0,2276
19653,19653,356,356,127,2.8031,17,7,0.0,2276
19654,19654,0,0,0,0.0,220,7,0.0,2289
19655,19655,0,0,0,0.0,61,7,0.0,2289
19656,19656,0,0,0,0.0,102,7,0.0,2289
19657,19657,0,0,0,0.0,252,7,0.0,2289
19658,19658,0,0,0,0.0,196,7,0.0,2358
19659,19659,258,258,92,2.8043,18,7,0.0,2433
19660,19660,676,676,241,2.805,123,7,0.0,2488
19661,19661,162,162,58,2.7931,15,7,0.0,2433
19662,19662,0,0,0,0.0,0,7,0.0,1752
19663,19663,0,0,0,0.0,0,7,4.109,1752
19664,19664,11,11,5,2.2,0,7,5.071,1752
19665,19665,7,7,3,2.3333,0,7,0.0,1752
19666,19666,0,0,0,0.0,0,7,0.0,1616
19667,19667,56,56,24,2.3333,15,7,0.0,1390
19668,19668,247,247,105,2.3524,22,7,0.0,1469
19669,19669,102,102,44,2.3182,21,7,0.0,1469
19670,19670,222,222,67,3.3134,179,7,0.0,1543
19671,19671,281,281,85,3.3059,29,7,4.203,1696
19672,19672,301,301,91,3.3077,36,7,4.222,1696
19673,19673,0,0,0,0.0,0,7,0.0,1543
19674,19674,564,564,169,3.3373,39,7,0.0,1386
19675,19675,258,258,78,3.3077,25,7,0.0,1543
19676,19676,268,268,81,3.3086,32,7,0.0,1543
19677,19677,150,150,45,3.3333,28,7,0.0,1456
19678,19678,79,79,24,3.2917,3,7,0.0,1456
19679,19679,0,0,0,0.0,0,7,0.0,1719
19680,19680,0,0,0,0.0,0,7,0.0,1719
19681,19681,156,156,47,3.3191,19,7,0.0,1386
19682,19682,460,460,139,3.3094,71,7,0.0,1537
19683,19683,13,13,4,3.25,0,7,0.0,1386
19684,19684,0,0,0,0.0,0,7,0.0,1429
19685,19685,209,209,63,3.3175,22,7,0.0,1343
19686,19686,70,70,23,3.0435,18,7,0.0,1577
19687,19687,182,182,60,3.0333,21,7,0.0,1429
19688,19688,10,10,3,3.3333,0,7,0.0,1577
19689,19689,0,0,0,0.0,0,6,0.0,1148
19690,19690,0,0,0,0.0,0,7,0.0,1343
19691,19691,164,164,54,3.037,30,7,0.0,1429
19692,19692,347,347,114,3.0439,30,7,0.0,1577
19693,19693,3,3,1,3.0,0,7,0.0,1603
19694,19694,0,0,0,0.0,0,6,0.0,1219
19695,19695,129,129,54,2.3889,14,7,0.0,1219
19696,19696,6,6,2,3.0,0,7,0.0,1603
19697,19697,259,259,85,3.0471,17,7,0.0,1577
19698,19698,34,34,12,2.8333,37,7,0.0,1343
19699,19699,182,182,60,3.0333,27,7,0.0,1343
19700,19700,2,2,1,2.0,0,7,0.0,1603
19701,19701,84,84,28,3.0,13,7,0.0,1429
19702,19702,98,98,41,2.3902,52,7,0.0,1270
19703,19703,187,187,78,2.3974,18,7,0.0,1270
19704,19704,107,107,45,2.3778,16,7,0.0,1217
19705,19705,419,419,174,2.408,29,7,0.0,1270
19706,19706,84,84,35,2.4,14,7,0.0,1217
19707,19707,122,122,51,2.3922,4,7,0.0,1270
19708,19708,243,243,101,2.4059,40,7,0.0,1217
19709,19709,0,0,0,0.0,0,7,0.0,1171
19710,19710,0,0,0,0.0,0,7,0.0,1219
19711,19711,0,0,0,0.0,0,7,0.0,1219
19712,19712,0,0,0,0.0,0,7,0.0,1219
19713,19713,0,0,0,0.0,316,7,0.0,1219
19714,19714,0,0,0,0.0,720,7,0.0,1219
19715,19715,252,252,106,2.3774,424,7,0.0,1219
19716,19716,0,0,0,0.0,1345,7,0.0,1219
19717,19717,1681,1681,460,3.6543,95,7,0.608,1735
19718,19718,0,0,0,0.0,36,7,0.0,1437
19719,19719,0,0,0,0.0,364,7,0.0,1564
19720,19720,0,0,0,0.0,24,7,0.0,1372
19721,19721,0,0,0,0.0,151,7,0.0,1516
19722,19722,0,0,0,0.0,311,7,0.0,1416
19723,19723,0,0,0,0.0,1178,7,0.0,1473
19724,19724,0,0,0,0.0,551,7,0.0,1473
19725,19725,686,686,286,2.3986,66,7,0.0,1372
19726,19726,0,0,0,0.0,20,7,0.0,1434
19727,19727,232,232,97,2.3918,402,7,0.0,1576
19728,19728,0,0,0,0.0,707,7,0.0,1392
19729,19729,41,12,5,2.4,345,7,0.0,1533
19730,19730,442,353,147,2.4014,128,7,0.0,1350
19731,19731,0,0,0,0.0,155,7,0.0,1533
19732,19732,92,92,38,2.4211,5,7,0.0,1576
19733,19733,0,0,0,0.0,89,7,0.0,1483
19734,19734,0,0,0,0.0,236,7,0.0,1350
19735,19735,0,0,0,0.0,0,7,0.0,1533
19736,19736,0,0,0,0.0,62,7,0.0,1392
19737,19737,10,10,4,2.5,30,7,0.0,1483
19738,19738,0,0,0,0.0,0,7,0.0,1533
19739,19739,720,720,300,2.4,294,7,0.0,1350
19740,19740,180,180,75,2.4,51,7,0.0,1430
19741,19741,0,0,0,0.0,0,7,0.0,1430
19742,19742,0,0,0,0.0,0,7,0.0,1483
19743,19743,0,0,0,0.0,28,7,0.0,1430
19744,19744,0,0,0,0.0,59,7,0.0,1452
19745,19745,209,209,87,2.4023,1226,7,0.0,1452
19746,19746,0,0,0,0.0,114,7,0.511,1452
19747,19747,1867,1867,779,2.3967,633,7,0.454,1503
19748,19748,502,502,209,2.4019,28,7,0.364,1579
19749,19749,0,0,0,0.0,1287,7,0.407,1579
19750,19750,0,0,0,0.0,926,7,0.0,1579
19751,19751,0,0,0,0.0,194,7,0.0,1615
19752,19752,1204,1204,502,2.3984,192,7,0.0,1822
19753,19753,89,89,37,2.4054,257,7,0.0,1694
19754,19754,6,6,2,3.0,0,7,0.0,2801
19755,19755,59,59,19,3.1053,13,7,0.0,3451
19756,19756,31,31,10,3.1,2,7,0.0,3600
19757,19757,22,22,7,3.1429,11,7,0.0,3600
19758,19758,52,52,17,3.0588,29,7,0.0,3600
19759,19759,41,41,13,3.1538,141,7,0.0,3600
19760,19760,0,0,0,0.0,0,7,0.0,3094
19761,19761,6,6,2,3.0,0,7,0.0,3094
19762,19762,0,0,0,0.0,0,7,0.0,3533
19763,19763,55,55,18,3.0556,3,7,0.0,3719
19764,19764,6,6,2,3.0,0,7,0.0,3936
19765,19765,25,25,8,3.125,1,7,0.0,3936
19766,19766,19,19,6,3.1667,1,7,0.0,3094
19767,19767,6,6,2,3.0,12,7,0.0,3936
19768,19768,0,0,0,0.0,0,7,0.0,3094
19769,19769,65,65,21,3.0952,3,7,0.0,3690
19770,19770,0,0,0,0.0,0,7,0.0,3533
19771,19771,49,49,16,3.0625,2,7,0.0,3936
19772,19772,0,0,0,0.0,0,7,0.0,3936
19773,19773,0,0,0,0.0,25,7,0.0,3222
19774,19774,16,16,5,3.2,0,7,0.0,4155
19775,19775,0,0,0,0.0,0,7,0.0,3936
19776,19776,0,0,0,0.0,0,7,0.0,3936
19777,19777,0,0,0,0.0,0,7,0.0,3936
19778,19778,206,206,66,3.1212,47,7,0.0,4118
19779,19779,0,0,0,0.0,0,7,0.0,4118
19780,19780,177,177,57,3.1053,33,7,0.0,3222
19781,19781,0,0,0,0.0,0,7,0.0,4118
19782,19782,0,0,0,0.0,0,7,0.0,3905
19783,19783,81,81,26,3.1154,17,7,0.0,3222
19784,19784,0,0,0,0.0,0,7,0.0,4118
19785,19785,3,3,1,3.0,0,7,0.0,3905
19786,19786,0,0,0,0.0,0,7,0.0,3533
19787,19787,0,0,0,0.0,0,7,0.0,3533
19788,19788,3,3,1,3.0,0,7,0.0,3327
19789,19789,150,150,45,3.3333,32,7,0.0,3532
19790,19790,3,3,1,3.0,0,7,0.0,3532
19791,19791,448,441,133,3.3158,48,7,0.0,3628
19792,19792,253,253,76,3.3289,37,7,0.0,3718
19793,19793,256,256,77,3.3247,29,7,0.0,3718
19794,19794,24,24,7,3.4286,178,7,0.0,3532
19795,19795,163,163,49,3.3265,33,7,0.0,3532
19796,19796,229,229,69,3.3188,64,7,0.0,3718
19797,19797,305,305,92,3.3152,44,7,0.0,3628
19798,19798,0,0,0,0.0,0,7,0.0,3222
19799,19799,65,65,21,3.0952,18,7,0.0,3222
19800,19800,10,10,3,3.3333,0,7,0.0,3086
19801,19801,62,62,21,2.9524,3,7,0.0,3086
19802,19802,9,9,3,3.0,0,7,0.0,3327
19803,19803,437,437,132,3.3106,45,7,0.0,3086
19804,19804,59,59,19,3.1053,15,7,0.0,3327
19805,19805,7,7,2,3.5,0,7,0.0,3143
19806,19806,143,143,43,3.3256,19,7,0.0,3143
19807,19807,57,57,17,3.3529,14,7,0.0,3143
19808,19808,27,27,8,3.375,1,7,0.0,3056
19809,19809,150,150,45,3.3333,20,7,0.0,3145
19810,19810,113,113,34,3.3235,7,7,0.0,3260
19811,19811,329,329,99,3.3232,44,7,0.0,3426
19812,19812,388,388,117,3.3162,70,7,0.0,3426
19813,19813,9,9,3,3.0,0,7,0.0,2873
19814,19814,23,23,8,2.875,113,7,0.0,2873
19815,19815,235,235,83,2.8313,29,7,0.0,2654
19816,19816,85,85,30,2.8333,20,7,0.0,2654
19817,19817,23,23,8,2.875,23,7,0.0,2873
19818,19818,28,28,10,2.8,2,7,0.0,2636
19819,19819,217,217,77,2.8182,22,7,0.0,2636
19820,19820,9,9,3,3.0,0,7,0.0,2989
19821,19821,56,56,20,2.8,15,7,0.0,2654
19822,19822,144,144,51,2.8235,48,7,0.0,2827
19823,19823,195,195,69,2.8261,86,7,0.0,2827
19824,19824,111,49,18,2.7222,24,7,0.0,2636
19825,19825,28,28,9,3.1111,1,7,0.0,2924
19826,19826,0,0,0,0.0,0,7,0.0,2636
19827,19827,158,158,56,2.8214,21,7,0.0,2805
19828,19828,57,57,19,3.0,3,7,0.0,2996
19829,19829,259,259,86,3.0116,51,7,0.0,2996
19830,19830,409,409,136,3.0074,58,7,0.0,2996
19831,19831,33,33,14,2.3571,12,7,0.0,2796
19832,19832,0,0,0,0.0,0,7,0.0,2698
19833,19833,206,206,84,2.4524,19,7,0.0,2698
19834,19834,344,344,140,2.4571,35,7,0.0,2826
19835,19835,356,356,145,2.4552,24,7,0.0,2826
19836,19836,57,57,23,2.4783,18,7,0.0,2831
19837,19837,111,111,45,2.4667,191,7,0.0,2831
19838,19838,718,551,224,2.4598,206,7,0.0,2898
19839,19839,130,130,53,2.4528,5,7,0.0,2833
19840,19840,0,0,0,0.0,274,7,0.0,2919
19841,19841,954,954,388,2.4588,56,7,0.0,2932
19842,19842,201,0,0,0.0,233,7,0.0,2932
19843,19843,245,245,73,3.3562,28,7,0.0,2971
19844,19844,53,53,17,3.1176,2,7,0.0,3039
19845,19845,151,151,45,3.3556,24,7,0.0,2971
19846,19846,57,57,17,3.3529,3,7,0.0,3039
19847,19847,44,44,14,3.1429,16,7,0.0,3039
19848,19848,130,130,39,3.3333,6,7,0.0,3088
19849,19849,38,38,12,3.1667,11,7,0.0,3039
19850,19850,141,141,42,3.3571,19,7,0.0,3088
19851,19851,134,134,40,3.35,42,7,0.0,3064
19852,19852,115,115,34,3.3824,20,7,0.0,3064
19853,19853,141,141,42,3.3571,17,7,0.0,3064
19854,19854,194,194,58,3.3448,28,7,0.0,3064
19855,19855,162,162,48,3.375,26,7,0.0,3064
19856,19856,214,214,64,3.3438,26,7,0.0,3064
19857,19857,198,198,56,3.5357,34,7,0.0,3260
19858,19858,177,177,50,3.54,27,7,0.0,3169
19859,19859,188,188,53,3.5472,31,7,0.0,3260
19860,19860,149,149,42,3.5476,18,7,0.0,3301
19861,19861,560,560,158,3.5443,90,7,0.0,3301
19862,19862,4,0,0,0.0,84,7,0.0,3197
19863,19863,8,8,2,4.0,57,7,0.0,2902
19864,19864,467,467,122,3.8279,31,7,0.0,2949
19865,19865,956,956,250,3.824,384,7,0.0,2949
19866,19866,206,206,54,3.8148,39,7,0.0,3024
19867,19867,257,257,67,3.8358,20,7,0.0,3024
19868,19868,214,214,56,3.8214,24,7,0.0,3098
19869,19869,291,291,76,3.8289,28,7,0.0,3098
19870,19870,218,218,57,3.8246,23,7,0.0,3098
19871,19871,94,94,24,3.9167,3,7,0.0,3362
19872,19872,141,141,36,3.9167,15,7,0.0,3362
19873,19873,161,161,41,3.9268,18,7,0.0,3362
19874,19874,275,275,70,3.9286,35,7,0.0,3275
19875,19875,263,263,67,3.9254,25,7,0.0,3362
19876,19876,176,176,45,3.9111,17,7,0.0,3275
19877,19877,345,345,88,3.9205,20,7,0.0,3472
19878,19878,325,325,83,3.9157,31,7,0.0,3472
19879,19879,400,400,102,3.9216,39,7,0.0,3427
19880,19880,247,247,63,3.9206,18,7,0.0,3427
19881,19881,360,360,92,3.913,24,7,0.0,3185
19882,19882,137,133,34,3.9118,30,7,0.0,3185
19883,19883,141,141,36,3.9167,15,7,0.0,3185
19884,19884,400,400,102,3.9216,25,7,0.0,3275
19885,19885,431,431,110,3.9182,30,7,0.0,3275
19886,19886,227,227,58,3.9138,29,7,0.0,3275
19887,19887,223,223,57,3.9123,17,7,0.0,3275
19888,19888,252,252,73,3.4521,26,7,0.0,3221
19889,19889,421,421,122,3.4508,33,7,0.0,3221
19890,19890,0,0,0,0.0,0,7,0.0,3221
19891,19891,745,745,216,3.4491,39,7,0.0,3221
19892,19892,217,217,63,3.4444,23,7,0.0,3254
19893,19893,235,235,68,3.4559,65,7,0.0,3254
19894,19894,1181,1181,343,3.4431,89,7,0.0,3254
19895,19895,382,382,111,3.4414,30,7,1.541,3254
19896,19896,11,11,3,3.6667,115,7,0.0,3306
19897,19897,130,130,38,3.4211,43,7,0.0,3323
19898,19898,62,0,0,0.0,298,7,2.795,3242
19899,19899,41,41,12,3.4167,91,7,2.002,3242
19900,19900,323,323,77,4.1948,34,7,0.0,3436
19901,19901,323,323,77,4.1948,28,7,0.0,3436
19902,19902,323,323,77,4.1948,34,7,0.0,3436
19903,19903,356,356,85,4.1882,88,7,0.0,3436
19904,19904,323,323,77,4.1948,30,7,0.0,3466
19905,19905,327,327,78,4.1923,32,7,0.0,3466
19906,19906,323,323,77,4.1948,29,7,0.0,3466
19907,19907,314,314,75,4.1867,28,7,0.0,3466
19908,19908,263,84,20,4.2,22,7,0.0,3489
19909,19909,588,588,140,4.2,49,7,0.0,3489
19910,19910,964,964,303,3.1815,64,7,0.0,3540
19911,19911,26,26,8,3.25,76,7,0.0,3540
19912,19912,737,737,231,3.1905,84,7,0.0,3540
19913,19913,243,243,76,3.1974,25,7,0.0,3540
19914,19914,629,629,197,3.1929,100,7,0.0,3524
19915,19915,156,156,34,4.5882,17,7,0.0,3515
19916,19916,402,402,88,4.5682,23,7,0.0,3556
19917,19917,424,424,93,4.5591,26,7,0.0,3515
19918,19918,101,101,22,4.5909,19,7,0.0,3556
19919,19919,402,402,88,4.5682,27,7,0.0,3556
19920,19920,246,246,54,4.5556,25,7,0.0,3556
19921,19921,244,244,87,2.8046,14,7,0.0,3588
19922,19922,1131,1131,403,2.8065,138,7,0.0,3588
19923,19923,248,248,88,2.8182,4,7,0.0,3588
19924,19924,1009,1009,360,2.8028,49,7,0.0,3627
19925,19925,149,149,53,2.8113,14,7,0.0,3617
19926,19926,215,215,77,2.7922,20,7,0.0,3617
19927,19927,230,230,71,3.2394,24,7,0.0,3668
19928,19928,169,169,52,3.25,19,7,0.0,3668
19929,19929,659,659,203,3.2463,39,7,0.0,3668
19930,19930,636,636,196,3.2449,67,7,0.0,3667
19931,19931,280,280,90,3.1111,18,7,0.0,3326
19932,19932,196,196,63,3.1111,21,7,0.0,3326
19933,19933,166,166,53,3.1321,20,7,0.0,3326
19934,19934,231,231,74,3.1216,5,7,0.0,3326
19935,19935,246,246,79,3.1139,17,7,0.0,3395
19936,19936,106,106,34,3.1176,14,7,0.0,3395
19937,19937,233,233,75,3.1067,18,7,0.0,3395
19938,19938,140,140,45,3.1111,13,7,0.0,3335
19939,19939,159,159,51,3.1176,21,7,0.0,3470
19940,19940,1205,1205,387,3.1137,46,7,0.0,3419
19941,19941,754,754,242,3.1157,59,7,0.0,3419
19942,19942,1050,1050,283,3.7102,99,7,0.0,3140
19943,19943,834,834,225,3.7067,139,7,2.489,3201
19944,19944,541,541,146,3.7055,128,7,2.735,3211
19945,19945,358,208,74,2.8108,185,7,0.0,3123
19946,19946,24,0,0,0.0,94,7,0.0,3077
19947,19947,656,656,233,2.8155,55,7,6.56,3123
19948,19948,906,906,322,2.8137,382,7,7.146,3012
19949,19949,42,42,15,2.8,182,7,6.927,3077
19950,19950,306,306,109,2.8073,336,7,8.545,2959
19951,19951,583,583,207,2.8164,41,7,6.229,3121
19952,19952,167,167,59,2.8305,150,7,6.736,3121
19953,19953,521,521,185,2.8162,31,7,5.998,3141
19954,19954,346,346,123,2.813,94,7,5.934,3103
19955,19955,6,6,2,3.0,185,7,5.706,3163
19956,19956,26,26,9,2.8889,63,7,5.674,3163
19957,19957,540,540,192,2.8125,145,7,8.066,2983
19958,19958,45,45,16,2.8125,129,7,5.557,3177
19959,19959,45,45,16,2.8125,127,7,5.581,3119
19960,19960,0,0,0,0.0,300,7,7.118,3013
19961,19961,0,0,0,0.0,65,7,7.139,3042
19962,19962,0,0,0,0.0,445,7,6.126,3068
19963,19963,0,0,0,0.0,0,7,6.222,3068
19964,19964,0,0,0,0.0,132,7,6.592,3013
19965,19965,0,0,0,0.0,1058,7,0.0,3037
19966,19966,96,96,34,2.8235,129,7,0.0,2977
19967,19967,0,0,0,0.0,0,7,0.0,2431
19968,19968,0,0,0,0.0,0,7,0.0,2431
19969,19969,0,0,0,0.0,0,7,0.0,2558
19970,19970,562,562,188,2.9894,33,7,0.0,2296
19971,19971,0,0,0,0.0,0,7,0.0,2431
19972,19972,105,105,35,3.0,14,7,0.0,2296
19973,19973,401,401,134,2.9925,25,7,0.0,2458
19974,19974,176,176,59,2.9831,23,7,0.0,2458
19975,19975,135,135,48,2.8125,15,7,0.0,2579
19976,19976,9,9,3,3.0,0,7,0.0,2698
19977,19977,62,62,21,2.9524,14,7,0.0,2473
19978,19978,341,341,114,2.9912,33,7,0.0,2473
19979,19979,85,85,30,2.8333,15,7,0.0,2579
19980,19980,212,212,71,2.9859,20,7,0.0,2473
19981,19981,49,49,16,3.0625,1,7,0.0,2647
19982,19982,233,233,78,2.9872,7,7,0.0,2473
19983,19983,532,532,178,2.9888,42,7,0.0,2296
19984,19984,439,439,147,2.9864,32,7,0.0,2296
19985,19985,527,527,176,2.9943,47,7,0.0,2473
19986,19986,442,442,148,2.9865,6,7,0.0,2473
19987,19987,3,3,1,3.0,0,7,0.0,2579
19988,19988,128,128,43,2.9767,4,7,0.0,2647
19989,19989,141,141,47,3.0,5,7,0.0,2647
19990,19990,264,264,88,3.0,22,7,0.0,2473
19991,19991,176,176,59,2.9831,6,7,0.0,2647
19992,19992,0,0,0,0.0,0,7,0.0,2382
19993,19993,34,34,12,2.8333,1,7,0.0,2382
19994,19994,14,14,5,2.8,204,7,0.0,2266
19995,19995,123,123,44,2.7955,51,7,0.0,2218
19996,19996,122,122,41,2.9756,24,7,0.0,2296
19997,19997,114,114,41,2.7805,2,7,0.0,2248
19998,19998,361,361,130,2.7769,25,7,0.0,2299
19999,19999,235,235,89,2.6404,34,7,0.0,2582
20000,20000,135,135,51,2.6471,6,7,0.0,2495
20001,20001,209,209,79,2.6456,35,7,0.0,2672
20002,20002,222,222,84,2.6429,29,7,0.0,2582
20003,20003,146,146,55,2.6545,23,7,0.0,2666
20004,20004,237,237,95,2.4947,41,7,0.0,2576
20005,20005,225,225,85,2.6471,50,7,0.0,2576
20006,20006,11,11,4,2.75,49,7,0.0,2666
20007,20007,3,3,1,3.0,0,7,0.0,3936
20008,20008,9,9,3,3.0,0,7,0.0,3936
20009,20009,0,0,0,0.0,0,7,0.0,4155
20010,20010,16,16,5,3.2,1,7,0.0,4155
20011,20011,22,22,7,3.1429,1,7,0.0,3936
20012,20012,0,0,0,0.0,0,7,0.0,3719
20013,20013,6,6,2,3.0,0,7,0.0,3690
20014,20014,0,0,0,0.0,0,7,0.0,3533
20015,20015,0,0,0,0.0,0,7,0.0,3533
20016,20016,3,3,1,3.0,15,7,0.0,3094
20017,20017,134,134,43,3.1163,24,7,0.0,3222
20018,20018,6,6,2,3.0,0,7,0.0,4118
20019,20019,0,0,0,0.0,0,7,0.0,3905
20020,20020,0,0,0,0.0,0,7,0.0,3905
20021,20021,0,0,0,0.0,0,7,0.0,3905
20022,20022,3,3,1,3.0,0,7,0.0,3222
20023,20023,7,7,2,3.5,0,7,0.0,3533
20024,20024,59,59,18,3.2778,21,7,0.0,3628
20025,20025,266,266,80,3.325,32,7,0.0,3718
20026,20026,119,119,36,3.3056,92,7,0.0,3628
20027,20027,0,0,0,0.0,0,7,0.0,3533
20028,20028,0,0,0,0.0,0,7,0.0,3222
20029,20029,68,68,22,3.0909,17,7,0.0,3222
20030,20030,31,31,10,3.1,1,7,0.0,3327
20031,20031,0,0,0,0.0,0,7,0.0,3086
20032,20032,10,10,3,3.3333,0,7,0.0,3056
20033,20033,6,6,2,3.0,0,7,0.0,3145
20034,20034,50,50,15,3.3333,3,7,0.0,3260
20035,20035,42,42,15,2.8,13,7,0.0,2654
20036,20036,14,14,5,2.8,0,7,0.0,2654
20037,20037,11,11,4,2.75,0,7,0.0,2654
20038,20038,28,28,10,2.8,1,7,0.0,2873
20039,20039,3,3,1,3.0,0,7,0.0,2654
20040,20040,6,6,2,3.0,0,7,0.0,2654
20041,20041,3,3,1,3.0,0,7,0.0,2654
20042,20042,3,3,1,3.0,0,7,0.0,2654
20043,20043,56,56,20,2.8,17,7,0.0,2873
20044,20044,79,79,28,2.8214,24,7,0.0,2654
20045,20045,31,31,11,2.8182,2,7,0.0,2989
20046,20046,139,139,49,2.8367,19,7,0.0,2636
20047,20047,23,23,8,2.875,1,7,0.0,2805
20048,20048,94,94,33,2.8485,4,7,0.0,2805
20049,20049,0,0,0,0.0,78,7,0.0,2924
20050,20050,212,212,64,3.3125,28,7,0.0,3086
20051,20051,9,9,3,3.0,0,7,0.0,2924
20052,20052,373,373,124,3.0081,45,7,0.0,2996
20053,20053,6,6,2,3.0,186,7,0.0,2873
20054,20054,3,3,1,3.0,0,7,0.0,3094
20055,20055,0,0,0,0.0,0,7,0.0,3094
20056,20056,9,9,3,3.0,0,7,0.0,3094
20057,20057,17,17,6,2.8333,12,7,0.0,3094
20058,20058,28,28,10,2.8,2,7,0.0,3094
20059,20059,20,20,7,2.8571,1,7,0.0,3094
20060,20060,133,133,47,2.8298,50,7,0.0,3094
20061,20061,198,198,71,2.7887,39,7,0.0,3094
20062,20062,23,23,8,2.875,1,7,0.0,3222
20063,20063,180,180,64,2.8125,34,7,0.0,2989
20064,20064,192,192,68,2.8235,21,7,0.0,2989
20065,20065,17,17,6,2.8333,13,7,0.0,3222
20066,20066,105,105,37,2.8378,22,7,0.0,2989
20067,20067,3,3,1,3.0,0,7,0.0,2989
20068,20068,0,0,0,0.0,0,7,0.0,2895
20069,20069,83,83,36,2.3056,23,7,0.0,2796
20070,20070,5,5,2,2.5,0,7,0.0,2698
20071,20071,0,0,0,0.0,86,7,0.0,2826
20072,20072,482,482,196,2.4592,44,7,0.0,2831
20073,20073,163,163,66,2.4697,19,7,0.0,2831
20074,20074,55,55,24,2.2917,21,7,0.0,2819
20075,20075,265,265,79,3.3544,39,7,0.0,2971
20076,20076,101,101,30,3.3667,18,7,0.0,2971
20077,20077,8,0,0,0.0,224,7,0.0,2971
20078,20078,38,38,11,3.4545,2,7,0.0,2971
20079,20079,91,91,27,3.3704,5,7,0.0,2971
20080,20080,123,115,34,3.3824,20,7,0.0,2971
20081,20081,127,127,38,3.3421,16,7,0.0,2971
20082,20082,155,155,46,3.3696,31,7,0.0,2971
20083,20083,225,225,67,3.3582,24,7,0.0,3088
20084,20084,21,21,6,3.5,11,7,0.0,3039
20085,20085,21,21,6,3.5,1,7,0.0,3088
20086,20086,560,560,167,3.3533,42,7,0.0,3064
20087,20087,260,260,73,3.5616,33,7,0.0,3047
20088,20088,66,66,20,3.3,12,7,0.0,3056
20089,20089,249,249,70,3.5571,18,7,0.0,3056
20090,20090,46,46,13,3.5385,155,7,0.0,3145
20091,20091,446,446,126,3.5397,24,7,0.0,3260
20092,20092,13,13,4,3.25,10,7,0.0,3056
20093,20093,491,491,138,3.558,44,7,0.0,3260
20094,20094,69,69,21,3.2857,2,7,0.0,3056
20095,20095,163,163,46,3.5435,16,7,0.0,3260
20096,20096,11,11,3,3.6667,0,7,0.0,3169
20097,20097,46,46,13,3.5385,12,7,0.0,3169
20098,20098,120,120,34,3.5294,15,7,0.0,3169
20099,20099,188,188,53,3.5472,16,7,0.0,3301
20100,20100,114,114,32,3.5625,3,7,0.0,3301
20101,20101,249,249,70,3.5571,17,7,0.0,3301
20102,20102,124,124,35,3.5429,18,7,0.0,3301
20103,20103,227,227,64,3.5469,27,7,0.0,3197
20104,20104,118,118,33,3.5758,3,7,0.0,3197
20105,20105,74,74,21,3.5238,16,7,0.0,3301
20106,20106,4,4,1,4.0,12,7,0.0,2902
20107,20107,474,474,124,3.8226,43,7,0.0,2949
20108,20108,1507,1507,394,3.8249,167,7,0.0,2944
20109,20109,249,249,65,3.8308,24,7,0.0,2944
20110,20110,898,898,235,3.8213,55,7,0.0,3024
20111,20111,169,169,44,3.8409,172,7,0.0,3024
20112,20112,153,153,40,3.825,24,7,0.0,3098
20113,20113,54,54,14,3.8571,14,7,0.0,3098
20114,20114,72,72,19,3.7895,3,7,0.0,3098
20115,20115,43,43,11,3.9091,1,7,0.0,3362
20116,20116,28,28,7,4.0,25,7,0.0,3427
20117,20117,74,74,19,3.8947,13,7,0.0,3427
20118,20118,211,211,54,3.9074,17,7,0.0,3185
20119,20119,199,199,51,3.902,17,7,0.0,3185
20120,20120,0,0,0,0.0,79,7,0.0,3185
20121,20121,98,98,25,3.92,15,7,0.0,3275
20122,20122,90,90,23,3.913,52,7,0.0,3275
20123,20123,24,24,6,4.0,12,7,0.0,3275
20124,20124,106,106,27,3.9259,18,7,0.0,3275
20125,20125,141,141,41,3.439,19,7,0.0,3221
20126,20126,90,90,26,3.4615,131,7,0.0,3254
20127,20127,483,483,140,3.45,39,7,0.0,3254
20128,20128,0,0,0,0.0,216,7,0.0,3298
20129,20129,279,279,81,3.4444,24,7,0.0,3298
20130,20130,141,141,41,3.439,25,7,1.025,3238
20131,20131,190,190,55,3.4545,23,7,1.812,3238
20132,20132,30,30,7,4.2857,32,7,0.0,3436
20133,20133,327,327,78,4.1923,27,7,0.0,3466
20134,20134,825,825,197,4.1878,64,7,0.0,3489
20135,20135,696,696,166,4.1928,75,7,0.0,3489
20136,20136,402,402,126,3.1905,102,7,0.0,3510
20137,20137,0,0,0,0.0,157,7,0.0,3510
20138,20138,3,3,1,3.0,226,7,0.0,3539
20139,20139,10,10,3,3.3333,136,7,0.0,3510
20140,20140,860,860,270,3.1852,58,7,0.0,3524
20141,20141,7,7,2,3.5,198,7,0.0,3476
20142,20142,481,481,151,3.1854,33,7,0.0,3524
20143,20143,320,320,70,4.5714,24,7,0.0,3515
20144,20144,306,306,67,4.5672,39,7,0.0,3515
20145,20145,187,187,41,4.561,90,7,0.0,3556
20146,20146,183,183,40,4.575,17,7,0.0,3515
20147,20147,223,223,49,4.551,33,7,0.0,3556
20148,20148,73,73,16,4.5625,3,7,0.0,3556
20149,20149,517,517,184,2.8098,77,7,0.0,3588
20150,20150,9,9,3,3.0,147,7,0.0,3588
20151,20151,0,0,0,0.0,195,7,0.0,3630
20152,20152,320,320,114,2.807,664,7,0.0,3583
20153,20153,1038,1038,370,2.8054,65,7,0.0,3627
20154,20154,241,241,86,2.8023,14,7,0.0,3617
20155,20155,155,155,55,2.8182,3,7,0.0,3617
20156,20156,434,434,134,3.2388,38,7,0.0,3668
20157,20157,421,421,130,3.2385,35,7,0.0,3668
20158,20158,163,163,50,3.26,7,7,0.0,3668
20159,20159,1406,1406,434,3.2396,106,7,0.0,3667
20160,20160,210,210,65,3.2308,22,7,0.0,3667
20161,20161,541,541,167,3.2395,44,7,0.0,3667
20162,20162,3,3,1,3.0,0,7,0.0,3667
20163,20163,510,510,157,3.2484,235,7,0.0,3667
20164,20164,29,29,9,3.2222,76,7,0.0,3326
20165,20165,59,59,19,3.1053,13,7,0.0,3395
20166,20166,331,147,47,3.1277,24,7,0.0,3395
20167,20167,131,131,42,3.119,15,7,0.0,3335
20168,20168,3,3,1,3.0,248,7,0.0,3393
20169,20169,124,124,40,3.1,23,7,0.0,3335
20170,20170,88,0,0,0.0,31,7,0.0,3335
20171,20171,0,0,0,0.0,362,7,0.0,3457
20172,20172,0,0,0,0.0,409,7,0.0,3422
20173,20173,0,0,0,0.0,296,7,0.0,3393
20174,20174,3,3,1,3.0,510,7,0.0,3422
20175,20175,0,0,0,0.0,151,7,0.0,3370
20176,20176,221,118,38,3.1053,30,7,0.0,3370
20177,20177,1263,1263,406,3.1108,78,7,0.0,3470
20178,20178,238,238,64,3.7188,167,7,0.0,3140
20179,20179,104,104,28,3.7143,5,7,0.0,3140
20180,20180,0,0,0,0.0,34,7,2.543,3211
20181,20181,753,753,203,3.7094,59,7,0.0,3176
20182,20182,331,331,89,3.7191,22,7,0.0,3176
20183,20183,0,0,0,0.0,459,7,7.388,3023
20184,20184,9,9,3,3.0,614,7,7.106,3033
20185,20185,0,0,0,0.0,60,7,6.927,3033
20186,20186,0,0,0,0.0,178,7,6.17,3068
20187,20187,617,617,219,2.8174,34,7,0.0,3037
20188,20188,0,0,0,0.0,284,7,4.69,2940
20189,20189,0,0,0,0.0,0,7,0.0,2458
20190,20190,42,42,15,2.8,13,7,0.0,2579
20191,20191,31,31,10,3.1,14,7,0.0,2647
20192,20192,93,93,31,3.0,3,7,0.0,2473
20193,20193,28,28,10,2.8,1,7,0.0,2579
20194,20194,126,126,42,3.0,3,7,0.0,2473
20195,20195,3,3,1,3.0,34,7,0.0,2382
20196,20196,89,89,32,2.7812,3,7,0.0,2382
20197,20197,3,3,1,3.0,0,7,0.0,2382
20198,20198,6,6,2,3.0,106,7,0.0,2195
20199,20199,6,6,2,3.0,0,7,0.0,2195
20200,20200,0,0,0,0.0,0,7,0.0,2195
20201,20201,3,3,1,3.0,93,7,0.0,2195
20202,20202,0,0,0,0.0,0,7,0.0,2195
20203,20203,8,8,3,2.6667,0,7,0.0,2195
20204,20204,20,20,7,2.8571,10,7,0.0,2382
20205,20205,0,0,0,0.0,0,7,0.0,2195
20206,20206,45,45,16,2.8125,1,7,0.0,2382
20207,20207,51,51,18,2.8333,2,7,0.0,2116
20208,20208,0,0,0,0.0,0,7,0.0,2382
20209,20209,3,3,1,3.0,46,7,0.0,2195
20210,20210,14,14,5,2.8,192,7,0.0,2195
20211,20211,11,11,4,2.75,28,7,0.0,2266
20212,20212,0,0,0,0.0,0,7,0.0,2431
20213,20213,14,14,5,2.8,11,7,0.0,2116
20214,20214,0,0,0,0.0,0,7,0.0,2195
20215,20215,37,37,13,2.8462,1,7,0.0,2266
20216,20216,3,3,1,3.0,0,7,0.0,2195
20217,20217,22,22,8,2.75,0,7,0.0,2218
20218,20218,0,0,0,0.0,0,7,0.0,2218
20219,20219,27,27,10,2.7,1,7,0.0,2218
20220,20220,23,23,8,2.875,0,7,0.0,2266
20221,20221,267,267,89,3.0,25,7,0.0,2296
20222,20222,39,39,14,2.7857,12,7,0.0,2218
20223,20223,48,48,17,2.8235,2,7,0.0,2223
20224,20224,25,25,9,2.7778,39,7,0.0,2336
20225,20225,25,25,9,2.7778,11,7,0.0,2336
20226,20226,254,254,91,2.7912,60,7,0.0,2299
20227,20227,189,169,61,2.7705,22,7,0.0,2299
20228,20228,130,104,39,2.6667,34,7,0.0,2672
20229,20229,45,45,17,2.6471,3,7,0.0,2473
20230,20230,96,96,36,2.6667,5,7,0.0,2495
20231,20231,133,133,50,2.66,7,7,0.0,2495
20232,20232,104,104,39,2.6667,64,7,0.0,2495
20233,20233,160,160,60,2.6667,23,7,0.0,2582
20234,20234,257,257,97,2.6495,46,7,0.0,2495
20235,20235,23,23,9,2.5556,12,7,0.0,2666
20236,20236,280,280,106,2.6415,31,7,0.0,2666
20237,20237,80,80,32,2.5,5,7,0.0,2576
20238,20238,0,0,0,0.0,340,7,0.0,2666
20239,20239,0,0,0,0.0,0,7,0.0,2719
20240,20240,11,11,4,2.75,0,7,0.0,2803
20241,20241,0,0,0,0.0,0,7,0.0,2803
20242,20242,14,14,5,2.8,1,7,0.0,2786
20243,20243,233,233,88,2.6477,27,7,0.0,2846
20244,20244,135,135,51,2.6471,9,7,0.0,2786
20245,20245,185,185,70,2.6429,57,7,0.0,2729
20246,20246,472,472,178,2.6517,53,7,0.0,2846
20247,20247,356,271,102,2.6569,34,7,0.0,2536
20248,20248,49,49,20,2.45,18,7,0.0,2536
20249,20249,647,647,222,2.9144,32,7,0.0,2087
20250,20250,0,0,0,0.0,591,7,5.008,2087
20251,20251,0,0,0,0.0,26,7,5.042,2087
20252,20252,920,9,3,3.0,173,7,5.074,2087
20253,20253,0,0,0,0.0,329,7,5.163,2087
20254,20254,0,0,0,0.0,259,7,5.252,1929
20255,20255,0,0,0,0.0,92,7,0.0,2347
20256,20256,924,924,418,2.2105,77,7,0.0,2294
20257,20257,0,0,0,0.0,53,7,0.0,2425
20258,20258,0,0,0,0.0,0,7,0.0,2425
20259,20259,0,0,0,0.0,573,7,0.0,2423
20260,20260,465,465,160,2.9062,61,7,4.814,2184
20261,20261,0,0,0,0.0,2640,7,2.955,2027
20262,20262,0,0,0,0.0,217,7,0.0,2423
20263,20263,0,0,0,0.0,891,7,0.0,2423
20264,20264,0,0,0,0.0,939,7,0.0,2371
20265,20265,0,0,0,0.0,484,7,0.0,2423
20266,20266,7,7,3,2.3333,0,7,6.075,2211
20267,20267,9,9,4,2.25,0,7,6.099,2211
20268,20268,16,16,7,2.2857,13,7,0.0,2279
20269,20269,0,0,0,0.0,326,7,0.0,2371
20270,20270,647,647,222,2.9144,53,7,4.366,1906
20271,20271,17,17,8,2.125,18,7,0.0,2132
20272,20272,29,29,13,2.2308,1,7,0.0,2377
20273,20273,312,312,107,2.9159,20,7,0.0,1906
20274,20274,71,71,32,2.2188,22,7,0.0,2132
20275,20275,36,36,16,2.25,15,7,0.0,2279
20276,20276,47,47,21,2.2381,20,7,0.0,2377
20277,20277,80,80,36,2.2222,4,7,0.0,2377
20278,20278,0,0,0,0.0,0,7,0.0,2377
20279,20279,0,0,0,0.0,0,7,0.0,2033
20280,20280,2,2,1,2.0,16,7,0.0,2301
20281,20281,0,0,0,0.0,0,7,0.0,2033
20282,20282,266,266,92,2.8913,28,7,5.268,2184
20283,20283,259,259,89,2.9101,30,7,0.0,2294
20284,20284,0,0,0,0.0,0,7,0.0,2568
20285,20285,59,53,20,2.65,18,7,0.0,2568
20286,20286,12,12,5,2.4,12,7,0.0,2475
20287,20287,11,11,4,2.75,14,7,0.0,2568
20288,20288,20,20,8,2.5,16,7,0.0,2475
20289,20289,446,446,170,2.6235,67,7,0.0,2520
20290,20290,257,257,98,2.6224,25,7,0.0,2520
20291,20291,161,161,61,2.6393,26,7,0.0,2520
20292,20292,381,381,145,2.6276,34,7,0.0,2520
20293,20293,529,529,202,2.6188,52,7,0.0,2520
20294,20294,0,0,0,0.0,0,7,0.0,2403
20295,20295,0,0,0,0.0,0,7,0.0,2403
20296,20296,0,0,0,0.0,636,7,0.0,2859
20297,20297,0,0,0,0.0,107,7,0.0,2578
20298,20298,0,0,0,0.0,83,7,0.0,2746
20299,20299,2,2,1,2.0,256,7,0.0,2489
20300,20300,2,2,1,2.0,79,7,0.0,2489
20301,20301,0,0,0,0.0,290,7,0.0,2578
20302,20302,0,0,0,0.0,45,7,0.0,2746
20303,20303,488,488,201,2.4279,66,7,8.848,2922
20304,20304,80,80,35,2.2857,19,7,0.0,2434
20305,20305,0,0,0,0.0,647,7,0.0,2542
20306,20306,0,0,0,0.0,13,7,0.0,2746
20307,20307,0,0,0,0.0,172,7,0.0,2489
20308,20308,0,0,0,0.0,145,7,0.0,2578
20309,20309,0,0,0,0.0,118,7,9.531,2866
20310,20310,0,0,0,0.0,244,7,0.0,2618
20311,20311,0,0,0,0.0,232,7,0.0,2771
20312,20312,0,0,0,0.0,331,7,0.0,2597
20313,20313,0,0,0,0.0,348,7,0.0,2521
20314,20314,5,5,2,2.5,0,7,0.0,2434
20315,20315,0,0,0,0.0,306,7,0.0,2692
20316,20316,0,0,0,0.0,182,7,7.843,2909
20317,20317,0,0,0,0.0,585,7,0.0,2597
20318,20318,0,0,0,0.0,0,7,0.0,2778
20319,20319,0,0,0,0.0,145,7,0.0,2692
20320,20320,158,158,65,2.4308,48,7,0.0,2459
20321,20321,0,0,0,0.0,559,7,0.0,2537
20322,20322,0,0,0,0.0,12,7,7.799,2933
20323,20323,0,0,0,0.0,339,7,0.0,2624
20324,20324,0,0,0,0.0,240,7,8.385,2879
20325,20325,0,0,0,0.0,2055,7,0.0,2537
20326,20326,0,0,0,0.0,743,7,0.0,2678
20327,20327,0,0,0,0.0,970,7,0.0,2734
20328,20328,0,0,0,0.0,103,7,7.965,2970
20329,20329,386,386,126,3.0635,156,7,7.985,2970
20330,20330,0,0,0,0.0,434,7,0.0,2811
20331,20331,0,0,0,0.0,32,7,0.0,2656
20332,20332,55,55,25,2.2,20,7,0.0,2424
20333,20333,0,0,0,0.0,552,7,0.0,2537
20334,20334,353,353,146,2.4178,305,7,0.0,2670
20335,20335,262,262,108,2.4259,25,7,0.0,2670
20336,20336,0,0,0,0.0,266,7,0.0,2670
20337,20337,44,44,18,2.4444,140,7,0.0,2670
20338,20338,116,116,44,2.6364,18,7,0.0,2606
20339,20339,118,118,45,2.6222,23,7,0.0,2606
20340,20340,630,630,296,2.1284,30,7,0.0,2792
20341,20341,421,421,198,2.1263,23,7,0.0,2792
20342,20342,896,896,422,2.1232,182,7,0.0,2767
20343,20343,191,191,90,2.1222,15,7,0.0,2825
20344,20344,39,39,12,3.25,16,7,0.0,2675
20345,20345,699,699,221,3.1629,117,7,0.0,2675
20346,20346,141,141,48,2.9375,44,7,0.0,2634
20347,20347,327,327,110,2.9727,24,7,0.0,2621
20348,20348,94,94,32,2.9375,15,7,0.0,2621
20349,20349,24,24,8,3.0,1,7,0.0,2621
20350,20350,353,353,119,2.9664,31,7,0.0,2621
20351,20351,150,145,46,3.1522,20,7,0.0,2715
20352,20352,263,263,83,3.1687,22,7,0.0,2715
20353,20353,149,149,47,3.1702,16,7,0.0,2715
20354,20354,122,122,39,3.1282,15,7,0.0,2727
20355,20355,64,64,26,2.4615,18,7,0.0,3116
20356,20356,55,55,24,2.2917,18,7,0.0,3070
20357,20357,90,90,36,2.5,19,7,0.0,3116
20358,20358,57,57,23,2.4783,24,7,0.0,3116
20359,20359,175,175,70,2.5,19,7,0.0,3116
20360,20360,14,14,6,2.3333,13,7,0.0,2595
20361,20361,47,47,20,2.35,15,7,0.0,2595
20362,20362,172,172,74,2.3243,23,7,0.0,2815
20363,20363,153,153,66,2.3182,31,7,0.0,2815
20364,20364,16,16,7,2.2857,1,7,0.0,2490
20365,20365,124,124,53,2.3396,17,7,0.0,2815
20366,20366,34,34,11,3.0909,431,7,0.0,2957
20367,20367,119,119,40,2.975,3,7,0.0,2957
20368,20368,195,195,65,3.0,5,7,0.0,2957
20369,20369,378,378,126,3.0,177,7,0.0,3161
20370,20370,144,144,48,3.0,19,7,0.0,3161
20371,20371,84,84,28,3.0,43,7,0.0,3080
20372,20372,57,57,19,3.0,1,7,0.0,3022
20373,20373,120,120,40,3.0,24,7,0.0,3022
20374,20374,59,59,20,2.95,15,7,0.0,3173
20375,20375,62,62,21,2.9524,1,7,0.0,3218
20376,20376,195,195,65,3.0,16,7,0.0,3112
20377,20377,165,165,55,3.0,29,7,0.0,3244
20378,20378,156,156,52,3.0,19,7,0.0,3196
20379,20379,126,126,42,3.0,21,7,0.0,3196
20380,20380,75,75,25,3.0,28,7,0.0,3196
20381,20381,132,132,44,3.0,15,7,0.0,3196
20382,20382,168,168,56,3.0,85,7,0.0,3244
20383,20383,34,34,11,3.0909,1,7,0.0,3112
20384,20384,27,27,9,3.0,281,7,0.0,3147
20385,20385,23,23,8,2.875,16,7,0.0,3227
20386,20386,1142,1142,414,2.7585,85,7,0.0,2714
20387,20387,364,364,132,2.7576,122,7,0.0,2714
20388,20388,114,114,41,2.7805,15,7,0.0,2850
20389,20389,116,116,42,2.7619,16,7,0.0,2850
20390,20390,78,78,30,2.6,223,7,0.0,2894
20391,20391,54,54,21,2.5714,24,7,0.0,2894
20392,20392,0,0,0,0.0,0,7,0.0,3046
20393,20393,86,86,31,2.7742,15,7,0.0,2716
20394,20394,31,31,12,2.5833,1,7,0.0,2894
20395,20395,94,94,36,2.6111,25,7,0.0,2894
20396,20396,104,104,38,2.7368,16,7,0.0,2667
20397,20397,188,188,68,2.7647,22,7,0.0,2667
20398,20398,41,41,15,2.7333,12,7,0.0,2753
20399,20399,141,141,51,2.7647,15,7,0.0,2753
20400,20400,31,31,11,2.8182,1,7,0.0,2667
20401,20401,18,18,7,2.5714,13,7,0.0,2643
20402,20402,97,97,35,2.7714,34,7,0.0,2753
20403,20403,40,40,14,2.8571,1,7,0.0,2753
20404,20404,159,159,59,2.6949,27,7,0.0,2906
20405,20405,99,99,37,2.6757,54,7,0.0,2906
20406,20406,77,77,29,2.6552,32,7,0.0,2799
20407,20407,43,43,17,2.5294,77,7,0.0,2975
20408,20408,107,107,40,2.675,17,7,0.0,2799
20409,20409,150,150,60,2.5,21,7,0.0,2808
20410,20410,78,78,31,2.5161,12,7,0.0,3032
20411,20411,125,0,0,0.0,194,7,0.0,3046
20412,20412,43,43,17,2.5294,12,7,0.0,3032
20413,20413,3,3,1,3.0,18,7,0.0,3182
20414,20414,36,36,12,3.0,0,7,0.0,3032
20415,20415,28,28,11,2.5455,14,7,0.0,2975
20416,20416,60,60,24,2.5,13,7,0.0,3182
20417,20417,145,145,54,2.6852,14,7,0.0,3215
20418,20418,172,172,64,2.6875,22,7,0.0,3215
20419,20419,185,185,74,2.5,22,7,0.0,3032
20420,20420,257,176,51,3.451,114,7,0.0,2881
20421,20421,127,127,37,3.4324,16,7,8.891,2881
20422,20422,131,131,38,3.4474,18,7,0.0,2943
20423,20423,107,107,31,3.4516,14,7,0.0,2943
20424,20424,25,25,7,3.5714,26,7,8.116,2999
20425,20425,0,0,0,0.0,92,7,8.478,2999
20426,20426,0,0,0,0.0,126,7,8.637,2999
20427,20427,11,11,3,3.6667,191,7,8.657,3044
20428,20428,182,182,53,3.434,53,7,8.593,2962
20429,20429,100,100,29,3.4483,118,7,8.617,3044
20430,20430,117,117,34,3.4412,37,7,8.371,3044
20431,20431,155,155,45,3.4444,33,7,0.0,3071
20432,20432,145,138,40,3.45,33,7,0.0,3071
20433,20433,138,138,40,3.45,83,7,0.0,3115
20434,20434,96,96,28,3.4286,18,7,0.0,3115
20435,20435,96,96,28,3.4286,149,7,0.0,3115
20436,20436,100,100,29,3.4483,50,7,0.0,3052
20437,20437,89,89,26,3.4231,3,7,0.0,3115
20438,20438,18,18,7,2.5714,1,7,0.0,2576
20439,20439,3,3,1,3.0,0,7,0.0,2666
20440,20440,230,230,87,2.6437,26,7,0.0,2647
20441,20441,584,584,220,2.6545,45,7,0.0,2739
20442,20442,5,5,2,2.5,0,7,0.0,2719
20443,20443,3,3,1,3.0,0,7,0.0,2719
20444,20444,10,10,4,2.5,0,7,0.0,2786
20445,20445,5,5,2,2.5,12,7,0.0,2786
20446,20446,0,0,0,0.0,0,7,0.0,2729
20447,20447,16,16,6,2.6667,1,7,0.0,2719
20448,20448,23,23,9,2.5556,12,7,0.0,2786
20449,20449,5,5,2,2.5,0,7,0.0,2786
20450,20450,16,16,6,2.6667,12,7,0.0,2719
20451,20451,10,10,4,2.5,0,7,0.0,2786
20452,20452,5,5,2,2.5,0,7,0.0,2786
20453,20453,11,11,4,2.75,23,7,0.0,2786
20454,20454,0,0,0,0.0,546,7,0.0,2868
20455,20455,0,0,0,0.0,51,7,0.0,2868
20456,20456,0,0,0,0.0,28,7,0.0,2868
20457,20457,66,66,25,2.64,16,7,0.0,2536
20458,20458,77,77,31,2.4839,14,7,0.0,2536
20459,20459,85,85,34,2.5,17,7,0.0,2536
20460,20460,167,167,67,2.4925,38,7,0.0,2536
20461,20461,209,209,84,2.4881,24,7,0.0,2536
20462,20462,71,71,29,2.4483,16,7,0.0,2536
20463,20463,167,167,67,2.4925,26,7,0.0,2536
20464,20464,0,0,0,0.0,183,7,4.99,2087
20465,20465,9,9,3,3.0,46,7,4.307,1929
20466,20466,0,0,0,0.0,32,7,0.0,2423
20467,20467,27,27,12,2.25,2,7,0.0,2294
20468,20468,0,0,0,0.0,0,7,0.0,2371
20469,20469,102,102,35,2.9143,36,7,6.028,2211
20470,20470,1586,1586,546,2.9048,76,7,4.242,1906
20471,20471,0,0,0,0.0,0,7,0.0,2371
20472,20472,30,30,10,3.0,11,7,0.0,2132
20473,20473,0,0,0,0.0,0,7,0.0,2279
20474,20474,83,83,38,2.1842,4,7,0.0,2301
20475,20475,11,11,5,2.2,0,7,0.0,2180
20476,20476,2,2,1,2.0,0,7,0.0,2033
20477,20477,0,0,0,0.0,0,7,0.0,2033
20478,20478,13,13,6,2.1667,1,7,0.0,2033
20479,20479,2,2,1,2.0,0,7,0.0,2033
20480,20480,0,0,0,0.0,12,7,0.0,2180
20481,20481,0,0,0,0.0,0,7,0.0,2301
20482,20482,0,0,0,0.0,0,7,0.0,2033
20483,20483,0,0,0,0.0,0,7,0.0,2033
20484,20484,40,40,18,2.2222,13,7,0.0,2033
20485,20485,689,0,0,0.0,3,7,4.201,2027
20486,20486,0,0,0,0.0,0,7,5.075,2027
20487,20487,0,0,0,0.0,0,7,0.0,2184
20488,20488,128,128,44,2.9091,15,7,0.0,2294
20489,20489,35,35,12,2.9167,1,7,5.183,2184
20490,20490,323,323,111,2.9099,55,7,0.0,2184
20491,20491,46,46,16,2.875,15,7,5.027,2184
20492,20492,0,0,0,0.0,0,7,4.792,2184
20493,20493,143,143,49,2.9184,109,7,0.0,2294
20494,20494,30,30,10,3.0,19,7,0.0,2211
20495,20495,47,47,16,2.9375,12,7,5.358,2211
20496,20496,260,260,99,2.6263,27,7,0.0,2568
20497,20497,0,0,0,0.0,142,7,0.0,2568
20498,20498,10,10,4,2.5,0,7,0.0,2376
20499,20499,2,2,1,2.0,0,7,0.0,2376
20500,20500,27,27,10,2.7,1,7,0.0,2520
20501,20501,0,0,0,0.0,0,7,0.0,2376
20502,20502,0,0,0,0.0,0,7,0.0,2376
20503,20503,0,0,0,0.0,0,7,0.0,2376
20504,20504,22,22,9,2.4444,1,7,0.0,2166
20505,20505,0,0,0,0.0,0,7,0.0,2403
20506,20506,42,42,17,2.4706,15,7,0.0,2595
20507,20507,0,0,0,0.0,0,7,0.0,2166
20508,20508,0,0,0,0.0,0,7,0.0,2166
20509,20509,0,0,0,0.0,0,7,0.0,2380
20510,20510,0,0,0,0.0,0,7,0.0,2166
20511,20511,0,0,0,0.0,0,7,0.0,2380
20512,20512,0,0,0,0.0,0,7,0.0,2166
20513,20513,0,0,0,0.0,0,7,0.0,2166
20514,20514,29,29,12,2.4167,1,7,0.0,2380
20515,20515,2,2,1,2.0,0,7,0.0,2166
20516,20516,0,0,0,0.0,0,7,0.0,2166
20517,20517,0,0,0,0.0,0,7,0.0,2166
20518,20518,12,12,5,2.4,0,7,0.0,2380
20519,20519,0,0,0,0.0,0,7,0.0,2380
20520,20520,2,2,1,2.0,0,7,0.0,2380
20521,20521,0,0,0,0.0,142,7,0.0,2578
20522,20522,0,0,0,0.0,223,7,0.0,2578
20523,20523,0,0,0,0.0,98,7,0.0,2489
20524,20524,0,0,0,0.0,267,7,9.41,2866
20525,20525,0,0,0,0.0,25,7,9.146,2922
20526,20526,0,0,0,0.0,511,7,0.0,2489
20527,20527,2,2,1,2.0,93,7,0.0,2771
20528,20528,0,0,0,0.0,57,7,8.432,2866
20529,20529,0,0,0,0.0,210,7,0.0,2771
20530,20530,0,0,0,0.0,232,7,8.578,2922
20531,20531,0,0,0,0.0,126,7,0.0,2618
20532,20532,10,10,4,2.5,137,7,7.816,2955
20533,20533,0,0,0,0.0,169,7,0.0,2771
20534,20534,0,0,0,0.0,82,7,0.0,2771
20535,20535,0,0,0,0.0,265,7,9.401,2909
20536,20536,0,0,0,0.0,2405,7,0.0,2459
20537,20537,16,16,7,2.2857,12,7,0.0,2434
20538,20538,0,0,0,0.0,35,7,0.0,2823
20539,20539,0,0,0,0.0,215,7,7.409,2955
20540,20540,0,0,0,0.0,151,7,0.0,2692
20541,20541,0,0,0,0.0,46,7,0.0,2521
20542,20542,0,0,0,0.0,43,7,0.0,2823
20543,20543,0,0,0,0.0,202,7,0.0,2778
20544,20544,0,0,0,0.0,537,7,0.0,2692
20545,20545,17,17,7,2.4286,440,7,0.0,2462
20546,20546,0,0,0,0.0,272,7,0.0,2685
20547,20547,117,117,49,2.3878,33,7,0.0,2462
20548,20548,0,0,0,0.0,0,7,0.0,2537
20549,20549,0,0,0,0.0,229,7,0.0,2656
20550,20550,0,0,0,0.0,126,7,0.0,2656
20551,20551,7,7,3,2.3333,0,7,0.0,2462
20552,20552,0,0,0,0.0,229,7,0.0,2527
20553,20553,15,15,6,2.5,0,7,0.0,2527
20554,20554,5,5,2,2.5,0,7,0.0,2527
20555,20555,0,0,0,0.0,1181,7,0.0,2527
20556,20556,0,0,0,0.0,0,7,0.0,2475
20557,20557,0,0,0,0.0,13,7,7.659,2933
20558,20558,0,0,0,0.0,75,7,0.0,2778
20559,20559,32,32,14,2.2857,15,7,0.0,2434
20560,20560,0,0,0,0.0,100,7,0.0,2592
20561,20561,0,0,0,0.0,952,7,0.0,2592
20562,20562,235,235,97,2.4227,20,7,0.0,2592
20563,20563,0,0,0,0.0,141,7,0.0,2592
20564,20564,393,393,162,2.4259,33,7,0.0,2592
20565,20565,0,0,0,0.0,78,7,0.0,2670
20566,20566,286,286,118,2.4237,31,7,0.0,2670
20567,20567,120,120,50,2.4,20,7,0.0,2592
20568,20568,179,179,68,2.6324,21,7,0.0,2648
20569,20569,288,288,110,2.6182,35,7,0.0,2648
20570,20570,122,122,47,2.5957,50,7,0.0,2648
20571,20571,131,131,50,2.62,18,7,0.0,2648
20572,20572,45,45,17,2.6471,2,7,0.0,2648
20573,20573,38,38,14,2.7143,2,7,0.0,2606
20574,20574,417,417,159,2.6226,42,7,0.0,2606
20575,20575,145,145,55,2.6364,25,7,0.0,2606
20576,20576,597,597,281,2.1246,24,7,0.0,2865
20577,20577,370,301,142,2.1197,483,7,0.0,2865
20578,20578,0,0,0,0.0,20,7,0.0,2865
20579,20579,175,175,82,2.1341,25,7,0.0,2792
20580,20580,1092,1092,515,2.1204,95,7,0.0,2767
20581,20581,601,601,283,2.1237,51,7,0.0,2825
20582,20582,24,24,11,2.1818,13,7,0.0,2825
20583,20583,816,816,384,2.125,47,7,0.0,2825
20584,20584,241,241,76,3.1711,20,7,0.0,2675
20585,20585,72,72,24,3.0,26,7,0.0,2634
20586,20586,0,0,0,0.0,102,7,0.0,2675
20587,20587,9,9,3,3.0,0,7,0.0,2634
20588,20588,21,21,7,3.0,10,7,0.0,2522
20589,20589,0,0,0,0.0,0,7,0.0,2675
20590,20590,11,11,4,2.75,0,7,0.0,2522
20591,20591,13,13,4,3.25,0,7,0.0,2621
20592,20592,0,0,0,0.0,214,7,0.0,2522
20593,20593,9,9,3,3.0,0,7,0.0,2621
20594,20594,112,112,38,2.9474,56,7,0.0,2551
20595,20595,65,65,22,2.9545,13,7,0.0,2621
20596,20596,0,0,0,0.0,0,7,0.0,2551
20597,20597,106,106,36,2.9444,19,7,0.0,2551
20598,20598,0,0,0,0.0,262,7,0.0,2531
20599,20599,45,45,15,3.0,35,7,0.0,2531
20600,20600,3,3,1,3.0,285,7,0.0,2625
20601,20601,76,76,24,3.1667,13,7,0.0,2715
20602,20602,95,95,30,3.1667,3,7,0.0,2727
20603,20603,54,54,17,3.1765,14,7,0.0,2727
20604,20604,12,12,4,3.0,0,7,0.0,2621
20605,20605,254,254,80,3.175,21,7,0.0,2727
20606,20606,233,233,74,3.1486,19,7,0.0,2727
20607,20607,32,32,10,3.2,1,7,0.0,2727
20608,20608,55,55,22,2.5,16,7,0.0,3116
20609,20609,0,0,0,0.0,0,7,0.0,2595
20610,20610,21,21,9,2.3333,16,7,0.0,2490
20611,20611,98,98,42,2.3333,15,7,0.0,2815
20612,20612,2,2,1,2.0,0,7,0.0,2490
20613,20613,0,0,0,0.0,0,7,0.0,2490
20614,20614,11,11,4,2.75,0,7,0.0,2928
20615,20615,138,138,46,3.0,39,7,0.0,2957
20616,20616,59,59,20,2.95,12,7,0.0,2957
20617,20617,195,195,65,3.0,6,7,0.0,3080
20618,20618,96,96,32,3.0,51,7,0.0,3080
20619,20619,105,105,35,3.0,14,7,0.0,3080
20620,20620,108,108,36,3.0,14,7,0.0,3022
20621,20621,0,0,0,0.0,83,7,0.0,3218
20622,20622,119,119,40,2.975,17,7,0.0,3173
20623,20623,54,54,18,3.0,11,7,0.0,3173
20624,20624,12,12,4,3.0,453,7,0.0,3218
20625,20625,37,37,12,3.0833,17,7,0.0,3112
20626,20626,123,123,41,3.0,3,7,0.0,3196
20627,20627,122,12,4,3.0,210,7,0.0,3112
20628,20628,31,31,10,3.1,4,7,0.0,3112
20629,20629,81,81,27,3.0,12,7,0.0,3196
20630,20630,131,131,47,2.7872,15,7,0.0,3227
20631,20631,11,11,4,2.75,11,7,0.0,3147
20632,20632,60,60,22,2.7273,59,7,0.0,2714
20633,20633,73,0,0,0.0,56,7,0.0,2714
20634,20634,905,905,328,2.7591,134,7,0.0,2812
20635,20635,80,80,29,2.7586,17,7,0.0,2812
20636,20636,572,572,207,2.7633,81,7,0.0,2812
20637,20637,47,47,17,2.7647,13,7,0.0,2850
20638,20638,94,94,34,2.7647,3,7,0.0,2850
20639,20639,20,20,7,2.8571,0,7,0.0,2850
20640,20640,196,196,71,2.7606,6,7,0.0,2850
20641,20641,3,3,1,3.0,0,7,0.0,2894
20642,20642,29,23,8,2.875,13,7,0.0,2716
20643,20643,63,63,23,2.7391,12,7,0.0,2716
20644,20644,6,6,2,3.0,0,7,0.0,2716
20645,20645,86,86,31,2.7742,86,7,0.0,2716
20646,20646,138,138,50,2.76,17,7,0.0,2716
20647,20647,23,23,8,2.875,1,7,0.0,2716
20648,20648,94,94,34,2.7647,46,7,0.0,2667
20649,20649,21,21,8,2.625,0,7,0.0,2643
20650,20650,94,94,34,2.7647,37,7,0.0,2667
20651,20651,184,184,67,2.7463,24,7,0.0,2667
20652,20652,91,91,35,2.6,15,7,0.0,2643
20653,20653,3,3,1,3.0,0,7,0.0,2643
20654,20654,21,21,8,2.625,0,7,0.0,2643
20655,20655,67,67,26,2.5769,3,7,0.0,2643
20656,20656,44,44,17,2.5882,14,7,0.0,2643
20657,20657,0,0,0,0.0,0,7,0.0,2643
20658,20658,30,30,12,2.5,1,7,0.0,2894
20659,20659,36,36,13,2.7692,15,7,0.0,2906
20660,20660,29,29,11,2.6364,1,7,0.0,2906
20661,20661,19,19,7,2.7143,0,7,0.0,2799
20662,20662,99,99,37,2.6757,26,7,0.0,2799
20663,20663,120,120,45,2.6667,16,7,0.0,2799
20664,20664,88,88,33,2.6667,26,7,0.0,2799
20665,20665,61,61,23,2.6522,15,7,0.0,2799
20666,20666,139,139,52,2.6731,16,7,0.0,2799
20667,20667,99,99,37,2.6757,28,7,0.0,2799
20668,20668,33,33,13,2.5385,1,7,0.0,2808
20669,20669,7,0,0,0.0,0,7,0.0,3046
20670,20670,0,0,0,0.0,0,7,0.0,3046
20671,20671,40,40,16,2.5,12,7,0.0,3032
20672,20672,18,18,7,2.5714,0,7,0.0,3032
20673,20673,50,50,20,2.5,12,7,0.0,2975
20674,20674,30,30,12,2.5,1,7,0.0,3182
20675,20675,38,38,15,2.5333,1,7,0.0,3182
20676,20676,106,106,42,2.5238,3,7,0.0,3182
20677,20677,57,57,23,2.4783,2,7,0.0,3182
20678,20678,33,33,13,2.5385,1,7,0.0,3182
20679,20679,78,78,31,2.5161,54,7,0.0,2975
20680,20680,48,48,19,2.5263,13,7,0.0,3126
20681,20681,57,57,23,2.4783,13,7,0.0,3126
20682,20682,17,17,7,2.4286,11,7,0.0,3182
20683,20683,57,57,23,2.4783,33,7,0.0,3126
20684,20684,146,146,58,2.5172,13,7,0.0,2975
20685,20685,56,56,21,2.6667,18,7,0.0,3215
20686,20686,60,60,24,2.5,17,7,0.0,2975
20687,20687,48,48,19,2.5263,13,7,0.0,3126
20688,20688,105,105,39,2.6923,3,7,0.0,3215
20689,20689,99,99,37,2.6757,21,7,0.0,3215
20690,20690,131,131,49,2.6735,15,7,0.0,3215
20691,20691,0,0,0,0.0,62,7,9.947,2881
20692,20692,61,61,18,3.3889,2,7,9.24,2881
20693,20693,7,7,2,3.5,197,7,0.0,2817
20694,20694,14,14,4,3.5,1131,7,0.0,2798
20695,20695,0,0,0,0.0,1440,7,0.0,2847
20696,20696,152,152,44,3.4545,5,7,6.042,2943
20697,20697,0,0,0,0.0,111,7,0.0,2748
20698,20698,298,298,87,3.4253,19,7,0.0,2943
20699,20699,348,348,101,3.4455,43,7,8.909,2962
20700,20700,7,7,2,3.5,407,7,8.709,2962
20701,20701,166,166,48,3.4583,16,7,5.962,3005
20702,20702,165,165,48,3.4375,5,7,5.585,3005
20703,20703,152,152,44,3.4545,17,7,0.0,3005
20704,20704,93,93,27,3.4444,3,7,0.0,3005
20705,20705,145,145,42,3.4524,5,7,0.0,3052
20706,20706,159,159,46,3.4565,6,7,0.0,3052
20707,20707,248,248,72,3.4444,9,7,0.0,3115
20708,20708,199,199,59,3.3729,24,7,0.0,3206
20709,20709,118,118,35,3.3714,5,7,0.0,3206
20710,20710,108,108,32,3.375,15,7,0.0,3206
20711,20711,118,118,35,3.3714,17,7,0.0,3231
20712,20712,51,51,15,3.4,12,7,0.0,3206
20713,20713,108,108,32,3.375,40,7,0.0,3231
20714,20714,64,64,19,3.3684,3,7,0.0,3231
20715,20715,244,244,72,3.3889,21,7,0.0,3231
20716,20716,142,142,42,3.381,17,7,0.0,3255
20717,20717,361,361,107,3.3738,29,7,0.0,3255
20718,20718,0,0,0,0.0,271,7,6.119,3148
20719,20719,10,10,3,3.3333,92,7,6.441,3148
20720,20720,35,35,10,3.5,35,7,6.295,3148
20721,20721,10,10,3,3.3333,35,7,6.519,3148
20722,20722,102,102,30,3.4,66,7,6.448,3148
20723,20723,44,44,13,3.3846,16,7,6.92,3148
20724,20724,84,84,25,3.36,13,7,5.392,3178
20725,20725,0,0,0,0.0,217,7,7.535,3078
20726,20726,0,0,0,0.0,94,7,7.027,3148
20727,20727,84,84,25,3.36,32,7,7.592,3078
20728,20728,0,0,0,0.0,12,7,7.175,3078
20729,20729,58,58,17,3.4118,3,7,8.05,3107
20730,20730,67,67,20,3.35,27,7,6.427,3107
20731,20731,358,358,106,3.3774,28,7,8.298,3078
20732,20732,70,70,21,3.3333,24,7,4.79,3128
20733,20733,44,44,13,3.3846,79,7,0.0,3128
20734,20734,35,35,10,3.5,87,7,0.0,3159
20735,20735,64,64,19,3.3684,15,7,0.0,3159
20736,20736,186,186,55,3.3818,58,7,0.0,3159
20737,20737,212,212,73,2.9041,38,7,0.0,3333
20738,20738,110,108,37,2.9189,65,7,2.034,3271
20739,20739,184,184,63,2.9206,24,7,3.062,3264
20740,20740,121,121,42,2.881,4,7,0.0,3351
20741,20741,47,47,17,2.7647,2,7,0.0,3412
20742,20742,53,53,20,2.65,24,7,0.0,3412
20743,20743,36,36,13,2.7692,1,7,0.0,3412
20744,20744,160,160,55,2.9091,19,7,0.0,3337
20745,20745,67,67,20,3.35,1,7,0.0,3594
20746,20746,418,418,124,3.371,30,7,0.0,3594
20747,20747,257,257,76,3.3816,18,7,0.0,3594
20748,20748,280,280,83,3.3735,21,7,0.0,3594
20749,20749,199,199,59,3.3729,16,7,0.0,3594
20750,20750,199,199,59,3.3729,14,7,0.0,3527
20751,20751,267,267,79,3.3797,16,7,0.0,3527
20752,20752,267,267,79,3.3797,16,7,0.0,3527
20753,20753,156,156,46,3.3913,16,7,0.0,3527
20754,20754,84,84,25,3.36,13,7,0.0,3527
20755,20755,66,66,21,3.1429,1,7,0.0,3521
20756,20756,72,69,22,3.1364,63,7,0.0,3521
20757,20757,171,171,54,3.1667,20,7,0.0,3508
20758,20758,121,121,38,3.1842,17,7,0.0,3508
20759,20759,92,92,29,3.1724,14,7,0.0,3508
20760,20760,229,229,68,3.3676,37,7,0.0,3433
20761,20761,59,59,19,3.1053,1,7,0.0,3508
20762,20762,14,14,4,3.5,0,7,0.0,3445
20763,20763,89,89,28,3.1786,28,7,0.0,3501
20764,20764,66,66,21,3.1429,1,7,0.0,3501
20765,20765,86,86,27,3.1852,15,7,0.0,3501
20766,20766,40,40,12,3.3333,1,7,0.0,3445
20767,20767,29,19,6,3.1667,11,7,0.0,3501
20768,20768,85,85,27,3.1481,13,7,0.0,3653
20769,20769,126,126,40,3.15,27,7,0.0,3653
20770,20770,168,168,53,3.1698,6,7,0.0,3653
20771,20771,68,68,23,2.9565,16,7,0.0,3615
20772,20772,118,118,40,2.95,16,7,0.0,3615
20773,20773,53,53,18,2.9444,17,7,0.0,3615
20774,20774,72,72,24,3.0,14,7,0.0,3615
20775,20775,180,180,61,2.9508,26,7,0.0,3584
20776,20776,3,3,1,3.0,0,7,0.0,3493
20777,20777,96,96,32,3.0,15,7,0.0,3562
20778,20778,130,130,41,3.1707,59,7,0.0,3577
20779,20779,76,76,24,3.1667,20,7,0.0,3493
20780,20780,81,81,27,3.0,104,7,0.0,3597
20781,20781,21,21,7,3.0,1,7,0.0,3562
20782,20782,54,54,17,3.1765,21,7,0.0,3493
20783,20783,130,130,41,3.1707,23,7,0.0,3493
20784,20784,114,114,36,3.1667,27,7,0.0,3493
20785,20785,39,39,12,3.25,19,7,0.0,3577
20786,20786,84,84,28,3.0,21,7,0.0,3597
20787,20787,75,75,25,3.0,22,7,0.0,3597
20788,20788,45,45,15,3.0,14,7,0.0,3585
20789,20789,41,41,13,3.1538,2,7,0.0,3525
20790,20790,69,69,22,3.1364,14,7,0.0,3525
20791,20791,146,146,46,3.1739,26,7,0.0,3525
20792,20792,54,54,17,3.1765,3,7,0.0,3653
20793,20793,171,171,58,2.9483,29,7,0.0,3716
20794,20794,142,142,48,2.9583,36,7,0.0,3716
20795,20795,48,48,16,3.0,14,7,0.0,3680
20796,20796,124,124,42,2.9524,28,7,0.0,3680
20797,20797,81,81,27,3.0,19,7,0.0,3791
20798,20798,87,87,29,3.0,23,7,0.0,3683
20799,20799,32,32,10,3.2,210,7,0.0,3506
20800,20800,84,84,28,3.0,18,7,0.0,3585
20801,20801,341,338,96,3.5208,30,7,0.0,3356
20802,20802,653,653,186,3.5108,49,7,0.0,3280
20803,20803,653,653,186,3.5108,23,7,0.0,3280
20804,20804,261,261,74,3.527,21,7,0.0,3356
20805,20805,70,70,20,3.5,22,7,0.0,3373
20806,20806,76,76,23,3.3043,3,7,0.0,3385
20807,20807,49,49,15,3.2667,2,7,0.0,3385
20808,20808,169,169,48,3.5208,22,7,0.0,3300
20809,20809,745,745,212,3.5142,63,7,0.0,3262
20810,20810,295,295,94,3.1383,34,7,0.0,3340
20811,20811,52,52,18,2.8889,25,7,0.0,3340
20812,20812,290,290,92,3.1522,35,7,0.0,3289
20813,20813,110,110,35,3.1429,21,7,0.0,3329
20814,20814,481,481,153,3.1438,98,7,0.0,3289
20815,20815,174,174,55,3.1636,27,7,0.0,3329
20816,20816,145,145,46,3.1522,245,7,0.0,3417
20817,20817,0,0,0,0.0,49,7,0.0,3417
20818,20818,346,346,110,3.1455,47,7,0.0,3381
20819,20819,3,3,1,3.0,0,7,0.0,4118
20820,20820,3,3,1,3.0,0,7,0.0,3905
20821,20821,0,0,0,0.0,0,7,0.0,4621
20822,20822,104,104,35,2.9714,32,7,0.0,4473
20823,20823,0,0,0,0.0,0,7,0.0,4044
20824,20824,0,0,0,0.0,0,7,0.0,3834
20825,20825,15,15,5,3.0,11,7,0.0,4044
20826,20826,0,0,0,0.0,0,7,0.0,4044
20827,20827,3,3,1,3.0,0,7,0.0,4473
20828,20828,6,6,2,3.0,13,7,0.0,4473
20829,20829,433,433,137,3.1606,122,7,0.0,3834
20830,20830,0,0,0,0.0,0,7,0.0,4044
20831,20831,168,168,53,3.1698,44,7,0.0,3887
20832,20832,24,24,8,3.0,1,7,0.0,4044
20833,20833,53,53,18,2.9444,18,7,0.0,4473
20834,20834,0,0,0,0.0,0,7,0.0,4473
20835,20835,24,24,8,3.0,1,7,0.0,4473
20836,20836,267,267,92,2.9022,59,7,0.0,3713
20837,20837,0,0,0,0.0,118,7,0.0,3713
20838,20838,214,214,74,2.8919,34,7,0.0,3879
20839,20839,157,157,54,2.9074,34,7,0.0,3827
20840,20840,416,416,144,2.8889,170,7,0.0,3792
20841,20841,292,292,101,2.8911,42,7,0.0,3770
20842,20842,6,6,2,3.0,0,5,0.0,4623
20843,20843,3,3,1,3.0,0,5,0.0,4542
20844,20844,213,213,75,2.84,64,5,0.0,4474
20845,20845,40,40,14,2.8571,13,5,0.0,4474
20846,20846,42,42,15,2.8,2,5,0.0,4586
20847,20847,0,0,0,0.0,0,5,0.0,4615
20848,20848,197,39,11,3.5455,23,7,0.0,3052
20849,20849,158,0,0,0.0,179,7,0.0,3052
20850,20850,0,0,0,0.0,20,7,0.0,3115
20851,20851,166,166,48,3.4583,56,7,0.0,3052
20852,20852,65,65,19,3.4211,72,7,0.0,3052
20853,20853,114,114,33,3.4545,4,7,0.0,3052
20854,20854,2,0,0,0.0,123,7,6.215,3148
20855,20855,7,7,2,3.5,66,7,6.981,3078
20856,20856,233,233,69,3.3768,31,7,7.305,3078
20857,20857,128,128,38,3.3684,18,7,7.058,3178
20858,20858,102,102,30,3.4,15,7,4.42,3178
20859,20859,226,226,67,3.3731,24,7,7.533,3178
20860,20860,70,70,21,3.3333,15,7,6.089,3178
20861,20861,98,98,29,3.3793,89,7,7.734,3078
20862,20862,60,60,18,3.3333,58,7,7.555,3107
20863,20863,44,44,13,3.3846,88,7,8.172,3107
20864,20864,95,95,28,3.3929,17,7,6.568,3107
20865,20865,77,77,23,3.3478,3,7,6.545,3107
20866,20866,28,28,8,3.5,35,7,5.646,3128
20867,20867,84,84,25,3.36,14,7,0.0,3128
20868,20868,95,95,28,3.3929,16,7,4.338,3128
20869,20869,40,40,12,3.3333,13,7,0.0,3159
20870,20870,64,64,19,3.3684,63,7,0.0,3128
20871,20871,132,132,39,3.3846,37,7,0.0,3159
20872,20872,88,88,26,3.3846,21,7,0.0,3159
20873,20873,223,223,66,3.3788,63,7,0.0,3159
20874,20874,118,118,35,3.3714,15,7,0.0,3159
20875,20875,449,449,133,3.3759,33,7,0.0,3198
20876,20876,179,179,53,3.3774,26,7,0.0,3198
20877,20877,127,125,37,3.3784,50,7,0.0,3198
20878,20878,170,170,58,2.931,19,7,0.0,3378
20879,20879,137,137,47,2.9149,19,7,0.0,3378
20880,20880,140,140,48,2.9167,20,7,0.0,3351
20881,20881,96,96,35,2.7429,13,7,0.0,3412
20882,20882,225,225,77,2.9221,23,7,0.0,3351
20883,20883,161,161,55,2.9273,18,7,0.0,3337
20884,20884,184,178,61,2.918,8,7,0.0,3337
20885,20885,195,195,67,2.9104,9,7,0.0,3337
20886,20886,64,64,19,3.3684,1,7,0.0,3527
20887,20887,142,142,42,3.381,18,7,0.0,3527
20888,20888,10,10,3,3.3333,0,7,0.0,3527
20889,20889,118,40,12,3.3333,59,7,0.0,3454
20890,20890,192,179,53,3.3774,34,7,0.0,3454
20891,20891,101,101,30,3.3667,12,7,0.0,3454
20892,20892,60,60,18,3.3333,12,7,0.0,3527
20893,20893,38,38,11,3.4545,0,7,0.0,3521
20894,20894,76,76,24,3.1667,13,7,0.0,3521
20895,20895,38,38,11,3.4545,0,7,0.0,3454
20896,20896,96,96,30,3.2,33,7,0.0,3521
20897,20897,21,21,6,3.5,18,7,0.0,3454
20898,20898,80,80,25,3.2,15,7,0.0,3521
20899,20899,45,45,14,3.2143,1,7,0.0,3521
20900,20900,7,7,2,3.5,0,7,0.0,3521
20901,20901,66,66,21,3.1429,42,7,0.0,3521
20902,20902,50,50,16,3.125,0,7,0.0,3508
20903,20903,84,76,24,3.1667,24,7,0.0,3508
20904,20904,89,89,28,3.1786,14,7,0.0,3508
20905,20905,38,38,12,3.1667,0,7,0.0,3508
20906,20906,60,60,19,3.1579,1,7,0.0,3501
20907,20907,83,83,26,3.1923,16,7,0.0,3501
20908,20908,98,98,31,3.1613,5,7,0.0,3653
20909,20909,56,3,1,3.0,24,7,0.0,3653
20910,20910,21,21,7,3.0,14,7,0.0,3615
20911,20911,196,196,64,3.0625,9,7,0.0,3615
20912,20912,6,6,2,3.0,0,7,0.0,3584
20913,20913,127,127,43,2.9535,6,7,0.0,3562
20914,20914,87,87,29,3.0,20,7,0.0,3562
20915,20915,9,9,3,3.0,0,7,0.0,3562
20916,20916,26,26,8,3.25,1,7,0.0,3577
20917,20917,92,92,29,3.1724,16,7,0.0,3577
20918,20918,10,10,3,3.3333,0,7,0.0,3493
20919,20919,3,3,1,3.0,0,7,0.0,3493
20920,20920,93,93,31,3.0,29,7,0.0,3597
20921,20921,51,51,16,3.1875,2,7,0.0,3493
20922,20922,3,3,1,3.0,0,7,0.0,3577
20923,20923,3,3,1,3.0,0,7,0.0,3577
20924,20924,35,35,11,3.1818,105,7,0.0,3525
20925,20925,208,89,28,3.1786,106,7,0.0,3525
20926,20926,78,78,26,3.0,17,7,0.0,3716
20927,20927,74,74,25,2.96,40,7,0.0,3680
20928,20928,165,165,56,2.9464,28,7,0.0,3680
20929,20929,127,127,43,2.9535,5,7,0.0,3680
20930,20930,42,42,14,3.0,26,7,0.0,3791
20931,20931,59,59,20,2.95,13,7,0.0,3791
20932,20932,48,48,16,3.0,22,7,0.0,3704
20933,20933,56,56,19,2.9474,15,7,0.0,3704
20934,20934,48,48,16,3.0,21,7,0.0,3704
20935,20935,39,39,13,3.0,2,7,0.0,3704
20936,20936,39,39,13,3.0,2,7,0.0,3704
20937,20937,104,104,35,2.9714,17,7,0.0,3683
20938,20938,164,164,56,2.9286,21,7,0.0,3683
20939,20939,48,48,16,3.0,2,7,0.0,3683
20940,20940,87,87,29,3.0,17,7,0.0,3585
20941,20941,81,81,27,3.0,19,7,0.0,3585
20942,20942,84,84,28,3.0,24,7,0.0,3585
20943,20943,39,39,13,3.0,22,7,0.0,3585
20944,20944,56,56,19,2.9474,3,7,0.0,3585
20945,20945,144,144,41,3.5122,15,7,0.0,3356
20946,20946,166,166,47,3.5319,18,7,0.0,3356
20947,20947,411,411,117,3.5128,112,7,0.0,3217
20948,20948,547,547,156,3.5064,68,7,0.0,3217
20949,20949,186,186,53,3.5094,20,7,0.0,3217
20950,20950,88,88,25,3.52,48,7,0.0,3217
20951,20951,0,0,0,0.0,96,7,0.0,3217
20952,20952,59,59,17,3.4706,128,7,0.0,3217
20953,20953,63,63,18,3.5,12,7,0.0,3373
20954,20954,183,183,52,3.5192,95,7,0.0,3300
20955,20955,120,109,31,3.5161,25,7,0.0,3300
20956,20956,14,14,4,3.5,0,7,0.0,3373
20957,20957,0,0,0,0.0,39,7,0.0,3300
20958,20958,0,0,0,0.0,382,7,0.0,3236
20959,20959,253,253,72,3.5139,24,7,0.0,3300
20960,20960,0,0,0,0.0,41,7,0.0,3300
20961,20961,449,449,128,3.5078,113,7,0.0,3262
20962,20962,98,98,33,2.9697,6,7,0.0,3340
20963,20963,94,94,30,3.1333,61,7,0.0,3289
20964,20964,49,49,17,2.8824,15,7,0.0,3430
20965,20965,69,69,22,3.1364,4,7,0.0,3329
20966,20966,59,59,19,3.1053,20,7,0.0,3329
20967,20967,95,95,32,2.9688,17,7,0.0,3430
20968,20968,78,78,25,3.12,4,7,0.0,3329
20969,20969,66,66,21,3.1429,4,7,0.0,3329
20970,20970,132,132,42,3.1429,18,7,0.0,3312
20971,20971,120,120,38,3.1579,21,7,0.0,3312
20972,20972,98,98,33,2.9697,16,7,0.0,3381
20973,20973,32,32,10,3.2,2,7,0.0,3381
20974,20974,98,98,31,3.1613,5,7,0.0,3381
20975,20975,171,171,54,3.1667,20,7,0.0,3381
20976,20976,195,195,62,3.1452,101,7,0.0,3381
20977,20977,86,86,29,2.9655,17,7,0.0,3409
20978,20978,39,39,13,3.0,2,7,0.0,3409
20979,20979,101,101,34,2.9706,22,7,0.0,3409
20980,20980,36,36,12,3.0,12,7,0.0,3409
20981,20981,89,89,30,2.9667,17,7,0.0,3430
20982,20982,12,12,4,3.0,1,7,0.0,3430
20983,20983,77,77,26,2.9615,21,7,0.0,3430
20984,20984,0,0,0,0.0,0,7,0.0,4118
20985,20985,0,0,0,0.0,0,7,0.0,4473
20986,20986,13,13,4,3.25,0,7,0.0,3834
20987,20987,0,0,0,0.0,0,7,0.0,4473
20988,20988,0,0,0,0.0,0,7,0.0,3905
20989,20989,0,0,0,0.0,0,7,0.0,4473
20990,20990,16,16,5,3.2,0,7,0.0,3834
20991,20991,303,303,102,2.9706,38,7,0.0,4044
20992,20992,101,101,32,3.1562,37,7,0.0,3834
20993,20993,0,0,0,0.0,0,7,0.0,4044
20994,20994,40,12,4,3.0,3,7,0.0,4473
20995,20995,3,3,1,3.0,0,7,0.0,4044
20996,20996,51,39,12,3.25,16,7,0.0,3834
20997,20997,12,12,4,3.0,1,7,0.0,4044
20998,20998,0,0,0,0.0,0,7,0.0,4044
20999,20999,3,3,1,3.0,44,7,0.0,3834
21000,21000,10,10,3,3.3333,0,7,0.0,3887
21001,21001,0,0,0,0.0,0,7,0.0,3887
21002,21002,154,154,53,2.9057,23,7,0.0,3713
21003,21003,270,270,93,2.9032,42,7,0.0,3713
21004,21004,66,66,23,2.8696,52,7,0.0,3713
21005,21005,158,136,47,2.8936,60,7,0.0,3660
21006,21006,84,84,29,2.8966,19,7,0.0,3713
21007,21007,72,72,25,2.88,19,7,0.0,3660
21008,21008,63,63,22,2.8636,18,7,0.0,3660
21009,21009,30,30,10,3.0,14,7,0.0,3660
21010,21010,90,90,31,2.9032,8,7,0.0,3660
21011,21011,127,127,44,2.8864,25,7,0.0,3660
21012,21012,0,0,0,0.0,196,7,0.0,3660
21013,21013,180,180,62,2.9032,46,7,0.0,3660
21014,21014,169,169,58,2.9138,33,7,0.0,3879
21015,21015,62,62,22,2.8182,16,7,0.0,3879
21016,21016,0,0,0,0.0,0,7,0.0,3879
21017,21017,108,108,37,2.9189,10,7,0.0,3827
21018,21018,114,114,39,2.9231,24,7,0.0,3827
21019,21019,93,93,32,2.9062,22,7,0.0,3827
21020,21020,69,69,24,2.875,17,7,0.0,3827
21021,21021,96,96,33,2.9091,9,7,0.0,3827
21022,21022,87,87,30,2.9,7,7,0.0,3827
21023,21023,49,49,17,2.8824,4,7,0.0,3827
21024,21024,6,6,2,3.0,0,7,0.0,3792
21025,21025,180,180,62,2.9032,35,7,0.0,3792
21026,21026,324,324,112,2.8929,58,7,0.0,3770
21027,21027,84,84,29,2.8966,8,7,0.0,3770
21028,21028,0,0,0,0.0,0,7,0.0,3555
21029,21029,20,20,7,2.8571,1,5,0.0,4541
21030,21030,29,29,10,2.9,12,5,0.0,4557
21031,21031,6,6,2,3.0,22,5,0.0,4547
21032,21032,157,157,56,2.8036,30,5,0.0,4542
21033,21033,40,40,14,2.8571,2,5,0.0,4474
21034,21034,94,94,33,2.8485,15,5,0.0,4474
21035,21035,73,73,26,2.8077,16,5,0.0,4474
21036,21036,16,16,6,2.6667,0,5,0.0,4474
21037,21037,26,26,9,2.8889,13,5,0.0,4474
21038,21038,48,48,17,2.8235,15,5,0.0,4615
21039,21039,149,149,53,2.8113,24,5,0.0,4615
21040,21040,6,6,2,3.0,0,5,0.0,4693
21041,21041,180,180,64,2.8125,23,5,0.0,4693
21042,21042,110,110,37,2.973,67,5,0.0,4649
21043,21043,15,15,5,3.0,0,5,0.0,4649
21044,21044,27,27,9,3.0,1,5,0.0,4649
21045,21045,15,15,5,3.0,0,5,0.0,4633
21046,21046,104,104,35,2.9714,26,5,0.0,4634
21047,21047,36,36,12,3.0,1,5,0.0,4633
21048,21048,33,33,11,3.0,15,5,0.0,4615
21049,21049,0,0,0,0.0,0,5,0.0,4618
21050,21050,86,86,29,2.9655,3,5,0.0,4618
21051,21051,709,709,240,2.9542,47,5,0.0,4642
21052,21052,15,15,5,3.0,0,5,0.0,4642
21053,21053,30,30,10,3.0,12,5,0.0,4642
21054,21054,42,42,14,3.0,2,5,0.0,4622
21055,21055,6,6,2,3.0,0,5,0.0,4650
21056,21056,18,18,6,3.0,0,5,0.0,4650
21057,21057,0,0,0,0.0,63,5,0.0,4650
21058,21058,12,12,4,3.0,0,5,0.0,4638
21059,21059,6,6,2,3.0,0,5,0.0,4622
21060,21060,42,42,14,3.0,13,5,0.0,4622
21061,21061,15,15,5,3.0,0,5,0.0,4638
21062,21062,18,18,6,3.0,0,5,0.0,4632
21063,21063,49,49,17,2.8824,75,5,0.0,4595
21064,21064,39,39,13,3.0,15,5,0.0,4622
21065,21065,45,45,15,3.0,16,5,0.0,4595
21066,21066,12,12,4,3.0,0,5,0.0,4632
21067,21067,0,0,0,0.0,55,5,0.0,4632
21068,21068,15,15,5,3.0,0,5,0.0,4625
21069,21069,0,0,0,0.0,32,5,0.0,4632
21070,21070,45,45,15,3.0,13,5,0.0,4595
21071,21071,3,3,1,3.0,0,5,0.0,4650
21072,21072,26,26,9,2.8889,1,5,0.0,4651
21073,21073,436,436,151,2.8874,37,5,0.0,4665
21074,21074,0,0,0,0.0,0,5,0.0,4736
21075,21075,0,0,0,0.0,0,5,0.0,4736
21076,21076,0,0,0,0.0,0,5,0.0,4736
21077,21077,0,0,0,0.0,0,5,0.0,4736
21078,21078,0,0,0,0.0,0,5,0.0,4809
21079,21079,99,99,41,2.4146,59,5,0.0,4809
21080,21080,0,0,0,0.0,0,5,0.0,4736
21081,21081,2,2,1,2.0,0,5,0.0,4736
21082,21082,246,246,102,2.4118,39,5,0.0,4755
21083,21083,55,55,23,2.3913,16,5,0.0,4755
21084,21084,2,2,1,2.0,0,5,0.0,4809
21085,21085,17,17,7,2.4286,2,5,0.0,4653
21086,21086,7,7,3,2.3333,0,5,0.0,4809
21087,21087,7,7,3,2.3333,34,5,0.0,4809
21088,21088,5,5,2,2.5,167,5,0.0,4776
21089,21089,19,19,8,2.375,112,5,0.0,4719
21090,21090,75,75,31,2.4194,19,5,0.0,4734
21091,21091,36,36,15,2.4,3,5,0.0,4776
21092,21092,44,44,18,2.4444,14,5,0.0,4776
21093,21093,2,2,1,2.0,0,5,0.0,4776
21094,21094,36,36,15,2.4,13,5,0.0,4776
21095,21095,166,166,69,2.4058,34,5,0.0,4740
21096,21096,22,22,9,2.4444,39,5,0.0,4776
21097,21097,15,15,4,3.75,1,5,0.0,4712
21098,21098,27,27,7,3.8571,2,5,0.0,4731
21099,21099,67,67,18,3.7222,4,5,0.0,4707
21100,21100,99,99,26,3.8077,22,5,0.0,4731
21101,21101,34,34,9,3.7778,3,5,0.0,4731
21102,21102,15,15,4,3.75,1,5,0.0,4731
21103,21103,28,28,10,2.8,12,5,0.0,4815
21104,21104,3,3,1,3.0,15,5,0.0,4815
21105,21105,41,41,14,2.9286,29,5,0.0,4772
21106,21106,9,9,3,3.0,13,5,0.0,4772
21107,21107,117,117,40,2.925,29,5,0.0,4772
21108,21108,26,26,9,2.8889,1,5,0.0,4745
21109,21109,151,151,52,2.9038,17,5,0.0,4772
21110,21110,38,38,13,2.9231,12,5,0.0,4772
21111,21111,35,35,12,2.9167,14,5,0.0,4772
21112,21112,715,715,245,2.9184,90,5,0.0,4761
21113,21113,23,23,8,2.875,1,5,0.0,4745
21114,21114,44,44,15,2.9333,1,5,0.0,4745
21115,21115,49,49,17,2.8824,2,5,0.0,4745
21116,21116,125,125,43,2.907,25,5,0.0,4744
21117,21117,35,35,12,2.9167,1,5,0.0,4744
21118,21118,55,55,19,2.8947,2,5,0.0,4711
21119,21119,128,128,44,2.9091,22,5,0.0,4744
21120,21120,162,162,56,2.8929,18,5,0.0,4772
21121,21121,177,177,61,2.9016,26,5,0.0,4772
21122,21122,162,162,56,2.8929,33,5,0.0,4744
21123,21123,0,0,0,0.0,0,5,0.0,4808
21124,21124,60,60,22,2.7273,2,5,0.0,4771
21125,21125,6,6,2,3.0,0,5,0.0,4759
21126,21126,187,187,68,2.75,25,5,0.0,4782
21127,21127,0,0,0,0.0,20,5,0.0,4782
21128,21128,0,0,0,0.0,0,5,0.0,4782
21129,21129,147,147,53,2.7736,17,5,0.0,4782
21130,21130,14,14,5,2.8,0,5,0.0,4773
21131,21131,0,0,0,0.0,126,5,0.0,4747
21132,21132,1371,1371,496,2.7641,88,5,0.0,4747
21133,21133,0,0,0,0.0,0,5,0.0,4763
21134,21134,17,17,6,2.8333,10,5,0.0,4763
21135,21135,799,799,289,2.7647,127,5,0.0,4771
21136,21136,190,190,69,2.7536,6,5,0.0,4783
21137,21137,173,173,63,2.746,26,5,0.0,4783
21138,21138,11,11,4,2.75,0,8,0.0,4849
21139,21139,0,0,0,0.0,0,8,0.0,4849
21140,21140,0,0,0,0.0,0,8,0.0,4849
21141,21141,0,0,0,0.0,0,8,0.0,4849
21142,21142,0,0,0,0.0,0,8,0.0,4849
21143,21143,0,0,0,0.0,0,8,0.0,4839
21144,21144,6,6,2,3.0,0,8,0.0,4839
21145,21145,0,0,0,0.0,0,8,0.0,4839
21146,21146,6,6,2,3.0,0,8,0.0,4839
21147,21147,25,25,9,2.7778,0,8,0.0,4870
21148,21148,25,25,9,2.7778,0,8,0.0,4839
21149,21149,0,0,0,0.0,48,8,0.0,4870
21150,21150,0,0,0,0.0,0,8,0.0,4839
21151,21151,0,0,0,0.0,0,8,0.0,4839
21152,21152,8,8,3,2.6667,0,8,0.0,4839
21153,21153,0,0,0,0.0,50,8,0.0,4876
21154,21154,0,0,0,0.0,0,8,0.0,4818
21155,21155,0,0,0,0.0,0,8,0.0,4818
21156,21156,0,0,0,0.0,0,8,0.0,4899
21157,21157,97,0,0,0.0,25,8,0.0,4876
21158,21158,0,0,0,0.0,0,8,0.0,4818
21159,21159,3,3,1,3.0,0,8,0.0,4844
21160,21160,0,0,0,0.0,0,8,0.0,4818
21161,21161,272,266,94,2.8298,42,5,0.0,4612
21162,21162,20,20,7,2.8571,17,5,0.0,4612
21163,21163,34,34,12,2.8333,13,5,0.0,4612
21164,21164,37,37,13,2.8462,14,5,0.0,4541
21165,21165,111,111,39,2.8462,22,5,0.0,4541
21166,21166,0,0,0,0.0,0,5,0.0,4693
21167,21167,45,45,15,3.0,2,5,0.0,4649
21168,21168,21,21,7,3.0,13,5,0.0,4633
21169,21169,18,18,6,3.0,0,5,0.0,4633
21170,21170,15,15,5,3.0,0,5,0.0,4634
21171,21171,64,64,22,2.9091,17,5,0.0,4646
21172,21172,9,9,3,3.0,0,5,0.0,4618
21173,21173,21,21,7,3.0,0,5,0.0,4618
21174,21174,12,12,4,3.0,0,5,0.0,4642
21175,21175,3,3,1,3.0,0,5,0.0,4622
21176,21176,0,0,0,0.0,166,5,0.0,4650
21177,21177,27,27,9,3.0,1,5,0.0,4642
21178,21178,18,18,6,3.0,0,5,0.0,4595
21179,21179,24,24,8,3.0,12,5,0.0,4622
21180,21180,12,12,4,3.0,0,5,0.0,4622
21181,21181,6,6,2,3.0,0,5,0.0,4622
21182,21182,0,0,0,0.0,0,5,0.0,4595
21183,21183,18,18,6,3.0,11,5,0.0,4642
21184,21184,18,18,6,3.0,12,5,0.0,4622
21185,21185,36,36,12,3.0,1,5,0.0,4622
21186,21186,14,6,2,3.0,0,5,0.0,4650
21187,21187,15,15,5,3.0,0,5,0.0,4638
21188,21188,18,18,6,3.0,12,5,0.0,4622
21189,21189,15,15,5,3.0,11,5,0.0,4638
21190,21190,0,0,0,0.0,71,5,0.0,4649
21191,21191,3,3,1,3.0,19,5,0.0,4638
21192,21192,0,0,0,0.0,0,5,0.0,4595
21193,21193,0,0,0,0.0,46,5,0.0,4649
21194,21194,42,42,14,3.0,12,5,0.0,4622
21195,21195,0,0,0,0.0,0,5,0.0,4638
21196,21196,52,52,18,2.8889,2,5,0.0,4595
21197,21197,15,15,5,3.0,0,5,0.0,4632
21198,21198,0,0,0,0.0,18,5,0.0,4649
21199,21199,12,12,4,3.0,14,5,0.0,4632
21200,21200,9,9,3,3.0,22,5,0.0,4633
21201,21201,15,15,5,3.0,0,5,0.0,4625
21202,21202,0,0,0,0.0,40,5,0.0,4633
21203,21203,18,18,6,3.0,0,5,0.0,4625
21204,21204,0,0,0,0.0,27,5,0.0,4625
21205,21205,15,15,5,3.0,16,5,0.0,4625
21206,21206,0,0,0,0.0,38,5,0.0,4633
21207,21207,0,0,0,0.0,17,5,0.0,4633
21208,21208,45,45,15,3.0,2,5,0.0,4595
21209,21209,3,3,1,3.0,0,5,0.0,4625
21210,21210,0,0,0,0.0,20,5,0.0,4625
21211,21211,9,9,3,3.0,0,5,0.0,4625
21212,21212,3,3,1,3.0,0,5,0.0,4625
21213,21213,49,49,17,2.8824,15,5,0.0,4651
21214,21214,29,29,10,2.9,1,5,0.0,4651
21215,21215,49,49,17,2.8824,14,5,0.0,4651
21216,21216,23,23,8,2.875,12,5,0.0,4657
21217,21217,384,384,133,2.8872,432,5,0.0,4660
21218,21218,14,14,5,2.8,0,5,0.0,4660
21219,21219,0,0,0,0.0,33,5,0.0,4650
21220,21220,0,0,0,0.0,344,5,0.0,4665
21221,21221,3,3,1,3.0,57,5,0.0,4665
21222,21222,214,214,74,2.8919,24,5,0.0,4665
21223,21223,49,49,17,2.8824,2,5,0.0,4670
21224,21224,9,9,4,2.25,0,5,0.0,4736
21225,21225,5,5,2,2.5,0,5,0.0,4736
21226,21226,178,178,74,2.4054,35,5,0.0,4719
21227,21227,57,57,24,2.375,5,5,0.0,4776
21228,21228,2,2,1,2.0,0,5,0.0,4809
21229,21229,7,7,3,2.3333,25,5,0.0,4653
21230,21230,10,10,4,2.5,1,5,0.0,4653
21231,21231,5,5,2,2.5,0,5,0.0,4809
21232,21232,12,12,5,2.4,21,5,0.0,4719
21233,21233,93,93,39,2.3846,21,5,0.0,4653
21234,21234,5,5,2,2.5,0,5,0.0,4719
21235,21235,17,17,7,2.4286,16,5,0.0,4755
21236,21236,75,75,31,2.4194,6,5,0.0,4719
21237,21237,17,17,7,2.4286,13,5,0.0,4776
21238,21238,10,10,4,2.5,28,5,0.0,4653
21239,21239,41,41,17,2.4118,4,5,0.0,4776
21240,21240,17,17,7,2.4286,18,5,0.0,4734
21241,21241,17,17,7,2.4286,2,5,0.0,4776
21242,21242,104,104,43,2.4186,20,5,0.0,4653
21243,21243,10,10,4,2.5,1,5,0.0,4734
21244,21244,7,7,3,2.3333,13,5,0.0,4809
21245,21245,5,5,2,2.5,0,5,0.0,4776
21246,21246,53,53,22,2.4091,16,5,0.0,4719
21247,21247,41,41,17,2.4118,26,5,0.0,4653
21248,21248,5,5,2,2.5,0,5,0.0,4776
21249,21249,19,19,8,2.375,2,5,0.0,4776
21250,21250,10,10,4,2.5,1,5,0.0,4734
21251,21251,2,2,1,2.0,0,5,0.0,4776
21252,21252,17,17,7,2.4286,1,5,0.0,4776
21253,21253,12,12,5,2.4,1,5,0.0,4776
21254,21254,10,10,4,2.5,1,5,0.0,4776
21255,21255,27,27,11,2.4545,22,5,0.0,4776
21256,21256,5,5,2,2.5,0,5,0.0,4776
21257,21257,17,17,7,2.4286,38,5,0.0,4740
21258,21258,0,0,0,0.0,0,5,0.0,4776
21259,21259,12,12,5,2.4,1,5,0.0,4740
21260,21260,29,29,12,2.4167,2,5,0.0,4739
21261,21261,2,2,1,2.0,0,5,0.0,4776
21262,21262,34,34,14,2.4286,3,5,0.0,4739
21263,21263,19,19,8,2.375,21,5,0.0,4739
21264,21264,32,32,13,2.4615,29,5,0.0,4739
21265,21265,0,0,0,0.0,0,5,0.0,4809
21266,21266,43,12,5,2.4,3,5,0.0,4809
21267,21267,2,2,1,2.0,0,5,0.0,4809
21268,21268,64,64,17,3.7647,4,5,0.0,4712
21269,21269,144,144,38,3.7895,27,5,0.0,4712
21270,21270,56,56,15,3.7333,3,5,0.0,4712
21271,21271,15,15,4,3.75,14,5,0.0,4731
21272,21272,59,59,16,3.6875,20,5,0.0,4731
21273,21273,27,27,7,3.8571,14,5,0.0,4731
21274,21274,60,60,16,3.75,3,5,0.0,4731
21275,21275,42,42,11,3.8182,15,5,0.0,4727
21276,21276,103,103,27,3.8148,6,5,0.0,4727
21277,21277,63,63,17,3.7059,20,5,0.0,4705
21278,21278,30,30,8,3.75,14,5,0.0,4727
21279,21279,4,4,1,4.0,0,5,0.0,4711
21280,21280,135,135,50,2.7,31,5,0.0,4710
21281,21281,29,29,11,2.6364,3,5,0.0,4708
21282,21282,76,49,18,2.7222,9,5,0.0,4708
21283,21283,5,5,2,2.5,17,5,0.0,4681
21284,21284,21,21,7,3.0,12,5,0.0,4815
21285,21285,3,3,1,3.0,0,5,0.0,4815
21286,21286,26,26,9,2.8889,13,5,0.0,4772
21287,21287,52,52,18,2.8889,18,5,0.0,4772
21288,21288,3,3,1,3.0,0,5,0.0,4815
21289,21289,6,6,2,3.0,0,5,0.0,4815
21290,21290,6,6,2,3.0,0,5,0.0,4772
21291,21291,29,29,10,2.9,1,5,0.0,4772
21292,21292,0,0,0,0.0,0,5,0.0,4772
21293,21293,6,6,2,3.0,0,5,0.0,4772
21294,21294,44,44,15,2.9333,2,5,0.0,4772
21295,21295,25,25,9,2.7778,23,5,0.0,4745
21296,21296,85,85,29,2.931,23,5,0.0,4745
21297,21297,0,0,0,0.0,0,5,0.0,4745
21298,21298,12,12,4,3.0,0,5,0.0,4745
21299,21299,52,52,18,2.8889,13,5,0.0,4744
21300,21300,3,3,1,3.0,0,5,0.0,4711
21301,21301,15,15,5,3.0,0,5,0.0,4711
21302,21302,15,15,5,3.0,11,5,0.0,4711
21303,21303,3,3,1,3.0,0,5,0.0,4711
21304,21304,3,3,1,3.0,0,5,0.0,4711
21305,21305,12,12,4,3.0,0,5,0.0,4711
21306,21306,0,0,0,0.0,0,5,0.0,4711
21307,21307,38,38,13,2.9231,1,5,0.0,4745
21308,21308,182,182,63,2.8889,6,5,0.0,4772
21309,21309,111,111,38,2.9211,20,5,0.0,4772
21310,21310,195,195,67,2.9104,17,5,0.0,4772
21311,21311,85,85,29,2.931,3,5,0.0,4745
21312,21312,185,185,64,2.8906,17,5,0.0,4745
21313,21313,245,245,84,2.9167,25,5,0.0,4754
21314,21314,180,180,62,2.9032,80,5,0.0,4754
21315,21315,222,222,76,2.9211,23,5,0.0,4754
21316,21316,128,128,44,2.9091,16,5,0.0,4745
21317,21317,230,230,79,2.9114,18,5,0.0,4754
21318,21318,242,242,83,2.9157,22,5,0.0,4744
21319,21319,131,131,45,2.9111,17,5,0.0,4744
21320,21320,127,127,44,2.8864,38,5,0.0,4744
21321,21321,116,116,40,2.9,16,5,0.0,4744
21322,21322,26,26,9,2.8889,0,5,0.0,4744
21323,21323,138,138,50,2.76,21,5,0.0,4759
21324,21324,127,127,46,2.7609,15,5,0.0,4782
21325,21325,0,0,0,0.0,29,5,0.0,4782
21326,21326,517,517,187,2.7647,36,5,0.0,4782
21327,21327,0,0,0,0.0,0,5,0.0,4782
21328,21328,0,0,0,0.0,31,5,0.0,4782
21329,21329,96,96,35,2.7429,15,5,0.0,4782
21330,21330,135,135,49,2.7551,17,5,0.0,4782
21331,21331,147,147,53,2.7736,17,5,0.0,4782
21332,21332,0,0,0,0.0,0,5,0.0,4773
21333,21333,62,62,23,2.6957,14,5,0.0,4773
21334,21334,47,47,17,2.7647,16,5,0.0,4773
21335,21335,6,6,2,3.0,0,5,0.0,4763
21336,21336,19,19,7,2.7143,16,5,0.0,4763
21337,21337,0,0,0,0.0,0,5,0.0,4763
21338,21338,0,0,0,0.0,0,5,0.0,4763
21339,21339,0,0,0,0.0,0,5,0.0,4763
21340,21340,99,99,36,2.75,38,5,0.0,4782
21341,21341,147,147,53,2.7736,6,5,0.0,4747
21342,21342,296,296,107,2.7664,22,5,0.0,4747
21343,21343,8,8,3,2.6667,0,5,0.0,4747
21344,21344,36,36,13,2.7692,1,5,0.0,4747
21345,21345,0,0,0,0.0,0,5,0.0,4747
21346,21346,17,17,6,2.8333,0,5,0.0,4773
21347,21347,54,54,20,2.7,2,5,0.0,4747
21348,21348,0,0,0,0.0,0,5,0.0,4773
21349,21349,31,31,11,2.8182,11,5,0.0,4773
21350,21350,0,0,0,0.0,0,5,0.0,4773
21351,21351,8,8,3,2.6667,0,5,0.0,4763
21352,21352,17,17,6,2.8333,0,5,0.0,4763
21353,21353,0,0,0,0.0,0,5,0.0,4763
21354,21354,14,14,5,2.8,0,5,0.0,4763
21355,21355,8,8,3,2.6667,0,5,0.0,4763
21356,21356,36,36,13,2.7692,1,5,0.0,4763
21357,21357,19,19,7,2.7143,0,5,0.0,4763
21358,21358,6,6,2,3.0,0,5,0.0,4763
21359,21359,17,17,6,2.8333,0,5,0.0,4763
21360,21360,14,14,5,2.8,0,5,0.0,4763
21361,21361,0,0,0,0.0,0,5,0.0,4763
21362,21362,2,2,1,2.0,21,5,0.0,4815
21363,21363,0,0,0,0.0,0,5,0.0,4783
21364,21364,0,0,0,0.0,0,5,0.0,4783
21365,21365,3,3,1,3.0,0,5,0.0,4808
21366,21366,3,3,1,3.0,0,5,0.0,4808
21367,21367,209,209,76,2.75,29,5,0.0,4783
21368,21368,108,108,39,2.7692,17,5,0.0,4783
21369,21369,182,182,66,2.7576,24,5,0.0,4783
21370,21370,122,122,44,2.7727,19,5,0.0,4783
21371,21371,0,0,0,0.0,0,5,0.0,4783
21372,21372,44,44,16,2.75,1,5,0.0,4783
21373,21373,0,0,0,0.0,0,8,0.0,4839
21374,21374,0,0,0,0.0,0,8,0.0,4839
21375,21375,0,0,0,0.0,0,8,0.0,4839
21376,21376,0,0,0,0.0,0,8,0.0,4839
21377,21377,0,0,0,0.0,0,8,0.0,4839
21378,21378,0,0,0,0.0,0,5,0.0,4818
21379,21379,0,0,0,0.0,0,5,0.0,4818
21380,21380,6,6,2,3.0,0,8,0.0,4876
21381,21381,6,6,2,3.0,0,8,0.0,4844
21382,21382,0,0,0,0.0,0,5,0.0,4818
21383,21383,0,0,0,0.0,0,8,0.0,4855
21384,21384,0,0,0,0.0,0,8,0.0,4876
21385,21385,0,0,0,0.0,0,8,0.0,4818
21386,21386,3,3,1,3.0,0,8,0.0,4844
21387,21387,0,0,0,0.0,0,8,0.0,4818
21388,21388,0,0,0,0.0,0,8,0.0,4844
21389,21389,0,0,0,0.0,0,8,0.0,4893
21390,21390,0,0,0,0.0,0,8,0.0,4893
21391,21391,14,14,5,2.8,0,8,0.0,4855
21392,21392,27,27,10,2.7,0,8,0.0,4855
21393,21393,0,0,0,0.0,0,8,0.0,4881
21394,21394,8,8,3,2.6667,0,8,0.0,4881
21395,21395,0,0,0,0.0,0,8,0.0,4819
21396,21396,0,0,0,0.0,0,8,0.0,4819
21397,21397,6,6,2,3.0,0,8,0.0,4844
21398,21398,104,104,38,2.7368,14,8,0.0,4893
21399,21399,28,28,10,2.8,1,8,0.0,4893
21400,21400,0,0,0,0.0,0,5,0.0,4819
21401,21401,0,0,0,0.0,0,8,0.0,4844
21402,21402,41,41,15,2.7333,1,8,0.0,4881
21403,21403,0,0,0,0.0,0,8,0.0,4889
21404,21404,215,215,78,2.7564,17,8,0.0,4889
21405,21405,25,25,9,2.7778,14,8,0.0,4889
21406,21406,19,19,7,2.7143,0,8,0.0,4871
21407,21407,8,8,3,2.6667,47,8,0.0,4889
21408,21408,8,8,3,2.6667,21,8,0.0,4871
21409,21409,19,19,7,2.7143,0,8,0.0,4882
21410,21410,19,19,7,2.7143,0,8,0.0,4889
21411,21411,0,0,0,0.0,0,8,0.0,4882
21412,21412,181,181,66,2.7424,5,8,0.0,4882
21413,21413,14,14,5,2.8,20,8,0.0,4879
21414,21414,0,0,0,0.0,0,8,0.0,4879
21415,21415,316,316,115,2.7478,40,8,0.0,4882
21416,21416,0,0,0,0.0,0,8,0.0,4882
21417,21417,0,0,0,0.0,0,8,0.0,4882
21418,21418,217,217,79,2.7468,19,8,0.0,4882
21419,21419,0,0,0,0.0,109,8,0.0,4882
21420,21420,137,137,50,2.74,16,8,0.0,4882
21421,21421,62,62,23,2.6957,2,8,0.0,4882
21422,21422,158,158,58,2.7241,26,8,0.0,4879
21423,21423,0,0,0,0.0,0,8,0.0,4230
21424,21424,0,0,0,0.0,0,8,0.0,4631
21425,21425,0,0,0,0.0,0,8,0.0,4770
21426,21426,9,9,4,2.25,0,8,0.0,4770
21427,21427,2,2,1,2.0,0,8,0.0,4770
21428,21428,0,0,0,0.0,0,8,0.0,4770
21429,21429,0,0,0,0.0,0,8,0.0,4770
21430,21430,0,0,0,0.0,0,8,0.0,4770
21431,21431,14,14,6,2.3333,11,8,0.0,4770
21432,21432,0,0,0,0.0,0,8,0.0,4770
21433,21433,0,0,0,0.0,0,8,0.0,4631
21434,21434,5,5,2,2.5,0,8,0.0,4631
21435,21435,0,0,0,0.0,0,8,0.0,4770
21436,21436,7,7,3,2.3333,0,8,0.0,4770
21437,21437,33,33,14,2.3571,12,8,0.0,4770
21438,21438,0,0,0,0.0,0,8,0.0,4770
21439,21439,7,7,3,2.3333,0,8,0.0,4770
21440,21440,0,0,0,0.0,0,8,0.0,4770
21441,21441,12,12,5,2.4,1,8,0.0,4770
21442,21442,7,7,3,2.3333,15,8,0.0,4770
21443,21443,0,0,0,0.0,0,8,0.0,4631
21444,21444,0,0,0,0.0,0,8,0.0,4770
21445,21445,19,19,8,2.375,12,8,0.0,4770
21446,21446,19,19,8,2.375,1,8,0.0,4824
21447,21447,0,0,0,0.0,0,8,0.0,4770
21448,21448,0,0,0,0.0,0,8,0.0,4770
21449,21449,58,58,25,2.32,3,8,0.0,4746
21450,21450,0,0,0,0.0,0,8,0.0,4824
21451,21451,0,0,0,0.0,0,8,0.0,4824
21452,21452,0,0,0,0.0,0,8,0.0,4746
21453,21453,0,0,0,0.0,12,8,0.0,4824
21454,21454,0,0,0,0.0,31,8,0.0,4824
21455,21455,7,7,3,2.3333,0,8,0.0,4746
21456,21456,24,5,2,2.5,1,8,0.0,4746
21457,21457,0,0,0,0.0,0,8,0.0,4824
21458,21458,0,0,0,0.0,0,8,0.0,4824
21459,21459,0,0,0,0.0,0,8,0.0,4824
21460,21460,0,0,0,0.0,0,8,0.0,4824
21461,21461,7,7,3,2.3333,0,8,0.0,4737
21462,21462,115,115,49,2.3469,8,8,0.0,4801
21463,21463,16,16,7,2.2857,1,8,0.0,4801
21464,21464,14,14,6,2.3333,0,8,0.0,4801
21465,21465,9,9,4,2.25,0,8,0.0,4801
21466,21466,0,0,0,0.0,0,8,0.0,4737
21467,21467,14,14,6,2.3333,1,8,0.0,4801
21468,21468,23,23,10,2.3,1,8,0.0,4801
21469,21469,0,0,0,0.0,0,8,0.0,4737
21470,21470,0,0,0,0.0,0,8,0.0,4737
21471,21471,7,7,3,2.3333,0,8,0.0,4737
21472,21472,14,14,6,2.3333,0,8,0.0,4836
21473,21473,0,0,0,0.0,0,8,0.0,4737
21474,21474,0,0,0,0.0,0,8,0.0,4836
21475,21475,9,9,4,2.25,0,8,0.0,4836
21476,21476,2,2,1,2.0,0,8,0.0,4737
21477,21477,2,2,1,2.0,0,8,0.0,4836
21478,21478,29,29,13,2.2308,14,8,0.0,4836
21479,21479,12,12,5,2.4,0,8,0.0,4836
21480,21480,5,5,2,2.5,0,8,0.0,4737
21481,21481,26,26,11,2.3636,1,8,0.0,4814
21482,21482,2,2,1,2.0,0,8,0.0,4836
21483,21483,0,0,0,0.0,0,8,0.0,4737
21484,21484,0,0,0,0.0,0,8,0.0,4737
21485,21485,0,0,0,0.0,0,8,0.0,4737
21486,21486,0,0,0,0.0,0,8,0.0,4814
21487,21487,0,0,0,0.0,0,8,0.0,4814
21488,21488,42,42,18,2.3333,2,8,0.0,4814
21489,21489,0,0,0,0.0,0,8,0.0,4737
21490,21490,0,0,0,0.0,0,8,0.0,4814
21491,21491,2,2,1,2.0,0,8,0.0,4814
21492,21492,0,0,0,0.0,0,8,0.0,4814
21493,21493,0,0,0,0.0,0,8,0.0,4809
21494,21494,0,0,0,0.0,0,8,0.0,4809
21495,21495,0,0,0,0.0,0,8,0.0,4809
21496,21496,0,0,0,0.0,0,8,0.0,4814
21497,21497,0,0,0,0.0,0,8,0.0,4841
21498,21498,26,26,11,2.3636,1,8,0.0,4805
21499,21499,29,29,13,2.2308,1,8,0.0,4841
21500,21500,0,0,0,0.0,0,8,0.0,4841
21501,21501,98,98,42,2.3333,18,8,0.0,4841
21502,21502,33,33,14,2.3571,12,8,0.0,4841
21503,21503,9,9,4,2.25,0,8,0.0,4841
21504,21504,2,2,1,2.0,0,8,0.0,4841
21505,21505,2,2,1,2.0,0,8,0.0,4841
21506,21506,0,0,0,0.0,0,8,0.0,4874
21507,21507,0,0,0,0.0,0,8,0.0,4841
21508,21508,24,0,0,0.0,1,8,0.0,4841
21509,21509,516,516,221,2.3348,47,8,0.0,4805
21510,21510,26,0,0,0.0,30,8,0.0,4824
21511,21511,72,72,31,2.3226,37,8,0.0,4874
21512,21512,26,26,11,2.3636,2,8,0.0,4824
21513,21513,65,65,28,2.3214,15,8,0.0,4824
21514,21514,0,0,0,0.0,158,8,0.0,4854
21515,21515,0,0,0,0.0,0,8,0.0,4824
21516,21516,0,0,0,0.0,0,8,0.0,4854
21517,21517,19,19,8,2.375,1,8,0.0,4880
21518,21518,25,25,11,2.2727,2,8,0.0,4880
21519,21519,14,14,6,2.3333,0,8,0.0,4880
21520,21520,9,9,4,2.25,0,8,0.0,4880
21521,21521,35,35,15,2.3333,49,8,0.0,4880
21522,21522,5,5,2,2.5,0,8,0.0,4854
21523,21523,7,7,3,2.3333,0,8,0.0,4880
21524,21524,0,0,0,0.0,0,8,0.0,4880
21525,21525,0,0,0,0.0,0,8,0.0,4854
21526,21526,29,29,13,2.2308,2,8,0.0,4880
21527,21527,88,88,38,2.3158,6,8,0.0,4836
21528,21528,5,5,2,2.5,0,8,0.0,4878
21529,21529,12,12,5,2.4,0,8,0.0,4836
21530,21530,0,0,0,0.0,0,8,0.0,4895
21531,21531,0,0,0,0.0,0,8,0.0,4866
21532,21532,0,0,0,0.0,0,8,0.0,4895
21533,21533,0,0,0,0.0,0,8,0.0,4836
21534,21534,0,0,0,0.0,0,8,0.0,4866
21535,21535,0,0,0,0.0,0,8,0.0,4836
21536,21536,0,0,0,0.0,0,8,0.0,4895
21537,21537,19,19,8,2.375,0,8,0.0,4836
21538,21538,0,0,0,0.0,0,8,0.0,4878
21539,21539,16,16,7,2.2857,0,8,0.0,4866
21540,21540,0,0,0,0.0,0,8,0.0,4836
21541,21541,0,0,0,0.0,0,8,0.0,4866
21542,21542,0,0,0,0.0,0,8,0.0,4895
21543,21543,0,0,0,0.0,0,8,0.0,4878
21544,21544,0,0,0,0.0,0,8,0.0,4836
21545,21545,7,7,3,2.3333,0,8,0.0,4833
21546,21546,0,0,0,0.0,0,8,0.0,4851
21547,21547,19,19,8,2.375,0,8,0.0,4851
21548,21548,0,0,0,0.0,0,8,0.0,4833
21549,21549,2,2,1,2.0,0,8,0.0,4833
21550,21550,0,0,0,0.0,12,8,0.0,4833
21551,21551,0,0,0,0.0,0,8,0.0,4833
21552,21552,0,0,0,0.0,0,8,0.0,4836
21553,21553,0,0,0,0.0,0,8,0.0,4851
21554,21554,14,14,6,2.3333,14,8,0.0,4858
21555,21555,5,5,2,2.5,0,8,0.0,4851
21556,21556,0,0,0,0.0,0,8,0.0,4851
21557,21557,14,14,6,2.3333,15,8,0.0,4851
21558,21558,2,2,1,2.0,35,8,0.0,4851
21559,21559,2,2,1,2.0,0,8,0.0,4851
21560,21560,5,5,2,2.5,0,8,0.0,4866
21561,21561,9,9,4,2.25,21,8,0.0,4851
21562,21562,9,9,4,2.25,0,8,0.0,4851
21563,21563,0,0,0,0.0,0,8,0.0,4866
21564,21564,9,9,4,2.25,0,8,0.0,4890
21565,21565,5,5,2,2.5,0,8,0.0,4866
21566,21566,14,14,6,2.3333,0,8,0.0,4890
21567,21567,0,0,0,0.0,0,8,0.0,4833
21568,21568,6,6,3,2.0,0,8,0.0,4833
21569,21569,18,18,10,1.8,2,8,0.0,4846
21570,21570,0,0,0,0.0,10,8,0.0,4846
21571,21571,42,42,23,1.8261,3,8,0.0,4846
21572,21572,2,2,1,2.0,0,8,0.0,4846
21573,21573,4,4,2,2.0,11,8,0.0,4859
21574,21574,11,11,6,1.8333,1,8,0.0,4846
21575,21575,2,2,1,2.0,32,8,0.0,4846
21576,21576,0,0,0,0.0,0,8,0.0,4847
21577,21577,0,0,0,0.0,0,8,0.0,4830
21578,21578,4,4,2,2.0,0,8,0.0,4847
21579,21579,13,13,7,1.8571,1,8,0.0,4847
21580,21580,0,0,0,0.0,0,8,0.0,4847
21581,21581,0,0,0,0.0,0,8,0.0,4847
21582,21582,0,0,0,0.0,0,8,0.0,4830
21583,21583,11,11,6,1.8333,1,8,0.0,4849
21584,21584,17,17,9,1.8889,2,8,0.0,4849
21585,21585,22,22,12,1.8333,2,8,0.0,4867
21586,21586,29,29,16,1.8125,2,8,0.0,4849
21587,21587,35,35,19,1.8421,20,8,0.0,4849
21588,21588,0,0,0,0.0,24,8,0.0,4867
21589,21589,0,0,0,0.0,0,8,0.0,4867
21590,21590,44,44,24,1.8333,3,8,0.0,4849
21591,21591,0,0,0,0.0,0,8,0.0,4867
21592,21592,1,1,1,1.0,0,8,0.0,4867
21593,21593,4,4,2,2.0,0,8,0.0,4849
21594,21594,4,4,2,2.0,32,8,0.0,4867
21595,21595,20,20,11,1.8182,2,8,0.0,4839
21596,21596,6,6,3,2.0,0,8,0.0,4867
21597,21597,31,31,17,1.8235,3,8,0.0,4867
21598,21598,22,22,12,1.8333,2,8,0.0,4867
21599,21599,6,6,3,2.0,0,8,0.0,4867
21600,21600,0,0,0,0.0,0,8,0.0,4818
21601,21601,0,0,0,0.0,0,8,0.0,4876
21602,21602,0,0,0,0.0,0,8,0.0,4893
21603,21603,0,0,0,0.0,0,8,0.0,4818
21604,21604,0,0,0,0.0,0,8,0.0,4893
21605,21605,0,0,0,0.0,12,8,0.0,4844
21606,21606,0,0,0,0.0,0,5,0.0,4819
21607,21607,0,0,0,0.0,0,5,0.0,4819
21608,21608,3,3,1,3.0,17,8,0.0,4881
21609,21609,29,29,11,2.6364,1,8,0.0,4871
21610,21610,5,5,2,2.5,0,8,0.0,4889
21611,21611,33,33,12,2.75,1,8,0.0,4889
21612,21612,11,11,4,2.75,15,8,0.0,4889
21613,21613,0,0,0,0.0,0,8,0.0,4871
21614,21614,14,14,5,2.8,15,8,0.0,4871
21615,21615,19,19,7,2.7143,11,8,0.0,4871
21616,21616,25,25,9,2.7778,0,8,0.0,4871
21617,21617,14,14,5,2.8,0,8,0.0,4871
21618,21618,14,14,5,2.8,0,8,0.0,4871
21619,21619,14,14,5,2.8,20,8,0.0,4871
21620,21620,0,0,0,0.0,0,8,0.0,4879
21621,21621,0,0,0,0.0,0,5,0.0,4818
21622,21622,0,0,0,0.0,0,8,0.0,4839
21623,21623,3,3,1,3.0,0,8,0.0,4882
21624,21624,0,0,0,0.0,0,8,0.0,4882
21625,21625,0,0,0,0.0,0,8,0.0,4882
21626,21626,51,51,19,2.6842,12,8,0.0,4879
21627,21627,107,107,39,2.7436,14,8,0.0,4882
21628,21628,51,51,19,2.6842,16,8,0.0,4879
21629,21629,0,0,0,0.0,45,8,0.0,4882
21630,21630,0,0,0,0.0,0,8,0.0,4879
21631,21631,0,0,0,0.0,0,8,0.0,4230
21632,21632,0,0,0,0.0,0,8,0.0,4631
21633,21633,5,5,2,2.5,0,8,0.0,4770
21634,21634,0,0,0,0.0,0,8,0.0,4770
21635,21635,7,7,3,2.3333,0,8,0.0,4770
21636,21636,0,0,0,0.0,0,8,0.0,4770
21637,21637,0,0,0,0.0,24,8,0.0,4631
21638,21638,0,0,0,0.0,0,8,0.0,4770
21639,21639,84,84,36,2.3333,18,8,0.0,4770
21640,21640,0,0,0,0.0,0,8,0.0,4631
21641,21641,0,0,0,0.0,0,8,0.0,4770
21642,21642,5,5,2,2.5,0,8,0.0,4770
21643,21643,9,9,4,2.25,15,8,0.0,4770
21644,21644,0,0,0,0.0,0,8,0.0,4770
21645,21645,0,0,0,0.0,0,8,0.0,4230
21646,21646,0,0,0,0.0,0,8,0.0,4631
21647,21647,0,0,0,0.0,0,8,0.0,4631
21648,21648,0,0,0,0.0,11,8,0.0,4631
21649,21649,0,0,0,0.0,0,8,0.0,4631
21650,21650,0,0,0,0.0,0,8,0.0,4770
21651,21651,0,0,0,0.0,0,8,0.0,4770
21652,21652,0,0,0,0.0,0,8,0.0,4770
21653,21653,0,0,0,0.0,0,8,0.0,4770
21654,21654,2,2,1,2.0,0,8,0.0,4631
21655,21655,0,0,0,0.0,0,8,0.0,4746
21656,21656,0,0,0,0.0,0,8,0.0,4631
21657,21657,2,2,1,2.0,0,8,0.0,4746
21658,21658,5,5,2,2.5,0,8,0.0,4746
21659,21659,26,26,11,2.3636,1,8,0.0,4746
21660,21660,16,16,7,2.2857,0,8,0.0,4746
21661,21661,0,0,0,0.0,0,8,0.0,4631
21662,21662,0,0,0,0.0,0,8,0.0,4746
21663,21663,12,12,5,2.4,0,8,0.0,4746
21664,21664,2,2,1,2.0,0,8,0.0,4746
21665,21665,0,0,0,0.0,0,8,0.0,4746
21666,21666,0,0,0,0.0,0,8,0.0,4746
21667,21667,14,14,6,2.3333,0,8,0.0,4746
21668,21668,0,0,0,0.0,11,8,0.0,4746
21669,21669,12,12,5,2.4,0,8,0.0,4746
21670,21670,26,26,11,2.3636,48,8,0.0,4746
21671,21671,7,7,3,2.3333,0,8,0.0,4746
21672,21672,72,72,31,2.3226,5,8,0.0,4746
21673,21673,35,35,15,2.3333,2,8,0.0,4746
21674,21674,82,82,35,2.3429,6,8,0.0,4746
21675,21675,0,0,0,0.0,0,8,0.0,4746
21676,21676,0,0,0,0.0,0,8,0.0,4770
21677,21677,0,0,0,0.0,0,8,0.0,4746
21678,21678,47,47,20,2.35,3,8,0.0,4746
21679,21679,0,0,0,0.0,11,8,0.0,4746
21680,21680,0,0,0,0.0,0,8,0.0,4746
21681,21681,29,29,13,2.2308,2,8,0.0,4746
21682,21682,25,25,11,2.2727,2,8,0.0,4746
21683,21683,0,0,0,0.0,0,8,0.0,4746
21684,21684,0,0,0,0.0,0,8,0.0,4746
21685,21685,5,5,2,2.5,0,8,0.0,4746
21686,21686,7,7,3,2.3333,0,8,0.0,4746
21687,21687,7,7,3,2.3333,34,8,0.0,4746
21688,21688,0,0,0,0.0,12,8,0.0,4770
21689,21689,110,14,6,2.3333,38,8,0.0,4631
21690,21690,0,0,0,0.0,0,8,0.0,4737
21691,21691,0,0,0,0.0,0,8,0.0,4737
21692,21692,0,0,0,0.0,0,8,0.0,4801
21693,21693,7,7,3,2.3333,0,8,0.0,4801
21694,21694,0,0,0,0.0,0,8,0.0,4737
21695,21695,2,2,1,2.0,0,8,0.0,4737
21696,21696,0,0,0,0.0,0,8,0.0,4737
21697,21697,0,0,0,0.0,0,8,0.0,4737
21698,21698,0,0,0,0.0,0,8,0.0,4737
21699,21699,5,5,2,2.5,0,8,0.0,4737
21700,21700,0,0,0,0.0,0,8,0.0,4814
21701,21701,2,2,1,2.0,0,8,0.0,4737
21702,21702,0,0,0,0.0,0,8,0.0,4737
21703,21703,0,0,0,0.0,0,8,0.0,4814
21704,21704,2,2,1,2.0,0,8,0.0,4737
21705,21705,0,0,0,0.0,0,8,0.0,4737
21706,21706,0,0,0,0.0,0,8,0.0,4814
21707,21707,0,0,0,0.0,0,8,0.0,4814
21708,21708,0,0,0,0.0,0,8,0.0,4814
21709,21709,7,7,3,2.3333,0,8,0.0,4814
21710,21710,0,0,0,0.0,0,8,0.0,4814
21711,21711,0,0,0,0.0,0,8,0.0,4737
21712,21712,0,0,0,0.0,0,8,0.0,4737
21713,21713,0,0,0,0.0,0,8,0.0,4737
21714,21714,0,0,0,0.0,0,8,0.0,4814
21715,21715,0,0,0,0.0,0,8,0.0,4809
21716,21716,0,0,0,0.0,0,8,0.0,4809
21717,21717,0,0,0,0.0,0,8,0.0,4737
21718,21718,0,0,0,0.0,0,8,0.0,4805
21719,21719,9,9,4,2.25,0,8,0.0,4805
21720,21720,0,0,0,0.0,0,8,0.0,4805
21721,21721,9,9,4,2.25,0,8,0.0,4805
21722,21722,0,0,0,0.0,0,8,0.0,4805
21723,21723,2,2,1,2.0,0,8,0.0,4805
21724,21724,2,2,1,2.0,0,8,0.0,4805
21725,21725,0,0,0,0.0,0,8,0.0,4805
21726,21726,7,7,3,2.3333,0,8,0.0,4805
21727,21727,0,0,0,0.0,0,8,0.0,4805
21728,21728,25,25,11,2.2727,2,8,0.0,4841
21729,21729,19,19,8,2.375,1,8,0.0,4841
21730,21730,0,0,0,0.0,0,8,0.0,4805
21731,21731,0,0,0,0.0,0,8,0.0,4841
21732,21732,9,9,4,2.25,0,8,0.0,4841
21733,21733,16,16,7,2.2857,1,8,0.0,4805
21734,21734,0,0,0,0.0,0,8,0.0,4841
21735,21735,38,38,16,2.375,50,8,0.0,4805
21736,21736,12,12,5,2.4,1,8,0.0,4841
21737,21737,58,58,25,2.32,151,8,0.0,4824
21738,21738,0,0,0,0.0,0,8,0.0,4880
21739,21739,0,0,0,0.0,0,8,0.0,4880
21740,21740,5,5,2,2.5,0,8,0.0,4874
21741,21741,0,0,0,0.0,0,8,0.0,4874
21742,21742,0,0,0,0.0,0,8,0.0,4880
21743,21743,0,0,0,0.0,0,8,0.0,4880
21744,21744,12,12,5,2.4,1,8,0.0,4880
21745,21745,29,29,13,2.2308,3,8,0.0,4880
21746,21746,7,7,3,2.3333,0,8,0.0,4880
21747,21747,5,5,2,2.5,0,8,0.0,4880
21748,21748,42,42,18,2.3333,15,8,0.0,4880
21749,21749,29,29,13,2.2308,2,8,0.0,4854
21750,21750,5,5,2,2.5,0,8,0.0,4854
21751,21751,2,2,1,2.0,0,8,0.0,4880
21752,21752,26,26,11,2.3636,16,8,0.0,4880
21753,21753,9,9,4,2.25,0,8,0.0,4880
21754,21754,0,0,0,0.0,0,8,0.0,4880
21755,21755,2,2,1,2.0,0,8,0.0,4880
21756,21756,5,5,2,2.5,0,8,0.0,4878
21757,21757,9,9,4,2.25,0,8,0.0,4880
21758,21758,0,0,0,0.0,0,8,0.0,4880
21759,21759,0,0,0,0.0,0,8,0.0,4880
21760,21760,0,0,0,0.0,0,8,0.0,4880
21761,21761,0,0,0,0.0,0,8,0.0,4880
21762,21762,5,5,2,2.5,0,8,0.0,4878
21763,21763,0,0,0,0.0,0,8,0.0,4880
21764,21764,0,0,0,0.0,0,8,0.0,4880
21765,21765,7,7,3,2.3333,51,8,0.0,4878
21766,21766,0,0,0,0.0,0,8,0.0,4878
21767,21767,2,2,1,2.0,0,8,0.0,4878
21768,21768,0,0,0,0.0,0,8,0.0,4880
21769,21769,0,0,0,0.0,0,8,0.0,4878
21770,21770,0,0,0,0.0,0,8,0.0,4878
21771,21771,0,0,0,0.0,0,8,0.0,4878
21772,21772,0,0,0,0.0,0,8,0.0,4878
21773,21773,0,0,0,0.0,0,8,0.0,4878
21774,21774,0,0,0,0.0,0,8,0.0,4878
21775,21775,0,0,0,0.0,0,8,0.0,4866
21776,21776,0,0,0,0.0,0,8,0.0,4878
21777,21777,0,0,0,0.0,0,8,0.0,4866
21778,21778,0,0,0,0.0,0,8,0.0,4895
21779,21779,0,0,0,0.0,0,8,0.0,4866
21780,21780,0,0,0,0.0,0,8,0.0,4878
21781,21781,2,2,1,2.0,0,8,0.0,4866
21782,21782,0,0,0,0.0,0,8,0.0,4833
21783,21783,0,0,0,0.0,0,8,0.0,4836
21784,21784,0,0,0,0.0,0,8,0.0,4851
21785,21785,0,0,0,0.0,0,8,0.0,4866
21786,21786,2,2,1,2.0,0,8,0.0,4858
21787,21787,2,2,1,2.0,25,8,0.0,4866
21788,21788,0,0,0,0.0,0,8,0.0,4809
21789,21789,0,0,0,0.0,0,8,0.0,4866
21790,21790,2,2,1,2.0,0,8,0.0,4866
21791,21791,0,0,0,0.0,0,8,0.0,4833
21792,21792,0,0,0,0.0,0,8,0.0,4809
21793,21793,0,0,0,0.0,0,8,0.0,4833
21794,21794,0,0,0,0.0,0,8,0.0,4809
21795,21795,0,0,0,0.0,0,8,0.0,4809
21796,21796,0,0,0,0.0,0,8,0.0,4809
21797,21797,0,0,0,0.0,0,8,0.0,4846
21798,21798,9,9,4,2.25,0,8,0.0,4858
21799,21799,9,9,4,2.25,0,8,0.0,4866
21800,21800,2,2,1,2.0,0,8,0.0,4809
21801,21801,0,0,0,0.0,0,8,0.0,4851
21802,21802,0,0,0,0.0,0,8,0.0,4851
21803,21803,2,2,1,2.0,0,8,0.0,4858
21804,21804,0,0,0,0.0,0,8,0.0,4809
21805,21805,5,5,2,2.5,0,8,0.0,4809
21806,21806,0,0,0,0.0,0,8,0.0,4866
21807,21807,0,0,0,0.0,0,8,0.0,4866
21808,21808,0,0,0,0.0,0,8,0.0,4866
21809,21809,2,2,1,2.0,0,8,0.0,4866
21810,21810,2,2,1,2.0,0,8,0.0,4866
21811,21811,0,0,0,0.0,0,8,0.0,4858
21812,21812,0,0,0,0.0,0,8,0.0,4833
21813,21813,0,0,0,0.0,0,8,0.0,4833
21814,21814,4,4,2,2.0,0,8,0.0,4833
21815,21815,2,2,1,2.0,0,8,0.0,4833
21816,21816,0,0,0,0.0,0,8,0.0,4833
21817,21817,0,0,0,0.0,0,8,0.0,4836
21818,21818,0,0,0,0.0,0,8,0.0,4833
21819,21819,26,26,14,1.8571,2,8,0.0,4846
21820,21820,11,11,6,1.8333,1,8,0.0,4859
21821,21821,0,0,0,0.0,0,8,0.0,4833
21822,21822,4,4,2,2.0,0,8,0.0,4846
21823,21823,0,0,0,0.0,0,8,0.0,4833
21824,21824,4,4,2,2.0,0,8,0.0,4859
21825,21825,0,0,0,0.0,0,8,0.0,4846
21826,21826,11,11,6,1.8333,1,8,0.0,4846
21827,21827,0,0,0,0.0,0,8,0.0,4830
21828,21828,0,0,0,0.0,0,8,0.0,4846
21829,21829,11,11,6,1.8333,1,8,0.0,4846
21830,21830,0,0,0,0.0,0,8,0.0,4846
21831,21831,7,7,4,1.75,1,8,0.0,4846
21832,21832,0,0,0,0.0,0,8,0.0,4833
21833,21833,24,24,13,1.8462,2,8,0.0,4846
21834,21834,4,4,2,2.0,0,8,0.0,4846
21835,21835,1,1,1,1.0,0,8,0.0,4846
21836,21836,0,0,0,0.0,13,8,0.0,4809
21837,21837,0,0,0,0.0,0,8,0.0,4833
21838,21838,4,4,2,2.0,0,8,0.0,4846
21839,21839,6,6,3,2.0,0,8,0.0,4846
21840,21840,0,0,0,0.0,0,8,0.0,4846
21841,21841,11,11,6,1.8333,1,8,0.0,4847
21842,21842,4,4,2,2.0,0,8,0.0,4847
21843,21843,0,0,0,0.0,0,8,0.0,4847
21844,21844,0,0,0,0.0,12,8,0.0,4847
21845,21845,0,0,0,0.0,0,8,0.0,4847
21846,21846,0,0,0,0.0,0,8,0.0,4830
21847,21847,0,0,0,0.0,0,8,0.0,4849
21848,21848,0,0,0,0.0,0,8,0.0,4849
21849,21849,0,0,0,0.0,0,8,0.0,4867
21850,21850,7,7,4,1.75,0,8,0.0,4849
21851,21851,17,17,9,1.8889,13,8,0.0,4849
21852,21852,0,0,0,0.0,0,8,0.0,4830
21853,21853,0,0,0,0.0,0,8,0.0,4849
21854,21854,29,29,16,1.8125,3,8,0.0,4849
21855,21855,29,29,16,1.8125,14,8,0.0,4849
21856,21856,0,0,0,0.0,0,8,0.0,4815
21857,21857,0,0,0,0.0,0,8,0.0,4830
21858,21858,0,0,0,0.0,0,8,0.0,4867
21859,21859,4,4,2,2.0,0,8,0.0,4849
21860,21860,11,11,6,1.8333,1,8,0.0,4849
21861,21861,26,26,14,1.8571,2,8,0.0,4849
21862,21862,35,35,19,1.8421,3,8,0.0,4849
21863,21863,11,11,6,1.8333,13,8,0.0,4849
21864,21864,0,0,0,0.0,127,8,0.0,4849
21865,21865,0,0,0,0.0,0,8,0.0,4849
21866,21866,4,4,2,2.0,0,8,0.0,4867
21867,21867,0,0,0,0.0,0,8,0.0,4849
21868,21868,0,0,0,0.0,0,8,0.0,4849
21869,21869,2,2,1,2.0,0,8,0.0,4849
21870,21870,0,0,0,0.0,0,8,0.0,4849
21871,21871,1,1,1,1.0,0,8,0.0,4830
21872,21872,4,4,2,2.0,0,8,0.0,4849
21873,21873,0,0,0,0.0,0,8,0.0,4849
21874,21874,7,7,4,1.75,1,8,0.0,4867
21875,21875,7,7,4,1.75,1,8,0.0,4867
21876,21876,4,4,2,2.0,11,8,0.0,4867
21877,21877,9,9,5,1.8,1,8,0.0,4867
21878,21878,11,11,6,1.8333,1,8,0.0,4867
21879,21879,7,7,4,1.75,11,8,0.0,4867
21880,21880,2,2,1,2.0,0,8,0.0,4870
21881,21881,4,4,2,2.0,0,8,0.0,4870
21882,21882,26,26,14,1.8571,18,8,0.0,4870
21883,21883,9,9,5,1.8,1,8,0.0,4872
21884,21884,39,39,21,1.8571,3,8,0.0,4872
21885,21885,1,1,1,1.0,34,8,0.0,4872
21886,21886,68,68,38,1.7895,4,8,0.0,4872
21887,21887,93,93,51,1.8235,5,8,0.0,4872
21888,21888,41,41,22,1.8636,3,8,0.0,4872
21889,21889,0,0,0,0.0,0,8,0.0,4872
21890,21890,39,39,21,1.8571,3,8,0.0,4872
21891,21891,29,29,16,1.8125,2,8,0.0,4872
21892,21892,4,4,2,2.0,0,8,0.0,4872
21893,21893,39,39,21,1.8571,17,8,0.0,4872
21894,21894,26,26,14,1.8571,2,8,0.0,4872
21895,21895,26,26,14,1.8571,2,8,0.0,4872
21896,21896,0,0,0,0.0,0,8,0.0,4872
21897,21897,18,18,10,1.8,1,8,0.0,4872
21898,21898,7,7,4,1.75,14,8,0.0,4872
21899,21899,0,0,0,0.0,0,8,0.0,4890
21900,21900,7,7,4,1.75,0,8,0.0,4865
21901,21901,41,41,22,1.8636,3,8,0.0,4865
21902,21902,9,9,5,1.8,1,8,0.0,4865
21903,21903,41,41,22,1.8636,13,8,0.0,4865
21904,21904,29,29,16,1.8125,1,8,0.0,4865
21905,21905,23,23,13,1.7692,1,8,0.0,4856
21906,21906,22,22,12,1.8333,1,8,0.0,4859
21907,21907,17,17,9,1.8889,1,8,0.0,4863
21908,21908,7,7,4,1.75,60,8,0.0,4863
21909,21909,4,4,2,2.0,89,8,0.0,4856
21910,21910,20,20,11,1.8182,25,8,0.0,4863
21911,21911,24,24,13,1.8462,1,8,0.0,4863
21912,21912,11,11,6,1.8333,0,8,0.0,4867
21913,21913,0,0,0,0.0,30,8,0.0,4861
21914,21914,0,0,0,0.0,0,8,0.0,4946
21915,21915,0,0,0,0.0,0,8,0.0,4934
21916,21916,0,0,0,0.0,0,8,0.0,4934
21917,21917,0,0,0,0.0,0,8,0.0,4934
21918,21918,0,0,0,0.0,0,8,0.0,4946
21919,21919,0,0,0,0.0,0,8,0.0,4934
21920,21920,0,0,0,0.0,0,8,0.0,4934
21921,21921,0,0,0,0.0,0,8,0.0,4946
21922,21922,18,18,9,2.0,4,8,0.0,4934
21923,21923,0,0,0,0.0,0,8,0.0,4934
21924,21924,0,0,0,0.0,0,8,0.0,4934
21925,21925,0,0,0,0.0,0,8,0.0,4934
21926,21926,0,0,0,0.0,0,8,0.0,4938
21927,21927,0,0,0,0.0,0,8,0.0,4938
21928,21928,0,0,0,0.0,57,8,0.0,4938
21929,21929,0,0,0,0.0,0,8,0.0,4938
21930,21930,0,0,0,0.0,0,8,0.0,4938
21931,21931,0,0,0,0.0,12,8,0.0,4938
21932,21932,0,0,0,0.0,0,8,0.0,4938
21933,21933,0,0,0,0.0,0,8,0.0,4890
21934,21934,18,18,10,1.8,2,8,0.0,4890
21935,21935,14,14,8,1.75,12,8,0.0,4890
21936,21936,4,4,2,2.0,0,8,0.0,4890
21937,21937,0,0,0,0.0,0,8,0.0,4890
21938,21938,0,0,0,0.0,0,8,0.0,4937
21939,21939,31,31,17,1.8235,50,8,0.0,4890
21940,21940,45,45,25,1.8,26,8,0.0,4890
21941,21941,0,0,0,0.0,0,8,0.0,4937
21942,21942,4,4,2,2.0,24,8,0.0,4890
21943,21943,0,0,0,0.0,0,8,0.0,4890
21944,21944,0,0,0,0.0,0,8,0.0,4890
21945,21945,0,0,0,0.0,0,8,0.0,4899
21946,21946,4,4,2,2.0,0,8,0.0,4890
21947,21947,0,0,0,0.0,24,8,0.0,4937
21948,21948,11,11,6,1.8333,1,8,0.0,4899
21949,21949,0,0,0,0.0,0,8,0.0,4899
21950,21950,11,11,6,1.8333,1,8,0.0,4936
21951,21951,38,38,21,1.8095,13,8,0.0,4936
21952,21952,0,0,0,0.0,0,8,0.0,4943
21953,21953,0,0,0,0.0,0,8,0.0,4899
21954,21954,0,0,0,0.0,0,8,0.0,4943
21955,21955,49,49,28,1.75,54,8,0.0,4943
21956,21956,0,0,0,0.0,0,8,0.0,4943
21957,21957,0,0,0,0.0,0,8,0.0,4887
21958,21958,0,0,0,0.0,0,8,0.0,4940
21959,21959,0,0,0,0.0,0,8,0.0,4908
21960,21960,10,10,5,2.0,2,8,0.0,4908
21961,21961,0,0,0,0.0,0,8,0.0,4908
21962,21962,0,0,0,0.0,0,8,0.0,4908
21963,21963,0,0,0,0.0,0,8,0.0,4908
21964,21964,0,0,0,0.0,28,8,0.0,4932
21965,21965,0,0,0,0.0,0,8,0.0,4908
21966,21966,0,0,0,0.0,0,8,0.0,4908
21967,21967,0,0,0,0.0,0,8,0.0,4908
21968,21968,0,0,0,0.0,0,8,0.0,4908
21969,21969,69,69,36,1.9167,13,8,0.0,4908
21970,21970,28,28,14,2.0,64,8,0.0,4908
21971,21971,0,0,0,0.0,0,8,0.0,4908
21972,21972,0,0,0,0.0,0,8,0.0,4908
21973,21973,14,14,7,2.0,3,8,0.0,4887
21974,21974,16,16,8,2.0,3,8,0.0,4908
21975,21975,0,0,0,0.0,0,8,0.0,4908
21976,21976,8,8,4,2.0,2,8,0.0,4908
21977,21977,47,47,24,1.9583,9,8,0.0,4908
21978,21978,26,26,13,2.0,6,8,0.0,4908
21979,21979,6,6,3,2.0,1,8,0.0,4901
21980,21980,0,0,0,0.0,0,8,0.0,4912
21981,21981,6,6,3,2.0,1,8,0.0,4905
21982,21982,4,4,2,2.0,1,8,0.0,4901
21983,21983,8,8,4,2.0,2,8,0.0,4901
21984,21984,2,2,1,2.0,26,8,0.0,4905
21985,21985,0,0,0,0.0,0,8,0.0,4912
21986,21986,0,0,0,0.0,0,8,0.0,4912
21987,21987,0,0,0,0.0,0,8,0.0,4905
21988,21988,12,12,6,2.0,17,8,0.0,4912
21989,21989,20,20,10,2.0,3,8,0.0,4900
21990,21990,36,36,18,2.0,22,8,0.0,4911
21991,21991,2,2,1,2.0,15,8,0.0,4911
21992,21992,0,0,0,0.0,0,8,0.0,4911
21993,21993,0,0,0,0.0,45,8,0.0,4906
21994,21994,0,0,0,0.0,0,8,0.0,4900
21995,21995,0,0,0,0.0,0,8,0.0,4911
21996,21996,0,0,0,0.0,56,8,0.0,4887
21997,21997,0,0,0,0.0,0,8,0.0,4898
21998,21998,0,0,0,0.0,0,8,0.0,4895
21999,21999,88,88,49,1.7959,18,8,0.0,4902
22000,22000,0,0,0,0.0,0,8,0.0,4907
22001,22001,0,0,0,0.0,11,8,0.0,4907
22002,22002,0,0,0,0.0,0,8,0.0,4907
22003,22003,19,19,11,1.7273,29,8,0.0,4898
22004,22004,5,5,3,1.6667,0,8,0.0,4904
22005,22005,20,20,11,1.8182,2,8,0.0,4904
22006,22006,0,0,0,0.0,0,8,0.0,4898
22007,22007,13,13,7,1.8571,1,8,0.0,4904
22008,22008,95,95,53,1.7925,34,8,0.0,4917
22009,22009,18,18,10,1.8,14,8,0.0,4904
22010,22010,0,0,0,0.0,0,8,0.0,4917
22011,22011,7,7,4,1.75,0,8,0.0,4904
22012,22012,0,0,0,0.0,0,8,0.0,4917
22013,22013,18,18,10,1.8,2,8,0.0,4914
22014,22014,43,43,24,1.7917,3,8,0.0,4914
22015,22015,14,14,8,1.75,1,8,0.0,4914
22016,22016,1,1,1,1.0,0,8,0.0,4898
22017,22017,9,9,5,1.8,1,8,0.0,4914
22018,22018,0,0,0,0.0,0,8,0.0,4898
22019,22019,31,31,17,1.8235,3,8,0.0,4914
22020,22020,0,0,0,0.0,0,8,0.0,4919
22021,22021,42,42,23,1.8261,3,8,0.0,4919
22022,22022,27,27,15,1.8,2,8,0.0,4919
22023,22023,9,9,5,1.8,62,8,0.0,4920
22024,22024,0,0,0,0.0,0,8,0.0,4929
22025,22025,11,11,6,1.8333,0,8,0.0,4867
22026,22026,18,18,10,1.8,12,8,0.0,4839
22027,22027,0,0,0,0.0,0,8,0.0,4870
22028,22028,0,0,0,0.0,0,8,0.0,4870
22029,22029,0,0,0,0.0,0,8,0.0,4839
22030,22030,0,0,0,0.0,0,8,0.0,4839
22031,22031,17,17,9,1.8889,17,8,0.0,4839
22032,22032,7,7,4,1.75,0,8,0.0,4839
22033,22033,15,15,8,1.875,11,8,0.0,4839
22034,22034,9,9,5,1.8,0,8,0.0,4870
22035,22035,167,141,77,1.8312,40,8,0.0,4870
22036,22036,0,0,0,0.0,0,8,0.0,4872
22037,22037,7,7,4,1.75,11,8,0.0,4872
22038,22038,0,0,0,0.0,0,8,0.0,4872
22039,22039,0,0,0,0.0,0,8,0.0,4872
22040,22040,15,15,8,1.875,1,8,0.0,4872
22041,22041,0,0,0,0.0,18,8,0.0,4872
22042,22042,0,0,0,0.0,0,8,0.0,4872
22043,22043,2,2,1,2.0,0,8,0.0,4872
22044,22044,2,2,1,2.0,0,8,0.0,4872
22045,22045,4,4,2,2.0,0,8,0.0,4872
22046,22046,0,0,0,0.0,0,8,0.0,4872
22047,22047,15,15,8,1.875,1,8,0.0,4872
22048,22048,11,11,6,1.8333,0,8,0.0,4872
22049,22049,6,6,3,2.0,0,8,0.0,4872
22050,22050,0,0,0,0.0,0,8,0.0,4872
22051,22051,0,0,0,0.0,0,8,0.0,4890
22052,22052,0,0,0,0.0,0,8,0.0,4872
22053,22053,0,0,0,0.0,0,8,0.0,4872
22054,22054,39,39,21,1.8571,2,8,0.0,4872
22055,22055,11,11,6,1.8333,0,8,0.0,4872
22056,22056,0,0,0,0.0,0,8,0.0,4872
22057,22057,0,0,0,0.0,0,8,0.0,4872
22058,22058,0,0,0,0.0,0,8,0.0,4867
22059,22059,11,11,6,1.8333,0,8,0.0,4867
22060,22060,7,7,4,1.75,28,8,0.0,4867
22061,22061,1,1,1,1.0,16,8,0.0,4867
22062,22062,7,7,4,1.75,0,8,0.0,4867
22063,22063,0,0,0,0.0,0,8,0.0,4870
22064,22064,4,4,2,2.0,0,8,0.0,4867
22065,22065,11,11,6,1.8333,0,8,0.0,4859
22066,22066,0,0,0,0.0,0,8,0.0,4859
22067,22067,0,0,0,0.0,0,8,0.0,4865
22068,22068,2,2,1,2.0,0,8,0.0,4865
22069,22069,4,4,2,2.0,0,8,0.0,4865
22070,22070,0,0,0,0.0,0,8,0.0,4859
22071,22071,0,0,0,0.0,0,8,0.0,4865
22072,22072,0,0,0,0.0,0,8,0.0,4859
22073,22073,39,39,21,1.8571,17,8,0.0,4865
22074,22074,0,0,0,0.0,0,8,0.0,4865
22075,22075,0,0,0,0.0,0,8,0.0,4847
22076,22076,4,4,2,2.0,0,8,0.0,4859
22077,22077,51,51,28,1.8214,2,8,0.0,4865
22078,22078,0,0,0,0.0,0,8,0.0,4859
22079,22079,0,0,0,0.0,0,8,0.0,4865
22080,22080,6,6,3,2.0,0,8,0.0,4865
22081,22081,0,0,0,0.0,13,8,0.0,4865
22082,22082,0,0,0,0.0,31,8,0.0,4859
22083,22083,1,1,1,1.0,0,8,0.0,4856
22084,22084,4,4,2,2.0,15,8,0.0,4859
22085,22085,13,13,7,1.8571,0,8,0.0,4865
22086,22086,29,29,16,1.8125,15,8,0.0,4865
22087,22087,0,0,0,0.0,0,8,0.0,4872
22088,22088,0,0,0,0.0,27,8,0.0,4856
22089,22089,0,0,0,0.0,75,8,0.0,4863
22090,22090,11,11,6,1.8333,57,8,0.0,4863
22091,22091,9,9,5,1.8,49,8,0.0,4863
22092,22092,29,29,16,1.8125,1,8,0.0,4856
22093,22093,4,4,2,2.0,0,8,0.0,4872
22094,22094,0,0,0,0.0,148,8,0.0,4861
22095,22095,0,0,0,0.0,0,8,0.0,4872
22096,22096,0,0,0,0.0,60,8,0.0,4863
22097,22097,0,0,0,0.0,45,8,0.0,4863
22098,22098,0,0,0,0.0,28,8,0.0,4863
22099,22099,0,0,0,0.0,0,8,0.0,4856
22100,22100,7,7,4,1.75,0,8,0.0,4867
22101,22101,0,0,0,0.0,53,8,0.0,4861
22102,22102,4,4,2,2.0,28,8,0.0,4861
22103,22103,7,7,4,1.75,0,8,0.0,4861
22104,22104,0,0,0,0.0,0,8,0.0,4861
22105,22105,0,0,0,0.0,13,8,0.0,4872
22106,22106,7,7,4,1.75,0,8,0.0,4861
22107,22107,0,0,0,0.0,0,8,0.0,4872
22108,22108,5,5,3,1.6667,0,8,0.0,4867
22109,22109,0,0,0,0.0,0,8,0.0,4872
22110,22110,4,4,2,2.0,12,8,0.0,4867
22111,22111,0,0,0,0.0,0,8,0.0,4872
22112,22112,0,0,0,0.0,0,8,0.0,4867
22113,22113,4,4,2,2.0,0,8,0.0,4867
22114,22114,9,9,5,1.8,0,8,0.0,4867
22115,22115,7,7,4,1.75,0,8,0.0,4867
22116,22116,1,1,1,1.0,0,8,0.0,4867
22117,22117,17,17,9,1.8889,11,8,0.0,4867
22118,22118,4,4,2,2.0,0,8,0.0,4867
22119,22119,0,0,0,0.0,0,8,0.0,4867
22120,22120,0,0,0,0.0,0,8,0.0,4867
22121,22121,1,1,1,1.0,0,8,0.0,4867
22122,22122,0,0,0,0.0,11,8,0.0,4867
22123,22123,6,6,3,2.0,0,8,0.0,4867
22124,22124,0,0,0,0.0,0,8,0.0,4867
22125,22125,9,9,5,1.8,11,8,0.0,4867
22126,22126,2,2,1,2.0,0,8,0.0,4867
22127,22127,0,0,0,0.0,0,8,0.0,4867
22128,22128,11,11,6,1.8333,0,8,0.0,4867
22129,22129,4,4,2,2.0,0,8,0.0,4867
22130,22130,0,0,0,0.0,0,8,0.0,4867
22131,22131,0,0,0,0.0,0,8,0.0,4867
22132,22132,29,29,16,1.8125,1,8,0.0,4867
22133,22133,17,17,9,1.8889,14,8,0.0,4867
22134,22134,41,41,22,1.8636,16,8,0.0,4867
22135,22135,2,2,1,2.0,29,8,0.0,4867
22136,22136,2,2,1,2.0,0,8,0.0,4867
22137,22137,11,11,6,1.8333,0,8,0.0,4856
22138,22138,0,0,0,0.0,0,8,0.0,4934
22139,22139,0,0,0,0.0,0,8,0.0,4934
22140,22140,0,0,0,0.0,0,8,0.0,4934
22141,22141,0,0,0,0.0,0,8,0.0,4934
22142,22142,0,0,0,0.0,0,8,0.0,4934
22143,22143,0,0,0,0.0,0,8,0.0,4934
22144,22144,0,0,0,0.0,0,8,0.0,4934
22145,22145,0,0,0,0.0,0,8,0.0,4934
22146,22146,0,0,0,0.0,0,8,0.0,4934
22147,22147,0,0,0,0.0,0,8,0.0,4934
22148,22148,0,0,0,0.0,0,8,0.0,4934
22149,22149,0,0,0,0.0,0,8,0.0,4934
22150,22150,0,0,0,0.0,0,8,0.0,4934
22151,22151,0,0,0,0.0,0,8,0.0,4934
22152,22152,0,0,0,0.0,0,8,0.0,4934
22153,22153,0,0,0,0.0,0,8,0.0,4934
22154,22154,0,0,0,0.0,0,8,0.0,4934
22155,22155,0,0,0,0.0,0,8,0.0,4934
22156,22156,0,0,0,0.0,0,8,0.0,4934
22157,22157,0,0,0,0.0,0,8,0.0,4934
22158,22158,0,0,0,0.0,0,8,0.0,4934
22159,22159,0,0,0,0.0,0,8,0.0,4934
22160,22160,0,0,0,0.0,0,8,0.0,4946
22161,22161,0,0,0,0.0,0,8,0.0,4934
22162,22162,0,0,0,0.0,0,8,0.0,4934
22163,22163,0,0,0,0.0,0,8,0.0,4938
22164,22164,0,0,0,0.0,0,8,0.0,4938
22165,22165,0,0,0,0.0,0,8,0.0,4938
22166,22166,4,4,2,2.0,0,8,0.0,4938
22167,22167,0,0,0,0.0,0,8,0.0,4938
22168,22168,0,0,0,0.0,0,8,0.0,4938
22169,22169,0,0,0,0.0,0,8,0.0,4890
22170,22170,16,16,9,1.7778,1,8,0.0,4938
22171,22171,0,0,0,0.0,0,8,0.0,4890
22172,22172,0,0,0,0.0,12,8,0.0,4890
22173,22173,0,0,0,0.0,0,8,0.0,4890
22174,22174,0,0,0,0.0,0,8,0.0,4870
22175,22175,11,11,6,1.8333,15,8,0.0,4899
22176,22176,0,0,0,0.0,0,8,0.0,4899
22177,22177,0,0,0,0.0,0,8,0.0,4943
22178,22178,0,0,0,0.0,0,8,0.0,4893
22179,22179,0,0,0,0.0,0,8,0.0,4887
22180,22180,0,0,0,0.0,0,8,0.0,4887
22181,22181,0,0,0,0.0,0,8,0.0,4887
22182,22182,0,0,0,0.0,0,8,0.0,4908
22183,22183,0,0,0,0.0,0,8,0.0,4932
22184,22184,0,0,0,0.0,0,8,0.0,4932
22185,22185,0,0,0,0.0,0,8,0.0,4940
22186,22186,0,0,0,0.0,0,8,0.0,4932
22187,22187,8,8,4,2.0,2,8,0.0,4908
22188,22188,0,0,0,0.0,0,8,0.0,4908
22189,22189,0,0,0,0.0,0,8,0.0,4908
22190,22190,0,0,0,0.0,0,8,0.0,4908
22191,22191,0,0,0,0.0,0,8,0.0,4908
22192,22192,0,0,0,0.0,0,8,0.0,4932
22193,22193,0,0,0,0.0,0,8,0.0,4932
22194,22194,0,0,0,0.0,0,8,0.0,4932
22195,22195,0,0,0,0.0,16,8,0.0,4908
22196,22196,0,0,0,0.0,0,8,0.0,4908
22197,22197,0,0,0,0.0,0,8,0.0,4908
22198,22198,0,0,0,0.0,0,8,0.0,4908
22199,22199,43,43,22,1.9545,17,8,0.0,4908
22200,22200,69,69,36,1.9167,10,8,0.0,4908
22201,22201,28,28,14,2.0,4,8,0.0,4908
22202,22202,0,0,0,0.0,0,8,0.0,4887
22203,22203,0,0,0,0.0,0,8,0.0,4908
22204,22204,4,4,2,2.0,0,8,0.0,4908
22205,22205,0,0,0,0.0,0,8,0.0,4908
22206,22206,0,0,0,0.0,0,8,0.0,4905
22207,22207,0,0,0,0.0,19,8,0.0,4901
22208,22208,0,0,0,0.0,0,8,0.0,4905
22209,22209,6,6,3,2.0,1,8,0.0,4901
22210,22210,14,14,7,2.0,3,8,0.0,4901
22211,22211,0,0,0,0.0,73,8,0.0,4905
22212,22212,0,0,0,0.0,0,8,0.0,4901
22213,22213,8,8,4,2.0,2,8,0.0,4901
22214,22214,0,0,0,0.0,0,8,0.0,4905
22215,22215,8,8,4,2.0,16,8,0.0,4905
22216,22216,0,0,0,0.0,12,8,0.0,4912
22217,22217,0,0,0,0.0,23,8,0.0,4912
22218,22218,0,0,0,0.0,0,8,0.0,4905
22219,22219,0,0,0,0.0,29,8,0.0,4912
22220,22220,4,4,2,2.0,0,8,0.0,4901
22221,22221,6,6,3,2.0,1,8,0.0,4905
22222,22222,0,0,0,0.0,0,8,0.0,4912
22223,22223,8,8,4,2.0,2,8,0.0,4900
22224,22224,0,0,0,0.0,13,8,0.0,4912
22225,22225,4,4,2,2.0,1,8,0.0,4905
22226,22226,0,0,0,0.0,0,8,0.0,4905
22227,22227,4,4,2,2.0,1,8,0.0,4905
22228,22228,0,0,0,0.0,0,8,0.0,4900
22229,22229,2,2,1,2.0,0,8,0.0,4900
22230,22230,0,0,0,0.0,13,8,0.0,4906
22231,22231,0,0,0,0.0,51,8,0.0,4906
22232,22232,0,0,0,0.0,0,8,0.0,4900
22233,22233,0,0,0,0.0,32,8,0.0,4911
22234,22234,0,0,0,0.0,43,8,0.0,4887
22235,22235,0,0,0,0.0,0,8,0.0,4887
22236,22236,0,0,0,0.0,0,8,0.0,4898
22237,22237,0,0,0,0.0,0,8,0.0,4887
22238,22238,0,0,0,0.0,0,8,0.0,4887
22239,22239,0,0,0,0.0,0,8,0.0,4898
22240,22240,19,19,11,1.7273,152,8,0.0,4907
22241,22241,0,0,0,0.0,59,8,0.0,4907
22242,22242,0,0,0,0.0,12,8,0.0,4902
22243,22243,0,0,0,0.0,0,8,0.0,4907
22244,22244,0,0,0,0.0,0,8,0.0,4907
22245,22245,0,0,0,0.0,0,8,0.0,4898
22246,22246,16,16,9,1.7778,1,8,0.0,4898
22247,22247,4,4,2,2.0,0,8,0.0,4898
22248,22248,0,0,0,0.0,0,8,0.0,4898
22249,22249,5,5,3,1.6667,0,8,0.0,4904
22250,22250,18,18,10,1.8,15,8,0.0,4904
22251,22251,20,20,11,1.8182,1,8,0.0,4914
22252,22252,0,0,0,0.0,0,8,0.0,4914
22253,22253,14,14,8,1.75,0,8,0.0,4904
22254,22254,4,4,2,2.0,0,8,0.0,4917
22255,22255,0,0,0,0.0,0,8,0.0,4904
22256,22256,0,0,0,0.0,0,8,0.0,4904
22257,22257,0,0,0,0.0,0,8,0.0,4898
22258,22258,5,5,3,1.6667,0,8,0.0,4904
22259,22259,0,0,0,0.0,0,8,0.0,4895
22260,22260,5,5,3,1.6667,0,8,0.0,4914
22261,22261,1,1,1,1.0,0,8,0.0,4917
22262,22262,1,1,1,1.0,0,8,0.0,4898
22263,22263,0,0,0,0.0,0,8,0.0,4917
22264,22264,0,0,0,0.0,0,8,0.0,4926
22265,22265,0,0,0,0.0,0,8,0.0,4926
22266,22266,0,0,0,0.0,0,8,0.0,4898
22267,22267,0,0,0,0.0,0,8,0.0,4898
22268,22268,0,0,0,0.0,0,8,0.0,4917
22269,22269,0,0,0,0.0,0,8,0.0,4898
22270,22270,4,4,2,2.0,0,8,0.0,4898
22271,22271,0,0,0,0.0,0,8,0.0,4895
22272,22272,0,0,0,0.0,0,8,0.0,4926
22273,22273,0,0,0,0.0,0,8,0.0,4895
22274,22274,0,0,0,0.0,0,8,0.0,4895
22275,22275,0,0,0,0.0,0,8,0.0,4895
22276,22276,0,0,0,0.0,0,8,0.0,4880
22277,22277,0,0,0,0.0,0,8,0.0,4929
22278,22278,0,0,0,0.0,0,8,0.0,4898
22279,22279,0,0,0,0.0,0,8,0.0,4919
22280,22280,0,0,0,0.0,0,8,0.0,4919
22281,22281,0,0,0,0.0,0,8,0.0,4919
22282,22282,0,0,0,0.0,0,8,0.0,4919
22283,22283,0,0,0,0.0,75,8,0.0,4929
22284,22284,0,0,0,0.0,0,8,0.0,4929
22285,22285,37,37,21,1.7619,2,8,0.0,4929
22286,22286,64,64,36,1.7778,3,8,0.0,4929
22287,22287,58,58,33,1.7576,13,8,0.0,4929
22288,22288,0,0,0,0.0,0,8,0.0,4929
22289,22289,0,0,0,0.0,0,8,0.0,4938
22290,22290,245,245,125,1.96,112,8,0.0,4915
22291,22291,18,18,9,2.0,3,8,0.0,4913
22292,22292,22,22,11,2.0,3,8,0.0,4916
22293,22293,0,0,0,0.0,0,8,0.0,4913
22294,22294,65,65,34,1.9118,32,8,0.0,4913
22295,22295,0,0,0,0.0,0,8,0.0,4877
22296,22296,6,6,2,3.0,0,8,0.0,4877
22297,22297,0,0,0,0.0,0,8,0.0,4877
22298,22298,0,0,0,0.0,0,8,0.0,4845
22299,22299,0,0,0,0.0,26,8,0.0,4877
22300,22300,6,6,2,3.0,0,8,0.0,4877
22301,22301,8,0,0,0.0,0,8,0.0,4873
22302,22302,0,0,0,0.0,0,8,0.0,4834
22303,22303,0,0,0,0.0,0,8,0.0,4834
22304,22304,9,9,3,3.0,0,8,0.0,4857
22305,22305,6,6,2,3.0,0,8,0.0,4875
22306,22306,0,0,0,0.0,0,8,0.0,4842
22307,22307,15,15,5,3.0,0,8,0.0,4857
22308,22308,87,87,29,3.0,3,8,0.0,4857
22309,22309,65,65,22,2.9545,3,8,0.0,4857
22310,22310,15,15,5,3.0,16,8,0.0,4835
22311,22311,59,59,20,2.95,2,8,0.0,4842
22312,22312,12,12,4,3.0,0,8,0.0,4835
22313,22313,15,15,5,3.0,1,8,0.0,4842
22314,22314,318,318,106,3.0,27,8,0.0,4864
22315,22315,27,27,9,3.0,25,8,0.0,4864
22316,22316,30,30,10,3.0,48,8,0.0,4864
22317,22317,0,0,0,0.0,0,8,0.0,4835
22318,22318,18,18,6,3.0,0,8,0.0,4850
22319,22319,6,6,2,3.0,0,8,0.0,4822
22320,22320,9,9,3,3.0,0,8,0.0,4840
22321,22321,12,12,4,3.0,10,8,0.0,4850
22322,22322,6,6,2,3.0,0,8,0.0,4868
22323,22323,27,27,9,3.0,12,8,0.0,4853
22324,22324,0,0,0,0.0,413,8,0.0,4853
22325,22325,5,5,2,2.5,0,8,0.0,4928
22326,22326,8,8,3,2.6667,18,8,0.0,4894
22327,22327,3,3,1,3.0,0,8,0.0,4928
22328,22328,0,0,0,0.0,0,8,0.0,4928
22329,22329,0,0,0,0.0,0,8,0.0,4928
22330,22330,30,30,12,2.5,0,8,0.0,4924
22331,22331,0,0,0,0.0,0,8,0.0,4935
22332,22332,8,8,3,2.6667,0,8,0.0,4935
22333,22333,0,0,0,0.0,0,8,0.0,4928
22334,22334,0,0,0,0.0,0,8,0.0,4903
22335,22335,5,5,2,2.5,21,8,0.0,4891
22336,22336,0,0,0,0.0,0,8,0.0,4903
22337,22337,0,0,0,0.0,0,8,0.0,4921
22338,22338,8,8,3,2.6667,0,8,0.0,4921
22339,22339,8,8,3,2.6667,22,8,0.0,4935
22340,22340,25,25,10,2.5,0,8,0.0,4927
22341,22341,236,236,93,2.5376,3,8,0.0,4927
22342,22342,8,8,3,2.6667,0,8,0.0,4922
22343,22343,86,86,34,2.5294,88,8,0.0,4909
22344,22344,60,60,24,2.5,0,8,0.0,4927
22345,22345,33,33,13,2.5385,0,8,0.0,4927
22346,22346,55,55,22,2.5,12,8,0.0,4927
22347,22347,74,74,29,2.5517,11,8,0.0,4927
22348,22348,5,5,2,2.5,50,8,0.0,4933
22349,22349,10,10,4,2.5,0,8,0.0,4933
22350,22350,65,65,26,2.5,1,8,0.0,4933
22351,22351,36,36,14,2.5714,13,8,0.0,4922
22352,22352,8,8,3,2.6667,0,8,0.0,4933
22353,22353,28,28,11,2.5455,14,8,0.0,4933
22354,22354,8,8,3,2.6667,0,8,0.0,4931
22355,22355,25,25,10,2.5,15,8,0.0,4931
22356,22356,33,33,13,2.5385,0,8,0.0,4931
22357,22357,23,23,9,2.5556,34,8,0.0,4931
22358,22358,50,50,20,2.5,11,8,0.0,4931
22359,22359,25,25,10,2.5,0,8,0.0,4931
22360,22360,0,0,0,0.0,0,8,0.0,4931
22361,22361,25,25,10,2.5,0,8,0.0,4931
22362,22362,33,33,13,2.5385,0,8,0.0,4931
22363,22363,0,0,0,0.0,0,8,0.0,4930
22364,22364,68,68,27,2.5185,1,8,0.0,4930
22365,22365,46,46,18,2.5556,20,8,0.0,4930
22366,22366,81,81,32,2.5312,12,8,0.0,4930
22367,22367,8,8,3,2.6667,0,8,0.0,4909
22368,22368,0,0,0,0.0,57,8,0.0,4891
22369,22369,27,27,9,3.0,25,8,0.0,4873
22370,22370,12,12,4,3.0,0,8,0.0,4897
22371,22371,6,6,2,3.0,0,8,0.0,4897
22372,22372,24,24,8,3.0,14,8,0.0,4897
22373,22373,0,0,0,0.0,0,8,0.0,4888
22374,22374,27,27,9,3.0,11,8,0.0,4897
22375,22375,18,18,6,3.0,0,8,0.0,4888
22376,22376,0,0,0,0.0,0,8,0.0,4885
22377,22377,45,45,15,3.0,13,8,0.0,4897
22378,22378,33,33,11,3.0,1,8,0.0,4886
22379,22379,222,222,74,3.0,28,8,0.0,4885
22380,22380,0,0,0,0.0,0,8,0.0,4892
22381,22381,56,56,19,2.9474,3,8,0.0,4888
22382,22382,45,45,15,3.0,2,8,0.0,4885
22383,22383,53,53,18,2.9444,13,8,0.0,4909
22384,22384,105,105,35,3.0,4,8,0.0,4883
22385,22385,216,216,72,3.0,63,8,0.0,4885
22386,22386,93,93,31,3.0,16,8,0.0,4885
22387,22387,114,114,38,3.0,5,8,0.0,4886
22388,22388,132,132,44,3.0,19,8,0.0,4886
22389,22389,126,126,42,3.0,6,8,0.0,4892
22390,22390,12,12,4,3.0,0,8,0.0,4892
22391,22391,102,102,34,3.0,5,8,0.0,4886
22392,22392,72,72,24,3.0,15,8,0.0,4886
22393,22393,182,62,21,2.9524,32,8,0.0,4892
22394,22394,12,12,4,3.0,0,8,0.0,4892
22395,22395,45,45,15,3.0,2,8,0.0,4897
22396,22396,12,12,4,3.0,0,8,0.0,4892
22397,22397,81,81,27,3.0,3,8,0.0,4892
22398,22398,105,105,35,3.0,16,8,0.0,4896
22399,22399,24,24,8,3.0,65,8,0.0,4884
22400,22400,24,24,8,3.0,1,8,0.0,4892
22401,22401,0,0,0,0.0,0,8,0.0,4892
22402,22402,21,21,7,3.0,1,8,0.0,4892
22403,22403,132,132,44,3.0,6,8,0.0,4896
22404,22404,584,584,196,2.9796,51,8,0.0,4896
22405,22405,30,30,10,3.0,52,8,0.0,4884
22406,22406,56,56,19,2.9474,27,8,0.0,4896
22407,22407,24,24,8,3.0,12,8,0.0,4896
22408,22408,0,0,0,0.0,24,8,0.0,4884
22409,22409,6,6,2,3.0,0,8,0.0,4884
22410,22410,150,21,7,3.0,298,8,0.0,4896
22411,22411,9,9,3,3.0,61,8,0.0,4884
22412,22412,21,21,7,3.0,13,8,0.0,4884
22413,22413,23,23,9,2.5556,11,8,0.0,4939
22414,22414,30,30,12,2.5,0,8,0.0,4939
22415,22415,46,46,18,2.5556,0,8,0.0,4939
22416,22416,0,0,0,0.0,0,8,0.0,4939
22417,22417,0,0,0,0.0,0,8,0.0,4945
22418,22418,0,0,0,0.0,0,8,0.0,4947
22419,22419,10,10,4,2.5,0,8,0.0,4939
22420,22420,3,3,1,3.0,0,8,0.0,4947
22421,22421,13,13,5,2.6,0,8,0.0,4947
22422,22422,0,0,0,0.0,0,8,0.0,4947
22423,22423,13,13,5,2.6,0,8,0.0,4942
22424,22424,202,202,80,2.525,67,8,0.0,4942
22425,22425,0,0,0,0.0,0,8,0.0,4939
22426,22426,362,362,143,2.5315,14,8,0.0,4944
22427,22427,8,8,3,2.6667,0,8,0.0,4941
22428,22428,27,27,10,2.7,2,8,0.0,4852
22429,22429,21,21,8,2.625,2,8,0.0,4848
22430,22430,0,0,0,0.0,0,8,0.0,4837
22431,22431,88,88,33,2.6667,7,8,0.0,4848
22432,22432,13,13,5,2.6,30,8,0.0,4862
22433,22433,27,27,10,2.7,2,8,0.0,4848
22434,22434,72,72,27,2.6667,6,8,0.0,4848
22435,22435,109,109,41,2.6585,8,8,0.0,4848
22436,22436,40,40,15,2.6667,16,8,0.0,4848
22437,22437,295,295,111,2.6577,26,5,0.0,4829
22438,22438,82,82,31,2.6452,26,8,0.0,4848
22439,22439,85,85,32,2.6562,6,8,0.0,4848
22440,22440,0,0,0,0.0,0,8,0.0,4829
22441,22441,35,35,13,2.6923,3,8,0.0,4837
22442,22442,63,63,24,2.625,5,8,0.0,4848
22443,22443,45,45,17,2.6471,14,8,0.0,4862
22444,22444,156,156,59,2.6441,12,8,0.0,4862
22445,22445,21,21,8,2.625,1,8,0.0,4848
22446,22446,16,16,6,2.6667,1,8,0.0,4848
22447,22447,196,196,74,2.6486,17,8,0.0,4848
22448,22448,92,92,35,2.6286,27,8,0.0,4837
22449,22449,5,5,2,2.5,0,8,0.0,4862
22450,22450,0,0,0,0.0,0,8,0.0,4837
22451,22451,8,8,3,2.6667,0,8,0.0,4848
22452,22452,0,0,0,0.0,2444,5,0.0,4828
22453,22453,5,5,2,2.5,365,5,0.0,4826
22454,22454,50,50,19,2.6316,3,8,0.0,4848
22455,22455,0,0,0,0.0,0,8,0.0,4869
22456,22456,0,0,0,0.0,0,8,0.0,4843
22457,22457,95,0,0,0.0,6,8,0.0,4843
22458,22458,0,0,0,0.0,0,8,0.0,4869
22459,22459,0,0,0,0.0,0,8,0.0,4838
22460,22460,0,0,0,0.0,0,8,0.0,4860
22461,22461,0,0,0,0.0,0,8,0.0,4860
22462,22462,0,0,0,0.0,0,8,0.0,4860
22463,22463,19,19,7,2.7143,14,8,0.0,4838
22464,22464,50,50,19,2.6316,15,8,0.0,4838
22465,22465,0,0,0,0.0,0,8,0.0,4817
22466,22466,0,0,0,0.0,12,8,0.0,4817
22467,22467,0,0,0,0.0,0,8,0.0,4810
22468,22468,21,21,8,2.625,1,8,0.0,4831
22469,22469,0,0,0,0.0,0,8,0.0,4919
22470,22470,0,0,0,0.0,0,8,0.0,4919
22471,22471,0,0,0,0.0,0,8,0.0,4919
22472,22472,0,0,0,0.0,0,8,0.0,4919
22473,22473,0,0,0,0.0,0,8,0.0,4895
22474,22474,0,0,0,0.0,39,8,0.0,4929
22475,22475,0,0,0,0.0,0,8,0.0,4929
22476,22476,1,1,1,1.0,0,8,0.0,4919
22477,22477,0,0,0,0.0,0,8,0.0,4919
22478,22478,9,9,5,1.8,0,8,0.0,4929
22479,22479,0,0,0,0.0,0,8,0.0,4929
22480,22480,7,7,4,1.75,0,8,0.0,4929
22481,22481,9,9,5,1.8,0,8,0.0,4929
22482,22482,0,0,0,0.0,0,8,0.0,4919
22483,22483,0,0,0,0.0,0,8,0.0,4919
22484,22484,0,0,0,0.0,0,8,0.0,4929
22485,22485,0,0,0,0.0,0,8,0.0,4929
22486,22486,0,0,0,0.0,0,8,0.0,4895
22487,22487,0,0,0,0.0,0,8,0.0,4929
22488,22488,0,0,0,0.0,0,8,0.0,4929
22489,22489,0,0,0,0.0,0,8,0.0,4929
22490,22490,0,0,0,0.0,0,8,0.0,4895
22491,22491,0,0,0,0.0,0,8,0.0,4895
22492,22492,0,0,0,0.0,0,8,0.0,4925
22493,22493,0,0,0,0.0,0,8,0.0,4908
22494,22494,0,0,0,0.0,28,8,0.0,4925
22495,22495,2,2,1,2.0,0,8,0.0,4925
22496,22496,0,0,0,0.0,0,8,0.0,4925
22497,22497,0,0,0,0.0,0,8,0.0,4908
22498,22498,0,0,0,0.0,0,8,0.0,4925
22499,22499,0,0,0,0.0,0,8,0.0,4925
22500,22500,2,2,1,2.0,0,8,0.0,4925
22501,22501,0,0,0,0.0,14,8,0.0,4918
22502,22502,82,82,42,1.9524,51,8,0.0,4915
22503,22503,0,0,0,0.0,0,8,0.0,4925
22504,22504,0,0,0,0.0,0,8,0.0,4925
22505,22505,0,0,0,0.0,0,8,0.0,4925
22506,22506,0,0,0,0.0,0,8,0.0,4925
22507,22507,0,0,0,0.0,0,8,0.0,4918
22508,22508,0,0,0,0.0,0,8,0.0,4918
22509,22509,0,0,0,0.0,14,8,0.0,4925
22510,22510,0,0,0,0.0,21,8,0.0,4925
22511,22511,0,0,0,0.0,0,8,0.0,4918
22512,22512,0,0,0,0.0,11,8,0.0,4926
22513,22513,0,0,0,0.0,0,8,0.0,4926
22514,22514,0,0,0,0.0,12,8,0.0,4926
22515,22515,0,0,0,0.0,0,8,0.0,4923
22516,22516,0,0,0,0.0,0,8,0.0,4923
22517,22517,2,2,1,2.0,0,8,0.0,4916
22518,22518,0,0,0,0.0,0,8,0.0,4923
22519,22519,0,0,0,0.0,45,8,0.0,4923
22520,22520,0,0,0,0.0,0,8,0.0,4916
22521,22521,0,0,0,0.0,0,8,0.0,4916
22522,22522,0,0,0,0.0,18,8,0.0,4910
22523,22523,0,0,0,0.0,0,8,0.0,4910
22524,22524,0,0,0,0.0,0,8,0.0,4910
22525,22525,0,0,0,0.0,18,8,0.0,4910
22526,22526,0,0,0,0.0,0,8,0.0,4913
22527,22527,32,32,16,2.0,17,8,0.0,4913
22528,22528,0,0,0,0.0,0,8,0.0,4923
22529,22529,0,0,0,0.0,0,8,0.0,4923
22530,22530,0,0,0,0.0,0,8,0.0,4913
22531,22531,0,0,0,0.0,0,8,0.0,4913
22532,22532,0,0,0,0.0,0,8,0.0,4923
22533,22533,0,0,0,0.0,0,8,0.0,4916
22534,22534,0,0,0,0.0,0,8,0.0,4913
22535,22535,20,20,10,2.0,20,8,0.0,4913
22536,22536,24,24,12,2.0,5,8,0.0,4913
22537,22537,0,0,0,0.0,0,8,0.0,4926
22538,22538,0,0,0,0.0,0,8,0.0,4926
22539,22539,0,0,0,0.0,0,8,0.0,4926
22540,22540,4,4,2,2.0,0,8,0.0,4926
22541,22541,0,0,0,0.0,0,8,0.0,4916
22542,22542,6,6,3,2.0,36,8,0.0,4916
22543,22543,0,0,0,0.0,0,8,0.0,4916
22544,22544,18,18,9,2.0,14,8,0.0,4913
22545,22545,10,10,5,2.0,1,8,0.0,4913
22546,22546,0,0,0,0.0,0,8,0.0,4926
22547,22547,0,0,0,0.0,0,8,0.0,4926
22548,22548,0,0,0,0.0,0,8,0.0,4926
22549,22549,0,0,0,0.0,0,8,0.0,4926
22550,22550,0,0,0,0.0,0,8,0.0,4926
22551,22551,30,30,15,2.0,14,8,0.0,4913
22552,22552,0,0,0,0.0,0,8,0.0,4913
22553,22553,0,0,0,0.0,0,8,0.0,4926
22554,22554,0,0,0,0.0,0,8,0.0,4926
22555,22555,6,6,3,2.0,12,8,0.0,4926
22556,22556,6,6,3,2.0,60,8,0.0,4926
22557,22557,8,6,3,2.0,0,8,0.0,4926
22558,22558,0,0,0,0.0,0,8,0.0,4934
22559,22559,0,0,0,0.0,0,8,0.0,4926
22560,22560,0,0,0,0.0,0,8,0.0,4926
22561,22561,0,0,0,0.0,0,8,0.0,4926
22562,22562,0,0,0,0.0,0,8,0.0,4934
22563,22563,0,0,0,0.0,0,8,0.0,4920
22564,22564,0,0,0,0.0,0,8,0.0,4926
22565,22565,0,0,0,0.0,0,8,0.0,4934
22566,22566,0,0,0,0.0,0,8,0.0,4934
22567,22567,0,0,0,0.0,0,8,0.0,4934
22568,22568,0,0,0,0.0,0,8,0.0,4923
22569,22569,0,0,0,0.0,0,8,0.0,4877
22570,22570,9,9,3,3.0,0,8,0.0,4877
22571,22571,0,0,0,0.0,0,8,0.0,4877
22572,22572,6,6,2,3.0,0,8,0.0,4877
22573,22573,24,24,8,3.0,13,8,0.0,4877
22574,22574,0,0,0,0.0,0,8,0.0,4835
22575,22575,0,0,0,0.0,0,8,0.0,4842
22576,22576,48,48,16,3.0,2,8,0.0,4842
22577,22577,12,12,4,3.0,0,8,0.0,4835
22578,22578,45,45,15,3.0,19,8,0.0,4864
22579,22579,27,27,9,3.0,1,8,0.0,4864
22580,22580,36,36,12,3.0,2,8,0.0,4864
22581,22581,102,102,34,3.0,6,8,0.0,4835
22582,22582,6,6,2,3.0,0,8,0.0,4835
22583,22583,9,9,3,3.0,62,8,0.0,4864
22584,22584,0,0,0,0.0,0,8,0.0,4835
22585,22585,6,6,2,3.0,0,8,0.0,4842
22586,22586,15,15,5,3.0,1,8,0.0,4864
22587,22587,24,24,8,3.0,36,8,0.0,4864
22588,22588,27,27,9,3.0,2,8,0.0,4868
22589,22589,12,12,4,3.0,1,8,0.0,4850
22590,22590,0,0,0,0.0,0,8,0.0,4842
22591,22591,0,0,0,0.0,0,8,0.0,4868
22592,22592,0,0,0,0.0,0,8,0.0,4868
22593,22593,0,0,0,0.0,0,8,0.0,4822
22594,22594,0,0,0,0.0,0,8,0.0,4840
22595,22595,0,0,0,0.0,0,8,0.0,4840
22596,22596,0,0,0,0.0,20,8,0.0,4853
22597,22597,30,30,10,3.0,17,8,0.0,4868
22598,22598,0,0,0,0.0,0,8,0.0,4840
22599,22599,9,9,3,3.0,50,8,0.0,4853
22600,22600,9,9,3,3.0,0,8,0.0,4853
22601,22601,0,0,0,0.0,59,8,0.0,4840
22602,22602,0,0,0,0.0,0,8,0.0,4853
22603,22603,0,0,0,0.0,0,8,0.0,4840
22604,22604,0,0,0,0.0,0,8,0.0,4853
22605,22605,12,12,4,3.0,12,8,0.0,4868
22606,22606,0,0,0,0.0,63,8,0.0,4853
22607,22607,0,0,0,0.0,47,8,0.0,4840
22608,22608,0,0,0,0.0,0,8,0.0,4853
22609,22609,0,0,0,0.0,44,8,0.0,4840
22610,22610,0,0,0,0.0,0,8,0.0,4840
22611,22611,0,0,0,0.0,0,8,0.0,4840
22612,22612,0,0,0,0.0,10,8,0.0,4840
22613,22613,0,0,0,0.0,0,8,0.0,4899
22614,22614,0,0,0,0.0,0,8,0.0,4899
22615,22615,25,25,10,2.5,0,8,0.0,4894
22616,22616,0,0,0,0.0,0,8,0.0,4928
22617,22617,23,23,9,2.5556,0,8,0.0,4928
22618,22618,3,3,1,3.0,0,8,0.0,4928
22619,22619,0,0,0,0.0,0,8,0.0,4928
22620,22620,0,0,0,0.0,0,8,0.0,4928
22621,22621,0,0,0,0.0,0,8,0.0,4928
22622,22622,8,8,3,2.6667,25,8,0.0,4903
22623,22623,0,0,0,0.0,0,8,0.0,4891
22624,22624,36,36,14,2.5714,0,8,0.0,4935
22625,22625,8,8,3,2.6667,0,8,0.0,4924
22626,22626,5,5,2,2.5,0,8,0.0,4935
22627,22627,81,81,32,2.5312,13,8,0.0,4935
22628,22628,8,8,3,2.6667,0,8,0.0,4922
22629,22629,8,8,3,2.6667,12,8,0.0,4927
22630,22630,8,8,3,2.6667,21,8,0.0,4935
22631,22631,10,10,4,2.5,0,8,0.0,4927
22632,22632,23,23,9,2.5556,0,8,0.0,4922
22633,22633,0,0,0,0.0,0,8,0.0,4922
22634,22634,5,5,2,2.5,14,8,0.0,4927
22635,22635,10,10,4,2.5,52,8,0.0,4933
22636,22636,84,84,33,2.5455,34,8,0.0,4931
22637,22637,25,25,10,2.5,0,8,0.0,4931
22638,22638,43,43,17,2.5294,0,8,0.0,4931
22639,22639,10,10,4,2.5,0,8,0.0,4931
22640,22640,0,0,0,0.0,0,8,0.0,4931
22641,22641,0,0,0,0.0,0,8,0.0,4931
22642,22642,46,46,18,2.5556,12,8,0.0,4931
22643,22643,8,8,3,2.6667,0,8,0.0,4930
22644,22644,20,20,8,2.5,0,8,0.0,4930
22645,22645,15,15,6,2.5,0,8,0.0,4909
22646,22646,0,0,0,0.0,0,8,0.0,4903
22647,22647,5,5,2,2.5,0,8,0.0,4894
22648,22648,0,0,0,0.0,0,8,0.0,4894
22649,22649,0,0,0,0.0,0,8,0.0,4928
22650,22650,0,0,0,0.0,0,8,0.0,4928
22651,22651,0,0,0,0.0,0,8,0.0,4877
22652,22652,0,0,0,0.0,130,8,0.0,4877
22653,22653,9,9,3,3.0,307,8,0.0,4888
22654,22654,27,27,9,3.0,12,8,0.0,4897
22655,22655,0,0,0,0.0,0,8,0.0,4873
22656,22656,0,0,0,0.0,0,8,0.0,4897
22657,22657,0,0,0,0.0,18,8,0.0,4892
22658,22658,0,0,0,0.0,0,8,0.0,4883
22659,22659,48,48,16,3.0,3,8,0.0,4886
22660,22660,114,114,38,3.0,6,8,0.0,4883
22661,22661,27,27,9,3.0,2,8,0.0,4886
22662,22662,0,0,0,0.0,0,8,0.0,4897
22663,22663,0,0,0,0.0,0,8,0.0,4873
22664,22664,6,6,2,3.0,0,8,0.0,4883
22665,22665,0,0,0,0.0,0,8,0.0,4857
22666,22666,0,0,0,0.0,0,8,0.0,4875
22667,22667,15,15,5,3.0,1,8,0.0,4892
22668,22668,27,27,9,3.0,2,8,0.0,4883
22669,22669,36,36,12,3.0,3,8,0.0,4892
22670,22670,0,0,0,0.0,0,8,0.0,4875
22671,22671,0,0,0,0.0,0,8,0.0,4896
22672,22672,6,6,2,3.0,0,8,0.0,4892
22673,22673,9,9,3,3.0,0,8,0.0,4884
22674,22674,9,9,3,3.0,0,8,0.0,4892
22675,22675,24,24,8,3.0,12,8,0.0,4896
22676,22676,123,123,41,3.0,19,8,0.0,4896
22677,22677,6,6,2,3.0,19,8,0.0,4892
22678,22678,0,0,0,0.0,16,8,0.0,4884
22679,22679,45,45,15,3.0,38,8,0.0,4896
22680,22680,0,0,0,0.0,0,8,0.0,4884
22681,22681,0,0,0,0.0,20,8,0.0,4896
22682,22682,15,15,5,3.0,1,8,0.0,4896
22683,22683,0,0,0,0.0,0,8,0.0,4884
22684,22684,0,0,0,0.0,0,8,0.0,4884
22685,22685,50,50,17,2.9412,13,8,0.0,4884
22686,22686,24,24,8,3.0,1,8,0.0,4884
22687,22687,0,0,0,0.0,0,8,0.0,4897
22688,22688,5,5,2,2.5,0,8,0.0,4931
22689,22689,33,33,13,2.5385,0,8,0.0,4931
22690,22690,33,33,13,2.5385,0,8,0.0,4939
22691,22691,20,20,8,2.5,10,8,0.0,4939
22692,22692,0,0,0,0.0,31,8,0.0,4945
22693,22693,0,0,0,0.0,0,8,0.0,4930
22694,22694,0,0,0,0.0,0,8,0.0,4947
22695,22695,0,0,0,0.0,0,8,0.0,4947
22696,22696,0,0,0,0.0,0,8,0.0,4944
22697,22697,0,0,0,0.0,0,8,0.0,4947
22698,22698,0,0,0,0.0,0,8,0.0,4947
22699,22699,5,5,2,2.5,0,8,0.0,4939
22700,22700,0,0,0,0.0,28,8,0.0,4944
22701,22701,5,5,2,2.5,0,8,0.0,4944
22702,22702,41,41,16,2.5625,0,8,0.0,4941
22703,22703,3,3,1,3.0,0,8,0.0,4941
22704,22704,25,25,10,2.5,0,8,0.0,4941
22705,22705,0,0,0,0.0,0,8,0.0,4939
22706,22706,68,18,7,2.5714,5,8,0.0,4852
22707,22707,0,0,0,0.0,0,8,0.0,4852
22708,22708,0,0,0,0.0,0,8,0.0,4852
22709,22709,5,5,2,2.5,0,8,0.0,4852
22710,22710,0,0,0,0.0,0,8,0.0,4852
22711,22711,0,0,0,0.0,0,8,0.0,4848
22712,22712,8,8,3,2.6667,11,8,0.0,4862
22713,22713,40,40,15,2.6667,3,8,0.0,4848
22714,22714,21,21,8,2.625,2,8,0.0,4862
22715,22715,50,50,19,2.6316,25,8,0.0,4862
22716,22716,24,24,9,2.6667,17,8,0.0,4862
22717,22717,0,0,0,0.0,44,8,0.0,4862
22718,22718,16,16,6,2.6667,1,8,0.0,4862
22719,22719,8,8,3,2.6667,0,8,0.0,4862
22720,22720,11,11,4,2.75,1,8,0.0,4862
22721,22721,53,53,20,2.65,322,5,0.0,4829
22722,22722,40,40,15,2.6667,3,8,0.0,4848
22723,22723,43,43,16,2.6875,3,8,0.0,4848
22724,22724,5,5,2,2.5,28,8,0.0,4848
22725,22725,0,0,0,0.0,0,8,0.0,4862
22726,22726,0,0,0,0.0,47,8,0.0,4848
22727,22727,11,11,4,2.75,15,8,0.0,4848
22728,22728,8,8,3,2.6667,0,8,0.0,4848
22729,22729,8,8,3,2.6667,0,8,0.0,4848
22730,22730,32,32,12,2.6667,15,8,0.0,4862
22731,22731,0,0,0,0.0,0,8,0.0,4848
22732,22732,8,8,3,2.6667,31,8,0.0,4869
22733,22733,5,5,2,2.5,0,8,0.0,4869
22734,22734,8,8,3,2.6667,0,8,0.0,4869
22735,22735,261,261,98,2.6633,55,8,0.0,4869
22736,22736,29,29,11,2.6364,2,8,0.0,4869
22737,22737,250,250,94,2.6596,22,8,0.0,4869
22738,22738,0,0,0,0.0,0,8,0.0,4869
22739,22739,16,16,6,2.6667,15,8,0.0,4869
22740,22740,0,0,0,0.0,0,8,0.0,4869
22741,22741,0,0,0,0.0,0,8,0.0,4869
22742,22742,0,0,0,0.0,0,8,0.0,4869
22743,22743,35,35,13,2.6923,3,8,0.0,4843
22744,22744,37,37,14,2.6429,14,8,0.0,4843
22745,22745,0,0,0,0.0,0,8,0.0,4838
22746,22746,21,21,8,2.625,38,8,0.0,4860
22747,22747,24,24,9,2.6667,16,8,0.0,4838
22748,22748,0,0,0,0.0,0,8,0.0,4860
22749,22749,32,32,12,2.6667,17,8,0.0,4845
22750,22750,5,5,2,2.5,0,8,0.0,4831
22751,22751,5,5,2,2.5,0,8,0.0,4845
22752,22752,35,35,13,2.6923,14,8,0.0,4845
22753,22753,63,63,24,2.625,20,8,0.0,4845
22754,22754,50,50,19,2.6316,31,8,0.0,4831
22755,22755,11,11,4,2.75,0,8,0.0,4845
22756,22756,21,21,8,2.625,2,8,0.0,4831
22757,22757,13,0,0,0.0,21,8,0.0,4834
22758,22758,425,425,144,2.9514,57,5,0.0,4752
22759,22759,247,247,84,2.9405,37,5,0.0,4762
22760,22760,61,61,21,2.9048,18,5,0.0,4762
22761,22761,382,382,130,2.9385,43,5,0.0,4764
22762,22762,322,322,109,2.9541,162,5,0.0,4775
22763,22763,95,95,32,2.9688,20,5,0.0,4756
22764,22764,0,0,0,0.0,0,5,0.0,4781
22765,22765,9,9,3,3.0,0,5,0.0,4781
22766,22766,9,9,3,3.0,0,5,0.0,4751
22767,22767,0,0,0,0.0,0,5,0.0,4781
22768,22768,273,273,93,2.9355,238,5,0.0,4807
22769,22769,218,218,74,2.9459,27,5,0.0,4817
22770,22770,95,95,32,2.9688,27,5,0.0,4825
22771,22771,370,370,126,2.9365,56,5,0.0,4807
22772,22772,253,253,86,2.9419,47,5,0.0,4817
22773,22773,52,52,18,2.8889,4,5,0.0,4817
22774,22774,74,74,25,2.96,17,5,0.0,4817
22775,22775,81,81,32,2.5312,26,5,0.0,4760
22776,22776,195,195,76,2.5658,45,5,0.0,4768
22777,22777,287,269,105,2.5619,317,5,0.0,4768
22778,22778,21,21,8,2.625,32,5,0.0,4777
22779,22779,352,352,137,2.5693,110,5,0.0,4777
22780,22780,982,982,382,2.5707,170,5,0.0,4790
22781,22781,336,336,131,2.5649,79,5,0.0,4795
22782,22782,203,203,79,2.5696,24,5,0.0,4793
22783,22783,264,264,103,2.5631,26,5,0.0,4802
22784,22784,370,370,144,2.5694,32,5,0.0,4802
22785,22785,258,258,101,2.5545,85,5,0.0,4804
22786,22786,0,0,0,0.0,0,5,0.0,4785
22787,22787,0,0,0,0.0,13,5,0.0,4785
22788,22788,326,326,117,2.7863,58,5,0.0,4796
22789,22789,152,152,55,2.7636,35,5,0.0,4812
22790,22790,66,66,24,2.75,5,5,0.0,4796
22791,22791,742,742,267,2.779,78,5,0.0,4779
22792,22792,234,234,84,2.7857,36,5,0.0,4799
22793,22793,152,152,55,2.7636,35,5,0.0,4788
22794,22794,0,0,0,0.0,0,5,0.0,4834
22795,22795,3,3,1,3.0,0,5,0.0,4794
22796,22796,9,9,3,3.0,0,5,0.0,4834
22797,22797,251,251,80,3.1375,73,5,0.0,4813
22798,22798,116,116,37,3.1351,19,5,0.0,4813
22799,22799,210,210,67,3.1343,19,5,0.0,4834
22800,22800,72,72,23,3.1304,17,5,0.0,4821
22801,22801,0,0,0,0.0,0,5,0.0,4810
22802,22802,32,32,10,3.2,1,5,0.0,4810
22803,22803,0,0,0,0.0,0,5,0.0,4810
22804,22804,3,3,1,3.0,0,5,0.0,4810
22805,22805,6,6,2,3.0,11,5,0.0,4827
22806,22806,16,16,5,3.2,0,5,0.0,4810
22807,22807,0,0,0,0.0,0,5,0.0,4751
22808,22808,9,9,3,3.0,0,5,0.0,4751
22809,22809,6,6,2,3.0,0,5,0.0,4827
22810,22810,79,79,25,3.16,14,5,0.0,4792
22811,22811,120,120,38,3.1579,15,5,0.0,4792
22812,22812,65,65,21,3.0952,15,5,0.0,4827
22813,22813,59,59,19,3.1053,2,5,0.0,4792
22814,22814,9,9,3,3.0,0,5,0.0,4766
22815,22815,162,162,52,3.1154,39,5,0.0,4811
22816,22816,0,0,0,0.0,0,5,0.0,4766
22817,22817,49,49,16,3.0625,15,5,0.0,4766
22818,22818,72,72,23,3.1304,3,5,0.0,4811
22819,22819,119,119,38,3.1316,19,5,0.0,4766
22820,22820,104,104,33,3.1515,26,5,0.0,4766
22821,22821,68,68,22,3.0909,2,5,0.0,4774
22822,22822,200,200,64,3.125,23,5,0.0,4774
22823,22823,169,169,54,3.1296,59,5,0.0,4774
22824,22824,35,35,11,3.1818,1,5,0.0,4794
22825,22825,233,233,74,3.1486,18,5,0.0,4794
22826,22826,11,11,4,2.75,0,5,0.0,4692
22827,22827,55,55,20,2.75,43,5,0.0,4628
22828,22828,0,0,0,0.0,0,5,0.0,4645
22829,22829,0,0,0,0.0,0,5,0.0,4599
22830,22830,132,132,47,2.8085,24,5,0.0,4645
22831,22831,0,0,0,0.0,0,5,0.0,4680
22832,22832,306,306,109,2.8073,83,5,0.0,4720
22833,22833,25,25,9,2.7778,1,5,0.0,4645
22834,22834,79,79,28,2.8214,15,5,0.0,4645
22835,22835,129,129,46,2.8043,21,5,0.0,4680
22836,22836,179,179,64,2.7969,25,5,0.0,4680
22837,22837,48,48,13,3.6923,2,5,0.0,4626
22838,22838,279,279,100,2.79,39,5,0.0,4644
22839,22839,55,55,20,2.75,61,5,0.0,4655
22840,22840,48,48,13,3.6923,43,5,0.0,4643
22841,22841,186,186,58,3.2069,26,5,0.0,4724
22842,22842,177,177,55,3.2182,23,5,0.0,4742
22843,22843,283,283,88,3.2159,53,5,0.0,4715
22844,22844,10,10,3,3.3333,0,5,0.0,4691
22845,22845,35,35,13,2.6923,3,8,0.0,4838
22846,22846,71,71,24,2.9583,43,5,0.0,4762
22847,22847,207,207,71,2.9155,51,5,0.0,4764
22848,22848,380,380,129,2.9457,50,5,0.0,4775
22849,22849,191,191,65,2.9385,29,5,0.0,4764
22850,22850,36,36,12,3.0,15,5,0.0,4756
22851,22851,21,21,7,3.0,12,5,0.0,4756
22852,22852,6,6,2,3.0,0,5,0.0,4781
22853,22853,21,21,7,3.0,32,5,0.0,4781
22854,22854,39,39,13,3.0,3,5,0.0,4756
22855,22855,74,74,25,2.96,25,5,0.0,4756
22856,22856,30,30,10,3.0,2,5,0.0,4751
22857,22857,9,9,3,3.0,1,5,0.0,4807
22858,22858,0,0,0,0.0,0,5,0.0,4825
22859,22859,89,89,30,2.9667,16,5,0.0,4807
22860,22860,121,121,41,2.9512,21,5,0.0,4817
22861,22861,267,267,91,2.9341,49,5,0.0,4800
22862,22862,221,221,75,2.9467,33,5,0.0,4800
22863,22863,406,406,138,2.942,87,5,0.0,4800
22864,22864,0,0,0,0.0,0,5,0.0,4800
22865,22865,18,18,6,3.0,14,5,0.0,4832
22866,22866,152,152,52,2.9231,21,5,0.0,4832
22867,22867,0,0,0,0.0,0,5,0.0,4832
22868,22868,67,67,23,2.913,4,5,0.0,4832
22869,22869,21,21,7,3.0,1,5,0.0,4823
22870,22870,130,130,44,2.9545,21,5,0.0,4825
22871,22871,89,89,30,2.9667,21,5,0.0,4825
22872,22872,30,30,10,3.0,30,5,0.0,4825
22873,22873,47,47,16,2.9375,3,5,0.0,4823
22874,22874,44,44,15,2.9333,3,5,0.0,4825
22875,22875,6,6,2,3.0,14,5,0.0,4825
22876,22876,160,160,55,2.9091,20,5,0.0,4817
22877,22877,147,147,57,2.5789,20,5,0.0,4777
22878,22878,378,378,147,2.5714,41,5,0.0,4780
22879,22879,128,128,50,2.56,18,5,0.0,4780
22880,22880,343,343,134,2.5597,37,5,0.0,4778
22881,22881,208,208,81,2.5679,108,5,0.0,4778
22882,22882,496,496,193,2.5699,37,5,0.0,4790
22883,22883,144,144,56,2.5714,20,5,0.0,4795
22884,22884,92,92,36,2.5556,18,5,0.0,4803
22885,22885,53,53,21,2.5238,122,5,0.0,4791
22886,22886,36,36,14,2.5714,1,5,0.0,4798
22887,22887,228,228,89,2.5618,36,5,0.0,4791
22888,22888,0,0,0,0.0,0,5,0.0,4798
22889,22889,3,3,1,3.0,277,5,0.0,4784
22890,22890,0,0,0,0.0,149,5,0.0,4789
22891,22891,430,430,167,2.5749,163,5,0.0,4802
22892,22892,106,106,41,2.5854,20,5,0.0,4789
22893,22893,228,124,48,2.5833,241,5,0.0,4793
22894,22894,0,0,0,0.0,39,5,0.0,4789
22895,22895,28,28,11,2.5455,84,5,0.0,4802
22896,22896,3,3,1,3.0,32,5,0.0,4802
22897,22897,64,64,25,2.56,52,5,0.0,4797
22898,22898,85,85,33,2.5758,42,5,0.0,4804
22899,22899,8,8,3,2.6667,115,5,0.0,4816
22900,22900,5,5,2,2.5,32,5,0.0,4816
22901,22901,116,116,45,2.5778,30,5,0.0,4804
22902,22902,58,58,23,2.5217,126,5,0.0,4804
22903,22903,72,72,28,2.5714,2,5,0.0,4804
22904,22904,0,0,0,0.0,0,5,0.0,4785
22905,22905,0,0,0,0.0,0,5,0.0,4820
22906,22906,11,11,4,2.75,1,5,0.0,4820
22907,22907,0,0,0,0.0,0,5,0.0,4785
22908,22908,0,0,0,0.0,0,5,0.0,4785
22909,22909,14,14,5,2.8,1,5,0.0,4785
22910,22910,124,124,45,2.7556,20,5,0.0,4785
22911,22911,0,0,0,0.0,0,5,0.0,4820
22912,22912,22,22,8,2.75,13,5,0.0,4785
22913,22913,28,28,10,2.8,2,5,0.0,4796
22914,22914,6,6,2,3.0,11,5,0.0,4796
22915,22915,0,0,0,0.0,0,5,0.0,4812
22916,22916,39,39,14,2.7857,14,5,0.0,4769
22917,22917,97,97,35,2.7714,17,5,0.0,4796
22918,22918,48,48,17,2.8235,3,5,0.0,4812
22919,22919,280,275,99,2.7778,47,5,0.0,4812
22920,22920,160,155,56,2.7679,40,5,0.0,4799
22921,22921,78,78,28,2.7857,18,5,0.0,4806
22922,22922,109,109,39,2.7949,41,5,0.0,4796
22923,22923,0,0,0,0.0,0,5,0.0,4779
22924,22924,0,0,0,0.0,73,5,0.0,4769
22925,22925,177,177,64,2.7656,28,5,0.0,4806
22926,22926,0,0,0,0.0,49,5,0.0,4769
22927,22927,3,3,1,3.0,39,5,0.0,4769
22928,22928,31,31,11,2.8182,14,5,0.0,4788
22929,22929,0,0,0,0.0,136,5,0.0,4769
22930,22930,11,11,4,2.75,1,5,0.0,4820
22931,22931,3,3,1,3.0,0,5,0.0,4820
22932,22932,25,25,9,2.7778,155,5,0.0,4820
22933,22933,169,169,61,2.7705,27,5,0.0,4820
22934,22934,53,53,17,3.1176,2,5,0.0,4794
22935,22935,0,0,0,0.0,0,5,0.0,4834
22936,22936,163,163,52,3.1346,18,5,0.0,4834
22937,22937,35,35,11,3.1818,1,5,0.0,4787
22938,22938,85,85,27,3.1481,3,5,0.0,4834
22939,22939,3,3,1,3.0,0,5,0.0,4834
22940,22940,6,6,2,3.0,0,5,0.0,4821
22941,22941,9,9,3,3.0,18,5,0.0,4821
22942,22942,16,16,5,3.2,10,5,0.0,4810
22943,22943,6,6,2,3.0,0,5,0.0,4810
22944,22944,0,0,0,0.0,0,5,0.0,4810
22945,22945,0,0,0,0.0,0,5,0.0,4810
22946,22946,79,79,25,3.16,3,5,0.0,4827
22947,22947,0,0,0,0.0,0,5,0.0,4810
22948,22948,22,22,7,3.1429,0,5,0.0,4810
22949,22949,0,0,0,0.0,0,5,0.0,4751
22950,22950,0,0,0,0.0,0,5,0.0,4751
22951,22951,53,53,17,3.1176,12,5,0.0,4827
22952,22952,0,0,0,0.0,0,5,0.0,4827
22953,22953,166,166,53,3.1321,17,5,0.0,4827
22954,22954,116,116,37,3.1351,16,5,0.0,4766
22955,22955,6,6,2,3.0,11,5,0.0,4811
22956,22956,3,3,1,3.0,0,5,0.0,4827
22957,22957,122,122,39,3.1282,21,5,0.0,4827
22958,22958,79,79,25,3.16,3,5,0.0,4811
22959,22959,223,223,71,3.1408,19,5,0.0,4766
22960,22960,16,16,5,3.2,10,5,0.0,4811
22961,22961,0,0,0,0.0,0,5,0.0,4834
22962,22962,59,59,19,3.1053,2,5,0.0,4774
22963,22963,16,16,5,3.2,0,5,0.0,4774
22964,22964,9,9,3,3.0,0,5,0.0,4794
22965,22965,150,150,48,3.125,5,5,0.0,4794
22966,22966,41,41,13,3.1538,1,5,0.0,4794
22967,22967,16,16,5,3.2,0,5,0.0,4834
22968,22968,0,0,0,0.0,0,5,0.0,4794
22969,22969,6,6,2,3.0,0,5,0.0,4813
22970,22970,59,59,19,3.1053,2,5,0.0,4765
22971,22971,492,492,175,2.8114,41,5,0.0,4648
22972,22972,3,3,1,3.0,0,5,0.0,4630
22973,22973,20,20,7,2.8571,1,5,0.0,4628
22974,22974,3,3,1,3.0,16,5,0.0,4720
22975,22975,0,0,0,0.0,0,5,0.0,4645
22976,22976,20,20,7,2.8571,1,5,0.0,4692
22977,22977,115,115,41,2.8049,19,5,0.0,4680
22978,22978,0,0,0,0.0,0,5,0.0,4720
22979,22979,61,61,22,2.7727,22,5,0.0,4720
22980,22980,0,0,0,0.0,121,5,0.0,4599
22981,22981,173,135,48,2.8125,28,5,0.0,4562
22982,22982,6,6,2,3.0,0,5,0.0,4720
22983,22983,0,0,0,0.0,0,5,0.0,4644
22984,22984,11,11,4,2.75,1,5,0.0,4644
22985,22985,96,96,26,3.6923,39,5,0.0,4643
22986,22986,85,85,23,3.6957,3,5,0.0,4643
22987,22987,74,74,20,3.7,14,5,0.0,4643
22988,22988,37,37,10,3.7,26,5,0.0,4626
22989,22989,123,123,38,3.2368,7,5,0.0,4724
22990,22990,36,36,11,3.2727,12,5,0.0,4742
22991,22991,91,91,28,3.25,17,5,0.0,4742
22992,22992,74,74,23,3.2174,13,5,0.0,4713
22993,22993,57,57,18,3.1667,14,5,0.0,4742
22994,22994,217,217,67,3.2388,85,5,0.0,4713
22995,22995,100,100,31,3.2258,20,5,0.0,4713
22996,22996,3,3,1,3.0,12,5,0.0,4742
22997,22997,35,35,11,3.1818,2,5,0.0,4742
22998,22998,0,0,0,0.0,0,5,0.0,4742
22999,22999,0,0,0,0.0,107,5,0.0,4713
23000,23000,36,36,11,3.2727,2,5,0.0,4713
23001,23001,277,277,86,3.2209,51,5,0.0,4689
23002,23002,196,196,61,3.2131,28,5,0.0,4689
23003,23003,51,51,16,3.1875,14,5,0.0,4713
23004,23004,113,113,35,3.2286,23,5,0.0,4687
23005,23005,3,3,1,3.0,0,5,0.0,4667
23006,23006,57,57,18,3.1667,3,5,0.0,4691
23007,23007,6,6,2,3.0,296,5,0.0,4691
23008,23008,13,13,4,3.25,24,5,0.0,4691
23009,23009,112,112,45,2.4889,18,6,0.0,284
23010,23010,0,0,0,0.0,23,6,0.0,222
23011,23011,131,131,53,2.4717,24,6,0.0,249
23012,23012,913,913,369,2.4743,114,6,0.0,249
23013,23013,265,265,107,2.4766,36,6,0.0,284
23014,23014,0,0,0,0.0,0,6,0.0,171
23015,23015,0,0,0,0.0,0,6,0.0,379
23016,23016,0,0,0,0.0,833,6,5.687,389
23017,23017,0,0,0,0.0,1022,6,0.0,175
23018,23018,0,0,0,0.0,221,6,10.7,204
23019,23019,0,0,0,0.0,1725,6,5.111,336
23020,23020,0,0,0,0.0,780,6,4.742,336
23021,23021,0,0,0,0.0,1933,6,4.885,402
23022,23022,305,305,107,2.8505,34,6,0.0,276
23023,23023,223,223,78,2.859,11,6,0.0,276
23024,23024,103,103,36,2.8611,5,6,0.0,276
23025,23025,214,214,75,2.8533,31,6,2.591,276
23026,23026,759,759,266,2.8534,71,6,0.0,382
23027,23027,938,938,329,2.8511,126,6,0.0,382
23028,23028,86,86,30,2.8667,14,6,0.0,301
23029,23029,103,103,36,2.8611,17,6,0.0,301
23030,23030,244,244,86,2.8372,38,6,0.0,425
23031,23031,482,482,151,3.1921,33,6,0.0,1232
23032,23032,149,149,40,3.725,39,7,0.0,4216
23033,23033,237,237,70,3.3857,23,6,0.0,181
23034,23034,219,219,89,2.4607,25,6,0.0,710
23035,23035,126,126,44,2.8636,11,7,0.0,3879
23036,23036,255,255,103,2.4757,38,6,0.0,284
23037,23037,196,196,79,2.481,21,6,0.0,284
23038,23038,0,0,0,0.0,788,6,0.0,379
23039,23039,0,0,0,0.0,120,6,0.0,379
23040,23040,0,0,0,0.0,849,6,0.0,319
23041,23041,0,0,0,0.0,1328,6,0.0,319
23042,23042,0,0,0,0.0,290,6,0.0,379
23043,23043,0,0,0,0.0,332,6,0.0,294
23044,23044,0,0,0,0.0,859,6,0.0,294
23045,23045,0,0,0,0.0,0,6,0.0,171
23046,23046,0,0,0,0.0,73,6,0.0,389
23047,23047,0,0,0,0.0,1575,6,6.956,389
23048,23048,0,0,0,0.0,334,6,0.0,294
23049,23049,0,0,0,0.0,420,6,0.0,389
23050,23050,0,0,0,0.0,897,6,0.0,166
23051,23051,0,0,0,0.0,630,6,7.294,326
23052,23052,0,0,0,0.0,2549,6,5.762,431
23053,23053,0,0,0,0.0,1874,6,5.415,389
23054,23054,0,0,0,0.0,436,6,5.666,431
23055,23055,0,0,0,0.0,745,6,12.512,187
23056,23056,0,0,0,0.0,1238,6,0.0,166
23057,23057,0,0,0,0.0,1179,6,5.342,326
23058,23058,0,0,0,0.0,332,6,5.71,431
23059,23059,0,0,0,0.0,565,6,4.334,391
23060,23060,0,0,0,0.0,2825,6,9.102,207
23061,23061,0,0,0,0.0,1358,6,9.241,187
23062,23062,0,0,0,0.0,2084,6,0.0,178
23063,23063,0,0,0,0.0,119,6,9.123,178
23064,23064,0,0,0,0.0,141,6,9.305,192
23065,23065,0,0,0,0.0,804,6,5.441,336
23066,23066,0,0,0,0.0,3403,6,5.708,468
23067,23067,0,0,0,0.0,231,6,5.559,468
23068,23068,0,0,0,0.0,16,6,9.117,276
23069,23069,0,0,0,0.0,2473,6,0.0,465
23070,23070,38,38,13,2.9231,12,6,0.0,276
23071,23071,376,376,132,2.8485,45,6,0.0,276
23072,23072,0,0,0,0.0,1085,6,5.784,338
23073,23073,0,0,0,0.0,215,6,5.906,402
23074,23074,0,0,0,0.0,28,6,6.044,338
23075,23075,0,0,0,0.0,985,6,0.0,442
23076,23076,38,38,13,2.9231,13,6,0.0,276
23077,23077,153,153,54,2.8333,23,6,0.0,276
23078,23078,279,279,98,2.8469,29,6,5.598,276
23079,23079,0,0,0,0.0,433,6,0.0,442
23080,23080,0,0,0,0.0,153,6,0.0,276
23081,23081,461,461,162,2.8457,12,6,0.0,426
23082,23082,428,428,150,2.8533,55,6,0.0,426
23083,23083,43,43,15,2.8667,3,6,0.0,301
23084,23084,34,32,11,2.9091,16,6,0.0,339
23085,23085,64,60,21,2.8571,44,6,0.0,339
23086,23086,3,3,1,3.0,0,6,0.0,301
23087,23087,793,793,278,2.8525,98,6,0.0,426
23088,23088,143,143,50,2.86,30,6,0.0,339
23089,23089,139,139,49,2.8367,22,6,0.0,301
23090,23090,159,159,56,2.8393,22,6,0.0,339
23091,23091,112,112,39,2.8718,29,6,0.0,339
23092,23092,73,73,26,2.8077,17,6,0.0,339
23093,23093,143,143,50,2.86,19,6,0.0,426
23094,23094,211,211,74,2.8514,88,6,0.0,301
23095,23095,106,106,37,2.8649,49,6,0.0,425
23096,23096,294,294,103,2.8544,20,6,0.0,339
23097,23097,3,3,1,3.0,879,6,0.0,425
23098,23098,0,0,0,0.0,141,6,0.0,425
23099,23099,359,359,126,2.8492,37,6,0.0,425
23100,23100,226,226,79,2.8608,25,6,0.0,426
23101,23101,0,0,0,0.0,0,6,0.0,426
23102,23102,0,0,0,0.0,0,7,0.0,4041
23103,23103,3,3,1,3.0,0,6,0.0,1042
23104,23104,39,39,19,2.0526,3,6,0.0,103
23105,23105,0,0,0,0.0,0,6,0.0,1480
23106,23106,23,23,8,2.875,0,5,0.0,4772
23107,23107,0,0,0,0.0,0,5,0.0,4747
23108,23108,0,0,0,0.0,0,6,0.0,543
23109,23109,0,0,0,0.0,0,5,0.0,4818
23110,23110,28,28,12,2.3333,1,7,0.0,1587
23111,23111,3,3,1,3.0,0,7,0.0,899
23112,23112,0,0,0,0.0,0,5,0.0,4668
23113,23113,0,0,0,0.0,0,5,0.0,4758
23114,23114,0,0,0,0.0,1427,6,0.0,246
23115,23115,16,16,6,2.6667,1,7,0.0,3678
23116,23116,0,0,0,0.0,0,5,0.0,4815
23117,23117,68,68,23,2.9565,3,7,0.0,3585
23118,23118,16,16,7,2.2857,0,7,0.0,1456
23119,23119,34,34,9,3.7778,1,6,0.0,346
23120,23120,38,38,10,3.8,12,6,0.0,346
23121,23121,16,16,6,2.6667,0,5,0.0,4451
23122,23122,5,5,2,2.5,0,5,0.0,4430
23123,23123,22,22,6,3.6667,0,7,0.0,3056
23124,23124,0,0,0,0.0,0,7,0.0,1316
23125,23125,50,50,14,3.5714,1,7,0.0,3056
23126,23126,0,0,0,0.0,0,7,0.0,1329
23127,23127,0,0,0,0.0,0,7,0.0,3094
23128,23128,3,3,1,3.0,0,7,0.0,524
23129,23129,3,3,1,3.0,0,7,0.0,2675
23130,23130,3,3,1,3.0,11,7,0.0,2719
23131,23131,0,0,0,0.0,0,7,0.0,647
23132,23132,3,3,1,3.0,12,7,0.0,819
23133,23133,3,3,1,3.0,0,7,0.0,3501
23134,23134,3,3,1,3.0,0,7,0.0,3409
23135,23135,0,0,0,0.0,0,7,0.0,3533
23136,23136,3,3,1,3.0,0,7,0.0,3116
23137,23137,0,0,0,0.0,0,7,0.0,2319
23138,23138,5,5,2,2.5,0,7,0.0,2369
23139,23139,13,13,5,2.6,45,5,0.0,4753
23140,23140,21,21,8,2.625,1,5,0.0,4741
23141,23141,0,0,0,0.0,0,7,0.0,4473
23142,23142,0,0,0,0.0,46,7,0.0,3368
23143,23143,0,0,0,0.0,75,7,0.0,3368
23144,23144,3,3,1,3.0,13,7,0.0,1903
23145,23145,0,0,0,0.0,0,6,0.0,256
23146,23146,38,38,17,2.2353,11,6,0.0,200
23147,23147,169,169,69,2.4493,3,6,0.0,256
23148,23148,2,2,1,2.0,0,8,0.0,4847
23149,23149,381,381,121,3.1488,67,7,0.0,3289
23150,23150,9,9,4,2.25,0,8,0.0,4878
23151,23151,0,0,0,0.0,0,6,0.0,179
23152,23152,120,120,54,2.2222,6,7,0.0,2301
23153,23153,102,102,46,2.2174,6,7,0.0,2301
23154,23154,125,125,56,2.2321,18,7,0.0,2301
23155,23155,108,108,49,2.2041,19,7,0.0,2301
23156,23156,85,85,27,3.1481,3,5,0.0,4560
23157,23157,3,3,1,3.0,0,5,0.0,4708
23158,23158,193,193,66,2.9242,9,7,0.0,3351
23159,23159,0,0,0,0.0,0,7,0.0,3032
23160,23160,0,0,0,0.0,0,7,0.0,984
23161,23161,0,0,0,0.0,0,7,0.0,2301
23162,23162,0,0,0,0.0,0,7,0.0,2376
23163,23163,122,122,55,2.2182,17,7,0.0,2301
23164,23164,127,127,57,2.2281,7,7,0.0,2301
23165,23165,118,118,53,2.2264,6,7,0.0,2301
23166,23166,20,20,10,2.0,1,7,0.0,2301
23167,23167,23,23,8,2.875,1,7,0.0,2279
23168,23168,211,211,95,2.2211,23,7,0.0,2301
23169,23169,48,48,22,2.1818,3,7,0.0,2301
23170,23170,2,2,1,2.0,0,7,0.0,2301
23171,23171,27,27,12,2.25,2,7,0.0,2301
23172,23172,0,0,0,0.0,0,7,0.0,2376
23173,23173,2,2,1,2.0,0,7,0.0,2475
23174,23174,17,17,7,2.4286,1,7,0.0,2376
23175,23175,40,40,16,2.5,3,7,0.0,2376
23176,23176,137,137,49,2.7959,6,5,0.0,4645
23177,23177,0,0,0,0.0,0,6,12.607,171
23178,23178,0,0,0,0.0,0,6,0.0,171
23179,23179,0,0,0,0.0,0,6,0.0,171
23180,23180,7,7,3,2.3333,0,7,0.0,2033
23181,23181,0,0,0,0.0,0,7,0.0,2166
23182,23182,0,0,0,0.0,0,7,0.0,2166
23183,23183,0,0,0,0.0,0,7,0.0,2033
23184,23184,0,0,0,0.0,17,7,0.0,1222
23185,23185,0,0,0,0.0,23,7,0.0,1269
23186,23186,0,0,0,0.0,0,6,11.287,244
23187,23187,55,55,25,2.2,12,6,0.0,212
23188,23188,0,0,0,0.0,0,6,0.0,136
23189,23189,102,102,41,2.4878,16,6,0.0,147
23190,23190,161,161,52,3.0962,26,6,0.0,1107
23191,23191,0,0,0,0.0,62,6,0.0,349
23192,23192,68,68,23,2.9565,12,7,0.0,2473
23193,23193,477,477,166,2.8735,61,5,0.0,4589
23194,23194,98,98,31,3.1613,30,5,0.0,4560
23195,23195,69,69,22,3.1364,3,5,0.0,4560
23196,23196,0,0,0,0.0,60,5,0.0,4560
23197,23197,0,0,0,0.0,0,5,0.0,4560
23198,23198,50,50,16,3.125,49,5,0.0,4560
23199,23199,141,136,43,3.1628,25,5,0.0,4560
23200,23200,185,185,59,3.1356,52,5,0.0,4560
23201,23201,13,13,4,3.25,1,7,0.0,946
23202,23202,218,218,67,3.2537,71,7,0.0,946
23203,23203,15,15,6,2.5,21,7,0.0,984
23204,23204,21,21,8,2.625,15,7,0.0,984
23205,23205,10,10,4,2.5,0,7,0.0,984
23206,23206,576,576,177,3.2542,48,7,0.0,689
23207,23207,46,46,14,3.2857,18,7,0.0,656
23208,23208,168,168,52,3.2308,48,7,0.0,689
23209,23209,801,801,314,2.551,65,6,0.0,149
23210,23210,0,0,0,0.0,0,6,0.0,149
23211,23211,332,332,98,3.3878,26,6,0.0,181
23212,23212,24,24,7,3.4286,50,6,0.0,181
23213,23213,0,0,0,0.0,20,6,0.0,181
23214,23214,514,514,152,3.3816,57,6,0.0,181
23215,23215,453,453,134,3.3806,30,6,0.0,195
23216,23216,0,0,0,0.0,0,6,0.0,195
23217,23217,0,0,0,0.0,238,6,0.0,195
23218,23218,166,166,92,1.8043,15,6,0.0,160
23219,23219,387,387,215,1.8,8,6,0.0,170
23220,23220,23,23,13,1.7692,0,6,0.0,160
23221,23221,213,213,119,1.7899,15,6,0.0,160
23222,23222,273,273,152,1.7961,17,6,0.0,160
23223,23223,0,0,0,0.0,0,6,0.0,227
23224,23224,113,113,42,2.6905,15,6,0.0,176
23225,23225,170,124,47,2.6383,288,6,0.0,162
23226,23226,0,0,0,0.0,176,6,0.0,162
23227,23227,0,0,0,0.0,0,6,0.0,257
23228,23228,227,227,67,3.3881,22,6,0.0,181
23229,23229,273,273,152,1.7961,17,6,0.0,170
23230,23230,66,66,37,1.7838,31,6,0.0,160
23231,23231,0,0,0,0.0,0,6,0.0,160
23232,23232,0,0,0,0.0,94,6,0.0,227
23233,23233,269,269,92,2.9239,16,6,0.0,198
23234,23234,0,0,0,0.0,0,6,0.0,198
23235,23235,27,27,10,2.7,436,6,0.0,162
23236,23236,0,0,0,0.0,48,6,0.0,161
23237,23237,0,0,0,0.0,39,6,0.0,161
23238,23238,27,27,10,2.7,11,6,0.0,176
23239,23239,536,536,194,2.7629,67,6,0.0,199
23240,23240,534,534,193,2.7668,30,6,0.0,199
23241,23241,0,0,0,0.0,0,6,0.0,199
23242,23242,0,0,0,0.0,0,6,0.0,199
23243,23243,435,435,158,2.7532,95,6,0.0,199
23244,23244,475,475,138,3.442,36,6,0.0,197
23245,23245,311,311,90,3.4556,33,6,0.0,197
23246,23246,58,58,18,3.2222,26,6,0.0,534
23247,23247,29,29,9,3.2222,11,6,0.0,438
23248,23248,532,532,165,3.2242,43,6,0.0,322
23249,23249,0,0,0,0.0,242,7,0.0,760
23250,23250,192,192,59,3.2542,26,6,0.0,534
23251,23251,162,162,50,3.24,18,6,0.0,534
23252,23252,74,74,23,3.2174,2,6,0.0,438
23253,23253,1229,1229,373,3.2949,69,7,0.0,620
23254,23254,715,715,222,3.2207,99,7,0.0,624
23255,23255,824,824,250,3.296,59,7,0.0,620
23256,23256,2,2,1,2.0,466,6,0.0,168
23257,23257,0,0,0,0.0,621,6,0.0,168
23258,23258,0,0,0,0.0,34,6,0.0,186
23259,23259,10,10,4,2.5,117,6,0.0,120
23260,23260,97,97,38,2.5526,58,6,0.0,120
23261,23261,116,116,45,2.5778,16,6,0.0,115
23262,23262,130,130,63,2.0635,543,6,0.0,91
23263,23263,96,96,47,2.0426,92,6,0.0,91
23264,23264,216,216,106,2.0377,158,6,0.0,109
23265,23265,7,7,4,1.75,399,6,0.0,82
23266,23266,233,233,91,2.5604,22,6,0.0,115
23267,23267,92,92,36,2.5556,3,6,0.0,119
23268,23268,77,77,30,2.5667,66,6,0.0,119
23269,23269,0,0,0,0.0,259,6,0.0,91
23270,23270,199,196,96,2.0417,65,6,0.0,97
23271,23271,53,53,26,2.0385,330,6,0.0,97
23272,23272,267,267,106,2.5189,31,6,0.0,109
23273,23273,136,136,59,2.3051,23,6,0.0,270
23274,23274,142,142,62,2.2903,21,6,0.0,270
23275,23275,181,181,78,2.3205,43,6,0.0,240
23276,23276,2,2,1,2.0,83,6,0.0,220
23277,23277,72,72,31,2.3226,36,6,0.0,230
23278,23278,105,105,45,2.3333,28,6,0.0,240
23279,23279,396,396,153,2.5882,250,6,0.0,252
23280,23280,128,128,46,2.7826,28,6,0.0,277
23281,23281,0,0,0,0.0,17,6,0.0,230
23282,23282,91,91,39,2.3333,19,6,0.0,230
23283,23283,112,112,48,2.3333,31,6,0.0,230
23284,23284,105,105,45,2.3333,183,6,0.0,230
23285,23285,123,123,53,2.3208,65,6,0.0,230
23286,23286,72,72,28,2.5714,6,6,0.0,252
23287,23287,38,38,15,2.5333,58,6,0.0,252
23288,23288,3,3,1,3.0,123,6,0.0,239
23289,23289,18,18,7,2.5714,57,6,0.0,352
23290,23290,65,65,26,2.5,20,6,0.0,352
23291,23291,47,47,19,2.4737,15,6,0.0,352
23292,23292,80,80,38,2.1053,20,6,0.0,388
23293,23293,179,179,85,2.1059,29,6,0.0,388
23294,23294,190,190,62,3.0645,54,6,0.0,406
23295,23295,25,25,10,2.5,15,6,0.0,352
23296,23296,38,38,15,2.5333,2,6,0.0,352
23297,23297,10,10,4,2.5,1,6,0.0,352
23298,23298,30,30,12,2.5,13,6,0.0,352
23299,23299,179,179,85,2.1059,30,6,0.0,424
23300,23300,28,28,13,2.1538,15,6,0.0,388
23301,23301,28,28,13,2.1538,2,6,0.0,371
23302,23302,28,28,13,2.1538,12,6,0.0,371
23303,23303,0,0,0,0.0,326,6,0.0,269
23304,23304,0,0,0,0.0,22,6,0.0,269
23305,23305,0,0,0,0.0,34,6,0.0,278
23306,23306,83,83,39,2.1282,18,6,0.0,281
23307,23307,0,0,0,0.0,13,6,0.0,281
23308,23308,125,125,49,2.551,23,6,0.0,239
23309,23309,104,104,40,2.6,34,6,0.0,253
23310,23310,175,175,68,2.5735,36,6,0.0,253
23311,23311,3,3,1,3.0,29,6,0.0,253
23312,23312,64,64,25,2.56,5,6,0.0,253
23313,23313,0,0,0,0.0,30,6,0.0,454
23314,23314,9,9,4,2.25,1,6,0.0,264
23315,23315,45,45,21,2.1429,4,6,0.0,264
23316,23316,26,26,12,2.1667,2,6,0.0,264
23317,23317,24,24,11,2.1818,2,6,0.0,271
23318,23318,99,99,46,2.1522,8,6,0.0,271
23319,23319,41,41,19,2.1579,72,6,0.0,271
23320,23320,0,0,0,0.0,168,6,0.0,281
23321,23321,0,0,0,0.0,1975,6,0.0,330
23322,23322,0,0,0,0.0,0,6,0.0,330
23323,23323,0,0,0,0.0,78,6,0.0,274
23324,23324,10,10,4,2.5,94,6,0.0,239
23325,23325,23,23,9,2.5556,23,6,0.0,261
23326,23326,31,31,12,2.5833,2,6,0.0,261
23327,23327,65,65,25,2.6,23,6,0.0,261
23328,23328,31,31,12,2.5833,25,6,0.0,261
23329,23329,0,0,0,0.0,0,6,0.0,456
23330,23330,83,83,32,2.5938,6,6,0.0,456
23331,23331,3,3,1,3.0,327,6,0.0,456
23332,23332,0,0,0,0.0,0,6,0.0,443
23333,23333,101,101,39,2.5897,18,6,0.0,453
23334,23334,29,29,11,2.6364,51,6,0.0,456
23335,23335,0,0,0,0.0,16,6,0.0,456
23336,23336,0,0,0,0.0,27,6,0.0,456
23337,23337,98,98,38,2.5789,111,6,0.0,453
23338,23338,53,53,20,2.65,5,6,0.0,530
23339,23339,45,45,17,2.6471,156,6,0.0,530
23340,23340,40,40,15,2.6667,18,6,0.0,453
23341,23341,0,0,0,0.0,83,6,0.0,514
23342,23342,0,0,0,0.0,176,6,0.0,514
23343,23343,78,78,38,2.0526,17,6,0.0,521
23344,23344,0,0,0,0.0,0,6,0.0,441
23345,23345,0,0,0,0.0,0,3,0.0,1851
23346,23346,3,3,1,3.0,0,6,0.0,1213
23347,23347,20,20,7,2.8571,1,6,0.0,1213
23348,23348,0,0,0,0.0,0,6,0.0,1213
23349,23349,23,23,8,2.875,1,6,0.0,1213
23350,23350,51,51,18,2.8333,17,6,0.0,1123
23351,23351,17,17,6,2.8333,0,6,0.0,1213
23352,23352,31,31,11,2.8182,25,6,0.0,1123
23353,23353,100,0,0,0.0,119,6,0.0,1123
23354,23354,32,32,11,2.9091,34,6,0.0,1522
23355,23355,20,20,7,2.8571,1,6,0.0,1522
23356,23356,20,20,7,2.8571,47,6,0.0,1427
23357,23357,0,0,0,0.0,0,6,0.0,788
23358,23358,0,0,0,0.0,871,6,0.0,690
23359,23359,0,0,0,0.0,76,6,0.0,690
23360,23360,0,0,0,0.0,0,6,0.0,788
23361,23361,31,31,15,2.0667,14,6,0.0,972
23362,23362,0,0,0,0.0,20,6,0.0,1123
23363,23363,0,0,0,0.0,130,6,0.0,972
23364,23364,33,33,16,2.0625,12,6,0.0,788
23365,23365,1,1,1,1.0,0,6,0.0,788
23366,23366,0,0,0,0.0,123,7,0.0,3282
23367,23367,56,56,19,2.9474,13,7,0.0,3791
23368,23368,0,0,0,0.0,0,7,0.0,4044
23369,23369,262,262,93,2.8172,54,7,0.0,3555
23370,23370,72,72,24,3.0,16,7,0.0,3704
23371,23371,68,68,23,2.9565,3,7,0.0,3704
23372,23372,78,78,26,3.0,32,7,0.0,3683
23373,23373,48,48,16,3.0,37,7,0.0,3585
23374,23374,0,0,0,0.0,0,7,0.0,4044
23375,23375,0,0,0,0.0,0,7,0.0,3827
23376,23376,0,0,0,0.0,34,7,0.0,3827
23377,23377,62,62,23,2.6957,26,7,0.0,3907
23378,23378,404,404,143,2.8252,82,7,0.0,3555
23379,23379,0,0,0,0.0,2148,7,0.0,3368
23380,23380,93,93,28,3.3214,24,7,0.0,3533
23381,23381,813,813,245,3.3184,88,7,0.0,3426
23382,23382,136,136,41,3.3171,27,7,0.0,3426
23383,23383,0,0,0,0.0,0,7,0.0,4473
23384,23384,0,0,0,0.0,0,7,0.0,4473
23385,23385,0,0,0,0.0,0,5,0.0,4557
23386,23386,9,3,1,3.0,0,5,0.0,4623
23387,23387,110,110,39,2.8205,24,5,0.0,4623
23388,23388,0,0,0,0.0,0,5,0.0,4547
23389,23389,0,0,0,0.0,70,5,0.0,4547
23390,23390,74,74,26,2.8462,79,5,0.0,4357
23391,23391,149,149,53,2.8113,31,5,0.0,4474
23392,23392,20,20,7,2.8571,1,5,0.0,4557
23393,23393,25,25,9,2.7778,16,5,0.0,4557
23394,23394,67,67,24,2.7917,17,5,0.0,4623
23395,23395,0,0,0,0.0,0,5,0.0,4547
23396,23396,105,105,37,2.8378,14,5,0.0,4474
23397,23397,11,11,4,2.75,0,5,0.0,4474
23398,23398,275,275,97,2.8351,30,5,0.0,4474
23399,23399,133,133,45,2.9556,20,5,0.0,4620
23400,23400,51,51,18,2.8333,60,5,0.0,4651
23401,23401,0,0,0,0.0,0,5,0.0,4736
23402,23402,0,0,0,0.0,0,5,0.0,4736
23403,23403,460,460,190,2.4211,99,5,0.0,4719
23404,23404,39,39,16,2.4375,15,5,0.0,4653
23405,23405,17,17,7,2.4286,21,5,0.0,4653
23406,23406,61,61,23,2.6522,81,5,0.0,4710
23407,23407,170,170,63,2.6984,90,5,0.0,4708
23408,23408,18,18,6,3.0,1,5,0.0,4642
23409,23409,49,49,17,2.8824,2,5,0.0,4651
23410,23410,0,0,0,0.0,0,5,0.0,4473
23411,23411,0,0,0,0.0,0,5,0.0,4473
23412,23412,41,41,17,2.4118,3,5,0.0,4653
23413,23413,34,34,14,2.4286,16,5,0.0,4719
23414,23414,27,27,10,2.7,20,5,0.0,4686
23415,23415,0,0,0,0.0,0,8,0.0,4737
23416,23416,0,0,0,0.0,0,8,0.0,4737
23417,23417,906,906,317,2.858,70,5,0.0,4380
23418,23418,133,133,48,2.7708,27,5,0.0,4442
23419,23419,37,37,13,2.8462,15,5,0.0,4380
23420,23420,134,9,3,3.0,187,5,0.0,4319
23421,23421,376,376,132,2.8485,24,5,0.0,4319
23422,23422,294,294,106,2.7736,18,5,0.0,4442
23423,23423,582,582,209,2.7847,43,5,0.0,4368
23424,23424,956,956,344,2.7791,83,5,0.0,4368
23425,23425,531,522,175,2.9829,109,5,0.0,4538
23426,23426,830,830,295,2.8136,46,5,0.0,4593
23427,23427,0,0,0,0.0,0,5,0.0,4436
23428,23428,0,0,0,0.0,0,5,0.0,4256
23429,23429,53,53,18,2.9444,218,5,0.0,4396
23430,23430,322,322,108,2.9815,24,5,0.0,4347
23431,23431,425,425,143,2.972,134,5,0.0,4403
23432,23432,189,189,68,2.7794,248,5,0.0,4368
23433,23433,492,492,164,3.0,128,5,0.0,4491
23434,23434,235,225,75,3.0,31,5,0.0,4538
23435,23435,0,0,0,0.0,0,5,0.0,4593
23436,23436,0,0,0,0.0,0,5,0.0,4617
23437,23437,3,3,1,3.0,0,5,0.0,4347
23438,23438,156,156,53,2.9434,22,5,0.0,4347
23439,23439,0,0,0,0.0,20,5,0.0,4446
23440,23440,0,0,0,0.0,171,5,0.0,4414
23441,23441,0,0,0,0.0,188,5,0.0,4414
23442,23442,0,0,0,0.0,0,5,0.0,4446
23443,23443,14,14,5,2.8,66,5,0.0,4641
23444,23444,0,0,0,0.0,0,5,0.0,4459
23445,23445,59,59,21,2.8095,38,5,0.0,4672
23446,23446,245,245,87,2.8161,41,5,0.0,4612
23447,23447,157,157,54,2.9074,18,5,0.0,4652
23448,23448,45,45,15,3.0,2,5,0.0,4652
23449,23449,0,0,0,0.0,198,5,0.0,4657
23450,23450,6,6,2,3.0,57,5,0.0,4673
23451,23451,842,842,292,2.8836,450,5,0.0,4663
23452,23452,57,57,20,2.85,23,5,0.0,4682
23453,23453,119,119,41,2.9024,18,5,0.0,4682
23454,23454,329,329,114,2.886,25,5,0.0,4675
23455,23455,990,990,343,2.8863,81,5,0.0,4674
23456,23456,181,181,63,2.873,93,5,0.0,4674
23457,23457,0,0,0,0.0,242,5,0.0,4674
23458,23458,121,121,32,3.7812,41,5,0.0,4707
23459,23459,0,0,0,0.0,0,5,0.0,4697
23460,23460,95,95,25,3.8,5,5,0.0,4704
23461,23461,46,46,12,3.8333,15,5,0.0,4727
23462,23462,0,0,0,0.0,0,5,0.0,4727
23463,23463,445,445,118,3.7712,59,5,0.0,4706
23464,23464,91,84,22,3.8182,25,5,0.0,4705
23465,23465,19,19,7,2.7143,16,5,0.0,4686
23466,23466,100,100,37,2.7027,28,5,0.0,4681
23467,23467,91,91,32,2.8438,18,5,0.0,4641
23468,23468,34,34,12,2.8333,31,5,0.0,4615
23469,23469,189,189,67,2.8209,25,5,0.0,4612
23470,23470,476,476,168,2.8333,59,5,0.0,4541
23471,23471,67,67,23,2.913,14,5,0.0,4646
23472,23472,51,51,18,2.8333,13,5,0.0,4675
23473,23473,597,597,207,2.8841,256,5,0.0,4665
23474,23474,84,84,29,2.8966,26,5,0.0,4675
23475,23475,237,237,82,2.8902,19,5,0.0,4670
23476,23476,176,176,61,2.8852,46,5,0.0,4670
23477,23477,23,23,8,2.875,0,5,0.0,4670
23478,23478,0,0,0,0.0,303,5,0.0,4695
23479,23479,87,87,23,3.7826,6,5,0.0,4704
23480,23480,15,15,4,3.75,12,5,0.0,4704
23481,23481,121,121,32,3.7812,39,5,0.0,4704
23482,23482,91,91,24,3.7917,21,5,0.0,4727
23483,23483,42,42,11,3.8182,14,5,0.0,4727
23484,23484,196,196,52,3.7692,13,5,0.0,4696
23485,23485,64,64,17,3.7647,5,5,0.0,4696
23486,23486,0,0,0,0.0,0,5,0.0,4696
23487,23487,97,84,22,3.8182,43,5,0.0,4696
23488,23488,0,0,0,0.0,0,5,0.0,4708
23489,23489,0,0,0,0.0,21,5,0.0,4681
23490,23490,25,25,9,2.7778,1,5,0.0,4273
23491,23491,195,195,72,2.7083,43,5,0.0,4328
23492,23492,120,120,44,2.7273,35,5,0.0,4334
23493,23493,286,286,105,2.7238,69,5,0.0,4334
23494,23494,698,698,282,2.4752,348,5,0.0,4316
23495,23495,1033,1033,418,2.4713,59,5,0.0,4351
23496,23496,0,0,0,0.0,51,5,0.0,4377
23497,23497,0,0,0,0.0,69,5,0.0,4307
23498,23498,271,271,87,3.1149,54,5,0.0,4346
23499,23499,65,65,21,3.0952,40,5,0.0,4376
23500,23500,88,88,28,3.1429,28,5,0.0,4330
23501,23501,0,0,0,0.0,271,5,0.0,4346
23502,23502,146,146,47,3.1064,20,5,0.0,4330
23503,23503,26,26,8,3.25,1,5,0.0,4318
23504,23504,133,133,43,3.093,21,5,0.0,4348
23505,23505,16,16,6,2.6667,0,5,0.0,4430
23506,23506,199,199,73,2.726,20,5,0.0,4410
23507,23507,41,41,15,2.7333,55,5,0.0,4493
23508,23508,277,277,100,2.77,61,5,0.0,4493
23509,23509,0,0,0,0.0,16,5,0.0,4493
23510,23510,458,458,166,2.759,79,5,0.0,4486
23511,23511,0,0,0,0.0,125,5,0.0,4486
23512,23512,56,56,18,3.1111,23,5,0.0,4616
23513,23513,170,170,53,3.2075,134,5,0.0,4600
23514,23514,0,0,0,0.0,51,5,0.0,4576
23515,23515,285,285,89,3.2022,28,5,0.0,4529
23516,23516,0,0,0,0.0,122,5,0.0,4529
23517,23517,26,26,8,3.25,174,5,0.0,4576
23518,23518,283,283,96,2.9479,319,5,0.0,4458
23519,23519,53,53,20,2.65,1,5,0.0,4430
23520,23520,8,8,3,2.6667,0,5,0.0,4430
23521,23521,114,114,42,2.7143,16,5,0.0,4430
23522,23522,33,33,12,2.75,1,5,0.0,4397
23523,23523,97,97,36,2.6944,36,5,0.0,4428
23524,23524,16,16,5,3.2,12,5,0.0,4616
23525,23525,148,0,0,0.0,418,5,0.0,4600
23526,23526,183,183,57,3.2105,23,5,0.0,4576
23527,23527,0,0,0,0.0,197,5,0.0,4423
23528,23528,6,6,2,3.0,274,5,0.0,4423
23529,23529,299,299,101,2.9604,22,5,0.0,4423
23530,23530,236,236,80,2.95,21,5,0.0,4423
23531,23531,92,92,31,2.9677,134,5,0.0,4422
23532,23532,305,305,103,2.9612,66,5,0.0,4422
23533,23533,0,0,0,0.0,0,8,0.0,4822
23534,23534,0,0,0,0.0,0,8,0.0,4822
23535,23535,25,25,8,3.125,1,5,0.0,4787
23536,23536,25,25,8,3.125,50,5,0.0,4787
23537,23537,19,19,6,3.1667,0,5,0.0,4765
23538,23538,8,8,3,2.6667,0,5,0.0,4581
23539,23539,137,137,49,2.7959,17,5,0.0,4599
23540,23540,129,129,46,2.8043,32,5,0.0,4599
23541,23541,3,3,1,3.0,0,5,0.0,4598
23542,23542,170,170,61,2.7869,32,5,0.0,4598
23543,23543,4,4,1,4.0,0,5,0.0,4598
23544,23544,194,194,53,3.6604,28,5,0.0,4626
23545,23545,224,224,61,3.6721,48,5,0.0,4640
23546,23546,0,0,0,0.0,12,5,0.0,4742
23547,23547,25,25,8,3.125,12,5,0.0,4787
23548,23548,0,0,0,0.0,0,5,0.0,4821
23549,23549,88,88,28,3.1429,14,5,0.0,4787
23550,23550,49,49,16,3.0625,2,5,0.0,4786
23551,23551,42,42,15,2.8,30,5,0.0,4599
23552,23552,0,0,0,0.0,800,5,0.0,4431
23553,23553,15,15,4,3.75,21,5,0.0,4598
23554,23554,160,160,44,3.6364,6,5,0.0,4526
23555,23555,0,0,0,0.0,0,5,0.0,4526
23556,23556,31,31,11,2.8182,13,5,0.0,4644
23557,23557,113,113,35,3.2286,55,5,0.0,4691
23558,23558,354,354,110,3.2182,93,5,0.0,4659
23559,23559,38,38,21,1.8095,1,6,0.0,160
23560,23560,4,4,2,2.0,237,6,0.0,172
23561,23561,293,293,163,1.7975,22,6,0.0,170
23562,23562,0,0,0,0.0,35,6,0.0,113
23563,23563,31,31,15,2.0667,3,6,0.0,110
23564,23564,0,0,0,0.0,146,6,0.0,280
23565,23565,86,86,40,2.15,196,6,0.0,278
23566,23566,0,0,0,0.0,120,6,0.0,280
23567,23567,0,0,0,0.0,162,6,0.0,280
23568,23568,670,670,230,2.913,56,7,5.493,2087
23569,23569,0,0,0,0.0,34,7,5.44,2087
23570,23570,82,82,24,3.4167,3,7,0.0,3052
23571,23571,0,0,0,0.0,263,7,0.0,3115
23572,23572,0,0,0,0.0,0,8,0.0,4938
23573,23573,0,0,0,0.0,0,8,0.0,4920
23574,23574,0,0,0,0.0,0,8,0.0,4898
23575,23575,1,1,1,1.0,0,8,0.0,4904
23576,23576,0,0,0,0.0,0,8,0.0,4937
23577,23577,0,0,0,0.0,0,8,0.0,4938
23578,23578,0,0,0,0.0,0,8,0.0,4938
23579,23579,0,0,0,0.0,0,8,0.0,4938
23580,23580,36,36,20,1.8,1,8,0.0,4938
23581,23581,0,0,0,0.0,0,8,0.0,4938
23582,23582,0,0,0,0.0,0,8,0.0,4938
23583,23583,0,0,0,0.0,0,8,0.0,4938
23584,23584,4,4,2,2.0,11,8,0.0,4938
23585,23585,0,0,0,0.0,0,8,0.0,4938
23586,23586,14,14,8,1.75,10,8,0.0,4938
23587,23587,61,61,35,1.7429,14,8,0.0,4938
23588,23588,0,0,0,0.0,0,8,0.0,4938
23589,23589,102,102,57,1.7895,6,8,0.0,4938
23590,23590,4,4,2,2.0,0,8,0.0,4938
23591,23591,11,11,6,1.8333,0,8,0.0,4938
23592,23592,38,38,21,1.8095,25,8,0.0,4938
23593,23593,0,0,0,0.0,0,8,0.0,4938
23594,23594,11,11,6,1.8333,0,8,0.0,4938
23595,23595,18,18,10,1.8,50,8,0.0,4938
23596,23596,5,5,3,1.6667,0,8,0.0,4938
23597,23597,0,0,0,0.0,0,8,0.0,4938
23598,23598,0,0,0,0.0,0,8,0.0,4938
23599,23599,4,4,2,2.0,0,8,0.0,4938
23600,23600,0,0,0,0.0,0,8,0.0,4887
23601,23601,0,0,0,0.0,0,8,0.0,4895
23602,23602,0,0,0,0.0,0,8,0.0,4929
23603,23603,4,4,2,2.0,0,8,0.0,4929
23604,23604,0,0,0,0.0,0,8,0.0,4911
23605,23605,27,27,15,1.8,1,8,0.0,4890
23606,23606,0,0,0,0.0,0,8,0.0,4921
23607,23607,0,0,0,0.0,0,8,0.0,4897
23608,23608,30,30,10,3.0,2,8,0.0,4897
23609,23609,0,0,0,0.0,0,8,0.0,4875
23610,23610,0,0,0,0.0,0,8,0.0,4875
23611,23611,0,0,0,0.0,0,8,0.0,4875
23612,23612,27,27,9,3.0,1,8,0.0,4892
23613,23613,0,0,0,0.0,0,8,0.0,4892
23614,23614,124,124,33,3.7576,29,7,0.0,3979
23615,23615,0,0,0,0.0,0,7,0.0,3979
23616,23616,30,30,8,3.75,3,7,0.0,4150
23617,23617,4,4,1,4.0,24,7,0.0,4150
23618,23618,0,0,0,0.0,0,7,0.0,3948
23619,23619,0,0,0,0.0,0,7,0.0,4150
23620,23620,45,45,12,3.75,21,7,0.0,3802
23621,23621,3,3,1,3.0,76,7,0.0,3533
23622,23622,0,0,0,0.0,203,7,6.403,3030
23623,23623,79,79,28,2.8214,142,7,6.04,3137
23624,23624,0,0,0,0.0,57,7,5.787,3127
23625,23625,0,0,0,0.0,91,7,6.101,3137
23626,23626,0,0,0,0.0,59,7,5.872,3127
23627,23627,0,0,0,0.0,72,7,6.268,3092
23628,23628,0,0,0,0.0,160,7,5.914,3081
23629,23629,0,0,0,0.0,262,7,6.545,3092
23630,23630,0,0,0,0.0,171,7,6.188,3081
23631,23631,0,0,0,0.0,76,7,7.88,3042
23632,23632,0,0,0,0.0,121,7,7.219,3030
23633,23633,79,79,27,2.9259,3,7,0.0,3269
23634,23634,125,125,43,2.907,20,7,0.0,3269
23635,23635,61,61,21,2.9048,3,7,3.682,3269
23636,23636,70,70,24,2.9167,17,7,0.0,3269
23637,23637,94,94,32,2.9375,4,7,0.0,3269
23638,23638,79,79,27,2.9259,15,7,0.0,3269
23639,23639,119,119,41,2.9024,19,7,0.0,3269
23640,23640,103,103,35,2.9429,5,7,0.0,3269
23641,23641,121,121,42,2.881,17,7,3.83,3264
23642,23642,91,91,31,2.9355,4,7,3.272,3264
23643,23643,79,79,27,2.9259,15,7,2.413,3264
23644,23644,41,41,14,2.9286,2,7,1.657,3264
23645,23645,56,56,19,2.9474,15,7,1.447,3264
23646,23646,59,59,20,2.95,14,7,2.681,3264
23647,23647,39,39,13,3.0,496,7,5.661,3214
23648,23648,63,63,22,2.8636,13,7,3.599,3214
23649,23649,522,522,179,2.9162,115,7,4.185,3214
23650,23650,70,70,24,2.9167,3,7,3.077,3214
23651,23651,133,133,46,2.8913,20,7,1.522,3271
23652,23652,105,105,36,2.9167,5,7,1.529,3271
23653,23653,64,64,22,2.9091,14,7,2.272,3271
23654,23654,373,373,128,2.9141,111,7,2.789,3214
23655,23655,99,79,27,2.9259,76,7,2.404,3271
23656,23656,85,85,29,2.931,28,7,2.903,3214
23657,23657,100,100,34,2.9412,23,7,2.647,3271
23658,23658,0,0,0,0.0,44,7,2.529,3242
23659,23659,0,0,0,0.0,41,7,1.472,3242
23660,23660,0,0,0,0.0,118,7,0.756,3317
23661,23661,65,65,19,3.4211,80,7,0.0,3317
23662,23662,39,39,11,3.5455,28,7,0.0,3317
23663,23663,242,242,70,3.4571,146,7,0.0,3323
23664,23664,90,90,26,3.4615,72,7,1.373,3242
23665,23665,113,55,16,3.4375,106,7,0.71,3323
23666,23666,79,79,23,3.4348,70,7,2.124,3251
23667,23667,0,0,0,0.0,171,7,1.463,3251
23668,23668,0,0,0,0.0,110,7,0.0,3306
23669,23669,114,114,39,2.9231,6,7,0.0,3333
23670,23670,187,187,64,2.9219,93,7,0.0,3333
23671,23671,152,152,52,2.9231,16,7,0.0,3333
23672,23672,140,140,48,2.9167,70,7,0.0,3333
23673,23673,45,45,21,2.1429,19,6,0.0,291
23674,23674,54,54,25,2.16,20,6,0.0,291
23675,23675,96,96,44,2.1818,23,6,0.0,291
23676,23676,52,52,24,2.1667,4,6,0.0,291
23677,23677,50,50,23,2.1739,4,6,0.0,291
23678,23678,35,35,16,2.1875,13,6,0.0,291
23679,23679,0,0,0,0.0,277,6,0.0,286
23680,23680,54,54,25,2.16,15,6,0.0,307
23681,23681,65,65,30,2.1667,22,6,0.0,307
23682,23682,67,67,31,2.1613,6,6,0.0,307
23683,23683,35,35,16,2.1875,45,6,0.0,286
23684,23684,41,41,19,2.1579,4,6,0.0,286
23685,23685,41,41,19,2.1579,14,6,0.0,307
23686,23686,187,187,86,2.1744,30,6,0.0,286
23687,23687,98,98,45,2.1778,9,6,0.0,307
23688,23688,0,0,0,0.0,0,5,0.0,4363
23689,23689,130,130,44,2.9545,20,5,0.0,4363
23690,23690,292,292,91,3.2088,22,2,0.0,2737
23691,23691,0,0,0,0.0,0,2,0.0,2124
23692,23692,0,0,0,0.0,0,2,0.0,2124
23693,23693,92,51,28,1.8214,27,2,4.868,2169
23694,23694,10,10,3,3.3333,0,7,0.0,689
23695,23695,71,71,24,2.9583,24,5,0.0,4634
23696,23696,0,0,0,0.0,0,6,0.0,115
23697,23697,43,43,21,2.0476,22,6,0.0,109
23698,23698,6,6,3,2.0,32,6,0.0,109
23699,23699,0,0,0,0.0,137,3,0.0,631
23700,23700,411,411,178,2.309,92,6,0.0,521
23701,23701,301,301,131,2.2977,46,6,0.255,479
23702,23702,2,2,1,2.0,559,6,0.0,536
23703,23703,0,0,0,0.0,308,6,0.0,564
23704,23704,0,0,0,0.0,60,6,0.0,1213
23705,23705,0,0,0,0.0,200,3,0.0,2181
23706,23706,6,6,2,3.0,11,5,0.0,4620
23707,23707,33,33,12,2.75,15,5,0.0,4686
23708,23708,0,0,0,0.0,120,5,0.0,4695
23709,23709,0,0,0,0.0,0,5,0.0,4547
23710,23710,0,0,0,0.0,0,5,0.0,4547
23711,23711,74,74,26,2.8462,15,5,0.0,4557
23712,23712,254,254,78,3.2564,23,3,0.0,4084
23713,23713,0,0,0,0.0,0,3,0.0,3833
23714,23714,355,355,123,2.8862,67,5,0.0,4682
23715,23715,18,18,6,3.0,64,7,0.0,4473
23716,23716,0,0,0,0.0,103,7,0.0,4100
23717,23717,0,0,0,0.0,0,7,0.0,4100
23718,23718,3,3,1,3.0,0,7,0.0,3828
23719,23719,24,24,8,3.0,12,7,0.0,3907
23720,23720,243,243,77,3.1558,65,7,0.0,3995
23721,23721,224,224,71,3.1549,37,7,0.0,3995
23722,23722,42,42,14,3.0,41,7,0.0,3704
23723,23723,0,0,0,0.0,0,7,0.0,4101
23724,23724,33,33,12,2.75,18,7,0.0,3907
23725,23725,21,21,7,3.0,13,7,0.0,3683
23726,23726,78,78,26,3.0,32,7,0.0,3844
23727,23727,16,16,5,3.2,1,7,0.0,3327
23728,23728,567,567,171,3.3158,46,7,0.0,3327
23729,23729,6,6,2,3.0,52,7,0.0,3327
23730,23730,7,7,2,3.5,0,7,0.0,3426
23731,23731,48,48,16,3.0,2,7,0.0,3683
23732,23732,116,116,56,2.0714,22,3,0.0,398
23733,23733,68,68,28,2.4286,17,3,0.0,377
23734,23734,151,151,71,2.1268,115,3,9.207,1371
23735,23735,144,144,57,2.5263,22,3,0.0,1513
23736,23736,0,0,0,0.0,0,3,0.0,2125
23737,23737,8,8,3,2.6667,0,3,0.0,2125
23738,23738,0,0,0,0.0,0,7,0.0,2679
23739,23739,238,238,99,2.404,38,3,0.0,470
23740,23740,242,242,97,2.4948,31,3,0.901,1405
23741,23741,141,141,55,2.5636,41,3,0.0,2125
23742,23742,0,0,0,0.0,0,3,0.792,1425
23743,23743,44,44,18,2.4444,1,3,0.0,1411
23744,23744,116,116,47,2.4681,7,3,1.519,1355
23745,23745,122,122,59,2.0678,63,3,0.0,398
23746,23746,264,264,105,2.5143,20,3,0.0,2997
23747,23747,85,85,35,2.4286,25,3,0.0,439
23748,23748,0,0,0,0.0,0,3,0.0,2125
23749,23749,51,51,24,2.125,310,3,8.26,1370
23750,23750,0,0,0,0.0,0,3,0.0,1910
23751,23751,192,192,77,2.4935,46,3,1.593,1405
23752,23752,0,0,0,0.0,0,6,0.0,17
23753,23753,0,0,0,0.0,433,6,0.0,17
23754,23754,28,28,11,2.5455,82,3,1.661,1405
23755,23755,0,0,0,0.0,0,3,1.201,1371
23756,23756,359,359,169,2.1243,804,3,5.996,1370
23757,23757,7,7,3,2.3333,304,3,9.624,1334
23758,23758,72,72,32,2.25,17,3,0.0,1640
23759,23759,129,129,50,2.58,48,3,0.0,2125
23760,23760,0,0,0,0.0,0,3,0.0,2125
23761,23761,0,0,0,0.0,0,3,0.0,2375
23762,23762,0,0,0,0.0,0,3,0.0,2375
23763,23763,231,231,73,3.1644,19,3,0.0,2375
23764,23764,44,44,17,2.5882,14,3,0.0,2696
23765,23765,0,0,0,0.0,0,3,0.0,2392
23766,23766,68,68,27,2.5185,2,3,0.0,2997
23767,23767,0,0,0,0.0,0,3,0.0,2696
23768,23768,0,0,0,0.0,0,3,0.0,2679
23769,23769,144,144,45,3.2,19,3,0.0,1824
23770,23770,145,145,58,2.5,24,3,0.0,2160
23771,23771,19,19,6,3.1667,1,3,0.0,1597
23772,23772,0,0,0,0.0,15,3,0.0,1468
23773,23773,758,758,259,2.9266,78,3,0.0,1468
23774,23774,160,160,63,2.5397,21,3,0.0,2031
23775,23775,206,206,69,2.9855,15,3,0.0,2546
23776,23776,0,0,0,0.0,0,3,0.0,2111
23777,23777,120,120,52,2.3077,18,3,0.0,3290
23778,23778,128,128,55,2.3273,47,3,0.0,3225
23779,23779,0,0,0,0.0,0,3,0.0,2679
23780,23780,73,73,28,2.6071,0,3,0.0,2181
23781,23781,0,0,0,0.0,0,6,0.0,2679
23782,23782,0,0,0,0.0,0,6,0.0,2328
23783,23783,0,0,0,0.0,0,7,0.0,2380
23784,23784,2,2,1,2.0,10,7,0.0,2490
23785,23785,51,51,20,2.55,12,3,0.0,1851
23786,23786,54,54,21,2.5714,20,3,0.0,1851
23787,23787,18,18,7,2.5714,28,3,0.0,1851
23788,23788,0,0,0,0.0,0,3,0.0,1851
23789,23789,43,43,15,2.8667,54,6,0.0,1522
23790,23790,352,352,136,2.5882,39,3,0.0,2181
23791,23791,194,194,76,2.5526,6,3,0.0,2181
23792,23792,20,20,7,2.8571,12,6,0.0,2328
23793,23793,0,0,0,0.0,0,6,0.0,2328
23794,23794,0,0,0,0.0,0,7,0.0,2595
23795,23795,47,47,20,2.35,12,7,0.0,2490
23796,23796,73,73,31,2.3548,15,7,0.0,2490
23797,23797,49,49,21,2.3333,18,7,0.0,2490
23798,23798,21,21,9,2.3333,12,7,0.0,2490
23799,23799,23,23,10,2.3,13,7,0.0,2490
23800,23800,0,0,0,0.0,0,7,0.0,2595
23801,23801,110,110,47,2.3404,24,7,0.0,2815
23802,23802,153,153,66,2.3182,33,7,0.0,2815
23803,23803,21,21,9,2.3333,30,7,0.0,2490
23804,23804,53,53,23,2.3043,16,7,0.0,2490
23805,23805,28,28,12,2.3333,2,7,0.0,2490
23806,23806,0,0,0,0.0,0,7,0.0,2679
23807,23807,152,152,61,2.4918,23,7,0.0,3116
23808,23808,3,3,1,3.0,0,7,0.0,3116
23809,23809,0,0,0,0.0,0,7,0.0,2679
23810,23810,110,110,44,2.5,19,7,0.0,3116
23811,23811,84,84,34,2.4706,21,7,0.0,3116
23812,23812,0,0,0,0.0,446,7,0.0,3316
23813,23813,187,187,80,2.3375,18,3,0.0,3150
23814,23814,179,179,60,2.9833,17,3,0.0,3021
23815,23815,281,281,120,2.3417,14,3,0.0,3162
23816,23816,23,23,10,2.3,1,7,0.0,2490
23817,23817,165,165,56,2.9464,38,7,0.0,3683
23818,23818,0,0,0,0.0,56,7,0.0,4046
23819,23819,96,96,32,3.0,31,7,0.0,3683
23820,23820,59,59,20,2.95,19,7,0.0,3683
23821,23821,28,28,20,1.4,22,3,7.719,444
23822,23822,34,34,25,1.36,1354,3,7.84,386
23823,23823,38,38,16,2.375,19,3,0.0,377
23824,23824,126,126,61,2.0656,51,3,0.0,357
23825,23825,295,295,140,2.1071,21,3,0.0,1026
23826,23826,14,14,5,2.8,60,7,0.0,4046
23827,23827,32,0,0,0.0,322,2,0.0,2366
23828,23828,0,0,0,0.0,0,3,0.0,1600
23829,23829,1045,935,470,1.9894,316,3,0.79,1498
23830,23830,419,0,0,0.0,5419,2,0.0,766
23831,23831,0,0,0,0.0,41,2,0.0,773
23832,23832,154,154,78,1.9744,33,3,0.794,1498
23833,23833,846,846,305,2.7738,75,3,0.0,1561
23834,23834,0,0,0,0.0,0,5,0.0,4152
23835,23835,402,402,135,2.9778,34,5,0.0,4152
23836,23836,0,0,0,0.0,144,5,0.0,4168
23837,23837,237,237,81,2.9259,47,3,0.0,1600
23838,23838,74,74,27,2.7407,46,3,0.0,2974
23839,23839,74,74,27,2.7407,16,3,0.0,2974
23840,23840,71,71,26,2.7308,2,3,0.0,2974
23841,23841,0,0,0,0.0,0,5,0.0,4204
23842,23842,0,0,0,0.0,44,6,0.0,199
23843,23843,136,136,57,2.386,25,6,0.0,95
23844,23844,0,0,0,0.0,0,6,0.0,106
23845,23845,0,0,0,0.0,248,6,0.0,123
23846,23846,181,181,58,3.1207,8,6,0.0,128
23847,23847,273,273,152,1.7961,41,6,0.0,170
23848,23848,707,707,303,2.3333,91,6,0.0,67
23849,23849,331,331,106,3.1226,151,6,0.0,76
23850,23850,21,0,0,0.0,15,6,0.0,72
23851,23851,245,245,88,2.7841,21,6,0.0,98
23852,23852,90,90,34,2.6471,21,6,0.0,81
23853,23853,545,545,194,2.8093,69,6,0.0,139
23854,23854,0,0,0,0.0,0,6,0.0,177
23855,23855,704,704,219,3.2146,68,6,0.0,37
23856,23856,123,123,47,2.617,6,6,0.0,150
23857,23857,0,0,0,0.0,0,6,0.0,53
23858,23858,118,118,51,2.3137,9,6,0.0,73
23859,23859,856,856,327,2.6177,80,6,0.0,150
23860,23860,0,0,0,0.0,239,6,0.0,56
23861,23861,944,944,393,2.402,157,6,0.0,135
23862,23862,293,293,91,3.2198,37,6,0.0,93
23863,23863,109,109,39,2.7949,21,6,0.0,83
23864,23864,0,0,0,0.0,80,6,0.0,145
23865,23865,49,49,25,1.96,4,6,0.0,69
23866,23866,0,0,0,0.0,117,6,0.0,16
23867,23867,292,292,91,3.2088,41,6,0.0,37
23868,23868,460,460,143,3.2168,59,6,0.0,37
23869,23869,0,0,0,0.0,0,6,0.0,56
23870,23870,82,82,34,2.4118,17,6,0.0,60
23871,23871,301,301,124,2.4274,18,6,0.0,66
23872,23872,0,0,0,0.0,377,6,0.0,66
23873,23873,22,22,9,2.4444,0,6,0.0,77
23874,23874,301,153,63,2.4286,16,6,0.0,77
23875,23875,501,501,160,3.1313,35,6,0.0,76
23876,23876,160,160,51,3.1373,402,6,0.0,85
23877,23877,585,585,187,3.1283,35,6,0.0,84
23878,23878,507,507,162,3.1296,20,6,0.0,84
23879,23879,24,24,10,2.4,1,6,0.0,95
23880,23880,21,21,11,1.9091,2,6,0.0,69
23881,23881,189,189,81,2.3333,30,6,0.0,67
23882,23882,86,86,37,2.3243,25,6,0.0,73
23883,23883,0,0,0,0.0,1047,6,0.0,111
23884,23884,62,62,24,2.5833,81,6,0.0,102
23885,23885,62,62,24,2.5833,14,6,0.0,102
23886,23886,34,34,13,2.6154,12,6,0.0,78
23887,23887,0,0,0,0.0,205,6,0.0,107
23888,23888,115,115,44,2.6136,15,6,0.0,116
23889,23889,166,166,63,2.6349,47,6,0.0,116
23890,23890,277,277,106,2.6132,30,6,0.0,116
23891,23891,133,133,51,2.6078,6,6,0.0,116
23892,23892,0,0,0,0.0,126,6,0.0,138
23893,23893,42,42,16,2.625,2,6,0.0,111
23894,23894,84,84,32,2.625,16,6,0.0,129
23895,23895,99,99,38,2.6053,22,6,0.0,129
23896,23896,349,349,133,2.6241,34,6,0.0,154
23897,23897,301,301,115,2.6174,28,6,0.0,150
23898,23898,56,56,22,2.5455,33,6,0.0,150
23899,23899,55,55,21,2.619,3,6,0.0,150
23900,23900,220,220,84,2.619,21,6,0.0,150
23901,23901,0,0,0,0.0,0,6,0.0,37
23902,23902,0,0,0,0.0,73,6,0.0,72
23903,23903,0,0,0,0.0,0,6,0.0,72
23904,23904,100,100,31,3.2258,18,6,0.0,93
23905,23905,454,454,141,3.2199,48,6,0.0,72
23906,23906,0,0,0,0.0,0,6,0.0,89
23907,23907,0,0,0,0.0,0,6,0.0,89
23908,23908,0,0,0,0.0,0,6,0.0,89
23909,23909,34,34,12,2.8333,23,6,0.0,83
23910,23910,123,123,44,2.7955,13,6,0.0,98
23911,23911,90,90,32,2.8125,2,6,0.0,98
23912,23912,115,115,41,2.8049,15,6,0.0,114
23913,23913,75,75,27,2.7778,14,6,0.0,114
23914,23914,487,487,175,2.7829,31,6,0.0,141
23915,23915,87,87,36,2.4167,14,6,0.0,137
23916,23916,642,642,267,2.4045,138,6,0.0,135
23917,23917,600,600,250,2.4,81,6,0.0,137
23918,23918,78,78,28,2.7857,3,6,0.0,157
23919,23919,296,296,95,3.1158,32,6,0.0,153
23920,23920,125,125,40,3.125,6,6,0.0,153
23921,23921,184,184,59,3.1186,9,6,0.0,128
23922,23922,88,88,28,3.1429,15,6,0.0,128
23923,23923,146,146,47,3.1064,8,6,0.0,128
23924,23924,255,255,82,3.1098,22,6,0.0,128
23925,23925,206,206,66,3.1212,23,6,0.0,128
23926,23926,0,0,0,0.0,411,6,0.0,139
23927,23927,510,510,182,2.8022,64,6,0.0,139
23928,23928,0,0,0,0.0,46,6,0.0,160
23929,23929,0,0,0,0.0,0,6,0.0,151
23930,23930,0,0,0,0.0,32,6,0.0,177
23931,23931,0,0,0,0.0,0,6,0.0,177
23932,23932,0,0,0,0.0,0,6,0.0,177
23933,23933,0,0,0,0.0,0,6,0.0,177
23934,23934,0,0,0,0.0,513,6,0.0,224
23935,23935,0,0,0,0.0,0,6,0.0,177
23936,23936,220,220,71,3.0986,38,6,0.0,1065
23937,23937,52,52,17,3.0588,16,6,0.0,1303
23938,23938,0,0,0,0.0,634,6,0.0,1003
23939,23939,52,52,17,3.0588,15,6,0.0,1303
23940,23940,76,76,27,2.8148,14,6,0.0,1140
23941,23941,0,0,0,0.0,0,6,0.0,221
23942,23942,28,28,11,2.5455,13,6,0.0,342
23943,23943,26,26,10,2.6,2,6,0.0,418
23944,23944,96,96,38,2.5263,17,6,0.0,342
23945,23945,0,0,0,0.0,0,6,0.0,214
23946,23946,78,78,30,2.6,17,6,0.0,239
23947,23947,36,36,14,2.5714,56,6,0.0,239
23948,23948,29,29,11,2.6364,14,6,0.0,239
23949,23949,0,0,0,0.0,811,6,8.586,236
23950,23950,0,0,0,0.0,481,6,8.723,216
23951,23951,856,856,343,2.4956,98,6,0.0,202
23952,23952,449,449,180,2.4944,120,6,0.0,206
23953,23953,132,132,53,2.4906,20,6,0.0,221
23954,23954,270,270,108,2.5,30,6,0.0,221
23955,23955,230,230,92,2.5,29,6,0.0,221
23956,23956,0,0,0,0.0,266,6,0.0,136
23957,23957,270,270,108,2.5,31,6,0.0,147
23958,23958,0,0,0,0.0,13,6,0.0,179
23959,23959,230,230,92,2.5,28,6,0.0,185
23960,23960,144,144,61,2.3607,23,6,0.0,243
23961,23961,0,0,0,0.0,178,6,0.0,209
23962,23962,0,0,0,0.0,53,6,0.0,163
23963,23963,0,0,0,0.0,360,6,0.0,173
23964,23964,8,8,3,2.6667,172,6,0.0,196
23965,23965,0,0,0,0.0,0,6,0.0,196
23966,23966,0,0,0,0.0,30,7,0.0,790
23967,23967,0,0,0,0.0,204,7,0.0,790
23968,23968,481,481,196,2.4541,45,6,0.0,256
23969,23969,1089,1089,443,2.4582,68,6,0.0,256
23970,23970,0,0,0,0.0,0,6,0.0,335
23971,23971,169,169,69,2.4493,23,6,0.0,394
23972,23972,32,32,13,2.4615,14,6,0.0,538
23973,23973,162,162,68,2.3824,35,6,0.0,1088
23974,23974,663,605,246,2.4593,54,6,0.0,256
23975,23975,246,246,98,2.5102,0,6,0.0,298
23976,23976,54,54,22,2.4545,3,6,0.0,505
23977,23977,76,76,31,2.4516,15,6,0.0,505
23978,23978,54,54,22,2.4545,32,6,0.0,505
23979,23979,169,169,69,2.4493,322,6,0.0,488
23980,23980,116,116,48,2.4167,23,6,0.0,1088
23981,23981,139,139,58,2.3966,26,6,0.0,1088
23982,23982,55,55,23,2.3913,20,6,0.0,1088
23983,23983,0,0,0,0.0,0,7,0.0,1796
23984,23984,0,0,0,0.0,0,7,0.0,1796
23985,23985,30,30,10,3.0,0,7,0.0,2132
23986,23986,160,160,72,2.2222,5,7,0.0,2279
23987,23987,25,25,11,2.2727,13,7,0.0,1909
23988,23988,161,161,71,2.2676,35,7,0.0,2424
23989,23989,6,6,2,3.0,0,7,0.0,1796
23990,23990,47,47,21,2.2381,1,7,0.0,2424
23991,23991,62,62,27,2.2963,14,7,0.0,3070
23992,23992,0,0,0,0.0,0,6,8.046,279
23993,23993,0,0,0,0.0,91,6,5.332,279
23994,23994,0,0,0,0.0,0,6,5.683,276
23995,23995,0,0,0,0.0,0,6,0.0,244
23996,23996,0,0,0,0.0,13,6,0.0,249
23997,23997,0,0,0,0.0,685,6,7.285,296
23998,23998,0,0,0,0.0,405,6,6.524,326
23999,23999,0,0,0,0.0,1027,6,8.248,244
24000,24000,0,0,0,0.0,0,6,7.722,279
24001,24001,0,0,0,0.0,497,6,5.541,279
24002,24002,0,0,0,0.0,295,6,0.0,276
24003,24003,0,0,0,0.0,0,6,5.801,276
24004,24004,0,0,0,0.0,0,7,0.0,3116
24005,24005,51,51,21,2.4286,11,6,0.0,256
24006,24006,7,7,3,2.3333,0,7,0.0,2424
24007,24007,47,47,21,2.2381,17,7,0.0,2180
24008,24008,0,0,0,0.0,0,6,7.377,244
24009,24009,0,0,0,0.0,0,6,7.533,326
24010,24010,0,0,0,0.0,256,6,0.0,224
24011,24011,0,0,0,0.0,555,6,0.0,223
24012,24012,49,49,17,2.8824,16,7,0.0,718
24013,24013,246,246,85,2.8941,32,7,0.0,718
24014,24014,60,60,21,2.8571,3,7,0.0,718
24015,24015,72,72,31,2.3226,46,6,0.0,220
24016,24016,149,149,64,2.3281,29,6,0.0,220
24017,24017,0,0,0,0.0,293,2,0.0,599
24018,24018,10,10,4,2.5,17,2,0.0,599
24019,24019,0,0,0,0.0,52,2,0.0,652
24020,24020,97,97,39,2.4872,19,2,0.0,557
24021,24021,47,47,19,2.4737,13,2,0.0,557
24022,24022,95,95,38,2.5,17,2,0.0,557
24023,24023,66,66,26,2.5385,4,2,0.0,652
24024,24024,1004,25,10,2.5,65,2,0.0,652
24025,24025,61,61,31,1.9677,15,2,0.0,717
24026,24026,29,29,15,1.9333,14,2,0.0,717
24027,24027,101,101,45,2.2444,19,2,0.0,893
24028,24028,37,37,19,1.9474,13,2,0.0,807
24029,24029,87,87,39,2.2308,15,2,0.0,837
24030,24030,51,51,28,1.8214,16,6,0.0,96
24031,24031,39,39,21,1.8571,61,6,0.0,96
24032,24032,0,0,0,0.0,0,6,0.0,99
24033,24033,58,58,30,1.9333,18,6,0.0,69
24034,24034,247,190,105,1.8095,24,6,0.0,82
24035,24035,0,0,0,0.0,0,6,0.0,69
24036,24036,0,0,0,0.0,28,6,0.0,51
24037,24037,34,34,21,1.619,14,6,2.214,51
24038,24038,28,28,18,1.5556,14,6,0.0,51
24039,24039,22,22,13,1.6923,16,6,2.059,51
24040,24040,0,0,0,0.0,28,6,0.0,51
24041,24041,47,47,19,2.4737,13,7,0.0,3116
24042,24042,239,239,85,2.8118,100,7,0.0,3555
24043,24043,611,611,217,2.8157,49,7,0.0,3555
24044,24044,200,200,71,2.8169,25,7,0.0,3555
24045,24045,26,26,9,2.8889,28,7,0.0,3555
24046,24046,220,220,70,3.1429,422,6,0.0,14
24047,24047,44,44,28,1.5714,3,6,8.408,41
24048,24048,39,39,25,1.56,14,6,8.258,41
24049,24049,27,27,17,1.5882,11,6,6.093,41
24050,24050,34,34,21,1.619,13,6,4.165,41
24051,24051,5,5,2,2.5,0,8,0.0,4909
24052,24052,0,0,0,0.0,0,8,0.0,4896
24053,24053,0,0,0,0.0,0,8,0.0,4896
24054,24054,0,0,0,0.0,0,8,0.0,4909
24055,24055,89,89,35,2.5429,17,3,0.0,3915
24056,24056,0,0,0,0.0,18,7,0.0,3551
24057,24057,9,9,3,3.0,0,8,0.0,4875
24058,24058,6,6,2,3.0,0,8,0.0,4868
24059,24059,0,0,0,0.0,0,8,0.0,4857
24060,24060,9,9,3,3.0,0,8,0.0,4864
24061,24061,30,30,10,3.0,2,8,0.0,4864
24062,24062,9,9,3,3.0,0,8,0.0,4875
24063,24063,21,21,7,3.0,1,8,0.0,4875
24064,24064,0,0,0,0.0,0,4,13.669,3693
24065,24065,127,127,53,2.3962,9,6,1.924,53
24066,24066,0,0,0,0.0,23,6,0.0,53
24067,24067,0,0,0,0.0,0,3,0.0,1368
24068,24068,0,0,0,0.0,3998,3,5.577,1368
24069,24069,67,67,27,2.4815,14,3,0.0,1455
24070,24070,191,191,88,2.1705,137,2,0.0,2306
24071,24071,120,120,45,2.6667,18,3,0.0,2532
24072,24072,46,46,20,2.3,3,3,2.187,1540
24073,24073,0,0,0,0.0,0,3,0.0,1509
24074,24074,257,257,111,2.3153,80,3,0.0,1471
24075,24075,60,60,26,2.3077,3,3,0.0,1514
24076,24076,90,90,39,2.3077,23,3,2.309,1514
24077,24077,44,44,19,2.3158,2,3,2.263,1563
24078,24078,15,15,6,2.5,2,3,2.212,1563
24079,24079,119,119,36,3.3056,23,3,0.0,1549
24080,24080,37,37,15,2.4667,2,3,0.0,1411
24081,24081,46,46,16,2.875,1,2,7.962,3425
24082,24082,55,55,19,2.8947,1,2,7.767,3425
24083,24083,209,209,62,3.371,21,2,0.0,3804
24084,24084,187,187,55,3.4,14,2,0.0,3804
24085,24085,0,0,0,0.0,0,5,0.0,4588
24086,24086,0,0,0,0.0,0,5,0.0,4587
24087,24087,0,0,0,0.0,0,4,0.0,3392
24088,24088,0,0,0,0.0,1079,5,0.0,4661
24089,24089,0,0,0,0.0,0,5,0.0,4676
24090,24090,0,0,0,0.0,0,5,0.0,4676
24091,24091,0,0,0,0.0,105,3,0.0,2421
24092,24092,0,0,0,0.0,0,3,0.0,2421
24093,24093,0,0,0,0.0,0,3,0.0,2485
24094,24094,7,7,2,3.5,0,4,0.0,3402
24095,24095,51,51,16,3.1875,1,4,0.0,3402
24096,24096,0,0,0,0.0,0,3,0.0,2510
24097,24097,0,0,0,0.0,0,3,0.0,1494
24098,24098,164,164,55,2.9818,16,5,0.0,3871
24099,24099,32,32,11,2.9091,22,5,5.69,3871
24100,24100,38,38,15,2.5333,13,3,0.0,3875
24101,24101,0,0,0,0.0,39,2,0.0,1233
24102,24102,0,0,0,0.0,133,2,0.0,1233
24103,24103,49,49,16,3.0625,1,3,0.0,3443
24104,24104,37,37,12,3.0833,12,3,0.0,3443
24105,24105,0,0,0,0.0,0,6,0.0,141
24106,24106,872,872,278,3.1367,20,6,0.0,15
24107,24107,0,0,0,0.0,0,3,0.0,2111
24108,24108,0,0,0,0.0,0,3,0.0,2111
24109,24109,0,0,0,0.0,0,3,0.0,2111
24110,24110,0,0,0,0.0,10,5,0.0,4006
24111,24111,0,0,0,0.0,0,4,0.0,4550
24112,24112,0,0,0,0.0,0,4,0.0,4550
24113,24113,0,0,0,0.0,0,3,0.0,3738
24114,24114,0,0,0,0.0,0,3,0.0,1491
24115,24115,0,0,0,0.0,0,3,0.0,1570
24116,24116,0,0,0,0.0,0,3,7.054,915
24117,24117,27,27,13,2.0769,15,6,0.258,479
24118,24118,4,4,2,2.0,335,6,0.0,452
24119,24119,0,0,0,0.0,15,3,0.0,1118
24120,24120,0,0,0,0.0,0,3,0.0,2179
24121,24121,0,0,0,0.0,0,3,0.0,2179
24122,24122,36,36,11,3.2727,2,5,0.0,4086
24123,24123,66,66,26,2.5385,4,3,0.0,3664
24124,24124,36,36,14,2.5714,19,3,0.0,3664
24125,24125,0,0,0,0.0,623,3,0.0,2241
24126,24126,0,0,0,0.0,1693,3,0.0,2241
24127,24127,0,0,0,0.0,0,3,3.362,1580
24128,24128,48,48,20,2.4,26,3,0.0,794
24129,24129,102,102,26,3.9231,3,2,0.0,3605
24130,24130,250,250,97,2.5773,38,3,0.0,2905
24131,24131,18,0,0,0.0,404,5,0.0,3971
24132,24132,0,0,0,0.0,281,5,0.0,3971
24133,24133,98,98,31,3.1613,26,3,0.0,2862
24134,24134,0,0,0,0.0,0,5,0.0,3937
24135,24135,0,0,0,0.0,0,5,0.0,3935
24136,24136,0,0,0,0.0,0,3,0.0,872
24137,24137,42,42,12,3.5,21,3,0.0,2274
24138,24138,278,278,85,3.2706,33,3,0.0,1913
24139,24139,55,55,19,2.8947,15,3,0.0,1465
24140,24140,142,142,49,2.898,25,3,0.0,2631
24141,24141,40,40,18,2.2222,13,3,0.0,2991
24142,24142,0,0,0,0.0,0,4,0.0,4582
24143,24143,71,71,23,3.087,12,3,0.0,3450
24144,24144,74,74,24,3.0833,2,3,0.0,3450
24145,24145,936,936,327,2.8624,97,5,0.0,4669
24146,24146,0,0,0,0.0,12,6,0.0,473
24147,24147,964,910,395,2.3038,571,6,0.0,473
24148,24148,0,0,0,0.0,19,6,0.0,353
24149,24149,55,55,24,2.2917,3,6,0.0,399
24150,24150,33,33,15,2.2,1,6,0.0,200
24151,24151,88,88,40,2.2,19,6,0.0,212
24152,24152,0,0,0,0.0,0,6,0.0,167
24153,24153,171,171,71,2.4085,37,6,0.0,121
24154,24154,459,459,159,2.8868,44,6,0.0,258
24155,24155,394,394,136,2.8971,45,6,0.0,258
24156,24156,530,530,152,3.4868,22,6,0.0,320
24157,24157,66,66,19,3.4737,12,6,0.0,320
24158,24158,29,29,9,3.2222,15,6,0.0,322
24159,24159,556,556,176,3.1591,34,6,0.0,318
24160,24160,349,349,110,3.1727,24,6,0.0,318
24161,24161,366,366,116,3.1552,12,6,0.0,318
24162,24162,199,199,63,3.1587,19,6,0.0,318
24163,24163,168,168,53,3.1698,39,6,0.0,318
24164,24164,531,531,168,3.1607,37,6,0.0,414
24165,24165,172,172,74,2.3243,21,6,0.0,213
24166,24166,57,57,24,2.375,14,6,0.0,238
24167,24167,0,0,0,0.0,261,6,0.0,218
24168,24168,35,35,13,2.6923,2,6,0.0,188
24169,24169,166,166,62,2.6774,19,6,0.0,176
24170,24170,190,190,71,2.6761,26,6,0.0,176
24171,24171,38,38,14,2.7143,2,6,0.0,176
24172,24172,156,156,47,3.3191,38,7,0.0,1386
24173,24173,10,10,3,3.3333,0,7,0.0,1386
24174,24174,49,49,15,3.2667,16,7,0.0,1386
24175,24175,24,24,7,3.4286,1,7,0.0,1343
24176,24176,526,526,159,3.3082,41,7,0.0,1343
24177,24177,31,31,9,3.4444,16,7,0.0,1343
24178,24178,176,176,58,3.0345,18,7,0.0,1343
24179,24179,40,40,13,3.0769,1,7,0.0,1343
24180,24180,143,143,43,3.3256,20,7,0.0,1343
24181,24181,106,106,32,3.3125,16,7,0.0,1429
24182,24182,0,0,0,0.0,0,7,0.0,1577
24183,24183,265,265,87,3.046,32,6,0.0,1462
24184,24184,52,52,18,2.8889,13,7,6.746,2132
24185,24185,48,48,22,2.1818,13,7,0.0,2132
24186,24186,0,0,0,0.0,0,7,0.0,1535
24187,24187,33,33,10,3.3,12,7,0.0,1426
24188,24188,14,14,5,2.8,0,7,0.0,1197
24189,24189,39,39,14,2.7857,11,7,0.0,1197
24190,24190,81,81,29,2.7931,12,7,0.0,1378
24191,24191,80,80,32,2.5,17,6,0.0,284
24192,24192,0,0,0,0.0,0,3,0.0,1767
24193,24193,104,104,35,2.9714,3,3,0.0,1971
24194,24194,509,509,218,2.3349,18,3,0.0,2454
24195,24195,266,266,94,2.8298,6,3,0.0,2467
24196,24196,111,0,0,0.0,5974,2,5.012,2133
24197,24197,23,23,8,2.875,66,5,0.0,4744
24198,24198,76,76,26,2.9231,2,5,0.0,4744
24199,24199,73,73,25,2.92,2,5,0.0,4744
24200,24200,0,0,0,0.0,0,8,0.0,4849
24201,24201,45,45,14,3.2143,12,6,0.0,543
24202,24202,29,29,9,3.2222,0,6,0.0,543
24203,24203,0,0,0,0.0,0,6,0.0,543
24204,24204,69,69,27,2.5556,2,7,0.0,1414
24205,24205,72,72,28,2.5714,34,7,0.0,1460
24206,24206,81,81,32,2.5312,27,7,0.0,1460
24207,24207,46,46,18,2.5556,15,7,0.0,1414
24208,24208,18,18,7,2.5714,0,7,0.0,1414
24209,24209,166,166,65,2.5538,23,7,0.0,1218
24210,24210,1651,1651,648,2.5478,114,7,0.0,1241
24211,24211,101,101,35,2.8857,17,6,0.0,909
24212,24212,161,161,56,2.875,30,6,0.0,909
24213,24213,0,0,0,0.0,558,7,0.0,4130
24214,24214,4,4,1,4.0,1169,7,0.0,4153
24215,24215,31,31,12,2.5833,1,7,0.0,493
24216,24216,41,41,16,2.5625,11,7,0.0,537
24217,24217,6,6,2,3.0,0,7,0.0,594
24218,24218,5,5,2,2.5,0,7,0.0,524
24219,24219,96,96,32,3.0,21,6,0.0,580
24220,24220,62,62,34,1.8235,14,6,0.0,512
24221,24221,204,204,86,2.3721,22,7,0.0,869
24222,24222,0,0,0,0.0,0,7,0.0,4621
24223,24223,0,0,0,0.0,0,7,0.0,4621
24224,24224,114,114,33,3.4545,19,7,0.0,3221
24225,24225,135,135,35,3.8571,23,7,0.0,2085
24226,24226,212,212,64,3.3125,20,7,4.243,1719
24227,24227,1208,1208,416,2.9038,152,7,4.252,1906
24228,24228,427,427,151,2.8278,4,7,0.0,1719
24229,24229,273,273,94,2.9043,57,7,4.246,1906
24230,24230,42,42,12,3.5,16,7,1.019,1531
24231,24231,517,517,234,2.2094,44,7,0.0,2294
24232,24232,44,44,13,3.3846,22,7,0.0,1543
24233,24233,219,219,63,3.4762,8,7,0.966,1531
24234,24234,106,106,38,2.7895,13,7,0.0,2368
24235,24235,62,62,21,2.9524,2,7,0.0,2473
24236,24236,43,43,19,2.2632,25,7,0.0,2279
24237,24237,0,0,0,0.0,0,7,0.0,2279
24238,24238,5,5,2,2.5,321,8,0.0,4921
24239,24239,0,0,0,0.0,0,5,0.0,4810
24240,24240,16,16,5,3.2,0,5,0.0,4827
24241,24241,6,6,2,3.0,0,5,0.0,4827
24242,24242,0,0,0,0.0,0,6,8.845,207
24243,24243,0,0,0,0.0,0,6,8.897,207
24244,24244,0,0,0,0.0,0,6,8.886,207
24245,24245,0,0,0,0.0,0,6,9.008,207
24246,24246,0,0,0,0.0,0,6,8.945,207
24247,24247,72,72,31,2.3226,3,3,0.0,3225
24248,24248,28,28,12,2.3333,1,3,0.0,3225
24249,24249,101,101,45,2.2444,15,3,0.0,3225
24250,24250,0,0,0,0.0,0,6,0.0,145
24251,24251,0,0,0,0.0,0,6,0.0,171
24252,24252,0,0,0,0.0,0,6,0.0,171
24253,24253,0,0,0,0.0,0,6,0.0,171
24254,24254,0,0,0,0.0,0,6,0.0,171
24255,24255,0,0,0,0.0,0,5,3.016,3871
24256,24256,0,0,0,0.0,0,5,0.796,3871
24257,24257,9,9,3,3.0,0,5,0.0,4718
24258,24258,0,0,0,0.0,0,3,0.0,3424
24259,24259,0,0,0,0.0,0,3,0.0,3424
24260,24260,0,0,0,0.0,0,3,0.0,3715
24261,24261,257,257,94,2.734,38,3,0.0,1418
24262,24262,8,8,3,2.6667,13,3,0.0,1123
24263,24263,0,0,0,0.0,0,8,0.0,4878
24264,24264,3,3,1,3.0,0,8,0.0,4839
24265,24265,0,0,0,0.0,0,8,0.0,4844
24266,24266,0,0,0,0.0,0,8,0.0,4839
24267,24267,0,0,0,0.0,0,8,0.0,4839
24268,24268,99,99,39,2.5385,38,8,0.0,4924
24269,24269,0,0,0,0.0,0,8,0.0,4935
24270,24270,0,0,0,0.0,0,8,0.0,4873
24271,24271,0,0,0,0.0,299,4,0.0,3612
24272,24272,0,0,0,0.0,0,4,0.0,2725
24273,24273,0,0,0,0.0,381,3,0.0,854
24274,24274,158,158,64,2.4688,14,3,0.0,1180
24275,24275,187,187,81,2.3086,20,3,0.0,1374
24276,24276,62,62,24,2.5833,21,6,0.0,263
24277,24277,0,0,0,0.0,98,6,0.0,263
24278,24278,63,63,27,2.3333,19,6,0.0,220
24279,24279,184,184,80,2.3,33,6,0.0,373
24280,24280,997,672,292,2.3014,105,6,0.0,473
24281,24281,34,34,12,2.8333,2,6,0.0,591
24282,24282,5,5,3,1.6667,0,2,1.299,1448
24283,24283,7,7,4,1.75,0,2,1.201,1470
24284,24284,0,0,0,0.0,242,2,0.0,1168
24285,24285,33,33,8,4.125,11,2,0.0,3232
24286,24286,15,15,5,3.0,1,8,0.0,4868
24287,24287,0,0,0,0.0,0,8,0.0,4840
24288,24288,0,0,0,0.0,0,8,0.0,4850
24289,24289,0,0,0,0.0,0,8,0.0,4840
24290,24290,435,435,117,3.7179,2,3,0.0,2588
24291,24291,2149,2149,485,4.4309,170,3,0.0,2594
24292,24292,358,358,81,4.4198,0,3,0.0,2594
24293,24293,189,189,69,2.7391,16,3,0.0,2993
24294,24294,82,82,20,4.1,12,3,0.0,2573
24295,24295,131,131,32,4.0938,14,3,0.0,2566
24296,24296,0,0,0,0.0,0,3,0.0,2566
24297,24297,253,253,81,3.1235,5,7,0.0,3470
24298,24298,451,451,131,3.4427,41,7,0.0,3221
24299,24299,45,45,13,3.4615,20,7,0.654,1662
24300,24300,0,0,0,0.0,23,7,0.0,1793
24301,24301,0,0,0,0.0,78,7,0.0,1880
24302,24302,76,76,22,3.4545,3,7,0.0,1880
24303,24303,0,0,0,0.0,18,7,0.0,1793
24304,24304,0,0,0,0.0,15,7,0.0,1793
24305,24305,381,381,110,3.4636,26,7,0.0,1880
24306,24306,0,0,0,0.0,0,7,0.0,1954
24307,24307,49,49,19,2.5789,15,7,0.0,2492
24308,24308,31,31,12,2.5833,1,7,0.0,2492
24309,24309,97,97,28,3.4643,20,7,0.397,1662
24310,24310,93,93,24,3.875,16,7,0.0,2085
24311,24311,152,152,45,3.3778,5,6,0.0,181
24312,24312,67,67,21,3.1905,17,6,0.0,101
24313,24313,42,42,25,1.68,15,6,8.133,31
24314,24314,46,46,22,2.0909,326,6,0.0,477
24315,24315,0,0,0,0.0,0,3,0.0,1031
24316,24316,514,514,231,2.2251,62,3,0.0,1031
24317,24317,5,5,2,2.5,0,5,0.0,3691
24318,24318,136,136,46,2.9565,18,7,0.0,3683
24319,24319,0,0,0,0.0,0,8,0.0,4943
24320,24320,0,0,0,0.0,0,8,0.0,4940
24321,24321,67,67,20,3.35,14,7,0.0,3039
24322,24322,0,0,0,0.0,0,0,0.0,1
24323,24323,0,0,0,0.0,0,0,0.0,2
24324,24324,0,0,0,0.0,0,0,0.0,3
24325,24325,0,0,0,0.0,0,0,0.0,4
24326,24326,0,0,0,0.0,0,0,0.0,5
24327,24327,0,0,0,0.0,0,0,0.0,6
24328,24328,0,0,0,0.0,0,0,0.0,7
24329,24329,0,0,0,0.0,0,0,0.0,8
24330,24330,0,0,0,0.0,0,0,0.0,9
24331,24331,0,0,0,0.0,0,0,0.0,10
24332,24332,0,0,0,0.0,0,0,0.0,11
24333,24333,0,0,0,0.0,0,0,0.0,12
