MGRA,TAZ,PSEUDOMSA
1,3010,2
2,1797,1
3,4361,5
4,340,6
5,388,6
6,323,6
7,844,2
8,877,2
9,4305,4
10,2573,3
11,1506,2
12,1629,2
13,388,6
14,4175,4
15,3389,2
16,2129,2
17,2169,2
18,1527,2
19,1601,2
20,2201,2
21,422,6
22,3523,2
23,4021,5
24,2480,2
25,1733,1
26,920,2
27,4124,5
28,2099,1
29,2453,2
30,3015,3
31,2477,2
32,1132,2
33,1578,2
34,4315,5
35,4057,5
36,1901,1
37,3731,3
38,2538,2
39,2725,4
40,1571,2
41,278,6
42,1005,2
43,4052,5
44,651,3
45,3193,4
46,1136,2
47,2479,2
48,3652,5
49,1941,1
50,742,3
51,3272,2
52,2247,2
53,3610,2
54,4163,5
55,1870,1
56,2024,1
57,46,6
58,2292,2
59,1526,2
60,676,2
61,281,6
62,2972,2
63,720,2
64,1069,2
65,4496,5
66,2203,2
67,2602,2
68,4063,5
69,1578,2
70,376,3
71,3101,2
72,4080,5
73,1505,2
74,2121,2
75,565,3
76,4372,4
77,4080,5
78,33,6
79,4314,5
80,1609,3
81,1897,1
82,4156,5
83,1785,2
84,4086,5
85,1816,2
86,1932,2
87,3279,4
88,4166,5
89,2872,2
90,590,2
91,4087,3
92,774,3
93,1621,1
94,1658,2
95,920,2
96,673,2
97,2326,2
98,1425,3
99,1937,1
100,48,6
101,4185,5
102,1755,1
103,1074,2
104,3438,4
105,4727,5
106,4565,5
107,2885,4
108,3349,2
109,3208,2
110,1578,2
111,2640,2
112,2649,2
113,1179,2
114,2175,3
115,3091,4
116,755,3
117,2724,2
118,3313,2
119,2972,2
120,3440,4
121,4335,5
122,4079,5
123,3592,2
124,586,3
125,883,3
126,1558,3
127,3901,2
128,2574,2
129,588,2
130,1448,2
131,1963,1
132,1837,2
133,2002,1
134,2676,2
135,1654,1
136,895,2
137,2479,2
138,3993,5
139,1700,2
140,422,6
141,271,6
142,1526,2
143,1582,2
144,2338,2
145,2120,2
146,2628,2
147,2121,2
148,2892,4
149,4226,5
150,4052,5
151,3230,2
152,737,2
153,614,3
154,2483,3
155,4698,5
156,2471,4
157,2169,2
158,3676,5
159,1818,1
160,842,2
161,3737,5
162,1876,1
163,4211,5
164,765,3
165,48,6
166,3021,3
167,3188,3
168,3727,5
169,3655,5
170,652,2
171,4291,4
172,2467,3
173,2730,2
174,4107,4
175,1052,2
176,4285,5
177,3483,4
178,615,2
179,720,2
180,2841,2
181,3272,2
182,576,3
183,4280,5
184,685,2
185,4225,5
186,1702,1
187,989,2
188,3808,5
189,588,2
190,2308,2
191,2637,2
192,1355,3
193,1536,2
194,2259,2
195,1505,2
196,565,3
197,4035,5
198,2300,4
199,541,3
200,3649,5
201,1487,2
202,2251,2
203,2581,4
204,1807,2
205,3440,4
206,3575,5
207,4685,5
208,3069,4
209,2750,2
210,547,3
211,2300,4
212,2538,2
213,1630,1
214,2074,2
215,2204,2
216,2569,4
217,3286,3
218,49,6
219,2589,2
220,851,2
221,4211,5
222,959,2
223,3548,4
224,3886,5
225,680,3
226,2292,2
227,720,2
228,941,3
229,29,6
230,2408,4
231,2391,2
232,1860,2
233,1760,2
234,556,3
235,474,3
236,2329,2
237,2776,2
238,1605,1
239,4306,5
240,1835,2
241,2204,2
242,2251,2
243,623,3
244,4426,4
245,70,6
246,707,2
247,1572,2
248,2367,2
249,2288,2
250,2352,2
251,46,6
252,4154,5
253,588,2
254,1508,2
255,2628,2
256,3605,2
257,2541,2
258,3602,2
259,3602,2
260,2665,2
261,2164,3
262,636,2
263,1668,1
264,2389,2
265,280,6
266,4387,5
267,843,3
268,807,2
269,3263,3
270,2627,2
271,3922,5
272,3384,4
273,1018,2
274,4286,5
275,343,3
276,3922,5
277,2686,2
278,2538,2
279,2797,2
280,2213,2
281,3082,4
282,2271,2
283,990,3
284,3954,3
285,599,2
286,1559,3
287,3855,3
288,1815,2
289,3965,5
290,1835,2
291,1639,1
292,1854,2
293,22,6
294,2288,2
295,1571,2
296,439,3
297,2257,3
298,310,6
299,2277,2
300,1710,1
301,1700,2
302,549,3
303,2988,4
304,2435,4
305,30,6
306,1700,2
307,1453,2
308,3347,4
309,2559,2
310,4700,5
311,3550,4
312,2386,2
313,2628,2
314,1499,2
315,641,2
316,2454,3
317,4690,5
318,4052,5
319,2419,2
320,2465,2
321,367,6
322,43,6
323,2538,2
324,3954,3
325,4315,5
326,474,3
327,3090,3
328,3548,4
329,3568,4
330,3247,2
331,2292,2
332,29,6
333,3132,2
334,2958,4
335,3461,2
336,2202,2
337,2375,3
338,39,6
339,586,3
340,4433,5
341,3230,2
342,1863,2
343,4565,5
344,2418,2
345,4305,4
346,3230,2
347,4372,4
348,1101,2
349,2292,2
350,393,3
351,793,2
352,1486,2
353,1505,2
354,1620,2
355,1540,3
356,2346,2
357,1643,3
358,4075,5
359,32,6
360,1527,2
361,3413,2
362,2308,2
363,3388,4
364,2723,2
365,2469,4
366,1505,2
367,1240,3
368,4698,5
369,4675,5
370,961,2
371,1602,2
372,768,2
373,253,6
374,2312,2
375,4252,5
376,1431,2
377,2082,1
378,2505,2
379,4433,5
380,1132,2
381,2186,2
382,469,3
383,3160,2
384,1453,2
385,2900,2
386,3987,4
387,1835,2
388,1076,2
389,666,2
390,2476,2
391,820,3
392,2313,2
393,3397,2
394,2169,2
395,883,3
396,1282,3
397,1290,3
398,3810,3
399,3273,3
400,3252,3
401,392,3
402,2878,2
403,1624,3
404,2603,2
405,3120,2
406,1149,3
407,1896,1
408,3888,5
409,52,6
410,1600,3
411,1550,2
412,2577,2
413,1618,2
414,2280,2
415,920,2
416,2327,2
417,2408,4
418,1550,2
419,3571,2
420,2541,2
421,1864,3
422,1486,2
423,729,3
424,2256,2
425,2250,2
426,2535,2
427,3787,5
428,4690,5
429,3623,4
430,2013,2
431,518,3
432,728,2
433,991,2
434,2612,2
435,2312,2
436,1843,1
437,1875,1
438,2341,4
439,4378,5
440,866,3
441,2233,3
442,264,6
443,3969,5
444,1102,3
445,2244,3
446,549,3
447,4086,5
448,2345,2
449,1578,2
450,752,2
451,2412,2
452,2470,4
453,3886,5
454,2601,2
455,2665,2
456,2313,2
457,2208,2
458,2228,2
459,1290,3
460,3954,3
461,4657,5
462,588,2
463,1310,3
464,3990,5
465,1835,2
466,3399,2
467,4159,3
468,43,6
469,46,6
470,813,3
471,1536,2
472,14,6
473,4021,5
474,3931,5
475,2339,2
476,2323,4
477,474,3
478,311,6
479,1572,2
480,2783,4
481,4021,5
482,4156,5
483,2769,4
484,559,3
485,2470,4
486,1936,3
487,4653,5
488,3382,2
489,403,6
490,1633,2
491,2408,4
492,3550,4
493,1863,2
494,2121,2
495,590,2
496,1361,3
497,3069,4
498,1499,2
499,2353,2
500,606,3
501,4311,5
502,4366,4
503,2288,2
504,711,2
505,768,2
506,1741,1
507,33,6
508,2762,2
509,3132,2
510,3208,2
511,2768,2
512,2202,2
513,699,3
514,3893,3
515,549,3
516,1016,3
517,3465,2
518,2263,2
519,1774,1
520,1835,2
521,1355,3
522,44,6
523,4686,5
524,617,3
525,3901,2
526,1572,2
527,2602,2
528,1578,2
529,2601,2
530,533,3
531,4293,5
532,1618,2
533,1572,2
534,1282,3
535,2013,2
536,367,6
537,1571,2
538,4269,5
539,4023,5
540,4228,5
541,2635,2
542,2359,2
543,1945,1
544,1716,2
545,2650,2
546,2602,2
547,4052,5
548,3366,2
549,617,3
550,2482,2
551,1977,1
552,1257,3
553,2375,3
554,2169,2
555,3877,5
556,2204,2
557,851,2
558,4053,4
559,1779,2
560,1769,1
561,2649,2
562,615,2
563,589,2
564,1845,1
565,29,6
566,3193,4
567,989,2
568,3364,2
569,88,6
570,3462,2
571,687,2
572,1361,3
573,2404,2
574,1837,2
575,2208,2
576,2415,2
577,2499,4
578,590,2
579,3940,5
580,4067,5
581,388,6
582,549,3
583,2277,2
584,2042,2
585,3320,3
586,1601,2
587,3969,5
588,3598,3
589,3871,5
590,1016,3
591,1499,2
592,3394,4
593,13,6
594,2570,2
595,2182,3
596,3764,2
597,2694,2
598,2875,2
599,27,6
600,3294,4
601,959,2
602,1282,3
603,1836,1
604,1928,1
605,2505,2
606,2538,2
607,3265,4
608,2589,2
609,2574,2
610,1551,2
611,45,6
612,962,3
613,3511,4
614,95,6
615,1685,1
616,2201,2
617,3158,2
618,2757,2
619,2247,2
620,2768,2
621,916,3
622,2210,2
623,3132,2
624,3920,3
625,4646,5
626,2912,4
627,2258,3
628,3778,5
629,45,6
630,3665,5
631,565,3
632,526,3
633,4501,5
634,2676,2
635,2020,1
636,2505,2
637,3886,5
638,22,6
639,895,2
640,1663,3
641,1185,3
642,4225,5
643,4173,4
644,129,6
645,926,3
646,388,6
647,4196,5
648,2284,2
649,2415,2
650,1882,1
651,2110,2
652,385,3
653,369,3
654,1506,2
655,3754,5
656,4053,4
657,2841,2
658,679,3
659,3920,3
660,2903,2
661,3061,2
662,1230,3
663,4700,5
664,2601,2
665,3364,2
666,2077,1
667,2897,2
668,747,2
669,3157,4
670,549,3
671,2287,2
672,4702,5
673,4311,5
674,900,3
675,606,3
676,1623,3
677,3267,4
678,2202,2
679,589,2
680,1082,3
681,943,2
682,1536,2
683,2694,2
684,3498,4
685,4705,5
686,3307,2
687,2391,2
688,2735,2
689,2554,2
690,3610,2
691,2517,4
692,3523,2
693,3867,3
694,3434,2
695,611,3
696,744,2
697,3324,2
698,2628,2
699,1572,2
700,818,2
701,873,2
702,1571,2
703,14,6
704,1572,2
705,2396,3
706,2123,3
707,1891,1
708,1631,1
709,1487,2
710,2581,4
711,4052,5
712,1925,1
713,2214,2
714,2389,2
715,1506,2
716,2572,2
717,2480,2
718,2682,4
719,4673,5
720,2013,2
721,2389,2
722,1312,3
723,411,3
724,1506,2
725,2469,4
726,388,6
727,610,2
728,991,2
729,1349,3
730,2635,2
731,639,2
732,793,2
733,1918,1
734,4314,5
735,2502,2
736,35,6
737,2284,2
738,1571,2
739,2797,2
740,2476,2
741,2080,1
742,2402,2
743,3484,4
744,3899,5
745,2244,3
746,278,6
747,1898,1
748,1555,2
749,2287,2
750,1837,2
751,1725,1
752,2422,2
753,2686,2
754,4309,5
755,3132,2
756,3106,2
757,1076,2
758,883,3
759,4425,5
760,1837,2
761,3835,5
762,3272,2
763,1779,2
764,1536,2
765,701,2
766,3888,5
767,2074,2
768,623,3
769,1517,2
770,4005,4
771,2731,2
772,4457,5
773,264,6
774,570,3
775,1785,2
776,2345,2
777,2875,2
778,1382,3
779,3575,5
780,2810,2
781,2150,2
782,3598,3
783,837,2
784,730,2
785,3267,4
786,1831,2
787,800,2
788,943,2
789,3958,3
790,3075,3
791,3638,5
792,1750,1
793,2506,3
794,2813,4
795,1967,1
796,1779,2
797,878,3
798,3496,2
799,2557,2
800,703,2
801,1512,3
802,3043,4
803,2750,2
804,2750,2
805,2155,2
806,1857,2
807,87,6
808,2327,2
809,1895,1
810,3520,2
811,2288,2
812,3596,4
813,2023,1
814,2776,2
815,2557,2
816,2288,2
817,2572,2
818,3535,5
819,1527,2
820,264,6
821,36,6
822,36,6
823,3350,2
824,3085,4
825,2313,2
826,3708,5
827,3366,2
828,654,3
829,3230,2
830,3461,2
831,625,2
832,4425,5
833,2391,2
834,2700,2
835,2265,2
836,70,6
837,1170,3
838,650,2
839,3899,5
840,2338,2
841,1536,2
842,471,3
843,768,2
844,3389,2
845,1786,3
846,3898,5
847,3448,4
848,2298,4
849,3520,2
850,2505,2
851,2572,2
852,3132,2
853,2391,2
854,754,2
855,983,3
856,829,2
857,3057,4
858,2575,4
859,3619,2
860,1571,2
861,2312,2
862,1212,3
863,2265,2
864,2637,2
865,4021,5
866,2017,1
867,747,2
868,2713,2
869,4009,5
870,4340,5
871,3243,2
872,1984,1
873,956,2
874,2338,2
875,3462,2
876,837,2
877,911,2
878,2776,2
879,1136,2
880,2416,2
881,2416,2
882,33,6
883,3319,4
884,2450,2
885,2762,2
886,3708,5
887,1470,2
888,2476,2
889,2335,3
890,3783,5
891,1835,2
892,2741,2
893,701,2
894,2144,2
895,1133,2
896,1582,2
897,2268,4
898,1807,2
899,1943,1
900,825,3
901,3043,4
902,2031,3
903,652,2
904,2121,2
905,2395,2
906,4052,5
907,4166,5
908,3598,3
909,956,2
910,1667,2
911,4141,5
912,261,6
913,2165,2
914,982,2
915,1403,2
916,2874,3
917,1425,3
918,4163,5
919,4273,5
920,1052,2
921,2208,2
922,1455,3
923,2676,2
924,3434,2
925,2538,2
926,1600,3
927,1180,3
928,936,2
929,1751,2
930,4400,5
931,2309,2
932,1635,1
933,1853,2
934,264,6
935,264,6
936,3365,2
937,2912,4
938,2129,2
939,2292,2
940,1856,2
941,1018,2
942,2169,2
943,728,2
944,378,3
945,4052,5
946,2676,2
947,2391,2
948,2541,2
949,2608,2
950,2741,2
951,388,6
952,2367,2
953,553,2
954,3889,3
955,253,6
956,541,3
957,3122,3
958,549,3
959,1517,2
960,677,3
961,1807,2
962,1823,2
963,729,3
964,1391,2
965,959,2
966,2602,2
967,1700,2
968,3523,2
969,4685,5
970,4686,5
971,4675,5
972,4208,5
973,765,3
974,3313,2
975,2523,4
976,2539,3
977,563,2
978,1527,2
979,851,2
980,936,2
981,1838,1
982,1973,1
983,2538,2
984,1942,1
985,3188,3
986,622,3
987,975,2
988,2304,3
989,4700,5
990,570,3
991,1776,1
992,4024,5
993,2391,2
994,2402,2
995,652,2
996,643,2
997,2359,2
998,889,3
999,2470,4
1000,746,3
1001,2958,4
1002,2313,2
1003,1818,1
1004,4105,5
1005,3487,2
1006,2154,2
1007,2202,2
1008,4280,5
1009,1431,2
1010,1446,3
1011,823,3
1012,2658,2
1013,1769,1
1014,3971,5
1015,1939,1
1016,1673,1
1017,2035,1
1018,422,6
1019,3336,3
1020,795,2
1021,2882,2
1022,3461,2
1023,3380,3
1024,1159,2
1025,617,3
1026,2684,2
1027,371,6
1028,1486,2
1029,2169,2
1030,2442,2
1031,53,6
1032,2444,3
1033,4227,5
1034,619,2
1035,2573,3
1036,2538,2
1037,3676,5
1038,1836,1
1039,4653,5
1040,1425,3
1041,1831,2
1042,3969,5
1043,1076,2
1044,427,3
1045,1527,2
1046,4340,5
1047,3619,2
1048,2252,2
1049,3307,2
1050,1982,1
1051,1578,2
1052,2841,2
1053,2841,2
1054,1834,2
1055,4697,5
1056,2003,1
1057,2339,2
1058,3091,4
1059,883,3
1060,3311,2
1061,2480,2
1062,1838,1
1063,2570,2
1064,2232,3
1065,2788,3
1066,1312,3
1067,3399,2
1068,1550,2
1069,1525,3
1070,1917,3
1071,3946,4
1072,541,3
1073,4314,5
1074,3641,4
1075,2596,2
1076,1159,2
1077,95,6
1078,878,3
1079,983,3
1080,2573,3
1081,2309,2
1082,1526,2
1083,4620,5
1084,1620,2
1085,2897,2
1086,2471,4
1087,4166,5
1088,1560,3
1089,2543,3
1090,754,2
1091,3722,3
1092,367,6
1093,2305,2
1094,1792,1
1095,2042,2
1096,1757,2
1097,2682,4
1098,1277,2
1099,2575,4
1100,4399,4
1101,3091,4
1102,2472,2
1103,2682,4
1104,4410,5
1105,3265,4
1106,828,2
1107,4021,5
1108,3712,2
1109,2231,3
1110,3383,4
1111,2013,2
1112,1005,2
1113,3651,5
1114,30,6
1115,825,3
1116,3751,5
1117,3751,5
1118,3058,2
1119,3338,4
1120,2313,2
1121,2628,2
1122,2375,3
1123,1018,2
1124,3755,5
1125,4052,5
1126,3437,4
1127,2589,2
1128,4690,5
1129,2769,4
1130,3406,4
1131,1308,3
1132,1310,3
1133,3954,3
1134,2250,2
1135,2395,2
1136,1486,2
1137,2300,4
1138,818,2
1139,1131,3
1140,983,3
1141,3535,5
1142,388,6
1143,654,3
1144,25,6
1145,661,3
1146,2652,2
1147,1526,2
1148,2614,2
1149,2476,2
1150,3523,2
1151,4098,5
1152,2589,2
1153,2130,2
1154,253,6
1155,2036,1
1156,1703,2
1157,3575,5
1158,3523,2
1159,2370,3
1160,3307,2
1161,4235,5
1162,4211,5
1163,1555,2
1164,1634,1
1165,4071,4
1166,2637,2
1167,2559,2
1168,4274,5
1169,2573,3
1170,32,6
1171,3465,2
1172,2312,2
1173,3272,2
1174,3674,4
1175,3465,2
1176,2581,4
1177,2145,2
1178,2076,1
1179,3893,3
1180,1159,2
1181,1419,2
1182,3522,4
1183,2339,2
1184,2207,2
1185,1961,1
1186,2480,2
1187,2214,2
1188,3243,2
1189,371,6
1190,2288,2
1191,14,6
1192,4260,4
1193,347,3
1194,3349,2
1195,1784,3
1196,1747,1
1197,4272,5
1198,2501,2
1199,2688,3
1200,570,3
1201,1816,2
1202,1863,2
1203,4260,4
1204,3892,2
1205,4166,5
1206,1332,3
1207,4511,5
1208,2555,3
1209,2535,2
1210,2243,2
1211,766,2
1212,1667,2
1213,2010,1
1214,2769,4
1215,1863,2
1216,1136,2
1217,54,6
1218,1086,3
1219,2479,2
1220,3810,3
1221,4014,5
1222,1527,2
1223,866,3
1224,4675,5
1225,664,3
1226,4279,5
1227,3062,2
1228,949,2
1229,1032,3
1230,2665,2
1231,1582,2
1232,3890,5
1233,2355,2
1234,4459,5
1235,2391,2
1236,2313,2
1237,1856,2
1238,2154,2
1239,3855,3
1240,2562,2
1241,812,3
1242,3416,2
1243,3522,4
1244,88,6
1245,3520,2
1246,3089,4
1247,1853,2
1248,271,6
1249,2300,4
1250,388,6
1251,4694,5
1252,1627,3
1253,1922,1
1254,1486,2
1255,1487,2
1256,1709,3
1257,812,3
1258,586,3
1259,4021,5
1260,582,3
1261,33,6
1262,4690,5
1263,3002,2
1264,4592,5
1265,737,2
1266,956,2
1267,4686,5
1268,4702,5
1269,1682,1
1270,4052,5
1271,253,6
1272,1830,1
1273,3441,3
1274,3708,5
1275,2686,2
1276,48,6
1277,4292,5
1278,2607,2
1279,2530,3
1280,729,3
1281,2682,4
1282,4425,5
1283,3090,3
1284,3954,3
1285,2612,2
1286,2878,2
1287,643,2
1288,1528,2
1289,2345,2
1290,3999,5
1291,2265,2
1292,2286,2
1293,1932,2
1294,963,2
1295,606,3
1296,4110,5
1297,1586,2
1298,646,2
1299,1440,3
1300,423,3
1301,2589,2
1302,588,2
1303,2042,2
1304,1724,1
1305,1838,1
1306,1608,2
1307,2069,1
1308,280,6
1309,912,3
1310,1240,3
1311,1453,2
1312,617,3
1313,777,2
1314,2396,3
1315,343,3
1316,889,3
1317,1487,2
1318,2375,3
1319,2213,2
1320,4160,5
1321,1629,2
1322,4021,5
1323,2903,2
1324,54,6
1325,2061,3
1326,1166,3
1327,1676,1
1328,1658,2
1329,720,2
1330,1540,3
1331,371,6
1332,1749,1
1333,584,2
1334,613,2
1335,2009,1
1336,2700,2
1337,2637,2
1338,3460,3
1339,3923,5
1340,3722,3
1341,4264,5
1342,1925,1
1343,2292,2
1344,2776,2
1345,783,2
1346,2903,2
1347,32,6
1348,2841,2
1349,2109,1
1350,49,6
1351,576,3
1352,2590,2
1353,4429,5
1354,3893,3
1355,2202,2
1356,1052,2
1357,1757,2
1358,1308,3
1359,1300,3
1360,1355,3
1361,3901,2
1362,2288,2
1363,3057,4
1364,2066,1
1365,2013,2
1366,1618,2
1367,1965,1
1368,755,3
1369,2008,1
1370,611,3
1371,3058,2
1372,3029,2
1373,661,3
1374,4652,5
1375,2897,2
1376,4178,4
1377,2210,2
1378,2250,2
1379,956,2
1380,17,6
1381,3350,2
1382,780,2
1383,2191,3
1384,517,3
1385,253,6
1386,2286,2
1387,843,3
1388,48,6
1389,989,2
1390,1571,2
1391,1571,2
1392,4286,5
1393,40,6
1394,2408,4
1395,2616,2
1396,2733,2
1397,2089,3
1398,1076,2
1399,40,6
1400,3346,4
1401,2391,2
1402,2394,2
1403,3709,5
1404,3652,5
1405,3655,5
1406,2326,2
1407,1018,2
1408,989,2
1409,4511,5
1410,780,2
1411,38,6
1412,608,3
1413,730,2
1414,2352,2
1415,1834,2
1416,2842,3
1417,895,2
1418,2535,2
1419,392,3
1420,2652,2
1421,4052,5
1422,811,3
1423,70,6
1424,623,3
1425,310,6
1426,1681,1
1427,912,3
1428,889,3
1429,926,3
1430,1637,2
1431,4661,5
1432,2628,2
1433,1863,2
1434,1856,2
1435,2000,2
1436,1667,2
1437,1837,2
1438,2581,4
1439,2300,4
1440,1349,3
1441,2635,2
1442,14,6
1443,4695,5
1444,2053,1
1445,1578,2
1446,1549,3
1447,793,2
1448,3973,5
1449,1689,2
1450,48,6
1451,4292,5
1452,2589,2
1453,1637,2
1454,4023,5
1455,2151,2
1456,2470,4
1457,1571,2
1458,1547,3
1459,989,2
1460,2129,2
1461,3382,2
1462,2416,2
1463,2305,2
1464,2565,2
1465,3180,2
1466,2263,2
1467,1856,2
1468,989,2
1469,45,6
1470,926,3
1471,3810,3
1472,4293,5
1473,4623,5
1474,2700,2
1475,3360,2
1476,1359,3
1477,1791,1
1478,4702,5
1479,2979,2
1480,1797,1
1481,541,3
1482,4327,4
1483,2344,2
1484,2282,2
1485,1683,1
1486,4437,4
1487,400,3
1488,281,6
1489,4163,5
1490,2676,2
1491,3603,5
1492,2054,1
1493,2577,2
1494,3619,2
1495,3537,2
1496,2953,4
1497,3072,2
1498,2480,2
1499,670,2
1500,2356,3
1501,2569,4
1502,583,2
1503,2293,2
1504,1808,1
1505,4175,4
1506,2908,4
1507,3973,5
1508,1872,1
1509,1966,1
1510,2058,1
1511,1574,2
1512,2282,2
1513,3481,4
1514,2642,2
1515,879,2
1516,2416,2
1517,1027,2
1518,2300,4
1519,2410,2
1520,526,3
1521,911,2
1522,2229,3
1523,388,6
1524,3411,3
1525,2265,2
1526,728,2
1527,2738,2
1528,546,3
1529,2765,2
1530,2942,4
1531,2628,2
1532,4160,5
1533,3758,5
1534,654,3
1535,2383,3
1536,3520,2
1537,633,2
1538,3920,3
1539,2603,2
1540,1834,2
1541,2349,2
1542,2069,1
1543,2022,1
1544,2628,2
1545,3568,4
1546,3828,7
1547,2607,2
1548,52,6
1549,685,2
1550,482,3
1551,3848,2
1552,2326,2
1553,80,6
1554,4141,5
1555,807,2
1556,4306,5
1557,3434,2
1558,1998,3
1559,1708,1
1560,400,3
1561,2684,2
1562,33,6
1563,4286,5
1564,1527,2
1565,1824,3
1566,889,3
1567,829,2
1568,2193,2
1569,2693,4
1570,1831,2
1571,643,2
1572,46,6
1573,828,2
1574,3702,4
1575,3676,5
1576,584,2
1577,1799,1
1578,2391,2
1579,2312,2
1580,2990,2
1581,2201,2
1582,2251,2
1583,3188,3
1584,623,3
1585,2144,2
1586,4339,5
1587,4266,5
1588,4211,5
1589,4433,5
1590,1427,6
1591,676,2
1592,652,2
1593,1052,2
1594,1179,2
1595,866,3
1596,2470,4
1597,3132,2
1598,4698,5
1599,3168,2
1600,2375,3
1601,3616,5
1602,883,3
1603,2590,2
1604,2247,2
1605,2513,2
1606,1754,1
1607,1834,2
1608,3313,2
1609,2562,2
1610,2205,2
1611,3911,3
1612,2285,2
1613,1486,2
1614,1517,2
1615,650,2
1616,1453,2
1617,2105,2
1618,2110,2
1619,4641,5
1620,677,3
1621,4065,5
1622,3550,4
1623,2699,2
1624,3819,4
1625,1746,1
1626,2559,2
1627,2110,2
1628,4227,5
1629,4675,5
1630,1382,3
1631,830,3
1632,1877,1
1633,2398,3
1634,2312,2
1635,857,3
1636,829,2
1637,2642,2
1638,4065,5
1639,912,3
1640,1282,3
1641,2731,2
1642,2213,2
1643,3029,2
1644,2942,4
1645,3230,2
1646,3754,5
1647,2581,4
1648,2201,2
1649,1607,2
1650,2570,2
1651,823,3
1652,59,6
1653,623,3
1654,2608,2
1655,588,2
1656,991,2
1657,2487,3
1658,3474,2
1659,2642,2
1660,1361,3
1661,2638,4
1662,1571,2
1663,1555,2
1664,590,2
1665,2346,2
1666,1637,2
1667,1447,3
1668,2841,2
1669,1536,2
1670,4016,5
1671,2251,2
1672,1453,2
1673,1505,2
1674,2206,2
1675,4690,5
1676,59,6
1677,3696,2
1678,1082,3
1679,518,3
1680,1667,2
1681,1757,2
1682,3180,2
1683,1689,2
1684,949,2
1685,893,2
1686,3110,3
1687,2897,2
1688,1411,3
1689,2637,2
1690,2207,2
1691,755,3
1692,2352,2
1693,3855,3
1694,949,2
1695,4298,5
1696,2243,2
1697,2649,2
1698,25,6
1699,2990,2
1700,3610,2
1701,1018,2
1702,3576,4
1703,961,2
1704,2021,1
1705,3920,3
1706,3018,2
1707,3883,5
1708,2150,2
1709,2308,2
1710,1968,1
1711,2001,1
1712,2511,2
1713,2391,2
1714,1551,2
1715,875,2
1716,1562,2
1717,1758,2
1718,4035,5
1719,3543,4
1720,4336,5
1721,2287,2
1722,4065,5
1723,941,3
1724,825,3
1725,1506,2
1726,1629,2
1727,729,3
1728,2113,2
1729,1775,1
1730,388,6
1731,2256,2
1732,4265,5
1733,482,3
1734,925,2
1735,871,2
1736,3638,5
1737,4080,5
1738,2305,2
1739,1689,2
1740,893,2
1741,823,3
1742,1179,2
1743,747,2
1744,2689,2
1745,4314,5
1746,2530,3
1747,2000,2
1748,3708,5
1749,3878,5
1750,4694,5
1751,2124,2
1752,3783,5
1753,2079,1
1754,2637,2
1755,2535,2
1756,3993,5
1757,4471,4
1758,2875,2
1759,3324,2
1760,2410,2
1761,3055,4
1762,2664,2
1763,2882,2
1764,2861,2
1765,3901,2
1766,3265,4
1767,2676,2
1768,2658,2
1769,625,2
1770,1814,2
1771,4275,5
1772,2616,2
1773,3389,2
1774,39,6
1775,1627,3
1776,2130,2
1777,3437,4
1778,4335,5
1779,2964,3
1780,2335,3
1781,281,6
1782,310,6
1783,2344,2
1784,2177,2
1785,474,3
1786,4314,5
1787,3839,5
1788,1785,2
1789,1511,3
1790,4021,5
1791,2206,2
1792,2590,2
1793,1854,2
1794,22,6
1795,4511,7
1796,3434,2
1797,820,3
1798,2762,2
1799,3727,5
1800,4286,5
1801,854,3
1802,1726,1
1803,2353,2
1804,729,3
1805,29,6
1806,926,3
1807,2689,2
1808,3462,2
1809,3272,2
1810,3350,2
1811,1293,3
1812,1731,1
1813,2659,2
1814,1744,1
1815,1295,3
1816,3956,5
1817,278,6
1818,2252,2
1819,2095,2
1820,4682,5
1821,3603,5
1822,1159,2
1823,1229,2
1824,2240,3
1825,1572,2
1826,2295,2
1827,570,3
1828,2375,3
1829,878,3
1830,2875,2
1831,2718,2
1832,4285,5
1833,3603,5
1834,27,6
1835,3135,2
1836,3892,2
1837,677,3
1838,677,3
1839,2935,2
1840,2628,2
1841,2145,2
1842,1860,2
1843,4085,5
1844,747,2
1845,769,3
1846,2032,3
1847,802,2
1848,1779,2
1849,95,6
1850,2479,2
1851,2450,2
1852,1601,2
1853,793,2
1854,2602,2
1855,558,3
1856,622,3
1857,4695,5
1858,4285,5
1859,900,3
1860,554,3
1861,1871,1
1862,1839,1
1863,2637,2
1864,4141,5
1865,36,6
1866,3496,2
1867,2476,2
1868,3821,5
1869,2697,4
1870,1781,2
1871,2554,2
1872,4322,4
1873,2313,2
1874,2057,1
1875,1327,3
1876,1506,2
1877,52,6
1878,617,3
1879,3715,3
1880,610,2
1881,2351,2
1882,1221,2
1883,2338,2
1884,1839,1
1885,1555,2
1886,608,3
1887,2363,3
1888,4141,5
1889,661,3
1890,1238,3
1891,3780,5
1892,2764,2
1893,3537,2
1894,1312,3
1895,2412,2
1896,63,6
1897,1667,2
1898,673,2
1899,2530,3
1900,1810,1
1901,1970,1
1902,2312,2
1903,4260,4
1904,746,3
1905,4146,5
1906,3263,3
1907,2659,2
1908,42,6
1909,2247,2
1910,3146,4
1911,3920,3
1912,2472,2
1913,2143,3
1914,1495,3
1915,851,2
1916,2208,2
1917,4070,4
1918,2637,2
1919,2649,2
1920,1777,1
1921,2280,2
1922,271,6
1923,729,3
1924,3307,2
1925,2612,2
1926,2483,3
1927,2713,2
1928,549,3
1929,625,2
1930,2346,2
1931,2326,2
1932,871,2
1933,2389,2
1934,3804,2
1935,3606,3
1936,1667,2
1937,963,2
1938,1572,2
1939,1842,1
1940,866,3
1941,4218,5
1942,522,3
1943,3799,5
1944,2465,2
1945,2206,2
1946,3389,2
1947,1527,2
1948,2612,2
1949,1431,2
1950,4657,5
1951,2207,2
1952,2682,4
1953,1863,2
1954,2897,2
1955,2329,2
1956,852,2
1957,1179,2
1958,4698,5
1959,888,3
1960,2689,2
1961,4047,7
1962,619,2
1963,2295,2
1964,3549,4
1965,1986,1
1966,33,6
1967,1757,2
1968,3268,4
1969,2313,2
1970,2535,2
1971,4706,5
1972,1574,2
1973,1632,3
1974,1821,1
1975,1690,1
1976,2041,1
1977,3313,2
1978,39,6
1979,895,2
1980,963,2
1981,2144,2
1982,2351,2
1983,80,6
1984,2277,2
1985,2126,2
1986,889,3
1987,529,3
1988,729,3
1989,1470,2
1990,3058,2
1991,1849,1
1992,1969,1
1993,4510,5
1994,4576,5
1995,1023,3
1996,4019,5
1997,1837,2
1998,1702,1
1999,959,2
2000,1403,2
2001,728,2
2002,1624,3
2003,2439,3
2004,1068,2
2005,1431,2
2006,1850,1
2007,2908,4
2008,2010,1
2009,4260,4
2010,2630,2
2011,3886,5
2012,2513,2
2013,4224,5
2014,2601,2
2015,3592,2
2016,27,6
2017,4685,5
2018,3796,5
2019,774,3
2020,975,2
2021,2235,3
2022,983,3
2023,3355,2
2024,2215,2
2025,28,6
2026,38,6
2027,2841,2
2028,3414,4
2029,3243,2
2030,2286,2
2031,2202,2
2032,3707,5
2033,2979,2
2034,3916,3
2035,3437,4
2036,2630,2
2037,1853,2
2038,912,3
2039,1831,2
2040,4376,5
2041,4173,4
2042,1526,2
2043,43,6
2044,1455,3
2045,529,3
2046,2290,3
2047,633,2
2048,371,6
2049,1987,2
2050,878,3
2051,608,3
2052,661,3
2053,2607,2
2054,2251,2
2055,3210,4
2056,4673,5
2057,2557,2
2058,3610,2
2059,1713,1
2060,646,2
2061,4311,5
2062,3481,4
2063,4070,4
2064,1869,1
2065,4163,5
2066,1923,1
2067,717,2
2068,2686,2
2069,2414,2
2070,2544,3
2071,3237,3
2072,843,3
2073,2350,2
2074,4265,5
2075,469,3
2076,911,2
2077,1527,2
2078,1781,2
2079,2416,2
2080,2287,2
2081,780,2
2082,3969,5
2083,2391,2
2084,1932,2
2085,1811,2
2086,3474,2
2087,4277,5
2088,2882,2
2089,3602,2
2090,3958,3
2091,2345,2
2092,1536,2
2093,1028,3
2094,422,6
2095,866,3
2096,533,3
2097,3639,3
2098,2616,2
2099,2120,2
2100,825,3
2101,2295,2
2102,3058,2
2103,2788,3
2104,1912,2
2105,2559,2
2106,2511,2
2107,2759,2
2108,3619,2
2109,748,2
2110,614,3
2111,1578,2
2112,920,2
2113,4112,5
2114,3444,3
2115,982,2
2116,2069,1
2117,1878,1
2118,4080,5
2119,1985,1
2120,1578,2
2121,1572,2
2122,3998,5
2123,4727,5
2124,2694,2
2125,3911,3
2126,2642,2
2127,2763,4
2128,2410,2
2129,2311,2
2130,963,2
2131,877,2
2132,4086,5
2133,2286,2
2134,1778,1
2135,420,3
2136,4620,5
2137,3247,2
2138,2535,2
2139,1179,2
2140,641,2
2141,685,2
2142,2926,3
2143,36,6
2144,825,3
2145,2841,2
2146,2210,2
2147,2655,2
2148,2169,2
2149,29,6
2150,3927,5
2151,1781,2
2152,920,2
2153,3685,3
2154,1728,1
2155,1757,2
2156,4183,5
2157,2339,2
2158,1550,2
2159,2979,2
2160,2535,2
2161,388,6
2162,388,6
2163,311,6
2164,4070,4
2165,4070,4
2166,889,3
2167,1486,2
2168,3652,5
2169,3754,5
2170,1323,3
2171,1746,1
2172,3767,3
2173,1527,2
2174,1415,3
2175,2511,2
2176,2572,2
2177,1574,2
2178,2250,2
2179,3520,2
2180,4199,5
2181,4698,5
2182,3920,3
2183,812,3
2184,1925,1
2185,1411,3
2186,518,3
2187,1506,2
2188,3400,4
2189,1820,2
2190,3891,5
2191,2280,2
2192,3460,3
2193,2603,2
2194,2875,2
2195,758,2
2196,1413,3
2197,1076,2
2198,3575,5
2199,3651,5
2200,2472,2
2201,4211,5
2202,4314,5
2203,1468,3
2204,641,2
2205,800,2
2206,2359,2
2207,2395,2
2208,812,3
2209,2731,2
2210,3314,2
2211,2313,2
2212,2394,2
2213,661,3
2214,622,3
2215,3425,2
2216,2590,2
2217,1633,2
2218,1925,1
2219,271,6
2220,1312,3
2221,4093,4
2222,4372,4
2223,371,6
2224,367,6
2225,1626,2
2226,4673,5
2227,2581,4
2228,3534,3
2229,2350,2
2230,1180,3
2231,356,3
2232,3481,4
2233,2375,3
2234,102,6
2235,3983,5
2236,2724,2
2237,2472,2
2238,1858,2
2239,582,3
2240,692,3
2241,1912,2
2242,549,3
2243,4694,5
2244,4670,5
2245,4170,5
2246,1863,2
2247,1453,2
2248,1018,2
2249,3752,5
2250,1899,1
2251,2034,1
2252,1854,2
2253,2038,1
2254,2529,2
2255,948,3
2256,747,2
2257,1455,3
2258,2572,2
2259,3886,5
2260,3899,5
2261,1453,2
2262,1623,3
2263,676,2
2264,2416,2
2265,825,3
2266,2256,2
2267,3462,2
2268,3062,2
2269,4098,5
2270,3359,3
2271,961,2
2272,903,2
2273,4501,5
2274,747,2
2275,1729,1
2276,3272,2
2277,2608,2
2278,1956,3
2279,1863,2
2280,2040,1
2281,48,6
2282,879,2
2283,1506,2
2284,2776,2
2285,1404,3
2286,422,6
2287,685,2
2288,1618,2
2289,1620,2
2290,3846,4
2291,3434,2
2292,2282,2
2293,2284,2
2294,1637,2
2295,4190,5
2296,4324,4
2297,3001,4
2298,2105,2
2299,343,3
2300,2389,2
2301,269,6
2302,482,3
2303,3091,4
2304,2206,2
2305,3774,2
2306,55,6
2307,1136,2
2308,2640,2
2309,1781,2
2310,4409,5
2311,4156,5
2312,754,2
2313,3903,5
2314,3916,3
2315,4311,5
2316,851,2
2317,631,3
2318,3799,5
2319,1633,2
2320,2139,3
2321,1834,2
2322,3324,2
2323,4065,5
2324,1813,2
2325,1382,3
2326,3587,3
2327,1508,2
2328,725,2
2329,742,3
2330,4262,5
2331,747,2
2332,2006,1
2333,18,6
2334,4565,5
2335,4026,5
2336,474,3
2337,388,6
2338,2348,2
2339,2305,2
2340,1620,2
2341,2408,4
2342,608,3
2343,692,3
2344,677,3
2345,3757,5
2346,1817,2
2347,1689,2
2348,3272,2
2349,2151,2
2350,3461,2
2351,4682,5
2352,3434,2
2353,2821,2
2354,4075,5
2355,4697,5
2356,1837,2
2357,1658,2
2358,959,2
2359,240,6
2360,2776,2
2361,2374,3
2362,2154,2
2363,1667,2
2364,1667,2
2365,4315,5
2366,3715,3
2367,2718,2
2368,27,6
2369,557,2
2370,576,3
2371,4211,5
2372,1513,3
2373,1448,2
2374,818,2
2375,588,2
2376,2430,2
2377,2348,2
2378,2408,4
2379,2763,4
2380,2988,4
2381,3569,5
2382,3663,5
2383,2286,2
2384,2375,3
2385,2359,2
2386,4343,5
2387,3920,3
2388,1517,2
2389,2078,1
2390,1781,2
2391,2037,1
2392,2233,3
2393,3352,3
2394,48,6
2395,48,6
2396,2144,2
2397,2346,2
2398,1486,2
2399,1290,3
2400,565,3
2401,2841,2
2402,1571,2
2403,3057,4
2404,2875,2
2405,2505,2
2406,1817,2
2407,3297,4
2408,2511,2
2409,820,3
2410,2554,2
2411,711,2
2412,728,2
2413,2737,2
2414,737,2
2415,371,6
2416,2813,4
2417,4285,5
2418,2554,2
2419,4260,4
2420,146,6
2421,857,3
2422,2689,2
2423,730,2
2424,43,6
2425,2725,4
2426,3920,3
2427,3676,5
2428,2674,3
2429,4314,5
2430,959,2
2431,1618,2
2432,1837,2
2433,2353,2
2434,3029,2
2435,3076,4
2436,3570,2
2437,2765,2
2438,2768,2
2439,3655,5
2440,2704,2
2441,3736,3
2442,4275,5
2443,1508,2
2444,4013,4
2445,2610,2
2446,3435,3
2447,2075,1
2448,3867,3
2449,625,2
2450,2757,2
2451,935,3
2452,961,2
2453,367,6
2454,895,2
2455,3626,4
2456,3901,2
2457,2095,2
2458,843,3
2459,375,3
2460,556,3
2461,3069,4
2462,941,3
2463,1594,2
2464,4370,4
2465,38,6
2466,4653,5
2467,4166,5
2468,3481,4
2469,2953,4
2470,2872,2
2471,2689,2
2472,2565,2
2473,4736,5
2474,4697,5
2475,1644,1
2476,1447,3
2477,1808,1
2478,4292,5
2479,2888,4
2480,2774,4
2481,1442,3
2482,2541,2
2483,4313,5
2484,1797,1
2485,2704,2
2486,2205,2
2487,936,2
2488,3911,3
2489,3193,4
2490,2309,2
2491,1446,3
2492,725,2
2493,615,2
2494,1074,2
2495,1136,2
2496,1834,2
2497,3708,5
2498,2260,2
2499,1382,3
2500,4670,5
2501,2903,2
2502,2562,2
2503,613,2
2504,4067,5
2505,4651,5
2506,2589,2
2507,2574,2
2508,2574,2
2509,747,2
2510,2007,1
2511,4496,5
2512,3783,5
2513,2112,1
2514,3849,3
2515,2367,2
2516,1751,2
2517,3579,4
2518,525,3
2519,3055,4
2520,2590,2
2521,2570,2
2522,4070,4
2523,3576,4
2524,1600,3
2525,1857,2
2526,1572,2
2527,3474,2
2528,2375,3
2529,941,3
2530,3420,3
2531,29,6
2532,2724,2
2533,3705,2
2534,240,6
2535,1009,3
2536,4563,5
2537,2259,2
2538,2056,1
2539,1395,3
2540,271,6
2541,4685,5
2542,2689,2
2543,758,2
2544,4646,5
2545,793,2
2546,4243,5
2547,1926,1
2548,765,3
2549,35,6
2550,2065,1
2551,1486,2
2552,2395,2
2553,2345,2
2554,2177,2
2555,911,2
2556,652,2
2557,2538,2
2558,823,3
2559,280,6
2560,2641,2
2561,3350,2
2562,2535,2
2563,2367,2
2564,2652,2
2565,2169,2
2566,32,6
2567,4322,4
2568,625,2
2569,1743,1
2570,720,2
2571,2214,2
2572,1310,3
2573,1361,3
2574,46,6
2575,340,6
2576,2569,4
2577,963,2
2578,1446,3
2579,614,3
2580,4161,3
2581,388,6
2582,1528,2
2583,2284,2
2584,444,3
2585,4206,5
2586,4141,5
2587,1551,2
2588,1571,2
2589,1361,3
2590,3139,2
2591,2599,2
2592,4106,5
2593,1312,3
2594,2332,3
2595,638,2
2596,829,2
2597,2589,2
2598,1571,2
2599,1505,2
2600,3230,2
2601,717,2
2602,2312,2
2603,829,2
2604,2500,2
2605,3983,5
2606,3880,5
2607,1932,2
2608,1618,2
2609,588,2
2610,1551,2
2611,1757,2
2612,1835,2
2613,4079,5
2614,1136,2
2615,687,2
2616,4099,5
2617,33,6
2618,866,3
2619,755,3
2620,1539,2
2621,4386,7
2622,3113,4
2623,2581,4
2624,1828,1
2625,2880,2
2626,2288,2
2627,1620,2
2628,851,2
2629,1486,2
2630,807,2
2631,565,3
2632,1445,3
2633,1821,1
2634,63,6
2635,2206,2
2636,729,3
2637,3481,4
2638,2655,2
2639,908,3
2640,3413,2
2641,2145,2
2642,4001,5
2643,4269,5
2644,4214,5
2645,777,2
2646,3421,3
2647,893,2
2648,1282,3
2649,1080,2
2650,3482,2
2651,1973,1
2652,928,2
2653,2239,3
2654,3188,3
2655,1131,3
2656,2750,2
2657,2108,1
2658,2130,2
2659,435,3
2660,439,3
2661,1076,2
2662,2430,2
2663,2309,2
2664,3349,2
2665,2389,2
2666,4404,5
2667,4160,5
2668,2263,2
2669,990,3
2670,2590,2
2671,3954,3
2672,3861,2
2673,2676,2
2674,717,2
2675,765,3
2676,1240,3
2677,1919,1
2678,4228,5
2679,1960,3
2680,1024,2
2681,588,2
2682,388,6
2683,3888,5
2684,310,6
2685,3072,2
2686,3474,2
2687,1221,2
2688,2386,2
2689,549,3
2690,3482,2
2691,4070,4
2692,2474,4
2693,2979,2
2694,1964,1
2695,3602,2
2696,2557,2
2697,1620,2
2698,3365,2
2699,1699,3
2700,983,3
2701,1676,1
2702,2144,2
2703,2784,2
2704,2649,2
2705,1773,1
2706,2976,3
2707,4565,5
2708,2608,2
2709,2562,2
2710,3153,2
2711,1667,2
2712,873,2
2713,2529,2
2714,687,2
2715,2416,2
2716,1005,2
2717,261,6
2718,2339,2
2719,3058,2
2720,2313,2
2721,2765,2
2722,2535,2
2723,33,6
2724,388,6
2725,3421,3
2726,2203,2
2727,1656,1
2728,1672,1
2729,1781,2
2730,1355,3
2731,2374,3
2732,2253,2
2733,4697,5
2734,959,2
2735,2530,3
2736,261,6
2737,388,6
2738,311,6
2739,948,3
2740,3058,2
2741,3963,5
2742,4698,5
2743,4565,5
2744,1527,2
2745,378,3
2746,1574,2
2747,1446,3
2748,4260,4
2749,2265,2
2750,2612,2
2751,2616,2
2752,1618,2
2753,895,2
2754,4086,5
2755,3348,2
2756,2114,1
2757,1703,2
2758,1092,3
2759,2395,2
2760,2777,2
2761,2150,2
2762,474,3
2763,4292,5
2764,392,3
2765,1499,2
2766,2247,2
2767,2260,2
2768,2004,1
2769,800,2
2770,3651,5
2771,2724,2
2772,2765,2
2773,2313,2
2774,2287,2
2775,2602,2
2776,755,3
2777,622,3
2778,471,3
2779,1448,2
2780,3498,4
2781,1804,2
2782,606,3
2783,4287,5
2784,1978,1
2785,2562,2
2786,2505,2
2787,1900,1
2788,1661,1
2789,4211,5
2790,2300,4
2791,44,6
2792,39,6
2793,774,3
2794,1912,2
2795,557,2
2796,1571,2
2797,1527,2
2798,1250,2
2799,2287,2
2800,1883,1
2801,2095,2
2802,3492,3
2803,474,3
2804,1486,2
2805,2610,4
2806,935,3
2807,840,3
2808,1486,2
2809,3519,4
2810,2923,2
2811,2602,2
2812,2997,3
2813,802,2
2814,4686,5
2815,1697,1
2816,959,2
2817,4698,5
2818,4039,5
2819,2450,2
2820,2313,2
2821,3498,4
2822,1944,1
2823,3365,2
2824,3835,5
2825,3228,3
2826,4071,4
2827,2741,2
2828,559,3
2829,2452,2
2830,4576,5
2831,4510,5
2832,1932,2
2833,2151,2
2834,1712,1
2835,1757,2
2836,1983,1
2837,768,2
2838,1723,1
2839,2479,2
2840,2422,2
2841,1684,1
2842,2453,2
2843,2694,2
2844,2408,4
2845,3029,2
2846,3294,4
2847,2852,4
2848,2292,2
2849,565,3
2850,883,3
2851,717,2
2852,3954,3
2853,588,2
2854,2207,2
2855,1709,3
2856,625,2
2857,1689,2
2858,371,6
2859,2275,3
2860,1868,1
2861,549,3
2862,926,3
2863,1517,2
2864,2106,1
2865,3722,3
2866,367,6
2867,661,3
2868,3638,5
2869,4727,5
2870,1867,1
2871,261,6
2872,40,6
2873,2559,2
2874,2201,2
2875,4700,5
2876,4243,5
2877,3714,5
2878,672,2
2879,4719,5
2880,4698,5
2881,1862,2
2882,4194,5
2883,1981,1
2884,2312,2
2885,2286,2
2886,3931,5
2887,1947,1
2888,1677,2
2889,1862,2
2890,4433,5
2891,1319,3
2892,1907,3
2893,2453,2
2894,1453,2
2895,2408,4
2896,1737,2
2897,3065,4
2898,3132,2
2899,928,2
2900,3247,2
2901,3487,2
2902,747,2
2903,1980,1
2904,664,3
2905,711,2
2906,1248,2
2907,3611,2
2908,3883,5
2909,3272,2
2910,4702,5
2911,3665,5
2912,2652,2
2913,3736,3
2914,4425,5
2915,4592,5
2916,2339,2
2917,2339,2
2918,1806,2
2919,793,2
2920,1578,2
2921,79,6
2922,52,6
2923,356,3
2924,2575,4
2925,1550,2
2926,388,6
2927,1578,2
2928,657,2
2929,1839,1
2930,2095,2
2931,2095,2
2932,1487,2
2933,2642,2
2934,3587,3
2935,4067,5
2936,3297,4
2937,4052,5
2938,2953,4
2939,2206,2
2940,3783,5
2941,80,6
2942,1676,1
2943,3901,2
2944,1703,2
2945,1528,2
2946,1061,3
2947,2456,3
2948,2215,2
2949,2903,2
2950,2703,3
2951,783,2
2952,2642,2
2953,2763,4
2954,2769,4
2955,1458,2
2956,4222,5
2957,4027,5
2958,3958,3
2959,407,3
2960,4505,5
2961,1600,3
2962,2616,2
2963,2292,2
2964,1808,1
2965,29,6
2966,4697,5
2967,2169,2
2968,622,3
2969,278,6
2970,729,3
2971,1208,3
2972,3867,3
2973,2713,2
2974,3901,2
2975,371,6
2976,2130,2
2977,2252,2
2978,3681,5
2979,35,6
2980,3883,5
2981,4224,5
2982,377,3
2983,281,6
2984,1620,2
2985,1528,2
2986,2115,2
2987,4070,4
2988,549,3
2989,2807,2
2990,3391,3
2991,4309,5
2992,1921,1
2993,3481,4
2994,1858,2
2995,2867,4
2996,4685,5
2997,1470,2
2998,2713,2
2999,1527,2
3000,2098,1
3001,639,2
3002,991,2
3003,2810,2
3004,842,2
3005,3006,2
3006,3101,2
3007,3871,5
3008,367,6
3009,586,3
3010,1221,2
3011,2280,2
3012,14,6
3013,2637,2
3014,1076,2
3015,2821,2
3016,3790,5
3017,651,3
3018,4370,4
3019,2676,2
3020,4180,5
3021,2610,4
3022,2726,2
3023,623,3
3024,44,6
3025,2252,2
3026,4380,5
3027,3440,4
3028,2110,2
3029,2042,2
3030,1620,2
3031,1517,2
3032,1823,2
3033,2391,2
3034,3057,4
3035,711,2
3036,2842,3
3037,2325,3
3038,2929,4
3039,1940,1
3040,2081,1
3041,1831,2
3042,54,6
3043,2776,2
3044,3002,2
3045,3603,5
3046,3903,5
3047,2718,2
3048,3416,2
3049,2405,3
3050,2206,2
3051,1838,1
3052,3247,2
3053,4286,5
3054,4314,5
3055,1687,1
3056,4686,5
3057,1834,2
3058,4340,5
3059,1772,1
3060,3101,2
3061,2287,2
3062,264,6
3063,40,6
3064,3313,2
3065,4253,4
3066,3374,2
3067,2345,2
3068,4471,4
3069,3440,4
3070,2581,4
3071,2581,4
3072,1856,2
3073,2602,2
3074,2130,2
3075,3432,2
3076,2590,2
3077,959,2
3078,2018,1
3079,1361,3
3080,2074,2
3081,1550,2
3082,747,2
3083,1528,2
3084,2430,2
3085,70,6
3086,4141,5
3087,1550,2
3088,2215,2
3089,651,3
3090,983,3
3091,3616,5
3092,2589,2
3093,4175,4
3094,3697,3
3095,4394,5
3096,1607,2
3097,2250,2
3098,2145,2
3099,2145,2
3100,2614,2
3101,2602,2
3102,4576,5
3103,3915,3
3104,614,3
3105,1506,2
3106,920,2
3107,553,2
3108,1505,2
3109,1505,2
3110,4195,5
3111,1403,2
3112,1817,2
3113,3434,2
3114,3272,2
3115,1816,2
3116,1027,2
3117,558,3
3118,4305,4
3119,1415,3
3120,3226,2
3121,4236,4
3122,27,6
3123,3930,5
3124,4075,5
3125,4653,5
3126,2379,3
3127,900,3
3128,1125,3
3129,4329,4
3130,2416,2
3131,2538,2
3132,36,6
3133,3365,2
3134,1600,3
3135,2963,3
3136,1586,2
3137,4324,4
3138,1325,3
3139,1092,3
3140,3867,3
3141,4425,5
3142,3764,2
3143,3989,5
3144,1834,2
3145,52,6
3146,3090,3
3147,1499,2
3148,707,2
3149,526,3
3150,1748,1
3151,4314,5
3152,4260,4
3153,63,6
3154,2638,4
3155,3727,5
3156,1571,2
3157,2607,2
3158,2602,2
3159,1312,3
3160,1586,2
3161,1455,3
3162,4700,5
3163,1574,2
3164,3202,3
3165,4080,5
3166,3778,5
3167,2412,2
3168,1854,2
3169,1862,2
3170,3482,2
3171,1103,3
3172,2230,3
3173,3043,4
3174,3164,4
3175,1453,2
3176,2604,2
3177,1732,1
3178,747,2
3179,1925,1
3180,4170,5
3181,728,2
3182,2280,2
3183,3651,5
3184,1373,3
3185,2538,2
3186,482,3
3187,3365,2
3188,4700,5
3189,4704,5
3190,2565,2
3191,3399,2
3192,3652,5
3193,4272,5
3194,1451,2
3195,3410,2
3196,2616,2
3197,1674,1
3198,2013,2
3199,2213,2
3200,2204,2
3201,1571,2
3202,1237,3
3203,2204,2
3204,2300,4
3205,2569,4
3206,2890,2
3207,388,6
3208,3404,2
3209,4335,5
3210,1659,3
3211,643,2
3212,677,3
3213,3575,5
3214,2559,2
3215,2897,2
3216,3575,5
3217,2285,2
3218,88,6
3219,1198,3
3220,1527,2
3221,3987,4
3222,643,2
3223,3893,3
3224,685,2
3225,2055,1
3226,2313,2
3227,1080,2
3228,2256,2
3229,1322,3
3230,2480,2
3231,795,2
3232,4311,5
3233,1582,2
3234,2263,2
3235,554,3
3236,1179,2
3237,752,2
3238,2416,2
3239,599,2
3240,24,6
3241,3297,4
3242,3272,2
3243,1812,2
3244,44,6
3245,2497,2
3246,1076,2
3247,1817,2
3248,3855,3
3249,4651,5
3250,2659,2
3251,579,2
3252,3810,3
3253,2505,2
3254,1835,2
3255,1310,3
3256,3067,2
3257,4211,5
3258,2288,2
3259,2089,3
3260,707,2
3261,4283,4
3262,2697,4
3263,2284,2
3264,1374,3
3265,3359,3
3266,4049,5
3267,4254,5
3268,3549,4
3269,2282,2
3270,2095,2
3271,729,3
3272,746,3
3273,4702,5
3274,1623,3
3275,2282,2
3276,808,3
3277,1282,3
3278,4369,5
3279,2929,4
3280,1565,3
3281,3652,5
3282,1979,1
3283,3219,4
3284,2599,2
3285,893,2
3286,4224,5
3287,2231,3
3288,1382,3
3289,2700,2
3290,46,6
3291,2348,2
3292,3210,4
3293,1882,1
3294,1136,2
3295,2295,2
3296,871,2
3297,755,3
3298,4420,4
3299,2411,4
3300,4704,5
3301,4700,5
3302,3727,5
3303,2019,1
3304,2144,2
3305,2652,2
3306,25,6
3307,1689,2
3308,2538,2
3309,2207,2
3310,3006,2
3311,1154,2
3312,1727,1
3313,1551,2
3314,2630,2
3315,2143,3
3316,340,6
3317,774,3
3318,1578,2
3319,2129,2
3320,808,3
3321,4273,5
3322,4254,5
3323,3804,2
3324,2616,2
3325,2699,2
3326,1893,1
3327,651,3
3328,2590,2
3329,612,2
3330,24,6
3331,1761,2
3332,4086,5
3333,3347,4
3334,2903,2
3335,311,6
3336,3382,2
3337,843,3
3338,395,3
3339,842,2
3340,925,2
3341,1679,1
3342,1658,2
3343,1527,2
3344,936,2
3345,3799,5
3346,1425,3
3347,2388,3
3348,4171,5
3349,3944,5
3350,1894,1
3351,2308,2
3352,746,3
3353,54,6
3354,2574,2
3355,2304,3
3356,22,6
3357,961,2
3358,1506,2
3359,1742,1
3360,2345,2
3361,253,6
3362,2500,2
3363,3272,2
3364,2287,2
3365,2375,3
3366,50,6
3367,825,3
3368,677,3
3369,720,2
3370,2590,2
3371,1691,1
3372,2607,2
3373,2260,2
3374,316,6
3375,935,3
3376,2259,2
3377,4019,5
3378,4174,4
3379,2415,2
3380,549,3
3381,1572,2
3382,4218,5
3383,2600,2
3384,1221,2
3385,2346,2
3386,1620,2
3387,1506,2
3388,2039,1
3389,3190,2
3390,2309,2
3391,4021,5
3392,4098,5
3393,4138,5
3394,2505,2
3395,2126,2
3396,2126,2
3397,3992,4
3398,2766,2
3399,4695,5
3400,4653,5
3401,2386,2
3402,27,6
3403,783,2
3404,1527,2
3405,2963,3
3406,1925,1
3407,793,2
3408,1578,2
3409,1924,1
3410,1927,1
3411,3414,4
3412,4260,4
3413,3144,2
3414,4329,4
3415,35,6
3416,2807,2
3417,3461,2
3418,2346,2
3419,2110,2
3420,4266,5
3421,3084,2
3422,2229,3
3423,570,3
3424,1714,1
3425,2874,3
3426,1707,1
3427,1730,1
3428,2412,2
3429,705,2
3430,33,6
3431,3350,2
3432,3029,2
3433,3142,2
3434,2766,2
3435,1594,2
3436,4425,5
3437,3310,2
3438,4385,5
3439,2630,2
3440,843,3
3441,2535,2
3442,2355,2
3443,768,2
3444,650,2
3445,1312,3
3446,2292,2
3447,2118,3
3448,1332,3
3449,2638,4
3450,2013,2
3451,22,6
3452,1782,3
3453,3199,4
3454,603,3
3455,1686,1
3456,435,3
3457,410,3
3458,384,3
3459,3839,5
3460,2511,2
3461,2903,2
3462,2129,2
3463,2908,4
3464,4700,5
3465,3542,4
3466,2562,2
3467,2553,3
3468,1636,1
3469,1608,2
3470,1854,2
3471,557,2
3472,1206,3
3473,4222,5
3474,1403,2
3475,1864,3
3476,2311,2
3477,2528,2
3478,1779,2
3479,3890,5
3480,2472,2
3481,46,6
3482,43,6
3483,27,6
3484,3164,4
3485,3986,5
3486,941,3
3487,3247,2
3488,1799,1
3489,1221,2
3490,4657,5
3491,1790,3
3492,603,3
3493,2694,2
3494,2762,2
3495,2765,2
3496,3208,2
3497,3192,4
3498,1018,2
3499,4385,5
3500,747,2
3501,3757,5
3502,1632,3
3503,2206,2
3504,1688,1
3505,1383,3
3506,3291,3
3507,3572,5
3508,4315,5
3509,45,6
3510,2612,2
3511,2703,3
3512,603,3
3513,1079,3
3514,1755,1
3515,4218,5
3516,2284,2
3517,2415,2
3518,1583,3
3519,4258,5
3520,677,3
3521,4018,5
3522,3347,4
3523,1816,2
3524,2577,2
3525,2665,2
3526,2976,3
3527,3512,3
3528,1797,1
3529,2810,2
3530,842,2
3531,1902,1
3532,812,3
3533,926,3
3534,2233,3
3535,2574,2
3536,783,2
3537,220,6
3538,43,6
3539,1551,2
3540,1510,3
3541,2422,2
3542,3751,5
3543,4211,5
3544,818,2
3545,4355,5
3546,570,3
3547,2757,2
3548,747,2
3549,1136,2
3550,752,2
3551,2348,2
3552,2129,2
3553,2689,2
3554,3246,2
3555,2958,4
3556,2450,2
3557,2774,4
3558,2260,2
3559,1518,2
3560,3520,2
3561,3520,2
3562,3366,2
3563,3867,3
3564,2658,2
3565,2329,2
3566,2346,2
3567,2252,2
3568,3465,2
3569,3537,2
3570,3886,5
3571,80,6
3572,737,2
3573,2352,2
3574,651,3
3575,1526,2
3576,1629,2
3577,2331,3
3578,4166,5
3579,33,6
3580,3954,3
3581,3602,2
3582,2476,2
3583,1946,1
3584,546,3
3585,4573,5
3586,2144,2
3587,3272,2
3588,1355,3
3589,4273,5
3590,2052,1
3591,584,2
3592,725,2
3593,2695,3
3594,748,2
3595,80,6
3596,1551,2
3597,1492,2
3598,4685,5
3599,2640,2
3600,3567,4
3601,1804,2
3602,1862,2
3603,1689,2
3604,2557,2
3605,1168,2
3606,3893,3
3607,2476,2
3608,2530,3
3609,4211,5
3610,1711,1
3611,651,3
3612,1540,3
3613,3511,4
3614,3082,4
3615,2450,2
3616,3646,3
3617,3366,2
3618,3366,2
3619,1446,3
3620,2277,2
3621,230,6
3622,983,3
3623,4286,5
3624,2282,2
3625,371,6
3626,747,2
3627,52,6
3628,3661,4
3629,2499,4
3630,525,3
3631,752,2
3632,589,2
3633,4407,5
3634,1551,2
3635,2352,2
3636,2277,2
3637,4657,5
3638,3780,5
3639,1817,2
3640,2110,2
3641,4698,5
3642,4052,5
3643,3872,5
3644,1578,2
3645,1658,2
3646,1204,3
3647,367,6
3648,261,6
3649,2635,2
3650,2890,2
3651,1950,1
3652,1601,2
3653,1962,1
3654,2968,3
3655,2968,3
3656,2794,2
3657,2794,2
3658,1453,2
3659,1499,2
3660,2402,2
3661,3272,2
3662,2204,2
3663,398,3
3664,278,6
3665,975,2
3666,4191,4
3667,1912,2
3668,2590,2
3669,2935,2
3670,768,2
3671,4274,5
3672,3365,2
3673,2159,2
3674,2761,2
3675,2776,2
3676,2547,2
3677,1813,2
3678,2655,2
3679,36,6
3680,941,3
3681,614,3
3682,654,3
3683,651,3
3684,720,2
3685,623,3
3686,1560,3
3687,3867,3
3688,3230,2
3689,367,6
3690,2252,2
3691,1627,3
3692,2499,4
3693,1807,2
3694,657,2
3695,1572,2
3696,2374,3
3697,1779,2
3698,369,3
3699,1857,2
3700,1574,2
3701,2251,2
3702,1884,3
3703,3953,5
3704,3349,2
3705,3334,4
3706,2769,4
3707,388,6
3708,2588,3
3709,2114,1
3710,1703,2
3711,2979,2
3712,3245,4
3713,2206,2
3714,32,6
3715,948,3
3716,4199,5
3717,4280,5
3718,875,2
3719,2206,2
3720,843,3
3721,2256,2
3722,4501,5
3723,3349,2
3724,1858,2
3725,1817,2
3726,576,3
3727,29,6
3728,677,3
3729,1458,2
3730,1453,2
3731,1751,2
3732,1555,2
3733,2268,4
3734,2268,4
3735,2323,4
3736,2408,4
3737,598,2
3738,546,3
3739,546,3
3740,529,3
3741,526,3
3742,471,3
3743,471,3
3744,471,3
3745,1278,2
3746,2124,2
3747,4386,5
3748,1431,2
3749,1451,2
3750,2120,2
3751,1932,2
3752,1816,2
3753,1820,2
3754,1820,2
3755,1629,2
3756,2452,2
3757,2402,2
3758,2412,2
3759,2412,2
3760,2412,2
3761,2414,2
3762,2414,2
3763,2402,2
3764,2415,2
3765,3160,2
3766,1119,2
3767,2048,3
3768,1678,3
3769,1371,3
3770,1415,3
3771,1411,3
3772,1524,3
3773,702,3
3774,702,3
3775,789,3
3776,849,3
3777,849,3
3778,862,3
3779,1153,2
3780,529,3
3781,1278,2
3782,4325,4
3783,4172,4
3784,4175,4
3785,4111,4
3786,984,7
3787,984,7
3788,2300,4
3789,2470,4
3790,2885,4
3791,3552,4
3792,3666,4
3793,2300,4
3794,2300,4
3795,2300,4
3796,2378,4
3797,2499,4
3798,2499,4
3799,2499,4
3800,2697,4
3801,2697,4
3802,2885,4
3803,3011,4
3804,3011,4
3805,3166,4
3806,3073,4
3807,3442,4
3808,3491,4
3809,4393,4
3810,4327,4
3811,4471,4
3812,4420,4
3813,4549,4
3814,4611,4
3815,4611,4
3816,3484,4
3817,3841,4
3818,3946,4
3819,4233,4
3820,4174,4
3821,4173,4
3822,4070,4
3823,3542,4
3824,3452,4
3825,3910,4
3826,4045,4
3827,3968,4
3828,3576,4
3829,3149,4
3830,3334,4
3831,3194,4
3832,3741,4
3833,49,6
3834,45,6
3835,55,6
3836,423,3
3837,17,6
3838,984,7
3839,17,6
3840,17,6
3841,4087,3
3842,4047,3
3843,3875,3
3844,4149,3
3845,4149,3
3846,925,2
3847,956,2
3848,1104,2
3849,1104,2
3850,1288,2
3851,3153,2
3852,3374,2
3853,2994,2
3854,3006,2
3855,2916,4
3856,3060,4
3857,3526,4
3858,2802,2
3859,717,2
3860,818,2
3861,766,2
3862,807,2
3863,744,2
3864,837,2
3865,837,2
3866,928,2
3867,851,2
3868,1069,2
3869,1027,2
3870,1027,2
3871,1074,2
3872,1074,2
3873,1101,2
3874,1005,2
3875,875,2
3876,844,2
3877,2145,2
3878,3955,3
3879,4136,3
3880,631,3
3881,664,3
3882,558,3
3883,771,3
3884,558,3
3885,558,3
3886,1411,3
3887,4010,4
3888,3917,4
3889,4302,4
3890,4701,5
3891,2416,2
3892,2476,2
3893,2479,2
3894,2479,2
3895,2476,2
3896,2878,2
3897,2990,2
3898,2878,2
3899,2990,2
3900,2990,2
3901,2878,2
3902,2878,2
3903,2990,2
3904,2776,2
3905,2776,2
3906,2776,2
3907,2776,2
3908,2776,2
3909,2776,2
3910,2776,2
3911,2903,2
3912,2903,2
3913,2903,2
3914,2903,2
3915,2903,2
3916,3867,3
3917,3920,3
3918,3920,3
3919,3954,3
3920,3954,3
3921,3566,3
3922,3566,3
3923,3566,3
3924,3444,3
3925,3444,3
3926,3411,3
3927,3444,3
3928,3444,3
3929,3027,4
3930,3189,4
3931,3189,4
3932,3268,4
3933,3567,4
3934,3250,4
3935,3059,4
3936,3550,4
3937,2518,4
3938,1555,2
3939,3460,3
3940,3849,3
3941,3750,3
3942,3598,3
3943,3722,3
3944,3441,3
3945,3441,3
3946,3441,3
3947,3441,3
3948,3460,3
3949,3722,3
3950,3598,3
3951,3475,3
3952,3625,3
3953,3475,3
3954,3688,5
3955,3411,3
3956,3411,3
3957,3237,3
3958,3286,3
3959,3286,3
3960,3495,3
3961,3492,3
3962,3377,3
3963,3420,3
3964,3420,3
3965,3420,3
3966,3286,3
3967,3263,3
3968,3202,3
3969,3110,3
3970,3031,3
3971,3171,3
3972,3171,3
3973,3320,3
3974,3152,3
3975,3171,3
3976,3560,3
3977,3040,3
3978,3040,3
3979,2179,3
3980,2179,3
3981,2930,3
3982,2963,3
3983,3075,3
3984,3131,3
3985,3131,3
3986,3051,3
3987,2951,3
3988,2963,3
3989,2785,3
3990,2790,3
3991,2874,3
3992,2874,3
3993,2773,3
3994,2773,3
3995,2773,3
3996,2773,3
3997,2773,3
3998,2773,3
3999,851,2
4000,851,2
4001,851,2
4002,851,2
4003,563,2
4004,563,2
4005,572,2
4006,572,2
4007,572,2
4008,572,2
4009,572,2
4010,613,2
4011,610,2
4012,633,2
4013,636,2
4014,670,2
4015,612,2
4016,612,2
4017,707,2
4018,879,2
4019,969,2
4020,969,2
4021,1076,2
4022,1221,2
4023,795,2
4024,795,2
4025,795,2
4026,1076,2
4027,982,2
4028,828,2
4029,828,2
4030,474,3
4031,3513,2
4032,3461,2
4033,3461,2
4034,3416,2
4035,3416,2
4036,3416,2
4037,3465,2
4038,3465,2
4039,3360,2
4040,3360,2
4041,3487,2
4042,3487,2
4043,3487,2
4044,3257,2
4045,3410,2
4046,2757,2
4047,2757,2
4048,2757,2
4049,2686,2
4050,2649,2
4051,2649,2
4052,2649,2
4053,2601,2
4054,2637,2
4055,2979,2
4056,2979,2
4057,3522,4
4058,4526,5
4059,4065,5
4060,4139,5
4061,3980,5
4062,3621,5
4063,3570,5
4064,3788,5
4065,3796,5
4066,3573,5
4067,3573,5
4068,3638,5
4069,3676,5
4070,2265,2
4071,2265,2
4072,2265,2
4073,2208,2
4074,2208,2
4075,2155,2
4076,2271,2
4077,2271,2
4078,2271,2
4079,2479,2
4080,2541,2
4081,2765,2
4082,2765,2
4083,2765,2
4084,2602,2
4085,547,3
4086,640,3
4087,640,3
4088,640,3
4089,872,3
4090,872,3
4091,1120,3
4092,1012,3
4093,665,3
4094,771,3
4095,771,3
4096,772,3
4097,771,3
4098,840,3
4099,862,3
4100,813,3
4101,862,3
4102,1048,3
4103,3794,3
4104,482,3
4105,482,3
4106,533,3
4107,541,3
4108,482,3
4109,471,3
4110,533,3
4111,533,3
4112,499,3
4113,690,3
4114,813,3
4115,813,3
4116,2430,2
4117,2482,2
4118,2466,2
4119,2262,2
4120,2165,2
4121,2064,2
4122,4149,3
4123,4295,3
4124,4295,3
4125,4295,3
4126,3955,3
4127,3997,3
4128,3997,3
4129,3997,3
4130,3955,3
4131,3955,3
4132,3889,3
4133,4084,3
4134,3889,3
4135,3760,3
4136,3997,3
4137,3997,3
4138,4136,3
4139,4161,3
4140,4161,3
4141,3889,3
4142,3889,3
4143,3889,3
4144,2225,3
4145,2333,3
4146,2102,3
4147,2225,3
4148,2291,3
4149,2464,3
4150,2464,3
4151,2464,3
4152,2483,3
4153,2444,3
4154,2483,3
4155,2483,3
4156,878,3
4157,765,3
4158,823,3
4159,823,3
4160,692,3
4161,692,3
4162,765,3
4163,990,3
4164,764,3
4165,889,3
4166,638,2
4167,2165,2
4168,1657,1
4169,1651,1
4170,1630,1
4171,1611,1
4172,1827,1
4173,1950,1
4174,2050,1
4175,1879,2
4176,1766,2
4177,2067,2
4178,2513,2
4179,2430,2
4180,2372,2
4181,2372,2
4182,2120,2
4183,2120,2
4184,2215,2
4185,2263,2
4186,2263,2
4187,2262,2
4188,2263,2
4189,2263,2
4190,2351,2
4191,2389,2
4192,2391,2
4193,2391,2
4194,2391,2
4195,2391,2
4196,2391,2
4197,2389,2
4198,1916,1
4199,2026,2
4200,2210,2
4201,2210,2
4202,2130,2
4203,2144,2
4204,2199,2
4205,2247,2
4206,2327,2
4207,2496,2
4208,2570,2
4209,2641,2
4210,2726,2
4211,2797,2
4212,2733,2
4213,2711,2
4214,2820,2
4215,2820,2
4216,2869,2
4217,3154,2
4218,15,6
4219,398,3
4220,398,3
4221,375,3
4222,392,3
4223,400,3
4224,385,3
4225,423,3
4226,401,3
4227,343,3
4228,343,3
4229,343,3
4230,386,3
4231,400,3
4232,343,3
4233,570,3
4234,357,3
4235,392,3
4236,3928,3
4237,1274,3
4238,1373,3
4239,3928,3
4240,3833,3
4241,1433,3
4242,1455,3
4243,1411,3
4244,1423,3
4245,2526,3
4246,2526,3
4247,2526,3
4248,3118,3
4249,2946,3
4250,2946,3
4251,2788,3
4252,2874,3
4253,2703,3
4254,2703,3
4255,1934,3
4256,1230,3
4257,1368,3
4258,1266,3
4259,1266,3
4260,1300,3
4261,1442,3
4262,1371,3
4263,1405,3
4264,1498,3
4265,1498,3
4266,1498,3
4267,1544,3
4268,1561,3
4269,1569,3
4270,1623,3
4271,1549,3
4272,1465,3
4273,1361,3
4274,1310,3
4275,1310,3
4276,811,3
4277,3026,2
4278,3725,2
4279,3785,2
4280,3618,2
4281,3413,2
4282,3230,2
4283,3072,2
4284,2353,2
4285,2414,2
4286,2662,2
4287,2332,3
4288,2322,3
4289,3928,3
4290,3928,3
4291,2599,2
4292,2645,2
4293,2900,2
4294,2907,2
4295,2742,2
4296,2635,2
4297,2635,2
4298,1626,2
4299,1602,2
4300,1607,2
4301,1607,2
4302,1607,2
4303,1502,2
4304,1470,2
4305,818,2
4306,977,2
4307,1024,2
4308,1348,2
4309,1348,2
4310,1348,2
4311,1348,2
4312,1472,2
4313,1133,2
4314,1250,2
4315,1119,2
4316,1281,2
4317,4254,5
4318,4046,5
4319,4382,5
4320,4357,5
4321,4152,5
4322,4152,5
4323,4220,5
4324,4271,5
4325,4220,5
4326,4152,5
4327,4199,5
4328,3996,5
4329,4001,5
4330,4049,5
4331,4089,5
4332,4332,5
4333,4206,5
4334,4206,5
4335,4280,5
4336,3963,5
4337,3963,5
4338,4089,5
4339,4374,5
4340,4280,5
4341,4112,5
4342,4177,5
4343,4152,5
4344,4449,5
4345,2640,2
4346,2768,2
4347,2764,2
4348,2768,2
4349,2766,2
4350,2764,2
4351,2762,2
4352,2764,2
4353,1494,3
4354,1513,3
4355,1545,3
4356,1600,3
4357,3919,3
4358,3919,3
4359,3919,3
4360,4084,3
4361,3943,3
4362,3664,3
4363,4620,5
4364,4653,5
4365,1494,3
4366,1617,3
4367,1583,3
4368,1175,3
4369,618,3
4370,618,3
4371,618,3
4372,618,3
4373,618,3
4374,618,3
4375,618,3
4376,618,3
4377,618,3
4378,618,3
4379,618,3
4380,618,3
4381,618,3
4382,617,3
4383,617,3
4384,617,3
4385,603,3
4386,603,3
4387,1023,3
4388,1023,3
4389,774,3
4390,469,3
4391,469,3
4392,962,3
4393,809,3
4394,814,3
4395,1495,3
4396,1958,3
4397,1824,3
4398,3700,2
4399,2530,3
4400,2230,3
4401,2887,3
4402,2230,3
4403,2375,3
4404,2230,3
4405,2392,3
4406,2392,3
4407,3700,2
4408,3700,2
4409,3503,2
4410,3503,2
4411,3432,2
4412,3571,2
4413,3490,2
4414,3307,2
4415,3348,2
4416,3067,2
4417,3349,2
4418,3869,5
4419,966,3
4420,916,3
4421,3404,2
4422,3696,2
4423,3634,2
4424,3764,2
4425,3764,2
4426,3807,2
4427,3807,2
4428,3807,2
4429,3854,2
4430,3908,2
4431,3901,2
4432,3901,2
4433,3892,2
4434,2566,3
4435,2566,3
4436,2573,3
4437,2566,3
4438,2566,3
4439,2566,3
4440,2696,3
4441,2392,3
4442,2181,3
4443,3102,3
4444,3007,3
4445,3007,3
4446,2858,3
4447,3105,3
4448,3783,5
4449,3806,5
4450,3144,2
4451,3411,3
4452,2784,2
4453,3868,5
4454,3783,5
4455,2993,3
4456,3105,3
4457,3195,3
4458,2997,3
4459,3090,3
4460,1910,3
4461,1910,3
4462,1824,3
4463,1824,3
4464,3821,5
4465,3752,5
4466,3709,5
4467,3496,2
4468,3120,2
4469,3010,2
4470,3253,2
4471,3355,2
4472,2934,2
4473,1545,3
4474,2545,3
4475,2683,3
4476,2974,3
4477,2849,3
4478,2683,3
4479,2896,3
4480,2974,3
4481,2974,3
4482,2843,3
4483,2911,3
4484,2911,3
4485,2758,3
4486,2758,3
4487,2911,3
4488,1510,3
4489,1510,3
4490,1468,3
4491,1600,3
4492,3180,2
4493,3180,2
4494,3190,2
4495,3203,2
4496,3284,2
4497,3720,5
4498,3671,5
4499,3603,5
4500,3603,5
4501,3728,5
4502,3940,5
4503,3891,5
4504,3890,5
4505,3989,5
4506,3986,5
4507,3986,5
4508,4180,5
4509,3944,5
4510,3931,5
4511,3931,5
4512,3931,5
4513,3975,5
4514,3973,5
4515,3973,5
4516,3933,5
4517,4079,5
4518,4057,5
4519,4080,5
4520,1395,3
4521,1322,3
4522,827,3
4523,931,3
4524,931,3
4525,1009,3
4526,1009,3
4527,1082,3
4528,1082,3
4529,1170,3
4530,1185,3
4531,1283,3
4532,1093,3
4533,1031,3
4534,1187,3
4535,1157,3
4536,2862,3
4537,3021,3
4538,3021,3
4539,1038,3
4540,1204,3
4541,1204,3
4542,1351,3
4543,1351,3
4544,4019,5
4545,4110,5
4546,4104,5
4547,4115,5
4548,4133,5
4549,4138,5
4550,4146,5
4551,4194,5
4552,4102,5
4553,4067,5
4554,4081,5
4555,3755,5
4556,3956,5
4557,3888,5
4558,3888,5
4559,3977,5
4560,4019,5
4561,2136,3
4562,2304,3
4563,2405,3
4564,2671,3
4565,2532,3
4566,2615,3
4567,2615,3
4568,1008,3
4569,1106,3
4570,4194,5
4571,4267,5
4572,4279,5
4573,4289,5
4574,4282,5
4575,4252,5
4576,4252,5
4577,4339,5
4578,4376,5
4579,4550,4
4580,3870,5
4581,3829,5
4582,3829,5
4583,3216,2
4584,2134,2
4585,4135,5
4586,4042,5
4587,4224,5
4588,1012,3
4589,1071,3
4590,1146,3
4591,1173,3
4592,1299,3
4593,1495,3
4594,1530,3
4595,1495,3
4596,1351,3
4597,1955,3
4598,1955,3
4599,1865,3
4600,1865,3
4601,2031,3
4602,2460,3
4603,2460,3
4604,2393,3
4605,2546,3
4606,2546,3
4607,2546,3
4608,2545,3
4609,2274,3
4610,4310,5
4611,4409,5
4612,4476,5
4613,4312,5
4614,4350,5
4615,4335,5
4616,4356,5
4617,4336,5
4618,4336,5
4619,4608,5
4620,4369,5
4621,1819,1
4622,1951,3
4623,2170,3
4624,2170,3
4625,2494,3
4626,2445,3
4627,2123,3
4628,1956,3
4629,1956,3
4630,1736,3
4631,1736,3
4632,1917,3
4633,1547,3
4634,1379,3
4635,2239,3
4636,2239,3
4637,2310,3
4638,2188,3
4639,2307,3
4640,1585,3
4641,1585,3
4642,1913,3
4643,1913,3
4644,2320,3
4645,2234,3
4646,2234,3
4647,2234,3
4648,2373,3
4649,2373,3
4650,2016,3
4651,1789,3
4652,1563,3
4653,1563,3
4654,1540,3
4655,1383,3
4656,1293,3
4657,1293,3
4658,1282,3
4659,2337,3
4660,2261,3
4661,2448,3
4662,2016,3
4663,2062,3
4664,2084,3
4665,2084,3
4666,1988,3
4667,1801,3
4668,1801,3
4669,1995,3
4670,2212,3
4671,2157,3
4672,2157,3
4673,2100,3
4674,1832,3
4675,1590,3
4676,1590,3
4677,1590,3
4678,1590,3
4679,1525,3
4680,1459,3
4681,1565,3
4682,2102,3
4683,2244,3
4684,2244,3
4685,2283,3
4686,2330,3
4687,2370,3
4688,2617,3
4689,2695,3
4690,2720,3
4691,2556,3
4692,2556,3
4693,2556,3
4694,2539,3
4695,2745,3
4696,2964,3
4697,2744,3
4698,2587,3
4699,3095,3
4700,2839,3
4701,3095,3
4702,3095,3
4703,3354,3
4704,3274,3
4705,3041,3
4706,3138,3
4707,2540,3
4708,2663,3
4709,2631,3
4710,2663,3
4711,2747,3
4712,2840,3
4713,2487,3
4714,2914,3
4715,3015,3
4716,3544,3
4717,3480,3
4718,3439,3
4719,3439,3
4720,3421,3
4721,3225,3
4722,3225,3
4723,3315,3
4724,14,6
4725,2220,3
4726,2220,3
4727,2164,3
4728,2164,3
4729,2232,3
4730,2246,3
4731,2246,3
4732,2258,3
4733,2362,3
4734,1699,3
4735,1606,3
4736,1538,3
4737,1538,3
4738,1523,3
4739,1252,3
4740,1113,3
4741,3015,3
4742,3156,3
4743,3248,3
4744,3308,3
4745,3308,3
4746,3248,3
4747,3109,3
4748,3109,3
4749,3423,3
4750,2926,3
4751,2998,3
4752,2822,3
4753,2822,3
4754,2822,3
4755,2728,3
4756,2740,3
4757,2991,3
4758,3124,3
4759,3228,3
4760,3291,3
4761,2967,3
4762,3129,3
4763,3266,3
4764,3129,3
4765,3266,3
4766,3109,3
4767,3249,3
4768,3104,3
4769,3336,3
4770,3332,3
4771,3352,3
4772,3352,3
4773,3352,3
4774,3488,3
4775,3488,3
4776,3285,3
4777,3258,3
4778,3162,3
4779,3212,3
4780,3303,3
4781,3162,3
4782,3233,3
4783,3390,3
4784,3480,3
4785,1103,3
4786,1332,3
4787,1439,3
4788,1195,3
4789,3391,3
4790,3517,3
4791,3517,3
4792,3497,3
4793,3541,3
4794,3497,3
4795,3408,3
4796,3287,3
4797,3302,3
4798,3408,3
4799,3587,3
4800,3578,3
4801,3376,3
4802,3767,3
4803,3285,3
4804,3604,3
4805,3701,3
4806,3744,3
4807,3656,3
4808,3673,3
4809,3697,3
4810,3435,3
4811,3403,3
4812,3554,3
4813,3805,3
4814,3805,3
4815,3805,3
4816,3943,3
4817,3943,3
4818,3943,3
4819,3943,3
4820,3943,3
4821,3648,3
4822,3648,3
4823,3648,3
4824,3534,3
4825,3590,3
4826,3459,3
4827,3459,3
4828,3613,3
4829,3679,3
4830,3797,3
4831,3845,3
4832,3731,3
4833,3760,3
4834,3359,3
4835,3359,3
4836,3468,3
4837,3514,3
4838,3748,3
4839,3646,3
4840,3512,3
4841,3514,3
4842,3766,3
4843,2464,3
4844,2467,3
4845,2303,3
4846,1971,3
4847,1971,3
4848,1971,3
4849,1832,3
4850,2171,3
4851,2090,3
4852,1905,3
4853,1905,3
4854,1784,3
4855,1759,3
4856,1759,3
4857,1450,3
4858,1524,3
4859,1524,3
4860,1404,3
4861,1404,3
4862,1512,3
4863,1560,3
4864,978,3
4865,978,3
4866,4046,7
4867,4046,7
4868,3828,7
4869,3995,7
4870,429,6
4871,429,6
4872,429,6
4873,440,6
4874,429,6
4875,429,6
4876,440,6
4877,521,6
4878,422,6
4879,323,6
4880,316,6
4881,316,6
4882,316,6
4883,281,6
4884,311,6
4885,311,6
4886,311,6
4887,311,6
4888,310,6
4889,310,6
4890,310,6
4891,310,6
4892,240,6
4893,2477,2
4894,3788,5
4895,2789,2
4896,707,2
4897,1025,2
4898,2448,3
4899,2502,2
4900,2113,2
4901,3263,3
4902,3576,4
4903,4196,5
4904,73,6
4905,1320,2
4906,561,3
4907,4252,5
4908,3138,3
4909,2504,2
4910,1562,2
4911,4517,5
4912,3164,4
4913,3144,2
4914,3603,5
4915,1403,2
4916,652,2
4917,614,3
4918,3294,4
4919,4298,5
4920,3787,5
4921,2487,3
4922,4024,5
4923,1874,1
4924,1136,2
4925,1914,3
4926,3886,5
4927,2333,3
4928,3496,2
4929,1381,2
4930,2534,2
4931,2415,2
4932,3468,3
4933,3607,4
4934,3599,4
4935,2330,3
4936,2123,3
4937,2474,4
4938,3701,3
4939,3548,4
4940,2260,2
4941,4240,5
4942,3822,4
4943,4198,5
4944,3334,4
4945,3328,3
4946,3066,2
4947,2422,2
4948,1558,3
4949,2160,3
4950,2713,2
4951,3681,5
4952,2945,2
4953,1721,2
4954,2652,2
4955,3731,3
4956,3767,3
4957,1016,3
4958,3124,3
4959,3432,2
4960,3425,2
4961,2410,2
4962,52,6
4963,2534,2
4964,2721,4
4965,3614,3
4966,1586,2
4967,3550,4
4968,73,6
4969,2153,3
4970,4046,7
4971,2199,2
4972,2013,2
4973,2471,4
4974,2699,2
4975,1959,3
4976,2135,2
4977,3518,4
4978,2300,4
4979,1039,3
4980,3213,3
4981,553,2
4982,4024,5
4983,4280,5
4984,4098,5
4985,3872,5
4986,3485,4
4987,4040,5
4988,4000,5
4989,2717,4
4990,2399,2
4991,3345,2
4992,3438,4
4993,1179,2
4994,3026,2
4995,3402,4
4996,2444,3
4997,2526,3
4998,4071,4
4999,3575,5
5000,3876,4
5001,2260,2
5002,557,2
5003,3611,2
5004,2448,3
5005,2694,2
5006,3241,4
5007,3299,3
5008,3067,2
5009,3748,3
5010,4275,5
5011,1142,3
5012,3439,3
5013,3167,3
5014,3821,5
5015,4138,5
5016,2480,2
5017,935,3
5018,1715,3
5019,3753,4
5020,2908,4
5021,2100,3
5022,3065,4
5023,4149,3
5024,1277,2
5025,4141,5
5026,2157,3
5027,3292,3
5028,3626,4
5029,1159,2
5030,2215,2
5031,2450,2
5032,1987,2
5033,24,6
5034,1108,3
5035,2566,3
5036,4285,5
5037,3799,5
5038,2981,2
5039,2505,2
5040,695,3
5041,3132,2
5042,4608,5
5043,2783,4
5044,3402,4
5045,4204,5
5046,390,3
5047,2655,2
5048,3575,5
5049,1544,3
5050,3701,3
5051,4079,5
5052,2399,2
5053,2611,4
5054,1086,3
5055,2903,2
5056,3748,3
5057,680,3
5058,4156,5
5059,356,3
5060,3933,5
5061,1650,3
5062,2550,3
5063,2821,2
5064,4202,5
5065,852,2
5066,466,3
5067,1179,2
5068,2479,2
5069,2669,2
5070,1320,2
5071,2688,3
5072,1417,2
5073,2762,2
5074,989,2
5075,2916,4
5076,3930,5
5077,3766,3
5078,3735,5
5079,2564,4
5080,2584,2
5081,2182,3
5082,316,6
5083,1187,3
5084,2404,2
5085,1038,3
5086,1439,3
5087,1606,3
5088,518,3
5089,916,3
5090,3549,4
5091,2466,2
5092,4070,4
5093,2834,4
5094,3797,3
5095,3154,2
5096,356,3
5097,3737,5
5098,890,3
5099,3164,4
5100,3839,5
5101,686,3
5102,3174,3
5103,3270,4
5104,4457,5
5105,4047,7
5106,1574,2
5107,2982,4
5108,4252,5
5109,3268,4
5110,1395,3
5111,140,6
5112,3604,3
5113,1385,2
5114,3975,5
5115,4391,5
5116,1403,2
5117,2225,3
5118,3572,5
5119,3495,3
5120,3006,2
5121,3404,2
5122,245,6
5123,4221,4
5124,4189,4
5125,3926,5
5126,1932,2
5127,4404,5
5128,1987,2
5129,3861,2
5130,2349,2
5131,3841,4
5132,1607,2
5133,25,6
5134,4239,4
5135,3324,2
5136,3034,2
5137,4031,4
5138,3610,2
5139,4046,7
5140,1448,2
5141,1559,3
5142,1512,3
5143,1806,2
5144,3230,2
5145,1308,3
5146,3571,2
5147,3643,2
5148,3522,4
5149,39,6
5150,3212,3
5151,4484,5
5152,948,3
5153,3406,4
5154,4364,5
5155,4141,5
5156,3530,3
5157,3568,4
5158,1938,1
5159,1920,1
5160,2750,2
5161,4393,4
5162,3712,2
5163,892,3
5164,2858,3
5165,4146,5
5166,3839,5
5167,570,3
5168,4425,5
5169,4385,5
5170,3804,2
5171,3216,2
5172,2912,4
5173,2389,2
5174,1322,3
5175,3901,2
5176,3863,5
5177,1403,2
5178,4299,4
5179,3075,3
5180,2969,3
5181,2627,2
5182,4219,5
5183,3475,3
5184,3544,3
5185,2860,2
5186,3160,2
5187,4339,5
5188,385,3
5189,851,2
5190,1019,3
5191,1388,3
5192,1740,1
5193,733,2
5194,3748,3
5195,2904,2
5196,4008,5
5197,4079,5
5198,3149,4
5199,3610,2
5200,2852,4
5201,2806,4
5202,3157,4
5203,2762,2
5204,764,3
5205,2587,3
5206,4010,4
5207,1512,3
5208,2437,3
5209,3920,3
5210,3698,2
5211,3040,3
5212,4217,5
5213,3804,2
5214,3341,2
5215,4429,5
5216,4329,4
5217,367,6
5218,2637,2
5219,2416,2
5220,3604,3
5221,1363,3
5222,3552,4
5223,3536,3
5224,3552,4
5225,2178,2
5226,2519,4
5227,4092,5
5228,1461,3
5229,2604,2
5230,3838,5
5231,4058,5
5232,4112,5
5233,2124,2
5234,3429,3
5235,941,3
5236,4563,5
5237,1628,2
5238,2135,2
5239,3219,4
5240,3253,2
5241,3019,2
5242,510,3
5243,1913,3
5244,52,6
5245,1648,1
5246,3785,2
5247,443,6
5248,2165,2
5249,4138,5
5250,2391,2
5251,3621,5
5252,3845,3
5253,3695,4
5254,1322,3
5255,3612,4
5256,1359,3
5257,3229,2
5258,4376,5
5259,2089,3
5260,4157,5
5261,2917,4
5262,3995,7
5263,2513,2
5264,3514,3
5265,3766,3
5266,4369,5
5267,2062,3
5268,3379,3
5269,4160,5
5270,1553,3
5271,3661,4
5272,1359,3
5273,2439,3
5274,1586,2
5275,80,6
5276,943,2
5277,2885,4
5278,3220,2
5279,2320,3
5280,3048,4
5281,3895,5
5282,70,6
5283,1917,3
5284,4178,4
5285,3278,4
5286,1391,2
5287,1737,2
5288,2059,1
5289,1450,3
5290,3550,4
5291,1082,3
5292,4587,5
5293,4176,4
5294,3606,3
5295,3747,4
5296,2502,2
5297,2612,2
5298,1904,3
5299,3988,5
5300,3441,3
5301,2844,4
5302,3863,5
5303,1610,1
5304,3284,2
5305,4069,5
5306,2545,3
5307,1376,2
5308,2820,2
5309,1445,3
5310,3737,5
5311,2749,2
5312,2334,3
5313,64,6
5314,3049,2
5315,2555,3
5316,3646,3
5317,4496,5
5318,2470,4
5319,3245,4
5320,2776,2
5321,4171,5
5322,852,2
5323,1790,3
5324,4173,4
5325,323,6
5326,2533,2
5327,1413,3
5328,4326,5
5329,2283,3
5330,3050,2
5331,3349,2
5332,3485,4
5333,2547,2
5334,1637,2
5335,654,3
5336,2832,3
5337,1508,2
5338,2861,2
5339,2555,3
5340,1915,3
5341,2013,2
5342,1933,2
5343,1255,3
5344,510,3
5345,107,6
5346,2359,2
5347,3513,2
5348,981,3
5349,1512,3
5350,3117,4
5351,2086,2
5352,4137,4
5353,69,6
5354,2100,3
5355,4209,5
5356,2067,2
5357,553,2
5358,24,6
5359,948,3
5360,1700,2
5361,3705,2
5362,3645,5
5363,3138,3
5364,2552,2
5365,3749,5
5366,2546,3
5367,3992,4
5368,2169,2
5369,1455,3
5370,4102,5
5371,1597,3
5372,3560,3
5373,2548,3
5374,2101,3
5375,2730,2
5376,4071,4
5377,2419,2
5378,2123,3
5379,2682,4
5380,3645,5
5381,2559,2
5382,4086,5
5383,4013,4
5384,2841,2
5385,1009,3
5386,2506,3
5387,3744,3
5388,3711,5
5389,2640,2
5390,439,3
5391,1495,3
5392,4280,5
5393,959,2
5394,3495,3
5395,3550,4
5396,3263,3
5397,2253,2
5398,400,3
5399,2508,2
5400,2816,2
5401,3643,2
5402,3034,2
5403,3605,2
5404,4471,4
5405,482,3
5406,3245,4
5407,3626,4
5408,3458,4
5409,2974,3
5410,4476,5
5411,3406,4
5412,3764,2
5413,3611,2
5414,3894,4
5415,3446,2
5416,2761,2
5417,2612,2
5418,2439,3
5419,2103,3
5420,533,3
5421,3815,4
5422,2995,3
5423,2123,3
5424,21,6
5425,2857,2
5426,4296,5
5427,3868,5
5428,3043,4
5429,2396,3
5430,3904,5
5431,4510,5
5432,2572,2
5433,1626,2
5434,3085,4
5435,2271,2
5436,2721,4
5437,2695,3
5438,2303,3
5439,2467,3
5440,1023,3
5441,4284,5
5442,3586,5
5443,3983,5
5444,3830,5
5445,1328,3
5446,4389,5
5447,2470,4
5448,2246,3
5449,2860,2
5450,4023,5
5451,3972,5
5452,4339,5
5453,4265,5
5454,851,2
5455,3898,5
5456,75,6
5457,3257,2
5458,1102,3
5459,2426,2
5460,2480,2
5461,2856,2
5462,3725,2
5463,2290,3
5464,2445,3
5465,2875,2
5466,2735,2
5467,3520,2
5468,3401,4
5469,2159,2
5470,3942,4
5471,3120,2
5472,3073,4
5473,2375,3
5474,2552,2
5475,2655,2
5476,3731,3
5477,3473,3
5478,1332,3
5479,3974,4
5480,2548,3
5481,3496,2
5482,2164,3
5483,1751,2
5484,3633,3
5485,2133,2
5486,3303,3
5487,1185,3
5488,3011,4
5489,4240,5
5490,603,3
5491,477,6
5492,3598,3
5493,1805,1
5494,2000,2
5495,1949,2
5496,774,3
5497,4235,5
5498,3871,5
5499,3528,4
5500,1411,3
5501,4229,5
5502,4023,5
5503,1814,2
5504,2818,2
5505,4220,5
5506,2947,4
5507,2047,3
5508,2855,4
5509,1677,2
5510,65,6
5511,3928,3
5512,2671,3
5513,2379,3
5514,3404,2
5515,49,6
5516,3443,3
5517,3902,4
5518,4068,5
5519,4246,4
5520,3230,2
5521,2466,2
5522,3670,4
5523,3743,5
5524,365,3
5525,1237,3
5526,3425,2
5527,809,3
5528,2154,2
5529,557,2
5530,2502,2
5531,4120,4
5532,4468,4
5533,2797,2
5534,2844,4
5535,3190,2
5536,52,6
5537,2854,2
5538,519,3
5539,3646,3
5540,2593,3
5541,4544,5
5542,1405,3
5543,3869,5
5544,2768,2
5545,3423,3
5546,4090,4
5547,2599,2
5548,1072,3
5549,2743,2
5550,2660,2
5551,4470,5
5552,4350,5
5553,4313,5
5554,34,6
5555,1347,3
5556,1278,2
5557,694,3
5558,3876,4
5559,3592,2
5560,3571,2
5561,841,3
5562,3644,4
5563,4058,5
5564,3900,4
5565,1701,2
5566,2979,2
5567,2893,2
5568,3635,5
5569,3591,4
5570,4035,5
5571,4318,5
5572,1165,3
5573,55,6
5574,2169,2
5575,4492,5
5576,3310,2
5577,343,3
5578,323,6
5579,3574,5
5580,2215,2
5581,1376,2
5582,3054,4
5583,1677,2
5584,3473,3
5585,3209,3
5586,3459,3
5587,4291,4
5588,4175,4
5589,3330,3
5590,1889,3
5591,4217,5
5592,2645,2
5593,443,6
5594,2766,2
5595,2031,3
5596,4370,4
5597,2337,3
5598,4501,5
5599,1149,3
5600,2477,2
5601,2907,2
5602,643,2
5603,3626,4
5604,2797,2
5605,3618,2
5606,2972,2
5607,3065,4
5608,3259,2
5609,3669,5
5610,3446,2
5611,378,3
5612,435,3
5613,1252,3
5614,807,2
5615,2112,1
5616,77,6
5617,2843,3
5618,4101,7
5619,1610,1
5620,3679,3
5621,3392,4
5622,95,6
5623,2170,3
5624,1280,3
5625,1996,1
5626,1049,3
5627,4305,4
5628,4065,5
5629,1760,2
5630,4199,5
5631,4106,5
5632,4060,4
5633,2123,3
5634,2128,3
5635,3241,4
5636,3996,5
5637,4151,5
5638,2230,3
5639,3446,2
5640,4050,5
5641,2645,2
5642,3512,3
5643,4280,5
5644,4178,4
5645,3223,4
5646,3204,4
5647,3676,5
5648,74,6
5649,2502,2
5650,3697,3
5651,4676,5
5652,400,3
5653,3969,5
5654,1119,2
5655,3226,2
5656,2345,2
5657,4240,5
5658,4340,5
5659,4353,5
5660,3529,5
5661,3945,5
5662,3089,4
5663,3136,2
5664,3431,4
5665,706,3
5666,3572,5
5667,1391,2
5668,2422,2
5669,3714,5
5670,2309,2
5671,3106,2
5672,4371,4
5673,4206,5
5674,1031,3
5675,4073,5
5676,1623,3
5677,2926,3
5678,73,6
5679,2538,2
5680,1441,3
5681,1594,2
5682,898,3
5683,1518,2
5684,3522,4
5685,4432,4
5686,3060,4
5687,4133,5
5688,2742,2
5689,4049,5
5690,3703,2
5691,138,6
5692,2258,3
5693,71,7
5694,1297,3
5695,4202,5
5696,1442,3
5697,4201,5
5698,1458,2
5699,3863,5
5700,4103,5
5701,3592,2
5702,13,6
5703,2769,4
5704,1379,3
5705,3662,5
5706,4121,4
5707,4174,4
5708,4133,5
5709,4195,5
5710,1704,2
5711,3799,5
5712,4293,5
5713,3787,5
5714,3090,3
5715,4360,4
5716,954,3
5717,4079,5
5718,2124,2
5719,1789,3
5720,2504,2
5721,1502,2
5722,1272,3
5723,3281,4
5724,2497,2
5725,3901,2
5726,3722,3
5727,2832,3
5728,2974,3
5729,1207,3
5730,1840,3
5731,3290,3
5732,2979,2
5733,2330,3
5734,2418,2
5735,1240,3
5736,1992,1
5737,3394,4
5738,3036,2
5739,4373,4
5740,1196,3
5741,1195,3
5742,3421,3
5743,3165,2
5744,32,6
5745,1917,3
5746,2862,3
5747,1433,3
5748,3984,5
5749,1915,3
5750,1381,2
5751,41,6
5752,2517,4
5753,2744,3
5754,2300,4
5755,3586,5
5756,57,6
5757,2564,4
5758,3429,3
5759,1221,2
5760,1521,2
5761,1539,2
5762,3591,4
5763,3705,2
5764,840,3
5765,22,6
5766,3664,3
5767,1349,3
5768,1632,3
5769,2243,2
5770,1208,3
5771,4354,4
5772,3735,5
5773,3410,2
5774,3252,3
5775,3841,4
5776,4558,4
5777,144,6
5778,2835,2
5779,2151,2
5780,1290,3
5781,2885,4
5782,1180,3
5783,991,2
5784,2993,3
5785,3815,4
5786,1347,3
5787,2375,3
5788,2691,3
5789,4307,5
5790,2901,2
5791,3358,2
5792,2942,4
5793,4324,4
5794,2587,3
5795,45,6
5796,2051,3
5797,3709,5
5798,3522,4
5799,3821,5
5800,2418,2
5801,1800,1
5802,1240,3
5803,1334,3
5804,3247,2
5805,20,6
5806,2307,3
5807,1788,3
5808,3791,7
5809,3989,5
5810,2083,3
5811,3928,3
5812,679,3
5813,2822,3
5814,3755,5
5815,1669,1
5816,347,3
5817,3763,5
5818,2802,2
5819,2470,4
5820,878,3
5821,1761,2
5822,2528,2
5823,1625,2
5824,3939,4
5825,4083,5
5826,1101,2
5827,3920,3
5828,101,6
5829,2777,2
5830,3589,2
5831,2261,3
5832,1093,3
5833,4159,3
5834,2163,3
5835,828,2
5836,403,6
5837,4166,5
5838,4042,5
5839,31,6
5840,4252,5
5841,1559,3
5842,2856,2
5843,1039,3
5844,4370,4
5845,2436,3
5846,48,6
5847,2136,3
5848,3450,3
5849,2695,3
5850,2443,3
5851,4145,4
5852,1016,3
5853,1585,3
5854,692,3
5855,3963,5
5856,2463,2
5857,1032,3
5858,1125,3
5859,2407,2
5860,2557,2
5861,2804,4
5862,245,6
5863,2291,3
5864,2237,3
5865,3885,5
5866,2280,2
5867,2639,2
5868,112,6
5869,3473,3
5870,3293,3
5871,3723,3
5872,3464,3
5873,2286,2
5874,2264,3
5875,2651,2
5876,2992,3
5877,2450,2
5878,42,6
5879,44,6
5880,429,6
5881,3709,5
5882,2372,2
5883,2254,2
5884,3598,3
5885,4206,5
5886,3467,4
5887,2541,2
5888,1915,3
5889,2885,4
5890,4232,5
5891,2016,3
5892,3640,4
5893,3745,4
5894,555,3
5895,3229,2
5896,3135,2
5897,719,3
5898,3319,4
5899,3774,2
5900,4218,5
5901,4012,5
5902,1650,3
5903,1504,3
5904,2645,2
5905,3774,2
5906,978,3
5907,4173,4
5908,3542,4
5909,3499,4
5910,3785,2
5911,1823,2
5912,2237,3
5913,3632,4
5914,116,6
5915,2637,2
5916,2359,2
5917,772,3
5918,2901,2
5919,60,6
5920,2573,3
5921,25,6
5922,1539,2
5923,2807,2
5924,1325,3
5925,3890,5
5926,2761,2
5927,966,3
5928,4389,5
5929,3072,2
5930,1293,3
5931,2951,3
5932,2566,3
5933,1958,3
5934,17,6
5935,3639,3
5936,2747,3
5937,4390,5
5938,2596,2
5939,31,6
5940,1620,2
5941,3821,5
5942,3342,4
5943,3529,5
5944,3270,4
5945,3964,5
5946,2538,2
5947,3248,3
5948,4385,5
5949,3757,5
5950,2165,2
5951,2883,4
5952,3915,3
5953,4308,5
5954,1037,3
5955,1444,3
5956,3210,4
5957,1567,3
5958,112,6
5959,2494,3
5960,1624,3
5961,1739,3
5962,1076,2
5963,4309,5
5964,2724,2
5965,1334,3
5966,3778,5
5967,3490,2
5968,4260,4
5969,3932,4
5970,2757,2
5971,4064,4
5972,2384,2
5973,3637,4
5974,3811,5
5975,1361,3
5976,3307,2
5977,3084,2
5978,3944,5
5979,1461,3
5980,2465,2
5981,2945,2
5982,3142,2
5983,2972,2
5984,122,6
5985,4406,4
5986,1208,3
5987,4338,5
5988,3375,4
5989,3547,3
5990,3877,5
5991,4072,5
5992,1010,2
5993,1398,3
5994,4229,5
5995,1766,2
5996,3463,2
5997,2640,2
5998,2452,2
5999,555,3
6000,2616,2
6001,3839,5
6002,655,3
6003,4425,5
6004,3759,3
6005,2344,2
6006,3931,5
6007,2617,3
6008,45,6
6009,4205,5
6010,1282,3
6011,1544,3
6012,4393,4
6013,2335,3
6014,2483,3
6015,2599,2
6016,1354,3
6017,2688,3
6018,1351,3
6019,3767,3
6020,3087,3
6021,4366,4
6022,789,3
6023,1824,3
6024,3563,5
6025,1540,3
6026,2773,3
6027,3766,3
6028,2920,2
6029,102,6
6030,3401,4
6031,3455,2
6032,2762,2
6033,4288,4
6034,3751,5
6035,4441,5
6036,3586,5
6037,2208,2
6038,4046,5
6039,2948,4
6040,3684,4
6041,1989,3
6042,1252,3
6043,2991,3
6044,1037,3
6045,3111,3
6046,3038,2
6047,2069,1
6048,4138,5
6049,4178,4
6050,2476,2
6051,3360,2
6052,2599,2
6053,2496,2
6054,3404,2
6055,2477,2
6056,2794,2
6057,4014,5
6058,4260,4
6059,4050,5
6060,1439,3
6061,54,6
6062,4067,5
6063,3711,5
6064,4086,5
6065,2956,4
6066,2178,2
6067,1475,2
6068,3502,2
6069,2701,2
6070,703,2
6071,2469,4
6072,1584,2
6073,56,6
6074,2612,2
6075,1511,3
6076,4437,4
6077,1119,2
6078,1287,2
6079,3517,3
6080,26,6
6081,2738,2
6082,3570,5
6083,4426,4
6084,2083,3
6085,1296,2
6086,401,3
6087,3287,3
6088,851,2
6089,1859,3
6090,1354,3
6091,2271,2
6092,583,2
6093,2875,2
6094,3720,5
6095,3478,2
6096,3048,4
6097,3622,4
6098,1266,3
6099,4537,5
6100,1538,3
6101,1448,2
6102,3416,2
6103,3856,5
6104,2165,2
6105,1398,3
6106,4448,5
6107,4070,4
6108,2987,3
6109,1640,3
6110,3348,2
6111,2269,3
6112,848,3
6113,769,3
6114,638,2
6115,737,2
6116,2747,3
6117,2600,2
6118,2509,2
6119,4013,4
6120,2900,2
6121,3574,5
6122,3190,2
6123,1993,3
6124,4022,4
6125,2575,4
6126,2596,2
6127,2203,2
6128,4333,5
6129,1823,2
6130,2923,2
6131,2633,2
6132,2457,2
6133,2722,4
6134,4220,5
6135,1131,3
6136,2300,4
6137,4007,5
6138,1423,3
6139,3587,3
6140,3574,5
6141,2235,3
6142,2769,4
6143,3932,4
6144,2921,3
6145,2548,3
6146,2203,2
6147,3565,2
6148,3796,5
6149,818,2
6150,2235,3
6151,2874,3
6152,2923,2
6153,2143,3
6154,1190,3
6155,1344,2
6156,25,6
6157,3082,4
6158,3605,2
6159,2889,4
6160,2271,2
6161,4079,5
6162,2239,3
6163,570,3
6164,343,3
6165,3372,4
6166,4429,5
6167,3712,2
6168,4110,5
6169,1093,3
6170,2220,3
6171,3435,3
6172,2306,2
6173,2113,2
6174,377,3
6175,774,3
6176,2553,3
6177,2869,2
6178,4309,5
6179,18,6
6180,3162,3
6181,939,3
6182,1568,3
6183,46,6
6184,1367,3
6185,3698,4
6186,4134,5
6187,281,6
6188,3774,2
6189,2379,3
6190,1299,3
6191,1482,3
6192,2163,3
6193,1282,3
6194,2365,4
6195,2344,2
6196,1470,2
6197,281,6
6198,2553,3
6199,108,6
6200,703,2
6201,1995,3
6202,3199,4
6203,3864,5
6204,4390,5
6205,4609,5
6206,895,2
6207,3635,5
6208,1950,1
6209,4231,5
6210,4049,5
6211,4537,5
6212,3054,4
6213,3931,5
6214,3983,5
6215,3790,5
6216,2169,2
6217,2541,2
6218,3922,5
6219,1510,3
6220,2976,3
6221,3727,5
6222,1446,3
6223,599,2
6224,3958,3
6225,4231,5
6226,2635,2
6227,28,6
6228,2354,3
6229,2802,2
6230,2802,2
6231,4402,4
6232,3268,4
6233,3151,4
6234,3325,4
6235,3142,2
6236,3902,4
6237,4471,4
6238,2889,4
6239,3706,5
6240,3673,3
6241,561,3
6242,4374,5
6243,3658,4
6244,2880,2
6245,3118,3
6246,2342,3
6247,3906,5
6248,3831,5
6249,3871,5
6250,2650,2
6251,4353,5
6252,4109,5
6253,4140,5
6254,1700,2
6255,871,2
6256,477,6
6257,705,2
6258,3645,5
6259,4341,4
6260,3859,4
6261,4443,5
6262,3865,5
6263,2888,4
6264,1257,3
6265,2981,2
6266,4360,4
6267,1602,2
6268,2302,2
6269,2880,2
6270,4145,4
6271,18,6
6272,18,6
6273,636,2
6274,3421,3
6275,1960,3
6276,4402,4
6277,1293,3
6278,2445,3
6279,1420,3
6280,4463,4
6281,316,6
6282,3632,4
6283,1654,1
6284,1311,3
6285,2197,3
6286,2532,3
6287,2691,3
6288,3247,2
6289,3637,4
6290,1413,3
6291,39,6
6292,3868,5
6293,1526,2
6294,3157,4
6295,3640,4
6296,4427,4
6297,2686,2
6298,154,6
6299,1125,3
6300,1342,3
6301,3058,2
6302,3634,2
6303,3498,4
6304,3746,5
6305,3297,4
6306,2742,2
6307,3605,2
6308,2513,2
6309,952,3
6310,1212,3
6311,3055,4
6312,4580,5
6313,3768,2
6314,1359,3
6315,155,6
6316,2759,2
6317,3157,4
6318,2682,4
6319,2626,3
6320,2540,3
6321,3249,3
6322,4337,4
6323,2612,2
6324,1917,3
6325,3357,3
6326,2173,3
6327,4194,5
6328,1637,2
6329,4013,4
6330,4367,4
6331,112,6
6332,3258,3
6333,559,3
6334,3154,2
6335,3491,4
6336,3754,5
6337,555,3
6338,4075,5
6339,1619,2
6340,572,2
6341,2337,3
6342,102,6
6343,2265,2
6344,76,6
6345,4051,5
6346,4299,4
6347,3199,4
6348,2461,3
6349,3010,2
6350,2123,3
6351,2545,3
6352,1861,3
6353,3836,2
6354,4304,4
6355,3998,5
6356,3089,4
6357,3958,3
6358,1005,2
6359,4090,4
6360,1632,3
6361,4288,4
6362,3313,2
6363,3085,4
6364,3067,2
6365,3139,2
6366,3702,4
6367,3387,2
6368,1475,2
6369,4344,5
6370,1332,3
6371,3810,3
6372,4429,5
6373,3877,5
6374,3452,4
6375,2239,3
6376,2991,3
6377,4098,5
6378,2418,2
6379,3432,2
6380,3553,2
6381,1706,2
6382,2413,2
6383,2091,3
6384,1997,3
6385,1104,2
6386,3041,3
6387,4000,5
6388,2471,4
6389,479,6
6390,1572,2
6391,3843,2
6392,4337,4
6393,4148,5
6394,4460,4
6395,3661,4
6396,3207,2
6397,3671,5
6398,1297,3
6399,3485,4
6400,2979,2
6401,600,3
6402,551,3
6403,4001,5
6404,3825,2
6405,3446,2
6406,3649,5
6407,1955,3
6408,4311,5
6409,3354,3
6410,3007,3
6411,4214,5
6412,3796,5
6413,4325,4
6414,497,3
6415,2837,3
6416,4252,5
6417,3146,4
6418,4163,5
6419,2114,1
6420,3105,3
6421,1328,3
6422,2684,2
6423,4076,5
6424,2704,2
6425,4266,5
6426,3621,5
6427,1912,2
6428,1228,2
6429,3526,4
6430,2725,4
6431,2437,3
6432,2616,2
6433,2535,2
6434,1878,1
6435,2479,2
6436,2422,2
6437,3567,4
6438,935,3
6439,3962,4
6440,3487,2
6441,2096,3
6442,1032,3
6443,3183,4
6444,4370,4
6445,1514,3
6446,1989,3
6447,3450,3
6448,4139,5
6449,2187,3
6450,1359,3
6451,1257,3
6452,2005,1
6453,53,6
6454,862,3
6455,2614,2
6456,2169,2
6457,1276,3
6458,4035,5
6459,3759,3
6460,650,2
6461,2830,3
6462,2477,2
6463,1547,3
6464,1915,3
6465,44,6
6466,1637,2
6467,3295,2
6468,4598,5
6469,3402,4
6470,859,3
6471,1632,3
6472,2443,3
6473,1594,2
6474,598,2
6475,3363,4
6476,1397,3
6477,636,2
6478,2398,3
6479,2362,3
6480,2142,2
6481,2405,3
6482,1431,2
6483,4378,5
6484,4342,4
6485,2776,2
6486,2635,2
6487,2546,3
6488,3303,3
6489,469,3
6490,4429,5
6491,3651,5
6492,4260,4
6493,3941,4
6494,2663,3
6495,2392,3
6496,2638,4
6497,3929,5
6498,3482,2
6499,3135,2
6500,877,2
6501,4394,5
6502,4137,4
6503,3684,4
6504,541,3
6505,3705,2
6506,3634,2
6507,3082,4
6508,3060,4
6509,3652,5
6510,2764,2
6511,3855,3
6512,2363,3
6513,3274,3
6514,632,2
6515,3345,2
6516,1619,2
6517,4580,5
6518,3764,2
6519,2572,2
6520,3962,5
6521,2566,3
6522,3677,3
6523,2413,2
6524,2566,3
6525,2102,3
6526,2123,3
6527,21,6
6528,79,6
6529,807,2
6530,2797,2
6531,3402,4
6532,30,6
6533,3133,3
6534,3050,2
6535,3398,4
6536,4114,5
6537,1187,3
6538,3994,5
6539,2123,3
6540,612,2
6541,4012,5
6542,4002,5
6543,1451,2
6544,3638,5
6545,1320,2
6546,1448,2
6547,2295,2
6548,2538,2
6549,4018,5
6550,4060,4
6551,2244,3
6552,4350,5
6553,2633,2
6554,2968,3
6555,3652,5
6556,3207,2
6557,2225,3
6558,3226,2
6559,3543,4
6560,1005,2
6561,1374,3
6562,2300,4
6563,1888,3
6564,4450,4
6565,1411,3
6566,2414,2
6567,2394,2
6568,3643,2
6569,3771,4
6570,3305,4
6571,889,3
6572,3002,2
6573,2697,4
6574,2740,3
6575,4021,5
6576,3448,4
6577,2863,3
6578,3772,2
6579,2876,2
6580,3020,4
6581,2701,2
6582,2583,2
6583,3477,2
6584,4203,5
6585,2404,2
6586,1498,3
6587,3603,5
6588,2102,3
6589,2160,3
6590,1547,3
6591,4047,7
6592,4060,4
6593,4201,5
6594,670,2
6595,2935,2
6596,4252,5
6597,3545,3
6598,3757,5
6599,1625,2
6600,1764,2
6601,1418,3
6602,2573,3
6603,2011,1
6604,3091,4
6605,2960,2
6606,3320,3
6607,440,6
6608,1459,3
6609,3151,4
6610,4158,5
6611,1847,1
6612,2901,2
6613,2165,2
6614,2814,3
6615,4367,4
6616,2766,2
6617,1334,3
6618,1736,3
6619,1771,1
6620,547,3
6621,3191,2
6622,3746,5
6623,3743,5
6624,3663,5
6625,1812,2
6626,2726,2
6627,4429,5
6628,2937,2
6629,3763,5
6630,1334,3
6631,39,6
6632,3195,3
6633,4567,5
6634,4407,5
6635,2915,2
6636,2102,3
6637,3446,2
6638,3666,4
6639,2818,2
6640,3382,2
6641,2400,3
6642,4176,4
6643,58,6
6644,356,3
6645,3437,4
6646,4437,4
6647,21,6
6648,2806,4
6649,4562,5
6650,2772,4
6651,3363,4
6652,561,3
6653,3682,2
6654,1997,3
6655,2469,4
6656,2341,4
6657,3747,4
6658,4376,5
6659,2293,2
6660,1472,2
6661,4027,5
6662,1446,3
6663,1504,3
6664,3977,5
6665,3322,2
6666,1511,3
6667,4463,4
6668,3482,2
6669,1841,1
6670,1764,2
6671,4071,4
6672,916,3
6673,68,6
6674,1354,3
6675,2584,2
6676,1328,3
6677,2684,2
6678,3596,4
6679,3822,4
6680,2240,3
6681,1366,3
6682,518,3
6683,4392,5
6684,4265,5
6685,3504,2
6686,1790,3
6687,3891,5
6688,3983,5
6689,2049,2
6690,1553,3
6691,3659,2
6692,2990,2
6693,3563,5
6694,2904,2
6695,3390,3
6696,3113,4
6697,3310,2
6698,1554,2
6699,3816,5
6700,1567,3
6701,2900,2
6702,1955,3
6703,679,3
6704,2419,2
6705,95,6
6706,3610,2
6707,4329,4
6708,2457,2
6709,2851,4
6710,3926,5
6711,3605,2
6712,2509,2
6713,1960,3
6714,3992,4
6715,2600,2
6716,1357,2
6717,2074,2
6718,2711,2
6719,3495,3
6720,3706,5
6721,1156,3
6722,4056,5
6723,31,6
6724,79,6
6725,655,3
6726,2029,2
6727,679,3
6728,2563,2
6729,2627,2
6730,4133,5
6731,2736,4
6732,3725,2
6733,1166,3
6734,4205,5
6735,2741,2
6736,3843,2
6737,108,6
6738,828,2
6739,2089,3
6740,1277,2
6741,1320,2
6742,2878,2
6743,3322,2
6744,4315,5
6745,2265,2
6746,4340,5
6747,2513,2
6748,3110,3
6749,1109,3
6750,1408,3
6751,4288,4
6752,2705,2
6753,2525,2
6754,4229,5
6755,4339,5
6756,439,3
6757,4209,5
6758,1228,2
6759,4075,5
6760,665,3
6761,2242,3
6762,2841,2
6763,3235,4
6764,4241,4
6765,3168,2
6766,4324,4
6767,3157,4
6768,2871,2
6769,3166,4
6770,3674,4
6771,1115,3
6772,4058,5
6773,1196,3
6774,879,2
6775,1470,2
6776,1039,3
6777,4327,4
6778,3959,4
6779,73,6
6780,4049,5
6781,2335,3
6782,2839,3
6783,4287,5
6784,3796,5
6785,4544,5
6786,3896,5
6787,1736,3
6788,4021,5
6789,522,3
6790,1759,3
6791,3801,5
6792,4653,5
6793,4105,5
6794,2308,2
6795,28,6
6796,1204,3
6797,2234,3
6798,4295,3
6799,3308,3
6800,3574,5
6801,2165,2
6802,2931,4
6803,3226,2
6804,1425,3
6805,2877,4
6806,3328,3
6807,3541,3
6808,1410,3
6809,2477,2
6810,851,2
6811,2165,2
6812,533,3
6813,2703,3
6814,2484,3
6815,3464,3
6816,2806,4
6817,2725,4
6818,3930,5
6819,830,3
6820,3486,2
6821,3639,3
6822,3970,4
6823,3069,4
6824,3067,2
6825,3763,5
6826,2230,3
6827,138,6
6828,2711,2
6829,1103,3
6830,3458,4
6831,2179,3
6832,561,3
6833,3452,4
6834,2327,2
6835,3511,4
6836,3685,3
6837,3756,4
6838,3561,4
6839,1436,3
6840,4070,4
6841,1115,3
6842,4275,5
6843,2927,2
6844,2217,3
6845,4208,5
6846,2874,3
6847,3616,5
6848,4094,5
6849,1596,3
6850,4121,4
6851,4282,5
6852,2477,2
6853,2755,3
6854,2965,4
6855,4073,5
6856,2931,4
6857,3520,2
6858,2386,2
6859,3603,5
6860,1759,3
6861,90,6
6862,4282,5
6863,2930,3
6864,2237,3
6865,2325,3
6866,4136,3
6867,2215,2
6868,2649,2
6869,3980,5
6870,3374,2
6871,2350,2
6872,3803,5
6873,3956,5
6874,4469,5
6875,3805,3
6876,3744,3
6877,603,3
6878,4282,5
6879,2280,2
6880,873,2
6881,2766,2
6882,1539,2
6883,3875,3
6884,4234,4
6885,3986,5
6886,30,6
6887,3153,2
6888,2952,4
6889,3067,2
6890,2925,4
6891,2931,4
6892,3608,2
6893,2927,4
6894,2711,2
6895,24,6
6896,3461,2
6897,1282,3
6898,3439,3
6899,3871,5
6900,1295,3
6901,3568,4
6902,4266,5
6903,2732,4
6904,2547,2
6905,4176,4
6906,4312,5
6907,2840,3
6908,3961,5
6909,4565,5
6910,4565,5
6911,24,6
6912,4258,5
6913,1359,3
6914,4250,4
6915,3777,5
6916,3842,5
6917,2788,3
6918,3550,4
6919,3219,4
6920,2915,2
6921,2070,1
6922,4148,5
6923,2283,3
6924,3922,5
6925,1185,3
6926,1991,3
6927,699,3
6928,1229,2
6929,1027,2
6930,3922,5
6931,4354,4
6932,3605,2
6933,3931,5
6934,2247,2
6935,3449,4
6936,2499,4
6937,1374,3
6938,4278,5
6939,4294,5
6940,3783,5
6941,3085,4
6942,2386,2
6943,2293,2
6944,2263,2
6945,3687,5
6946,3784,3
6947,1512,3
6948,3302,3
6949,4260,4
6950,2860,2
6951,3311,2
6952,2387,2
6953,79,6
6954,4453,5
6955,482,3
6956,3000,4
6957,2043,3
6958,1336,3
6959,2000,2
6960,1115,3
6961,3919,3
6962,1482,3
6963,2588,3
6964,2588,3
6965,2519,4
6966,4308,5
6967,3548,4
6968,4208,5
6969,2448,3
6970,4076,5
6971,3922,5
6972,1025,2
6973,1913,3
6974,3106,2
6975,3854,2
6976,4126,5
6977,3511,4
6978,2583,2
6979,3943,3
6980,2646,3
6981,497,3
6982,2438,3
6983,42,6
6984,1076,2
6985,1492,2
6986,1626,2
6987,4196,5
6988,2610,4
6989,2730,2
6990,1052,2
6991,4362,5
6992,2513,2
6993,4303,4
6994,1344,2
6995,3021,3
6996,57,6
6997,952,3
6998,3444,3
6999,3237,3
7000,2888,4
7001,3889,3
7002,1019,3
7003,4340,5
7004,48,6
7005,3560,3
7006,3247,2
7007,1354,3
7008,1622,2
7009,2350,2
7010,3144,2
7011,1645,3
7012,2476,2
7013,3319,4
7014,3207,2
7015,2982,4
7016,1594,2
7017,3049,2
7018,497,3
7019,1362,3
7020,1282,3
7021,1332,3
7022,3807,2
7023,1785,2
7024,4469,5
7025,1609,3
7026,1795,1
7027,3739,5
7028,3207,2
7029,3240,2
7030,3618,2
7031,3020,4
7032,3371,2
7033,3405,3
7034,51,6
7035,90,6
7036,4106,5
7037,4527,5
7038,2435,4
7039,3122,3
7040,3626,4
7041,3186,2
7042,2456,3
7043,157,6
7044,4273,5
7045,3394,4
7046,1508,2
7047,1873,1
7048,4102,5
7049,3864,5
7050,4235,5
7051,3461,2
7052,3641,4
7053,472,3
7054,3819,4
7055,2429,3
7056,2549,3
7057,2123,3
7058,1262,3
7059,795,2
7060,2784,2
7061,2497,2
7062,1149,3
7063,2482,2
7064,3714,5
7065,781,2
7066,2401,4
7067,3543,4
7068,2583,2
7069,2694,2
7070,3786,4
7071,4311,5
7072,2159,2
7073,1599,1
7074,1074,2
7075,177,6
7076,4512,4
7077,3632,4
7078,3618,2
7079,2411,4
7080,3268,4
7081,4253,4
7082,3374,2
7083,2565,2
7084,2208,2
7085,3972,5
7086,2497,2
7087,3760,3
7088,1086,3
7089,1560,3
7090,4390,5
7091,4131,5
7092,3066,2
7093,4416,4
7094,4373,4
7095,78,6
7096,1442,3
7097,1104,2
7098,3049,2
7099,2517,4
7100,1233,2
7101,1547,3
7102,2165,2
7103,2046,3
7104,2596,2
7105,125,6
7106,3949,4
7107,3376,3
7108,3603,5
7109,860,3
7110,2600,2
7111,3856,5
7112,3261,4
7113,4086,5
7114,1449,2
7115,3202,3
7116,3307,2
7117,2583,2
7118,1468,3
7119,2281,3
7120,3636,4
7121,1264,2
7122,2067,2
7123,2726,2
7124,3945,5
7125,3514,3
7126,4415,5
7127,3369,3
7128,3955,3
7129,1367,3
7130,129,6
7131,3447,2
7132,3892,2
7133,3788,5
7134,1349,3
7135,1883,1
7136,1829,1
7137,1595,1
7138,643,2
7139,4067,5
7140,2870,2
7141,2742,2
7142,4171,5
7143,3655,5
7144,3655,5
7145,1556,2
7146,1556,2
7147,2048,3
7148,2619,2
7149,3566,3
7150,1508,2
7151,3740,4
7152,3958,3
7153,1423,3
7154,2207,2
7155,1538,3
7156,3565,2
7157,969,2
7158,561,3
7159,553,2
7160,2764,2
7161,3686,4
7162,2560,3
7163,3357,3
7164,177,6
7165,4154,5
7166,3011,4
7167,3203,2
7168,2638,4
7169,381,3
7170,3102,3
7171,111,6
7172,3125,4
7173,3832,4
7174,1562,2
7175,4349,5
7176,3096,2
7177,3775,4
7178,3258,3
7179,4214,5
7180,925,2
7181,1206,3
7182,3200,4
7183,1468,3
7184,1383,3
7185,2405,3
7186,2265,2
7187,4086,5
7188,4310,5
7189,1510,3
7190,4071,4
7191,4302,4
7192,3263,3
7193,3590,3
7194,3443,3
7195,4191,4
7196,672,2
7197,2203,2
7198,4211,5
7199,3911,3
7200,2386,2
7201,4128,5
7202,4058,5
7203,1492,2
7204,141,6
7205,1208,3
7206,4587,4
7207,3045,2
7208,3383,4
7209,2912,4
7210,2260,2
7211,52,6
7212,1716,2
7213,2863,3
7214,3179,4
7215,1560,3
7216,4205,5
7217,3609,3
7218,4388,4
7219,3835,5
7220,2572,2
7221,1180,3
7222,2442,2
7223,4179,5
7224,2573,3
7225,2573,3
7226,53,6
7227,47,6
7228,4484,5
7229,2225,3
7230,2762,2
7231,4142,5
7232,1975,3
7233,525,3
7234,2663,3
7235,1913,3
7236,1438,3
7237,1511,3
7238,2285,2
7239,1745,2
7240,1689,2
7241,1526,2
7242,63,6
7243,2758,3
7244,2168,3
7245,3654,4
7246,3203,2
7247,3970,4
7248,4356,5
7249,4335,5
7250,3442,4
7251,3002,2
7252,2113,2
7253,3194,4
7254,3400,4
7255,4319,5
7256,2246,3
7257,1655,1
7258,2220,3
7259,3619,2
7260,4473,7
7261,2348,2
7262,4067,5
7263,3279,4
7264,3727,5
7265,3605,2
7266,1549,3
7267,1120,3
7268,1103,3
7269,2794,2
7270,3089,4
7271,2293,2
7272,2993,3
7273,793,2
7274,928,2
7275,4053,4
7276,1005,2
7277,2735,2
7278,4473,7
7279,3235,4
7280,2916,4
7281,2702,2
7282,2655,2
7283,764,3
7284,3774,2
7285,4125,5
7286,2869,2
7287,1207,3
7288,4496,5
7289,3988,5
7290,2326,2
7291,3355,2
7292,1093,3
7293,1185,3
7294,3677,3
7295,2366,2
7296,78,6
7297,2665,2
7298,3774,2
7299,78,6
7300,679,3
7301,666,2
7302,3017,3
7303,2477,2
7304,3864,5
7305,1391,2
7306,1348,2
7307,1382,3
7308,3485,4
7309,3788,5
7310,2872,2
7311,3225,3
7312,3999,5
7313,2000,2
7314,4082,5
7315,3311,2
7316,1082,3
7317,2241,3
7318,2315,3
7319,2464,3
7320,479,6
7321,1470,2
7322,2220,3
7323,2661,2
7324,1786,3
7325,2147,2
7326,1716,2
7327,4050,5
7328,744,2
7329,3541,3
7330,4259,5
7331,2874,3
7332,2782,4
7333,3987,4
7334,3923,5
7335,3880,5
7336,2306,2
7337,386,3
7338,1237,3
7339,2226,3
7340,2275,3
7341,3958,3
7342,3074,4
7343,3925,5
7344,2016,3
7345,2374,3
7346,3700,2
7347,3702,4
7348,2726,2
7349,3867,3
7350,4470,5
7351,2374,3
7352,2397,3
7353,3526,4
7354,2762,2
7355,3000,4
7356,2143,3
7357,1627,3
7358,3969,5
7359,4088,5
7360,1736,3
7361,2432,3
7362,435,3
7363,433,3
7364,1351,3
7365,2694,2
7366,3812,4
7367,3755,5
7368,3953,5
7369,15,6
7370,2779,4
7371,4179,5
7372,2939,3
7373,991,2
7374,2638,4
7375,3099,4
7376,2930,3
7377,3435,3
7378,2584,2
7379,4251,4
7380,4219,5
7381,3891,5
7382,3158,2
7383,2530,3
7384,2504,2
7385,3964,5
7386,4430,5
7387,2441,3
7388,3619,2
7389,2546,3
7390,4399,4
7391,2571,2
7392,3574,5
7393,1238,3
7394,2631,3
7395,1278,2
7396,2802,2
7397,3671,5
7398,3413,2
7399,3153,2
7400,2410,2
7401,3621,5
7402,3496,2
7403,2577,2
7404,4276,5
7405,706,3
7406,794,3
7407,3157,4
7408,2880,2
7409,1558,3
7410,2267,3
7411,3452,4
7412,2682,4
7413,2278,2
7414,3374,2
7415,2907,2
7416,4291,4
7417,3980,5
7418,2645,2
7419,3623,4
7420,1204,3
7421,1590,3
7422,2662,2
7423,340,6
7424,3505,2
7425,747,2
7426,2875,2
7427,340,6
7428,3658,4
7429,4123,5
7430,3514,3
7431,2298,4
7432,2207,2
7433,3050,2
7434,657,2
7435,4191,4
7436,4111,4
7437,1524,3
7438,4126,5
7439,1025,2
7440,1288,2
7441,4094,5
7442,3580,3
7443,1086,3
7444,2664,2
7445,892,3
7446,1501,3
7447,2062,3
7448,3020,4
7449,1986,1
7450,3353,3
7451,940,2
7452,2711,2
7453,4265,5
7454,1283,3
7455,3956,5
7456,1815,2
7457,3110,3
7458,2220,3
7459,2645,2
7460,2907,2
7461,3626,4
7462,3559,4
7463,3463,2
7464,1698,3
7465,1510,3
7466,1695,3
7467,3118,3
7468,2979,2
7469,4477,5
7470,1545,3
7471,2113,2
7472,3589,2
7473,1913,3
7474,4478,4
7475,970,3
7476,2300,4
7477,3725,2
7478,4420,4
7479,3821,5
7480,2029,2
7481,3572,5
7482,3522,4
7483,3481,4
7484,1277,2
7485,1628,2
7486,3675,5
7487,2644,2
7488,2461,3
7489,954,3
7490,2420,3
7491,2084,3
7492,2564,4
7493,3073,4
7494,4410,5
7495,4170,5
7496,1127,3
7497,4011,5
7498,3408,3
7499,3055,4
7500,2262,2
7501,1950,1
7502,4151,5
7503,2414,2
7504,966,3
7505,2337,3
7506,3776,5
7507,2257,3
7508,1008,3
7509,1415,3
7510,3152,3
7511,2250,2
7512,3061,2
7513,2155,2
7514,1477,2
7515,3504,2
7516,2494,3
7517,3384,4
7518,4186,4
7519,600,3
7520,1709,3
7521,3375,4
7522,3407,4
7523,2399,2
7524,2534,2
7525,2479,2
7526,4350,5
7527,2446,2
7528,2097,1
7529,3130,2
7530,3135,2
7531,3219,4
7532,3250,4
7533,3142,2
7534,3833,3
7535,4059,5
7536,3179,4
7537,2818,2
7538,1500,3
7539,1149,3
7540,3461,2
7541,2430,2
7542,1073,2
7543,4505,5
7544,3129,3
7545,1195,3
7546,4260,4
7547,1103,3
7548,1425,3
7549,3973,5
7550,63,6
7551,2072,3
7552,3923,5
7553,3622,4
7554,1572,2
7555,2238,2
7556,2843,3
7557,347,3
7558,3831,5
7559,3999,5
7560,622,3
7561,4289,5
7562,3063,2
7563,2379,3
7564,17,6
7565,4288,4
7566,3069,4
7567,2723,2
7568,3603,5
7569,2016,3
7570,1397,3
7571,2411,4
7572,1492,2
7573,1045,2
7574,47,6
7575,3425,2
7576,3852,5
7577,1762,3
7578,2877,4
7579,4115,5
7580,3482,2
7581,1600,3
7582,3595,5
7583,3377,3
7584,3441,3
7585,4034,5
7586,3265,4
7587,3465,2
7588,1351,3
7589,3188,3
7590,4282,5
7591,1153,2
7592,3848,2
7593,1915,3
7594,3564,3
7595,1344,2
7596,3172,4
7597,3355,2
7598,2620,2
7599,814,3
7600,22,6
7601,2064,2
7602,4210,4
7603,4056,5
7604,3939,4
7605,1556,2
7606,1594,2
7607,155,6
7608,3287,3
7609,3258,3
7610,1492,2
7611,2635,2
7612,62,6
7613,2253,2
7614,4563,5
7615,3707,5
7616,146,6
7617,4039,5
7618,2710,3
7619,3061,2
7620,2550,3
7621,356,3
7622,3542,4
7623,3992,4
7624,1660,2
7625,2581,4
7626,2645,2
7627,2285,2
7628,1448,2
7629,4019,5
7630,1789,3
7631,1643,3
7632,3502,2
7633,1621,1
7634,2341,4
7635,2486,3
7636,3941,4
7637,4065,5
7638,1383,3
7639,1025,2
7640,572,2
7641,1442,3
7642,2378,4
7643,4163,5
7644,4302,4
7645,3800,4
7646,860,3
7647,4558,4
7648,1047,3
7649,1665,2
7650,4272,5
7651,4502,5
7652,3382,2
7653,2640,2
7654,2240,3
7655,3610,2
7656,1018,2
7657,963,2
7658,3095,3
7659,3494,4
7660,2871,2
7661,1699,3
7662,4332,5
7663,3564,3
7664,2286,2
7665,1257,3
7666,3725,2
7667,2143,3
7668,2111,3
7669,1764,2
7670,340,6
7671,1910,3
7672,3534,3
7673,3579,4
7674,3061,2
7675,24,6
7676,2575,4
7677,3859,4
7678,4048,5
7679,3113,4
7680,4156,5
7681,1016,3
7682,3550,4
7683,1556,2
7684,617,3
7685,3189,4
7686,2782,4
7687,2150,2
7688,2281,3
7689,1361,3
7690,2362,3
7691,3970,4
7692,3640,4
7693,3980,5
7694,3911,3
7695,4182,5
7696,4147,5
7697,2320,3
7698,2353,2
7699,2286,2
7700,3348,2
7701,2265,2
7702,1804,2
7703,1068,2
7704,1645,3
7705,2998,3
7706,3742,4
7707,4083,5
7708,4597,4
7709,3266,3
7710,2370,3
7711,4053,4
7712,4607,5
7713,385,3
7714,3913,5
7715,4267,5
7716,1693,3
7717,2708,2
7718,2311,2
7719,4053,4
7720,3342,4
7721,2770,2
7722,3616,5
7723,3130,2
7724,3605,2
7725,2856,2
7726,3586,5
7727,2497,2
7728,3265,4
7729,4071,4
7730,3953,5
7731,1787,3
7732,2203,2
7733,1295,3
7734,2555,3
7735,1114,2
7736,2234,3
7737,2584,2
7738,3480,3
7739,2177,2
7740,2177,2
7741,2375,3
7742,3708,5
7743,2113,2
7744,3730,4
7745,2392,3
7746,2339,2
7747,4340,5
7748,4070,4
7749,3999,5
7750,3338,4
7751,3483,4
7752,3016,2
7753,2384,2
7754,1032,3
7755,3542,4
7756,3239,4
7757,2736,4
7758,4015,5
7759,1801,3
7760,2142,2
7761,1782,3
7762,3848,2
7763,4081,5
7764,1561,3
7765,2754,3
7766,2445,3
7767,1990,3
7768,2274,3
7769,962,3
7770,4558,4
7771,2373,3
7772,4238,5
7773,4376,5
7774,3734,4
7775,1717,1
7776,2644,2
7777,2391,2
7778,3575,5
7779,1833,3
7780,1960,3
7781,3003,4
7782,2852,4
7783,1811,2
7784,4321,4
7785,1699,3
7786,3225,3
7787,4415,5
7788,3639,3
7789,17,6
7790,2960,2
7791,1310,3
7792,2880,2
7793,2566,3
7794,3292,3
7795,1788,3
7796,4176,4
7797,423,3
7798,4070,4
7799,1652,2
7800,1782,3
7801,2139,3
7802,2587,3
7803,1258,3
7804,4175,4
7805,1855,3
7806,3777,5
7807,4065,5
7808,4083,5
7809,1935,2
7810,2978,4
7811,3519,4
7812,3537,2
7813,2690,2
7814,2836,3
7815,2848,3
7816,2575,4
7817,3876,4
7818,3973,5
7819,3878,5
7820,3237,3
7821,3180,2
7822,4142,5
7823,4176,4
7824,1425,3
7825,1804,2
7826,3598,3
7827,3619,2
7828,4469,5
7829,1565,3
7830,2703,3
7831,3898,5
7832,3923,5
7833,1381,2
7834,2601,2
7835,3180,2
7836,3465,2
7837,4058,5
7838,2863,3
7839,1448,2
7840,3366,2
7841,4556,5
7842,1092,3
7843,1558,3
7844,2233,3
7845,2574,2
7846,973,3
7847,1361,3
7848,3377,3
7849,3336,3
7850,3573,5
7851,1312,3
7852,4429,5
7853,2573,3
7854,4178,4
7855,4174,4
7856,1526,2
7857,2210,2
7858,2123,3
7859,2974,3
7860,95,6
7861,2737,2
7862,4177,5
7863,4292,5
7864,2533,2
7865,1745,2
7866,1445,3
7867,1670,1
7868,600,3
7869,3598,3
7870,3662,5
7871,3771,4
7872,3783,5
7873,2239,3
7874,1787,3
7875,3640,4
7876,4269,5
7877,4280,5
7878,3101,2
7879,2872,2
7880,3523,2
7881,2262,2
7882,3649,5
7883,811,3
7884,3495,3
7885,3656,3
7886,477,6
7887,2269,3
7888,2298,4
7889,3578,3
7890,3083,4
7891,4427,4
7892,2790,3
7893,3009,3
7894,4121,4
7895,3246,2
7896,3322,2
7897,2961,2
7898,3804,2
7899,1671,1
7900,2993,3
7901,4075,5
7902,3322,2
7903,1558,3
7904,3025,2
7905,2797,2
7906,3256,2
7907,3001,4
7908,3034,2
7909,2828,4
7910,3546,4
7911,1293,3
7912,3766,3
7913,3311,2
7914,2726,2
7915,1512,3
7916,3952,5
7917,3483,4
7918,3725,2
7919,1609,3
7920,2214,2
7921,2713,2
7922,347,3
7923,4350,5
7924,1787,3
7925,44,6
7926,1976,3
7927,1617,3
7928,2101,3
7929,3790,5
7930,56,6
7931,2102,3
7932,4080,5
7933,3509,2
7934,838,3
7935,3320,3
7936,1629,2
7937,1739,3
7938,617,3
7939,3519,4
7940,2635,2
7941,3053,3
7942,105,6
7943,3804,2
7944,4552,5
7945,3016,2
7946,1308,3
7947,3401,4
7948,4366,4
7949,3988,5
7950,3267,4
7951,88,6
7952,1061,3
7953,1206,3
7954,2362,3
7955,3267,4
7956,1351,3
7957,4080,5
7958,1790,3
7959,3688,5
7960,1174,3
7961,2617,3
7962,931,3
7963,789,3
7964,4526,5
7965,3957,5
7966,3972,5
7967,1425,3
7968,2905,3
7969,2122,3
7970,795,2
7971,1790,3
7972,3957,5
7973,4260,4
7974,4066,5
7975,2620,2
7976,2394,2
7977,2682,4
7978,3029,2
7979,19,6
7980,3440,4
7981,2513,2
7982,2547,2
7983,2545,3
7984,3418,3
7985,1017,3
7986,1632,3
7987,2203,2
7988,2261,3
7989,2238,2
7990,4329,4
7991,4329,4
7992,3526,4
7993,73,6
7994,63,6
7995,3496,2
7996,551,3
7997,2396,3
7998,1012,3
7999,1998,3
8000,2105,2
8001,2230,3
8002,3574,5
8003,2935,2
8004,4231,5
8005,3425,2
8006,1518,2
8007,4074,5
8008,4254,5
8009,1423,3
8010,55,6
8011,3952,5
8012,2231,3
8013,2661,2
8014,4196,5
8015,4340,5
8016,3490,2
8017,4057,5
8018,1892,3
8019,3717,5
8020,3634,2
8021,4031,4
8022,35,6
8023,4110,5
8024,2274,3
8025,4526,5
8026,2555,3
8027,2759,2
8028,2723,2
8029,2325,3
8030,3706,5
8031,2253,2
8032,4265,5
8033,4620,5
8034,4099,5
8035,1974,3
8036,1468,3
8037,3228,3
8038,980,3
8039,2212,3
8040,4438,4
8041,2271,2
8042,2497,2
8043,1705,2
8044,3514,3
8045,4186,4
8046,3002,2
8047,873,2
8048,3871,5
8049,2205,2
8050,2416,2
8051,3923,5
8052,3973,5
8053,3759,3
8054,541,3
8055,3853,3
8056,1487,2
8057,3355,2
8058,3576,4
8059,3877,5
8060,622,3
8061,3806,5
8062,1297,3
8063,2513,2
8064,4358,5
8065,4510,5
8066,3250,4
8067,3481,4
8068,2978,4
8069,2639,2
8070,2838,3
8071,3893,3
8072,3650,5
8073,930,2
8074,4387,5
8075,1846,1
8076,2893,2
8077,2616,2
8078,3286,3
8079,4061,4
8080,2416,2
8081,3968,4
8082,3808,5
8083,2143,3
8084,2333,3
8085,377,3
8086,2235,3
8087,4366,4
8088,1826,1
8089,2394,2
8090,3440,4
8091,1195,3
8092,3529,5
8093,3477,2
8094,4053,4
8095,4020,4
8096,3637,4
8097,2513,2
8098,764,3
8099,2845,2
8100,2232,3
8101,4448,5
8102,3608,2
8103,2979,2
8104,2699,2
8105,3991,5
8106,1787,3
8107,3921,4
8108,2530,3
8109,2124,2
8110,1084,2
8111,94,6
8112,794,3
8113,116,6
8114,3232,2
8115,3587,3
8116,3945,5
8117,1206,3
8118,3559,4
8119,2374,3
8120,3984,5
8121,390,3
8122,3346,4
8123,4067,5
8124,3804,2
8125,2104,3
8126,3154,2
8127,1029,3
8128,629,3
8129,155,6
8130,4166,5
8131,3682,2
8132,3259,2
8133,1952,3
8134,153,6
8135,3908,2
8136,2270,3
8137,2370,3
8138,3813,3
8139,842,2
8140,3259,2
8141,1987,2
8142,3360,2
8143,2399,2
8144,3974,4
8145,1047,3
8146,2226,3
8147,3635,5
8148,3820,3
8149,3459,3
8150,2871,2
8151,3099,4
8152,4071,4
8153,4511,5
8154,2295,2
8155,3060,4
8156,2479,2
8157,1975,3
8158,3318,4
8159,2554,2
8160,2776,2
8161,2852,4
8162,2032,3
8163,3511,4
8164,3458,4
8165,1560,3
8166,3448,4
8167,1595,1
8168,3423,3
8169,4006,5
8170,3136,2
8171,50,6
8172,3880,5
8173,2690,2
8174,3870,5
8175,1374,3
8176,4327,4
8177,2730,2
8178,3888,5
8179,3379,3
8180,2923,2
8181,2545,3
8182,3798,5
8183,2415,2
8184,45,6
8185,2501,2
8186,4397,5
8187,2583,2
8188,1586,2
8189,4170,5
8190,1645,3
8191,733,2
8192,3210,4
8193,1959,3
8194,4448,5
8195,2703,3
8196,2963,3
8197,572,2
8198,2379,3
8199,2668,4
8200,4031,4
8201,3762,5
8202,1264,2
8203,3655,5
8204,4092,5
8205,2504,2
8206,3558,4
8207,3067,2
8208,3130,2
8209,3705,2
8210,1237,3
8211,828,2
8212,2047,3
8213,1653,1
8214,3320,3
8215,1008,3
8216,107,6
8217,3050,2
8218,3171,3
8219,2874,3
8220,28,6
8221,4026,5
8222,3631,4
8223,2411,4
8224,3383,4
8225,3951,5
8226,4133,5
8227,2863,3
8228,2791,2
8229,2871,2
8230,2614,2
8231,2570,2
8232,3898,5
8233,1016,3
8234,3209,3
8235,2900,2
8236,2751,2
8237,807,2
8238,1403,2
8239,2561,3
8240,1312,3
8241,2308,2
8242,3592,2
8243,4362,5
8244,2375,3
8245,4234,4
8246,80,6
8247,3728,5
8248,2310,3
8249,2457,2
8250,1479,3
8251,2160,3
8252,2349,2
8253,3992,4
8254,2105,2
8255,1482,3
8256,58,6
8257,889,3
8258,2123,3
8259,4173,4
8260,3265,4
8261,3649,5
8262,3899,5
8263,1623,3
8264,1637,2
8265,1199,3
8266,4244,4
8267,2095,2
8268,4208,5
8269,3049,2
8270,3896,5
8271,2093,3
8272,2167,3
8273,3190,2
8274,2300,4
8275,1202,2
8276,1248,2
8277,1136,2
8278,3569,5
8279,2637,2
8280,1032,3
8281,413,3
8282,3919,3
8283,2122,3
8284,2718,2
8285,4387,5
8286,4099,5
8287,4517,5
8288,1330,3
8289,1530,3
8290,1283,3
8291,1170,3
8292,2104,3
8293,4426,4
8294,833,3
8295,3014,4
8296,2571,2
8297,1428,3
8298,1288,2
8299,3565,2
8300,3535,5
8301,2994,2
8302,3130,2
8303,3734,4
8304,3325,4
8305,3045,2
8306,1598,2
8307,1028,3
8308,764,3
8309,3784,3
8310,4195,5
8311,2428,3
8312,3287,3
8313,3055,4
8314,3055,4
8315,744,2
8316,2422,2
8317,3928,3
8318,2900,2
8319,1359,3
8320,2726,2
8321,901,3
8322,80,6
8323,53,6
8324,1049,3
8325,4178,4
8326,3498,4
8327,153,6
8328,525,3
8329,603,3
8330,657,2
8331,4404,5
8332,375,3
8333,1115,3
8334,3710,5
8335,4102,5
8336,3567,4
8337,3467,4
8338,3050,2
8339,2918,2
8340,2477,2
8341,3267,4
8342,3360,2
8343,4204,5
8344,2820,2
8345,2620,2
8346,1660,2
8347,1423,3
8348,2802,2
8349,2436,3
8350,1988,3
8351,3075,3
8352,2215,2
8353,1277,2
8354,4326,5
8355,3642,4
8356,3459,3
8357,3654,4
8358,1023,3
8359,3598,3
8360,3860,4
8361,3854,2
8362,1120,3
8363,1609,3
8364,4356,5
8365,1439,3
8366,3406,4
8367,3808,5
8368,2274,3
8369,1549,3
8370,837,2
8371,3559,4
8372,3972,5
8373,2600,2
8374,2564,4
8375,2186,2
8376,3687,5
8377,3277,4
8378,2228,2
8379,3629,3
8380,2562,2
8381,1512,3
8382,2772,4
8383,2485,3
8384,3807,2
8385,3259,2
8386,1853,2
8387,3036,2
8388,1819,1
8389,2759,2
8390,4426,4
8391,4034,5
8392,3953,5
8393,2555,3
8394,1102,3
8395,4220,5
8396,4364,5
8397,1884,3
8398,2242,3
8399,3456,3
8400,657,2
8401,4206,5
8402,4192,5
8403,3389,2
8404,1789,3
8405,2177,2
8406,1244,3
8407,433,3
8408,3341,2
8409,1230,3
8410,3945,5
8411,4199,5
8412,3388,4
8413,4501,5
8414,4501,5
8415,4111,4
8416,4033,5
8417,1600,3
8418,88,6
8419,2100,3
8420,4046,7
8421,1423,3
8422,3286,3
8423,2635,2
8424,1440,3
8425,1370,3
8426,3307,2
8427,1510,3
8428,4063,5
8429,2340,3
8430,3670,4
8431,3166,4
8432,3945,5
8433,4102,5
8434,1736,3
8435,3925,5
8436,4387,5
8437,3114,2
8438,2046,3
8439,1017,3
8440,2231,3
8441,986,2
8442,4092,5
8443,640,3
8444,2910,3
8445,3152,3
8446,4656,5
8447,2283,3
8448,3268,4
8449,3125,4
8450,3383,4
8451,3120,2
8452,2942,4
8453,3665,5
8454,3079,2
8455,1602,2
8456,1441,3
8457,3898,5
8458,3825,2
8459,3967,4
8460,1069,2
8461,2388,3
8462,1560,3
8463,2686,2
8464,3559,4
8465,3876,4
8466,2956,4
8467,717,2
8468,3930,5
8469,2105,2
8470,2105,2
8471,52,6
8472,474,3
8473,4263,5
8474,4146,5
8475,2115,2
8476,2378,4
8477,1037,3
8478,2758,3
8479,1534,3
8480,4563,5
8481,155,6
8482,4034,5
8483,2711,2
8484,3862,2
8485,4111,4
8486,4093,4
8487,3027,4
8488,3890,5
8489,2540,3
8490,3745,4
8491,4019,5
8492,1532,3
8493,1195,3
8494,1349,3
8495,1975,3
8496,1356,2
8497,4260,4
8498,2261,3
8499,3776,5
8500,2515,2
8501,4219,5
8502,880,3
8503,4305,4
8504,4172,4
8505,2910,3
8506,3868,5
8507,3377,3
8508,600,3
8509,2304,3
8510,533,3
8511,2430,2
8512,3268,4
8513,3239,4
8514,1136,2
8515,4550,4
8516,3605,2
8517,3721,4
8518,4098,5
8519,4092,5
8520,2896,3
8521,1113,3
8522,4448,5
8523,3700,2
8524,3960,5
8525,2900,2
8526,2650,2
8527,1798,1
8528,3474,2
8529,1099,3
8530,2584,2
8531,1765,2
8532,4124,5
8533,3679,3
8534,3787,5
8535,3345,2
8536,4046,7
8537,3946,4
8538,3862,2
8539,1225,3
8540,2476,2
8541,1995,3
8542,2430,2
8543,617,3
8544,3509,2
8545,2272,3
8546,1398,3
8547,3619,2
8548,3641,4
8549,24,6
8550,1230,3
8551,3376,3
8552,1282,3
8553,1665,2
8554,1705,2
8555,2430,2
8556,3338,4
8557,3404,2
8558,89,6
8559,115,6
8560,1505,2
8561,3131,3
8562,4343,5
8563,2637,2
8564,3722,3
8565,2122,3
8566,3450,3
8567,833,3
8568,2200,3
8569,3798,5
8570,2688,3
8571,2697,4
8572,3010,2
8573,1108,3
8574,2341,4
8575,4124,5
8576,558,3
8577,2378,4
8578,1766,2
8579,3091,4
8580,1196,3
8581,2496,2
8582,1818,1
8583,1789,3
8584,1915,3
8585,4559,5
8586,2958,4
8587,3729,5
8588,640,3
8589,2725,4
8590,3610,2
8591,4304,4
8592,2791,2
8593,3266,3
8594,1092,3
8595,1016,3
8596,3113,4
8597,2862,3
8598,2862,3
8599,3061,2
8600,52,6
8601,2844,4
8602,3283,4
8603,2776,2
8604,814,3
8605,3587,3
8606,1559,3
8607,2849,3
8608,2710,3
8609,1396,3
8610,2338,2
8611,4407,5
8612,2225,3
8613,3437,4
8614,2770,2
8615,3783,5
8616,2411,4
8617,4194,5
8618,2862,3
8619,1677,2
8620,1290,3
8621,3843,2
8622,3738,3
8623,4140,5
8624,2327,2
8625,1361,3
8626,2163,3
8627,3645,5
8628,925,2
8629,2174,3
8630,3310,2
8631,3768,2
8632,2314,3
8633,3829,5
8634,1277,2
8635,2524,2
8636,4172,4
8637,4541,5
8638,1109,3
8639,1103,3
8640,3702,4
8641,3695,4
8642,3286,3
8643,3031,3
8644,4223,5
8645,3136,2
8646,4167,5
8647,837,2
8648,1330,3
8649,3151,4
8650,3401,4
8651,2757,2
8652,2466,2
8653,3034,2
8654,2513,2
8655,3663,5
8656,654,3
8657,3566,3
8658,2587,3
8659,3440,4
8660,2713,2
8661,1523,3
8662,3134,3
8663,3794,3
8664,3700,2
8665,2633,2
8666,18,6
8667,927,3
8668,3435,3
8669,70,6
8670,2207,2
8671,3475,3
8672,3725,2
8673,2324,3
8674,2341,4
8675,3994,5
8676,4127,4
8677,2194,3
8678,4180,5
8679,3744,3
8680,3822,4
8681,1570,3
8682,3324,2
8683,2622,2
8684,670,2
8685,3642,4
8686,1558,3
8687,1951,3
8688,2880,2
8689,2304,3
8690,42,6
8691,2228,2
8692,2703,3
8693,3444,3
8694,3475,3
8695,3477,2
8696,3416,2
8697,1415,3
8698,2787,3
8699,2439,3
8700,1031,3
8701,3240,2
8702,2375,3
8703,880,3
8704,3295,2
8705,915,3
8706,4026,5
8707,111,6
8708,3707,5
8709,4291,4
8710,3034,2
8711,3999,5
8712,3655,5
8713,3142,2
8714,2832,3
8715,2938,4
8716,2764,2
8717,2477,2
8718,4565,5
8719,4271,5
8720,1086,3
8721,2213,2
8722,2143,3
8723,2499,4
8724,3104,3
8725,2461,3
8726,3166,4
8727,3681,5
8728,553,2
8729,2550,3
8730,3967,4
8731,1428,3
8732,2261,3
8733,58,6
8734,1487,2
8735,3203,2
8736,3799,5
8737,4170,5
8738,3712,2
8739,2622,2
8740,4154,5
8741,2646,3
8742,1619,2
8743,2375,3
8744,2677,3
8745,1457,2
8746,1484,3
8747,2942,4
8748,4013,4
8749,1631,1
8750,2980,4
8751,3994,5
8752,2375,3
8753,1080,2
8754,2616,2
8755,2384,2
8756,3756,4
8757,2572,2
8758,3443,3
8759,2918,2
8760,3862,2
8761,3416,2
8762,3083,4
8763,2497,2
8764,2408,4
8765,4235,5
8766,2045,3
8767,2555,3
8768,3810,3
8769,1806,2
8770,2271,2
8771,1771,1
8772,1465,3
8773,4400,5
8774,2972,2
8775,3259,2
8776,2410,2
8777,2828,4
8778,2699,2
8779,1556,2
8780,2863,3
8781,4323,5
8782,4162,4
8783,2570,2
8784,3109,3
8785,1632,3
8786,1257,3
8787,2635,2
8788,4362,5
8789,3168,2
8790,52,6
8791,1704,2
8792,4259,5
8793,3895,5
8794,1502,2
8795,2194,3
8796,4161,3
8797,3404,2
8798,2335,3
8799,1039,3
8800,4242,5
8801,4258,5
8802,3405,3
8803,559,3
8804,1106,3
8805,95,6
8806,1526,2
8807,1470,2
8808,1824,3
8809,1855,3
8810,2759,2
8811,2145,2
8812,3675,5
8813,2095,2
8814,2742,2
8815,3946,4
8816,4076,5
8817,2639,2
8818,3969,5
8819,3741,4
8820,1100,3
8821,4085,5
8822,1373,3
8823,2161,3
8824,2388,3
8825,2225,3
8826,62,6
8827,1153,1
8828,2829,4
8829,3069,4
8830,2481,3
8831,3868,5
8832,3504,2
8833,2164,3
8834,1038,3
8835,3458,4
8836,129,6
8837,579,2
8838,1809,1
8839,3866,5
8840,2645,2
8841,41,6
8842,3062,2
8843,4237,4
8844,4193,5
8845,1751,2
8846,3075,3
8847,25,6
8848,3330,3
8849,3439,3
8850,3360,2
8851,4098,5
8852,1202,2
8853,2113,2
8854,3144,2
8855,3105,3
8856,3364,2
8857,2594,3
8858,73,6
8859,4349,5
8860,1465,3
8861,1601,2
8862,3832,4
8863,21,6
8864,4068,5
8865,3535,5
8866,2443,3
8867,4065,5
8868,3910,4
8869,4140,5
8870,3728,5
8871,3953,5
8872,1447,3
8873,452,6
8874,3299,3
8875,1129,2
8876,1163,2
8877,1562,2
8878,4007,5
8879,4326,5
8880,2482,2
8881,1574,2
8882,4014,5
8883,2635,2
8884,2465,2
8885,557,2
8886,1149,3
8887,3613,3
8888,3757,5
8889,435,3
8890,4173,4
8891,2724,2
8892,3467,4
8893,3880,5
8894,3138,3
8895,4028,5
8896,3118,3
8897,2404,2
8898,4311,5
8899,4211,5
8900,3769,2
8901,4471,4
8902,1911,3
8903,3372,4
8904,2766,2
8905,2694,2
8906,3001,4
8907,3700,2
8908,3180,2
8909,1594,2
8910,3926,5
8911,2737,2
8912,3566,3
8913,3558,4
8914,2871,2
8915,1628,2
8916,3233,3
8917,4343,5
8918,3864,5
8919,2234,3
8920,3798,5
8921,2614,2
8922,1031,3
8923,1547,3
8924,1803,3
8925,14,6
8926,14,6
8927,3928,3
8928,1539,2
8929,4287,5
8930,1642,1
8931,2585,4
8932,400,3
8933,3552,4
8934,2893,2
8935,4559,5
8936,4059,5
8937,3296,4
8938,4175,4
8939,4107,4
8940,3988,5
8941,2026,2
8942,1362,3
8943,4084,3
8944,4222,5
8945,2214,2
8946,1467,3
8947,3809,5
8948,3443,3
8949,3459,3
8950,2331,3
8951,2504,2
8952,742,3
8953,2885,4
8954,1202,2
8955,4339,5
8956,880,3
8957,686,3
8958,2958,4
8959,1119,2
8960,4468,4
8961,3270,4
8962,3146,4
8963,4321,4
8964,3067,2
8965,2761,2
8966,4449,5
8967,2722,4
8968,23,6
8969,157,6
8970,3494,4
8971,2713,2
8972,2393,3
8973,1441,3
8974,596,3
8975,2207,2
8976,2068,2
8977,1049,3
8978,3421,3
8979,17,6
8980,1720,3
8981,4563,5
8982,2609,4
8983,3874,4
8984,3859,4
8985,1439,3
8986,3536,3
8987,3828,7
8988,1198,3
8989,2215,2
8990,3818,5
8991,3570,5
8992,3621,5
8993,3999,5
8994,4156,5
8995,3117,4
8996,3054,4
8997,3712,2
8998,3278,4
8999,4093,4
9000,4294,5
9001,2342,3
9002,2341,4
9003,4034,5
9004,3528,4
9005,1282,3
9006,367,6
9007,2762,2
9008,3975,5
9009,1844,1
9010,3691,5
9011,4283,4
9012,35,6
9013,4219,5
9014,810,3
9015,3411,3
9016,3059,4
9017,3011,4
9018,4598,5
9019,4113,4
9020,3940,5
9021,2904,2
9022,2788,3
9023,4227,5
9024,3591,4
9025,3084,2
9026,2231,3
9027,1137,2
9028,2757,2
9029,2665,2
9030,3707,5
9031,101,6
9032,3582,5
9033,3632,4
9034,3342,4
9035,1238,3
9036,2871,2
9037,794,3
9038,3330,3
9039,1493,2
9040,2323,4
9041,612,2
9042,598,2
9043,598,2
9044,546,3
9045,469,3
9046,356,3
9047,69,6
9048,69,6
9049,2384,2
9050,2889,4
9051,4559,5
9052,4242,5
9053,4479,5
9054,4545,5
9055,4562,5
9056,4599,5
9057,4608,5
9058,3949,4
9059,4306,5
9060,4320,5
9061,2000,2
9062,1721,2
9063,1716,2
9064,1586,2
9065,1586,2
9066,1586,2
9067,1660,2
9068,2095,2
9069,2042,2
9070,2482,2
9071,2482,2
9072,2515,2
9073,2516,2
9074,2466,2
9075,2414,2
9076,2452,2
9077,2293,2
9078,2402,2
9079,2086,2
9080,1294,2
9081,1160,2
9082,1892,3
9083,2014,3
9084,2014,3
9085,1583,3
9086,2605,3
9087,2337,3
9088,2448,3
9089,2317,3
9090,2164,3
9091,2176,3
9092,2176,3
9093,1387,3
9094,1349,3
9095,1760,2
9096,1433,3
9097,1361,3
9098,486,3
9099,702,3
9100,699,3
9101,699,3
9102,789,3
9103,789,3
9104,892,3
9105,849,3
9106,1012,3
9107,872,3
9108,665,3
9109,1146,3
9110,1146,3
9111,1278,2
9112,82,6
9113,2306,2
9114,1118,3
9115,443,6
9116,2306,2
9117,1153,2
9118,1118,3
9119,4352,4
9120,4352,4
9121,4352,4
9122,4402,4
9123,4402,4
9124,4373,4
9125,4373,4
9126,4359,4
9127,4325,4
9128,4359,4
9129,4207,4
9130,4400,5
9131,4400,5
9132,4400,5
9133,4355,5
9134,4298,5
9135,4298,5
9136,4288,4
9137,4288,4
9138,4172,4
9139,4172,4
9140,4210,4
9141,4172,4
9142,4239,4
9143,4239,4
9144,4239,4
9145,4210,4
9146,4221,4
9147,4221,4
9148,4175,4
9149,4175,4
9150,4137,4
9151,4090,4
9152,4090,4
9153,4038,4
9154,4038,4
9155,4038,4
9156,3985,4
9157,4111,4
9158,71,7
9159,71,7
9160,1487,2
9161,1493,2
9162,1751,2
9163,2124,2
9164,1751,2
9165,1751,2
9166,2124,2
9167,2124,2
9168,2306,2
9169,2306,2
9170,2306,2
9171,2306,2
9172,2306,2
9173,2306,2
9174,2378,4
9175,2298,4
9176,2411,4
9177,2323,4
9178,2518,4
9179,2804,4
9180,2804,4
9181,3166,4
9182,3166,4
9183,2889,4
9184,2569,4
9185,2499,4
9186,3089,4
9187,3089,4
9188,3073,4
9189,2884,4
9190,2884,4
9191,2884,4
9192,2884,4
9193,2853,4
9194,2732,4
9195,2732,4
9196,2732,4
9197,2732,4
9198,2775,4
9199,2775,4
9200,3170,4
9201,3157,4
9202,3277,4
9203,3626,4
9204,3543,4
9205,3458,4
9206,3458,4
9207,3458,4
9208,3458,4
9209,3622,4
9210,3622,4
9211,3626,4
9212,3626,4
9213,3372,4
9214,2948,4
9215,2948,4
9216,2341,4
9217,2300,4
9218,2471,4
9219,2519,4
9220,2519,4
9221,2519,4
9222,2519,4
9223,2517,4
9224,2517,4
9225,2517,4
9226,2564,4
9227,2581,4
9228,2581,4
9229,2575,4
9230,2575,4
9231,2499,4
9232,2499,4
9233,2499,4
9234,2569,4
9235,2569,4
9236,2569,4
9237,2569,4
9238,2638,4
9239,2638,4
9240,2638,4
9241,2638,4
9242,2725,4
9243,2725,4
9244,2697,4
9245,2885,4
9246,2885,4
9247,3011,4
9248,2855,4
9249,2855,4
9250,3011,4
9251,3166,4
9252,3166,4
9253,3166,4
9254,3166,4
9255,3199,4
9256,3241,4
9257,3241,4
9258,3305,4
9259,3375,4
9260,3568,4
9261,3559,4
9262,3559,4
9263,3491,4
9264,3401,4
9265,3401,4
9266,3392,4
9267,3561,4
9268,3561,4
9269,3561,4
9270,3561,4
9271,3561,4
9272,3561,4
9273,3491,4
9274,3644,4
9275,3518,4
9276,3518,4
9277,3559,4
9278,3641,4
9279,3742,4
9280,3641,4
9281,3684,4
9282,3684,4
9283,3742,4
9284,3732,4
9285,3658,4
9286,3658,4
9287,3658,4
9288,3658,4
9289,3658,4
9290,3636,4
9291,3658,4
9292,3782,4
9293,3782,4
9294,3699,4
9295,3699,4
9296,3837,4
9297,3782,4
9298,3860,4
9299,3909,4
9300,3909,4
9301,3837,4
9302,3851,4
9303,3837,4
9304,3782,4
9305,3782,4
9306,3782,4
9307,3851,4
9308,3924,4
9309,3851,4
9310,3924,4
9311,3924,4
9312,3924,4
9313,4037,4
9314,3978,4
9315,3966,4
9316,3978,4
9317,4029,4
9318,3978,4
9319,3978,4
9320,4029,4
9321,4029,4
9322,4037,4
9323,4037,4
9324,4037,4
9325,4037,4
9326,4116,4
9327,4037,4
9328,4116,4
9329,4116,4
9330,4116,4
9331,4043,4
9332,4078,4
9333,4078,4
9334,4078,4
9335,4078,4
9336,4029,4
9337,4117,4
9338,4117,4
9339,4120,4
9340,4120,4
9341,4120,4
9342,4120,4
9343,4120,4
9344,4184,4
9345,4184,4
9346,4184,4
9347,4184,4
9348,4184,4
9349,4184,4
9350,4184,4
9351,4248,4
9352,4248,4
9353,4248,4
9354,4322,4
9355,4249,4
9356,4249,4
9357,4249,4
9358,4186,4
9359,4187,4
9360,4187,4
9361,4187,4
9362,4062,4
9363,4062,4
9364,4188,4
9365,4251,4
9366,4250,4
9367,4250,4
9368,4250,4
9369,4249,4
9370,4249,4
9371,4249,4
9372,4300,4
9373,4301,4
9374,4341,4
9375,4393,4
9376,4393,4
9377,4427,4
9378,4427,4
9379,4463,4
9380,4327,4
9381,4327,4
9382,4388,4
9383,4406,4
9384,4435,4
9385,4432,4
9386,4432,4
9387,4435,4
9388,4435,4
9389,4471,4
9390,4471,4
9391,4512,4
9392,4512,4
9393,4512,4
9394,4512,4
9395,4512,4
9396,4512,4
9397,4514,4
9398,4514,4
9399,4514,4
9400,4514,4
9401,4549,4
9402,4582,4
9403,4551,4
9404,4549,4
9405,4549,4
9406,4549,4
9407,4549,4
9408,4549,4
9409,4549,4
9410,4551,4
9411,4551,4
9412,4578,4
9413,4578,4
9414,4578,4
9415,4578,4
9416,4578,4
9417,4578,4
9418,4578,4
9419,4551,4
9420,4551,4
9421,4579,4
9422,4582,4
9423,4611,4
9424,4611,4
9425,4613,4
9426,4656,4
9427,4613,4
9428,4579,4
9429,4579,4
9430,4613,4
9431,4611,4
9432,4656,4
9433,4656,4
9434,4656,4
9435,4656,4
9436,4656,4
9437,4656,4
9438,4656,4
9439,4656,4
9440,4513,4
9441,4513,4
9442,4513,4
9443,3978,4
9444,3909,4
9445,3909,4
9446,3721,4
9447,3721,4
9448,3882,4
9449,3914,4
9450,3800,4
9451,3800,4
9452,3800,4
9453,3666,4
9454,3800,4
9455,3800,4
9456,3970,4
9457,4010,4
9458,3873,4
9459,3959,4
9460,3959,4
9461,3959,4
9462,3959,4
9463,3873,4
9464,3873,4
9465,3947,4
9466,4162,4
9467,4302,4
9468,4302,4
9469,4303,4
9470,4302,4
9471,4097,4
9472,3117,4
9473,3117,4
9474,3117,4
9475,3117,4
9476,367,6
9477,3568,4
9478,3558,4
9479,3507,4
9480,3859,4
9481,3753,4
9482,3666,4
9483,3756,4
9484,3753,4
9485,3753,4
9486,3666,4
9487,3674,4
9488,3756,4
9489,3756,4
9490,3756,4
9491,3756,4
9492,3773,4
9493,3773,4
9494,3773,4
9495,3773,4
9496,3773,4
9497,3773,4
9498,4031,4
9499,4031,4
9500,3976,4
9501,4031,4
9502,4031,4
9503,4031,4
9504,4031,4
9505,4031,4
9506,4031,4
9507,4031,4
9508,4031,4
9509,4031,4
9510,3900,4
9511,3900,4
9512,3947,4
9513,4031,4
9514,4071,4
9515,4031,4
9516,4031,4
9517,4031,4
9518,4071,4
9519,4108,4
9520,4071,4
9521,4071,4
9522,4071,4
9523,4031,4
9524,3934,4
9525,4031,4
9526,3786,4
9527,3786,4
9528,3786,4
9529,3786,4
9530,3734,4
9531,3734,4
9532,3695,4
9533,3734,4
9534,3702,4
9535,3841,4
9536,3841,4
9537,3946,4
9538,3932,4
9539,3932,4
9540,3932,4
9541,3812,4
9542,3812,4
9543,3812,4
9544,3812,4
9545,3812,4
9546,4013,4
9547,4013,4
9548,4060,4
9549,4013,4
9550,4060,4
9551,4113,4
9552,4178,4
9553,4178,4
9554,4113,4
9555,4113,4
9556,4178,4
9557,4215,4
9558,4053,4
9559,4053,4
9560,4053,4
9561,4121,4
9562,4053,4
9563,3372,4
9564,3342,4
9565,3342,4
9566,3261,4
9567,3261,4
9568,3261,4
9569,3083,4
9570,3083,4
9571,3270,4
9572,3500,4
9573,3440,4
9574,3467,4
9575,3428,4
9576,3471,4
9577,3471,4
9578,3471,4
9579,3567,4
9580,3519,4
9581,3519,4
9582,3631,4
9583,3631,4
9584,3631,4
9585,3631,4
9586,4568,5
9587,4466,4
9588,4412,4
9589,4412,4
9590,4456,4
9591,4456,4
9592,4412,4
9593,4412,4
9594,4354,4
9595,4354,4
9596,4478,4
9597,4478,5
9598,4513,4
9599,4303,4
9600,4354,4
9601,4354,4
9602,4119,4
9603,4234,4
9604,4119,4
9605,4031,4
9606,4119,4
9607,4119,4
9608,4181,4
9609,4181,4
9610,4181,4
9611,4181,4
9612,4181,4
9613,4181,4
9614,4181,4
9615,4181,4
9616,4181,4
9617,4181,4
9618,4181,4
9619,4181,4
9620,4181,4
9621,4181,4
9622,4234,4
9623,4234,4
9624,4234,4
9625,4234,4
9626,4234,4
9627,4234,4
9628,4097,4
9629,4030,4
9630,4031,4
9631,4127,4
9632,4478,4
9633,4354,4
9634,4579,4
9635,4579,4
9636,4597,4
9637,4597,4
9638,4597,4
9639,4597,4
9640,4701,5
9641,4260,4
9642,4260,4
9643,4260,4
9644,4297,4
9645,4297,4
9646,4260,4
9647,4297,4
9648,4297,4
9649,4297,4
9650,4297,4
9651,4297,4
9652,4297,4
9653,4297,4
9654,4297,4
9655,4297,4
9656,4297,4
9657,4297,4
9658,4297,4
9659,4297,4
9660,4297,4
9661,4297,4
9662,4297,4
9663,4297,4
9664,4297,4
9665,4297,4
9666,4297,4
9667,4297,4
9668,4331,4
9669,4352,4
9670,4234,4
9671,4352,4
9672,4297,4
9673,4424,4
9674,4352,4
9675,4424,4
9676,4379,4
9677,4379,4
9678,4558,5
9679,4558,4
9680,4558,4
9681,4450,4
9682,4558,4
9683,4450,4
9684,4558,4
9685,4460,4
9686,4558,4
9687,3934,4
9688,3857,4
9689,4450,4
9690,4450,4
9691,4417,4
9692,4437,4
9693,4437,4
9694,4426,4
9695,4426,4
9696,4370,4
9697,4370,4
9698,4304,4
9699,4304,4
9700,4304,4
9701,4304,4
9702,4321,4
9703,4321,4
9704,4321,4
9705,4345,4
9706,4291,4
9707,4345,4
9708,4345,4
9709,4345,4
9710,4291,4
9711,4360,4
9712,4360,4
9713,4246,4
9714,4246,4
9715,4246,4
9716,4246,4
9717,4246,4
9718,4291,4
9719,4283,4
9720,4283,4
9721,4260,4
9722,4260,4
9723,4260,4
9724,4260,4
9725,4176,4
9726,4176,4
9727,4176,4
9728,4174,4
9729,4173,4
9730,4070,4
9731,4070,4
9732,4070,4
9733,4070,4
9734,3976,4
9735,3976,4
9736,3812,4
9737,3815,4
9738,3815,4
9739,3670,4
9740,3670,4
9741,3745,4
9742,3624,4
9743,3624,4
9744,3624,4
9745,3542,4
9746,3319,4
9747,3607,4
9748,3607,4
9749,3607,4
9750,3319,4
9751,3319,4
9752,3528,4
9753,3319,4
9754,3346,4
9755,3346,4
9756,3452,4
9757,3452,4
9758,3637,4
9759,3607,4
9760,3623,4
9761,3205,4
9762,3205,4
9763,3239,4
9764,3250,4
9765,3319,4
9766,3192,4
9767,3117,4
9768,3074,4
9769,3074,4
9770,2950,4
9771,3181,4
9772,3181,4
9773,3235,4
9774,3740,4
9775,3740,4
9776,3974,4
9777,3832,4
9778,3902,4
9779,4173,4
9780,4045,4
9781,4004,4
9782,4020,4
9783,3967,4
9784,3981,4
9785,3894,4
9786,3747,4
9787,3632,4
9788,3632,4
9789,3546,4
9790,3546,4
9791,3318,4
9792,3318,4
9793,3318,4
9794,3318,4
9795,2851,4
9796,2851,4
9797,3001,4
9798,2978,4
9799,3511,4
9800,3511,4
9801,3511,4
9802,3511,4
9803,3511,4
9804,3394,4
9805,3400,4
9806,3394,4
9807,3499,4
9808,3283,4
9809,3219,4
9810,3294,4
9811,3528,4
9812,3528,4
9813,3117,4
9814,2883,4
9815,2883,4
9816,3091,4
9817,3060,4
9818,2947,4
9819,3151,4
9820,3125,4
9821,3125,4
9822,3054,4
9823,3054,4
9824,3204,4
9825,3279,4
9826,3526,4
9827,3363,4
9828,3265,4
9829,3265,4
9830,3265,4
9831,3055,4
9832,2877,4
9833,2828,4
9834,2806,4
9835,3059,4
9836,3099,4
9837,3288,4
9838,3288,4
9839,3194,4
9840,3160,2
9841,3062,2
9842,3278,4
9843,3406,4
9844,3406,4
9845,3698,4
9846,3522,4
9847,3522,4
9848,3278,4
9849,3402,4
9850,3278,4
9851,3406,4
9852,2965,4
9853,2965,4
9854,2965,4
9855,2965,4
9856,2965,4
9857,2965,4
9858,2927,4
9859,3494,4
9860,3591,4
9861,3591,4
9862,3775,4
9863,3775,4
9864,3526,4
9865,3730,4
9866,3741,4
9867,3698,2
9868,3698,2
9869,3698,2
9870,3698,2
9871,3698,2
9872,3824,4
9873,3741,4
9874,3876,4
9875,3824,4
9876,3824,4
9877,3876,4
9878,3876,4
9879,3824,4
9880,3824,4
9881,3987,4
9882,3985,4
9883,3822,4
9884,3819,4
9885,3819,4
9886,3765,4
9887,3939,4
9888,3939,4
9889,3939,4
9890,3992,4
9891,3950,4
9892,3950,4
9893,3992,4
9894,3950,4
9895,3942,4
9896,3862,4
9897,3962,4
9898,54,6
9899,54,6
9900,62,6
9901,75,6
9902,68,6
9903,65,6
9904,65,6
9905,323,6
9906,65,6
9907,686,3
9908,818,2
9909,17,6
9910,17,6
9911,17,6
9912,71,7
9913,71,7
9914,71,7
9915,17,6
9916,4087,3
9917,4087,3
9918,4087,3
9919,3915,3
9920,3915,3
9921,3915,3
9922,3915,3
9923,3915,3
9924,3875,3
9925,3875,3
9926,3875,3
9927,4149,3
9928,4159,3
9929,4295,3
9930,4149,3
9931,4136,3
9932,4149,3
9933,1104,2
9934,1104,2
9935,1331,2
9936,1288,2
9937,3775,4
9938,3526,4
9939,3402,2
9940,3608,2
9941,3608,2
9942,3608,2
9943,3608,2
9944,3608,2
9945,3608,2
9946,3992,4
9947,3876,4
9948,3992,4
9949,3876,4
9950,3987,4
9951,3987,4
9952,3942,4
9953,3962,4
9954,3949,4
9955,2690,2
9956,2690,2
9957,2737,2
9958,2737,2
9959,2816,2
9960,2835,2
9961,2835,2
9962,3160,2
9963,3232,2
9964,3232,2
9965,3160,2
9966,3160,2
9967,3229,2
9968,3232,2
9969,3154,2
9970,3154,2
9971,3153,2
9972,3374,2
9973,3374,2
9974,3486,2
9975,3486,2
9976,3486,2
9977,3486,2
9978,3399,2
9979,3314,2
9980,3314,2
9981,3314,2
9982,3314,2
9983,3314,2
9984,3314,2
9985,3314,2
9986,3341,2
9987,2915,2
9988,2923,2
9989,2984,2
9990,3050,2
9991,2984,2
9992,2994,2
9993,3050,2
9994,3050,2
9995,3096,2
9996,3050,2
9997,3130,2
9998,3130,2
9999,3153,2
10000,3035,2
10001,2981,2
10002,3026,2
10003,3035,2
10004,3035,2
10005,3135,2
10006,3066,2
10007,3226,2
10008,3066,2
10009,3101,2
10010,3226,2
10011,2860,2
10012,2871,2
10013,2871,2
10014,2871,2
10015,2871,2
10016,2880,2
10017,2880,2
10018,2871,2
10019,2871,2
10020,2880,2
10021,2871,2
10022,4730,5
10023,4701,5
10024,2760,4
10025,2760,4
10026,2523,4
10027,2809,4
10028,2756,4
10029,2781,4
10030,2709,4
10031,2717,4
10032,2687,4
10033,2687,4
10034,2523,4
10035,2706,4
10036,2598,4
10037,2736,4
10038,2712,4
10039,2779,4
10040,2795,4
10041,2795,4
10042,2800,4
10043,2800,4
10044,2828,4
10045,2722,4
10046,2722,4
10047,2722,4
10048,2916,4
10049,2916,4
10050,2916,4
10051,3060,4
10052,3819,4
10053,717,2
10054,747,2
10055,818,2
10056,851,2
10057,807,2
10058,807,2
10059,807,2
10060,928,2
10061,928,2
10062,1069,2
10063,963,2
10064,963,2
10065,1027,2
10066,1027,2
10067,1074,2
10068,1074,2
10069,1005,2
10070,852,2
10071,879,2
10072,844,2
10073,2387,2
10074,2302,2
10075,2302,2
10076,3997,3
10077,4136,3
10078,3997,3
10079,664,3
10080,664,3
10081,743,3
10082,558,3
10083,771,3
10084,772,3
10085,640,3
10086,640,3
10087,640,3
10088,1025,2
10089,1025,2
10090,4301,4
10091,4251,4
10092,3966,4
10093,4005,4
10094,3914,4
10095,3914,4
10096,4062,4
10097,4062,4
10098,4122,4
10099,4122,4
10100,4188,4
10101,4188,4
10102,4188,4
10103,4251,4
10104,4342,4
10105,4302,4
10106,3860,4
10107,4568,5
10108,4558,5
10109,4568,5
10110,4568,5
10111,4568,5
10112,4568,5
10113,4558,5
10114,4558,5
10115,4558,5
10116,4701,5
10117,4701,5
10118,4786,5
10119,4757,5
10120,4786,5
10121,323,6
10122,2416,2
10123,2416,2
10124,2430,2
10125,2612,2
10126,2990,2
10127,2990,2
10128,2776,2
10129,2776,2
10130,2776,2
10131,3920,3
10132,3920,3
10133,3920,3
10134,3609,3
10135,3566,3
10136,3566,3
10137,3444,3
10138,3444,3
10139,3411,3
10140,3411,3
10141,3411,3
10142,3548,4
10143,3281,4
10144,3223,4
10145,3223,4
10146,3223,4
10147,2844,4
10148,2917,4
10149,2844,4
10150,2917,4
10151,2844,4
10152,3048,4
10153,3048,4
10154,3048,4
10155,3027,4
10156,3027,4
10157,3008,4
10158,3183,4
10159,3108,4
10160,3108,4
10161,3108,4
10162,3189,4
10163,3189,4
10164,3189,4
10165,3268,4
10166,3268,4
10167,3338,4
10168,3338,4
10169,3519,4
10170,3431,4
10171,3344,4
10172,3270,4
10173,3431,4
10174,3431,4
10175,3548,4
10176,2774,4
10177,2952,4
10178,2952,4
10179,2952,4
10180,3082,4
10181,2956,4
10182,2931,4
10183,3325,4
10184,3346,4
10185,3020,4
10186,3164,4
10187,3318,4
10188,3407,4
10189,3528,4
10190,3528,4
10191,3642,4
10192,3637,4
10193,3637,4
10194,3695,4
10195,3695,4
10196,3695,4
10197,3900,4
10198,4071,4
10199,4352,4
10200,4053,4
10201,3745,4
10202,4247,4
10203,4426,4
10204,4438,4
10205,4402,4
10206,4402,4
10207,3654,4
10208,1848,1
10209,3546,4
10210,3747,4
10211,3073,4
10212,3073,4
10213,3073,4
10214,1667,2
10215,1700,2
10216,1620,2
10217,1751,2
10218,3157,4
10219,2938,4
10220,3699,4
10221,3392,4
10222,3644,4
10223,2732,4
10224,2610,4
10225,2853,4
10226,2732,4
10227,2732,4
10228,3065,4
10229,3223,4
10230,3460,3
10231,3958,3
10232,3723,3
10233,3750,3
10234,3723,3
10235,3633,3
10236,3598,3
10237,3598,3
10238,3598,3
10239,3625,3
10240,3722,3
10241,3598,3
10242,3460,3
10243,3460,3
10244,3369,3
10245,3369,3
10246,3625,3
10247,3495,3
10248,3492,3
10249,3411,3
10250,3411,3
10251,3237,3
10252,3237,3
10253,3237,3
10254,3273,3
10255,3237,3
10256,3188,3
10257,3286,3
10258,3286,3
10259,3441,3
10260,3475,3
10261,3441,3
10262,3492,3
10263,3495,3
10264,3502,2
10265,3492,3
10266,3492,3
10267,3492,3
10268,3377,3
10269,3441,3
10270,3202,3
10271,2976,3
10272,3171,3
10273,3171,3
10274,3263,3
10275,3263,3
10276,3320,3
10277,3152,3
10278,3152,3
10279,3273,3
10280,3273,3
10281,3118,3
10282,3118,3
10283,3118,3
10284,3100,3
10285,3560,3
10286,3456,3
10287,2992,3
10288,2992,3
10289,3833,3
10290,3833,3
10291,2863,3
10292,3040,3
10293,3040,3
10294,3040,3
10295,2179,3
10296,3118,3
10297,3118,3
10298,3118,3
10299,3118,3
10300,3118,3
10301,2946,3
10302,2930,3
10303,2986,3
10304,2707,3
10305,2930,3
10306,3075,3
10307,3188,3
10308,3131,3
10309,3051,3
10310,3051,3
10311,2951,3
10312,2951,3
10313,2842,3
10314,2837,3
10315,2837,3
10316,2785,3
10317,2674,3
10318,2674,3
10319,2842,3
10320,2976,3
10321,2976,3
10322,2910,3
10323,2910,3
10324,2910,3
10325,2910,3
10326,557,2
10327,818,2
10328,818,2
10329,851,2
10330,818,2
10331,818,2
10332,818,2
10333,818,2
10334,818,2
10335,583,2
10336,612,2
10337,612,2
10338,636,2
10339,670,2
10340,636,2
10341,638,2
10342,895,2
10343,1010,2
10344,969,2
10345,969,2
10346,969,2
10347,1025,2
10348,1025,2
10349,1221,2
10350,1119,2
10351,1025,2
10352,1136,2
10353,1076,2
10354,828,2
10355,657,2
10356,439,3
10357,3513,2
10358,3513,2
10359,3523,2
10360,3513,2
10361,3416,2
10362,3416,2
10363,3416,2
10364,3360,2
10365,3360,2
10366,3257,2
10367,3165,2
10368,3257,2
10369,3345,2
10370,3410,2
10371,3410,2
10372,3410,2
10373,3360,2
10374,2635,2
10375,2686,2
10376,2601,2
10377,2601,2
10378,2541,2
10379,2541,2
10380,2637,2
10381,2762,2
10382,3049,2
10383,2979,2
10384,3632,4
10385,4020,4
10386,4090,4
10387,4003,4
10388,3402,4
10389,3446,2
10390,2864,4
10391,3876,4
10392,3876,4
10393,4221,5
10394,4221,4
10395,4221,4
10396,4676,5
10397,4559,5
10398,4526,5
10399,4545,5
10400,4545,5
10401,4545,5
10402,4479,5
10403,4562,5
10404,4562,5
10405,4353,5
10406,3999,5
10407,3999,5
10408,3999,5
10409,4065,5
10410,4065,5
10411,4065,5
10412,4065,5
10413,4065,5
10414,3999,5
10415,3957,5
10416,3988,5
10417,3953,5
10418,4098,5
10419,4098,5
10420,4098,5
10421,4098,5
10422,4139,5
10423,4018,5
10424,3980,5
10425,3927,5
10426,3938,5
10427,3938,5
10428,3938,5
10429,3952,5
10430,3952,5
10431,3877,5
10432,4086,5
10433,4086,5
10434,4086,5
10435,4086,5
10436,4007,5
10437,4018,5
10438,4018,5
10439,4018,5
10440,4018,5
10441,3980,5
10442,3980,5
10443,4007,5
10444,3980,5
10445,4007,5
10446,3621,5
10447,3621,5
10448,3757,5
10449,3808,5
10450,3757,5
10451,3662,5
10452,3757,5
10453,3706,5
10454,3706,5
10455,3586,5
10456,3586,5
10457,3655,5
10458,3655,5
10459,4242,5
10460,4242,5
10461,4242,5
10462,3570,5
10463,3570,5
10464,3570,5
10465,3570,5
10466,3570,5
10467,3570,5
10468,3663,5
10469,3788,5
10470,3708,5
10471,3651,5
10472,3516,5
10473,3516,5
10474,3516,5
10475,3563,5
10476,3563,5
10477,3573,5
10478,3563,5
10479,3573,5
10480,3638,5
10481,3638,5
10482,3574,5
10483,3574,5
10484,3574,5
10485,3650,5
10486,3650,5
10487,3635,5
10488,3635,5
10489,3707,5
10490,3790,5
10491,3707,5
10492,2260,2
10493,2265,2
10494,2208,2
10495,2208,2
10496,2203,2
10497,2155,2
10498,2029,2
10499,3002,2
10500,2271,2
10501,2416,2
10502,2430,2
10503,2616,2
10504,2616,2
10505,2765,2
10506,2765,2
10507,640,3
10508,772,3
10509,640,3
10510,640,3
10511,640,3
10512,660,3
10513,872,3
10514,1012,3
10515,872,3
10516,872,3
10517,1012,3
10518,1012,3
10519,1012,3
10520,772,3
10521,771,3
10522,664,3
10523,840,3
10524,862,3
10525,1048,3
10526,1031,3
10527,517,3
10528,517,3
10529,517,3
10530,522,3
10531,522,3
10532,476,3
10533,482,3
10534,476,3
10535,476,3
10536,533,3
10537,541,3
10538,541,3
10539,541,3
10540,533,3
10541,518,3
10542,518,3
10543,499,3
10544,533,3
10545,533,3
10546,499,3
10547,533,3
10548,533,3
10549,499,3
10550,476,3
10551,813,3
10552,927,3
10553,2482,2
10554,2516,2
10555,2516,2
10556,2449,2
10557,2466,2
10558,2466,2
10559,2186,2
10560,2262,2
10561,2067,2
10562,2064,2
10563,2064,2
10564,3915,3
10565,3915,3
10566,4149,3
10567,4295,3
10568,4295,3
10569,4295,3
10570,3955,3
10571,3997,3
10572,3997,3
10573,3997,3
10574,3997,3
10575,3889,3
10576,3997,3
10577,3889,3
10578,3997,3
10579,3997,3
10580,3889,3
10581,3845,3
10582,3760,3
10583,3845,3
10584,4136,3
10585,4084,3
10586,4084,3
10587,3928,3
10588,3928,3
10589,3514,3
10590,3512,3
10591,3915,3
10592,2383,3
10593,2383,3
10594,2467,3
10595,2333,3
10596,2467,3
10597,2333,3
10598,2333,3
10599,2102,3
10600,2137,3
10601,2225,3
10602,2242,3
10603,2290,3
10604,2357,3
10605,2370,3
10606,2397,3
10607,2357,3
10608,2354,3
10609,2291,3
10610,2486,3
10611,2454,3
10612,2444,3
10613,2444,3
10614,2444,3
10615,2483,3
10616,948,3
10617,764,3
10618,2992,3
10619,3361,3
10620,3766,3
10621,3766,3
10622,3915,3
10623,3915,3
10624,3664,3
10625,3212,3
10626,612,2
10627,2150,2
10628,2165,2
10629,1630,1
10630,1651,1
10631,1638,1
10632,1638,1
10633,1642,1
10634,1800,1
10635,1798,1
10636,1950,1
10637,1950,1
10638,1853,2
10639,1806,2
10640,1619,2
10641,1613,1
10642,1581,1
10643,1639,1
10644,1639,1
10645,1641,1
10646,1599,1
10647,1639,1
10648,1680,1
10649,1734,1
10650,1908,1
10651,2030,1
10652,2112,1
10653,1996,1
10654,1996,1
10655,2178,2
10656,2278,2
10657,1721,2
10658,1721,2
10659,1721,2
10660,1721,2
10661,1665,2
10662,1716,2
10663,1665,2
10664,1764,2
10665,1716,2
10666,1737,2
10667,1737,2
10668,1745,2
10669,1745,2
10670,1745,2
10671,1765,2
10672,1765,2
10673,1879,2
10674,1879,2
10675,1866,2
10676,1866,2
10677,1987,2
10678,1987,2
10679,1987,2
10680,1607,2
10681,1626,2
10682,1625,2
10683,1625,2
10684,1625,2
10685,1625,2
10686,2612,2
10687,2547,2
10688,2547,2
10689,2513,2
10690,2432,3
10691,2410,2
10692,2410,2
10693,2410,2
10694,2513,2
10695,2477,2
10696,2477,2
10697,2477,2
10698,2509,2
10699,2509,2
10700,2600,2
10701,2120,2
10702,2105,2
10703,2105,2
10704,2105,2
10705,2165,2
10706,2165,2
10707,2215,2
10708,2215,2
10709,2215,2
10710,2263,2
10711,2262,2
10712,2263,2
10713,2263,2
10714,2263,2
10715,2262,2
10716,2265,2
10717,2351,2
10718,2349,2
10719,2389,2
10720,2391,2
10721,2482,2
10722,2482,2
10723,2326,2
10724,2271,2
10725,2000,2
10726,1738,1
10727,1154,2
10728,1908,2
10729,1908,2
10730,2086,2
10731,1154,2
10732,2205,2
10733,2253,2
10734,2130,2
10735,2254,2
10736,2413,2
10737,2404,2
10738,2413,2
10739,2457,2
10740,2457,2
10741,2457,2
10742,2149,2
10743,2193,2
10744,2372,2
10745,2213,2
10746,2497,2
10747,2501,2
10748,2533,2
10749,2533,2
10750,2501,2
10751,2497,2
10752,2557,2
10753,2639,2
10754,2622,2
10755,2639,2
10756,2622,2
10757,2622,2
10758,2583,2
10759,2620,2
10760,2620,2
10761,2620,2
10762,2620,2
10763,2534,2
10764,2622,2
10765,2655,2
10766,2552,2
10767,2552,2
10768,2607,2
10769,2502,2
10770,2563,2
10771,2563,2
10772,2502,2
10773,2442,2
10774,2465,2
10775,2504,2
10776,2465,2
10777,2633,2
10778,2627,2
10779,2627,2
10780,2627,2
10781,2627,2
10782,2627,2
10783,2572,2
10784,2641,2
10785,2713,2
10786,2726,2
10787,2726,2
10788,2726,2
10789,2701,2
10790,2701,2
10791,2723,2
10792,2723,2
10793,2723,2
10794,2723,2
10795,2724,2
10796,2724,2
10797,2802,2
10798,2735,2
10799,2665,2
10800,2694,2
10801,2711,2
10802,2711,2
10803,2711,2
10804,2664,2
10805,2655,2
10806,2655,2
10807,2704,2
10808,2684,2
10809,2705,2
10810,2700,2
10811,2738,2
10812,2759,2
10813,2759,2
10814,2820,2
10815,2872,2
10816,2718,2
10817,2777,2
10818,2794,2
10819,2807,2
10820,2821,2
10821,2802,2
10822,2875,2
10823,2935,2
10824,2915,2
10825,3062,2
10826,3246,2
10827,3229,2
10828,3232,2
10829,2945,2
10830,2945,2
10831,2918,2
10832,2918,2
10833,2918,2
10834,1433,3
10835,16,6
10836,16,6
10837,42,6
10838,381,3
10839,381,3
10840,357,3
10841,347,3
10842,357,3
10843,385,3
10844,385,3
10845,377,3
10846,401,3
10847,401,3
10848,386,3
10849,459,3
10850,459,3
10851,459,3
10852,470,3
10853,510,3
10854,357,3
10855,357,3
10856,357,3
10857,356,3
10858,3453,3
10859,1274,3
10860,1274,3
10861,1274,3
10862,4084,3
10863,4084,3
10864,3919,3
10865,3928,3
10866,3928,3
10867,3833,3
10868,3928,3
10869,3928,3
10870,3928,3
10871,1405,3
10872,1490,3
10873,1415,3
10874,1415,3
10875,1361,3
10876,1423,3
10877,1423,3
10878,1423,3
10879,1423,3
10880,1423,3
10881,1423,3
10882,1423,3
10883,2526,3
10884,2526,3
10885,2526,3
10886,2526,3
10887,1415,3
10888,2946,3
10889,2755,3
10890,2755,3
10891,2755,3
10892,2930,3
10893,2703,3
10894,2703,3
10895,2703,3
10896,2626,3
10897,2626,3
10898,2626,3
10899,2560,3
10900,2560,3
10901,2544,3
10902,1756,3
10903,1840,3
10904,1889,3
10905,1993,3
10906,1373,3
10907,1368,3
10908,1368,3
10909,1368,3
10910,1368,3
10911,1266,3
10912,1266,3
10913,1363,3
10914,1319,3
10915,1319,3
10916,1354,3
10917,1319,3
10918,1308,3
10919,1308,3
10920,1447,3
10921,1370,3
10922,1442,3
10923,1442,3
10924,1569,3
10925,1561,3
10926,1627,3
10927,1569,3
10928,1640,3
10929,1563,3
10930,1509,3
10931,1310,3
10932,1310,3
10933,1310,3
10934,1282,3
10935,1142,3
10936,1428,3
10937,952,3
10938,3026,2
10939,3135,2
10940,3135,2
10941,2960,2
10942,2960,2
10943,2920,2
10944,3018,2
10945,2871,2
10946,2650,2
10947,2743,2
10948,2743,2
10949,2645,2
10950,2645,2
10951,2480,2
10952,2463,2
10953,3608,2
10954,3785,2
10955,3608,2
10956,3725,2
10957,3725,2
10958,3725,2
10959,3725,2
10960,3785,2
10961,3785,2
10962,3785,2
10963,3785,2
10964,3862,2
10965,3862,2
10966,3696,2
10967,3659,2
10968,3696,2
10969,3659,2
10970,3618,2
10971,3611,2
10972,3611,2
10973,3553,2
10974,3553,2
10975,3557,2
10976,3446,2
10977,3446,2
10978,3259,2
10979,3256,2
10980,3256,2
10981,3256,2
10982,3168,2
10983,3168,2
10984,3168,2
10985,3168,2
10986,3072,2
10987,3186,2
10988,3186,2
10989,3186,2
10990,2936,2
10991,2936,2
10992,2936,2
10993,2936,2
10994,2936,2
10995,2936,2
10996,2936,2
10997,2937,2
10998,2818,2
10999,2426,2
11000,2426,2
11001,2394,2
11002,2394,2
11003,2407,2
11004,2418,2
11005,2463,2
11006,2463,2
11007,2463,2
11008,2419,2
11009,2419,2
11010,2419,2
11011,2399,2
11012,2415,2
11013,2449,2
11014,2449,2
11015,2293,2
11016,2293,2
11017,2355,2
11018,2355,2
11019,2516,2
11020,2571,2
11021,2571,2
11022,2571,2
11023,2616,2
11024,2571,2
11025,2571,2
11026,2571,2
11027,2613,2
11028,2571,2
11029,2571,2
11030,2662,2
11031,2662,2
11032,2613,2
11033,2613,2
11034,2669,2
11035,2662,2
11036,2662,2
11037,2662,2
11038,2613,2
11039,2669,2
11040,2669,2
11041,2669,2
11042,2613,2
11043,2613,2
11044,2613,2
11045,2584,2
11046,2584,2
11047,2524,2
11048,2524,2
11049,2584,2
11050,810,3
11051,2173,3
11052,2322,3
11053,3928,3
11054,3928,3
11055,3928,3
11056,2524,2
11057,2524,2
11058,2584,2
11059,2619,2
11060,2708,2
11061,2708,2
11062,2751,2
11063,2751,2
11064,2751,2
11065,2508,2
11066,2508,2
11067,2508,2
11068,2508,2
11069,2599,2
11070,2599,2
11071,2645,2
11072,2645,2
11073,2645,2
11074,2645,2
11075,2645,2
11076,2749,2
11077,2749,2
11078,2749,2
11079,2749,2
11080,2749,2
11081,2730,2
11082,2901,2
11083,2901,2
11084,2901,2
11085,2893,2
11086,2893,2
11087,3067,2
11088,3067,2
11089,2900,2
11090,2907,2
11091,2907,2
11092,2907,2
11093,2876,2
11094,2876,2
11095,2789,2
11096,2857,2
11097,2789,2
11098,2789,2
11099,2789,2
11100,2789,2
11101,2857,2
11102,2789,2
11103,2742,2
11104,2742,2
11105,2742,2
11106,2742,2
11107,2742,2
11108,2742,2
11109,2761,2
11110,2742,2
11111,2742,2
11112,2761,2
11113,2761,2
11114,2742,2
11115,2761,2
11116,2761,2
11117,2765,2
11118,2635,2
11119,2635,2
11120,2702,2
11121,2702,2
11122,2702,2
11123,2661,2
11124,2661,2
11125,2600,2
11126,2596,2
11127,2600,2
11128,2699,2
11129,2699,2
11130,2623,2
11131,2699,2
11132,2699,2
11133,1602,2
11134,1562,2
11135,1592,2
11136,1592,2
11137,1592,2
11138,1574,2
11139,1598,2
11140,1594,2
11141,1666,2
11142,1666,2
11143,1666,2
11144,1666,2
11145,1666,2
11146,1666,2
11147,1652,2
11148,1637,2
11149,1704,2
11150,1758,2
11151,1704,2
11152,1706,2
11153,1722,2
11154,1722,2
11155,1766,2
11156,1766,2
11157,1660,2
11158,1586,2
11159,1586,2
11160,1586,2
11161,1594,2
11162,1588,2
11163,1588,2
11164,1556,2
11165,1556,2
11166,1556,2
11167,1539,2
11168,1539,2
11169,1556,2
11170,1502,2
11171,1554,2
11172,1554,2
11173,1554,2
11174,1508,2
11175,1518,2
11176,1554,2
11177,1492,2
11178,1518,2
11179,1518,2
11180,20,6
11181,20,6
11182,34,6
11183,25,6
11184,25,6
11185,30,6
11186,28,6
11187,20,6
11188,24,6
11189,21,6
11190,21,6
11191,24,6
11192,35,6
11193,35,6
11194,31,6
11195,31,6
11196,31,6
11197,44,6
11198,44,6
11199,44,6
11200,50,6
11201,44,6
11202,50,6
11203,1508,2
11204,1475,2
11205,1508,2
11206,1475,2
11207,1431,2
11208,1403,2
11209,1403,2
11210,1403,2
11211,1403,2
11212,1376,2
11213,1448,2
11214,1448,2
11215,1448,2
11216,1448,2
11217,1448,2
11218,1448,2
11219,1470,2
11220,1470,2
11221,1521,2
11222,1521,2
11223,1521,2
11224,1521,2
11225,1376,2
11226,1376,2
11227,1419,2
11228,1014,2
11229,1024,2
11230,1024,2
11231,1024,2
11232,994,2
11233,994,2
11234,1011,2
11235,1054,2
11236,1348,2
11237,1348,2
11238,1348,2
11239,1348,2
11240,1250,2
11241,1250,2
11242,1348,2
11243,1485,2
11244,1520,2
11245,1381,2
11246,1457,2
11247,1476,2
11248,1338,2
11249,1457,2
11250,1457,2
11251,1338,2
11252,1250,2
11253,1250,2
11254,1136,2
11255,1136,2
11256,1167,2
11257,1167,2
11258,1167,2
11259,1167,2
11260,1114,2
11261,1129,2
11262,1051,2
11263,1051,2
11264,1051,2
11265,1084,2
11266,1010,2
11267,1068,2
11268,1068,2
11269,1119,2
11270,1229,2
11271,1229,2
11272,1264,2
11273,1264,2
11274,1264,2
11275,1202,2
11276,1202,2
11277,1202,2
11278,1202,2
11279,1160,2
11280,1160,2
11281,1381,2
11282,1502,2
11283,1449,2
11284,1449,2
11285,1502,2
11286,1502,2
11287,1449,2
11288,1449,2
11289,1356,2
11290,1356,2
11291,1356,2
11292,1305,2
11293,1344,2
11294,1191,2
11295,1045,2
11296,1045,2
11297,1105,2
11298,1137,2
11299,1137,2
11300,1137,2
11301,1227,2
11302,1188,2
11303,1182,2
11304,1227,2
11305,1227,2
11306,1281,2
11307,1320,2
11308,1320,2
11309,1320,2
11310,1277,2
11311,1277,2
11312,1277,2
11313,781,2
11314,657,2
11315,3943,3
11316,4254,5
11317,4382,5
11318,4357,5
11319,2363,3
11320,2363,3
11321,1569,3
11322,1544,3
11323,1561,3
11324,1715,3
11325,1569,3
11326,4220,5
11327,4245,5
11328,4268,5
11329,4271,5
11330,4271,5
11331,4271,5
11332,4269,5
11333,4344,5
11334,4220,5
11335,4152,5
11336,4001,5
11337,4269,5
11338,4269,5
11339,4344,5
11340,4332,5
11341,4332,5
11342,4206,5
11343,3996,5
11344,4009,5
11345,4089,5
11346,4276,5
11347,4276,5
11348,4225,5
11349,4225,5
11350,4177,5
11351,4177,5
11352,4212,5
11353,4112,5
11354,2686,2
11355,2768,2
11356,2762,2
11357,2766,2
11358,1888,3
11359,1888,3
11360,2088,3
11361,1693,3
11362,1357,2
11363,1357,2
11364,1367,3
11365,1435,3
11366,1454,3
11367,1507,3
11368,1591,3
11369,1591,3
11370,1454,3
11371,1454,3
11372,1494,3
11373,1513,3
11374,1513,3
11375,1513,3
11376,1513,3
11377,1513,3
11378,1513,3
11379,1545,3
11380,1545,3
11381,1545,3
11382,1545,3
11383,1597,3
11384,1597,3
11385,1418,3
11386,1545,3
11387,1545,3
11388,1418,3
11389,3919,3
11390,3919,3
11391,3919,3
11392,3919,3
11393,3943,3
11394,3820,3
11395,3805,3
11396,3875,3
11397,3875,3
11398,3875,3
11399,3875,3
11400,3664,3
11401,3614,3
11402,3614,3
11403,3614,3
11404,3614,3
11405,3664,3
11406,3664,3
11407,4651,5
11408,1580,3
11409,1568,3
11410,1780,3
11411,1596,3
11412,1596,3
11413,1596,3
11414,1720,3
11415,1720,3
11416,1762,3
11417,1762,3
11418,1788,3
11419,1790,3
11420,1790,3
11421,1663,3
11422,1790,3
11423,1790,3
11424,1561,3
11425,1509,3
11426,1509,3
11427,1583,3
11428,1583,3
11429,1583,3
11430,1029,3
11431,1198,3
11432,1256,3
11433,1256,3
11434,1175,3
11435,1035,3
11436,922,3
11437,1035,3
11438,1334,3
11439,1334,3
11440,1334,3
11441,1334,3
11442,622,3
11443,622,3
11444,622,3
11445,622,3
11446,607,3
11447,618,3
11448,617,3
11449,618,3
11450,618,3
11451,618,3
11452,603,3
11453,603,3
11454,603,3
11455,603,3
11456,954,3
11457,1023,3
11458,559,3
11459,572,2
11460,553,2
11461,553,2
11462,557,2
11463,833,2
11464,657,2
11465,657,2
11466,1131,3
11467,1061,3
11468,1131,3
11469,1131,3
11470,1206,3
11471,1166,3
11472,1206,3
11473,1206,3
11474,1115,3
11475,1019,3
11476,1099,3
11477,1099,3
11478,679,3
11479,679,3
11480,525,3
11481,486,3
11482,497,3
11483,497,3
11484,497,3
11485,497,3
11486,497,3
11487,555,3
11488,555,3
11489,555,3
11490,555,3
11491,686,3
11492,686,3
11493,686,3
11494,555,3
11495,686,3
11496,551,3
11497,459,3
11498,551,3
11499,655,3
11500,655,3
11501,655,3
11502,460,3
11503,460,3
11504,460,3
11505,888,3
11506,880,3
11507,880,3
11508,794,3
11509,1032,3
11510,865,3
11511,794,3
11512,794,3
11513,870,3
11514,870,3
11515,794,3
11516,686,3
11517,794,3
11518,794,3
11519,655,3
11520,655,3
11521,655,3
11522,561,3
11523,561,3
11524,561,3
11525,561,3
11526,561,3
11527,561,3
11528,519,3
11529,561,3
11530,519,3
11531,455,3
11532,455,3
11533,433,3
11534,510,3
11535,561,3
11536,596,3
11537,510,3
11538,706,3
11539,596,3
11540,706,3
11541,706,3
11542,629,3
11543,629,3
11544,629,3
11545,699,3
11546,629,3
11547,629,3
11548,699,3
11549,699,3
11550,699,3
11551,699,3
11552,699,3
11553,699,3
11554,865,3
11555,865,3
11556,809,3
11557,809,3
11558,809,3
11559,789,3
11560,789,3
11561,789,3
11562,789,3
11563,814,3
11564,892,3
11565,1600,3
11566,1468,3
11567,1468,3
11568,1495,3
11569,1884,3
11570,1495,3
11571,1881,3
11572,1495,3
11573,1911,3
11574,1958,3
11575,1958,3
11576,1958,3
11577,1958,3
11578,2160,3
11579,2160,3
11580,2160,3
11581,1824,3
11582,1753,3
11583,1824,3
11584,41,6
11585,41,6
11586,31,6
11587,24,6
11588,58,6
11589,57,6
11590,53,6
11591,47,6
11592,47,6
11593,47,6
11594,47,6
11595,3804,2
11596,3804,2
11597,3804,2
11598,3804,2
11599,3772,2
11600,3772,2
11601,3610,2
11602,2375,3
11603,2555,3
11604,2530,3
11605,2555,3
11606,2230,3
11607,2375,3
11608,2375,3
11609,2887,3
11610,2230,3
11611,2375,3
11612,2375,3
11613,2375,3
11614,2375,3
11615,2375,3
11616,2125,3
11617,2230,3
11618,2230,3
11619,2230,3
11620,2230,3
11621,2230,3
11622,2125,3
11623,2375,3
11624,2375,3
11625,2555,3
11626,2555,3
11627,2555,3
11628,2392,3
11629,2688,3
11630,2688,3
11631,2688,3
11632,2688,3
11633,3610,2
11634,3610,2
11635,3700,2
11636,3712,2
11637,3712,2
11638,3712,2
11639,3712,2
11640,3605,2
11641,3605,2
11642,3605,2
11643,3605,2
11644,3605,2
11645,3605,2
11646,3605,2
11647,3605,2
11648,3682,2
11649,3682,2
11650,3682,2
11651,3682,2
11652,3682,2
11653,3774,2
11654,3769,2
11655,3769,2
11656,3703,2
11657,3769,2
11658,3825,2
11659,3825,2
11660,3847,2
11661,3311,2
11662,3311,2
11663,3504,2
11664,3504,2
11665,3592,2
11666,3592,2
11667,3592,2
11668,3571,2
11669,3571,2
11670,3490,2
11671,3366,2
11672,3382,2
11673,3382,2
11674,3382,2
11675,3240,2
11676,3366,2
11677,3240,2
11678,3061,2
11679,3142,2
11680,3307,2
11681,3142,2
11682,3142,2
11683,3142,2
11684,3142,2
11685,3142,2
11686,3207,2
11687,3447,2
11688,3447,2
11689,3447,2
11690,3478,2
11691,3569,2
11692,3478,2
11693,3869,5
11694,3869,5
11695,892,3
11696,892,3
11697,892,3
11698,892,3
11699,970,3
11700,966,3
11701,908,3
11702,916,3
11703,966,3
11704,3505,2
11705,3505,2
11706,3404,2
11707,3509,2
11708,3509,2
11709,3509,2
11710,3589,2
11711,3643,2
11712,3565,2
11713,3565,2
11714,3565,2
11715,3565,2
11716,3634,2
11717,3634,2
11718,3634,2
11719,3634,2
11720,3634,2
11721,3705,2
11722,3854,2
11723,3807,2
11724,3807,2
11725,3854,2
11726,3854,2
11727,3807,2
11728,3807,2
11729,3807,2
11730,3768,2
11731,3768,2
11732,3908,2
11733,3854,2
11734,3901,2
11735,3892,2
11736,3892,5
11737,3682,2
11738,3861,2
11739,3848,2
11740,2555,3
11741,2550,3
11742,2550,3
11743,2392,3
11744,2550,3
11745,2754,3
11746,2754,3
11747,2677,3
11748,2550,3
11749,2573,3
11750,2696,3
11751,2696,3
11752,2573,3
11753,2573,3
11754,2573,3
11755,2573,3
11756,2573,3
11757,2573,3
11758,2566,3
11759,2696,3
11760,2696,3
11761,2375,3
11762,2392,3
11763,2392,3
11764,2392,3
11765,2392,3
11766,2392,3
11767,2969,3
11768,2969,3
11769,2969,3
11770,3007,3
11771,2858,3
11772,2858,3
11773,3007,3
11774,3102,3
11775,3102,3
11776,3007,3
11777,2858,3
11778,2858,3
11779,3021,3
11780,2993,3
11781,2993,3
11782,2993,3
11783,2993,3
11784,2993,3
11785,2993,3
11786,3863,5
11787,3863,5
11788,3852,5
11789,3852,5
11790,3863,5
11791,3863,5
11792,45,6
11793,45,6
11794,45,6
11795,2891,2
11796,2891,2
11797,2891,2
11798,2891,2
11799,2891,2
11800,2891,2
11801,2904,2
11802,2904,2
11803,2904,2
11804,2904,2
11805,2904,2
11806,3049,2
11807,3049,2
11808,3165,2
11809,3106,2
11810,3106,2
11811,3165,2
11812,3165,2
11813,3049,2
11814,3049,2
11815,3144,2
11816,3257,2
11817,3247,2
11818,3247,2
11819,3633,3
11820,3633,3
11821,3598,3
11822,3547,3
11823,3547,3
11824,2544,3
11825,2605,3
11826,2605,3
11827,2605,3
11828,2594,3
11829,2594,3
11830,2784,2
11831,2784,2
11832,2784,2
11833,2890,2
11834,2856,2
11835,3869,5
11836,3868,5
11837,3868,5
11838,3868,5
11839,3868,5
11840,3788,5
11841,3863,5
11842,2993,3
11843,3105,3
11844,3195,3
11845,3195,3
11846,2905,3
11847,2905,3
11848,2997,3
11849,2997,3
11850,2997,3
11851,2905,3
11852,2905,3
11853,3090,3
11854,3090,3
11855,3090,3
11856,3090,3
11857,3090,3
11858,3090,3
11859,3090,3
11860,2997,3
11861,3195,3
11862,3090,3
11863,2392,3
11864,1910,3
11865,1824,3
11866,1824,3
11867,1824,3
11868,1824,3
11869,1910,3
11870,1824,3
11871,3809,5
11872,3838,5
11873,3809,5
11874,3806,5
11875,3885,5
11876,3818,5
11877,3818,5
11878,3818,5
11879,3885,5
11880,3885,5
11881,3885,5
11882,3885,5
11883,3885,5
11884,3821,5
11885,3790,5
11886,3821,5
11887,3821,5
11888,3752,5
11889,3709,5
11890,3752,5
11891,3496,2
11892,3496,2
11893,3397,2
11894,3496,2
11895,3496,2
11896,3487,2
11897,3387,2
11898,3387,2
11899,3387,2
11900,3036,2
11901,3036,2
11902,3036,2
11903,3036,2
11904,3036,2
11905,3139,2
11906,3139,2
11907,3139,2
11908,3139,2
11909,3025,2
11910,3025,2
11911,2954,2
11912,2954,2
11913,3025,2
11914,2954,2
11915,2954,2
11916,2954,2
11917,3038,2
11918,3136,2
11919,3120,2
11920,3120,2
11921,3463,2
11922,3358,2
11923,3136,2
11924,3295,2
11925,3295,2
11926,3295,2
11927,3355,2
11928,3463,2
11929,3463,2
11930,3355,2
11931,3158,2
11932,3158,2
11933,3158,2
11934,3158,2
11935,3253,2
11936,3253,2
11937,3253,2
11938,3253,2
11939,3253,2
11940,3253,2
11941,3322,2
11942,2934,2
11943,3016,2
11944,3016,2
11945,3016,2
11946,3002,2
11947,1824,3
11948,1911,3
11949,2160,3
11950,1753,3
11951,2160,3
11952,2160,3
11953,2160,3
11954,2340,3
11955,2160,3
11956,2160,3
11957,2160,3
11958,2160,3
11959,2160,3
11960,2340,3
11961,2683,3
11962,2683,3
11963,2546,3
11964,2510,3
11965,2160,3
11966,2340,3
11967,1545,3
11968,1444,3
11969,2460,3
11970,2510,3
11971,2683,3
11972,2683,3
11973,2862,3
11974,2683,3
11975,2896,3
11976,2896,3
11977,2896,3
11978,2974,3
11979,2974,3
11980,2896,3
11981,2974,3
11982,2974,3
11983,2974,3
11984,2896,3
11985,2974,3
11986,2896,3
11987,2896,3
11988,2862,3
11989,2849,3
11990,2974,3
11991,2896,3
11992,2896,3
11993,2974,3
11994,2974,3
11995,2974,3
11996,2974,3
11997,2896,3
11998,2843,3
11999,2793,3
12000,2843,3
12001,2843,3
12002,2843,3
12003,2911,3
12004,2911,3
12005,2780,3
12006,1444,3
12007,1597,3
12008,1444,3
12009,1444,3
12010,1230,3
12011,1230,3
12012,1418,3
12013,1418,3
12014,1418,3
12015,1418,3
12016,1418,3
12017,1510,3
12018,1510,3
12019,1510,3
12020,1418,3
12021,1418,3
12022,1468,3
12023,1468,3
12024,1468,3
12025,1468,3
12026,1468,3
12027,1468,3
12028,1600,3
12029,1468,3
12030,1468,3
12031,2856,2
12032,3045,2
12033,2972,2
12034,2972,2
12035,2972,2
12036,3019,2
12037,3019,2
12038,3045,2
12039,3045,2
12040,3045,2
12041,3019,2
12042,3019,2
12043,3019,2
12044,3019,2
12045,3019,2
12046,3180,2
12047,3180,2
12048,3180,2
12049,3180,2
12050,3191,2
12051,3191,2
12052,3191,2
12053,3191,2
12054,3191,2
12055,3190,2
12056,3190,2
12057,3190,2
12058,3364,2
12059,2870,2
12060,2870,2
12061,3063,2
12062,3063,2
12063,3063,2
12064,2870,2
12065,3079,2
12066,3203,2
12067,3343,2
12068,3343,2
12069,3425,2
12070,3371,2
12071,3371,2
12072,3425,2
12073,3529,5
12074,3529,5
12075,3616,5
12076,3616,5
12077,3616,5
12078,3687,5
12079,3687,5
12080,3687,5
12081,3687,5
12082,3746,5
12083,3681,5
12084,3681,5
12085,3681,5
12086,3649,5
12087,3649,5
12088,3535,5
12089,3535,5
12090,3729,5
12091,3729,5
12092,3781,5
12093,3781,5
12094,3840,5
12095,3798,5
12096,3798,5
12097,3779,5
12098,3779,5
12099,3779,5
12100,3779,5
12101,3728,5
12102,3728,5
12103,3675,5
12104,3675,5
12105,3675,5
12106,3675,5
12107,3675,5
12108,3691,5
12109,3595,5
12110,3595,5
12111,3595,5
12112,3595,5
12113,3595,5
12114,3601,5
12115,3601,5
12116,3645,5
12117,3645,5
12118,3645,5
12119,3710,5
12120,3710,5
12121,3710,5
12122,3710,5
12123,3710,5
12124,3710,5
12125,3710,5
12126,3739,5
12127,3739,5
12128,3739,5
12129,3739,5
12130,3739,5
12131,3739,5
12132,3710,5
12133,3710,5
12134,3688,5
12135,3688,5
12136,3688,5
12137,3711,5
12138,3711,5
12139,3735,5
12140,3799,5
12141,3799,5
12142,3777,5
12143,3777,5
12144,3842,5
12145,3842,5
12146,3842,5
12147,3856,5
12148,3856,5
12149,3856,5
12150,3801,5
12151,3801,5
12152,3801,5
12153,3762,5
12154,3762,5
12155,3762,5
12156,3803,5
12157,3803,5
12158,3803,5
12159,3830,5
12160,3850,5
12161,3865,5
12162,3912,5
12163,3850,5
12164,3850,5
12165,3896,5
12166,3912,5
12167,3940,5
12168,3913,5
12169,3891,5
12170,3898,5
12171,3898,5
12172,3891,5
12173,3945,5
12174,3945,5
12175,3945,5
12176,3945,5
12177,3945,5
12178,3945,5
12179,3945,5
12180,3989,5
12181,3989,5
12182,3993,5
12183,3958,3
12184,3872,5
12185,3872,5
12186,3930,5
12187,3930,5
12188,3923,5
12189,3903,5
12190,3929,5
12191,3990,5
12192,3929,5
12193,3929,5
12194,3972,5
12195,3991,5
12196,3971,5
12197,4124,5
12198,4082,5
12199,4082,5
12200,4124,5
12201,4124,5
12202,4124,5
12203,4002,5
12204,4002,5
12205,4002,5
12206,3952,5
12207,3952,5
12208,3952,5
12209,3944,5
12210,3944,5
12211,3994,5
12212,3994,5
12213,3994,5
12214,4050,5
12215,4050,5
12216,4000,5
12217,4000,5
12218,4000,5
12219,4000,5
12220,4000,5
12221,3931,5
12222,3922,5
12223,3922,5
12224,3922,5
12225,3922,5
12226,3897,5
12227,3897,5
12228,3922,5
12229,3922,5
12230,3922,5
12231,3973,5
12232,3904,5
12233,3933,5
12234,3965,5
12235,3899,5
12236,3899,5
12237,4308,5
12238,4308,5
12239,4308,5
12240,4306,5
12241,4263,5
12242,4263,5
12243,4263,5
12244,4258,5
12245,4258,5
12246,4213,5
12247,4213,5
12248,4163,5
12249,4163,5
12250,4105,5
12251,4105,5
12252,4131,5
12253,4131,5
12254,4131,5
12255,4131,5
12256,4068,5
12257,4068,5
12258,4068,5
12259,4000,5
12260,4000,5
12261,4000,5
12262,4000,5
12263,4015,5
12264,4015,5
12265,4015,5
12266,4015,5
12267,4015,5
12268,4015,5
12269,4051,5
12270,4048,5
12271,4034,5
12272,4034,5
12273,4048,5
12274,4048,5
12275,4048,5
12276,4034,5
12277,4034,5
12278,4034,5
12279,4034,5
12280,4103,5
12281,4095,5
12282,4095,5
12283,4095,5
12284,4103,5
12285,4103,5
12286,4158,5
12287,4057,5
12288,4014,5
12289,4006,5
12290,4006,5
12291,4014,5
12292,4023,5
12293,4287,5
12294,4243,5
12295,4243,5
12296,4243,5
12297,4196,5
12298,4131,5
12299,4160,5
12300,4160,5
12301,4160,5
12302,1395,3
12303,1395,3
12304,1395,3
12305,1395,3
12306,1322,3
12307,1468,3
12308,1317,3
12309,1317,3
12310,1317,3
12311,859,3
12312,827,3
12313,859,3
12314,830,3
12315,827,3
12316,890,3
12317,890,3
12318,968,3
12319,968,3
12320,1009,3
12321,968,3
12322,931,3
12323,931,3
12324,935,3
12325,935,3
12326,935,3
12327,935,3
12328,935,3
12329,1037,3
12330,1037,3
12331,1100,3
12332,1100,3
12333,1009,3
12334,1009,3
12335,939,3
12336,1082,3
12337,1093,3
12338,1082,3
12339,1009,3
12340,1100,3
12341,1170,3
12342,1185,3
12343,1185,3
12344,1185,3
12345,1185,3
12346,1185,3
12347,1185,3
12348,1009,3
12349,1251,3
12350,1251,3
12351,1322,3
12352,1283,3
12353,1322,3
12354,1187,3
12355,1276,3
12356,1187,3
12357,1276,3
12358,1276,3
12359,1276,3
12360,1322,3
12361,1157,3
12362,1157,3
12363,1157,3
12364,1157,3
12365,2862,3
12366,2849,3
12367,2862,3
12368,2862,3
12369,3021,3
12370,3021,3
12371,3021,3
12372,3021,3
12373,3021,3
12374,1038,3
12375,1017,3
12376,1017,3
12377,1017,3
12378,1017,3
12379,1017,3
12380,1017,3
12381,901,3
12382,901,3
12383,901,3
12384,1038,3
12385,1038,3
12386,1038,3
12387,1127,3
12388,1127,3
12389,1351,3
12390,1204,3
12391,1204,3
12392,1204,3
12393,1127,3
12394,1351,3
12395,1495,3
12396,1351,3
12397,1351,3
12398,1351,3
12399,1351,3
12400,4028,5
12401,4028,5
12402,4110,5
12403,4110,5
12404,4072,5
12405,4072,5
12406,4115,5
12407,4115,5
12408,4115,5
12409,4115,5
12410,4126,5
12411,4126,5
12412,4148,5
12413,4148,5
12414,4133,5
12415,4133,5
12416,4133,5
12417,4083,5
12418,4133,5
12419,4198,5
12420,4198,5
12421,4205,5
12422,4214,5
12423,4214,5
12424,4281,5
12425,4227,5
12426,4238,5
12427,4132,5
12428,4079,5
12429,4079,5
12430,4079,5
12431,4079,5
12432,4066,5
12433,4066,5
12434,4058,5
12435,4058,5
12436,4058,5
12437,4058,5
12438,4099,5
12439,4138,5
12440,4128,5
12441,4128,5
12442,4167,5
12443,4138,5
12444,4167,5
12445,4167,5
12446,4167,5
12447,4167,5
12448,4146,5
12449,4092,5
12450,4146,5
12451,4156,5
12452,4156,5
12453,4156,5
12454,4102,5
12455,4026,5
12456,4026,5
12457,4012,5
12458,4012,5
12459,4012,5
12460,4012,5
12461,4035,5
12462,4035,5
12463,4075,5
12464,4091,5
12465,4091,5
12466,4040,5
12467,4091,5
12468,4091,5
12469,4081,5
12470,4091,5
12471,4081,5
12472,4142,5
12473,4142,5
12474,4142,5
12475,4134,5
12476,4134,5
12477,4134,5
12478,4134,5
12479,4091,5
12480,4141,5
12481,4091,5
12482,3866,5
12483,3866,5
12484,3866,5
12485,3864,5
12486,3755,5
12487,3755,5
12488,3755,5
12489,3755,5
12490,3755,5
12491,3755,5
12492,3755,5
12493,3755,5
12494,4016,5
12495,3961,5
12496,3961,5
12497,4054,5
12498,4011,5
12499,3956,5
12500,3864,5
12501,3864,5
12502,3937,5
12503,3755,5
12504,3935,5
12505,3935,5
12506,3935,5
12507,3935,5
12508,3935,5
12509,3888,5
12510,3888,5
12511,3906,5
12512,3759,3
12513,3977,5
12514,3977,5
12515,64,6
12516,64,6
12517,64,6
12518,54,6
12519,62,6
12520,54,6
12521,62,6
12522,60,6
12523,60,6
12524,60,6
12525,60,6
12526,58,6
12527,63,6
12528,63,6
12529,69,6
12530,69,6
12531,47,6
12532,89,6
12533,76,6
12534,76,6
12535,74,6
12536,74,6
12537,84,6
12538,84,6
12539,61,6
12540,67,6
12541,73,6
12542,2194,3
12543,2136,3
12544,2231,3
12545,2136,3
12546,2231,3
12547,2136,3
12548,2231,3
12549,2231,3
12550,2231,3
12551,1884,3
12552,1884,3
12553,1884,3
12554,2304,3
12555,2304,3
12556,2304,3
12557,2304,3
12558,2304,3
12559,2267,3
12560,2267,3
12561,2267,3
12562,2249,3
12563,2249,3
12564,2331,3
12565,2331,3
12566,2331,3
12567,2405,3
12568,2405,3
12569,2405,3
12570,2484,3
12571,2484,3
12572,2249,3
12573,2249,3
12574,2249,3
12575,2249,3
12576,2443,3
12577,2545,3
12578,2545,3
12579,2545,3
12580,2545,3
12581,2680,3
12582,2680,3
12583,2680,3
12584,2671,3
12585,2671,3
12586,2671,3
12587,2532,3
12588,2532,3
12589,2548,3
12590,2548,3
12591,2615,3
12592,2615,3
12593,2615,3
12594,2532,3
12595,2548,3
12596,2548,3
12597,2548,3
12598,2427,3
12599,2427,3
12600,2427,3
12601,2427,3
12602,2427,3
12603,2400,3
12604,2400,3
12605,2400,3
12606,901,3
12607,901,3
12608,901,3
12609,1071,3
12610,1106,3
12611,1008,3
12612,1008,3
12613,1146,3
12614,1106,3
12615,1106,3
12616,4289,5
12617,4289,5
12618,4270,5
12619,4270,5
12620,4232,5
12621,4209,5
12622,4264,5
12623,4232,5
12624,4255,5
12625,4255,5
12626,4255,5
12627,4255,5
12628,4255,5
12629,4201,5
12630,4183,5
12631,4201,5
12632,4231,5
12633,4231,5
12634,4231,5
12635,4171,5
12636,4171,5
12637,4171,5
12638,4171,5
12639,4154,5
12640,4154,5
12641,4193,5
12642,4240,5
12643,4296,5
12644,4330,5
12645,4296,5
12646,4252,5
12647,4252,5
12648,4252,5
12649,4265,5
12650,4265,5
12651,4340,5
12652,4340,5
12653,4235,5
12654,4235,5
12655,4294,5
12656,4294,5
12657,4294,5
12658,4294,5
12659,4361,5
12660,4392,5
12661,4392,5
12662,4362,5
12663,4362,5
12664,4362,5
12665,4387,5
12666,4389,5
12667,4389,5
12668,4389,5
12669,4387,5
12670,4358,5
12671,4358,5
12672,4326,5
12673,4326,5
12674,4326,5
12675,4326,5
12676,2238,2
12677,3840,5
12678,4582,4
12679,4582,4
12680,4582,4
12681,4549,4
12682,3930,5
12683,3870,5
12684,3870,5
12685,3870,5
12686,3216,2
12687,3216,2
12688,3216,2
12689,3216,2
12690,3216,2
12691,3216,2
12692,2134,2
12693,2064,2
12694,2064,2
12695,2064,2
12696,2064,2
12697,2064,2
12698,2064,2
12699,1227,2
12700,1227,2
12701,1227,2
12702,1385,2
12703,1385,2
12704,1385,2
12705,1385,2
12706,810,3
12707,810,3
12708,980,3
12709,898,3
12710,952,3
12711,952,3
12712,952,3
12713,952,3
12714,1255,3
12715,4059,5
12716,4059,5
12717,4072,5
12718,4104,5
12719,4104,5
12720,4104,5
12721,4104,5
12722,4125,5
12723,4036,5
12724,4088,5
12725,4088,5
12726,4088,5
12727,4088,5
12728,4109,5
12729,4109,5
12730,4109,5
12731,4109,5
12732,4164,5
12733,4109,5
12734,4039,5
12735,4085,5
12736,4085,5
12737,4085,5
12738,4106,5
12739,4106,5
12740,4106,5
12741,4054,5
12742,4165,5
12743,4165,5
12744,4165,5
12745,4157,5
12746,4169,5
12747,4040,5
12748,4197,5
12749,4164,5
12750,4164,5
12751,4164,5
12752,4164,5
12753,4202,5
12754,4202,5
12755,4202,5
12756,4147,5
12757,4190,5
12758,4190,5
12759,4190,5
12760,4182,5
12761,4182,5
12762,4182,5
12763,4195,5
12764,4228,5
12765,4259,5
12766,4228,5
12767,4228,5
12768,4259,5
12769,4259,5
12770,4224,5
12771,4203,5
12772,1106,3
12773,1106,3
12774,1106,3
12775,1106,3
12776,838,3
12777,872,3
12778,838,3
12779,838,3
12780,978,3
12781,860,3
12782,841,3
12783,841,3
12784,1071,3
12785,1146,3
12786,1146,3
12787,1146,3
12788,1351,3
12789,1330,3
12790,1071,3
12791,1173,3
12792,1173,3
12793,1330,3
12794,1183,3
12795,1173,3
12796,1413,3
12797,1279,3
12798,1279,3
12799,1284,3
12800,1284,3
12801,1299,3
12802,1396,3
12803,1364,3
12804,1396,3
12805,1495,3
12806,1495,3
12807,1495,3
12808,1495,3
12809,1495,3
12810,1530,3
12811,1530,3
12812,1530,3
12813,1351,3
12814,1881,3
12815,1955,3
12816,2111,3
12817,1955,3
12818,1955,3
12819,1955,3
12820,1865,3
12821,1865,3
12822,1865,3
12823,2101,3
12824,2031,3
12825,2031,3
12826,2101,3
12827,2031,3
12828,2031,3
12829,2031,3
12830,2031,3
12831,2194,3
12832,2194,3
12833,2274,3
12834,2274,3
12835,2546,3
12836,2546,3
12837,2546,3
12838,2460,3
12839,2546,3
12840,2460,3
12841,2780,3
12842,2780,3
12843,2567,3
12844,2567,3
12845,2545,3
12846,1884,3
12847,2194,3
12848,2231,3
12849,2194,3
12850,2194,3
12851,2231,3
12852,2304,3
12853,2304,3
12854,2304,3
12855,2194,3
12856,2231,3
12857,1102,3
12858,4349,5
12859,4349,5
12860,4349,5
12861,4309,5
12862,4349,5
12863,4384,5
12864,4384,5
12865,4384,5
12866,4391,5
12867,4391,5
12868,4409,5
12869,4409,5
12870,4409,5
12871,4409,5
12872,4409,5
12873,4415,5
12874,4448,5
12875,4448,5
12876,4448,5
12877,4448,5
12878,4448,5
12879,4476,5
12880,4470,5
12881,4492,5
12882,4502,5
12883,4502,5
12884,4312,5
12885,4350,5
12886,4336,5
12887,4336,5
12888,4336,5
12889,4364,5
12890,4338,5
12891,4338,5
12892,4343,5
12893,4319,5
12894,4333,5
12895,4369,5
12896,4338,5
12897,4343,5
12898,4343,5
12899,4343,5
12900,4385,5
12901,4394,5
12902,4378,5
12903,4378,5
12904,4394,5
12905,4394,5
12906,4390,5
12907,4390,5
12908,4390,5
12909,4390,5
12910,4390,5
12911,4390,5
12912,4390,5
12913,4429,5
12914,4429,5
12915,4429,5
12916,4429,5
12917,4425,5
12918,4453,5
12919,4453,5
12920,4469,5
12921,4469,5
12922,4496,5
12923,4484,5
12924,4484,5
12925,4484,5
12926,4484,5
12927,4484,5
12928,4477,5
12929,4477,5
12930,4501,5
12931,4501,5
12932,4501,5
12933,4537,5
12934,4515,5
12935,4515,5
12936,4515,5
12937,4515,5
12938,4515,5
12939,4537,5
12940,4555,5
12941,4555,5
12942,4510,5
12943,4565,5
12944,4565,5
12945,4517,5
12946,4517,5
12947,4517,5
12948,4527,5
12949,4527,5
12950,4527,5
12951,4527,5
12952,4580,5
12953,4592,5
12954,4608,5
12955,4608,5
12956,4609,5
12957,4609,5
12958,4556,5
12959,4505,5
12960,4505,5
12961,4505,5
12962,4505,5
12963,4323,5
12964,4323,5
12965,4276,5
12966,4323,5
12967,4323,5
12968,2264,3
12969,1936,3
12970,2118,3
12971,2118,3
12972,2236,3
12973,2432,3
12974,2432,3
12975,2468,3
12976,2381,3
12977,2381,3
12978,2361,3
12979,2485,3
12980,2318,3
12981,2318,3
12982,2361,3
12983,2089,3
12984,1819,1
12985,1819,1
12986,1904,3
12987,1951,3
12988,1892,3
12989,1892,3
12990,2122,3
12991,2219,3
12992,2219,3
12993,2170,3
12994,2122,3
12995,79,6
12996,73,6
12997,67,6
12998,67,6
12999,67,6
13000,73,6
13001,90,6
13002,90,6
13003,79,6
13004,87,6
13005,87,6
13006,90,6
13007,90,6
13008,2439,3
13009,2506,3
13010,2494,3
13011,2494,3
13012,2494,3
13013,2445,3
13014,2445,3
13015,2445,3
13016,2438,3
13017,2388,3
13018,2388,3
13019,2325,3
13020,2325,3
13021,2325,3
13022,2325,3
13023,2123,3
13024,2123,3
13025,2123,3
13026,2096,3
13027,2123,3
13028,2123,3
13029,2163,3
13030,2163,3
13031,2139,3
13032,2217,3
13033,2217,3
13034,2153,3
13035,2153,3
13036,2153,3
13037,2103,3
13038,2043,3
13039,2043,3
13040,1956,3
13041,1736,3
13042,1736,3
13043,1736,3
13044,1736,3
13045,1736,3
13046,1917,3
13047,1956,3
13048,1917,3
13049,1956,3
13050,1917,3
13051,1547,3
13052,1547,3
13053,1474,3
13054,1474,3
13055,2239,3
13056,2239,3
13057,2239,3
13058,2239,3
13059,2239,3
13060,2237,3
13061,2400,3
13062,2188,3
13063,2111,3
13064,1955,3
13065,1955,3
13066,1955,3
13067,2188,3
13068,2188,3
13069,2188,3
13070,2188,3
13071,2188,3
13072,2310,3
13073,2400,3
13074,2307,3
13075,2307,3
13076,2233,3
13077,2197,3
13078,2197,3
13079,2233,3
13080,2307,3
13081,2233,3
13082,2233,3
13083,3175,3
13084,3093,3
13085,1413,3
13086,1413,3
13087,1585,3
13088,1413,3
13089,1659,3
13090,1659,3
13091,1585,3
13092,1585,3
13093,1659,3
13094,1659,3
13095,1913,3
13096,1913,3
13097,1913,3
13098,1913,3
13099,1913,3
13100,1913,3
13101,1913,3
13102,1998,3
13103,1998,3
13104,1998,3
13105,1998,3
13106,1998,3
13107,2123,3
13108,2234,3
13109,2320,3
13110,2373,3
13111,2320,3
13112,2320,3
13113,2320,3
13114,2320,3
13115,2373,3
13116,2373,3
13117,2373,3
13118,2373,3
13119,2439,3
13120,2506,3
13121,2439,3
13122,90,6
13123,90,6
13124,90,6
13125,78,6
13126,78,6
13127,81,6
13128,78,6
13129,81,6
13130,81,6
13131,78,6
13132,78,6
13133,116,6
13134,116,6
13135,2014,3
13136,2045,3
13137,2016,3
13138,2045,3
13139,1864,3
13140,1678,3
13141,1739,3
13142,1915,3
13143,1915,3
13144,1698,3
13145,1698,3
13146,1698,3
13147,1789,3
13148,1789,3
13149,1855,3
13150,1789,3
13151,1959,3
13152,1959,3
13153,1959,3
13154,1609,3
13155,1567,3
13156,1514,3
13157,1514,3
13158,1471,3
13159,1471,3
13160,1465,3
13161,1465,3
13162,1465,3
13163,1465,3
13164,1471,3
13165,1465,3
13166,1445,3
13167,1445,3
13168,1445,3
13169,1511,3
13170,1511,3
13171,1465,3
13172,1383,3
13173,1387,3
13174,1387,3
13175,1387,3
13176,1387,3
13177,1387,3
13178,1387,3
13179,1362,3
13180,1282,3
13181,1349,3
13182,1293,3
13183,1282,3
13184,1349,3
13185,1349,3
13186,1349,3
13187,1293,3
13188,1293,3
13189,1325,3
13190,1787,3
13191,1645,3
13192,1645,3
13193,1624,3
13194,1624,3
13195,1567,3
13196,1567,3
13197,1645,3
13198,2374,3
13199,2374,3
13200,2374,3
13201,2374,3
13202,2374,3
13203,2335,3
13204,2272,3
13205,2314,3
13206,2314,3
13207,2272,3
13208,2272,3
13209,2272,3
13210,2272,3
13211,2272,3
13212,2261,3
13213,2261,3
13214,2261,3
13215,2314,3
13216,2314,3
13217,2261,3
13218,2429,3
13219,2379,3
13220,2379,3
13221,2512,3
13222,2461,3
13223,2379,3
13224,2379,3
13225,2379,3
13226,2396,3
13227,2396,3
13228,2396,3
13229,2396,3
13230,2448,3
13231,2448,3
13232,2448,3
13233,2512,3
13234,2514,3
13235,2514,3
13236,2461,3
13237,2461,3
13238,2461,3
13239,2461,3
13240,2429,3
13241,2588,3
13242,2744,3
13243,2117,3
13244,2117,3
13245,2048,3
13246,2048,3
13247,2104,3
13248,1914,3
13249,1914,3
13250,1914,3
13251,1914,3
13252,2014,3
13253,2270,3
13254,2191,3
13255,2226,3
13256,2226,3
13257,2226,3
13258,2226,3
13259,1934,3
13260,1974,3
13261,2044,3
13262,1974,3
13263,2047,3
13264,1974,3
13265,2047,3
13266,2047,3
13267,2047,3
13268,2072,3
13269,2072,3
13270,2072,3
13271,2072,3
13272,2072,3
13273,2072,3
13274,2072,3
13275,1993,3
13276,1993,3
13277,2062,3
13278,2062,3
13279,2051,3
13280,2051,3
13281,2051,3
13282,2051,3
13283,2051,3
13284,1989,3
13285,1989,3
13286,1989,3
13287,1989,3
13288,1989,3
13289,1989,3
13290,2083,3
13291,2083,3
13292,2083,3
13293,2083,3
13294,2140,3
13295,2140,3
13296,2146,3
13297,2146,3
13298,2161,3
13299,2161,3
13300,1991,3
13301,1991,3
13302,1991,3
13303,2084,3
13304,1840,3
13305,1840,3
13306,1840,3
13307,1840,3
13308,1861,3
13309,1861,3
13310,1861,3
13311,1756,3
13312,2092,3
13313,2190,3
13314,2190,3
13315,2167,3
13316,1988,3
13317,1988,3
13318,1801,3
13319,1995,3
13320,1995,3
13321,1801,3
13322,1801,3
13323,1803,3
13324,1649,3
13325,1803,3
13326,1675,3
13327,1649,3
13328,2104,3
13329,2104,3
13330,2014,3
13331,2014,3
13332,2242,3
13333,2242,3
13334,2157,3
13335,2157,3
13336,2100,3
13337,2100,3
13338,1782,3
13339,1459,3
13340,1525,3
13341,1525,3
13342,1590,3
13343,1459,3
13344,1459,3
13345,1459,3
13346,1459,3
13347,1590,3
13348,1590,3
13349,1590,3
13350,1650,3
13351,1541,3
13352,1692,3
13353,1692,3
13354,1692,3
13355,1565,3
13356,1565,3
13357,1565,3
13358,1565,3
13359,1646,3
13360,1646,3
13361,1646,3
13362,2102,3
13363,2456,3
13364,2454,3
13365,2498,3
13366,2244,3
13367,2244,3
13368,2244,3
13369,2330,3
13370,2330,3
13371,2330,3
13372,2330,3
13373,2653,3
13374,2553,3
13375,2237,3
13376,2237,3
13377,2237,3
13378,2237,3
13379,2237,3
13380,2237,3
13381,2441,3
13382,2486,3
13383,2486,3
13384,2441,3
13385,2441,3
13386,2370,3
13387,2240,3
13388,2617,3
13389,2695,3
13390,2695,3
13391,2695,3
13392,2695,3
13393,2695,3
13394,2814,3
13395,2939,3
13396,2814,3
13397,2939,3
13398,2848,3
13399,2848,3
13400,2848,3
13401,2848,3
13402,2720,3
13403,2720,3
13404,2720,3
13405,2646,3
13406,2646,3
13407,2646,3
13408,2646,3
13409,2539,3
13410,2543,3
13411,2543,3
13412,2543,3
13413,2543,3
13414,2543,3
13415,2591,3
13416,2591,3
13417,2591,3
13418,2632,3
13419,2787,3
13420,2964,3
13421,2964,3
13422,2973,3
13423,3004,3
13424,3004,3
13425,3133,3
13426,3133,3
13427,3133,3
13428,3133,3
13429,3133,3
13430,3133,3
13431,3133,3
13432,3138,3
13433,3138,3
13434,3133,3
13435,2839,3
13436,2839,3
13437,2588,3
13438,2744,3
13439,2744,3
13440,2526,3
13441,2587,3
13442,2587,3
13443,2587,3
13444,2587,3
13445,2755,3
13446,2755,3
13447,2755,3
13448,2755,3
13449,2755,3
13450,2755,3
13451,2832,3
13452,2832,3
13453,2863,3
13454,2863,3
13455,2863,3
13456,2832,3
13457,2832,3
13458,2832,3
13459,107,6
13460,107,6
13461,116,6
13462,2839,3
13463,2839,3
13464,2839,3
13465,3224,3
13466,3304,3
13467,3361,3
13468,3304,3
13469,3304,3
13470,3224,3
13471,3361,3
13472,3274,3
13473,3354,3
13474,3354,3
13475,3354,3
13476,3234,3
13477,3234,3
13478,3234,3
13479,3156,3
13480,3138,3
13481,3041,3
13482,3041,3
13483,3041,3
13484,2899,3
13485,2540,3
13486,2540,3
13487,2540,3
13488,2540,3
13489,2663,3
13490,2663,3
13491,2663,3
13492,2631,3
13493,2631,3
13494,2663,3
13495,2631,3
13496,2663,3
13497,2631,3
13498,2631,3
13499,2631,3
13500,2747,3
13501,2914,3
13502,2840,3
13503,2913,3
13504,2886,3
13505,2506,3
13506,2487,3
13507,2487,3
13508,2487,3
13509,2487,3
13510,2487,3
13511,2914,3
13512,2995,3
13513,2995,3
13514,2995,3
13515,116,6
13516,111,6
13517,102,6
13518,129,6
13519,129,6
13520,129,6
13521,129,6
13522,94,6
13523,94,6
13524,115,6
13525,105,6
13526,105,6
13527,105,6
13528,105,6
13529,105,6
13530,115,6
13531,144,6
13532,140,6
13533,140,6
13534,140,6
13535,154,6
13536,146,6
13537,150,6
13538,150,6
13539,150,6
13540,72,6
13541,101,6
13542,101,6
13543,101,6
13544,101,6
13545,101,6
13546,101,6
13547,101,6
13548,122,6
13549,89,6
13550,122,6
13551,108,6
13552,108,6
13553,88,6
13554,83,6
13555,98,6
13556,114,6
13557,114,6
13558,114,6
13559,131,6
13560,131,6
13561,114,6
13562,3480,3
13563,3544,3
13564,3480,3
13565,3517,3
13566,3517,3
13567,3331,3
13568,3330,3
13569,3330,3
13570,3421,3
13571,3421,3
13572,3174,3
13573,3174,3
13574,3174,3
13575,3174,3
13576,3174,3
13577,3174,3
13578,3290,3
13579,3290,3
13580,3225,3
13581,3225,3
13582,3225,3
13583,3225,3
13584,3321,3
13585,3321,3
13586,2863,3
13587,2863,3
13588,2863,3
13589,17,6
13590,13,6
13591,13,6
13592,17,6
13593,17,6
13594,42,6
13595,42,6
13596,42,6
13597,2127,3
13598,2127,3
13599,2143,3
13600,2220,3
13601,2220,3
13602,2220,3
13603,2143,3
13604,2143,3
13605,2232,3
13606,2428,3
13607,2360,3
13608,2360,3
13609,2428,3
13610,2437,3
13611,2481,3
13612,2481,3
13613,2594,3
13614,2436,3
13615,2436,3
13616,2436,3
13617,2246,3
13618,2257,3
13619,2257,3
13620,2257,3
13621,2258,3
13622,2315,3
13623,2258,3
13624,2269,3
13625,2269,3
13626,2364,3
13627,2315,3
13628,2364,3
13629,2420,3
13630,2420,3
13631,2420,3
13632,2420,3
13633,1699,3
13634,1699,3
13635,1699,3
13636,1699,3
13637,1699,3
13638,1632,3
13639,1632,3
13640,1538,3
13641,1538,3
13642,1538,3
13643,1538,3
13644,1461,3
13645,1461,3
13646,1461,3
13647,1388,3
13648,1388,3
13649,1388,3
13650,1388,3
13651,1420,3
13652,1420,3
13653,1420,3
13654,1420,3
13655,1420,3
13656,1484,3
13657,1484,3
13658,1461,3
13659,1461,3
13660,1558,3
13661,1558,3
13662,1500,3
13663,1500,3
13664,1559,3
13665,1523,3
13666,1467,3
13667,1500,3
13668,1500,3
13669,1559,3
13670,1523,3
13671,1523,3
13672,1523,3
13673,1523,3
13674,1482,3
13675,1440,3
13676,1440,3
13677,1440,3
13678,1440,3
13679,1440,3
13680,1440,3
13681,1440,3
13682,1467,3
13683,1467,3
13684,1467,3
13685,1369,3
13686,1369,3
13687,1388,3
13688,1359,3
13689,1359,3
13690,1359,3
13691,1359,3
13692,1359,3
13693,1323,3
13694,1323,3
13695,1268,3
13696,1323,3
13697,1323,3
13698,1295,3
13699,1295,3
13700,1295,3
13701,1252,3
13702,1252,3
13703,1208,3
13704,1208,3
13705,1208,3
13706,1113,3
13707,1057,3
13708,1142,3
13709,1142,3
13710,1142,3
13711,1142,3
13712,1149,3
13713,1208,3
13714,1057,3
13715,1149,3
13716,1057,3
13717,1149,3
13718,1149,3
13719,1149,3
13720,1149,3
13721,1149,3
13722,1092,3
13723,981,3
13724,1092,3
13725,1092,3
13726,1092,3
13727,2995,3
13728,2995,3
13729,3156,3
13730,3156,3
13731,3015,3
13732,3234,3
13733,3156,3
13734,3156,3
13735,3156,3
13736,3308,3
13737,3308,3
13738,3308,3
13739,3380,3
13740,3308,3
13741,3248,3
13742,3248,3
13743,3248,3
13744,3248,3
13745,3122,3
13746,2710,3
13747,2710,3
13748,2673,3
13749,2673,3
13750,3109,3
13751,3109,3
13752,3017,3
13753,3017,3
13754,2673,3
13755,2673,3
13756,2830,3
13757,2673,3
13758,2830,3
13759,3423,3
13760,3423,3
13761,2998,3
13762,2998,3
13763,2921,3
13764,2921,3
13765,2921,3
13766,2968,3
13767,2822,3
13768,2728,3
13769,2740,3
13770,2838,3
13771,2991,3
13772,2991,3
13773,2991,3
13774,3053,3
13775,2991,3
13776,2991,3
13777,3124,3
13778,3124,3
13779,3209,3
13780,3209,3
13781,3209,3
13782,3209,3
13783,3228,3
13784,3228,3
13785,3228,3
13786,3291,3
13787,3291,3
13788,3291,3
13789,3291,3
13790,3291,3
13791,3252,3
13792,3252,3
13793,3213,3
13794,3252,3
13795,3252,3
13796,3009,3
13797,3266,3
13798,3266,3
13799,3104,3
13800,3109,3
13801,3109,3
13802,3249,3
13803,3249,3
13804,3249,3
13805,3249,3
13806,3435,3
13807,3292,3
13808,3336,3
13809,2998,3
13810,3292,3
13811,3336,3
13812,3184,3
13813,3184,3
13814,3184,3
13815,3184,3
13816,3184,3
13817,3332,3
13818,3332,3
13819,3332,3
13820,3332,3
13821,3353,3
13822,3352,3
13823,3352,3
13824,3352,3
13825,3352,3
13826,3353,3
13827,3353,3
13828,3353,3
13829,3443,3
13830,3443,3
13831,3443,3
13832,3415,3
13833,3415,3
13834,3464,3
13835,3464,3
13836,3488,3
13837,3488,3
13838,3488,3
13839,3429,3
13840,3429,3
13841,3429,3
13842,3111,3
13843,3111,3
13844,3111,3
13845,3111,3
13846,3285,3
13847,3162,3
13848,3134,3
13849,3258,3
13850,3258,3
13851,3258,3
13852,3162,3
13853,3162,3
13854,3150,3
13855,3150,3
13856,3212,3
13857,3212,3
13858,3303,3
13859,3303,3
13860,3303,3
13861,3303,3
13862,3303,3
13863,3155,3
13864,3155,3
13865,3155,3
13866,3233,3
13867,3233,3
13868,3233,3
13869,3233,3
13870,3233,3
13871,3293,3
13872,3293,3
13873,3390,3
13874,3390,3
13875,3473,3
13876,3480,3
13877,3480,3
13878,3480,3
13879,3480,3
13880,1092,3
13881,1092,3
13882,1092,3
13883,1092,3
13884,1092,3
13885,1092,3
13886,981,3
13887,981,3
13888,981,3
13889,1103,3
13890,1359,3
13891,1398,3
13892,1398,3
13893,1252,3
13894,1257,3
13895,1290,3
13896,1290,3
13897,1240,3
13898,1290,3
13899,1240,3
13900,1332,3
13901,1332,3
13902,1237,3
13903,1332,3
13904,1332,3
13905,1332,3
13906,1332,3
13907,1237,3
13908,1237,3
13909,1237,3
13910,1237,3
13911,1237,3
13912,1446,3
13913,1512,3
13914,1446,3
13915,1441,3
13916,1441,3
13917,1441,3
13918,1441,3
13919,1441,3
13920,1441,3
13921,1560,3
13922,1560,3
13923,1560,3
13924,1512,3
13925,1441,3
13926,1479,3
13927,1479,3
13928,1479,3
13929,1479,3
13930,1501,3
13931,1501,3
13932,1374,3
13933,1374,3
13934,1479,3
13935,1374,3
13936,1374,3
13937,1374,3
13938,1374,3
13939,1439,3
13940,1439,3
13941,1363,3
13942,1439,3
13943,1439,3
13944,1363,3
13945,1347,3
13946,1347,3
13947,1297,3
13948,1297,3
13949,1207,3
13950,1207,3
13951,1207,3
13952,1207,3
13953,1207,3
13954,1016,3
13955,1016,3
13956,1016,3
13957,1016,3
13958,1016,3
13959,1016,3
13960,1016,3
13961,1016,3
13962,1086,3
13963,1086,3
13964,1086,3
13965,1086,3
13966,1086,3
13967,1086,3
13968,1238,3
13969,1238,3
13970,1238,3
13971,1238,3
13972,1238,3
13973,1238,3
13974,1238,3
13975,1180,3
13976,1180,3
13977,1156,3
13978,1156,3
13979,1180,3
13980,1196,3
13981,1196,3
13982,1196,3
13983,1196,3
13984,1125,3
13985,1109,3
13986,1109,3
13987,1109,3
13988,1109,3
13989,1047,3
13990,1047,3
13991,1047,3
13992,1026,3
13993,1026,3
13994,1039,3
13995,1272,3
13996,1255,3
13997,1255,3
13998,1255,3
13999,1255,3
14000,1311,3
14001,1049,3
14002,1244,3
14003,1280,3
14004,1280,3
14005,1328,3
14006,1328,3
14007,1258,3
14008,1258,3
14009,1102,3
14010,1102,3
14011,1214,3
14012,1214,3
14013,1214,3
14014,1307,3
14015,1307,3
14016,1307,3
14017,1307,3
14018,1214,3
14019,1214,3
14020,1174,3
14021,1291,3
14022,1210,3
14023,1210,3
14024,1210,3
14025,1210,3
14026,1110,3
14027,3379,3
14028,3379,3
14029,3379,3
14030,3391,3
14031,3517,3
14032,3517,3
14033,3517,3
14034,3497,3
14035,3580,3
14036,3580,3
14037,3580,3
14038,3580,3
14039,3580,3
14040,3580,3
14041,3580,3
14042,3541,3
14043,3408,3
14044,3287,3
14045,3287,3
14046,3287,3
14047,3408,3
14048,3614,3
14049,3875,3
14050,3614,3
14051,3614,3
14052,3614,3
14053,3614,3
14054,3614,3
14055,3614,3
14056,3614,3
14057,3614,3
14058,3664,3
14059,3664,3
14060,3664,3
14061,3587,3
14062,3587,3
14063,3587,3
14064,3587,3
14065,3587,3
14066,3587,3
14067,3587,3
14068,3587,3
14069,3587,3
14070,3578,3
14071,3578,3
14072,3578,3
14073,3578,3
14074,3578,3
14075,3376,3
14076,3285,3
14077,3405,3
14078,3405,3
14079,3578,3
14080,3578,3
14081,3767,3
14082,3767,3
14083,3766,3
14084,3767,3
14085,3766,3
14086,3767,3
14087,3766,3
14088,3578,3
14089,3578,3
14090,3578,3
14091,3578,3
14092,3578,3
14093,3285,3
14094,3285,3
14095,3380,3
14096,3380,3
14097,3469,3
14098,3647,3
14099,3647,3
14100,3530,3
14101,3604,3
14102,3604,3
14103,3701,3
14104,3701,3
14105,3647,3
14106,3647,3
14107,3813,3
14108,3813,3
14109,3853,3
14110,3943,3
14111,3853,3
14112,3820,3
14113,3820,3
14114,3820,3
14115,3820,3
14116,3744,3
14117,3744,3
14118,3744,3
14119,3744,3
14120,3656,3
14121,3673,3
14122,3673,3
14123,3673,3
14124,3656,3
14125,3697,3
14126,3606,3
14127,3545,3
14128,3545,3
14129,3545,3
14130,3545,3
14131,3488,3
14132,3429,3
14133,3429,3
14134,3403,3
14135,3403,3
14136,3435,3
14137,3564,3
14138,3564,3
14139,3435,3
14140,3435,3
14141,3531,3
14142,3531,3
14143,3531,3
14144,3554,3
14145,3554,3
14146,3606,3
14147,3606,3
14148,3629,3
14149,3629,3
14150,3629,3
14151,3629,3
14152,3606,3
14153,3697,3
14154,3697,3
14155,3697,3
14156,3697,3
14157,3697,3
14158,3805,3
14159,3805,3
14160,3805,3
14161,3805,3
14162,3805,3
14163,3805,3
14164,3805,3
14165,3943,3
14166,3943,3
14167,3943,3
14168,3797,3
14169,3797,3
14170,3797,3
14171,3797,3
14172,3797,3
14173,3797,3
14174,3724,3
14175,3731,3
14176,3648,3
14177,3593,3
14178,3593,3
14179,3534,3
14180,3534,3
14181,3581,3
14182,3590,3
14183,3534,3
14184,3581,3
14185,3639,3
14186,3590,3
14187,3590,3
14188,3639,3
14189,3538,3
14190,3534,3
14191,3534,3
14192,3443,3
14193,3459,3
14194,3538,3
14195,3538,3
14196,3613,3
14197,3613,3
14198,3459,3
14199,3468,3
14200,3468,3
14201,3450,3
14202,3613,3
14203,3613,3
14204,3679,3
14205,3679,3
14206,3679,3
14207,3679,3
14208,3613,3
14209,3679,3
14210,3685,3
14211,3685,3
14212,3685,3
14213,3845,3
14214,3731,3
14215,3731,3
14216,3736,3
14217,3736,3
14218,3789,3
14219,3736,3
14220,3685,3
14221,3685,3
14222,3845,3
14223,3845,3
14224,3766,3
14225,3468,3
14226,3450,3
14227,3514,3
14228,3646,3
14229,3646,3
14230,3646,3
14231,3514,3
14232,3646,3
14233,3514,3
14234,3748,3
14235,3766,3
14236,3766,3
14237,3646,3
14238,3748,3
14239,3646,3
14240,3646,3
14241,3646,3
14242,3512,3
14243,3512,3
14244,3512,3
14245,3512,3
14246,3766,3
14247,4256,5
14248,4069,5
14249,4245,5
14250,4200,5
14251,4129,5
14252,2454,3
14253,2454,3
14254,2454,3
14255,2467,3
14256,2324,3
14257,2324,3
14258,2324,3
14259,2356,3
14260,2324,3
14261,2324,3
14262,2333,3
14263,2102,3
14264,2137,3
14265,1971,3
14266,2137,3
14267,1971,3
14268,1832,3
14269,1832,3
14270,1905,3
14271,1767,3
14272,1767,3
14273,2148,3
14274,1952,3
14275,2158,3
14276,2245,3
14277,2255,3
14278,2200,3
14279,2171,3
14280,2131,3
14281,2093,3
14282,2245,3
14283,2171,3
14284,2171,3
14285,2061,3
14286,2061,3
14287,2090,3
14288,1997,3
14289,1833,3
14290,1833,3
14291,1833,3
14292,1907,3
14293,1907,3
14294,1887,3
14295,1759,3
14296,1784,3
14297,1759,3
14298,1759,3
14299,1646,3
14300,1565,3
14301,1565,3
14302,1565,3
14303,1524,3
14304,1524,3
14305,1404,3
14306,1450,3
14307,1524,3
14308,1404,3
14309,1560,3
14310,1560,3
14311,112,6
14312,112,6
14313,112,6
14314,112,6
14315,112,6
14316,135,6
14317,125,6
14318,137,6
14319,131,6
14320,141,6
14321,126,6
14322,126,6
14323,157,6
14324,157,6
14325,153,6
14326,155,6
14327,139,6
14328,139,6
14329,139,6
14330,153,6
14331,153,6
14332,153,6
14333,155,6
14334,155,6
14335,155,6
14336,159,6
14337,155,6
14338,170,6
14339,978,3
14340,978,3
14341,1214,3
14342,1214,3
14343,1214,3
14344,4046,7
14345,4100,7
14346,3907,7
14347,4100,7
14348,4100,7
14349,3551,7
14350,3828,7
14351,3828,7
14352,3828,7
14353,4101,7
14354,4101,7
14355,3995,7
14356,3995,7
14357,3995,7
14358,1110,3
14359,1110,3
14360,1110,3
14361,448,6
14362,448,6
14363,448,6
14364,477,6
14365,440,6
14366,479,6
14367,479,6
14368,479,6
14369,479,6
14370,477,6
14371,452,6
14372,452,6
14373,477,6
14374,477,6
14375,477,6
14376,521,6
14377,422,6
14378,403,6
14379,403,6
14380,403,6
14381,443,6
14382,443,6
14383,323,6
14384,367,6
14385,323,6
14386,367,6
14387,316,6
14388,323,6
14389,316,6
14390,316,6
14391,316,6
14392,316,6
14393,316,6
14394,316,6
14395,281,6
14396,245,6
14397,245,6
14398,240,6
14399,177,6
14400,177,6
14401,189,6
14402,177,6
14403,2355,2
14404,1110,3
14405,4572,5
14406,4522,5
14407,4535,5
14408,4572,5
14409,4535,5
14410,4572,5
14411,4572,5
14412,4572,5
14413,4525,5
14414,4525,5
14415,4525,5
14416,4525,5
14417,4439,5
14418,4439,5
14419,4439,5
14420,4439,5
14421,4480,5
14422,4452,5
14423,4419,5
14424,4487,5
14425,4487,5
14426,4334,5
14427,4419,5
14428,4328,5
14429,4375,5
14430,4351,5
14431,4418,5
14432,4447,5
14433,4483,5
14434,4447,5
14435,4475,5
14436,4572,5
14437,4572,5
14438,4535,5
14439,4535,5
14440,4535,5
14441,4480,5
14442,4480,5
14443,4480,5
14444,4452,5
14445,4452,5
14446,4452,5
14447,4487,5
14448,4381,5
14449,4375,5
14450,4375,5
14451,4381,5
14452,4334,5
14453,4334,5
14454,4381,5
14455,4334,5
14456,4377,5
14457,4434,5
14458,4483,5
14459,4447,5
14460,4483,5
14461,4483,5
14462,4488,5
14463,4488,5
14464,4383,5
14465,4383,5
14466,4383,5
14467,4383,5
14468,4383,5
14469,4348,5
14470,4348,5
14471,4395,5
14472,4383,5
14473,4383,5
14474,4383,5
14475,4383,5
14476,4395,5
14477,4395,5
14478,4348,5
14479,4395,5
14480,4395,5
14481,4430,5
14482,4482,5
14483,4430,5
14484,4482,5
14485,4494,5
14486,4494,5
14487,4481,5
14488,4454,5
14489,4489,5
14490,4451,5
14491,4451,5
14492,4489,5
14493,4482,5
14494,4494,5
14495,4574,5
14496,4528,5
14497,4504,5
14498,4528,5
14499,4528,5
14500,4571,5
14501,4571,5
14502,4528,5
14503,4528,5
14504,4574,5
14505,4571,5
14506,4524,5
14507,4571,5
14508,4518,5
14509,4518,5
14510,4561,5
14511,4627,5
14512,4610,5
14513,4627,5
14514,4603,5
14515,4630,5
14516,4648,5
14517,4590,5
14518,4703,5
14519,4688,5
14520,4647,5
14521,4714,5
14522,4714,5
14523,4703,5
14524,4647,5
14525,4684,5
14526,4699,5
14527,4647,5
14528,4699,5
14529,4679,5
14530,4679,5
14531,4679,5
14532,4718,5
14533,4718,5
14534,4718,5
14535,4671,5
14536,4716,5
14537,4658,5
14538,4677,5
14539,4658,5
14540,4716,5
14541,4664,5
14542,4664,5
14543,4684,5
14544,4750,5
14545,4735,5
14546,4738,5
14547,4743,5
14548,4725,5
14549,4725,5
14550,4733,5
14551,4733,5
14552,4725,5
14553,4733,5
14554,4726,5
14555,4749,5
14556,4749,5
14557,4749,5
14558,4748,5
14559,4735,5
14560,4735,5
14561,4493,5
14562,4486,5
14563,4486,5
14564,4516,5
14565,4543,5
14566,4516,5
14567,4543,5
14568,4516,5
14569,4530,5
14570,4530,5
14571,4497,5
14572,4600,5
14573,4600,5
14574,4616,5
14575,4583,5
14576,4574,5
14577,4543,5
14578,4574,5
14579,4458,5
14580,4430,5
14581,4430,5
14582,4383,5
14583,4428,5
14584,4481,5
14585,4490,5
14586,4454,5
14587,4490,5
14588,4454,5
14589,4490,5
14590,4482,5
14591,4430,5
14592,4482,5
14593,4482,5
14594,4489,5
14595,4430,5
14596,4482,5
14597,4430,5
14598,4482,5
14599,4430,5
14600,4482,5
14601,4430,5
14602,4494,5
14603,4528,5
14604,4528,5
14605,4524,5
14606,4524,5
14607,4571,5
14608,4571,5
14609,4571,5
14610,4524,5
14611,4494,5
14612,4571,5
14613,4524,5
14614,4524,5
14615,4524,5
14616,4561,5
14617,4524,5
14618,4524,5
14619,4561,5
14620,4518,5
14621,4561,5
14622,4518,5
14623,4610,5
14624,4603,5
14625,4603,5
14626,4603,5
14627,4603,5
14628,4603,5
14629,4590,5
14630,4590,5
14631,4679,5
14632,4679,5
14633,4679,5
14634,4679,5
14635,4718,5
14636,4671,5
14637,4677,5
14638,4677,5
14639,4677,5
14640,4677,5
14641,4609,5
14642,4688,5
14643,4647,5
14644,4669,5
14645,4647,5
14646,4750,5
14647,4750,5
14648,4726,5
14649,4725,5
14650,4743,5
14651,4726,5
14652,4732,5
14653,4748,5
14654,4732,5
14655,4748,5
14656,4717,5
14657,4735,5
14658,4486,5
14659,4516,5
14660,4530,5
14661,4530,5
14662,4504,5
14663,4530,5
14664,4530,5
14665,4530,5
14666,4497,5
14667,4497,5
14668,4497,5
14669,4504,5
14670,4616,5
14671,4543,5
14672,4583,5
14673,4616,5
14674,4616,5
14675,4574,5
14676,4614,5
14677,4614,5
14678,4574,5
14679,4574,5
14680,4614,5
14681,4530,5
14682,4614,5
14683,4616,5
14684,4600,5
14685,4529,5
14686,4600,5
14687,4583,5
14688,4583,5
14689,4576,5
14690,4600,5
14691,4458,5
14692,4485,5
14693,4458,5
14694,4485,5
14695,4458,5
14696,4423,5
14697,4423,5
14698,4423,5
14699,4423,5
14700,4422,5
14701,4422,5
14702,4422,5
14703,4413,5
14704,4413,5
14705,4411,5
14706,4368,5
14707,4411,5
14708,4319,5
14709,4411,5
14710,4442,5
14711,4319,5
14712,4442,5
14713,4413,5
14714,4368,5
14715,4380,5
14716,4411,5
14717,4380,5
14718,4503,5
14719,4503,5
14720,4499,5
14721,4499,5
14722,4499,5
14723,4465,5
14724,4465,5
14725,4465,5
14726,4445,5
14727,4445,5
14728,4455,5
14729,4455,5
14730,4722,5
14731,4722,5
14732,4683,5
14733,4709,5
14734,4721,5
14735,4753,5
14736,4666,5
14737,4753,5
14738,4741,5
14739,4636,5
14740,4636,5
14741,4654,5
14742,4635,5
14743,4546,5
14744,4546,5
14745,4594,5
14746,4569,5
14747,4591,5
14748,4591,5
14749,4569,5
14750,4548,5
14751,4536,5
14752,4548,5
14753,4577,5
14754,4577,5
14755,4536,5
14756,4553,5
14757,4534,5
14758,4534,5
14759,4553,5
14760,4539,5
14761,4498,5
14762,4498,5
14763,4498,5
14764,4491,5
14765,4533,5
14766,4533,5
14767,4554,5
14768,4554,5
14769,4532,5
14770,4554,5
14771,4575,5
14772,4637,5
14773,4637,5
14774,4617,5
14775,4617,5
14776,4617,5
14777,4624,5
14778,4593,5
14779,4585,5
14780,4584,5
14781,4606,5
14782,4619,5
14783,4602,5
14784,4629,5
14785,4629,5
14786,4604,5
14787,4436,5
14788,4256,5
14789,4495,5
14790,4347,5
14791,4495,5
14792,4495,5
14793,4396,5
14794,4464,5
14795,4462,5
14796,4401,5
14797,4467,5
14798,4467,5
14799,4440,5
14800,4462,5
14801,4506,5
14802,4509,5
14803,4472,5
14804,4728,5
14805,4728,5
14806,4728,5
14807,4763,5
14808,4767,5
14809,4763,5
14810,4763,5
14811,4639,5
14812,4639,5
14813,4728,5
14814,4723,5
14815,4728,5
14816,4639,5
14817,4678,5
14818,4723,5
14819,4723,5
14820,4601,5
14821,4668,5
14822,4560,5
14823,4560,5
14824,4560,5
14825,4767,5
14826,4639,5
14827,4500,5
14828,4465,5
14829,4465,5
14830,4465,5
14831,4455,5
14832,4455,5
14833,4455,5
14834,4455,5
14835,4455,5
14836,4455,5
14837,4444,5
14838,4444,5
14839,4444,5
14840,4444,5
14841,4445,5
14842,4445,5
14843,4445,5
14844,4445,5
14845,4455,5
14846,4709,5
14847,4709,5
14848,4721,5
14849,4721,5
14850,4729,5
14851,4666,5
14852,4753,5
14853,4753,5
14854,4729,5
14855,4729,5
14856,4709,5
14857,4729,5
14858,4709,5
14859,4654,5
14860,4594,5
14861,4531,5
14862,4566,5
14863,4566,5
14864,4577,5
14865,4520,5
14866,4531,5
14867,4540,5
14868,4523,5
14869,4540,5
14870,4523,5
14871,4519,5
14872,4519,5
14873,4498,5
14874,4498,5
14875,4491,5
14876,4491,5
14877,4533,5
14878,4533,5
14879,4533,5
14880,4533,5
14881,4508,5
14882,4508,5
14883,4554,5
14884,4508,5
14885,4554,5
14886,4508,5
14887,4508,5
14888,4532,5
14889,4532,5
14890,4554,5
14891,4575,5
14892,4538,5
14893,4637,5
14894,4637,5
14895,4617,5
14896,4664,5
14897,4637,5
14898,4593,5
14899,4593,5
14900,4564,5
14901,4570,5
14902,4584,5
14903,4619,5
14904,4605,5
14905,4629,5
14906,4629,5
14907,4596,5
14908,4604,5
14909,4436,5
14910,4396,5
14911,4396,5
14912,4363,5
14913,4347,5
14914,4464,5
14915,4396,5
14916,4421,5
14917,4421,5
14918,4401,5
14919,4347,5
14920,4401,5
14921,4421,5
14922,4421,5
14923,4401,5
14924,4363,5
14925,4467,5
14926,4363,5
14927,4467,5
14928,4467,5
14929,4467,5
14930,4507,5
14931,4472,5
14932,4414,5
14933,4446,5
14934,4763,5
14935,4763,5
14936,4723,5
14937,4723,5
14938,4723,5
14939,4723,5
14940,4767,5
14941,4723,5
14942,4723,5
14943,4767,5
14944,4601,5
14945,4601,5
14946,4601,5
14947,4723,5
14948,4560,5
14949,4721,5
14950,4668,5
14951,4560,5
14952,4560,5
14953,4560,5
14954,4723,5
14955,4723,5
14956,2181,3
14957,2181,3
14958,1890,3
14959,2028,3
14960,2181,3
14961,1890,3
14962,1890,3
14963,1851,3
14964,2028,3
14965,1890,3
14966,2028,3
14967,1890,3
14968,1851,3
14969,913,6
14970,913,6
14971,822,6
14972,913,6
14973,822,6
14974,822,6
14975,822,6
14976,822,6
14977,822,6
14978,868,6
14979,918,6
14980,868,6
14981,918,6
14982,796,6
14983,876,6
14984,796,6
14985,876,6
14986,792,6
14987,792,6
14988,796,6
14989,796,6
14990,882,6
14991,1066,6
14992,1066,6
14993,1066,6
14994,897,6
14995,1066,6
14996,897,6
14997,798,6
14998,1066,6
14999,897,6
15000,682,6
15001,897,6
15002,897,6
15003,627,6
15004,897,6
15005,682,6
15006,897,6
15007,897,6
15008,1013,6
15009,1013,6
15010,1013,6
15011,1213,6
15012,1213,6
15013,1213,6
15014,1213,6
15015,1213,6
15016,1718,6
15017,1718,6
15018,1522,6
15019,1718,6
15020,1522,6
15021,1427,6
15022,1427,6
15023,1427,6
15024,1427,6
15025,1128,6
15026,1242,6
15027,1421,6
15028,1421,6
15029,1421,6
15030,1340,6
15031,1340,6
15032,1375,6
15033,1375,6
15034,1340,6
15035,1340,6
15036,1375,6
15037,1339,6
15038,1375,6
15039,1162,6
15040,1339,6
15041,630,6
15042,745,6
15043,784,6
15044,630,6
15045,630,6
15046,630,6
15047,784,6
15048,784,6
15049,542,6
15050,630,6
15051,550,6
15052,550,6
15053,630,6
15054,573,6
15055,587,6
15056,587,6
15057,587,6
15058,539,6
15059,587,6
15060,698,6
15061,698,6
15062,698,6
15063,698,6
15064,698,6
15065,698,6
15066,698,6
15067,722,6
15068,722,6
15069,722,6
15070,722,6
15071,722,6
15072,587,6
15073,566,6
15074,634,6
15075,634,6
15076,634,6
15077,571,6
15078,884,6
15079,988,6
15080,884,6
15081,988,6
15082,988,6
15083,988,6
15084,884,6
15085,884,6
15086,884,6
15087,957,6
15088,957,6
15089,1065,6
15090,1003,6
15091,1107,6
15092,1107,6
15093,2198,6
15094,2198,6
15095,1931,6
15096,1931,6
15097,2328,6
15098,1480,6
15099,2198,6
15100,1480,6
15101,1480,6
15102,1158,6
15103,1931,6
15104,1931,6
15105,1443,6
15106,1242,6
15107,1931,6
15108,1232,6
15109,1148,6
15110,1462,6
15111,1462,6
15112,1612,6
15113,1298,6
15114,1169,6
15115,1412,6
15116,1412,6
15117,1612,6
15118,1612,6
15119,1412,6
15120,1529,6
15121,1298,6
15122,1412,6
15123,1612,6
15124,1181,6
15125,1529,6
15126,1529,6
15127,1612,6
15128,1275,6
15129,1612,6
15130,1275,6
15131,1275,6
15132,1529,6
15133,1040,6
15134,1529,6
15135,1529,6
15136,1275,6
15137,1275,6
15138,1303,6
15139,1612,6
15140,1140,6
15141,999,6
15142,1042,6
15143,1001,6
15144,951,6
15145,913,6
15146,822,6
15147,822,6
15148,913,6
15149,868,6
15150,918,6
15151,868,6
15152,876,6
15153,868,6
15154,792,6
15155,792,6
15156,792,6
15157,792,6
15158,882,6
15159,1066,6
15160,798,6
15161,1066,6
15162,897,6
15163,1066,6
15164,897,6
15165,897,6
15166,897,6
15167,897,6
15168,897,6
15169,897,6
15170,1013,6
15171,1013,6
15172,1013,6
15173,1013,6
15174,1013,6
15175,1213,6
15176,1213,6
15177,1213,6
15178,1213,6
15179,1213,6
15180,1213,6
15181,1213,6
15182,1213,6
15183,1213,6
15184,1213,6
15185,1213,6
15186,1123,6
15187,1066,6
15188,1522,6
15189,1522,6
15190,1718,6
15191,1522,6
15192,1522,6
15193,1522,6
15194,1522,6
15195,1522,6
15196,1427,6
15197,1427,6
15198,1427,6
15199,1427,6
15200,1427,6
15201,1427,6
15202,1427,6
15203,1242,6
15204,1128,6
15205,1421,6
15206,1128,6
15207,1128,6
15208,1128,6
15209,1246,6
15210,1066,6
15211,1421,6
15212,1128,6
15213,1340,6
15214,1246,6
15215,1246,6
15216,1066,6
15217,1246,6
15218,1340,6
15219,1246,6
15220,1246,6
15221,1340,6
15222,1246,6
15223,1340,6
15224,1246,6
15225,1246,6
15226,1246,6
15227,1340,6
15228,1375,6
15229,1375,6
15230,1066,6
15231,1162,6
15232,1375,6
15233,1162,6
15234,1162,6
15235,1162,6
15236,1162,6
15237,1162,6
15238,1339,6
15239,1427,6
15240,1375,6
15241,1162,6
15242,1339,6
15243,1339,6
15244,1339,6
15245,1162,6
15246,1162,6
15247,1339,6
15248,1271,6
15249,1339,6
15250,1162,6
15251,1339,6
15252,1346,6
15253,1162,6
15254,1427,6
15255,1271,6
15256,1271,6
15257,1162,6
15258,1271,6
15259,1162,6
15260,1346,6
15261,1346,6
15262,1271,6
15263,1271,6
15264,1346,6
15265,1162,6
15266,1162,6
15267,1162,6
15268,1346,6
15269,1346,6
15270,1271,6
15271,1271,6
15272,1346,6
15273,1346,6
15274,784,6
15275,784,6
15276,784,6
15277,784,6
15278,784,6
15279,630,6
15280,630,6
15281,542,6
15282,630,6
15283,630,6
15284,550,6
15285,573,6
15286,539,6
15287,539,6
15288,698,6
15289,698,6
15290,698,6
15291,698,6
15292,698,6
15293,698,6
15294,722,6
15295,539,6
15296,587,6
15297,566,6
15298,571,6
15299,884,6
15300,988,6
15301,988,6
15302,988,6
15303,988,6
15304,884,6
15305,884,6
15306,2328,6
15307,2328,6
15308,1931,6
15309,1480,6
15310,1931,6
15311,1931,6
15312,1931,6
15313,2328,6
15314,1480,6
15315,1931,6
15316,1443,6
15317,1443,6
15318,2328,6
15319,1931,6
15320,1443,6
15321,1931,6
15322,1443,6
15323,1931,6
15324,1931,6
15325,1443,6
15326,1604,6
15327,1604,6
15328,2328,6
15329,1604,6
15330,1604,6
15331,1412,7
15332,1169,6
15333,1412,6
15334,1298,6
15335,1612,6
15336,1412,6
15337,1298,6
15338,1298,6
15339,1529,6
15340,1529,6
15341,1529,6
15342,1529,6
15343,1275,6
15344,1275,6
15345,1529,6
15346,1529,6
15347,1275,6
15348,1529,6
15349,1529,6
15350,1529,6
15351,1303,6
15352,1480,6
15353,1480,6
15354,1303,6
15355,1303,6
15356,1303,6
15357,1480,6
15358,1275,6
15359,1275,6
15360,1275,6
15361,999,6
15362,1140,6
15363,999,6
15364,1140,6
15365,1042,6
15366,1042,6
15367,1042,6
15368,1042,6
15369,1001,6
15370,1128,6
15371,1001,6
15372,1128,6
15373,951,6
15374,1066,6
15375,951,6
15376,1066,6
15377,453,6
15378,453,6
15379,453,6
15380,453,6
15381,453,6
15382,453,6
15383,443,6
15384,530,6
15385,530,6
15386,552,6
15387,552,6
15388,564,6
15389,564,6
15390,564,6
15391,536,6
15392,627,6
15393,627,6
15394,626,6
15395,626,6
15396,626,6
15397,626,6
15398,626,6
15399,626,6
15400,626,6
15401,626,6
15402,626,6
15403,626,6
15404,626,6
15405,627,6
15406,806,6
15407,806,6
15408,806,6
15409,945,6
15410,945,6
15411,739,6
15412,739,6
15413,739,6
15414,739,6
15415,782,6
15416,782,6
15417,637,6
15418,782,6
15419,637,6
15420,683,6
15421,683,6
15422,683,6
15423,788,6
15424,995,6
15425,972,6
15426,352,6
15427,352,6
15428,441,6
15429,681,6
15430,767,6
15431,767,6
15432,681,6
15433,767,6
15434,696,6
15435,715,6
15436,715,6
15437,715,6
15438,663,6
15439,483,6
15440,531,6
15441,531,6
15442,531,6
15443,483,6
15444,531,6
15445,483,6
15446,531,6
15447,484,6
15448,484,6
15449,484,6
15450,601,6
15451,601,6
15452,597,6
15453,396,6
15454,396,6
15455,396,6
15456,396,6
15457,396,6
15458,396,6
15459,406,6
15460,406,6
15461,451,6
15462,463,6
15463,463,6
15464,562,6
15465,523,6
15466,456,6
15467,456,6
15468,456,6
15469,456,6
15470,456,6
15471,456,6
15472,453,6
15473,453,6
15474,530,6
15475,453,6
15476,453,6
15477,453,6
15478,530,6
15479,530,6
15480,530,6
15481,530,6
15482,530,6
15483,530,6
15484,530,6
15485,548,6
15486,548,6
15487,548,6
15488,552,6
15489,552,6
15490,564,6
15491,564,6
15492,564,6
15493,564,6
15494,564,6
15495,564,6
15496,564,6
15497,564,6
15498,564,6
15499,564,6
15500,564,6
15501,564,6
15502,631,6
15503,536,6
15504,536,6
15505,536,6
15506,536,6
15507,536,6
15508,626,6
15509,626,6
15510,626,6
15511,626,6
15512,626,6
15513,626,6
15514,626,6
15515,626,6
15516,945,6
15517,945,6
15518,806,6
15519,945,6
15520,806,6
15521,806,6
15522,806,6
15523,945,6
15524,945,6
15525,626,6
15526,626,6
15527,739,6
15528,739,6
15529,626,6
15530,782,6
15531,782,6
15532,782,6
15533,616,6
15534,637,6
15535,637,6
15536,782,6
15537,637,6
15538,782,6
15539,637,6
15540,637,6
15541,637,6
15542,683,6
15543,637,6
15544,683,6
15545,683,6
15546,788,6
15547,788,6
15548,788,6
15549,788,6
15550,788,6
15551,788,6
15552,788,6
15553,683,6
15554,683,6
15555,995,6
15556,995,6
15557,995,6
15558,782,6
15559,995,6
15560,995,6
15561,995,6
15562,995,6
15563,995,6
15564,995,6
15565,995,6
15566,995,6
15567,995,6
15568,995,6
15569,995,6
15570,782,6
15571,972,6
15572,972,6
15573,972,6
15574,972,6
15575,972,6
15576,972,6
15577,782,6
15578,972,6
15579,972,6
15580,788,6
15581,972,6
15582,352,6
15583,424,6
15584,424,6
15585,424,6
15586,424,6
15587,441,6
15588,441,6
15589,441,6
15590,441,6
15591,441,6
15592,681,6
15593,681,6
15594,767,6
15595,767,6
15596,681,6
15597,767,6
15598,835,6
15599,835,6
15600,835,6
15601,715,6
15602,835,6
15603,696,6
15604,696,6
15605,696,6
15606,715,6
15607,663,6
15608,663,6
15609,663,6
15610,663,6
15611,663,6
15612,663,6
15613,540,6
15614,531,6
15615,531,6
15616,531,6
15617,483,6
15618,531,6
15619,531,6
15620,531,6
15621,531,6
15622,531,6
15623,531,6
15624,484,6
15625,484,6
15626,569,6
15627,569,6
15628,601,6
15629,569,6
15630,601,6
15631,601,6
15632,601,6
15633,601,6
15634,601,6
15635,597,6
15636,597,6
15637,597,6
15638,597,6
15639,597,6
15640,597,6
15641,597,6
15642,396,6
15643,396,6
15644,463,6
15645,463,6
15646,463,6
15647,463,6
15648,463,6
15649,463,6
15650,463,6
15651,463,6
15652,562,6
15653,523,6
15654,523,6
15655,523,6
15656,523,6
15657,523,6
15658,523,6
15659,523,6
15660,562,6
15661,523,6
15662,515,6
15663,515,6
15664,545,6
15665,481,6
15666,545,6
15667,451,6
15668,451,6
15669,454,6
15670,307,6
15671,291,6
15672,417,6
15673,332,6
15674,417,6
15675,417,6
15676,354,6
15677,354,6
15678,341,6
15679,254,6
15680,254,6
15681,254,6
15682,254,6
15683,254,6
15684,270,6
15685,270,6
15686,270,6
15687,295,6
15688,295,6
15689,295,6
15690,295,6
15691,306,6
15692,306,6
15693,306,6
15694,306,6
15695,306,6
15696,306,6
15697,353,6
15698,353,6
15699,405,6
15700,500,6
15701,360,6
15702,503,6
15703,277,6
15704,277,6
15705,277,6
15706,277,6
15707,277,6
15708,289,6
15709,289,6
15710,312,6
15711,317,6
15712,317,6
15713,317,6
15714,418,6
15715,342,6
15716,418,6
15717,418,6
15718,457,6
15719,501,6
15720,494,6
15721,489,6
15722,506,6
15723,409,6
15724,409,6
15725,409,6
15726,409,6
15727,404,6
15728,221,6
15729,221,6
15730,235,6
15731,235,6
15732,235,6
15733,235,6
15734,214,6
15735,214,6
15736,220,6
15737,235,6
15738,252,6
15739,252,6
15740,239,6
15741,239,6
15742,120,6
15743,120,6
15744,133,6
15745,142,6
15746,142,6
15747,124,6
15748,130,6
15749,523,6
15750,523,6
15751,523,6
15752,523,6
15753,523,6
15754,562,6
15755,523,6
15756,523,6
15757,562,6
15758,562,6
15759,515,6
15760,562,6
15761,515,6
15762,515,6
15763,545,6
15764,515,6
15765,562,6
15766,515,6
15767,545,6
15768,545,6
15769,545,6
15770,627,6
15771,627,6
15772,627,6
15773,627,6
15774,545,6
15775,451,6
15776,451,6
15777,451,6
15778,451,6
15779,451,6
15780,451,6
15781,451,6
15782,451,6
15783,451,6
15784,451,6
15785,451,6
15786,451,6
15787,451,6
15788,454,6
15789,454,6
15790,454,6
15791,454,6
15792,454,6
15793,454,6
15794,454,6
15795,271,6
15796,330,6
15797,380,6
15798,447,6
15799,332,6
15800,417,6
15801,380,6
15802,417,6
15803,332,6
15804,447,6
15805,447,6
15806,417,6
15807,354,6
15808,354,6
15809,354,6
15810,354,6
15811,417,6
15812,447,6
15813,434,6
15814,434,6
15815,434,6
15816,434,6
15817,341,6
15818,341,6
15819,372,6
15820,372,6
15821,434,6
15822,434,6
15823,372,6
15824,372,6
15825,434,6
15826,434,6
15827,341,6
15828,372,6
15829,372,6
15830,434,6
15831,434,6
15832,341,6
15833,416,6
15834,450,6
15835,372,6
15836,450,6
15837,372,6
15838,450,6
15839,372,6
15840,372,6
15841,372,6
15842,372,6
15843,450,6
15844,450,6
15845,372,6
15846,450,6
15847,450,6
15848,254,6
15849,254,6
15850,295,6
15851,295,6
15852,306,6
15853,306,6
15854,306,6
15855,306,6
15856,373,6
15857,373,6
15858,373,6
15859,373,6
15860,373,6
15861,373,6
15862,373,6
15863,405,6
15864,373,6
15865,500,6
15866,360,6
15867,306,6
15868,306,6
15869,277,6
15870,277,6
15871,277,6
15872,277,6
15873,277,6
15874,289,6
15875,289,6
15876,289,6
15877,289,6
15878,289,6
15879,289,6
15880,289,6
15881,289,6
15882,312,6
15883,312,6
15884,312,6
15885,312,6
15886,312,6
15887,312,6
15888,312,6
15889,312,6
15890,312,6
15891,312,6
15892,312,6
15893,312,6
15894,312,6
15895,317,6
15896,317,6
15897,467,6
15898,418,6
15899,342,6
15900,342,6
15901,418,6
15902,418,6
15903,342,6
15904,342,6
15905,418,6
15906,342,6
15907,418,6
15908,418,6
15909,418,6
15910,342,6
15911,342,6
15912,342,6
15913,418,6
15914,418,6
15915,349,6
15916,418,6
15917,349,6
15918,418,6
15919,349,6
15920,418,6
15921,467,6
15922,348,6
15923,348,6
15924,348,6
15925,348,6
15926,337,6
15927,337,6
15928,362,6
15929,362,6
15930,337,6
15931,362,6
15932,362,6
15933,501,6
15934,501,6
15935,501,6
15936,501,6
15937,501,6
15938,492,6
15939,492,6
15940,494,6
15941,494,6
15942,494,6
15943,494,6
15944,489,6
15945,489,6
15946,535,6
15947,535,6
15948,489,6
15949,506,6
15950,506,6
15951,535,6
15952,535,6
15953,506,6
15954,506,6
15955,506,6
15956,506,6
15957,409,6
15958,409,6
15959,409,6
15960,404,6
15961,404,6
15962,464,6
15963,464,6
15964,464,6
15965,404,6
15966,404,6
15967,464,6
15968,464,6
15969,464,6
15970,235,6
15971,235,6
15972,214,6
15973,214,6
15974,214,6
15975,214,6
15976,220,6
15977,220,6
15978,230,6
15979,235,6
15980,235,6
15981,240,6
15982,252,6
15983,252,6
15984,252,6
15985,263,6
15986,274,6
15987,274,6
15988,239,6
15989,239,6
15990,239,6
15991,239,6
15992,239,6
15993,239,6
15994,239,6
15995,253,6
15996,253,6
15997,261,6
15998,253,6
15999,124,6
16000,124,6
16001,130,6
16002,142,6
16003,130,6
16004,130,6
16005,130,6
16006,133,6
16007,133,6
16008,164,6
16009,164,6
16010,164,6
16011,164,6
16012,164,6
16013,164,6
16014,152,6
16015,164,6
16016,165,6
16017,226,6
16018,226,6
16019,226,6
16020,458,6
16021,399,6
16022,255,6
16023,255,6
16024,353,6
16025,287,6
16026,251,6
16027,251,6
16028,251,6
16029,251,6
16030,255,6
16031,287,6
16032,334,6
16033,334,6
16034,458,6
16035,458,6
16036,458,6
16037,399,6
16038,458,6
16039,174,6
16040,156,6
16041,174,6
16042,156,6
16043,143,6
16044,174,6
16045,156,6
16046,143,6
16047,134,6
16048,174,6
16049,134,6
16050,148,6
16051,148,6
16052,167,6
16053,148,6
16054,167,6
16055,167,6
16056,212,6
16057,200,6
16058,200,6
16059,200,6
16060,200,6
16061,212,6
16062,212,6
16063,200,6
16064,212,6
16065,184,6
16066,194,6
16067,201,6
16068,201,6
16069,243,6
16070,219,6
16071,194,6
16072,243,6
16073,219,6
16074,243,6
16075,243,6
16076,219,6
16077,243,6
16078,243,6
16079,237,6
16080,237,6
16081,237,6
16082,237,6
16083,205,6
16084,205,6
16085,209,6
16086,136,6
16087,136,6
16088,147,6
16089,158,6
16090,163,6
16091,163,6
16092,173,6
16093,179,6
16094,190,6
16095,179,6
16096,190,6
16097,179,6
16098,97,6
16099,97,6
16100,109,6
16101,113,6
16102,110,6
16103,91,6
16104,109,6
16105,91,6
16106,100,6
16107,113,6
16108,100,6
16109,100,6
16110,110,6
16111,100,6
16112,110,6
16113,100,6
16114,103,6
16115,103,6
16116,103,6
16117,118,6
16118,110,6
16119,110,6
16120,103,6
16121,110,6
16122,103,6
16123,127,6
16124,121,6
16125,127,6
16126,121,6
16127,132,6
16128,86,6
16129,92,6
16130,92,6
16131,92,6
16132,86,6
16133,86,6
16134,104,6
16135,104,6
16136,104,6
16137,117,6
16138,117,6
16139,96,6
16140,96,6
16141,130,6
16142,130,6
16143,133,6
16144,133,6
16145,152,6
16146,152,6
16147,164,6
16148,164,6
16149,149,6
16150,149,6
16151,149,6
16152,226,6
16153,255,6
16154,251,6
16155,255,6
16156,287,6
16157,287,6
16158,334,6
16159,399,6
16160,287,6
16161,287,6
16162,458,6
16163,458,6
16164,399,6
16165,174,6
16166,156,6
16167,143,6
16168,134,6
16169,174,6
16170,143,6
16171,143,6
16172,167,6
16173,169,6
16174,169,6
16175,169,6
16176,200,6
16177,212,6
16178,184,6
16179,201,6
16180,201,6
16181,184,6
16182,184,6
16183,184,6
16184,201,6
16185,243,6
16186,237,6
16187,237,6
16188,237,6
16189,237,6
16190,237,6
16191,205,6
16192,136,6
16193,158,6
16194,147,6
16195,158,6
16196,158,6
16197,163,6
16198,173,6
16199,173,6
16200,163,6
16201,190,6
16202,190,6
16203,190,6
16204,196,6
16205,91,6
16206,100,6
16207,110,6
16208,103,6
16209,118,6
16210,118,6
16211,110,6
16212,103,6
16213,110,6
16214,110,6
16215,103,6
16216,110,6
16217,127,6
16218,121,6
16219,132,6
16220,132,6
16221,86,6
16222,86,6
16223,86,6
16224,96,6
16225,104,6
16226,117,6
16227,117,6
16228,117,6
16229,96,6
16230,96,6
16231,96,6
16232,96,6
16233,96,6
16234,96,6
16235,266,6
16236,300,6
16237,266,6
16238,266,6
16239,234,6
16240,234,6
16241,242,6
16242,234,6
16243,242,6
16244,242,6
16245,181,6
16246,266,6
16247,228,6
16248,195,6
16249,247,6
16250,215,6
16251,181,6
16252,215,6
16253,181,6
16254,215,6
16255,170,6
16256,160,6
16257,170,6
16258,160,6
16259,160,6
16260,160,6
16261,160,6
16262,290,6
16263,290,6
16264,290,6
16265,290,6
16266,290,6
16267,262,6
16268,302,6
16269,304,6
16270,262,6
16271,309,6
16272,328,6
16273,224,6
16274,324,6
16275,213,6
16276,191,6
16277,191,6
16278,233,6
16279,191,6
16280,233,6
16281,233,6
16282,213,6
16283,233,6
16284,198,6
16285,231,6
16286,231,6
16287,292,6
16288,292,6
16289,258,6
16290,258,6
16291,282,6
16292,259,6
16293,282,6
16294,259,6
16295,259,6
16296,383,6
16297,331,6
16298,383,6
16299,331,6
16300,331,6
16301,383,6
16302,331,6
16303,331,6
16304,331,6
16305,344,6
16306,176,6
16307,217,6
16308,217,6
16309,208,6
16310,208,6
16311,188,6
16312,203,6
16313,327,6
16314,329,6
16315,217,6
16316,268,6
16317,268,6
16318,268,6
16319,268,6
16320,268,6
16321,272,6
16322,272,6
16323,238,6
16324,238,6
16325,272,6
16326,238,6
16327,238,6
16328,238,6
16329,308,6
16330,308,6
16331,297,6
16332,297,6
16333,297,6
16334,297,6
16335,297,6
16336,297,6
16337,299,6
16338,358,6
16339,358,6
16340,358,6
16341,358,6
16342,358,6
16343,351,6
16344,351,6
16345,346,6
16346,346,6
16347,346,6
16348,350,6
16349,350,6
16350,351,6
16351,266,6
16352,266,6
16353,247,6
16354,181,6
16355,228,6
16356,160,6
16357,262,6
16358,304,6
16359,262,6
16360,227,6
16361,227,6
16362,304,6
16363,309,6
16364,267,6
16365,267,6
16366,324,6
16367,223,6
16368,191,6
16369,233,6
16370,191,6
16371,213,6
16372,191,6
16373,233,6
16374,198,6
16375,231,6
16376,198,6
16377,231,6
16378,292,6
16379,259,6
16380,331,6
16381,331,6
16382,331,6
16383,305,6
16384,344,6
16385,344,6
16386,305,6
16387,305,6
16388,344,6
16389,305,6
16390,344,6
16391,305,6
16392,176,6
16393,186,6
16394,161,6
16395,217,6
16396,176,6
16397,176,6
16398,176,6
16399,176,6
16400,208,6
16401,208,6
16402,188,6
16403,327,6
16404,257,6
16405,268,6
16406,268,6
16407,268,6
16408,217,6
16409,268,6
16410,268,6
16411,246,6
16412,225,6
16413,225,6
16414,218,6
16415,299,6
16416,299,6
16417,299,6
16418,358,6
16419,346,6
16420,346,6
16421,346,6
16422,325,6
16423,350,6
16424,350,6
16425,350,6
16426,351,6
16427,351,6
16428,351,6
16429,351,6
16430,197,6
16431,197,6
16432,197,6
16433,197,6
16434,197,6
16435,197,6
16436,197,6
16437,197,6
16438,197,6
16439,197,6
16440,197,6
16441,197,6
16442,248,6
16443,248,6
16444,248,6
16445,248,6
16446,248,6
16447,248,6
16448,248,6
16449,241,6
16450,241,6
16451,241,6
16452,241,6
16453,241,6
16454,674,6
16455,534,6
16456,674,6
16457,674,6
16458,674,6
16459,674,6
16460,534,6
16461,714,6
16462,714,6
16463,714,6
16464,714,6
16465,578,6
16466,578,6
16467,578,6
16468,714,6
16469,578,6
16470,543,6
16471,543,6
16472,322,6
16473,322,6
16474,322,6
16475,322,6
16476,320,6
16477,320,6
16478,320,6
16479,320,6
16480,543,6
16481,863,6
16482,736,6
16483,863,6
16484,528,6
16485,528,6
16486,863,6
16487,736,6
16488,414,6
16489,528,6
16490,528,6
16491,414,6
16492,283,6
16493,318,6
16494,318,6
16495,1000,7
16496,1000,7
16497,887,7
16498,1081,7
16499,1081,7
16500,1081,7
16501,887,7
16502,976,7
16503,887,7
16504,899,7
16505,899,7
16506,899,7
16507,1335,7
16508,1145,7
16509,1223,7
16510,1223,7
16511,1223,7
16512,1335,7
16513,1178,7
16514,1335,7
16515,1178,7
16516,944,7
16517,1192,7
16518,1192,7
16519,944,7
16520,1306,7
16521,1306,7
16522,1138,7
16523,1138,7
16524,1377,7
16525,1200,7
16526,1377,7
16527,1377,7
16528,1200,7
16529,1399,7
16530,1399,7
16531,1489,7
16532,1324,7
16533,1399,7
16534,1489,7
16535,1324,7
16536,1324,7
16537,1324,7
16538,1407,7
16539,1407,7
16540,1407,7
16541,1407,7
16542,1407,7
16543,1488,7
16544,1557,7
16545,1557,7
16546,1546,7
16547,1647,7
16548,1546,7
16549,1763,7
16550,1542,7
16551,1542,7
16552,1768,7
16553,1768,7
16554,1948,7
16555,1768,7
16556,1948,7
16557,1957,7
16558,1957,7
16559,1200,7
16560,1200,7
16561,1267,7
16562,1930,7
16563,1930,7
16564,1930,7
16565,1587,7
16566,1587,7
16567,1587,7
16568,1587,7
16569,1587,7
16570,1587,7
16571,1587,7
16572,1587,7
16573,1245,7
16574,1972,7
16575,1573,7
16576,1972,7
16577,1573,7
16578,1972,7
16579,1972,7
16580,1573,7
16581,1886,7
16582,1664,7
16583,1664,7
16584,1664,7
16585,1589,7
16586,1589,7
16587,1589,7
16588,1245,7
16589,1401,7
16590,1401,7
16591,953,7
16592,1301,7
16593,1301,7
16594,1090,7
16595,1301,7
16596,1263,7
16597,1090,7
16598,1263,7
16599,1263,7
16600,1589,7
16601,1589,7
16602,946,7
16603,946,7
16604,946,7
16605,946,7
16606,946,7
16607,946,7
16608,816,7
16609,816,7
16610,816,7
16611,816,7
16612,1015,7
16613,1015,7
16614,816,7
16615,816,7
16616,757,7
16617,757,7
16618,839,7
16619,839,7
16620,757,7
16621,757,7
16622,757,7
16623,757,7
16624,757,7
16625,656,7
16626,656,7
16627,656,7
16628,653,7
16629,653,7
16630,649,7
16631,649,7
16632,197,6
16633,197,6
16634,197,6
16635,197,6
16636,197,6
16637,197,6
16638,197,6
16639,197,6
16640,248,6
16641,248,6
16642,248,6
16643,241,6
16644,241,6
16645,241,6
16646,241,6
16647,241,6
16648,241,6
16649,241,6
16650,241,6
16651,241,6
16652,534,6
16653,674,6
16654,578,6
16655,714,6
16656,714,6
16657,578,6
16658,578,7
16659,578,6
16660,543,6
16661,543,6
16662,534,6
16663,438,6
16664,322,6
16665,438,6
16666,438,6
16667,438,6
16668,543,6
16669,320,6
16670,320,6
16671,320,6
16672,322,6
16673,320,6
16674,275,6
16675,953,6
16676,863,6
16677,528,6
16678,1000,7
16679,976,7
16680,1081,7
16681,976,7
16682,887,7
16683,887,7
16684,887,7
16685,887,7
16686,718,7
16687,899,7
16688,899,7
16689,899,7
16690,899,7
16691,1335,7
16692,1335,7
16693,1145,7
16694,1178,7
16695,1335,7
16696,1178,7
16697,1335,7
16698,944,7
16699,944,7
16700,944,7
16701,944,7
16702,944,7
16703,1189,7
16704,944,7
16705,944,7
16706,1138,7
16707,992,7
16708,992,7
16709,1138,7
16710,1399,7
16711,1399,7
16712,1399,7
16713,1324,7
16714,1324,7
16715,1407,7
16716,1399,7
16717,1399,7
16718,1488,7
16719,1488,7
16720,1488,7
16721,1488,7
16722,1557,7
16723,1557,7
16724,1647,7
16725,1546,7
16726,1546,7
16727,1763,7
16728,1763,7
16729,1763,7
16730,1546,7
16731,1542,7
16732,1763,7
16733,1542,7
16734,1768,7
16735,1768,7
16736,1768,7
16737,1768,7
16738,1948,7
16739,1768,7
16740,1763,7
16741,1763,7
16742,1763,7
16743,1763,7
16744,1763,7
16745,1200,7
16746,1200,7
16747,1200,7
16748,1200,7
16749,1324,7
16750,1083,7
16751,1083,7
16752,1083,7
16753,1083,7
16754,1083,7
16755,1324,7
16756,1083,7
16757,1083,7
16758,1147,7
16759,1062,7
16760,1147,7
16761,1267,7
16762,1062,7
16763,1267,7
16764,1147,7
16765,1267,7
16766,1267,7
16767,1542,7
16768,1407,7
16769,1587,7
16770,1407,7
16771,1245,7
16772,1245,7
16773,1972,7
16774,1972,7
16775,1573,7
16776,1972,7
16777,1972,7
16778,1972,7
16779,1886,7
16780,1886,7
16781,1886,7
16782,1401,7
16783,953,7
16784,1301,7
16785,953,7
16786,1401,7
16787,1090,7
16788,1090,7
16789,953,7
16790,953,7
16791,1301,7
16792,1301,7
16793,1463,7
16794,953,7
16795,1301,7
16796,953,7
16797,1463,7
16798,1301,7
16799,1664,7
16800,1263,7
16801,1463,7
16802,953,7
16803,1263,7
16804,1463,7
16805,1589,7
16806,1263,7
16807,946,7
16808,946,7
16809,816,7
16810,1015,7
16811,816,7
16812,816,7
16813,816,7
16814,816,7
16815,816,7
16816,816,7
16817,816,7
16818,839,7
16819,757,7
16820,757,7
16821,757,7
16822,656,7
16823,689,7
16824,653,7
16825,653,7
16826,653,7
16827,649,7
16828,653,7
16829,653,7
16830,726,7
16831,753,7
16832,815,7
16833,753,7
16834,726,7
16835,791,7
16836,726,7
16837,731,7
16838,731,7
16839,791,7
16840,731,7
16841,712,7
16842,776,7
16843,734,7
16844,734,7
16845,776,7
16846,1058,7
16847,914,7
16848,914,7
16849,929,7
16850,1060,7
16851,1060,7
16852,874,7
16853,874,7
16854,947,7
16855,620,7
16856,667,7
16857,750,7
16858,750,7
16859,787,7
16860,894,7
16861,1004,7
16862,1004,7
16863,1033,7
16864,902,7
16865,902,7
16866,648,7
16867,732,7
16868,732,7
16869,624,7
16870,904,7
16871,1053,7
16872,864,7
16873,974,7
16874,1852,7
16875,1852,7
16876,1852,7
16877,1515,7
16878,1313,7
16879,1852,7
16880,1515,7
16881,1515,7
16882,1313,7
16883,1313,7
16884,1852,7
16885,1515,7
16886,1515,7
16887,1313,7
16888,1515,7
16889,1515,7
16890,1515,7
16891,1515,7
16892,1515,7
16893,1313,7
16894,1394,7
16895,1593,7
16896,1234,7
16897,1414,7
16898,1414,7
16899,1593,7
16900,1460,7
16901,1460,7
16902,2227,7
16903,2440,7
16904,2440,7
16905,2440,7
16906,2227,7
16907,2227,7
16908,2440,7
16909,2141,7
16910,2440,7
16911,2141,7
16912,2141,7
16913,2141,7
16914,2440,7
16915,2440,7
16916,2440,7
16917,2063,7
16918,2321,7
16919,2321,7
16920,2063,7
16921,2321,7
16922,2321,7
16923,2107,7
16924,2107,7
16925,2107,7
16926,2012,7
16927,2321,7
16928,2012,7
16929,2012,7
16930,2321,7
16931,2321,7
16932,2321,7
16933,2321,7
16934,2321,7
16935,2321,7
16936,2321,7
16937,2012,7
16938,2012,7
16939,2321,7
16940,2321,7
16941,2152,7
16942,2507,7
16943,2119,7
16944,2119,7
16945,2343,7
16946,2343,7
16947,2138,7
16948,2138,7
16949,3386,7
16950,3386,7
16951,3386,7
16952,3386,7
16953,3386,7
16954,3386,7
16955,3657,7
16956,4230,8
16957,3657,7
16958,3657,7
16959,3657,7
16960,3657,7
16961,3657,7
16962,3657,7
16963,3657,7
16964,3657,7
16965,4077,7
16966,4230,8
16967,4077,7
16968,4077,7
16969,4261,7
16970,4077,7
16971,4130,7
16972,4261,7
16973,4405,7
16974,4261,7
16975,4261,7
16976,4521,7
16977,4405,7
16978,4261,7
16979,4662,7
16980,4662,7
16981,4405,7
16982,4405,7
16983,4521,7
16984,4662,7
16985,4405,7
16986,4662,7
16987,4521,7
16988,4405,7
16989,4662,7
16990,4662,7
16991,4662,7
16992,4405,7
16993,4405,7
16994,4662,7
16995,4662,7
16996,4521,7
16997,4662,7
16998,4662,7
16999,4662,7
17000,4662,7
17001,4662,7
17002,3858,7
17003,3187,7
17004,3187,7
17005,3858,7
17006,3858,7
17007,3187,7
17008,3187,7
17009,3187,7
17010,3858,7
17011,2985,7
17012,2985,7
17013,2985,7
17014,2985,7
17015,2985,7
17016,3367,7
17017,3795,7
17018,3795,7
17019,3795,7
17020,3028,7
17021,3028,7
17022,3028,7
17023,3028,7
17024,3028,7
17025,3187,7
17026,3187,7
17027,726,7
17028,815,7
17029,815,7
17030,753,7
17031,726,7
17032,815,7
17033,753,7
17034,726,7
17035,753,7
17036,791,7
17037,731,7
17038,734,7
17039,734,7
17040,712,7
17041,776,7
17042,776,7
17043,712,7
17044,734,7
17045,776,7
17046,776,7
17047,734,7
17048,712,7
17049,731,7
17050,791,7
17051,934,7
17052,1058,7
17053,914,7
17054,1058,7
17055,1043,7
17056,853,7
17057,929,7
17058,853,7
17059,1043,7
17060,929,7
17061,947,7
17062,826,7
17063,1060,7
17064,874,7
17065,947,7
17066,874,7
17067,826,7
17068,1060,7
17069,874,7
17070,684,7
17071,684,7
17072,667,7
17073,724,7
17074,724,7
17075,799,7
17076,724,7
17077,724,7
17078,799,7
17079,894,7
17080,1004,7
17081,1098,7
17082,799,7
17083,1098,7
17084,803,7
17085,894,7
17086,894,7
17087,1033,7
17088,1098,7
17089,1033,7
17090,787,7
17091,902,7
17092,732,7
17093,648,7
17094,732,7
17095,732,7
17096,732,7
17097,1056,7
17098,1056,7
17099,801,7
17100,904,7
17101,904,7
17102,904,7
17103,904,7
17104,1053,7
17105,864,7
17106,974,7
17107,1515,7
17108,984,7
17109,984,7
17110,984,7
17111,984,7
17112,1515,7
17113,1852,7
17114,1313,7
17115,984,7
17116,1515,7
17117,1852,7
17118,1313,7
17119,1313,7
17120,1515,7
17121,1313,7
17122,1852,7
17123,1313,7
17124,1313,7
17125,1852,7
17126,1515,7
17127,1313,7
17128,1313,7
17129,1313,7
17130,1313,7
17131,1313,7
17132,1313,7
17133,1313,7
17134,1313,7
17135,1394,7
17136,1394,7
17137,1394,7
17138,1215,7
17139,1593,7
17140,1593,7
17141,1215,7
17142,1215,7
17143,1234,7
17144,1234,7
17145,1414,7
17146,1593,7
17147,1394,7
17148,1394,7
17149,1394,7
17150,1593,7
17151,1414,7
17152,1218,7
17153,1593,7
17154,1218,7
17155,1218,7
17156,1243,7
17157,1243,7
17158,1593,7
17159,1460,7
17160,1460,7
17161,3386,7
17162,2440,7
17163,2440,7
17164,2440,7
17165,2440,7
17166,2440,7
17167,2440,7
17168,2440,7
17169,2440,7
17170,2440,7
17171,2141,7
17172,2440,7
17173,2440,7
17174,2440,7
17175,2063,7
17176,2440,7
17177,2440,7
17178,2063,7
17179,2321,7
17180,2107,7
17181,2063,7
17182,2063,7
17183,2107,7
17184,2107,7
17185,2321,7
17186,2321,7
17187,2063,7
17188,2321,7
17189,2107,7
17190,2107,7
17191,2321,7
17192,2107,7
17193,2107,7
17194,2107,7
17195,2321,7
17196,2107,7
17197,2107,7
17198,2321,7
17199,2012,7
17200,2012,7
17201,2012,7
17202,2321,7
17203,2012,7
17204,2321,7
17205,2012,7
17206,2012,7
17207,2012,7
17208,2321,7
17209,2012,7
17210,2012,7
17211,2012,7
17212,2321,7
17213,2012,7
17214,2152,7
17215,2507,7
17216,2152,7
17217,2152,7
17218,2343,7
17219,2343,7
17220,2119,7
17221,2119,7
17222,2119,7
17223,2343,7
17224,2119,7
17225,2119,7
17226,2138,7
17227,2138,7
17228,2343,7
17229,2138,7
17230,2138,7
17231,2138,7
17232,2138,7
17233,2138,7
17234,2138,7
17235,2138,7
17236,2138,7
17237,2138,7
17238,2138,7
17239,2138,7
17240,3386,7
17241,3657,7
17242,4230,8
17243,3657,7
17244,4077,7
17245,4077,7
17246,4077,7
17247,4077,7
17248,4077,7
17249,4077,7
17250,4077,7
17251,4130,7
17252,4130,7
17253,4405,7
17254,4261,7
17255,4405,7
17256,4261,7
17257,4405,7
17258,4405,7
17259,4405,7
17260,4521,7
17261,4521,7
17262,4662,7
17263,4405,7
17264,4521,7
17265,4405,7
17266,4662,7
17267,4662,7
17268,3657,7
17269,3657,7
17270,3657,7
17271,3858,7
17272,3187,7
17273,3858,7
17274,3187,7
17275,3858,7
17276,3858,7
17277,3858,7
17278,3858,7
17279,3858,7
17280,3858,7
17281,3858,7
17282,3858,7
17283,3733,7
17284,3858,7
17285,3858,7
17286,3858,7
17287,3858,7
17288,3733,7
17289,3733,7
17290,3733,7
17291,3858,7
17292,3858,7
17293,3795,7
17294,3733,7
17295,3858,7
17296,3028,7
17297,3187,7
17298,3028,7
17299,3028,7
17300,3028,7
17301,3028,7
17302,3187,7
17303,3187,7
17304,3187,7
17305,3187,7
17306,3187,7
17307,3187,7
17308,3187,7
17309,3187,7
17310,2343,7
17311,2343,7
17312,3187,7
17313,2196,7
17314,2343,7
17315,2196,7
17316,2985,7
17317,2629,7
17318,2196,7
17319,2385,7
17320,2629,7
17321,2657,7
17322,2985,7
17323,2985,7
17324,2985,7
17325,2985,7
17326,2385,7
17327,2216,7
17328,2985,7
17329,2657,7
17330,2385,7
17331,2385,7
17332,2216,7
17333,2657,7
17334,2657,7
17335,2941,7
17336,2385,7
17337,2941,7
17338,2941,7
17339,2681,7
17340,2941,7
17341,2681,7
17342,2941,7
17343,2941,7
17344,2941,7
17345,2681,7
17346,2681,7
17347,3386,7
17348,3386,7
17349,3386,7
17350,3386,7
17351,2586,7
17352,3386,7
17353,2586,7
17354,2586,7
17355,3386,7
17356,3386,7
17357,3386,7
17358,2586,7
17359,2966,7
17360,3657,7
17361,2966,7
17362,3657,7
17363,3657,7
17364,2966,7
17365,3657,7
17366,2966,7
17367,3367,7
17368,3694,7
17369,3694,7
17370,3694,7
17371,3694,7
17372,3396,7
17373,3826,7
17374,3678,7
17375,3678,7
17376,3826,7
17377,3678,7
17378,3678,7
17379,3826,7
17380,3826,7
17381,2369,7
17382,2369,7
17383,2222,7
17384,2222,7
17385,2478,7
17386,2319,7
17387,2185,7
17388,2493,7
17389,2319,7
17390,2156,7
17391,2156,7
17392,2319,7
17393,2493,7
17394,3097,7
17395,2752,7
17396,2752,7
17397,3097,7
17398,3097,7
17399,3097,7
17400,3097,7
17401,2156,7
17402,2156,7
17403,3097,7
17404,2447,7
17405,3097,7
17406,2224,7
17407,2752,7
17408,2447,7
17409,2224,7
17410,2224,7
17411,3672,7
17412,3826,7
17413,3826,7
17414,3479,7
17415,3826,7
17416,3823,7
17417,3726,7
17418,3823,7
17419,3620,7
17420,3817,7
17421,3817,7
17422,3817,7
17423,3761,7
17424,3761,7
17425,1903,7
17426,2390,7
17427,2390,7
17428,2390,7
17429,2273,7
17430,2273,7
17431,2492,7
17432,2273,7
17433,2273,7
17434,2455,7
17435,2455,7
17436,2390,7
17437,2390,7
17438,2390,7
17439,2801,7
17440,2801,7
17441,2492,7
17442,2492,7
17443,2492,7
17444,2801,7
17445,2801,7
17446,2801,7
17447,2801,7
17448,2801,7
17449,2801,7
17450,2455,7
17451,2801,7
17452,2801,7
17453,2801,7
17454,2801,7
17455,2801,7
17456,2491,7
17457,2801,7
17458,2491,7
17459,2491,7
17460,3276,7
17461,3309,7
17462,3276,7
17463,3309,7
17464,3309,7
17465,3309,7
17466,3309,7
17467,3692,7
17468,3451,7
17469,3451,7
17470,3451,7
17471,3692,7
17472,3692,7
17473,4096,7
17474,4096,7
17475,4055,7
17476,4398,7
17477,4398,7
17478,4055,7
17479,4055,7
17480,4398,7
17481,4055,7
17482,4055,7
17483,4398,7
17484,4025,7
17485,3918,7
17486,3918,7
17487,4144,7
17488,4144,7
17489,4144,7
17490,4257,7
17491,4398,7
17492,3918,7
17493,4032,7
17494,4032,7
17495,4257,7
17496,4398,7
17497,4144,7
17498,4032,7
17499,4032,7
17500,4144,7
17501,4032,7
17502,3918,7
17503,4096,7
17504,4096,7
17505,4096,7
17506,4096,7
17507,3187,7
17508,3187,7
17509,3187,7
17510,3187,7
17511,3187,7
17512,3187,7
17513,3187,7
17514,3187,7
17515,3187,7
17516,2343,7
17517,3187,7
17518,2343,7
17519,2343,7
17520,2343,7
17521,2196,7
17522,3187,7
17523,2629,7
17524,2629,7
17525,2629,7
17526,2343,7
17527,2985,7
17528,2629,7
17529,2385,7
17530,2629,7
17531,2196,7
17532,2629,7
17533,2196,7
17534,2985,7
17535,2196,7
17536,2985,7
17537,2629,7
17538,2629,7
17539,2196,7
17540,2629,7
17541,2985,7
17542,2196,7
17543,2657,7
17544,2985,7
17545,2657,7
17546,2985,7
17547,2216,7
17548,2216,7
17549,2657,7
17550,2385,7
17551,2657,7
17552,2657,7
17553,2216,7
17554,2657,7
17555,2216,7
17556,2657,7
17557,2216,7
17558,2941,7
17559,2657,7
17560,2657,7
17561,2580,7
17562,2580,7
17563,2580,7
17564,2941,7
17565,2941,7
17566,2681,7
17567,2941,7
17568,2941,7
17569,2941,7
17570,3028,7
17571,3386,7
17572,3386,7
17573,3386,7
17574,3386,7
17575,3386,7
17576,2586,7
17577,3386,7
17578,3386,7
17579,3386,7
17580,3386,7
17581,3386,7
17582,3386,7
17583,2586,7
17584,3386,7
17585,2586,7
17586,3386,7
17587,3386,7
17588,2586,7
17589,2586,7
17590,2586,7
17591,2586,7
17592,2586,7
17593,2586,7
17594,2586,7
17595,2586,7
17596,2966,7
17597,3657,7
17598,2586,7
17599,2586,7
17600,2966,7
17601,2586,7
17602,2966,7
17603,2586,7
17604,2586,7
17605,2586,7
17606,2507,7
17607,2966,7
17608,2966,7
17609,2507,7
17610,3657,7
17611,3657,7
17612,3657,7
17613,2966,7
17614,2966,7
17615,3657,7
17616,2507,7
17617,2343,7
17618,2507,7
17619,2507,7
17620,2343,7
17621,2507,7
17622,2507,7
17623,2343,7
17624,2966,7
17625,2586,7
17626,2586,7
17627,3657,7
17628,3367,7
17629,3367,7
17630,3367,7
17631,3367,7
17632,3733,7
17633,3367,7
17634,3367,7
17635,3367,7
17636,3367,7
17637,3694,7
17638,3367,7
17639,3367,7
17640,3396,7
17641,3396,7
17642,3694,7
17643,3694,7
17644,3396,7
17645,3694,7
17646,3396,7
17647,3678,7
17648,3826,7
17649,3678,7
17650,3826,7
17651,3678,7
17652,3672,7
17653,3678,7
17654,3826,7
17655,2222,7
17656,2222,7
17657,2369,7
17658,2369,7
17659,2478,7
17660,2222,7
17661,2185,7
17662,2185,7
17663,2185,7
17664,2185,7
17665,2493,7
17666,2185,7
17667,2185,7
17668,2493,7
17669,3097,7
17670,2752,7
17671,2752,7
17672,2447,7
17673,2447,7
17674,2752,7
17675,2447,7
17676,2752,7
17677,2752,7
17678,2752,7
17679,2447,7
17680,2752,7
17681,2752,7
17682,2447,7
17683,3097,7
17684,2752,7
17685,2752,7
17686,2224,7
17687,3396,7
17688,3396,7
17689,3396,7
17690,3396,7
17691,3396,7
17692,3396,7
17693,3396,7
17694,3339,7
17695,3339,7
17696,3396,7
17697,3339,7
17698,3396,7
17699,3672,7
17700,3826,7
17701,3826,7
17702,3339,7
17703,3339,7
17704,3339,7
17705,3672,7
17706,3672,7
17707,3339,7
17708,3826,7
17709,3479,7
17710,3620,7
17711,3726,7
17712,3823,7
17713,3620,7
17714,3726,7
17715,3817,7
17716,3689,7
17717,3689,7
17718,3689,7
17719,3689,7
17720,2492,7
17721,2455,7
17722,2455,7
17723,2390,7
17724,2390,7
17725,2390,7
17726,2492,7
17727,2492,7
17728,2801,7
17729,2492,7
17730,2801,7
17731,2455,7
17732,2455,7
17733,2455,7
17734,2455,7
17735,2455,7
17736,2801,7
17737,2801,7
17738,2491,7
17739,2491,7
17740,3276,7
17741,3276,7
17742,2824,7
17743,2824,7
17744,3276,7
17745,2824,7
17746,2824,7
17747,3276,7
17748,2824,7
17749,3276,7
17750,2824,7
17751,3276,7
17752,2801,7
17753,3309,7
17754,3309,7
17755,3309,7
17756,3309,7
17757,3309,7
17758,3309,7
17759,3309,7
17760,3309,7
17761,3309,7
17762,3309,7
17763,3309,7
17764,3309,7
17765,3309,7
17766,3309,7
17767,3451,7
17768,3309,7
17769,2801,7
17770,3692,7
17771,2801,7
17772,3451,7
17773,3451,7
17774,4096,7
17775,4096,7
17776,4096,7
17777,4041,7
17778,4041,7
17779,4096,7
17780,4290,7
17781,4290,7
17782,4290,7
17783,4290,7
17784,4398,7
17785,4055,7
17786,4055,7
17787,4290,7
17788,4257,7
17789,4290,7
17790,4398,7
17791,4398,7
17792,4398,7
17793,4025,7
17794,3918,7
17795,4025,7
17796,4025,7
17797,3918,7
17798,3918,7
17799,4032,7
17800,4144,7
17801,4398,7
17802,3918,7
17803,4257,7
17804,4032,7
17805,4096,7
17806,4096,7
17807,4096,7
17808,4041,7
17809,4096,7
17810,4041,7
17811,4055,7
17812,4055,7
17813,3884,7
17814,3979,7
17815,4153,7
17816,4153,7
17817,4153,7
17818,3979,7
17819,4153,7
17820,4153,7
17821,3948,7
17822,3948,7
17823,4150,7
17824,3793,7
17825,4150,7
17826,4150,7
17827,3814,7
17828,3948,7
17829,4150,7
17830,3948,7
17831,3814,7
17832,4155,7
17833,4155,7
17834,4150,7
17835,4216,7
17836,4461,7
17837,4461,7
17838,4461,7
17839,4317,7
17840,4461,7
17841,4408,7
17842,4408,7
17843,4621,7
17844,4408,7
17845,4365,7
17846,4365,7
17847,993,7
17848,993,7
17849,993,7
17850,993,7
17851,993,7
17852,850,7
17853,993,7
17854,993,7
17855,850,7
17856,1091,7
17857,1091,7
17858,850,7
17859,850,7
17860,817,7
17861,1022,7
17862,817,7
17863,1091,7
17864,1022,7
17865,821,7
17866,821,7
17867,821,7
17868,821,7
17869,1078,7
17870,1078,7
17871,891,7
17872,1067,7
17873,979,7
17874,979,7
17875,1067,7
17876,1067,7
17877,1067,7
17878,1067,7
17879,1067,7
17880,1067,7
17881,845,7
17882,845,7
17883,845,7
17884,845,7
17885,845,7
17886,950,7
17887,834,7
17888,834,7
17889,834,7
17890,921,7
17891,950,7
17892,950,7
17893,950,7
17894,1046,7
17895,950,7
17896,1002,7
17897,1002,7
17898,1124,7
17899,1124,7
17900,1318,7
17901,1124,7
17902,1496,7
17903,1318,7
17904,1378,7
17905,1197,7
17906,1496,7
17907,1378,7
17908,1378,7
17909,1197,7
17910,1197,7
17911,1151,7
17912,1265,7
17913,1496,7
17914,1496,7
17915,1378,7
17916,1177,7
17917,1265,7
17918,1315,7
17919,1481,7
17920,1315,7
17921,1481,7
17922,1481,7
17923,1315,7
17924,1315,7
17925,1481,7
17926,1315,7
17927,1481,7
17928,1481,7
17929,1481,7
17930,1566,7
17931,1406,7
17932,1406,7
17933,1406,7
17934,1406,7
17935,1177,7
17936,1177,7
17937,1141,7
17938,1203,7
17939,1259,7
17940,1203,7
17941,1903,7
17942,1903,7
17943,1903,7
17944,1903,7
17945,2316,7
17946,1885,7
17947,2172,7
17948,2316,7
17949,1566,7
17950,1885,7
17951,1566,7
17952,1566,7
17953,1825,7
17954,1825,7
17955,1825,7
17956,1566,7
17957,1885,7
17958,1566,7
17959,1885,7
17960,1566,7
17961,2015,7
17962,1406,7
17963,1478,7
17964,1406,7
17965,1406,7
17966,1406,7
17967,1406,7
17968,1478,7
17969,1400,7
17970,1400,7
17971,1400,7
17972,491,6
17973,491,6
17974,491,6
17975,491,6
17976,487,6
17977,487,6
17978,436,6
17979,436,6
17980,366,6
17981,366,6
17982,321,6
17983,487,6
17984,366,6
17985,366,6
17986,366,6
17987,366,6
17988,321,6
17989,321,6
17990,428,6
17991,428,6
17992,436,6
17993,487,6
17994,345,6
17995,345,6
17996,345,6
17997,419,6
17998,374,6
17999,374,6
18000,419,6
18001,419,6
18002,363,6
18003,504,6
18004,504,6
18005,504,6
18006,504,6
18007,419,6
18008,449,6
18009,419,6
18010,449,6
18011,419,6
18012,449,6
18013,449,6
18014,419,6
18015,532,6
18016,741,6
18017,532,6
18018,4096,7
18019,4041,7
18020,4041,7
18021,4041,7
18022,4055,7
18023,4055,7
18024,4055,7
18025,4055,7
18026,4055,7
18027,4055,7
18028,4055,7
18029,4055,7
18030,4055,7
18031,4096,7
18032,3884,7
18033,3761,7
18034,3884,7
18035,3884,7
18036,3884,7
18037,3884,7
18038,3761,7
18039,3761,7
18040,3884,7
18041,3979,7
18042,3884,7
18043,4153,7
18044,3884,7
18045,3761,7
18046,3979,7
18047,4153,7
18048,3802,7
18049,4153,7
18050,3802,7
18051,3802,7
18052,3948,7
18053,3793,7
18054,4150,7
18055,4150,7
18056,4150,7
18057,3948,7
18058,3814,7
18059,4150,7
18060,3948,7
18061,3948,7
18062,4150,7
18063,3948,7
18064,4144,7
18065,3982,7
18066,4216,7
18067,3982,7
18068,3982,7
18069,3982,7
18070,3982,7
18071,3982,7
18072,3881,7
18073,4017,7
18074,4143,7
18075,4017,7
18076,4143,7
18077,4216,7
18078,4017,7
18079,4143,7
18080,4143,7
18081,4017,7
18082,4216,7
18083,4216,7
18084,4621,7
18085,4621,7
18086,4621,7
18087,4621,7
18088,4461,7
18089,4461,7
18090,4461,7
18091,4461,7
18092,4621,7
18093,4461,7
18094,4621,7
18095,4317,7
18096,4461,7
18097,4408,7
18098,4461,7
18099,4317,7
18100,4408,7
18101,4317,7
18102,4408,7
18103,4408,7
18104,4408,7
18105,4408,7
18106,4365,7
18107,4365,7
18108,4365,7
18109,4365,7
18110,4365,7
18111,993,7
18112,993,7
18113,993,7
18114,993,7
18115,993,7
18116,850,7
18117,850,7
18118,817,7
18119,850,7
18120,1022,7
18121,1022,7
18122,817,7
18123,817,7
18124,1022,7
18125,964,7
18126,1091,7
18127,1022,7
18128,1022,7
18129,1022,7
18130,850,7
18131,1091,7
18132,1091,7
18133,1078,7
18134,817,7
18135,821,7
18136,891,7
18137,1078,7
18138,891,7
18139,979,7
18140,1078,7
18141,891,7
18142,979,7
18143,979,7
18144,821,7
18145,1067,7
18146,834,7
18147,834,7
18148,847,7
18149,847,7
18150,921,7
18151,921,7
18152,847,7
18153,921,7
18154,921,7
18155,847,7
18156,950,7
18157,950,7
18158,950,7
18159,1046,7
18160,1077,7
18161,1046,7
18162,1002,7
18163,1002,7
18164,1002,7
18165,1124,7
18166,1124,7
18167,1124,7
18168,1124,7
18169,1124,7
18170,1124,7
18171,1496,7
18172,1124,7
18173,1124,7
18174,1124,7
18175,1197,7
18176,1496,7
18177,1197,7
18178,1496,7
18179,1197,7
18180,1151,7
18181,1265,7
18182,1265,7
18183,1177,7
18184,1177,7
18185,1177,7
18186,1265,7
18187,1315,7
18188,1481,7
18189,1481,7
18190,1315,7
18191,1481,7
18192,1481,7
18193,1315,7
18194,1481,7
18195,1481,7
18196,1315,7
18197,1315,7
18198,1481,7
18199,1481,7
18200,1406,7
18201,1406,7
18202,1566,7
18203,1318,7
18204,1177,7
18205,1177,7
18206,1177,7
18207,1177,7
18208,1209,7
18209,1209,7
18210,1141,7
18211,1209,7
18212,1141,7
18213,1209,7
18214,1209,7
18215,1209,7
18216,1259,7
18217,1259,7
18218,1259,7
18219,1203,7
18220,1203,7
18221,1259,7
18222,1259,7
18223,1259,7
18224,1203,7
18225,1139,7
18226,1139,7
18227,1139,7
18228,1903,7
18229,1903,7
18230,1903,7
18231,1903,7
18232,1903,7
18233,1903,7
18234,2025,7
18235,2025,7
18236,2025,7
18237,2025,7
18238,2025,7
18239,1885,7
18240,2172,7
18241,2316,7
18242,1885,7
18243,1566,7
18244,1885,7
18245,1566,7
18246,1885,7
18247,1885,7
18248,1885,7
18249,1885,7
18250,1566,7
18251,1825,7
18252,1885,7
18253,1825,7
18254,1885,7
18255,2015,7
18256,1825,7
18257,1825,7
18258,1566,7
18259,1406,7
18260,1406,7
18261,1406,7
18262,1406,7
18263,1406,7
18264,1478,7
18265,1478,7
18266,1566,7
18267,1478,7
18268,1400,7
18269,1478,7
18270,1566,7
18271,1566,7
18272,1478,7
18273,1478,7
18274,491,6
18275,366,6
18276,366,6
18277,321,6
18278,321,6
18279,428,6
18280,491,6
18281,428,6
18282,436,6
18283,436,6
18284,487,6
18285,436,6
18286,487,6
18287,487,6
18288,487,6
18289,487,6
18290,345,6
18291,419,6
18292,374,6
18293,374,6
18294,363,6
18295,363,6
18296,363,6
18297,419,6
18298,504,6
18299,504,6
18300,419,6
18301,449,6
18302,449,6
18303,449,6
18304,449,6
18305,419,6
18306,419,6
18307,906,6
18308,532,6
18309,741,6
18310,475,6
18311,532,6
18312,475,6
18313,647,6
18314,691,6
18315,560,6
18316,693,6
18317,693,6
18318,568,6
18319,693,6
18320,568,6
18321,723,6
18322,671,6
18323,671,6
18324,671,6
18325,532,6
18326,575,7
18327,575,7
18328,581,7
18329,581,7
18330,498,7
18331,498,7
18332,432,7
18333,581,7
18334,432,7
18335,581,7
18336,432,7
18337,432,7
18338,511,7
18339,511,7
18340,432,7
18341,432,7
18342,581,7
18343,581,7
18344,581,7
18345,504,7
18346,368,7
18347,675,7
18348,756,7
18349,756,7
18350,645,7
18351,675,7
18352,645,7
18353,645,7
18354,675,7
18355,645,7
18356,759,7
18357,421,7
18358,421,7
18359,421,7
18360,421,7
18361,446,7
18362,446,7
18363,446,7
18364,446,7
18365,446,7
18366,446,7
18367,408,7
18368,502,7
18369,502,7
18370,502,7
18371,577,7
18372,577,7
18373,592,7
18374,592,7
18375,735,7
18376,779,7
18377,735,7
18378,785,7
18379,713,7
18380,785,7
18381,713,7
18382,785,7
18383,785,7
18384,836,7
18385,836,7
18386,836,7
18387,831,7
18388,831,7
18389,917,7
18390,885,7
18391,885,7
18392,885,7
18393,846,7
18394,846,7
18395,846,7
18396,751,7
18397,751,7
18398,790,7
18399,824,7
18400,824,7
18401,923,7
18402,867,7
18403,910,7
18404,910,7
18405,958,7
18406,933,7
18407,933,7
18408,669,7
18409,669,7
18410,1194,7
18411,1236,7
18412,1117,7
18413,1236,7
18414,1070,7
18415,1150,7
18416,987,7
18417,1112,7
18418,1006,7
18419,1111,7
18420,1111,7
18421,1030,7
18422,1112,7
18423,1164,7
18424,1161,7
18425,1161,7
18426,1064,7
18427,1161,7
18428,1161,7
18429,1249,7
18430,1316,7
18431,1316,7
18432,1316,7
18433,1316,7
18434,1261,7
18435,1316,7
18436,1261,7
18437,1220,7
18438,1220,7
18439,1220,7
18440,1176,7
18441,1176,7
18442,1220,7
18443,437,7
18444,493,7
18445,437,7
18446,493,7
18447,493,7
18448,437,7
18449,537,7
18450,524,7
18451,445,7
18452,628,7
18453,594,7
18454,524,7
18455,594,7
18456,628,7
18457,574,7
18458,574,7
18459,574,7
18460,574,7
18461,537,7
18462,700,7
18463,700,7
18464,778,7
18465,778,7
18466,855,7
18467,855,7
18468,1041,7
18469,1094,7
18470,1094,7
18471,924,7
18472,819,7
18473,924,7
18474,819,7
18475,738,7
18476,819,7
18477,265,6
18478,183,6
18479,229,6
18480,183,6
18481,180,6
18482,250,6
18483,250,6
18484,250,6
18485,250,6
18486,250,6
18487,532,6
18488,691,6
18489,906,6
18490,691,6
18491,691,6
18492,691,6
18493,691,6
18494,560,6
18495,658,6
18496,693,6
18497,568,6
18498,693,6
18499,723,6
18500,723,6
18501,906,6
18502,906,6
18503,906,6
18504,671,6
18505,532,6
18506,513,7
18507,581,7
18508,581,7
18509,511,7
18510,432,7
18511,511,7
18512,511,7
18513,511,7
18514,581,7
18515,581,7
18516,581,7
18517,511,7
18518,511,7
18519,581,7
18520,575,7
18521,496,7
18522,575,7
18523,513,7
18524,575,7
18525,462,7
18526,462,7
18527,513,7
18528,430,7
18529,430,7
18530,364,7
18531,364,7
18532,368,7
18533,756,7
18534,568,7
18535,675,7
18536,756,7
18537,645,7
18538,756,7
18539,759,7
18540,759,7
18541,759,7
18542,675,7
18543,759,7
18544,759,7
18545,759,7
18546,759,7
18547,759,7
18548,759,7
18549,759,7
18550,759,7
18551,421,7
18552,421,7
18553,421,7
18554,421,7
18555,421,7
18556,421,7
18557,421,7
18558,421,7
18559,421,7
18560,446,7
18561,446,7
18562,408,7
18563,408,7
18564,408,7
18565,408,7
18566,408,7
18567,408,7
18568,408,7
18569,408,7
18570,408,7
18571,408,7
18572,502,7
18573,502,7
18574,502,7
18575,502,7
18576,502,7
18577,502,7
18578,577,7
18579,577,7
18580,592,7
18581,592,7
18582,592,7
18583,480,7
18584,480,7
18585,480,7
18586,480,7
18587,480,7
18588,480,7
18589,735,7
18590,779,7
18591,678,7
18592,678,7
18593,678,7
18594,713,7
18595,713,7
18596,785,7
18597,785,7
18598,836,7
18599,836,7
18600,836,7
18601,831,7
18602,831,7
18603,831,7
18604,917,7
18605,885,7
18606,885,7
18607,885,7
18608,885,7
18609,885,7
18610,917,7
18611,917,7
18612,917,7
18613,917,7
18614,885,7
18615,942,7
18616,885,7
18617,885,7
18618,942,7
18619,885,7
18620,846,7
18621,846,7
18622,751,7
18623,751,7
18624,751,7
18625,790,7
18626,824,7
18627,824,7
18628,824,7
18629,867,7
18630,867,7
18631,867,7
18632,923,7
18633,867,7
18634,910,7
18635,867,7
18636,910,7
18637,910,7
18638,958,7
18639,933,7
18640,958,7
18641,958,7
18642,933,7
18643,958,7
18644,669,7
18645,669,7
18646,669,7
18647,688,7
18648,688,7
18649,688,7
18650,688,7
18651,688,7
18652,688,7
18653,688,7
18654,688,7
18655,1126,7
18656,1126,7
18657,1194,7
18658,1126,7
18659,1236,7
18660,1117,7
18661,1087,7
18662,1087,7
18663,1087,7
18664,1236,7
18665,1236,7
18666,1050,7
18667,987,7
18668,1050,7
18669,987,7
18670,1070,7
18671,1070,7
18672,1150,7
18673,987,7
18674,1070,7
18675,987,7
18676,1006,7
18677,1112,7
18678,1112,7
18679,1030,7
18680,1030,7
18681,1030,7
18682,1030,7
18683,1030,7
18684,1112,7
18685,1112,7
18686,1164,7
18687,1164,7
18688,998,7
18689,1064,7
18690,1064,7
18691,1064,7
18692,1064,7
18693,1097,7
18694,998,7
18695,1064,7
18696,1097,7
18697,1161,7
18698,1034,7
18699,1097,7
18700,1034,7
18701,1097,7
18702,1161,7
18703,1249,7
18704,1337,7
18705,1249,7
18706,1337,7
18707,1249,7
18708,1316,7
18709,1249,7
18710,1216,7
18711,1316,7
18712,1216,7
18713,1316,7
18714,1235,7
18715,1235,7
18716,1235,7
18717,1161,7
18718,1261,7
18719,1261,7
18720,1220,7
18721,1143,7
18722,1261,7
18723,1176,7
18724,985,7
18725,985,7
18726,1034,7
18727,1143,7
18728,1143,7
18729,1116,7
18730,1116,7
18731,1143,7
18732,478,7
18733,478,7
18734,628,7
18735,524,7
18736,524,7
18737,524,7
18738,594,7
18739,574,7
18740,574,7
18741,574,7
18742,574,7
18743,574,7
18744,493,7
18745,605,7
18746,537,7
18747,605,7
18748,605,7
18749,537,7
18750,537,7
18751,537,7
18752,605,7
18753,700,7
18754,778,7
18755,778,7
18756,700,7
18757,700,7
18758,778,7
18759,778,7
18760,700,7
18761,778,7
18762,778,7
18763,778,7
18764,778,7
18765,778,7
18766,708,7
18767,762,7
18768,855,7
18769,855,7
18770,855,7
18771,855,7
18772,855,7
18773,855,7
18774,965,7
18775,965,7
18776,1041,7
18777,1094,7
18778,1041,7
18779,1094,7
18780,924,7
18781,924,7
18782,778,7
18783,778,7
18784,924,7
18785,778,7
18786,738,7
18787,924,7
18788,778,7
18789,738,7
18790,924,7
18791,738,7
18792,738,7
18793,924,7
18794,738,7
18795,229,6
18796,183,6
18797,180,6
18798,180,6
18799,168,6
18800,250,6
18801,273,6
18802,229,6
18803,273,6
18804,229,6
18805,229,6
18806,250,6
18807,250,6
18808,250,6
18809,182,6
18810,193,6
18811,193,6
18812,210,6
18813,210,6
18814,210,6
18815,210,6
18816,232,6
18817,232,6
18818,211,6
18819,232,6
18820,359,6
18821,370,6
18822,359,6
18823,333,6
18824,333,6
18825,355,6
18826,355,6
18827,314,6
18828,314,6
18829,361,6
18830,361,6
18831,697,6
18832,697,6
18833,697,6
18834,697,6
18835,761,6
18836,697,6
18837,697,6
18838,761,6
18839,761,6
18840,659,6
18841,659,6
18842,298,6
18843,260,6
18844,293,6
18845,260,6
18846,260,6
18847,293,6
18848,635,6
18849,763,6
18850,763,6
18851,335,6
18852,763,6
18853,763,6
18854,635,6
18855,797,6
18856,861,6
18857,394,6
18858,461,6
18859,635,6
18860,461,6
18861,881,6
18862,516,6
18863,461,6
18864,881,6
18865,585,6
18866,775,6
18867,896,6
18868,858,6
18869,716,6
18870,516,6
18871,971,6
18872,387,6
18873,313,6
18874,313,6
18875,293,6
18876,659,6
18877,804,6
18878,659,6
18879,527,6
18880,659,6
18881,527,6
18882,595,6
18883,595,6
18884,512,6
18885,512,6
18886,512,6
18887,595,6
18888,595,6
18889,512,6
18890,512,6
18891,512,6
18892,512,6
18893,490,6
18894,490,6
18895,490,6
18896,662,6
18897,507,6
18898,507,6
18899,507,6
18900,412,6
18901,412,6
18902,1155,7
18903,1211,7
18904,1095,7
18905,1135,7
18906,1211,7
18907,1211,7
18908,1211,7
18909,1224,7
18910,1273,7
18911,1222,7
18912,1222,7
18913,1304,7
18914,1304,7
18915,1304,7
18916,1269,7
18917,1304,7
18918,1321,7
18919,1321,7
18920,1321,7
18921,1352,7
18922,1352,7
18923,1424,7
18924,1519,7
18925,1575,7
18926,1519,7
18927,1424,7
18928,1426,7
18929,1426,7
18930,1575,7
18931,1426,7
18932,1353,7
18933,1535,7
18934,1426,7
18935,1365,7
18936,1535,7
18937,1365,7
18938,1426,7
18939,996,7
18940,1044,7
18941,740,7
18942,886,7
18943,1044,7
18944,869,7
18945,869,7
18946,1044,7
18947,1044,7
18948,869,7
18949,1122,7
18950,1205,7
18951,1122,7
18952,1205,7
18953,869,7
18954,967,7
18955,967,7
18956,1020,7
18957,1020,7
18958,1121,7
18959,1020,7
18960,919,7
18961,1121,7
18962,1121,7
18963,1121,7
18964,1096,7
18965,1096,7
18966,938,7
18967,938,7
18968,1096,7
18969,938,7
18970,593,6
18971,593,6
18972,520,6
18973,621,6
18974,621,6
18975,621,6
18976,621,6
18977,495,6
18978,749,6
18979,621,6
18980,495,6
18981,567,6
18982,621,6
18983,567,6
18984,721,6
18985,604,6
18986,495,6
18987,509,6
18988,907,6
18989,721,6
18990,580,6
18991,580,6
18992,509,6
18993,721,6
18994,580,6
18995,580,6
18996,909,6
18997,909,6
18998,1075,6
18999,909,6
19000,909,6
19001,909,6
19002,909,6
19003,1007,6
19004,1007,6
19005,1089,6
19006,1089,6
19007,1089,6
19008,1055,6
19009,1089,6
19010,1055,6
19011,1089,6
19012,856,6
19013,937,6
19014,907,6
19015,907,6
19016,907,6
19017,505,6
19018,710,6
19019,710,6
19020,710,6
19021,710,6
19022,710,6
19023,786,6
19024,786,6
19025,644,6
19026,644,6
19027,644,6
19028,786,6
19029,786,6
19030,786,6
19031,1055,6
19032,1055,6
19033,1055,6
19034,960,6
19035,932,6
19036,932,6
19037,668,6
19038,932,6
19039,668,6
19040,1088,6
19041,932,6
19042,932,6
19043,932,6
19044,642,6
19045,642,6
19046,642,6
19047,642,6
19048,642,6
19049,642,6
19050,183,6
19051,250,6
19052,250,6
19053,182,6
19054,182,6
19055,193,6
19056,232,6
19057,211,6
19058,232,6
19059,359,6
19060,288,6
19061,315,6
19062,285,6
19063,285,6
19064,303,6
19065,303,6
19066,314,6
19067,355,6
19068,314,6
19069,761,6
19070,260,6
19071,397,6
19072,763,6
19073,516,6
19074,394,6
19075,394,6
19076,461,6
19077,394,6
19078,861,6
19079,861,6
19080,797,6
19081,704,6
19082,881,6
19083,461,6
19084,585,6
19085,516,6
19086,585,6
19087,602,6
19088,602,6
19089,313,6
19090,387,6
19091,293,6
19092,387,6
19093,387,6
19094,293,6
19095,387,6
19096,659,6
19097,804,6
19098,659,6
19099,397,6
19100,659,6
19101,659,6
19102,804,6
19103,763,6
19104,397,6
19105,527,6
19106,397,6
19107,394,6
19108,397,6
19109,512,6
19110,595,6
19111,595,6
19112,595,6
19113,512,6
19114,512,6
19115,512,6
19116,512,6
19117,544,6
19118,544,6
19119,490,6
19120,609,6
19121,544,6
19122,662,6
19123,609,6
19124,507,6
19125,415,6
19126,415,6
19127,415,6
19128,412,6
19129,412,6
19130,412,6
19131,412,6
19132,412,6
19133,1155,7
19134,1135,7
19135,1095,7
19136,1135,7
19137,1135,7
19138,1135,7
19139,1135,7
19140,1211,7
19141,1135,7
19142,1273,7
19143,1273,7
19144,1144,7
19145,1224,7
19146,1222,7
19147,1224,7
19148,1222,7
19149,1304,7
19150,1304,7
19151,1304,7
19152,1352,7
19153,1289,7
19154,1352,7
19155,1254,7
19156,1352,7
19157,1352,7
19158,1352,7
19159,1254,7
19160,1352,7
19161,1254,7
19162,1352,7
19163,1285,7
19164,1352,7
19165,1285,7
19166,1352,7
19167,1285,7
19168,1519,7
19169,1519,7
19170,1424,7
19171,1424,7
19172,1424,7
19173,1424,7
19174,1424,7
19175,1353,7
19176,1426,7
19177,1426,7
19178,1384,7
19179,996,7
19180,886,7
19181,886,7
19182,738,7
19183,886,7
19184,662,7
19185,740,7
19186,662,7
19187,740,7
19188,1044,7
19189,819,7
19190,740,7
19191,819,7
19192,662,7
19193,886,7
19194,886,7
19195,709,7
19196,740,7
19197,709,7
19198,740,7
19199,1044,7
19200,770,7
19201,740,7
19202,740,7
19203,770,7
19204,869,7
19205,1044,7
19206,1044,7
19207,1122,7
19208,869,7
19209,967,7
19210,869,7
19211,967,7
19212,967,7
19213,1186,7
19214,919,7
19215,1036,7
19216,1121,7
19217,919,7
19218,919,7
19219,1121,7
19220,919,7
19221,1036,7
19222,905,7
19223,1186,7
19224,1036,7
19225,905,7
19226,938,7
19227,593,6
19228,520,6
19229,621,6
19230,604,6
19231,509,6
19232,509,6
19233,1007,6
19234,1007,6
19235,1055,6
19236,727,6
19237,727,6
19238,749,6
19239,832,6
19240,832,6
19241,937,6
19242,937,6
19243,749,6
19244,856,6
19245,856,6
19246,856,6
19247,856,6
19248,856,6
19249,907,6
19250,907,6
19251,538,6
19252,538,6
19253,710,6
19254,488,6
19255,538,6
19256,538,6
19257,644,6
19258,538,6
19259,644,6
19260,644,6
19261,538,6
19262,710,6
19263,786,6
19264,786,6
19265,786,6
19266,960,6
19267,960,6
19268,960,6
19269,1055,6
19270,960,6
19271,960,6
19272,960,6
19273,960,6
19274,960,6
19275,960,6
19276,960,6
19277,668,6
19278,485,6
19279,932,6
19280,642,6
19281,642,6
19282,642,6
19283,642,6
19284,805,6
19285,591,6
19286,805,6
19287,805,6
19288,591,6
19289,591,6
19290,591,6
19291,805,6
19292,805,6
19293,591,6
19294,591,6
19295,508,6
19296,591,6
19297,591,6
19298,591,6
19299,1260,7
19300,1260,7
19301,1260,7
19302,1226,7
19303,1260,7
19304,1231,7
19305,1292,7
19306,1231,7
19307,1231,7
19308,1292,7
19309,1201,7
19310,1201,7
19311,1152,7
19312,1063,7
19313,1172,7
19314,1172,7
19315,955,7
19316,1085,7
19317,997,7
19318,1085,7
19319,1059,7
19320,1329,7
19321,1384,7
19322,1358,7
19323,1384,7
19324,1402,7
19325,1402,7
19326,1402,7
19327,1326,7
19328,1389,7
19329,1314,7
19330,1380,7
19331,1380,7
19332,1360,7
19333,1253,7
19334,1380,7
19335,1360,7
19336,1360,7
19337,1360,7
19338,1341,7
19339,1241,7
19340,1241,7
19341,1241,7
19342,1333,7
19343,1333,7
19344,1333,7
19345,1302,7
19346,1302,7
19347,1239,7
19348,1286,7
19349,1134,7
19350,1134,7
19351,1247,7
19352,1193,7
19353,1193,7
19354,2015,7
19355,2015,7
19356,1575,7
19357,1535,7
19358,1794,7
19359,1535,7
19360,1422,7
19361,1466,7
19362,1770,7
19363,1770,7
19364,1770,7
19365,1466,7
19366,1535,7
19367,1535,7
19368,1531,7
19369,1531,7
19370,1552,7
19371,1662,7
19372,1880,7
19373,1793,7
19374,1793,7
19375,1880,7
19376,1662,7
19377,1793,7
19378,1793,7
19379,2116,7
19380,2116,7
19381,2116,7
19382,2116,7
19383,2116,7
19384,2116,7
19385,2060,7
19386,2060,7
19387,1999,7
19388,2060,7
19389,2085,7
19390,1999,7
19391,1954,7
19392,1954,7
19393,1954,7
19394,2162,7
19395,2192,7
19396,2192,7
19397,2189,7
19398,2189,7
19399,2085,7
19400,2085,7
19401,2085,7
19402,2085,7
19403,2085,7
19404,2221,7
19405,2221,7
19406,2073,7
19407,2073,7
19408,2276,7
19409,2183,7
19410,1953,7
19411,2094,7
19412,2183,7
19413,2209,7
19414,1994,7
19415,2297,7
19416,2297,7
19417,2297,7
19418,2297,7
19419,2297,7
19420,2297,7
19421,2417,7
19422,2409,7
19423,2409,7
19424,2406,7
19425,2406,7
19426,2406,7
19427,2406,7
19428,2503,7
19429,2503,7
19430,2503,7
19431,2503,7
19432,2503,7
19433,2503,7
19434,2368,7
19435,2368,7
19436,2276,7
19437,2358,7
19438,2358,7
19439,2358,7
19440,2358,7
19441,2289,7
19442,2433,7
19443,2488,7
19444,2451,7
19445,2451,7
19446,1345,7
19447,1309,7
19448,1390,7
19449,1309,7
19450,1309,7
19451,1614,7
19452,1752,7
19453,1616,7
19454,1548,7
19455,1783,7
19456,1783,7
19457,1469,7
19458,1548,7
19459,1616,7
19460,1469,7
19461,1548,7
19462,1469,7
19463,1390,7
19464,1469,7
19465,1390,7
19466,1390,7
19467,1543,7
19468,1696,7
19469,1719,7
19470,1719,7
19471,1386,7
19472,1537,7
19473,1577,7
19474,1577,7
19475,1343,7
19476,1577,7
19477,1577,7
19478,1577,7
19479,1577,7
19480,1343,7
19481,1429,7
19482,1577,7
19483,1603,7
19484,1343,7
19485,1429,7
19486,1429,7
19487,1343,7
19488,1343,7
19489,1343,7
19490,1603,7
19491,1696,7
19492,1696,7
19493,1270,7
19494,1270,7
19495,1270,7
19496,1270,7
19497,1217,7
19498,1171,7
19499,1735,7
19500,1735,7
19501,1735,7
19502,1432,7
19503,1432,7
19504,1432,7
19505,1409,7
19506,1409,7
19507,1437,7
19508,1497,7
19509,1393,7
19510,1464,7
19511,1516,7
19512,1430,7
19513,1452,7
19514,1503,7
19515,3533,7
19516,3600,7
19517,3719,7
19518,3936,7
19519,3719,7
19520,3936,7
19521,642,6
19522,591,6
19523,591,6
19524,591,6
19525,591,6
19526,805,6
19527,805,6
19528,591,6
19529,805,6
19530,805,6
19531,591,6
19532,591,6
19533,508,6
19534,508,6
19535,508,6
19536,591,6
19537,591,6
19538,591,6
19539,1226,7
19540,1231,7
19541,1226,7
19542,1184,7
19543,1184,7
19544,1292,7
19545,1292,7
19546,1184,7
19547,1184,7
19548,1201,7
19549,1152,7
19550,1152,7
19551,955,7
19552,1152,7
19553,955,7
19554,1063,7
19555,997,7
19556,1085,7
19557,1085,7
19558,997,7
19559,1021,7
19560,1021,7
19561,1329,7
19562,1384,7
19563,1358,7
19564,1389,7
19565,1326,7
19566,1314,7
19567,1314,7
19568,1314,7
19569,1360,7
19570,1253,7
19571,1341,7
19572,1341,7
19573,1130,7
19574,1130,7
19575,1130,7
19576,1130,7
19577,1333,7
19578,1333,7
19579,1286,7
19580,1134,7
19581,1134,7
19582,1134,7
19583,1247,7
19584,1193,7
19585,1134,7
19586,1193,7
19587,1193,7
19588,1089,7
19589,1802,7
19590,1802,7
19591,2015,7
19592,1802,7
19593,1802,7
19594,1575,7
19595,1794,7
19596,1794,7
19597,1794,7
19598,1794,7
19599,1794,7
19600,1794,7
19601,1794,7
19602,1794,7
19603,1466,7
19604,1770,7
19605,1770,7
19606,1466,7
19607,1770,7
19608,1535,7
19609,1466,7
19610,1466,7
19611,1552,7
19612,1662,7
19613,1552,7
19614,1880,7
19615,1662,7
19616,1662,7
19617,1793,7
19618,1793,7
19619,1662,7
19620,1880,7
19621,1531,7
19622,1531,7
19623,1531,7
19624,2116,7
19625,1954,7
19626,2192,7
19627,2189,7
19628,2085,7
19629,2085,7
19630,2085,7
19631,2221,7
19632,2071,7
19633,2071,7
19634,2209,7
19635,2071,7
19636,2071,7
19637,2209,7
19638,2094,7
19639,1953,7
19640,1953,7
19641,2221,7
19642,2221,7
19643,2221,7
19644,2297,7
19645,2297,7
19646,2409,7
19647,2409,7
19648,2406,7
19649,2276,7
19650,2276,7
19651,2276,7
19652,2276,7
19653,2276,7
19654,2289,7
19655,2289,7
19656,2289,7
19657,2289,7
19658,2358,7
19659,2433,7
19660,2488,7
19661,2433,7
19662,1752,7
19663,1752,7
19664,1752,7
19665,1752,7
19666,1616,7
19667,1390,7
19668,1469,7
19669,1469,7
19670,1543,7
19671,1696,7
19672,1696,7
19673,1543,7
19674,1386,7
19675,1543,7
19676,1543,7
19677,1456,7
19678,1456,7
19679,1719,7
19680,1719,7
19681,1386,7
19682,1537,7
19683,1386,7
19684,1429,7
19685,1343,7
19686,1577,7
19687,1429,7
19688,1577,7
19689,1148,6
19690,1343,7
19691,1429,7
19692,1577,7
19693,1603,7
19694,1219,6
19695,1219,7
19696,1603,7
19697,1577,7
19698,1343,7
19699,1343,7
19700,1603,7
19701,1429,7
19702,1270,7
19703,1270,7
19704,1217,7
19705,1270,7
19706,1217,7
19707,1270,7
19708,1217,7
19709,1171,7
19710,1219,7
19711,1219,7
19712,1219,7
19713,1219,7
19714,1219,7
19715,1219,7
19716,1219,7
19717,1735,7
19718,1437,7
19719,1564,7
19720,1372,7
19721,1516,7
19722,1416,7
19723,1473,7
19724,1473,7
19725,1372,7
19726,1434,7
19727,1576,7
19728,1392,7
19729,1533,7
19730,1350,7
19731,1533,7
19732,1576,7
19733,1483,7
19734,1350,7
19735,1533,7
19736,1392,7
19737,1483,7
19738,1533,7
19739,1350,7
19740,1430,7
19741,1430,7
19742,1483,7
19743,1430,7
19744,1452,7
19745,1452,7
19746,1452,7
19747,1503,7
19748,1579,7
19749,1579,7
19750,1579,7
19751,1615,7
19752,1822,7
19753,1694,7
19754,2801,7
19755,3451,7
19756,3600,7
19757,3600,7
19758,3600,7
19759,3600,7
19760,3094,7
19761,3094,7
19762,3533,7
19763,3719,7
19764,3936,7
19765,3936,7
19766,3094,7
19767,3936,7
19768,3094,7
19769,3690,7
19770,3533,7
19771,3936,7
19772,3936,7
19773,3222,7
19774,4155,7
19775,3936,7
19776,3936,7
19777,3936,7
19778,4118,7
19779,4118,7
19780,3222,7
19781,4118,7
19782,3905,7
19783,3222,7
19784,4118,7
19785,3905,7
19786,3533,7
19787,3533,7
19788,3327,7
19789,3532,7
19790,3532,7
19791,3628,7
19792,3718,7
19793,3718,7
19794,3532,7
19795,3532,7
19796,3718,7
19797,3628,7
19798,3222,7
19799,3222,7
19800,3086,7
19801,3086,7
19802,3327,7
19803,3086,7
19804,3327,7
19805,3143,7
19806,3143,7
19807,3143,7
19808,3056,7
19809,3145,7
19810,3260,7
19811,3426,7
19812,3426,7
19813,2873,7
19814,2873,7
19815,2654,7
19816,2654,7
19817,2873,7
19818,2636,7
19819,2636,7
19820,2989,7
19821,2654,7
19822,2827,7
19823,2827,7
19824,2636,7
19825,2924,7
19826,2636,7
19827,2805,7
19828,2996,7
19829,2996,7
19830,2996,7
19831,2796,7
19832,2698,7
19833,2698,7
19834,2826,7
19835,2826,7
19836,2831,7
19837,2831,7
19838,2898,7
19839,2833,7
19840,2919,7
19841,2932,7
19842,2932,7
19843,2971,7
19844,3039,7
19845,2971,7
19846,3039,7
19847,3039,7
19848,3088,7
19849,3039,7
19850,3088,7
19851,3064,7
19852,3064,7
19853,3064,7
19854,3064,7
19855,3064,7
19856,3064,7
19857,3260,7
19858,3169,7
19859,3260,7
19860,3301,7
19861,3301,7
19862,3197,7
19863,2902,7
19864,2949,7
19865,2949,7
19866,3024,7
19867,3024,7
19868,3098,7
19869,3098,7
19870,3098,7
19871,3362,7
19872,3362,7
19873,3362,7
19874,3275,7
19875,3362,7
19876,3275,7
19877,3472,7
19878,3472,7
19879,3427,7
19880,3427,7
19881,3185,7
19882,3185,7
19883,3185,7
19884,3275,7
19885,3275,7
19886,3275,7
19887,3275,7
19888,3221,7
19889,3221,7
19890,3221,7
19891,3221,7
19892,3254,7
19893,3254,7
19894,3254,7
19895,3254,7
19896,3306,7
19897,3323,7
19898,3242,7
19899,3242,7
19900,3436,7
19901,3436,7
19902,3436,7
19903,3436,7
19904,3466,7
19905,3466,7
19906,3466,7
19907,3466,7
19908,3489,7
19909,3489,7
19910,3540,7
19911,3540,7
19912,3540,7
19913,3540,7
19914,3524,7
19915,3515,7
19916,3556,7
19917,3515,7
19918,3556,7
19919,3556,7
19920,3556,7
19921,3588,7
19922,3588,7
19923,3588,7
19924,3627,7
19925,3617,7
19926,3617,7
19927,3668,7
19928,3668,7
19929,3668,7
19930,3667,7
19931,3326,7
19932,3326,7
19933,3326,7
19934,3326,7
19935,3395,7
19936,3395,7
19937,3395,7
19938,3335,7
19939,3470,7
19940,3419,7
19941,3419,7
19942,3140,7
19943,3201,7
19944,3211,7
19945,3123,7
19946,3077,7
19947,3123,7
19948,3012,7
19949,3077,7
19950,2959,7
19951,3121,7
19952,3121,7
19953,3141,7
19954,3103,7
19955,3163,7
19956,3163,7
19957,2983,7
19958,3177,7
19959,3119,7
19960,3013,7
19961,3042,7
19962,3068,7
19963,3068,7
19964,3013,7
19965,3037,7
19966,2977,7
19967,2431,7
19968,2431,7
19969,2558,7
19970,2296,7
19971,2431,7
19972,2296,7
19973,2458,7
19974,2458,7
19975,2579,7
19976,2698,7
19977,2473,7
19978,2473,7
19979,2579,7
19980,2473,7
19981,2647,7
19982,2473,7
19983,2296,7
19984,2296,7
19985,2473,7
19986,2473,7
19987,2579,7
19988,2647,7
19989,2647,7
19990,2473,7
19991,2647,7
19992,2382,7
19993,2382,7
19994,2266,7
19995,2218,7
19996,2296,7
19997,2248,7
19998,2299,7
19999,2582,7
20000,2495,7
20001,2672,7
20002,2582,7
20003,2666,7
20004,2576,7
20005,2576,7
20006,2666,7
20007,3936,7
20008,3936,7
20009,4155,7
20010,4155,7
20011,3936,7
20012,3719,7
20013,3690,7
20014,3533,7
20015,3533,7
20016,3094,7
20017,3222,7
20018,4118,7
20019,3905,7
20020,3905,7
20021,3905,7
20022,3222,7
20023,3533,7
20024,3628,7
20025,3718,7
20026,3628,7
20027,3533,7
20028,3222,7
20029,3222,7
20030,3327,7
20031,3086,7
20032,3056,7
20033,3145,7
20034,3260,7
20035,2654,7
20036,2654,7
20037,2654,7
20038,2873,7
20039,2654,7
20040,2654,7
20041,2654,7
20042,2654,7
20043,2873,7
20044,2654,7
20045,2989,7
20046,2636,7
20047,2805,7
20048,2805,7
20049,2924,7
20050,3086,7
20051,2924,7
20052,2996,7
20053,2873,7
20054,3094,7
20055,3094,7
20056,3094,7
20057,3094,7
20058,3094,7
20059,3094,7
20060,3094,7
20061,3094,7
20062,3222,7
20063,2989,7
20064,2989,7
20065,3222,7
20066,2989,7
20067,2989,7
20068,2895,7
20069,2796,7
20070,2698,7
20071,2826,7
20072,2831,7
20073,2831,7
20074,2819,7
20075,2971,7
20076,2971,7
20077,2971,7
20078,2971,7
20079,2971,7
20080,2971,7
20081,2971,7
20082,2971,7
20083,3088,7
20084,3039,7
20085,3088,7
20086,3064,7
20087,3047,7
20088,3056,7
20089,3056,7
20090,3145,7
20091,3260,7
20092,3056,7
20093,3260,7
20094,3056,7
20095,3260,7
20096,3169,7
20097,3169,7
20098,3169,7
20099,3301,7
20100,3301,7
20101,3301,7
20102,3301,7
20103,3197,7
20104,3197,7
20105,3301,7
20106,2902,7
20107,2949,7
20108,2944,7
20109,2944,7
20110,3024,7
20111,3024,7
20112,3098,7
20113,3098,7
20114,3098,7
20115,3362,7
20116,3427,7
20117,3427,7
20118,3185,7
20119,3185,7
20120,3185,7
20121,3275,7
20122,3275,7
20123,3275,7
20124,3275,7
20125,3221,7
20126,3254,7
20127,3254,7
20128,3298,7
20129,3298,7
20130,3238,7
20131,3238,7
20132,3436,7
20133,3466,7
20134,3489,7
20135,3489,7
20136,3510,7
20137,3510,7
20138,3539,7
20139,3510,7
20140,3524,7
20141,3476,7
20142,3524,7
20143,3515,7
20144,3515,7
20145,3556,7
20146,3515,7
20147,3556,7
20148,3556,7
20149,3588,7
20150,3588,7
20151,3630,7
20152,3583,7
20153,3627,7
20154,3617,7
20155,3617,7
20156,3668,7
20157,3668,7
20158,3668,7
20159,3667,7
20160,3667,7
20161,3667,7
20162,3667,7
20163,3667,7
20164,3326,7
20165,3395,7
20166,3395,7
20167,3335,7
20168,3393,7
20169,3335,7
20170,3335,7
20171,3457,7
20172,3422,7
20173,3393,7
20174,3422,7
20175,3370,7
20176,3370,7
20177,3470,7
20178,3140,7
20179,3140,7
20180,3211,7
20181,3176,7
20182,3176,7
20183,3023,7
20184,3033,7
20185,3033,7
20186,3068,7
20187,3037,7
20188,2940,7
20189,2458,7
20190,2579,7
20191,2647,7
20192,2473,7
20193,2579,7
20194,2473,7
20195,2382,7
20196,2382,7
20197,2382,7
20198,2195,7
20199,2195,7
20200,2195,7
20201,2195,7
20202,2195,7
20203,2195,7
20204,2382,7
20205,2195,7
20206,2382,7
20207,2116,7
20208,2382,7
20209,2195,7
20210,2195,7
20211,2266,7
20212,2431,7
20213,2116,7
20214,2195,7
20215,2266,7
20216,2195,7
20217,2218,7
20218,2218,7
20219,2218,7
20220,2266,7
20221,2296,7
20222,2218,7
20223,2223,7
20224,2336,7
20225,2336,7
20226,2299,7
20227,2299,7
20228,2672,7
20229,2473,7
20230,2495,7
20231,2495,7
20232,2495,7
20233,2582,7
20234,2495,7
20235,2666,7
20236,2666,7
20237,2576,7
20238,2666,7
20239,2719,7
20240,2803,7
20241,2803,7
20242,2786,7
20243,2846,7
20244,2786,7
20245,2729,7
20246,2846,7
20247,2536,7
20248,2536,7
20249,2087,7
20250,2087,7
20251,2087,7
20252,2087,7
20253,2087,7
20254,1929,7
20255,2347,7
20256,2294,7
20257,2425,7
20258,2425,7
20259,2423,7
20260,2184,7
20261,2027,7
20262,2423,7
20263,2423,7
20264,2371,7
20265,2423,7
20266,2211,7
20267,2211,7
20268,2279,7
20269,2371,7
20270,1906,7
20271,2132,7
20272,2377,7
20273,1906,7
20274,2132,7
20275,2279,7
20276,2377,7
20277,2377,7
20278,2377,7
20279,2033,7
20280,2301,7
20281,2033,7
20282,2184,7
20283,2294,7
20284,2568,7
20285,2568,7
20286,2475,7
20287,2568,7
20288,2475,7
20289,2520,7
20290,2520,7
20291,2520,7
20292,2520,7
20293,2520,7
20294,2403,7
20295,2403,7
20296,2859,7
20297,2578,7
20298,2746,7
20299,2489,7
20300,2489,7
20301,2578,7
20302,2746,7
20303,2922,7
20304,2434,7
20305,2542,7
20306,2746,7
20307,2489,7
20308,2578,7
20309,2866,7
20310,2618,7
20311,2771,7
20312,2597,7
20313,2521,7
20314,2434,7
20315,2692,7
20316,2909,7
20317,2597,7
20318,2778,7
20319,2692,7
20320,2459,7
20321,2537,7
20322,2933,7
20323,2624,7
20324,2879,7
20325,2537,7
20326,2678,7
20327,2734,7
20328,2970,7
20329,2970,7
20330,2811,7
20331,2656,7
20332,2424,7
20333,2537,7
20334,2670,7
20335,2670,7
20336,2670,7
20337,2670,7
20338,2606,7
20339,2606,7
20340,2792,7
20341,2792,7
20342,2767,7
20343,2825,7
20344,2675,7
20345,2675,7
20346,2634,7
20347,2621,7
20348,2621,7
20349,2621,7
20350,2621,7
20351,2715,7
20352,2715,7
20353,2715,7
20354,2727,7
20355,3116,7
20356,3070,7
20357,3116,7
20358,3116,7
20359,3116,7
20360,2595,7
20361,2595,7
20362,2815,7
20363,2815,7
20364,2490,7
20365,2815,7
20366,2957,7
20367,2957,7
20368,2957,7
20369,3161,7
20370,3161,7
20371,3080,7
20372,3022,7
20373,3022,7
20374,3173,7
20375,3218,7
20376,3112,7
20377,3244,7
20378,3196,7
20379,3196,7
20380,3196,7
20381,3196,7
20382,3244,7
20383,3112,7
20384,3147,7
20385,3227,7
20386,2714,7
20387,2714,7
20388,2850,7
20389,2850,7
20390,2894,7
20391,2894,7
20392,3046,7
20393,2716,7
20394,2894,7
20395,2894,7
20396,2667,7
20397,2667,7
20398,2753,7
20399,2753,7
20400,2667,7
20401,2643,7
20402,2753,7
20403,2753,7
20404,2906,7
20405,2906,7
20406,2799,7
20407,2975,7
20408,2799,7
20409,2808,7
20410,3032,7
20411,3046,7
20412,3032,7
20413,3182,7
20414,3032,7
20415,2975,7
20416,3182,7
20417,3215,7
20418,3215,7
20419,3032,7
20420,2881,7
20421,2881,7
20422,2943,7
20423,2943,7
20424,2999,7
20425,2999,7
20426,2999,7
20427,3044,7
20428,2962,7
20429,3044,7
20430,3044,7
20431,3071,7
20432,3071,7
20433,3115,7
20434,3115,7
20435,3115,7
20436,3052,7
20437,3115,7
20438,2576,7
20439,2666,7
20440,2647,7
20441,2739,7
20442,2719,7
20443,2719,7
20444,2786,7
20445,2786,7
20446,2729,7
20447,2719,7
20448,2786,7
20449,2786,7
20450,2719,7
20451,2786,7
20452,2786,7
20453,2786,7
20454,2868,7
20455,2868,7
20456,2868,7
20457,2536,7
20458,2536,7
20459,2536,7
20460,2536,7
20461,2536,7
20462,2536,7
20463,2536,7
20464,2087,7
20465,1929,7
20466,2423,7
20467,2294,7
20468,2371,7
20469,2211,7
20470,1906,7
20471,2371,7
20472,2132,7
20473,2279,7
20474,2301,7
20475,2180,7
20476,2033,7
20477,2033,7
20478,2033,7
20479,2033,7
20480,2180,7
20481,2301,7
20482,2033,7
20483,2033,7
20484,2033,7
20485,2027,7
20486,2027,7
20487,2184,7
20488,2294,7
20489,2184,7
20490,2184,7
20491,2184,7
20492,2184,7
20493,2294,7
20494,2211,7
20495,2211,7
20496,2568,7
20497,2568,7
20498,2376,7
20499,2376,7
20500,2520,7
20501,2376,7
20502,2376,7
20503,2376,7
20504,2166,7
20505,2403,7
20506,2595,7
20507,2166,7
20508,2166,7
20509,2380,7
20510,2166,7
20511,2380,7
20512,2166,7
20513,2166,7
20514,2380,7
20515,2166,7
20516,2166,7
20517,2166,7
20518,2380,7
20519,2380,7
20520,2380,7
20521,2578,7
20522,2578,7
20523,2489,7
20524,2866,7
20525,2922,7
20526,2489,7
20527,2771,7
20528,2866,7
20529,2771,7
20530,2922,7
20531,2618,7
20532,2955,7
20533,2771,7
20534,2771,7
20535,2909,7
20536,2459,7
20537,2434,7
20538,2823,7
20539,2955,7
20540,2692,7
20541,2521,7
20542,2823,7
20543,2778,7
20544,2692,7
20545,2462,7
20546,2685,7
20547,2462,7
20548,2537,7
20549,2656,7
20550,2656,7
20551,2462,7
20552,2527,7
20553,2527,7
20554,2527,7
20555,2527,7
20556,2475,7
20557,2933,7
20558,2778,7
20559,2434,7
20560,2592,7
20561,2592,7
20562,2592,7
20563,2592,7
20564,2592,7
20565,2670,7
20566,2670,7
20567,2592,7
20568,2648,7
20569,2648,7
20570,2648,7
20571,2648,7
20572,2648,7
20573,2606,7
20574,2606,7
20575,2606,7
20576,2865,7
20577,2865,7
20578,2865,7
20579,2792,7
20580,2767,7
20581,2825,7
20582,2825,7
20583,2825,7
20584,2675,7
20585,2634,7
20586,2675,7
20587,2634,7
20588,2522,7
20589,2675,7
20590,2522,7
20591,2621,7
20592,2522,7
20593,2621,7
20594,2551,7
20595,2621,7
20596,2551,7
20597,2551,7
20598,2531,7
20599,2531,7
20600,2625,7
20601,2715,7
20602,2727,7
20603,2727,7
20604,2621,7
20605,2727,7
20606,2727,7
20607,2727,7
20608,3116,7
20609,2595,7
20610,2490,7
20611,2815,7
20612,2490,7
20613,2490,7
20614,2928,7
20615,2957,7
20616,2957,7
20617,3080,7
20618,3080,7
20619,3080,7
20620,3022,7
20621,3218,7
20622,3173,7
20623,3173,7
20624,3218,7
20625,3112,7
20626,3196,7
20627,3112,7
20628,3112,7
20629,3196,7
20630,3227,7
20631,3147,7
20632,2714,7
20633,2714,7
20634,2812,7
20635,2812,7
20636,2812,7
20637,2850,7
20638,2850,7
20639,2850,7
20640,2850,7
20641,2894,7
20642,2716,7
20643,2716,7
20644,2716,7
20645,2716,7
20646,2716,7
20647,2716,7
20648,2667,7
20649,2643,7
20650,2667,7
20651,2667,7
20652,2643,7
20653,2643,7
20654,2643,7
20655,2643,7
20656,2643,7
20657,2643,7
20658,2894,7
20659,2906,7
20660,2906,7
20661,2799,7
20662,2799,7
20663,2799,7
20664,2799,7
20665,2799,7
20666,2799,7
20667,2799,7
20668,2808,7
20669,3046,7
20670,3046,7
20671,3032,7
20672,3032,7
20673,2975,7
20674,3182,7
20675,3182,7
20676,3182,7
20677,3182,7
20678,3182,7
20679,2975,7
20680,3126,7
20681,3126,7
20682,3182,7
20683,3126,7
20684,2975,7
20685,3215,7
20686,2975,7
20687,3126,7
20688,3215,7
20689,3215,7
20690,3215,7
20691,2881,7
20692,2881,7
20693,2817,7
20694,2798,7
20695,2847,7
20696,2943,7
20697,2748,7
20698,2943,7
20699,2962,7
20700,2962,7
20701,3005,7
20702,3005,7
20703,3005,7
20704,3005,7
20705,3052,7
20706,3052,7
20707,3115,7
20708,3206,7
20709,3206,7
20710,3206,7
20711,3231,7
20712,3206,7
20713,3231,7
20714,3231,7
20715,3231,7
20716,3255,7
20717,3255,7
20718,3148,7
20719,3148,7
20720,3148,7
20721,3148,7
20722,3148,7
20723,3148,7
20724,3178,7
20725,3078,7
20726,3148,7
20727,3078,7
20728,3078,7
20729,3107,7
20730,3107,7
20731,3078,7
20732,3128,7
20733,3128,7
20734,3159,7
20735,3159,7
20736,3159,7
20737,3333,7
20738,3271,7
20739,3264,7
20740,3351,7
20741,3412,7
20742,3412,7
20743,3412,7
20744,3337,7
20745,3594,7
20746,3594,7
20747,3594,7
20748,3594,7
20749,3594,7
20750,3527,7
20751,3527,7
20752,3527,7
20753,3527,7
20754,3527,7
20755,3521,7
20756,3521,7
20757,3508,7
20758,3508,7
20759,3508,7
20760,3433,7
20761,3508,7
20762,3445,7
20763,3501,7
20764,3501,7
20765,3501,7
20766,3445,7
20767,3501,7
20768,3653,7
20769,3653,7
20770,3653,7
20771,3615,7
20772,3615,7
20773,3615,7
20774,3615,7
20775,3584,7
20776,3493,7
20777,3562,7
20778,3577,7
20779,3493,7
20780,3597,7
20781,3562,7
20782,3493,7
20783,3493,7
20784,3493,7
20785,3577,7
20786,3597,7
20787,3597,7
20788,3585,7
20789,3525,7
20790,3525,7
20791,3525,7
20792,3653,7
20793,3716,7
20794,3716,7
20795,3680,7
20796,3680,7
20797,3791,7
20798,3683,7
20799,3506,7
20800,3585,7
20801,3356,7
20802,3280,7
20803,3280,7
20804,3356,7
20805,3373,7
20806,3385,7
20807,3385,7
20808,3300,7
20809,3262,7
20810,3340,7
20811,3340,7
20812,3289,7
20813,3329,7
20814,3289,7
20815,3329,7
20816,3417,7
20817,3417,7
20818,3381,7
20819,4118,7
20820,3905,7
20821,4621,7
20822,4473,7
20823,4044,7
20824,3834,7
20825,4044,7
20826,4044,7
20827,4473,7
20828,4473,7
20829,3834,7
20830,4044,7
20831,3887,7
20832,4044,7
20833,4473,7
20834,4473,7
20835,4473,7
20836,3713,7
20837,3713,7
20838,3879,7
20839,3827,7
20840,3792,7
20841,3770,7
20842,4623,5
20843,4542,5
20844,4474,5
20845,4474,5
20846,4586,5
20847,4615,5
20848,3052,7
20849,3052,7
20850,3115,7
20851,3052,7
20852,3052,7
20853,3052,7
20854,3148,7
20855,3078,7
20856,3078,7
20857,3178,7
20858,3178,7
20859,3178,7
20860,3178,7
20861,3078,7
20862,3107,7
20863,3107,7
20864,3107,7
20865,3107,7
20866,3128,7
20867,3128,7
20868,3128,7
20869,3159,7
20870,3128,7
20871,3159,7
20872,3159,7
20873,3159,7
20874,3159,7
20875,3198,7
20876,3198,7
20877,3198,7
20878,3378,7
20879,3378,7
20880,3351,7
20881,3412,7
20882,3351,7
20883,3337,7
20884,3337,7
20885,3337,7
20886,3527,7
20887,3527,7
20888,3527,7
20889,3454,7
20890,3454,7
20891,3454,7
20892,3527,7
20893,3521,7
20894,3521,7
20895,3454,7
20896,3521,7
20897,3454,7
20898,3521,7
20899,3521,7
20900,3521,7
20901,3521,7
20902,3508,7
20903,3508,7
20904,3508,7
20905,3508,7
20906,3501,7
20907,3501,7
20908,3653,7
20909,3653,7
20910,3615,7
20911,3615,7
20912,3584,7
20913,3562,7
20914,3562,7
20915,3562,7
20916,3577,7
20917,3577,7
20918,3493,7
20919,3493,7
20920,3597,7
20921,3493,7
20922,3577,7
20923,3577,7
20924,3525,7
20925,3525,7
20926,3716,7
20927,3680,7
20928,3680,7
20929,3680,7
20930,3791,7
20931,3791,7
20932,3704,7
20933,3704,7
20934,3704,7
20935,3704,7
20936,3704,7
20937,3683,7
20938,3683,7
20939,3683,7
20940,3585,7
20941,3585,7
20942,3585,7
20943,3585,7
20944,3585,7
20945,3356,7
20946,3356,7
20947,3217,7
20948,3217,7
20949,3217,7
20950,3217,7
20951,3217,7
20952,3217,7
20953,3373,7
20954,3300,7
20955,3300,7
20956,3373,7
20957,3300,7
20958,3236,7
20959,3300,7
20960,3300,7
20961,3262,7
20962,3340,7
20963,3289,7
20964,3430,7
20965,3329,7
20966,3329,7
20967,3430,7
20968,3329,7
20969,3329,7
20970,3312,7
20971,3312,7
20972,3381,7
20973,3381,7
20974,3381,7
20975,3381,7
20976,3381,7
20977,3409,7
20978,3409,7
20979,3409,7
20980,3409,7
20981,3430,7
20982,3430,7
20983,3430,7
20984,4118,7
20985,4473,7
20986,3834,7
20987,4473,7
20988,3905,7
20989,4473,7
20990,3834,7
20991,4044,7
20992,3834,7
20993,4044,7
20994,4473,7
20995,4044,7
20996,3834,7
20997,4044,7
20998,4044,7
20999,3834,7
21000,3887,7
21001,3887,7
21002,3713,7
21003,3713,7
21004,3713,7
21005,3660,7
21006,3713,7
21007,3660,7
21008,3660,7
21009,3660,7
21010,3660,7
21011,3660,7
21012,3660,7
21013,3660,7
21014,3879,7
21015,3879,7
21016,3879,7
21017,3827,7
21018,3827,7
21019,3827,7
21020,3827,7
21021,3827,7
21022,3827,7
21023,3827,7
21024,3792,7
21025,3792,7
21026,3770,7
21027,3770,7
21028,3555,7
21029,4541,5
21030,4557,5
21031,4547,5
21032,4542,5
21033,4474,5
21034,4474,5
21035,4474,5
21036,4474,5
21037,4474,5
21038,4615,5
21039,4615,5
21040,4693,5
21041,4693,5
21042,4649,5
21043,4649,5
21044,4649,5
21045,4633,5
21046,4634,5
21047,4633,5
21048,4615,5
21049,4618,5
21050,4618,5
21051,4642,5
21052,4642,5
21053,4642,5
21054,4622,5
21055,4650,5
21056,4650,5
21057,4650,5
21058,4638,5
21059,4622,5
21060,4622,5
21061,4638,5
21062,4632,5
21063,4595,5
21064,4622,5
21065,4595,5
21066,4632,5
21067,4632,5
21068,4625,5
21069,4632,5
21070,4595,5
21071,4650,5
21072,4651,5
21073,4665,5
21074,4736,5
21075,4736,5
21076,4736,5
21077,4736,5
21078,4809,5
21079,4809,5
21080,4736,5
21081,4736,5
21082,4755,5
21083,4755,5
21084,4809,5
21085,4653,5
21086,4809,5
21087,4809,5
21088,4776,5
21089,4719,5
21090,4734,5
21091,4776,5
21092,4776,5
21093,4776,5
21094,4776,5
21095,4740,5
21096,4776,5
21097,4712,5
21098,4731,5
21099,4707,5
21100,4731,5
21101,4731,5
21102,4731,5
21103,4815,5
21104,4815,5
21105,4772,5
21106,4772,5
21107,4772,5
21108,4745,5
21109,4772,5
21110,4772,5
21111,4772,5
21112,4761,5
21113,4745,5
21114,4745,5
21115,4745,5
21116,4744,5
21117,4744,5
21118,4711,5
21119,4744,5
21120,4772,5
21121,4772,5
21122,4744,5
21123,4808,5
21124,4771,5
21125,4759,5
21126,4782,5
21127,4782,5
21128,4782,5
21129,4782,5
21130,4773,5
21131,4747,5
21132,4747,5
21133,4763,5
21134,4763,5
21135,4771,5
21136,4783,5
21137,4783,5
21138,4849,8
21139,4849,8
21140,4849,8
21141,4849,8
21142,4849,8
21143,4839,8
21144,4839,8
21145,4839,8
21146,4839,8
21147,4870,8
21148,4839,8
21149,4870,8
21150,4839,8
21151,4839,8
21152,4839,8
21153,4876,8
21154,4818,8
21155,4818,8
21156,4899,8
21157,4876,8
21158,4818,8
21159,4844,8
21160,4818,8
21161,4612,5
21162,4612,5
21163,4612,5
21164,4541,5
21165,4541,5
21166,4693,5
21167,4649,5
21168,4633,5
21169,4633,5
21170,4634,5
21171,4646,5
21172,4618,5
21173,4618,5
21174,4642,5
21175,4622,5
21176,4650,5
21177,4642,5
21178,4595,5
21179,4622,5
21180,4622,5
21181,4622,5
21182,4595,5
21183,4642,5
21184,4622,5
21185,4622,5
21186,4650,5
21187,4638,5
21188,4622,5
21189,4638,5
21190,4649,5
21191,4638,5
21192,4595,5
21193,4649,5
21194,4622,5
21195,4638,5
21196,4595,5
21197,4632,5
21198,4649,5
21199,4632,5
21200,4633,5
21201,4625,5
21202,4633,5
21203,4625,5
21204,4625,5
21205,4625,5
21206,4633,5
21207,4633,5
21208,4595,5
21209,4625,5
21210,4625,5
21211,4625,5
21212,4625,5
21213,4651,5
21214,4651,5
21215,4651,5
21216,4657,5
21217,4660,5
21218,4660,5
21219,4650,5
21220,4665,5
21221,4665,5
21222,4665,5
21223,4670,5
21224,4736,5
21225,4736,5
21226,4719,5
21227,4776,5
21228,4809,5
21229,4653,5
21230,4653,5
21231,4809,5
21232,4719,5
21233,4653,5
21234,4719,5
21235,4755,5
21236,4719,5
21237,4776,5
21238,4653,5
21239,4776,5
21240,4734,5
21241,4776,5
21242,4653,5
21243,4734,5
21244,4809,5
21245,4776,5
21246,4719,5
21247,4653,5
21248,4776,5
21249,4776,5
21250,4734,5
21251,4776,5
21252,4776,5
21253,4776,5
21254,4776,5
21255,4776,5
21256,4776,5
21257,4740,5
21258,4776,5
21259,4740,5
21260,4739,5
21261,4776,5
21262,4739,5
21263,4739,5
21264,4739,5
21265,4809,5
21266,4809,5
21267,4809,5
21268,4712,5
21269,4712,5
21270,4712,5
21271,4731,5
21272,4731,5
21273,4731,5
21274,4731,5
21275,4727,5
21276,4727,5
21277,4705,5
21278,4727,5
21279,4711,5
21280,4710,5
21281,4708,5
21282,4708,5
21283,4681,5
21284,4815,5
21285,4815,5
21286,4772,5
21287,4772,5
21288,4815,5
21289,4815,5
21290,4772,5
21291,4772,5
21292,4772,5
21293,4772,5
21294,4772,5
21295,4745,5
21296,4745,5
21297,4745,5
21298,4745,5
21299,4744,5
21300,4711,5
21301,4711,5
21302,4711,5
21303,4711,5
21304,4711,5
21305,4711,5
21306,4711,5
21307,4745,5
21308,4772,5
21309,4772,5
21310,4772,5
21311,4745,5
21312,4745,5
21313,4754,5
21314,4754,5
21315,4754,5
21316,4745,5
21317,4754,5
21318,4744,5
21319,4744,5
21320,4744,5
21321,4744,5
21322,4744,5
21323,4759,5
21324,4782,5
21325,4782,5
21326,4782,5
21327,4782,5
21328,4782,5
21329,4782,5
21330,4782,5
21331,4782,5
21332,4773,5
21333,4773,5
21334,4773,5
21335,4763,5
21336,4763,5
21337,4763,5
21338,4763,5
21339,4763,5
21340,4782,5
21341,4747,5
21342,4747,5
21343,4747,5
21344,4747,5
21345,4747,5
21346,4773,5
21347,4747,5
21348,4773,5
21349,4773,5
21350,4773,5
21351,4763,5
21352,4763,5
21353,4763,5
21354,4763,5
21355,4763,5
21356,4763,5
21357,4763,5
21358,4763,5
21359,4763,5
21360,4763,5
21361,4763,5
21362,4815,5
21363,4783,5
21364,4783,5
21365,4808,5
21366,4808,5
21367,4783,5
21368,4783,5
21369,4783,5
21370,4783,5
21371,4783,5
21372,4783,5
21373,4839,8
21374,4839,8
21375,4839,8
21376,4839,8
21377,4839,8
21378,4818,5
21379,4818,5
21380,4876,8
21381,4844,8
21382,4818,5
21383,4855,8
21384,4876,8
21385,4818,8
21386,4844,8
21387,4818,8
21388,4844,8
21389,4893,8
21390,4893,8
21391,4855,8
21392,4855,8
21393,4881,8
21394,4881,8
21395,4819,8
21396,4819,8
21397,4844,8
21398,4893,8
21399,4893,8
21400,4819,5
21401,4844,8
21402,4881,8
21403,4889,8
21404,4889,8
21405,4889,8
21406,4871,8
21407,4889,8
21408,4871,8
21409,4882,8
21410,4889,8
21411,4882,8
21412,4882,8
21413,4879,8
21414,4879,8
21415,4882,8
21416,4882,8
21417,4882,8
21418,4882,8
21419,4882,8
21420,4882,8
21421,4882,8
21422,4879,8
21423,4230,8
21424,4631,8
21425,4770,8
21426,4770,8
21427,4770,8
21428,4770,8
21429,4770,8
21430,4770,8
21431,4770,8
21432,4770,8
21433,4631,8
21434,4631,8
21435,4770,8
21436,4770,8
21437,4770,8
21438,4770,8
21439,4770,8
21440,4770,8
21441,4770,8
21442,4770,8
21443,4631,8
21444,4770,8
21445,4770,8
21446,4824,8
21447,4770,8
21448,4770,8
21449,4746,8
21450,4824,8
21451,4824,8
21452,4746,8
21453,4824,8
21454,4824,8
21455,4746,8
21456,4746,8
21457,4824,8
21458,4824,8
21459,4824,8
21460,4824,8
21461,4737,8
21462,4801,8
21463,4801,8
21464,4801,8
21465,4801,8
21466,4737,8
21467,4801,8
21468,4801,8
21469,4737,8
21470,4737,8
21471,4737,8
21472,4836,8
21473,4737,8
21474,4836,8
21475,4836,8
21476,4737,8
21477,4836,8
21478,4836,8
21479,4836,8
21480,4737,8
21481,4814,8
21482,4836,8
21483,4737,8
21484,4737,8
21485,4737,8
21486,4814,8
21487,4814,8
21488,4814,8
21489,4737,8
21490,4814,8
21491,4814,8
21492,4814,8
21493,4809,8
21494,4809,8
21495,4809,8
21496,4814,8
21497,4841,8
21498,4805,8
21499,4841,8
21500,4841,8
21501,4841,8
21502,4841,8
21503,4841,8
21504,4841,8
21505,4841,8
21506,4874,8
21507,4841,8
21508,4841,8
21509,4805,8
21510,4824,8
21511,4874,8
21512,4824,8
21513,4824,8
21514,4854,8
21515,4824,8
21516,4854,8
21517,4880,8
21518,4880,8
21519,4880,8
21520,4880,8
21521,4880,8
21522,4854,8
21523,4880,8
21524,4880,8
21525,4854,8
21526,4880,8
21527,4836,8
21528,4878,8
21529,4836,8
21530,4895,8
21531,4866,8
21532,4895,8
21533,4836,8
21534,4866,8
21535,4836,8
21536,4895,8
21537,4836,8
21538,4878,8
21539,4866,8
21540,4836,8
21541,4866,8
21542,4895,8
21543,4878,8
21544,4836,8
21545,4833,8
21546,4851,8
21547,4851,8
21548,4833,8
21549,4833,8
21550,4833,8
21551,4833,8
21552,4836,8
21553,4851,8
21554,4858,8
21555,4851,8
21556,4851,8
21557,4851,8
21558,4851,8
21559,4851,8
21560,4866,8
21561,4851,8
21562,4851,8
21563,4866,8
21564,4890,8
21565,4866,8
21566,4890,8
21567,4833,8
21568,4833,8
21569,4846,8
21570,4846,8
21571,4846,8
21572,4846,8
21573,4859,8
21574,4846,8
21575,4846,8
21576,4847,8
21577,4830,8
21578,4847,8
21579,4847,8
21580,4847,8
21581,4847,8
21582,4830,8
21583,4849,8
21584,4849,8
21585,4867,8
21586,4849,8
21587,4849,8
21588,4867,8
21589,4867,8
21590,4849,8
21591,4867,8
21592,4867,8
21593,4849,8
21594,4867,8
21595,4839,8
21596,4867,8
21597,4867,8
21598,4867,8
21599,4867,8
21600,4818,8
21601,4876,8
21602,4893,8
21603,4818,8
21604,4893,8
21605,4844,8
21606,4819,5
21607,4819,5
21608,4881,8
21609,4871,8
21610,4889,8
21611,4889,8
21612,4889,8
21613,4871,8
21614,4871,8
21615,4871,8
21616,4871,8
21617,4871,8
21618,4871,8
21619,4871,8
21620,4879,8
21621,4818,5
21622,4839,8
21623,4882,8
21624,4882,8
21625,4882,8
21626,4879,8
21627,4882,8
21628,4879,8
21629,4882,8
21630,4879,8
21631,4230,8
21632,4631,8
21633,4770,8
21634,4770,8
21635,4770,8
21636,4770,8
21637,4631,8
21638,4770,8
21639,4770,8
21640,4631,8
21641,4770,8
21642,4770,8
21643,4770,8
21644,4770,8
21645,4230,8
21646,4631,8
21647,4631,8
21648,4631,8
21649,4631,8
21650,4770,8
21651,4770,8
21652,4770,8
21653,4770,8
21654,4631,8
21655,4746,8
21656,4631,8
21657,4746,8
21658,4746,8
21659,4746,8
21660,4746,8
21661,4631,8
21662,4746,8
21663,4746,8
21664,4746,8
21665,4746,8
21666,4746,8
21667,4746,8
21668,4746,8
21669,4746,8
21670,4746,8
21671,4746,8
21672,4746,8
21673,4746,8
21674,4746,8
21675,4746,8
21676,4770,8
21677,4746,8
21678,4746,8
21679,4746,8
21680,4746,8
21681,4746,8
21682,4746,8
21683,4746,8
21684,4746,8
21685,4746,8
21686,4746,8
21687,4746,8
21688,4770,8
21689,4631,8
21690,4737,8
21691,4737,8
21692,4801,8
21693,4801,8
21694,4737,8
21695,4737,8
21696,4737,8
21697,4737,8
21698,4737,8
21699,4737,8
21700,4814,8
21701,4737,8
21702,4737,8
21703,4814,8
21704,4737,8
21705,4737,8
21706,4814,8
21707,4814,8
21708,4814,8
21709,4814,8
21710,4814,8
21711,4737,8
21712,4737,8
21713,4737,8
21714,4814,8
21715,4809,8
21716,4809,8
21717,4737,8
21718,4805,8
21719,4805,8
21720,4805,8
21721,4805,8
21722,4805,8
21723,4805,8
21724,4805,8
21725,4805,8
21726,4805,8
21727,4805,8
21728,4841,8
21729,4841,8
21730,4805,8
21731,4841,8
21732,4841,8
21733,4805,8
21734,4841,8
21735,4805,8
21736,4841,8
21737,4824,8
21738,4880,8
21739,4880,8
21740,4874,8
21741,4874,8
21742,4880,8
21743,4880,8
21744,4880,8
21745,4880,8
21746,4880,8
21747,4880,8
21748,4880,8
21749,4854,8
21750,4854,8
21751,4880,8
21752,4880,8
21753,4880,8
21754,4880,8
21755,4880,8
21756,4878,8
21757,4880,8
21758,4880,8
21759,4880,8
21760,4880,8
21761,4880,8
21762,4878,8
21763,4880,8
21764,4880,8
21765,4878,8
21766,4878,8
21767,4878,8
21768,4880,8
21769,4878,8
21770,4878,8
21771,4878,8
21772,4878,8
21773,4878,8
21774,4878,8
21775,4866,8
21776,4878,8
21777,4866,8
21778,4895,8
21779,4866,8
21780,4878,8
21781,4866,8
21782,4833,8
21783,4836,8
21784,4851,8
21785,4866,8
21786,4858,8
21787,4866,8
21788,4809,8
21789,4866,8
21790,4866,8
21791,4833,8
21792,4809,8
21793,4833,8
21794,4809,8
21795,4809,8
21796,4809,8
21797,4846,8
21798,4858,8
21799,4866,8
21800,4809,8
21801,4851,8
21802,4851,8
21803,4858,8
21804,4809,8
21805,4809,8
21806,4866,8
21807,4866,8
21808,4866,8
21809,4866,8
21810,4866,8
21811,4858,8
21812,4833,8
21813,4833,8
21814,4833,8
21815,4833,8
21816,4833,8
21817,4836,8
21818,4833,8
21819,4846,8
21820,4859,8
21821,4833,8
21822,4846,8
21823,4833,8
21824,4859,8
21825,4846,8
21826,4846,8
21827,4830,8
21828,4846,8
21829,4846,8
21830,4846,8
21831,4846,8
21832,4833,8
21833,4846,8
21834,4846,8
21835,4846,8
21836,4809,8
21837,4833,8
21838,4846,8
21839,4846,8
21840,4846,8
21841,4847,8
21842,4847,8
21843,4847,8
21844,4847,8
21845,4847,8
21846,4830,8
21847,4849,8
21848,4849,8
21849,4867,8
21850,4849,8
21851,4849,8
21852,4830,8
21853,4849,8
21854,4849,8
21855,4849,8
21856,4815,8
21857,4830,8
21858,4867,8
21859,4849,8
21860,4849,8
21861,4849,8
21862,4849,8
21863,4849,8
21864,4849,8
21865,4849,8
21866,4867,8
21867,4849,8
21868,4849,8
21869,4849,8
21870,4849,8
21871,4830,8
21872,4849,8
21873,4849,8
21874,4867,8
21875,4867,8
21876,4867,8
21877,4867,8
21878,4867,8
21879,4867,8
21880,4870,8
21881,4870,8
21882,4870,8
21883,4872,8
21884,4872,8
21885,4872,8
21886,4872,8
21887,4872,8
21888,4872,8
21889,4872,8
21890,4872,8
21891,4872,8
21892,4872,8
21893,4872,8
21894,4872,8
21895,4872,8
21896,4872,8
21897,4872,8
21898,4872,8
21899,4890,8
21900,4865,8
21901,4865,8
21902,4865,8
21903,4865,8
21904,4865,8
21905,4856,8
21906,4859,8
21907,4863,8
21908,4863,8
21909,4856,8
21910,4863,8
21911,4863,8
21912,4867,8
21913,4861,8
21914,4946,8
21915,4934,8
21916,4934,8
21917,4934,8
21918,4946,8
21919,4934,8
21920,4934,8
21921,4946,8
21922,4934,8
21923,4934,8
21924,4934,8
21925,4934,8
21926,4938,8
21927,4938,8
21928,4938,8
21929,4938,8
21930,4938,8
21931,4938,8
21932,4938,8
21933,4890,8
21934,4890,8
21935,4890,8
21936,4890,8
21937,4890,8
21938,4937,8
21939,4890,8
21940,4890,8
21941,4937,8
21942,4890,8
21943,4890,8
21944,4890,8
21945,4899,8
21946,4890,8
21947,4937,8
21948,4899,8
21949,4899,8
21950,4936,8
21951,4936,8
21952,4943,8
21953,4899,8
21954,4943,8
21955,4943,8
21956,4943,8
21957,4887,8
21958,4940,8
21959,4908,8
21960,4908,8
21961,4908,8
21962,4908,8
21963,4908,8
21964,4932,8
21965,4908,8
21966,4908,8
21967,4908,8
21968,4908,8
21969,4908,8
21970,4908,8
21971,4908,8
21972,4908,8
21973,4887,8
21974,4908,8
21975,4908,8
21976,4908,8
21977,4908,8
21978,4908,8
21979,4901,8
21980,4912,8
21981,4905,8
21982,4901,8
21983,4901,8
21984,4905,8
21985,4912,8
21986,4912,8
21987,4905,8
21988,4912,8
21989,4900,8
21990,4911,8
21991,4911,8
21992,4911,8
21993,4906,8
21994,4900,8
21995,4911,8
21996,4887,8
21997,4898,8
21998,4895,8
21999,4902,8
22000,4907,8
22001,4907,8
22002,4907,8
22003,4898,8
22004,4904,8
22005,4904,8
22006,4898,8
22007,4904,8
22008,4917,8
22009,4904,8
22010,4917,8
22011,4904,8
22012,4917,8
22013,4914,8
22014,4914,8
22015,4914,8
22016,4898,8
22017,4914,8
22018,4898,8
22019,4914,8
22020,4919,8
22021,4919,8
22022,4919,8
22023,4920,8
22024,4929,8
22025,4867,8
22026,4839,8
22027,4870,8
22028,4870,8
22029,4839,8
22030,4839,8
22031,4839,8
22032,4839,8
22033,4839,8
22034,4870,8
22035,4870,8
22036,4872,8
22037,4872,8
22038,4872,8
22039,4872,8
22040,4872,8
22041,4872,8
22042,4872,8
22043,4872,8
22044,4872,8
22045,4872,8
22046,4872,8
22047,4872,8
22048,4872,8
22049,4872,8
22050,4872,8
22051,4890,8
22052,4872,8
22053,4872,8
22054,4872,8
22055,4872,8
22056,4872,8
22057,4872,8
22058,4867,8
22059,4867,8
22060,4867,8
22061,4867,8
22062,4867,8
22063,4870,8
22064,4867,8
22065,4859,8
22066,4859,8
22067,4865,8
22068,4865,8
22069,4865,8
22070,4859,8
22071,4865,8
22072,4859,8
22073,4865,8
22074,4865,8
22075,4847,8
22076,4859,8
22077,4865,8
22078,4859,8
22079,4865,8
22080,4865,8
22081,4865,8
22082,4859,8
22083,4856,8
22084,4859,8
22085,4865,8
22086,4865,8
22087,4872,8
22088,4856,8
22089,4863,8
22090,4863,8
22091,4863,8
22092,4856,8
22093,4872,8
22094,4861,8
22095,4872,8
22096,4863,8
22097,4863,8
22098,4863,8
22099,4856,8
22100,4867,8
22101,4861,8
22102,4861,8
22103,4861,8
22104,4861,8
22105,4872,8
22106,4861,8
22107,4872,8
22108,4867,8
22109,4872,8
22110,4867,8
22111,4872,8
22112,4867,8
22113,4867,8
22114,4867,8
22115,4867,8
22116,4867,8
22117,4867,8
22118,4867,8
22119,4867,8
22120,4867,8
22121,4867,8
22122,4867,8
22123,4867,8
22124,4867,8
22125,4867,8
22126,4867,8
22127,4867,8
22128,4867,8
22129,4867,8
22130,4867,8
22131,4867,8
22132,4867,8
22133,4867,8
22134,4867,8
22135,4867,8
22136,4867,8
22137,4856,8
22138,4934,8
22139,4934,8
22140,4934,8
22141,4934,8
22142,4934,8
22143,4934,8
22144,4934,8
22145,4934,8
22146,4934,8
22147,4934,8
22148,4934,8
22149,4934,8
22150,4934,8
22151,4934,8
22152,4934,8
22153,4934,8
22154,4934,8
22155,4934,8
22156,4934,8
22157,4934,8
22158,4934,8
22159,4934,8
22160,4946,8
22161,4934,8
22162,4934,8
22163,4938,8
22164,4938,8
22165,4938,8
22166,4938,8
22167,4938,8
22168,4938,8
22169,4890,8
22170,4938,8
22171,4890,8
22172,4890,8
22173,4890,8
22174,4870,8
22175,4899,8
22176,4899,8
22177,4943,8
22178,4893,8
22179,4887,8
22180,4887,8
22181,4887,8
22182,4908,8
22183,4932,8
22184,4932,8
22185,4940,8
22186,4932,8
22187,4908,8
22188,4908,8
22189,4908,8
22190,4908,8
22191,4908,8
22192,4932,8
22193,4932,8
22194,4932,8
22195,4908,8
22196,4908,8
22197,4908,8
22198,4908,8
22199,4908,8
22200,4908,8
22201,4908,8
22202,4887,8
22203,4908,8
22204,4908,8
22205,4908,8
22206,4905,8
22207,4901,8
22208,4905,8
22209,4901,8
22210,4901,8
22211,4905,8
22212,4901,8
22213,4901,8
22214,4905,8
22215,4905,8
22216,4912,8
22217,4912,8
22218,4905,8
22219,4912,8
22220,4901,8
22221,4905,8
22222,4912,8
22223,4900,8
22224,4912,8
22225,4905,8
22226,4905,8
22227,4905,8
22228,4900,8
22229,4900,8
22230,4906,8
22231,4906,8
22232,4900,8
22233,4911,8
22234,4887,8
22235,4887,8
22236,4898,8
22237,4887,8
22238,4887,8
22239,4898,8
22240,4907,8
22241,4907,8
22242,4902,8
22243,4907,8
22244,4907,8
22245,4898,8
22246,4898,8
22247,4898,8
22248,4898,8
22249,4904,8
22250,4904,8
22251,4914,8
22252,4914,8
22253,4904,8
22254,4917,8
22255,4904,8
22256,4904,8
22257,4898,8
22258,4904,8
22259,4895,8
22260,4914,8
22261,4917,8
22262,4898,8
22263,4917,8
22264,4926,8
22265,4926,8
22266,4898,8
22267,4898,8
22268,4917,8
22269,4898,8
22270,4898,8
22271,4895,8
22272,4926,8
22273,4895,8
22274,4895,8
22275,4895,8
22276,4880,8
22277,4929,8
22278,4898,8
22279,4919,8
22280,4919,8
22281,4919,8
22282,4919,8
22283,4929,8
22284,4929,8
22285,4929,8
22286,4929,8
22287,4929,8
22288,4929,8
22289,4938,8
22290,4915,8
22291,4913,8
22292,4916,8
22293,4913,8
22294,4913,8
22295,4877,8
22296,4877,8
22297,4877,8
22298,4845,8
22299,4877,8
22300,4877,8
22301,4873,8
22302,4834,8
22303,4834,8
22304,4857,8
22305,4875,8
22306,4842,8
22307,4857,8
22308,4857,8
22309,4857,8
22310,4835,8
22311,4842,8
22312,4835,8
22313,4842,8
22314,4864,8
22315,4864,8
22316,4864,8
22317,4835,8
22318,4850,8
22319,4822,8
22320,4840,8
22321,4850,8
22322,4868,8
22323,4853,8
22324,4853,8
22325,4928,8
22326,4894,8
22327,4928,8
22328,4928,8
22329,4928,8
22330,4924,8
22331,4935,8
22332,4935,8
22333,4928,8
22334,4903,8
22335,4891,8
22336,4903,8
22337,4921,8
22338,4921,8
22339,4935,8
22340,4927,8
22341,4927,8
22342,4922,8
22343,4909,8
22344,4927,8
22345,4927,8
22346,4927,8
22347,4927,8
22348,4933,8
22349,4933,8
22350,4933,8
22351,4922,8
22352,4933,8
22353,4933,8
22354,4931,8
22355,4931,8
22356,4931,8
22357,4931,8
22358,4931,8
22359,4931,8
22360,4931,8
22361,4931,8
22362,4931,8
22363,4930,8
22364,4930,8
22365,4930,8
22366,4930,8
22367,4909,8
22368,4891,8
22369,4873,8
22370,4897,8
22371,4897,8
22372,4897,8
22373,4888,8
22374,4897,8
22375,4888,8
22376,4885,8
22377,4897,8
22378,4886,8
22379,4885,8
22380,4892,8
22381,4888,8
22382,4885,8
22383,4909,8
22384,4883,8
22385,4885,8
22386,4885,8
22387,4886,8
22388,4886,8
22389,4892,8
22390,4892,8
22391,4886,8
22392,4886,8
22393,4892,8
22394,4892,8
22395,4897,8
22396,4892,8
22397,4892,8
22398,4896,8
22399,4884,8
22400,4892,8
22401,4892,8
22402,4892,8
22403,4896,8
22404,4896,8
22405,4884,8
22406,4896,8
22407,4896,8
22408,4884,8
22409,4884,8
22410,4896,8
22411,4884,8
22412,4884,8
22413,4939,8
22414,4939,8
22415,4939,8
22416,4939,8
22417,4945,8
22418,4947,8
22419,4939,8
22420,4947,8
22421,4947,8
22422,4947,8
22423,4942,8
22424,4942,8
22425,4939,8
22426,4944,8
22427,4941,8
22428,4852,8
22429,4848,8
22430,4837,8
22431,4848,8
22432,4862,8
22433,4848,8
22434,4848,8
22435,4848,8
22436,4848,8
22437,4829,5
22438,4848,8
22439,4848,8
22440,4829,8
22441,4837,8
22442,4848,8
22443,4862,8
22444,4862,8
22445,4848,8
22446,4848,8
22447,4848,8
22448,4837,8
22449,4862,8
22450,4837,8
22451,4848,8
22452,4828,5
22453,4826,5
22454,4848,8
22455,4869,8
22456,4843,8
22457,4843,8
22458,4869,8
22459,4838,8
22460,4860,8
22461,4860,8
22462,4860,8
22463,4838,8
22464,4838,8
22465,4817,8
22466,4817,8
22467,4810,8
22468,4831,8
22469,4919,8
22470,4919,8
22471,4919,8
22472,4919,8
22473,4895,8
22474,4929,8
22475,4929,8
22476,4919,8
22477,4919,8
22478,4929,8
22479,4929,8
22480,4929,8
22481,4929,8
22482,4919,8
22483,4919,8
22484,4929,8
22485,4929,8
22486,4895,8
22487,4929,8
22488,4929,8
22489,4929,8
22490,4895,8
22491,4895,8
22492,4925,8
22493,4908,8
22494,4925,8
22495,4925,8
22496,4925,8
22497,4908,8
22498,4925,8
22499,4925,8
22500,4925,8
22501,4918,8
22502,4915,8
22503,4925,8
22504,4925,8
22505,4925,8
22506,4925,8
22507,4918,8
22508,4918,8
22509,4925,8
22510,4925,8
22511,4918,8
22512,4926,8
22513,4926,8
22514,4926,8
22515,4923,8
22516,4923,8
22517,4916,8
22518,4923,8
22519,4923,8
22520,4916,8
22521,4916,8
22522,4910,8
22523,4910,8
22524,4910,8
22525,4910,8
22526,4913,8
22527,4913,8
22528,4923,8
22529,4923,8
22530,4913,8
22531,4913,8
22532,4923,8
22533,4916,8
22534,4913,8
22535,4913,8
22536,4913,8
22537,4926,8
22538,4926,8
22539,4926,8
22540,4926,8
22541,4916,8
22542,4916,8
22543,4916,8
22544,4913,8
22545,4913,8
22546,4926,8
22547,4926,8
22548,4926,8
22549,4926,8
22550,4926,8
22551,4913,8
22552,4913,8
22553,4926,8
22554,4926,8
22555,4926,8
22556,4926,8
22557,4926,8
22558,4934,8
22559,4926,8
22560,4926,8
22561,4926,8
22562,4934,8
22563,4920,8
22564,4926,8
22565,4934,8
22566,4934,8
22567,4934,8
22568,4923,8
22569,4877,8
22570,4877,8
22571,4877,8
22572,4877,8
22573,4877,8
22574,4835,8
22575,4842,8
22576,4842,8
22577,4835,8
22578,4864,8
22579,4864,8
22580,4864,8
22581,4835,8
22582,4835,8
22583,4864,8
22584,4835,8
22585,4842,8
22586,4864,8
22587,4864,8
22588,4868,8
22589,4850,8
22590,4842,8
22591,4868,8
22592,4868,8
22593,4822,8
22594,4840,8
22595,4840,8
22596,4853,8
22597,4868,8
22598,4840,8
22599,4853,8
22600,4853,8
22601,4840,8
22602,4853,8
22603,4840,8
22604,4853,8
22605,4868,8
22606,4853,8
22607,4840,8
22608,4853,8
22609,4840,8
22610,4840,8
22611,4840,8
22612,4840,8
22613,4899,8
22614,4899,8
22615,4894,8
22616,4928,8
22617,4928,8
22618,4928,8
22619,4928,8
22620,4928,8
22621,4928,8
22622,4903,8
22623,4891,8
22624,4935,8
22625,4924,8
22626,4935,8
22627,4935,8
22628,4922,8
22629,4927,8
22630,4935,8
22631,4927,8
22632,4922,8
22633,4922,8
22634,4927,8
22635,4933,8
22636,4931,8
22637,4931,8
22638,4931,8
22639,4931,8
22640,4931,8
22641,4931,8
22642,4931,8
22643,4930,8
22644,4930,8
22645,4909,8
22646,4903,8
22647,4894,8
22648,4894,8
22649,4928,8
22650,4928,8
22651,4877,8
22652,4877,8
22653,4888,8
22654,4897,8
22655,4873,8
22656,4897,8
22657,4892,8
22658,4883,8
22659,4886,8
22660,4883,8
22661,4886,8
22662,4897,8
22663,4873,8
22664,4883,8
22665,4857,8
22666,4875,8
22667,4892,8
22668,4883,8
22669,4892,8
22670,4875,8
22671,4896,8
22672,4892,8
22673,4884,8
22674,4892,8
22675,4896,8
22676,4896,8
22677,4892,8
22678,4884,8
22679,4896,8
22680,4884,8
22681,4896,8
22682,4896,8
22683,4884,8
22684,4884,8
22685,4884,8
22686,4884,8
22687,4897,8
22688,4931,8
22689,4931,8
22690,4939,8
22691,4939,8
22692,4945,8
22693,4930,8
22694,4947,8
22695,4947,8
22696,4944,8
22697,4947,8
22698,4947,8
22699,4939,8
22700,4944,8
22701,4944,8
22702,4941,8
22703,4941,8
22704,4941,8
22705,4939,8
22706,4852,8
22707,4852,8
22708,4852,8
22709,4852,8
22710,4852,8
22711,4848,8
22712,4862,8
22713,4848,8
22714,4862,8
22715,4862,8
22716,4862,8
22717,4862,8
22718,4862,8
22719,4862,8
22720,4862,8
22721,4829,5
22722,4848,8
22723,4848,8
22724,4848,8
22725,4862,8
22726,4848,8
22727,4848,8
22728,4848,8
22729,4848,8
22730,4862,8
22731,4848,8
22732,4869,8
22733,4869,8
22734,4869,8
22735,4869,8
22736,4869,8
22737,4869,8
22738,4869,8
22739,4869,8
22740,4869,8
22741,4869,8
22742,4869,8
22743,4843,8
22744,4843,8
22745,4838,8
22746,4860,8
22747,4838,8
22748,4860,8
22749,4845,8
22750,4831,8
22751,4845,8
22752,4845,8
22753,4845,8
22754,4831,8
22755,4845,8
22756,4831,8
22757,4834,8
22758,4752,5
22759,4762,5
22760,4762,5
22761,4764,5
22762,4775,5
22763,4756,5
22764,4781,5
22765,4781,5
22766,4751,5
22767,4781,5
22768,4807,5
22769,4817,5
22770,4825,5
22771,4807,5
22772,4817,5
22773,4817,5
22774,4817,5
22775,4760,5
22776,4768,5
22777,4768,5
22778,4777,5
22779,4777,5
22780,4790,5
22781,4795,5
22782,4793,5
22783,4802,5
22784,4802,5
22785,4804,5
22786,4785,5
22787,4785,5
22788,4796,5
22789,4812,5
22790,4796,5
22791,4779,5
22792,4799,5
22793,4788,5
22794,4834,5
22795,4794,5
22796,4834,5
22797,4813,5
22798,4813,5
22799,4834,5
22800,4821,5
22801,4810,5
22802,4810,5
22803,4810,5
22804,4810,5
22805,4827,5
22806,4810,5
22807,4751,5
22808,4751,5
22809,4827,5
22810,4792,5
22811,4792,5
22812,4827,5
22813,4792,5
22814,4766,5
22815,4811,5
22816,4766,5
22817,4766,5
22818,4811,5
22819,4766,5
22820,4766,5
22821,4774,5
22822,4774,5
22823,4774,5
22824,4794,5
22825,4794,5
22826,4692,5
22827,4628,5
22828,4645,5
22829,4599,5
22830,4645,5
22831,4680,5
22832,4720,5
22833,4645,5
22834,4645,5
22835,4680,5
22836,4680,5
22837,4626,5
22838,4644,5
22839,4655,5
22840,4643,5
22841,4724,5
22842,4742,5
22843,4715,5
22844,4691,5
22845,4838,8
22846,4762,5
22847,4764,5
22848,4775,5
22849,4764,5
22850,4756,5
22851,4756,5
22852,4781,5
22853,4781,5
22854,4756,5
22855,4756,5
22856,4751,5
22857,4807,5
22858,4825,5
22859,4807,5
22860,4817,5
22861,4800,5
22862,4800,5
22863,4800,5
22864,4800,5
22865,4832,5
22866,4832,5
22867,4832,5
22868,4832,5
22869,4823,5
22870,4825,5
22871,4825,5
22872,4825,5
22873,4823,5
22874,4825,5
22875,4825,5
22876,4817,5
22877,4777,5
22878,4780,5
22879,4780,5
22880,4778,5
22881,4778,5
22882,4790,5
22883,4795,5
22884,4803,5
22885,4791,5
22886,4798,5
22887,4791,5
22888,4798,5
22889,4784,5
22890,4789,5
22891,4802,5
22892,4789,5
22893,4793,5
22894,4789,5
22895,4802,5
22896,4802,5
22897,4797,5
22898,4804,5
22899,4816,5
22900,4816,5
22901,4804,5
22902,4804,5
22903,4804,5
22904,4785,5
22905,4820,5
22906,4820,5
22907,4785,5
22908,4785,5
22909,4785,5
22910,4785,5
22911,4820,5
22912,4785,5
22913,4796,5
22914,4796,5
22915,4812,5
22916,4769,5
22917,4796,5
22918,4812,5
22919,4812,5
22920,4799,5
22921,4806,5
22922,4796,5
22923,4779,5
22924,4769,5
22925,4806,5
22926,4769,5
22927,4769,5
22928,4788,5
22929,4769,5
22930,4820,5
22931,4820,5
22932,4820,5
22933,4820,5
22934,4794,5
22935,4834,5
22936,4834,5
22937,4787,5
22938,4834,5
22939,4834,5
22940,4821,5
22941,4821,5
22942,4810,5
22943,4810,5
22944,4810,5
22945,4810,5
22946,4827,5
22947,4810,5
22948,4810,5
22949,4751,5
22950,4751,5
22951,4827,5
22952,4827,5
22953,4827,5
22954,4766,5
22955,4811,5
22956,4827,5
22957,4827,5
22958,4811,5
22959,4766,5
22960,4811,5
22961,4834,5
22962,4774,5
22963,4774,5
22964,4794,5
22965,4794,5
22966,4794,5
22967,4834,5
22968,4794,5
22969,4813,5
22970,4765,5
22971,4648,5
22972,4630,5
22973,4628,5
22974,4720,5
22975,4645,5
22976,4692,5
22977,4680,5
22978,4720,5
22979,4720,5
22980,4599,5
22981,4562,5
22982,4720,5
22983,4644,5
22984,4644,5
22985,4643,5
22986,4643,5
22987,4643,5
22988,4626,5
22989,4724,5
22990,4742,5
22991,4742,5
22992,4713,5
22993,4742,5
22994,4713,5
22995,4713,5
22996,4742,5
22997,4742,5
22998,4742,5
22999,4713,5
23000,4713,5
23001,4689,5
23002,4689,5
23003,4713,5
23004,4687,5
23005,4667,5
23006,4691,5
23007,4691,5
23008,4691,5
23009,284,6
23010,222,6
23011,249,6
23012,249,6
23013,284,6
23014,171,6
23015,379,6
23016,389,6
23017,175,6
23018,204,6
23019,336,6
23020,336,6
23021,402,6
23022,276,6
23023,276,6
23024,276,6
23025,276,6
23026,382,6
23027,382,6
23028,301,6
23029,301,6
23030,425,6
23031,1232,6
23032,4216,7
23033,181,6
23034,710,6
23035,3879,7
23036,284,6
23037,284,6
23038,379,6
23039,379,6
23040,319,6
23041,319,6
23042,379,6
23043,294,6
23044,294,6
23045,171,6
23046,389,6
23047,389,6
23048,294,6
23049,389,6
23050,166,6
23051,326,6
23052,431,6
23053,389,6
23054,431,6
23055,187,6
23056,166,6
23057,326,6
23058,431,6
23059,391,6
23060,207,6
23061,187,6
23062,178,6
23063,178,6
23064,192,6
23065,336,6
23066,468,6
23067,468,6
23068,276,6
23069,465,6
23070,276,6
23071,276,6
23072,338,6
23073,402,6
23074,338,6
23075,442,6
23076,276,6
23077,276,6
23078,276,6
23079,442,6
23080,276,6
23081,426,6
23082,426,6
23083,301,6
23084,339,6
23085,339,6
23086,301,6
23087,426,6
23088,339,6
23089,301,6
23090,339,6
23091,339,6
23092,339,6
23093,426,6
23094,301,6
23095,425,6
23096,339,6
23097,425,6
23098,425,6
23099,425,6
23100,426,6
23101,426,6
23102,4041,7
23103,1042,6
23104,103,6
23105,1480,6
23106,4772,5
23107,4747,5
23108,543,6
23109,4818,5
23110,1587,7
23111,899,7
23112,4668,5
23113,4758,5
23114,246,6
23115,3678,7
23116,4815,5
23117,3585,7
23118,1456,7
23119,346,6
23120,346,6
23121,4451,5
23122,4430,5
23123,3056,7
23124,1316,7
23125,3056,7
23126,1329,7
23127,3094,7
23128,524,7
23129,2675,7
23130,2719,7
23131,647,7
23132,819,7
23133,3501,7
23134,3409,7
23135,3533,7
23136,3116,7
23137,2319,7
23138,2369,7
23139,4753,5
23140,4741,5
23141,4473,7
23142,3368,7
23143,3368,7
23144,1903,7
23145,256,6
23146,200,6
23147,256,6
23148,4847,8
23149,3289,7
23150,4878,8
23151,179,6
23152,2301,7
23153,2301,7
23154,2301,7
23155,2301,7
23156,4560,5
23157,4708,5
23158,3351,7
23159,3032,7
23160,984,7
23161,2301,7
23162,2376,7
23163,2301,7
23164,2301,7
23165,2301,7
23166,2301,7
23167,2279,7
23168,2301,7
23169,2301,7
23170,2301,7
23171,2301,7
23172,2376,7
23173,2475,7
23174,2376,7
23175,2376,7
23176,4645,5
23177,171,6
23178,171,6
23179,171,6
23180,2033,7
23181,2166,7
23182,2166,7
23183,2033,7
23184,1222,7
23185,1269,7
23186,244,6
23187,212,6
23188,136,6
23189,147,6
23190,1107,6
23191,349,6
23192,2473,7
23193,4589,5
23194,4560,5
23195,4560,5
23196,4560,5
23197,4560,5
23198,4560,5
23199,4560,5
23200,4560,5
23201,946,7
23202,946,7
23203,984,7
23204,984,7
23205,984,7
23206,689,7
23207,656,7
23208,689,7
23209,149,6
23210,149,6
23211,181,6
23212,181,6
23213,181,6
23214,181,6
23215,195,6
23216,195,6
23217,195,6
23218,160,6
23219,170,6
23220,160,6
23221,160,6
23222,160,6
23223,227,6
23224,176,6
23225,162,6
23226,162,6
23227,257,6
23228,181,6
23229,170,6
23230,160,6
23231,160,6
23232,227,6
23233,198,6
23234,198,6
23235,162,6
23236,161,6
23237,161,6
23238,176,6
23239,199,6
23240,199,6
23241,199,6
23242,199,6
23243,199,6
23244,197,6
23245,197,6
23246,534,6
23247,438,6
23248,322,6
23249,760,7
23250,534,6
23251,534,6
23252,438,6
23253,620,7
23254,624,7
23255,620,7
23256,168,6
23257,168,6
23258,186,6
23259,120,6
23260,120,6
23261,115,6
23262,91,6
23263,91,6
23264,109,6
23265,82,6
23266,115,6
23267,119,6
23268,119,6
23269,91,6
23270,97,6
23271,97,6
23272,109,6
23273,270,6
23274,270,6
23275,240,6
23276,220,6
23277,230,6
23278,240,6
23279,252,6
23280,277,6
23281,230,6
23282,230,6
23283,230,6
23284,230,6
23285,230,6
23286,252,6
23287,252,6
23288,239,6
23289,352,6
23290,352,6
23291,352,6
23292,388,6
23293,388,6
23294,406,6
23295,352,6
23296,352,6
23297,352,6
23298,352,6
23299,424,6
23300,388,6
23301,371,6
23302,371,6
23303,269,6
23304,269,6
23305,278,6
23306,281,6
23307,281,6
23308,239,6
23309,253,6
23310,253,6
23311,253,6
23312,253,6
23313,454,6
23314,264,6
23315,264,6
23316,264,6
23317,271,6
23318,271,6
23319,271,6
23320,281,6
23321,330,6
23322,330,6
23323,274,6
23324,239,6
23325,261,6
23326,261,6
23327,261,6
23328,261,6
23329,456,6
23330,456,6
23331,456,6
23332,443,6
23333,453,6
23334,456,6
23335,456,6
23336,456,6
23337,453,6
23338,530,6
23339,530,6
23340,453,6
23341,514,6
23342,514,6
23343,521,6
23344,441,6
23345,1851,3
23346,1213,6
23347,1213,6
23348,1213,6
23349,1213,6
23350,1123,6
23351,1213,6
23352,1123,6
23353,1123,6
23354,1522,6
23355,1522,6
23356,1427,6
23357,788,6
23358,690,6
23359,690,6
23360,788,6
23361,972,6
23362,1123,6
23363,972,6
23364,788,6
23365,788,6
23366,3282,7
23367,3791,7
23368,4044,7
23369,3555,7
23370,3704,7
23371,3704,7
23372,3683,7
23373,3585,7
23374,4044,7
23375,3827,7
23376,3827,7
23377,3907,7
23378,3555,7
23379,3368,7
23380,3533,7
23381,3426,7
23382,3426,7
23383,4473,7
23384,4473,7
23385,4557,5
23386,4623,5
23387,4623,5
23388,4547,5
23389,4547,5
23390,4357,5
23391,4474,5
23392,4557,5
23393,4557,5
23394,4623,5
23395,4547,5
23396,4474,5
23397,4474,5
23398,4474,5
23399,4620,5
23400,4651,5
23401,4736,5
23402,4736,5
23403,4719,5
23404,4653,5
23405,4653,5
23406,4710,5
23407,4708,5
23408,4642,5
23409,4651,5
23410,4473,5
23411,4473,5
23412,4653,5
23413,4719,5
23414,4686,5
23415,4737,8
23416,4737,8
23417,4380,5
23418,4442,5
23419,4380,5
23420,4319,5
23421,4319,5
23422,4442,5
23423,4368,5
23424,4368,5
23425,4538,5
23426,4593,5
23427,4436,5
23428,4256,5
23429,4396,5
23430,4347,5
23431,4403,5
23432,4368,5
23433,4491,5
23434,4538,5
23435,4593,5
23436,4617,5
23437,4347,5
23438,4347,5
23439,4446,5
23440,4414,5
23441,4414,5
23442,4446,5
23443,4641,5
23444,4459,5
23445,4672,5
23446,4612,5
23447,4652,5
23448,4652,5
23449,4657,5
23450,4673,5
23451,4663,5
23452,4682,5
23453,4682,5
23454,4675,5
23455,4674,5
23456,4674,5
23457,4674,5
23458,4707,5
23459,4697,5
23460,4704,5
23461,4727,5
23462,4727,5
23463,4706,5
23464,4705,5
23465,4686,5
23466,4681,5
23467,4641,5
23468,4615,5
23469,4612,5
23470,4541,5
23471,4646,5
23472,4675,5
23473,4665,5
23474,4675,5
23475,4670,5
23476,4670,5
23477,4670,5
23478,4695,5
23479,4704,5
23480,4704,5
23481,4704,5
23482,4727,5
23483,4727,5
23484,4696,5
23485,4696,5
23486,4696,5
23487,4696,5
23488,4708,5
23489,4681,5
23490,4273,5
23491,4328,5
23492,4334,5
23493,4334,5
23494,4316,5
23495,4351,5
23496,4377,5
23497,4307,5
23498,4346,5
23499,4376,5
23500,4330,5
23501,4346,5
23502,4330,5
23503,4318,5
23504,4348,5
23505,4430,5
23506,4410,5
23507,4493,5
23508,4493,5
23509,4493,5
23510,4486,5
23511,4486,5
23512,4616,5
23513,4600,5
23514,4576,5
23515,4529,5
23516,4529,5
23517,4576,5
23518,4458,5
23519,4430,5
23520,4430,5
23521,4430,5
23522,4397,5
23523,4428,5
23524,4616,5
23525,4600,5
23526,4576,5
23527,4423,5
23528,4423,5
23529,4423,5
23530,4423,5
23531,4422,5
23532,4422,5
23533,4822,8
23534,4822,8
23535,4787,5
23536,4787,5
23537,4765,5
23538,4581,5
23539,4599,5
23540,4599,5
23541,4598,5
23542,4598,5
23543,4598,5
23544,4626,5
23545,4640,5
23546,4742,5
23547,4787,5
23548,4821,5
23549,4787,5
23550,4786,5
23551,4599,5
23552,4431,5
23553,4598,5
23554,4526,5
23555,4526,5
23556,4644,5
23557,4691,5
23558,4659,5
23559,160,6
23560,172,6
23561,170,6
23562,113,6
23563,110,6
23564,280,6
23565,278,6
23566,280,6
23567,280,6
23568,2087,7
23569,2087,7
23570,3052,7
23571,3115,7
23572,4938,8
23573,4920,8
23574,4898,8
23575,4904,8
23576,4937,8
23577,4938,8
23578,4938,8
23579,4938,8
23580,4938,8
23581,4938,8
23582,4938,8
23583,4938,8
23584,4938,8
23585,4938,8
23586,4938,8
23587,4938,8
23588,4938,8
23589,4938,8
23590,4938,8
23591,4938,8
23592,4938,8
23593,4938,8
23594,4938,8
23595,4938,8
23596,4938,8
23597,4938,8
23598,4938,8
23599,4938,8
23600,4887,8
23601,4895,8
23602,4929,8
23603,4929,8
23604,4911,8
23605,4890,8
23606,4921,8
23607,4897,8
23608,4897,8
23609,4875,8
23610,4875,8
23611,4875,8
23612,4892,8
23613,4892,8
23614,3979,7
23615,3979,7
23616,4150,7
23617,4150,7
23618,3948,7
23619,4150,7
23620,3802,7
23621,3533,7
23622,3030,7
23623,3137,7
23624,3127,7
23625,3137,7
23626,3127,7
23627,3092,7
23628,3081,7
23629,3092,7
23630,3081,7
23631,3042,7
23632,3030,7
23633,3269,7
23634,3269,7
23635,3269,7
23636,3269,7
23637,3269,7
23638,3269,7
23639,3269,7
23640,3269,7
23641,3264,7
23642,3264,7
23643,3264,7
23644,3264,7
23645,3264,7
23646,3264,7
23647,3214,7
23648,3214,7
23649,3214,7
23650,3214,7
23651,3271,7
23652,3271,7
23653,3271,7
23654,3214,7
23655,3271,7
23656,3214,7
23657,3271,7
23658,3242,7
23659,3242,7
23660,3317,7
23661,3317,7
23662,3317,7
23663,3323,7
23664,3242,7
23665,3323,7
23666,3251,7
23667,3251,7
23668,3306,7
23669,3333,7
23670,3333,7
23671,3333,7
23672,3333,7
23673,291,6
23674,291,6
23675,291,6
23676,291,6
23677,291,6
23678,291,6
23679,286,6
23680,307,6
23681,307,6
23682,307,6
23683,286,6
23684,286,6
23685,307,6
23686,286,6
23687,307,6
23688,4363,5
23689,4363,5
23690,2737,2
23691,2124,2
23692,2124,2
23693,2169,2
23694,689,7
23695,4634,5
23696,115,6
23697,109,6
23698,109,6
23699,631,3
23700,521,6
23701,479,6
23702,536,6
23703,564,6
23704,1213,6
23705,2181,3
23706,4620,5
23707,4686,5
23708,4695,5
23709,4547,5
23710,4547,5
23711,4557,5
23712,4084,3
23713,3833,3
23714,4682,5
23715,4473,7
23716,4100,7
23717,4100,7
23718,3828,7
23719,3907,7
23720,3995,7
23721,3995,7
23722,3704,7
23723,4101,7
23724,3907,7
23725,3683,7
23726,3844,7
23727,3327,7
23728,3327,7
23729,3327,7
23730,3426,7
23731,3683,7
23732,398,3
23733,377,3
23734,1371,3
23735,1513,3
23736,2125,3
23737,2125,3
23738,2679,7
23739,470,3
23740,1405,3
23741,2125,3
23742,1425,3
23743,1411,3
23744,1355,3
23745,398,3
23746,2997,3
23747,439,3
23748,2125,3
23749,1370,3
23750,1910,3
23751,1405,3
23752,17,6
23753,17,6
23754,1405,3
23755,1371,3
23756,1370,3
23757,1334,3
23758,1640,3
23759,2125,3
23760,2125,3
23761,2375,3
23762,2375,3
23763,2375,3
23764,2696,3
23765,2392,3
23766,2997,3
23767,2696,3
23768,2679,3
23769,1824,3
23770,2160,3
23771,1597,3
23772,1468,3
23773,1468,3
23774,2031,3
23775,2546,3
23776,2111,3
23777,3290,3
23778,3225,3
23779,2679,3
23780,2181,3
23781,2679,6
23782,2328,6
23783,2380,7
23784,2490,7
23785,1851,3
23786,1851,3
23787,1851,3
23788,1851,3
23789,1522,6
23790,2181,3
23791,2181,3
23792,2328,6
23793,2328,6
23794,2595,7
23795,2490,7
23796,2490,7
23797,2490,7
23798,2490,7
23799,2490,7
23800,2595,7
23801,2815,7
23802,2815,7
23803,2490,7
23804,2490,7
23805,2490,7
23806,2679,7
23807,3116,7
23808,3116,7
23809,2679,7
23810,3116,7
23811,3116,7
23812,3316,7
23813,3150,3
23814,3021,3
23815,3162,3
23816,2490,7
23817,3683,7
23818,4046,7
23819,3683,7
23820,3683,7
23821,444,3
23822,386,3
23823,377,3
23824,357,3
23825,1026,3
23826,4046,7
23827,2366,2
23828,1600,3
23829,1498,3
23830,766,2
23831,773,2
23832,1498,3
23833,1561,3
23834,4152,5
23835,4152,5
23836,4168,5
23837,1600,3
23838,2974,3
23839,2974,3
23840,2974,3
23841,4204,5
23842,199,6
23843,95,6
23844,106,6
23845,123,6
23846,128,6
23847,170,6
23848,67,6
23849,76,6
23850,72,6
23851,98,6
23852,81,6
23853,139,6
23854,177,6
23855,37,6
23856,150,6
23857,53,6
23858,73,6
23859,150,6
23860,56,6
23861,135,6
23862,93,6
23863,83,6
23864,145,6
23865,69,6
23866,16,6
23867,37,6
23868,37,6
23869,56,6
23870,60,6
23871,66,6
23872,66,6
23873,77,6
23874,77,6
23875,76,6
23876,85,6
23877,84,6
23878,84,6
23879,95,6
23880,69,6
23881,67,6
23882,73,6
23883,111,6
23884,102,6
23885,102,6
23886,78,6
23887,107,6
23888,116,6
23889,116,6
23890,116,6
23891,116,6
23892,138,6
23893,111,6
23894,129,6
23895,129,6
23896,154,6
23897,150,6
23898,150,6
23899,150,6
23900,150,6
23901,37,6
23902,72,6
23903,72,6
23904,93,6
23905,72,6
23906,89,6
23907,89,6
23908,89,6
23909,83,6
23910,98,6
23911,98,6
23912,114,6
23913,114,6
23914,141,6
23915,137,6
23916,135,6
23917,137,6
23918,157,6
23919,153,6
23920,153,6
23921,128,6
23922,128,6
23923,128,6
23924,128,6
23925,128,6
23926,139,6
23927,139,6
23928,160,6
23929,151,6
23930,177,6
23931,177,6
23932,177,6
23933,177,6
23934,224,6
23935,177,6
23936,1065,6
23937,1303,6
23938,1003,6
23939,1303,6
23940,1140,6
23941,221,6
23942,342,6
23943,418,6
23944,342,6
23945,214,6
23946,239,6
23947,239,6
23948,239,6
23949,236,6
23950,216,6
23951,202,6
23952,206,6
23953,221,6
23954,221,6
23955,221,6
23956,136,6
23957,147,6
23958,179,6
23959,185,6
23960,243,6
23961,209,6
23962,163,6
23963,173,6
23964,196,6
23965,196,6
23966,790,7
23967,790,7
23968,256,6
23969,256,6
23970,335,6
23971,394,6
23972,538,6
23973,1088,6
23974,256,6
23975,298,6
23976,505,6
23977,505,6
23978,505,6
23979,488,6
23980,1088,6
23981,1088,6
23982,1088,6
23983,1796,7
23984,1796,7
23985,2132,7
23986,2279,7
23987,1909,7
23988,2424,7
23989,1796,7
23990,2424,7
23991,3070,7
23992,279,6
23993,279,6
23994,276,6
23995,244,6
23996,249,6
23997,296,6
23998,326,6
23999,244,6
24000,279,6
24001,279,6
24002,276,6
24003,276,6
24004,3116,7
24005,256,6
24006,2424,7
24007,2180,7
24008,244,6
24009,326,6
24010,224,6
24011,223,6
24012,718,7
24013,718,7
24014,718,7
24015,220,6
24016,220,6
24017,599,2
24018,599,2
24019,652,2
24020,557,2
24021,557,2
24022,557,2
24023,652,2
24024,652,2
24025,717,2
24026,717,2
24027,893,2
24028,807,2
24029,837,2
24030,96,6
24031,96,6
24032,99,6
24033,69,6
24034,82,6
24035,69,6
24036,51,6
24037,51,6
24038,51,6
24039,51,6
24040,51,6
24041,3116,7
24042,3555,7
24043,3555,7
24044,3555,7
24045,3555,7
24046,14,6
24047,41,6
24048,41,6
24049,41,6
24050,41,6
24051,4909,8
24052,4896,8
24053,4896,8
24054,4909,8
24055,3915,3
24056,3551,7
24057,4875,8
24058,4868,8
24059,4857,8
24060,4864,8
24061,4864,8
24062,4875,8
24063,4875,8
24064,3693,4
24065,53,6
24066,53,6
24067,1368,3
24068,1368,3
24069,1455,3
24070,2306,2
24071,2532,3
24072,1540,3
24073,1509,3
24074,1471,3
24075,1514,3
24076,1514,3
24077,1563,3
24078,1563,3
24079,1549,3
24080,1411,3
24081,3425,2
24082,3425,2
24083,3804,2
24084,3804,2
24085,4588,5
24086,4587,5
24087,3392,4
24088,4661,5
24089,4676,5
24090,4676,5
24091,2421,3
24092,2421,3
24093,2485,3
24094,3402,4
24095,3402,4
24096,2510,3
24097,1494,3
24098,3871,5
24099,3871,5
24100,3875,3
24101,1233,2
24102,1233,2
24103,3443,3
24104,3443,3
24105,141,6
24106,15,6
24107,2111,3
24108,2111,3
24109,2111,3
24110,4006,5
24111,4550,4
24112,4550,4
24113,3738,3
24114,1491,3
24115,1570,3
24116,915,3
24117,479,6
24118,452,6
24119,1118,3
24120,2179,3
24121,2179,3
24122,4086,5
24123,3664,3
24124,3664,3
24125,2241,3
24126,2241,3
24127,1580,3
24128,794,3
24129,3605,2
24130,2905,3
24131,3971,5
24132,3971,5
24133,2862,3
24134,3937,5
24135,3935,5
24136,872,3
24137,2274,3
24138,1913,3
24139,1465,3
24140,2631,3
24141,2991,3
24142,4582,4
24143,3450,3
24144,3450,3
24145,4669,5
24146,473,6
24147,473,6
24148,353,6
24149,399,6
24150,200,6
24151,212,6
24152,167,6
24153,121,6
24154,258,6
24155,258,6
24156,320,6
24157,320,6
24158,322,6
24159,318,6
24160,318,6
24161,318,6
24162,318,6
24163,318,6
24164,414,6
24165,213,6
24166,238,6
24167,218,6
24168,188,6
24169,176,6
24170,176,6
24171,176,6
24172,1386,7
24173,1386,7
24174,1386,7
24175,1343,7
24176,1343,7
24177,1343,7
24178,1343,7
24179,1343,7
24180,1343,7
24181,1429,7
24182,1577,7
24183,1462,6
24184,2132,7
24185,2132,7
24186,1535,7
24187,1426,7
24188,1197,7
24189,1197,7
24190,1378,7
24191,284,6
24192,1767,3
24193,1971,3
24194,2454,3
24195,2467,3
24196,2133,2
24197,4744,5
24198,4744,5
24199,4744,5
24200,4849,8
24201,543,6
24202,543,6
24203,543,6
24204,1414,7
24205,1460,7
24206,1460,7
24207,1414,7
24208,1414,7
24209,1218,7
24210,1241,7
24211,909,6
24212,909,6
24213,4130,7
24214,4153,7
24215,493,7
24216,537,7
24217,594,7
24218,524,7
24219,580,6
24220,512,6
24221,869,7
24222,4621,7
24223,4621,7
24224,3221,7
24225,2085,7
24226,1719,7
24227,1906,7
24228,1719,7
24229,1906,7
24230,1531,7
24231,2294,7
24232,1543,7
24233,1531,7
24234,2368,7
24235,2473,7
24236,2279,7
24237,2279,7
24238,4921,8
24239,4810,5
24240,4827,5
24241,4827,5
24242,207,6
24243,207,6
24244,207,6
24245,207,6
24246,207,6
24247,3225,3
24248,3225,3
24249,3225,3
24250,145,6
24251,171,6
24252,171,6
24253,171,6
24254,171,6
24255,3871,5
24256,3871,5
24257,4718,5
24258,3424,3
24259,3424,3
24260,3715,3
24261,1418,3
24262,1123,3
24263,4878,8
24264,4839,8
24265,4844,8
24266,4839,8
24267,4839,8
24268,4924,8
24269,4935,8
24270,4873,8
24271,3612,4
24272,2725,4
24273,854,3
24274,1180,3
24275,1374,3
24276,263,6
24277,263,6
24278,220,6
24279,373,6
24280,473,6
24281,591,6
24282,1448,2
24283,1470,2
24284,1168,2
24285,3232,2
24286,4868,8
24287,4840,8
24288,4850,8
24289,4840,8
24290,2588,3
24291,2594,3
24292,2594,3
24293,2993,3
24294,2573,3
24295,2566,3
24296,2566,3
24297,3470,7
24298,3221,7
24299,1662,7
24300,1793,7
24301,1880,7
24302,1880,7
24303,1793,7
24304,1793,7
24305,1880,7
24306,1954,7
24307,2492,7
24308,2492,7
24309,1662,7
24310,2085,7
24311,181,6
24312,101,6
24313,31,6
24314,477,6
24315,1031,3
24316,1031,3
24317,3691,5
24318,3683,7
24319,4943,8
24320,4940,8
24321,3039,7
24322,1,99
24323,2,99
24324,3,99
24325,4,99
24326,5,99
24327,6,99
24328,7,99
24329,8,99
24330,9,99
24331,10,99
24332,11,99
24333,12,99